token,class,category,source,approved_at,unknown_id,ranking_score,correct,eval_split
WF18X40,W,,human_approved,2026-07-22T10:32:26.362786+00:00,cfd6295d,,,
A1064,A,,human_approved,2026-07-22T10:40:07.782289+00:00,f949a1b0,,,
A108,A,,human_approved,2026-07-22T10:40:12.451664+00:00,20f0e3a5,,,
HSSCUSTOM99,HSS,,human_approved,2026-07-22T10:42:12.160426+00:00,5b5c62a7,,,
A2,A,,human_approved,2026-07-22T10:42:12.991574+00:00,a7593937,,,
A3,A,,human_approved,2026-07-22T10:42:14.733340+00:00,ba489706,,,
A307,A,,human_approved,2026-07-22T10:42:15.236675+00:00,165a9c86,,,
A325,A,,human_approved,2026-07-22T10:42:15.600129+00:00,e1e3e995,,,
A36,A,,human_approved,2026-07-22T10:42:15.887155+00:00,18d51ab5,,,
A500,A,,human_approved,2026-07-22T10:42:16.143144+00:00,47950ffe,,,
A53,A,,human_approved,2026-07-22T10:42:16.447200+00:00,f98dda4b,,,
A568,A,,human_approved,2026-07-22T10:42:16.761212+00:00,10c044cf,,,
A572,A,,human_approved,2026-07-22T10:42:17.068717+00:00,8086460d,,,
A588,A,,human_approved,2026-07-22T10:42:17.359716+00:00,4e768be2,,,
A6,A,,human_approved,2026-07-22T10:42:17.697106+00:00,884a11a0,,,
A615,A,,human_approved,2026-07-22T10:42:18.010219+00:00,bf05289c,,,
A653,A,,human_approved,2026-07-22T10:42:18.207323+00:00,162958c5,,,
A706,A,,human_approved,2026-07-22T10:42:18.498516+00:00,d1956b0b,,,
A913,A,,human_approved,2026-07-22T10:42:18.820197+00:00,c25116d7,,,
A970,A,,human_approved,2026-07-22T10:42:19.151713+00:00,457f5f0a,,,
A992,A,,human_approved,2026-07-22T10:42:19.476586+00:00,ae46f744,,,
HSS10X0,HSS,,human_approved,2026-07-22T10:42:19.676348+00:00,208ce62c,,,
HSS16X0,HSS,,human_approved,2026-07-22T10:42:19.991844+00:00,c5a5c0b2,,,
HSS18X0,HSS,,human_approved,2026-07-22T10:42:20.346748+00:00,7abce840,,,
L1x1x1/4,L,,human_approved,2026-07-22T10:42:20.515556+00:00,ce0f3877,,,
L4X3,L,,human_approved,2026-07-22T10:42:21.945646+00:00,e5c183b8,,,
L4x4,L,,human_approved,2026-07-22T10:42:22.145126+00:00,018cb43b,,,
L5X3,C,,human_approved,2026-07-22T10:42:22.364542+00:00,573c93ca,,,
L6X3,L,,human_approved,2026-07-22T10:42:22.692810+00:00,b41e36d0,,,
S-001,S,,human_approved,2026-07-22T10:42:23.011437+00:00,89ba915d,,,
S-002,S,,human_approved,2026-07-22T10:42:24.007299+00:00,5720b3ee,,,
S-003,S,,human_approved,2026-07-22T10:42:24.267215+00:00,7a636c3d,,,
S-004,S,,human_approved,2026-07-22T10:42:24.559306+00:00,6d038903,,,
S-111,S,,human_approved,2026-07-22T10:42:24.722613+00:00,815cbf6f,,,
S-112,S,,human_approved,2026-07-22T10:42:24.869477+00:00,4e426b1c,,,
S-113,S,,human_approved,2026-07-22T10:42:25.066111+00:00,4b21f295,,,
S-201,S,,human_approved,2026-07-22T10:42:25.216098+00:00,7481b537,,,
S-202,S,,human_approved,2026-07-22T10:42:25.399018+00:00,7bb396b7,,,
S-203,S,,human_approved,2026-07-22T10:42:25.727968+00:00,19e73553,,,
S-204,S,,human_approved,2026-07-22T10:42:25.920727+00:00,2ff574d5,,,
S-205,S,,human_approved,2026-07-22T10:42:26.118244+00:00,22da513c,,,
S-206,S,,human_approved,2026-07-22T10:42:26.426995+00:00,eaed5214,,,
S-301,S,,human_approved,2026-07-22T10:42:26.693705+00:00,28c1a644,,,
S-311,S,,human_approved,2026-07-22T10:42:26.961842+00:00,0820e24e,,,
S-312,S,,human_approved,2026-07-22T10:42:27.158870+00:00,cc4ed7c8,,,
S-321,S,,human_approved,2026-07-22T10:42:27.340259+00:00,6ccb77f1,,,
S-322,S,,human_approved,2026-07-22T10:42:27.506518+00:00,ac48f858,,,
S-401,S,,human_approved,2026-07-22T10:42:27.825685+00:00,1d4f8f04,,,
S-402,S,,human_approved,2026-07-22T10:42:27.998755+00:00,e50641df,,,
S-403,S,,human_approved,2026-07-22T10:42:28.190434+00:00,7cdca397,,,
S-404,S,,human_approved,2026-07-22T10:42:28.367704+00:00,6545c14f,,,
S-501,S,,human_approved,2026-07-22T10:42:28.728639+00:00,a3430ece,,,
S-502,S,,human_approved,2026-07-22T10:42:28.924363+00:00,eddbee84,,,
S-601,S,,human_approved,2026-07-22T10:42:29.076701+00:00,64899be0,,,
A205,A,,human_approved,2026-07-22T10:46:22.334004+00:00,ea6af1ee,,,
A5,A,,human_approved,2026-07-22T10:46:23.498269+00:00,a66630f3,,,
HSS10x10,HSS,,human_approved,2026-07-22T10:46:29.218115+00:00,97f1c910,,,
HSS3x3,HSS,,human_approved,2026-07-22T10:46:30.051040+00:00,d81bce6a,,,
HSS6x8x1/2,HSS,,human_approved,2026-07-22T10:46:30.735137+00:00,bbc42c9c,,,
HSS8X8,HSS,,human_approved,2026-07-22T10:46:32.639116+00:00,aec23a96,,,
A2280,A,,human_approved,2026-07-22T10:46:37.273064+00:00,3c8357d8,,,
A29,A,,human_approved,2026-07-22T10:46:38.521679+00:00,d2725a1d,,,
A416,A,,human_approved,2026-07-22T10:46:39.652187+00:00,02e0b033,,,
A446,A,,human_approved,2026-07-22T10:46:40.493522+00:00,7f3d2601,,,
A490,A,,human_approved,2026-07-22T10:46:41.314923+00:00,e76ca4dd,,,
A563,A,,human_approved,2026-07-22T10:48:02.648220+00:00,f8bcfc9a,,,
A959,A,,human_approved,2026-07-22T10:48:06.378661+00:00,80fb611c,,,
HSS5x5,HSS,,human_approved,2026-07-22T10:48:07.142994+00:00,2580418b,,,
L18x12x3/8,L,,human_approved,2026-07-22T10:48:07.813937+00:00,b5536f4d,,,
S-101,S,,human_approved,2026-07-22T10:49:29.901538+00:00,d67a9453,,,
S-102,S,,human_approved,2026-07-22T10:49:33.563194+00:00,4b7646bd,,,
S-103,S,,human_approved,2026-07-22T10:49:39.107587+00:00,c3d8a74b,,,
S-104,S,,human_approved,2026-07-22T10:49:39.934810+00:00,aa2f244b,,,
S-207,S,,human_approved,2026-07-22T10:49:40.654950+00:00,77a33aa7,,,
S-208,S,,human_approved,2026-07-22T10:49:41.509446+00:00,5afdd9d7,,,
W14X198,W,,human_approved,2026-07-22T10:49:48.470911+00:00,c65eadf2,,,
A153,A,,human_approved,2026-07-22T10:50:53.332578+00:00,82fd2233,,,
A496,A,,human_approved,2026-07-22T10:50:54.596449+00:00,10982610,,,
A525,A,,human_approved,2026-07-22T10:50:55.381137+00:00,915c6db6,,,
A775,A,,human_approved,2026-07-22T10:50:56.137642+00:00,9cf7275b,,,
A780,A,,human_approved,2026-07-22T10:50:57.217278+00:00,475f1a64,,,
HSS12x12,HSS,,human_approved,2026-07-22T10:51:02.443922+00:00,42fc9952,,,
HSS14x0,HSS,,human_approved,2026-07-22T10:51:03.098885+00:00,28ecad3b,,,
HSS14x10,HSS,,human_approved,2026-07-22T10:51:03.771511+00:00,7b690acb,,,
HSS14x14,HSS,,human_approved,2026-07-22T10:51:04.634309+00:00,4c0b6d51,,,
HSS6x6,HSS,,human_approved,2026-07-22T10:51:05.537045+00:00,690316da,,,
HSS8X6,HSS,,human_approved,2026-07-22T10:51:06.196835+00:00,d5849361,,,
HSS8x4,HSS,,human_approved,2026-07-22T10:51:07.366619+00:00,65c405e0,,,
L6x4x1/4,L,,human_approved,2026-07-22T10:51:15.563528+00:00,e9ece82c,,,
L7x7x1/2,L,,human_approved,2026-07-22T10:51:16.125267+00:00,5e912be4,,,
W18x36,W,,human_approved,2026-07-22T10:51:16.682079+00:00,32341fff,,,
S-000,S,,human_approved,2026-07-22T10:54:39.758503+00:00,21302e9d,,,
S-005,S,,human_approved,2026-07-22T10:54:40.961895+00:00,e0c61231,,,
S-100,S,,human_approved,2026-07-22T10:54:41.541707+00:00,8c488f38,,,
S-105,S,,human_approved,2026-07-22T10:54:41.914374+00:00,956b6519,,,
S-200,S,,human_approved,2026-07-22T10:54:42.105601+00:00,c8ecf86f,,,
S-300,S,,human_approved,2026-07-22T10:54:42.603637+00:00,eafe4d63,,,
S-302,S,,human_approved,2026-07-22T10:54:43.097923+00:00,60a2a3d6,,,
S-400,S,,human_approved,2026-07-22T10:54:43.313137+00:00,4b0d0cb3,,,
S-500,S,,human_approved,2026-07-22T10:54:43.601218+00:00,4ec9c250,,,
S-600,S,,human_approved,2026-07-22T10:54:43.915717+00:00,b350ea90,,,
S-700,S,,human_approved,2026-07-22T10:54:44.070979+00:00,4156c923,,,
S-701,S,,human_approved,2026-07-22T10:54:44.383285+00:00,f3bb196e,,,
S-710,S,,human_approved,2026-07-22T10:54:44.551774+00:00,6c7a655b,,,
S-711,S,,human_approved,2026-07-22T10:54:45.285567+00:00,f3e0441d,,,
S-800,S,,human_approved,2026-07-22T10:54:46.333112+00:00,ebec8837,,,
HSS12X4,HSS,,human_approved,2026-07-22T10:56:14.850977+00:00,7633cf1d,,,
HSS4x0,HSS,,human_approved,2026-07-22T10:58:54.276418+00:00,44e5e6a1,,,
HSS6X0,HSS,,human_approved,2026-07-22T10:59:07.319738+00:00,ed80baac,,,
L5x5x1/4,L,,human_approved,2026-07-22T10:59:07.812651+00:00,971e7ce3,,,
S-121,S,,human_approved,2026-07-22T10:59:08.242998+00:00,910b722c,,,
S-122,S,,human_approved,2026-07-22T10:59:08.660005+00:00,b3ff63ce,,,
S-123,S,,human_approved,2026-07-22T10:59:09.035467+00:00,b85060a0,,,
S-124,S,,human_approved,2026-07-22T10:59:09.495441+00:00,93b583d1,,,
S-131,S,,human_approved,2026-07-22T10:59:09.887433+00:00,b01c47c7,,,
S-132,S,,human_approved,2026-07-22T10:59:10.358301+00:00,f44d49e6,,,
S-141,S,,human_approved,2026-07-22T10:59:10.777503+00:00,41f44f78,,,
S-142,S,,human_approved,2026-07-22T10:59:11.218233+00:00,9ea9e115,,,
S-209,S,,human_approved,2026-07-22T10:59:12.239596+00:00,8675a6ec,,,
S-313,S,,human_approved,2026-07-22T10:59:13.409824+00:00,c0928292,,,
WF99X99,A,material,human_review,2026-07-22T14:06:33.273003+00:00,f134aba2-a0ca-4030-8930-82b6afd28919,,,
A992,A992,material,human_review,2026-07-22T14:06:37.469644+00:00,9b01bee2-6a50-4b21-8988-54f921ee6269,,,
A123,A123,material,human_review,2026-07-22T14:06:47.211264+00:00,4de4737c-5ecf-40f1-a65e-f013f7489f1e,,,
A205,A205,material,human_review,2026-07-22T14:06:52.597739+00:00,6faf3985-fa82-4834-9807-607f65884467,,,
A307,A307,bolt,human_review,2026-07-23T08:33:14.958803+00:00,854d5446-f2fb-444e-92ba-ee5a90d63232,,,
A325,A325,bolt,human_review,2026-07-23T08:33:23.037405+00:00,29ce9b9a-529c-49be-a524-8e94586cabfc,,,
A36,A36,material,human_review,2026-07-23T08:33:32.892940+00:00,9f7473b1-8866-4379-9c1a-3daaa042f44b,,,
A5,A,material,human_review,2026-07-23T08:34:08.590112+00:00,3d584bd3-3c54-4a37-b5ce-22e761c9cde9,,,
A572,A572,material,human_review,2026-07-23T08:34:17.446124+00:00,0e0e9370-f05e-4636-9e88-fbdb94eff806,,,
HSS10x10,HSS,structural_section,human_review,2026-07-23T08:34:34.702985+00:00,6207b4ac-0f35-425e-93ff-c38e10d61634,,,
HSS3x3,HSS,structural_section,human_review,2026-07-23T08:34:38.373084+00:00,0a1a0d88-0415-45de-834b-3498fc1d0739,,,
HSS6x8x1/2,HSS,structural_section,human_review,2026-07-23T08:34:45.004627+00:00,16584a94-05df-418c-9c0e-06a72a64b0c8,,,
HSS8X8,HSS,structural_section,human_review,2026-07-23T08:34:47.894980+00:00,62a8b5d5-28a5-4d14-b722-1bebc87fc353,,,
A615,A615,bolt,human_review,2026-07-23T10:23:02.646476+00:00,4fddfc69-f2e9-47cf-acb2-3f0903343e13,,,
S-000,S,structural_section,human_review,2026-07-23T10:23:05.422064+00:00,450f9954-6bed-4fe4-aa8c-a407f6a75485,,,
S-001,S,structural_section,human_review,2026-07-23T10:23:10.572598+00:00,e5d738b3-68a6-4636-998d-e8bc07e3fb61,,,
S-002,S,structural_section,human_review,2026-07-23T10:23:15.570246+00:00,7851958c-4d5f-49cc-91da-b03b3900500f,,,
S-003,S,structural_section,human_review,2026-07-23T10:23:18.556486+00:00,25026dd6-d817-4626-8528-97c25f57ea0d,,,
S-004,S,structural_section,human_review,2026-07-23T10:23:20.985080+00:00,aa50e641-ca73-4578-8446-9d4c7abc9211,,,
S-005,S,structural_section,human_review,2026-07-23T10:23:28.322324+00:00,38ecbf86-752a-45d9-8c27-3005f271db26,,,
S-100,S,structural_section,human_review,2026-07-23T10:23:31.248503+00:00,217a81d5-25f5-4df2-a802-d7b2b1a32a68,,,
S-101,S,structural_section,human_review,2026-07-23T10:23:35.834952+00:00,44fcadbd-d5d2-4707-8c0e-ed413eba7ba9,,,
A1064,A1064,bolt,human_review,2026-07-23T11:12:09.414953+00:00,f15e9b70-f07f-472f-a708-379cff9442b8,,,
S-102,S,structural_section,human_review,2026-07-23T11:12:52.010266+00:00,d41bd25e-509c-464d-af95-a73165221dff,,,
S-103,S,structural_section,human_review,2026-07-23T11:12:52.059626+00:00,c8477e67-1c47-4a57-b172-c07030bcee4f,,,
S-104,S,structural_section,human_review,2026-07-23T11:12:52.100401+00:00,25994525-1431-410d-9610-f953316de83a,,,
S-105,S,structural_section,human_review,2026-07-23T11:12:52.136986+00:00,bc2b3121-4794-469d-a992-a041b40fcb54,,,
S-200,S,structural_section,human_review,2026-07-23T11:12:52.191444+00:00,9dc2ab04-e468-4659-88df-3dcef195488f,,,
S-300,S,structural_section,human_review,2026-07-23T11:12:52.227508+00:00,7d8106d3-ba94-440c-a0e8-ee80e86bd2db,,,
S-302,S,structural_section,human_review,2026-07-23T11:12:52.270014+00:00,234ef8fe-1c26-4702-93fa-ce7dc5f44cf4,,,
S-400,S,structural_section,human_review,2026-07-23T11:12:52.304988+00:00,c34946d4-6350-4034-92e5-2ee5a96c5c69,,,
S-500,S,structural_section,human_review,2026-07-23T11:12:52.333301+00:00,e46a1c40-fa8a-45a1-b3fb-0c15073364e2,,,
S-501,S,structural_section,human_review,2026-07-23T11:12:52.368743+00:00,c91b3aa8-f705-4e6c-97cc-b6e221bddd68,,,
S-600,S,structural_section,human_review,2026-07-23T11:12:52.399489+00:00,4d2fc51e-04b2-4378-a0ca-dc03a19f7e02,,,
S-700,S,structural_section,human_review,2026-07-23T11:12:52.423785+00:00,dd82ec74-fdf3-4598-b872-5e8731ba5609,,,
S-701,S,structural_section,human_review,2026-07-23T11:12:52.452610+00:00,c05a2b70-67c7-4524-8c23-f359a09fa74b,,,
S-710,S,structural_section,human_review,2026-07-23T11:12:52.482992+00:00,db7e0843-9b44-42f8-98f8-1812870fe508,,,
S-711,S,structural_section,human_review,2026-07-23T11:12:52.507735+00:00,cd701ce5-e5be-4014-ba58-0222f81490c3,,,
S-800,S,structural_section,human_review,2026-07-23T11:12:52.532222+00:00,26dfddf9-5604-44e2-a225-8ce34b0bd04b,,,
A108,A108,material,human_review,2026-07-23T11:12:52.554381+00:00,68a5f122-11aa-4648-b4f3-7fefe1f78736,,,
A2280,A2280,material,human_review,2026-07-23T11:12:52.575300+00:00,8256e2e2-7760-4716-803a-23d7f97b4969,,,
A29,A29,material,human_review,2026-07-23T11:12:52.605533+00:00,0ac0612b-eb62-4b92-9287-d8caefe87e9f,,,
A416,A416,material,human_review,2026-07-23T11:12:52.625036+00:00,c03fee92-7fa4-4e2b-ad05-b6d038dc7bc0,,,
A446,A446,material,human_review,2026-07-23T11:12:52.648792+00:00,8f5541af-5a05-4574-9018-2ebe389d49e5,,,
A490,A490,bolt,human_review,2026-07-23T11:12:52.797139+00:00,b319d839-39b7-4b7a-933b-ec1262ea8a21,,,
A500,A500,material,human_review,2026-07-23T11:12:52.872962+00:00,284ae0e0-e860-4e9c-ae1d-e67bbc8d2f30,,,
A53,A53,material,human_review,2026-07-23T11:12:52.903426+00:00,f3c78aa6-917e-4ea9-b9aa-4ffaa57b3a9c,,,
A563,A563,bolt,human_review,2026-07-23T11:12:52.930300+00:00,84da5b2e-3997-4510-a03b-ef2e7e7324bf,,,
A653,A653,material,human_review,2026-07-23T11:12:52.958337+00:00,2ad62109-082d-4386-841f-be704d8a035a,,,
A706,A706,material,human_review,2026-07-23T11:12:52.990355+00:00,42be89b2-ddcd-4fc3-b7da-177e5d54399d,,,
A913,A913,material,human_review,2026-07-23T11:12:53.016003+00:00,350ba069-a72e-442e-ba5a-5008da7662c4,,,
A959,A959,material,human_review,2026-07-23T11:12:53.035758+00:00,83a00fb5-49f6-44c5-b087-2cc4ce1d7de5,,,
HSS5x5,HSS,structural_section,human_review,2026-07-23T11:12:53.059860+00:00,1e0ec9fd-2a54-457e-8982-88482d9e1263,,,
L18x12x3/8,L,structural_section,human_review,2026-07-23T11:12:53.082675+00:00,18d2192e-bdf4-4b16-93e7-06993c6e09a0,,,
L5x5,C,structural_section,human_review,2026-07-23T11:12:53.107168+00:00,df361bea-fccb-4918-9f39-e47042962f23,,,
A123,A123,material,human_review,2026-07-23T11:12:53.126383+00:00,41f7585a-acc1-4ae3-8be0-6dc8f0860422,,,
A153,A153,material,human_review,2026-07-23T11:12:53.152275+00:00,94bff9f0-045a-452d-930a-19e560fabd64,,,
A496,A496,material,human_review,2026-07-23T11:12:53.172936+00:00,96fac8c1-8b0b-4e75-969f-97dd2e887508,,,
A525,A525,material,human_review,2026-07-23T11:12:53.191444+00:00,2be84ed3-6c36-4dde-8617-1bb55ceb4990,,,
A775,A775,material,human_review,2026-07-23T11:12:53.214550+00:00,8c73af66-dafd-44ee-8131-f1c19785ad10,,,
A780,A780,material,human_review,2026-07-23T11:12:53.229991+00:00,ecc6f476-e3b2-4bb4-8d12-ceb2cb6bfff6,,,
A992,A992,material,human_review,2026-07-23T11:12:53.251051+00:00,cf88606c-8e61-41a7-8ed1-dff217c2e1bc,,,
HSS12x12,HSS,structural_section,human_review,2026-07-23T11:12:53.269222+00:00,520c1f32-053e-4734-957e-666f9a63d326,,,
HSS14x0,HSS,structural_section,human_review,2026-07-23T11:12:53.286695+00:00,d0ccd004-1c32-417d-87b8-3dbbc853431d,,,
HSS14x10,HSS,structural_section,human_review,2026-07-23T11:12:53.305726+00:00,ed001eb9-3cce-4943-96ff-5e25500a124d,,,
HSS14x14,HSS,structural_section,human_review,2026-07-23T11:12:53.323030+00:00,6185d47c-1fd4-48c6-afcf-8d9b08d0a4ea,,,
HSS6x6,HSS,structural_section,human_review,2026-07-23T11:12:53.340783+00:00,620927cf-f096-481b-bd1f-4d6d6a7e0f44,,,
HSS8X6,HSS,structural_section,human_review,2026-07-23T11:12:53.359362+00:00,30f567f6-f760-424f-94d7-024c80e62dd3,,,
HSS8x4,HSS,structural_section,human_review,2026-07-23T11:12:53.376719+00:00,b00cd730-b4a7-4e21-941b-1c34e56ff430,,,
L2x2x10,L,structural_section,human_review,2026-07-23T11:12:53.393436+00:00,7b769dc9-ec16-4b41-8487-946cc6b97a03,,,
L4x4,L,structural_section,human_review,2026-07-23T11:12:53.414676+00:00,729cdd36-6ce1-4ba6-92fd-2d7de282dc1d,,,
L5x3,L,structural_section,human_review,2026-07-23T11:12:53.434328+00:00,9e1a82d8-8d7c-4543-80ab-4e8c0cc9f379,,,
L6x3,L,structural_section,human_review,2026-07-23T11:12:53.456446+00:00,ea5e1bae-7147-42c4-b013-a668f4a57570,,,
L6x4x1/4,L,structural_section,human_review,2026-07-23T11:12:53.482984+00:00,21d896e8-2ac8-47d6-9823-54802d1deffd,,,
L7x7x1/2,L,structural_section,human_review,2026-07-23T11:12:53.511917+00:00,3105879e-e581-4c49-846e-0159a90e70dc,,,
W18x36,W,structural_section,human_review,2026-07-23T11:12:53.534405+00:00,e41d8e0e-c407-4eb0-84ee-6904d37beb10,,,
A123,A123,bolt,human_review,2026-07-23T11:21:28.447728+00:00,ec40e958-cb30-40f7-b2ea-11bd2cbc4eab,,,
A205,A205,bolt,human_review,2026-07-23T11:21:38.560934+00:00,c28bdee9-383b-4360-ba93-3550471f6227,,,
A307,A307,bolt,human_review,2026-07-23T11:21:42.522078+00:00,6f5789ce-7b25-4702-94b1-5ce1757a316b,,,
A325,A325,bolt,human_review,2026-07-23T11:21:43.933110+00:00,d55f2e09-e84c-46d1-88a3-0f897a42beef,,,
A36,A36,bolt,human_review,2026-07-23T11:21:50.716543+00:00,51cde580-f259-4383-8832-fdadf8a420e9,,,
A5,A,bolt,human_review,2026-07-23T11:21:58.083855+00:00,e84d97a1-2e4a-46d5-9a6a-6458d4d3340d,,,
HSS10x10,HSS,structural_section,human_review,2026-07-23T11:22:07.989112+00:00,89105acf-5206-411c-bd9f-d19a0d77b57f,,,
HSS3x3,HSS,structural_section,human_review,2026-07-23T11:22:09.844433+00:00,673b1279-f5a4-4c98-9ea2-7ed2f33c4130,,,
HSS6x8x1/2,HSS,structural_section,human_review,2026-07-23T11:22:12.143386+00:00,fa0bad9b-8796-4664-b8ee-e31367a666bf,,,
HSS8X8,HSS,structural_section,human_review,2026-07-23T11:22:14.552569+00:00,97627c82-0278-44d1-90f6-c1827ef38c82,,,
S-000,S,structural_section,human_review,2026-07-23T11:22:19.167072+00:00,14314066-9009-4cbd-ba41-5efe6bdc4695,,,
S-001,S,structural_section,human_review,2026-07-23T11:22:20.425392+00:00,6bf32894-2233-42ed-890d-50f687edfd48,,,
S-002,S,structural_section,human_review,2026-07-23T11:22:21.802580+00:00,a9b6b644-fe16-41e7-8ef2-68b823309948,,,
S-003,S,structural_section,human_review,2026-07-23T11:22:23.033728+00:00,a6523dde-cb29-456c-8026-5c6e8ef13bb3,,,
S-004,S,structural_section,human_review,2026-07-23T11:22:23.747337+00:00,6d45ef20-0310-48a1-ac12-f9c432e52dee,,,
S-005,S,structural_section,human_review,2026-07-23T11:22:24.527211+00:00,612ba5b1-883d-4c17-a55e-9d2e58c8b165,,,
S-100,S,structural_section,human_review,2026-07-23T11:22:25.131866+00:00,feda0939-d8c3-429f-b0eb-39406fb3a36a,,,
S-101,S,structural_section,human_review,2026-07-23T11:22:26.156497+00:00,43b091b2-a3f9-4752-9a17-907e069ca548,,,
S-102,S,structural_section,human_review,2026-07-23T11:22:26.654856+00:00,ada2665a-f67e-4f05-ab6e-26eab6967be7,,,
S-103,S,structural_section,human_review,2026-07-23T11:22:27.219459+00:00,e84a8840-5dc7-4240-b935-88a4ace8ec75,,,
S-104,S,structural_section,human_review,2026-07-23T11:22:28.188183+00:00,a75306c7-3224-477d-8fcf-933388bc4ff5,,,
S-105,S,structural_section,human_review,2026-07-23T11:22:28.703551+00:00,67d3badc-fddd-4721-8315-07923352c98d,,,
S-200,S,structural_section,human_review,2026-07-23T11:22:29.305399+00:00,c038d8c8-21e8-4620-af5e-9feb2a4552b7,,,
S-300,S,structural_section,human_review,2026-07-23T11:22:29.807806+00:00,fe274f0e-a0b7-4b8e-a56b-f8c3651e6cd6,,,
S-302,S,structural_section,human_review,2026-07-23T11:22:30.341436+00:00,f1a1de05-eecd-4cff-bca4-23078905e3b5,,,
S-400,S,structural_section,human_review,2026-07-23T11:22:30.804755+00:00,b5efd2bd-fb3b-46e4-b2fb-1b7b2044b3c4,,,
S-500,S,structural_section,human_review,2026-07-23T11:22:31.295240+00:00,c7cc7bb4-7ad3-47bd-a343-3a4e9ff96913,,,
S-501,S,structural_section,human_review,2026-07-23T11:22:31.824315+00:00,0a5b1c6e-4594-4324-a182-09e15395b04b,,,
S-600,S,structural_section,human_review,2026-07-23T11:22:32.280045+00:00,151b0a31-d8a7-4cbd-9717-7bb1dd0d690d,,,
A992,A992,material,human_review,2026-07-23T11:22:34.551101+00:00,235cc976-8eb5-4227-a4c3-763381232e1e,,,
S-700,S,structural_section,human_review,2026-07-23T11:22:36.377565+00:00,c1b6fbaf-0a79-4fb3-91ed-e1945e7088f5,,,
S-701,S,structural_section,human_review,2026-07-23T11:22:38.289176+00:00,38348a9f-83bd-4c9b-8fe9-9fe049f8b1ba,,,
S-710,S,structural_section,human_review,2026-07-23T11:22:39.159903+00:00,8591532f-a445-4002-9c27-a316ce4e9893,,,
S-711,S,structural_section,human_review,2026-07-23T11:22:39.754883+00:00,ac051007-0f5d-4a71-9065-709c56e0b126,,,
S-800,S,structural_section,human_review,2026-07-23T11:22:40.480830+00:00,6e5230be-1b2f-42ad-8900-afca4609609c,,,
A572,A572,bolt,human_review,2026-07-23T11:22:50.678660+00:00,415b627a-b9e7-4ef4-8248-96bd23f84909,,,
A615,A615,bolt,human_review,2026-07-23T11:22:58.904326+00:00,7f6ae59b-e247-4072-80af-995615de4085,,,
A307,A307,bolt,human_review,2026-07-23T11:26:59.524622+00:00,c132c753-6d9e-4f29-b9c1-91a4633c3935,,,
A325,A325,bolt,human_review,2026-07-23T11:27:00.615123+00:00,ac128088-8f6b-4c8f-b146-c90efd0f61a5,,,
A36,A36,bolt,human_review,2026-07-23T11:27:13.451639+00:00,94889c49-a44f-44ba-9e78-a379c0987e8a,,,
A500,A500,bolt,human_review,2026-07-23T11:27:22.967857+00:00,36e572f5-5ff1-4fe2-8170-15fdac3bb4ad,,,
HSS12X4,HSS,structural_section,human_review,2026-07-23T11:27:33.961936+00:00,3744a1bd-adc9-4cea-9faa-ff00171f131d,,,
HSS4x0,HSS,structural_section,human_review,2026-07-23T11:27:35.100318+00:00,524fc732-28cd-4f60-ac36-64be975752ae,,,
HSS6X0,HSS,structural_section,human_review,2026-07-23T11:27:36.857361+00:00,b70b60ee-05a1-491e-916c-38542e5c1390,,,
HSS10X0,HSS,structural_section,human_review,2026-07-23T11:27:38.640069+00:00,754c6d95-f4e6-4667-aea8-b01c6b85a887,,,
HSS6x6,HSS,structural_section,human_review,2026-07-23T11:27:41.058126+00:00,a1f774dd-4442-42c4-9cc7-bbde6371d5f9,,,
HSS8X6,HSS,structural_section,human_review,2026-07-23T11:27:42.428335+00:00,69f8f923-3e8d-46fe-9fb5-7d5d6aa0f2c9,,,
L1x1x1/4,L,structural_section,human_review,2026-07-23T11:27:44.505426+00:00,eca11c08-79ef-4841-934c-0c7dfe173bda,,,
L4X3,L,structural_section,human_review,2026-07-23T11:27:45.569117+00:00,5a585cb4-d052-481b-8651-889d3f09b114,,,
L5X3,L,structural_section,human_review,2026-07-23T11:27:46.624875+00:00,11db8e17-f51e-4b3a-b248-2d49fd7eef14,,,
L5x5x1/4,L,structural_section,human_review,2026-07-23T11:27:47.717512+00:00,99f7027a-4bdc-4590-aa2c-c5da8e0baab6,,,
S-001,S,structural_section,human_review,2026-07-23T11:27:48.925839+00:00,253a71bd-620b-43e1-9d67-5b6e84d346fb,,,
S-002,S,structural_section,human_review,2026-07-23T11:27:50.702817+00:00,37452dee-375e-4d47-8d8d-b70a847ee57f,,,
S-003,S,structural_section,human_review,2026-07-23T11:27:51.889049+00:00,e6141483-ff17-4418-8556-c31c0fbb16d4,,,
S-004,S,structural_section,human_review,2026-07-23T11:27:52.603800+00:00,79f3b7ab-ee17-42b5-819d-c078e048d49c,,,
S-005,S,structural_section,human_review,2026-07-23T11:27:53.907903+00:00,b5b88179-c846-437e-afb1-8b078a51facc,,,
S-111,S,structural_section,human_review,2026-07-23T11:27:54.567610+00:00,2fe3cf6f-f8d8-48a6-8993-f172f358b7e9,,,
S-112,S,structural_section,human_review,2026-07-23T11:27:55.500816+00:00,e0934936-3315-48cd-a6c0-09742b03c03c,,,
S-113,S,structural_section,human_review,2026-07-23T11:27:56.971623+00:00,431af408-cb42-41e4-8ba1-cd9df6d315c3,,,
S-121,S,structural_section,human_review,2026-07-23T11:27:58.212691+00:00,66deb596-82ab-48a7-b4f7-a6fdfb1f23a4,,,
S-122,S,structural_section,human_review,2026-07-23T11:27:59.117533+00:00,9655f4d9-85dc-4c25-bacb-25738ccfb469,,,
S-123,S,structural_section,human_review,2026-07-23T11:27:59.820467+00:00,06f53588-a7d9-4327-8a2e-29c796cc3c3c,,,
S-124,S,structural_section,human_review,2026-07-23T11:28:00.539377+00:00,85b3a769-a916-4996-a170-215eb0d5f720,,,
S-131,S,structural_section,human_review,2026-07-23T11:28:01.243526+00:00,41265ed1-06c0-48b0-b96f-e6b4eab75664,,,
S-132,S,structural_section,human_review,2026-07-23T11:28:01.942985+00:00,972eda8d-9080-41f2-8850-7ee5f8e3902f,,,
S-141,S,structural_section,human_review,2026-07-23T11:28:02.618905+00:00,85ed84bb-b505-4ad8-a0ad-806826b11cb8,,,
S-142,S,structural_section,human_review,2026-07-23T11:28:03.265775+00:00,5197a4ab-eed3-4bad-9a93-e130588124e3,,,
S-200,S,structural_section,human_review,2026-07-23T11:28:03.947556+00:00,e7d96394-8c19-41b0-8dfd-d84f53f276e6,,,
S-201,S,structural_section,human_review,2026-07-23T11:28:04.804157+00:00,ff01a520-ddcf-4c14-928c-9d780fdf38ba,,,
S-202,S,structural_section,human_review,2026-07-23T11:28:05.620561+00:00,45bd98ac-4fbd-47c8-ad66-6c3a56d80d38,,,
S-203,S,structural_section,human_review,2026-07-23T11:28:06.286710+00:00,bd001f02-9a19-4cbb-8887-d1a523ab6045,,,
S-204,S,structural_section,human_review,2026-07-23T11:28:06.976696+00:00,a28cffff-a477-4c9d-9fc7-4ad042aa736b,,,
S-205,S,structural_section,human_review,2026-07-23T11:28:12.334399+00:00,30ca0e32-09c8-44bb-aa2d-4a4aee8ce68d,,,
S-206,S,structural_section,human_review,2026-07-23T11:28:13.622370+00:00,ca6d55f2-4fd4-4c15-9a4e-5d0ce922915e,,,
S-207,S,structural_section,human_review,2026-07-23T11:28:18.191144+00:00,076689a7-e0bb-4baa-bfff-d4f5a72292a9,,,
S-208,S,structural_section,human_review,2026-07-23T11:28:18.936039+00:00,312efb8f-1ee6-4458-ac74-410b1b829059,,,
S-209,S,structural_section,human_review,2026-07-23T11:28:19.800629+00:00,c5d41503-5511-4b25-9852-2b215b36f3d0,,,
S-301,S,structural_section,human_review,2026-07-23T11:28:20.639534+00:00,923e5b16-b97b-489a-9abc-71ef99fa77a8,,,
S-302,S,structural_section,human_review,2026-07-23T11:28:22.141766+00:00,cc45a645-ca65-493c-8991-11ce7410bff0,,,
S-311,S,structural_section,human_review,2026-07-23T11:28:22.785176+00:00,60a0d91c-288c-4aa9-9297-39abf7e000b8,,,
S-312,S,structural_section,human_review,2026-07-23T11:28:23.379565+00:00,a7ea6996-bffb-4299-8806-bc26d4a5b714,,,
S-313,S,structural_section,human_review,2026-07-23T11:28:23.953117+00:00,7aa6ba40-c205-434b-bacc-567c7e834ccf,,,
S-321,S,structural_section,human_review,2026-07-23T11:28:24.508926+00:00,9aa0a901-baf6-4814-8b7b-5689cac55e84,,,
S-322,S,structural_section,human_review,2026-07-23T11:28:25.056227+00:00,03576fc9-e32e-4d85-a7a2-f0d6c83a99e3,,,
S-401,S,structural_section,human_review,2026-07-23T11:28:25.687538+00:00,16f04535-b6cd-4920-be2f-75a00d86e620,,,
S-402,S,structural_section,human_review,2026-07-23T11:28:26.208590+00:00,edec7fea-f5ed-49d7-aefb-03c09fa68998,,,
S-403,S,structural_section,human_review,2026-07-23T11:28:26.956887+00:00,a23b2bd4-bae1-490d-9bd1-d6e6f0c00dd5,,,
A992,A992,material,human_review,2026-07-23T11:28:27.666389+00:00,93346462-14f3-4d58-83a2-9c4b401b6cd3,,,
A970,A970,material,human_review,2026-07-23T11:28:28.475680+00:00,f8b48d85-195c-4130-8802-13a9b07cae50,,,
A913,A913,material,human_review,2026-07-23T11:28:30.070285+00:00,013c5da0-b6b7-4f63-acd7-cf2419133228,,,
A653,A653,material,human_review,2026-07-23T11:28:30.645243+00:00,9d78637e-e7fa-4d8d-80f1-068996108e91,,,
S-404,S,structural_section,human_review,2026-07-23T11:28:34.063071+00:00,d515a991-e5b1-4c01-8ee3-b42f4451930f,,,
S-501,S,structural_section,human_review,2026-07-23T11:28:35.951444+00:00,6eb300ae-1d11-41a0-8087-a3e9075381bd,,,
S-502,S,structural_section,human_review,2026-07-23T11:28:37.787072+00:00,2e1e9e3f-2f5e-428d-8b3f-afdb4c3c4065,,,
S-601,S,structural_section,human_review,2026-07-23T11:28:39.274821+00:00,e64df2ad-7b74-42be-9462-58607ac01230,,,
W14X198,W,structural_section,human_review,2026-07-23T11:28:41.887383+00:00,31c70872-9c80-4635-84db-cf20c670a46c,,,
A53,A53,bolt,human_review,2026-07-23T11:29:02.186335+00:00,70ebaa83-4674-4c14-a2df-cbd83ec2b0c2,,,
A568,A568,bolt,human_review,2026-07-23T11:29:06.748914+00:00,06044f27-1e3a-4685-b055-c213fbe71e94,,,
A572,A572,bolt,human_review,2026-07-23T11:29:11.554462+00:00,98135ddb-34d3-4588-8916-ca7641f969ed,,,
A588,A588,bolt,human_review,2026-07-23T11:29:17.504494+00:00,54025436-8288-4979-8f34-e0dc25caa86a,,,
A615,A615,bolt,human_review,2026-07-23T11:29:22.534878+00:00,cec30b3f-badc-4c95-b230-b8001f04d612,,,
Beam W18X35,W,structural_section,human_review,2026-07-24T07:25:34.798648+00:00,3e7f61d1-de51-4f8b-9e29-8da1c7f480e9,,,
A1064,A1064,bolt,human_review,2026-07-24T07:26:36.054217+00:00,7a523688-7c56-441b-a1be-ac6c7c501391,,,
A108,A108,bolt,human_review,2026-07-24T07:26:43.470313+00:00,f2c0698b-d68d-4fa8-a453-6294d415f5d9,,,
A2280,A2280,bolt,human_review,2026-07-24T07:26:49.501325+00:00,eb0b4170-e5a2-4bd4-9c48-0f485e9e495e,,,
A5,A,bolt,human_review,2026-07-24T07:27:11.823978+00:00,a02b1878-2bfe-4976-afc3-49e7e92d004c,,,
HSS5x5,HSS,structural_section,human_review,2026-07-24T07:27:28.452383+00:00,47a631d0-9da0-41bc-a182-b7af4b4fdd80,,,
L18x12x3/8,L,structural_section,human_review,2026-07-24T07:27:34.974326+00:00,c41c22c9-daa0-4b31-a2a2-42ae0b4f2f9c,,,
L5x5,L,structural_section,human_review,2026-07-24T07:27:37.950403+00:00,ccde616f-31ca-4a3a-a8ff-48c4e2ec101c,,,
A307,A307,bolt,human_review,2026-07-24T07:27:44.212628+00:00,81ebd6ea-fdea-4502-a40b-23667516793b,,,
A325,A325,bolt,human_review,2026-07-24T07:27:45.776362+00:00,bd236194-3d6f-416b-bbf3-38e06de8a0d6,,,
A490,A490,bolt,human_review,2026-07-24T07:27:48.569975+00:00,e763633e-0fc0-429c-9975-65d6be0b7d65,,,
A563,A563,bolt,human_review,2026-07-24T07:27:53.626249+00:00,253c77a2-b422-4555-9d25-c832277841c4,,,
W14X198,W,structural_section,human_review,2026-07-24T08:21:52.064013+00:00,2b537cd8-c7ee-47b3-b545-056f05b32fb4,,,
A1064,A1064,material,human_review,2026-07-24T08:22:31.437537+00:00,903e7fa5-7e26-4bdd-807b-f861cf03a86e,,,
A2,A,structural_section,human_review,2026-07-24T08:22:31.500517+00:00,8834c813-0f09-4919-a2b8-7ecda77c4b0a,,,
A3,A,structural_section,human_review,2026-07-24T08:22:31.564976+00:00,d63f862e-6d32-49ba-af70-05db75fffc72,,,
A307,A307,bolt,human_review,2026-07-24T08:22:31.633655+00:00,2789bfbf-7029-432b-ba39-d2d34554548e,,,
A325,A325,bolt,human_review,2026-07-24T08:22:31.693819+00:00,5206f969-141b-44f4-92c4-4f73d20f7959,,,
A36,A36,material,human_review,2026-07-24T08:22:31.744356+00:00,40d16e3e-cca4-4150-a9f8-96b90dc4f58c,,,
A500,A500,material,human_review,2026-07-24T08:22:31.802093+00:00,9fa94e76-2b03-46c7-aee0-9a8f98a73cdb,,,
A53,A53,material,human_review,2026-07-24T08:22:31.855311+00:00,d35029b2-34ac-41c5-875f-f5e19b0ca312,,,
A568,A568,material,human_review,2026-07-24T08:22:31.916582+00:00,cf97b743-2a75-4247-a36a-c2fbf69d93c1,,,
A572,A572,material,human_review,2026-07-24T08:22:31.964246+00:00,9bc1f5a4-be3d-40cf-b44b-d006e7962955,,,
A588,A588,material,human_review,2026-07-24T08:22:32.000342+00:00,29cb1f2e-cd0e-49d5-ae3f-bc93f4c7c1eb,,,
A6,A,structural_section,human_review,2026-07-24T08:22:32.037704+00:00,0dba085b-1340-4c2b-b584-dc0587f3c4dd,,,
A615,A615,material,human_review,2026-07-24T08:22:32.077097+00:00,90990d04-a6f7-4791-ae11-ef439a7f4965,,,
A653,A653,material,human_review,2026-07-24T08:22:32.130458+00:00,9b1f27c6-9cc5-4c6a-8461-ef5b42cceb92,,,
A706,A706,material,human_review,2026-07-24T08:22:32.170249+00:00,af08f7d6-4a41-4556-9ff5-784e1dbca20b,,,
A913,A913,material,human_review,2026-07-24T08:22:32.205381+00:00,0dd848c6-2d14-4c6c-ba7e-b5ae627f1616,,,
A970,A970,material,human_review,2026-07-24T08:22:32.240070+00:00,608c2aa1-676f-493a-9d9f-dabbf508886f,,,
A992,A992,material,human_review,2026-07-24T08:22:32.274053+00:00,2422fc8d-a766-435a-b603-0ba4291e2183,,,
HSS10X0,HSS,structural_section,human_review,2026-07-24T08:22:32.307550+00:00,e053161d-a53b-4011-8ede-6c8eae42014f,,,
L1x1x1/4,L,structural_section,human_review,2026-07-24T08:22:32.341868+00:00,6ea53984-e978-4fc4-bba6-1cddfd12d545,,,
L4X3,L,structural_section,human_review,2026-07-24T08:22:32.374949+00:00,1d1b4986-d849-4225-8c7c-ce882f8dd86a,,,
L5X3,C,structural_section,human_review,2026-07-24T08:22:32.408519+00:00,faff3403-d39a-4d5b-bf8e-4b1c68cdff01,,,
L6x3,L,structural_section,human_review,2026-07-24T08:22:32.443124+00:00,a444f39e-04b1-4401-87ea-2dd708d55942,,,
S-001,S,structural_section,human_review,2026-07-24T08:22:32.476862+00:00,64695bca-ed3c-4a72-a372-2030fd130689,,,
S-002,S,structural_section,human_review,2026-07-24T08:22:32.522193+00:00,85fbb1b0-92e5-473c-abe0-a129f9833a6e,,,
S-003,S,structural_section,human_review,2026-07-24T08:22:32.560058+00:00,14fd6e13-a2ec-421c-89be-4904461ba1f6,,,
S-004,S,structural_section,human_review,2026-07-24T08:22:32.597686+00:00,7b51fa9b-bad6-4278-ae3d-79d8896f626a,,,
S-101,S,structural_section,human_review,2026-07-24T08:22:32.632642+00:00,0718e9c6-3bcc-4131-817d-6410cab668f3,,,
S-102,S,structural_section,human_review,2026-07-24T08:22:32.666146+00:00,17b69b3b-9b15-4996-84b6-7031089dc7e7,,,
S-103,S,structural_section,human_review,2026-07-24T08:22:32.700190+00:00,567120d0-841d-4830-b3e0-c0007d683718,,,
S-104,S,structural_section,human_review,2026-07-24T08:22:32.735344+00:00,4cf39f52-3a0d-4746-92b5-9a0d8cbb96af,,,
S-201,S,structural_section,human_review,2026-07-24T08:22:32.770845+00:00,09960ce7-218a-4f0f-bf12-3d92b63dd8e6,,,
S-202,S,structural_section,human_review,2026-07-24T08:22:32.805626+00:00,28727600-4cd1-4371-a826-9137593876b7,,,
S-203,S,structural_section,human_review,2026-07-24T08:22:32.841366+00:00,689e0d56-8065-48ff-8485-34c387ebec83,,,
S-204,S,structural_section,human_review,2026-07-24T08:22:32.877122+00:00,09de7f8c-735d-4db3-82f6-b2d444e32e22,,,
S-205,S,structural_section,human_review,2026-07-24T08:22:32.911709+00:00,eb0a48d6-24f7-4349-919d-3264b5474820,,,
S-206,S,structural_section,human_review,2026-07-24T08:22:32.945687+00:00,85edf1d9-dfa5-4e48-9f41-bda624012a00,,,
S-207,S,structural_section,human_review,2026-07-24T08:22:32.980668+00:00,d42aa843-acdd-4132-8aaf-1994d3b75217,,,
S-208,S,structural_section,human_review,2026-07-24T08:22:33.017122+00:00,4e93b230-2af0-4a1e-b5d4-a0c0aef5797c,,,
S-301,S,structural_section,human_review,2026-07-24T08:22:33.053204+00:00,cf5a410b-8271-476b-bd8c-ff0fb24c6270,,,
S-311,S,structural_section,human_review,2026-07-24T08:22:33.096969+00:00,8bcbb55c-483c-41b8-b737-8cb8b3b0757a,,,
S-321,S,structural_section,human_review,2026-07-24T08:22:33.129435+00:00,0a5ad646-7106-4921-9781-7e7a5f6c5563,,,
S-322,S,structural_section,human_review,2026-07-24T08:22:33.159001+00:00,3a1f5dd5-596a-45e9-9455-df8511ee53ae,,,
S-401,S,structural_section,human_review,2026-07-24T08:22:33.186041+00:00,e608af57-3a1e-45f4-8126-e8b6789e8024,,,
S-402,S,structural_section,human_review,2026-07-24T08:22:33.217148+00:00,93cdf72b-6f5d-4e5d-9c97-9dc62c10ddfc,,,
S-501,S,structural_section,human_review,2026-07-24T08:22:33.246900+00:00,cf81f7c0-77fd-49eb-bf77-1eaf92d42cc9,,,
S-502,S,structural_section,human_review,2026-07-24T08:22:33.279166+00:00,b91ef503-c1a3-4993-9d41-28553ee8199d,,,
W18x36,W,structural_section,human_review,2026-07-24T10:36:25.045850+00:00,5779bf74-7e41-4290-bfa6-f9a2f98f779a,,,
L7x7x1/2,L,structural_section,human_review,2026-07-24T10:37:12.293325+00:00,6c8e63ac-7566-4e3c-bb94-55421fd30f00,,,
L6x4x1/4,L,structural_section,human_review,2026-07-24T10:37:15.366062+00:00,b65fb0c0-c5ce-497c-8cda-92b6d52b6bda,,,
L6x3,L,structural_section,human_review,2026-07-24T10:37:17.146137+00:00,3d93134d-95ae-4dc8-9657-5df51872faf2,,,
L5x5,L,structural_section,human_review,2026-07-24T10:37:18.759151+00:00,7e5bf12e-9d45-40b2-acaf-1a51cccc9a78,,,
L4x4,L,structural_section,human_review,2026-07-24T10:37:38.541316+00:00,c5954ac5-edfb-497e-b961-69c5d6e44888,,,
L2x2x10,L,structural_section,human_review,2026-07-24T10:37:40.190138+00:00,b2477cfe-63e0-4e9a-8bb2-fa7ce3e3448a,,,
HSS8x8,HSS,structural_section,human_review,2026-07-24T10:37:55.599370+00:00,10010824-a441-4d54-b46e-dad6b3e0b946,,,
HSS8x4,HSS,structural_section,human_review,2026-07-24T10:37:55.693578+00:00,13a689b9-3453-4715-a7f8-5c7ec80b4ef8,,,
HSS8X6,HSS,structural_section,human_review,2026-07-24T10:37:55.776420+00:00,9ca7af11-38c2-4f84-832b-3ceae5f7151f,,,
HSS6x6,HSS,structural_section,human_review,2026-07-24T10:37:55.849089+00:00,3e2b6a84-8b90-444e-801b-33e15f07cf12,,,
HSS14x14,HSS,structural_section,human_review,2026-07-24T10:37:55.934724+00:00,1e157cbc-31f0-46e0-b38f-00f5d6fe454c,,,
HSS14x10,HSS,structural_section,human_review,2026-07-24T10:37:56.015269+00:00,64517caa-45d5-4741-b750-2ae9df3e26ee,,,
HSS14x0,HSS,structural_section,human_review,2026-07-24T10:37:56.061230+00:00,20ee40c8-0c08-49bc-9f05-fc9bcda454a0,,,
HSS12x12,HSS,structural_section,human_review,2026-07-24T10:37:56.105855+00:00,87ab610f-4587-40f9-8f66-2b07b44b8c3a,,,
HSS10x10,HSS,structural_section,human_review,2026-07-24T10:37:56.143786+00:00,4e7c801a-73df-4b11-923a-4641db80533f,,,
A992,A992,material,human_review,2026-07-24T10:39:47.723682+00:00,3905acb0-74b1-407f-bfc7-852b68660850,,,
A780,A780,material,human_review,2026-07-24T10:39:47.823188+00:00,8ec45a39-0812-4bb6-b658-36f1d00c542b,,,
A775,A775,material,human_review,2026-07-24T10:39:47.912724+00:00,b7dc11b9-34dd-4929-83cc-58ff8707d884,,,
A653,A653,material,human_review,2026-07-24T10:39:47.978448+00:00,702ef43c-cf8e-466a-894a-3a635377b15c,,,
A615,A615,material,human_review,2026-07-24T10:39:48.027720+00:00,bb2d6ca8-48d0-40b4-a0fc-c2924c1316ed,,,
A572,A572,material,human_review,2026-07-24T10:39:48.059253+00:00,d8129950-8358-42f8-8e6d-15567f13fa43,,,
A525,A525,material,human_review,2026-07-24T10:39:48.095246+00:00,f6b8553e-e7b6-4a8e-9938-50aefc470bf2,,,
A500,A500,material,human_review,2026-07-24T10:39:48.131006+00:00,39cfb717-fa19-420d-8141-f815067e1ddb,,,
A5,A,structural_section,human_review,2026-07-24T10:39:48.165670+00:00,b645b3c4-47e2-4ca6-89db-3359c72a5ae1,,,
A496,A496,material,human_review,2026-07-24T10:39:48.199077+00:00,1f408ceb-8073-41a8-9590-6097f0e446c4,,,
A490,A490,bolt,human_review,2026-07-24T10:39:48.231953+00:00,2b242993-e4cb-439e-9a98-9b382b5e863e,,,
A36,A36,material,human_review,2026-07-24T10:39:48.265551+00:00,d8124ec9-814d-40b1-8547-a9fd2f8d83a8,,,
A325,A325,bolt,human_review,2026-07-24T10:39:48.307518+00:00,6f817d91-9c47-4f4a-b810-ee4c276db698,,,
A123,A123,material,human_review,2026-07-24T10:39:48.341297+00:00,6d746579-8922-4f48-9fe4-e3b1c46940d6,,,
A1064,A1064,material,human_review,2026-07-24T10:39:48.375036+00:00,7c0a1363-a805-44d1-bcca-3833f5a342d7,,,
W14X198,W,structural_section,human_review,2026-07-24T10:45:11.986606+00:00,1a75391d-2d20-4022-a7e9-35881224707a,,,
S-601,S,structural_section,human_review,2026-07-24T10:45:41.260638+00:00,f904a027-28a3-4ed8-8e8b-a51db828ee04,,,
S-502,S,structural_section,human_review,2026-07-24T10:45:41.336463+00:00,26f9211f-e2c3-47cf-9179-d46d1cfbf778,,,
S-501,S,structural_section,human_review,2026-07-24T10:45:41.457229+00:00,be97d65f-3be4-4669-93ef-0d530d456613,,,
S-404,S,structural_section,human_review,2026-07-24T10:45:41.660492+00:00,f0229763-514d-4f11-ae02-d53731290462,,,
S-403,S,structural_section,human_review,2026-07-24T10:45:41.711386+00:00,12c03d84-8b57-484a-bcf2-f27e3b9874ce,,,
S-402,S,structural_section,human_review,2026-07-24T10:45:41.754471+00:00,b72ececb-9d2c-453e-a1d1-fd3a78323e9c,,,
S-401,S,structural_section,human_review,2026-07-24T10:45:41.789629+00:00,f697bca5-b067-4f1a-97bc-fb229ee7bb6f,,,
S-322,S,structural_section,human_review,2026-07-24T10:45:41.831590+00:00,789acffa-93ae-4058-88e7-0ba947b18f64,,,
S-321,S,structural_section,human_review,2026-07-24T10:45:41.869550+00:00,428841c2-6997-4999-a1e2-c3eb7b64ad29,,,
S-313,S,structural_section,human_review,2026-07-24T10:45:41.906091+00:00,59af1f41-375e-4eb2-828f-4d46340b66f4,,,
S-312,S,structural_section,human_review,2026-07-24T10:45:41.942715+00:00,beac3268-7eca-4127-a8af-bed219e0b7a4,,,
S-311,S,structural_section,human_review,2026-07-24T10:45:41.979233+00:00,6d1ed657-1ffc-4fb5-84b6-7ac6a2c2957a,,,
S-302,S,structural_section,human_review,2026-07-24T10:45:42.015114+00:00,3d03ffda-c66e-4e0c-9c07-9086178157ee,,,
S-301,S,structural_section,human_review,2026-07-24T10:45:42.051600+00:00,5e945c10-954e-4e20-b188-172f7df201ba,,,
S-209,S,structural_section,human_review,2026-07-24T10:45:42.087752+00:00,e5dc570f-4070-4020-9b9d-0d5ef579c429,,,
S-208,S,structural_section,human_review,2026-07-24T10:45:42.126766+00:00,339b2d05-e3e4-44b8-8db0-deb98d3ddf47,,,
S-207,S,structural_section,human_review,2026-07-24T10:45:42.162077+00:00,35a891e7-ad46-4e51-ab56-503aded22b5a,,,
S-206,S,structural_section,human_review,2026-07-24T10:45:42.197287+00:00,9c16a03a-b37b-481f-a35f-156c607d04c0,,,
S-205,S,structural_section,human_review,2026-07-24T10:45:42.234149+00:00,8e753433-66ac-4065-bf68-fe2b83e34c86,,,
S-204,S,structural_section,human_review,2026-07-24T10:45:42.275778+00:00,37494799-9714-43c7-a37d-0ff901ebf44e,,,
S-203,S,structural_section,human_review,2026-07-24T10:45:42.312282+00:00,8c00ee0a-f673-4fdd-bb8c-ce6e757da31d,,,
S-202,S,structural_section,human_review,2026-07-24T10:45:42.350898+00:00,600df6d6-a935-4278-91a0-35a9952f340e,,,
S-201,S,structural_section,human_review,2026-07-24T10:45:42.386339+00:00,495767e7-bde4-4b1a-9fd6-0c5e7c5d62fc,,,
S-200,S,structural_section,human_review,2026-07-24T10:45:42.427371+00:00,7df6c6e2-00fa-41cc-a984-de23b25092fc,,,
S-142,S,structural_section,human_review,2026-07-24T10:45:42.467865+00:00,88bf3c6c-faea-438c-88ca-0d0e6b3c4f4b,,,
S-141,S,structural_section,human_review,2026-07-24T10:46:23.838681+00:00,84a23718-7bac-49ed-b7e5-27e5e6722714,,,
S-132,S,structural_section,human_review,2026-07-24T10:46:23.938856+00:00,461b34dc-9681-4d66-a0cb-9be66b06ebf0,,,
S-131,S,structural_section,human_review,2026-07-24T10:46:24.022059+00:00,ca3f4d89-157c-48ae-bb6d-21315b951bf7,,,
S-124,S,structural_section,human_review,2026-07-24T10:46:24.104983+00:00,da448a1a-5e51-44ba-8adb-e35cc8b30a3b,,,
S-123,S,structural_section,human_review,2026-07-24T10:46:24.206273+00:00,e2e67035-79ed-4a73-8340-65b4232f1394,,,
S-122,S,structural_section,human_review,2026-07-24T10:46:24.251632+00:00,8e38cca3-2c34-497b-bf40-87f3980a148a,,,
S-121,S,structural_section,human_review,2026-07-24T10:46:24.284506+00:00,eef9db98-24ab-43f1-a3ef-9fa755cb1c14,,,
S-113,S,structural_section,human_review,2026-07-24T10:46:24.319287+00:00,f95f84b9-1852-4da8-909a-407feefa794d,,,
S-112,S,structural_section,human_review,2026-07-24T10:46:24.351581+00:00,ec50eb49-3332-4f2b-921f-36ce6120cb61,,,
S-111,S,structural_section,human_review,2026-07-24T10:46:24.382112+00:00,cd223776-a518-475e-92f8-dfa0d3b9527d,,,
S-005,S,structural_section,human_review,2026-07-24T10:46:24.413976+00:00,46c60f92-8b74-4d15-a817-5c750e8296c4,,,
S-004,S,structural_section,human_review,2026-07-24T10:46:24.445291+00:00,a27d4280-ac11-4ccb-97be-04ed48691897,,,
S-003,S,structural_section,human_review,2026-07-24T10:46:24.475102+00:00,e556cc85-bbee-42a7-8d4b-66e9279328f5,,,
S-002,S,structural_section,human_review,2026-07-24T10:46:24.504878+00:00,ac43c2c2-f2c4-42aa-a621-0b955f02ccd1,,,
S-001,S,structural_section,human_review,2026-07-24T10:46:24.535540+00:00,317f99f9-1594-408d-8a3b-bf0a25e90fdc,,,
L5x5x1/4,L,structural_section,human_review,2026-07-24T10:46:24.569754+00:00,2218841a-e36e-48ff-9c4a-7b2f737d13b0,,,
L4X3,L,structural_section,human_review,2026-07-24T10:46:24.604505+00:00,1e0ea52d-447b-4401-b662-64d74792fb56,,,
L1x1x1/4,L,structural_section,human_review,2026-07-24T10:46:24.648191+00:00,99bc50cd-1163-493c-ae70-519b1d40f0e7,,,
HSS8X6,HSS,structural_section,human_review,2026-07-24T10:46:24.684954+00:00,d1bf4cea-128b-419d-abdc-41a709f90f37,,,
HSS6x6,HSS,structural_section,human_review,2026-07-24T10:46:24.720925+00:00,6b668f05-5553-4b0c-be4a-272a68a073c6,,,
HSS6X0,HSS,structural_section,human_review,2026-07-24T10:46:24.760963+00:00,867fc13a-d957-479d-8e74-72fae4565ff5,,,
HSS4x0,HSS,structural_section,human_review,2026-07-24T10:46:24.796801+00:00,1f4220ba-55ac-43db-bbde-112b9f954dae,,,
HSS12X4,HSS,structural_section,human_review,2026-07-24T10:46:24.832820+00:00,22e9fc9f-c901-46f3-9deb-f096c605843a,,,
HSS10X0,HSS,structural_section,human_review,2026-07-24T10:46:24.868760+00:00,f8eb6ea4-22c5-4ad2-9961-8562ef4ea0bc,,,
L5X3,L,structural_section,human_review,2026-07-24T10:46:51.551683+00:00,29bca43f-977e-4168-9d7d-7cc85f54ac61,,,
A992,A992,material,human_review,2026-07-24T10:48:16.349595+00:00,86a33a99-d109-4889-b4c2-2e2e61a5b009,,,
A970,A970,material,human_review,2026-07-24T10:48:16.444009+00:00,ddb4c34f-ccb1-4ec2-88d8-4c94d57ee080,,,
A913,A913,material,human_review,2026-07-24T10:48:16.564141+00:00,dad2bc32-c9ff-41d9-aa32-b0aa0e827d27,,,
A653,A653,material,human_review,2026-07-24T10:48:16.625541+00:00,7468c293-ec81-4e01-a742-87d7c70bcb85,,,
A615,A615,material,human_review,2026-07-24T10:48:16.667127+00:00,fc5836dd-ab7e-49ed-adea-5b0d8ebfed93,,,
A588,A588,material,human_review,2026-07-24T10:48:16.701706+00:00,bc967d8f-5006-4419-890b-75449c80ed1c,,,
A572,A572,material,human_review,2026-07-24T10:48:16.739823+00:00,cf707ff2-b014-4a38-84bb-03aaf3a6eff8,,,
A568,A568,material,human_review,2026-07-24T10:48:16.777699+00:00,385407e3-0628-42c7-8a38-cec872416e9f,,,
A53,A53,material,human_review,2026-07-24T10:48:16.813530+00:00,62451ef5-48f1-468f-8061-3b746a141a08,,,
A500,A500,material,human_review,2026-07-24T10:48:16.848145+00:00,ae0c78fb-a2df-4df8-a1f4-159118281095,,,
A36,A36,material,human_review,2026-07-24T10:48:16.878733+00:00,f3f15dc7-153c-4262-b3e5-6f46c5fb18ac,,,
A325,A325,bolt,human_review,2026-07-24T10:48:16.908655+00:00,0716c41e-4adb-43b0-aa4f-a6f34d327c93,,,
A307,A307,bolt,human_review,2026-07-24T10:48:16.938678+00:00,f6c6906b-c6b0-4fa2-9ede-74877b8e8ce3,,,
A3,A,structural_section,human_review,2026-07-24T10:48:16.967943+00:00,8ab4d63c-b316-4b05-ac27-2d42293717dd,,,
A2,A,structural_section,human_review,2026-07-24T10:48:16.997727+00:00,590c5fe8-dc0e-4147-b35c-99b3e5480027,,,
A1064,A1064,material,human_review,2026-07-24T10:48:17.030258+00:00,76cf26dd-d41d-47c6-8b6d-f02c3c0a4379,,,
S-601,S,structural_section,human_review,2026-07-24T10:53:10.205188+00:00,aaae049b-96b3-494e-be1f-33515be39a05,,,
S-502,S,structural_section,human_review,2026-07-24T10:53:10.325215+00:00,292705c4-0195-4c9d-9ecc-d0c04da46b48,,,
S-501,S,structural_section,human_review,2026-07-24T10:53:10.409772+00:00,8ebc4ad0-10ef-45f8-8605-0a66b4993eb7,,,
S-404,S,structural_section,human_review,2026-07-24T10:53:10.528422+00:00,7b4ea215-7c1c-4e8d-bb56-4ee04b63a102,,,
S-403,S,structural_section,human_review,2026-07-24T10:53:10.610020+00:00,77947f31-89f9-4ed9-8e8c-e751073d854c,,,
S-402,S,structural_section,human_review,2026-07-24T10:53:10.667718+00:00,b02f6646-e9fd-4578-bc0d-a3177e6494eb,,,
S-401,S,structural_section,human_review,2026-07-24T10:53:10.703730+00:00,aac558ee-61cb-4278-b7a3-91c033508209,,,
S-322,S,structural_section,human_review,2026-07-24T10:53:10.745383+00:00,95494762-edbd-4a5e-97a3-07452a7a2d62,,,
S-321,S,structural_section,human_review,2026-07-24T10:53:10.786217+00:00,c6660de0-624c-431f-93d7-efec2b5aca85,,,
S-312,S,structural_section,human_review,2026-07-24T10:53:10.826958+00:00,2308a016-2a30-457a-acef-adf6a1e54d5b,,,
S-311,S,structural_section,human_review,2026-07-24T10:53:10.870663+00:00,21ba6641-eb22-48c3-ad17-17adc1f07f5a,,,
S-301,S,structural_section,human_review,2026-07-24T10:53:10.910309+00:00,a7424c4b-1136-43fe-ba9e-12483bcd3b51,,,
S-206,S,structural_section,human_review,2026-07-24T10:53:10.950226+00:00,cb153368-ec80-46e9-bdc9-6e37faf2f2c2,,,
S-205,S,structural_section,human_review,2026-07-24T10:53:10.989508+00:00,30ca4a1a-d994-4aaf-997c-4c32fa1aa45a,,,
S-204,S,structural_section,human_review,2026-07-24T10:53:11.027827+00:00,1179e2c8-0650-4925-a928-4e8fb0a963d0,,,
S-203,S,structural_section,human_review,2026-07-24T10:53:11.061413+00:00,0f2d9552-209b-45b7-be3a-fdd54117890d,,,
S-202,S,structural_section,human_review,2026-07-24T10:53:11.093187+00:00,da2370b9-754c-404e-94b0-9df916025948,,,
S-201,S,structural_section,human_review,2026-07-24T10:53:11.125808+00:00,8d218e9b-1ced-44d0-a5f2-8a5dee82f234,,,
S-113,S,structural_section,human_review,2026-07-24T10:53:11.160127+00:00,d59404f0-1584-4969-b508-bcee90b4aa39,,,
S-112,S,structural_section,human_review,2026-07-24T10:53:11.195653+00:00,6740f638-5cab-4bc8-b25b-ffb1b93628f7,,,
S-111,S,structural_section,human_review,2026-07-24T10:53:11.231945+00:00,166acc77-9f71-4463-a90f-3ef8c50a47d4,,,
S-004,S,structural_section,human_review,2026-07-24T10:53:11.265422+00:00,4b2a5a71-011a-4df9-9430-d3c16ae03009,,,
S-003,S,structural_section,human_review,2026-07-24T10:53:11.301530+00:00,d2e5cd7f-3858-4e9d-a2b7-1c3cb4076d9b,,,
S-002,S,structural_section,human_review,2026-07-24T10:53:11.341211+00:00,64f21fc5-ed68-4c3c-8d95-915c10b252bb,,,
S-001,S,structural_section,human_review,2026-07-24T10:53:11.380766+00:00,fb2e4381-ca45-42fc-9aaf-9e9561c2cf60,,,
L6X3,L,structural_section,human_review,2026-07-24T10:53:23.760590+00:00,07889b56-c648-4b55-88a6-c5dcb96c2692,,,
L4x4,L,structural_section,human_review,2026-07-24T10:53:23.885308+00:00,118dc0fb-3b67-4eca-8d8c-27732d4f5420,,,
L4X3,L,structural_section,human_review,2026-07-24T10:53:24.008471+00:00,0301d9a9-df15-4968-acde-9e7d62bce498,,,
L1x1x1/4,L,structural_section,human_review,2026-07-24T10:53:24.103353+00:00,9df23341-8a55-4d1a-85ed-09b9fff6e6d1,,,
HSS18X0,HSS,structural_section,human_review,2026-07-24T10:53:24.226805+00:00,44035000-99a0-48ea-8b6b-96906eb6c4b9,,,
HSS16X0,HSS,structural_section,human_review,2026-07-24T10:53:24.283912+00:00,d5d917e6-91a6-4c92-9381-d6456537fa2e,,,
HSS10X0,HSS,structural_section,human_review,2026-07-24T10:53:24.322446+00:00,f8005bc5-878c-4ad5-a272-00eb96176550,,,
A992,A992,material,human_review,2026-07-24T10:53:58.375001+00:00,363f7855-1715-4415-ac7a-337f732e991f,,,
A970,A970,material,human_review,2026-07-24T10:53:58.473633+00:00,84b3434f-7798-4de3-a157-295055056569,,,
A913,A913,material,human_review,2026-07-24T10:53:58.594574+00:00,4946353c-9f65-4b0c-8c5d-cd649df7cae7,,,
A706,A706,material,human_review,2026-07-24T10:53:58.672549+00:00,23ae7418-d65a-4ac3-a2ad-80883f07556c,,,
A653,A653,material,human_review,2026-07-24T10:53:58.711735+00:00,ca2a4378-cb7f-43c0-b32a-e412af4a753a,,,
A615,A615,material,human_review,2026-07-24T10:53:58.754381+00:00,387bd3fc-746c-4f94-a369-bd2d4c845c16,,,
A6,A,structural_section,human_review,2026-07-24T10:53:58.797317+00:00,62817707-0042-45f9-8a4e-329d8dc52c27,,,
A588,A588,material,human_review,2026-07-24T10:53:58.839223+00:00,25e753eb-54e5-4fdd-b550-b77c7d4e7048,,,
A572,A572,material,human_review,2026-07-24T10:53:58.881492+00:00,eee19b02-6e48-4582-95c7-994e645f4445,,,
A568,A568,material,human_review,2026-07-24T10:53:58.923901+00:00,4434ec5b-fff1-4c71-afee-411f6cffb865,,,
A53,A53,material,human_review,2026-07-24T10:53:58.978282+00:00,44570f6b-4614-4332-b9fe-7879d26f993d,,,
A500,A500,material,human_review,2026-07-24T10:53:59.024282+00:00,6d10e3da-165a-43b2-ab09-18611d294662,,,
A36,A36,material,human_review,2026-07-24T10:53:59.066920+00:00,4580ca0a-2201-4b40-b537-9f4990c1ed4c,,,
A325,A325,bolt,human_review,2026-07-24T10:53:59.108592+00:00,62c82467-6ed3-4225-afb5-71e1591d48ec,,,
A307,A307,bolt,human_review,2026-07-24T10:53:59.151400+00:00,2d41c12a-80c2-45af-92d3-9dedf1a4decf,,,
A3,A,structural_section,human_review,2026-07-24T10:53:59.194078+00:00,f8fafaad-f678-4026-9487-e702644f73ab,,,
A2,A,structural_section,human_review,2026-07-24T10:53:59.234484+00:00,4ac4088f-5db1-4490-951a-8af8df646241,,,
A108,A108,material,human_review,2026-07-24T10:53:59.275736+00:00,92c26e22-fa5c-4bd4-8382-0696764195db,,,
A1064,A1064,material,human_review,2026-07-24T10:53:59.316841+00:00,3508334b-776e-46e8-8ba7-b6ee636d2dad,,,
W14X198,W,structural_section,human_review,2026-07-27T10:11:37.062408+00:00,246cf7b9-6fda-4420-8bcf-9adeb41b942c,,,
S-502,S,structural_section,human_review,2026-07-27T10:12:24.563325+00:00,76db451d-1e48-4768-9b8d-59fcbad5c040,,,
S-501,S,structural_section,human_review,2026-07-27T10:12:24.657437+00:00,03c3f45a-b48b-4d04-aa5c-2b2272d04f9b,,,
S-402,S,structural_section,human_review,2026-07-27T10:12:24.787164+00:00,89c38d3b-9b0e-406d-ace8-bdf1bb3383b3,,,
S-401,S,structural_section,human_review,2026-07-27T10:12:24.883247+00:00,0e7eebd7-1429-4610-860a-70957445b56b,,,
S-322,S,structural_section,human_review,2026-07-27T10:12:24.923791+00:00,8ac93064-e34e-4b77-becf-fba6b8dcdd02,,,
S-321,S,structural_section,human_review,2026-07-27T10:12:24.969788+00:00,597e2ca2-f671-48cf-ad9d-d8334ebcfd7f,,,
S-311,S,structural_section,human_review,2026-07-27T10:12:25.022990+00:00,5772947f-b723-4079-8ac3-52586bee9943,,,
S-301,S,structural_section,human_review,2026-07-27T10:12:25.072196+00:00,39acd3fb-018d-4fe7-9979-5f8d1bdf84c4,,,
S-208,S,structural_section,human_review,2026-07-27T10:12:25.110760+00:00,63e0c1f4-29eb-48c0-84eb-f8b928de3177,,,
S-207,S,structural_section,human_review,2026-07-27T10:12:25.152250+00:00,6308c05e-fa56-4539-8226-47632518cd26,,,
S-206,S,structural_section,human_review,2026-07-27T10:12:25.190113+00:00,7c3ec7ec-9f2d-4409-b135-aa81b331177b,,,
S-205,S,structural_section,human_review,2026-07-27T10:12:25.228358+00:00,7c5bd4d3-19b1-4a83-81e8-adf8a1924f1b,,,
S-204,S,structural_section,human_review,2026-07-27T10:12:25.266246+00:00,340d3cad-e8d9-4254-a767-394e28edcb47,,,
S-203,S,structural_section,human_review,2026-07-27T10:12:25.305591+00:00,0e3e68ca-df11-4c7a-bb68-26ddc547a42d,,,
S-202,S,structural_section,human_review,2026-07-27T10:12:25.347108+00:00,ee8dca5b-3868-42d8-ad62-bf1ec516d332,,,
S-201,S,structural_section,human_review,2026-07-27T10:12:25.389628+00:00,68a549ae-bc8f-4657-aaef-4033043d13af,,,
S-104,S,structural_section,human_review,2026-07-27T10:12:25.432650+00:00,6d3b4acf-a51f-4038-b6c8-1b426830add2,,,
S-103,S,structural_section,human_review,2026-07-27T10:12:25.476521+00:00,0262de68-8623-47a8-84fa-1fb426b9c719,,,
S-102,S,structural_section,human_review,2026-07-27T10:12:25.522171+00:00,af1ab23d-b876-4055-bd4b-38195fa25fc8,,,
S-101,S,structural_section,human_review,2026-07-27T10:12:25.564889+00:00,792e50eb-45b6-4603-b30f-0bb9fb49d925,,,
S-004,S,structural_section,human_review,2026-07-27T10:12:25.610553+00:00,24923b00-cdc7-4997-9028-2dd7b6439c55,,,
S-003,S,structural_section,human_review,2026-07-27T10:12:25.660722+00:00,92a322e9-8976-450a-8912-f097516a0257,,,
S-002,S,structural_section,human_review,2026-07-27T10:12:25.703816+00:00,d5578310-b12e-4e04-837a-0f10c48c2dde,,,
S-001,S,structural_section,human_review,2026-07-27T10:12:25.747609+00:00,2bc2b89b-5cd6-4c77-add6-0558930c8e70,,,
L6x3,L,structural_section,human_review,2026-07-27T10:12:25.794021+00:00,d030804a-92bb-4042-bc1c-a5da199988f5,,,
L4X3,L,structural_section,human_review,2026-07-27T10:12:49.812715+00:00,8b3e6096-8491-4288-b50d-8c182f4f5a4e,,,
L1x1x1/4,L,structural_section,human_review,2026-07-27T10:12:51.466400+00:00,76e10b06-6e48-4e5c-8246-9c0cbb524399,,,
HSS10X0,HSS,structural_section,human_review,2026-07-27T10:12:54.082576+00:00,d2b0a69c-50bc-46e6-a63c-99577bc4dc8c,,,
A1064,A1064,material,human_review,2026-07-27T10:13:58.088164+00:00,15d2a5f2-d543-4dd7-97b8-27015cc9134c,,,
A307,A307,bolt,human_review,2026-07-27T10:13:58.195903+00:00,cebfe221-bcba-4644-8a0e-b6cd726ffe92,,,
A325,A325,bolt,human_review,2026-07-27T10:13:58.319323+00:00,1586978b-f941-477a-becc-721c3a631df5,,,
A36,A36,material,human_review,2026-07-27T10:13:58.407254+00:00,db94a26e-52b5-46f3-b5dd-020e8d39d9dc,,,
A500,A500,material,human_review,2026-07-27T10:13:58.460853+00:00,32cda67d-ede1-4eae-99e4-94673a901a37,,,
A53,A53,material,human_review,2026-07-27T10:13:58.525335+00:00,faec09e6-db12-4d3c-8d8f-c1a361bbad05,,,
A568,A568,material,human_review,2026-07-27T10:13:58.587552+00:00,a7781e5c-3a0c-4c1b-b5f0-a7c6d5071287,,,
A572,A572,material,human_review,2026-07-27T10:13:58.645897+00:00,2ebed316-b627-4092-9175-8decc1f531d3,,,
A588,A588,material,human_review,2026-07-27T10:13:58.708041+00:00,e6a7abea-3c52-45cd-a720-ff3638d985fe,,,
A615,A615,material,human_review,2026-07-27T10:13:58.772954+00:00,72083010-b9d5-4d85-baaf-3b01f3c7abda,,,
A653,A653,material,human_review,2026-07-27T10:13:58.835440+00:00,9f3ea476-9f0d-4892-987b-10aca39a8260,,,
A706,A706,material,human_review,2026-07-27T10:13:58.893439+00:00,4180c1f4-ec65-4ff6-8a6d-d667987626e6,,,
A913,A913,material,human_review,2026-07-27T10:13:58.955740+00:00,6d8dc315-cbe3-43f5-9f18-0f7985acb750,,,
A970,A970,material,human_review,2026-07-27T10:13:59.018067+00:00,40266431-a1d1-4917-8821-1293b28d792f,,,
A992,A992,material,human_review,2026-07-27T10:13:59.077440+00:00,fc95e0eb-e38d-4e5f-b751-8af38fe0175c,,,
W10X24,W,structural_section,human_review,2026-07-27T10:33:29.322810+00:00,19e7d048-200e-472f-b4c2-b85560c215b5,,,
A992,A992,material,human_review,2026-07-27T10:33:48.472765+00:00,e49f182b-ce11-4e45-a221-e8104ca9ddd9,,,
A775,A775,material,human_review,2026-07-27T10:33:48.628223+00:00,b727e800-10b6-48df-adfa-9bc2abdad585,,,
A706,A706,material,human_review,2026-07-27T10:33:48.704440+00:00,d3e06645-0c84-422d-a6fa-8c07cf63f2c3,,,
A615,A615,material,human_review,2026-07-27T10:33:48.755314+00:00,0cc0f9b2-2524-4828-89e4-3c0c4a2c3622,,,
A500,A500,material,human_review,2026-07-27T10:33:48.807549+00:00,0351dc4a-362c-405f-965a-afb9e8a8052b,,,
A36,A36,material,human_review,2026-07-27T10:33:48.857824+00:00,2bbee201-2490-4e38-8324-0c4d9d70fb71,,,
A307,A307,bolt,human_review,2026-07-27T10:33:48.904813+00:00,0f726ffc-41d9-4c0f-a062-84bf25d0d9c3,,,
A22,A22,material,human_review,2026-07-27T10:33:48.954733+00:00,4f1293dc-a0a8-44d7-8b7e-e11ed02d68be,,,
A1064,A1064,material,human_review,2026-07-27T10:33:49.010526+00:00,c533c631-ffdd-4f4e-b37e-f4ef0d9953ad,,,
w16x64,W,structural_section,human_review,2026-07-27T11:03:04.664046+00:00,68cfc280-b6c9-40d2-9f19-3b74a7585083,,,
L5x5,L,structural_section,human_review,2026-07-27T11:03:17.782981+00:00,286c7821-fbec-46a5-9739-84c4b319f3db,,,
L18x12x3/8,L,structural_section,human_review,2026-07-27T11:03:19.708513+00:00,1f357042-8850-4546-a371-d34d0eedb056,,,
HSS5x5,HSS,structural_section,human_review,2026-07-27T11:03:20.859903+00:00,15d9d1f5-79a5-4a55-91c8-f6d48cea27cd,,,
A1064,A1064,material,human_review,2026-07-27T11:03:37.094112+00:00,94b5ebba-c8d9-425f-9bb1-fbfc7d7c3cdf,,,
A108,A108,material,human_review,2026-07-27T11:03:37.222009+00:00,5d893599-939f-42cd-8fb9-2991c804f543,,,
A2280,A2280,material,human_review,2026-07-27T11:03:37.367144+00:00,82e28289-a93b-4d5a-bfb9-34184b511a3e,,,
A29,A29,material,human_review,2026-07-27T11:03:37.455797+00:00,2f6b001f-c138-42e0-91d9-a1a05c8cb45a,,,
A307,A307,bolt,human_review,2026-07-27T11:03:37.537982+00:00,a1651fda-cdea-4a7a-b472-83848f75a967,,,
A325,A325,bolt,human_review,2026-07-27T11:03:37.619928+00:00,f0932b12-3cf9-4cab-8b85-9c3c87a9619b,,,
A36,A36,material,human_review,2026-07-27T11:03:37.701252+00:00,98b66890-d0e0-481e-ab11-c7ac3c40db7d,,,
A416,A416,material,human_review,2026-07-27T11:03:37.782854+00:00,7c593d74-1048-49fd-a476-4efa264efe84,,,
A446,A446,material,human_review,2026-07-27T11:03:37.866580+00:00,e883fe81-02f8-4260-afa5-19b969980be9,,,
A490,A490,bolt,human_review,2026-07-27T11:03:37.952462+00:00,a744609b-56d4-4c8f-b12c-b1a4e4f23f62,,,
A5,A,structural_section,human_review,2026-07-27T11:03:38.043254+00:00,92e38095-4c6e-4b27-9434-d82b6579424f,,,
A500,A500,material,human_review,2026-07-27T11:03:38.130566+00:00,47c3a3b1-c402-4ecc-a8a0-820cf37f9115,,,
A53,A53,material,human_review,2026-07-27T11:03:38.208760+00:00,3b7ff66a-65ab-4db6-b071-e82badff3cec,,,
A563,A563,bolt,human_review,2026-07-27T11:03:38.308508+00:00,529f4227-34f1-4ca8-a230-e3a2f8d7242e,,,
A572,A572,material,human_review,2026-07-27T11:03:38.391185+00:00,be057d70-580f-4b20-836f-88e41ed2042d,,,
A615,A615,material,human_review,2026-07-27T11:03:38.482512+00:00,13476cb1-c442-41da-bcaf-06852817fd0c,,,
A653,A653,material,human_review,2026-07-27T11:03:38.559538+00:00,7143e906-55a9-4039-9008-f19c6f7ed041,,,
A706,A706,material,human_review,2026-07-27T11:03:38.648202+00:00,aee1d7b8-6d33-41b5-8555-91534f15f344,,,
A913,A913,material,human_review,2026-07-27T11:03:38.734552+00:00,684b1bed-3907-4a81-85c5-55e30d7c160a,,,
A959,A959,material,human_review,2026-07-27T11:03:38.836545+00:00,00db9989-e0b0-496b-85bf-f6eecb9e0af5,,,
A992,A992,material,human_review,2026-07-27T11:03:38.922724+00:00,c55738a5-f532-4103-8e39-eb3840ad3a15,,,
S-601,S,structural_section,human_review,2026-07-28T10:53:03.886524+00:00,11858973-d884-4304-a5e6-54d2beacfe51,,,
S-502,S,structural_section,human_review,2026-07-28T10:53:35.359289+00:00,4d139e4b-7fb2-459f-a011-5818b4a55c20,,,
S-501,S,structural_section,human_review,2026-07-28T10:53:35.479345+00:00,9caf6386-37b8-4c04-b93a-c0e52aad05a9,,,
S-404,S,structural_section,human_review,2026-07-28T10:53:35.626724+00:00,46fd792c-1e8e-43a5-a021-44994847e57b,,,
S-403,S,structural_section,human_review,2026-07-28T10:53:35.748134+00:00,72cd6fc4-a856-4cf1-907c-b07fc204d0f1,,,
S-402,S,structural_section,human_review,2026-07-28T10:53:35.873818+00:00,74c76086-6812-419b-8173-806cf3afa160,,,
S-401,S,structural_section,human_review,2026-07-28T10:53:35.963973+00:00,1e3c8a60-7540-4ae4-85ee-616f99312b3b,,,
S-322,S,structural_section,human_review,2026-07-28T10:53:36.021843+00:00,6837b3da-7b84-4dd1-bc41-09f16a700bfe,,,
S-321,S,structural_section,human_review,2026-07-28T10:53:36.079775+00:00,cd8902c2-a9b6-420e-babf-6dea6a93fddf,,,
S-312,S,structural_section,human_review,2026-07-28T10:53:36.144892+00:00,014431bc-f7c0-432e-8428-382d84cc6070,,,
S-311,S,structural_section,human_review,2026-07-28T10:53:36.206107+00:00,9aad324a-43ed-442b-8d0e-896462a40ffa,,,
S-301,S,structural_section,human_review,2026-07-28T10:53:36.261471+00:00,2b56bca3-38bc-441e-a11b-2f21bae53a80,,,
S-206,S,structural_section,human_review,2026-07-28T10:53:36.320589+00:00,dbe65918-8900-4603-bf34-6f9c1f2a0cb8,,,
S-205,S,structural_section,human_review,2026-07-28T10:53:36.376118+00:00,63e8765b-0a1e-466e-ae4a-a17c80be46ed,,,
S-204,S,structural_section,human_review,2026-07-28T10:53:36.431428+00:00,b7757e67-5b33-4333-864a-4933c68834e8,,,
S-203,S,structural_section,human_review,2026-07-28T10:53:36.488183+00:00,7fb6ab7f-19a1-4bb1-97d4-6d37f5a38319,,,
S-202,S,structural_section,human_review,2026-07-28T10:53:36.543518+00:00,8c4ffbf0-fd3b-4bc7-8825-a10fa68eb8e9,,,
S-201,S,structural_section,human_review,2026-07-28T10:53:36.599376+00:00,47ebcd87-6744-4229-a345-9901eaacb570,,,
S-113,S,structural_section,human_review,2026-07-28T10:53:36.655817+00:00,b3d968c3-575e-42f9-b5e3-923198b8c448,,,
S-112,S,structural_section,human_review,2026-07-28T10:53:36.719555+00:00,f10da543-6a1d-4371-9f09-281c4f7d24c6,,,
S-111,S,structural_section,human_review,2026-07-28T10:53:36.775327+00:00,1953b2f1-9c75-477c-9bc2-7705a31fc5d5,,,
S-004,S,structural_section,human_review,2026-07-28T10:53:36.831646+00:00,bd148922-e804-4788-9afb-3dc76968f7f1,,,
S-003,S,structural_section,human_review,2026-07-28T10:53:36.888180+00:00,e2a915e1-8b13-4870-91d3-0ac74b8d3344,,,
S-002,S,structural_section,human_review,2026-07-28T10:53:36.942985+00:00,ea22f33e-f964-42a4-8fba-038a2cb208c9,,,
S-001,S,structural_section,human_review,2026-07-28T10:53:36.998855+00:00,b1e53c6b-fa56-4b02-8dde-28f20816c25f,,,
L6X3,L,structural_section,human_review,2026-07-28T10:53:37.055001+00:00,e572a920-1e78-42c9-9487-ec88879a79f8,,,
L5X3,L,structural_section,human_review,2026-07-28T10:53:50.120974+00:00,338b2aba-9794-4708-be81-71ceac9ff88a,,,
L4x4,L,structural_section,human_review,2026-07-28T10:53:50.270762+00:00,ed286c94-b5a1-4c99-84f7-2e2fe3ceba78,,,
L4X3,L,structural_section,human_review,2026-07-28T10:53:50.389332+00:00,f119d68c-6a77-485b-91d9-235bc6b50636,,,
L1x1x1/4,L,structural_section,human_review,2026-07-28T10:53:50.517757+00:00,2e6487eb-6034-465d-97e6-ee36eab53bf5,,,
HSS18X0,HSS,structural_section,human_review,2026-07-28T10:53:50.623081+00:00,d79f3211-08fd-47b4-8f1c-4d2f52d113f3,,,
HSS16X0,HSS,structural_section,human_review,2026-07-28T10:53:50.680066+00:00,e64e5b35-8475-4911-aabd-32281477baed,,,
HSS10X0,HSS,structural_section,human_review,2026-07-28T10:53:50.737134+00:00,a327d8a4-6ec3-4aca-bd74-989ce329cfbd,,,
A992,A992,material,human_review,2026-07-28T10:54:48.135106+00:00,8b42018d-b359-4f0d-8686-c9187805c03c,,,
A970,A970,material,human_review,2026-07-28T10:54:48.270021+00:00,f92b34ce-c6dc-41d3-a968-92a0d047bace,,,
A913,A913,material,human_review,2026-07-28T10:54:48.388163+00:00,5d37e3f3-1be7-43d6-8e94-4ca74dfdec0e,,,
A706,A706,material,human_review,2026-07-28T10:54:48.470752+00:00,aec18a3d-581d-45e6-9152-184edb563961,,,
A653,A653,material,human_review,2026-07-28T10:54:48.529981+00:00,b4c43ac3-1c27-4c1c-821f-50def7017ff1,,,
A615,A615,material,human_review,2026-07-28T10:54:48.587892+00:00,0e2a79d2-efbd-439e-8403-11203b079d08,,,
A6,A,structural_section,human_review,2026-07-28T10:54:48.644510+00:00,2d74d982-fea7-44c7-a67c-c49ef05c4e7c,,,
A588,A588,material,human_review,2026-07-28T10:54:48.700576+00:00,542400d8-8b08-4566-a055-d80217679c0c,,,
A572,A572,material,human_review,2026-07-28T10:54:48.758448+00:00,2cad9ee9-bac3-4907-8c79-9fdec8cee78f,,,
A568,A568,material,human_review,2026-07-28T10:54:48.815103+00:00,49fbf30c-b5a3-4929-9eaa-204471f4dfbd,,,
A53,A53,material,human_review,2026-07-28T10:54:48.870264+00:00,576913b4-ba02-434d-95de-6c4b7fbe5af2,,,
A500,A500,material,human_review,2026-07-28T10:54:48.923778+00:00,ebe1f784-8b3f-4025-afd3-bf65bf78add6,,,
A36,A36,material,human_review,2026-07-28T10:54:48.979626+00:00,391d3dfc-187f-45cc-bb4f-2cce0be57ae5,,,
A325,A325,bolt,human_review,2026-07-28T10:54:49.034324+00:00,cdcf9b9c-0502-4467-9f53-0d77a8e6c6c1,,,
A307,A307,bolt,human_review,2026-07-28T10:54:49.088719+00:00,b9d16663-ddb6-40b2-9c77-f2689109df80,,,
A108,A108,material,human_review,2026-07-28T10:54:49.144635+00:00,fcd1886d-7121-48eb-a0fc-b7747fc7c8f4,,,
A1064,A1064,material,human_review,2026-07-28T10:54:49.199658+00:00,4eaf6682-cc58-4487-bf31-f325dc5564e7,,,
W8x28,W8X28,structural_section,human_review,2026-07-31T08:31:00.765604+00:00,fd4e1e4a-301c-407b-b570-c0cbb61cb5ba,,,
W18X46,W18X46,structural_section,human_review,2026-07-31T09:58:29.631015+00:00,94c59e73-7a80-49b2-8666-2f3dc191d526,,,
L3x3x1/4,L3X3X1/4,structural_section,human_review,2026-07-31T12:10:50.042361+00:00,aa257691-4dfe-41de-b224-cdd8235d5834,,,
L3x3x1/4,L3X3X1/4,,human_review,2026-07-31T12:11:02.062194+00:00,4c4744d9-bb1c-4b61-91c1-3c7fb59faac8,,,
L3x3x1/4,L3X3X1/4,,human_review,2026-07-31T12:11:23.475899+00:00,f25b446e-1f46-4797-9d34-88b10709c61f,,,
HSS18X0.500,HSS18X0.500,structural_section,human_review,2026-07-31T12:12:09.610736+00:00,7ff99272-b06c-4998-a322-bbf5147ebef4,,,
W18X65,W18X65,structural_section,human_review,2026-07-31T12:12:23.094614+00:00,3754110c-2e99-4e60-ac12-3b9ca3f11f2e,,,
W12X65,W12X65,structural_section,human_review,2026-07-31T12:29:59.773725+00:00,ff08c888-ea9f-491b-9481-fe036fb6a50e,,,
L3X3X3/8,L3X3X3/8,structural_section,human_review,2026-07-31T12:30:01.777802+00:00,c66d0539-82eb-4402-be08-e3cb8e00fde4,,,
HSS6X4X3/8,HSS6X4X3/8,structural_section,human_review,2026-07-31T12:30:02.888602+00:00,7fb301e7-592e-4873-8f3b-28e3806f9582,,,
L6X3,L6X3,structural_section,human_review,2026-07-31T12:30:03.904136+00:00,cbfe1eaf-fb71-470c-9c32-851066a91226,,,
WT3X8,WT3X8,structural_section,human_review,2026-07-31T12:30:04.993454+00:00,fb11ec5a-7583-4718-a310-9f1272b45250,,,
L8X8X1,L8X8X1,structural_section,human_review,2026-07-31T12:30:06.304277+00:00,08a17e06-200a-4c36-95dd-67e580274b54,,,
L4X3X5,L4X3X5/8,structural_section,human_review,2026-07-31T12:30:07.374100+00:00,2c77ec73-6147-4101-8542-2abef7294723,,,
W24X62,W24X62,structural_section,human_review,2026-07-31T12:30:09.208887+00:00,2bc68752-80f0-49b9-819e-b658c08ffa3e,,,
L4x4,L4X4,structural_section,human_review,2026-07-31T12:30:10.992323+00:00,5bce87a6-1f8f-428e-8c31-56c28b31f325,,,
W16X36,W16X36,structural_section,human_review,2026-07-31T12:30:14.343943+00:00,a24ad597-0f53-4a40-b58a-e0f4b3f5e523,,,
HSS6x2x5/16,HSS6X2X5/16,structural_section,human_review,2026-07-31T12:30:17.920865+00:00,831db791-ca98-4db4-8fca-b4088a709bc2,,,
HSS16X0.5,HSS16X0.5,structural_section,human_review,2026-07-31T12:30:20.684187+00:00,825d57a5-4b92-4c0b-b3e0-81b05a840142,,,
W12X26,W12X26,structural_section,human_review,2026-07-31T12:30:23.843516+00:00,1e449bc7-44d0-4ddb-82e9-d44cecf063d3,,,
L4X3X5/16,L4X3X5/16,structural_section,human_review,2026-07-31T12:30:26.779789+00:00,c16def53-9225-48a0-b41d-122c0bf3e907,,,
W21X62,W21X62,structural_section,human_review,2026-07-31T12:30:28.469878+00:00,130b4c20-d779-4d92-976a-066ad786c7bd,,,
W18X76,W18X76,structural_section,human_review,2026-07-31T12:30:30.335960+00:00,40fff393-3869-41c2-b4d7-d470a1aa1a3b,,,
W18X71,W18X71,structural_section,human_review,2026-07-31T12:30:32.053205+00:00,2a0d5385-fac9-48a9-a7b8-268566213790,,,
W8X18,W8X18,structural_section,human_review,2026-07-31T12:30:35.856545+00:00,d5030ed4-8435-4135-bea9-e17bd21ac08a,,,
W16X40,W16X40,structural_section,human_review,2026-07-31T12:30:38.725510+00:00,365a03aa-8d66-4053-a399-b0ad4cbda3f4,,,
W16X50,W16X50,structural_section,human_review,2026-07-31T12:30:42.290375+00:00,b458f13d-0c9b-43cd-b378-8fbb7776e219,,,
W14X30,W14X30,structural_section,human_review,2026-07-31T12:30:45.480751+00:00,e84d3106-7ddd-43b4-8488-ae4b7923fee8,,,
HSS14X10X3/8,HSS14X10X3/8,structural_section,human_review,2026-07-31T12:30:46.906939+00:00,5ae8fce3-df9b-4c7b-b552-97a3e96828e0,,,
W18X55,W18X55,structural_section,human_review,2026-07-31T12:30:49.211605+00:00,fe594ab2-4670-4331-8ad0-614fcb54a225,,,
W18X46,W18X46,structural_section,human_review,2026-07-31T12:30:50.092397+00:00,f34fb5f4-72c0-45ef-b995-99e60587eee2,,,
W18X97,W18X97,structural_section,human_review,2026-07-31T12:30:51.469203+00:00,ff6f286b-3af2-4941-a61d-4b59282b528c,,,
W18X60,W18X60,structural_section,human_review,2026-07-31T12:33:43.231035+00:00,9511f0c1-4abb-45c5-9893-5c92c4047210,,,
W18X86,W18X86,structural_section,human_review,2026-07-31T12:33:44.971864+00:00,a9f5db11-907b-4802-a3bb-3619e64bd7ac,,,
W12X14,W12X14,structural_section,human_review,2026-07-31T12:33:46.344635+00:00,a020a7f9-21dd-4f8a-baa7-467036e1a234,,,
L 5 X 5 X 3/8,L5X5X3/8,structural_section,human_review,2026-07-31T12:33:47.626248+00:00,430544fa-e048-4dfa-843d-bd3f159b53bb,,,
L 5 X 5 X 5/16,L5X5X5/16,structural_section,human_review,2026-07-31T12:33:48.840673+00:00,3bc00a09-c3d9-43f7-965c-f023abb03091,,,
L 5 X 5,L5X5,structural_section,human_review,2026-07-31T12:33:50.111086+00:00,ab7710ca-be2b-458b-852d-9204d00768d0,,,
L 5 X 3 X 1/4,L5X3X1/4,structural_section,human_review,2026-07-31T12:33:51.063886+00:00,92b43993-f9d2-4911-aee4-2b6122f0f680,,,
L 6 X 4 X 3/8,L6X4X3/8,structural_section,human_review,2026-07-31T12:33:52.328867+00:00,885c2db9-2ae9-4582-8135-700714a755fc,,,
L 6 X 4,L6X4X1/2,structural_section,human_review,2026-07-31T12:33:53.624160+00:00,25b34e21-cf97-4c19-af85-c32ddcdb15ff,,,
L 4 X 4 X 5/16,L4X4X5/16,structural_section,human_review,2026-07-31T12:33:54.865254+00:00,141d5666-79bb-4788-a3f5-a5578f5d913d,,,
L 4 X 4,L4X4,structural_section,human_review,2026-07-31T12:33:56.094313+00:00,ab02393c-5fe3-4cfe-bb3c-a4cb8f7a0973,,,
L 6 X 3,L6X3,structural_section,human_review,2026-07-31T12:33:57.430799+00:00,4c9a69af-49d8-45c9-b771-876b94f4999b,,,
L3X31,W33X318,structural_section,human_review,2026-07-31T12:33:58.655915+00:00,dfa66af5-3760-458d-9867-5c1b59bc3ef8,,,
W8x28,W8X28,structural_section,human_review,2026-07-31T12:33:59.935025+00:00,077b79fb-0a48-45cf-b996-582ae815f624,,,
W8x58,W8X58,structural_section,human_review,2026-07-31T12:34:01.228364+00:00,2e396fd6-4e4a-4926-ac85-542eb5618957,,,
W8x35,W8X35,structural_section,human_review,2026-07-31T12:34:02.351432+00:00,1e6c011c-3971-43a5-86f5-3f35f69ccf0e,,,
W8x31,W8X31,structural_section,human_review,2026-07-31T12:34:03.640614+00:00,0903b2f1-27aa-4136-b1f4-6e4ae4d7dc49,,,
L5x3x1,L5X3X1/2,structural_section,human_review,2026-07-31T12:34:04.958175+00:00,0f8bd264-e22d-43e9-aa31-8da96db6a486,,,
W16x45,W16X45,structural_section,human_review,2026-07-31T12:34:06.017210+00:00,8cda6b2c-0531-4848-b881-3e41c336d387,,,
W36x150,W36X150,structural_section,human_review,2026-07-31T12:34:07.352209+00:00,7a52891c-192c-42b1-abb3-8c36059ea99e,,,
W8x24,W8X24,structural_section,human_review,2026-08-03T10:34:54.911812+00:00,6c22f251-17f0-41e5-bd8a-696018cdbb60,,,
HSS6x8x1/2,HSS8X8X1/2,structural_section,human_review,2026-08-03T10:35:12.460675+00:00,7e55b113-806b-4229-b95c-9b87f6f7dfa5,,,
HSS8x8x1/2,HSS8X8X1/2,structural_section,human_review,2026-08-03T10:35:19.930613+00:00,a763d437-b0ea-41bb-84ee-8a573cec97b3,,,
W18x35,W18X35,structural_section,human_review,2026-08-03T10:35:38.054382+00:00,29fb6713-59b6-44fd-8000-381a28964426,,,
W8x10,W8X10,structural_section,human_review,2026-08-03T10:35:39.025645+00:00,2320494c-bc51-4d5d-95e0-93de26dc044c,,,
W21x50,W16X50,structural_section,human_review,2026-08-03T10:35:39.823828+00:00,b703f42b-4ac0-452d-841d-751f7d009286,,,
W24x55,W24X55,structural_section,human_review,2026-08-03T10:35:40.643465+00:00,28a3c0f4-13c4-44be-8da0-be45e95129d6,,,
W8x35,W8X31,structural_section,human_review,2026-08-03T10:35:41.409388+00:00,8d6d16aa-f939-43c5-8646-a3a17899ee66,,,
W8x28,W8X28,structural_section,human_review,2026-08-03T10:35:42.199128+00:00,bd1d4b17-9d3a-4c6b-b04c-ef32c62e3d7a,,,
W8x31,W8X18,structural_section,human_review,2026-08-03T10:35:43.150425+00:00,270a06c9-68af-4fdb-be86-c31e952e8a4c,,,
W8x48,W8X40,structural_section,human_review,2026-08-03T10:35:43.924318+00:00,bc0fb3c6-d7c6-47b3-914c-654dc2fb4e9d,,,
W8x40,W8X24,structural_section,human_review,2026-08-03T10:35:44.711620+00:00,321ef712-dbfa-4a02-919b-4d01445fb439,,,
HSS10x10,HSS10X10X1/2,structural_section,human_review,2026-08-03T10:35:45.464118+00:00,958bdb4f-d7f6-4497-a570-c19de30ca6b1,,,
W8x58,W8X58,structural_section,human_review,2026-08-03T10:36:11.161324+00:00,4d5624fa-85d6-4513-9428-2bbd1c63e844,,,
L3x3x1,L3X3X1/2,structural_section,human_review,2026-08-03T10:36:12.345812+00:00,2e4a6504-6baa-4ab7-bddc-4f8403d6888e,,,
L5x5x5/16,L5X5X5/16,structural_section,human_review,2026-08-03T10:36:13.145105+00:00,e4a491a1-1318-4e27-8e85-ee5de6b15aeb,,,
L4x4x1/4,L4X4X1/4,structural_section,human_review,2026-08-03T10:36:13.948054+00:00,3a470a1e-382a-4348-b4a1-3767a16e500c,,,
L3x3x1/4,L3X3X1/4,structural_section,human_review,2026-08-03T10:36:14.742781+00:00,be8bf46d-5b14-4552-b0b0-05301ee1768f,,,
L2x2x1/4,L2X2X1/4,structural_section,human_review,2026-08-03T10:36:15.520786+00:00,3065623d-b12b-4db7-8ece-68f84a6ae5da,,,
HSS 8X8X3/8,HSS8X6X3/8,structural_section,human_review,2026-08-03T10:36:16.310946+00:00,1da86169-a242-4621-8cdf-fa91db81ecc2,,,
W36x150,W36X150,structural_section,human_review,2026-08-03T10:36:17.089437+00:00,50767afc-16c5-4d94-8b6b-b10842502e88,,,
W24x84,W24X84,structural_section,human_review,2026-08-03T10:36:17.847083+00:00,de516c00-414d-4e39-94d7-dd37b0c0deed,,,
W33x130,W33X130,structural_section,human_review,2026-08-03T10:36:18.595762+00:00,e956e3cc-d524-4379-a3dc-a3534ff49966,,,
W24x68,W24X68,structural_section,human_review,2026-08-03T10:36:19.586665+00:00,5bf78676-2a3b-431f-8aa2-a208f7a1badd,,,
W16x45,W16X45,structural_section,human_review,2026-08-03T10:36:20.351654+00:00,9f7a8611-3e22-40dd-9cdd-343f71ab7791,,,
HSS10x10x1/2,HSS10X10X1/2,structural_section,human_review,2026-08-03T10:36:21.224846+00:00,818890de-338f-466e-a001-eda028d8688b,,,
HSS8x8x3,HSS8X8X3/8,structural_section,human_review,2026-08-03T10:36:21.995707+00:00,780a59bc-4187-4b98-9975-1c11ddacb0f9,,,
HSS8x8x3/8,HSS8X6X3/8,structural_section,human_review,2026-08-03T10:36:22.721163+00:00,ed1dc98f-1067-4abc-843b-8b32ae7c65f0,,,
W18x40,W18X40,structural_section,human_review,2026-08-03T10:36:23.529734+00:00,669249c6-47a6-4f06-ace2-10f45ca1e951,,,
W14x22,W14X22,structural_section,human_review,2026-08-03T10:36:24.296952+00:00,c9fdc6a1-2d53-4bdf-ba5a-5a6e93eb7a3b,,,
W27x84,W27X84,structural_section,human_review,2026-08-03T10:36:25.018452+00:00,1351fda2-6abc-471a-93d0-b94053c4be7d,,,
W16x26,W16X26,structural_section,human_review,2026-08-03T10:36:25.773328+00:00,a9aa4e88-6cbf-4ba0-ba94-d0c7392b7acb,,,
WT16.5x59,WT16.5X59,structural_section,human_review,2026-08-03T10:36:26.554315+00:00,ffec3339-a3d6-47f3-832b-28b32122a717,,,
HSS8x8,HSS8X8,structural_section,human_review,2026-08-03T10:36:27.275326+00:00,42c47a0f-ee42-4d14-9328-5b1875272e67,,,
W21x44,W21X44,structural_section,human_review,2026-08-03T10:36:28.035607+00:00,c5b7ebd9-8878-4799-9c5d-44ea1369f294,,,
W18x46,W18X46,structural_section,human_review,2026-08-03T10:36:28.795985+00:00,726fe61a-fce1-4380-9ba0-cf25a2f8431c,,,
W16x31,W16X31,structural_section,human_review,2026-08-03T10:36:29.506745+00:00,9526f5a4-0abc-4e20-80f0-5abbe8de2e0b,,,
W16x26,W16X26,,human_review,2026-08-03T10:47:12.690161+00:00,6684f73c-0ab8-40ce-94d9-461db62e3356,,,
W16x26,W16X26,,human_review,2026-08-03T10:47:30.570562+00:00,e3426105-0213-44c9-af73-0e0fd9d725aa,,,
HSS10X0.625,HSS10.000X0.625,structural_section,human_review,2026-08-03T14:24:24.239676+00:00,f5e49973-5bac-4441-8158-f871bb598b4d,,,
HSS18X0.375,HSS18.000X0.375,structural_section,human_review,2026-08-03T14:24:38.907992+00:00,dddf8e37-0153-4d80-bacf-08deed70c191,,,
HSS10X0.500,HSS10.000X0.500,structural_section,human_review,2026-08-03T14:24:41.188544+00:00,6d2a350b-653f-45e5-9562-3a73d58a81bc,,,
HSS10x10,HSS10X10X1/2,structural_section,human_review,2026-08-03T14:25:11.375657+00:00,ac82fae5-981e-4b5c-a7a8-f4d6785c5add,,,
HSS8x8,HSS8X8X3/8,structural_section,human_review,2026-08-03T14:25:11.545219+00:00,c02facfb-fcbd-4417-adc3-c06154c2bc57,,,
HSS10x10x1/2,HSS10X10X1/2,structural_section,human_review,2026-08-03T14:25:11.815184+00:00,65164e07-b6f1-4879-b262-146ffab98bcf,,,
HSS8x8x3/8,HSS8X8X3/8,structural_section,human_review,2026-08-03T14:25:11.964051+00:00,1f6a0f01-7952-426b-a1a5-e316cdb954dd,,,
L2x2x1/4,L2X2X1/4,structural_section,human_review,2026-08-03T14:25:12.103146+00:00,8395d8a7-5319-4c8d-88df-36bf52d1c65a,,,
L3x3x1/4,L3X3X1/4,structural_section,human_review,2026-08-03T14:25:12.236118+00:00,c2693165-5393-424e-9469-9eff545806db,,,
L4x4x1/4,L4X4X1/4,structural_section,human_review,2026-08-03T14:25:12.362217+00:00,91f15c75-a329-42ef-98f6-9b3ab3d85b30,,,
L5x5x5/16,L5X5X5/16,structural_section,human_review,2026-08-03T14:25:12.491866+00:00,11b457e4-d8bd-4bc2-be8e-4962c041a406,,,
L5x3x1/4,L3X3X1/2,structural_section,human_review,2026-08-03T14:25:12.611113+00:00,7f63def4-e8f4-40c1-8145-33fb253f6a00,,,
PL,L8X8X1,structural_section,human_review,2026-08-03T14:25:12.720073+00:00,48e07b94-5e70-415a-9599-99b18f7aacf7,,,
HSS6x8x1/2,HSS8X8X1/2,structural_section,human_review,2026-08-03T14:25:12.843156+00:00,9b51d9c4-5993-47f1-8fe1-7ce81abc0935,,,
"HSS3x3,",HSS3X3X3/8,structural_section,human_review,2026-08-03T14:25:12.973401+00:00,ec1baa26-f31a-431f-8568-5ec5417e5a69,,,
W8x58,W8X58,structural_section,human_review,2026-08-03T14:25:13.105123+00:00,7ba13bb5-c3e5-4925-b3e7-6aee185c990f,,,
W8x40,W8X24,structural_section,human_review,2026-08-03T14:25:13.242059+00:00,10932a5a-1359-49c8-92bc-ef2f60601622,,,
W8x31,W8X18,structural_section,human_review,2026-08-03T14:25:13.375218+00:00,9f2517fa-460a-467b-b779-e5e025fec123,,,
W8x35,W8X31,structural_section,human_review,2026-08-03T14:25:13.521700+00:00,3f9e6d53-5ecd-4c20-831b-8fb0947057b4,,,
W8x28,W8X28,structural_section,human_review,2026-08-03T14:25:13.661335+00:00,0e6c24e0-cfdf-4d74-aa35-e956b4922e08,,,
W8x24,W8X24,structural_section,human_review,2026-08-03T14:25:13.796538+00:00,91b292d8-5f7d-4d3b-b114-91a12a3d547d,,,
HSS8X8X1/2,HSS8X8X1/2,structural_section,human_review,2026-08-03T14:25:13.927771+00:00,b6266842-7d3e-407e-b337-220dd55f7015,,,
WT16.5x59,WT16.5X59,structural_section,human_review,2026-08-03T14:25:14.061888+00:00,c9278857-037c-4333-b322-34bea0bccdfb,,,
W16x26,W16X26,structural_section,human_review,2026-08-03T14:25:14.207344+00:00,c7ed4ba6-76c2-48b3-b47b-9ea4f1238ed9,,,
W16x31,W16X31,structural_section,human_review,2026-08-03T14:25:14.363917+00:00,b603f23e-a5e2-4553-a13d-d76272d6acfb,,,
W27x84,W27X84,structural_section,human_review,2026-08-03T14:25:14.507221+00:00,92aca52b-e92a-4a7c-b409-ec8bb56a4891,,,
W18x35,W18X35,structural_section,human_review,2026-08-03T14:25:14.656369+00:00,b2dca9eb-4e17-4b4e-95d5-563fb68950d1,,,
W36x150,W36X150,structural_section,human_review,2026-08-03T14:25:14.781718+00:00,3f3f2ae9-fa60-4ba4-84e1-2a0b48f40de5,,,
W16x45,W16X45,structural_section,human_review,2026-08-03T14:25:14.925099+00:00,cc5f6f30-86f4-42b2-ac1e-86749516f286,,,
L4X3-1/2X5/16,L4X3X5/8,structural_section,human_review,2026-08-03T14:25:15.058920+00:00,38a694f1-2f5f-4e00-be21-591c5e24e866,,,
L5X3-1/2X5/16,L5X3X1/2,structural_section,human_review,2026-08-03T14:25:15.206936+00:00,76cdec87-56af-4ace-ac63-58130fb1d0d8,,,
HSS8X6X3/8,HSS10X6X3/8,structural_section,human_review,2026-08-03T14:25:15.346795+00:00,deb014f5-7f27-44eb-b7ab-02a8daf10fdb,,,
L4x4,L4X4X3/8,structural_section,human_review,2026-08-03T14:25:15.495220+00:00,82dbb67d-e0f8-4e37-ab33-f888fc11b6cd,,,
L4X4X3/8,L4X4X3/8,structural_section,human_review,2026-08-03T14:25:15.654274+00:00,984824dc-eeb4-45b2-8a92-f14086f986c8,,,
L2x2x3/16,L2X2X3/8,structural_section,human_review,2026-08-03T14:25:15.777361+00:00,c889c918-f317-4b65-9173-2b5aa480fc4b,,,
L3x3x3/16,2L3X3X3/8,structural_section,human_review,2026-08-03T14:25:15.910540+00:00,6233b38a-fbec-4a2e-a564-3840ce05e176,,,
L1x1x1/4,L2X2X1/4,structural_section,human_review,2026-08-03T14:25:16.157620+00:00,13a9d5f1-dec8-414d-876f-f2bb3daa2a9f,,,
2 L1x1x1/4,HSS2X1X1/8,structural_section,human_review,2026-08-03T14:25:16.355506+00:00,5bebf1c5-db4a-4990-b1ba-1add76a7f888,,,
"L3x3x1/4x0'-3"",",L3X3X1/2,structural_section,human_review,2026-08-03T14:25:16.507674+00:00,be76f1b2-6aee-4e4e-ba15-c6db879a9666,,,
"L4x3x1/4x6""",L4X3X5/16,structural_section,human_review,2026-08-03T14:25:16.660446+00:00,e5672714-0b8e-45a1-b566-f4d830ee989b,,,
"L4x3x1/4x1'-0""",L4X3X5/16,structural_section,human_review,2026-08-03T14:25:16.799264+00:00,33d9bc99-ee49-49b5-95c1-feaed06bbe41,,,
C8X13.7,C8X13.75,structural_section,human_review,2026-08-03T14:25:16.957632+00:00,7de78468-7121-4527-98e6-8fd0d1507083,,,
"L4X4X5/16X0'-5""",L4X4X5/16,structural_section,human_review,2026-08-03T14:25:17.094070+00:00,a1564bd7-f966-42c5-ad49-5f3687adce73,,,
HSS16X0.5,HSS10X10X1/2,structural_section,human_review,2026-08-03T14:25:17.243272+00:00,336a0e9d-aada-4308-80d5-9b06a37fdfd2,,,
L6X3,L6X4X3/8,structural_section,human_review,2026-08-03T14:25:17.377458+00:00,e71101bf-5d35-4749-93a5-33f0417dbeb9,,,
HSS6X4X3/8,HSS6X4X3/8,structural_section,human_review,2026-08-03T14:25:17.515735+00:00,46aa9c9a-75f1-4532-93a3-1f069737d074,,,
"L7X4X3/8X0'-11""",L7X4X3/8,structural_section,human_review,2026-08-03T14:25:17.656859+00:00,7fdc500a-1cff-4265-a84b-efe29634a816,,,
"L5X3X3/8X0'-5""",L5X3X3/8,structural_section,human_review,2026-08-03T14:25:17.806270+00:00,f5e29522-10c3-4730-b1a6-6a57b4dbe41a,,,
"L4X4X3/8X0'-4""",L4X4X3/8,structural_section,human_review,2026-08-03T14:25:17.944562+00:00,09246475-59c6-41c2-a5c1-75c6d1af4aa5,,,
A325,W14X132,structural_section,human_review,2026-08-03T14:25:18.081694+00:00,4bfd9db4-8006-45cd-9db5-34e226a15fb0,,,
"L4X3X3/8X0'-8""",L4X3X3/8,structural_section,human_review,2026-08-03T14:25:18.230023+00:00,d7851f69-dccd-42ab-ae08-571d7abff4f3,,,
L4X3X1/4,L4X3X5/16,structural_section,human_review,2026-08-03T14:25:18.375884+00:00,2996712d-aa0f-4b57-afa6-555802290cd1,,,
L3x3x1/4,L3X3X1/4,,human_review,2026-08-03T14:30:58.861761+00:00,8edb3adf-2f5e-4432-84d6-ad5e31062462,,,
L3x3x1/4,L3X3X1/4,,human_review,2026-08-03T14:31:11.947132+00:00,2d429ae3-123a-4f7e-b6d8-5a67a652ec40,,,
HSS12.750X0.375,HSS12.750X0.375,structural_section,human_review,2026-08-05T11:41:54.834463+00:00,03573454-b1c5-4fc3-9c54-0096177f934d,,,
HSS8X8X3/8,HSS8X6X3/8,structural_section,human_review,2026-08-05T11:41:55.101456+00:00,f1c88383-26dc-47dc-aa88-721258ffdf1c,,,
HSS18X0.375,HSS18.000X0.375,structural_section,human_review,2026-08-05T11:41:55.218225+00:00,af089236-f1f7-4f65-8e5e-368b6fbcbad2,,,
HSS6X6X5/8,HSS6X6X3/8,structural_section,human_review,2026-08-05T11:41:55.318100+00:00,f7bc71b6-640e-4a4e-83ad-4ab28377c495,,,
HSS4X4X3/8,HSS4X4X3/8,structural_section,human_review,2026-08-05T11:41:55.419871+00:00,cfa9980d-55af-4c5d-8845-851ddaf63210,,,
HSS12.750X0.375,HSS12.750X0.375,structural_section,human_review,2026-08-05T13:41:55.118903+00:00,f6f5a3b0-e1c2-4be6-8380-e7022de69f1e,,,
HSS18X0.375,HSS18.000X0.375,structural_section,human_review,2026-08-05T13:41:55.372275+00:00,b51c9aa4-8aa0-4234-a687-91fab6bb91fd,,,
HSS6X6X5/8,HSS6X6X3/8,structural_section,human_review,2026-08-05T13:41:55.602367+00:00,dff2b24b-7fc0-4cb7-9103-101b96a6e8df,,,
L6x6x3/8,2L6X6X3/8X3/4,structural_section,human_review,2026-08-05T13:41:55.739177+00:00,12b59107-e55f-4b9f-9ee2-b1ef1d6cc107,,,
HSS5x5,HSS6X4X3/8,structural_section,human_review,2026-08-05T13:41:55.853893+00:00,4d60aa73-7a9a-4c6a-9db7-e852f7c7ea89,,,
L5x5x3/8,L5X3X3/8,structural_section,human_review,2026-08-05T13:41:55.968837+00:00,768b2fab-d24d-4732-b6ca-233e98d13c22,,,
L18x12x3/8,L2X2X3/8,structural_section,human_review,2026-08-05T13:41:56.090812+00:00,3f8d4ddc-5933-4e99-ac58-cc94f56a7593,,,
W14X233,W14X233,structural_section,human_review,2026-08-05T13:41:56.198702+00:00,8d0a35f3-d2a8-4efa-8a00-9849bf951c82,,,
HSS 6x6x3/8,HSS10X6X3/8,structural_section,human_review,2026-08-05T13:41:56.308632+00:00,341277a1-3fc6-4375-99af-4abc661cfeb0,,,
C4X5.4,C8X13.75,structural_section,human_review,2026-08-05T13:41:56.415754+00:00,deafa577-0990-470a-bd4c-c65e0909f33a,,,
L3 x 3 x,2L3X3X3/16,structural_section,human_review,2026-08-05T13:41:56.514467+00:00,138de885-df63-422e-a108-c989afe57a6d,,,
L7 x 4 x x,L7X4X3/8,structural_section,human_review,2026-08-05T13:41:56.619144+00:00,d1154c20-13a9-411e-a884-b414e5675144,,,
L 3 x 3 x,L4X3X3/8,structural_section,human_review,2026-08-05T13:41:56.719997+00:00,cb9af23e-4900-4bff-aff6-7df01b387190,,,
L4x3x1/4 x,L4X3X1/4,structural_section,human_review,2026-08-05T13:41:56.816333+00:00,2089407f-d63b-42e2-a21a-05020cde8fe7,,,
L 4 x 3 x 1/4,L4X3X1/4,structural_section,human_review,2026-08-05T13:41:56.913295+00:00,5523bf89-48bc-43c8-9e07-2c98cf2e6267,,,
L7 x 4 x 3/8 x,L4X4X3/8,structural_section,human_review,2026-08-05T13:41:57.012314+00:00,f52c1693-c9ca-448a-b6e6-20a4f48ce85c,,,
L7 x 4 x,L7X4X1/2,structural_section,human_review,2026-08-05T13:41:57.113323+00:00,515ba511-9ddb-4f22-aa26-3119c7a90652,,,
L 5 x 3,L5X3X1/4,structural_section,human_review,2026-08-05T13:41:57.213123+00:00,316216e3-0cfe-43fc-bdca-5441da4118e4,,,
L 5 x 3 x 5/16,HSS5X3X5/16,structural_section,human_review,2026-08-05T13:41:57.310801+00:00,ec57f057-5777-4c43-bfa9-fef9a292da55,,,
L 5 x 3 x,L5X3X1/2,structural_section,human_review,2026-08-05T13:41:57.410547+00:00,e2851e6f-7458-4ce4-ae8b-734198cd6ef2,,,
L 3 x 3 x 1/4,L3X3X1/2,structural_section,human_review,2026-08-05T13:41:57.511710+00:00,90c14897-73e8-40e4-8728-650ab91b1c68,,,
L 3 x 3,2L3X3X5/16,structural_section,human_review,2026-08-05T13:41:57.612145+00:00,dc60c474-75e8-494d-9426-36009ba1b7a6,,,
L 4 x 4 x,L4X4X3/8,structural_section,human_review,2026-08-05T13:41:57.717218+00:00,6756dedb-8db8-4447-a3af-134fddb9b62b,,,
3 x 3,HSS3X3X3/8,structural_section,human_review,2026-08-05T13:41:57.817678+00:00,abada826-5a33-4c3a-a797-7f92dba3a3a4,,,
L5x5,L5X5X5/8,structural_section,human_review,2026-08-05T13:41:57.919557+00:00,19061a90-e7bd-4798-b4ad-865ba9d15acf,,,
L5x5x5/16,L4X3X5/16,structural_section,human_review,2026-08-05T13:42:07.842715+00:00,3a8a3301-c64c-477c-a6f8-cca3c4e291bf,,,
L4 x 4 x x,L4X4X1/4,structural_section,human_review,2026-08-05T13:42:08.147868+00:00,f60c621f-92dd-4177-bbae-f8f5ccc3ae53,,,
L4 x 4,L4X4X3/8,structural_section,human_review,2026-08-05T13:42:08.430146+00:00,95b5568a-1e4d-4e87-a757-2db124f7abc4,,,
HSS 3 x 3 x 1/4,HSS3X3X1/4,structural_section,human_review,2026-08-05T13:42:08.566462+00:00,0fab6855-b24a-42ed-a1a2-072a834d0a6e,,,
L2 x 2 x,2L2X2X3/16,structural_section,human_review,2026-08-05T13:42:08.674264+00:00,12e164df-14fd-4d8e-a2d1-4be6d1aeb45b,,,
L4 x 4 x,L4X4X3/8,structural_section,human_review,2026-08-05T13:42:08.779580+00:00,675d54ff-589c-4801-bf6c-dd1c2a59603a,,,
W8 x 15,W8X15,structural_section,human_review,2026-08-05T13:42:08.886734+00:00,0a2a5124-c1da-4aaa-87b8-fa6fa9caab8c,,,
WT4x15.5,WT4X15.5,structural_section,human_review,2026-08-05T13:42:08.991846+00:00,1570a852-b5ea-4234-8830-86d66fb29dbe,,,
L3x3x5/16,L4X3X5/16,structural_section,human_review,2026-08-05T13:42:09.130650+00:00,f4e2a2e6-a8a6-4015-befc-a393c0b3e9ba,,,
L3 x 3 x x,2L3X3X1/4,structural_section,human_review,2026-08-05T13:42:09.240598+00:00,25bcd248-2797-47bc-967e-9347ed0c098f,,,
L3 x 3 x 1/4 x,L3X3X1/2,structural_section,human_review,2026-08-05T13:42:09.345335+00:00,e71e91f7-af08-4e6e-94db-2ac7c0895045,,,
L3 x 3,2L3X3X5/16,structural_section,human_review,2026-08-05T13:42:09.450959+00:00,d19b0af8-ec78-446d-9044-190145ed3746,,,
HSS8X3X1/4,HSS8X3X1/4,structural_section,human_review,2026-08-05T13:42:09.559937+00:00,f6b2675f-4444-427c-818e-fd9a0e4597b3,,,
HSS8X8X3/8,HSS8X6X3/8,structural_section,human_review,2026-08-05T13:42:09.672668+00:00,742afac5-aa42-45a9-9c2b-020ce986cdad,,,
W10X26,W12X26,structural_section,human_review,2026-08-05T13:42:09.780377+00:00,20b1643c-f36a-4cb7-a6f4-f91b84695272,,,
HSS8X6X1/2,HSS8X6X1/2,structural_section,human_review,2026-08-05T13:42:09.884681+00:00,6e7a6c40-794e-4cce-8fa6-08b61b0eca66,,,
HSS18X6X5/16,HSS18X6X5/16,structural_section,human_review,2026-08-05T13:42:09.986631+00:00,84d660ea-b3eb-46af-9632-0897d10d1f2e,,,
W8X15,W8X15,structural_section,human_review,2026-08-05T13:42:10.090795+00:00,5c7a286d-7848-4e22-9ec1-64bf6dee21ba,,,
HSS6X6X1/4,HSS6X6X1/4,structural_section,human_review,2026-08-05T13:42:10.201973+00:00,9fa749e3-48c3-4aa8-98e6-cd9aff0c62da,,,
HSS8X8X5/8,HSS8X8X3/8,structural_section,human_review,2026-08-05T13:42:10.312240+00:00,e00f14a9-286f-4b7b-a343-1d0cf9fb8ec6,,,
HSS6X6X3/8 HSS6X6X3/8,HSS10X6X3/8,structural_section,human_review,2026-08-05T13:42:10.409389+00:00,caf3bcde-ac75-490a-90c2-d32207c67ee8,,,
HSS,HSS6X4X3/8,structural_section,human_review,2026-08-05T13:42:10.499769+00:00,543ab208-6f9e-4ce2-8274-5d5d99e39ffa,,,
"HSS5x5x3/8,",HSS5X5X3/8,structural_section,human_review,2026-08-05T13:42:10.591672+00:00,92d55fec-8ece-4364-b7e5-650ea6f13cee,,,
HSS5x5x3/8,HSS5X5X3/8,structural_section,human_review,2026-08-05T13:42:10.696872+00:00,e218ae53-b6e9-4e32-8317-d2f24dc3c7b2,,,
W8X13,W8X13,structural_section,human_review,2026-08-05T13:42:10.799492+00:00,4edf0d75-5036-4b72-a743-624a9e8912a0,,,
A A325,W14X132,structural_section,human_review,2026-08-05T13:42:18.416853+00:00,48882777-9c9d-4cd1-b0a9-e3ed0b9a85d5,,,
L4X3-1/2X5/16,L4X3X5/8,structural_section,human_review,2026-08-05T13:42:18.678264+00:00,6e621f6a-b007-4ac5-8a43-0e1db8f68bcc,,,
L5X3-1/2X5/16,L5X3X1/4,structural_section,human_review,2026-08-05T13:42:18.879365+00:00,b8ec9892-d349-41f3-85ed-8ce195e6142f,,,
L6X4X3/8,L4X4X3/8,structural_section,human_review,2026-08-05T13:42:19.059594+00:00,5d0176db-0884-499c-aa46-d05d7cfe105a,,,
L3x3x1/4,2L3X3X1/4,structural_section,human_review,2026-08-05T13:42:19.220203+00:00,84cdd8ed-41df-41bf-a29b-00a7afad1f88,,,
W12X16,W12X16,structural_section,human_review,2026-08-05T13:42:19.384302+00:00,09c00232-08dd-4c5e-9e18-212db1995c73,,,
W18X40,W16X40,structural_section,human_review,2026-08-05T13:42:19.550892+00:00,259038db-ef67-40ce-9d0a-613a71148659,,,
W21X50,W16X50,structural_section,human_review,2026-08-05T13:42:19.719067+00:00,c883022c-098c-4502-bce5-d39c34161b8c,,,
W18X50,W12X50,structural_section,human_review,2026-08-05T13:42:19.882682+00:00,d99d7fb7-1cb1-4afe-bccf-9f83523ea1e6,,,
W10X15,W10X15,structural_section,human_review,2026-08-05T13:42:20.049591+00:00,93d2823d-3c93-4dad-89b3-6d8ab23c65c7,,,
W21X55,W21X55,structural_section,human_review,2026-08-05T13:42:20.218755+00:00,f0288d3f-3f0a-4dc8-bbc0-92c5c2fc7bc6,,,
W21X44,W21X44,structural_section,human_review,2026-08-05T13:42:20.393492+00:00,12dddeb2-6d6e-4b01-b871-e6a1be5e6ba4,,,
W10X19,W10X15,structural_section,human_review,2026-08-05T13:42:20.570906+00:00,bb3213dc-a8a1-4c31-bb45-f1a82d7fd29b,,,
W14X22,W14X22,structural_section,human_review,2026-08-05T13:42:20.759692+00:00,3dc331cd-e75e-474d-b133-068a533fbc4b,,,
W16X26,W14X132,structural_section,human_review,2026-08-05T13:42:20.945781+00:00,56d82ce1-1ce2-4b02-87e6-556fc69bfb94,,,
HSS10X8X3/8,HSS10X8X3/8,structural_section,human_review,2026-08-05T13:42:21.219026+00:00,13ff47fb-97e5-4397-a3e3-cf80b5b8f095,,,
HSS10X6X3/8,HSS10X6X3/8,structural_section,human_review,2026-08-05T13:42:21.469913+00:00,4250ca93-4c4e-4aea-94f8-b05a9822f148,,,
W16X36,W16X36,structural_section,human_review,2026-08-05T13:42:21.662677+00:00,a4218290-da24-45aa-975b-6b34d8d98eec,,,
W12X26,W10X26,structural_section,human_review,2026-08-05T13:42:21.867435+00:00,522f1ed8-fb82-465d-9ee8-89937ecc8d15,,,
HSS12X6X3/8,HSS12X6X3/8,structural_section,human_review,2026-08-05T13:42:22.082210+00:00,df45c5a6-17b9-4995-bb53-5f4ff26b2512,,,
W10X22,W10X22,structural_section,human_review,2026-08-05T13:42:22.301054+00:00,c053f52f-d73c-4bec-9448-220b7683034f,,,
W12X16.,W12X16,structural_section,human_review,2026-08-05T13:42:22.508211+00:00,e991d3c7-a0df-488c-8a91-bd9280adf91c,,,
W12X22,W12X22,structural_section,human_review,2026-08-05T13:42:22.710901+00:00,a504ae08-18e3-4d9c-bcaf-422290b03bf1,,,
W10X30,W10X30,structural_section,human_review,2026-08-05T13:42:22.930282+00:00,83494e18-f354-4217-a19c-15ac6cdfe898,,,
HSS14X6X1/2,HSS14X6X1/2,structural_section,human_review,2026-08-05T13:42:23.161979+00:00,f372ad6b-4987-437b-9d35-9f6b77e78ac0,,,
W12X40,W12X40,structural_section,human_review,2026-08-05T13:42:23.368714+00:00,668449c0-1400-4b0d-a6ed-24e685ee2e21,,,
W14X26,W14X26,structural_section,human_review,2026-08-05T13:42:23.578105+00:00,57206d30-ad62-4dd6-b9fd-f86966974f27,,,
W24X84,W24X84,structural_section,human_review,2026-08-05T13:42:23.800808+00:00,0b18fd0a-97e3-46e1-b9d3-5d7f667acee6,,,
W8x31,W8X18,structural_section,human_review,2026-08-05T13:42:24.015954+00:00,58bb7d4e-9b53-40ed-a402-5cc79ac4b666,,,
HSS14X6X5/8,HSS14X6X5/8,structural_section,human_review,2026-08-05T13:42:24.198859+00:00,0e438bcb-9372-4aa1-9eb5-e303091282ba,,,
L4X4X3/8,L4X4X3/8,structural_section,human_review,2026-08-05T13:42:24.351065+00:00,7cefade5-cdee-48f7-9e7e-62a75850b09e,,,
L2x2x3/16,L2X2X3/8,structural_section,human_review,2026-08-05T13:42:24.560492+00:00,194a88e0-f616-474b-a9ca-14211a91c663,,,
L3x3x3/16,2L3X3X3/16,structural_section,human_review,2026-08-05T13:42:24.766159+00:00,a25e450e-e8f9-4159-8a60-b27b3dacaab4,,,
C6 X 8.2,C6X8.2,structural_section,human_review,2026-08-05T13:42:24.969065+00:00,e820a5ad-520f-4581-92f9-2ce35f64a1e8,,,
C6 X 10.5,WT4X10.5,structural_section,human_review,2026-08-05T13:42:25.166988+00:00,03ec58b9-7706-4ff4-a51b-e50b95e01a28,,,
L2X2X1/4,2L2X2X1/4,structural_section,human_review,2026-08-05T13:42:25.455278+00:00,d735353e-bc11-4c12-94cb-e12cb0046eb1,,,
L4X3X3/8,L4X3X3/8,structural_section,human_review,2026-08-05T13:42:25.654456+00:00,d38b4075-ac5e-459c-94d4-0f23765d301c,,,
L3x3x3/8,HSS3X3X3/8,structural_section,human_review,2026-08-05T13:42:25.861786+00:00,b2a069a0-e7a7-4922-896f-4e8b2d10a76e,,,
L5x3-1/2x3/8,L5X3X1/2,structural_section,human_review,2026-08-05T13:42:26.053536+00:00,ba9f6818-6b93-43ae-bca4-7aedb181d848,,,
"L3X3X3/8X0'-6""",2L3X3X1/4,structural_section,human_review,2026-08-05T13:42:26.245609+00:00,1ce9f54f-9762-4c7d-a137-800286f2aff2,,,
W10X33,W10X33,structural_section,human_review,2026-08-05T13:42:26.450305+00:00,90b86211-ef01-4ed9-b201-7b78f9890e6d,,,
W10X112,W10X112,structural_section,human_review,2026-08-05T13:42:26.649872+00:00,7823fbf4-c082-4fa2-a4a9-fe88e58b118e,,,
W12X106,W12X106,structural_section,human_review,2026-08-05T13:42:26.844363+00:00,e1b9a67b-5384-4f7a-9d69-ff0b3b73c4de,,,
W12X230,W12X230,structural_section,human_review,2026-08-05T13:42:27.044873+00:00,d9cfa16a-9d63-41b0-af52-6ea15b569baf,,,
W12X252,W12X22,structural_section,human_review,2026-08-05T13:42:27.244988+00:00,5992e8c3-25a1-4323-b39c-ca07ddf10a4e,,,
W12X336,W12X336,structural_section,human_review,2026-08-05T13:42:27.436641+00:00,1d745723-0715-419f-b5a1-16efe61d9d04,,,
W14X43,W14X30,structural_section,human_review,2026-08-05T13:42:27.628795+00:00,29d28def-55ec-4327-90e6-24343031e1cf,,,
W14X61,W14X26,structural_section,human_review,2026-08-05T13:42:27.833706+00:00,2836c8bf-e6bb-48ff-ad5a-60dcc784d1ad,,,
W14X68,W14X68,structural_section,human_review,2026-08-05T13:42:28.178201+00:00,b22b057e-ac83-4c42-8bbe-03ac1932508b,,,
W14X82,W14X22,structural_section,human_review,2026-08-05T13:42:28.412124+00:00,8add5bed-7f16-46e4-a10f-4c7e1804da51,,,
W14X132,W14X132,structural_section,human_review,2026-08-05T13:42:28.617470+00:00,f0d06d98-1bf7-449f-a7c5-95d974ade9b3,,,
W14X198,W8X18,structural_section,human_review,2026-08-05T13:42:28.912855+00:00,9c77359a-f2a4-4f2e-9e0d-d4524ba92498,,,
L4X4X1/4,L4X4X1/4,structural_section,human_review,2026-08-05T13:42:29.103063+00:00,8950d390-cf99-43e6-b85d-f887f9009a2e,,,
"L3x3x1/4x0'-3"",",2L3X3X1/4,structural_section,human_review,2026-08-05T13:42:29.307779+00:00,0cba5406-402e-4548-ade0-6c9df49414fc,,,
L1x1x1/4,L2X2X1/4,structural_section,human_review,2026-08-05T13:42:29.508133+00:00,0b519077-d8bf-450c-aa07-ba88349e8c07,,,
2 L1x1x1/4,2L3X3X3/8,structural_section,human_review,2026-08-05T13:42:29.710712+00:00,4a2c14f6-d5b3-4a68-b03a-053255d55583,,,
"L3X3X5/16,",HSS3X3X5/16,structural_section,human_review,2026-08-05T13:42:30.152622+00:00,e9013558-06d3-449f-87c0-2f3fae8be94c,,,
"L4X4X3/8X0'-8""",L4X4X3/8,structural_section,human_review,2026-08-05T13:42:30.304728+00:00,41fcca70-0bed-41c7-acad-0a07f1decd5c,,,
2L3x3x1/4,2L3X3X1/2X3/4,structural_section,human_review,2026-08-05T13:42:30.502564+00:00,6fca34c3-aa98-494c-a81c-e956ed0f1f94,,,
"L4x3x1/4x6""",L4X3X5/16,structural_section,human_review,2026-08-05T13:42:30.704372+00:00,58e48d96-9f5e-4f51-bec7-09e36e1d8e80,,,
"L4x3x1/4x2'-0""",L4X3X5/16,structural_section,human_review,2026-08-05T13:42:30.911772+00:00,ccf91bff-212f-45e5-97cf-8822a28f28f3,,,
"L4x3x1/4x1'-0""",L4X3X5/16,structural_section,human_review,2026-08-05T13:42:31.130519+00:00,d187588a-79cf-43f3-85f6-d45f8f56ff07,,,
"L4x4x3/8x0'-6""",L4X4X3/8,structural_section,human_review,2026-08-05T13:42:31.344188+00:00,8fbc1e9a-a333-4695-8874-8fbf0c0ca947,,,
L6x3-1/2x3/8,L3X3X1/4,structural_section,human_review,2026-08-05T13:42:31.565656+00:00,6380cf94-c080-44ff-9ffc-a80991cc3966,,,
"L4X3X3/8X0'-6""",L4X3X3/8,structural_section,human_review,2026-08-05T13:42:31.750666+00:00,66200105-d7ab-4629-9bad-f2e5c1d7ca5f,,,
A325,W14X132,structural_section,human_review,2026-08-05T13:42:31.927333+00:00,6536096b-ea47-4b98-a216-c91225506027,,,
HSS5x3x3/16,HSS5X3X3/16,structural_section,human_review,2026-08-05T13:42:32.116251+00:00,baa28702-a87e-4ff4-9e6c-7ebe9b97bb82,,,
L7X4X3/8,L4X4X3/8,structural_section,human_review,2026-08-05T13:42:32.295652+00:00,1ec09329-583a-46ba-9cf4-2a28b19e9b27,,,
"L3X3X3/8X0'-10""",2L3X3X1/4,structural_section,human_review,2026-08-05T13:42:32.481357+00:00,63ff8074-2e9e-4c1a-b887-8f3c3a8507a1,,,
HSS6X6X3/8,HSS10X6X3/8,structural_section,human_review,2026-08-05T13:42:32.666274+00:00,45def984-6cf2-4d35-8e40-24e7231f5654,,,
HSS8X6X3/8,HSS10X6X3/8,structural_section,human_review,2026-08-05T13:42:32.848036+00:00,6ef7ee28-8b1c-400d-9b10-2be9aae5b981,,,
HSS6X6X1/2,HSS14X6X1/2,structural_section,human_review,2026-08-05T13:42:33.054366+00:00,2292d9ac-7d70-4fc0-86e6-a376cc7f91ef,,,
W10X54,W12X14,structural_section,human_review,2026-08-05T13:42:33.310394+00:00,c3ce665b-99e5-44b4-90dc-ac68c0424b1f,,,
HSS10X0.500,HSS10.000X0.500,structural_section,human_review,2026-08-05T13:42:33.502938+00:00,1f813fe1-fa92-4303-9946-3687b91bbbef,,,
W10X49,W10X49,structural_section,human_review,2026-08-05T13:42:33.695286+00:00,ea8dc994-2a20-4eb1-9cbb-9e7ef2cecf1a,,,
HSS10X0.625,HSS10.000X0.625,structural_section,human_review,2026-08-05T13:42:33.893148+00:00,c004a31d-c3b2-4cee-960e-f665c228d7c2,,,
W8X40,W8X24,structural_section,human_review,2026-08-05T13:42:34.092082+00:00,796f239b-70df-4322-ba38-d73b92b625f6,,,
HSS6X4X3/8,HSS6X4X3/8,structural_section,human_review,2026-08-05T13:42:34.294519+00:00,cc17d384-b393-4731-bd33-51ec25d6a07b,,,
W18X86,W8X28,structural_section,human_review,2026-08-05T13:42:34.496213+00:00,0925789b-0f88-45fe-bf80-92d1369837f1,,,
W18X71,W18X71,structural_section,human_review,2026-08-05T13:42:34.698848+00:00,73860b09-92cd-48f8-83cb-3b9d15cc6f5f,,,
W18X46,W18X46,structural_section,human_review,2026-08-05T13:42:34.897290+00:00,4280a5b5-9091-4b0a-ab59-fe84d8f417e9,,,
W18X65,W18X65,structural_section,human_review,2026-08-05T13:42:35.113383+00:00,8617d197-4543-42dc-892e-44379c8c52e8,,,
W18X55,W18X65,structural_section,human_review,2026-08-05T13:42:35.314229+00:00,746b2c6f-e090-4ee7-bd49-45394b15698f,,,
W16X50,W16X50,structural_section,human_review,2026-08-05T13:42:35.529350+00:00,439c04c3-8689-4940-a991-bcb9d667b8bc,,,
W16X40,W16X40,structural_section,human_review,2026-08-05T13:42:35.762352+00:00,90367436-d5f6-430e-9f76-6e3223579c54,,,
W18X76,W18X46,structural_section,human_review,2026-08-05T13:42:35.960646+00:00,e6b3d83c-9bb1-4504-9339-d5601222fbec,,,
W8X24,W8X24,structural_section,human_review,2026-08-05T13:42:36.161858+00:00,2b3172bf-e1fb-4aec-afc5-5bae083ae2bb,,,
W24X62,W24X62,structural_section,human_review,2026-08-05T13:42:36.363745+00:00,9615fcf6-4859-4e4b-8283-47a493e1ad12,,,
W21X68,W21X68,structural_section,human_review,2026-08-05T13:42:36.582290+00:00,685dd986-aba0-47a4-99e1-f9a79bc46f29,,,
HSS16X8X3/8,HSS16X8X3/8,structural_section,human_review,2026-08-05T13:42:36.780896+00:00,d059893d-faca-4582-bfdd-65996b3c0c5b,,,
C8X11.5,C8X11.5,structural_section,human_review,2026-08-05T13:42:36.995595+00:00,3fa14ff0-40a8-4bf5-bee1-00b412623be9,,,
L5X5X1/2,L5X5X1/2,structural_section,human_review,2026-08-05T13:42:37.203201+00:00,9b7496a1-90fb-4337-9574-92077b543068,,,
L4x4,L4X4X3/8,structural_section,human_review,2026-08-05T13:42:37.409893+00:00,3bc329f9-a011-4bfd-aa06-0eef70c9153e,,,
W21X73,W14X30,structural_section,human_review,2026-08-05T13:42:37.610078+00:00,4cf41454-b362-41fa-9587-4c75e80412fe,,,
HSS20X12X1/2,HSS20X12X1/2,structural_section,human_review,2026-08-05T13:42:37.800090+00:00,3a9015bb-a52d-43d8-81e2-1f8f43884e80,,,
L4X3X1/4,L4X3X1/4,structural_section,human_review,2026-08-05T13:42:37.997280+00:00,5b90828c-0b0e-4776-b03e-57584f27492a,,,
L4X3,L4X3X5/16,structural_section,human_review,2026-08-05T13:42:38.193839+00:00,f4c01029-c1e6-4782-9062-09ccf5f680dc,,,
HSS4X3X5/16,HSS4X3X5/16,structural_section,human_review,2026-08-05T13:42:38.386304+00:00,d9805159-852e-49b7-9c6c-2dda4d099cdc,,,
HSS4X4X5/16,HSS4X4X5/16,structural_section,human_review,2026-08-05T13:42:38.601386+00:00,95396995-8cd2-4197-8c30-802a940c4b38,,,
C8X13.7,C8X13.75,structural_section,human_review,2026-08-05T13:42:38.808801+00:00,251a39e7-43ca-4913-a510-abc1922c71bb,,,
"L4X4X5/16X0'-5""",L4X4X5/16,structural_section,human_review,2026-08-05T13:42:39.004238+00:00,166ac932-05e5-43d9-b9a1-2dd55bb06444,,,
HSS16X0.5,HSS10X10X1/2,structural_section,human_review,2026-08-05T13:42:39.213489+00:00,e340b9be-230f-4d1c-8af2-9dd42a73e7e4,,,
HSS6x2x5/16,HSS6X2X5/16,structural_section,human_review,2026-08-05T13:42:39.414332+00:00,aa6d0cf7-ef02-4952-8394-397afcf950c7,,,
L8X6X1/2X1',L8X8X1,structural_section,human_review,2026-08-05T13:42:39.617961+00:00,695378e7-bc9e-47a7-8bc4-ef2c24d5b57a,,,
L8X8X1/2X1',2L8X8X1,structural_section,human_review,2026-08-05T13:42:39.824361+00:00,618199c7-7d49-4d29-91da-66a7e35e79e5,,,
WT6X15,WT6X11,structural_section,human_review,2026-08-05T13:42:40.020141+00:00,11ff0eba-b4b6-4ab3-8106-4cb941c40443,,,
L6X3,L6X4X3/8,structural_section,human_review,2026-08-05T13:42:40.231042+00:00,efdad92a-3fbd-44dc-82e4-b29772af455c,,,
"L7X4X3/8X0'-11""",L7X4X3/8,structural_section,human_review,2026-08-05T13:42:40.443344+00:00,95f98596-ab00-4027-92b1-223e4f3316a0,,,
"L5X3X3/8X0'-5""",2L5X3X3/8SLBB,structural_section,human_review,2026-08-05T13:42:40.653691+00:00,c2d045f3-b88b-4566-9532-6f0c8cbe29dc,,,
"L4X4X3/8X0'-4""",L4X4X3/8,structural_section,human_review,2026-08-05T13:42:40.861662+00:00,75284e01-141b-4f67-ba12-97a3ca1a485d,,,
"L3X3X3/8,",HSS3X3X3/8,structural_section,human_review,2026-08-05T13:42:41.026398+00:00,aa087af0-5125-4e26-84e7-165e14df41bc,,,
"L4X3X3/8X0'-8""",L4X3X3/8,structural_section,human_review,2026-08-05T13:42:41.203723+00:00,d6ec68fb-b5db-4945-a9c7-29eaf088c99f,,,
C15X33.9,WT8X33.5,structural_section,human_review,2026-08-05T13:42:41.403836+00:00,7dd91f8e-1067-4ae8-ac7f-394e11b97a98,,,
HSS 8x4x1/4,HSS4X4X1/4,structural_section,human_review,2026-08-05T13:42:41.602285+00:00,846928fe-8f0d-4bc6-9630-60efd08f35f1,,,
HSS8X4X3/8,HSS6X4X3/8,structural_section,human_review,2026-08-05T13:42:41.800152+00:00,227851eb-06f1-48e7-86dd-edd795a5bc36,,,
HSS4X4X3/8,HSS4X4X3/8,structural_section,human_review,2026-08-05T13:42:41.980757+00:00,17ac8c00-2ebf-4512-bd06-121fe7dbe532,,,
HSS6x8x1/2,HSS8X8X1/2,structural_section,human_review,2026-08-06T09:59:54.607803+00:00,e22dc8b6-4b5a-443c-9c34-800ccd82d711,,,
HSS10x10,HSS10X10X1/2,structural_section,human_review,2026-08-06T10:00:01.613193+00:00,06b39c70-8069-4783-bfca-8b4ab264d264,,,
L2X2X1/4,2L2X2X1/4,structural_section,human_review,2026-08-10T09:02:51.596067+00:00,25944181-c092-4dba-bb04-7a1074bd2676,0.193200,1,train
W10X33,W10X33,structural_section,human_review,2026-08-10T09:03:45.945207+00:00,4cc07aab-60b3-480f-8f25-25435c1d5b73,0.673000,1,train
HSS10X0.625,HSS10.000X0.625,structural_section,human_review,2026-08-10T09:04:22.865549+00:00,36914f59-a452-4ac1-a276-f0659e5ff23a,0.999600,1,train
HSS10X0.500,HSS10.000X0.500,structural_section,human_review,2026-08-10T09:04:31.272667+00:00,d5b7f99a-c867-43d7-8785-5dc7a883d1d3,0.498600,1,train
W10X54,W10X54,structural_section,human_review,2026-08-10T09:05:18.174178+00:00,81de7a63-5e25-4763-a220-e459fd8c88ac,0.142400,0,test
W10X39,W10X49,structural_section,human_review,2026-08-10T11:24:10.068856+00:00,e3f1c9e8-57e0-4e22-ac68-85dd4985fe4b,0.295400,0,train
W18 X 35,W18X35,structural_section,human_review,2026-08-10T11:25:00.475571+00:00,3751b226-01db-46f6-8688-03044ff1823f,0.569000,1,train
WT8x50,WT8X50,structural_section,human_review,2026-08-10T13:07:30.882236+00:00,29387e93-30cd-4bec-8287-566d99e736b9,0.502600,1,train
W18x50,W18X55,structural_section,human_review,2026-08-10T13:07:55.379302+00:00,54b584d6-4fa9-4afa-a84d-d0bfbce69e4a,0.142000,1,train
C15X33.9,C8X11.5,structural_section,human_review,2026-08-10T13:08:08.046085+00:00,3bca468b-de52-4618-b593-a9dc76ccdb20,0.111100,1,train
HSS6X6X3/8,HSS10X6X3/8,structural_section,human_review,2026-08-10T13:08:21.242443+00:00,874b5391-b937-4f03-b20c-eac2584a4b14,0.319600,1,train
W10X19,W10X49,structural_section,human_review,2026-08-10T13:08:34.215484+00:00,84bea2a0-46a6-4711-af92-ead790a360fe,0.146800,1,train
HSS 8x4x1/4,HSS4X4X1/4,structural_section,human_review,2026-08-10T13:08:49.270127+00:00,ae2df4c2-b6b8-43e9-912b-eb135939578f,0.479800,1,train
HSS8X4X3/8,HSS6X4X3/8,structural_section,human_review,2026-08-10T13:09:03.013754+00:00,137bb8f0-304e-4fec-81dc-dd790e8b07c8,0.464500,1,validation
HSS4X4X3/8,L4X4X3/8,structural_section,human_review,2026-08-10T13:09:17.242226+00:00,1ad14664-ed6d-4710-a0b4-b85900b50c20,0.092700,1,train
W14X34,W14X132,structural_section,human_review,2026-08-10T13:09:31.984806+00:00,a0e08130-c0a9-4a6e-8b6a-a5605756a21a,0.144400,1,train
W8X13,W8X13,structural_section,human_review,2026-08-10T13:09:46.036322+00:00,f95b2736-b01e-43c8-baa0-e885a6e5b46b,0.496800,1,test
C8X11.5,C8X11.5,structural_section,human_review,2026-08-10T13:10:01.410029+00:00,6674c4e4-3cf7-468f-973b-c7df89ed635b,0.401100,1,test
W8X40,W8X31,structural_section,human_review,2026-08-10T13:10:15.498843+00:00,0622affa-51e0-41e9-bb95-36fdc5fc8243,0.076900,1,train
HSS5x5x3/8,HSS4X4X3/8,structural_section,human_review,2026-08-10T13:10:29.834644+00:00,ee443729-5c02-478a-a551-42d5fb1c7480,0.149900,1,train
"HSS5x5x3/8,",HSS4X4X3/8,structural_section,human_review,2026-08-10T13:10:58.457752+00:00,40e42507-7d8a-4e43-bac7-9fe0128436ea,0.158600,1,train
HSS 6X4X3/8,HSS6X4X3/8,structural_section,human_review,2026-08-10T13:11:09.771169+00:00,9f248b4c-0ea0-4e35-88b3-86b3d173ef1e,0.667000,1,train
L7X4X3/8,2L7X4X3/8X3/4LLBB,structural_section,human_review,2026-08-10T13:11:21.083897+00:00,14bedeaa-9dd7-4511-89c2-726a4876235e,0.078400,1,train
HSS8X6X3/8,HSS10X6X3/8,structural_section,human_review,2026-08-10T13:11:32.039139+00:00,d2831e3a-37da-4c25-91fc-0cb24416210c,0.150400,1,train
HSS10X6X3/8,HSS10X6X3/8,structural_section,human_review,2026-08-10T13:11:42.433070+00:00,d15b9c25-5ea4-405c-9012-4a954ede1d03,0.379500,1,validation
HSS8X8X5/8,HSS8X8X1/2,structural_section,human_review,2026-08-10T13:11:54.826638+00:00,faa04148-6cb1-462f-9e5b-e9dd0db37e1d,0.115400,1,train
HSS4X4X5/16,HSS4X3X5/16,structural_section,human_review,2026-08-10T13:12:12.067902+00:00,0c691f31-7ac7-414d-b73a-b14c80c2a47a,0.128100,1,train
HSS6X6X1/4,HSS14X6X1/2,structural_section,human_review,2026-08-10T13:12:32.445768+00:00,26000139-2917-47fe-bd70-88bc66be8682,0.172000,1,train
W8X15,W8X15,structural_section,human_review,2026-08-10T13:12:48.109261+00:00,4be73f46-0de5-491d-942d-616675809382,0.496400,1,train
W12X19,W12X190,structural_section,human_review,2026-08-10T13:13:10.118531+00:00,4f8d61c5-8f63-422b-b427-ef6c80bcac26,0.188200,1,test
W14X26,W10X26,structural_section,human_review,2026-08-10T13:13:29.380983+00:00,b8bdb2f5-f032-4afd-a058-6753ce8d0606,0.185700,1,train
W12X16,W12X26,structural_section,human_review,2026-08-10T13:13:46.489901+00:00,bbd02cba-d9da-45f2-80e9-86f61e8d4441,0.091000,1,train
W12X22,W10X26,structural_section,human_review,2026-08-10T13:14:05.566695+00:00,2669998e-1ae1-4674-a53e-17036dc9fcef,0.102100,1,validation
W12X40,W12X40,structural_section,human_review,2026-08-10T13:14:22.074844+00:00,8cdfb244-087b-449f-91a3-cde75fe99da3,0.480700,1,test
HSS14X6X5/8,HSS10X6X3/8,structural_section,human_review,2026-08-10T13:14:38.815798+00:00,06bd70cb-3328-4649-8725-fa261702f143,0.125100,1,train
HSS14X6X1/2,HSS14X6X3/16,structural_section,human_review,2026-08-10T13:14:56.375438+00:00,867b04f0-b328-4800-8dc0-5e1041d7aa72,0.125100,1,train
W14X30,W14X30,structural_section,human_review,2026-08-10T13:15:18.191197+00:00,e3370f80-6ce4-42c0-8697-15f25b185379,0.687700,1,train
W10X15,W8X15,structural_section,human_review,2026-08-10T13:15:34.907265+00:00,3e73524c-bae9-4bdb-88b9-0bdece341108,0.331100,1,train
W14X22,W14X22,structural_section,human_review,2026-08-10T13:15:50.791588+00:00,91c1a68c-a1cf-47f7-8fb7-c9d4422e397d,0.608400,1,train
W12X50,W12X30,structural_section,human_review,2026-08-10T13:16:09.490681+00:00,a719ad07-1a42-437d-a935-61dcfbe9c4dc,0.097500,1,train
HSS20X8X5/8,HSS20X8X5/8,structural_section,human_review,2026-08-10T13:16:29.908986+00:00,680acbb5-9376-4e5c-9f28-9056af17a95e,0.584800,1,train
HSS18X6X5/16,HSS14X6X5/8,structural_section,human_review,2026-08-10T13:16:43.768315+00:00,a7ce2fa5-32ea-4363-bafa-031f3bf01e90,0.129700,1,train
C7X9.8,C8X11.5,structural_section,human_review,2026-08-10T13:16:57.358364+00:00,6f65c1f4-3a59-4dc9-943a-c53f25fb7bfc,0.322700,1,validation
HSS5X4X5/16,HSS5X4X3/16,structural_section,human_review,2026-08-10T13:17:10.975409+00:00,5268f84c-9a3e-425c-a28a-32352e714952,0.125000,1,train
W10X26,W10X26,structural_section,human_review,2026-08-10T13:17:24.487269+00:00,132e8f42-a42b-4be0-bcd0-73c782ecb61f,0.293500,1,test
W8X24,W8X24,structural_section,human_review,2026-08-10T13:17:38.327642+00:00,a323c18e-03a4-410a-b219-219ae22057ac,0.442000,1,train
HSS8X8X3/8,HSS8X6X3/8,structural_section,human_review,2026-08-10T13:17:52.721427+00:00,4a811129-9397-45be-8ed1-eeb1a824c00c,0.268600,1,train
HSS8X6X1/2,HSS8X6X3/8,structural_section,human_review,2026-08-10T13:18:07.685666+00:00,d8045808-96e4-4ac5-81a2-649bacc7696b,0.116500,1,train
HSS8X3X1/4,HSS8X3X1/2,structural_section,human_review,2026-08-10T13:18:23.939157+00:00,75a2feb5-f073-47e0-98cd-84d37a934865,0.186900,1,train
L3 x 3,L3X3X3/8,structural_section,human_review,2026-08-10T13:18:41.088513+00:00,a2a4ca1f-c3bd-41a4-a2e3-87ef8c4a7226,0.109200,1,train
L3 x 3 x 1/4,L3X3X1/4,structural_section,human_review,2026-08-10T13:18:58.542776+00:00,46a9bc7f-d694-4722-90cd-7f3e94e2a458,0.085000,1,validation
L4x3x5/16,2L4X3X5/16SLBB,structural_section,human_review,2026-08-10T13:19:16.839446+00:00,67bd906d-5360-46a1-b72b-3d9f416fa33b,0.093100,1,train
L3x3x5/16,L4X3X5/16,structural_section,human_review,2026-08-10T13:19:35.083547+00:00,d880c0bc-c3af-4170-bac2-11bf7e46408f,0.134000,1,train
L4x4x3/8,HSS4X4X3/8,structural_section,human_review,2026-08-10T13:19:51.808172+00:00,dfb4c2c2-0723-4809-9141-cf8299cf467e,0.085300,1,validation
W12X26,W14X22,structural_section,human_review,2026-08-10T13:20:08.239262+00:00,f2027684-b5d8-4690-b0e6-d351c818fed5,0.091500,1,train
WT4x15.5,WT4X15.5,structural_section,human_review,2026-08-10T13:20:23.171611+00:00,37e8a615-2a7e-4718-a31b-59ee6f84a84e,0.691800,1,train
WT 8x18,WT8X18,structural_section,human_review,2026-08-10T13:20:37.578231+00:00,22743a9d-c7d1-4818-b052-258afaa95ffa,0.185900,1,train
WT8x18,WT8X18,structural_section,human_review,2026-08-10T13:21:00.888176+00:00,fb86311d-dad9-489d-85f4-7b21af0b53b0,0.201100,1,train
W8 x 15,W8X15,structural_section,human_review,2026-08-10T13:21:24.990729+00:00,c46d2d5d-ad61-4ba0-8178-7f033c4ae928,0.519200,1,train
L4 x 4,L4X4X3/8,structural_section,human_review,2026-08-10T13:21:45.407146+00:00,c97a0ef9-c0ba-4224-ad75-eaab8410a9e9,0.226100,1,train
"L4 x 4 x 1/4""",2L4X4X1/2X3/4,structural_section,human_review,2026-08-10T13:21:58.997369+00:00,170b7bdc-a533-4d2e-bc59-c60493aff1bb,0.091200,1,validation
L2 x 2,2L2X2X3/8X3/4,structural_section,human_review,2026-08-10T13:22:12.726347+00:00,c5ccd08b-8c79-445d-af99-7c116d25d980,0.101600,1,train
"L2 x 2 x 3/16""",L2X2X3/16,structural_section,human_review,2026-08-10T13:22:25.573536+00:00,de7b955d-4c8e-4f68-825c-ee42ec5e7105,0.252200,1,train
HSS 3 x 3,HSS3X3X5/16,structural_section,human_review,2026-08-10T13:22:36.237756+00:00,3beec7c6-54dc-4065-aa7f-3b5ea52906a6,0.147700,1,train
HSS 3 x 3 x 1/4,L3X3X1/2,structural_section,human_review,2026-08-10T13:22:47.388588+00:00,4acd1076-804c-49ba-935a-f6b1c9c245ea,0.101900,1,train
L4 x 4 x 1/4,L4X4X5/16,structural_section,human_review,2026-08-10T13:22:57.802658+00:00,4cd436d2-4e2e-4ca1-ac16-7cbd896310c6,0.091000,1,test
L5x5x5/16,2L5X5X5/8X3/8,structural_section,human_review,2026-08-10T13:23:14.322066+00:00,facb7114-1774-40dd-b6ec-ecf3a43bb2ba,0.093000,1,train
L5x5,L5X5X1/2,structural_section,human_review,2026-08-10T13:23:27.596419+00:00,b870c80a-e117-465c-9fa6-471bfb97fcc2,0.213600,1,train
L's 3 x 3,HSS3X3X1/8,structural_section,human_review,2026-08-10T13:23:46.280305+00:00,efc6d930-873d-411a-9c27-1823313416b4,0.169100,1,train
L 4 x 4,L4X3X1/4,structural_section,human_review,2026-08-10T13:24:01.606145+00:00,7c1b9cad-b4e7-4f75-b4fc-1b96c272fef9,0.199700,1,train
L 4 x 4 x 5/16,2L4X4X5/16,structural_section,human_review,2026-08-10T13:24:16.864948+00:00,e55841c7-8ebf-4cc9-b0cb-889d3016855d,0.092600,1,train
L 3 x 3,L3X3X3/8,structural_section,human_review,2026-08-10T13:24:30.987050+00:00,bfe54bd3-99b1-401c-bb08-91ce29185725,0.104300,1,test
L 3 x 3 x 1/4,L3X3X1/4,structural_section,human_review,2026-08-10T13:24:38.843625+00:00,0dfc29d0-0fd5-4055-b271-0c7f363b3dc2,0.084800,1,train
L2x2x3/16.,L2X2X3/16,structural_section,human_review,2026-08-10T13:24:46.590449+00:00,67a435b8-2aaf-439f-9469-e82b9b293757,0.216800,1,train
L 5 x 3 x 5/16,L5X3X5/16,structural_section,human_review,2026-08-10T13:24:54.381664+00:00,73969dfb-9b43-4630-97fd-dd9d49f673ee,0.130700,1,train
L 4 x 3,L4X3X1/4,structural_section,human_review,2026-08-10T13:25:01.892567+00:00,9016205d-a6b2-44c7-846c-c8f87be4fdf9,0.168100,1,train
L 4 x 3 x 1/4,2L4X3X1/4X3/4SLBB,structural_section,human_review,2026-08-10T13:25:08.932221+00:00,11e28592-f2d6-4cf4-8bbe-96e7c80e7126,0.077400,1,test
L4x3x1/4,2L4X3X1/4X3/4SLBB,structural_section,human_review,2026-08-10T13:25:16.530856+00:00,1aa8d45f-c8a7-459f-a043-b11cd47888fc,0.077300,1,train
C6x8.2,C6X13,structural_section,human_review,2026-08-10T13:25:23.858265+00:00,96a5e8d9-a40d-4ba6-b9b8-c4d8b30cfeaa,0.101200,1,train
L7 x 4,2L7X4X1/2X3/8LLBB,structural_section,human_review,2026-08-10T13:25:31.041559+00:00,55103619-6f0e-4b67-905e-6a2d7388e134,0.091800,1,train
"L3 x 3 x 3/16"")",HSS3X3X3/8,structural_section,human_review,2026-08-10T13:25:41.097311+00:00,045835d4-4ae9-44c1-a2c9-9b0aa3e6a498,0.105000,1,train
"L4X4X5/16,",2L4X4X5/16,structural_section,human_review,2026-08-10T13:25:58.838838+00:00,141d2235-82d5-4ad5-abf5-8e763a09b0e0,0.092500,1,train
HSS 6x6x3/8,HSS10X6X3/8,structural_section,human_review,2026-08-10T13:26:13.552503+00:00,dcd12377-3a05-4942-81f0-3d2d0885d5f4,0.315500,1,train
HSS6X4X3/8,HSS6X4X3/16,structural_section,human_review,2026-08-10T13:26:27.206336+00:00,f74650f9-aab9-4026-bfa2-cd2f4ba74a31,0.141500,1,validation
"C7X9.8,",C6X8.2,structural_section,human_review,2026-08-10T13:26:39.015026+00:00,417de97d-f6f3-4c35-8e23-d59b7142b086,0.262800,1,validation
L3X3X1/4,2L3X3X1/2,structural_section,human_review,2026-08-10T13:26:46.485283+00:00,755def83-5437-4817-9ba5-9d06a7e6a594,0.083400,1,train
L6X4X3/8,L4X4X3/8,structural_section,human_review,2026-08-10T13:26:55.060810+00:00,39ccb1b8-199c-40bc-893d-18a4536b2f0c,0.390000,1,test
W14X233,W10X33,structural_section,human_review,2026-08-10T13:27:07.938844+00:00,eca85ac4-ff74-410f-9196-1345c895f020,0.251200,1,test
W14X193,W14X193,structural_section,human_review,2026-08-10T13:27:18.051825+00:00,78a12101-6dfc-4e22-a017-e11a2da6df04,0.310900,1,train
L5x5x3/8,L5X5X3/8,structural_section,human_review,2026-08-10T13:27:25.629741+00:00,bcf80484-69c3-4bd0-87f3-afaadd0a5a99,0.350700,1,train
HSS5x5,HSS5X3X5/16,structural_section,human_review,2026-08-10T13:27:33.059116+00:00,adb97bef-e36c-4c03-8ff6-a91db6f47862,0.126800,1,train
L6x6x3/8,L6X6X3/8,structural_section,human_review,2026-08-10T13:27:40.030802+00:00,b918d6d9-7e8b-458f-ad6d-4d7ecfb2b29d,0.542800,1,validation
W16x26,W16X26,structural_section,human_review,2026-08-11T10:16:25.967073+00:00,61110625-5572-4871-bd9a-ce6fccabfffb,0.203400,0,train
A325,W14X132,,human_review,2026-08-11T11:17:07.328700+00:00,0b693cde-cb28-42b4-ae91-c49eb41cf936,0.000000,1,train
A325,W14X132,,human_review,2026-08-11T11:17:35.025570+00:00,bdf5f8ab-5274-492b-998c-619191b53000,0.000000,1,train
W10X60,W10X60,structural_section,human_review,2026-08-11T11:19:03.316740+00:00,a18712f6-33b2-47d8-b653-ee842f30aa4f,0.315200,1,test
W36x170,W36X170,structural_section,human_review,2026-08-11T11:20:28.563786+00:00,9e899ffd-6cb5-43b9-9b55-7c98de8476d1,0.526400,1,train
W12x45,W12X45,structural_section,human_review,2026-08-11T11:20:49.586565+00:00,87425864-cb3a-4a1a-a403-e77b63eb37be,0.376000,1,train
W18x46,W18X46,structural_section,human_review,2026-08-11T11:21:01.078348+00:00,34b08105-c5f4-4e83-8ab3-74824e4dc995,0.214500,1,train
W24x55,W12X65,structural_section,human_review,2026-08-11T11:21:12.102655+00:00,b49dc56c-b6d8-4892-a5f2-4c8706606d0a,0.204100,1,train
W14x22,W14X22,structural_section,human_review,2026-08-11T11:21:21.634782+00:00,4308c067-a004-4924-9d09-c1892a6917b6,0.249900,1,train
W16x26,W10X22,structural_section,human_review,2026-08-11T11:21:30.844885+00:00,593a6f26-6ac3-4ce4-9a79-94651a90af18,0.169000,1,train
"HSS3x3x1/4,",HSS3X3X1/8,structural_section,human_review,2026-08-11T11:21:39.446305+00:00,c1c4ae39-6f22-4cbf-a2b2-2f22b5f45151,0.117000,1,train
"HSS3x3,",HSS3X3X3/8,structural_section,human_review,2026-08-11T11:21:48.472448+00:00,b7c3e3e5-2c66-437f-a312-6b0e94faa8e3,0.247000,1,train
HSS6x8x1/2,L8X8X1/2,structural_section,human_review,2026-08-11T11:21:58.177407+00:00,64bf0722-6e76-4b80-b9dd-e37d129fb944,0.101800,1,train
PL 1x9x1'-9,L3X3X1/4,structural_section,human_review,2026-08-11T11:22:08.369869+00:00,5c8bcb6a-d72a-4894-a272-66932501812e,0.125800,1,train
HSS8x6x1/2,HSS8X6X3/16,structural_section,human_review,2026-08-11T11:22:17.454600+00:00,986ae070-53c9-41b5-a29d-a0c89b669fc4,0.103200,1,train
HSS8x8x1/2,HSS8X8X1/4,structural_section,human_review,2026-08-11T11:22:26.152237+00:00,bee7f869-4550-440a-a652-629d25aedcad,0.131100,1,train
L5x3x1/4,2L5X3X1/2SLBB,structural_section,human_review,2026-08-11T11:22:40.013492+00:00,4458e7ee-65f8-4305-a2cd-ba363581a6a1,0.077100,1,train
L5x5x5/16,L4X3X5/16,structural_section,human_review,2026-08-11T11:22:49.698834+00:00,f0565ee7-5cd4-452d-88bd-7565733f0aa9,0.100600,1,train
L4x4x1/4,L4X4X1/4,structural_section,human_review,2026-08-11T11:22:59.416965+00:00,77948ff0-4ba5-4e62-8425-d3f590af390d,0.220500,1,train
L3x3x1/4,2L3X3X1/2X3/4,structural_section,human_review,2026-08-11T11:23:09.123697+00:00,ec8ecc0c-a322-4bf4-a191-cae5f6060be9,0.083600,1,train
L2x2x1/4,2L2X2X1/8,structural_section,human_review,2026-08-11T11:23:24.789048+00:00,0b760790-1fb5-4add-baef-b6ee1cb575cd,0.095700,1,train
HSS 8X8X3/8,HSS8X8X5/16,structural_section,human_review,2026-08-11T11:23:34.527998+00:00,420ddbe8-0008-43e3-8a3b-3ee23b4c71c3,0.126600,1,train
W16x45,W16X45,structural_section,human_review,2026-08-11T11:23:43.218511+00:00,0f8d237c-ff05-4502-aa0f-d2f9050e5221,0.250900,1,train
W16x50,W36X150,structural_section,human_review,2026-08-11T11:23:56.741121+00:00,19fe7af7-0e5e-4613-8164-02991a406300,0.342800,1,train
W36x150,W36X150,structural_section,human_review,2026-08-11T11:24:09.849890+00:00,5945fb1f-99e4-4236-a9ea-d2b6ddd4d7c5,0.385500,1,train
W24x84,W24X84,structural_section,human_review,2026-08-11T11:24:20.268528+00:00,cce77c57-13b4-4470-9e87-34171bf062ae,0.580300,1,train
HSS4x4x1/4.,HSS4X4X1/8,structural_section,human_review,2026-08-11T11:24:34.543502+00:00,4874a527-45b2-424c-9653-7f0e506114e7,0.101100,1,train
HSS10X0.625,HSS12.000X0.625,structural_section,human_review,2026-08-11T12:24:06.123033+00:00,dd80318a-7c25-48e2-a335-70b9966c5dc0,0.143100,1,train
W10X39,W10X49,structural_section,human_review,2026-08-11T12:24:16.060003+00:00,3734f525-00b9-4f7c-a218-297772098724,0.219400,1,train
W10X49,W10X54,structural_section,human_review,2026-08-11T12:24:26.058381+00:00,da838a59-5b25-411a-bcc3-14f3ff4cd800,0.264300,1,train
HSS10X0.500,HSS10.000X0.625,structural_section,human_review,2026-08-11T12:24:35.990563+00:00,7d614cb1-f81a-4420-857f-f1e9b5af375e,0.142900,1,test
W10X54,W10X54,structural_section,human_review,2026-08-11T12:24:45.809507+00:00,6f6caaf7-7a5f-49c7-99a1-2c191069de59,0.347900,1,train
HSS6X6X1/2,HSS6X6X5/8,structural_section,human_review,2026-08-11T12:24:59.036403+00:00,25724281-244f-4eb7-8038-21429f33baf6,0.100500,1,train
HSS8X6X3/8,HSS8X8X3/8,structural_section,human_review,2026-08-11T12:25:11.060371+00:00,e1ec7022-6581-43c6-80f5-0f9c1e95a4ef,0.092100,1,train
HSS6X6X3/8,HSS6X6X1/4,structural_section,human_review,2026-08-11T12:25:21.045310+00:00,de434232-95b6-4f08-9128-00e533666fc5,0.085900,1,train
"L3X3X3/8X0'-10""",L3X3X3/16,structural_section,human_review,2026-08-11T12:25:31.976328+00:00,565f6258-d9cb-4e15-8fe9-093512123800,0.453300,1,train
L7X4X3/8,L3X3X3/8,structural_section,human_review,2026-08-11T12:26:13.791491+00:00,3ed0fc74-a3a3-4338-a70a-f8966f89a33b,0.066700,1,train
HSS5x3x3/16,L5X3X3/8,structural_section,human_review,2026-08-11T12:26:25.304526+00:00,0d23b9cf-ba3f-4441-9237-4829064d2e9f,0.100300,1,validation
"L4X3X3/8X0'-6""",L4X4X3/8,structural_section,human_review,2026-08-11T12:26:39.472841+00:00,b019280b-1371-40ad-a2f6-14b242369f7f,0.213400,1,train
L6x3-1/2x3/8,L6X6X3/8,structural_section,human_review,2026-08-11T12:26:53.094766+00:00,f2a33f2b-069e-4ba8-a6f6-f236b0313fa7,0.242900,1,train
"L4x4x3/8x0'-6""",2L4X4X3/4X3/4,structural_section,human_review,2026-08-11T12:27:05.636259+00:00,79bcd611-d335-4f7b-98f0-db19ca3c332f,0.091200,1,validation
"L4x3x1/4x1'-0""",L3X3X1/2,structural_section,human_review,2026-08-11T12:27:19.235760+00:00,8cf8f05f-525f-447b-9ae4-f85af63206ab,0.100200,1,test
"L4x3x1/4x2'-0""",L3X3X1/2,structural_section,human_review,2026-08-11T12:27:30.113128+00:00,f627aa19-5a4a-47cc-94ea-32e6e1dcebd5,0.100100,1,train
"L4x3x1/4x6""",2L4X3X1/2LLBB,structural_section,human_review,2026-08-11T12:27:42.816420+00:00,084a09bd-893f-423c-b813-11dbea6f1913,0.100100,1,train
2L3x3x1/4,2L3X3X1/2X3/8,structural_section,human_review,2026-08-11T12:27:52.223288+00:00,bc66d685-e04e-4316-ae05-98395ab6bef4,0.143300,1,train
"L4X4X3/8X0'-8""",2L4X4X3/4X3/4,structural_section,human_review,2026-08-11T12:28:03.504411+00:00,3b56703e-7b66-4427-943d-9285a5d5df1f,0.091200,1,train
"L3X3X5/16,",2L3X3X5/16,structural_section,human_review,2026-08-11T12:28:16.403159+00:00,09273994-64fc-4000-ba1e-4c1b4d01969f,0.145900,1,train
2 L1x1x1/4,2L4X4X1/2X3/4,structural_section,human_review,2026-08-11T12:28:26.353657+00:00,73943076-7233-4fbd-a14f-cb499cdd18db,0.142900,1,validation
L1x1x1/4,L6X4X1/2,structural_section,human_review,2026-08-11T12:28:35.771639+00:00,187ca5ad-9353-42b7-a5ae-c56349239ed6,0.100000,1,train
"L3x3x1/4x0'-3"",",L3X3X1/4,structural_section,human_review,2026-08-11T12:28:44.464833+00:00,31e6e9fe-0460-40ad-8240-18e44eb91de8,0.567700,1,train
WT7X19,WT7X19,structural_section,human_review,2026-08-11T12:28:53.189697+00:00,d25e954d-fa7f-4fc2-a0ae-1a0caceb7667,0.524800,1,train
W14X145,W10X15,structural_section,human_review,2026-08-11T12:29:01.852183+00:00,6d80ab6b-3a98-4bfb-b922-b4ef23d89d2b,0.124100,1,train
HSS10X6X3/8,HSS10X6X3/8,structural_section,human_review,2026-08-12T13:03:34.475724+00:00,91c7757d-cb33-43b2-bd2a-419dc0df22af,0.000000,0,train
HSS10X6X3/8,HSS10X6X3/8,structural_section,human_review,2026-08-12T13:04:04.886351+00:00,896fff40-99c2-490f-bf94-4d9bc85f6710,0.217400,1,train
HSS10X6X3/8,HSS10X6X3/4,structural_section,human_review,2026-08-12T13:04:30.290096+00:00,353e66b6-1dcc-4335-aed2-55f877fce64e,0.217400,1,train
HSS10X6X3/8,HSS10X6X3/8,structural_section,human_review,2026-08-12T13:05:07.318241+00:00,422a085d-21a4-4f96-9149-de50a0e17ce5,0.217400,1,train
W8X40,W8X24,structural_section,human_review,2026-08-12T13:07:41.568072+00:00,602d3cc7-4602-4d16-bc82-4da5dd4d3fb6,0.000000,1,train
HSS10X0.500,HSS10.000X0.500,structural_section,human_review,2026-08-12T13:07:58.531184+00:00,32701a5f-d4c6-4134-a33e-89906524c59d,0.000000,1,train
W10X60,W10X60,structural_section,human_review,2026-08-12T13:08:15.063542+00:00,bdebf19a-6dfc-4593-aba5-b86f5935413b,0.356800,1,train
W10X39,W10X12,structural_section,human_review,2026-08-12T13:08:30.366427+00:00,8c5736a0-1746-45d3-9f90-95167eab8e6f,0.000000,1,train
W10X49,W10X54,structural_section,human_review,2026-08-12T13:08:45.033408+00:00,9f783eb2-c724-4e7f-bb6b-4f8cab386be7,0.000000,1,train
W10X54,W10X54,structural_section,human_review,2026-08-12T13:09:00.154959+00:00,bb6ee649-161c-492e-9766-a563c7dd7cca,0.525400,1,train
HSS10X0.625,HSS10.000X0.500,structural_section,human_review,2026-08-12T13:10:37.779967+00:00,7831ab8f-8adf-4264-ba1a-6e66cfc7abf0,0.000000,1,train
W10X45,W12X14,structural_section,human_review,2026-08-12T13:11:26.227587+00:00,5e7f30e0-96f4-4c5f-b68d-c856f4fc7835,0.000000,1,validation
HSS6X6X1/2,HSS6X6X1/8,structural_section,human_review,2026-08-12T13:12:00.691334+00:00,ae7dc493-b141-4854-864f-c4d1c736424a,0.000000,1,train
HSS8X6X3/8,HSS8X8X3/8,structural_section,human_review,2026-08-12T13:12:20.777209+00:00,1876717b-cf16-44b1-b129-d41a912b85cf,0.000000,1,train
HSS6X6X3/8,L6X6X3/8,structural_section,human_review,2026-08-12T13:12:42.092696+00:00,34281c3e-1049-4ab1-af0a-66d981c47783,0.000000,1,train
L6x3,L3X3X3/8,structural_section,human_review,2026-08-12T13:13:14.678868+00:00,36904b17-b895-48f8-ade1-32d80b98ec0e,0.000000,1,train
L4X3X3,L4X3X3/8,structural_section,human_review,2026-08-12T13:13:36.493878+00:00,deed7797-c7ad-4baf-9437-1c09306221de,0.000000,1,train
2L3x3x1/4,L3X3X1/4,structural_section,human_review,2026-08-12T13:13:58.036727+00:00,52d05f17-05f9-4602-b2a0-21f2d61b694c,0.000000,1,validation
PL 4,L2X2X1/4,structural_section,human_review,2026-08-12T13:14:20.088955+00:00,7fb2f1d7-3007-4597-8053-702d59372381,0.200900,1,train
L4x4x1/4,2L4X4X1/4,structural_section,human_review,2026-08-12T13:14:39.242974+00:00,dacc9164-fc9c-44f3-bf78-c12b3847e9c0,0.000000,1,train
L4x3x1,L4X3X5/16,structural_section,human_review,2026-08-12T13:14:56.404242+00:00,cc6beae0-2506-4bc0-9f21-201d841a4379,0.995400,1,train
L3x3x1,2L3X3X1/2,structural_section,human_review,2026-08-12T13:15:13.825304+00:00,2d0717c0-a370-46cc-bf21-90e4d8d35ff1,0.313800,1,train
L3X3X5/16,2L3X3X5/16,structural_section,human_review,2026-08-12T13:15:35.302673+00:00,6e434939-d2d2-4f21-b6d6-7b8da5bdf4db,0.000000,1,train
PL 1 PL11,2L12X12X1,structural_section,human_review,2026-08-12T13:15:51.481611+00:00,45b08fee-a574-4fe5-8a6b-fed13ba4b13b,0.167700,1,train
W10X112,W10X112,structural_section,human_review,2026-08-12T13:16:06.694756+00:00,c711d166-5ae1-4390-9f5d-0754f182408d,0.294900,1,train
W10X33,W10X30,structural_section,human_review,2026-08-12T13:16:24.483711+00:00,1893c8dc-b4a8-4a5e-9492-a4ba713dfe95,0.000000,1,train
L5x3,L5X5X3/8,structural_section,human_review,2026-08-12T13:16:45.747124+00:00,14d9c441-d95b-441f-9d9b-06f6da4d721b,0.000000,1,test
L4X3X3/8,2L4X3X3/8LLBB,structural_section,human_review,2026-08-12T13:17:04.233461+00:00,8928ad69-6af1-4af4-8ed7-872db4214580,0.000000,1,test
W10X60,W10X60,structural_section,human_review,2026-09-01T13:33:18.283361+00:00,03df8c97-89ca-482b-8435-13cc604babe6,0.982000,1,train
W10X39,W10X39,structural_section,human_review,2026-09-01T13:33:18.290368+00:00,4fda98fa-2f1f-4145-8c07-536c4fcdbc10,0.898100,1,train
W10X49,W10X49,structural_section,human_review,2026-09-01T13:33:18.290510+00:00,6d9baa85-dcd1-41f5-9c35-b535dc9648a5,0.836900,1,train
W10X54,W10X54,structural_section,human_review,2026-09-01T13:33:18.290564+00:00,6bc0fe5b-192a-416b-ba70-cd6b7f88b554,0.975300,1,train
W10X45,W10X45,structural_section,human_review,2026-09-01T13:33:18.290601+00:00,afc4ad1c-4aa6-4056-97b0-3dacc43d4f42,0.834600,1,train
W10X33,W10X33,structural_section,human_review,2026-09-01T13:33:18.290662+00:00,8c1fe974-30fd-440b-b41e-c0f08394f66d,0.990900,1,train
C8X11.5,C8X11.5,structural_section,human_review,2026-09-01T13:33:18.290693+00:00,392492dc-e2a1-4ba1-8cf1-ec67ea3a1735,0.587500,1,train
W12X30,W12X30,structural_section,human_review,2026-09-01T13:33:18.290723+00:00,2e09184a-403c-44d2-a6d2-31cb2d4663b2,0.998900,1,train
W21X48,W21X48,structural_section,human_review,2026-09-01T13:33:18.290754+00:00,a0753491-c351-48d2-b587-c074ddea9298,0.850000,1,validation
HSS20X8X5/8,HSS20X8X5/8,structural_section,human_review,2026-09-01T13:33:18.290803+00:00,7f3e2a1a-a806-4121-ac37-829d839d1508,0.550000,1,train
W12X40,W12X40,structural_section,human_review,2026-09-01T13:33:18.290832+00:00,f4935525-b0d7-42ce-af4a-85228cec59ae,0.629700,1,train
W10X22,W10X22,structural_section,human_review,2026-09-01T13:33:18.290861+00:00,267edc88-c65a-4794-9d1b-17b0106773b9,0.786800,1,train
W30X90,W30X90,structural_section,human_review,2026-09-01T13:33:18.290890+00:00,63dead3b-8548-4f2f-9069-9953eaf3f081,0.990800,1,train
W10X15,W10X15,structural_section,human_review,2026-09-01T13:33:18.290918+00:00,c11c23a9-f9b1-44a4-b172-4a796f31c73e,0.778800,1,train
W16X36,W16X36,structural_section,human_review,2026-09-01T13:33:18.290947+00:00,bf739dae-4065-464a-994c-562af4e2c9d0,0.930700,1,train
W21X55,W21X55,structural_section,human_review,2026-09-01T13:33:18.290975+00:00,ad2ecac2-819e-4200-8b94-066b4b85c57b,0.995800,1,train
W12X16,W12X16,structural_section,human_review,2026-09-01T13:33:18.291003+00:00,e7ce1c27-4c24-4b1f-a7f6-fe907c0c8706,0.636500,1,train
W27X84,W27X84,structural_section,human_review,2026-09-01T13:33:18.291032+00:00,bb1f3e39-d53f-4c05-aa4d-05180c86e791,0.975100,1,train
W14X198,W14X68,structural_section,human_review,2026-09-01T13:33:18.291059+00:00,3d91f01b-513e-47be-be3b-2f25de0593f5,0.000000,1,train
W14X145,W14X145,structural_section,human_review,2026-09-01T13:33:18.291087+00:00,8fbc94a2-509f-494e-839f-dc84dcba638d,0.972900,1,train
W14X132,W14X132,structural_section,human_review,2026-09-01T13:33:18.291114+00:00,f0d44e60-37b6-4680-a29c-40442ef3ca08,0.720000,1,validation
W14X82,W14X82,structural_section,human_review,2026-09-01T13:33:18.291176+00:00,1d34f328-049b-44ea-be16-4def480f7d0d,0.720000,1,test
W14X68,W14X68,structural_section,human_review,2026-09-01T13:33:18.291204+00:00,66cc60bf-8802-4131-b352-861f1054e1c3,0.720000,1,train
W14X61,W14X61,structural_section,human_review,2026-09-01T13:33:18.291230+00:00,21cd4bd4-5efd-4a95-af4f-9c92c7cb3e03,0.720000,1,train
W12X120,W12X120,structural_section,human_review,2026-09-01T13:33:18.291256+00:00,81f8fd46-68d6-4a17-b5cb-55b156b09a3e,0.971500,1,train
W12X106,W12X106,structural_section,human_review,2026-09-01T13:33:40.481654+00:00,8b14f728-90dd-48a3-9fcd-bda6905b3eb9,0.720000,1,train
HSS10X0.500,HSS10.000X0.500,structural_section,human_review,2026-09-01T13:33:40.481808+00:00,2b52b7b1-b6c2-47c8-93fc-d5594baaf130,0.146500,1,train
HSS10X0.625,W10X54,structural_section,human_review,2026-09-01T13:33:40.481878+00:00,98a700c7-3aa7-4dbb-bd45-49ea30d7b8f6,0.142900,1,train
HSS6X6X1/2,HSS6X6X1/2,structural_section,human_review,2026-09-01T13:33:40.481936+00:00,c9577663-8ef9-49c6-8a9f-24198c43b3d1,0.870000,1,validation
HSS8X6X3/8,HSS8X6X3/8,structural_section,human_review,2026-09-01T13:33:40.481994+00:00,f2a1da6f-6997-4425-84af-264d998708da,0.870000,1,train
HSS6X6X3/8,HSS6X6X3/8,structural_section,human_review,2026-09-01T13:33:40.482047+00:00,fb794d45-ba02-47ad-b300-c993bdbb5695,0.870000,1,validation
L4X3-1/2X5/16,L4X3X5/16,structural_section,human_review,2026-09-01T13:33:40.482097+00:00,4a245480-f80d-45b0-817b-e0883c5c9d3f,0.000000,1,train
"L3X3X3/8X0'-10""",L3X3X3/8,structural_section,human_review,2026-09-01T13:33:40.482147+00:00,c6be5181-e54d-45dd-81c7-a55c05ba6d5a,0.870000,1,train
L6x3-1/2x3/8,L6X4X3/8,structural_section,human_review,2026-09-01T13:33:40.482198+00:00,86629529-d780-4377-9b84-34bacb27c62e,0.000000,1,train
"L4X3X3/8X0'-6""",L4X3X3/8,structural_section,human_review,2026-09-01T13:33:40.482248+00:00,2789bd0e-5010-43b8-9e19-0d43b2be6dd2,0.870000,1,train
2L3x3x1/4,2L3X3X1/4,structural_section,human_review,2026-09-01T13:33:40.482299+00:00,363f08bf-475a-40d2-b6d5-4162e7ecb7b4,0.870000,1,train
"L4x3x1/4x2'-0""",L4X3X1/4,structural_section,human_review,2026-09-01T13:33:40.482348+00:00,73f9e7e8-6f7b-4831-87fc-57b0c3744de5,0.870000,1,train
"L4x3x1/4x1'-0""",L4X3X1/4,structural_section,human_review,2026-09-01T13:33:40.482396+00:00,0e87f266-d137-442d-8b4a-0afe1de6726a,0.870000,1,train
"L4x3x1/4x6""",L4X3X1/4,structural_section,human_review,2026-09-01T13:33:40.482459+00:00,0eeb0e2e-5a7e-4490-938b-7cc89420bfcb,0.870000,1,validation
"L3x3x1/4x0'-3"",",L3X3X1/4,structural_section,human_review,2026-09-01T13:33:40.482507+00:00,c2edea94-0f60-49e5-8489-fe3c4a033025,0.870000,1,train
"L4X4X3/8X0'-8""",L4X4X3/8,structural_section,human_review,2026-09-01T13:33:40.482558+00:00,f8090ce2-cad8-4ab6-95f0-2d3bb44a0110,0.870000,1,test
"L3X3X5/16,",L3X3X5/16,structural_section,human_review,2026-09-01T13:33:40.482606+00:00,766938cc-0800-4071-a7f5-f90f59c23654,0.870000,1,train
W12X252,W12X252,structural_section,human_review,2026-09-01T13:33:40.482654+00:00,f9447590-9743-4516-868c-246d665b3fe7,0.870000,1,test
L5x3-1/2x3/8,L5X3X5/16,structural_section,human_review,2026-09-01T13:33:40.482700+00:00,eadaf96b-7c8d-4064-8028-09bca4c9d43c,0.000000,1,train
L3x3x3/8,L3X3X3/8,structural_section,human_review,2026-09-01T13:33:40.482749+00:00,38b21e49-f5fc-4fa1-9cfa-9d679727a7d7,0.870000,1,train
"L3X3X3/8X0'-6""",L3X3X3/8,structural_section,human_review,2026-09-01T13:33:56.710454+00:00,9700b1b1-c194-4497-a1d1-d9287e17b719,0.870000,1,train
C8x11.5.,C8X11.5,structural_section,human_review,2026-09-01T13:33:56.710590+00:00,53a28761-d784-425b-ac73-69f6af3ad263,0.870000,1,validation
L4X4X3/8,L4X4X3/8,structural_section,human_review,2026-09-01T13:33:56.710656+00:00,19d3e770-acda-48f1-97c7-f66dd95cba94,0.870000,1,train
HSS14X6X5/8,HSS14X6X5/8,structural_section,human_review,2026-09-01T13:33:56.710707+00:00,9d99f4c9-a656-4563-9ad1-56237e14c964,0.870000,1,train
HSS14X6X1/2,HSS14X6X1/2,structural_section,human_review,2026-09-01T13:34:40.156940+00:00,2db2357f-29d7-4d07-ac3b-ba035c438c2f,0.870000,1,train
HSS12X6X3/8,HSS12X6X3/8,structural_section,human_review,2026-09-01T13:34:40.157121+00:00,a6794bcb-dacf-4951-b875-485654b5c4b9,0.870000,1,train
W12X19,W12X19,structural_section,human_review,2026-09-01T13:34:40.157206+00:00,590abfc9-09ba-4e81-9556-9c2e143481ef,0.870000,1,train
HSS10X6X3/8,HSS10X6X3/8,structural_section,human_review,2026-09-01T13:34:40.157271+00:00,cc40cb8f-c855-4c06-beb4-059564952c51,0.870000,1,train
W12X26,W12X26,structural_section,human_review,2026-09-01T13:34:40.157324+00:00,c539fc35-e9bf-4ae3-b67a-3287574a5d9c,0.870000,1,train
W10X19,W10X19,structural_section,human_review,2026-09-01T13:34:40.157377+00:00,bda79d68-d3a3-49b7-8af2-706199655bc7,0.870000,1,train
W18X50,W18X50,structural_section,human_review,2026-09-01T13:34:40.157530+00:00,a3ba7cf6-9604-491f-b891-8943c4c12413,0.870000,1,train
HSS10X8X3/8,HSS10X8X3/8,structural_section,human_review,2026-09-01T13:34:40.157609+00:00,afad103c-23da-4381-8846-2ffe09b2d224,0.870000,1,train
HSS3X3X1/4,HSS3X3X1/4,structural_section,human_review,2026-09-01T13:34:40.157666+00:00,f805a8af-534c-47bc-b3e9-3b9311f96e2e,0.717800,1,train
W8X28,W8X28,structural_section,human_review,2026-09-01T13:34:40.157722+00:00,bc6d449b-c0d7-4aaf-8eb3-8830d83b6ae4,0.766400,1,train
W8X24,W8X24,structural_section,human_review,2026-09-01T13:34:40.157809+00:00,3ede690e-bfe8-4038-8374-caeec0e5d157,0.753300,1,train
W36X150,W36X150,structural_section,human_review,2026-09-01T13:34:40.157862+00:00,af9f2c74-2359-4b4e-93d2-50b200f4d1be,0.808200,1,train
W36X170,W36X170,structural_section,human_review,2026-09-01T13:34:40.157912+00:00,e02faf2a-8d33-4161-a6af-d6f88d240f84,0.999800,1,test
W16X45,W16X45,structural_section,human_review,2026-09-01T13:34:40.157959+00:00,8c29d242-d3fd-48bf-a9da-8d788c2859de,0.812500,1,train
W8X10,W8X10,structural_section,human_review,2026-09-01T13:34:40.158027+00:00,e4f71702-de98-4001-982a-e33c528a8248,0.765800,1,train
W18X40,W18X40,structural_section,human_review,2026-09-01T13:34:40.158086+00:00,f9cc8f82-bc4d-4e88-a7f2-d16ae50c0c1e,0.850000,1,train
W14X22,W14X22,structural_section,human_review,2026-09-01T13:34:40.158138+00:00,2be38653-5588-4981-820d-e28a7b8ddb13,0.831900,1,train
W12X45,W12X45,structural_section,human_review,2026-09-01T13:34:40.158190+00:00,033c21e8-413f-419b-b264-ddd02a840d21,0.749200,1,train
W12X22,W12X22,structural_section,human_review,2026-09-01T13:35:11.317445+00:00,42e21519-b357-49af-aa74-1afdfc4099b3,0.703000,1,train
W10X12,W10X12,structural_section,human_review,2026-09-01T13:35:11.317596+00:00,5f90c189-5a6c-4c35-82b0-ea326ebe7167,0.952700,1,train
W18X35,W18X35,structural_section,human_review,2026-09-01T13:35:11.317669+00:00,99352519-e56f-4df6-8e09-089b69995395,0.724400,1,validation
W16X31,W16X31,structural_section,human_review,2026-09-01T13:35:11.317727+00:00,f01b5a02-c7c5-42be-94d6-d421525af4f5,0.812100,1,train
WT16.5X59,WT16.5X59,structural_section,human_review,2026-09-01T13:35:11.317779+00:00,1c02d0f8-70b0-4b8f-b823-6df000a8f918,1.000000,1,train
W21X44,W21X44,structural_section,human_review,2026-09-01T13:35:11.317833+00:00,c95deeea-fc9d-462f-98ae-ffc3eef82e50,0.606900,1,test
W16X26,W16X26,structural_section,human_review,2026-09-01T13:35:11.317884+00:00,a6574bb4-f139-43d5-aca2-4b230c8b2ce6,0.558300,1,train
L5X3X1/4,L5X3X1/4,structural_section,human_review,2026-09-01T13:35:11.317937+00:00,77a6ec14-e383-4042-96b0-0700386aa8b9,0.720000,1,train
"HSS3x3,",HSS3X3X1/4,structural_section,human_review,2026-09-01T13:35:11.318043+00:00,4182e562-5b08-42cc-8740-53f38452db10,0.000000,1,train
HSS6x8x1/2,HSS16X8X1/2,structural_section,human_review,2026-09-01T13:35:11.318093+00:00,d451167f-4949-4ff8-a24b-8574c14414a2,0.000000,1,train
HSS10x10x1/2,HSS10X10X1/2,structural_section,human_review,2026-09-01T13:35:11.318144+00:00,96273ab4-e7b9-4f22-96a1-16f66d264fa7,0.870000,1,train
W8x35,W8X35,structural_section,human_review,2026-09-01T13:35:11.318195+00:00,5a4fd37e-5bda-4a8d-af62-2fa685dc5ed2,0.870000,1,train
HSS8x6x1/2,HSS8X6X1/2,structural_section,human_review,2026-09-01T13:35:11.318245+00:00,cb5ccdf3-bae1-4d57-bc28-920382617b72,0.870000,1,train
W14x90,W14X90,structural_section,human_review,2026-09-01T13:35:51.737692+00:00,448733fa-b9c1-4ec5-a74d-ea3a4259d0b0,0.870000,1,train
W8x31,W8X31,structural_section,human_review,2026-09-01T13:35:51.737875+00:00,cb19397c-86dd-4d76-834e-a6d501fddbf0,0.870000,1,test
W8x40,W8X40,structural_section,human_review,2026-09-01T13:35:51.738299+00:00,28df587e-bf48-4807-bcce-26600ab12909,0.870000,1,train
HSS10x10,HSS10X10X1/2,structural_section,human_review,2026-09-01T13:35:51.738457+00:00,df55a208-3ddf-4cd2-82ea-39edb87cbdfb,0.000000,1,train
HSS8x8,HSS8X8X1/2,structural_section,human_review,2026-09-01T13:35:51.738576+00:00,c4bd2a85-ea93-49c6-96c3-bb712c825d7d,0.000000,1,train
W21x50,W21X50,structural_section,human_review,2026-09-01T13:35:51.738776+00:00,7eb23dd3-1cb4-41ef-9b04-472a975cba3c,0.870000,1,train
HSS 8X8 8X8,HSS8X6X3/8,structural_section,human_review,2026-09-01T13:35:51.738831+00:00,5fb1563f-0787-4482-a93f-1252319b3688,0.000000,1,validation
HSS12x12x1/2,HSS12X12X1/2,structural_section,human_review,2026-09-01T13:35:51.738873+00:00,12d00ea1-59da-406e-a540-a9f5225c54b7,0.870000,1,train
L6x6x3/4,L6X6X3/4,structural_section,human_review,2026-09-01T13:35:51.738936+00:00,771aa6f3-0dae-4629-bdb7-880ae2790efa,0.870000,1,train
W24x68,W24X68,structural_section,human_review,2026-09-01T13:35:51.738975+00:00,0f078a7a-1c49-4403-b91f-b768d1a0a108,0.870000,1,train
W33x130,W33X130,structural_section,human_review,2026-09-01T13:35:51.739009+00:00,3b171e7e-9ebd-4451-a728-1dc58e5ce09b,0.870000,1,train
L3x3x1/4,L3X3X1/4,structural_section,human_review,2026-09-01T13:35:51.739040+00:00,7b99252e-e07e-4c2f-8d3b-cb0a5b41ad11,0.870000,1,train
L4x4x1/4,L4X4X1/4,structural_section,human_review,2026-09-01T13:35:51.739072+00:00,07be5e73-d276-4594-b812-a257becbe690,0.870000,1,train
HSS8x8x1/2,HSS8X8X1/2,structural_section,human_review,2026-09-01T13:35:51.739183+00:00,fb3386ff-afc2-4006-9f25-dea517824328,0.870000,1,train
W21x50,W21X50,structural_section,human_review,2026-09-02T07:01:34.512780+00:00,3adebc7f-05d8-44be-9b8b-230943e59744,0.870000,1,train
HSS 8X8 8X8,HSS8X8X3/8,structural_section,human_review,2026-09-02T07:01:34.513224+00:00,a5edce13-249f-4492-b77b-6eed63dbf856,0.000000,1,train
W8x10,W8X10,structural_section,human_review,2026-09-02T07:01:34.513318+00:00,cb76b806-e85b-4743-b928-3e297033ae72,0.870000,1,train
W24x55,W24X55,structural_section,human_review,2026-09-02T07:01:34.513382+00:00,06fd758f-22d6-42c8-bd3c-b23f0c7c9689,0.870000,1,validation
W18x35,W18X35,structural_section,human_review,2026-09-02T07:01:34.513438+00:00,50c032a2-e661-4366-8ae7-ca73e8ee4d4e,0.870000,1,train
W24x84,W24X84,structural_section,human_review,2026-09-02T07:01:34.513520+00:00,0737d517-5fc2-4e99-85ab-3a635e02b488,0.870000,1,train
W36x150,W36X150,structural_section,human_review,2026-09-02T07:01:34.516403+00:00,660e9be3-6536-4fbe-a6e0-20c0eac8c719,0.870000,1,train
L4x4x1/4,L4X4X1/4,structural_section,human_review,2026-09-02T07:01:34.516495+00:00,1c4d4c53-5bb2-4a4e-b1fe-2e76b508f1ae,0.870000,1,train
HSS8x8x1/2,HSS8X8X1/2,structural_section,human_review,2026-09-02T07:01:34.516557+00:00,35c8f07d-c0b2-42e1-95f3-4f69b23e42ce,0.870000,1,train
W8x35,W8X35,structural_section,human_review,2026-09-02T07:01:34.516612+00:00,dc455d7e-98a8-4e5c-a27d-0b078bc48041,0.870000,1,train
HSS10x10x1/2,HSS10X10X1/2,structural_section,human_review,2026-09-02T07:01:34.516664+00:00,b8b65ab3-682b-43b6-8800-b47a0b1a3fce,0.870000,1,train
HSS6x8x1/2,HSS8X8X1/2,structural_section,human_review,2026-09-02T07:01:34.516716+00:00,6ac4f8d6-7a2b-463d-963d-57228387391a,0.000000,1,train
"HSS3x3,",HSS3X3X1/4,structural_section,human_review,2026-09-02T07:01:34.516821+00:00,e839e008-4b06-4a78-9388-6b78f0c16b82,0.000000,1,train
HSS8x8,HSS8X8X1/2,structural_section,human_review,2026-09-02T07:01:54.933559+00:00,a4ed1617-9f16-47cd-82d8-bb5ce487dae5,0.000000,1,train
HSS10x10,HSS10X10X5/8,structural_section,human_review,2026-09-02T07:01:54.933699+00:00,e63ea0e4-0896-4e91-9d0b-bfdba5dfd3f3,0.000000,1,train
W8x40,W8X40,structural_section,human_review,2026-09-02T07:01:54.933775+00:00,273f61fa-12da-41d1-a75f-452cc7030ac2,0.870000,1,validation
W8x31,W8X31,structural_section,human_review,2026-09-02T07:01:54.933836+00:00,9343f238-472f-4de9-bc97-304614fa9feb,0.870000,1,train
W24X68,W24X68,structural_section,human_review,2026-09-02T07:05:03.152801+00:00,1dde5219-233b-428e-aa01-395e4bcd8f34,0.958100,1,train
W16X31,W16X31,structural_section,human_review,2026-09-02T07:05:03.152940+00:00,dcd2dcb9-3514-4762-93ad-7d37f37c060e,0.999900,1,train
W18X35,W18X35,structural_section,human_review,2026-09-02T07:05:03.153009+00:00,4bb5ee95-1f31-4924-a6f5-8d3cabcb2939,0.999600,1,train
W14X22,W14X22,structural_section,human_review,2026-09-02T07:05:03.153062+00:00,a9010a49-2ef3-475d-beaf-6126ee381433,0.941200,1,train
W21X44,W21X44,structural_section,human_review,2026-09-02T07:05:03.153117+00:00,962422ea-f2de-4020-bbbd-94fe27dd16f3,1.000000,1,train
L4X4X1/4,L4X4X1/4,structural_section,human_review,2026-09-02T07:05:03.153169+00:00,1f568bf0-9fdf-4dc8-8e49-78772c275196,0.756200,1,train
W8X15,W8X15,structural_section,human_review,2026-09-02T07:05:03.153221+00:00,92734c94-3cd1-4bc2-8f2f-eb3edf0a5f7d,0.889700,1,train
L5X3X5/16,L5X3X5/16,structural_section,human_review,2026-09-02T07:05:03.153269+00:00,8f548e7f-2874-4ae1-b8ab-68d1cb0263cb,0.720000,1,test
W10X22,W10X22,structural_section,human_review,2026-09-02T07:05:03.153318+00:00,6abb2821-28e1-49d5-ac86-96cc1a05d2a2,0.720000,1,train
C8X11.5,C8X11.5,structural_section,human_review,2026-09-02T07:05:03.153368+00:00,682bdf25-7eb4-4a7d-aa84-e763bb8360b8,0.720000,1,train
L2X2X3/16,L2X2X3/16,structural_section,human_review,2026-09-02T07:05:03.153420+00:00,cd47fa53-769b-4f12-a81d-ad2f0c17b235,0.720000,1,train
L5X3,L5X3X1/4,structural_section,human_review,2026-09-02T07:05:03.153471+00:00,985ff6e8-5f64-4170-9747-5b278ab88f5e,0.000000,1,train
L6X6X3/8,L6X6X3/8,structural_section,human_review,2026-09-02T07:05:03.153519+00:00,e468222a-4dd6-4ebb-a3a9-aacc4293be09,0.720000,1,test
L8X6X1/2,L8X6X1/2,structural_section,human_review,2026-09-02T07:05:03.153569+00:00,5a16b0b2-8fec-462f-aa4e-ceb2d8265386,0.720000,1,train
HSS14X10X1/4,HSS14X10X1/4,structural_section,human_review,2026-09-02T07:05:03.153618+00:00,2334561a-a2a1-4617-8d04-416f053d5182,0.870000,1,train
W12X14,W12X14,structural_section,human_review,2026-09-02T07:05:03.153665+00:00,7d64f694-d673-4ac6-9721-4b3f2cad76c6,0.870000,1,train
W12X19,W12X19,structural_section,human_review,2026-09-02T07:05:03.153718+00:00,4d91eea6-a0c4-4cee-9819-354eb797c94d,0.870000,1,validation
W10X15,W10X15,structural_section,human_review,2026-09-02T07:05:03.153767+00:00,a8034d1d-1537-4f48-90b0-5fd5705d05f9,0.870000,1,train
W18X40,W18X40,structural_section,human_review,2026-09-02T07:05:03.153815+00:00,a0f976c1-57d2-4bf5-b628-e89ab8c95476,0.870000,1,train
L3x3x1/4,L3X3X1/4,structural_section,human_review,2026-09-02T07:05:03.153861+00:00,a50a603d-ef5e-4dbe-ad28-55863be3a446,0.870000,1,train
L3x3x3/16,L3X3X3/16,structural_section,human_review,2026-09-02T07:05:28.038129+00:00,0fe19332-3eb6-4e49-849c-762de1dc4e5d,0.870000,1,train
L4x3x3/8,L4X3X3/8,structural_section,human_review,2026-09-02T07:05:28.038309+00:00,d073af77-3da1-4404-989d-89222cb01a97,0.870000,1,train
"L6x4x3/8x0'-4""",L6X4X3/8,structural_section,human_review,2026-09-02T07:05:28.038381+00:00,a82a1075-828d-4f4f-a7ea-d554b0288761,0.870000,1,train
"L4x3x1/4x1'-6""",L4X3X1/4,structural_section,human_review,2026-09-02T07:05:28.038459+00:00,a022fa28-a62d-486a-9139-0b99124ad337,0.870000,1,train
L4x3x5/16,L4X3X5/16,structural_section,human_review,2026-09-02T07:05:28.038513+00:00,ce31c358-d7ee-43e8-b18e-09f8963c7b77,0.870000,1,train
"L4x4x5/16,",L4X4X5/16,structural_section,human_review,2026-09-02T07:05:28.038564+00:00,0c941857-dda7-4cae-a057-58189526fcd2,0.870000,1,validation
"C6x10.5x1'-8""",C6X10.5,structural_section,human_review,2026-09-02T07:05:28.038614+00:00,87869325-639e-4553-b818-1eacd5763a7a,0.870000,1,validation
L2x2x1/8,L2X2X1/8,structural_section,human_review,2026-09-02T07:05:28.038663+00:00,2d666707-e37a-4ef5-9459-e3a73daf0f8a,0.870000,1,train
L6x4x5/16,L6X4X5/16,structural_section,human_review,2026-09-02T07:05:28.038710+00:00,1f4329d5-0c5a-48c8-a4a8-fde0dbca812a,0.870000,1,train
L6x4x3/8,L6X4X3/8,structural_section,human_review,2026-09-02T07:05:28.038972+00:00,034024c6-9c10-46de-ba6d-dd57178a4bc2,0.870000,1,train
"L3x3x1/4,",L3X3X1/4,structural_section,human_review,2026-09-02T07:05:45.928304+00:00,283dde43-f2cd-472b-8d4d-4d5110c8cf47,0.870000,1,train
"L4x4x1/4""x1'-0""",L4X4X1/4,structural_section,human_review,2026-09-02T07:05:45.928472+00:00,1f2e2c4c-e725-4a4e-beb1-4a89d478e187,0.870000,1,train
L3x2x3/16,L3X2X3/16,structural_section,human_review,2026-09-02T07:06:08.031220+00:00,31dbbdaf-ce8c-414e-bbc4-5ea6869ed56d,0.870000,1,train
L6X6X3/8,L6X6X3/8,structural_section,human_review,2026-09-02T07:10:39.592417+00:00,ade0b95a-b671-41b7-8972-9c35868ef56e,0.691300,1,train
W14X233,W14X233,structural_section,human_review,2026-09-02T07:10:39.593324+00:00,050c498d-a8fc-435e-847a-a424e8c427db,0.936900,1,train
WT8X50,WT8X50,structural_section,human_review,2026-09-02T07:10:39.593441+00:00,123f8827-d89c-4657-86a6-f81f19a6a54d,1.000000,1,train
W14X193,W14X193,structural_section,human_review,2026-09-02T07:10:39.593498+00:00,98e5aecc-81a6-42e4-8bdf-811b1fecfcc7,0.948300,1,train
HSS5X4X5/16,HSS5X4X5/16,structural_section,human_review,2026-09-02T07:10:39.593552+00:00,efd37744-f31a-41a9-8f37-1ae88e165da5,0.774400,1,train
HSS8X4X5/16,HSS8X4X5/16,structural_section,human_review,2026-09-02T07:10:39.593603+00:00,d31ec907-5f36-43e9-8090-c58b67ebc4f4,0.721800,1,train
W12X19,W12X19,structural_section,human_review,2026-09-02T07:10:39.593651+00:00,99fde085-c0db-4149-a57d-5e4a5161e790,0.631000,1,test
C6X8.2,C6X8.2,structural_section,human_review,2026-09-02T07:10:39.593700+00:00,43ed8493-f515-49eb-b4c7-e2884ea3712e,0.649700,1,train
C4X5.4,C4X5.4,structural_section,human_review,2026-09-02T07:10:39.593750+00:00,3b5f7de9-9c2e-4b47-9597-9901809e4992,0.567800,1,train
L4X3X5/16,L4X3X5/16,structural_section,human_review,2026-09-02T07:10:39.593801+00:00,3247257b-bc6a-4ad4-bfff-edde57d3d751,0.746200,1,train
WT4X15.5,WT4X15.5,structural_section,human_review,2026-09-02T07:10:39.593851+00:00,219d4769-5544-457c-a522-fe62a1cc01c4,0.963100,1,test
W10X26,W10X26,structural_section,human_review,2026-09-02T07:10:39.593898+00:00,a1f4ae4c-97be-4fcb-8a5b-052b9ce053ca,0.661300,1,train
W8X24,W8X24,structural_section,human_review,2026-09-02T07:10:39.593945+00:00,af98e35e-c9dd-4697-9b3c-6c003e7be635,0.550000,1,validation
HSS10X6X3/8,HSS10X6X3/8,structural_section,human_review,2026-09-02T07:10:39.593993+00:00,5b278536-ff40-4f97-9c35-ab8964474bd4,0.850000,1,train
W8X13,W8X13,structural_section,human_review,2026-09-02T07:10:39.594043+00:00,80c2249a-4746-4316-b76c-859b670ee45a,0.850000,1,train
W10X88,W10X88,structural_section,human_review,2026-09-02T07:10:39.594093+00:00,7e68b841-0ea2-4b54-9516-ea703c9ce516,0.911800,1,train
HSS5x5,HSS5X5X1/2,structural_section,human_review,2026-09-02T07:10:39.594141+00:00,e7b59118-5694-401d-93f3-227b0de0100f,0.000000,1,train
L3X3X1/4,L3X3X1/4,structural_section,human_review,2026-09-02T07:10:39.594188+00:00,a3cdc233-c327-4741-aed2-31873494ae62,0.870000,1,train
"C7X9.8,",C7X9.8,structural_section,human_review,2026-09-02T07:10:39.594237+00:00,a49b9cb0-914f-4466-9eec-f522667cdf9d,0.870000,1,validation
HSS6X4X3/8,HSS6X4X3/8,structural_section,human_review,2026-09-02T07:11:38.921412+00:00,5e4d3e74-dda9-48f8-88af-0990f96e03a3,0.870000,1,train
L4x4x3/8,L4X4X3/8,structural_section,human_review,2026-09-02T07:11:38.921593+00:00,6280d0a7-3986-4ba7-b492-f5e6295b9314,0.870000,1,train
W12X26,W12X26,structural_section,human_review,2026-09-02T07:11:38.921665+00:00,13de169e-6b7c-449e-8b94-3ff15a417ef1,0.870000,1,train
W8 x 15,W8X15,structural_section,human_review,2026-09-02T07:11:38.921720+00:00,4094eb52-97a7-47cd-85cd-d2cd2b509107,0.830000,1,test
HSS8X8X3/8,HSS8X8X3/8,structural_section,human_review,2026-09-02T07:11:38.921770+00:00,5e113219-a346-4cf0-b70c-cde08770637a,0.870000,1,train
W8X15,W8X15,structural_section,human_review,2026-09-02T07:11:38.921824+00:00,1189dcd2-678d-4077-b7a4-26db8ed4dd12,0.870000,1,train
C7X9.8,C7X9.8,structural_section,human_review,2026-09-02T07:11:38.921875+00:00,bfa9a245-a612-472c-9e79-ea9f6641dbdd,0.870000,1,train
HSS8X8X5/8,HSS8X8X5/8,structural_section,human_review,2026-09-02T07:11:38.921991+00:00,3032101d-529f-4922-b088-a0b5c3e79de5,0.870000,1,train
HSS6X6X1/4,HSS6X6X1/4,structural_section,human_review,2026-09-02T07:11:38.922044+00:00,e87ffd5d-8cc9-4b88-914d-a4a072339468,0.870000,1,train
HSS4X4X5/16,HSS4X4X5/16,structural_section,human_review,2026-09-02T07:11:38.922092+00:00,eaee98cc-a837-48d8-bd2c-2aeaed7d8576,0.870000,1,train
HSS8X6X3/8,HSS8X6X3/8,structural_section,human_review,2026-09-02T07:11:38.922140+00:00,79ee6d61-a5f3-4161-b7ec-0fef3dee520f,0.870000,1,validation
L7X4X3/8,L7X4X3/8,structural_section,human_review,2026-09-02T07:11:38.922190+00:00,d3d67a46-bdb4-42b7-903d-166d0cbbf90e,0.870000,1,train
C8X11.5,C8X11.5,structural_section,human_review,2026-09-02T07:11:38.922242+00:00,07c1216b-e943-4e60-b9df-7b2f7b32c519,0.870000,1,train
HSS5x5x3/8,HSS5X5X3/8,structural_section,human_review,2026-09-02T07:11:38.922293+00:00,160aa6ef-bab1-41b4-9746-8d9ab75ca499,0.870000,1,train
W8X40,W8X40,structural_section,human_review,2026-09-02T07:11:38.922342+00:00,27de12b9-1d60-4cdf-8a30-e110fbf981bb,0.870000,1,train
W18x50,W18X50,structural_section,human_review,2026-09-02T07:12:05.515956+00:00,598619c4-4006-4024-8b7d-52e7debe8ff2,0.870000,1,train
"HSS5x5x3/8,",HSS5X5X3/8,structural_section,human_review,2026-09-02T07:12:05.516079+00:00,b7831c22-e17b-46ef-9844-6bc0aa65d0c0,0.870000,1,train
HSS4X4X3/8,HSS4X4X3/8,structural_section,human_review,2026-09-02T07:12:05.516214+00:00,79b79cae-0d84-4470-b106-d309562c86a1,0.870000,1,train
HSS8X4X3/8,HSS8X4X3/8,structural_section,human_review,2026-09-02T07:12:05.516296+00:00,68a8e9a5-b5ef-49ac-a655-81c57873676d,0.870000,1,train
W10X19,W10X19,structural_section,human_review,2026-09-02T07:12:05.516354+00:00,f1a9f74f-b27d-456d-9779-619766fd22b7,0.870000,1,train
C15X33.9,C15X33.9,structural_section,human_review,2026-09-02T07:12:05.516409+00:00,6b168243-7e70-426c-a4ba-e21c5a3257d8,0.870000,1,train
HSS6X6X3/8,HSS6X6X3/8,structural_section,human_review,2026-09-02T07:12:05.516521+00:00,421d98d9-5848-42e1-a7c3-0800fd3c922b,0.870000,1,train
HSS10X6X3/8,HSS10X6X3/8,structural_section,human_review,2026-09-02T07:22:28.783230+00:00,847f67c7-6b43-4c27-a2d7-2fa275ef1820,0.791300,1,train
W14X43,W14X43,structural_section,human_review,2026-09-02T07:22:28.783900+00:00,92a0313b-3296-4f55-b944-86f54b673a41,0.975600,1,train
W12X45,W12X45,structural_section,human_review,2026-09-02T07:22:28.783999+00:00,c475ba0b-75ff-4b7d-bf11-21beea17d80e,0.999000,1,train
W12X58,W12X58,structural_section,human_review,2026-09-02T07:22:28.784051+00:00,46274e27-3a20-4f60-b6fd-621f6fe7ca47,0.814600,1,test
W12X96,W12X96,structural_section,human_review,2026-09-02T07:22:28.784139+00:00,a09b599b-181e-4620-ad4e-609c5acc323e,0.814600,1,train
W12X87,W12X87,structural_section,human_review,2026-09-02T07:22:28.784188+00:00,02750faa-7c73-4a56-8592-f979e20544af,0.947000,1,train
W12X136,W12X136,structural_section,human_review,2026-09-02T07:22:28.784235+00:00,fd004dcb-ef90-42ee-b376-22a50da3ef4d,0.814600,1,train
HSS10X10X3/8,HSS10X10X3/8,structural_section,human_review,2026-09-02T07:22:28.784281+00:00,993894d8-3512-4335-9104-acd955315a17,0.817300,1,validation
W12X120,W12X120,structural_section,human_review,2026-09-02T07:22:28.784355+00:00,d9e68970-b3a0-4359-94f2-0eb8dfdd6915,0.878600,1,train
W12X72,W12X72,structural_section,human_review,2026-09-02T07:22:28.784403+00:00,b4e10a76-9923-43cb-8069-0b96824d03d9,0.811600,1,train
W14X90,W14X90,structural_section,human_review,2026-09-02T07:22:28.784470+00:00,cae7b4e9-bc18-4edf-9803-9973e3bf5226,0.811600,1,validation
W14X132,W14X132,structural_section,human_review,2026-09-02T07:22:28.784516+00:00,a604f654-f188-47f1-a21e-33d9b9d0d7e3,0.832100,1,train
W14X145,W14X145,structural_section,human_review,2026-09-02T07:22:28.784543+00:00,b5799bc7-2a63-4e8b-ad04-9565525d6137,0.811600,1,train
W14X257,W14X257,structural_section,human_review,2026-09-02T07:22:28.784568+00:00,83aeb278-be81-41a3-ad56-97c8745b7fe5,0.999800,1,train
W14X109,W14X109,structural_section,human_review,2026-09-02T07:22:28.784592+00:00,71998150-6062-46ed-a35a-03f6eea01249,0.997700,1,train
W14X176,W14X176,structural_section,human_review,2026-09-02T07:22:28.785579+00:00,7c764c81-de3d-458a-89a2-9754e5acaee4,0.999800,1,train
W14X211,W14X211,structural_section,human_review,2026-09-02T07:22:28.785706+00:00,42abf503-6b7e-4386-acc8-32ed18e6f976,0.923300,1,train
W14X283,W14X283,structural_section,human_review,2026-09-02T07:22:28.785761+00:00,2d562aa3-6b7c-412b-a974-e5f6af4988ac,0.998100,1,train
W14X193,W14X193,structural_section,human_review,2026-09-02T07:22:28.785841+00:00,99e2003f-5795-4f01-ab63-fc00344822d7,0.949700,1,train
W14X159,W14X159,structural_section,human_review,2026-09-02T07:22:28.785890+00:00,b8d9887b-2a1a-49de-b0b6-5571d2e08eb9,0.999700,1,train
W12X152,W12X152,structural_section,human_review,2026-09-02T07:22:28.786013+00:00,c96251e8-816d-4648-bed6-0f5cc0e037a9,0.811600,1,train
W12X106,W12X106,structural_section,human_review,2026-09-02T07:22:28.786061+00:00,44b5cef7-5272-4b76-ac6e-6d8fb3165acf,0.811600,1,train
C12X25,C12X25,structural_section,human_review,2026-09-02T07:22:28.786132+00:00,20e4a688-02eb-45b2-a698-f561eaf2762a,0.972900,1,train
L6X4X3/8,L6X4X3/8,structural_section,human_review,2026-09-02T07:22:28.786178+00:00,61746d29-1078-4785-bb81-409300a8922b,0.605200,1,train
L5X5X5/16,L5X5X5/16,structural_section,human_review,2026-09-02T07:22:28.786220+00:00,4785ce22-bd46-4f23-8d99-5ab94ba64dc0,0.665500,1,train
C6X10.5,C6X10.5,structural_section,human_review,2026-09-02T07:22:40.932238+00:00,4b92472e-88da-4a3d-b6bb-0b7ccde82e96,0.850000,1,train
L6X6X5/16,L6X6X5/16,structural_section,human_review,2026-09-02T07:22:40.932378+00:00,6af9a517-8714-4fa1-8a0b-7c2fae7f5296,0.669300,1,train
W27X94,W27X94,structural_section,human_review,2026-09-02T07:22:40.932421+00:00,3e73c1bd-a550-4b79-ae32-5072f2349264,1.000000,1,train
W36X231,W36X231,structural_section,human_review,2026-09-02T07:22:40.932455+00:00,e845c9a8-da7b-4e6e-a71e-5458332ae200,0.550000,1,train
W24X62,W24X62,structural_section,human_review,2026-09-02T07:22:40.932484+00:00,8d9e0988-7be2-42c1-8434-2d79961d1423,0.989100,1,train
W10X33,W10X33,structural_section,human_review,2026-09-02T07:22:40.932512+00:00,966a32ea-7a85-49ce-8453-40366c546fac,0.999700,1,train
W14X22,W14X22,structural_section,human_review,2026-09-02T07:22:40.932539+00:00,9857cebf-4942-4d9b-a549-45d8dd862b4b,0.999500,1,train
W30X108,W30X108,structural_section,human_review,2026-09-02T07:22:40.932565+00:00,3bd53f9e-0d6d-40a0-9a41-787b495683b4,0.991100,1,train
W18X65,W18X65,structural_section,human_review,2026-09-02T07:22:40.932592+00:00,832a1595-0be8-4e2d-bf1d-a9759f756c46,0.697300,1,test
W21X44,W21X44,structural_section,human_review,2026-09-02T07:22:40.932620+00:00,00e2dda7-4c1a-4cc1-9e64-b38a35519390,0.999700,1,train
W18X60,W18X60,structural_section,human_review,2026-09-02T07:22:40.932647+00:00,647f2887-1a76-4715-9423-37b87bb5fde9,0.832500,1,train
W21X55,W21X55,structural_section,human_review,2026-09-02T07:22:40.932673+00:00,7f98677a-a1e5-4586-947d-d37ba3d16623,0.948500,1,train
W16X40,W16X40,structural_section,human_review,2026-09-02T07:22:40.932699+00:00,b13c5cc2-9c85-4861-896b-aad855f5932f,0.710600,1,test
W40X183,W40X183,structural_section,human_review,2026-09-02T07:22:40.932745+00:00,381be152-857e-4355-905b-a89deb37e81c,0.998600,1,validation
W24X55,W24X55,structural_section,human_review,2026-09-02T07:22:40.932773+00:00,4ceeefa4-8158-4855-afbe-8668a1f37b76,0.832400,1,test
HSS20X8X1/2,HSS20X8X1/2,structural_section,human_review,2026-09-02T07:22:40.932836+00:00,0a242578-08ae-4fe3-a98b-685596068adc,0.821200,1,train
HSS10X10X1/2,HSS10X10X1/2,structural_section,human_review,2026-09-02T07:22:40.932882+00:00,9209f46d-052f-425b-9c5d-d05061581559,0.734600,1,validation
W36X170,W36X170,structural_section,human_review,2026-09-02T07:22:40.932909+00:00,22bb44bc-e0a8-4625-8e98-3434b5765c38,0.834400,1,test
W36X150,W36X150,structural_section,human_review,2026-09-02T07:22:40.932952+00:00,561c7f9b-37ed-4f3d-ab82-22e874264cde,0.828700,1,train
W33X141,W33X141,structural_section,human_review,2026-09-02T07:22:40.932977+00:00,e1ceecc2-85a9-4be1-9938-d1d218ce34c2,1.000000,1,train
W27X84,W27X84,structural_section,human_review,2026-09-02T07:22:40.933015+00:00,aac05eb9-c9b3-4933-9c38-8db8d99d71cc,1.000000,1,train
W30X116,W30X116,structural_section,human_review,2026-09-02T07:22:40.933042+00:00,4a32934b-d298-4b5e-bf88-69dfe4f9bae0,0.776100,1,train
W36X194,W36X194,structural_section,human_review,2026-09-02T07:22:40.933072+00:00,a188618a-895b-461b-a48a-d6c096531d7d,0.791400,1,train
W21X48,W21X48,structural_section,human_review,2026-09-02T07:22:40.934708+00:00,06150c88-4620-4c46-b791-1a7dec131c33,1.000000,1,test
W33X118,W33X118,structural_section,human_review,2026-09-02T07:22:40.934769+00:00,4eea0866-11be-47ff-9e35-ab7f0b3a4dca,0.999800,1,test
W33X152,W33X152,structural_section,human_review,2026-09-02T07:22:54.543034+00:00,c4ab7518-f78e-4df5-8dd8-df151123eda6,1.000000,1,train
W27X114,W27X114,structural_section,human_review,2026-09-02T07:22:54.543156+00:00,0265c1f9-ef90-449f-a49e-0afaf44941e0,1.000000,1,train
W30X124,W30X124,structural_section,human_review,2026-09-02T07:22:54.543201+00:00,873d9125-8d45-486f-8a45-863cebfde213,0.749800,1,train
W21X62,W21X62,structural_section,human_review,2026-09-02T07:22:54.543236+00:00,441e883c-b657-4640-a9f6-e0e489e606c3,0.999900,1,train
W24X84,W24X84,structural_section,human_review,2026-09-02T07:22:54.543268+00:00,f20d7976-c7c3-43b3-b2ab-ecd404d60b35,0.727400,1,test
W24X76,W24X76,structural_section,human_review,2026-09-02T07:22:54.543296+00:00,9133bf8e-561a-4a1d-8316-74499c641cc6,0.999600,1,train
W33X130,W33X130,structural_section,human_review,2026-09-02T07:22:54.543327+00:00,12f44f72-70d2-4275-981d-adc02d9c7346,0.845100,1,train
W36X135,W36X135,structural_section,human_review,2026-09-02T07:22:54.543354+00:00,74bc171b-5d6e-4aa8-b253-0d4113c27ad9,0.999100,1,train
W30X90,W30X90,structural_section,human_review,2026-09-02T07:22:54.543383+00:00,1b9ba9ae-8d89-4663-abf8-c00cac0bdef1,0.839600,1,train
HSS20X12X1/2,HSS20X12X1/2,structural_section,human_review,2026-09-02T07:22:54.543409+00:00,80f71dcd-5138-4a14-a8b6-169084c51bd5,0.653500,1,validation
HSS8X8X1/2,HSS8X8X1/2,structural_section,human_review,2026-09-02T07:22:54.543439+00:00,ebf07f44-3e6d-4e90-83a1-27fe4ac5b9f7,0.887900,1,train
W16X31,W16X31,structural_section,human_review,2026-09-02T07:22:54.543502+00:00,9125cb0a-07ac-4c10-9aa0-659fd99c944d,0.713800,1,train
W12X53,W12X53,structural_section,human_review,2026-09-02T07:22:54.543558+00:00,8443285b-95e1-40b9-837f-c377d4b3ea16,0.992500,1,train
W12X40,W12X40,structural_section,human_review,2026-09-02T07:22:54.543584+00:00,9e48e2aa-4d4a-4794-9560-179bab0c6d2e,0.840000,1,train
W10X22,W10X22,structural_section,human_review,2026-09-02T07:22:54.543654+00:00,aee8c42d-2d9b-4883-a026-e4619796358c,0.695600,1,train
W12X22,W12X22,structural_section,human_review,2026-09-02T07:22:54.543681+00:00,70509004-0489-4dff-a6ea-918d85ef86e2,0.784300,1,train
W12X30,W12X30,structural_section,human_review,2026-09-02T07:22:54.543710+00:00,502d9a05-d2b9-4bbe-a990-9338a79eeaac,0.992700,1,train
HSS14X6X5/8,HSS14X6X5/8,structural_section,human_review,2026-09-02T07:22:54.543738+00:00,a71ecd9d-444b-427e-8b30-34477391573c,0.550000,1,train
W14X61,W14X61,structural_section,human_review,2026-09-02T07:22:54.543768+00:00,13b94995-b277-48c8-9bcc-cc9d85781564,0.689900,1,train
W12X19,W12X19,structural_section,human_review,2026-09-02T07:22:54.543799+00:00,dae66d75-a517-452b-965e-bbca844404be,0.550000,1,train
W10X12,W10X12,structural_section,human_review,2026-09-02T07:22:54.543829+00:00,100fc0c8-138f-4c97-93fe-d9676bb5954a,0.550000,1,train
W8X10,W8X10,structural_section,human_review,2026-09-02T07:22:54.543858+00:00,46938f3b-f1b4-42a5-8390-dbd08d8e4711,1.000000,1,test
W18X40,W18X40,structural_section,human_review,2026-09-02T07:22:54.543898+00:00,429b0b41-127f-4d09-ba34-25beb2bc33aa,0.780200,1,train
W12X65,W12X65,structural_section,human_review,2026-09-02T07:22:54.543934+00:00,4d06ce23-1789-4b14-bc58-bc1a4dc964b6,0.973200,1,train
HSS8X4,HSS8X4X5/8,structural_section,human_review,2026-09-02T07:22:54.544780+00:00,dc7c65d1-4e71-464f-a604-1b8d754ae208,0.000000,1,test
C4X5.4,C4X5.4,structural_section,human_review,2026-09-02T07:23:23.568263+00:00,9db00abe-e078-428a-a1ed-69b0495d1b94,0.620000,1,train
HSS12x12x3/8,HSS12X12X3/8,structural_section,human_review,2026-09-02T07:23:23.568384+00:00,bede8fed-af54-4de6-b613-dffbac4e95d6,0.870000,1,train
W18x311,W18X311,structural_section,human_review,2026-09-02T07:23:23.568425+00:00,88aaf003-7861-45a5-b3fa-521f6dbeeeea,0.870000,1,train
2L8x8x5/8,2L8X8X5/8,structural_section,human_review,2026-09-02T07:23:23.568458+00:00,2099b1d3-1b72-403b-9343-316af50675aa,0.870000,1,train
W12x79,W12X79,structural_section,human_review,2026-09-02T07:23:23.568487+00:00,19a09e8a-84a1-412f-9460-648e4a7fad3b,0.870000,1,train
HSS12x12x1/2,HSS12X12X1/2,structural_section,human_review,2026-09-02T07:23:23.568515+00:00,21da2fe7-32b5-45e1-bb44-009b87665842,0.870000,1,validation
W14x82,W14X82,structural_section,human_review,2026-09-02T07:23:23.568543+00:00,f634d479-7647-432b-acbc-1b420d41e41f,0.870000,1,train
HSS14x14,HSS14X14X5/8,structural_section,human_review,2026-09-02T07:23:23.568570+00:00,4420817c-b17c-45d5-bd13-70a6a642d842,0.000000,1,train
L6x3,L6X4X3/8,structural_section,human_review,2026-09-02T07:23:23.568597+00:00,b25fa199-16d2-4424-bd30-d1f89f47dd39,0.000000,1,train
HSS14x10,HSS14X10X1/2,structural_section,human_review,2026-09-02T07:23:23.568623+00:00,c24a7e2d-c282-4f34-b4ca-e61c0997d65c,0.000000,1,train
L7x7x1/2,L7X4X1/2,structural_section,human_review,2026-09-02T07:23:23.568649+00:00,dcaeac8f-e547-4624-8bb9-2ee09b8ddc1f,0.000000,1,train
"L6x4x3/8""",L6X4X3/8,structural_section,human_review,2026-09-02T07:23:23.568674+00:00,e523ce19-0173-4602-99ed-741cd2dcfa5c,0.870000,1,train
"L4x4x1/4""@EA",L4X4X1/4,structural_section,human_review,2026-09-02T07:23:23.568700+00:00,bbe2a8b1-bbfc-462e-b4ef-6dfd459b6ee6,0.870000,1,train
"L3x3x1/4""",L3X3X1/4,structural_section,human_review,2026-09-02T07:23:23.568724+00:00,940f7463-2a37-4830-a70d-ab6d7415c2a1,0.870000,1,train
L5x5,L5X3X5/16,structural_section,human_review,2026-09-02T07:23:23.568749+00:00,93453adc-bfb1-4e4d-957e-d8b1c9d0d6e9,0.000000,1,train
HSS10x10,HSS10X10X1/2,structural_section,human_review,2026-09-02T07:23:23.568775+00:00,b3e161d2-9f98-4337-89e4-0120312cac4e,0.000000,1,test
2L4x4,2L4X4X1/4,structural_section,human_review,2026-09-02T07:23:23.568800+00:00,6b237dd2-c8bb-43b1-9f95-ee645cf547a8,0.000000,1,train
HSS8x8,HSS8X8X1/2,structural_section,human_review,2026-09-02T07:23:23.568825+00:00,d082ea2d-1dee-4ac6-84e0-762b6acdf280,0.000000,1,validation
HSS3x3x3/8,HSS3X3X3/8,structural_section,human_review,2026-09-02T07:23:23.568909+00:00,ca773486-6698-49df-bb8c-961d9e83f7db,0.870000,1,train
"L8x4x7/16x1'-0"",",L8X4X7/16,structural_section,human_review,2026-09-02T07:23:23.568935+00:00,d2f67e3d-4126-4db4-b52c-062b7e77dc9c,0.870000,1,train
C8x11.5@,C8X11.5,structural_section,human_review,2026-09-02T07:23:23.568967+00:00,fe9b5730-906b-4f32-8e69-39e674019bc5,0.870000,1,train
"L6x4x3/4,",L6X4X3/4,structural_section,human_review,2026-09-02T07:24:19.887186+00:00,8096c7b7-a442-422a-b4d4-6165035379d0,0.870000,1,train
W8x31,W8X31,structural_section,human_review,2026-09-02T07:24:19.887347+00:00,34f75203-ae3c-41c8-bf49-a64a422e86cb,0.870000,1,test
L4x4x1/4,L4X4X1/4,structural_section,human_review,2026-09-02T07:24:19.887423+00:00,f1935cce-6467-46b3-bb15-fa307fd654ce,0.870000,1,train
"L4x4x1/2x6""",L4X4X1/2,structural_section,human_review,2026-09-02T07:24:19.887483+00:00,3123ed85-19f5-4a11-886a-63caf543ebce,0.870000,1,train
HSS8x4x3/8,HSS8X4X3/8,structural_section,human_review,2026-09-02T07:24:19.887536+00:00,277bf4da-b028-44ca-b7fb-ac92cec73bcb,0.870000,1,train
L3x3x1/4@4',L3X3X1/4,structural_section,human_review,2026-09-02T07:24:19.887588+00:00,d29f614e-44ee-485d-9d62-bf2b507e42f4,0.870000,1,train
"L4x4x1/4""x5""",L4X4X1/4,structural_section,human_review,2026-09-02T07:24:19.887644+00:00,9625385f-39c0-44cf-936b-592107aaf48d,0.870000,1,train
"L4x4x3/8""",L4X4X3/8,structural_section,human_review,2026-09-02T07:24:19.887699+00:00,8af02de1-ba81-4b8f-9302-64db2a2d30f3,0.870000,1,train
"L5x3x3/8x6""",L5X3X3/8,structural_section,human_review,2026-09-02T07:24:19.887752+00:00,eb88a09d-9f55-497a-a7ac-9dfae2a51f7c,0.870000,1,train
L4x4x5/16,L4X4X5/16,structural_section,human_review,2026-09-02T07:24:19.887803+00:00,4416426d-cdd0-493c-9efb-c64033c8737c,0.870000,1,train
"L4x4x1/4x4'-3""",L4X4X1/4,structural_section,human_review,2026-09-02T07:24:19.887856+00:00,ab86091f-c45b-46c7-94d1-5f768df0a70d,0.870000,1,test
L3x3x1/4,L3X3X1/4,structural_section,human_review,2026-09-02T07:24:19.887909+00:00,db3b31f2-49e4-4204-a878-871586907331,0.870000,1,test
"L6x4x5/16x4""",L6X4X5/16,structural_section,human_review,2026-09-02T07:24:19.887962+00:00,c5893009-557f-4e1b-9c18-303b253ef70b,0.870000,1,test
L3x3x1/4@8',L3X3X1/4,structural_section,human_review,2026-09-02T07:24:19.888013+00:00,c42a7964-17f5-4338-b309-b9e33256574b,0.870000,1,train
"L4x4x3/8"";",L4X4X3/8,structural_section,human_review,2026-09-02T07:24:56.793340+00:00,e6f3ec89-b128-46c8-b7bc-e1c703db1f3e,0.870000,1,train
"L4x4x1/4x4""",L4X4X1/4,structural_section,human_review,2026-09-02T07:24:56.794463+00:00,df967b14-5271-454b-8e39-f5eeb9c4c459,0.870000,1,train
HSS8x8x3/8,HSS8X8X3/8,structural_section,human_review,2026-09-02T07:24:56.794539+00:00,257a146c-14fe-40e6-8017-18a009487be2,0.870000,1,validation
HSS24x12x5/8,HSS24X12X5/8,structural_section,human_review,2026-09-02T07:24:56.794596+00:00,29e5d03a-2b7d-4dd0-b989-b31f935cf7e1,0.870000,1,test
HSS14x0.5,HSS14.000X0.500,structural_section,human_review,2026-09-02T07:24:56.794649+00:00,6d99560a-3a2e-4cd7-842f-e8930ae2a895,0.987900,1,train
HSS14X14X1/2,HSS14X14X1/2,structural_section,human_review,2026-09-02T07:24:56.794701+00:00,c885a53a-761c-4caf-8b9e-4374a7dfeaf5,0.870000,1,train
HSS16x8x1/2,HSS16X8X1/2,structural_section,human_review,2026-09-02T07:24:56.794750+00:00,6fc62030-ef58-4900-a11e-590559d34ee7,0.870000,1,validation
W18x50,W18X50,structural_section,human_review,2026-09-02T07:24:56.794800+00:00,0230db29-7b50-4c1f-b648-fd3428296897,0.870000,1,train
W24x68,W24X68,structural_section,human_review,2026-09-02T07:24:56.794850+00:00,e73f6573-a363-457a-a8ea-a26bb8b836c8,0.870000,1,train
W36x210,W36X210,structural_section,human_review,2026-09-02T07:24:56.794899+00:00,567a19eb-5c5d-4259-ba8f-2d2db8045249,0.870000,1,test
HSS16x4x1/4,HSS16X4X1/4,structural_section,human_review,2026-09-02T07:24:56.794947+00:00,5d81f0ed-6831-4eb8-b393-b5dec90b9df5,0.870000,1,train
W18x35,W18X35,structural_section,human_review,2026-09-02T07:24:56.794998+00:00,afc5197e-edfe-409b-b770-7c2fe4158c59,0.870000,1,train
W36x247,W36X247,structural_section,human_review,2026-09-02T07:24:56.795046+00:00,4082502e-8956-4e37-b64e-e568bff681b8,0.870000,1,train
W21x50,W21X50,structural_section,human_review,2026-09-02T07:24:56.795095+00:00,6490c2a1-8886-41e4-a591-02c33b96d14c,0.870000,1,train
W30x99,W30X99,structural_section,human_review,2026-09-02T07:24:56.795153+00:00,5e2fc945-4510-429e-8b34-dba8b50303f2,0.870000,1,validation
HSS8x4x1/2,HSS8X4X1/2,structural_section,human_review,2026-09-02T07:24:56.795204+00:00,33228d12-38f5-41e5-9663-66b2f866fa46,0.870000,1,train
HSS8x8x5/8,HSS8X8X5/8,structural_section,human_review,2026-09-02T07:24:56.795254+00:00,a22fd56e-c400-4c28-a17b-c8288753d7ca,0.870000,1,train
W12x26,W12X26,structural_section,human_review,2026-09-02T07:24:56.795311+00:00,58357414-8390-4866-9c23-8b87333575be,0.870000,1,train
L4x4x3/8,L4X4X3/8,structural_section,human_review,2026-09-02T07:24:56.795361+00:00,51a8a71b-0118-4575-abfc-ab4900f6f378,0.870000,1,validation
HSS4x4x3/8,HSS4X4X3/8,structural_section,human_review,2026-09-02T07:24:56.795408+00:00,73444052-fdd7-46ec-a50e-cbbec8ccd6da,0.870000,1,validation
P8/HSS14x14x1/2,HSS14X14X1/2,structural_section,human_review,2026-09-02T07:24:56.795453+00:00,b3a23502-6e08-464d-affc-b7fc862c90d5,0.870000,1,validation
HSS18x6x3/8,HSS18X6X3/8,structural_section,human_review,2026-09-02T07:25:17.020134+00:00,dc7ae61d-70ad-4c67-902f-810e9759ef1a,0.870000,1,train
P8/W14x61,W14X61,structural_section,human_review,2026-09-02T07:25:17.020285+00:00,9c47e6a1-5fd4-49d8-8c54-0b4bd189e02e,0.870000,1,train
P1/HSS12x12x1/2,HSS12X12X1/2,structural_section,human_review,2026-09-02T07:25:17.020362+00:00,73a9e615-ea08-4d59-9465-192cdff8aa18,0.870000,1,train
HSS8x4x1/4,HSS8X4X1/4,structural_section,human_review,2026-09-02T07:25:17.020450+00:00,ba7a3838-cf35-407b-8398-824bec2d9fd1,0.870000,1,train
C8x11.5,C8X11.5,structural_section,human_review,2026-09-02T07:25:17.020525+00:00,bdd5dbbe-2e04-4ee5-9c39-6d6860c1fd97,0.870000,1,train
W16x26,W16X26,structural_section,human_review,2026-09-02T07:25:17.020565+00:00,99e3603f-d262-45a5-afbd-432375d6d68b,0.870000,1,train
W10X39,W10X39,structural_section,human_review,2026-09-04T09:50:28.016075+00:00,ef4236c1-526d-49d1-9b5a-eed9a49525ed,0.953000,1,train
W10X49,W10X49,structural_section,human_review,2026-09-04T09:50:28.016837+00:00,1f81ecab-4ff3-4ed5-8db0-032fc4def1e8,0.829500,1,train
W10X54,W10X54,structural_section,human_review,2026-09-04T09:50:28.017045+00:00,74a89c67-dd48-4529-8a1f-e7796c7c8a8d,0.998600,1,train
W10X45,W10X45,structural_section,human_review,2026-09-04T09:50:28.017153+00:00,5afcfb33-f8cb-483f-8f72-92d495a10cf9,0.834600,1,validation
W10X33,W10X33,structural_section,human_review,2026-09-04T09:50:28.017243+00:00,de72f492-d44c-473e-b246-d8cc96f8ba2b,0.831600,1,train
W18X40,W18X40,structural_section,human_review,2026-09-04T09:50:28.017312+00:00,5717500c-5585-4a2f-8721-b4c49d6a52fc,0.784300,1,train
W18X35,W18X35,structural_section,human_review,2026-09-04T09:50:28.017364+00:00,6811ebaa-0960-45b8-80be-0f08143324cf,0.728700,1,train
W12X40,W12X40,structural_section,human_review,2026-09-04T09:50:28.017413+00:00,242189a5-aed8-4198-8c3d-cffc699429ab,0.697500,1,train
W16X26,W16X26,structural_section,human_review,2026-09-04T09:50:28.017463+00:00,effd3c2b-47ad-471f-a491-73d8a81bebb6,0.998700,1,train
W21X44,W21X44,structural_section,human_review,2026-09-04T09:50:28.017513+00:00,6d113019-99c0-44a9-b85e-50c7cc879dc5,0.985500,1,train
W10X15,W10X15,structural_section,human_review,2026-09-04T09:50:28.017863+00:00,25c7b374-23b4-4fa0-a59e-c66a1066090f,0.737200,1,train
W10X30,W10X30,structural_section,human_review,2026-09-04T09:50:28.018337+00:00,3dfc2cd2-e3e4-4497-ba7c-7c632120c1bf,0.713700,1,test
W12X22,W12X22,structural_section,human_review,2026-09-04T09:50:28.018411+00:00,b7356e1d-5836-49c7-ab10-312d5009676c,0.704000,1,train
W12X16,W12X16,structural_section,human_review,2026-09-04T09:50:28.018497+00:00,1126b6db-c8af-4a1c-980c-814f02673306,0.550000,1,train
W16X31,W16X31,structural_section,human_review,2026-09-04T09:50:28.018549+00:00,f219908e-3dec-4f65-81ad-39fec18eb876,0.699800,1,test
W8X40,W8X40,structural_section,human_review,2026-09-04T09:50:28.018615+00:00,a40e0e5b-50e7-4af7-88ec-14135dfda65c,0.870000,1,train
HSS10X0.500,HSS10.000X0.500,structural_section,human_review,2026-09-04T09:50:28.018670+00:00,24824daa-1045-4554-9fa0-116cec22cfe8,0.000000,1,train
W10X60,W10X60,structural_section,human_review,2026-09-04T09:50:28.018724+00:00,cdac8ec0-9f56-4872-a56f-f8da556654df,0.870000,1,train
HSS10X0.625,W10X54,structural_section,human_review,2026-09-04T09:50:28.018821+00:00,a4154f27-289c-4e00-9b42-f704b3c7ef53,0.000000,1,validation
HSS6X6X1/2,HSS6X6X1/2,structural_section,human_review,2026-09-04T09:50:28.018873+00:00,2d639104-18a6-4b61-b8ff-b1a4eba42770,0.870000,1,train
HSS8X6X3/8,HSS8X6X3/8,structural_section,human_review,2026-09-04T09:50:28.018925+00:00,272d873e-02d1-48a6-b38b-654965c63488,0.870000,1,train
HSS6X6X3/8,HSS6X6X3/8,structural_section,human_review,2026-09-04T09:50:28.018968+00:00,9c24927a-45f1-4c06-aeea-3ef4bd5cee15,0.870000,1,train
L4X3-1/2X5/16,L4X3X5/16,structural_section,human_review,2026-09-04T09:50:28.019054+00:00,103856a6-aa45-4945-b80b-ff24ee0e0612,0.000000,1,train
"L3x3x1/4x0'-3"",",L3X3X1/4,structural_section,human_review,2026-09-04T09:51:09.872890+00:00,4eee9f0d-2817-460b-85ef-030285b80981,0.870000,1,validation
"L4X4X3/8X0'-8""",L4X4X3/8,structural_section,human_review,2026-09-04T09:51:09.873013+00:00,067a2e01-7f13-48c0-8356-20ba0bae5e0b,0.870000,1,train
"L3X3X5/16,",L3X3X5/16,structural_section,human_review,2026-09-04T09:51:09.873057+00:00,4503ce08-8dbe-406a-8428-e0b8c2a88fd3,0.870000,1,train
L3x3x1/4,L3X3X1/4,structural_section,human_review,2026-09-04T09:51:09.882881+00:00,7e2ba818-e8f5-4565-a638-82b9d548972c,0.870000,1,validation
L4X4X3/8,L4X4X3/8,structural_section,human_review,2026-09-04T09:51:09.882971+00:00,2fd25004-c57c-4126-b540-694bc5e3cae1,0.870000,1,train
HSS14X6X5/8,HSS14X6X5/8,structural_section,human_review,2026-09-04T09:51:09.883033+00:00,7e88936b-f2b5-4a50-a1c3-7ae36cdceaea,0.870000,1,test
W14X22,W14X22,structural_section,human_review,2026-09-04T09:51:09.896461+00:00,b75e0fb6-a9cb-47e4-898d-1ee3876ea230,0.870000,1,train
W8x31,W8X31,structural_section,human_review,2026-09-04T09:51:09.896547+00:00,639e2953-7649-4a06-9d50-fcca1efcb867,0.870000,1,train
HSS20X8X5/8,HSS20X8X5/8,structural_section,human_review,2026-09-04T09:51:09.896601+00:00,8a33a1f8-21be-458f-bb50-3d36fbaa07a0,0.870000,1,train
HSS14X6X1/2,HSS14X6X1/2,structural_section,human_review,2026-09-04T09:51:09.896656+00:00,f2decd75-e201-4d0a-895d-887049c37ecb,0.870000,1,train
W12X30,W12X30,structural_section,human_review,2026-09-04T09:51:09.896706+00:00,d4efca71-82ba-420d-b994-dc99b98d25e4,0.870000,1,validation
W10X19,W10X19,structural_section,human_review,2026-09-04T09:51:09.896754+00:00,7159d68f-c536-498c-9b52-33a63a87bf9b,0.870000,1,train
W18X50,W18X50,structural_section,human_review,2026-09-04T09:51:09.896800+00:00,83e08d1a-0bcf-4bc6-816d-a975644b9988,0.870000,1,train
W12X26,W12X26,structural_section,human_review,2026-09-04T09:51:09.896848+00:00,49236cf7-cf3d-4926-b61c-ee112c923329,0.870000,1,test
W21X50,W21X50,structural_section,human_review,2026-09-04T09:51:09.896898+00:00,ac211b34-9935-4ba3-ac94-01940817423c,0.870000,1,validation
HSS8X8X1/2,HSS8X8X1/2,structural_section,human_review,2026-09-04T09:51:09.896947+00:00,03a2eaa1-ee5f-48ce-bf2a-d2c7fa7f227f,0.870000,1,train
W10X60,W10X60,structural_section,human_review,2026-09-04T10:00:09.633315+00:00,4fbae3c4-2eda-43dd-ac1e-03258d41e81f,0.864000,1,train
W10X54,W10X54,structural_section,human_review,2026-09-04T10:00:09.634369+00:00,98bb444c-2688-40fd-bae1-862ac4e94b6e,0.832200,1,test
W10X45,W10X45,structural_section,human_review,2026-09-04T10:00:09.636186+00:00,15de2441-2c40-4b6a-88f5-68cf3e14fbe2,0.834600,1,test
W18X40,W18X40,structural_section,human_review,2026-09-04T10:00:09.636286+00:00,df9b9eb3-4d0f-4c03-8fca-52f72efd4ad3,0.784300,1,train
W18X35,W18X35,structural_section,human_review,2026-09-04T10:00:09.636350+00:00,04697e10-2917-4da1-bb60-7596723ba770,0.995600,1,train
W12X40,W12X40,structural_section,human_review,2026-09-04T10:00:09.636408+00:00,850c6e30-49c0-47aa-b238-255b72891e1c,0.971900,1,train
W16X26,W16X26,structural_section,human_review,2026-09-04T10:00:09.636518+00:00,aad1a794-78f8-41b3-b0b2-a33b0c74a7ad,0.661000,1,train
W21X44,W21X44,structural_section,human_review,2026-09-04T10:00:09.636604+00:00,01256020-2420-49a6-97d2-d5e341534f1b,0.727600,1,train
W10X15,W10X15,structural_section,human_review,2026-09-04T10:00:09.636671+00:00,b9f7111a-789a-42f9-a29d-de7fd681a805,0.737200,1,train
W8X40,W8X40,structural_section,human_review,2026-09-04T10:00:09.636733+00:00,796fdc56-b637-43d7-a6bb-2b72a8259427,0.870000,1,train
HSS10X0.500,HSS10.000X0.500,structural_section,human_review,2026-09-04T10:00:09.636790+00:00,08fc61a9-1d9d-4b65-9070-9024f54bee39,0.000000,1,test
W10X39,W10X39,structural_section,human_review,2026-09-04T10:00:09.636845+00:00,5da85cc4-990c-41ff-bb57-bb652a21d5c6,0.870000,1,train
W10X49,W10X49,structural_section,human_review,2026-09-04T10:00:09.636900+00:00,58368842-9277-40f0-ad97-0dafedda26ad,0.870000,1,test
HSS10X0.625,W10X54,structural_section,human_review,2026-09-04T10:00:09.636958+00:00,35666c6b-4d26-4be7-bebd-205d9b532129,0.000000,1,test
W10X33,W10X33,structural_section,human_review,2026-09-04T10:00:09.637018+00:00,d0522ef5-1b3f-4c2a-bd5c-b72b65022252,0.870000,1,validation
HSS6X6X1/2,HSS6X6X1/2,structural_section,human_review,2026-09-04T10:00:09.637072+00:00,64ade673-67b7-41f7-8cc5-4000df6fc6dd,0.870000,1,train
HSS8X6X3/8,HSS8X6X3/8,structural_section,human_review,2026-09-04T10:00:09.637169+00:00,c5cad4dd-8fe1-4fb5-aa9a-3ded8040fd0b,0.870000,1,train
HSS6X6X3/8,HSS6X6X3/8,structural_section,human_review,2026-09-04T10:00:09.637226+00:00,878060d2-be9e-4a22-b35e-898e94c1bd73,0.870000,1,train
L4X3-1/2X5/16,L4X3X5/16,structural_section,human_review,2026-09-04T10:00:09.637284+00:00,13be395e-d8d5-4bcf-831d-f0b5a509a511,0.000000,1,train
"L3x3x1/4x0'-3"",",L3X3X1/4,structural_section,human_review,2026-09-04T10:00:09.637340+00:00,23dd0997-6ee6-4a0b-a781-b6bfd8363b57,0.870000,1,train
"L4X4X3/8X0'-8""",L4X4X3/8,structural_section,human_review,2026-09-04T10:00:47.784814+00:00,8e9f693f-5486-4bbe-a3ee-0943e0e84758,0.870000,1,train
"L3X3X5/16,",L3X3X5/16,structural_section,human_review,2026-09-04T10:00:47.784951+00:00,b14648fe-942b-4dcd-a22e-9cfe15f15fd6,0.870000,1,train
C8x11.5.,C8X11.5,structural_section,human_review,2026-09-04T10:00:47.785080+00:00,45b2a293-1ba0-4bd2-9316-6b0df1a1549b,0.870000,1,train
L3x3x1/4,L3X3X1/4,structural_section,human_review,2026-09-04T10:00:47.785188+00:00,8628ed8d-2291-48fd-8e38-286fe6ebcd0a,0.870000,1,train
L4X4X3/8,L4X4X3/8,structural_section,human_review,2026-09-04T10:00:47.785251+00:00,a7d74c93-46e0-41be-bd48-abbc987a51d9,0.870000,1,train
HSS14X6X5/8,HSS14X6X5/8,structural_section,human_review,2026-09-04T10:00:47.785306+00:00,2bef105d-3386-4da0-b7bf-883acc87cc7c,0.870000,1,train
W14X22,W14X22,structural_section,human_review,2026-09-04T10:00:47.785361+00:00,6e17b0b7-b730-41dd-9aec-eea367380608,0.870000,1,train
W8x31,W8X31,structural_section,human_review,2026-09-04T10:00:47.785443+00:00,bd0c0fc3-f659-4747-8b56-7110964c87d1,0.870000,1,train
HSS20X8X5/8,HSS20X8X5/8,structural_section,human_review,2026-09-04T10:00:47.785498+00:00,d802358b-7a79-4b67-9538-7c3598bd9dd4,0.870000,1,train
HSS14X6X1/2,HSS14X6X1/2,structural_section,human_review,2026-09-04T10:00:47.785550+00:00,0f375584-5077-4674-a16a-95580c471bed,0.870000,1,train
W10X30,W10X30,structural_section,human_review,2026-09-04T10:00:47.785601+00:00,14e1ab33-bcb4-40e4-8c49-338de8b37a2c,0.870000,1,train
W12X30,W12X30,structural_section,human_review,2026-09-04T10:00:47.785653+00:00,6ee3d231-6b42-46b9-b4db-3d9f1dbd6cea,0.870000,1,train
W16X31,W16X31,structural_section,human_review,2026-09-04T10:00:47.785756+00:00,4142f125-ce2b-4442-a8c9-d2bac76d5330,0.870000,1,train
W12X22,W12X22,structural_section,human_review,2026-09-04T10:00:47.785809+00:00,f713ee9c-44da-4350-a020-129b7173bec1,0.870000,1,train
W10X22,W10X22,structural_section,human_review,2026-09-04T10:00:47.785861+00:00,6887ab2d-1862-4351-a871-ddeb9630ae9b,0.870000,1,train
W10X19,W10X19,structural_section,human_review,2026-09-04T10:00:47.785938+00:00,61400e8d-2004-4ee0-900a-0d08ce9c361c,0.870000,1,test
W18X50,W18X50,structural_section,human_review,2026-09-04T10:00:47.786057+00:00,550247d1-5861-4abb-928b-b262821f69d5,0.870000,1,train
HSS12X6X3/8,HSS12X6X3/8,structural_section,human_review,2026-09-04T10:00:47.791207+00:00,de87a8fb-1346-46a0-b41b-b4d92dadafd9,0.870000,1,train
W12X26,W12X26,structural_section,human_review,2026-09-04T10:00:47.791314+00:00,f1f36956-5eb5-429b-84df-95a0b486ba15,0.870000,1,test
W21X50,W21X50,structural_section,human_review,2026-09-04T10:00:47.791382+00:00,41e5eedb-a99a-440f-adba-19619e61b152,0.870000,1,train
W12X16,W12X16,structural_section,human_review,2026-09-04T10:00:47.791441+00:00,01a987d8-1759-469b-9044-740a74ed2139,0.870000,1,train
W12X19,W12X19,structural_section,human_review,2026-09-04T10:00:47.791497+00:00,0d8fafdc-5d61-438f-8677-e2c1abe7350c,0.870000,1,train
W12X19,W12X19,structural_section,human_review,2026-09-04T10:17:03.741666+00:00,939f6c5c-b4bf-44f4-a3cf-70242137a73e,0.870000,1,train
W12X16,W12X16,structural_section,human_review,2026-09-04T10:17:03.742157+00:00,cac1c31d-5470-42d5-8646-05078808ad13,0.870000,1,train
W21X50,W21X50,structural_section,human_review,2026-09-04T10:17:03.742236+00:00,f2ba0973-2cde-4fa9-8cea-5b98aa8e5658,0.870000,1,train
W12X26,W12X26,structural_section,human_review,2026-09-04T10:17:03.742274+00:00,14d1289d-4e43-422c-b81f-07075c31758b,0.870000,1,train
HSS12X6X3/8,HSS12X6X3/8,structural_section,human_review,2026-09-04T10:17:03.742305+00:00,3845dd05-0392-48a9-8733-ddf6f5b88151,0.870000,1,train
W18X50,W18X50,structural_section,human_review,2026-09-04T10:17:03.742336+00:00,eb176ea4-c9f3-4709-bc2b-bd1819b5241c,0.870000,1,train
W10X19,W10X19,structural_section,human_review,2026-09-04T10:17:03.742365+00:00,d35e2330-56d0-405a-a95c-4e3c7ab709ad,0.870000,1,test
W10X22,W10X22,structural_section,human_review,2026-09-04T10:17:03.742394+00:00,d88d838e-8731-46e5-893f-d2845bf33440,0.870000,1,train
W12X22,W12X22,structural_section,human_review,2026-09-04T10:17:03.742421+00:00,57ffd5bb-1092-4ce9-a834-10f846f0b2ac,0.870000,1,test
W16X31,W16X31,structural_section,human_review,2026-09-04T10:17:03.742484+00:00,a88fe074-5729-485c-a817-666f245a2fb5,0.870000,1,train
W12X30,W12X30,structural_section,human_review,2026-09-04T10:17:03.742516+00:00,7639a005-16c9-4783-af9e-7042913cb066,0.870000,1,train
W10X30,W10X30,structural_section,human_review,2026-09-04T10:17:03.742546+00:00,f8a62a7b-6fad-4b9c-bb39-0fb0b1029bcb,0.870000,1,validation
HSS14X6X1/2,HSS14X6X1/2,structural_section,human_review,2026-09-04T10:17:03.742577+00:00,1224b920-fa25-4dae-b534-1af3a229e6ae,0.870000,1,train
HSS20X8X5/8,HSS20X8X5/8,structural_section,human_review,2026-09-04T10:17:03.742606+00:00,c0331470-5f18-451e-ba7a-20e17a9b847c,0.870000,1,train
W8x31,W8X31,structural_section,human_review,2026-09-04T10:17:03.742636+00:00,11aec1e1-721d-4f4b-a6de-39204f699d58,0.870000,1,validation
W14X22,W14X22,structural_section,human_review,2026-09-04T10:17:03.742681+00:00,88ffa4ea-8450-4940-94ad-d3f5179ca823,0.870000,1,train
HSS14X6X5/8,HSS14X6X5/8,structural_section,human_review,2026-09-04T10:17:03.742708+00:00,4009dfee-fbd0-45be-a42e-d094107efed8,0.870000,1,test
L4X4X3/8,L4X4X3/8,structural_section,human_review,2026-09-04T10:17:03.742735+00:00,4ad3ba70-39f5-4599-b607-9e504a538c59,0.870000,1,train
L3x3x1/4,L3X3X1/4,structural_section,human_review,2026-09-04T10:17:03.742792+00:00,de3d3b07-9c31-4e01-b53f-e8268a109248,0.870000,1,train
C8x11.5.,C8X11.5,structural_section,human_review,2026-09-04T10:17:03.742825+00:00,f86cccd7-793c-44d0-82a6-4877c7a2a107,0.870000,1,train
"L3X3X5/16,",L3X3X5/16,structural_section,human_review,2026-09-04T10:17:03.742853+00:00,a854aaac-5590-4219-8f43-abca7f48ff4f,0.870000,1,train
"L4X4X3/8X0'-8""",L4X4X3/8,structural_section,human_review,2026-09-04T10:17:03.742897+00:00,474c8607-bd5b-4503-8edd-b6730bcb97cf,0.870000,1,train
"L3x3x1/4x0'-3"",",L3X3X1/4,structural_section,human_review,2026-09-04T10:17:03.742924+00:00,b4dd14ed-31b1-4c57-b5a7-b8000eebb885,0.870000,1,train
L4X3-1/2X5/16,L4X3X5/16,structural_section,human_review,2026-09-04T10:17:03.742958+00:00,6df08db0-f10e-4c1e-8b87-41dd5f3146d5,0.000000,1,train
HSS6X6X3/8,HSS6X6X3/8,structural_section,human_review,2026-09-04T10:17:03.743001+00:00,13153c25-cf0c-4fdb-bba4-7689e3841296,0.870000,1,train
HSS8X6X3/8,HSS8X6X3/8,structural_section,human_review,2026-09-04T10:17:03.743028+00:00,431c770d-cbff-42ef-8f9f-470c63953d21,0.870000,1,train
HSS6X6X1/2,HSS6X6X1/2,structural_section,human_review,2026-09-04T10:17:03.743081+00:00,561f64f0-91c2-4bdb-848e-35f77a51e1c1,0.870000,1,train
W10X33,W10X33,structural_section,human_review,2026-09-04T10:17:03.743123+00:00,d60889e7-77a7-4435-a47d-23cf809d769b,0.870000,1,train
HSS10X0.625,W10X54,structural_section,human_review,2026-09-04T10:17:03.743153+00:00,74c95566-7325-42c8-8a8b-f6d4866fedc7,0.000000,1,train
W10X49,W10X49,structural_section,human_review,2026-09-04T10:17:03.743181+00:00,a9a0914b-1322-4907-8437-3aa575121724,0.870000,1,train
W10X39,W10X39,structural_section,human_review,2026-09-04T10:17:03.743208+00:00,a5ba6c88-e851-48a2-87da-42c3bd1eeb56,0.870000,1,validation
HSS10X0.500,HSS10.000X0.500,structural_section,human_review,2026-09-04T10:17:03.743234+00:00,6c374215-fa42-4f41-aa06-ea0bb230e43b,0.000000,1,train
W8X40,W8X40,structural_section,human_review,2026-09-04T10:17:03.743286+00:00,7256ad74-27d6-45db-b00a-a4264c437d97,0.870000,1,train
W10X15,W10X15,structural_section,human_review,2026-09-04T10:17:03.743320+00:00,2ff60e02-4d7a-471d-88ea-b7cc7893d69f,0.737200,1,train
W21X44,W21X44,structural_section,human_review,2026-09-04T10:17:03.743372+00:00,0a434a06-10b7-460c-95ea-68e0cdd1e7ff,0.727600,1,train
W16X26,W16X26,structural_section,human_review,2026-09-04T10:17:03.743397+00:00,7b0906cb-4d95-40cd-a17e-685304ed0489,0.661000,1,train
W12X40,W12X40,structural_section,human_review,2026-09-04T10:17:03.743450+00:00,591cb237-85ec-4bd9-babe-890236d3942f,0.971900,1,train
W18X35,W18X35,structural_section,human_review,2026-09-04T10:17:03.743477+00:00,41e3c461-622a-43b7-899c-4ed473805890,0.995600,1,train
W18X40,W18X40,structural_section,human_review,2026-09-04T10:17:03.743503+00:00,08aeb5fa-eeb3-4f28-8c12-2d64cb17d747,0.784300,1,train
W10X45,W10X45,structural_section,human_review,2026-09-04T10:17:03.743529+00:00,dfd67619-ed3d-40b1-97a6-2e85a533109b,0.834600,1,train
W10X54,W10X54,structural_section,human_review,2026-09-04T10:17:03.743578+00:00,ab19ae5b-6071-4213-8a44-e83342b79032,0.832200,1,train
W10X60,W10X60,structural_section,human_review,2026-09-04T10:17:03.743634+00:00,e7a5f67b-e968-49d5-8e6c-6ae4999ea8fe,0.864000,1,train
W10X60,W10X60,structural_section,human_review,2026-09-04T12:49:56.925266+00:00,3080a2d8-ea50-43f5-b534-33898873538f,0.834600,1,train
W10X39,W10X39,structural_section,human_review,2026-09-04T12:49:56.927436+00:00,a83fb7bd-6da5-42b9-a72b-245400fbe2c0,0.833700,1,train
W10X49,W10X49,structural_section,human_review,2026-09-04T12:49:56.927575+00:00,485b3491-8bb0-4426-a985-da77bd368a91,0.829500,1,train
W10X54,W10X54,structural_section,human_review,2026-09-04T12:49:56.927647+00:00,708e1ffc-41cb-40d2-825c-daecd9b5534a,0.999700,1,train
W10X45,W10X45,structural_section,human_review,2026-09-04T12:49:56.927704+00:00,27eb1d5b-4b11-4fcb-a57e-25a2ab24cef5,0.996700,1,validation
W10X33,W10X33,structural_section,human_review,2026-09-04T12:49:56.927757+00:00,0a6cbdef-51c8-40ca-865d-6943dfd53fb8,0.831600,1,train
HSS14X6X1/2,HSS14X6X1/2,structural_section,human_review,2026-09-04T12:49:56.927805+00:00,f93165f3-6feb-4d8f-ac32-48661b680473,0.748000,1,train
W12X40,W12X40,structural_section,human_review,2026-09-04T12:49:56.927878+00:00,a2d51be1-4f04-446a-b5a9-9ef4148c44c4,0.998800,1,train
W10X15,W10X15,structural_section,human_review,2026-09-04T12:49:56.927925+00:00,b176f77a-7698-4390-a811-a6a3cdad00ff,0.737200,1,test
W10X30,W10X30,structural_section,human_review,2026-09-04T12:49:56.927977+00:00,48c0f0e6-18be-4cfc-ad29-f452d975f322,0.713700,1,validation
W12X22,W12X22,structural_section,human_review,2026-09-04T12:49:56.928024+00:00,9d2b5dc0-c67d-460e-99a7-fd2f2173f624,0.704000,1,train
W14X22,W14X22,structural_section,human_review,2026-09-04T12:49:56.928071+00:00,dc2c2213-ae1f-43be-a7ce-2991404ead62,0.760800,1,train
W18X40,W18X40,structural_section,human_review,2026-09-04T12:49:56.928161+00:00,a9517000-043e-41b7-98ac-30631f0add35,0.591600,1,train
W16X31,W16X31,structural_section,human_review,2026-09-04T12:49:56.928221+00:00,3b34bd9b-a9c8-4469-b337-f41ba6797396,0.900700,1,train
HSS10X8X3/8,HSS10X8X3/8,structural_section,human_review,2026-09-04T12:49:56.928271+00:00,aca80811-5bb6-4069-bc2f-ea8661c6281a,0.687600,1,train
W16X26,W16X26,structural_section,human_review,2026-09-04T12:49:56.928324+00:00,61238a56-6e4f-44d1-8b24-af7449c501ae,0.655000,1,train
W12X16,W12X16,structural_section,human_review,2026-09-04T12:49:56.928368+00:00,7c16f8a1-1159-4a00-8bee-6a169958260d,0.999200,1,train
W14X198,W14X68,structural_section,human_review,2026-09-04T12:49:56.928410+00:00,e2a9c0de-430f-496d-9d82-8ff17d2ca32f,0.000000,1,test
W14X145,W14X145,structural_section,human_review,2026-09-04T12:49:56.928452+00:00,9d60509f-547a-47b3-8d81-e93a1022c2bb,0.720000,1,train
W14X132,W14X132,structural_section,human_review,2026-09-04T12:49:56.928494+00:00,111678ff-b340-434d-9b92-20982fe825c3,1.000000,1,train
W14X90,W14X90,structural_section,human_review,2026-09-04T12:49:56.928535+00:00,e451e3ab-9d0c-4b9a-b7f4-27edaceaa039,1.000000,1,train
W14X82,W14X82,structural_section,human_review,2026-09-04T12:49:56.928576+00:00,7dd7cd3a-8445-447f-99dd-afc54a5dc365,0.720000,1,test
W14X68,W14X68,structural_section,human_review,2026-09-04T12:49:56.928624+00:00,4b7cd8c1-70ff-49b3-a793-bffefc30a11c,0.720000,1,train
W14X61,W14X61,structural_section,human_review,2026-09-04T12:49:56.928670+00:00,f7556790-95cd-48fb-b7c1-623345cdcb71,0.720000,1,train
W12X120,W12X120,structural_section,human_review,2026-09-04T12:49:56.928711+00:00,bfb54577-5b05-453c-856d-d06a12a4dae2,1.000000,1,train
W12X106,W12X106,structural_section,human_review,2026-09-04T12:50:20.380022+00:00,25299666-0698-45d9-905e-e53aaae612d3,0.720000,1,train
W8X40,W8X40,structural_section,human_review,2026-09-04T12:50:20.380150+00:00,ec34bd2d-84d0-4156-84e9-3354acdab29b,0.870000,1,train
HSS10X0.500,HSS10.000X0.500,structural_section,human_review,2026-09-04T12:50:20.380197+00:00,5d2bae73-2f47-4dcc-a2b6-44d3bedff2b4,0.142900,1,test
HSS10X0.625,W10X54,structural_section,human_review,2026-09-04T12:50:20.380236+00:00,5e19a03e-1fd7-4ec7-b509-511ae8931eb0,0.000000,1,train
HSS6X6X1/2,HSS6X6X1/2,structural_section,human_review,2026-09-04T12:50:20.380277+00:00,b6447b56-af8c-4086-b568-4c63dd628a36,0.870000,1,validation
HSS8X6X3/8,HSS8X6X3/8,structural_section,human_review,2026-09-04T12:50:20.380310+00:00,c9ddb9de-7985-46c6-8e19-eba459e67aac,0.870000,1,train
HSS6X6X3/8,HSS6X6X3/8,structural_section,human_review,2026-09-04T12:50:20.380340+00:00,af4cb688-6a05-49c1-b4e8-643ecb688cf7,0.870000,1,train
L4X3-1/2X5/16,L4X3X5/16,structural_section,human_review,2026-09-04T12:50:20.380369+00:00,2e5e99c0-ddbf-4f43-b648-0341f7035f26,0.000000,1,train
"L3X3X3/8X0'-10""",L3X3X3/8,structural_section,human_review,2026-09-04T12:50:20.380398+00:00,fcafe859-1391-4096-8632-b66874e0b48b,0.870000,1,train
L6x3-1/2x3/8,L6X4X3/8,structural_section,human_review,2026-09-04T12:50:20.380426+00:00,521aeaca-2728-4491-b255-086d679aa466,0.000000,1,train
"L4X3X3/8X0'-6""",L4X3X3/8,structural_section,human_review,2026-09-04T12:50:20.380455+00:00,e445eb67-8dd5-4fd8-a8d9-76e1bcf5326b,0.870000,1,train
"L3x3x1/4x0'-3"",",L3X3X1/4,structural_section,human_review,2026-09-04T12:50:20.380485+00:00,08350994-072b-4e8c-9972-6c54882598e7,0.870000,1,train
"L4X4X3/8X0'-8""",L4X4X3/8,structural_section,human_review,2026-09-04T12:50:20.380513+00:00,a0b5669c-20dc-480f-be18-b04c33547b45,0.870000,1,train
"L3X3X5/16,",L3X3X5/16,structural_section,human_review,2026-09-04T12:50:20.380542+00:00,ed9e7375-34bc-405b-86ec-7cce5bdf36c3,0.870000,1,train
W14X43,W14X43,structural_section,human_review,2026-09-04T12:50:20.380570+00:00,9411742d-f0fc-449a-b85a-825930739713,0.870000,1,train
W12X252,W12X252,structural_section,human_review,2026-09-04T12:50:20.380598+00:00,f12a963a-25be-497e-858b-40cd26f6f998,0.870000,1,validation
L4X4X3/8,L4X4X3/8,structural_section,human_review,2026-09-04T12:50:52.601313+00:00,23a08fe7-896c-405c-b1fc-2f54273891bb,0.870000,1,validation
HSS14X6X5/8,HSS14X6X5/8,structural_section,human_review,2026-09-04T12:50:52.601453+00:00,79e5925f-d87e-4380-a0cf-23f546307a22,0.870000,1,validation
W24X84,W24X84,structural_section,human_review,2026-09-04T12:50:52.601510+00:00,83100245-dfc6-4084-8769-925f557b7c71,0.870000,1,test
W24X55,W24X55,structural_section,human_review,2026-09-04T12:50:52.601555+00:00,2ed7e8cf-8672-4d29-b51c-4c0324a72f5d,0.870000,1,train
W8x31,W8X31,structural_section,human_review,2026-09-04T12:50:52.601598+00:00,51bf96e3-db2d-4f54-85d5-026a0210206d,0.870000,1,train
HSS20X8X5/8,HSS20X8X5/8,structural_section,human_review,2026-09-04T12:50:52.601640+00:00,cb132fe5-bf3c-4ed7-bbb9-e7fbb6255936,0.870000,1,train
W21X48,W21X48,structural_section,human_review,2026-09-04T12:50:52.601681+00:00,83af5851-0f38-45b7-b13c-9bfd17ea8633,0.870000,1,train
W12X26,W12X26,structural_section,human_review,2026-09-04T12:50:52.601721+00:00,3312312b-8149-4085-bc2d-e1d12c5364e8,0.870000,1,test
W10X19,W10X19,structural_section,human_review,2026-09-04T12:50:52.601910+00:00,9a21c849-0236-4d01-84b6-765d935159fb,0.870000,1,train
W21X50,W21X50,structural_section,human_review,2026-09-04T12:50:52.601964+00:00,fc49745d-1f6d-4c8e-a7fe-4ef22d28bf2a,0.870000,1,test
W21X44,W21X44,structural_section,human_review,2026-09-04T12:50:52.602013+00:00,67d8228f-5851-4d21-97af-a096146f3639,0.870000,1,train
W18X50,W18X50,structural_section,human_review,2026-09-04T12:50:52.602058+00:00,22d18c3a-e03c-43f2-bc22-19eafe71f382,0.870000,1,train
W18X35,W18X35,structural_section,human_review,2026-09-04T12:50:52.602108+00:00,eb0c944b-2131-4a9a-8ccb-de455dda87a2,0.870000,1,train
W10X60,W10X60,structural_section,human_review,2026-09-04T14:04:44.970515+00:00,166d40e7-2e5c-4b85-94cf-5c89b3834253,0.834600,1,train
W10X39,W10X39,structural_section,human_review,2026-09-04T14:04:44.970802+00:00,d975a77e-1833-4e37-9031-5df359d7a79e,0.833700,1,train
W10X54,W10X54,structural_section,human_review,2026-09-04T14:04:44.970892+00:00,c3dd043a-8e96-4eee-9aa7-efc274fdd0ee,0.832200,1,train
W10X33,W10X33,structural_section,human_review,2026-09-04T14:04:44.970953+00:00,3cf5d675-7ef7-4b9d-bdec-f8d2c9b76dd0,0.831600,1,train
L4X4X3/8,L4X4X3/8,structural_section,human_review,2026-09-04T14:04:44.971006+00:00,14cb0376-16fa-4d02-9b10-3e455fb2487e,0.550000,1,train
HSS14X6X1/2,HSS14X6X1/2,structural_section,human_review,2026-09-04T14:04:44.971064+00:00,65b8bd7f-70ca-4f95-9641-239dba0be0f6,0.748000,1,train
W12X40,W12X40,structural_section,human_review,2026-09-04T14:04:44.971117+00:00,16b6b03b-a466-4fc7-a35b-8853ba5f6ae5,0.697500,1,validation
W21X44,W21X44,structural_section,human_review,2026-09-04T14:04:44.971166+00:00,b4b8f18a-c276-45b4-81b5-76e62fd37084,0.998200,1,train
W12X22,W12X22,structural_section,human_review,2026-09-04T14:04:44.971213+00:00,12db8587-03c4-4cb0-adc4-0da9f3978f9f,0.704000,1,train
W14X22,W14X22,structural_section,human_review,2026-09-04T14:04:44.971260+00:00,e39b8ec4-b352-44d2-9a6b-f797cbfa75d9,0.572300,1,train
W16X31,W16X31,structural_section,human_review,2026-09-04T14:04:44.971309+00:00,2a52a681-a85b-4139-a196-d1dc2bc8aa11,0.989700,1,train
W18X35,W18X35,structural_section,human_review,2026-09-04T14:04:44.971357+00:00,254dd21f-a591-4029-9886-6af701f5e469,0.762100,1,train
W14X198,W14X68,structural_section,human_review,2026-09-04T14:04:44.971405+00:00,b7a9ebaa-c964-4a09-a7bb-7c3d016581d0,0.000000,1,train
W14X145,W14X145,structural_section,human_review,2026-09-04T14:04:44.971452+00:00,a451a504-0feb-4b61-848c-71be52471b4d,0.946200,1,train
W14X132,W14X132,structural_section,human_review,2026-09-04T14:04:44.971497+00:00,85dbab38-e232-46e5-a859-48a3032a5e33,0.999700,1,train
W14X90,W14X90,structural_section,human_review,2026-09-04T14:04:44.971541+00:00,dda93566-9a50-483c-b005-18673171d2f5,0.720000,1,train
W14X82,W14X82,structural_section,human_review,2026-09-04T14:04:44.971588+00:00,8faeab16-29bf-4c19-a51c-b8e1c3e10df0,0.720000,1,test
W14X68,W14X68,structural_section,human_review,2026-09-04T14:04:44.971635+00:00,358b6a04-55fe-46d7-ab55-2f7f920ccf36,0.720000,1,train
W14X61,W14X61,structural_section,human_review,2026-09-04T14:04:44.971682+00:00,b88c740f-f75f-4f42-8b4a-9ead97404b92,0.720000,1,train
W12X120,W12X120,structural_section,human_review,2026-09-04T14:04:44.971731+00:00,4dc8dba4-56de-4111-afad-17aeda31759e,0.720000,1,train
W12X106,W12X106,structural_section,human_review,2026-09-04T14:04:44.971780+00:00,a40fbd09-4e83-4f65-ab3d-50961b701684,0.720000,1,train
W8X40,W8X40,structural_section,human_review,2026-09-04T14:04:44.971823+00:00,3547cb51-917a-4eb8-b04d-af3aded65192,0.870000,1,train
HSS10X0.500,HSS10.000X0.500,structural_section,human_review,2026-09-04T14:04:44.971870+00:00,88630f17-a24e-43d7-9348-5d82f5ea63e0,0.000000,1,train
W10X49,W10X49,structural_section,human_review,2026-09-04T14:04:44.971920+00:00,fc7df5c4-b875-4f55-b793-3f8a358e9515,0.870000,1,train
HSS10X0.625,W10X54,structural_section,human_review,2026-09-04T14:04:44.971968+00:00,b8fa6fc6-0cfb-4658-8c7b-0032af54b24a,0.000000,1,train
W10X45,W10X45,structural_section,human_review,2026-09-04T14:05:00.528031+00:00,31179065-926c-4a1e-9421-0dbdfee9322c,0.870000,1,train
HSS6X6X1/2,HSS6X6X1/2,structural_section,human_review,2026-09-04T14:05:00.529118+00:00,250052ea-6380-40f5-8281-5fb9c8b26a91,0.870000,1,train
HSS8X6X3/8,HSS8X6X3/8,structural_section,human_review,2026-09-04T14:05:00.529237+00:00,be95ed08-2c11-4b29-b973-19f79acd7ac7,0.870000,1,train
HSS6X6X3/8,HSS6X6X3/8,structural_section,human_review,2026-09-04T14:05:00.529524+00:00,7121b392-4da2-4d2b-a1e4-f9d57aee6e5f,0.870000,1,train
L4X3-1/2X5/16,L4X3X5/16,structural_section,human_review,2026-09-04T14:05:00.529604+00:00,3f4259ed-cfde-4c16-a099-6585b9031a54,0.000000,1,train
"L3X3X3/8X0'-10""",L3X3X3/8,structural_section,human_review,2026-09-04T14:05:00.529673+00:00,2c21c06b-7c7e-4285-824a-29c77ab66aad,0.870000,1,train
L6x3-1/2x3/8,L3X3X3/8,structural_section,human_review,2026-09-04T14:05:00.529739+00:00,9122de79-f4e1-412a-8cf7-997a113a73c6,0.000000,1,train
"L4X3X3/8X0'-6""",L4X3X3/8,structural_section,human_review,2026-09-04T14:05:00.529800+00:00,bc6d469d-0ffc-4371-8cc8-581535a1bcf4,0.870000,1,train
A325,W14X132,structural_section,human_review,2026-09-04T14:05:00.529860+00:00,af494d8b-e8f3-417a-8e32-276ecc26f954,0.000000,1,train
"L3x3x1/4x0'-3"",",L3X3X1/4,structural_section,human_review,2026-09-04T14:05:00.529920+00:00,0c159f68-50ac-4ed1-8178-167119f38efc,0.870000,1,train
"L4X4X3/8X0'-8""",L4X4X3/8,structural_section,human_review,2026-09-04T14:05:00.530007+00:00,5b51b2ee-fdc3-47c4-b423-4facda81b7ab,0.870000,1,train
W12X252,W12X252,structural_section,human_review,2026-09-04T14:05:00.530068+00:00,2dbdad33-3f55-450c-a880-d9f390087dd0,0.870000,1,train
W10X112,W10X112,structural_section,human_review,2026-09-04T14:05:00.530128+00:00,d0020f4d-1dae-4dad-82f5-ecff89666e59,0.870000,1,train
HSS14X6X5/8,HSS14X6X5/8,structural_section,human_review,2026-09-04T14:05:00.530186+00:00,0bcd35d7-6fb5-44c5-accc-f74ed1d6ad70,0.870000,1,train
W14X26,W14X26,structural_section,human_review,2026-09-04T14:05:00.530244+00:00,8fcda11f-72c1-4423-90a1-922e0e219d0e,0.870000,1,validation
W8x31,W8X31,structural_section,human_review,2026-09-04T14:05:00.530305+00:00,df4f19ca-70c7-40ec-8f7c-8b678a7d4e98,0.870000,1,train
HSS20X8X5/8,HSS20X8X5/8,structural_section,human_review,2026-09-04T14:05:00.530366+00:00,d8dc30d8-3534-4e00-9dd1-91c9e7b9bfb4,0.870000,1,validation
W10X30,W10X30,structural_section,human_review,2026-09-04T14:05:00.530425+00:00,c437d2a4-9108-4f08-890f-f4259ac0e6d2,0.870000,1,train
W10X22,W10X22,structural_section,human_review,2026-09-04T14:05:00.530482+00:00,fcbaf38c-1fab-4103-8c35-52d324939bf4,0.870000,1,train
HSS12X6X3/8,HSS12X6X3/8,structural_section,human_review,2026-09-04T14:05:00.530538+00:00,1d30e3fa-2da0-4555-92e0-0352264c965b,0.870000,1,train
HSS10X6X3/8,HSS10X6X3/8,structural_section,human_review,2026-09-04T14:05:00.530598+00:00,2714ff06-890c-4e79-8eba-4d3a148f26f2,0.870000,1,train
W12X26,W12X26,structural_section,human_review,2026-09-04T14:05:00.530658+00:00,213a9abc-859f-4bcf-b4ec-cb62134ef353,0.870000,1,train
W10X15,W10X15,structural_section,human_review,2026-09-04T14:05:00.530716+00:00,6a15d480-658a-465b-a085-43506bd89d99,0.870000,1,train
W10X19,W10X19,structural_section,human_review,2026-09-04T14:05:00.530772+00:00,40512a67-9810-40b4-8846-ace3c066b1de,0.870000,1,test
W21X50,W21X50,structural_section,human_review,2026-09-04T14:05:00.530827+00:00,16744abc-a303-4562-a307-890379ac9574,0.870000,1,train
W18X50,W18X50,structural_section,human_review,2026-09-04T14:05:12.668750+00:00,8b16e214-8cdf-477a-abcd-1efecfef7e53,0.870000,1,train
W16X26,W16X26,structural_section,human_review,2026-09-04T14:05:12.668943+00:00,05970cc0-5235-44c4-842d-a4aed14258f0,0.870000,1,test
W18X40,W18X40,structural_section,human_review,2026-09-04T14:05:12.669008+00:00,55d6831a-2435-4848-b6b1-9f2a6fbd4af9,0.870000,1,train
W12X16,W12X16,structural_section,human_review,2026-09-04T14:05:12.669060+00:00,0579cbec-b45b-469c-a86b-e502a46771dd,0.870000,1,train
HSS10X8X3/8,HSS10X8X3/8,structural_section,human_review,2026-09-04T14:05:12.669108+00:00,595b88b9-955a-4384-b31b-c7ef394b1354,0.870000,1,train
HSS8X8X1/2,HSS8X8X1/2,structural_section,human_review,2026-09-04T14:05:12.669156+00:00,a11cf254-9379-4221-b233-45a607369529,0.870000,1,train
W24X68,W24X68,structural_section,human_review,2026-09-07T06:29:26.006938+00:00,475f3ffc-a915-48e4-9305-eca1aba51e6b,0.825400,1,train
W16X26,W16X26,structural_section,human_review,2026-09-07T06:29:26.009304+00:00,c678b5ee-4011-40f8-a4ef-b01bd7deea23,0.604300,1,train
W16X31,W16X31,structural_section,human_review,2026-09-07T06:29:26.009380+00:00,4a509149-2563-4efb-88dc-6208fb1c104c,0.550000,1,test
W21X55,W21X55,structural_section,human_review,2026-09-07T06:29:26.009417+00:00,384620b4-0542-474e-a937-149a20d874a1,0.824800,1,train
W18X35,W18X35,structural_section,human_review,2026-09-07T06:29:26.009447+00:00,f8d46d02-2c71-490d-9697-f44135c97639,0.933700,1,train
W14X22,W14X22,structural_section,human_review,2026-09-07T06:29:26.009495+00:00,8351f9c4-336b-4392-acee-be44bd3432e3,0.644200,1,train
W21X44,W21X44,structural_section,human_review,2026-09-07T06:29:26.009523+00:00,d52fbae4-ebed-440c-b9b9-d750074b38f4,0.844600,1,train
W8X15,W8X15,structural_section,human_review,2026-09-07T06:29:26.009580+00:00,bf080a7d-d1b3-4bdf-80d9-0ea85d0a6fdd,0.550000,1,train
L5X3X5/16,L5X3X5/16,structural_section,human_review,2026-09-07T06:29:26.009608+00:00,fb59d682-7dc8-4d41-b5b5-8e62110c7bd3,0.720000,1,test
W10X22,W10X22,structural_section,human_review,2026-09-07T06:29:26.009644+00:00,f374a3a2-c245-468e-a9ae-0b863a7c579f,0.720000,1,test
L5X3,L5X3X1/2,structural_section,human_review,2026-09-07T06:29:26.009673+00:00,8dc8dbf9-af4c-4af0-97f1-0b33b1b84acb,0.000000,1,train
L6X6X3/8,L6X6X3/8,structural_section,human_review,2026-09-07T06:29:26.009728+00:00,e1b4c7f0-0d06-4336-9256-520c826e207f,0.720000,1,train
L8X6X1/2,L8X6X1/2,structural_section,human_review,2026-09-07T06:29:26.009755+00:00,6426c539-5322-4d2e-8606-6009e919206e,0.998900,1,train
HSS14X10X1/4,HSS14X10X1/4,structural_section,human_review,2026-09-07T06:29:26.009782+00:00,d1d654ee-4dfb-4655-bf00-35f871ba2521,0.870000,1,train
W30X108,W30X108,structural_section,human_review,2026-09-07T06:29:26.009809+00:00,a87930b5-9f4b-4da2-a69c-6048046793b0,0.870000,1,train
W10X33,W10X33,structural_section,human_review,2026-09-07T06:29:26.009834+00:00,59746f09-b103-4e71-99d9-89ebb9a0a1c6,0.870000,1,train
W18X40,W18X40,structural_section,human_review,2026-09-07T06:29:26.009889+00:00,1a0e92f8-8f02-41de-ac3a-c6b7b9b97922,0.870000,1,test
W10X15,W10X15,structural_section,human_review,2026-09-07T06:29:26.009942+00:00,7f0b17e7-f6ae-4d00-ac4d-dffd1c661516,0.870000,1,train
L6x4x3/8,L6X4X3/8,structural_section,human_review,2026-09-07T06:29:26.009969+00:00,2c5192e2-40d4-4df7-a7f0-a395f72ef07c,0.870000,1,train
L3x2x3/16,L3X2X3/16,structural_section,human_review,2026-09-07T06:29:26.009997+00:00,eb17c70b-33aa-4b78-bb02-3a1c74d5199d,0.870000,1,train
W10X39,W10X39,structural_section,human_review,2026-09-07T07:18:41.145085+00:00,9aa88d3c-319f-4bcf-b947-c07c30f5d205,0.833700,1,train
W10X49,W10X49,structural_section,human_review,2026-09-07T07:18:41.145918+00:00,aeb6ccff-c562-49fd-ab3c-27983cf205ed,0.829500,1,train
W10X54,W10X54,structural_section,human_review,2026-09-07T07:18:41.146041+00:00,b798037c-3f27-46c4-beb6-e1a35cbca79c,0.832200,1,train
W10X45,W10X45,structural_section,human_review,2026-09-07T07:18:41.146107+00:00,2540429e-7f3a-4d53-b285-eae5468c3656,0.834600,1,train
L4X4X3/8,L4X4X3/8,structural_section,human_review,2026-09-07T07:18:41.146159+00:00,05127585-b417-432c-a208-49b7833eb5c8,0.550000,1,train
HSS14X6X1/2,HSS14X6X1/2,structural_section,human_review,2026-09-07T07:18:41.146223+00:00,db1e6344-15b7-479c-b5e6-8c574c7f24a6,0.748000,1,train
W12X40,W12X40,structural_section,human_review,2026-09-07T07:18:41.146276+00:00,05bab433-9e53-4542-9774-af54cfd28501,0.697500,1,train
W12X22,W12X22,structural_section,human_review,2026-09-07T07:18:41.146327+00:00,f8cb912f-aebd-4e9a-996d-2727248e9adb,0.704000,1,train
W14X22,W14X22,structural_section,human_review,2026-09-07T07:18:41.146378+00:00,25cd611a-c102-4b59-87ae-be92b8ce9dc4,0.705000,1,train
W18X40,W18X40,structural_section,human_review,2026-09-07T07:18:41.146427+00:00,fc34821d-2fdc-44aa-8ecb-1c8874a591dc,0.591600,1,train
W16X31,W16X31,structural_section,human_review,2026-09-07T07:18:41.146476+00:00,a47c6629-7aea-49fb-9b8d-935f6ebc0c3f,0.999000,1,train
W16X26,W16X26,structural_section,human_review,2026-09-07T07:18:41.146557+00:00,b4155c59-1005-41c1-a627-3be7f3937058,0.550000,1,train
W18X35,W18X35,structural_section,human_review,2026-09-07T07:18:41.146609+00:00,e16441fc-d491-4409-8abb-5e8a2c79c1c0,0.981000,1,train
W14X198,W14X68,structural_section,human_review,2026-09-07T07:18:41.146658+00:00,389c2172-3bb2-4c70-b321-1a13dc51b5f9,0.000000,1,validation
W14X145,W14X145,structural_section,human_review,2026-09-07T07:18:41.146706+00:00,d2253776-c952-4464-b835-fce1cdea8a58,0.996700,1,train
W14X132,W14X132,structural_section,human_review,2026-09-07T07:18:41.146763+00:00,66e31e9c-ebe1-42c1-8df7-bfca56e2dfbf,0.720000,1,train
W14X90,W14X90,structural_section,human_review,2026-09-07T07:18:41.146837+00:00,227f0ab4-e78f-47b1-9868-2ea33fed8242,0.720000,1,train
W14X82,W14X82,structural_section,human_review,2026-09-07T07:18:41.146885+00:00,b12cf2a4-923d-48c6-8594-a9ef2cf4c125,0.720000,1,train
W14X68,W14X68,structural_section,human_review,2026-09-07T07:18:41.147066+00:00,53bcffd3-edd2-40b7-af71-be734dadf1af,0.720000,1,train
W14X61,W14X61,structural_section,human_review,2026-09-07T07:18:41.147139+00:00,cb915153-77c9-44f5-8258-721d3ff6df9e,0.720000,1,train
W12X120,W12X120,structural_section,human_review,2026-09-07T07:18:41.147195+00:00,b8695b1f-6286-4c37-b2e4-904f68424e78,0.720000,1,train
W12X106,W12X106,structural_section,human_review,2026-09-07T07:18:41.147245+00:00,5e50d28f-c158-436b-aba8-011668bb1782,0.720000,1,validation
W8X40,W8X40,structural_section,human_review,2026-09-07T07:18:41.147291+00:00,57797d40-5bdd-4430-af38-cadbc0f89ebb,0.870000,1,train
HSS10X0.500,HSS10.000X0.500,structural_section,human_review,2026-09-07T07:18:41.147387+00:00,37a6d24f-83ca-4cf3-b799-7c32a7e14186,0.000000,1,validation
W10X60,W10X60,structural_section,human_review,2026-09-07T07:18:41.147441+00:00,63c5404c-5557-4fe7-95f1-be497ff8be67,0.870000,1,train
W10X33,W10X33,structural_section,human_review,2026-09-07T07:19:17.587636+00:00,4f92fd05-a950-497b-bfd2-49bfc17cb0d4,0.870000,1,train
HSS10X0.625,W10X54,structural_section,human_review,2026-09-07T07:19:17.587858+00:00,8fbc5703-fbde-4b32-bcff-541b33026d94,0.000000,1,test
HSS6X6X1/2,HSS6X6X1/2,structural_section,human_review,2026-09-07T07:19:17.587932+00:00,f4108159-a1e8-4c14-aeec-1e4d4d5fcbb5,0.870000,1,train
HSS8X6X3/8,HSS8X6X3/8,structural_section,human_review,2026-09-07T07:19:17.587988+00:00,a339a01a-af80-4443-8128-c6e8b5979c02,0.870000,1,validation
HSS6X6X3/8,HSS6X6X3/8,structural_section,human_review,2026-09-07T07:19:17.588038+00:00,f23b858a-a37e-495b-ac26-c4e2677aef93,0.870000,1,train
L4X3-1/2X5/16,L4X3X5/16,structural_section,human_review,2026-09-07T07:19:17.588085+00:00,6b5fcc12-1406-4c8b-baa0-1d1a925585dc,0.000000,1,train
"L3X3X3/8X0'-10""",L3X3X3/8,structural_section,human_review,2026-09-07T07:19:17.588131+00:00,0186cfce-fdbe-4b70-8bcd-f89ab98b46ce,0.898100,1,train
"L4X3X3/8X0'-6""",L4X3X3/8,structural_section,human_review,2026-09-07T07:19:17.588176+00:00,fd714349-0664-4f69-a6a2-ce6ebf59a870,0.978600,1,train
"L3x3x1/4x0'-3"",",L3X3X1/4,structural_section,human_review,2026-09-07T07:19:17.588225+00:00,c56ca487-8946-48be-a12a-00d930b6ebc5,0.870000,1,train
"L4X4X3/8X0'-8""",L4X4X3/8,structural_section,human_review,2026-09-07T07:19:17.588270+00:00,8913e91d-92db-4441-87d0-a7b78983ae7a,0.870000,1,train
W12X252,W12X252,structural_section,human_review,2026-09-07T07:19:17.588314+00:00,b775d492-96df-4157-9474-4e18675db34c,0.870000,1,train
HSS14X6X5/8,HSS14X6X5/8,structural_section,human_review,2026-09-07T07:19:17.588358+00:00,c6bfe59b-23ac-4363-896b-15fe93d3c7a8,0.870000,1,train
W24X84,W24X84,structural_section,human_review,2026-09-07T07:19:17.588402+00:00,19ba8e62-cdfd-4354-8478-f51ba0586355,0.870000,1,train
W8x31,W8X31,structural_section,human_review,2026-09-07T07:19:17.588446+00:00,88cb9f3f-9c0e-4153-bda4-1b607993615e,0.870000,1,validation
HSS20X8X5/8,HSS20X8X5/8,structural_section,human_review,2026-09-07T07:19:17.588491+00:00,10820a96-d2eb-4a5b-aecb-f6fa0e280dac,0.870000,1,train
W21X48,W21X48,structural_section,human_review,2026-09-07T07:19:17.588534+00:00,029b3c89-a625-498c-9835-f98aa586d333,0.870000,1,train
W10X30,W10X30,structural_section,human_review,2026-09-07T07:19:17.588578+00:00,4405ba07-72c5-48c8-9acd-5b439e10bd64,0.870000,1,train
W12X30,W12X30,structural_section,human_review,2026-09-07T07:19:17.588622+00:00,65818493-eb88-489a-a2f9-b6018750b5ff,0.870000,1,train
W10X22,W10X22,structural_section,human_review,2026-09-07T07:19:17.588663+00:00,3f9ec42e-b9ea-45bc-bb0e-dd324d3a3f74,0.870000,1,train
W12X19,W12X19,structural_section,human_review,2026-09-07T07:19:17.588704+00:00,441f3549-27bb-4010-a5b6-9eab1027934d,0.870000,1,train
W12X26,W12X26,structural_section,human_review,2026-09-07T07:19:17.588919+00:00,d374b08b-a8fc-4a4a-8f9c-84ab3facb93e,0.870000,1,train
W10X15,W10X15,structural_section,human_review,2026-09-07T07:19:17.588982+00:00,d8a559fc-b112-4eb9-9ad4-949f9d8359bd,0.870000,1,train
W10X19,W10X19,structural_section,human_review,2026-09-07T07:19:17.589032+00:00,16fe8260-f043-4b09-80bc-b5b222798406,0.870000,1,train
W21X50,W21X50,structural_section,human_review,2026-09-07T07:19:17.589078+00:00,f192e8bf-6633-4adc-9ae4-f1d9e1c79e88,0.870000,1,train
W21X44,W21X44,structural_section,human_review,2026-09-07T07:19:17.589124+00:00,0494bf6b-0a12-41a6-b032-2fa08fde3951,0.870000,1,validation
W12X16,W12X16,structural_section,human_review,2026-09-07T07:19:27.671919+00:00,056fa0e4-73e4-4938-b23a-15c48686b937,0.870000,1,train
HSS10X8X3/8,HSS10X8X3/8,structural_section,human_review,2026-09-07T07:19:27.677168+00:00,b11bf61f-4ff5-4eee-9ab1-c000f705aaff,0.870000,1,train
W18X50,W18X50,structural_section,human_review,2026-09-07T07:19:27.686127+00:00,c6ca15a5-773b-4e93-8466-d6c85f142b2e,0.870000,1,validation
W10X60,W10X60,structural_section,human_review,2026-09-07T08:40:16.872777+00:00,b3481e9d-3dd9-4817-a406-ebb6a211cf74,0.839100,1,train
W10X54,W10X54,structural_section,human_review,2026-09-07T08:40:16.881672+00:00,855000a5-0a6f-49ee-9f95-e257143d1e74,0.790700,1,train
W10X45,W10X45,structural_section,human_review,2026-09-07T08:40:16.881785+00:00,f5e9578f-8a99-4174-8954-2be379cf3604,0.780400,1,test
W12X65,W12X65,structural_section,human_review,2026-09-07T08:40:16.881847+00:00,208fe44d-55a5-4260-a676-ee751cb6633c,0.781000,1,train
W14X68,W14X68,structural_section,human_review,2026-09-07T08:40:16.881900+00:00,ae5565d8-9826-4f0f-901a-6c99875d5ae9,0.550000,1,test
W14X132,W14X132,structural_section,human_review,2026-09-07T08:40:16.881947+00:00,493ce1e7-8150-4611-989e-0299b7a306ae,0.812300,1,train
W14X120,W14X120,structural_section,human_review,2026-09-07T08:40:16.882324+00:00,2b5f020a-6ec3-4d1e-a0c4-e02b997e26bf,0.811400,1,train
W24X55,W24X55,structural_section,human_review,2026-09-07T08:40:16.882461+00:00,14758d1d-af2f-4a8f-a9e1-27f6898c2565,0.999900,1,train
HSS12X6X1/2,HSS12X6X1/2,structural_section,human_review,2026-09-07T08:40:16.882509+00:00,b13a14b5-def2-4fd2-aebd-f644cbde546f,0.829100,1,train
W14X34,W14X34,structural_section,human_review,2026-09-07T08:40:16.882553+00:00,8eb17a00-76d3-49f7-807f-226471cf5d6e,0.680000,1,train
W12X22,W12X22,structural_section,human_review,2026-09-07T08:40:16.882594+00:00,13b26d19-eccf-4307-9914-44419d00158d,0.663400,1,train
W16X36,W16X36,structural_section,human_review,2026-09-07T08:40:16.882631+00:00,024e5eb7-a1e4-4b43-95b5-7313ba8b2abe,0.550000,1,validation
HSS8X6X5/16,HSS8X6X5/16,structural_section,human_review,2026-09-07T08:40:16.882670+00:00,90059ab1-bf9c-4714-aaa3-ab9f97cfd464,0.743400,1,train
L3X3X1/4,L3X3X1/4,structural_section,human_review,2026-09-07T08:40:16.882708+00:00,572f5e41-6762-4075-ae1b-77bb2f7977b5,0.799400,1,train
W14X26,W14X26,structural_section,human_review,2026-09-07T08:40:16.882746+00:00,aff12d38-ca79-4d8e-bdf6-25ba3f50da9c,0.657200,1,train
W8X13,W8X13,structural_section,human_review,2026-09-07T08:40:16.882784+00:00,d6ba1dd4-8221-4e1a-9a57-ecef5961e126,0.717600,1,train
W18X35,W18X35,structural_section,human_review,2026-09-07T08:40:16.882821+00:00,9df4ffa8-b00c-44f8-9552-183d548a75c0,0.837100,1,train
HSS6X3X3/8,HSS6X3X3/8,structural_section,human_review,2026-09-07T08:40:16.882860+00:00,4ae05a12-a103-444a-bae5-431cd6e7292f,0.711000,1,train
W21X55,W21X55,structural_section,human_review,2026-09-07T08:40:16.882899+00:00,1d5c94ca-51c0-43fd-86d6-b51022e9f559,0.550000,1,train
W21X44,W21X44,structural_section,human_review,2026-09-07T08:40:16.882937+00:00,c7114757-2c72-4467-968b-457404ed8d22,0.550000,1,train
W18X55,W18X55,structural_section,human_review,2026-09-07T08:40:16.882973+00:00,a8af4cd8-91c9-4bc6-8bdc-38a9cb02049d,0.550000,1,train
W18X40,W18X40,structural_section,human_review,2026-09-07T08:40:16.883011+00:00,e5f1ff68-efa7-4e13-85ca-82b46c5b85dd,0.550000,1,train
WT4X14,WT4X14,structural_section,human_review,2026-09-07T08:40:16.883047+00:00,8ff38671-17a3-4bdc-9ec1-6d4c37522959,0.782000,1,train
WT6X11,WT6X11,structural_section,human_review,2026-09-07T08:40:16.883085+00:00,4eba3455-89dc-4de4-b2fa-de75bdc264f2,0.968800,1,train
W12X16,W12X16,structural_section,human_review,2026-09-07T08:40:16.883122+00:00,501d0fb0-e2c1-4185-83b1-1a4c3474c878,0.673600,1,train
L3X3X3/8,L3X3X3/8,structural_section,human_review,2026-09-07T08:40:37.318650+00:00,d8558f90-0548-4ddf-80d4-aee89aaa5de9,0.696900,1,train
W14X22,W14X22,structural_section,human_review,2026-09-07T08:40:37.318829+00:00,b89e5b1a-462a-43ba-bb9b-7d8530aa7904,0.704900,1,train
W16X31,W16X31,structural_section,human_review,2026-09-07T08:40:37.318903+00:00,3ecbbc95-2a08-440f-b29d-02a72d457fa5,0.708200,1,train
W16X40,W16X40,structural_section,human_review,2026-09-07T08:40:37.318961+00:00,356a013e-c7f0-41c2-b19a-28591fff3c28,0.550000,1,test
W16X26,W16X26,structural_section,human_review,2026-09-07T08:40:37.319017+00:00,f97a16fd-5779-4a83-9d03-a7f6949beda5,0.584100,1,test
W8X35,W8X35,structural_section,human_review,2026-09-07T08:40:37.319071+00:00,33ef1edc-1b6b-4a7e-ba7b-3c1556c6285a,0.870000,1,train
W10X77,W10X77,structural_section,human_review,2026-09-07T08:40:37.319122+00:00,cbcd074b-8bc0-41e2-9ca9-4fefd68f6a89,0.870000,1,train
W10X68,W10X68,structural_section,human_review,2026-09-07T08:40:37.319170+00:00,a90d400c-0ea4-40bf-ad1e-66bd14427bbc,0.870000,1,train
W10X49,W10X49,structural_section,human_review,2026-09-07T08:40:37.319222+00:00,670e0768-11f3-41a0-ab4d-65b22cff688f,0.870000,1,train
HSS10X0.500,HSS10.000X0.500,structural_section,human_review,2026-09-07T08:40:37.319275+00:00,b16ec57d-aa98-44b9-beff-fec5f04770d5,0.000000,1,train
W8X40,W8X40,structural_section,human_review,2026-09-07T08:40:37.319329+00:00,91919941-89cf-4ce3-8ccd-e64f33063b8c,0.870000,1,train
W12X50,W12X50,structural_section,human_review,2026-09-07T08:40:37.319383+00:00,3e92db6f-d290-4d41-9cc4-d18b3174b146,0.870000,1,test
HSS8X8X1/2,HSS8X8X1/2,structural_section,human_review,2026-09-07T08:40:37.319434+00:00,8a7fba96-3d1b-4871-9e9c-c17a01ad083d,0.870000,1,train
W8X31,W8X31,structural_section,human_review,2026-09-07T08:40:37.319487+00:00,acf1dcab-7174-4b06-86d4-751d474d7c53,0.870000,1,validation
HSS10X8X5/8,HSS10X8X5/8,structural_section,human_review,2026-09-07T08:40:37.319538+00:00,9e240a3e-a656-4b5c-a200-4798dc636080,0.870000,1,train
W14X90,W14X90,structural_section,human_review,2026-09-07T08:40:37.319589+00:00,9ab7bcd4-b516-4914-a763-9f33a68abd22,0.870000,1,train
W14X82,W14X82,structural_section,human_review,2026-09-07T08:40:37.319638+00:00,6ce5f693-ff48-4c15-a302-fa7999a4a76b,0.870000,1,validation
HSS6x6,HSS6X6X1/2,structural_section,human_review,2026-09-07T08:40:37.319685+00:00,1c24a9e7-931c-4a91-8faf-a6f4e5216013,0.000000,1,train
W18X50,W18X50,structural_section,human_review,2026-09-07T08:40:37.319732+00:00,aef98384-a482-4596-81fb-03ccea9a5de8,0.870000,1,test
W27X84,W27X84,structural_section,human_review,2026-09-07T08:40:37.319796+00:00,b01043e3-f99d-4038-a229-ddf7c7f82af8,0.870000,1,train
HSS14X6X3/8,HSS14X6X3/8,structural_section,human_review,2026-09-07T08:40:37.319844+00:00,d6c3aec1-4ce0-4864-8286-c9979bbad123,0.870000,1,validation
W8X24,W8X24,structural_section,human_review,2026-09-07T08:40:37.319902+00:00,e5bdea17-ebb1-4e57-8aca-9fb8ff81cabb,0.870000,1,train
W8X18,W8X18,structural_section,human_review,2026-09-07T08:40:37.319953+00:00,b5ad6efd-b6fd-459a-a38e-0f0eb332deb4,0.870000,1,train
HSS14X6X5/8,HSS14X6X5/8,structural_section,human_review,2026-09-07T08:40:37.320001+00:00,91ef5f7c-1ca4-4216-b2f5-8f1b06481e77,0.870000,1,train
HSS8X8X3/8,HSS8X8X3/8,structural_section,human_review,2026-09-07T08:40:37.320048+00:00,2d545535-e98c-4182-bca4-7bf6c9c7b15c,0.870000,1,validation
W8x24(E),W8X24,structural_section,human_review,2026-09-07T08:41:19.961622+00:00,b59ef6b1-4457-4103-8670-ec3d98e9aa9e,0.870000,1,train
W12X19,W12X19,structural_section,human_review,2026-09-07T08:41:19.961796+00:00,5e623acd-e669-4603-af3a-f534a98218b0,0.870000,1,train
W16X50,W16X50,structural_section,human_review,2026-09-07T08:41:19.961868+00:00,43352b27-3b1c-4591-83d5-048850f50eae,0.870000,1,test
W12X26,W12X26,structural_section,human_review,2026-09-07T08:41:19.961923+00:00,f67f50d5-6725-445b-913f-7ef52fd6085d,0.870000,1,train
W10X22,W10X22,structural_section,human_review,2026-09-07T08:41:19.961973+00:00,ab1ffb35-0322-4370-a71a-e8a37b5a70e6,0.870000,1,train
W21X50,W21X50,structural_section,human_review,2026-09-07T08:41:19.962019+00:00,30164a74-8193-4e60-acc9-8a0a6b680eae,0.870000,1,train
W8X21,W8X21,structural_section,human_review,2026-09-07T08:41:19.962066+00:00,f266961d-bcfc-4549-93f3-69ad22a081a3,0.870000,1,validation
W8X48,W8X48,structural_section,human_review,2026-09-07T08:41:19.962112+00:00,d929ede7-f9b2-4df0-8c7f-67b424041f91,0.870000,1,test
C8X13.7,C8X13.75,structural_section,human_review,2026-09-07T08:41:19.962157+00:00,87939de5-5a77-4ac5-9b29-f2fcec16e238,0.000000,1,train
HSS16X4X1/2,HSS16X4X1/2,structural_section,human_review,2026-09-07T08:41:19.962203+00:00,6ca7738e-a4e8-4758-9e08-17feb8203eff,0.870000,1,train
HSS8X6X3/8,HSS8X6X3/8,structural_section,human_review,2026-09-07T08:41:19.962248+00:00,5f4b67d2-f2c6-4624-a8e5-263b33fe1f74,0.870000,1,train
HSS6X6X3/8,HSS6X6X3/8,structural_section,human_review,2026-09-07T08:41:19.962291+00:00,fd09ef33-1392-404d-946c-0be5ca4d9a9b,0.870000,1,train
HSS10X6X5/8,HSS10X6X5/8,structural_section,human_review,2026-09-07T08:41:19.962338+00:00,36ccd745-d5d2-4d33-aaac-9e13b66c5d76,0.870000,1,train
HSS12X6X5/8,HSS12X6X5/8,structural_section,human_review,2026-09-07T08:41:19.962384+00:00,b530634a-64e0-4284-ba32-dcfa03c3dc16,0.870000,1,train
W10X60,W10X60,structural_section,human_review,2026-09-07T09:58:33.574032+00:00,51ada51c-f72f-4593-a673-157b65f9d9de,0.834600,1,train
W10X49,W10X49,structural_section,human_review,2026-09-07T09:58:33.574871+00:00,d54df4ac-8f00-4c46-8ea4-8d527513931c,0.829500,1,train
W10X54,W10X54,structural_section,human_review,2026-09-07T09:58:33.575024+00:00,9a870741-6faf-4c0f-8967-16cf70c11717,0.832200,1,train
W10X45,W10X45,structural_section,human_review,2026-09-07T09:58:33.575100+00:00,64cd4d99-5a92-4306-a69c-3881d8e941c2,0.834600,1,train
W10X33,W10X33,structural_section,human_review,2026-09-07T09:58:33.575156+00:00,29bc6abe-9163-4bc8-8462-3f70684f4d33,0.831600,1,train
L4X4X3/8,L4X4X3/8,structural_section,human_review,2026-09-07T09:58:33.575250+00:00,7133cb09-6995-4f9c-9d44-99d4de24874e,0.603300,1,train
HSS14X6X1/2,HSS14X6X1/2,structural_section,human_review,2026-09-07T09:58:33.575311+00:00,1fd9decd-c0f5-4e70-b056-052be4537220,0.748000,1,train
W12X22,W12X22,structural_section,human_review,2026-09-07T09:58:33.575359+00:00,4ff019dc-0c81-4f86-96b6-0ac15746fa3d,0.704000,1,validation
W14X22,W14X22,structural_section,human_review,2026-09-07T09:58:33.575406+00:00,b6273725-f793-4a34-8d5f-80852f52f304,0.550000,1,train
W18X40,W18X40,structural_section,human_review,2026-09-07T09:58:33.575453+00:00,87ad8738-4f5c-4d00-ac0e-13f59f34b751,0.591600,1,train
W16X31,W16X31,structural_section,human_review,2026-09-07T09:58:33.576629+00:00,62bf2155-7236-44a9-9741-d525bd8531b9,0.699800,1,validation
HSS10X8X3/8,HSS10X8X3/8,structural_section,human_review,2026-09-07T09:58:33.576836+00:00,83888c32-3434-41f3-9d15-8f29cc849c75,0.687600,1,train
W16X26,W16X26,structural_section,human_review,2026-09-07T09:58:33.576912+00:00,858f2069-94f6-4684-9ef5-e7fc647e5344,0.550000,1,train
W12X16,W12X16,structural_section,human_review,2026-09-07T09:58:33.576979+00:00,c3148afd-bbae-44bf-94ad-0597686e60c1,0.743600,1,train
W18X35,W18X35,structural_section,human_review,2026-09-07T09:58:33.577043+00:00,95928f51-ef7c-4b61-a83f-726e240a2fb7,0.998700,1,validation
W8X40,W8X40,structural_section,human_review,2026-09-07T09:58:33.577089+00:00,25865622-a6fa-4e4a-ad40-f9ec4f804e37,0.870000,1,test
HSS10X0.500,HSS10.000X0.500,structural_section,human_review,2026-09-07T09:58:33.577134+00:00,3bd270be-64b3-4213-88c7-96bb10210ef7,0.000000,1,train
W10X39,W10X39,structural_section,human_review,2026-09-07T09:58:33.577179+00:00,f6f8a3b5-d943-4b66-914d-fb22b79c010e,0.870000,1,train
HSS10X0.625,W10X54,structural_section,human_review,2026-09-07T09:58:33.577223+00:00,2c92b904-9aac-42fb-88ed-53b0f242b7e3,0.000000,1,train
HSS6X6X1/2,HSS6X6X1/2,structural_section,human_review,2026-09-07T09:58:33.577265+00:00,12d5e7f8-19fd-48d6-bf14-8b0a3d6f81ca,0.870000,1,test
HSS8X6X3/8,HSS8X6X3/8,structural_section,human_review,2026-09-07T09:58:33.577309+00:00,e81291a5-8231-43f6-90a0-36ddbcd116e7,0.870000,1,train
HSS6X6X3/8,HSS6X6X3/8,structural_section,human_review,2026-09-07T09:58:33.577353+00:00,efe6f1fb-0e51-437a-bd14-701c26d12c34,0.870000,1,train
HSS14X6X5/8,HSS14X6X5/8,structural_section,human_review,2026-09-07T09:58:33.577648+00:00,918deefd-eb35-4749-b024-1fa42026c909,0.870000,1,train
W24X84,W24X84,structural_section,human_review,2026-09-07T09:58:33.577715+00:00,46187faa-9fbc-4c07-a9d2-67de51a7b723,0.870000,1,train
W8x31,W8X31,structural_section,human_review,2026-09-07T09:58:33.577838+00:00,192f121e-e0a8-4efc-9a47-e98272ce8646,0.870000,1,train
HSS20X8X5/8,HSS20X8X5/8,structural_section,human_review,2026-09-07T09:58:41.721274+00:00,b64e396c-4880-42d6-b9d1-c687c6b96b2f,0.870000,1,train
W10X15,W10X15,structural_section,human_review,2026-09-07T09:58:41.721450+00:00,cd752907-6474-495b-b332-3a51a14594e3,0.870000,1,train
W12X40,W12X40,structural_section,human_review,2026-09-07T09:58:41.721532+00:00,9663b056-5937-4708-a402-59ad78fda7ce,0.870000,1,train
W10X30,W10X30,structural_section,human_review,2026-09-07T09:58:41.721591+00:00,770892de-7090-456c-8190-abe64d305f3e,0.870000,1,train
HSS12X6X3/8,HSS12X6X3/8,structural_section,human_review,2026-09-07T09:58:41.721641+00:00,41f54d90-97b2-48b7-b6a8-cedc4831f43f,0.870000,1,train
HSS10X6X3/8,HSS10X6X3/8,structural_section,human_review,2026-09-07T09:58:41.721693+00:00,ba6de0f6-02b4-4dc5-aee3-28fbdf92180c,0.870000,1,train
W12X26,W12X26,structural_section,human_review,2026-09-07T09:58:41.721745+00:00,1d1fb472-d717-4561-a507-455cf2b3613b,0.870000,1,validation
W10X19,W10X19,structural_section,human_review,2026-09-07T09:58:41.721796+00:00,80501d95-4239-43ed-b56d-17f75f4a4e5a,0.870000,1,train
W21X50,W21X50,structural_section,human_review,2026-09-07T09:58:41.721846+00:00,ff32016f-67ef-4c43-8170-94df6079d180,0.870000,1,train
W21X44,W21X44,structural_section,human_review,2026-09-07T09:58:41.721899+00:00,5d7c3282-0d32-47a6-b2eb-aaba6f7aad9a,0.870000,1,train
W18X50,W18X50,structural_section,human_review,2026-09-07T09:58:41.721958+00:00,2cef4b0d-239f-4ed6-9682-198fa16b6af6,0.870000,1,train
W10X39,W10X39,structural_section,human_review,2026-09-07T10:16:11.219976+00:00,3fbbaaaf-7a17-468d-8c7b-17a9fd90a995,0.889600,1,train
W10X49,W10X49,structural_section,human_review,2026-09-07T10:16:11.220132+00:00,ecfa40f3-08d8-4d45-914b-690c280741e7,0.829500,1,train
W10X54,W10X54,structural_section,human_review,2026-09-07T10:16:11.220183+00:00,1597e9e8-c15d-433f-975d-fb14bb04b2c6,0.832200,1,train
W10X45,W10X45,structural_section,human_review,2026-09-07T10:16:11.220218+00:00,903e0ea1-8952-440c-bfe4-665de1187a5b,0.843400,1,train
HSS14X6X1/2,HSS14X6X1/2,structural_section,human_review,2026-09-07T10:16:11.220249+00:00,9fe63bd8-3330-4ab8-903d-edddff0c2911,0.748000,1,validation
W12X40,W12X40,structural_section,human_review,2026-09-07T10:16:11.220279+00:00,8508c736-b534-4421-b028-4d5ea6a7397d,0.998900,1,train
W21X44,W21X44,structural_section,human_review,2026-09-07T10:16:11.220308+00:00,1113c37d-696c-41ba-9d5c-0c2a370fc868,0.987500,1,train
W10X15,W10X15,structural_section,human_review,2026-09-07T10:16:11.220334+00:00,53ef804c-07ff-40c1-a05c-f7046f86a9b2,0.737200,1,validation
W10X30,W10X30,structural_section,human_review,2026-09-07T10:16:11.220361+00:00,865bbe82-3d92-4353-868a-de4556fef515,0.858900,1,train
W12X22,W12X22,structural_section,human_review,2026-09-07T10:16:11.220389+00:00,ca36420b-b30c-4a64-8dc7-9ba77691eb65,0.704000,1,train
W14X22,W14X22,structural_section,human_review,2026-09-07T10:16:11.220416+00:00,1436bb65-4ffe-443b-ab4d-6aece5c663b9,0.550000,1,train
W18X40,W18X40,structural_section,human_review,2026-09-07T10:16:11.220442+00:00,cc104523-61b4-4e69-be2a-985124b17c19,0.591600,1,train
W16X31,W16X31,structural_section,human_review,2026-09-07T10:16:11.220470+00:00,a9304c9f-f2eb-4ad2-94d2-7a250b0aa1da,0.993000,1,train
W16X26,W16X26,structural_section,human_review,2026-09-07T10:16:11.220496+00:00,33c0b674-447f-477f-84db-897fcc866d5d,0.575900,1,train
W12X16,W12X16,structural_section,human_review,2026-09-07T10:16:11.220523+00:00,498aa54d-5547-41ba-8aae-6412e639f53b,0.999500,1,validation
W18X35,W18X35,structural_section,human_review,2026-09-07T10:16:11.220549+00:00,eacb942a-0a5a-4f6d-991e-7078723bc4da,0.762100,1,train
W8X40,W8X40,structural_section,human_review,2026-09-07T10:16:11.220576+00:00,a029e705-b3db-471b-bca3-e07890fcda86,0.870000,1,train
HSS10X0.500,HSS10.000X0.500,structural_section,human_review,2026-09-07T10:16:11.220603+00:00,fbc82045-b134-4772-9265-18fb34da4039,0.205900,1,train
W10X60,W10X60,structural_section,human_review,2026-09-07T10:16:11.220630+00:00,c41643ec-8b8c-4391-b436-0e449ef1a07c,0.870000,1,train
W10X33,W10X33,structural_section,human_review,2026-09-07T10:16:11.220656+00:00,0aa01ac9-645e-4624-a765-f92ada32162d,0.870000,1,train
HSS6X6X1/2,HSS6X6X1/2,structural_section,human_review,2026-09-07T10:16:11.220682+00:00,f8f1b6cd-4521-4bc0-a1ef-2f5f3c4082eb,0.870000,1,train
HSS8X6X3/8,HSS8X6X3/8,structural_section,human_review,2026-09-07T10:16:11.220708+00:00,2fbe622a-ab5b-4ded-905c-91c873846377,0.870000,1,train
HSS6X6X3/8,HSS6X6X3/8,structural_section,human_review,2026-09-07T10:16:11.220800+00:00,15560028-4d4b-49ba-aeb9-4a7ae146a7bb,0.870000,1,test
L4X4X3/8,L4X4X3/8,structural_section,human_review,2026-09-07T10:16:30.615529+00:00,bb287dad-6e65-47a0-bb13-1e1b61e9312e,0.870000,1,test
W24X55,W24X55,structural_section,human_review,2026-09-07T10:16:30.615668+00:00,f9a819f5-cb02-47f1-b6e5-ff21b2425b44,0.870000,1,train
W8x31,W8X31,structural_section,human_review,2026-09-07T10:16:30.615713+00:00,8c642d9e-213a-46ea-b55e-e473ce49d7ae,0.870000,1,train
HSS20X8X5/8,HSS20X8X5/8,structural_section,human_review,2026-09-07T10:16:30.615748+00:00,f0358700-6dbb-4490-9541-f6b9a4390b2a,0.870000,1,validation
HSS10X6X3/8,HSS10X6X3/8,structural_section,human_review,2026-09-07T10:16:30.615781+00:00,90465e8f-41b0-4235-9e6f-1012a2bf7661,0.870000,1,train
W12X26,W12X26,structural_section,human_review,2026-09-07T10:16:30.615812+00:00,850a95fd-198a-40fc-8f22-8d7a5ddef874,0.870000,1,train
W10X19,W10X19,structural_section,human_review,2026-09-07T10:16:30.615842+00:00,307756e3-5b85-4231-8e00-53da2bf6c848,0.870000,1,train
W21X50,W21X50,structural_section,human_review,2026-09-07T10:16:30.615871+00:00,151fa22d-edfd-46c1-a6b3-6004d0cee24f,0.870000,1,train
W18X50,W18X50,structural_section,human_review,2026-09-07T10:16:30.615900+00:00,626755ac-63b0-43c7-85b8-c4abdab045e3,0.870000,1,train
W21X55,W21X55,structural_section,human_review,2026-09-07T10:16:30.615928+00:00,d386c2ae-78f5-4b57-9292-bc573e80a75a,0.870000,1,train
HSS10X8X3/8,HSS10X8X3/8,structural_section,human_review,2026-09-07T10:16:30.615955+00:00,124aaf33-b3e7-44e7-9cc6-67543b62c086,0.870000,1,train
W10X39,W10X39,structural_section,human_review,2026-09-07T11:37:05.320989+00:00,f87a4419-4502-47cb-9432-b91544a31483,0.959100,1,train
W10X49,W10X49,structural_section,human_review,2026-09-07T11:37:05.321304+00:00,90fee35b-c241-45e8-bdc3-53ed80a820b2,0.829500,1,train
W10X54,W10X54,structural_section,human_review,2026-09-07T11:37:05.321386+00:00,f1881661-340b-4e53-8551-44b70fd1631b,0.994100,1,train
W10X45,W10X45,structural_section,human_review,2026-09-07T11:37:05.321446+00:00,b5a15b3f-50fe-4da1-a956-db95c68d8520,0.994600,1,train
W10X33,W10X33,structural_section,human_review,2026-09-07T11:37:05.321516+00:00,4eb09895-765b-4256-8342-a0d8f87627ef,0.997800,1,train
W12X40,W12X40,structural_section,human_review,2026-09-07T11:37:05.321645+00:00,1e07a2a2-102f-46b9-9a71-4b2785cc472c,0.697500,1,train
W21X44,W21X44,structural_section,human_review,2026-09-07T11:37:05.321769+00:00,9fae8a70-57f1-4a8a-b731-23e80fa655b2,0.727600,1,train
W10X15,W10X15,structural_section,human_review,2026-09-07T11:37:05.321827+00:00,c6eb5724-deed-4a78-8880-abbf38fef86e,0.742600,1,test
W10X30,W10X30,structural_section,human_review,2026-09-07T11:37:05.321879+00:00,e3112659-1d9c-4d84-8602-9ba86f549500,0.713700,1,train
W12X22,W12X22,structural_section,human_review,2026-09-07T11:37:05.321930+00:00,d1dbcaa6-6c8c-4fe7-9cd2-92874c94bb43,0.704000,1,test
W14X22,W14X22,structural_section,human_review,2026-09-07T11:37:05.321978+00:00,d55df132-866a-40b2-a893-c32f948c002e,0.980300,1,train
W18X40,W18X40,structural_section,human_review,2026-09-07T11:37:05.322025+00:00,a038ee28-211e-457d-94ea-108e3e52bf7f,0.591600,1,train
W16X31,W16X31,structural_section,human_review,2026-09-07T11:37:05.322074+00:00,d4cdedfa-61be-48ce-ac10-46a50eacf2c8,0.699800,1,train
W16X26,W16X26,structural_section,human_review,2026-09-07T11:37:05.322120+00:00,76e7ffb0-446a-493e-a96d-eef42497d3fe,0.929700,1,train
W12X16,W12X16,structural_section,human_review,2026-09-07T11:37:05.322170+00:00,b965a31b-6fb3-432e-bd18-34e6f58627ce,0.956800,1,train
W8X40,W8X40,structural_section,human_review,2026-09-07T11:37:05.322213+00:00,2c9f6344-89f7-4673-9a73-ded0f2eb182d,0.870000,1,train
W10X60,W10X60,structural_section,human_review,2026-09-07T11:37:05.322258+00:00,d7ca9553-738d-446f-b112-ae79c202499e,0.870000,1,validation
HSS6X6X1/2,HSS6X6X1/2,structural_section,human_review,2026-09-07T11:37:05.322307+00:00,32c6ef86-5870-4d0f-82ba-00dc3e2b0258,0.870000,1,train
HSS8X6X3/8,HSS8X6X3/8,structural_section,human_review,2026-09-07T11:37:05.322356+00:00,f458650d-c627-4553-b484-3017c84784d3,0.870000,1,train
HSS6X6X3/8,HSS6X6X3/8,structural_section,human_review,2026-09-07T11:37:05.322401+00:00,611437ba-1924-47e1-a550-36b539a16794,0.870000,1,test
L4X4X3/8,L4X4X3/8,structural_section,human_review,2026-09-07T11:37:05.322448+00:00,d8e48982-26c1-4db9-9464-ed8360325e7f,0.870000,1,train
HSS14X6X5/8,HSS14X6X5/8,structural_section,human_review,2026-09-07T11:37:05.322497+00:00,8e0f580b-bf54-4697-9fe6-b087109f5909,0.870000,1,train
W8x31,W8X31,structural_section,human_review,2026-09-07T11:37:05.322546+00:00,7fa58e37-3805-4f62-8e85-061a638838da,0.870000,1,train
HSS20X8X5/8,HSS20X8X5/8,structural_section,human_review,2026-09-07T11:37:05.322593+00:00,2ac19f35-8bfc-4ed5-8593-13f2e4192e7e,0.870000,1,train
HSS14X6X1/2,HSS14X6X1/2,structural_section,human_review,2026-09-07T11:37:05.322641+00:00,9e71a1db-c864-43d2-8112-dbac17d8368a,0.870000,1,train
HSS10X6X3/8,HSS10X6X3/8,structural_section,human_review,2026-09-07T11:37:13.136260+00:00,a470bd7f-b04b-401b-b28b-b41cdf0a17e8,0.870000,1,train
W12X26,W12X26,structural_section,human_review,2026-09-07T11:37:13.136434+00:00,b77361fb-08e1-44b6-a910-c0875419d2b8,0.870000,1,train
W21X55,W21X55,structural_section,human_review,2026-09-07T11:37:13.136510+00:00,a4e0d1f4-de6a-4221-aa8b-9a286135a6da,0.870000,1,train
W10X19,W10X19,structural_section,human_review,2026-09-07T11:37:13.136615+00:00,42cef1a0-db24-45b0-9335-df9406c24ffe,0.870000,1,train
W21X50,W21X50,structural_section,human_review,2026-09-07T11:37:13.136687+00:00,d67c75de-2bd5-4ac7-bea8-33a345a35d3b,0.870000,1,train
W18X50,W18X50,structural_section,human_review,2026-09-07T11:37:13.136741+00:00,b88287a5-a6da-49dc-b72e-a4451896522f,0.870000,1,train
HSS10X8X3/8,HSS10X8X3/8,structural_section,human_review,2026-09-07T11:37:13.136785+00:00,8283410d-2812-4f10-b9bc-42997dabe1b9,0.870000,1,test
W18X35,W18X35,structural_section,human_review,2026-09-07T11:37:13.136830+00:00,5b45642c-5cdf-47ec-9151-92dd57aeec7f,0.870000,1,train
W10X39,W10X39,structural_section,human_review,2026-09-07T11:43:38.696987+00:00,08fab714-396e-46ca-93a5-59b57cfe13ea,0.833700,1,validation
W10X49,W10X49,structural_section,human_review,2026-09-07T11:43:38.697411+00:00,704520a5-dde7-4d82-96ed-052463de2019,0.829500,1,validation
W10X45,W10X45,structural_section,human_review,2026-09-07T11:43:38.697471+00:00,2990e8db-7e5f-477d-a9bf-828b5b32a454,0.834600,1,train
W10X33,W10X33,structural_section,human_review,2026-09-07T11:43:38.697516+00:00,ba942b71-3f0f-4911-962d-8d9ad1928252,0.831600,1,train
W12X40,W12X40,structural_section,human_review,2026-09-07T11:43:38.697631+00:00,5ede37bc-36ba-4286-8c49-aeee1ad0c9c6,0.697500,1,train
W21X44,W21X44,structural_section,human_review,2026-09-07T11:43:38.697691+00:00,937466d1-bb79-426a-8927-add96f8d5fae,0.727600,1,train
W10X15,W10X15,structural_section,human_review,2026-09-07T11:43:38.697744+00:00,b2f06627-0331-493d-803e-31b450f4acff,0.737200,1,train
W10X30,W10X30,structural_section,human_review,2026-09-07T11:43:38.697797+00:00,00af5cc5-74c1-4783-920d-3270ce679a4f,0.760900,1,train
W12X22,W12X22,structural_section,human_review,2026-09-07T11:43:38.697846+00:00,2cae4e7a-531a-4e8e-9140-2108bcf1a49e,0.704000,1,train
W14X22,W14X22,structural_section,human_review,2026-09-07T11:43:38.697895+00:00,aa223807-51ba-4e1a-be10-8ab4603f5c9b,0.979400,1,validation
W16X31,W16X31,structural_section,human_review,2026-09-07T11:43:38.697945+00:00,07df4c68-6a25-4e70-bd28-677a1ae51499,0.978200,1,train
HSS10X8X3/8,HSS10X8X3/8,structural_section,human_review,2026-09-07T11:43:38.697999+00:00,de339ec8-e9c2-47a7-9930-a532de85a3e1,0.687600,1,train
W16X26,W16X26,structural_section,human_review,2026-09-07T11:43:38.698052+00:00,b6a9326f-fab4-44b9-8e01-8431b1e97728,0.550000,1,train
W12X16,W12X16,structural_section,human_review,2026-09-07T11:43:38.698107+00:00,22730933-e7ce-4d67-a8aa-123e3f0f35e0,0.743600,1,test
W18X35,W18X35,structural_section,human_review,2026-09-07T11:43:38.698233+00:00,cc1d0186-c24d-402c-9d62-839347475d29,0.762100,1,validation
W8X40,W8X40,structural_section,human_review,2026-09-07T11:43:38.698346+00:00,ff67e13d-a77a-4fc9-a5c2-82b3896d13ca,0.870000,1,train
W10X60,W10X60,structural_section,human_review,2026-09-07T11:43:38.698433+00:00,a794d45d-4da7-4a35-97ef-181307d9bd10,0.870000,1,train
W10X54,W10X54,structural_section,human_review,2026-09-07T11:43:38.698523+00:00,9d0c43ff-c1d3-4fcd-a5a0-d7bc8990bcc7,0.870000,1,train
HSS6X6X1/2,HSS6X6X1/2,structural_section,human_review,2026-09-07T11:43:38.698591+00:00,7f564401-cdfa-4954-9a39-6f68f35d00d2,0.870000,1,train
HSS8X6X3/8,HSS8X6X3/8,structural_section,human_review,2026-09-07T11:43:38.698640+00:00,1facf47c-9b97-42e7-9974-3e30f995387f,0.870000,1,train
HSS6X6X3/8,HSS6X6X3/8,structural_section,human_review,2026-09-07T11:43:38.698694+00:00,3813c007-2d3e-4b3a-a725-caff5d08e328,0.870000,1,test
L4X4X3/8,L4X4X3/8,structural_section,human_review,2026-09-07T11:43:38.698794+00:00,d6b6ed55-5664-4020-a4a0-c4cc846f3025,0.870000,1,train
W24X55,W24X55,structural_section,human_review,2026-09-07T11:43:38.698849+00:00,5e80a8db-c7c4-4dbb-b1bb-d1ec5b8a30fe,0.870000,1,validation
HSS14X6X5/8,HSS14X6X5/8,structural_section,human_review,2026-09-07T11:43:38.698906+00:00,0abbd3ac-d20a-4912-b622-1198c66ac309,0.870000,1,train
W21X48,W21X48,structural_section,human_review,2026-09-07T11:43:38.698956+00:00,3de75dec-c284-413d-b76f-1d89f1211a68,0.870000,1,train
W14X26,W14X26,structural_section,human_review,2026-09-07T11:43:50.911978+00:00,1b11df91-c7b3-4088-ab17-8c52e9cd65e8,0.870000,1,train
W24X84,W24X84,structural_section,human_review,2026-09-07T11:43:50.918426+00:00,29d583da-327c-4102-90c5-206866874435,0.870000,1,train
W8x31,W8X31,structural_section,human_review,2026-09-07T11:43:50.918498+00:00,f9827d3e-4d74-482e-996f-4d49f08827b8,0.870000,1,validation
HSS20X8X5/8,HSS20X8X5/8,structural_section,human_review,2026-09-07T11:43:50.918549+00:00,0d9302e2-9dde-4b58-bfa6-3908027fc90a,0.870000,1,train
HSS14X6X1/2,HSS14X6X1/2,structural_section,human_review,2026-09-07T11:43:50.918592+00:00,c9306102-84f6-46af-a792-20debde02f7c,0.870000,1,train
HSS10X6X3/8,HSS10X6X3/8,structural_section,human_review,2026-09-07T11:43:50.918636+00:00,ad21efa6-247e-41fe-936c-344837e4590f,0.870000,1,train
W12X26,W12X26,structural_section,human_review,2026-09-07T11:43:50.918677+00:00,c30030df-7ca3-4a39-acd8-c3cec48458ba,0.870000,1,train
W10X19,W10X19,structural_section,human_review,2026-09-07T11:43:50.918719+00:00,b2930eb0-17e8-4767-9ca4-d085a4ef9d86,0.870000,1,train
W21X50,W21X50,structural_section,human_review,2026-09-07T11:43:50.918766+00:00,7e6113af-a4e3-4244-a241-818e9331f172,0.870000,1,train
W18X50,W18X50,structural_section,human_review,2026-09-07T11:43:50.918810+00:00,f5eeb6ed-0b50-4d25-91dc-306786c4575a,0.870000,1,train
W21X55,W21X55,structural_section,human_review,2026-09-07T11:43:50.918849+00:00,3e5119be-07d7-446b-9ab2-aeb722475af2,0.870000,1,validation
W18X40,W18X40,structural_section,human_review,2026-09-07T11:43:50.918891+00:00,23760336-33ea-4019-8f24-71efe3af7eb6,0.870000,1,train
W30X90,W30X90,structural_section,human_review,2026-09-08T11:17:15.986651+00:00,e1472d44-1ba9-4bd5-9d1b-5af6c375b5c2,0.870000,1,train
W16X36,W16X36,structural_section,human_review,2026-09-08T11:17:15.987409+00:00,f8a82edb-453b-4038-af88-492d97f63f47,0.870000,1,train
W10X39,W10X39,structural_section,human_review,2026-09-08T11:17:15.987518+00:00,3315e2fa-6e36-425e-af22-05db553ef72b,0.833700,1,train
W10X49,W10X49,structural_section,human_review,2026-09-08T11:17:15.987590+00:00,6c57b7b9-55e6-47a7-9e3e-1a827a2b2769,0.829500,1,validation
W10X45,W10X45,structural_section,human_review,2026-09-08T11:17:15.987654+00:00,ee09d54f-0a91-4fa2-86fb-c1d9bf94da9e,0.834600,1,train
W10X33,W10X33,structural_section,human_review,2026-09-08T11:17:15.987711+00:00,55d6c556-2dd3-4961-8c65-e9d93beedc79,0.831600,1,train
W12X40,W12X40,structural_section,human_review,2026-09-08T11:17:15.987769+00:00,5a88f355-e0c6-48be-a22c-73b9b37eb42a,0.697500,1,train
W21X44,W21X44,structural_section,human_review,2026-09-08T11:17:15.987855+00:00,657767bf-5d60-4d08-89c8-3488d1aa65df,0.727600,1,train
W10X15,W10X15,structural_section,human_review,2026-09-08T11:17:15.987947+00:00,d8f2f571-e58f-4baf-87da-43c149557101,0.737200,1,test
W10X30,W10X30,structural_section,human_review,2026-09-08T11:17:15.988004+00:00,01055c7c-b32c-40c5-9e31-de01ffe7955c,0.760900,1,train
W12X22,W12X22,structural_section,human_review,2026-09-08T11:17:15.988091+00:00,d571bc8c-5929-48d3-be73-cc59a2dc9361,0.704000,1,train
W14X22,W14X22,structural_section,human_review,2026-09-08T11:17:15.988329+00:00,4c3f2f44-1d51-4102-a47a-2006e4f6f53c,0.979400,1,train
W16X31,W16X31,structural_section,human_review,2026-09-08T11:17:15.988440+00:00,1c6c0bfe-ede3-4b0f-8dc5-d3e5d2216b12,0.978200,1,train
HSS10X8X3/8,HSS10X8X3/8,structural_section,human_review,2026-09-08T11:17:15.988526+00:00,d11a789a-59a3-4961-8020-f80a4f7eefd8,0.687600,1,train
W16X26,W16X26,structural_section,human_review,2026-09-08T11:17:15.988620+00:00,7270d303-d740-4a00-8020-a021b30dcbba,0.550000,1,validation
W12X16,W12X16,structural_section,human_review,2026-09-08T11:17:15.988716+00:00,6f66578d-2ad0-4338-936d-7b15690422e8,0.743600,1,train
W18X35,W18X35,structural_section,human_review,2026-09-08T11:17:15.988774+00:00,c4cc7af1-b9d3-4d56-906c-79cbc4e2c190,0.762100,1,train
W8X40,W8X40,structural_section,human_review,2026-09-08T11:17:15.988854+00:00,78442693-601f-486d-9980-c1f2e61dc90c,0.870000,1,train
W10X60,W10X60,structural_section,human_review,2026-09-08T11:17:15.988935+00:00,175336b5-919f-4796-8d3c-0330cf5cc75a,0.870000,1,train
W10X54,W10X54,structural_section,human_review,2026-09-08T11:17:15.988989+00:00,0eb70a15-df77-43f9-8b45-36e2d21156d7,0.870000,1,test
HSS6X6X1/2,HSS6X6X1/2,structural_section,human_review,2026-09-08T11:17:15.989044+00:00,98ac7c27-2c87-4abe-a5e3-4b2821f26018,0.870000,1,train
HSS8X6X3/8,HSS8X6X3/8,structural_section,human_review,2026-09-08T11:17:15.989101+00:00,f0ced0d7-b1c7-4fcd-a0bc-8694298c759b,0.870000,1,train
HSS6X6X3/8,HSS6X6X3/8,structural_section,human_review,2026-09-08T11:17:15.989157+00:00,32102c3c-da7e-409c-a7ec-c0f3de1768c1,0.870000,1,train
L4X4X3/8,L4X4X3/8,structural_section,human_review,2026-09-08T11:17:15.989211+00:00,c99b3683-6d02-4f2c-9582-e67ec314061a,0.870000,1,train
W24X55,W24X55,structural_section,human_review,2026-09-08T11:17:15.989342+00:00,18f80035-533d-422d-a73c-e2ee2e64b074,0.870000,1,validation
HSS14X6X5/8,HSS14X6X5/8,structural_section,human_review,2026-09-08T11:17:26.687364+00:00,b69287be-0305-4418-ae93-6117d59c14a6,0.870000,1,train
W21X48,W21X48,structural_section,human_review,2026-09-08T11:17:26.689742+00:00,b020af1e-e64d-4f52-b3dd-f789fe292138,0.870000,1,train
W14X26,W14X26,structural_section,human_review,2026-09-08T11:17:26.689824+00:00,cbec84b7-9919-4c50-81d0-95c5fefa430c,0.870000,1,train
W24X84,W24X84,structural_section,human_review,2026-09-08T11:17:26.689937+00:00,c554b3b7-c965-42d7-997a-0517264e4c0a,0.870000,1,train
W8x31,W8X31,structural_section,human_review,2026-09-08T11:17:26.690065+00:00,e57aab81-49b0-4e02-9065-665f0886eea6,0.870000,1,train
HSS20X8X5/8,HSS20X8X5/8,structural_section,human_review,2026-09-08T11:17:26.690140+00:00,03032425-7681-4dcd-8b8d-da660c2e30e5,0.870000,1,train
HSS14X6X1/2,HSS14X6X1/2,structural_section,human_review,2026-09-08T11:17:26.690198+00:00,8f5f3f11-642b-4c45-95e3-63a0b72d20e8,0.870000,1,validation
HSS10X6X3/8,HSS10X6X3/8,structural_section,human_review,2026-09-08T11:17:26.690251+00:00,bac99600-5e35-455c-ba6b-193179633f5c,0.870000,1,train
W12X26,W12X26,structural_section,human_review,2026-09-08T11:17:26.690304+00:00,770aa261-af1d-4230-927e-080d50351243,0.870000,1,validation
W10X19,W10X19,structural_section,human_review,2026-09-08T11:17:26.690356+00:00,f0b8aa02-9825-4d93-81fa-1c31d0aaa0f4,0.870000,1,train
W21X50,W21X50,structural_section,human_review,2026-09-08T11:17:26.690454+00:00,72c4f3bb-1556-42d8-89df-298bb2a1a492,0.870000,1,test
W18X50,W18X50,structural_section,human_review,2026-09-08T11:17:26.692036+00:00,ef2c79b8-0edd-4abd-960d-8e57708831aa,0.870000,1,test
W21X55,W21X55,structural_section,human_review,2026-09-08T11:17:26.692103+00:00,ce79fe0e-4748-4caf-9888-233b7602cf86,0.870000,1,train
W18X40,W18X40,structural_section,human_review,2026-09-08T11:17:26.692162+00:00,480abea4-50dd-41ee-a5b6-054916895c32,0.870000,1,train
W8x35,W8X35,structural_section,human_review,2026-09-08T11:39:32.295803+00:00,66e62de0-3351-4d29-8843-99f3184cb733,0.870000,1,validation
HSS8x8x1/2,HSS8X8X1/2,structural_section,human_review,2026-09-08T11:39:32.297683+00:00,7ae8e4d4-bf7f-408d-a53d-efa971c7e388,0.870000,1,train
W16x45,W16X45,structural_section,human_review,2026-09-08T11:39:32.298179+00:00,3796e6dc-46ab-4ab8-9ab7-7ad990864c60,0.870000,1,train
W24x68,W24X68,structural_section,human_review,2026-09-08T11:39:32.298288+00:00,9c0edc6c-dceb-4bba-98ed-dfd4c9e03e88,0.870000,1,train
HSS12x12x1/2,HSS12X12X1/2,structural_section,human_review,2026-09-08T11:39:32.298354+00:00,3901a34d-43eb-4370-b546-eec4f05587e0,0.870000,1,train
W12x45,W12X45,structural_section,human_review,2026-09-08T11:39:32.298412+00:00,dc321dc5-5e98-4418-8b20-3c333cfd0c1c,0.870000,1,train
W8x10,W8X10,structural_section,human_review,2026-09-08T11:39:32.298462+00:00,6ebf6106-55fe-4d18-aa6c-c4b7e230b133,0.870000,1,train
W16x31,W16X31,structural_section,human_review,2026-09-08T11:39:32.298514+00:00,5927d4e7-6126-4e57-9110-c32ac18c282c,0.870000,1,test
WT16.5x59,WT16.5X59,structural_section,human_review,2026-09-08T11:39:32.298569+00:00,9aa61c5f-4b4d-4a32-90ae-4ac59df9e528,0.870000,1,train
W8X40,W8X40,structural_section,human_review,2026-09-08T11:39:32.298622+00:00,764f1eb8-9488-431b-9bdb-1eba552c535b,0.870000,1,train
HSS6X6X1/2,HSS6X6X1/2,structural_section,human_review,2026-09-08T11:39:32.298676+00:00,51f6292e-679e-4a9e-90dd-3429cc2a792c,0.870000,1,train
HSS8X6X3/8,HSS8X6X3/8,structural_section,human_review,2026-09-08T11:39:32.298724+00:00,a32cd002-7704-47a6-a2ba-2f5542d7f91a,0.870000,1,train
HSS6X6X3/8,HSS6X6X3/8,structural_section,human_review,2026-09-08T11:39:32.298770+00:00,e1ea45bd-b4b2-4ea0-af7c-2f96f5ed6c2f,0.870000,1,train
W24X55,W24X55,structural_section,human_review,2026-09-08T11:39:32.298816+00:00,4523368a-4a1a-426a-87e3-6b890be0c1ad,0.870000,1,validation
W8x31,W8X31,structural_section,human_review,2026-09-08T11:39:32.298865+00:00,e288aad4-c038-4061-8e57-2bfc9ae3c212,0.870000,1,train
HSS20X8X5/8,HSS20X8X5/8,structural_section,human_review,2026-09-08T11:39:32.298917+00:00,e14b0e4d-346f-498e-bf00-aa383a79053a,0.870000,1,test
W21X48,W21X48,structural_section,human_review,2026-09-08T11:39:32.298969+00:00,29a1d541-5627-40ae-8ebc-8faf3443e8e7,0.870000,1,train
W18X40,W18X40,structural_section,human_review,2026-09-08T11:39:32.299021+00:00,73b57058-34a8-42a3-b0a7-d89a786189a7,0.870000,1,validation
W14X22,W14X22,structural_section,human_review,2026-09-08T11:39:32.299069+00:00,f276daca-775a-4c9f-b3f7-4c7edf5999e8,0.870000,1,train
W16X26,W16X26,structural_section,human_review,2026-09-08T11:39:32.299119+00:00,c0fdd19a-0592-4133-9f43-7cc35ed72946,0.870000,1,train
W30X90,W30X90,structural_section,human_review,2026-09-08T11:39:32.299163+00:00,15b85e3a-58e5-4db9-a34f-8d42eb89dcb5,0.870000,1,train
HSS10X6X3/8,HSS10X6X3/8,structural_section,human_review,2026-09-08T11:39:32.299199+00:00,e46bcfab-1053-4a60-b5df-018c7d02ab90,0.870000,1,train
W21X55,W21X55,structural_section,human_review,2026-09-08T11:39:32.299228+00:00,1b044b75-9630-4fa7-86e4-c9d677321b7f,0.870000,1,train
W12X26,W12X26,structural_section,human_review,2026-09-08T11:39:32.299375+00:00,de4fcfde-8521-4319-8bd0-e3e3f7f137fd,0.870000,1,train
W16X36,W16X36,structural_section,human_review,2026-09-08T11:39:32.299463+00:00,8510de80-d48d-4999-80bc-c934014a465d,0.870000,1,train
W21X44,W21X44,structural_section,human_review,2026-09-08T11:39:41.502942+00:00,7730bb4b-3f19-4931-9d6e-b31634b9d319,0.870000,1,train
W10X15,W10X15,structural_section,human_review,2026-09-08T11:39:41.503077+00:00,0694ad72-cabe-4a30-bc5a-b2ee1d51cec1,0.870000,1,train
W12X16,W12X16,structural_section,human_review,2026-09-08T11:39:41.503124+00:00,706bf063-622f-41d3-8116-f1bd39f06624,0.870000,1,train
W10X19,W10X19,structural_section,human_review,2026-09-08T11:39:41.503188+00:00,b6aa7d2a-198e-4d26-b8cd-f587deb557e0,0.870000,1,train
W18X35,W18X35,structural_section,human_review,2026-09-08T11:39:41.503225+00:00,105d84cc-cf14-4ce3-92b6-927c83a3dfd6,0.870000,1,train
W21X50,W21X50,structural_section,human_review,2026-09-08T11:39:41.503258+00:00,27098742-3607-469f-a6dd-4be6f072e596,0.870000,1,train
W18X50,W18X50,structural_section,human_review,2026-09-08T11:39:41.503289+00:00,22a1de24-25df-42d8-9959-532fa4d582f0,0.870000,1,train
HSS6X6X5/8,HSS6X6X5/8,structural_section,human_review,2026-09-08T11:50:36.141857+00:00,f2348aaa-e3cf-4f8f-b4d4-b529f20a4de1,0.870000,1,train
HSS8X8X3/8,HSS8X8X3/8,structural_section,human_review,2026-09-08T11:50:36.142025+00:00,feae92f3-ebe1-4029-9f9b-196aca9bb8ea,0.870000,1,train
HSS6X6X1/2,HSS6X6X1/2,structural_section,human_review,2026-09-08T11:50:36.142099+00:00,9206a099-032e-4393-8377-2839f38600bc,0.870000,1,train
HSS6X6X3/8,HSS6X6X3/8,structural_section,human_review,2026-09-08T11:50:36.142160+00:00,af17aad2-cf7f-4dc0-a72c-d80586413bcf,0.870000,1,train
W24X84,W24X84,structural_section,human_review,2026-09-08T11:50:36.142216+00:00,4aba2613-6494-4476-9451-eed801ddd6cd,0.870000,1,train
W24X68,W24X68,structural_section,human_review,2026-09-08T11:50:36.142273+00:00,bbbdda33-de6d-4018-b1f0-14e1cd29dbf8,0.870000,1,train
W16X26,W16X26,structural_section,human_review,2026-09-08T11:50:36.142326+00:00,f0e7c34b-05ae-47dc-9b64-b2f09b456795,0.870000,1,validation
W14X22,W14X22,structural_section,human_review,2026-09-08T11:50:36.142382+00:00,8c30293a-a719-4f16-ae86-7d2c94f8f488,0.870000,1,train
W12X16.,W12X16,structural_section,human_review,2026-09-08T11:50:36.142432+00:00,42a0bc9c-250b-443a-8a97-146a0f5d0698,0.870000,1,train
W18X46,W18X46,structural_section,human_review,2026-09-08T11:50:36.142485+00:00,7efc8e7c-f8ab-448f-94e3-fbbdbe9bf328,0.870000,1,test
W21X68,W21X68,structural_section,human_review,2026-09-08T11:50:36.142538+00:00,6d81ebe0-cd60-46d2-baf6-8e5b5ee34f5b,0.870000,1,validation
W12X26,W12X26,structural_section,human_review,2026-09-08T11:50:36.142589+00:00,2601dcd8-8979-4418-a1b3-7461005df887,0.870000,1,train
W21X44,W21X44,structural_section,human_review,2026-09-08T11:50:36.142639+00:00,b104efc6-8fa1-4782-91b8-43244feaa2d6,0.870000,1,train
W18X86,W18X86,structural_section,human_review,2026-09-08T11:50:36.142691+00:00,ed41126b-395f-4b3e-afd0-7a4efbca0625,0.870000,1,train
W18X71,W18X71,structural_section,human_review,2026-09-08T11:50:36.142741+00:00,314b71d0-0b51-455f-a5aa-df4e7e52df53,0.870000,1,train
W18X40,W18X40,structural_section,human_review,2026-09-08T11:50:36.142794+00:00,f8194739-cd25-4db9-86f7-749456cc4d9d,0.870000,1,test
W18X35,W18X35,structural_section,human_review,2026-09-08T11:50:36.142842+00:00,db552fce-1310-4ebd-8412-52a8a17085e8,0.870000,1,train
W16X31,W16X31,structural_section,human_review,2026-09-08T11:50:36.142890+00:00,a6ddeb0e-8980-4588-9fab-87f6069eafaa,0.870000,1,test
W18X60,W18X60,structural_section,human_review,2026-09-08T11:50:36.142940+00:00,d82d4423-b28d-43c7-a2fe-7d3711b44c0e,0.870000,1,train
W21X50,W21X50,structural_section,human_review,2026-09-08T11:50:36.142990+00:00,4ce89583-8310-448c-b69d-4930be418133,0.870000,1,train
W18X50,W18X50,structural_section,human_review,2026-09-08T11:50:36.143037+00:00,f0be16be-99fa-4405-9c5b-e05e74196ea6,0.870000,1,validation
HSS8X6X3/8,HSS8X6X3/8,structural_section,human_review,2026-09-08T11:50:36.143089+00:00,7f1af243-3c84-482a-bb54-dc06bb41ec95,0.870000,1,train
L5X3X5/16,L5X3X5/16,structural_section,human_review,2026-09-09T09:22:17.552848+00:00,d9128e45-b931-4651-8f35-207bf1c6be32,0.720000,1,train
W10X22,W10X22,structural_section,human_review,2026-09-09T09:22:17.553082+00:00,127f4dd5-c32f-4ea8-9614-c700029246b3,0.720000,1,train
L6X6X3/8,L6X6X3/8,structural_section,human_review,2026-09-09T09:22:17.553139+00:00,53b3aa4b-803e-405e-90be-88635cf2a1dd,0.720000,1,train
L8X6X1/2,L8X6X1/2,structural_section,human_review,2026-09-09T09:22:17.553177+00:00,250596ea-8235-45a5-b03c-cb669b5ad2cc,0.720000,1,train
L6x4x3/8,L6X4X3/8,structural_section,human_review,2026-09-09T09:22:17.553210+00:00,30f7a150-08a4-4694-8f3b-bc27959a75b1,0.870000,1,validation
W8x35,W8X35,structural_section,human_review,2026-09-09T09:22:17.553249+00:00,6ba15657-c0af-4865-b7a3-c6c6f0ce578b,0.870000,1,validation
HSS8x8x1/2,HSS8X8X1/2,structural_section,human_review,2026-09-09T09:22:17.553285+00:00,4bf84756-d37d-478e-b84e-7f3557635865,0.870000,1,train
W16x45,W16X45,structural_section,human_review,2026-09-09T09:22:17.553313+00:00,70bac941-298e-4a36-bcd6-e607b7626381,0.870000,1,train
HSS12x12x1/2,HSS12X12X1/2,structural_section,human_review,2026-09-09T09:22:17.553342+00:00,28133c56-2e22-4345-ae5e-3f7011866f52,0.870000,1,train
W12x45,W12X45,structural_section,human_review,2026-09-09T09:22:17.553369+00:00,d3c0b211-d7dd-49dc-b2be-2416179e77b9,0.870000,1,train
W8x10,W8X10,structural_section,human_review,2026-09-09T09:22:17.553396+00:00,9698fbcc-843e-4fc8-b853-ab4d2423f737,0.870000,1,train
WT16.5x59,WT16.5X59,structural_section,human_review,2026-09-09T09:22:17.553423+00:00,32646598-37d6-4a99-a0ba-cac58e7318a5,0.870000,1,test
HSS6X6X5/8,HSS6X6X5/8,structural_section,human_review,2026-09-09T09:22:17.553450+00:00,acc47e6e-bbf0-4a60-9d2c-0ced1fc03dbc,0.870000,1,train
HSS8X8X3/8,HSS8X8X3/8,structural_section,human_review,2026-09-09T09:22:17.553475+00:00,80cf04a5-6e40-4768-add1-65d308cb7e0f,0.870000,1,train
W24X84,W24X84,structural_section,human_review,2026-09-09T09:22:17.553501+00:00,2ef89ea9-2aae-4889-8674-04b4c7632896,0.870000,1,train
W24X68,W24X68,structural_section,human_review,2026-09-09T09:22:17.553526+00:00,b38acd5e-0505-434c-bec1-ba9392cac6f1,0.870000,1,train
W12X16.,W12X16,structural_section,human_review,2026-09-09T09:22:17.553551+00:00,b4040b11-079e-4585-adb2-b1c2735a4ee1,0.870000,1,train
W18X46,W18X46,structural_section,human_review,2026-09-09T09:22:17.553576+00:00,671861ec-ce7a-4675-8952-7b84d2def692,0.870000,1,train
W21X68,W21X68,structural_section,human_review,2026-09-09T09:22:17.553601+00:00,ce24a8a7-44ce-4180-af36-206dca2bf691,0.870000,1,train
W18X86,W18X86,structural_section,human_review,2026-09-09T09:22:17.553626+00:00,f2b333ec-1cf6-475b-8cf5-c643c8fca4cf,0.870000,1,train
W18X71,W18X71,structural_section,human_review,2026-09-09T09:22:17.553651+00:00,7c0dada1-89ca-4104-895f-ed6763d6d829,0.870000,1,train
W16X31,W16X31,structural_section,human_review,2026-09-09T09:22:17.553676+00:00,fd322070-8a93-4592-8de5-9c0a318ac969,0.870000,1,train
W18X60,W18X60,structural_section,human_review,2026-09-09T09:22:17.553701+00:00,e920b053-eb27-401d-82d4-1524b70a4089,0.870000,1,validation
W8X40,W8X40,structural_section,human_review,2026-09-09T09:22:17.553728+00:00,b298ea1e-a66e-43b4-9213-9023d949a6fb,0.870000,1,train
W18X50,W18X50,structural_section,human_review,2026-09-09T09:22:28.891963+00:00,70e922c9-9926-46d3-9d74-37ae28aeef2c,0.870000,1,train
W21X50,W21X50,structural_section,human_review,2026-09-09T09:22:28.892117+00:00,9ea2fda6-5ea0-4c94-a161-2e3f163704bf,0.870000,1,test
W18X35,W18X35,structural_section,human_review,2026-09-09T09:22:28.892188+00:00,a6108696-284b-498f-a35c-7b61ba450f57,0.870000,1,train
W10X19,W10X19,structural_section,human_review,2026-09-09T09:22:28.892253+00:00,f7eefa6d-c169-4497-a376-bf43e554f416,0.870000,1,train
W12X16,W12X16,structural_section,human_review,2026-09-09T09:22:28.892516+00:00,0985660a-d700-4776-a4bf-b48f1a762f5e,0.870000,1,train
W10X15,W10X15,structural_section,human_review,2026-09-09T09:22:28.892685+00:00,7bfdc2cd-be57-47f5-b2f3-566b103dcfae,0.870000,1,test
W21X44,W21X44,structural_section,human_review,2026-09-09T09:22:28.892766+00:00,164f025b-ac32-4a4d-84ac-30f5892ab1da,0.870000,1,train
W16X36,W16X36,structural_section,human_review,2026-09-09T09:22:28.892834+00:00,8d940acf-6570-4bf1-9ea3-137176a4310d,0.870000,1,train
W12X26,W12X26,structural_section,human_review,2026-09-09T09:22:28.892897+00:00,97e62ec4-3dd1-4593-a612-1362bd27ef9f,0.870000,1,train
W21X55,W21X55,structural_section,human_review,2026-09-09T09:22:28.892958+00:00,d48bb2cd-f5f9-49ac-ab95-324038806303,0.870000,1,train
HSS10X6X3/8,HSS10X6X3/8,structural_section,human_review,2026-09-09T09:22:28.899321+00:00,2656fbd5-9f25-42db-af34-a3600bbce614,0.870000,1,validation
W30X90,W30X90,structural_section,human_review,2026-09-09T09:22:28.905205+00:00,cfdac7fb-06b5-4e46-b4c6-d09593de50ac,0.870000,1,test
W16X26,W16X26,structural_section,human_review,2026-09-09T09:22:28.911719+00:00,fce281ce-4188-49a3-97b4-0820b1a5ca72,0.870000,1,train
W14X22,W14X22,structural_section,human_review,2026-09-09T09:22:28.918157+00:00,2caebcfa-cd9c-48c2-889c-69e2c3ae2942,0.870000,1,train
W18X40,W18X40,structural_section,human_review,2026-09-09T09:22:28.927216+00:00,e66bfad7-86d1-44d9-8285-710eea102ad6,0.870000,1,train
W21X48,W21X48,structural_section,human_review,2026-09-09T09:22:28.933671+00:00,e26a4945-594d-441b-b2f6-b122b5d368d6,0.870000,1,train
HSS20X8X5/8,HSS20X8X5/8,structural_section,human_review,2026-09-09T09:22:28.943648+00:00,f8417a98-2a00-44a3-ad7d-e8bc62728e1c,0.870000,1,train
W8x31,W8X31,structural_section,human_review,2026-09-09T09:22:28.948993+00:00,84c99ac9-0851-46c9-a262-9b8b67bdebfb,0.870000,1,train
W24X55,W24X55,structural_section,human_review,2026-09-09T09:22:28.949185+00:00,3ed54f16-fb60-474d-a704-794bd626045f,0.870000,1,test
HSS6X6X3/8,HSS6X6X3/8,structural_section,human_review,2026-09-09T09:22:28.949289+00:00,60e7aa58-7e73-4338-a476-9acd98bfb948,0.870000,1,train
HSS8X6X3/8,HSS8X6X3/8,structural_section,human_review,2026-09-09T09:22:28.949364+00:00,17bc653a-5f42-48fc-b65a-fa5b75d1c93e,0.870000,1,train
HSS6X6X1/2,HSS6X6X1/2,structural_section,human_review,2026-09-09T09:22:28.949415+00:00,81f5d70e-23be-4866-b51b-cf987cb55bcf,0.870000,1,train
