token,class,category,source
W44X408,W,,original
W 44X408,W,,original
W-44X408,W,,augmented
W_44X408,W,,augmented
WF44X408,W,,augmented
W44 X 408,W,,original
WF 44X408,W,,augmented
WF-44X408,W,,augmented
W 44 X 408,W,,original
W44X408 WF,W,,augmented
WF W44X408,W,,augmented
WF-W44X408,W,,augmented
W44X368,W,,original
W 44X368,W,,original
W-44X368,W,,augmented
W_44X368,W,,augmented
WF44X368,W,,augmented
W44 X 368,W,,original
WF 44X368,W,,augmented
WF-44X368,W,,augmented
W 44 X 368,W,,original
W44X368 WF,W,,augmented
WF W44X368,W,,augmented
WF-W44X368,W,,augmented
W44X335,W,,original
W 44X335,W,,original
W-44X335,W,,augmented
W_44X335,W,,augmented
WF44X335,W,,augmented
W44 X 335,W,,original
WF 44X335,W,,augmented
WF-44X335,W,,augmented
W 44 X 335,W,,original
W44X335 WF,W,,augmented
WF W44X335,W,,augmented
WF-W44X335,W,,augmented
W44X290,W,,original
W 44X290,W,,original
W-44X290,W,,augmented
W_44X290,W,,augmented
WF44X290,W,,augmented
W44 X 290,W,,original
WF 44X290,W,,augmented
WF-44X290,W,,augmented
W 44 X 290,W,,original
W44X290 WF,W,,augmented
WF W44X290,W,,augmented
WF-W44X290,W,,augmented
W44X262,W,,original
W 44X262,W,,original
W-44X262,W,,augmented
W_44X262,W,,augmented
WF44X262,W,,augmented
W44 X 262,W,,original
WF 44X262,W,,augmented
WF-44X262,W,,augmented
W 44 X 262,W,,original
W44X262 WF,W,,augmented
WF W44X262,W,,augmented
WF-W44X262,W,,augmented
W44X230,W,,original
W 44X230,W,,original
W-44X230,W,,augmented
W_44X230,W,,augmented
WF44X230,W,,augmented
W44 X 230,W,,original
WF 44X230,W,,augmented
WF-44X230,W,,augmented
W 44 X 230,W,,original
W44X230 WF,W,,augmented
WF W44X230,W,,augmented
WF-W44X230,W,,augmented
W40X655,W,,original
W 40X655,W,,original
W-40X655,W,,augmented
W_40X655,W,,augmented
WF40X655,W,,augmented
W40 X 655,W,,original
WF 40X655,W,,augmented
WF-40X655,W,,augmented
W 40 X 655,W,,original
W40X655 WF,W,,augmented
WF W40X655,W,,augmented
WF-W40X655,W,,augmented
W40X593,W,,original
W 40X593,W,,original
W-40X593,W,,augmented
W_40X593,W,,augmented
WF40X593,W,,augmented
W40 X 593,W,,original
WF 40X593,W,,augmented
WF-40X593,W,,augmented
W 40 X 593,W,,original
W40X593 WF,W,,augmented
WF W40X593,W,,augmented
WF-W40X593,W,,augmented
W40X503,W,,original
W 40X503,W,,original
W-40X503,W,,augmented
W_40X503,W,,augmented
WF40X503,W,,augmented
W40 X 503,W,,original
WF 40X503,W,,augmented
WF-40X503,W,,augmented
W 40 X 503,W,,original
W40X503 WF,W,,augmented
WF W40X503,W,,augmented
WF-W40X503,W,,augmented
W40X431,W,,original
W 40X431,W,,original
W-40X431,W,,augmented
W_40X431,W,,augmented
WF40X431,W,,augmented
W40 X 431,W,,original
WF 40X431,W,,augmented
WF-40X431,W,,augmented
W 40 X 431,W,,original
W40X431 WF,W,,augmented
WF W40X431,W,,augmented
WF-W40X431,W,,augmented
W40X397,W,,original
W 40X397,W,,original
W-40X397,W,,augmented
W_40X397,W,,augmented
WF40X397,W,,augmented
W40 X 397,W,,original
WF 40X397,W,,augmented
WF-40X397,W,,augmented
W 40 X 397,W,,original
W40X397 WF,W,,augmented
WF W40X397,W,,augmented
WF-W40X397,W,,augmented
W40X372,W,,original
W 40X372,W,,original
W-40X372,W,,augmented
W_40X372,W,,augmented
WF40X372,W,,augmented
W40 X 372,W,,original
WF 40X372,W,,augmented
WF-40X372,W,,augmented
W 40 X 372,W,,original
W40X372 WF,W,,augmented
WF W40X372,W,,augmented
WF-W40X372,W,,augmented
W40X362,W,,original
W 40X362,W,,original
W-40X362,W,,augmented
W_40X362,W,,augmented
WF40X362,W,,augmented
W40 X 362,W,,original
WF 40X362,W,,augmented
WF-40X362,W,,augmented
W 40 X 362,W,,original
W40X362 WF,W,,augmented
WF W40X362,W,,augmented
WF-W40X362,W,,augmented
W40X324,W,,original
W 40X324,W,,original
W-40X324,W,,augmented
W_40X324,W,,augmented
WF40X324,W,,augmented
W40 X 324,W,,original
WF 40X324,W,,augmented
WF-40X324,W,,augmented
W 40 X 324,W,,original
W40X324 WF,W,,augmented
WF W40X324,W,,augmented
WF-W40X324,W,,augmented
W40X297,W,,original
W 40X297,W,,original
W-40X297,W,,augmented
W_40X297,W,,augmented
WF40X297,W,,augmented
W40 X 297,W,,original
WF 40X297,W,,augmented
WF-40X297,W,,augmented
W 40 X 297,W,,original
W40X297 WF,W,,augmented
WF W40X297,W,,augmented
WF-W40X297,W,,augmented
W40X277,W,,original
W 40X277,W,,original
W-40X277,W,,augmented
W_40X277,W,,augmented
WF40X277,W,,augmented
W40 X 277,W,,original
WF 40X277,W,,augmented
WF-40X277,W,,augmented
W 40 X 277,W,,original
W40X277 WF,W,,augmented
WF W40X277,W,,augmented
WF-W40X277,W,,augmented
W40X249,W,,original
W 40X249,W,,original
W-40X249,W,,augmented
W_40X249,W,,augmented
WF40X249,W,,augmented
W40 X 249,W,,original
WF 40X249,W,,augmented
WF-40X249,W,,augmented
W 40 X 249,W,,original
W40X249 WF,W,,augmented
WF W40X249,W,,augmented
WF-W40X249,W,,augmented
W40X215,W,,original
W 40X215,W,,original
W-40X215,W,,augmented
W_40X215,W,,augmented
WF40X215,W,,augmented
W40 X 215,W,,original
WF 40X215,W,,augmented
WF-40X215,W,,augmented
W 40 X 215,W,,original
W40X215 WF,W,,augmented
WF W40X215,W,,augmented
WF-W40X215,W,,augmented
W40X199,W,,original
W 40X199,W,,original
W-40X199,W,,augmented
W_40X199,W,,augmented
WF40X199,W,,augmented
W40 X 199,W,,original
WF 40X199,W,,augmented
WF-40X199,W,,augmented
W 40 X 199,W,,original
W40X199 WF,W,,augmented
WF W40X199,W,,augmented
WF-W40X199,W,,augmented
W40X392,W,,original
W 40X392,W,,original
W-40X392,W,,augmented
W_40X392,W,,augmented
WF40X392,W,,augmented
W40 X 392,W,,original
WF 40X392,W,,augmented
WF-40X392,W,,augmented
W 40 X 392,W,,original
W40X392 WF,W,,augmented
WF W40X392,W,,augmented
WF-W40X392,W,,augmented
W40X331,W,,original
W 40X331,W,,original
W-40X331,W,,augmented
W_40X331,W,,augmented
WF40X331,W,,augmented
W40 X 331,W,,original
WF 40X331,W,,augmented
WF-40X331,W,,augmented
W 40 X 331,W,,original
W40X331 WF,W,,augmented
WF W40X331,W,,augmented
WF-W40X331,W,,augmented
W40X327,W,,original
W 40X327,W,,original
W-40X327,W,,augmented
W_40X327,W,,augmented
WF40X327,W,,augmented
W40 X 327,W,,original
WF 40X327,W,,augmented
WF-40X327,W,,augmented
W 40 X 327,W,,original
W40X327 WF,W,,augmented
WF W40X327,W,,augmented
WF-W40X327,W,,augmented
W40X294,W,,original
W 40X294,W,,original
W-40X294,W,,augmented
W_40X294,W,,augmented
WF40X294,W,,augmented
W40 X 294,W,,original
WF 40X294,W,,augmented
WF-40X294,W,,augmented
W 40 X 294,W,,original
W40X294 WF,W,,augmented
WF W40X294,W,,augmented
WF-W40X294,W,,augmented
W40X278,W,,original
W 40X278,W,,original
W-40X278,W,,augmented
W_40X278,W,,augmented
WF40X278,W,,augmented
W40 X 278,W,,original
WF 40X278,W,,augmented
WF-40X278,W,,augmented
W 40 X 278,W,,original
W40X278 WF,W,,augmented
WF W40X278,W,,augmented
WF-W40X278,W,,augmented
W40X264,W,,original
W 40X264,W,,original
W-40X264,W,,augmented
W_40X264,W,,augmented
WF40X264,W,,augmented
W40 X 264,W,,original
WF 40X264,W,,augmented
WF-40X264,W,,augmented
W 40 X 264,W,,original
W40X264 WF,W,,augmented
WF W40X264,W,,augmented
WF-W40X264,W,,augmented
W40X235,W,,original
W 40X235,W,,original
W-40X235,W,,augmented
W_40X235,W,,augmented
WF40X235,W,,augmented
W40 X 235,W,,original
WF 40X235,W,,augmented
WF-40X235,W,,augmented
W 40 X 235,W,,original
W40X235 WF,W,,augmented
WF W40X235,W,,augmented
WF-W40X235,W,,augmented
W40X211,W,,original
W 40X211,W,,original
W-40X211,W,,augmented
W_40X211,W,,augmented
WF40X211,W,,augmented
W40 X 211,W,,original
WF 40X211,W,,augmented
WF-40X211,W,,augmented
W 40 X 211,W,,original
W40X211 WF,W,,augmented
WF W40X211,W,,augmented
WF-W40X211,W,,augmented
W40X183,W,,original
W 40X183,W,,original
W-40X183,W,,augmented
W_40X183,W,,augmented
WF40X183,W,,augmented
W40 X 183,W,,original
WF 40X183,W,,augmented
WF-40X183,W,,augmented
W 40 X 183,W,,original
W40X183 WF,W,,augmented
WF W40X183,W,,augmented
WF-W40X183,W,,augmented
W40X167,W,,original
W 40X167,W,,original
W-40X167,W,,augmented
W_40X167,W,,augmented
WF40X167,W,,augmented
W40 X 167,W,,original
WF 40X167,W,,augmented
WF-40X167,W,,augmented
W 40 X 167,W,,original
W40X167 WF,W,,augmented
WF W40X167,W,,augmented
WF-W40X167,W,,augmented
W40X149,W,,original
W 40X149,W,,original
W-40X149,W,,augmented
W_40X149,W,,augmented
WF40X149,W,,augmented
W40 X 149,W,,original
WF 40X149,W,,augmented
WF-40X149,W,,augmented
W 40 X 149,W,,original
W40X149 WF,W,,augmented
WF W40X149,W,,augmented
WF-W40X149,W,,augmented
W36X925,W,,original
W 36X925,W,,original
W-36X925,W,,augmented
W_36X925,W,,augmented
WF36X925,W,,augmented
W36 X 925,W,,original
WF 36X925,W,,augmented
WF-36X925,W,,augmented
W 36 X 925,W,,original
W36X925 WF,W,,augmented
WF W36X925,W,,augmented
WF-W36X925,W,,augmented
W36X853,W,,original
W 36X853,W,,original
W-36X853,W,,augmented
W_36X853,W,,augmented
WF36X853,W,,augmented
W36 X 853,W,,original
WF 36X853,W,,augmented
WF-36X853,W,,augmented
W 36 X 853,W,,original
W36X853 WF,W,,augmented
WF W36X853,W,,augmented
WF-W36X853,W,,augmented
W36X802,W,,original
W 36X802,W,,original
W-36X802,W,,augmented
W_36X802,W,,augmented
WF36X802,W,,augmented
W36 X 802,W,,original
WF 36X802,W,,augmented
WF-36X802,W,,augmented
W 36 X 802,W,,original
W36X802 WF,W,,augmented
WF W36X802,W,,augmented
WF-W36X802,W,,augmented
W36X723,W,,original
W 36X723,W,,original
W-36X723,W,,augmented
W_36X723,W,,augmented
WF36X723,W,,augmented
W36 X 723,W,,original
WF 36X723,W,,augmented
WF-36X723,W,,augmented
W 36 X 723,W,,original
W36X723 WF,W,,augmented
WF W36X723,W,,augmented
WF-W36X723,W,,augmented
W36X652,W,,original
W 36X652,W,,original
W-36X652,W,,augmented
W_36X652,W,,augmented
WF36X652,W,,augmented
W36 X 652,W,,original
WF 36X652,W,,augmented
WF-36X652,W,,augmented
W 36 X 652,W,,original
W36X652 WF,W,,augmented
WF W36X652,W,,augmented
WF-W36X652,W,,augmented
W36X529,W,,original
W 36X529,W,,original
W-36X529,W,,augmented
W_36X529,W,,augmented
WF36X529,W,,augmented
W36 X 529,W,,original
WF 36X529,W,,augmented
WF-36X529,W,,augmented
W 36 X 529,W,,original
W36X529 WF,W,,augmented
WF W36X529,W,,augmented
WF-W36X529,W,,augmented
W36X487,W,,original
W 36X487,W,,original
W-36X487,W,,augmented
W_36X487,W,,augmented
WF36X487,W,,augmented
W36 X 487,W,,original
WF 36X487,W,,augmented
WF-36X487,W,,augmented
W 36 X 487,W,,original
W36X487 WF,W,,augmented
WF W36X487,W,,augmented
WF-W36X487,W,,augmented
W36X441,W,,original
W 36X441,W,,original
W-36X441,W,,augmented
W_36X441,W,,augmented
WF36X441,W,,augmented
W36 X 441,W,,original
WF 36X441,W,,augmented
WF-36X441,W,,augmented
W 36 X 441,W,,original
W36X441 WF,W,,augmented
WF W36X441,W,,augmented
WF-W36X441,W,,augmented
W36X395,W,,original
W 36X395,W,,original
W-36X395,W,,augmented
W_36X395,W,,augmented
WF36X395,W,,augmented
W36 X 395,W,,original
WF 36X395,W,,augmented
WF-36X395,W,,augmented
W 36 X 395,W,,original
W36X395 WF,W,,augmented
WF W36X395,W,,augmented
WF-W36X395,W,,augmented
W36X361,W,,original
W 36X361,W,,original
W-36X361,W,,augmented
W_36X361,W,,augmented
WF36X361,W,,augmented
W36 X 361,W,,original
WF 36X361,W,,augmented
WF-36X361,W,,augmented
W 36 X 361,W,,original
W36X361 WF,W,,augmented
WF W36X361,W,,augmented
WF-W36X361,W,,augmented
W36X330,W,,original
W 36X330,W,,original
W-36X330,W,,augmented
W_36X330,W,,augmented
WF36X330,W,,augmented
W36 X 330,W,,original
WF 36X330,W,,augmented
WF-36X330,W,,augmented
W 36 X 330,W,,original
W36X330 WF,W,,augmented
WF W36X330,W,,augmented
WF-W36X330,W,,augmented
W36X302,W,,original
W 36X302,W,,original
W-36X302,W,,augmented
W_36X302,W,,augmented
WF36X302,W,,augmented
W36 X 302,W,,original
WF 36X302,W,,augmented
WF-36X302,W,,augmented
W 36 X 302,W,,original
W36X302 WF,W,,augmented
WF W36X302,W,,augmented
WF-W36X302,W,,augmented
W36X282,W,,original
W 36X282,W,,original
W-36X282,W,,augmented
W_36X282,W,,augmented
WF36X282,W,,augmented
W36 X 282,W,,original
WF 36X282,W,,augmented
WF-36X282,W,,augmented
W 36 X 282,W,,original
W36X282 WF,W,,augmented
WF W36X282,W,,augmented
WF-W36X282,W,,augmented
W36X262,W,,original
W 36X262,W,,original
W-36X262,W,,augmented
W_36X262,W,,augmented
WF36X262,W,,augmented
W36 X 262,W,,original
WF 36X262,W,,augmented
WF-36X262,W,,augmented
W 36 X 262,W,,original
W36X262 WF,W,,augmented
WF W36X262,W,,augmented
WF-W36X262,W,,augmented
W36X247,W,,original
W 36X247,W,,original
W-36X247,W,,augmented
W_36X247,W,,augmented
WF36X247,W,,augmented
W36 X 247,W,,original
WF 36X247,W,,augmented
WF-36X247,W,,augmented
W 36 X 247,W,,original
W36X247 WF,W,,augmented
WF W36X247,W,,augmented
WF-W36X247,W,,augmented
W36X231,W,,original
W 36X231,W,,original
W-36X231,W,,augmented
W_36X231,W,,augmented
WF36X231,W,,augmented
W36 X 231,W,,original
WF 36X231,W,,augmented
WF-36X231,W,,augmented
W 36 X 231,W,,original
W36X231 WF,W,,augmented
WF W36X231,W,,augmented
WF-W36X231,W,,augmented
W36X387,W,,original
W 36X387,W,,original
W-36X387,W,,augmented
W_36X387,W,,augmented
WF36X387,W,,augmented
W36 X 387,W,,original
WF 36X387,W,,augmented
WF-36X387,W,,augmented
W 36 X 387,W,,original
W36X387 WF,W,,augmented
WF W36X387,W,,augmented
WF-W36X387,W,,augmented
W36X350,W,,original
W 36X350,W,,original
W-36X350,W,,augmented
W_36X350,W,,augmented
WF36X350,W,,augmented
W36 X 350,W,,original
WF 36X350,W,,augmented
WF-36X350,W,,augmented
W 36 X 350,W,,original
W36X350 WF,W,,augmented
WF W36X350,W,,augmented
WF-W36X350,W,,augmented
W36X318,W,,original
W 36X318,W,,original
W-36X318,W,,augmented
W_36X318,W,,augmented
WF36X318,W,,augmented
W36 X 318,W,,original
WF 36X318,W,,augmented
WF-36X318,W,,augmented
W 36 X 318,W,,original
W36X318 WF,W,,augmented
WF W36X318,W,,augmented
WF-W36X318,W,,augmented
W36X286,W,,original
W 36X286,W,,original
W-36X286,W,,augmented
W_36X286,W,,augmented
WF36X286,W,,augmented
W36 X 286,W,,original
WF 36X286,W,,augmented
WF-36X286,W,,augmented
W 36 X 286,W,,original
W36X286 WF,W,,augmented
WF W36X286,W,,augmented
WF-W36X286,W,,augmented
W36X256,W,,original
W 36X256,W,,original
W-36X256,W,,augmented
W_36X256,W,,augmented
WF36X256,W,,augmented
W36 X 256,W,,original
WF 36X256,W,,augmented
WF-36X256,W,,augmented
W 36 X 256,W,,original
W36X256 WF,W,,augmented
WF W36X256,W,,augmented
WF-W36X256,W,,augmented
W36X232,W,,original
W 36X232,W,,original
W-36X232,W,,augmented
W_36X232,W,,augmented
WF36X232,W,,augmented
W36 X 232,W,,original
WF 36X232,W,,augmented
WF-36X232,W,,augmented
W 36 X 232,W,,original
W36X232 WF,W,,augmented
WF W36X232,W,,augmented
WF-W36X232,W,,augmented
W36X210,W,,original
W 36X210,W,,original
W-36X210,W,,augmented
W_36X210,W,,augmented
WF36X210,W,,augmented
W36 X 210,W,,original
WF 36X210,W,,augmented
WF-36X210,W,,augmented
W 36 X 210,W,,original
W36X210 WF,W,,augmented
WF W36X210,W,,augmented
WF-W36X210,W,,augmented
W36X194,W,,original
W 36X194,W,,original
W-36X194,W,,augmented
W_36X194,W,,augmented
WF36X194,W,,augmented
W36 X 194,W,,original
WF 36X194,W,,augmented
WF-36X194,W,,augmented
W 36 X 194,W,,original
W36X194 WF,W,,augmented
WF W36X194,W,,augmented
WF-W36X194,W,,augmented
W36X182,W,,original
W 36X182,W,,original
W-36X182,W,,augmented
W_36X182,W,,augmented
WF36X182,W,,augmented
W36 X 182,W,,original
WF 36X182,W,,augmented
WF-36X182,W,,augmented
W 36 X 182,W,,original
W36X182 WF,W,,augmented
WF W36X182,W,,augmented
WF-W36X182,W,,augmented
W36X170,W,,original
W 36X170,W,,original
W-36X170,W,,augmented
W_36X170,W,,augmented
WF36X170,W,,augmented
W36 X 170,W,,original
WF 36X170,W,,augmented
WF-36X170,W,,augmented
W 36 X 170,W,,original
W36X170 WF,W,,augmented
WF W36X170,W,,augmented
WF-W36X170,W,,augmented
W36X160,W,,original
W 36X160,W,,original
W-36X160,W,,augmented
W_36X160,W,,augmented
WF36X160,W,,augmented
W36 X 160,W,,original
WF 36X160,W,,augmented
WF-36X160,W,,augmented
W 36 X 160,W,,original
W36X160 WF,W,,augmented
WF W36X160,W,,augmented
WF-W36X160,W,,augmented
W36X150,W,,original
W 36X150,W,,original
W-36X150,W,,augmented
W_36X150,W,,augmented
WF36X150,W,,augmented
W36 X 150,W,,original
WF 36X150,W,,augmented
WF-36X150,W,,augmented
W 36 X 150,W,,original
W36X150 WF,W,,augmented
WF W36X150,W,,augmented
WF-W36X150,W,,augmented
W36X135,W,,original
W 36X135,W,,original
W-36X135,W,,augmented
W_36X135,W,,augmented
WF36X135,W,,augmented
W36 X 135,W,,original
WF 36X135,W,,augmented
WF-36X135,W,,augmented
W 36 X 135,W,,original
W36X135 WF,W,,augmented
WF W36X135,W,,augmented
WF-W36X135,W,,augmented
W33X387,W,,original
W 33X387,W,,original
W-33X387,W,,augmented
W_33X387,W,,augmented
WF33X387,W,,augmented
W33 X 387,W,,original
WF 33X387,W,,augmented
WF-33X387,W,,augmented
W 33 X 387,W,,original
W33X387 WF,W,,augmented
WF W33X387,W,,augmented
WF-W33X387,W,,augmented
W33X354,W,,original
W 33X354,W,,original
W-33X354,W,,augmented
W_33X354,W,,augmented
WF33X354,W,,augmented
W33 X 354,W,,original
WF 33X354,W,,augmented
WF-33X354,W,,augmented
W 33 X 354,W,,original
W33X354 WF,W,,augmented
WF W33X354,W,,augmented
WF-W33X354,W,,augmented
W33X318,W,,original
W 33X318,W,,original
W-33X318,W,,augmented
W_33X318,W,,augmented
WF33X318,W,,augmented
W33 X 318,W,,original
WF 33X318,W,,augmented
WF-33X318,W,,augmented
W 33 X 318,W,,original
W33X318 WF,W,,augmented
WF W33X318,W,,augmented
WF-W33X318,W,,augmented
W33X291,W,,original
W 33X291,W,,original
W-33X291,W,,augmented
W_33X291,W,,augmented
WF33X291,W,,augmented
W33 X 291,W,,original
WF 33X291,W,,augmented
WF-33X291,W,,augmented
W 33 X 291,W,,original
W33X291 WF,W,,augmented
WF W33X291,W,,augmented
WF-W33X291,W,,augmented
W33X263,W,,original
W 33X263,W,,original
W-33X263,W,,augmented
W_33X263,W,,augmented
WF33X263,W,,augmented
W33 X 263,W,,original
WF 33X263,W,,augmented
WF-33X263,W,,augmented
W 33 X 263,W,,original
W33X263 WF,W,,augmented
WF W33X263,W,,augmented
WF-W33X263,W,,augmented
W33X241,W,,original
W 33X241,W,,original
W-33X241,W,,augmented
W_33X241,W,,augmented
WF33X241,W,,augmented
W33 X 241,W,,original
WF 33X241,W,,augmented
WF-33X241,W,,augmented
W 33 X 241,W,,original
W33X241 WF,W,,augmented
WF W33X241,W,,augmented
WF-W33X241,W,,augmented
W33X221,W,,original
W 33X221,W,,original
W-33X221,W,,augmented
W_33X221,W,,augmented
WF33X221,W,,augmented
W33 X 221,W,,original
WF 33X221,W,,augmented
WF-33X221,W,,augmented
W 33 X 221,W,,original
W33X221 WF,W,,augmented
WF W33X221,W,,augmented
WF-W33X221,W,,augmented
W33X201,W,,original
W 33X201,W,,original
W-33X201,W,,augmented
W_33X201,W,,augmented
WF33X201,W,,augmented
W33 X 201,W,,original
WF 33X201,W,,augmented
WF-33X201,W,,augmented
W 33 X 201,W,,original
W33X201 WF,W,,augmented
WF W33X201,W,,augmented
WF-W33X201,W,,augmented
W33X169,W,,original
W 33X169,W,,original
W-33X169,W,,augmented
W_33X169,W,,augmented
WF33X169,W,,augmented
W33 X 169,W,,original
WF 33X169,W,,augmented
WF-33X169,W,,augmented
W 33 X 169,W,,original
W33X169 WF,W,,augmented
WF W33X169,W,,augmented
WF-W33X169,W,,augmented
W33X152,W,,original
W 33X152,W,,original
W-33X152,W,,augmented
W_33X152,W,,augmented
WF33X152,W,,augmented
W33 X 152,W,,original
WF 33X152,W,,augmented
WF-33X152,W,,augmented
W 33 X 152,W,,original
W33X152 WF,W,,augmented
WF W33X152,W,,augmented
WF-W33X152,W,,augmented
W33X141,W,,original
W 33X141,W,,original
W-33X141,W,,augmented
W_33X141,W,,augmented
WF33X141,W,,augmented
W33 X 141,W,,original
WF 33X141,W,,augmented
WF-33X141,W,,augmented
W 33 X 141,W,,original
W33X141 WF,W,,augmented
WF W33X141,W,,augmented
WF-W33X141,W,,augmented
W33X130,W,,original
W 33X130,W,,original
W-33X130,W,,augmented
W_33X130,W,,augmented
WF33X130,W,,augmented
W33 X 130,W,,original
WF 33X130,W,,augmented
WF-33X130,W,,augmented
W 33 X 130,W,,original
W33X130 WF,W,,augmented
WF W33X130,W,,augmented
WF-W33X130,W,,augmented
W33X118,W,,original
W 33X118,W,,original
W-33X118,W,,augmented
W_33X118,W,,augmented
WF33X118,W,,augmented
W33 X 118,W,,original
WF 33X118,W,,augmented
WF-33X118,W,,augmented
W 33 X 118,W,,original
W33X118 WF,W,,augmented
WF W33X118,W,,augmented
WF-W33X118,W,,augmented
W30X391,W,,original
W 30X391,W,,original
W-30X391,W,,augmented
W_30X391,W,,augmented
WF30X391,W,,augmented
W30 X 391,W,,original
WF 30X391,W,,augmented
WF-30X391,W,,augmented
W 30 X 391,W,,original
W30X391 WF,W,,augmented
WF W30X391,W,,augmented
WF-W30X391,W,,augmented
W30X357,W,,original
W 30X357,W,,original
W-30X357,W,,augmented
W_30X357,W,,augmented
WF30X357,W,,augmented
W30 X 357,W,,original
WF 30X357,W,,augmented
WF-30X357,W,,augmented
W 30 X 357,W,,original
W30X357 WF,W,,augmented
WF W30X357,W,,augmented
WF-W30X357,W,,augmented
W30X326,W,,original
W 30X326,W,,original
W-30X326,W,,augmented
W_30X326,W,,augmented
WF30X326,W,,augmented
W30 X 326,W,,original
WF 30X326,W,,augmented
WF-30X326,W,,augmented
W 30 X 326,W,,original
W30X326 WF,W,,augmented
WF W30X326,W,,augmented
WF-W30X326,W,,augmented
W30X292,W,,original
W 30X292,W,,original
W-30X292,W,,augmented
W_30X292,W,,augmented
WF30X292,W,,augmented
W30 X 292,W,,original
WF 30X292,W,,augmented
WF-30X292,W,,augmented
W 30 X 292,W,,original
W30X292 WF,W,,augmented
WF W30X292,W,,augmented
WF-W30X292,W,,augmented
W30X261,W,,original
W 30X261,W,,original
W-30X261,W,,augmented
W_30X261,W,,augmented
WF30X261,W,,augmented
W30 X 261,W,,original
WF 30X261,W,,augmented
WF-30X261,W,,augmented
W 30 X 261,W,,original
W30X261 WF,W,,augmented
WF W30X261,W,,augmented
WF-W30X261,W,,augmented
W30X235,W,,original
W 30X235,W,,original
W-30X235,W,,augmented
W_30X235,W,,augmented
WF30X235,W,,augmented
W30 X 235,W,,original
WF 30X235,W,,augmented
WF-30X235,W,,augmented
W 30 X 235,W,,original
W30X235 WF,W,,augmented
WF W30X235,W,,augmented
WF-W30X235,W,,augmented
W30X211,W,,original
W 30X211,W,,original
W-30X211,W,,augmented
W_30X211,W,,augmented
WF30X211,W,,augmented
W30 X 211,W,,original
WF 30X211,W,,augmented
WF-30X211,W,,augmented
W 30 X 211,W,,original
W30X211 WF,W,,augmented
WF W30X211,W,,augmented
WF-W30X211,W,,augmented
W30X191,W,,original
W 30X191,W,,original
W-30X191,W,,augmented
W_30X191,W,,augmented
WF30X191,W,,augmented
W30 X 191,W,,original
WF 30X191,W,,augmented
WF-30X191,W,,augmented
W 30 X 191,W,,original
W30X191 WF,W,,augmented
WF W30X191,W,,augmented
WF-W30X191,W,,augmented
W30X173,W,,original
W 30X173,W,,original
W-30X173,W,,augmented
W_30X173,W,,augmented
WF30X173,W,,augmented
W30 X 173,W,,original
WF 30X173,W,,augmented
WF-30X173,W,,augmented
W 30 X 173,W,,original
W30X173 WF,W,,augmented
WF W30X173,W,,augmented
WF-W30X173,W,,augmented
W30X148,W,,original
W 30X148,W,,original
W-30X148,W,,augmented
W_30X148,W,,augmented
WF30X148,W,,augmented
W30 X 148,W,,original
WF 30X148,W,,augmented
WF-30X148,W,,augmented
W 30 X 148,W,,original
W30X148 WF,W,,augmented
WF W30X148,W,,augmented
WF-W30X148,W,,augmented
W30X132,W,,original
W 30X132,W,,original
W-30X132,W,,augmented
W_30X132,W,,augmented
WF30X132,W,,augmented
W30 X 132,W,,original
WF 30X132,W,,augmented
WF-30X132,W,,augmented
W 30 X 132,W,,original
W30X132 WF,W,,augmented
WF W30X132,W,,augmented
WF-W30X132,W,,augmented
W30X124,W,,original
W 30X124,W,,original
W-30X124,W,,augmented
W_30X124,W,,augmented
WF30X124,W,,augmented
W30 X 124,W,,original
WF 30X124,W,,augmented
WF-30X124,W,,augmented
W 30 X 124,W,,original
W30X124 WF,W,,augmented
WF W30X124,W,,augmented
WF-W30X124,W,,augmented
W30X116,W,,original
W 30X116,W,,original
W-30X116,W,,augmented
W_30X116,W,,augmented
WF30X116,W,,augmented
W30 X 116,W,,original
WF 30X116,W,,augmented
WF-30X116,W,,augmented
W 30 X 116,W,,original
W30X116 WF,W,,augmented
WF W30X116,W,,augmented
WF-W30X116,W,,augmented
W30X108,W,,original
W 30X108,W,,original
W-30X108,W,,augmented
W_30X108,W,,augmented
WF30X108,W,,augmented
W30 X 108,W,,original
WF 30X108,W,,augmented
WF-30X108,W,,augmented
W 30 X 108,W,,original
W30X108 WF,W,,augmented
WF W30X108,W,,augmented
WF-W30X108,W,,augmented
W30X99,W,,original
W 30X99,W,,original
W-30X99,W,,augmented
W_30X99,W,,augmented
WF30X99,W,,augmented
W30 X 99,W,,original
WF 30X99,W,,augmented
WF-30X99,W,,augmented
W 30 X 99,W,,original
W30X99 WF,W,,augmented
WF W30X99,W,,augmented
WF-W30X99,W,,augmented
W30X90,W,,original
W 30X90,W,,original
W-30X90,W,,augmented
W_30X90,W,,augmented
WF30X90,W,,augmented
W30 X 90,W,,original
WF 30X90,W,,augmented
WF-30X90,W,,augmented
W 30 X 90,W,,original
W30X90 WF,W,,augmented
WF W30X90,W,,augmented
WF-W30X90,W,,augmented
W27X539,W,,original
W 27X539,W,,original
W-27X539,W,,augmented
W_27X539,W,,augmented
WF27X539,W,,augmented
W27 X 539,W,,original
WF 27X539,W,,augmented
WF-27X539,W,,augmented
W 27 X 539,W,,original
W27X539 WF,W,,augmented
WF W27X539,W,,augmented
WF-W27X539,W,,augmented
W27X368,W,,original
W 27X368,W,,original
W-27X368,W,,augmented
W_27X368,W,,augmented
WF27X368,W,,augmented
W27 X 368,W,,original
WF 27X368,W,,augmented
WF-27X368,W,,augmented
W 27 X 368,W,,original
W27X368 WF,W,,augmented
WF W27X368,W,,augmented
WF-W27X368,W,,augmented
W27X336,W,,original
W 27X336,W,,original
W-27X336,W,,augmented
W_27X336,W,,augmented
WF27X336,W,,augmented
W27 X 336,W,,original
WF 27X336,W,,augmented
WF-27X336,W,,augmented
W 27 X 336,W,,original
W27X336 WF,W,,augmented
WF W27X336,W,,augmented
WF-W27X336,W,,augmented
W27X307,W,,original
W 27X307,W,,original
W-27X307,W,,augmented
W_27X307,W,,augmented
WF27X307,W,,augmented
W27 X 307,W,,original
WF 27X307,W,,augmented
WF-27X307,W,,augmented
W 27 X 307,W,,original
W27X307 WF,W,,augmented
WF W27X307,W,,augmented
WF-W27X307,W,,augmented
W27X281,W,,original
W 27X281,W,,original
W-27X281,W,,augmented
W_27X281,W,,augmented
WF27X281,W,,augmented
W27 X 281,W,,original
WF 27X281,W,,augmented
WF-27X281,W,,augmented
W 27 X 281,W,,original
W27X281 WF,W,,augmented
WF W27X281,W,,augmented
WF-W27X281,W,,augmented
W27X258,W,,original
W 27X258,W,,original
W-27X258,W,,augmented
W_27X258,W,,augmented
WF27X258,W,,augmented
W27 X 258,W,,original
WF 27X258,W,,augmented
WF-27X258,W,,augmented
W 27 X 258,W,,original
W27X258 WF,W,,augmented
WF W27X258,W,,augmented
WF-W27X258,W,,augmented
W27X235,W,,original
W 27X235,W,,original
W-27X235,W,,augmented
W_27X235,W,,augmented
WF27X235,W,,augmented
W27 X 235,W,,original
WF 27X235,W,,augmented
WF-27X235,W,,augmented
W 27 X 235,W,,original
W27X235 WF,W,,augmented
WF W27X235,W,,augmented
WF-W27X235,W,,augmented
W27X217,W,,original
W 27X217,W,,original
W-27X217,W,,augmented
W_27X217,W,,augmented
WF27X217,W,,augmented
W27 X 217,W,,original
WF 27X217,W,,augmented
WF-27X217,W,,augmented
W 27 X 217,W,,original
W27X217 WF,W,,augmented
WF W27X217,W,,augmented
WF-W27X217,W,,augmented
W27X194,W,,original
W 27X194,W,,original
W-27X194,W,,augmented
W_27X194,W,,augmented
WF27X194,W,,augmented
W27 X 194,W,,original
WF 27X194,W,,augmented
WF-27X194,W,,augmented
W 27 X 194,W,,original
W27X194 WF,W,,augmented
WF W27X194,W,,augmented
WF-W27X194,W,,augmented
W27X178,W,,original
W 27X178,W,,original
W-27X178,W,,augmented
W_27X178,W,,augmented
WF27X178,W,,augmented
W27 X 178,W,,original
WF 27X178,W,,augmented
WF-27X178,W,,augmented
W 27 X 178,W,,original
W27X178 WF,W,,augmented
WF W27X178,W,,augmented
WF-W27X178,W,,augmented
W27X161,W,,original
W 27X161,W,,original
W-27X161,W,,augmented
W_27X161,W,,augmented
WF27X161,W,,augmented
W27 X 161,W,,original
WF 27X161,W,,augmented
WF-27X161,W,,augmented
W 27 X 161,W,,original
W27X161 WF,W,,augmented
WF W27X161,W,,augmented
WF-W27X161,W,,augmented
W27X146,W,,original
W 27X146,W,,original
W-27X146,W,,augmented
W_27X146,W,,augmented
WF27X146,W,,augmented
W27 X 146,W,,original
WF 27X146,W,,augmented
WF-27X146,W,,augmented
W 27 X 146,W,,original
W27X146 WF,W,,augmented
WF W27X146,W,,augmented
WF-W27X146,W,,augmented
W27X129,W,,original
W 27X129,W,,original
W-27X129,W,,augmented
W_27X129,W,,augmented
WF27X129,W,,augmented
W27 X 129,W,,original
WF 27X129,W,,augmented
WF-27X129,W,,augmented
W 27 X 129,W,,original
W27X129 WF,W,,augmented
WF W27X129,W,,augmented
WF-W27X129,W,,augmented
W27X114,W,,original
W 27X114,W,,original
W-27X114,W,,augmented
W_27X114,W,,augmented
WF27X114,W,,augmented
W27 X 114,W,,original
WF 27X114,W,,augmented
WF-27X114,W,,augmented
W 27 X 114,W,,original
W27X114 WF,W,,augmented
WF W27X114,W,,augmented
WF-W27X114,W,,augmented
W27X102,W,,original
W 27X102,W,,original
W-27X102,W,,augmented
W_27X102,W,,augmented
WF27X102,W,,augmented
W27 X 102,W,,original
WF 27X102,W,,augmented
WF-27X102,W,,augmented
W 27 X 102,W,,original
W27X102 WF,W,,augmented
WF W27X102,W,,augmented
WF-W27X102,W,,augmented
W27X94,W,,original
W 27X94,W,,original
W-27X94,W,,augmented
W_27X94,W,,augmented
WF27X94,W,,augmented
W27 X 94,W,,original
WF 27X94,W,,augmented
WF-27X94,W,,augmented
W 27 X 94,W,,original
W27X94 WF,W,,augmented
WF W27X94,W,,augmented
WF-W27X94,W,,augmented
W27X84,W,,original
W 27X84,W,,original
W-27X84,W,,augmented
W_27X84,W,,augmented
WF27X84,W,,augmented
W27 X 84,W,,original
WF 27X84,W,,augmented
WF-27X84,W,,augmented
W 27 X 84,W,,original
W27X84 WF,W,,augmented
WF W27X84,W,,augmented
WF-W27X84,W,,augmented
W24X370,W,,original
W 24X370,W,,original
W-24X370,W,,augmented
W_24X370,W,,augmented
WF24X370,W,,augmented
W24 X 370,W,,original
WF 24X370,W,,augmented
WF-24X370,W,,augmented
W 24 X 370,W,,original
W24X370 WF,W,,augmented
WF W24X370,W,,augmented
WF-W24X370,W,,augmented
W24X335,W,,original
W 24X335,W,,original
W-24X335,W,,augmented
W_24X335,W,,augmented
WF24X335,W,,augmented
W24 X 335,W,,original
WF 24X335,W,,augmented
WF-24X335,W,,augmented
W 24 X 335,W,,original
W24X335 WF,W,,augmented
WF W24X335,W,,augmented
WF-W24X335,W,,augmented
W24X306,W,,original
W 24X306,W,,original
W-24X306,W,,augmented
W_24X306,W,,augmented
WF24X306,W,,augmented
W24 X 306,W,,original
WF 24X306,W,,augmented
WF-24X306,W,,augmented
W 24 X 306,W,,original
W24X306 WF,W,,augmented
WF W24X306,W,,augmented
WF-W24X306,W,,augmented
W24X279,W,,original
W 24X279,W,,original
W-24X279,W,,augmented
W_24X279,W,,augmented
WF24X279,W,,augmented
W24 X 279,W,,original
WF 24X279,W,,augmented
WF-24X279,W,,augmented
W 24 X 279,W,,original
W24X279 WF,W,,augmented
WF W24X279,W,,augmented
WF-W24X279,W,,augmented
W24X250,W,,original
W 24X250,W,,original
W-24X250,W,,augmented
W_24X250,W,,augmented
WF24X250,W,,augmented
W24 X 250,W,,original
WF 24X250,W,,augmented
WF-24X250,W,,augmented
W 24 X 250,W,,original
W24X250 WF,W,,augmented
WF W24X250,W,,augmented
WF-W24X250,W,,augmented
W24X229,W,,original
W 24X229,W,,original
W-24X229,W,,augmented
W_24X229,W,,augmented
WF24X229,W,,augmented
W24 X 229,W,,original
WF 24X229,W,,augmented
WF-24X229,W,,augmented
W 24 X 229,W,,original
W24X229 WF,W,,augmented
WF W24X229,W,,augmented
WF-W24X229,W,,augmented
W24X207,W,,original
W 24X207,W,,original
W-24X207,W,,augmented
W_24X207,W,,augmented
WF24X207,W,,augmented
W24 X 207,W,,original
WF 24X207,W,,augmented
WF-24X207,W,,augmented
W 24 X 207,W,,original
W24X207 WF,W,,augmented
WF W24X207,W,,augmented
WF-W24X207,W,,augmented
W24X192,W,,original
W 24X192,W,,original
W-24X192,W,,augmented
W_24X192,W,,augmented
WF24X192,W,,augmented
W24 X 192,W,,original
WF 24X192,W,,augmented
WF-24X192,W,,augmented
W 24 X 192,W,,original
W24X192 WF,W,,augmented
WF W24X192,W,,augmented
WF-W24X192,W,,augmented
W24X176,W,,original
W 24X176,W,,original
W-24X176,W,,augmented
W_24X176,W,,augmented
WF24X176,W,,augmented
W24 X 176,W,,original
WF 24X176,W,,augmented
WF-24X176,W,,augmented
W 24 X 176,W,,original
W24X176 WF,W,,augmented
WF W24X176,W,,augmented
WF-W24X176,W,,augmented
W24X162,W,,original
W 24X162,W,,original
W-24X162,W,,augmented
W_24X162,W,,augmented
WF24X162,W,,augmented
W24 X 162,W,,original
WF 24X162,W,,augmented
WF-24X162,W,,augmented
W 24 X 162,W,,original
W24X162 WF,W,,augmented
WF W24X162,W,,augmented
WF-W24X162,W,,augmented
W24X146,W,,original
W 24X146,W,,original
W-24X146,W,,augmented
W_24X146,W,,augmented
WF24X146,W,,augmented
W24 X 146,W,,original
WF 24X146,W,,augmented
WF-24X146,W,,augmented
W 24 X 146,W,,original
W24X146 WF,W,,augmented
WF W24X146,W,,augmented
WF-W24X146,W,,augmented
W24X131,W,,original
W 24X131,W,,original
W-24X131,W,,augmented
W_24X131,W,,augmented
WF24X131,W,,augmented
W24 X 131,W,,original
WF 24X131,W,,augmented
WF-24X131,W,,augmented
W 24 X 131,W,,original
W24X131 WF,W,,augmented
WF W24X131,W,,augmented
WF-W24X131,W,,augmented
W24X117,W,,original
W 24X117,W,,original
W-24X117,W,,augmented
W_24X117,W,,augmented
WF24X117,W,,augmented
W24 X 117,W,,original
WF 24X117,W,,augmented
WF-24X117,W,,augmented
W 24 X 117,W,,original
W24X117 WF,W,,augmented
WF W24X117,W,,augmented
WF-W24X117,W,,augmented
W24X104,W,,original
W 24X104,W,,original
W-24X104,W,,augmented
W_24X104,W,,augmented
WF24X104,W,,augmented
W24 X 104,W,,original
WF 24X104,W,,augmented
WF-24X104,W,,augmented
W 24 X 104,W,,original
W24X104 WF,W,,augmented
WF W24X104,W,,augmented
WF-W24X104,W,,augmented
W24X103,W,,original
W 24X103,W,,original
W-24X103,W,,augmented
W_24X103,W,,augmented
WF24X103,W,,augmented
W24 X 103,W,,original
WF 24X103,W,,augmented
WF-24X103,W,,augmented
W 24 X 103,W,,original
W24X103 WF,W,,augmented
WF W24X103,W,,augmented
WF-W24X103,W,,augmented
W24X94,W,,original
W 24X94,W,,original
W-24X94,W,,augmented
W_24X94,W,,augmented
WF24X94,W,,augmented
W24 X 94,W,,original
WF 24X94,W,,augmented
WF-24X94,W,,augmented
W 24 X 94,W,,original
W24X94 WF,W,,augmented
WF W24X94,W,,augmented
WF-W24X94,W,,augmented
W24X84,W,,original
W 24X84,W,,original
W-24X84,W,,augmented
W_24X84,W,,augmented
WF24X84,W,,augmented
W24 X 84,W,,original
WF 24X84,W,,augmented
WF-24X84,W,,augmented
W 24 X 84,W,,original
W24X84 WF,W,,augmented
WF W24X84,W,,augmented
WF-W24X84,W,,augmented
W24X76,W,,original
W 24X76,W,,original
W-24X76,W,,augmented
W_24X76,W,,augmented
WF24X76,W,,augmented
W24 X 76,W,,original
WF 24X76,W,,augmented
WF-24X76,W,,augmented
W 24 X 76,W,,original
W24X76 WF,W,,augmented
WF W24X76,W,,augmented
WF-W24X76,W,,augmented
W24X68,W,,original
W 24X68,W,,original
W-24X68,W,,augmented
W_24X68,W,,augmented
WF24X68,W,,augmented
W24 X 68,W,,original
WF 24X68,W,,augmented
WF-24X68,W,,augmented
W 24 X 68,W,,original
W24X68 WF,W,,augmented
WF W24X68,W,,augmented
WF-W24X68,W,,augmented
W24X62,W,,original
W 24X62,W,,original
W-24X62,W,,augmented
W_24X62,W,,augmented
WF24X62,W,,augmented
W24 X 62,W,,original
WF 24X62,W,,augmented
WF-24X62,W,,augmented
W 24 X 62,W,,original
W24X62 WF,W,,augmented
WF W24X62,W,,augmented
WF-W24X62,W,,augmented
W24X55,W,,original
W 24X55,W,,original
W-24X55,W,,augmented
W_24X55,W,,augmented
WF24X55,W,,augmented
W24 X 55,W,,original
WF 24X55,W,,augmented
WF-24X55,W,,augmented
W 24 X 55,W,,original
W24X55 WF,W,,augmented
WF W24X55,W,,augmented
WF-W24X55,W,,augmented
W21X275,W,,original
W 21X275,W,,original
W-21X275,W,,augmented
W_21X275,W,,augmented
WF21X275,W,,augmented
W21 X 275,W,,original
WF 21X275,W,,augmented
WF-21X275,W,,augmented
W 21 X 275,W,,original
W21X275 WF,W,,augmented
WF W21X275,W,,augmented
WF-W21X275,W,,augmented
W21X248,W,,original
W 21X248,W,,original
W-21X248,W,,augmented
W_21X248,W,,augmented
WF21X248,W,,augmented
W21 X 248,W,,original
WF 21X248,W,,augmented
WF-21X248,W,,augmented
W 21 X 248,W,,original
W21X248 WF,W,,augmented
WF W21X248,W,,augmented
WF-W21X248,W,,augmented
W21X223,W,,original
W 21X223,W,,original
W-21X223,W,,augmented
W_21X223,W,,augmented
WF21X223,W,,augmented
W21 X 223,W,,original
WF 21X223,W,,augmented
WF-21X223,W,,augmented
W 21 X 223,W,,original
W21X223 WF,W,,augmented
WF W21X223,W,,augmented
WF-W21X223,W,,augmented
W21X201,W,,original
W 21X201,W,,original
W-21X201,W,,augmented
W_21X201,W,,augmented
WF21X201,W,,augmented
W21 X 201,W,,original
WF 21X201,W,,augmented
WF-21X201,W,,augmented
W 21 X 201,W,,original
W21X201 WF,W,,augmented
WF W21X201,W,,augmented
WF-W21X201,W,,augmented
W21X182,W,,original
W 21X182,W,,original
W-21X182,W,,augmented
W_21X182,W,,augmented
WF21X182,W,,augmented
W21 X 182,W,,original
WF 21X182,W,,augmented
WF-21X182,W,,augmented
W 21 X 182,W,,original
W21X182 WF,W,,augmented
WF W21X182,W,,augmented
WF-W21X182,W,,augmented
W21X166,W,,original
W 21X166,W,,original
W-21X166,W,,augmented
W_21X166,W,,augmented
WF21X166,W,,augmented
W21 X 166,W,,original
WF 21X166,W,,augmented
WF-21X166,W,,augmented
W 21 X 166,W,,original
W21X166 WF,W,,augmented
WF W21X166,W,,augmented
WF-W21X166,W,,augmented
W21X147,W,,original
W 21X147,W,,original
W-21X147,W,,augmented
W_21X147,W,,augmented
WF21X147,W,,augmented
W21 X 147,W,,original
WF 21X147,W,,augmented
WF-21X147,W,,augmented
W 21 X 147,W,,original
W21X147 WF,W,,augmented
WF W21X147,W,,augmented
WF-W21X147,W,,augmented
W21X132,W,,original
W 21X132,W,,original
W-21X132,W,,augmented
W_21X132,W,,augmented
WF21X132,W,,augmented
W21 X 132,W,,original
WF 21X132,W,,augmented
WF-21X132,W,,augmented
W 21 X 132,W,,original
W21X132 WF,W,,augmented
WF W21X132,W,,augmented
WF-W21X132,W,,augmented
W21X122,W,,original
W 21X122,W,,original
W-21X122,W,,augmented
W_21X122,W,,augmented
WF21X122,W,,augmented
W21 X 122,W,,original
WF 21X122,W,,augmented
WF-21X122,W,,augmented
W 21 X 122,W,,original
W21X122 WF,W,,augmented
WF W21X122,W,,augmented
WF-W21X122,W,,augmented
W21X111,W,,original
W 21X111,W,,original
W-21X111,W,,augmented
W_21X111,W,,augmented
WF21X111,W,,augmented
W21 X 111,W,,original
WF 21X111,W,,augmented
WF-21X111,W,,augmented
W 21 X 111,W,,original
W21X111 WF,W,,augmented
WF W21X111,W,,augmented
WF-W21X111,W,,augmented
W21X101,W,,original
W 21X101,W,,original
W-21X101,W,,augmented
W_21X101,W,,augmented
WF21X101,W,,augmented
W21 X 101,W,,original
WF 21X101,W,,augmented
WF-21X101,W,,augmented
W 21 X 101,W,,original
W21X101 WF,W,,augmented
WF W21X101,W,,augmented
WF-W21X101,W,,augmented
W21X93,W,,original
W 21X93,W,,original
W-21X93,W,,augmented
W_21X93,W,,augmented
WF21X93,W,,augmented
W21 X 93,W,,original
WF 21X93,W,,augmented
WF-21X93,W,,augmented
W 21 X 93,W,,original
W21X93 WF,W,,augmented
WF W21X93,W,,augmented
WF-W21X93,W,,augmented
W21X83,W,,original
W 21X83,W,,original
W-21X83,W,,augmented
W_21X83,W,,augmented
WF21X83,W,,augmented
W21 X 83,W,,original
WF 21X83,W,,augmented
WF-21X83,W,,augmented
W 21 X 83,W,,original
W21X83 WF,W,,augmented
WF W21X83,W,,augmented
WF-W21X83,W,,augmented
W21X73,W,,original
W 21X73,W,,original
W-21X73,W,,augmented
W_21X73,W,,augmented
WF21X73,W,,augmented
W21 X 73,W,,original
WF 21X73,W,,augmented
WF-21X73,W,,augmented
W 21 X 73,W,,original
W21X73 WF,W,,augmented
WF W21X73,W,,augmented
WF-W21X73,W,,augmented
W21X68,W,,original
W 21X68,W,,original
W-21X68,W,,augmented
W_21X68,W,,augmented
WF21X68,W,,augmented
W21 X 68,W,,original
WF 21X68,W,,augmented
WF-21X68,W,,augmented
W 21 X 68,W,,original
W21X68 WF,W,,augmented
WF W21X68,W,,augmented
WF-W21X68,W,,augmented
W21X62,W,,original
W 21X62,W,,original
W-21X62,W,,augmented
W_21X62,W,,augmented
WF21X62,W,,augmented
W21 X 62,W,,original
WF 21X62,W,,augmented
WF-21X62,W,,augmented
W 21 X 62,W,,original
W21X62 WF,W,,augmented
WF W21X62,W,,augmented
WF-W21X62,W,,augmented
W21X55,W,,original
W 21X55,W,,original
W-21X55,W,,augmented
W_21X55,W,,augmented
WF21X55,W,,augmented
W21 X 55,W,,original
WF 21X55,W,,augmented
WF-21X55,W,,augmented
W 21 X 55,W,,original
W21X55 WF,W,,augmented
WF W21X55,W,,augmented
WF-W21X55,W,,augmented
W21X48,W,,original
W 21X48,W,,original
W-21X48,W,,augmented
W_21X48,W,,augmented
WF21X48,W,,augmented
W21 X 48,W,,original
WF 21X48,W,,augmented
WF-21X48,W,,augmented
W 21 X 48,W,,original
W21X48 WF,W,,augmented
WF W21X48,W,,augmented
WF-W21X48,W,,augmented
W21X57,W,,original
W 21X57,W,,original
W-21X57,W,,augmented
W_21X57,W,,augmented
WF21X57,W,,augmented
W21 X 57,W,,original
WF 21X57,W,,augmented
WF-21X57,W,,augmented
W 21 X 57,W,,original
W21X57 WF,W,,augmented
WF W21X57,W,,augmented
WF-W21X57,W,,augmented
W21X50,W,,original
W 21X50,W,,original
W-21X50,W,,augmented
W_21X50,W,,augmented
WF21X50,W,,augmented
W21 X 50,W,,original
WF 21X50,W,,augmented
WF-21X50,W,,augmented
W 21 X 50,W,,original
W21X50 WF,W,,augmented
WF W21X50,W,,augmented
WF-W21X50,W,,augmented
W21X44,W,,original
W 21X44,W,,original
W-21X44,W,,augmented
W_21X44,W,,augmented
WF21X44,W,,augmented
W21 X 44,W,,original
WF 21X44,W,,augmented
WF-21X44,W,,augmented
W 21 X 44,W,,original
W21X44 WF,W,,augmented
WF W21X44,W,,augmented
WF-W21X44,W,,augmented
W18X311,W,,original
W 18X311,W,,original
W-18X311,W,,augmented
W_18X311,W,,augmented
WF18X311,W,,augmented
W18 X 311,W,,original
WF 18X311,W,,augmented
WF-18X311,W,,augmented
W 18 X 311,W,,original
W18X311 WF,W,,augmented
WF W18X311,W,,augmented
WF-W18X311,W,,augmented
W18X283,W,,original
W 18X283,W,,original
W-18X283,W,,augmented
W_18X283,W,,augmented
WF18X283,W,,augmented
W18 X 283,W,,original
WF 18X283,W,,augmented
WF-18X283,W,,augmented
W 18 X 283,W,,original
W18X283 WF,W,,augmented
WF W18X283,W,,augmented
WF-W18X283,W,,augmented
W18X258,W,,original
W 18X258,W,,original
W-18X258,W,,augmented
W_18X258,W,,augmented
WF18X258,W,,augmented
W18 X 258,W,,original
WF 18X258,W,,augmented
WF-18X258,W,,augmented
W 18 X 258,W,,original
W18X258 WF,W,,augmented
WF W18X258,W,,augmented
WF-W18X258,W,,augmented
W18X234,W,,original
W 18X234,W,,original
W-18X234,W,,augmented
W_18X234,W,,augmented
WF18X234,W,,augmented
W18 X 234,W,,original
WF 18X234,W,,augmented
WF-18X234,W,,augmented
W 18 X 234,W,,original
W18X234 WF,W,,augmented
WF W18X234,W,,augmented
WF-W18X234,W,,augmented
W18X211,W,,original
W 18X211,W,,original
W-18X211,W,,augmented
W_18X211,W,,augmented
WF18X211,W,,augmented
W18 X 211,W,,original
WF 18X211,W,,augmented
WF-18X211,W,,augmented
W 18 X 211,W,,original
W18X211 WF,W,,augmented
WF W18X211,W,,augmented
WF-W18X211,W,,augmented
W18X192,W,,original
W 18X192,W,,original
W-18X192,W,,augmented
W_18X192,W,,augmented
WF18X192,W,,augmented
W18 X 192,W,,original
WF 18X192,W,,augmented
WF-18X192,W,,augmented
W 18 X 192,W,,original
W18X192 WF,W,,augmented
WF W18X192,W,,augmented
WF-W18X192,W,,augmented
W18X175,W,,original
W 18X175,W,,original
W-18X175,W,,augmented
W_18X175,W,,augmented
WF18X175,W,,augmented
W18 X 175,W,,original
WF 18X175,W,,augmented
WF-18X175,W,,augmented
W 18 X 175,W,,original
W18X175 WF,W,,augmented
WF W18X175,W,,augmented
WF-W18X175,W,,augmented
W18X158,W,,original
W 18X158,W,,original
W-18X158,W,,augmented
W_18X158,W,,augmented
WF18X158,W,,augmented
W18 X 158,W,,original
WF 18X158,W,,augmented
WF-18X158,W,,augmented
W 18 X 158,W,,original
W18X158 WF,W,,augmented
WF W18X158,W,,augmented
WF-W18X158,W,,augmented
W18X143,W,,original
W 18X143,W,,original
W-18X143,W,,augmented
W_18X143,W,,augmented
WF18X143,W,,augmented
W18 X 143,W,,original
WF 18X143,W,,augmented
WF-18X143,W,,augmented
W 18 X 143,W,,original
W18X143 WF,W,,augmented
WF W18X143,W,,augmented
WF-W18X143,W,,augmented
W18X130,W,,original
W 18X130,W,,original
W-18X130,W,,augmented
W_18X130,W,,augmented
WF18X130,W,,augmented
W18 X 130,W,,original
WF 18X130,W,,augmented
WF-18X130,W,,augmented
W 18 X 130,W,,original
W18X130 WF,W,,augmented
WF W18X130,W,,augmented
WF-W18X130,W,,augmented
W18X119,W,,original
W 18X119,W,,original
W-18X119,W,,augmented
W_18X119,W,,augmented
WF18X119,W,,augmented
W18 X 119,W,,original
WF 18X119,W,,augmented
WF-18X119,W,,augmented
W 18 X 119,W,,original
W18X119 WF,W,,augmented
WF W18X119,W,,augmented
WF-W18X119,W,,augmented
W18X106,W,,original
W 18X106,W,,original
W-18X106,W,,augmented
W_18X106,W,,augmented
WF18X106,W,,augmented
W18 X 106,W,,original
WF 18X106,W,,augmented
WF-18X106,W,,augmented
W 18 X 106,W,,original
W18X106 WF,W,,augmented
WF W18X106,W,,augmented
WF-W18X106,W,,augmented
W18X97,W,,original
W 18X97,W,,original
W-18X97,W,,augmented
W_18X97,W,,augmented
WF18X97,W,,augmented
W18 X 97,W,,original
WF 18X97,W,,augmented
WF-18X97,W,,augmented
W 18 X 97,W,,original
W18X97 WF,W,,augmented
WF W18X97,W,,augmented
WF-W18X97,W,,augmented
W18X86,W,,original
W 18X86,W,,original
W-18X86,W,,augmented
W_18X86,W,,augmented
WF18X86,W,,augmented
W18 X 86,W,,original
WF 18X86,W,,augmented
WF-18X86,W,,augmented
W 18 X 86,W,,original
W18X86 WF,W,,augmented
WF W18X86,W,,augmented
WF-W18X86,W,,augmented
W18X76,W,,original
W 18X76,W,,original
W-18X76,W,,augmented
W_18X76,W,,augmented
WF18X76,W,,augmented
W18 X 76,W,,original
WF 18X76,W,,augmented
WF-18X76,W,,augmented
W 18 X 76,W,,original
W18X76 WF,W,,augmented
WF W18X76,W,,augmented
WF-W18X76,W,,augmented
W18X71,W,,original
W 18X71,W,,original
W-18X71,W,,augmented
W_18X71,W,,augmented
WF18X71,W,,augmented
W18 X 71,W,,original
WF 18X71,W,,augmented
WF-18X71,W,,augmented
W 18 X 71,W,,original
W18X71 WF,W,,augmented
WF W18X71,W,,augmented
WF-W18X71,W,,augmented
W18X65,W,,original
W 18X65,W,,original
W-18X65,W,,augmented
W_18X65,W,,augmented
WF18X65,W,,augmented
W18 X 65,W,,original
WF 18X65,W,,augmented
WF-18X65,W,,augmented
W 18 X 65,W,,original
W18X65 WF,W,,augmented
WF W18X65,W,,augmented
WF-W18X65,W,,augmented
W18X60,W,,original
W 18X60,W,,original
W-18X60,W,,augmented
W_18X60,W,,augmented
WF18X60,W,,augmented
W18 X 60,W,,original
WF 18X60,W,,augmented
WF-18X60,W,,augmented
W 18 X 60,W,,original
W18X60 WF,W,,augmented
WF W18X60,W,,augmented
WF-W18X60,W,,augmented
W18X55,W,,original
W 18X55,W,,original
W-18X55,W,,augmented
W_18X55,W,,augmented
WF18X55,W,,augmented
W18 X 55,W,,original
WF 18X55,W,,augmented
WF-18X55,W,,augmented
W 18 X 55,W,,original
W18X55 WF,W,,augmented
WF W18X55,W,,augmented
WF-W18X55,W,,augmented
W18X50,W,,original
W 18X50,W,,original
W-18X50,W,,augmented
W_18X50,W,,augmented
WF18X50,W,,augmented
W18 X 50,W,,original
WF 18X50,W,,augmented
WF-18X50,W,,augmented
W 18 X 50,W,,original
W18X50 WF,W,,augmented
WF W18X50,W,,augmented
WF-W18X50,W,,augmented
W18X46,W,,original
W 18X46,W,,original
W-18X46,W,,augmented
W_18X46,W,,augmented
WF18X46,W,,augmented
W18 X 46,W,,original
WF 18X46,W,,augmented
WF-18X46,W,,augmented
W 18 X 46,W,,original
W18X46 WF,W,,augmented
WF W18X46,W,,augmented
WF-W18X46,W,,augmented
W18X40,W,,original
W 18X40,W,,original
W-18X40,W,,augmented
W_18X40,W,,augmented
WF18X40,W,,augmented
W18 X 40,W,,original
WF 18X40,W,,augmented
WF-18X40,W,,augmented
W 18 X 40,W,,original
W18X40 WF,W,,augmented
WF W18X40,W,,augmented
WF-W18X40,W,,augmented
W18X35,W,,original
W 18X35,W,,original
W-18X35,W,,augmented
W_18X35,W,,augmented
WF18X35,W,,augmented
W18 X 35,W,,original
WF 18X35,W,,augmented
WF-18X35,W,,augmented
W 18 X 35,W,,original
W18X35 WF,W,,augmented
WF W18X35,W,,augmented
WF-W18X35,W,,augmented
W16X100,W,,original
W 16X100,W,,original
W-16X100,W,,augmented
W_16X100,W,,augmented
WF16X100,W,,augmented
W16 X 100,W,,original
WF 16X100,W,,augmented
WF-16X100,W,,augmented
W 16 X 100,W,,original
W16X100 WF,W,,augmented
WF W16X100,W,,augmented
WF-W16X100,W,,augmented
W16X89,W,,original
W 16X89,W,,original
W-16X89,W,,augmented
W_16X89,W,,augmented
WF16X89,W,,augmented
W16 X 89,W,,original
WF 16X89,W,,augmented
WF-16X89,W,,augmented
W 16 X 89,W,,original
W16X89 WF,W,,augmented
WF W16X89,W,,augmented
WF-W16X89,W,,augmented
W16X77,W,,original
W 16X77,W,,original
W-16X77,W,,augmented
W_16X77,W,,augmented
WF16X77,W,,augmented
W16 X 77,W,,original
WF 16X77,W,,augmented
WF-16X77,W,,augmented
W 16 X 77,W,,original
W16X77 WF,W,,augmented
WF W16X77,W,,augmented
WF-W16X77,W,,augmented
W16X67,W,,original
W 16X67,W,,original
W-16X67,W,,augmented
W_16X67,W,,augmented
WF16X67,W,,augmented
W16 X 67,W,,original
WF 16X67,W,,augmented
WF-16X67,W,,augmented
W 16 X 67,W,,original
W16X67 WF,W,,augmented
WF W16X67,W,,augmented
WF-W16X67,W,,augmented
W16X57,W,,original
W 16X57,W,,original
W-16X57,W,,augmented
W_16X57,W,,augmented
WF16X57,W,,augmented
W16 X 57,W,,original
WF 16X57,W,,augmented
WF-16X57,W,,augmented
W 16 X 57,W,,original
W16X57 WF,W,,augmented
WF W16X57,W,,augmented
WF-W16X57,W,,augmented
W16X50,W,,original
W 16X50,W,,original
W-16X50,W,,augmented
W_16X50,W,,augmented
WF16X50,W,,augmented
W16 X 50,W,,original
WF 16X50,W,,augmented
WF-16X50,W,,augmented
W 16 X 50,W,,original
W16X50 WF,W,,augmented
WF W16X50,W,,augmented
WF-W16X50,W,,augmented
W16X45,W,,original
W 16X45,W,,original
W-16X45,W,,augmented
W_16X45,W,,augmented
WF16X45,W,,augmented
W16 X 45,W,,original
WF 16X45,W,,augmented
WF-16X45,W,,augmented
W 16 X 45,W,,original
W16X45 WF,W,,augmented
WF W16X45,W,,augmented
WF-W16X45,W,,augmented
W16X40,W,,original
W 16X40,W,,original
W-16X40,W,,augmented
W_16X40,W,,augmented
WF16X40,W,,augmented
W16 X 40,W,,original
WF 16X40,W,,augmented
WF-16X40,W,,augmented
W 16 X 40,W,,original
W16X40 WF,W,,augmented
WF W16X40,W,,augmented
WF-W16X40,W,,augmented
W16X36,W,,original
W 16X36,W,,original
W-16X36,W,,augmented
W_16X36,W,,augmented
WF16X36,W,,augmented
W16 X 36,W,,original
WF 16X36,W,,augmented
WF-16X36,W,,augmented
W 16 X 36,W,,original
W16X36 WF,W,,augmented
WF W16X36,W,,augmented
WF-W16X36,W,,augmented
W16X31,W,,original
W 16X31,W,,original
W-16X31,W,,augmented
W_16X31,W,,augmented
WF16X31,W,,augmented
W16 X 31,W,,original
WF 16X31,W,,augmented
WF-16X31,W,,augmented
W 16 X 31,W,,original
W16X31 WF,W,,augmented
WF W16X31,W,,augmented
WF-W16X31,W,,augmented
W16X26,W,,original
W 16X26,W,,original
W-16X26,W,,augmented
W_16X26,W,,augmented
WF16X26,W,,augmented
W16 X 26,W,,original
WF 16X26,W,,augmented
WF-16X26,W,,augmented
W 16 X 26,W,,original
W16X26 WF,W,,augmented
WF W16X26,W,,augmented
WF-W16X26,W,,augmented
W14X873,W,,original
W 14X873,W,,original
W-14X873,W,,augmented
W_14X873,W,,augmented
WF14X873,W,,augmented
W14 X 873,W,,original
WF 14X873,W,,augmented
WF-14X873,W,,augmented
W 14 X 873,W,,original
W14X873 WF,W,,augmented
WF W14X873,W,,augmented
WF-W14X873,W,,augmented
W14X808,W,,original
W 14X808,W,,original
W-14X808,W,,augmented
W_14X808,W,,augmented
WF14X808,W,,augmented
W14 X 808,W,,original
WF 14X808,W,,augmented
WF-14X808,W,,augmented
W 14 X 808,W,,original
W14X808 WF,W,,augmented
WF W14X808,W,,augmented
WF-W14X808,W,,augmented
W14X730,W,,original
W 14X730,W,,original
W-14X730,W,,augmented
W_14X730,W,,augmented
WF14X730,W,,augmented
W14 X 730,W,,original
WF 14X730,W,,augmented
WF-14X730,W,,augmented
W 14 X 730,W,,original
W14X730 WF,W,,augmented
WF W14X730,W,,augmented
WF-W14X730,W,,augmented
W14X665,W,,original
W 14X665,W,,original
W-14X665,W,,augmented
W_14X665,W,,augmented
WF14X665,W,,augmented
W14 X 665,W,,original
WF 14X665,W,,augmented
WF-14X665,W,,augmented
W 14 X 665,W,,original
W14X665 WF,W,,augmented
WF W14X665,W,,augmented
WF-W14X665,W,,augmented
W14X605,W,,original
W 14X605,W,,original
W-14X605,W,,augmented
W_14X605,W,,augmented
WF14X605,W,,augmented
W14 X 605,W,,original
WF 14X605,W,,augmented
WF-14X605,W,,augmented
W 14 X 605,W,,original
W14X605 WF,W,,augmented
WF W14X605,W,,augmented
WF-W14X605,W,,augmented
W14X550,W,,original
W 14X550,W,,original
W-14X550,W,,augmented
W_14X550,W,,augmented
WF14X550,W,,augmented
W14 X 550,W,,original
WF 14X550,W,,augmented
WF-14X550,W,,augmented
W 14 X 550,W,,original
W14X550 WF,W,,augmented
WF W14X550,W,,augmented
WF-W14X550,W,,augmented
W14X500,W,,original
W 14X500,W,,original
W-14X500,W,,augmented
W_14X500,W,,augmented
WF14X500,W,,augmented
W14 X 500,W,,original
WF 14X500,W,,augmented
WF-14X500,W,,augmented
W 14 X 500,W,,original
W14X500 WF,W,,augmented
WF W14X500,W,,augmented
WF-W14X500,W,,augmented
W14X455,W,,original
W 14X455,W,,original
W-14X455,W,,augmented
W_14X455,W,,augmented
WF14X455,W,,augmented
W14 X 455,W,,original
WF 14X455,W,,augmented
WF-14X455,W,,augmented
W 14 X 455,W,,original
W14X455 WF,W,,augmented
WF W14X455,W,,augmented
WF-W14X455,W,,augmented
W14X426,W,,original
W 14X426,W,,original
W-14X426,W,,augmented
W_14X426,W,,augmented
WF14X426,W,,augmented
W14 X 426,W,,original
WF 14X426,W,,augmented
WF-14X426,W,,augmented
W 14 X 426,W,,original
W14X426 WF,W,,augmented
WF W14X426,W,,augmented
WF-W14X426,W,,augmented
W14X398,W,,original
W 14X398,W,,original
W-14X398,W,,augmented
W_14X398,W,,augmented
WF14X398,W,,augmented
W14 X 398,W,,original
WF 14X398,W,,augmented
WF-14X398,W,,augmented
W 14 X 398,W,,original
W14X398 WF,W,,augmented
WF W14X398,W,,augmented
WF-W14X398,W,,augmented
W14X370,W,,original
W 14X370,W,,original
W-14X370,W,,augmented
W_14X370,W,,augmented
WF14X370,W,,augmented
W14 X 370,W,,original
WF 14X370,W,,augmented
WF-14X370,W,,augmented
W 14 X 370,W,,original
W14X370 WF,W,,augmented
WF W14X370,W,,augmented
WF-W14X370,W,,augmented
W14X342,W,,original
W 14X342,W,,original
W-14X342,W,,augmented
W_14X342,W,,augmented
WF14X342,W,,augmented
W14 X 342,W,,original
WF 14X342,W,,augmented
WF-14X342,W,,augmented
W 14 X 342,W,,original
W14X342 WF,W,,augmented
WF W14X342,W,,augmented
WF-W14X342,W,,augmented
W14X311,W,,original
W 14X311,W,,original
W-14X311,W,,augmented
W_14X311,W,,augmented
WF14X311,W,,augmented
W14 X 311,W,,original
WF 14X311,W,,augmented
WF-14X311,W,,augmented
W 14 X 311,W,,original
W14X311 WF,W,,augmented
WF W14X311,W,,augmented
WF-W14X311,W,,augmented
W14X283,W,,original
W 14X283,W,,original
W-14X283,W,,augmented
W_14X283,W,,augmented
WF14X283,W,,augmented
W14 X 283,W,,original
WF 14X283,W,,augmented
WF-14X283,W,,augmented
W 14 X 283,W,,original
W14X283 WF,W,,augmented
WF W14X283,W,,augmented
WF-W14X283,W,,augmented
W14X257,W,,original
W 14X257,W,,original
W-14X257,W,,augmented
W_14X257,W,,augmented
WF14X257,W,,augmented
W14 X 257,W,,original
WF 14X257,W,,augmented
WF-14X257,W,,augmented
W 14 X 257,W,,original
W14X257 WF,W,,augmented
WF W14X257,W,,augmented
WF-W14X257,W,,augmented
W14X233,W,,original
W 14X233,W,,original
W-14X233,W,,augmented
W_14X233,W,,augmented
WF14X233,W,,augmented
W14 X 233,W,,original
WF 14X233,W,,augmented
WF-14X233,W,,augmented
W 14 X 233,W,,original
W14X233 WF,W,,augmented
WF W14X233,W,,augmented
WF-W14X233,W,,augmented
W14X211,W,,original
W 14X211,W,,original
W-14X211,W,,augmented
W_14X211,W,,augmented
WF14X211,W,,augmented
W14 X 211,W,,original
WF 14X211,W,,augmented
WF-14X211,W,,augmented
W 14 X 211,W,,original
W14X211 WF,W,,augmented
WF W14X211,W,,augmented
WF-W14X211,W,,augmented
W14X193,W,,original
W 14X193,W,,original
W-14X193,W,,augmented
W_14X193,W,,augmented
WF14X193,W,,augmented
W14 X 193,W,,original
WF 14X193,W,,augmented
WF-14X193,W,,augmented
W 14 X 193,W,,original
W14X193 WF,W,,augmented
WF W14X193,W,,augmented
WF-W14X193,W,,augmented
W14X176,W,,original
W 14X176,W,,original
W-14X176,W,,augmented
W_14X176,W,,augmented
WF14X176,W,,augmented
W14 X 176,W,,original
WF 14X176,W,,augmented
WF-14X176,W,,augmented
W 14 X 176,W,,original
W14X176 WF,W,,augmented
WF W14X176,W,,augmented
WF-W14X176,W,,augmented
W14X159,W,,original
W 14X159,W,,original
W-14X159,W,,augmented
W_14X159,W,,augmented
WF14X159,W,,augmented
W14 X 159,W,,original
WF 14X159,W,,augmented
WF-14X159,W,,augmented
W 14 X 159,W,,original
W14X159 WF,W,,augmented
WF W14X159,W,,augmented
WF-W14X159,W,,augmented
W14X145,W,,original
W 14X145,W,,original
W-14X145,W,,augmented
W_14X145,W,,augmented
WF14X145,W,,augmented
W14 X 145,W,,original
WF 14X145,W,,augmented
WF-14X145,W,,augmented
W 14 X 145,W,,original
W14X145 WF,W,,augmented
WF W14X145,W,,augmented
WF-W14X145,W,,augmented
W14X132,W,,original
W 14X132,W,,original
W-14X132,W,,augmented
W_14X132,W,,augmented
WF14X132,W,,augmented
W14 X 132,W,,original
WF 14X132,W,,augmented
WF-14X132,W,,augmented
W 14 X 132,W,,original
W14X132 WF,W,,augmented
WF W14X132,W,,augmented
WF-W14X132,W,,augmented
W14X120,W,,original
W 14X120,W,,original
W-14X120,W,,augmented
W_14X120,W,,augmented
WF14X120,W,,augmented
W14 X 120,W,,original
WF 14X120,W,,augmented
WF-14X120,W,,augmented
W 14 X 120,W,,original
W14X120 WF,W,,augmented
WF W14X120,W,,augmented
WF-W14X120,W,,augmented
W14X109,W,,original
W 14X109,W,,original
W-14X109,W,,augmented
W_14X109,W,,augmented
WF14X109,W,,augmented
W14 X 109,W,,original
WF 14X109,W,,augmented
WF-14X109,W,,augmented
W 14 X 109,W,,original
W14X109 WF,W,,augmented
WF W14X109,W,,augmented
WF-W14X109,W,,augmented
W14X99,W,,original
W 14X99,W,,original
W-14X99,W,,augmented
W_14X99,W,,augmented
WF14X99,W,,augmented
W14 X 99,W,,original
WF 14X99,W,,augmented
WF-14X99,W,,augmented
W 14 X 99,W,,original
W14X99 WF,W,,augmented
WF W14X99,W,,augmented
WF-W14X99,W,,augmented
W14X90,W,,original
W 14X90,W,,original
W-14X90,W,,augmented
W_14X90,W,,augmented
WF14X90,W,,augmented
W14 X 90,W,,original
WF 14X90,W,,augmented
WF-14X90,W,,augmented
W 14 X 90,W,,original
W14X90 WF,W,,augmented
WF W14X90,W,,augmented
WF-W14X90,W,,augmented
W14X82,W,,original
W 14X82,W,,original
W-14X82,W,,augmented
W_14X82,W,,augmented
WF14X82,W,,augmented
W14 X 82,W,,original
WF 14X82,W,,augmented
WF-14X82,W,,augmented
W 14 X 82,W,,original
W14X82 WF,W,,augmented
WF W14X82,W,,augmented
WF-W14X82,W,,augmented
W14X74,W,,original
W 14X74,W,,original
W-14X74,W,,augmented
W_14X74,W,,augmented
WF14X74,W,,augmented
W14 X 74,W,,original
WF 14X74,W,,augmented
WF-14X74,W,,augmented
W 14 X 74,W,,original
W14X74 WF,W,,augmented
WF W14X74,W,,augmented
WF-W14X74,W,,augmented
W14X68,W,,original
W 14X68,W,,original
W-14X68,W,,augmented
W_14X68,W,,augmented
WF14X68,W,,augmented
W14 X 68,W,,original
WF 14X68,W,,augmented
WF-14X68,W,,augmented
W 14 X 68,W,,original
W14X68 WF,W,,augmented
WF W14X68,W,,augmented
WF-W14X68,W,,augmented
W14X61,W,,original
W 14X61,W,,original
W-14X61,W,,augmented
W_14X61,W,,augmented
WF14X61,W,,augmented
W14 X 61,W,,original
WF 14X61,W,,augmented
WF-14X61,W,,augmented
W 14 X 61,W,,original
W14X61 WF,W,,augmented
WF W14X61,W,,augmented
WF-W14X61,W,,augmented
W14X53,W,,original
W 14X53,W,,original
W-14X53,W,,augmented
W_14X53,W,,augmented
WF14X53,W,,augmented
W14 X 53,W,,original
WF 14X53,W,,augmented
WF-14X53,W,,augmented
W 14 X 53,W,,original
W14X53 WF,W,,augmented
WF W14X53,W,,augmented
WF-W14X53,W,,augmented
W14X48,W,,original
W 14X48,W,,original
W-14X48,W,,augmented
W_14X48,W,,augmented
WF14X48,W,,augmented
W14 X 48,W,,original
WF 14X48,W,,augmented
WF-14X48,W,,augmented
W 14 X 48,W,,original
W14X48 WF,W,,augmented
WF W14X48,W,,augmented
WF-W14X48,W,,augmented
W14X43,W,,original
W 14X43,W,,original
W-14X43,W,,augmented
W_14X43,W,,augmented
WF14X43,W,,augmented
W14 X 43,W,,original
WF 14X43,W,,augmented
WF-14X43,W,,augmented
W 14 X 43,W,,original
W14X43 WF,W,,augmented
WF W14X43,W,,augmented
WF-W14X43,W,,augmented
W14X38,W,,original
W 14X38,W,,original
W-14X38,W,,augmented
W_14X38,W,,augmented
WF14X38,W,,augmented
W14 X 38,W,,original
WF 14X38,W,,augmented
WF-14X38,W,,augmented
W 14 X 38,W,,original
W14X38 WF,W,,augmented
WF W14X38,W,,augmented
WF-W14X38,W,,augmented
W14X34,W,,original
W 14X34,W,,original
W-14X34,W,,augmented
W_14X34,W,,augmented
WF14X34,W,,augmented
W14 X 34,W,,original
WF 14X34,W,,augmented
WF-14X34,W,,augmented
W 14 X 34,W,,original
W14X34 WF,W,,augmented
WF W14X34,W,,augmented
WF-W14X34,W,,augmented
W14X30,W,,original
W 14X30,W,,original
W-14X30,W,,augmented
W_14X30,W,,augmented
WF14X30,W,,augmented
W14 X 30,W,,original
WF 14X30,W,,augmented
WF-14X30,W,,augmented
W 14 X 30,W,,original
W14X30 WF,W,,augmented
WF W14X30,W,,augmented
WF-W14X30,W,,augmented
W14X26,W,,original
W 14X26,W,,original
W-14X26,W,,augmented
W_14X26,W,,augmented
WF14X26,W,,augmented
W14 X 26,W,,original
WF 14X26,W,,augmented
WF-14X26,W,,augmented
W 14 X 26,W,,original
W14X26 WF,W,,augmented
WF W14X26,W,,augmented
WF-W14X26,W,,augmented
W14X22,W,,original
W 14X22,W,,original
W-14X22,W,,augmented
W_14X22,W,,augmented
WF14X22,W,,augmented
W14 X 22,W,,original
WF 14X22,W,,augmented
WF-14X22,W,,augmented
W 14 X 22,W,,original
W14X22 WF,W,,augmented
WF W14X22,W,,augmented
WF-W14X22,W,,augmented
W12X336,W,,original
W 12X336,W,,original
W-12X336,W,,augmented
W_12X336,W,,augmented
WF12X336,W,,augmented
W12 X 336,W,,original
WF 12X336,W,,augmented
WF-12X336,W,,augmented
W 12 X 336,W,,original
W12X336 WF,W,,augmented
WF W12X336,W,,augmented
WF-W12X336,W,,augmented
W12X305,W,,original
W 12X305,W,,original
W-12X305,W,,augmented
W_12X305,W,,augmented
WF12X305,W,,augmented
W12 X 305,W,,original
WF 12X305,W,,augmented
WF-12X305,W,,augmented
W 12 X 305,W,,original
W12X305 WF,W,,augmented
WF W12X305,W,,augmented
WF-W12X305,W,,augmented
W12X279,W,,original
W 12X279,W,,original
W-12X279,W,,augmented
W_12X279,W,,augmented
WF12X279,W,,augmented
W12 X 279,W,,original
WF 12X279,W,,augmented
WF-12X279,W,,augmented
W 12 X 279,W,,original
W12X279 WF,W,,augmented
WF W12X279,W,,augmented
WF-W12X279,W,,augmented
W12X252,W,,original
W 12X252,W,,original
W-12X252,W,,augmented
W_12X252,W,,augmented
WF12X252,W,,augmented
W12 X 252,W,,original
WF 12X252,W,,augmented
WF-12X252,W,,augmented
W 12 X 252,W,,original
W12X252 WF,W,,augmented
WF W12X252,W,,augmented
WF-W12X252,W,,augmented
W12X230,W,,original
W 12X230,W,,original
W-12X230,W,,augmented
W_12X230,W,,augmented
WF12X230,W,,augmented
W12 X 230,W,,original
WF 12X230,W,,augmented
WF-12X230,W,,augmented
W 12 X 230,W,,original
W12X230 WF,W,,augmented
WF W12X230,W,,augmented
WF-W12X230,W,,augmented
W12X210,W,,original
W 12X210,W,,original
W-12X210,W,,augmented
W_12X210,W,,augmented
WF12X210,W,,augmented
W12 X 210,W,,original
WF 12X210,W,,augmented
WF-12X210,W,,augmented
W 12 X 210,W,,original
W12X210 WF,W,,augmented
WF W12X210,W,,augmented
WF-W12X210,W,,augmented
W12X190,W,,original
W 12X190,W,,original
W-12X190,W,,augmented
W_12X190,W,,augmented
WF12X190,W,,augmented
W12 X 190,W,,original
WF 12X190,W,,augmented
WF-12X190,W,,augmented
W 12 X 190,W,,original
W12X190 WF,W,,augmented
WF W12X190,W,,augmented
WF-W12X190,W,,augmented
W12X170,W,,original
W 12X170,W,,original
W-12X170,W,,augmented
W_12X170,W,,augmented
WF12X170,W,,augmented
W12 X 170,W,,original
WF 12X170,W,,augmented
WF-12X170,W,,augmented
W 12 X 170,W,,original
W12X170 WF,W,,augmented
WF W12X170,W,,augmented
WF-W12X170,W,,augmented
W12X152,W,,original
W 12X152,W,,original
W-12X152,W,,augmented
W_12X152,W,,augmented
WF12X152,W,,augmented
W12 X 152,W,,original
WF 12X152,W,,augmented
WF-12X152,W,,augmented
W 12 X 152,W,,original
W12X152 WF,W,,augmented
WF W12X152,W,,augmented
WF-W12X152,W,,augmented
W12X136,W,,original
W 12X136,W,,original
W-12X136,W,,augmented
W_12X136,W,,augmented
WF12X136,W,,augmented
W12 X 136,W,,original
WF 12X136,W,,augmented
WF-12X136,W,,augmented
W 12 X 136,W,,original
W12X136 WF,W,,augmented
WF W12X136,W,,augmented
WF-W12X136,W,,augmented
W12X120,W,,original
W 12X120,W,,original
W-12X120,W,,augmented
W_12X120,W,,augmented
WF12X120,W,,augmented
W12 X 120,W,,original
WF 12X120,W,,augmented
WF-12X120,W,,augmented
W 12 X 120,W,,original
W12X120 WF,W,,augmented
WF W12X120,W,,augmented
WF-W12X120,W,,augmented
W12X106,W,,original
W 12X106,W,,original
W-12X106,W,,augmented
W_12X106,W,,augmented
WF12X106,W,,augmented
W12 X 106,W,,original
WF 12X106,W,,augmented
WF-12X106,W,,augmented
W 12 X 106,W,,original
W12X106 WF,W,,augmented
WF W12X106,W,,augmented
WF-W12X106,W,,augmented
W12X96,W,,original
W 12X96,W,,original
W-12X96,W,,augmented
W_12X96,W,,augmented
WF12X96,W,,augmented
W12 X 96,W,,original
WF 12X96,W,,augmented
WF-12X96,W,,augmented
W 12 X 96,W,,original
W12X96 WF,W,,augmented
WF W12X96,W,,augmented
WF-W12X96,W,,augmented
W12X87,W,,original
W 12X87,W,,original
W-12X87,W,,augmented
W_12X87,W,,augmented
WF12X87,W,,augmented
W12 X 87,W,,original
WF 12X87,W,,augmented
WF-12X87,W,,augmented
W 12 X 87,W,,original
W12X87 WF,W,,augmented
WF W12X87,W,,augmented
WF-W12X87,W,,augmented
W12X79,W,,original
W 12X79,W,,original
W-12X79,W,,augmented
W_12X79,W,,augmented
WF12X79,W,,augmented
W12 X 79,W,,original
WF 12X79,W,,augmented
WF-12X79,W,,augmented
W 12 X 79,W,,original
W12X79 WF,W,,augmented
WF W12X79,W,,augmented
WF-W12X79,W,,augmented
W12X72,W,,original
W 12X72,W,,original
W-12X72,W,,augmented
W_12X72,W,,augmented
WF12X72,W,,augmented
W12 X 72,W,,original
WF 12X72,W,,augmented
WF-12X72,W,,augmented
W 12 X 72,W,,original
W12X72 WF,W,,augmented
WF W12X72,W,,augmented
WF-W12X72,W,,augmented
W12X65,W,,original
W 12X65,W,,original
W-12X65,W,,augmented
W_12X65,W,,augmented
WF12X65,W,,augmented
W12 X 65,W,,original
WF 12X65,W,,augmented
WF-12X65,W,,augmented
W 12 X 65,W,,original
W12X65 WF,W,,augmented
WF W12X65,W,,augmented
WF-W12X65,W,,augmented
W12X58,W,,original
W 12X58,W,,original
W-12X58,W,,augmented
W_12X58,W,,augmented
WF12X58,W,,augmented
W12 X 58,W,,original
WF 12X58,W,,augmented
WF-12X58,W,,augmented
W 12 X 58,W,,original
W12X58 WF,W,,augmented
WF W12X58,W,,augmented
WF-W12X58,W,,augmented
W12X53,W,,original
W 12X53,W,,original
W-12X53,W,,augmented
W_12X53,W,,augmented
WF12X53,W,,augmented
W12 X 53,W,,original
WF 12X53,W,,augmented
WF-12X53,W,,augmented
W 12 X 53,W,,original
W12X53 WF,W,,augmented
WF W12X53,W,,augmented
WF-W12X53,W,,augmented
W12X50,W,,original
W 12X50,W,,original
W-12X50,W,,augmented
W_12X50,W,,augmented
WF12X50,W,,augmented
W12 X 50,W,,original
WF 12X50,W,,augmented
WF-12X50,W,,augmented
W 12 X 50,W,,original
W12X50 WF,W,,augmented
WF W12X50,W,,augmented
WF-W12X50,W,,augmented
W12X45,W,,original
W 12X45,W,,original
W-12X45,W,,augmented
W_12X45,W,,augmented
WF12X45,W,,augmented
W12 X 45,W,,original
WF 12X45,W,,augmented
WF-12X45,W,,augmented
W 12 X 45,W,,original
W12X45 WF,W,,augmented
WF W12X45,W,,augmented
WF-W12X45,W,,augmented
W12X40,W,,original
W 12X40,W,,original
W-12X40,W,,augmented
W_12X40,W,,augmented
WF12X40,W,,augmented
W12 X 40,W,,original
WF 12X40,W,,augmented
WF-12X40,W,,augmented
W 12 X 40,W,,original
W12X40 WF,W,,augmented
WF W12X40,W,,augmented
WF-W12X40,W,,augmented
W12X35,W,,original
W 12X35,W,,original
W-12X35,W,,augmented
W_12X35,W,,augmented
WF12X35,W,,augmented
W12 X 35,W,,original
WF 12X35,W,,augmented
WF-12X35,W,,augmented
W 12 X 35,W,,original
W12X35 WF,W,,augmented
WF W12X35,W,,augmented
WF-W12X35,W,,augmented
W12X30,W,,original
W 12X30,W,,original
W-12X30,W,,augmented
W_12X30,W,,augmented
WF12X30,W,,augmented
W12 X 30,W,,original
WF 12X30,W,,augmented
WF-12X30,W,,augmented
W 12 X 30,W,,original
W12X30 WF,W,,augmented
WF W12X30,W,,augmented
WF-W12X30,W,,augmented
W12X26,W,,original
W 12X26,W,,original
W-12X26,W,,augmented
W_12X26,W,,augmented
WF12X26,W,,augmented
W12 X 26,W,,original
WF 12X26,W,,augmented
WF-12X26,W,,augmented
W 12 X 26,W,,original
W12X26 WF,W,,augmented
WF W12X26,W,,augmented
WF-W12X26,W,,augmented
W12X22,W,,original
W 12X22,W,,original
W-12X22,W,,augmented
W_12X22,W,,augmented
WF12X22,W,,augmented
W12 X 22,W,,original
WF 12X22,W,,augmented
WF-12X22,W,,augmented
W 12 X 22,W,,original
W12X22 WF,W,,augmented
WF W12X22,W,,augmented
WF-W12X22,W,,augmented
W12X19,W,,original
W 12X19,W,,original
W-12X19,W,,augmented
W_12X19,W,,augmented
WF12X19,W,,augmented
W12 X 19,W,,original
WF 12X19,W,,augmented
WF-12X19,W,,augmented
W 12 X 19,W,,original
W12X19 WF,W,,augmented
WF W12X19,W,,augmented
WF-W12X19,W,,augmented
W12X16,W,,original
W 12X16,W,,original
W-12X16,W,,augmented
W_12X16,W,,augmented
WF12X16,W,,augmented
W12 X 16,W,,original
WF 12X16,W,,augmented
WF-12X16,W,,augmented
W 12 X 16,W,,original
W12X16 WF,W,,augmented
WF W12X16,W,,augmented
WF-W12X16,W,,augmented
W12X14,W,,original
W 12X14,W,,original
W-12X14,W,,augmented
W_12X14,W,,augmented
WF12X14,W,,augmented
W12 X 14,W,,original
WF 12X14,W,,augmented
WF-12X14,W,,augmented
W 12 X 14,W,,original
W12X14 WF,W,,augmented
WF W12X14,W,,augmented
WF-W12X14,W,,augmented
W10X112,W,,original
W 10X112,W,,original
W-10X112,W,,augmented
W_10X112,W,,augmented
WF10X112,W,,augmented
W10 X 112,W,,original
WF 10X112,W,,augmented
WF-10X112,W,,augmented
W 10 X 112,W,,original
W10X112 WF,W,,augmented
WF W10X112,W,,augmented
WF-W10X112,W,,augmented
W10X100,W,,original
W 10X100,W,,original
W-10X100,W,,augmented
W_10X100,W,,augmented
WF10X100,W,,augmented
W10 X 100,W,,original
WF 10X100,W,,augmented
WF-10X100,W,,augmented
W 10 X 100,W,,original
W10X100 WF,W,,augmented
WF W10X100,W,,augmented
WF-W10X100,W,,augmented
W10X88,W,,original
W 10X88,W,,original
W-10X88,W,,augmented
W_10X88,W,,augmented
WF10X88,W,,augmented
W10 X 88,W,,original
WF 10X88,W,,augmented
WF-10X88,W,,augmented
W 10 X 88,W,,original
W10X88 WF,W,,augmented
WF W10X88,W,,augmented
WF-W10X88,W,,augmented
W10X77,W,,original
W 10X77,W,,original
W-10X77,W,,augmented
W_10X77,W,,augmented
WF10X77,W,,augmented
W10 X 77,W,,original
WF 10X77,W,,augmented
WF-10X77,W,,augmented
W 10 X 77,W,,original
W10X77 WF,W,,augmented
WF W10X77,W,,augmented
WF-W10X77,W,,augmented
W10X68,W,,original
W 10X68,W,,original
W-10X68,W,,augmented
W_10X68,W,,augmented
WF10X68,W,,augmented
W10 X 68,W,,original
WF 10X68,W,,augmented
WF-10X68,W,,augmented
W 10 X 68,W,,original
W10X68 WF,W,,augmented
WF W10X68,W,,augmented
WF-W10X68,W,,augmented
W10X60,W,,original
W 10X60,W,,original
W-10X60,W,,augmented
W_10X60,W,,augmented
WF10X60,W,,augmented
W10 X 60,W,,original
WF 10X60,W,,augmented
WF-10X60,W,,augmented
W 10 X 60,W,,original
W10X60 WF,W,,augmented
WF W10X60,W,,augmented
WF-W10X60,W,,augmented
W10X54,W,,original
W 10X54,W,,original
W-10X54,W,,augmented
W_10X54,W,,augmented
WF10X54,W,,augmented
W10 X 54,W,,original
WF 10X54,W,,augmented
WF-10X54,W,,augmented
W 10 X 54,W,,original
W10X54 WF,W,,augmented
WF W10X54,W,,augmented
WF-W10X54,W,,augmented
W10X49,W,,original
W 10X49,W,,original
W-10X49,W,,augmented
W_10X49,W,,augmented
WF10X49,W,,augmented
W10 X 49,W,,original
WF 10X49,W,,augmented
WF-10X49,W,,augmented
W 10 X 49,W,,original
W10X49 WF,W,,augmented
WF W10X49,W,,augmented
WF-W10X49,W,,augmented
W10X45,W,,original
W 10X45,W,,original
W-10X45,W,,augmented
W_10X45,W,,augmented
WF10X45,W,,augmented
W10 X 45,W,,original
WF 10X45,W,,augmented
WF-10X45,W,,augmented
W 10 X 45,W,,original
W10X45 WF,W,,augmented
WF W10X45,W,,augmented
WF-W10X45,W,,augmented
W10X39,W,,original
W 10X39,W,,original
W-10X39,W,,augmented
W_10X39,W,,augmented
WF10X39,W,,augmented
W10 X 39,W,,original
WF 10X39,W,,augmented
WF-10X39,W,,augmented
W 10 X 39,W,,original
W10X39 WF,W,,augmented
WF W10X39,W,,augmented
WF-W10X39,W,,augmented
W10X33,W,,original
W 10X33,W,,original
W-10X33,W,,augmented
W_10X33,W,,augmented
WF10X33,W,,augmented
W10 X 33,W,,original
WF 10X33,W,,augmented
WF-10X33,W,,augmented
W 10 X 33,W,,original
W10X33 WF,W,,augmented
WF W10X33,W,,augmented
WF-W10X33,W,,augmented
W10X30,W,,original
W 10X30,W,,original
W-10X30,W,,augmented
W_10X30,W,,augmented
WF10X30,W,,augmented
W10 X 30,W,,original
WF 10X30,W,,augmented
WF-10X30,W,,augmented
W 10 X 30,W,,original
W10X30 WF,W,,augmented
WF W10X30,W,,augmented
WF-W10X30,W,,augmented
W10X26,W,,original
W 10X26,W,,original
W-10X26,W,,augmented
W_10X26,W,,augmented
WF10X26,W,,augmented
W10 X 26,W,,original
WF 10X26,W,,augmented
WF-10X26,W,,augmented
W 10 X 26,W,,original
W10X26 WF,W,,augmented
WF W10X26,W,,augmented
WF-W10X26,W,,augmented
W10X22,W,,original
W 10X22,W,,original
W-10X22,W,,augmented
W_10X22,W,,augmented
WF10X22,W,,augmented
W10 X 22,W,,original
WF 10X22,W,,augmented
WF-10X22,W,,augmented
W 10 X 22,W,,original
W10X22 WF,W,,augmented
WF W10X22,W,,augmented
WF-W10X22,W,,augmented
W10X19,W,,original
W 10X19,W,,original
W-10X19,W,,augmented
W_10X19,W,,augmented
WF10X19,W,,augmented
W10 X 19,W,,original
WF 10X19,W,,augmented
WF-10X19,W,,augmented
W 10 X 19,W,,original
W10X19 WF,W,,augmented
WF W10X19,W,,augmented
WF-W10X19,W,,augmented
W10X17,W,,original
W 10X17,W,,original
W-10X17,W,,augmented
W_10X17,W,,augmented
WF10X17,W,,augmented
W10 X 17,W,,original
WF 10X17,W,,augmented
WF-10X17,W,,augmented
W 10 X 17,W,,original
W10X17 WF,W,,augmented
WF W10X17,W,,augmented
WF-W10X17,W,,augmented
W10X15,W,,original
W 10X15,W,,original
W-10X15,W,,augmented
W_10X15,W,,augmented
WF10X15,W,,augmented
W10 X 15,W,,original
WF 10X15,W,,augmented
WF-10X15,W,,augmented
W 10 X 15,W,,original
W10X15 WF,W,,augmented
WF W10X15,W,,augmented
WF-W10X15,W,,augmented
W10X12,W,,original
W 10X12,W,,original
W-10X12,W,,augmented
W_10X12,W,,augmented
WF10X12,W,,augmented
W10 X 12,W,,original
WF 10X12,W,,augmented
WF-10X12,W,,augmented
W 10 X 12,W,,original
W10X12 WF,W,,augmented
WF W10X12,W,,augmented
WF-W10X12,W,,augmented
W8X67,W,,original
W 8X67,W,,original
W-8X67,W,,augmented
W_8X67,W,,augmented
WF8X67,W,,augmented
W8 X 67,W,,original
WF 8X67,W,,augmented
WF-8X67,W,,augmented
W 8 X 67,W,,original
W8X67 WF,W,,augmented
WF W8X67,W,,augmented
WF-W8X67,W,,augmented
W8X58,W,,original
W 8X58,W,,original
W-8X58,W,,augmented
W_8X58,W,,augmented
WF8X58,W,,augmented
W8 X 58,W,,original
WF 8X58,W,,augmented
WF-8X58,W,,augmented
W 8 X 58,W,,original
W8X58 WF,W,,augmented
WF W8X58,W,,augmented
WF-W8X58,W,,augmented
W8X48,W,,original
W 8X48,W,,original
W-8X48,W,,augmented
W_8X48,W,,augmented
WF8X48,W,,augmented
W8 X 48,W,,original
WF 8X48,W,,augmented
WF-8X48,W,,augmented
W 8 X 48,W,,original
W8X48 WF,W,,augmented
WF W8X48,W,,augmented
WF-W8X48,W,,augmented
W8X40,W,,original
W 8X40,W,,original
W-8X40,W,,augmented
W_8X40,W,,augmented
WF8X40,W,,augmented
W8 X 40,W,,original
WF 8X40,W,,augmented
WF-8X40,W,,augmented
W 8 X 40,W,,original
W8X40 WF,W,,augmented
WF W8X40,W,,augmented
WF-W8X40,W,,augmented
W8X35,W,,original
W 8X35,W,,original
W-8X35,W,,augmented
W_8X35,W,,augmented
WF8X35,W,,augmented
W8 X 35,W,,original
WF 8X35,W,,augmented
WF-8X35,W,,augmented
W 8 X 35,W,,original
W8X35 WF,W,,augmented
WF W8X35,W,,augmented
WF-W8X35,W,,augmented
W8X31,W,,original
W 8X31,W,,original
W-8X31,W,,augmented
W_8X31,W,,augmented
WF8X31,W,,augmented
W8 X 31,W,,original
WF 8X31,W,,augmented
WF-8X31,W,,augmented
W 8 X 31,W,,original
W8X31 WF,W,,augmented
WF W8X31,W,,augmented
WF-W8X31,W,,augmented
W8X28,W,,original
W 8X28,W,,original
W-8X28,W,,augmented
W_8X28,W,,augmented
WF8X28,W,,augmented
W8 X 28,W,,original
WF 8X28,W,,augmented
WF-8X28,W,,augmented
W 8 X 28,W,,original
W8X28 WF,W,,augmented
WF W8X28,W,,augmented
WF-W8X28,W,,augmented
W8X24,W,,original
W 8X24,W,,original
W-8X24,W,,augmented
W_8X24,W,,augmented
WF8X24,W,,augmented
W8 X 24,W,,original
WF 8X24,W,,augmented
WF-8X24,W,,augmented
W 8 X 24,W,,original
W8X24 WF,W,,augmented
WF W8X24,W,,augmented
WF-W8X24,W,,augmented
W8X21,W,,original
W 8X21,W,,original
W-8X21,W,,augmented
W_8X21,W,,augmented
WF8X21,W,,augmented
W8 X 21,W,,original
WF 8X21,W,,augmented
WF-8X21,W,,augmented
W 8 X 21,W,,original
W8X21 WF,W,,augmented
WF W8X21,W,,augmented
WF-W8X21,W,,augmented
W8X18,W,,original
W 8X18,W,,original
W-8X18,W,,augmented
W_8X18,W,,augmented
WF8X18,W,,augmented
W8 X 18,W,,original
WF 8X18,W,,augmented
WF-8X18,W,,augmented
W 8 X 18,W,,original
W8X18 WF,W,,augmented
WF W8X18,W,,augmented
WF-W8X18,W,,augmented
W8X15,W,,original
W 8X15,W,,original
W-8X15,W,,augmented
W_8X15,W,,augmented
WF8X15,W,,augmented
W8 X 15,W,,original
WF 8X15,W,,augmented
WF-8X15,W,,augmented
W 8 X 15,W,,original
W8X15 WF,W,,augmented
WF W8X15,W,,augmented
WF-W8X15,W,,augmented
W8X13,W,,original
W 8X13,W,,original
W-8X13,W,,augmented
W_8X13,W,,augmented
WF8X13,W,,augmented
W8 X 13,W,,original
WF 8X13,W,,augmented
WF-8X13,W,,augmented
W 8 X 13,W,,original
W8X13 WF,W,,augmented
WF W8X13,W,,augmented
WF-W8X13,W,,augmented
W8X10,W,,original
W 8X10,W,,original
W-8X10,W,,augmented
W_8X10,W,,augmented
WF8X10,W,,augmented
W8 X 10,W,,original
WF 8X10,W,,augmented
WF-8X10,W,,augmented
W 8 X 10,W,,original
W8X10 WF,W,,augmented
WF W8X10,W,,augmented
WF-W8X10,W,,augmented
W6X25,W,,original
W 6X25,W,,original
W-6X25,W,,augmented
W_6X25,W,,augmented
WF6X25,W,,augmented
W6 X 25,W,,original
WF 6X25,W,,augmented
WF-6X25,W,,augmented
W 6 X 25,W,,original
W6X25 WF,W,,augmented
WF W6X25,W,,augmented
WF-W6X25,W,,augmented
W6X20,W,,original
W 6X20,W,,original
W-6X20,W,,augmented
W_6X20,W,,augmented
WF6X20,W,,augmented
W6 X 20,W,,original
WF 6X20,W,,augmented
WF-6X20,W,,augmented
W 6 X 20,W,,original
W6X20 WF,W,,augmented
WF W6X20,W,,augmented
WF-W6X20,W,,augmented
W6X15,W,,original
W 6X15,W,,original
W-6X15,W,,augmented
W_6X15,W,,augmented
WF6X15,W,,augmented
W6 X 15,W,,original
WF 6X15,W,,augmented
WF-6X15,W,,augmented
W 6 X 15,W,,original
W6X15 WF,W,,augmented
WF W6X15,W,,augmented
WF-W6X15,W,,augmented
W6X16,W,,original
W 6X16,W,,original
W-6X16,W,,augmented
W_6X16,W,,augmented
WF6X16,W,,augmented
W6 X 16,W,,original
WF 6X16,W,,augmented
WF-6X16,W,,augmented
W 6 X 16,W,,original
W6X16 WF,W,,augmented
WF W6X16,W,,augmented
WF-W6X16,W,,augmented
W6X12,W,,original
W 6X12,W,,original
W-6X12,W,,augmented
W_6X12,W,,augmented
WF6X12,W,,augmented
W6 X 12,W,,original
WF 6X12,W,,augmented
WF-6X12,W,,augmented
W 6 X 12,W,,original
W6X12 WF,W,,augmented
WF W6X12,W,,augmented
WF-W6X12,W,,augmented
W6X9,W,,original
W 6X9,W,,original
W-6X9,W,,augmented
W_6X9,W,,augmented
WF6X9,W,,augmented
W6 X 9,W,,original
WF 6X9,W,,augmented
WF-6X9,W,,augmented
W 6 X 9,W,,original
W6X9 WF,W,,augmented
WF W6X9,W,,augmented
WF-W6X9,W,,augmented
W6X8.5,W,,original
W 6X8.5,W,,original
W-6X8.5,W,,augmented
W_6X8.5,W,,augmented
WF6X8.5,W,,augmented
W6 X 8.5,W,,original
WF 6X8.5,W,,augmented
WF-6X8.5,W,,augmented
W 6 X 8.5,W,,original
W6X8.5 WF,W,,augmented
WF W6X8.5,W,,augmented
WF-W6X8.5,W,,augmented
W5X19,W,,original
W 5X19,W,,original
W-5X19,W,,augmented
W_5X19,W,,augmented
WF5X19,W,,augmented
W5 X 19,W,,original
WF 5X19,W,,augmented
WF-5X19,W,,augmented
W 5 X 19,W,,original
W5X19 WF,W,,augmented
WF W5X19,W,,augmented
WF-W5X19,W,,augmented
W5X16,W,,original
W 5X16,W,,original
W-5X16,W,,augmented
W_5X16,W,,augmented
WF5X16,W,,augmented
W5 X 16,W,,original
WF 5X16,W,,augmented
WF-5X16,W,,augmented
W 5 X 16,W,,original
W5X16 WF,W,,augmented
WF W5X16,W,,augmented
WF-W5X16,W,,augmented
W4X13,W,,original
W 4X13,W,,original
W-4X13,W,,augmented
W_4X13,W,,augmented
WF4X13,W,,augmented
W4 X 13,W,,original
WF 4X13,W,,augmented
WF-4X13,W,,augmented
W 4 X 13,W,,original
W4X13 WF,W,,augmented
WF W4X13,W,,augmented
WF-W4X13,W,,augmented
M12.5X12.4,M,,original
M 12.5X12.4,M,,original
M-12.5X12.4,M,,augmented
M_12.5X12.4,M,,augmented
M12.5 X 12.4,M,,original
M 12.5 X 12.4,M,,original
M12.5X12.4 A36,M,,augmented
Beam M12.5X12.4,M,,augmented
Beam-M12.5X12.4,M,,augmented
M12.5X12.4 Beam,M,,augmented
M Shape M12.5X12.4,M,,augmented
M Shape-M12.5X12.4,M,,augmented
M12.5X12.4 M Shape,M,,augmented
M12.5X11.6,M,,original
M 12.5X11.6,M,,original
M-12.5X11.6,M,,augmented
M_12.5X11.6,M,,augmented
M12.5 X 11.6,M,,original
M 12.5 X 11.6,M,,original
M12.5X11.6 A36,M,,augmented
Beam M12.5X11.6,M,,augmented
Beam-M12.5X11.6,M,,augmented
M12.5X11.6 Beam,M,,augmented
M Shape M12.5X11.6,M,,augmented
M Shape-M12.5X11.6,M,,augmented
M12.5X11.6 M Shape,M,,augmented
M12X11.8,M,,original
M 12X11.8,M,,original
M-12X11.8,M,,augmented
M_12X11.8,M,,augmented
M12 X 11.8,M,,original
M 12 X 11.8,M,,original
M12X11.8 A36,M,,augmented
Beam M12X11.8,M,,augmented
Beam-M12X11.8,M,,augmented
M12X11.8 Beam,M,,augmented
M Shape M12X11.8,M,,augmented
M Shape-M12X11.8,M,,augmented
M12X11.8 M Shape,M,,augmented
M12X10.8,M,,original
M 12X10.8,M,,original
M-12X10.8,M,,augmented
M_12X10.8,M,,augmented
M12 X 10.8,M,,original
M 12 X 10.8,M,,original
M12X10.8 A36,M,,augmented
Beam M12X10.8,M,,augmented
Beam-M12X10.8,M,,augmented
M12X10.8 Beam,M,,augmented
M Shape M12X10.8,M,,augmented
M Shape-M12X10.8,M,,augmented
M12X10.8 M Shape,M,,augmented
M12X10,M,,original
M 12X10,M,,original
M-12X10,M,,augmented
M_12X10,M,,augmented
M12 X 10,M,,original
M 12 X 10,M,,original
M12X10 A36,M,,augmented
Beam M12X10,M,,augmented
Beam-M12X10,M,,augmented
M12X10 Beam,M,,augmented
M Shape M12X10,M,,augmented
M Shape-M12X10,M,,augmented
M12X10 M Shape,M,,augmented
M10X9,M,,original
M 10X9,M,,original
M-10X9,M,,augmented
M_10X9,M,,augmented
M10 X 9,M,,original
M 10 X 9,M,,original
M10X9 A36,M,,augmented
Beam M10X9,M,,augmented
Beam-M10X9,M,,augmented
M10X9 Beam,M,,augmented
M Shape M10X9,M,,augmented
M Shape-M10X9,M,,augmented
M10X9 M Shape,M,,augmented
M10X8,M,,original
M 10X8,M,,original
M-10X8,M,,augmented
M_10X8,M,,augmented
M10 X 8,M,,original
M 10 X 8,M,,original
M10X8 A36,M,,augmented
Beam M10X8,M,,augmented
Beam-M10X8,M,,augmented
M10X8 Beam,M,,augmented
M Shape M10X8,M,,augmented
M Shape-M10X8,M,,augmented
M10X8 M Shape,M,,augmented
M10X7.5,M,,original
M 10X7.5,M,,original
M-10X7.5,M,,augmented
M_10X7.5,M,,augmented
M10 X 7.5,M,,original
M 10 X 7.5,M,,original
M10X7.5 A36,M,,augmented
Beam M10X7.5,M,,augmented
Beam-M10X7.5,M,,augmented
M10X7.5 Beam,M,,augmented
M Shape M10X7.5,M,,augmented
M Shape-M10X7.5,M,,augmented
M10X7.5 M Shape,M,,augmented
M8X6.5,M,,original
M 8X6.5,M,,original
M-8X6.5,M,,augmented
M_8X6.5,M,,augmented
M8 X 6.5,M,,original
M 8 X 6.5,M,,original
M8X6.5 A36,M,,augmented
Beam M8X6.5,M,,augmented
Beam-M8X6.5,M,,augmented
M8X6.5 Beam,M,,augmented
M Shape M8X6.5,M,,augmented
M Shape-M8X6.5,M,,augmented
M8X6.5 M Shape,M,,augmented
M8X6.2,M,,original
M 8X6.2,M,,original
M-8X6.2,M,,augmented
M_8X6.2,M,,augmented
M8 X 6.2,M,,original
M 8 X 6.2,M,,original
M8X6.2 A36,M,,augmented
Beam M8X6.2,M,,augmented
Beam-M8X6.2,M,,augmented
M8X6.2 Beam,M,,augmented
M Shape M8X6.2,M,,augmented
M Shape-M8X6.2,M,,augmented
M8X6.2 M Shape,M,,augmented
M6X4.4,M,,original
M 6X4.4,M,,original
M-6X4.4,M,,augmented
M_6X4.4,M,,augmented
M6 X 4.4,M,,original
M 6 X 4.4,M,,original
M6X4.4 A36,M,,augmented
Beam M6X4.4,M,,augmented
Beam-M6X4.4,M,,augmented
M6X4.4 Beam,M,,augmented
M Shape M6X4.4,M,,augmented
M Shape-M6X4.4,M,,augmented
M6X4.4 M Shape,M,,augmented
M6X3.7,M,,original
M 6X3.7,M,,original
M-6X3.7,M,,augmented
M_6X3.7,M,,augmented
M6 X 3.7,M,,original
M 6 X 3.7,M,,original
M6X3.7 A36,M,,augmented
Beam M6X3.7,M,,augmented
Beam-M6X3.7,M,,augmented
M6X3.7 Beam,M,,augmented
M Shape M6X3.7,M,,augmented
M Shape-M6X3.7,M,,augmented
M6X3.7 M Shape,M,,augmented
M5X18.9,M,,original
M 5X18.9,M,,original
M-5X18.9,M,,augmented
M_5X18.9,M,,augmented
M5 X 18.9,M,,original
M 5 X 18.9,M,,original
M5X18.9 A36,M,,augmented
Beam M5X18.9,M,,augmented
Beam-M5X18.9,M,,augmented
M5X18.9 Beam,M,,augmented
M Shape M5X18.9,M,,augmented
M Shape-M5X18.9,M,,augmented
M5X18.9 M Shape,M,,augmented
M4X6,M,,original
M 4X6,M,,original
M-4X6,M,,augmented
M_4X6,M,,augmented
M4 X 6,M,,original
M 4 X 6,M,,original
M4X6 A36,M,,augmented
Beam M4X6,M,,augmented
Beam-M4X6,M,,augmented
M4X6 Beam,M,,augmented
M Shape M4X6,M,,augmented
M Shape-M4X6,M,,augmented
M4X6 M Shape,M,,augmented
M4X4.08,M,,original
M 4X4.08,M,,original
M-4X4.08,M,,augmented
M_4X4.08,M,,augmented
M4 X 4.08,M,,original
M 4 X 4.08,M,,original
M4X4.08 A36,M,,augmented
Beam M4X4.08,M,,augmented
Beam-M4X4.08,M,,augmented
M4X4.08 Beam,M,,augmented
M Shape M4X4.08,M,,augmented
M Shape-M4X4.08,M,,augmented
M4X4.08 M Shape,M,,augmented
M3X2.9,M,,original
M 3X2.9,M,,original
M-3X2.9,M,,augmented
M_3X2.9,M,,augmented
M3 X 2.9,M,,original
M 3 X 2.9,M,,original
M3X2.9 A36,M,,augmented
Beam M3X2.9,M,,augmented
Beam-M3X2.9,M,,augmented
M3X2.9 Beam,M,,augmented
M Shape M3X2.9,M,,augmented
M Shape-M3X2.9,M,,augmented
M3X2.9 M Shape,M,,augmented
S24X121,S,,original
S 24X121,S,,original
S-24X121,S,,augmented
S_24X121,S,,augmented
S24 X 121,S,,original
S 24 X 121,S,,original
S24X121 A36,S,,augmented
Beam S24X121,S,,augmented
Beam-S24X121,S,,augmented
S24X121 Beam,S,,augmented
I-Beam S24X121,S,,augmented
I-Beam-S24X121,S,,augmented
S24X121 I-Beam,S,,augmented
S24X106,S,,original
S 24X106,S,,original
S-24X106,S,,augmented
S_24X106,S,,augmented
S24 X 106,S,,original
S 24 X 106,S,,original
S24X106 A36,S,,augmented
Beam S24X106,S,,augmented
Beam-S24X106,S,,augmented
S24X106 Beam,S,,augmented
I-Beam S24X106,S,,augmented
I-Beam-S24X106,S,,augmented
S24X106 I-Beam,S,,augmented
S24X100,S,,original
S 24X100,S,,original
S-24X100,S,,augmented
S_24X100,S,,augmented
S24 X 100,S,,original
S 24 X 100,S,,original
S24X100 A36,S,,augmented
Beam S24X100,S,,augmented
Beam-S24X100,S,,augmented
S24X100 Beam,S,,augmented
I-Beam S24X100,S,,augmented
I-Beam-S24X100,S,,augmented
S24X100 I-Beam,S,,augmented
S24X90,S,,original
S 24X90,S,,original
S-24X90,S,,augmented
S_24X90,S,,augmented
S24 X 90,S,,original
S 24 X 90,S,,original
S24X90 A36,S,,augmented
Beam S24X90,S,,augmented
Beam-S24X90,S,,augmented
S24X90 Beam,S,,augmented
I-Beam S24X90,S,,augmented
I-Beam-S24X90,S,,augmented
S24X90 I-Beam,S,,augmented
S24X80,S,,original
S 24X80,S,,original
S-24X80,S,,augmented
S_24X80,S,,augmented
S24 X 80,S,,original
S 24 X 80,S,,original
S24X80 A36,S,,augmented
Beam S24X80,S,,augmented
Beam-S24X80,S,,augmented
S24X80 Beam,S,,augmented
I-Beam S24X80,S,,augmented
I-Beam-S24X80,S,,augmented
S24X80 I-Beam,S,,augmented
S20X96,S,,original
S 20X96,S,,original
S-20X96,S,,augmented
S_20X96,S,,augmented
S20 X 96,S,,original
S 20 X 96,S,,original
S20X96 A36,S,,augmented
Beam S20X96,S,,augmented
Beam-S20X96,S,,augmented
S20X96 Beam,S,,augmented
I-Beam S20X96,S,,augmented
I-Beam-S20X96,S,,augmented
S20X96 I-Beam,S,,augmented
S20X86,S,,original
S 20X86,S,,original
S-20X86,S,,augmented
S_20X86,S,,augmented
S20 X 86,S,,original
S 20 X 86,S,,original
S20X86 A36,S,,augmented
Beam S20X86,S,,augmented
Beam-S20X86,S,,augmented
S20X86 Beam,S,,augmented
I-Beam S20X86,S,,augmented
I-Beam-S20X86,S,,augmented
S20X86 I-Beam,S,,augmented
S20X75,S,,original
S 20X75,S,,original
S-20X75,S,,augmented
S_20X75,S,,augmented
S20 X 75,S,,original
S 20 X 75,S,,original
S20X75 A36,S,,augmented
Beam S20X75,S,,augmented
Beam-S20X75,S,,augmented
S20X75 Beam,S,,augmented
I-Beam S20X75,S,,augmented
I-Beam-S20X75,S,,augmented
S20X75 I-Beam,S,,augmented
S20X66,S,,original
S 20X66,S,,original
S-20X66,S,,augmented
S_20X66,S,,augmented
S20 X 66,S,,original
S 20 X 66,S,,original
S20X66 A36,S,,augmented
Beam S20X66,S,,augmented
Beam-S20X66,S,,augmented
S20X66 Beam,S,,augmented
I-Beam S20X66,S,,augmented
I-Beam-S20X66,S,,augmented
S20X66 I-Beam,S,,augmented
S18X70,S,,original
S 18X70,S,,original
S-18X70,S,,augmented
S_18X70,S,,augmented
S18 X 70,S,,original
S 18 X 70,S,,original
S18X70 A36,S,,augmented
Beam S18X70,S,,augmented
Beam-S18X70,S,,augmented
S18X70 Beam,S,,augmented
I-Beam S18X70,S,,augmented
I-Beam-S18X70,S,,augmented
S18X70 I-Beam,S,,augmented
S18X54.7,S,,original
S 18X54.7,S,,original
S-18X54.7,S,,augmented
S_18X54.7,S,,augmented
S18 X 54.7,S,,original
S 18 X 54.7,S,,original
S18X54.7 A36,S,,augmented
Beam S18X54.7,S,,augmented
Beam-S18X54.7,S,,augmented
S18X54.7 Beam,S,,augmented
I-Beam S18X54.7,S,,augmented
I-Beam-S18X54.7,S,,augmented
S18X54.7 I-Beam,S,,augmented
S15X50,S,,original
S 15X50,S,,original
S-15X50,S,,augmented
S_15X50,S,,augmented
S15 X 50,S,,original
S 15 X 50,S,,original
S15X50 A36,S,,augmented
Beam S15X50,S,,augmented
Beam-S15X50,S,,augmented
S15X50 Beam,S,,augmented
I-Beam S15X50,S,,augmented
I-Beam-S15X50,S,,augmented
S15X50 I-Beam,S,,augmented
S15X42.9,S,,original
S 15X42.9,S,,original
S-15X42.9,S,,augmented
S_15X42.9,S,,augmented
S15 X 42.9,S,,original
S 15 X 42.9,S,,original
S15X42.9 A36,S,,augmented
Beam S15X42.9,S,,augmented
Beam-S15X42.9,S,,augmented
S15X42.9 Beam,S,,augmented
I-Beam S15X42.9,S,,augmented
I-Beam-S15X42.9,S,,augmented
S15X42.9 I-Beam,S,,augmented
S12X50,S,,original
S 12X50,S,,original
S-12X50,S,,augmented
S_12X50,S,,augmented
S12 X 50,S,,original
S 12 X 50,S,,original
S12X50 A36,S,,augmented
Beam S12X50,S,,augmented
Beam-S12X50,S,,augmented
S12X50 Beam,S,,augmented
I-Beam S12X50,S,,augmented
I-Beam-S12X50,S,,augmented
S12X50 I-Beam,S,,augmented
S12X40.8,S,,original
S 12X40.8,S,,original
S-12X40.8,S,,augmented
S_12X40.8,S,,augmented
S12 X 40.8,S,,original
S 12 X 40.8,S,,original
S12X40.8 A36,S,,augmented
Beam S12X40.8,S,,augmented
Beam-S12X40.8,S,,augmented
S12X40.8 Beam,S,,augmented
I-Beam S12X40.8,S,,augmented
I-Beam-S12X40.8,S,,augmented
S12X40.8 I-Beam,S,,augmented
S12X35,S,,original
S 12X35,S,,original
S-12X35,S,,augmented
S_12X35,S,,augmented
S12 X 35,S,,original
S 12 X 35,S,,original
S12X35 A36,S,,augmented
Beam S12X35,S,,augmented
Beam-S12X35,S,,augmented
S12X35 Beam,S,,augmented
I-Beam S12X35,S,,augmented
I-Beam-S12X35,S,,augmented
S12X35 I-Beam,S,,augmented
S12X31.8,S,,original
S 12X31.8,S,,original
S-12X31.8,S,,augmented
S_12X31.8,S,,augmented
S12 X 31.8,S,,original
S 12 X 31.8,S,,original
S12X31.8 A36,S,,augmented
Beam S12X31.8,S,,augmented
Beam-S12X31.8,S,,augmented
S12X31.8 Beam,S,,augmented
I-Beam S12X31.8,S,,augmented
I-Beam-S12X31.8,S,,augmented
S12X31.8 I-Beam,S,,augmented
S10X35,S,,original
S 10X35,S,,original
S-10X35,S,,augmented
S_10X35,S,,augmented
S10 X 35,S,,original
S 10 X 35,S,,original
S10X35 A36,S,,augmented
Beam S10X35,S,,augmented
Beam-S10X35,S,,augmented
S10X35 Beam,S,,augmented
I-Beam S10X35,S,,augmented
I-Beam-S10X35,S,,augmented
S10X35 I-Beam,S,,augmented
S10X25.4,S,,original
S 10X25.4,S,,original
S-10X25.4,S,,augmented
S_10X25.4,S,,augmented
S10 X 25.4,S,,original
S 10 X 25.4,S,,original
S10X25.4 A36,S,,augmented
Beam S10X25.4,S,,augmented
Beam-S10X25.4,S,,augmented
S10X25.4 Beam,S,,augmented
I-Beam S10X25.4,S,,augmented
I-Beam-S10X25.4,S,,augmented
S10X25.4 I-Beam,S,,augmented
S8X23,S,,original
S 8X23,S,,original
S-8X23,S,,augmented
S_8X23,S,,augmented
S8 X 23,S,,original
S 8 X 23,S,,original
S8X23 A36,S,,augmented
Beam S8X23,S,,augmented
Beam-S8X23,S,,augmented
S8X23 Beam,S,,augmented
I-Beam S8X23,S,,augmented
I-Beam-S8X23,S,,augmented
S8X23 I-Beam,S,,augmented
S8X18.4,S,,original
S 8X18.4,S,,original
S-8X18.4,S,,augmented
S_8X18.4,S,,augmented
S8 X 18.4,S,,original
S 8 X 18.4,S,,original
S8X18.4 A36,S,,augmented
Beam S8X18.4,S,,augmented
Beam-S8X18.4,S,,augmented
S8X18.4 Beam,S,,augmented
I-Beam S8X18.4,S,,augmented
I-Beam-S8X18.4,S,,augmented
S8X18.4 I-Beam,S,,augmented
S6X17.25,S,,original
S 6X17.25,S,,original
S-6X17.25,S,,augmented
S_6X17.25,S,,augmented
S6 X 17.25,S,,original
S 6 X 17.25,S,,original
S6X17.25 A36,S,,augmented
Beam S6X17.25,S,,augmented
Beam-S6X17.25,S,,augmented
S6X17.25 Beam,S,,augmented
I-Beam S6X17.25,S,,augmented
I-Beam-S6X17.25,S,,augmented
S6X17.25 I-Beam,S,,augmented
S6X12.5,S,,original
S 6X12.5,S,,original
S-6X12.5,S,,augmented
S_6X12.5,S,,augmented
S6 X 12.5,S,,original
S 6 X 12.5,S,,original
S6X12.5 A36,S,,augmented
Beam S6X12.5,S,,augmented
Beam-S6X12.5,S,,augmented
S6X12.5 Beam,S,,augmented
I-Beam S6X12.5,S,,augmented
I-Beam-S6X12.5,S,,augmented
S6X12.5 I-Beam,S,,augmented
S5X10,S,,original
S 5X10,S,,original
S-5X10,S,,augmented
S_5X10,S,,augmented
S5 X 10,S,,original
S 5 X 10,S,,original
S5X10 A36,S,,augmented
Beam S5X10,S,,augmented
Beam-S5X10,S,,augmented
S5X10 Beam,S,,augmented
I-Beam S5X10,S,,augmented
I-Beam-S5X10,S,,augmented
S5X10 I-Beam,S,,augmented
S4X9.5,S,,original
S 4X9.5,S,,original
S-4X9.5,S,,augmented
S_4X9.5,S,,augmented
S4 X 9.5,S,,original
S 4 X 9.5,S,,original
S4X9.5 A36,S,,augmented
Beam S4X9.5,S,,augmented
Beam-S4X9.5,S,,augmented
S4X9.5 Beam,S,,augmented
I-Beam S4X9.5,S,,augmented
I-Beam-S4X9.5,S,,augmented
S4X9.5 I-Beam,S,,augmented
S4X7.7,S,,original
S 4X7.7,S,,original
S-4X7.7,S,,augmented
S_4X7.7,S,,augmented
S4 X 7.7,S,,original
S 4 X 7.7,S,,original
S4X7.7 A36,S,,augmented
Beam S4X7.7,S,,augmented
Beam-S4X7.7,S,,augmented
S4X7.7 Beam,S,,augmented
I-Beam S4X7.7,S,,augmented
I-Beam-S4X7.7,S,,augmented
S4X7.7 I-Beam,S,,augmented
S3X7.5,S,,original
S 3X7.5,S,,original
S-3X7.5,S,,augmented
S_3X7.5,S,,augmented
S3 X 7.5,S,,original
S 3 X 7.5,S,,original
S3X7.5 A36,S,,augmented
Beam S3X7.5,S,,augmented
Beam-S3X7.5,S,,augmented
S3X7.5 Beam,S,,augmented
I-Beam S3X7.5,S,,augmented
I-Beam-S3X7.5,S,,augmented
S3X7.5 I-Beam,S,,augmented
S3X5.7,S,,original
S 3X5.7,S,,original
S-3X5.7,S,,augmented
S_3X5.7,S,,augmented
S3 X 5.7,S,,original
S 3 X 5.7,S,,original
S3X5.7 A36,S,,augmented
Beam S3X5.7,S,,augmented
Beam-S3X5.7,S,,augmented
S3X5.7 Beam,S,,augmented
I-Beam S3X5.7,S,,augmented
I-Beam-S3X5.7,S,,augmented
S3X5.7 I-Beam,S,,augmented
HP18X204,HP,,original
HP 18X204,HP,,original
HP-18X204,HP,,augmented
HP_18X204,HP,,augmented
HP18 X 204,HP,,original
HP 18 X 204,HP,,original
HP18X204 A572,HP,,augmented
HP18X204 Pile,HP,,augmented
Pile HP18X204,HP,,augmented
Pile-HP18X204,HP,,augmented
H-Pile HP18X204,HP,,augmented
H-Pile-HP18X204,HP,,augmented
HP18X204 H-Pile,HP,,augmented
HP18X181,HP,,original
HP 18X181,HP,,original
HP-18X181,HP,,augmented
HP_18X181,HP,,augmented
HP18 X 181,HP,,original
HP 18 X 181,HP,,original
HP18X181 A572,HP,,augmented
HP18X181 Pile,HP,,augmented
Pile HP18X181,HP,,augmented
Pile-HP18X181,HP,,augmented
H-Pile HP18X181,HP,,augmented
H-Pile-HP18X181,HP,,augmented
HP18X181 H-Pile,HP,,augmented
HP18X157,HP,,original
HP 18X157,HP,,original
HP-18X157,HP,,augmented
HP_18X157,HP,,augmented
HP18 X 157,HP,,original
HP 18 X 157,HP,,original
HP18X157 A572,HP,,augmented
HP18X157 Pile,HP,,augmented
Pile HP18X157,HP,,augmented
Pile-HP18X157,HP,,augmented
H-Pile HP18X157,HP,,augmented
H-Pile-HP18X157,HP,,augmented
HP18X157 H-Pile,HP,,augmented
HP18X135,HP,,original
HP 18X135,HP,,original
HP-18X135,HP,,augmented
HP_18X135,HP,,augmented
HP18 X 135,HP,,original
HP 18 X 135,HP,,original
HP18X135 A572,HP,,augmented
HP18X135 Pile,HP,,augmented
Pile HP18X135,HP,,augmented
Pile-HP18X135,HP,,augmented
H-Pile HP18X135,HP,,augmented
H-Pile-HP18X135,HP,,augmented
HP18X135 H-Pile,HP,,augmented
HP16X183,HP,,original
HP 16X183,HP,,original
HP-16X183,HP,,augmented
HP_16X183,HP,,augmented
HP16 X 183,HP,,original
HP 16 X 183,HP,,original
HP16X183 A572,HP,,augmented
HP16X183 Pile,HP,,augmented
Pile HP16X183,HP,,augmented
Pile-HP16X183,HP,,augmented
H-Pile HP16X183,HP,,augmented
H-Pile-HP16X183,HP,,augmented
HP16X183 H-Pile,HP,,augmented
HP16X162,HP,,original
HP 16X162,HP,,original
HP-16X162,HP,,augmented
HP_16X162,HP,,augmented
HP16 X 162,HP,,original
HP 16 X 162,HP,,original
HP16X162 A572,HP,,augmented
HP16X162 Pile,HP,,augmented
Pile HP16X162,HP,,augmented
Pile-HP16X162,HP,,augmented
H-Pile HP16X162,HP,,augmented
H-Pile-HP16X162,HP,,augmented
HP16X162 H-Pile,HP,,augmented
HP16X141,HP,,original
HP 16X141,HP,,original
HP-16X141,HP,,augmented
HP_16X141,HP,,augmented
HP16 X 141,HP,,original
HP 16 X 141,HP,,original
HP16X141 A572,HP,,augmented
HP16X141 Pile,HP,,augmented
Pile HP16X141,HP,,augmented
Pile-HP16X141,HP,,augmented
H-Pile HP16X141,HP,,augmented
H-Pile-HP16X141,HP,,augmented
HP16X141 H-Pile,HP,,augmented
HP16X121,HP,,original
HP 16X121,HP,,original
HP-16X121,HP,,augmented
HP_16X121,HP,,augmented
HP16 X 121,HP,,original
HP 16 X 121,HP,,original
HP16X121 A572,HP,,augmented
HP16X121 Pile,HP,,augmented
Pile HP16X121,HP,,augmented
Pile-HP16X121,HP,,augmented
H-Pile HP16X121,HP,,augmented
H-Pile-HP16X121,HP,,augmented
HP16X121 H-Pile,HP,,augmented
HP16X101,HP,,original
HP 16X101,HP,,original
HP-16X101,HP,,augmented
HP_16X101,HP,,augmented
HP16 X 101,HP,,original
HP 16 X 101,HP,,original
HP16X101 A572,HP,,augmented
HP16X101 Pile,HP,,augmented
Pile HP16X101,HP,,augmented
Pile-HP16X101,HP,,augmented
H-Pile HP16X101,HP,,augmented
H-Pile-HP16X101,HP,,augmented
HP16X101 H-Pile,HP,,augmented
HP16X88,HP,,original
HP 16X88,HP,,original
HP-16X88,HP,,augmented
HP_16X88,HP,,augmented
HP16 X 88,HP,,original
HP 16 X 88,HP,,original
HP16X88 A572,HP,,augmented
HP16X88 Pile,HP,,augmented
Pile HP16X88,HP,,augmented
Pile-HP16X88,HP,,augmented
H-Pile HP16X88,HP,,augmented
H-Pile-HP16X88,HP,,augmented
HP16X88 H-Pile,HP,,augmented
HP14X117,HP,,original
HP 14X117,HP,,original
HP-14X117,HP,,augmented
HP_14X117,HP,,augmented
HP14 X 117,HP,,original
HP 14 X 117,HP,,original
HP14X117 A572,HP,,augmented
HP14X117 Pile,HP,,augmented
Pile HP14X117,HP,,augmented
Pile-HP14X117,HP,,augmented
H-Pile HP14X117,HP,,augmented
H-Pile-HP14X117,HP,,augmented
HP14X117 H-Pile,HP,,augmented
HP14X102,HP,,original
HP 14X102,HP,,original
HP-14X102,HP,,augmented
HP_14X102,HP,,augmented
HP14 X 102,HP,,original
HP 14 X 102,HP,,original
HP14X102 A572,HP,,augmented
HP14X102 Pile,HP,,augmented
Pile HP14X102,HP,,augmented
Pile-HP14X102,HP,,augmented
H-Pile HP14X102,HP,,augmented
H-Pile-HP14X102,HP,,augmented
HP14X102 H-Pile,HP,,augmented
HP14X89,HP,,original
HP 14X89,HP,,original
HP-14X89,HP,,augmented
HP_14X89,HP,,augmented
HP14 X 89,HP,,original
HP 14 X 89,HP,,original
HP14X89 A572,HP,,augmented
HP14X89 Pile,HP,,augmented
Pile HP14X89,HP,,augmented
Pile-HP14X89,HP,,augmented
H-Pile HP14X89,HP,,augmented
H-Pile-HP14X89,HP,,augmented
HP14X89 H-Pile,HP,,augmented
HP14X73,HP,,original
HP 14X73,HP,,original
HP-14X73,HP,,augmented
HP_14X73,HP,,augmented
HP14 X 73,HP,,original
HP 14 X 73,HP,,original
HP14X73 A572,HP,,augmented
HP14X73 Pile,HP,,augmented
Pile HP14X73,HP,,augmented
Pile-HP14X73,HP,,augmented
H-Pile HP14X73,HP,,augmented
H-Pile-HP14X73,HP,,augmented
HP14X73 H-Pile,HP,,augmented
HP12X89,HP,,original
HP 12X89,HP,,original
HP-12X89,HP,,augmented
HP_12X89,HP,,augmented
HP12 X 89,HP,,original
HP 12 X 89,HP,,original
HP12X89 A572,HP,,augmented
HP12X89 Pile,HP,,augmented
Pile HP12X89,HP,,augmented
Pile-HP12X89,HP,,augmented
H-Pile HP12X89,HP,,augmented
H-Pile-HP12X89,HP,,augmented
HP12X89 H-Pile,HP,,augmented
HP12X84,HP,,original
HP 12X84,HP,,original
HP-12X84,HP,,augmented
HP_12X84,HP,,augmented
HP12 X 84,HP,,original
HP 12 X 84,HP,,original
HP12X84 A572,HP,,augmented
HP12X84 Pile,HP,,augmented
Pile HP12X84,HP,,augmented
Pile-HP12X84,HP,,augmented
H-Pile HP12X84,HP,,augmented
H-Pile-HP12X84,HP,,augmented
HP12X84 H-Pile,HP,,augmented
HP12X74,HP,,original
HP 12X74,HP,,original
HP-12X74,HP,,augmented
HP_12X74,HP,,augmented
HP12 X 74,HP,,original
HP 12 X 74,HP,,original
HP12X74 A572,HP,,augmented
HP12X74 Pile,HP,,augmented
Pile HP12X74,HP,,augmented
Pile-HP12X74,HP,,augmented
H-Pile HP12X74,HP,,augmented
H-Pile-HP12X74,HP,,augmented
HP12X74 H-Pile,HP,,augmented
HP12X63,HP,,original
HP 12X63,HP,,original
HP-12X63,HP,,augmented
HP_12X63,HP,,augmented
HP12 X 63,HP,,original
HP 12 X 63,HP,,original
HP12X63 A572,HP,,augmented
HP12X63 Pile,HP,,augmented
Pile HP12X63,HP,,augmented
Pile-HP12X63,HP,,augmented
H-Pile HP12X63,HP,,augmented
H-Pile-HP12X63,HP,,augmented
HP12X63 H-Pile,HP,,augmented
HP12X53,HP,,original
HP 12X53,HP,,original
HP-12X53,HP,,augmented
HP_12X53,HP,,augmented
HP12 X 53,HP,,original
HP 12 X 53,HP,,original
HP12X53 A572,HP,,augmented
HP12X53 Pile,HP,,augmented
Pile HP12X53,HP,,augmented
Pile-HP12X53,HP,,augmented
H-Pile HP12X53,HP,,augmented
H-Pile-HP12X53,HP,,augmented
HP12X53 H-Pile,HP,,augmented
HP10X57,HP,,original
HP 10X57,HP,,original
HP-10X57,HP,,augmented
HP_10X57,HP,,augmented
HP10 X 57,HP,,original
HP 10 X 57,HP,,original
HP10X57 A572,HP,,augmented
HP10X57 Pile,HP,,augmented
Pile HP10X57,HP,,augmented
Pile-HP10X57,HP,,augmented
H-Pile HP10X57,HP,,augmented
H-Pile-HP10X57,HP,,augmented
HP10X57 H-Pile,HP,,augmented
HP10X42,HP,,original
HP 10X42,HP,,original
HP-10X42,HP,,augmented
HP_10X42,HP,,augmented
HP10 X 42,HP,,original
HP 10 X 42,HP,,original
HP10X42 A572,HP,,augmented
HP10X42 Pile,HP,,augmented
Pile HP10X42,HP,,augmented
Pile-HP10X42,HP,,augmented
H-Pile HP10X42,HP,,augmented
H-Pile-HP10X42,HP,,augmented
HP10X42 H-Pile,HP,,augmented
HP8X36,HP,,original
HP 8X36,HP,,original
HP-8X36,HP,,augmented
HP_8X36,HP,,augmented
HP8 X 36,HP,,original
HP 8 X 36,HP,,original
HP8X36 A572,HP,,augmented
HP8X36 Pile,HP,,augmented
Pile HP8X36,HP,,augmented
Pile-HP8X36,HP,,augmented
H-Pile HP8X36,HP,,augmented
H-Pile-HP8X36,HP,,augmented
HP8X36 H-Pile,HP,,augmented
C15X50,C,,original
C 15X50,C,,original
C-15X50,C,,augmented
C_15X50,C,,augmented
C15 X 50,C,,original
C 15 X 50,C,,original
C15X50 A36,C,,augmented
C Shape C15X50,C,,augmented
C Shape-C15X50,C,,augmented
C15X50 C Shape,C,,augmented
C15X50 Channel,C,,augmented
Channel C15X50,C,,augmented
Channel-C15X50,C,,augmented
C15X40,C,,original
C 15X40,C,,original
C-15X40,C,,augmented
C_15X40,C,,augmented
C15 X 40,C,,original
C 15 X 40,C,,original
C15X40 A36,C,,augmented
C Shape C15X40,C,,augmented
C Shape-C15X40,C,,augmented
C15X40 C Shape,C,,augmented
C15X40 Channel,C,,augmented
Channel C15X40,C,,augmented
Channel-C15X40,C,,augmented
C15X33.9,C,,original
C 15X33.9,C,,original
C-15X33.9,C,,augmented
C_15X33.9,C,,augmented
C15 X 33.9,C,,original
C 15 X 33.9,C,,original
C15X33.9 A36,C,,augmented
C Shape C15X33.9,C,,augmented
C Shape-C15X33.9,C,,augmented
C15X33.9 C Shape,C,,augmented
C15X33.9 Channel,C,,augmented
Channel C15X33.9,C,,augmented
Channel-C15X33.9,C,,augmented
C12X30,C,,original
C 12X30,C,,original
C-12X30,C,,augmented
C_12X30,C,,augmented
C12 X 30,C,,original
C 12 X 30,C,,original
C12X30 A36,C,,augmented
C Shape C12X30,C,,augmented
C Shape-C12X30,C,,augmented
C12X30 C Shape,C,,augmented
C12X30 Channel,C,,augmented
Channel C12X30,C,,augmented
Channel-C12X30,C,,augmented
C12X25,C,,original
C 12X25,C,,original
C-12X25,C,,augmented
C_12X25,C,,augmented
C12 X 25,C,,original
C 12 X 25,C,,original
C12X25 A36,C,,augmented
C Shape C12X25,C,,augmented
C Shape-C12X25,C,,augmented
C12X25 C Shape,C,,augmented
C12X25 Channel,C,,augmented
Channel C12X25,C,,augmented
Channel-C12X25,C,,augmented
C12X20.7,C,,original
C 12X20.7,C,,original
C-12X20.7,C,,augmented
C_12X20.7,C,,augmented
C12 X 20.7,C,,original
C 12 X 20.7,C,,original
C12X20.7 A36,C,,augmented
C Shape C12X20.7,C,,augmented
C Shape-C12X20.7,C,,augmented
C12X20.7 C Shape,C,,augmented
C12X20.7 Channel,C,,augmented
Channel C12X20.7,C,,augmented
Channel-C12X20.7,C,,augmented
C10X30,C,,original
C 10X30,C,,original
C-10X30,C,,augmented
C_10X30,C,,augmented
C10 X 30,C,,original
C 10 X 30,C,,original
C10X30 A36,C,,augmented
C Shape C10X30,C,,augmented
C Shape-C10X30,C,,augmented
C10X30 C Shape,C,,augmented
C10X30 Channel,C,,augmented
Channel C10X30,C,,augmented
Channel-C10X30,C,,augmented
C10X25,C,,original
C 10X25,C,,original
C-10X25,C,,augmented
C_10X25,C,,augmented
C10 X 25,C,,original
C 10 X 25,C,,original
C10X25 A36,C,,augmented
C Shape C10X25,C,,augmented
C Shape-C10X25,C,,augmented
C10X25 C Shape,C,,augmented
C10X25 Channel,C,,augmented
Channel C10X25,C,,augmented
Channel-C10X25,C,,augmented
C10X20,C,,original
C 10X20,C,,original
C-10X20,C,,augmented
C_10X20,C,,augmented
C10 X 20,C,,original
C 10 X 20,C,,original
C10X20 A36,C,,augmented
C Shape C10X20,C,,augmented
C Shape-C10X20,C,,augmented
C10X20 C Shape,C,,augmented
C10X20 Channel,C,,augmented
Channel C10X20,C,,augmented
Channel-C10X20,C,,augmented
C10X15.3,C,,original
C 10X15.3,C,,original
C-10X15.3,C,,augmented
C_10X15.3,C,,augmented
C10 X 15.3,C,,original
C 10 X 15.3,C,,original
C10X15.3 A36,C,,augmented
C Shape C10X15.3,C,,augmented
C Shape-C10X15.3,C,,augmented
C10X15.3 C Shape,C,,augmented
C10X15.3 Channel,C,,augmented
Channel C10X15.3,C,,augmented
Channel-C10X15.3,C,,augmented
C9X20,C,,original
C 9X20,C,,original
C-9X20,C,,augmented
C_9X20,C,,augmented
C9 X 20,C,,original
C 9 X 20,C,,original
C9X20 A36,C,,augmented
C Shape C9X20,C,,augmented
C Shape-C9X20,C,,augmented
C9X20 C Shape,C,,augmented
C9X20 Channel,C,,augmented
Channel C9X20,C,,augmented
Channel-C9X20,C,,augmented
C9X15,C,,original
C 9X15,C,,original
C-9X15,C,,augmented
C_9X15,C,,augmented
C9 X 15,C,,original
C 9 X 15,C,,original
C9X15 A36,C,,augmented
C Shape C9X15,C,,augmented
C Shape-C9X15,C,,augmented
C9X15 C Shape,C,,augmented
C9X15 Channel,C,,augmented
Channel C9X15,C,,augmented
Channel-C9X15,C,,augmented
C9X13.4,C,,original
C 9X13.4,C,,original
C-9X13.4,C,,augmented
C_9X13.4,C,,augmented
C9 X 13.4,C,,original
C 9 X 13.4,C,,original
C9X13.4 A36,C,,augmented
C Shape C9X13.4,C,,augmented
C Shape-C9X13.4,C,,augmented
C9X13.4 C Shape,C,,augmented
C9X13.4 Channel,C,,augmented
Channel C9X13.4,C,,augmented
Channel-C9X13.4,C,,augmented
C8X18.75,C,,original
C 8X18.75,C,,original
C-8X18.75,C,,augmented
C_8X18.75,C,,augmented
C8 X 18.75,C,,original
C 8 X 18.75,C,,original
C8X18.75 A36,C,,augmented
C Shape C8X18.75,C,,augmented
C Shape-C8X18.75,C,,augmented
C8X18.75 C Shape,C,,augmented
C8X18.75 Channel,C,,augmented
Channel C8X18.75,C,,augmented
Channel-C8X18.75,C,,augmented
C8X13.75,C,,original
C 8X13.75,C,,original
C-8X13.75,C,,augmented
C_8X13.75,C,,augmented
C8 X 13.75,C,,original
C 8 X 13.75,C,,original
C8X13.75 A36,C,,augmented
C Shape C8X13.75,C,,augmented
C Shape-C8X13.75,C,,augmented
C8X13.75 C Shape,C,,augmented
C8X13.75 Channel,C,,augmented
Channel C8X13.75,C,,augmented
Channel-C8X13.75,C,,augmented
C8X11.5,C,,original
C 8X11.5,C,,original
C-8X11.5,C,,augmented
C_8X11.5,C,,augmented
C8 X 11.5,C,,original
C 8 X 11.5,C,,original
C8X11.5 A36,C,,augmented
C Shape C8X11.5,C,,augmented
C Shape-C8X11.5,C,,augmented
C8X11.5 C Shape,C,,augmented
C8X11.5 Channel,C,,augmented
Channel C8X11.5,C,,augmented
Channel-C8X11.5,C,,augmented
C7X14.75,C,,original
C 7X14.75,C,,original
C-7X14.75,C,,augmented
C_7X14.75,C,,augmented
C7 X 14.75,C,,original
C 7 X 14.75,C,,original
C7X14.75 A36,C,,augmented
C Shape C7X14.75,C,,augmented
C Shape-C7X14.75,C,,augmented
C7X14.75 C Shape,C,,augmented
C7X14.75 Channel,C,,augmented
Channel C7X14.75,C,,augmented
Channel-C7X14.75,C,,augmented
C7X12.25,C,,original
C 7X12.25,C,,original
C-7X12.25,C,,augmented
C_7X12.25,C,,augmented
C7 X 12.25,C,,original
C 7 X 12.25,C,,original
C7X12.25 A36,C,,augmented
C Shape C7X12.25,C,,augmented
C Shape-C7X12.25,C,,augmented
C7X12.25 C Shape,C,,augmented
C7X12.25 Channel,C,,augmented
Channel C7X12.25,C,,augmented
Channel-C7X12.25,C,,augmented
C7X9.8,C,,original
C 7X9.8,C,,original
C-7X9.8,C,,augmented
C_7X9.8,C,,augmented
C7 X 9.8,C,,original
C 7 X 9.8,C,,original
C7X9.8 A36,C,,augmented
C Shape C7X9.8,C,,augmented
C Shape-C7X9.8,C,,augmented
C7X9.8 C Shape,C,,augmented
C7X9.8 Channel,C,,augmented
Channel C7X9.8,C,,augmented
Channel-C7X9.8,C,,augmented
C6X13,C,,original
C 6X13,C,,original
C-6X13,C,,augmented
C_6X13,C,,augmented
C6 X 13,C,,original
C 6 X 13,C,,original
C6X13 A36,C,,augmented
C Shape C6X13,C,,augmented
C Shape-C6X13,C,,augmented
C6X13 C Shape,C,,augmented
C6X13 Channel,C,,augmented
Channel C6X13,C,,augmented
Channel-C6X13,C,,augmented
C6X10.5,C,,original
C 6X10.5,C,,original
C-6X10.5,C,,augmented
C_6X10.5,C,,augmented
C6 X 10.5,C,,original
C 6 X 10.5,C,,original
C6X10.5 A36,C,,augmented
C Shape C6X10.5,C,,augmented
C Shape-C6X10.5,C,,augmented
C6X10.5 C Shape,C,,augmented
C6X10.5 Channel,C,,augmented
Channel C6X10.5,C,,augmented
Channel-C6X10.5,C,,augmented
C6X8.2,C,,original
C 6X8.2,C,,original
C-6X8.2,C,,augmented
C_6X8.2,C,,augmented
C6 X 8.2,C,,original
C 6 X 8.2,C,,original
C6X8.2 A36,C,,augmented
C Shape C6X8.2,C,,augmented
C Shape-C6X8.2,C,,augmented
C6X8.2 C Shape,C,,augmented
C6X8.2 Channel,C,,augmented
Channel C6X8.2,C,,augmented
Channel-C6X8.2,C,,augmented
C5X9,C,,original
C 5X9,C,,original
C-5X9,C,,augmented
C_5X9,C,,augmented
C5 X 9,C,,original
C 5 X 9,C,,original
C5X9 A36,C,,augmented
C Shape C5X9,C,,augmented
C Shape-C5X9,C,,augmented
C5X9 C Shape,C,,augmented
C5X9 Channel,C,,augmented
Channel C5X9,C,,augmented
Channel-C5X9,C,,augmented
C5X6.7,C,,original
C 5X6.7,C,,original
C-5X6.7,C,,augmented
C_5X6.7,C,,augmented
C5 X 6.7,C,,original
C 5 X 6.7,C,,original
C5X6.7 A36,C,,augmented
C Shape C5X6.7,C,,augmented
C Shape-C5X6.7,C,,augmented
C5X6.7 C Shape,C,,augmented
C5X6.7 Channel,C,,augmented
Channel C5X6.7,C,,augmented
Channel-C5X6.7,C,,augmented
C4X7.25,C,,original
C 4X7.25,C,,original
C-4X7.25,C,,augmented
C_4X7.25,C,,augmented
C4 X 7.25,C,,original
C 4 X 7.25,C,,original
C4X7.25 A36,C,,augmented
C Shape C4X7.25,C,,augmented
C Shape-C4X7.25,C,,augmented
C4X7.25 C Shape,C,,augmented
C4X7.25 Channel,C,,augmented
Channel C4X7.25,C,,augmented
Channel-C4X7.25,C,,augmented
C4X6.25,C,,original
C 4X6.25,C,,original
C-4X6.25,C,,augmented
C_4X6.25,C,,augmented
C4 X 6.25,C,,original
C 4 X 6.25,C,,original
C4X6.25 A36,C,,augmented
C Shape C4X6.25,C,,augmented
C Shape-C4X6.25,C,,augmented
C4X6.25 C Shape,C,,augmented
C4X6.25 Channel,C,,augmented
Channel C4X6.25,C,,augmented
Channel-C4X6.25,C,,augmented
C4X5.4,C,,original
C 4X5.4,C,,original
C-4X5.4,C,,augmented
C_4X5.4,C,,augmented
C4 X 5.4,C,,original
C 4 X 5.4,C,,original
C4X5.4 A36,C,,augmented
C Shape C4X5.4,C,,augmented
C Shape-C4X5.4,C,,augmented
C4X5.4 C Shape,C,,augmented
C4X5.4 Channel,C,,augmented
Channel C4X5.4,C,,augmented
Channel-C4X5.4,C,,augmented
C4X4.5,C,,original
C 4X4.5,C,,original
C-4X4.5,C,,augmented
C_4X4.5,C,,augmented
C4 X 4.5,C,,original
C 4 X 4.5,C,,original
C4X4.5 A36,C,,augmented
C Shape C4X4.5,C,,augmented
C Shape-C4X4.5,C,,augmented
C4X4.5 C Shape,C,,augmented
C4X4.5 Channel,C,,augmented
Channel C4X4.5,C,,augmented
Channel-C4X4.5,C,,augmented
C3X6,C,,original
C 3X6,C,,original
C-3X6,C,,augmented
C_3X6,C,,augmented
C3 X 6,C,,original
C 3 X 6,C,,original
C3X6 A36,C,,augmented
C Shape C3X6,C,,augmented
C Shape-C3X6,C,,augmented
C3X6 C Shape,C,,augmented
C3X6 Channel,C,,augmented
Channel C3X6,C,,augmented
Channel-C3X6,C,,augmented
C3X5,C,,original
C 3X5,C,,original
C-3X5,C,,augmented
C_3X5,C,,augmented
C3 X 5,C,,original
C 3 X 5,C,,original
C3X5 A36,C,,augmented
C Shape C3X5,C,,augmented
C Shape-C3X5,C,,augmented
C3X5 C Shape,C,,augmented
C3X5 Channel,C,,augmented
Channel C3X5,C,,augmented
Channel-C3X5,C,,augmented
C3X4.1,C,,original
C 3X4.1,C,,original
C-3X4.1,C,,augmented
C_3X4.1,C,,augmented
C3 X 4.1,C,,original
C 3 X 4.1,C,,original
C3X4.1 A36,C,,augmented
C Shape C3X4.1,C,,augmented
C Shape-C3X4.1,C,,augmented
C3X4.1 C Shape,C,,augmented
C3X4.1 Channel,C,,augmented
Channel C3X4.1,C,,augmented
Channel-C3X4.1,C,,augmented
C3X3.5,C,,original
C 3X3.5,C,,original
C-3X3.5,C,,augmented
C_3X3.5,C,,augmented
C3 X 3.5,C,,original
C 3 X 3.5,C,,original
C3X3.5 A36,C,,augmented
C Shape C3X3.5,C,,augmented
C Shape-C3X3.5,C,,augmented
C3X3.5 C Shape,C,,augmented
C3X3.5 Channel,C,,augmented
Channel C3X3.5,C,,augmented
Channel-C3X3.5,C,,augmented
MC18X58,MC,,original
MC 18X58,MC,,original
MC-18X58,MC,,augmented
MC_18X58,MC,,augmented
MC18 X 58,MC,,original
MC 18 X 58,MC,,original
MC18X58 A36,MC,,augmented
Channel MC18X58,MC,,augmented
Channel-MC18X58,MC,,augmented
MC18X58 Channel,MC,,augmented
MC Shape MC18X58,MC,,augmented
MC Shape-MC18X58,MC,,augmented
MC18X58 ASTM A36,MC,,augmented
MC18X51.9,MC,,original
MC 18X51.9,MC,,original
MC-18X51.9,MC,,augmented
MC_18X51.9,MC,,augmented
MC18 X 51.9,MC,,original
MC 18 X 51.9,MC,,original
MC18X51.9 A36,MC,,augmented
Channel MC18X51.9,MC,,augmented
Channel-MC18X51.9,MC,,augmented
MC18X51.9 Channel,MC,,augmented
MC Shape MC18X51.9,MC,,augmented
MC Shape-MC18X51.9,MC,,augmented
MC18X51.9 ASTM A36,MC,,augmented
MC18X45.8,MC,,original
MC 18X45.8,MC,,original
MC-18X45.8,MC,,augmented
MC_18X45.8,MC,,augmented
MC18 X 45.8,MC,,original
MC 18 X 45.8,MC,,original
MC18X45.8 A36,MC,,augmented
Channel MC18X45.8,MC,,augmented
Channel-MC18X45.8,MC,,augmented
MC18X45.8 Channel,MC,,augmented
MC Shape MC18X45.8,MC,,augmented
MC Shape-MC18X45.8,MC,,augmented
MC18X45.8 ASTM A36,MC,,augmented
MC18X42.7,MC,,original
MC 18X42.7,MC,,original
MC-18X42.7,MC,,augmented
MC_18X42.7,MC,,augmented
MC18 X 42.7,MC,,original
MC 18 X 42.7,MC,,original
MC18X42.7 A36,MC,,augmented
Channel MC18X42.7,MC,,augmented
Channel-MC18X42.7,MC,,augmented
MC18X42.7 Channel,MC,,augmented
MC Shape MC18X42.7,MC,,augmented
MC Shape-MC18X42.7,MC,,augmented
MC18X42.7 ASTM A36,MC,,augmented
MC13X50,MC,,original
MC 13X50,MC,,original
MC-13X50,MC,,augmented
MC_13X50,MC,,augmented
MC13 X 50,MC,,original
MC 13 X 50,MC,,original
MC13X50 A36,MC,,augmented
Channel MC13X50,MC,,augmented
Channel-MC13X50,MC,,augmented
MC13X50 Channel,MC,,augmented
MC Shape MC13X50,MC,,augmented
MC Shape-MC13X50,MC,,augmented
MC13X50 ASTM A36,MC,,augmented
MC13X40,MC,,original
MC 13X40,MC,,original
MC-13X40,MC,,augmented
MC_13X40,MC,,augmented
MC13 X 40,MC,,original
MC 13 X 40,MC,,original
MC13X40 A36,MC,,augmented
Channel MC13X40,MC,,augmented
Channel-MC13X40,MC,,augmented
MC13X40 Channel,MC,,augmented
MC Shape MC13X40,MC,,augmented
MC Shape-MC13X40,MC,,augmented
MC13X40 ASTM A36,MC,,augmented
MC13X35,MC,,original
MC 13X35,MC,,original
MC-13X35,MC,,augmented
MC_13X35,MC,,augmented
MC13 X 35,MC,,original
MC 13 X 35,MC,,original
MC13X35 A36,MC,,augmented
Channel MC13X35,MC,,augmented
Channel-MC13X35,MC,,augmented
MC13X35 Channel,MC,,augmented
MC Shape MC13X35,MC,,augmented
MC Shape-MC13X35,MC,,augmented
MC13X35 ASTM A36,MC,,augmented
MC13X31.8,MC,,original
MC 13X31.8,MC,,original
MC-13X31.8,MC,,augmented
MC_13X31.8,MC,,augmented
MC13 X 31.8,MC,,original
MC 13 X 31.8,MC,,original
MC13X31.8 A36,MC,,augmented
Channel MC13X31.8,MC,,augmented
Channel-MC13X31.8,MC,,augmented
MC13X31.8 Channel,MC,,augmented
MC Shape MC13X31.8,MC,,augmented
MC Shape-MC13X31.8,MC,,augmented
MC13X31.8 ASTM A36,MC,,augmented
MC12X50,MC,,original
MC 12X50,MC,,original
MC-12X50,MC,,augmented
MC_12X50,MC,,augmented
MC12 X 50,MC,,original
MC 12 X 50,MC,,original
MC12X50 A36,MC,,augmented
Channel MC12X50,MC,,augmented
Channel-MC12X50,MC,,augmented
MC12X50 Channel,MC,,augmented
MC Shape MC12X50,MC,,augmented
MC Shape-MC12X50,MC,,augmented
MC12X50 ASTM A36,MC,,augmented
MC12X45,MC,,original
MC 12X45,MC,,original
MC-12X45,MC,,augmented
MC_12X45,MC,,augmented
MC12 X 45,MC,,original
MC 12 X 45,MC,,original
MC12X45 A36,MC,,augmented
Channel MC12X45,MC,,augmented
Channel-MC12X45,MC,,augmented
MC12X45 Channel,MC,,augmented
MC Shape MC12X45,MC,,augmented
MC Shape-MC12X45,MC,,augmented
MC12X45 ASTM A36,MC,,augmented
MC12X40,MC,,original
MC 12X40,MC,,original
MC-12X40,MC,,augmented
MC_12X40,MC,,augmented
MC12 X 40,MC,,original
MC 12 X 40,MC,,original
MC12X40 A36,MC,,augmented
Channel MC12X40,MC,,augmented
Channel-MC12X40,MC,,augmented
MC12X40 Channel,MC,,augmented
MC Shape MC12X40,MC,,augmented
MC Shape-MC12X40,MC,,augmented
MC12X40 ASTM A36,MC,,augmented
MC12X35,MC,,original
MC 12X35,MC,,original
MC-12X35,MC,,augmented
MC_12X35,MC,,augmented
MC12 X 35,MC,,original
MC 12 X 35,MC,,original
MC12X35 A36,MC,,augmented
Channel MC12X35,MC,,augmented
Channel-MC12X35,MC,,augmented
MC12X35 Channel,MC,,augmented
MC Shape MC12X35,MC,,augmented
MC Shape-MC12X35,MC,,augmented
MC12X35 ASTM A36,MC,,augmented
MC12X31,MC,,original
MC 12X31,MC,,original
MC-12X31,MC,,augmented
MC_12X31,MC,,augmented
MC12 X 31,MC,,original
MC 12 X 31,MC,,original
MC12X31 A36,MC,,augmented
Channel MC12X31,MC,,augmented
Channel-MC12X31,MC,,augmented
MC12X31 Channel,MC,,augmented
MC Shape MC12X31,MC,,augmented
MC Shape-MC12X31,MC,,augmented
MC12X31 ASTM A36,MC,,augmented
MC12X14.3,MC,,original
MC 12X14.3,MC,,original
MC-12X14.3,MC,,augmented
MC_12X14.3,MC,,augmented
MC12 X 14.3,MC,,original
MC 12 X 14.3,MC,,original
MC12X14.3 A36,MC,,augmented
Channel MC12X14.3,MC,,augmented
Channel-MC12X14.3,MC,,augmented
MC12X14.3 Channel,MC,,augmented
MC Shape MC12X14.3,MC,,augmented
MC Shape-MC12X14.3,MC,,augmented
MC12X14.3 ASTM A36,MC,,augmented
MC12X10.6,MC,,original
MC 12X10.6,MC,,original
MC-12X10.6,MC,,augmented
MC_12X10.6,MC,,augmented
MC12 X 10.6,MC,,original
MC 12 X 10.6,MC,,original
MC12X10.6 A36,MC,,augmented
Channel MC12X10.6,MC,,augmented
Channel-MC12X10.6,MC,,augmented
MC12X10.6 Channel,MC,,augmented
MC Shape MC12X10.6,MC,,augmented
MC Shape-MC12X10.6,MC,,augmented
MC12X10.6 ASTM A36,MC,,augmented
MC10X41.1,MC,,original
MC 10X41.1,MC,,original
MC-10X41.1,MC,,augmented
MC_10X41.1,MC,,augmented
MC10 X 41.1,MC,,original
MC 10 X 41.1,MC,,original
MC10X41.1 A36,MC,,augmented
Channel MC10X41.1,MC,,augmented
Channel-MC10X41.1,MC,,augmented
MC10X41.1 Channel,MC,,augmented
MC Shape MC10X41.1,MC,,augmented
MC Shape-MC10X41.1,MC,,augmented
MC10X41.1 ASTM A36,MC,,augmented
MC10X33.6,MC,,original
MC 10X33.6,MC,,original
MC-10X33.6,MC,,augmented
MC_10X33.6,MC,,augmented
MC10 X 33.6,MC,,original
MC 10 X 33.6,MC,,original
MC10X33.6 A36,MC,,augmented
Channel MC10X33.6,MC,,augmented
Channel-MC10X33.6,MC,,augmented
MC10X33.6 Channel,MC,,augmented
MC Shape MC10X33.6,MC,,augmented
MC Shape-MC10X33.6,MC,,augmented
MC10X33.6 ASTM A36,MC,,augmented
MC10X28.5,MC,,original
MC 10X28.5,MC,,original
MC-10X28.5,MC,,augmented
MC_10X28.5,MC,,augmented
MC10 X 28.5,MC,,original
MC 10 X 28.5,MC,,original
MC10X28.5 A36,MC,,augmented
Channel MC10X28.5,MC,,augmented
Channel-MC10X28.5,MC,,augmented
MC10X28.5 Channel,MC,,augmented
MC Shape MC10X28.5,MC,,augmented
MC Shape-MC10X28.5,MC,,augmented
MC10X28.5 ASTM A36,MC,,augmented
MC10X25,MC,,original
MC 10X25,MC,,original
MC-10X25,MC,,augmented
MC_10X25,MC,,augmented
MC10 X 25,MC,,original
MC 10 X 25,MC,,original
MC10X25 A36,MC,,augmented
Channel MC10X25,MC,,augmented
Channel-MC10X25,MC,,augmented
MC10X25 Channel,MC,,augmented
MC Shape MC10X25,MC,,augmented
MC Shape-MC10X25,MC,,augmented
MC10X25 ASTM A36,MC,,augmented
MC10X22,MC,,original
MC 10X22,MC,,original
MC-10X22,MC,,augmented
MC_10X22,MC,,augmented
MC10 X 22,MC,,original
MC 10 X 22,MC,,original
MC10X22 A36,MC,,augmented
Channel MC10X22,MC,,augmented
Channel-MC10X22,MC,,augmented
MC10X22 Channel,MC,,augmented
MC Shape MC10X22,MC,,augmented
MC Shape-MC10X22,MC,,augmented
MC10X22 ASTM A36,MC,,augmented
MC10X8.4,MC,,original
MC 10X8.4,MC,,original
MC-10X8.4,MC,,augmented
MC_10X8.4,MC,,augmented
MC10 X 8.4,MC,,original
MC 10 X 8.4,MC,,original
MC10X8.4 A36,MC,,augmented
Channel MC10X8.4,MC,,augmented
Channel-MC10X8.4,MC,,augmented
MC10X8.4 Channel,MC,,augmented
MC Shape MC10X8.4,MC,,augmented
MC Shape-MC10X8.4,MC,,augmented
MC10X8.4 ASTM A36,MC,,augmented
MC10X6.5,MC,,original
MC 10X6.5,MC,,original
MC-10X6.5,MC,,augmented
MC_10X6.5,MC,,augmented
MC10 X 6.5,MC,,original
MC 10 X 6.5,MC,,original
MC10X6.5 A36,MC,,augmented
Channel MC10X6.5,MC,,augmented
Channel-MC10X6.5,MC,,augmented
MC10X6.5 Channel,MC,,augmented
MC Shape MC10X6.5,MC,,augmented
MC Shape-MC10X6.5,MC,,augmented
MC10X6.5 ASTM A36,MC,,augmented
MC9X25.4,MC,,original
MC 9X25.4,MC,,original
MC-9X25.4,MC,,augmented
MC_9X25.4,MC,,augmented
MC9 X 25.4,MC,,original
MC 9 X 25.4,MC,,original
MC9X25.4 A36,MC,,augmented
Channel MC9X25.4,MC,,augmented
Channel-MC9X25.4,MC,,augmented
MC9X25.4 Channel,MC,,augmented
MC Shape MC9X25.4,MC,,augmented
MC Shape-MC9X25.4,MC,,augmented
MC9X25.4 ASTM A36,MC,,augmented
MC9X23.9,MC,,original
MC 9X23.9,MC,,original
MC-9X23.9,MC,,augmented
MC_9X23.9,MC,,augmented
MC9 X 23.9,MC,,original
MC 9 X 23.9,MC,,original
MC9X23.9 A36,MC,,augmented
Channel MC9X23.9,MC,,augmented
Channel-MC9X23.9,MC,,augmented
MC9X23.9 Channel,MC,,augmented
MC Shape MC9X23.9,MC,,augmented
MC Shape-MC9X23.9,MC,,augmented
MC9X23.9 ASTM A36,MC,,augmented
MC8X22.8,MC,,original
MC 8X22.8,MC,,original
MC-8X22.8,MC,,augmented
MC_8X22.8,MC,,augmented
MC8 X 22.8,MC,,original
MC 8 X 22.8,MC,,original
MC8X22.8 A36,MC,,augmented
Channel MC8X22.8,MC,,augmented
Channel-MC8X22.8,MC,,augmented
MC8X22.8 Channel,MC,,augmented
MC Shape MC8X22.8,MC,,augmented
MC Shape-MC8X22.8,MC,,augmented
MC8X22.8 ASTM A36,MC,,augmented
MC8X21.4,MC,,original
MC 8X21.4,MC,,original
MC-8X21.4,MC,,augmented
MC_8X21.4,MC,,augmented
MC8 X 21.4,MC,,original
MC 8 X 21.4,MC,,original
MC8X21.4 A36,MC,,augmented
Channel MC8X21.4,MC,,augmented
Channel-MC8X21.4,MC,,augmented
MC8X21.4 Channel,MC,,augmented
MC Shape MC8X21.4,MC,,augmented
MC Shape-MC8X21.4,MC,,augmented
MC8X21.4 ASTM A36,MC,,augmented
MC8X20,MC,,original
MC 8X20,MC,,original
MC-8X20,MC,,augmented
MC_8X20,MC,,augmented
MC8 X 20,MC,,original
MC 8 X 20,MC,,original
MC8X20 A36,MC,,augmented
Channel MC8X20,MC,,augmented
Channel-MC8X20,MC,,augmented
MC8X20 Channel,MC,,augmented
MC Shape MC8X20,MC,,augmented
MC Shape-MC8X20,MC,,augmented
MC8X20 ASTM A36,MC,,augmented
MC8X18.7,MC,,original
MC 8X18.7,MC,,original
MC-8X18.7,MC,,augmented
MC_8X18.7,MC,,augmented
MC8 X 18.7,MC,,original
MC 8 X 18.7,MC,,original
MC8X18.7 A36,MC,,augmented
Channel MC8X18.7,MC,,augmented
Channel-MC8X18.7,MC,,augmented
MC8X18.7 Channel,MC,,augmented
MC Shape MC8X18.7,MC,,augmented
MC Shape-MC8X18.7,MC,,augmented
MC8X18.7 ASTM A36,MC,,augmented
MC8X8.5,MC,,original
MC 8X8.5,MC,,original
MC-8X8.5,MC,,augmented
MC_8X8.5,MC,,augmented
MC8 X 8.5,MC,,original
MC 8 X 8.5,MC,,original
MC8X8.5 A36,MC,,augmented
Channel MC8X8.5,MC,,augmented
Channel-MC8X8.5,MC,,augmented
MC8X8.5 Channel,MC,,augmented
MC Shape MC8X8.5,MC,,augmented
MC Shape-MC8X8.5,MC,,augmented
MC8X8.5 ASTM A36,MC,,augmented
MC7X22.7,MC,,original
MC 7X22.7,MC,,original
MC-7X22.7,MC,,augmented
MC_7X22.7,MC,,augmented
MC7 X 22.7,MC,,original
MC 7 X 22.7,MC,,original
MC7X22.7 A36,MC,,augmented
Channel MC7X22.7,MC,,augmented
Channel-MC7X22.7,MC,,augmented
MC7X22.7 Channel,MC,,augmented
MC Shape MC7X22.7,MC,,augmented
MC Shape-MC7X22.7,MC,,augmented
MC7X22.7 ASTM A36,MC,,augmented
MC7X19.1,MC,,original
MC 7X19.1,MC,,original
MC-7X19.1,MC,,augmented
MC_7X19.1,MC,,augmented
MC7 X 19.1,MC,,original
MC 7 X 19.1,MC,,original
MC7X19.1 A36,MC,,augmented
Channel MC7X19.1,MC,,augmented
Channel-MC7X19.1,MC,,augmented
MC7X19.1 Channel,MC,,augmented
MC Shape MC7X19.1,MC,,augmented
MC Shape-MC7X19.1,MC,,augmented
MC7X19.1 ASTM A36,MC,,augmented
MC6X18,MC,,original
MC 6X18,MC,,original
MC-6X18,MC,,augmented
MC_6X18,MC,,augmented
MC6 X 18,MC,,original
MC 6 X 18,MC,,original
MC6X18 A36,MC,,augmented
Channel MC6X18,MC,,augmented
Channel-MC6X18,MC,,augmented
MC6X18 Channel,MC,,augmented
MC Shape MC6X18,MC,,augmented
MC Shape-MC6X18,MC,,augmented
MC6X18 ASTM A36,MC,,augmented
MC6X15.3,MC,,original
MC 6X15.3,MC,,original
MC-6X15.3,MC,,augmented
MC_6X15.3,MC,,augmented
MC6 X 15.3,MC,,original
MC 6 X 15.3,MC,,original
MC6X15.3 A36,MC,,augmented
Channel MC6X15.3,MC,,augmented
Channel-MC6X15.3,MC,,augmented
MC6X15.3 Channel,MC,,augmented
MC Shape MC6X15.3,MC,,augmented
MC Shape-MC6X15.3,MC,,augmented
MC6X15.3 ASTM A36,MC,,augmented
MC6X16.3,MC,,original
MC 6X16.3,MC,,original
MC-6X16.3,MC,,augmented
MC_6X16.3,MC,,augmented
MC6 X 16.3,MC,,original
MC 6 X 16.3,MC,,original
MC6X16.3 A36,MC,,augmented
Channel MC6X16.3,MC,,augmented
Channel-MC6X16.3,MC,,augmented
MC6X16.3 Channel,MC,,augmented
MC Shape MC6X16.3,MC,,augmented
MC Shape-MC6X16.3,MC,,augmented
MC6X16.3 ASTM A36,MC,,augmented
MC6X15.1,MC,,original
MC 6X15.1,MC,,original
MC-6X15.1,MC,,augmented
MC_6X15.1,MC,,augmented
MC6 X 15.1,MC,,original
MC 6 X 15.1,MC,,original
MC6X15.1 A36,MC,,augmented
Channel MC6X15.1,MC,,augmented
Channel-MC6X15.1,MC,,augmented
MC6X15.1 Channel,MC,,augmented
MC Shape MC6X15.1,MC,,augmented
MC Shape-MC6X15.1,MC,,augmented
MC6X15.1 ASTM A36,MC,,augmented
MC6X12,MC,,original
MC 6X12,MC,,original
MC-6X12,MC,,augmented
MC_6X12,MC,,augmented
MC6 X 12,MC,,original
MC 6 X 12,MC,,original
MC6X12 A36,MC,,augmented
Channel MC6X12,MC,,augmented
Channel-MC6X12,MC,,augmented
MC6X12 Channel,MC,,augmented
MC Shape MC6X12,MC,,augmented
MC Shape-MC6X12,MC,,augmented
MC6X12 ASTM A36,MC,,augmented
MC6X7,MC,,original
MC 6X7,MC,,original
MC-6X7,MC,,augmented
MC_6X7,MC,,augmented
MC6 X 7,MC,,original
MC 6 X 7,MC,,original
MC6X7 A36,MC,,augmented
Channel MC6X7,MC,,augmented
Channel-MC6X7,MC,,augmented
MC6X7 Channel,MC,,augmented
MC Shape MC6X7,MC,,augmented
MC Shape-MC6X7,MC,,augmented
MC6X7 ASTM A36,MC,,augmented
MC6X6.5,MC,,original
MC 6X6.5,MC,,original
MC-6X6.5,MC,,augmented
MC_6X6.5,MC,,augmented
MC6 X 6.5,MC,,original
MC 6 X 6.5,MC,,original
MC6X6.5 A36,MC,,augmented
Channel MC6X6.5,MC,,augmented
Channel-MC6X6.5,MC,,augmented
MC6X6.5 Channel,MC,,augmented
MC Shape MC6X6.5,MC,,augmented
MC Shape-MC6X6.5,MC,,augmented
MC6X6.5 ASTM A36,MC,,augmented
MC4X13.8,MC,,original
MC 4X13.8,MC,,original
MC-4X13.8,MC,,augmented
MC_4X13.8,MC,,augmented
MC4 X 13.8,MC,,original
MC 4 X 13.8,MC,,original
MC4X13.8 A36,MC,,augmented
Channel MC4X13.8,MC,,augmented
Channel-MC4X13.8,MC,,augmented
MC4X13.8 Channel,MC,,augmented
MC Shape MC4X13.8,MC,,augmented
MC Shape-MC4X13.8,MC,,augmented
MC4X13.8 ASTM A36,MC,,augmented
MC3X7.1,MC,,original
MC 3X7.1,MC,,original
MC-3X7.1,MC,,augmented
MC_3X7.1,MC,,augmented
MC3 X 7.1,MC,,original
MC 3 X 7.1,MC,,original
MC3X7.1 A36,MC,,augmented
Channel MC3X7.1,MC,,augmented
Channel-MC3X7.1,MC,,augmented
MC3X7.1 Channel,MC,,augmented
MC Shape MC3X7.1,MC,,augmented
MC Shape-MC3X7.1,MC,,augmented
MC3X7.1 ASTM A36,MC,,augmented
L12X12X1-3/8,L,,original
L 12X12X1-3/8,L,,original
L-12X12X1-3/8,L,,augmented
L_12X12X1-3/8,L,,augmented
L12 X 12X1-3/8,L,,original
L12X12X1-3/8 A36,L,,augmented
L 12 X 12 X 1-3/8,L,,original
Angle L12X12X1-3/8,L,,augmented
Angle-L12X12X1-3/8,L,,augmented
L12X12X1-3/8 Angle,L,,augmented
L Shape L12X12X1-3/8,L,,augmented
L Shape-L12X12X1-3/8,L,,augmented
L12X12X1-3/8 L Shape,L,,augmented
L12X12X1-1/4,L,,original
L 12X12X1-1/4,L,,original
L-12X12X1-1/4,L,,augmented
L_12X12X1-1/4,L,,augmented
L12 X 12X1-1/4,L,,original
L12X12X1-1/4 A36,L,,augmented
L 12 X 12 X 1-1/4,L,,original
Angle L12X12X1-1/4,L,,augmented
Angle-L12X12X1-1/4,L,,augmented
L12X12X1-1/4 Angle,L,,augmented
L Shape L12X12X1-1/4,L,,augmented
L Shape-L12X12X1-1/4,L,,augmented
L12X12X1-1/4 L Shape,L,,augmented
L12X12X1-1/8,L,,original
L 12X12X1-1/8,L,,original
L-12X12X1-1/8,L,,augmented
L_12X12X1-1/8,L,,augmented
L12 X 12X1-1/8,L,,original
L12X12X1-1/8 A36,L,,augmented
L 12 X 12 X 1-1/8,L,,original
Angle L12X12X1-1/8,L,,augmented
Angle-L12X12X1-1/8,L,,augmented
L12X12X1-1/8 Angle,L,,augmented
L Shape L12X12X1-1/8,L,,augmented
L Shape-L12X12X1-1/8,L,,augmented
L12X12X1-1/8 L Shape,L,,augmented
L12X12X1,L,,original
L 12X12X1,L,,original
L-12X12X1,L,,augmented
L_12X12X1,L,,augmented
L12 X 12X1,L,,original
L12X12X1 A36,L,,augmented
L 12 X 12 X 1,L,,original
Angle L12X12X1,L,,augmented
Angle-L12X12X1,L,,augmented
L12X12X1 Angle,L,,augmented
L Shape L12X12X1,L,,augmented
L Shape-L12X12X1,L,,augmented
L12X12X1 L Shape,L,,augmented
L10X10X1-3/8,L,,original
L 10X10X1-3/8,L,,original
L-10X10X1-3/8,L,,augmented
L_10X10X1-3/8,L,,augmented
L10 X 10X1-3/8,L,,original
L10X10X1-3/8 A36,L,,augmented
L 10 X 10 X 1-3/8,L,,original
Angle L10X10X1-3/8,L,,augmented
Angle-L10X10X1-3/8,L,,augmented
L10X10X1-3/8 Angle,L,,augmented
L Shape L10X10X1-3/8,L,,augmented
L Shape-L10X10X1-3/8,L,,augmented
L10X10X1-3/8 L Shape,L,,augmented
L10X10X1-1/4,L,,original
L 10X10X1-1/4,L,,original
L-10X10X1-1/4,L,,augmented
L_10X10X1-1/4,L,,augmented
L10 X 10X1-1/4,L,,original
L10X10X1-1/4 A36,L,,augmented
L 10 X 10 X 1-1/4,L,,original
Angle L10X10X1-1/4,L,,augmented
Angle-L10X10X1-1/4,L,,augmented
L10X10X1-1/4 Angle,L,,augmented
L Shape L10X10X1-1/4,L,,augmented
L Shape-L10X10X1-1/4,L,,augmented
L10X10X1-1/4 L Shape,L,,augmented
L10X10X1-1/8,L,,original
L 10X10X1-1/8,L,,original
L-10X10X1-1/8,L,,augmented
L_10X10X1-1/8,L,,augmented
L10 X 10X1-1/8,L,,original
L10X10X1-1/8 A36,L,,augmented
L 10 X 10 X 1-1/8,L,,original
Angle L10X10X1-1/8,L,,augmented
Angle-L10X10X1-1/8,L,,augmented
L10X10X1-1/8 Angle,L,,augmented
L Shape L10X10X1-1/8,L,,augmented
L Shape-L10X10X1-1/8,L,,augmented
L10X10X1-1/8 L Shape,L,,augmented
L10X10X1,L,,original
L 10X10X1,L,,original
L-10X10X1,L,,augmented
L_10X10X1,L,,augmented
L10 X 10X1,L,,original
L10X10X1 A36,L,,augmented
L 10 X 10 X 1,L,,original
Angle L10X10X1,L,,augmented
Angle-L10X10X1,L,,augmented
L10X10X1 Angle,L,,augmented
L Shape L10X10X1,L,,augmented
L Shape-L10X10X1,L,,augmented
L10X10X1 L Shape,L,,augmented
L10X10X7/8,L,,original
L 10X10X7/8,L,,original
L-10X10X7/8,L,,augmented
L_10X10X7/8,L,,augmented
L10 X 10X7/8,L,,original
L10X10X7/8 A36,L,,augmented
L 10 X 10 X 7/8,L,,original
Angle L10X10X7/8,L,,augmented
Angle-L10X10X7/8,L,,augmented
L10X10X7/8 Angle,L,,augmented
L Shape L10X10X7/8,L,,augmented
L Shape-L10X10X7/8,L,,augmented
L10X10X7/8 L Shape,L,,augmented
L10X10X3/4,L,,original
L 10X10X3/4,L,,original
L-10X10X3/4,L,,augmented
L_10X10X3/4,L,,augmented
L10 X 10X3/4,L,,original
L10X10X3/4 A36,L,,augmented
L 10 X 10 X 3/4,L,,original
Angle L10X10X3/4,L,,augmented
Angle-L10X10X3/4,L,,augmented
L10X10X3/4 Angle,L,,augmented
L Shape L10X10X3/4,L,,augmented
L Shape-L10X10X3/4,L,,augmented
L10X10X3/4 L Shape,L,,augmented
L8X8X1-1/8,L,,original
L 8X8X1-1/8,L,,original
L-8X8X1-1/8,L,,augmented
L_8X8X1-1/8,L,,augmented
L8 X 8X1-1/8,L,,original
L8X8X1-1/8 A36,L,,augmented
L 8 X 8 X 1-1/8,L,,original
Angle L8X8X1-1/8,L,,augmented
Angle-L8X8X1-1/8,L,,augmented
L8X8X1-1/8 Angle,L,,augmented
L Shape L8X8X1-1/8,L,,augmented
L Shape-L8X8X1-1/8,L,,augmented
L8X8X1-1/8 L Shape,L,,augmented
L8X8X1,L,,original
L 8X8X1,L,,original
L-8X8X1,L,,augmented
L_8X8X1,L,,augmented
L8 X 8X1,L,,original
L8X8X1 A36,L,,augmented
L 8 X 8 X 1,L,,original
Angle L8X8X1,L,,augmented
Angle-L8X8X1,L,,augmented
L8X8X1 Angle,L,,augmented
L Shape L8X8X1,L,,augmented
L Shape-L8X8X1,L,,augmented
L8X8X1 L Shape,L,,augmented
L8X8X7/8,L,,original
L 8X8X7/8,L,,original
L-8X8X7/8,L,,augmented
L_8X8X7/8,L,,augmented
L8 X 8X7/8,L,,original
L8X8X7/8 A36,L,,augmented
L 8 X 8 X 7/8,L,,original
Angle L8X8X7/8,L,,augmented
Angle-L8X8X7/8,L,,augmented
L8X8X7/8 Angle,L,,augmented
L Shape L8X8X7/8,L,,augmented
L Shape-L8X8X7/8,L,,augmented
L8X8X7/8 L Shape,L,,augmented
L8X8X3/4,L,,original
L 8X8X3/4,L,,original
L-8X8X3/4,L,,augmented
L_8X8X3/4,L,,augmented
L8 X 8X3/4,L,,original
L8X8X3/4 A36,L,,augmented
L 8 X 8 X 3/4,L,,original
Angle L8X8X3/4,L,,augmented
Angle-L8X8X3/4,L,,augmented
L8X8X3/4 Angle,L,,augmented
L Shape L8X8X3/4,L,,augmented
L Shape-L8X8X3/4,L,,augmented
L8X8X3/4 L Shape,L,,augmented
L8X8X5/8,L,,original
L 8X8X5/8,L,,original
L-8X8X5/8,L,,augmented
L_8X8X5/8,L,,augmented
L8 X 8X5/8,L,,original
L8X8X5/8 A36,L,,augmented
L 8 X 8 X 5/8,L,,original
Angle L8X8X5/8,L,,augmented
Angle-L8X8X5/8,L,,augmented
L8X8X5/8 Angle,L,,augmented
L Shape L8X8X5/8,L,,augmented
L Shape-L8X8X5/8,L,,augmented
L8X8X5/8 L Shape,L,,augmented
L8X8X9/16,L,,original
L 8X8X9/16,L,,original
L-8X8X9/16,L,,augmented
L_8X8X9/16,L,,augmented
L8 X 8X9/16,L,,original
L8X8X9/16 A36,L,,augmented
L 8 X 8 X 9/16,L,,original
Angle L8X8X9/16,L,,augmented
Angle-L8X8X9/16,L,,augmented
L8X8X9/16 Angle,L,,augmented
L Shape L8X8X9/16,L,,augmented
L Shape-L8X8X9/16,L,,augmented
L8X8X9/16 L Shape,L,,augmented
L8X8X1/2,L,,original
L 8X8X1/2,L,,original
L-8X8X1/2,L,,augmented
L_8X8X1/2,L,,augmented
L8 X 8X1/2,L,,original
L8X8X1/2 A36,L,,augmented
L 8 X 8 X 1/2,L,,original
Angle L8X8X1/2,L,,augmented
Angle-L8X8X1/2,L,,augmented
L8X8X1/2 Angle,L,,augmented
L Shape L8X8X1/2,L,,augmented
L Shape-L8X8X1/2,L,,augmented
L8X8X1/2 L Shape,L,,augmented
L8X6X1,L,,original
L 8X6X1,L,,original
L-8X6X1,L,,augmented
L_8X6X1,L,,augmented
L8 X 6X1,L,,original
L8X6X1 A36,L,,augmented
L 8 X 6 X 1,L,,original
Angle L8X6X1,L,,augmented
Angle-L8X6X1,L,,augmented
L8X6X1 Angle,L,,augmented
L Shape L8X6X1,L,,augmented
L Shape-L8X6X1,L,,augmented
L8X6X1 L Shape,L,,augmented
L8X6X7/8,L,,original
L 8X6X7/8,L,,original
L-8X6X7/8,L,,augmented
L_8X6X7/8,L,,augmented
L8 X 6X7/8,L,,original
L8X6X7/8 A36,L,,augmented
L 8 X 6 X 7/8,L,,original
Angle L8X6X7/8,L,,augmented
Angle-L8X6X7/8,L,,augmented
L8X6X7/8 Angle,L,,augmented
L Shape L8X6X7/8,L,,augmented
L Shape-L8X6X7/8,L,,augmented
L8X6X7/8 L Shape,L,,augmented
L8X6X3/4,L,,original
L 8X6X3/4,L,,original
L-8X6X3/4,L,,augmented
L_8X6X3/4,L,,augmented
L8 X 6X3/4,L,,original
L8X6X3/4 A36,L,,augmented
L 8 X 6 X 3/4,L,,original
Angle L8X6X3/4,L,,augmented
Angle-L8X6X3/4,L,,augmented
L8X6X3/4 Angle,L,,augmented
L Shape L8X6X3/4,L,,augmented
L Shape-L8X6X3/4,L,,augmented
L8X6X3/4 L Shape,L,,augmented
L8X6X5/8,L,,original
L 8X6X5/8,L,,original
L-8X6X5/8,L,,augmented
L_8X6X5/8,L,,augmented
L8 X 6X5/8,L,,original
L8X6X5/8 A36,L,,augmented
L 8 X 6 X 5/8,L,,original
Angle L8X6X5/8,L,,augmented
Angle-L8X6X5/8,L,,augmented
L8X6X5/8 Angle,L,,augmented
L Shape L8X6X5/8,L,,augmented
L Shape-L8X6X5/8,L,,augmented
L8X6X5/8 L Shape,L,,augmented
L8X6X9/16,L,,original
L 8X6X9/16,L,,original
L-8X6X9/16,L,,augmented
L_8X6X9/16,L,,augmented
L8 X 6X9/16,L,,original
L8X6X9/16 A36,L,,augmented
L 8 X 6 X 9/16,L,,original
Angle L8X6X9/16,L,,augmented
Angle-L8X6X9/16,L,,augmented
L8X6X9/16 Angle,L,,augmented
L Shape L8X6X9/16,L,,augmented
L Shape-L8X6X9/16,L,,augmented
L8X6X9/16 L Shape,L,,augmented
L8X6X1/2,L,,original
L 8X6X1/2,L,,original
L-8X6X1/2,L,,augmented
L_8X6X1/2,L,,augmented
L8 X 6X1/2,L,,original
L8X6X1/2 A36,L,,augmented
L 8 X 6 X 1/2,L,,original
Angle L8X6X1/2,L,,augmented
Angle-L8X6X1/2,L,,augmented
L8X6X1/2 Angle,L,,augmented
L Shape L8X6X1/2,L,,augmented
L Shape-L8X6X1/2,L,,augmented
L8X6X1/2 L Shape,L,,augmented
L8X6X7/16,L,,original
L 8X6X7/16,L,,original
L-8X6X7/16,L,,augmented
L_8X6X7/16,L,,augmented
L8 X 6X7/16,L,,original
L8X6X7/16 A36,L,,augmented
L 8 X 6 X 7/16,L,,original
Angle L8X6X7/16,L,,augmented
Angle-L8X6X7/16,L,,augmented
L8X6X7/16 Angle,L,,augmented
L Shape L8X6X7/16,L,,augmented
L Shape-L8X6X7/16,L,,augmented
L8X6X7/16 L Shape,L,,augmented
L8X4X1,L,,original
L 8X4X1,L,,original
L-8X4X1,L,,augmented
L_8X4X1,L,,augmented
L8 X 4X1,L,,original
L8X4X1 A36,L,,augmented
L 8 X 4 X 1,L,,original
Angle L8X4X1,L,,augmented
Angle-L8X4X1,L,,augmented
L8X4X1 Angle,L,,augmented
L Shape L8X4X1,L,,augmented
L Shape-L8X4X1,L,,augmented
L8X4X1 L Shape,L,,augmented
L8X4X7/8,L,,original
L 8X4X7/8,L,,original
L-8X4X7/8,L,,augmented
L_8X4X7/8,L,,augmented
L8 X 4X7/8,L,,original
L8X4X7/8 A36,L,,augmented
L 8 X 4 X 7/8,L,,original
Angle L8X4X7/8,L,,augmented
Angle-L8X4X7/8,L,,augmented
L8X4X7/8 Angle,L,,augmented
L Shape L8X4X7/8,L,,augmented
L Shape-L8X4X7/8,L,,augmented
L8X4X7/8 L Shape,L,,augmented
L8X4X3/4,L,,original
L 8X4X3/4,L,,original
L-8X4X3/4,L,,augmented
L_8X4X3/4,L,,augmented
L8 X 4X3/4,L,,original
L8X4X3/4 A36,L,,augmented
L 8 X 4 X 3/4,L,,original
Angle L8X4X3/4,L,,augmented
Angle-L8X4X3/4,L,,augmented
L8X4X3/4 Angle,L,,augmented
L Shape L8X4X3/4,L,,augmented
L Shape-L8X4X3/4,L,,augmented
L8X4X3/4 L Shape,L,,augmented
L8X4X5/8,L,,original
L 8X4X5/8,L,,original
L-8X4X5/8,L,,augmented
L_8X4X5/8,L,,augmented
L8 X 4X5/8,L,,original
L8X4X5/8 A36,L,,augmented
L 8 X 4 X 5/8,L,,original
Angle L8X4X5/8,L,,augmented
Angle-L8X4X5/8,L,,augmented
L8X4X5/8 Angle,L,,augmented
L Shape L8X4X5/8,L,,augmented
L Shape-L8X4X5/8,L,,augmented
L8X4X5/8 L Shape,L,,augmented
L8X4X9/16,L,,original
L 8X4X9/16,L,,original
L-8X4X9/16,L,,augmented
L_8X4X9/16,L,,augmented
L8 X 4X9/16,L,,original
L8X4X9/16 A36,L,,augmented
L 8 X 4 X 9/16,L,,original
Angle L8X4X9/16,L,,augmented
Angle-L8X4X9/16,L,,augmented
L8X4X9/16 Angle,L,,augmented
L Shape L8X4X9/16,L,,augmented
L Shape-L8X4X9/16,L,,augmented
L8X4X9/16 L Shape,L,,augmented
L8X4X1/2,L,,original
L 8X4X1/2,L,,original
L-8X4X1/2,L,,augmented
L_8X4X1/2,L,,augmented
L8 X 4X1/2,L,,original
L8X4X1/2 A36,L,,augmented
L 8 X 4 X 1/2,L,,original
Angle L8X4X1/2,L,,augmented
Angle-L8X4X1/2,L,,augmented
L8X4X1/2 Angle,L,,augmented
L Shape L8X4X1/2,L,,augmented
L Shape-L8X4X1/2,L,,augmented
L8X4X1/2 L Shape,L,,augmented
L8X4X7/16,L,,original
L 8X4X7/16,L,,original
L-8X4X7/16,L,,augmented
L_8X4X7/16,L,,augmented
L8 X 4X7/16,L,,original
L8X4X7/16 A36,L,,augmented
L 8 X 4 X 7/16,L,,original
Angle L8X4X7/16,L,,augmented
Angle-L8X4X7/16,L,,augmented
L8X4X7/16 Angle,L,,augmented
L Shape L8X4X7/16,L,,augmented
L Shape-L8X4X7/16,L,,augmented
L8X4X7/16 L Shape,L,,augmented
L7X4X3/4,L,,original
L 7X4X3/4,L,,original
L-7X4X3/4,L,,augmented
L_7X4X3/4,L,,augmented
L7 X 4X3/4,L,,original
L7X4X3/4 A36,L,,augmented
L 7 X 4 X 3/4,L,,original
Angle L7X4X3/4,L,,augmented
Angle-L7X4X3/4,L,,augmented
L7X4X3/4 Angle,L,,augmented
L Shape L7X4X3/4,L,,augmented
L Shape-L7X4X3/4,L,,augmented
L7X4X3/4 L Shape,L,,augmented
L7X4X5/8,L,,original
L 7X4X5/8,L,,original
L-7X4X5/8,L,,augmented
L_7X4X5/8,L,,augmented
L7 X 4X5/8,L,,original
L7X4X5/8 A36,L,,augmented
L 7 X 4 X 5/8,L,,original
Angle L7X4X5/8,L,,augmented
Angle-L7X4X5/8,L,,augmented
L7X4X5/8 Angle,L,,augmented
L Shape L7X4X5/8,L,,augmented
L Shape-L7X4X5/8,L,,augmented
L7X4X5/8 L Shape,L,,augmented
L7X4X1/2,L,,original
L 7X4X1/2,L,,original
L-7X4X1/2,L,,augmented
L_7X4X1/2,L,,augmented
L7 X 4X1/2,L,,original
L7X4X1/2 A36,L,,augmented
L 7 X 4 X 1/2,L,,original
Angle L7X4X1/2,L,,augmented
Angle-L7X4X1/2,L,,augmented
L7X4X1/2 Angle,L,,augmented
L Shape L7X4X1/2,L,,augmented
L Shape-L7X4X1/2,L,,augmented
L7X4X1/2 L Shape,L,,augmented
L7X4X7/16,L,,original
L 7X4X7/16,L,,original
L-7X4X7/16,L,,augmented
L_7X4X7/16,L,,augmented
L7 X 4X7/16,L,,original
L7X4X7/16 A36,L,,augmented
L 7 X 4 X 7/16,L,,original
Angle L7X4X7/16,L,,augmented
Angle-L7X4X7/16,L,,augmented
L7X4X7/16 Angle,L,,augmented
L Shape L7X4X7/16,L,,augmented
L Shape-L7X4X7/16,L,,augmented
L7X4X7/16 L Shape,L,,augmented
L7X4X3/8,L,,original
L 7X4X3/8,L,,original
L-7X4X3/8,L,,augmented
L_7X4X3/8,L,,augmented
L7 X 4X3/8,L,,original
L7X4X3/8 A36,L,,augmented
L 7 X 4 X 3/8,L,,original
Angle L7X4X3/8,L,,augmented
Angle-L7X4X3/8,L,,augmented
L7X4X3/8 Angle,L,,augmented
L Shape L7X4X3/8,L,,augmented
L Shape-L7X4X3/8,L,,augmented
L7X4X3/8 L Shape,L,,augmented
L6X6X1,L,,original
L 6X6X1,L,,original
L-6X6X1,L,,augmented
L_6X6X1,L,,augmented
L6 X 6X1,L,,original
L6X6X1 A36,L,,augmented
L 6 X 6 X 1,L,,original
Angle L6X6X1,L,,augmented
Angle-L6X6X1,L,,augmented
L6X6X1 Angle,L,,augmented
L Shape L6X6X1,L,,augmented
L Shape-L6X6X1,L,,augmented
L6X6X1 L Shape,L,,augmented
L6X6X7/8,L,,original
L 6X6X7/8,L,,original
L-6X6X7/8,L,,augmented
L_6X6X7/8,L,,augmented
L6 X 6X7/8,L,,original
L6X6X7/8 A36,L,,augmented
L 6 X 6 X 7/8,L,,original
Angle L6X6X7/8,L,,augmented
Angle-L6X6X7/8,L,,augmented
L6X6X7/8 Angle,L,,augmented
L Shape L6X6X7/8,L,,augmented
L Shape-L6X6X7/8,L,,augmented
L6X6X7/8 L Shape,L,,augmented
L6X6X3/4,L,,original
L 6X6X3/4,L,,original
L-6X6X3/4,L,,augmented
L_6X6X3/4,L,,augmented
L6 X 6X3/4,L,,original
L6X6X3/4 A36,L,,augmented
L 6 X 6 X 3/4,L,,original
Angle L6X6X3/4,L,,augmented
Angle-L6X6X3/4,L,,augmented
L6X6X3/4 Angle,L,,augmented
L Shape L6X6X3/4,L,,augmented
L Shape-L6X6X3/4,L,,augmented
L6X6X3/4 L Shape,L,,augmented
L6X6X5/8,L,,original
L 6X6X5/8,L,,original
L-6X6X5/8,L,,augmented
L_6X6X5/8,L,,augmented
L6 X 6X5/8,L,,original
L6X6X5/8 A36,L,,augmented
L 6 X 6 X 5/8,L,,original
Angle L6X6X5/8,L,,augmented
Angle-L6X6X5/8,L,,augmented
L6X6X5/8 Angle,L,,augmented
L Shape L6X6X5/8,L,,augmented
L Shape-L6X6X5/8,L,,augmented
L6X6X5/8 L Shape,L,,augmented
L6X6X9/16,L,,original
L 6X6X9/16,L,,original
L-6X6X9/16,L,,augmented
L_6X6X9/16,L,,augmented
L6 X 6X9/16,L,,original
L6X6X9/16 A36,L,,augmented
L 6 X 6 X 9/16,L,,original
Angle L6X6X9/16,L,,augmented
Angle-L6X6X9/16,L,,augmented
L6X6X9/16 Angle,L,,augmented
L Shape L6X6X9/16,L,,augmented
L Shape-L6X6X9/16,L,,augmented
L6X6X9/16 L Shape,L,,augmented
L6X6X1/2,L,,original
L 6X6X1/2,L,,original
L-6X6X1/2,L,,augmented
L_6X6X1/2,L,,augmented
L6 X 6X1/2,L,,original
L6X6X1/2 A36,L,,augmented
L 6 X 6 X 1/2,L,,original
Angle L6X6X1/2,L,,augmented
Angle-L6X6X1/2,L,,augmented
L6X6X1/2 Angle,L,,augmented
L Shape L6X6X1/2,L,,augmented
L Shape-L6X6X1/2,L,,augmented
L6X6X1/2 L Shape,L,,augmented
L6X6X7/16,L,,original
L 6X6X7/16,L,,original
L-6X6X7/16,L,,augmented
L_6X6X7/16,L,,augmented
L6 X 6X7/16,L,,original
L6X6X7/16 A36,L,,augmented
L 6 X 6 X 7/16,L,,original
Angle L6X6X7/16,L,,augmented
Angle-L6X6X7/16,L,,augmented
L6X6X7/16 Angle,L,,augmented
L Shape L6X6X7/16,L,,augmented
L Shape-L6X6X7/16,L,,augmented
L6X6X7/16 L Shape,L,,augmented
L6X6X3/8,L,,original
L 6X6X3/8,L,,original
L-6X6X3/8,L,,augmented
L_6X6X3/8,L,,augmented
L6 X 6X3/8,L,,original
L6X6X3/8 A36,L,,augmented
L 6 X 6 X 3/8,L,,original
Angle L6X6X3/8,L,,augmented
Angle-L6X6X3/8,L,,augmented
L6X6X3/8 Angle,L,,augmented
L Shape L6X6X3/8,L,,augmented
L Shape-L6X6X3/8,L,,augmented
L6X6X3/8 L Shape,L,,augmented
L6X6X5/16,L,,original
L 6X6X5/16,L,,original
L-6X6X5/16,L,,augmented
L_6X6X5/16,L,,augmented
L6 X 6X5/16,L,,original
L6X6X5/16 A36,L,,augmented
L 6 X 6 X 5/16,L,,original
Angle L6X6X5/16,L,,augmented
Angle-L6X6X5/16,L,,augmented
L6X6X5/16 Angle,L,,augmented
L Shape L6X6X5/16,L,,augmented
L Shape-L6X6X5/16,L,,augmented
L6X6X5/16 L Shape,L,,augmented
L6X4X7/8,L,,original
L 6X4X7/8,L,,original
L-6X4X7/8,L,,augmented
L_6X4X7/8,L,,augmented
L6 X 4X7/8,L,,original
L6X4X7/8 A36,L,,augmented
L 6 X 4 X 7/8,L,,original
Angle L6X4X7/8,L,,augmented
Angle-L6X4X7/8,L,,augmented
L6X4X7/8 Angle,L,,augmented
L Shape L6X4X7/8,L,,augmented
L Shape-L6X4X7/8,L,,augmented
L6X4X7/8 L Shape,L,,augmented
L6X4X3/4,L,,original
L 6X4X3/4,L,,original
L-6X4X3/4,L,,augmented
L_6X4X3/4,L,,augmented
L6 X 4X3/4,L,,original
L6X4X3/4 A36,L,,augmented
L 6 X 4 X 3/4,L,,original
Angle L6X4X3/4,L,,augmented
Angle-L6X4X3/4,L,,augmented
L6X4X3/4 Angle,L,,augmented
L Shape L6X4X3/4,L,,augmented
L Shape-L6X4X3/4,L,,augmented
L6X4X3/4 L Shape,L,,augmented
L6X4X5/8,L,,original
L 6X4X5/8,L,,original
L-6X4X5/8,L,,augmented
L_6X4X5/8,L,,augmented
L6 X 4X5/8,L,,original
L6X4X5/8 A36,L,,augmented
L 6 X 4 X 5/8,L,,original
Angle L6X4X5/8,L,,augmented
Angle-L6X4X5/8,L,,augmented
L6X4X5/8 Angle,L,,augmented
L Shape L6X4X5/8,L,,augmented
L Shape-L6X4X5/8,L,,augmented
L6X4X5/8 L Shape,L,,augmented
L6X4X9/16,L,,original
L 6X4X9/16,L,,original
L-6X4X9/16,L,,augmented
L_6X4X9/16,L,,augmented
L6 X 4X9/16,L,,original
L6X4X9/16 A36,L,,augmented
L 6 X 4 X 9/16,L,,original
Angle L6X4X9/16,L,,augmented
Angle-L6X4X9/16,L,,augmented
L6X4X9/16 Angle,L,,augmented
L Shape L6X4X9/16,L,,augmented
L Shape-L6X4X9/16,L,,augmented
L6X4X9/16 L Shape,L,,augmented
L6X4X1/2,L,,original
L 6X4X1/2,L,,original
L-6X4X1/2,L,,augmented
L_6X4X1/2,L,,augmented
L6 X 4X1/2,L,,original
L6X4X1/2 A36,L,,augmented
L 6 X 4 X 1/2,L,,original
Angle L6X4X1/2,L,,augmented
Angle-L6X4X1/2,L,,augmented
L6X4X1/2 Angle,L,,augmented
L Shape L6X4X1/2,L,,augmented
L Shape-L6X4X1/2,L,,augmented
L6X4X1/2 L Shape,L,,augmented
L6X4X7/16,L,,original
L 6X4X7/16,L,,original
L-6X4X7/16,L,,augmented
L_6X4X7/16,L,,augmented
L6 X 4X7/16,L,,original
L6X4X7/16 A36,L,,augmented
L 6 X 4 X 7/16,L,,original
Angle L6X4X7/16,L,,augmented
Angle-L6X4X7/16,L,,augmented
L6X4X7/16 Angle,L,,augmented
L Shape L6X4X7/16,L,,augmented
L Shape-L6X4X7/16,L,,augmented
L6X4X7/16 L Shape,L,,augmented
L6X4X3/8,L,,original
L 6X4X3/8,L,,original
L-6X4X3/8,L,,augmented
L_6X4X3/8,L,,augmented
L6 X 4X3/8,L,,original
L6X4X3/8 A36,L,,augmented
L 6 X 4 X 3/8,L,,original
Angle L6X4X3/8,L,,augmented
Angle-L6X4X3/8,L,,augmented
L6X4X3/8 Angle,L,,augmented
L Shape L6X4X3/8,L,,augmented
L Shape-L6X4X3/8,L,,augmented
L6X4X3/8 L Shape,L,,augmented
L6X4X5/16,L,,original
L 6X4X5/16,L,,original
L-6X4X5/16,L,,augmented
L_6X4X5/16,L,,augmented
L6 X 4X5/16,L,,original
L6X4X5/16 A36,L,,augmented
L 6 X 4 X 5/16,L,,original
Angle L6X4X5/16,L,,augmented
Angle-L6X4X5/16,L,,augmented
L6X4X5/16 Angle,L,,augmented
L Shape L6X4X5/16,L,,augmented
L Shape-L6X4X5/16,L,,augmented
L6X4X5/16 L Shape,L,,augmented
L6X3-1/2X1/2,L,,original
L 6X3-1/2X1/2,L,,original
L-6X3-1/2X1/2,L,,augmented
L_6X3-1/2X1/2,L,,augmented
L6 X 3-1/2X1/2,L,,original
L6X3-1/2X1/2 A36,L,,augmented
L 6 X 3-1/2 X 1/2,L,,original
Angle L6X3-1/2X1/2,L,,augmented
Angle-L6X3-1/2X1/2,L,,augmented
L6X3-1/2X1/2 Angle,L,,augmented
L Shape L6X3-1/2X1/2,L,,augmented
L Shape-L6X3-1/2X1/2,L,,augmented
L6X3-1/2X1/2 L Shape,L,,augmented
L6X3-1/2X3/8,L,,original
L 6X3-1/2X3/8,L,,original
L-6X3-1/2X3/8,L,,augmented
L_6X3-1/2X3/8,L,,augmented
L6 X 3-1/2X3/8,L,,original
L6X3-1/2X3/8 A36,L,,augmented
L 6 X 3-1/2 X 3/8,L,,original
Angle L6X3-1/2X3/8,L,,augmented
Angle-L6X3-1/2X3/8,L,,augmented
L6X3-1/2X3/8 Angle,L,,augmented
L Shape L6X3-1/2X3/8,L,,augmented
L Shape-L6X3-1/2X3/8,L,,augmented
L6X3-1/2X3/8 L Shape,L,,augmented
L6X3-1/2X5/16,L,,original
L 6X3-1/2X5/16,L,,original
L-6X3-1/2X5/16,L,,augmented
L_6X3-1/2X5/16,L,,augmented
L6 X 3-1/2X5/16,L,,original
L6X3-1/2X5/16 A36,L,,augmented
L 6 X 3-1/2 X 5/16,L,,original
Angle L6X3-1/2X5/16,L,,augmented
Angle-L6X3-1/2X5/16,L,,augmented
L6X3-1/2X5/16 Angle,L,,augmented
L Shape L6X3-1/2X5/16,L,,augmented
L Shape-L6X3-1/2X5/16,L,,augmented
L6X3-1/2X5/16 L Shape,L,,augmented
L5X5X7/8,L,,original
L 5X5X7/8,L,,original
L-5X5X7/8,L,,augmented
L_5X5X7/8,L,,augmented
L5 X 5X7/8,L,,original
L5X5X7/8 A36,L,,augmented
L 5 X 5 X 7/8,L,,original
Angle L5X5X7/8,L,,augmented
Angle-L5X5X7/8,L,,augmented
L5X5X7/8 Angle,L,,augmented
L Shape L5X5X7/8,L,,augmented
L Shape-L5X5X7/8,L,,augmented
L5X5X7/8 L Shape,L,,augmented
L5X5X3/4,L,,original
L 5X5X3/4,L,,original
L-5X5X3/4,L,,augmented
L_5X5X3/4,L,,augmented
L5 X 5X3/4,L,,original
L5X5X3/4 A36,L,,augmented
L 5 X 5 X 3/4,L,,original
Angle L5X5X3/4,L,,augmented
Angle-L5X5X3/4,L,,augmented
L5X5X3/4 Angle,L,,augmented
L Shape L5X5X3/4,L,,augmented
L Shape-L5X5X3/4,L,,augmented
L5X5X3/4 L Shape,L,,augmented
L5X5X5/8,L,,original
L 5X5X5/8,L,,original
L-5X5X5/8,L,,augmented
L_5X5X5/8,L,,augmented
L5 X 5X5/8,L,,original
L5X5X5/8 A36,L,,augmented
L 5 X 5 X 5/8,L,,original
Angle L5X5X5/8,L,,augmented
Angle-L5X5X5/8,L,,augmented
L5X5X5/8 Angle,L,,augmented
L Shape L5X5X5/8,L,,augmented
L Shape-L5X5X5/8,L,,augmented
L5X5X5/8 L Shape,L,,augmented
L5X5X1/2,L,,original
L 5X5X1/2,L,,original
L-5X5X1/2,L,,augmented
L_5X5X1/2,L,,augmented
L5 X 5X1/2,L,,original
L5X5X1/2 A36,L,,augmented
L 5 X 5 X 1/2,L,,original
Angle L5X5X1/2,L,,augmented
Angle-L5X5X1/2,L,,augmented
L5X5X1/2 Angle,L,,augmented
L Shape L5X5X1/2,L,,augmented
L Shape-L5X5X1/2,L,,augmented
L5X5X1/2 L Shape,L,,augmented
L5X5X7/16,L,,original
L 5X5X7/16,L,,original
L-5X5X7/16,L,,augmented
L_5X5X7/16,L,,augmented
L5 X 5X7/16,L,,original
L5X5X7/16 A36,L,,augmented
L 5 X 5 X 7/16,L,,original
Angle L5X5X7/16,L,,augmented
Angle-L5X5X7/16,L,,augmented
L5X5X7/16 Angle,L,,augmented
L Shape L5X5X7/16,L,,augmented
L Shape-L5X5X7/16,L,,augmented
L5X5X7/16 L Shape,L,,augmented
L5X5X3/8,L,,original
L 5X5X3/8,L,,original
L-5X5X3/8,L,,augmented
L_5X5X3/8,L,,augmented
L5 X 5X3/8,L,,original
L5X5X3/8 A36,L,,augmented
L 5 X 5 X 3/8,L,,original
Angle L5X5X3/8,L,,augmented
Angle-L5X5X3/8,L,,augmented
L5X5X3/8 Angle,L,,augmented
L Shape L5X5X3/8,L,,augmented
L Shape-L5X5X3/8,L,,augmented
L5X5X3/8 L Shape,L,,augmented
L5X5X5/16,L,,original
L 5X5X5/16,L,,original
L-5X5X5/16,L,,augmented
L_5X5X5/16,L,,augmented
L5 X 5X5/16,L,,original
L5X5X5/16 A36,L,,augmented
L 5 X 5 X 5/16,L,,original
Angle L5X5X5/16,L,,augmented
Angle-L5X5X5/16,L,,augmented
L5X5X5/16 Angle,L,,augmented
L Shape L5X5X5/16,L,,augmented
L Shape-L5X5X5/16,L,,augmented
L5X5X5/16 L Shape,L,,augmented
L5X3-1/2X3/4,L,,original
L 5X3-1/2X3/4,L,,original
L-5X3-1/2X3/4,L,,augmented
L_5X3-1/2X3/4,L,,augmented
L5 X 3-1/2X3/4,L,,original
L5X3-1/2X3/4 A36,L,,augmented
L 5 X 3-1/2 X 3/4,L,,original
Angle L5X3-1/2X3/4,L,,augmented
Angle-L5X3-1/2X3/4,L,,augmented
L5X3-1/2X3/4 Angle,L,,augmented
L Shape L5X3-1/2X3/4,L,,augmented
L Shape-L5X3-1/2X3/4,L,,augmented
L5X3-1/2X3/4 L Shape,L,,augmented
L5X3-1/2X5/8,L,,original
L 5X3-1/2X5/8,L,,original
L-5X3-1/2X5/8,L,,augmented
L_5X3-1/2X5/8,L,,augmented
L5 X 3-1/2X5/8,L,,original
L5X3-1/2X5/8 A36,L,,augmented
L 5 X 3-1/2 X 5/8,L,,original
Angle L5X3-1/2X5/8,L,,augmented
Angle-L5X3-1/2X5/8,L,,augmented
L5X3-1/2X5/8 Angle,L,,augmented
L Shape L5X3-1/2X5/8,L,,augmented
L Shape-L5X3-1/2X5/8,L,,augmented
L5X3-1/2X5/8 L Shape,L,,augmented
L5X3-1/2X1/2,L,,original
L 5X3-1/2X1/2,L,,original
L-5X3-1/2X1/2,L,,augmented
L_5X3-1/2X1/2,L,,augmented
L5 X 3-1/2X1/2,L,,original
L5X3-1/2X1/2 A36,L,,augmented
L 5 X 3-1/2 X 1/2,L,,original
Angle L5X3-1/2X1/2,L,,augmented
Angle-L5X3-1/2X1/2,L,,augmented
L5X3-1/2X1/2 Angle,L,,augmented
L Shape L5X3-1/2X1/2,L,,augmented
L Shape-L5X3-1/2X1/2,L,,augmented
L5X3-1/2X1/2 L Shape,L,,augmented
L5X3-1/2X3/8,L,,original
L 5X3-1/2X3/8,L,,original
L-5X3-1/2X3/8,L,,augmented
L_5X3-1/2X3/8,L,,augmented
L5 X 3-1/2X3/8,L,,original
L5X3-1/2X3/8 A36,L,,augmented
L 5 X 3-1/2 X 3/8,L,,original
Angle L5X3-1/2X3/8,L,,augmented
Angle-L5X3-1/2X3/8,L,,augmented
L5X3-1/2X3/8 Angle,L,,augmented
L Shape L5X3-1/2X3/8,L,,augmented
L Shape-L5X3-1/2X3/8,L,,augmented
L5X3-1/2X3/8 L Shape,L,,augmented
L5X3-1/2X5/16,L,,original
L 5X3-1/2X5/16,L,,original
L-5X3-1/2X5/16,L,,augmented
L_5X3-1/2X5/16,L,,augmented
L5 X 3-1/2X5/16,L,,original
L5X3-1/2X5/16 A36,L,,augmented
L 5 X 3-1/2 X 5/16,L,,original
Angle L5X3-1/2X5/16,L,,augmented
Angle-L5X3-1/2X5/16,L,,augmented
L5X3-1/2X5/16 Angle,L,,augmented
L Shape L5X3-1/2X5/16,L,,augmented
L Shape-L5X3-1/2X5/16,L,,augmented
L5X3-1/2X5/16 L Shape,L,,augmented
L5X3-1/2X1/4,L,,original
L 5X3-1/2X1/4,L,,original
L-5X3-1/2X1/4,L,,augmented
L_5X3-1/2X1/4,L,,augmented
L5 X 3-1/2X1/4,L,,original
L5X3-1/2X1/4 A36,L,,augmented
L 5 X 3-1/2 X 1/4,L,,original
Angle L5X3-1/2X1/4,L,,augmented
Angle-L5X3-1/2X1/4,L,,augmented
L5X3-1/2X1/4 Angle,L,,augmented
L Shape L5X3-1/2X1/4,L,,augmented
L Shape-L5X3-1/2X1/4,L,,augmented
L5X3-1/2X1/4 L Shape,L,,augmented
L5X3X1/2,L,,original
L 5X3X1/2,L,,original
L-5X3X1/2,L,,augmented
L_5X3X1/2,L,,augmented
L5 X 3X1/2,L,,original
L5X3X1/2 A36,L,,augmented
L 5 X 3 X 1/2,L,,original
Angle L5X3X1/2,L,,augmented
Angle-L5X3X1/2,L,,augmented
L5X3X1/2 Angle,L,,augmented
L Shape L5X3X1/2,L,,augmented
L Shape-L5X3X1/2,L,,augmented
L5X3X1/2 L Shape,L,,augmented
L5X3X7/16,L,,original
L 5X3X7/16,L,,original
L-5X3X7/16,L,,augmented
L_5X3X7/16,L,,augmented
L5 X 3X7/16,L,,original
L5X3X7/16 A36,L,,augmented
L 5 X 3 X 7/16,L,,original
Angle L5X3X7/16,L,,augmented
Angle-L5X3X7/16,L,,augmented
L5X3X7/16 Angle,L,,augmented
L Shape L5X3X7/16,L,,augmented
L Shape-L5X3X7/16,L,,augmented
L5X3X7/16 L Shape,L,,augmented
L5X3X3/8,L,,original
L 5X3X3/8,L,,original
L-5X3X3/8,L,,augmented
L_5X3X3/8,L,,augmented
L5 X 3X3/8,L,,original
L5X3X3/8 A36,L,,augmented
L 5 X 3 X 3/8,L,,original
Angle L5X3X3/8,L,,augmented
Angle-L5X3X3/8,L,,augmented
L5X3X3/8 Angle,L,,augmented
L Shape L5X3X3/8,L,,augmented
L Shape-L5X3X3/8,L,,augmented
L5X3X3/8 L Shape,L,,augmented
L5X3X5/16,L,,original
L 5X3X5/16,L,,original
L-5X3X5/16,L,,augmented
L_5X3X5/16,L,,augmented
L5 X 3X5/16,L,,original
L5X3X5/16 A36,L,,augmented
L 5 X 3 X 5/16,L,,original
Angle L5X3X5/16,L,,augmented
Angle-L5X3X5/16,L,,augmented
L5X3X5/16 Angle,L,,augmented
L Shape L5X3X5/16,L,,augmented
L Shape-L5X3X5/16,L,,augmented
L5X3X5/16 L Shape,L,,augmented
L5X3X1/4,L,,original
L 5X3X1/4,L,,original
L-5X3X1/4,L,,augmented
L_5X3X1/4,L,,augmented
L5 X 3X1/4,L,,original
L5X3X1/4 A36,L,,augmented
L 5 X 3 X 1/4,L,,original
Angle L5X3X1/4,L,,augmented
Angle-L5X3X1/4,L,,augmented
L5X3X1/4 Angle,L,,augmented
L Shape L5X3X1/4,L,,augmented
L Shape-L5X3X1/4,L,,augmented
L5X3X1/4 L Shape,L,,augmented
L4X4X3/4,L,,original
L 4X4X3/4,L,,original
L-4X4X3/4,L,,augmented
L_4X4X3/4,L,,augmented
L4 X 4X3/4,L,,original
L4X4X3/4 A36,L,,augmented
L 4 X 4 X 3/4,L,,original
Angle L4X4X3/4,L,,augmented
Angle-L4X4X3/4,L,,augmented
L4X4X3/4 Angle,L,,augmented
L Shape L4X4X3/4,L,,augmented
L Shape-L4X4X3/4,L,,augmented
L4X4X3/4 L Shape,L,,augmented
L4X4X5/8,L,,original
L 4X4X5/8,L,,original
L-4X4X5/8,L,,augmented
L_4X4X5/8,L,,augmented
L4 X 4X5/8,L,,original
L4X4X5/8 A36,L,,augmented
L 4 X 4 X 5/8,L,,original
Angle L4X4X5/8,L,,augmented
Angle-L4X4X5/8,L,,augmented
L4X4X5/8 Angle,L,,augmented
L Shape L4X4X5/8,L,,augmented
L Shape-L4X4X5/8,L,,augmented
L4X4X5/8 L Shape,L,,augmented
L4X4X1/2,L,,original
L 4X4X1/2,L,,original
L-4X4X1/2,L,,augmented
L_4X4X1/2,L,,augmented
L4 X 4X1/2,L,,original
L4X4X1/2 A36,L,,augmented
L 4 X 4 X 1/2,L,,original
Angle L4X4X1/2,L,,augmented
Angle-L4X4X1/2,L,,augmented
L4X4X1/2 Angle,L,,augmented
L Shape L4X4X1/2,L,,augmented
L Shape-L4X4X1/2,L,,augmented
L4X4X1/2 L Shape,L,,augmented
L4X4X7/16,L,,original
L 4X4X7/16,L,,original
L-4X4X7/16,L,,augmented
L_4X4X7/16,L,,augmented
L4 X 4X7/16,L,,original
L4X4X7/16 A36,L,,augmented
L 4 X 4 X 7/16,L,,original
Angle L4X4X7/16,L,,augmented
Angle-L4X4X7/16,L,,augmented
L4X4X7/16 Angle,L,,augmented
L Shape L4X4X7/16,L,,augmented
L Shape-L4X4X7/16,L,,augmented
L4X4X7/16 L Shape,L,,augmented
L4X4X3/8,L,,original
L 4X4X3/8,L,,original
L-4X4X3/8,L,,augmented
L_4X4X3/8,L,,augmented
L4 X 4X3/8,L,,original
L4X4X3/8 A36,L,,augmented
L 4 X 4 X 3/8,L,,original
Angle L4X4X3/8,L,,augmented
Angle-L4X4X3/8,L,,augmented
L4X4X3/8 Angle,L,,augmented
L Shape L4X4X3/8,L,,augmented
L Shape-L4X4X3/8,L,,augmented
L4X4X3/8 L Shape,L,,augmented
L4X4X5/16,L,,original
L 4X4X5/16,L,,original
L-4X4X5/16,L,,augmented
L_4X4X5/16,L,,augmented
L4 X 4X5/16,L,,original
L4X4X5/16 A36,L,,augmented
L 4 X 4 X 5/16,L,,original
Angle L4X4X5/16,L,,augmented
Angle-L4X4X5/16,L,,augmented
L4X4X5/16 Angle,L,,augmented
L Shape L4X4X5/16,L,,augmented
L Shape-L4X4X5/16,L,,augmented
L4X4X5/16 L Shape,L,,augmented
L4X4X1/4,L,,original
L 4X4X1/4,L,,original
L-4X4X1/4,L,,augmented
L_4X4X1/4,L,,augmented
L4 X 4X1/4,L,,original
L4X4X1/4 A36,L,,augmented
L 4 X 4 X 1/4,L,,original
Angle L4X4X1/4,L,,augmented
Angle-L4X4X1/4,L,,augmented
L4X4X1/4 Angle,L,,augmented
L Shape L4X4X1/4,L,,augmented
L Shape-L4X4X1/4,L,,augmented
L4X4X1/4 L Shape,L,,augmented
L4X3-1/2X1/2,L,,original
L 4X3-1/2X1/2,L,,original
L-4X3-1/2X1/2,L,,augmented
L_4X3-1/2X1/2,L,,augmented
L4 X 3-1/2X1/2,L,,original
L4X3-1/2X1/2 A36,L,,augmented
L 4 X 3-1/2 X 1/2,L,,original
Angle L4X3-1/2X1/2,L,,augmented
Angle-L4X3-1/2X1/2,L,,augmented
L4X3-1/2X1/2 Angle,L,,augmented
L Shape L4X3-1/2X1/2,L,,augmented
L Shape-L4X3-1/2X1/2,L,,augmented
L4X3-1/2X1/2 L Shape,L,,augmented
L4X3-1/2X3/8,L,,original
L 4X3-1/2X3/8,L,,original
L-4X3-1/2X3/8,L,,augmented
L_4X3-1/2X3/8,L,,augmented
L4 X 3-1/2X3/8,L,,original
L4X3-1/2X3/8 A36,L,,augmented
L 4 X 3-1/2 X 3/8,L,,original
Angle L4X3-1/2X3/8,L,,augmented
Angle-L4X3-1/2X3/8,L,,augmented
L4X3-1/2X3/8 Angle,L,,augmented
L Shape L4X3-1/2X3/8,L,,augmented
L Shape-L4X3-1/2X3/8,L,,augmented
L4X3-1/2X3/8 L Shape,L,,augmented
L4X3-1/2X5/16,L,,original
L 4X3-1/2X5/16,L,,original
L-4X3-1/2X5/16,L,,augmented
L_4X3-1/2X5/16,L,,augmented
L4 X 3-1/2X5/16,L,,original
L4X3-1/2X5/16 A36,L,,augmented
L 4 X 3-1/2 X 5/16,L,,original
Angle L4X3-1/2X5/16,L,,augmented
Angle-L4X3-1/2X5/16,L,,augmented
L4X3-1/2X5/16 Angle,L,,augmented
L Shape L4X3-1/2X5/16,L,,augmented
L Shape-L4X3-1/2X5/16,L,,augmented
L4X3-1/2X5/16 L Shape,L,,augmented
L4X3-1/2X1/4,L,,original
L 4X3-1/2X1/4,L,,original
L-4X3-1/2X1/4,L,,augmented
L_4X3-1/2X1/4,L,,augmented
L4 X 3-1/2X1/4,L,,original
L4X3-1/2X1/4 A36,L,,augmented
L 4 X 3-1/2 X 1/4,L,,original
Angle L4X3-1/2X1/4,L,,augmented
Angle-L4X3-1/2X1/4,L,,augmented
L4X3-1/2X1/4 Angle,L,,augmented
L Shape L4X3-1/2X1/4,L,,augmented
L Shape-L4X3-1/2X1/4,L,,augmented
L4X3-1/2X1/4 L Shape,L,,augmented
L4X3X5/8,L,,original
L 4X3X5/8,L,,original
L-4X3X5/8,L,,augmented
L_4X3X5/8,L,,augmented
L4 X 3X5/8,L,,original
L4X3X5/8 A36,L,,augmented
L 4 X 3 X 5/8,L,,original
Angle L4X3X5/8,L,,augmented
Angle-L4X3X5/8,L,,augmented
L4X3X5/8 Angle,L,,augmented
L Shape L4X3X5/8,L,,augmented
L Shape-L4X3X5/8,L,,augmented
L4X3X5/8 L Shape,L,,augmented
L4X3X1/2,L,,original
L 4X3X1/2,L,,original
L-4X3X1/2,L,,augmented
L_4X3X1/2,L,,augmented
L4 X 3X1/2,L,,original
L4X3X1/2 A36,L,,augmented
L 4 X 3 X 1/2,L,,original
Angle L4X3X1/2,L,,augmented
Angle-L4X3X1/2,L,,augmented
L4X3X1/2 Angle,L,,augmented
L Shape L4X3X1/2,L,,augmented
L Shape-L4X3X1/2,L,,augmented
L4X3X1/2 L Shape,L,,augmented
L4X3X3/8,L,,original
L 4X3X3/8,L,,original
L-4X3X3/8,L,,augmented
L_4X3X3/8,L,,augmented
L4 X 3X3/8,L,,original
L4X3X3/8 A36,L,,augmented
L 4 X 3 X 3/8,L,,original
Angle L4X3X3/8,L,,augmented
Angle-L4X3X3/8,L,,augmented
L4X3X3/8 Angle,L,,augmented
L Shape L4X3X3/8,L,,augmented
L Shape-L4X3X3/8,L,,augmented
L4X3X3/8 L Shape,L,,augmented
L4X3X5/16,L,,original
L 4X3X5/16,L,,original
L-4X3X5/16,L,,augmented
L_4X3X5/16,L,,augmented
L4 X 3X5/16,L,,original
L4X3X5/16 A36,L,,augmented
L 4 X 3 X 5/16,L,,original
Angle L4X3X5/16,L,,augmented
Angle-L4X3X5/16,L,,augmented
L4X3X5/16 Angle,L,,augmented
L Shape L4X3X5/16,L,,augmented
L Shape-L4X3X5/16,L,,augmented
L4X3X5/16 L Shape,L,,augmented
L4X3X1/4,L,,original
L 4X3X1/4,L,,original
L-4X3X1/4,L,,augmented
L_4X3X1/4,L,,augmented
L4 X 3X1/4,L,,original
L4X3X1/4 A36,L,,augmented
L 4 X 3 X 1/4,L,,original
Angle L4X3X1/4,L,,augmented
Angle-L4X3X1/4,L,,augmented
L4X3X1/4 Angle,L,,augmented
L Shape L4X3X1/4,L,,augmented
L Shape-L4X3X1/4,L,,augmented
L4X3X1/4 L Shape,L,,augmented
L3-1/2X3-1/2X1/2,L,,original
L 3-1/2X3-1/2X1/2,L,,original
L-3-1/2X3-1/2X1/2,L,,augmented
L_3-1/2X3-1/2X1/2,L,,augmented
L3-1/2 X 3-1/2X1/2,L,,original
L3-1/2X3-1/2X1/2 A36,L,,augmented
L 3-1/2 X 3-1/2 X 1/2,L,,original
Angle L3-1/2X3-1/2X1/2,L,,augmented
Angle-L3-1/2X3-1/2X1/2,L,,augmented
L3-1/2X3-1/2X1/2 Angle,L,,augmented
L Shape L3-1/2X3-1/2X1/2,L,,augmented
L Shape-L3-1/2X3-1/2X1/2,L,,augmented
L3-1/2X3-1/2X1/2 L Shape,L,,augmented
L3-1/2X3-1/2X7/16,L,,original
L 3-1/2X3-1/2X7/16,L,,original
L-3-1/2X3-1/2X7/16,L,,augmented
L_3-1/2X3-1/2X7/16,L,,augmented
L3-1/2 X 3-1/2X7/16,L,,original
L3-1/2X3-1/2X7/16 A36,L,,augmented
L 3-1/2 X 3-1/2 X 7/16,L,,original
Angle L3-1/2X3-1/2X7/16,L,,augmented
Angle-L3-1/2X3-1/2X7/16,L,,augmented
L3-1/2X3-1/2X7/16 Angle,L,,augmented
L Shape L3-1/2X3-1/2X7/16,L,,augmented
L Shape-L3-1/2X3-1/2X7/16,L,,augmented
L3-1/2X3-1/2X7/16 L Shape,L,,augmented
L3-1/2X3-1/2X3/8,L,,original
L 3-1/2X3-1/2X3/8,L,,original
L-3-1/2X3-1/2X3/8,L,,augmented
L_3-1/2X3-1/2X3/8,L,,augmented
L3-1/2 X 3-1/2X3/8,L,,original
L3-1/2X3-1/2X3/8 A36,L,,augmented
L 3-1/2 X 3-1/2 X 3/8,L,,original
Angle L3-1/2X3-1/2X3/8,L,,augmented
Angle-L3-1/2X3-1/2X3/8,L,,augmented
L3-1/2X3-1/2X3/8 Angle,L,,augmented
L Shape L3-1/2X3-1/2X3/8,L,,augmented
L Shape-L3-1/2X3-1/2X3/8,L,,augmented
L3-1/2X3-1/2X3/8 L Shape,L,,augmented
L3-1/2X3-1/2X5/16,L,,original
L 3-1/2X3-1/2X5/16,L,,original
L-3-1/2X3-1/2X5/16,L,,augmented
L_3-1/2X3-1/2X5/16,L,,augmented
L3-1/2 X 3-1/2X5/16,L,,original
L3-1/2X3-1/2X5/16 A36,L,,augmented
L 3-1/2 X 3-1/2 X 5/16,L,,original
Angle L3-1/2X3-1/2X5/16,L,,augmented
Angle-L3-1/2X3-1/2X5/16,L,,augmented
L3-1/2X3-1/2X5/16 Angle,L,,augmented
L Shape L3-1/2X3-1/2X5/16,L,,augmented
L Shape-L3-1/2X3-1/2X5/16,L,,augmented
L3-1/2X3-1/2X5/16 L Shape,L,,augmented
L3-1/2X3-1/2X1/4,L,,original
L 3-1/2X3-1/2X1/4,L,,original
L-3-1/2X3-1/2X1/4,L,,augmented
L_3-1/2X3-1/2X1/4,L,,augmented
L3-1/2 X 3-1/2X1/4,L,,original
L3-1/2X3-1/2X1/4 A36,L,,augmented
L 3-1/2 X 3-1/2 X 1/4,L,,original
Angle L3-1/2X3-1/2X1/4,L,,augmented
Angle-L3-1/2X3-1/2X1/4,L,,augmented
L3-1/2X3-1/2X1/4 Angle,L,,augmented
L Shape L3-1/2X3-1/2X1/4,L,,augmented
L Shape-L3-1/2X3-1/2X1/4,L,,augmented
L3-1/2X3-1/2X1/4 L Shape,L,,augmented
L3-1/2X3X1/2,L,,original
L 3-1/2X3X1/2,L,,original
L-3-1/2X3X1/2,L,,augmented
L_3-1/2X3X1/2,L,,augmented
L3-1/2 X 3X1/2,L,,original
L3-1/2X3X1/2 A36,L,,augmented
L 3-1/2 X 3 X 1/2,L,,original
Angle L3-1/2X3X1/2,L,,augmented
Angle-L3-1/2X3X1/2,L,,augmented
L3-1/2X3X1/2 Angle,L,,augmented
L Shape L3-1/2X3X1/2,L,,augmented
L Shape-L3-1/2X3X1/2,L,,augmented
L3-1/2X3X1/2 L Shape,L,,augmented
L3-1/2X3X7/16,L,,original
L 3-1/2X3X7/16,L,,original
L-3-1/2X3X7/16,L,,augmented
L_3-1/2X3X7/16,L,,augmented
L3-1/2 X 3X7/16,L,,original
L3-1/2X3X7/16 A36,L,,augmented
L 3-1/2 X 3 X 7/16,L,,original
Angle L3-1/2X3X7/16,L,,augmented
Angle-L3-1/2X3X7/16,L,,augmented
L3-1/2X3X7/16 Angle,L,,augmented
L Shape L3-1/2X3X7/16,L,,augmented
L Shape-L3-1/2X3X7/16,L,,augmented
L3-1/2X3X7/16 L Shape,L,,augmented
L3-1/2X3X3/8,L,,original
L 3-1/2X3X3/8,L,,original
L-3-1/2X3X3/8,L,,augmented
L_3-1/2X3X3/8,L,,augmented
L3-1/2 X 3X3/8,L,,original
L3-1/2X3X3/8 A36,L,,augmented
L 3-1/2 X 3 X 3/8,L,,original
Angle L3-1/2X3X3/8,L,,augmented
Angle-L3-1/2X3X3/8,L,,augmented
L3-1/2X3X3/8 Angle,L,,augmented
L Shape L3-1/2X3X3/8,L,,augmented
L Shape-L3-1/2X3X3/8,L,,augmented
L3-1/2X3X3/8 L Shape,L,,augmented
L3-1/2X3X5/16,L,,original
L 3-1/2X3X5/16,L,,original
L-3-1/2X3X5/16,L,,augmented
L_3-1/2X3X5/16,L,,augmented
L3-1/2 X 3X5/16,L,,original
L3-1/2X3X5/16 A36,L,,augmented
L 3-1/2 X 3 X 5/16,L,,original
Angle L3-1/2X3X5/16,L,,augmented
Angle-L3-1/2X3X5/16,L,,augmented
L3-1/2X3X5/16 Angle,L,,augmented
L Shape L3-1/2X3X5/16,L,,augmented
L Shape-L3-1/2X3X5/16,L,,augmented
L3-1/2X3X5/16 L Shape,L,,augmented
L3-1/2X3X1/4,L,,original
L 3-1/2X3X1/4,L,,original
L-3-1/2X3X1/4,L,,augmented
L_3-1/2X3X1/4,L,,augmented
L3-1/2 X 3X1/4,L,,original
L3-1/2X3X1/4 A36,L,,augmented
L 3-1/2 X 3 X 1/4,L,,original
Angle L3-1/2X3X1/4,L,,augmented
Angle-L3-1/2X3X1/4,L,,augmented
L3-1/2X3X1/4 Angle,L,,augmented
L Shape L3-1/2X3X1/4,L,,augmented
L Shape-L3-1/2X3X1/4,L,,augmented
L3-1/2X3X1/4 L Shape,L,,augmented
L3-1/2X2-1/2X1/2,L,,original
L 3-1/2X2-1/2X1/2,L,,original
L-3-1/2X2-1/2X1/2,L,,augmented
L_3-1/2X2-1/2X1/2,L,,augmented
L3-1/2 X 2-1/2X1/2,L,,original
L3-1/2X2-1/2X1/2 A36,L,,augmented
L 3-1/2 X 2-1/2 X 1/2,L,,original
Angle L3-1/2X2-1/2X1/2,L,,augmented
Angle-L3-1/2X2-1/2X1/2,L,,augmented
L3-1/2X2-1/2X1/2 Angle,L,,augmented
L Shape L3-1/2X2-1/2X1/2,L,,augmented
L Shape-L3-1/2X2-1/2X1/2,L,,augmented
L3-1/2X2-1/2X1/2 L Shape,L,,augmented
L3-1/2X2-1/2X3/8,L,,original
L 3-1/2X2-1/2X3/8,L,,original
L-3-1/2X2-1/2X3/8,L,,augmented
L_3-1/2X2-1/2X3/8,L,,augmented
L3-1/2 X 2-1/2X3/8,L,,original
L3-1/2X2-1/2X3/8 A36,L,,augmented
L 3-1/2 X 2-1/2 X 3/8,L,,original
Angle L3-1/2X2-1/2X3/8,L,,augmented
Angle-L3-1/2X2-1/2X3/8,L,,augmented
L3-1/2X2-1/2X3/8 Angle,L,,augmented
L Shape L3-1/2X2-1/2X3/8,L,,augmented
L Shape-L3-1/2X2-1/2X3/8,L,,augmented
L3-1/2X2-1/2X3/8 L Shape,L,,augmented
L3-1/2X2-1/2X5/16,L,,original
L 3-1/2X2-1/2X5/16,L,,original
L-3-1/2X2-1/2X5/16,L,,augmented
L_3-1/2X2-1/2X5/16,L,,augmented
L3-1/2 X 2-1/2X5/16,L,,original
L3-1/2X2-1/2X5/16 A36,L,,augmented
L 3-1/2 X 2-1/2 X 5/16,L,,original
Angle L3-1/2X2-1/2X5/16,L,,augmented
Angle-L3-1/2X2-1/2X5/16,L,,augmented
L3-1/2X2-1/2X5/16 Angle,L,,augmented
L Shape L3-1/2X2-1/2X5/16,L,,augmented
L Shape-L3-1/2X2-1/2X5/16,L,,augmented
L3-1/2X2-1/2X5/16 L Shape,L,,augmented
L3-1/2X2-1/2X1/4,L,,original
L 3-1/2X2-1/2X1/4,L,,original
L-3-1/2X2-1/2X1/4,L,,augmented
L_3-1/2X2-1/2X1/4,L,,augmented
L3-1/2 X 2-1/2X1/4,L,,original
L3-1/2X2-1/2X1/4 A36,L,,augmented
L 3-1/2 X 2-1/2 X 1/4,L,,original
Angle L3-1/2X2-1/2X1/4,L,,augmented
Angle-L3-1/2X2-1/2X1/4,L,,augmented
L3-1/2X2-1/2X1/4 Angle,L,,augmented
L Shape L3-1/2X2-1/2X1/4,L,,augmented
L Shape-L3-1/2X2-1/2X1/4,L,,augmented
L3-1/2X2-1/2X1/4 L Shape,L,,augmented
L3X3X1/2,L,,original
L 3X3X1/2,L,,original
L-3X3X1/2,L,,augmented
L_3X3X1/2,L,,augmented
L3 X 3X1/2,L,,original
L3X3X1/2 A36,L,,augmented
L 3 X 3 X 1/2,L,,original
Angle L3X3X1/2,L,,augmented
Angle-L3X3X1/2,L,,augmented
L3X3X1/2 Angle,L,,augmented
L Shape L3X3X1/2,L,,augmented
L Shape-L3X3X1/2,L,,augmented
L3X3X1/2 L Shape,L,,augmented
L3X3X7/16,L,,original
L 3X3X7/16,L,,original
L-3X3X7/16,L,,augmented
L_3X3X7/16,L,,augmented
L3 X 3X7/16,L,,original
L3X3X7/16 A36,L,,augmented
L 3 X 3 X 7/16,L,,original
Angle L3X3X7/16,L,,augmented
Angle-L3X3X7/16,L,,augmented
L3X3X7/16 Angle,L,,augmented
L Shape L3X3X7/16,L,,augmented
L Shape-L3X3X7/16,L,,augmented
L3X3X7/16 L Shape,L,,augmented
L3X3X3/8,L,,original
L 3X3X3/8,L,,original
L-3X3X3/8,L,,augmented
L_3X3X3/8,L,,augmented
L3 X 3X3/8,L,,original
L3X3X3/8 A36,L,,augmented
L 3 X 3 X 3/8,L,,original
Angle L3X3X3/8,L,,augmented
Angle-L3X3X3/8,L,,augmented
L3X3X3/8 Angle,L,,augmented
L Shape L3X3X3/8,L,,augmented
L Shape-L3X3X3/8,L,,augmented
L3X3X3/8 L Shape,L,,augmented
L3X3X5/16,L,,original
L 3X3X5/16,L,,original
L-3X3X5/16,L,,augmented
L_3X3X5/16,L,,augmented
L3 X 3X5/16,L,,original
L3X3X5/16 A36,L,,augmented
L 3 X 3 X 5/16,L,,original
Angle L3X3X5/16,L,,augmented
Angle-L3X3X5/16,L,,augmented
L3X3X5/16 Angle,L,,augmented
L Shape L3X3X5/16,L,,augmented
L Shape-L3X3X5/16,L,,augmented
L3X3X5/16 L Shape,L,,augmented
L3X3X1/4,L,,original
L 3X3X1/4,L,,original
L-3X3X1/4,L,,augmented
L_3X3X1/4,L,,augmented
L3 X 3X1/4,L,,original
L3X3X1/4 A36,L,,augmented
L 3 X 3 X 1/4,L,,original
Angle L3X3X1/4,L,,augmented
Angle-L3X3X1/4,L,,augmented
L3X3X1/4 Angle,L,,augmented
L Shape L3X3X1/4,L,,augmented
L Shape-L3X3X1/4,L,,augmented
L3X3X1/4 L Shape,L,,augmented
L3X3X3/16,L,,original
L 3X3X3/16,L,,original
L-3X3X3/16,L,,augmented
L_3X3X3/16,L,,augmented
L3 X 3X3/16,L,,original
L3X3X3/16 A36,L,,augmented
L 3 X 3 X 3/16,L,,original
Angle L3X3X3/16,L,,augmented
Angle-L3X3X3/16,L,,augmented
L3X3X3/16 Angle,L,,augmented
L Shape L3X3X3/16,L,,augmented
L Shape-L3X3X3/16,L,,augmented
L3X3X3/16 L Shape,L,,augmented
L3X2-1/2X1/2,L,,original
L 3X2-1/2X1/2,L,,original
L-3X2-1/2X1/2,L,,augmented
L_3X2-1/2X1/2,L,,augmented
L3 X 2-1/2X1/2,L,,original
L3X2-1/2X1/2 A36,L,,augmented
L 3 X 2-1/2 X 1/2,L,,original
Angle L3X2-1/2X1/2,L,,augmented
Angle-L3X2-1/2X1/2,L,,augmented
L3X2-1/2X1/2 Angle,L,,augmented
L Shape L3X2-1/2X1/2,L,,augmented
L Shape-L3X2-1/2X1/2,L,,augmented
L3X2-1/2X1/2 L Shape,L,,augmented
L3X2-1/2X7/16,L,,original
L 3X2-1/2X7/16,L,,original
L-3X2-1/2X7/16,L,,augmented
L_3X2-1/2X7/16,L,,augmented
L3 X 2-1/2X7/16,L,,original
L3X2-1/2X7/16 A36,L,,augmented
L 3 X 2-1/2 X 7/16,L,,original
Angle L3X2-1/2X7/16,L,,augmented
Angle-L3X2-1/2X7/16,L,,augmented
L3X2-1/2X7/16 Angle,L,,augmented
L Shape L3X2-1/2X7/16,L,,augmented
L Shape-L3X2-1/2X7/16,L,,augmented
L3X2-1/2X7/16 L Shape,L,,augmented
L3X2-1/2X3/8,L,,original
L 3X2-1/2X3/8,L,,original
L-3X2-1/2X3/8,L,,augmented
L_3X2-1/2X3/8,L,,augmented
L3 X 2-1/2X3/8,L,,original
L3X2-1/2X3/8 A36,L,,augmented
L 3 X 2-1/2 X 3/8,L,,original
Angle L3X2-1/2X3/8,L,,augmented
Angle-L3X2-1/2X3/8,L,,augmented
L3X2-1/2X3/8 Angle,L,,augmented
L Shape L3X2-1/2X3/8,L,,augmented
L Shape-L3X2-1/2X3/8,L,,augmented
L3X2-1/2X3/8 L Shape,L,,augmented
L3X2-1/2X5/16,L,,original
L 3X2-1/2X5/16,L,,original
L-3X2-1/2X5/16,L,,augmented
L_3X2-1/2X5/16,L,,augmented
L3 X 2-1/2X5/16,L,,original
L3X2-1/2X5/16 A36,L,,augmented
L 3 X 2-1/2 X 5/16,L,,original
Angle L3X2-1/2X5/16,L,,augmented
Angle-L3X2-1/2X5/16,L,,augmented
L3X2-1/2X5/16 Angle,L,,augmented
L Shape L3X2-1/2X5/16,L,,augmented
L Shape-L3X2-1/2X5/16,L,,augmented
L3X2-1/2X5/16 L Shape,L,,augmented
L3X2-1/2X1/4,L,,original
L 3X2-1/2X1/4,L,,original
L-3X2-1/2X1/4,L,,augmented
L_3X2-1/2X1/4,L,,augmented
L3 X 2-1/2X1/4,L,,original
L3X2-1/2X1/4 A36,L,,augmented
L 3 X 2-1/2 X 1/4,L,,original
Angle L3X2-1/2X1/4,L,,augmented
Angle-L3X2-1/2X1/4,L,,augmented
L3X2-1/2X1/4 Angle,L,,augmented
L Shape L3X2-1/2X1/4,L,,augmented
L Shape-L3X2-1/2X1/4,L,,augmented
L3X2-1/2X1/4 L Shape,L,,augmented
L3X2-1/2X3/16,L,,original
L 3X2-1/2X3/16,L,,original
L-3X2-1/2X3/16,L,,augmented
L_3X2-1/2X3/16,L,,augmented
L3 X 2-1/2X3/16,L,,original
L3X2-1/2X3/16 A36,L,,augmented
L 3 X 2-1/2 X 3/16,L,,original
Angle L3X2-1/2X3/16,L,,augmented
Angle-L3X2-1/2X3/16,L,,augmented
L3X2-1/2X3/16 Angle,L,,augmented
L Shape L3X2-1/2X3/16,L,,augmented
L Shape-L3X2-1/2X3/16,L,,augmented
L3X2-1/2X3/16 L Shape,L,,augmented
L3X2X1/2,L,,original
L 3X2X1/2,L,,original
L-3X2X1/2,L,,augmented
L_3X2X1/2,L,,augmented
L3 X 2X1/2,L,,original
L3X2X1/2 A36,L,,augmented
L 3 X 2 X 1/2,L,,original
Angle L3X2X1/2,L,,augmented
Angle-L3X2X1/2,L,,augmented
L3X2X1/2 Angle,L,,augmented
L Shape L3X2X1/2,L,,augmented
L Shape-L3X2X1/2,L,,augmented
L3X2X1/2 L Shape,L,,augmented
L3X2X3/8,L,,original
L 3X2X3/8,L,,original
L-3X2X3/8,L,,augmented
L_3X2X3/8,L,,augmented
L3 X 2X3/8,L,,original
L3X2X3/8 A36,L,,augmented
L 3 X 2 X 3/8,L,,original
Angle L3X2X3/8,L,,augmented
Angle-L3X2X3/8,L,,augmented
L3X2X3/8 Angle,L,,augmented
L Shape L3X2X3/8,L,,augmented
L Shape-L3X2X3/8,L,,augmented
L3X2X3/8 L Shape,L,,augmented
L3X2X5/16,L,,original
L 3X2X5/16,L,,original
L-3X2X5/16,L,,augmented
L_3X2X5/16,L,,augmented
L3 X 2X5/16,L,,original
L3X2X5/16 A36,L,,augmented
L 3 X 2 X 5/16,L,,original
Angle L3X2X5/16,L,,augmented
Angle-L3X2X5/16,L,,augmented
L3X2X5/16 Angle,L,,augmented
L Shape L3X2X5/16,L,,augmented
L Shape-L3X2X5/16,L,,augmented
L3X2X5/16 L Shape,L,,augmented
L3X2X1/4,L,,original
L 3X2X1/4,L,,original
L-3X2X1/4,L,,augmented
L_3X2X1/4,L,,augmented
L3 X 2X1/4,L,,original
L3X2X1/4 A36,L,,augmented
L 3 X 2 X 1/4,L,,original
Angle L3X2X1/4,L,,augmented
Angle-L3X2X1/4,L,,augmented
L3X2X1/4 Angle,L,,augmented
L Shape L3X2X1/4,L,,augmented
L Shape-L3X2X1/4,L,,augmented
L3X2X1/4 L Shape,L,,augmented
L3X2X3/16,L,,original
L 3X2X3/16,L,,original
L-3X2X3/16,L,,augmented
L_3X2X3/16,L,,augmented
L3 X 2X3/16,L,,original
L3X2X3/16 A36,L,,augmented
L 3 X 2 X 3/16,L,,original
Angle L3X2X3/16,L,,augmented
Angle-L3X2X3/16,L,,augmented
L3X2X3/16 Angle,L,,augmented
L Shape L3X2X3/16,L,,augmented
L Shape-L3X2X3/16,L,,augmented
L3X2X3/16 L Shape,L,,augmented
L2-1/2X2-1/2X1/2,L,,original
L 2-1/2X2-1/2X1/2,L,,original
L-2-1/2X2-1/2X1/2,L,,augmented
L_2-1/2X2-1/2X1/2,L,,augmented
L2-1/2 X 2-1/2X1/2,L,,original
L2-1/2X2-1/2X1/2 A36,L,,augmented
L 2-1/2 X 2-1/2 X 1/2,L,,original
Angle L2-1/2X2-1/2X1/2,L,,augmented
Angle-L2-1/2X2-1/2X1/2,L,,augmented
L2-1/2X2-1/2X1/2 Angle,L,,augmented
L Shape L2-1/2X2-1/2X1/2,L,,augmented
L Shape-L2-1/2X2-1/2X1/2,L,,augmented
L2-1/2X2-1/2X1/2 L Shape,L,,augmented
L2-1/2X2-1/2X3/8,L,,original
L 2-1/2X2-1/2X3/8,L,,original
L-2-1/2X2-1/2X3/8,L,,augmented
L_2-1/2X2-1/2X3/8,L,,augmented
L2-1/2 X 2-1/2X3/8,L,,original
L2-1/2X2-1/2X3/8 A36,L,,augmented
L 2-1/2 X 2-1/2 X 3/8,L,,original
Angle L2-1/2X2-1/2X3/8,L,,augmented
Angle-L2-1/2X2-1/2X3/8,L,,augmented
L2-1/2X2-1/2X3/8 Angle,L,,augmented
L Shape L2-1/2X2-1/2X3/8,L,,augmented
L Shape-L2-1/2X2-1/2X3/8,L,,augmented
L2-1/2X2-1/2X3/8 L Shape,L,,augmented
L2-1/2X2-1/2X5/16,L,,original
L 2-1/2X2-1/2X5/16,L,,original
L-2-1/2X2-1/2X5/16,L,,augmented
L_2-1/2X2-1/2X5/16,L,,augmented
L2-1/2 X 2-1/2X5/16,L,,original
L2-1/2X2-1/2X5/16 A36,L,,augmented
L 2-1/2 X 2-1/2 X 5/16,L,,original
Angle L2-1/2X2-1/2X5/16,L,,augmented
Angle-L2-1/2X2-1/2X5/16,L,,augmented
L2-1/2X2-1/2X5/16 Angle,L,,augmented
L Shape L2-1/2X2-1/2X5/16,L,,augmented
L Shape-L2-1/2X2-1/2X5/16,L,,augmented
L2-1/2X2-1/2X5/16 L Shape,L,,augmented
L2-1/2X2-1/2X1/4,L,,original
L 2-1/2X2-1/2X1/4,L,,original
L-2-1/2X2-1/2X1/4,L,,augmented
L_2-1/2X2-1/2X1/4,L,,augmented
L2-1/2 X 2-1/2X1/4,L,,original
L2-1/2X2-1/2X1/4 A36,L,,augmented
L 2-1/2 X 2-1/2 X 1/4,L,,original
Angle L2-1/2X2-1/2X1/4,L,,augmented
Angle-L2-1/2X2-1/2X1/4,L,,augmented
L2-1/2X2-1/2X1/4 Angle,L,,augmented
L Shape L2-1/2X2-1/2X1/4,L,,augmented
L Shape-L2-1/2X2-1/2X1/4,L,,augmented
L2-1/2X2-1/2X1/4 L Shape,L,,augmented
L2-1/2X2-1/2X3/16,L,,original
L 2-1/2X2-1/2X3/16,L,,original
L-2-1/2X2-1/2X3/16,L,,augmented
L_2-1/2X2-1/2X3/16,L,,augmented
L2-1/2 X 2-1/2X3/16,L,,original
L2-1/2X2-1/2X3/16 A36,L,,augmented
L 2-1/2 X 2-1/2 X 3/16,L,,original
Angle L2-1/2X2-1/2X3/16,L,,augmented
Angle-L2-1/2X2-1/2X3/16,L,,augmented
L2-1/2X2-1/2X3/16 Angle,L,,augmented
L Shape L2-1/2X2-1/2X3/16,L,,augmented
L Shape-L2-1/2X2-1/2X3/16,L,,augmented
L2-1/2X2-1/2X3/16 L Shape,L,,augmented
L2-1/2X2X3/8,L,,original
L 2-1/2X2X3/8,L,,original
L-2-1/2X2X3/8,L,,augmented
L_2-1/2X2X3/8,L,,augmented
L2-1/2 X 2X3/8,L,,original
L2-1/2X2X3/8 A36,L,,augmented
L 2-1/2 X 2 X 3/8,L,,original
Angle L2-1/2X2X3/8,L,,augmented
Angle-L2-1/2X2X3/8,L,,augmented
L2-1/2X2X3/8 Angle,L,,augmented
L Shape L2-1/2X2X3/8,L,,augmented
L Shape-L2-1/2X2X3/8,L,,augmented
L2-1/2X2X3/8 L Shape,L,,augmented
L2-1/2X2X5/16,L,,original
L 2-1/2X2X5/16,L,,original
L-2-1/2X2X5/16,L,,augmented
L_2-1/2X2X5/16,L,,augmented
L2-1/2 X 2X5/16,L,,original
L2-1/2X2X5/16 A36,L,,augmented
L 2-1/2 X 2 X 5/16,L,,original
Angle L2-1/2X2X5/16,L,,augmented
Angle-L2-1/2X2X5/16,L,,augmented
L2-1/2X2X5/16 Angle,L,,augmented
L Shape L2-1/2X2X5/16,L,,augmented
L Shape-L2-1/2X2X5/16,L,,augmented
L2-1/2X2X5/16 L Shape,L,,augmented
L2-1/2X2X1/4,L,,original
L 2-1/2X2X1/4,L,,original
L-2-1/2X2X1/4,L,,augmented
L_2-1/2X2X1/4,L,,augmented
L2-1/2 X 2X1/4,L,,original
L2-1/2X2X1/4 A36,L,,augmented
L 2-1/2 X 2 X 1/4,L,,original
Angle L2-1/2X2X1/4,L,,augmented
Angle-L2-1/2X2X1/4,L,,augmented
L2-1/2X2X1/4 Angle,L,,augmented
L Shape L2-1/2X2X1/4,L,,augmented
L Shape-L2-1/2X2X1/4,L,,augmented
L2-1/2X2X1/4 L Shape,L,,augmented
L2-1/2X2X3/16,L,,original
L 2-1/2X2X3/16,L,,original
L-2-1/2X2X3/16,L,,augmented
L_2-1/2X2X3/16,L,,augmented
L2-1/2 X 2X3/16,L,,original
L2-1/2X2X3/16 A36,L,,augmented
L 2-1/2 X 2 X 3/16,L,,original
Angle L2-1/2X2X3/16,L,,augmented
Angle-L2-1/2X2X3/16,L,,augmented
L2-1/2X2X3/16 Angle,L,,augmented
L Shape L2-1/2X2X3/16,L,,augmented
L Shape-L2-1/2X2X3/16,L,,augmented
L2-1/2X2X3/16 L Shape,L,,augmented
L2-1/2X1-1/2X1/4,L,,original
L 2-1/2X1-1/2X1/4,L,,original
L-2-1/2X1-1/2X1/4,L,,augmented
L_2-1/2X1-1/2X1/4,L,,augmented
L2-1/2 X 1-1/2X1/4,L,,original
L2-1/2X1-1/2X1/4 A36,L,,augmented
L 2-1/2 X 1-1/2 X 1/4,L,,original
Angle L2-1/2X1-1/2X1/4,L,,augmented
Angle-L2-1/2X1-1/2X1/4,L,,augmented
L2-1/2X1-1/2X1/4 Angle,L,,augmented
L Shape L2-1/2X1-1/2X1/4,L,,augmented
L Shape-L2-1/2X1-1/2X1/4,L,,augmented
L2-1/2X1-1/2X1/4 L Shape,L,,augmented
L2-1/2X1-1/2X3/16,L,,original
L 2-1/2X1-1/2X3/16,L,,original
L-2-1/2X1-1/2X3/16,L,,augmented
L_2-1/2X1-1/2X3/16,L,,augmented
L2-1/2 X 1-1/2X3/16,L,,original
L2-1/2X1-1/2X3/16 A36,L,,augmented
L 2-1/2 X 1-1/2 X 3/16,L,,original
Angle L2-1/2X1-1/2X3/16,L,,augmented
Angle-L2-1/2X1-1/2X3/16,L,,augmented
L2-1/2X1-1/2X3/16 Angle,L,,augmented
L Shape L2-1/2X1-1/2X3/16,L,,augmented
L Shape-L2-1/2X1-1/2X3/16,L,,augmented
L2-1/2X1-1/2X3/16 L Shape,L,,augmented
L2X2X3/8,L,,original
L 2X2X3/8,L,,original
L-2X2X3/8,L,,augmented
L_2X2X3/8,L,,augmented
L2 X 2X3/8,L,,original
L2X2X3/8 A36,L,,augmented
L 2 X 2 X 3/8,L,,original
Angle L2X2X3/8,L,,augmented
Angle-L2X2X3/8,L,,augmented
L2X2X3/8 Angle,L,,augmented
L Shape L2X2X3/8,L,,augmented
L Shape-L2X2X3/8,L,,augmented
L2X2X3/8 L Shape,L,,augmented
L2X2X5/16,L,,original
L 2X2X5/16,L,,original
L-2X2X5/16,L,,augmented
L_2X2X5/16,L,,augmented
L2 X 2X5/16,L,,original
L2X2X5/16 A36,L,,augmented
L 2 X 2 X 5/16,L,,original
Angle L2X2X5/16,L,,augmented
Angle-L2X2X5/16,L,,augmented
L2X2X5/16 Angle,L,,augmented
L Shape L2X2X5/16,L,,augmented
L Shape-L2X2X5/16,L,,augmented
L2X2X5/16 L Shape,L,,augmented
L2X2X1/4,L,,original
L 2X2X1/4,L,,original
L-2X2X1/4,L,,augmented
L_2X2X1/4,L,,augmented
L2 X 2X1/4,L,,original
L2X2X1/4 A36,L,,augmented
L 2 X 2 X 1/4,L,,original
Angle L2X2X1/4,L,,augmented
Angle-L2X2X1/4,L,,augmented
L2X2X1/4 Angle,L,,augmented
L Shape L2X2X1/4,L,,augmented
L Shape-L2X2X1/4,L,,augmented
L2X2X1/4 L Shape,L,,augmented
L2X2X3/16,L,,original
L 2X2X3/16,L,,original
L-2X2X3/16,L,,augmented
L_2X2X3/16,L,,augmented
L2 X 2X3/16,L,,original
L2X2X3/16 A36,L,,augmented
L 2 X 2 X 3/16,L,,original
Angle L2X2X3/16,L,,augmented
Angle-L2X2X3/16,L,,augmented
L2X2X3/16 Angle,L,,augmented
L Shape L2X2X3/16,L,,augmented
L Shape-L2X2X3/16,L,,augmented
L2X2X3/16 L Shape,L,,augmented
L2X2X1/8,L,,original
L 2X2X1/8,L,,original
L-2X2X1/8,L,,augmented
L_2X2X1/8,L,,augmented
L2 X 2X1/8,L,,original
L2X2X1/8 A36,L,,augmented
L 2 X 2 X 1/8,L,,original
Angle L2X2X1/8,L,,augmented
Angle-L2X2X1/8,L,,augmented
L2X2X1/8 Angle,L,,augmented
L Shape L2X2X1/8,L,,augmented
L Shape-L2X2X1/8,L,,augmented
L2X2X1/8 L Shape,L,,augmented
WT22X204,WT,,original
WT 22X204,WT,,original
WT-22X204,WT,,augmented
WT_22X204,WT,,augmented
WT22 X 204,WT,,original
WT 22 X 204,WT,,original
Tee WT22X204,WT,,augmented
Tee-WT22X204,WT,,augmented
WT22X204 Tee,WT,,augmented
WT22X204 A992,WT,,augmented
WT Shape WT22X204,WT,,augmented
WT Shape-WT22X204,WT,,augmented
WT22X204 WT Shape,WT,,augmented
WT22X184,WT,,original
WT 22X184,WT,,original
WT-22X184,WT,,augmented
WT_22X184,WT,,augmented
WT22 X 184,WT,,original
WT 22 X 184,WT,,original
Tee WT22X184,WT,,augmented
Tee-WT22X184,WT,,augmented
WT22X184 Tee,WT,,augmented
WT22X184 A992,WT,,augmented
WT Shape WT22X184,WT,,augmented
WT Shape-WT22X184,WT,,augmented
WT22X184 WT Shape,WT,,augmented
WT22X167.5,WT,,original
WT 22X167.5,WT,,original
WT-22X167.5,WT,,augmented
WT_22X167.5,WT,,augmented
WT22 X 167.5,WT,,original
WT 22 X 167.5,WT,,original
Tee WT22X167.5,WT,,augmented
Tee-WT22X167.5,WT,,augmented
WT22X167.5 Tee,WT,,augmented
WT22X167.5 A992,WT,,augmented
WT Shape WT22X167.5,WT,,augmented
WT Shape-WT22X167.5,WT,,augmented
WT22X167.5 WT Shape,WT,,augmented
WT22X145,WT,,original
WT 22X145,WT,,original
WT-22X145,WT,,augmented
WT_22X145,WT,,augmented
WT22 X 145,WT,,original
WT 22 X 145,WT,,original
Tee WT22X145,WT,,augmented
Tee-WT22X145,WT,,augmented
WT22X145 Tee,WT,,augmented
WT22X145 A992,WT,,augmented
WT Shape WT22X145,WT,,augmented
WT Shape-WT22X145,WT,,augmented
WT22X145 WT Shape,WT,,augmented
WT22X131,WT,,original
WT 22X131,WT,,original
WT-22X131,WT,,augmented
WT_22X131,WT,,augmented
WT22 X 131,WT,,original
WT 22 X 131,WT,,original
Tee WT22X131,WT,,augmented
Tee-WT22X131,WT,,augmented
WT22X131 Tee,WT,,augmented
WT22X131 A992,WT,,augmented
WT Shape WT22X131,WT,,augmented
WT Shape-WT22X131,WT,,augmented
WT22X131 WT Shape,WT,,augmented
WT22X115,WT,,original
WT 22X115,WT,,original
WT-22X115,WT,,augmented
WT_22X115,WT,,augmented
WT22 X 115,WT,,original
WT 22 X 115,WT,,original
Tee WT22X115,WT,,augmented
Tee-WT22X115,WT,,augmented
WT22X115 Tee,WT,,augmented
WT22X115 A992,WT,,augmented
WT Shape WT22X115,WT,,augmented
WT Shape-WT22X115,WT,,augmented
WT22X115 WT Shape,WT,,augmented
WT20X327.5,WT,,original
WT 20X327.5,WT,,original
WT-20X327.5,WT,,augmented
WT_20X327.5,WT,,augmented
WT20 X 327.5,WT,,original
WT 20 X 327.5,WT,,original
Tee WT20X327.5,WT,,augmented
Tee-WT20X327.5,WT,,augmented
WT20X327.5 Tee,WT,,augmented
WT20X327.5 A992,WT,,augmented
WT Shape WT20X327.5,WT,,augmented
WT Shape-WT20X327.5,WT,,augmented
WT20X327.5 WT Shape,WT,,augmented
WT20X296.5,WT,,original
WT 20X296.5,WT,,original
WT-20X296.5,WT,,augmented
WT_20X296.5,WT,,augmented
WT20 X 296.5,WT,,original
WT 20 X 296.5,WT,,original
Tee WT20X296.5,WT,,augmented
Tee-WT20X296.5,WT,,augmented
WT20X296.5 Tee,WT,,augmented
WT20X296.5 A992,WT,,augmented
WT Shape WT20X296.5,WT,,augmented
WT Shape-WT20X296.5,WT,,augmented
WT20X296.5 WT Shape,WT,,augmented
WT20X251.5,WT,,original
WT 20X251.5,WT,,original
WT-20X251.5,WT,,augmented
WT_20X251.5,WT,,augmented
WT20 X 251.5,WT,,original
WT 20 X 251.5,WT,,original
Tee WT20X251.5,WT,,augmented
Tee-WT20X251.5,WT,,augmented
WT20X251.5 Tee,WT,,augmented
WT20X251.5 A992,WT,,augmented
WT Shape WT20X251.5,WT,,augmented
WT Shape-WT20X251.5,WT,,augmented
WT20X251.5 WT Shape,WT,,augmented
WT20X215.5,WT,,original
WT 20X215.5,WT,,original
WT-20X215.5,WT,,augmented
WT_20X215.5,WT,,augmented
WT20 X 215.5,WT,,original
WT 20 X 215.5,WT,,original
Tee WT20X215.5,WT,,augmented
Tee-WT20X215.5,WT,,augmented
WT20X215.5 Tee,WT,,augmented
WT20X215.5 A992,WT,,augmented
WT Shape WT20X215.5,WT,,augmented
WT Shape-WT20X215.5,WT,,augmented
WT20X215.5 WT Shape,WT,,augmented
WT20X198.5,WT,,original
WT 20X198.5,WT,,original
WT-20X198.5,WT,,augmented
WT_20X198.5,WT,,augmented
WT20 X 198.5,WT,,original
WT 20 X 198.5,WT,,original
Tee WT20X198.5,WT,,augmented
Tee-WT20X198.5,WT,,augmented
WT20X198.5 Tee,WT,,augmented
WT20X198.5 A992,WT,,augmented
WT Shape WT20X198.5,WT,,augmented
WT Shape-WT20X198.5,WT,,augmented
WT20X198.5 WT Shape,WT,,augmented
WT20X186,WT,,original
WT 20X186,WT,,original
WT-20X186,WT,,augmented
WT_20X186,WT,,augmented
WT20 X 186,WT,,original
WT 20 X 186,WT,,original
Tee WT20X186,WT,,augmented
Tee-WT20X186,WT,,augmented
WT20X186 Tee,WT,,augmented
WT20X186 A992,WT,,augmented
WT Shape WT20X186,WT,,augmented
WT Shape-WT20X186,WT,,augmented
WT20X186 WT Shape,WT,,augmented
WT20X181,WT,,original
WT 20X181,WT,,original
WT-20X181,WT,,augmented
WT_20X181,WT,,augmented
WT20 X 181,WT,,original
WT 20 X 181,WT,,original
Tee WT20X181,WT,,augmented
Tee-WT20X181,WT,,augmented
WT20X181 Tee,WT,,augmented
WT20X181 A992,WT,,augmented
WT Shape WT20X181,WT,,augmented
WT Shape-WT20X181,WT,,augmented
WT20X181 WT Shape,WT,,augmented
WT20X162,WT,,original
WT 20X162,WT,,original
WT-20X162,WT,,augmented
WT_20X162,WT,,augmented
WT20 X 162,WT,,original
WT 20 X 162,WT,,original
Tee WT20X162,WT,,augmented
Tee-WT20X162,WT,,augmented
WT20X162 Tee,WT,,augmented
WT20X162 A992,WT,,augmented
WT Shape WT20X162,WT,,augmented
WT Shape-WT20X162,WT,,augmented
WT20X162 WT Shape,WT,,augmented
WT20X148.5,WT,,original
WT 20X148.5,WT,,original
WT-20X148.5,WT,,augmented
WT_20X148.5,WT,,augmented
WT20 X 148.5,WT,,original
WT 20 X 148.5,WT,,original
Tee WT20X148.5,WT,,augmented
Tee-WT20X148.5,WT,,augmented
WT20X148.5 Tee,WT,,augmented
WT20X148.5 A992,WT,,augmented
WT Shape WT20X148.5,WT,,augmented
WT Shape-WT20X148.5,WT,,augmented
WT20X148.5 WT Shape,WT,,augmented
WT20X138.5,WT,,original
WT 20X138.5,WT,,original
WT-20X138.5,WT,,augmented
WT_20X138.5,WT,,augmented
WT20 X 138.5,WT,,original
WT 20 X 138.5,WT,,original
Tee WT20X138.5,WT,,augmented
Tee-WT20X138.5,WT,,augmented
WT20X138.5 Tee,WT,,augmented
WT20X138.5 A992,WT,,augmented
WT Shape WT20X138.5,WT,,augmented
WT Shape-WT20X138.5,WT,,augmented
WT20X138.5 WT Shape,WT,,augmented
WT20X124.5,WT,,original
WT 20X124.5,WT,,original
WT-20X124.5,WT,,augmented
WT_20X124.5,WT,,augmented
WT20 X 124.5,WT,,original
WT 20 X 124.5,WT,,original
Tee WT20X124.5,WT,,augmented
Tee-WT20X124.5,WT,,augmented
WT20X124.5 Tee,WT,,augmented
WT20X124.5 A992,WT,,augmented
WT Shape WT20X124.5,WT,,augmented
WT Shape-WT20X124.5,WT,,augmented
WT20X124.5 WT Shape,WT,,augmented
WT20X107.5,WT,,original
WT 20X107.5,WT,,original
WT-20X107.5,WT,,augmented
WT_20X107.5,WT,,augmented
WT20 X 107.5,WT,,original
WT 20 X 107.5,WT,,original
Tee WT20X107.5,WT,,augmented
Tee-WT20X107.5,WT,,augmented
WT20X107.5 Tee,WT,,augmented
WT20X107.5 A992,WT,,augmented
WT Shape WT20X107.5,WT,,augmented
WT Shape-WT20X107.5,WT,,augmented
WT20X107.5 WT Shape,WT,,augmented
WT20X99.5,WT,,original
WT 20X99.5,WT,,original
WT-20X99.5,WT,,augmented
WT_20X99.5,WT,,augmented
WT20 X 99.5,WT,,original
WT 20 X 99.5,WT,,original
Tee WT20X99.5,WT,,augmented
Tee-WT20X99.5,WT,,augmented
WT20X99.5 Tee,WT,,augmented
WT20X99.5 A992,WT,,augmented
WT Shape WT20X99.5,WT,,augmented
WT Shape-WT20X99.5,WT,,augmented
WT20X99.5 WT Shape,WT,,augmented
WT20X196,WT,,original
WT 20X196,WT,,original
WT-20X196,WT,,augmented
WT_20X196,WT,,augmented
WT20 X 196,WT,,original
WT 20 X 196,WT,,original
Tee WT20X196,WT,,augmented
Tee-WT20X196,WT,,augmented
WT20X196 Tee,WT,,augmented
WT20X196 A992,WT,,augmented
WT Shape WT20X196,WT,,augmented
WT Shape-WT20X196,WT,,augmented
WT20X196 WT Shape,WT,,augmented
WT20X165.5,WT,,original
WT 20X165.5,WT,,original
WT-20X165.5,WT,,augmented
WT_20X165.5,WT,,augmented
WT20 X 165.5,WT,,original
WT 20 X 165.5,WT,,original
Tee WT20X165.5,WT,,augmented
Tee-WT20X165.5,WT,,augmented
WT20X165.5 Tee,WT,,augmented
WT20X165.5 A992,WT,,augmented
WT Shape WT20X165.5,WT,,augmented
WT Shape-WT20X165.5,WT,,augmented
WT20X165.5 WT Shape,WT,,augmented
WT20X163.5,WT,,original
WT 20X163.5,WT,,original
WT-20X163.5,WT,,augmented
WT_20X163.5,WT,,augmented
WT20 X 163.5,WT,,original
WT 20 X 163.5,WT,,original
Tee WT20X163.5,WT,,augmented
Tee-WT20X163.5,WT,,augmented
WT20X163.5 Tee,WT,,augmented
WT20X163.5 A992,WT,,augmented
WT Shape WT20X163.5,WT,,augmented
WT Shape-WT20X163.5,WT,,augmented
WT20X163.5 WT Shape,WT,,augmented
WT20X147,WT,,original
WT 20X147,WT,,original
WT-20X147,WT,,augmented
WT_20X147,WT,,augmented
WT20 X 147,WT,,original
WT 20 X 147,WT,,original
Tee WT20X147,WT,,augmented
Tee-WT20X147,WT,,augmented
WT20X147 Tee,WT,,augmented
WT20X147 A992,WT,,augmented
WT Shape WT20X147,WT,,augmented
WT Shape-WT20X147,WT,,augmented
WT20X147 WT Shape,WT,,augmented
WT20X139,WT,,original
WT 20X139,WT,,original
WT-20X139,WT,,augmented
WT_20X139,WT,,augmented
WT20 X 139,WT,,original
WT 20 X 139,WT,,original
Tee WT20X139,WT,,augmented
Tee-WT20X139,WT,,augmented
WT20X139 Tee,WT,,augmented
WT20X139 A992,WT,,augmented
WT Shape WT20X139,WT,,augmented
WT Shape-WT20X139,WT,,augmented
WT20X139 WT Shape,WT,,augmented
WT20X132,WT,,original
WT 20X132,WT,,original
WT-20X132,WT,,augmented
WT_20X132,WT,,augmented
WT20 X 132,WT,,original
WT 20 X 132,WT,,original
Tee WT20X132,WT,,augmented
Tee-WT20X132,WT,,augmented
WT20X132 Tee,WT,,augmented
WT20X132 A992,WT,,augmented
WT Shape WT20X132,WT,,augmented
WT Shape-WT20X132,WT,,augmented
WT20X132 WT Shape,WT,,augmented
WT20X117.5,WT,,original
WT 20X117.5,WT,,original
WT-20X117.5,WT,,augmented
WT_20X117.5,WT,,augmented
WT20 X 117.5,WT,,original
WT 20 X 117.5,WT,,original
Tee WT20X117.5,WT,,augmented
Tee-WT20X117.5,WT,,augmented
WT20X117.5 Tee,WT,,augmented
WT20X117.5 A992,WT,,augmented
WT Shape WT20X117.5,WT,,augmented
WT Shape-WT20X117.5,WT,,augmented
WT20X117.5 WT Shape,WT,,augmented
WT20X105.5,WT,,original
WT 20X105.5,WT,,original
WT-20X105.5,WT,,augmented
WT_20X105.5,WT,,augmented
WT20 X 105.5,WT,,original
WT 20 X 105.5,WT,,original
Tee WT20X105.5,WT,,augmented
Tee-WT20X105.5,WT,,augmented
WT20X105.5 Tee,WT,,augmented
WT20X105.5 A992,WT,,augmented
WT Shape WT20X105.5,WT,,augmented
WT Shape-WT20X105.5,WT,,augmented
WT20X105.5 WT Shape,WT,,augmented
WT20X91.5,WT,,original
WT 20X91.5,WT,,original
WT-20X91.5,WT,,augmented
WT_20X91.5,WT,,augmented
WT20 X 91.5,WT,,original
WT 20 X 91.5,WT,,original
Tee WT20X91.5,WT,,augmented
Tee-WT20X91.5,WT,,augmented
WT20X91.5 Tee,WT,,augmented
WT20X91.5 A992,WT,,augmented
WT Shape WT20X91.5,WT,,augmented
WT Shape-WT20X91.5,WT,,augmented
WT20X91.5 WT Shape,WT,,augmented
WT20X83.5,WT,,original
WT 20X83.5,WT,,original
WT-20X83.5,WT,,augmented
WT_20X83.5,WT,,augmented
WT20 X 83.5,WT,,original
WT 20 X 83.5,WT,,original
Tee WT20X83.5,WT,,augmented
Tee-WT20X83.5,WT,,augmented
WT20X83.5 Tee,WT,,augmented
WT20X83.5 A992,WT,,augmented
WT Shape WT20X83.5,WT,,augmented
WT Shape-WT20X83.5,WT,,augmented
WT20X83.5 WT Shape,WT,,augmented
WT20X74.5,WT,,original
WT 20X74.5,WT,,original
WT-20X74.5,WT,,augmented
WT_20X74.5,WT,,augmented
WT20 X 74.5,WT,,original
WT 20 X 74.5,WT,,original
Tee WT20X74.5,WT,,augmented
Tee-WT20X74.5,WT,,augmented
WT20X74.5 Tee,WT,,augmented
WT20X74.5 A992,WT,,augmented
WT Shape WT20X74.5,WT,,augmented
WT Shape-WT20X74.5,WT,,augmented
WT20X74.5 WT Shape,WT,,augmented
WT18X462.5,WT,,original
WT 18X462.5,WT,,original
WT-18X462.5,WT,,augmented
WT_18X462.5,WT,,augmented
WT18 X 462.5,WT,,original
WT 18 X 462.5,WT,,original
Tee WT18X462.5,WT,,augmented
Tee-WT18X462.5,WT,,augmented
WT18X462.5 Tee,WT,,augmented
WT18X462.5 A992,WT,,augmented
WT Shape WT18X462.5,WT,,augmented
WT Shape-WT18X462.5,WT,,augmented
WT18X462.5 WT Shape,WT,,augmented
WT18X426.5,WT,,original
WT 18X426.5,WT,,original
WT-18X426.5,WT,,augmented
WT_18X426.5,WT,,augmented
WT18 X 426.5,WT,,original
WT 18 X 426.5,WT,,original
Tee WT18X426.5,WT,,augmented
Tee-WT18X426.5,WT,,augmented
WT18X426.5 Tee,WT,,augmented
WT18X426.5 A992,WT,,augmented
WT Shape WT18X426.5,WT,,augmented
WT Shape-WT18X426.5,WT,,augmented
WT18X426.5 WT Shape,WT,,augmented
WT18X401,WT,,original
WT 18X401,WT,,original
WT-18X401,WT,,augmented
WT_18X401,WT,,augmented
WT18 X 401,WT,,original
WT 18 X 401,WT,,original
Tee WT18X401,WT,,augmented
Tee-WT18X401,WT,,augmented
WT18X401 Tee,WT,,augmented
WT18X401 A992,WT,,augmented
WT Shape WT18X401,WT,,augmented
WT Shape-WT18X401,WT,,augmented
WT18X401 WT Shape,WT,,augmented
WT18X361.5,WT,,original
WT 18X361.5,WT,,original
WT-18X361.5,WT,,augmented
WT_18X361.5,WT,,augmented
WT18 X 361.5,WT,,original
WT 18 X 361.5,WT,,original
Tee WT18X361.5,WT,,augmented
Tee-WT18X361.5,WT,,augmented
WT18X361.5 Tee,WT,,augmented
WT18X361.5 A992,WT,,augmented
WT Shape WT18X361.5,WT,,augmented
WT Shape-WT18X361.5,WT,,augmented
WT18X361.5 WT Shape,WT,,augmented
WT18X326,WT,,original
WT 18X326,WT,,original
WT-18X326,WT,,augmented
WT_18X326,WT,,augmented
WT18 X 326,WT,,original
WT 18 X 326,WT,,original
Tee WT18X326,WT,,augmented
Tee-WT18X326,WT,,augmented
WT18X326 Tee,WT,,augmented
WT18X326 A992,WT,,augmented
WT Shape WT18X326,WT,,augmented
WT Shape-WT18X326,WT,,augmented
WT18X326 WT Shape,WT,,augmented
WT18X264.5,WT,,original
WT 18X264.5,WT,,original
WT-18X264.5,WT,,augmented
WT_18X264.5,WT,,augmented
WT18 X 264.5,WT,,original
WT 18 X 264.5,WT,,original
Tee WT18X264.5,WT,,augmented
Tee-WT18X264.5,WT,,augmented
WT18X264.5 Tee,WT,,augmented
WT18X264.5 A992,WT,,augmented
WT Shape WT18X264.5,WT,,augmented
WT Shape-WT18X264.5,WT,,augmented
WT18X264.5 WT Shape,WT,,augmented
WT18X243.5,WT,,original
WT 18X243.5,WT,,original
WT-18X243.5,WT,,augmented
WT_18X243.5,WT,,augmented
WT18 X 243.5,WT,,original
WT 18 X 243.5,WT,,original
Tee WT18X243.5,WT,,augmented
Tee-WT18X243.5,WT,,augmented
WT18X243.5 Tee,WT,,augmented
WT18X243.5 A992,WT,,augmented
WT Shape WT18X243.5,WT,,augmented
WT Shape-WT18X243.5,WT,,augmented
WT18X243.5 WT Shape,WT,,augmented
WT18X220.5,WT,,original
WT 18X220.5,WT,,original
WT-18X220.5,WT,,augmented
WT_18X220.5,WT,,augmented
WT18 X 220.5,WT,,original
WT 18 X 220.5,WT,,original
Tee WT18X220.5,WT,,augmented
Tee-WT18X220.5,WT,,augmented
WT18X220.5 Tee,WT,,augmented
WT18X220.5 A992,WT,,augmented
WT Shape WT18X220.5,WT,,augmented
WT Shape-WT18X220.5,WT,,augmented
WT18X220.5 WT Shape,WT,,augmented
WT18X197.5,WT,,original
WT 18X197.5,WT,,original
WT-18X197.5,WT,,augmented
WT_18X197.5,WT,,augmented
WT18 X 197.5,WT,,original
WT 18 X 197.5,WT,,original
Tee WT18X197.5,WT,,augmented
Tee-WT18X197.5,WT,,augmented
WT18X197.5 Tee,WT,,augmented
WT18X197.5 A992,WT,,augmented
WT Shape WT18X197.5,WT,,augmented
WT Shape-WT18X197.5,WT,,augmented
WT18X197.5 WT Shape,WT,,augmented
WT18X180.5,WT,,original
WT 18X180.5,WT,,original
WT-18X180.5,WT,,augmented
WT_18X180.5,WT,,augmented
WT18 X 180.5,WT,,original
WT 18 X 180.5,WT,,original
Tee WT18X180.5,WT,,augmented
Tee-WT18X180.5,WT,,augmented
WT18X180.5 Tee,WT,,augmented
WT18X180.5 A992,WT,,augmented
WT Shape WT18X180.5,WT,,augmented
WT Shape-WT18X180.5,WT,,augmented
WT18X180.5 WT Shape,WT,,augmented
WT18X165,WT,,original
WT 18X165,WT,,original
WT-18X165,WT,,augmented
WT_18X165,WT,,augmented
WT18 X 165,WT,,original
WT 18 X 165,WT,,original
Tee WT18X165,WT,,augmented
Tee-WT18X165,WT,,augmented
WT18X165 Tee,WT,,augmented
WT18X165 A992,WT,,augmented
WT Shape WT18X165,WT,,augmented
WT Shape-WT18X165,WT,,augmented
WT18X165 WT Shape,WT,,augmented
WT18X151,WT,,original
WT 18X151,WT,,original
WT-18X151,WT,,augmented
WT_18X151,WT,,augmented
WT18 X 151,WT,,original
WT 18 X 151,WT,,original
Tee WT18X151,WT,,augmented
Tee-WT18X151,WT,,augmented
WT18X151 Tee,WT,,augmented
WT18X151 A992,WT,,augmented
WT Shape WT18X151,WT,,augmented
WT Shape-WT18X151,WT,,augmented
WT18X151 WT Shape,WT,,augmented
WT18X141,WT,,original
WT 18X141,WT,,original
WT-18X141,WT,,augmented
WT_18X141,WT,,augmented
WT18 X 141,WT,,original
WT 18 X 141,WT,,original
Tee WT18X141,WT,,augmented
Tee-WT18X141,WT,,augmented
WT18X141 Tee,WT,,augmented
WT18X141 A992,WT,,augmented
WT Shape WT18X141,WT,,augmented
WT Shape-WT18X141,WT,,augmented
WT18X141 WT Shape,WT,,augmented
WT18X131,WT,,original
WT 18X131,WT,,original
WT-18X131,WT,,augmented
WT_18X131,WT,,augmented
WT18 X 131,WT,,original
WT 18 X 131,WT,,original
Tee WT18X131,WT,,augmented
Tee-WT18X131,WT,,augmented
WT18X131 Tee,WT,,augmented
WT18X131 A992,WT,,augmented
WT Shape WT18X131,WT,,augmented
WT Shape-WT18X131,WT,,augmented
WT18X131 WT Shape,WT,,augmented
WT18X123.5,WT,,original
WT 18X123.5,WT,,original
WT-18X123.5,WT,,augmented
WT_18X123.5,WT,,augmented
WT18 X 123.5,WT,,original
WT 18 X 123.5,WT,,original
Tee WT18X123.5,WT,,augmented
Tee-WT18X123.5,WT,,augmented
WT18X123.5 Tee,WT,,augmented
WT18X123.5 A992,WT,,augmented
WT Shape WT18X123.5,WT,,augmented
WT Shape-WT18X123.5,WT,,augmented
WT18X123.5 WT Shape,WT,,augmented
WT18X115.5,WT,,original
WT 18X115.5,WT,,original
WT-18X115.5,WT,,augmented
WT_18X115.5,WT,,augmented
WT18 X 115.5,WT,,original
WT 18 X 115.5,WT,,original
Tee WT18X115.5,WT,,augmented
Tee-WT18X115.5,WT,,augmented
WT18X115.5 Tee,WT,,augmented
WT18X115.5 A992,WT,,augmented
WT Shape WT18X115.5,WT,,augmented
WT Shape-WT18X115.5,WT,,augmented
WT18X115.5 WT Shape,WT,,augmented
WT18X193.5,WT,,original
WT 18X193.5,WT,,original
WT-18X193.5,WT,,augmented
WT_18X193.5,WT,,augmented
WT18 X 193.5,WT,,original
WT 18 X 193.5,WT,,original
Tee WT18X193.5,WT,,augmented
Tee-WT18X193.5,WT,,augmented
WT18X193.5 Tee,WT,,augmented
WT18X193.5 A992,WT,,augmented
WT Shape WT18X193.5,WT,,augmented
WT Shape-WT18X193.5,WT,,augmented
WT18X193.5 WT Shape,WT,,augmented
WT18X175,WT,,original
WT 18X175,WT,,original
WT-18X175,WT,,augmented
WT_18X175,WT,,augmented
WT18 X 175,WT,,original
WT 18 X 175,WT,,original
Tee WT18X175,WT,,augmented
Tee-WT18X175,WT,,augmented
WT18X175 Tee,WT,,augmented
WT18X175 A992,WT,,augmented
WT Shape WT18X175,WT,,augmented
WT Shape-WT18X175,WT,,augmented
WT18X175 WT Shape,WT,,augmented
WT18X159,WT,,original
WT 18X159,WT,,original
WT-18X159,WT,,augmented
WT_18X159,WT,,augmented
WT18 X 159,WT,,original
WT 18 X 159,WT,,original
Tee WT18X159,WT,,augmented
Tee-WT18X159,WT,,augmented
WT18X159 Tee,WT,,augmented
WT18X159 A992,WT,,augmented
WT Shape WT18X159,WT,,augmented
WT Shape-WT18X159,WT,,augmented
WT18X159 WT Shape,WT,,augmented
WT18X143,WT,,original
WT 18X143,WT,,original
WT-18X143,WT,,augmented
WT_18X143,WT,,augmented
WT18 X 143,WT,,original
WT 18 X 143,WT,,original
Tee WT18X143,WT,,augmented
Tee-WT18X143,WT,,augmented
WT18X143 Tee,WT,,augmented
WT18X143 A992,WT,,augmented
WT Shape WT18X143,WT,,augmented
WT Shape-WT18X143,WT,,augmented
WT18X143 WT Shape,WT,,augmented
WT18X128,WT,,original
WT 18X128,WT,,original
WT-18X128,WT,,augmented
WT_18X128,WT,,augmented
WT18 X 128,WT,,original
WT 18 X 128,WT,,original
Tee WT18X128,WT,,augmented
Tee-WT18X128,WT,,augmented
WT18X128 Tee,WT,,augmented
WT18X128 A992,WT,,augmented
WT Shape WT18X128,WT,,augmented
WT Shape-WT18X128,WT,,augmented
WT18X128 WT Shape,WT,,augmented
WT18X116,WT,,original
WT 18X116,WT,,original
WT-18X116,WT,,augmented
WT_18X116,WT,,augmented
WT18 X 116,WT,,original
WT 18 X 116,WT,,original
Tee WT18X116,WT,,augmented
Tee-WT18X116,WT,,augmented
WT18X116 Tee,WT,,augmented
WT18X116 A992,WT,,augmented
WT Shape WT18X116,WT,,augmented
WT Shape-WT18X116,WT,,augmented
WT18X116 WT Shape,WT,,augmented
WT18X105,WT,,original
WT 18X105,WT,,original
WT-18X105,WT,,augmented
WT_18X105,WT,,augmented
WT18 X 105,WT,,original
WT 18 X 105,WT,,original
Tee WT18X105,WT,,augmented
Tee-WT18X105,WT,,augmented
WT18X105 Tee,WT,,augmented
WT18X105 A992,WT,,augmented
WT Shape WT18X105,WT,,augmented
WT Shape-WT18X105,WT,,augmented
WT18X105 WT Shape,WT,,augmented
WT18X97,WT,,original
WT 18X97,WT,,original
WT-18X97,WT,,augmented
WT_18X97,WT,,augmented
WT18 X 97,WT,,original
WT 18 X 97,WT,,original
Tee WT18X97,WT,,augmented
Tee-WT18X97,WT,,augmented
WT18X97 Tee,WT,,augmented
WT18X97 A992,WT,,augmented
WT Shape WT18X97,WT,,augmented
WT Shape-WT18X97,WT,,augmented
WT18X97 WT Shape,WT,,augmented
WT18X91,WT,,original
WT 18X91,WT,,original
WT-18X91,WT,,augmented
WT_18X91,WT,,augmented
WT18 X 91,WT,,original
WT 18 X 91,WT,,original
Tee WT18X91,WT,,augmented
Tee-WT18X91,WT,,augmented
WT18X91 Tee,WT,,augmented
WT18X91 A992,WT,,augmented
WT Shape WT18X91,WT,,augmented
WT Shape-WT18X91,WT,,augmented
WT18X91 WT Shape,WT,,augmented
WT18X85,WT,,original
WT 18X85,WT,,original
WT-18X85,WT,,augmented
WT_18X85,WT,,augmented
WT18 X 85,WT,,original
WT 18 X 85,WT,,original
Tee WT18X85,WT,,augmented
Tee-WT18X85,WT,,augmented
WT18X85 Tee,WT,,augmented
WT18X85 A992,WT,,augmented
WT Shape WT18X85,WT,,augmented
WT Shape-WT18X85,WT,,augmented
WT18X85 WT Shape,WT,,augmented
WT18X80,WT,,original
WT 18X80,WT,,original
WT-18X80,WT,,augmented
WT_18X80,WT,,augmented
WT18 X 80,WT,,original
WT 18 X 80,WT,,original
Tee WT18X80,WT,,augmented
Tee-WT18X80,WT,,augmented
WT18X80 Tee,WT,,augmented
WT18X80 A992,WT,,augmented
WT Shape WT18X80,WT,,augmented
WT Shape-WT18X80,WT,,augmented
WT18X80 WT Shape,WT,,augmented
WT18X75,WT,,original
WT 18X75,WT,,original
WT-18X75,WT,,augmented
WT_18X75,WT,,augmented
WT18 X 75,WT,,original
WT 18 X 75,WT,,original
Tee WT18X75,WT,,augmented
Tee-WT18X75,WT,,augmented
WT18X75 Tee,WT,,augmented
WT18X75 A992,WT,,augmented
WT Shape WT18X75,WT,,augmented
WT Shape-WT18X75,WT,,augmented
WT18X75 WT Shape,WT,,augmented
WT18X67.5,WT,,original
WT 18X67.5,WT,,original
WT-18X67.5,WT,,augmented
WT_18X67.5,WT,,augmented
WT18 X 67.5,WT,,original
WT 18 X 67.5,WT,,original
Tee WT18X67.5,WT,,augmented
Tee-WT18X67.5,WT,,augmented
WT18X67.5 Tee,WT,,augmented
WT18X67.5 A992,WT,,augmented
WT Shape WT18X67.5,WT,,augmented
WT Shape-WT18X67.5,WT,,augmented
WT18X67.5 WT Shape,WT,,augmented
WT16.5X193.5,WT,,original
WT 16.5X193.5,WT,,original
WT-16.5X193.5,WT,,augmented
WT_16.5X193.5,WT,,augmented
WT16.5 X 193.5,WT,,original
WT 16.5 X 193.5,WT,,original
Tee WT16.5X193.5,WT,,augmented
Tee-WT16.5X193.5,WT,,augmented
WT16.5X193.5 Tee,WT,,augmented
WT16.5X193.5 A992,WT,,augmented
WT Shape WT16.5X193.5,WT,,augmented
WT Shape-WT16.5X193.5,WT,,augmented
WT16.5X193.5 WT Shape,WT,,augmented
WT16.5X177,WT,,original
WT 16.5X177,WT,,original
WT-16.5X177,WT,,augmented
WT_16.5X177,WT,,augmented
WT16.5 X 177,WT,,original
WT 16.5 X 177,WT,,original
Tee WT16.5X177,WT,,augmented
Tee-WT16.5X177,WT,,augmented
WT16.5X177 Tee,WT,,augmented
WT16.5X177 A992,WT,,augmented
WT Shape WT16.5X177,WT,,augmented
WT Shape-WT16.5X177,WT,,augmented
WT16.5X177 WT Shape,WT,,augmented
WT16.5X159,WT,,original
WT 16.5X159,WT,,original
WT-16.5X159,WT,,augmented
WT_16.5X159,WT,,augmented
WT16.5 X 159,WT,,original
WT 16.5 X 159,WT,,original
Tee WT16.5X159,WT,,augmented
Tee-WT16.5X159,WT,,augmented
WT16.5X159 Tee,WT,,augmented
WT16.5X159 A992,WT,,augmented
WT Shape WT16.5X159,WT,,augmented
WT Shape-WT16.5X159,WT,,augmented
WT16.5X159 WT Shape,WT,,augmented
WT16.5X145.5,WT,,original
WT 16.5X145.5,WT,,original
WT-16.5X145.5,WT,,augmented
WT_16.5X145.5,WT,,augmented
WT16.5 X 145.5,WT,,original
WT 16.5 X 145.5,WT,,original
Tee WT16.5X145.5,WT,,augmented
Tee-WT16.5X145.5,WT,,augmented
WT16.5X145.5 Tee,WT,,augmented
WT16.5X145.5 A992,WT,,augmented
WT Shape WT16.5X145.5,WT,,augmented
WT Shape-WT16.5X145.5,WT,,augmented
WT16.5X145.5 WT Shape,WT,,augmented
WT16.5X131.5,WT,,original
WT 16.5X131.5,WT,,original
WT-16.5X131.5,WT,,augmented
WT_16.5X131.5,WT,,augmented
WT16.5 X 131.5,WT,,original
WT 16.5 X 131.5,WT,,original
Tee WT16.5X131.5,WT,,augmented
Tee-WT16.5X131.5,WT,,augmented
WT16.5X131.5 Tee,WT,,augmented
WT16.5X131.5 A992,WT,,augmented
WT Shape WT16.5X131.5,WT,,augmented
WT Shape-WT16.5X131.5,WT,,augmented
WT16.5X131.5 WT Shape,WT,,augmented
WT16.5X120.5,WT,,original
WT 16.5X120.5,WT,,original
WT-16.5X120.5,WT,,augmented
WT_16.5X120.5,WT,,augmented
WT16.5 X 120.5,WT,,original
WT 16.5 X 120.5,WT,,original
Tee WT16.5X120.5,WT,,augmented
Tee-WT16.5X120.5,WT,,augmented
WT16.5X120.5 Tee,WT,,augmented
WT16.5X120.5 A992,WT,,augmented
WT Shape WT16.5X120.5,WT,,augmented
WT Shape-WT16.5X120.5,WT,,augmented
WT16.5X120.5 WT Shape,WT,,augmented
WT16.5X110.5,WT,,original
WT 16.5X110.5,WT,,original
WT-16.5X110.5,WT,,augmented
WT_16.5X110.5,WT,,augmented
WT16.5 X 110.5,WT,,original
WT 16.5 X 110.5,WT,,original
Tee WT16.5X110.5,WT,,augmented
Tee-WT16.5X110.5,WT,,augmented
WT16.5X110.5 Tee,WT,,augmented
WT16.5X110.5 A992,WT,,augmented
WT Shape WT16.5X110.5,WT,,augmented
WT Shape-WT16.5X110.5,WT,,augmented
WT16.5X110.5 WT Shape,WT,,augmented
WT16.5X100.5,WT,,original
WT 16.5X100.5,WT,,original
WT-16.5X100.5,WT,,augmented
WT_16.5X100.5,WT,,augmented
WT16.5 X 100.5,WT,,original
WT 16.5 X 100.5,WT,,original
Tee WT16.5X100.5,WT,,augmented
Tee-WT16.5X100.5,WT,,augmented
WT16.5X100.5 Tee,WT,,augmented
WT16.5X100.5 A992,WT,,augmented
WT Shape WT16.5X100.5,WT,,augmented
WT Shape-WT16.5X100.5,WT,,augmented
WT16.5X100.5 WT Shape,WT,,augmented
WT16.5X84.5,WT,,original
WT 16.5X84.5,WT,,original
WT-16.5X84.5,WT,,augmented
WT_16.5X84.5,WT,,augmented
WT16.5 X 84.5,WT,,original
WT 16.5 X 84.5,WT,,original
Tee WT16.5X84.5,WT,,augmented
Tee-WT16.5X84.5,WT,,augmented
WT16.5X84.5 Tee,WT,,augmented
WT16.5X84.5 A992,WT,,augmented
WT Shape WT16.5X84.5,WT,,augmented
WT Shape-WT16.5X84.5,WT,,augmented
WT16.5X84.5 WT Shape,WT,,augmented
WT16.5X76,WT,,original
WT 16.5X76,WT,,original
WT-16.5X76,WT,,augmented
WT_16.5X76,WT,,augmented
WT16.5 X 76,WT,,original
WT 16.5 X 76,WT,,original
Tee WT16.5X76,WT,,augmented
Tee-WT16.5X76,WT,,augmented
WT16.5X76 Tee,WT,,augmented
WT16.5X76 A992,WT,,augmented
WT Shape WT16.5X76,WT,,augmented
WT Shape-WT16.5X76,WT,,augmented
WT16.5X76 WT Shape,WT,,augmented
WT16.5X70.5,WT,,original
WT 16.5X70.5,WT,,original
WT-16.5X70.5,WT,,augmented
WT_16.5X70.5,WT,,augmented
WT16.5 X 70.5,WT,,original
WT 16.5 X 70.5,WT,,original
Tee WT16.5X70.5,WT,,augmented
Tee-WT16.5X70.5,WT,,augmented
WT16.5X70.5 Tee,WT,,augmented
WT16.5X70.5 A992,WT,,augmented
WT Shape WT16.5X70.5,WT,,augmented
WT Shape-WT16.5X70.5,WT,,augmented
WT16.5X70.5 WT Shape,WT,,augmented
WT16.5X65,WT,,original
WT 16.5X65,WT,,original
WT-16.5X65,WT,,augmented
WT_16.5X65,WT,,augmented
WT16.5 X 65,WT,,original
WT 16.5 X 65,WT,,original
Tee WT16.5X65,WT,,augmented
Tee-WT16.5X65,WT,,augmented
WT16.5X65 Tee,WT,,augmented
WT16.5X65 A992,WT,,augmented
WT Shape WT16.5X65,WT,,augmented
WT Shape-WT16.5X65,WT,,augmented
WT16.5X65 WT Shape,WT,,augmented
WT16.5X59,WT,,original
WT 16.5X59,WT,,original
WT-16.5X59,WT,,augmented
WT_16.5X59,WT,,augmented
WT16.5 X 59,WT,,original
WT 16.5 X 59,WT,,original
Tee WT16.5X59,WT,,augmented
Tee-WT16.5X59,WT,,augmented
WT16.5X59 Tee,WT,,augmented
WT16.5X59 A992,WT,,augmented
WT Shape WT16.5X59,WT,,augmented
WT Shape-WT16.5X59,WT,,augmented
WT16.5X59 WT Shape,WT,,augmented
WT15X195.5,WT,,original
WT 15X195.5,WT,,original
WT-15X195.5,WT,,augmented
WT_15X195.5,WT,,augmented
WT15 X 195.5,WT,,original
WT 15 X 195.5,WT,,original
Tee WT15X195.5,WT,,augmented
Tee-WT15X195.5,WT,,augmented
WT15X195.5 Tee,WT,,augmented
WT15X195.5 A992,WT,,augmented
WT Shape WT15X195.5,WT,,augmented
WT Shape-WT15X195.5,WT,,augmented
WT15X195.5 WT Shape,WT,,augmented
WT15X178.5,WT,,original
WT 15X178.5,WT,,original
WT-15X178.5,WT,,augmented
WT_15X178.5,WT,,augmented
WT15 X 178.5,WT,,original
WT 15 X 178.5,WT,,original
Tee WT15X178.5,WT,,augmented
Tee-WT15X178.5,WT,,augmented
WT15X178.5 Tee,WT,,augmented
WT15X178.5 A992,WT,,augmented
WT Shape WT15X178.5,WT,,augmented
WT Shape-WT15X178.5,WT,,augmented
WT15X178.5 WT Shape,WT,,augmented
WT15X163,WT,,original
WT 15X163,WT,,original
WT-15X163,WT,,augmented
WT_15X163,WT,,augmented
WT15 X 163,WT,,original
WT 15 X 163,WT,,original
Tee WT15X163,WT,,augmented
Tee-WT15X163,WT,,augmented
WT15X163 Tee,WT,,augmented
WT15X163 A992,WT,,augmented
WT Shape WT15X163,WT,,augmented
WT Shape-WT15X163,WT,,augmented
WT15X163 WT Shape,WT,,augmented
WT15X146,WT,,original
WT 15X146,WT,,original
WT-15X146,WT,,augmented
WT_15X146,WT,,augmented
WT15 X 146,WT,,original
WT 15 X 146,WT,,original
Tee WT15X146,WT,,augmented
Tee-WT15X146,WT,,augmented
WT15X146 Tee,WT,,augmented
WT15X146 A992,WT,,augmented
WT Shape WT15X146,WT,,augmented
WT Shape-WT15X146,WT,,augmented
WT15X146 WT Shape,WT,,augmented
WT15X130.5,WT,,original
WT 15X130.5,WT,,original
WT-15X130.5,WT,,augmented
WT_15X130.5,WT,,augmented
WT15 X 130.5,WT,,original
WT 15 X 130.5,WT,,original
Tee WT15X130.5,WT,,augmented
Tee-WT15X130.5,WT,,augmented
WT15X130.5 Tee,WT,,augmented
WT15X130.5 A992,WT,,augmented
WT Shape WT15X130.5,WT,,augmented
WT Shape-WT15X130.5,WT,,augmented
WT15X130.5 WT Shape,WT,,augmented
WT15X117.5,WT,,original
WT 15X117.5,WT,,original
WT-15X117.5,WT,,augmented
WT_15X117.5,WT,,augmented
WT15 X 117.5,WT,,original
WT 15 X 117.5,WT,,original
Tee WT15X117.5,WT,,augmented
Tee-WT15X117.5,WT,,augmented
WT15X117.5 Tee,WT,,augmented
WT15X117.5 A992,WT,,augmented
WT Shape WT15X117.5,WT,,augmented
WT Shape-WT15X117.5,WT,,augmented
WT15X117.5 WT Shape,WT,,augmented
WT15X105.5,WT,,original
WT 15X105.5,WT,,original
WT-15X105.5,WT,,augmented
WT_15X105.5,WT,,augmented
WT15 X 105.5,WT,,original
WT 15 X 105.5,WT,,original
Tee WT15X105.5,WT,,augmented
Tee-WT15X105.5,WT,,augmented
WT15X105.5 Tee,WT,,augmented
WT15X105.5 A992,WT,,augmented
WT Shape WT15X105.5,WT,,augmented
WT Shape-WT15X105.5,WT,,augmented
WT15X105.5 WT Shape,WT,,augmented
WT15X95.5,WT,,original
WT 15X95.5,WT,,original
WT-15X95.5,WT,,augmented
WT_15X95.5,WT,,augmented
WT15 X 95.5,WT,,original
WT 15 X 95.5,WT,,original
Tee WT15X95.5,WT,,augmented
Tee-WT15X95.5,WT,,augmented
WT15X95.5 Tee,WT,,augmented
WT15X95.5 A992,WT,,augmented
WT Shape WT15X95.5,WT,,augmented
WT Shape-WT15X95.5,WT,,augmented
WT15X95.5 WT Shape,WT,,augmented
WT15X86.5,WT,,original
WT 15X86.5,WT,,original
WT-15X86.5,WT,,augmented
WT_15X86.5,WT,,augmented
WT15 X 86.5,WT,,original
WT 15 X 86.5,WT,,original
Tee WT15X86.5,WT,,augmented
Tee-WT15X86.5,WT,,augmented
WT15X86.5 Tee,WT,,augmented
WT15X86.5 A992,WT,,augmented
WT Shape WT15X86.5,WT,,augmented
WT Shape-WT15X86.5,WT,,augmented
WT15X86.5 WT Shape,WT,,augmented
WT15X74,WT,,original
WT 15X74,WT,,original
WT-15X74,WT,,augmented
WT_15X74,WT,,augmented
WT15 X 74,WT,,original
WT 15 X 74,WT,,original
Tee WT15X74,WT,,augmented
Tee-WT15X74,WT,,augmented
WT15X74 Tee,WT,,augmented
WT15X74 A992,WT,,augmented
WT Shape WT15X74,WT,,augmented
WT Shape-WT15X74,WT,,augmented
WT15X74 WT Shape,WT,,augmented
WT15X66,WT,,original
WT 15X66,WT,,original
WT-15X66,WT,,augmented
WT_15X66,WT,,augmented
WT15 X 66,WT,,original
WT 15 X 66,WT,,original
Tee WT15X66,WT,,augmented
Tee-WT15X66,WT,,augmented
WT15X66 Tee,WT,,augmented
WT15X66 A992,WT,,augmented
WT Shape WT15X66,WT,,augmented
WT Shape-WT15X66,WT,,augmented
WT15X66 WT Shape,WT,,augmented
WT15X62,WT,,original
WT 15X62,WT,,original
WT-15X62,WT,,augmented
WT_15X62,WT,,augmented
WT15 X 62,WT,,original
WT 15 X 62,WT,,original
Tee WT15X62,WT,,augmented
Tee-WT15X62,WT,,augmented
WT15X62 Tee,WT,,augmented
WT15X62 A992,WT,,augmented
WT Shape WT15X62,WT,,augmented
WT Shape-WT15X62,WT,,augmented
WT15X62 WT Shape,WT,,augmented
WT15X58,WT,,original
WT 15X58,WT,,original
WT-15X58,WT,,augmented
WT_15X58,WT,,augmented
WT15 X 58,WT,,original
WT 15 X 58,WT,,original
Tee WT15X58,WT,,augmented
Tee-WT15X58,WT,,augmented
WT15X58 Tee,WT,,augmented
WT15X58 A992,WT,,augmented
WT Shape WT15X58,WT,,augmented
WT Shape-WT15X58,WT,,augmented
WT15X58 WT Shape,WT,,augmented
WT15X54,WT,,original
WT 15X54,WT,,original
WT-15X54,WT,,augmented
WT_15X54,WT,,augmented
WT15 X 54,WT,,original
WT 15 X 54,WT,,original
Tee WT15X54,WT,,augmented
Tee-WT15X54,WT,,augmented
WT15X54 Tee,WT,,augmented
WT15X54 A992,WT,,augmented
WT Shape WT15X54,WT,,augmented
WT Shape-WT15X54,WT,,augmented
WT15X54 WT Shape,WT,,augmented
WT15X49.5,WT,,original
WT 15X49.5,WT,,original
WT-15X49.5,WT,,augmented
WT_15X49.5,WT,,augmented
WT15 X 49.5,WT,,original
WT 15 X 49.5,WT,,original
Tee WT15X49.5,WT,,augmented
Tee-WT15X49.5,WT,,augmented
WT15X49.5 Tee,WT,,augmented
WT15X49.5 A992,WT,,augmented
WT Shape WT15X49.5,WT,,augmented
WT Shape-WT15X49.5,WT,,augmented
WT15X49.5 WT Shape,WT,,augmented
WT15X45,WT,,original
WT 15X45,WT,,original
WT-15X45,WT,,augmented
WT_15X45,WT,,augmented
WT15 X 45,WT,,original
WT 15 X 45,WT,,original
Tee WT15X45,WT,,augmented
Tee-WT15X45,WT,,augmented
WT15X45 Tee,WT,,augmented
WT15X45 A992,WT,,augmented
WT Shape WT15X45,WT,,augmented
WT Shape-WT15X45,WT,,augmented
WT15X45 WT Shape,WT,,augmented
WT13.5X269.5,WT,,original
WT 13.5X269.5,WT,,original
WT-13.5X269.5,WT,,augmented
WT_13.5X269.5,WT,,augmented
WT13.5 X 269.5,WT,,original
WT 13.5 X 269.5,WT,,original
Tee WT13.5X269.5,WT,,augmented
Tee-WT13.5X269.5,WT,,augmented
WT13.5X269.5 Tee,WT,,augmented
WT13.5X269.5 A992,WT,,augmented
WT Shape WT13.5X269.5,WT,,augmented
WT Shape-WT13.5X269.5,WT,,augmented
WT13.5X269.5 WT Shape,WT,,augmented
WT13.5X184,WT,,original
WT 13.5X184,WT,,original
WT-13.5X184,WT,,augmented
WT_13.5X184,WT,,augmented
WT13.5 X 184,WT,,original
WT 13.5 X 184,WT,,original
Tee WT13.5X184,WT,,augmented
Tee-WT13.5X184,WT,,augmented
WT13.5X184 Tee,WT,,augmented
WT13.5X184 A992,WT,,augmented
WT Shape WT13.5X184,WT,,augmented
WT Shape-WT13.5X184,WT,,augmented
WT13.5X184 WT Shape,WT,,augmented
WT13.5X168,WT,,original
WT 13.5X168,WT,,original
WT-13.5X168,WT,,augmented
WT_13.5X168,WT,,augmented
WT13.5 X 168,WT,,original
WT 13.5 X 168,WT,,original
Tee WT13.5X168,WT,,augmented
Tee-WT13.5X168,WT,,augmented
WT13.5X168 Tee,WT,,augmented
WT13.5X168 A992,WT,,augmented
WT Shape WT13.5X168,WT,,augmented
WT Shape-WT13.5X168,WT,,augmented
WT13.5X168 WT Shape,WT,,augmented
WT13.5X153.5,WT,,original
WT 13.5X153.5,WT,,original
WT-13.5X153.5,WT,,augmented
WT_13.5X153.5,WT,,augmented
WT13.5 X 153.5,WT,,original
WT 13.5 X 153.5,WT,,original
Tee WT13.5X153.5,WT,,augmented
Tee-WT13.5X153.5,WT,,augmented
WT13.5X153.5 Tee,WT,,augmented
WT13.5X153.5 A992,WT,,augmented
WT Shape WT13.5X153.5,WT,,augmented
WT Shape-WT13.5X153.5,WT,,augmented
WT13.5X153.5 WT Shape,WT,,augmented
WT13.5X140.5,WT,,original
WT 13.5X140.5,WT,,original
WT-13.5X140.5,WT,,augmented
WT_13.5X140.5,WT,,augmented
WT13.5 X 140.5,WT,,original
WT 13.5 X 140.5,WT,,original
Tee WT13.5X140.5,WT,,augmented
Tee-WT13.5X140.5,WT,,augmented
WT13.5X140.5 Tee,WT,,augmented
WT13.5X140.5 A992,WT,,augmented
WT Shape WT13.5X140.5,WT,,augmented
WT Shape-WT13.5X140.5,WT,,augmented
WT13.5X140.5 WT Shape,WT,,augmented
WT13.5X129,WT,,original
WT 13.5X129,WT,,original
WT-13.5X129,WT,,augmented
WT_13.5X129,WT,,augmented
WT13.5 X 129,WT,,original
WT 13.5 X 129,WT,,original
Tee WT13.5X129,WT,,augmented
Tee-WT13.5X129,WT,,augmented
WT13.5X129 Tee,WT,,augmented
WT13.5X129 A992,WT,,augmented
WT Shape WT13.5X129,WT,,augmented
WT Shape-WT13.5X129,WT,,augmented
WT13.5X129 WT Shape,WT,,augmented
WT13.5X117.5,WT,,original
WT 13.5X117.5,WT,,original
WT-13.5X117.5,WT,,augmented
WT_13.5X117.5,WT,,augmented
WT13.5 X 117.5,WT,,original
WT 13.5 X 117.5,WT,,original
Tee WT13.5X117.5,WT,,augmented
Tee-WT13.5X117.5,WT,,augmented
WT13.5X117.5 Tee,WT,,augmented
WT13.5X117.5 A992,WT,,augmented
WT Shape WT13.5X117.5,WT,,augmented
WT Shape-WT13.5X117.5,WT,,augmented
WT13.5X117.5 WT Shape,WT,,augmented
WT13.5X108.5,WT,,original
WT 13.5X108.5,WT,,original
WT-13.5X108.5,WT,,augmented
WT_13.5X108.5,WT,,augmented
WT13.5 X 108.5,WT,,original
WT 13.5 X 108.5,WT,,original
Tee WT13.5X108.5,WT,,augmented
Tee-WT13.5X108.5,WT,,augmented
WT13.5X108.5 Tee,WT,,augmented
WT13.5X108.5 A992,WT,,augmented
WT Shape WT13.5X108.5,WT,,augmented
WT Shape-WT13.5X108.5,WT,,augmented
WT13.5X108.5 WT Shape,WT,,augmented
WT13.5X97,WT,,original
WT 13.5X97,WT,,original
WT-13.5X97,WT,,augmented
WT_13.5X97,WT,,augmented
WT13.5 X 97,WT,,original
WT 13.5 X 97,WT,,original
Tee WT13.5X97,WT,,augmented
Tee-WT13.5X97,WT,,augmented
WT13.5X97 Tee,WT,,augmented
WT13.5X97 A992,WT,,augmented
WT Shape WT13.5X97,WT,,augmented
WT Shape-WT13.5X97,WT,,augmented
WT13.5X97 WT Shape,WT,,augmented
WT13.5X89,WT,,original
WT 13.5X89,WT,,original
WT-13.5X89,WT,,augmented
WT_13.5X89,WT,,augmented
WT13.5 X 89,WT,,original
WT 13.5 X 89,WT,,original
Tee WT13.5X89,WT,,augmented
Tee-WT13.5X89,WT,,augmented
WT13.5X89 Tee,WT,,augmented
WT13.5X89 A992,WT,,augmented
WT Shape WT13.5X89,WT,,augmented
WT Shape-WT13.5X89,WT,,augmented
WT13.5X89 WT Shape,WT,,augmented
WT13.5X80.5,WT,,original
WT 13.5X80.5,WT,,original
WT-13.5X80.5,WT,,augmented
WT_13.5X80.5,WT,,augmented
WT13.5 X 80.5,WT,,original
WT 13.5 X 80.5,WT,,original
Tee WT13.5X80.5,WT,,augmented
Tee-WT13.5X80.5,WT,,augmented
WT13.5X80.5 Tee,WT,,augmented
WT13.5X80.5 A992,WT,,augmented
WT Shape WT13.5X80.5,WT,,augmented
WT Shape-WT13.5X80.5,WT,,augmented
WT13.5X80.5 WT Shape,WT,,augmented
WT13.5X73,WT,,original
WT 13.5X73,WT,,original
WT-13.5X73,WT,,augmented
WT_13.5X73,WT,,augmented
WT13.5 X 73,WT,,original
WT 13.5 X 73,WT,,original
Tee WT13.5X73,WT,,augmented
Tee-WT13.5X73,WT,,augmented
WT13.5X73 Tee,WT,,augmented
WT13.5X73 A992,WT,,augmented
WT Shape WT13.5X73,WT,,augmented
WT Shape-WT13.5X73,WT,,augmented
WT13.5X73 WT Shape,WT,,augmented
WT13.5X64.5,WT,,original
WT 13.5X64.5,WT,,original
WT-13.5X64.5,WT,,augmented
WT_13.5X64.5,WT,,augmented
WT13.5 X 64.5,WT,,original
WT 13.5 X 64.5,WT,,original
Tee WT13.5X64.5,WT,,augmented
Tee-WT13.5X64.5,WT,,augmented
WT13.5X64.5 Tee,WT,,augmented
WT13.5X64.5 A992,WT,,augmented
WT Shape WT13.5X64.5,WT,,augmented
WT Shape-WT13.5X64.5,WT,,augmented
WT13.5X64.5 WT Shape,WT,,augmented
WT13.5X57,WT,,original
WT 13.5X57,WT,,original
WT-13.5X57,WT,,augmented
WT_13.5X57,WT,,augmented
WT13.5 X 57,WT,,original
WT 13.5 X 57,WT,,original
Tee WT13.5X57,WT,,augmented
Tee-WT13.5X57,WT,,augmented
WT13.5X57 Tee,WT,,augmented
WT13.5X57 A992,WT,,augmented
WT Shape WT13.5X57,WT,,augmented
WT Shape-WT13.5X57,WT,,augmented
WT13.5X57 WT Shape,WT,,augmented
WT13.5X51,WT,,original
WT 13.5X51,WT,,original
WT-13.5X51,WT,,augmented
WT_13.5X51,WT,,augmented
WT13.5 X 51,WT,,original
WT 13.5 X 51,WT,,original
Tee WT13.5X51,WT,,augmented
Tee-WT13.5X51,WT,,augmented
WT13.5X51 Tee,WT,,augmented
WT13.5X51 A992,WT,,augmented
WT Shape WT13.5X51,WT,,augmented
WT Shape-WT13.5X51,WT,,augmented
WT13.5X51 WT Shape,WT,,augmented
WT13.5X47,WT,,original
WT 13.5X47,WT,,original
WT-13.5X47,WT,,augmented
WT_13.5X47,WT,,augmented
WT13.5 X 47,WT,,original
WT 13.5 X 47,WT,,original
Tee WT13.5X47,WT,,augmented
Tee-WT13.5X47,WT,,augmented
WT13.5X47 Tee,WT,,augmented
WT13.5X47 A992,WT,,augmented
WT Shape WT13.5X47,WT,,augmented
WT Shape-WT13.5X47,WT,,augmented
WT13.5X47 WT Shape,WT,,augmented
WT13.5X42,WT,,original
WT 13.5X42,WT,,original
WT-13.5X42,WT,,augmented
WT_13.5X42,WT,,augmented
WT13.5 X 42,WT,,original
WT 13.5 X 42,WT,,original
Tee WT13.5X42,WT,,augmented
Tee-WT13.5X42,WT,,augmented
WT13.5X42 Tee,WT,,augmented
WT13.5X42 A992,WT,,augmented
WT Shape WT13.5X42,WT,,augmented
WT Shape-WT13.5X42,WT,,augmented
WT13.5X42 WT Shape,WT,,augmented
WT12X185,WT,,original
WT 12X185,WT,,original
WT-12X185,WT,,augmented
WT_12X185,WT,,augmented
WT12 X 185,WT,,original
WT 12 X 185,WT,,original
Tee WT12X185,WT,,augmented
Tee-WT12X185,WT,,augmented
WT12X185 Tee,WT,,augmented
WT12X185 A992,WT,,augmented
WT Shape WT12X185,WT,,augmented
WT Shape-WT12X185,WT,,augmented
WT12X185 WT Shape,WT,,augmented
WT12X167.5,WT,,original
WT 12X167.5,WT,,original
WT-12X167.5,WT,,augmented
WT_12X167.5,WT,,augmented
WT12 X 167.5,WT,,original
WT 12 X 167.5,WT,,original
Tee WT12X167.5,WT,,augmented
Tee-WT12X167.5,WT,,augmented
WT12X167.5 Tee,WT,,augmented
WT12X167.5 A992,WT,,augmented
WT Shape WT12X167.5,WT,,augmented
WT Shape-WT12X167.5,WT,,augmented
WT12X167.5 WT Shape,WT,,augmented
WT12X153,WT,,original
WT 12X153,WT,,original
WT-12X153,WT,,augmented
WT_12X153,WT,,augmented
WT12 X 153,WT,,original
WT 12 X 153,WT,,original
Tee WT12X153,WT,,augmented
Tee-WT12X153,WT,,augmented
WT12X153 Tee,WT,,augmented
WT12X153 A992,WT,,augmented
WT Shape WT12X153,WT,,augmented
WT Shape-WT12X153,WT,,augmented
WT12X153 WT Shape,WT,,augmented
WT12X139.5,WT,,original
WT 12X139.5,WT,,original
WT-12X139.5,WT,,augmented
WT_12X139.5,WT,,augmented
WT12 X 139.5,WT,,original
WT 12 X 139.5,WT,,original
Tee WT12X139.5,WT,,augmented
Tee-WT12X139.5,WT,,augmented
WT12X139.5 Tee,WT,,augmented
WT12X139.5 A992,WT,,augmented
WT Shape WT12X139.5,WT,,augmented
WT Shape-WT12X139.5,WT,,augmented
WT12X139.5 WT Shape,WT,,augmented
WT12X125,WT,,original
WT 12X125,WT,,original
WT-12X125,WT,,augmented
WT_12X125,WT,,augmented
WT12 X 125,WT,,original
WT 12 X 125,WT,,original
Tee WT12X125,WT,,augmented
Tee-WT12X125,WT,,augmented
WT12X125 Tee,WT,,augmented
WT12X125 A992,WT,,augmented
WT Shape WT12X125,WT,,augmented
WT Shape-WT12X125,WT,,augmented
WT12X125 WT Shape,WT,,augmented
WT12X114.5,WT,,original
WT 12X114.5,WT,,original
WT-12X114.5,WT,,augmented
WT_12X114.5,WT,,augmented
WT12 X 114.5,WT,,original
WT 12 X 114.5,WT,,original
Tee WT12X114.5,WT,,augmented
Tee-WT12X114.5,WT,,augmented
WT12X114.5 Tee,WT,,augmented
WT12X114.5 A992,WT,,augmented
WT Shape WT12X114.5,WT,,augmented
WT Shape-WT12X114.5,WT,,augmented
WT12X114.5 WT Shape,WT,,augmented
WT12X103.5,WT,,original
WT 12X103.5,WT,,original
WT-12X103.5,WT,,augmented
WT_12X103.5,WT,,augmented
WT12 X 103.5,WT,,original
WT 12 X 103.5,WT,,original
Tee WT12X103.5,WT,,augmented
Tee-WT12X103.5,WT,,augmented
WT12X103.5 Tee,WT,,augmented
WT12X103.5 A992,WT,,augmented
WT Shape WT12X103.5,WT,,augmented
WT Shape-WT12X103.5,WT,,augmented
WT12X103.5 WT Shape,WT,,augmented
WT12X96,WT,,original
WT 12X96,WT,,original
WT-12X96,WT,,augmented
WT_12X96,WT,,augmented
WT12 X 96,WT,,original
WT 12 X 96,WT,,original
Tee WT12X96,WT,,augmented
Tee-WT12X96,WT,,augmented
WT12X96 Tee,WT,,augmented
WT12X96 A992,WT,,augmented
WT Shape WT12X96,WT,,augmented
WT Shape-WT12X96,WT,,augmented
WT12X96 WT Shape,WT,,augmented
WT12X88,WT,,original
WT 12X88,WT,,original
WT-12X88,WT,,augmented
WT_12X88,WT,,augmented
WT12 X 88,WT,,original
WT 12 X 88,WT,,original
Tee WT12X88,WT,,augmented
Tee-WT12X88,WT,,augmented
WT12X88 Tee,WT,,augmented
WT12X88 A992,WT,,augmented
WT Shape WT12X88,WT,,augmented
WT Shape-WT12X88,WT,,augmented
WT12X88 WT Shape,WT,,augmented
WT12X81,WT,,original
WT 12X81,WT,,original
WT-12X81,WT,,augmented
WT_12X81,WT,,augmented
WT12 X 81,WT,,original
WT 12 X 81,WT,,original
Tee WT12X81,WT,,augmented
Tee-WT12X81,WT,,augmented
WT12X81 Tee,WT,,augmented
WT12X81 A992,WT,,augmented
WT Shape WT12X81,WT,,augmented
WT Shape-WT12X81,WT,,augmented
WT12X81 WT Shape,WT,,augmented
WT12X73,WT,,original
WT 12X73,WT,,original
WT-12X73,WT,,augmented
WT_12X73,WT,,augmented
WT12 X 73,WT,,original
WT 12 X 73,WT,,original
Tee WT12X73,WT,,augmented
Tee-WT12X73,WT,,augmented
WT12X73 Tee,WT,,augmented
WT12X73 A992,WT,,augmented
WT Shape WT12X73,WT,,augmented
WT Shape-WT12X73,WT,,augmented
WT12X73 WT Shape,WT,,augmented
WT12X65.5,WT,,original
WT 12X65.5,WT,,original
WT-12X65.5,WT,,augmented
WT_12X65.5,WT,,augmented
WT12 X 65.5,WT,,original
WT 12 X 65.5,WT,,original
Tee WT12X65.5,WT,,augmented
Tee-WT12X65.5,WT,,augmented
WT12X65.5 Tee,WT,,augmented
WT12X65.5 A992,WT,,augmented
WT Shape WT12X65.5,WT,,augmented
WT Shape-WT12X65.5,WT,,augmented
WT12X65.5 WT Shape,WT,,augmented
WT12X58.5,WT,,original
WT 12X58.5,WT,,original
WT-12X58.5,WT,,augmented
WT_12X58.5,WT,,augmented
WT12 X 58.5,WT,,original
WT 12 X 58.5,WT,,original
Tee WT12X58.5,WT,,augmented
Tee-WT12X58.5,WT,,augmented
WT12X58.5 Tee,WT,,augmented
WT12X58.5 A992,WT,,augmented
WT Shape WT12X58.5,WT,,augmented
WT Shape-WT12X58.5,WT,,augmented
WT12X58.5 WT Shape,WT,,augmented
WT12X52,WT,,original
WT 12X52,WT,,original
WT-12X52,WT,,augmented
WT_12X52,WT,,augmented
WT12 X 52,WT,,original
WT 12 X 52,WT,,original
Tee WT12X52,WT,,augmented
Tee-WT12X52,WT,,augmented
WT12X52 Tee,WT,,augmented
WT12X52 A992,WT,,augmented
WT Shape WT12X52,WT,,augmented
WT Shape-WT12X52,WT,,augmented
WT12X52 WT Shape,WT,,augmented
WT12X51.5,WT,,original
WT 12X51.5,WT,,original
WT-12X51.5,WT,,augmented
WT_12X51.5,WT,,augmented
WT12 X 51.5,WT,,original
WT 12 X 51.5,WT,,original
Tee WT12X51.5,WT,,augmented
Tee-WT12X51.5,WT,,augmented
WT12X51.5 Tee,WT,,augmented
WT12X51.5 A992,WT,,augmented
WT Shape WT12X51.5,WT,,augmented
WT Shape-WT12X51.5,WT,,augmented
WT12X51.5 WT Shape,WT,,augmented
WT12X47,WT,,original
WT 12X47,WT,,original
WT-12X47,WT,,augmented
WT_12X47,WT,,augmented
WT12 X 47,WT,,original
WT 12 X 47,WT,,original
Tee WT12X47,WT,,augmented
Tee-WT12X47,WT,,augmented
WT12X47 Tee,WT,,augmented
WT12X47 A992,WT,,augmented
WT Shape WT12X47,WT,,augmented
WT Shape-WT12X47,WT,,augmented
WT12X47 WT Shape,WT,,augmented
WT12X42,WT,,original
WT 12X42,WT,,original
WT-12X42,WT,,augmented
WT_12X42,WT,,augmented
WT12 X 42,WT,,original
WT 12 X 42,WT,,original
Tee WT12X42,WT,,augmented
Tee-WT12X42,WT,,augmented
WT12X42 Tee,WT,,augmented
WT12X42 A992,WT,,augmented
WT Shape WT12X42,WT,,augmented
WT Shape-WT12X42,WT,,augmented
WT12X42 WT Shape,WT,,augmented
WT12X38,WT,,original
WT 12X38,WT,,original
WT-12X38,WT,,augmented
WT_12X38,WT,,augmented
WT12 X 38,WT,,original
WT 12 X 38,WT,,original
Tee WT12X38,WT,,augmented
Tee-WT12X38,WT,,augmented
WT12X38 Tee,WT,,augmented
WT12X38 A992,WT,,augmented
WT Shape WT12X38,WT,,augmented
WT Shape-WT12X38,WT,,augmented
WT12X38 WT Shape,WT,,augmented
WT12X34,WT,,original
WT 12X34,WT,,original
WT-12X34,WT,,augmented
WT_12X34,WT,,augmented
WT12 X 34,WT,,original
WT 12 X 34,WT,,original
Tee WT12X34,WT,,augmented
Tee-WT12X34,WT,,augmented
WT12X34 Tee,WT,,augmented
WT12X34 A992,WT,,augmented
WT Shape WT12X34,WT,,augmented
WT Shape-WT12X34,WT,,augmented
WT12X34 WT Shape,WT,,augmented
WT12X31,WT,,original
WT 12X31,WT,,original
WT-12X31,WT,,augmented
WT_12X31,WT,,augmented
WT12 X 31,WT,,original
WT 12 X 31,WT,,original
Tee WT12X31,WT,,augmented
Tee-WT12X31,WT,,augmented
WT12X31 Tee,WT,,augmented
WT12X31 A992,WT,,augmented
WT Shape WT12X31,WT,,augmented
WT Shape-WT12X31,WT,,augmented
WT12X31 WT Shape,WT,,augmented
WT12X27.5,WT,,original
WT 12X27.5,WT,,original
WT-12X27.5,WT,,augmented
WT_12X27.5,WT,,augmented
WT12 X 27.5,WT,,original
WT 12 X 27.5,WT,,original
Tee WT12X27.5,WT,,augmented
Tee-WT12X27.5,WT,,augmented
WT12X27.5 Tee,WT,,augmented
WT12X27.5 A992,WT,,augmented
WT Shape WT12X27.5,WT,,augmented
WT Shape-WT12X27.5,WT,,augmented
WT12X27.5 WT Shape,WT,,augmented
WT10.5X137.5,WT,,original
WT 10.5X137.5,WT,,original
WT-10.5X137.5,WT,,augmented
WT_10.5X137.5,WT,,augmented
WT10.5 X 137.5,WT,,original
WT 10.5 X 137.5,WT,,original
Tee WT10.5X137.5,WT,,augmented
Tee-WT10.5X137.5,WT,,augmented
WT10.5X137.5 Tee,WT,,augmented
WT10.5X137.5 A992,WT,,augmented
WT Shape WT10.5X137.5,WT,,augmented
WT Shape-WT10.5X137.5,WT,,augmented
WT10.5X137.5 WT Shape,WT,,augmented
WT10.5X124,WT,,original
WT 10.5X124,WT,,original
WT-10.5X124,WT,,augmented
WT_10.5X124,WT,,augmented
WT10.5 X 124,WT,,original
WT 10.5 X 124,WT,,original
Tee WT10.5X124,WT,,augmented
Tee-WT10.5X124,WT,,augmented
WT10.5X124 Tee,WT,,augmented
WT10.5X124 A992,WT,,augmented
WT Shape WT10.5X124,WT,,augmented
WT Shape-WT10.5X124,WT,,augmented
WT10.5X124 WT Shape,WT,,augmented
WT10.5X111.5,WT,,original
WT 10.5X111.5,WT,,original
WT-10.5X111.5,WT,,augmented
WT_10.5X111.5,WT,,augmented
WT10.5 X 111.5,WT,,original
WT 10.5 X 111.5,WT,,original
Tee WT10.5X111.5,WT,,augmented
Tee-WT10.5X111.5,WT,,augmented
WT10.5X111.5 Tee,WT,,augmented
WT10.5X111.5 A992,WT,,augmented
WT Shape WT10.5X111.5,WT,,augmented
WT Shape-WT10.5X111.5,WT,,augmented
WT10.5X111.5 WT Shape,WT,,augmented
WT10.5X100.5,WT,,original
WT 10.5X100.5,WT,,original
WT-10.5X100.5,WT,,augmented
WT_10.5X100.5,WT,,augmented
WT10.5 X 100.5,WT,,original
WT 10.5 X 100.5,WT,,original
Tee WT10.5X100.5,WT,,augmented
Tee-WT10.5X100.5,WT,,augmented
WT10.5X100.5 Tee,WT,,augmented
WT10.5X100.5 A992,WT,,augmented
WT Shape WT10.5X100.5,WT,,augmented
WT Shape-WT10.5X100.5,WT,,augmented
WT10.5X100.5 WT Shape,WT,,augmented
WT10.5X91,WT,,original
WT 10.5X91,WT,,original
WT-10.5X91,WT,,augmented
WT_10.5X91,WT,,augmented
WT10.5 X 91,WT,,original
WT 10.5 X 91,WT,,original
Tee WT10.5X91,WT,,augmented
Tee-WT10.5X91,WT,,augmented
WT10.5X91 Tee,WT,,augmented
WT10.5X91 A992,WT,,augmented
WT Shape WT10.5X91,WT,,augmented
WT Shape-WT10.5X91,WT,,augmented
WT10.5X91 WT Shape,WT,,augmented
WT10.5X83,WT,,original
WT 10.5X83,WT,,original
WT-10.5X83,WT,,augmented
WT_10.5X83,WT,,augmented
WT10.5 X 83,WT,,original
WT 10.5 X 83,WT,,original
Tee WT10.5X83,WT,,augmented
Tee-WT10.5X83,WT,,augmented
WT10.5X83 Tee,WT,,augmented
WT10.5X83 A992,WT,,augmented
WT Shape WT10.5X83,WT,,augmented
WT Shape-WT10.5X83,WT,,augmented
WT10.5X83 WT Shape,WT,,augmented
WT10.5X73.5,WT,,original
WT 10.5X73.5,WT,,original
WT-10.5X73.5,WT,,augmented
WT_10.5X73.5,WT,,augmented
WT10.5 X 73.5,WT,,original
WT 10.5 X 73.5,WT,,original
Tee WT10.5X73.5,WT,,augmented
Tee-WT10.5X73.5,WT,,augmented
WT10.5X73.5 Tee,WT,,augmented
WT10.5X73.5 A992,WT,,augmented
WT Shape WT10.5X73.5,WT,,augmented
WT Shape-WT10.5X73.5,WT,,augmented
WT10.5X73.5 WT Shape,WT,,augmented
WT10.5X66,WT,,original
WT 10.5X66,WT,,original
WT-10.5X66,WT,,augmented
WT_10.5X66,WT,,augmented
WT10.5 X 66,WT,,original
WT 10.5 X 66,WT,,original
Tee WT10.5X66,WT,,augmented
Tee-WT10.5X66,WT,,augmented
WT10.5X66 Tee,WT,,augmented
WT10.5X66 A992,WT,,augmented
WT Shape WT10.5X66,WT,,augmented
WT Shape-WT10.5X66,WT,,augmented
WT10.5X66 WT Shape,WT,,augmented
WT10.5X61,WT,,original
WT 10.5X61,WT,,original
WT-10.5X61,WT,,augmented
WT_10.5X61,WT,,augmented
WT10.5 X 61,WT,,original
WT 10.5 X 61,WT,,original
Tee WT10.5X61,WT,,augmented
Tee-WT10.5X61,WT,,augmented
WT10.5X61 Tee,WT,,augmented
WT10.5X61 A992,WT,,augmented
WT Shape WT10.5X61,WT,,augmented
WT Shape-WT10.5X61,WT,,augmented
WT10.5X61 WT Shape,WT,,augmented
WT10.5X55.5,WT,,original
WT 10.5X55.5,WT,,original
WT-10.5X55.5,WT,,augmented
WT_10.5X55.5,WT,,augmented
WT10.5 X 55.5,WT,,original
WT 10.5 X 55.5,WT,,original
Tee WT10.5X55.5,WT,,augmented
Tee-WT10.5X55.5,WT,,augmented
WT10.5X55.5 Tee,WT,,augmented
WT10.5X55.5 A992,WT,,augmented
WT Shape WT10.5X55.5,WT,,augmented
WT Shape-WT10.5X55.5,WT,,augmented
WT10.5X55.5 WT Shape,WT,,augmented
WT10.5X50.5,WT,,original
WT 10.5X50.5,WT,,original
WT-10.5X50.5,WT,,augmented
WT_10.5X50.5,WT,,augmented
WT10.5 X 50.5,WT,,original
WT 10.5 X 50.5,WT,,original
Tee WT10.5X50.5,WT,,augmented
Tee-WT10.5X50.5,WT,,augmented
WT10.5X50.5 Tee,WT,,augmented
WT10.5X50.5 A992,WT,,augmented
WT Shape WT10.5X50.5,WT,,augmented
WT Shape-WT10.5X50.5,WT,,augmented
WT10.5X50.5 WT Shape,WT,,augmented
WT10.5X46.5,WT,,original
WT 10.5X46.5,WT,,original
WT-10.5X46.5,WT,,augmented
WT_10.5X46.5,WT,,augmented
WT10.5 X 46.5,WT,,original
WT 10.5 X 46.5,WT,,original
Tee WT10.5X46.5,WT,,augmented
Tee-WT10.5X46.5,WT,,augmented
WT10.5X46.5 Tee,WT,,augmented
WT10.5X46.5 A992,WT,,augmented
WT Shape WT10.5X46.5,WT,,augmented
WT Shape-WT10.5X46.5,WT,,augmented
WT10.5X46.5 WT Shape,WT,,augmented
WT10.5X41.5,WT,,original
WT 10.5X41.5,WT,,original
WT-10.5X41.5,WT,,augmented
WT_10.5X41.5,WT,,augmented
WT10.5 X 41.5,WT,,original
WT 10.5 X 41.5,WT,,original
Tee WT10.5X41.5,WT,,augmented
Tee-WT10.5X41.5,WT,,augmented
WT10.5X41.5 Tee,WT,,augmented
WT10.5X41.5 A992,WT,,augmented
WT Shape WT10.5X41.5,WT,,augmented
WT Shape-WT10.5X41.5,WT,,augmented
WT10.5X41.5 WT Shape,WT,,augmented
WT10.5X36.5,WT,,original
WT 10.5X36.5,WT,,original
WT-10.5X36.5,WT,,augmented
WT_10.5X36.5,WT,,augmented
WT10.5 X 36.5,WT,,original
WT 10.5 X 36.5,WT,,original
Tee WT10.5X36.5,WT,,augmented
Tee-WT10.5X36.5,WT,,augmented
WT10.5X36.5 Tee,WT,,augmented
WT10.5X36.5 A992,WT,,augmented
WT Shape WT10.5X36.5,WT,,augmented
WT Shape-WT10.5X36.5,WT,,augmented
WT10.5X36.5 WT Shape,WT,,augmented
WT10.5X34,WT,,original
WT 10.5X34,WT,,original
WT-10.5X34,WT,,augmented
WT_10.5X34,WT,,augmented
WT10.5 X 34,WT,,original
WT 10.5 X 34,WT,,original
Tee WT10.5X34,WT,,augmented
Tee-WT10.5X34,WT,,augmented
WT10.5X34 Tee,WT,,augmented
WT10.5X34 A992,WT,,augmented
WT Shape WT10.5X34,WT,,augmented
WT Shape-WT10.5X34,WT,,augmented
WT10.5X34 WT Shape,WT,,augmented
WT10.5X31,WT,,original
WT 10.5X31,WT,,original
WT-10.5X31,WT,,augmented
WT_10.5X31,WT,,augmented
WT10.5 X 31,WT,,original
WT 10.5 X 31,WT,,original
Tee WT10.5X31,WT,,augmented
Tee-WT10.5X31,WT,,augmented
WT10.5X31 Tee,WT,,augmented
WT10.5X31 A992,WT,,augmented
WT Shape WT10.5X31,WT,,augmented
WT Shape-WT10.5X31,WT,,augmented
WT10.5X31 WT Shape,WT,,augmented
WT10.5X27.5,WT,,original
WT 10.5X27.5,WT,,original
WT-10.5X27.5,WT,,augmented
WT_10.5X27.5,WT,,augmented
WT10.5 X 27.5,WT,,original
WT 10.5 X 27.5,WT,,original
Tee WT10.5X27.5,WT,,augmented
Tee-WT10.5X27.5,WT,,augmented
WT10.5X27.5 Tee,WT,,augmented
WT10.5X27.5 A992,WT,,augmented
WT Shape WT10.5X27.5,WT,,augmented
WT Shape-WT10.5X27.5,WT,,augmented
WT10.5X27.5 WT Shape,WT,,augmented
WT10.5X24,WT,,original
WT 10.5X24,WT,,original
WT-10.5X24,WT,,augmented
WT_10.5X24,WT,,augmented
WT10.5 X 24,WT,,original
WT 10.5 X 24,WT,,original
Tee WT10.5X24,WT,,augmented
Tee-WT10.5X24,WT,,augmented
WT10.5X24 Tee,WT,,augmented
WT10.5X24 A992,WT,,augmented
WT Shape WT10.5X24,WT,,augmented
WT Shape-WT10.5X24,WT,,augmented
WT10.5X24 WT Shape,WT,,augmented
WT10.5X28.5,WT,,original
WT 10.5X28.5,WT,,original
WT-10.5X28.5,WT,,augmented
WT_10.5X28.5,WT,,augmented
WT10.5 X 28.5,WT,,original
WT 10.5 X 28.5,WT,,original
Tee WT10.5X28.5,WT,,augmented
Tee-WT10.5X28.5,WT,,augmented
WT10.5X28.5 Tee,WT,,augmented
WT10.5X28.5 A992,WT,,augmented
WT Shape WT10.5X28.5,WT,,augmented
WT Shape-WT10.5X28.5,WT,,augmented
WT10.5X28.5 WT Shape,WT,,augmented
WT10.5X25,WT,,original
WT 10.5X25,WT,,original
WT-10.5X25,WT,,augmented
WT_10.5X25,WT,,augmented
WT10.5 X 25,WT,,original
WT 10.5 X 25,WT,,original
Tee WT10.5X25,WT,,augmented
Tee-WT10.5X25,WT,,augmented
WT10.5X25 Tee,WT,,augmented
WT10.5X25 A992,WT,,augmented
WT Shape WT10.5X25,WT,,augmented
WT Shape-WT10.5X25,WT,,augmented
WT10.5X25 WT Shape,WT,,augmented
WT10.5X22,WT,,original
WT 10.5X22,WT,,original
WT-10.5X22,WT,,augmented
WT_10.5X22,WT,,augmented
WT10.5 X 22,WT,,original
WT 10.5 X 22,WT,,original
Tee WT10.5X22,WT,,augmented
Tee-WT10.5X22,WT,,augmented
WT10.5X22 Tee,WT,,augmented
WT10.5X22 A992,WT,,augmented
WT Shape WT10.5X22,WT,,augmented
WT Shape-WT10.5X22,WT,,augmented
WT10.5X22 WT Shape,WT,,augmented
WT9X155.5,WT,,original
WT 9X155.5,WT,,original
WT-9X155.5,WT,,augmented
WT_9X155.5,WT,,augmented
WT9 X 155.5,WT,,original
WT 9 X 155.5,WT,,original
Tee WT9X155.5,WT,,augmented
Tee-WT9X155.5,WT,,augmented
WT9X155.5 Tee,WT,,augmented
WT9X155.5 A992,WT,,augmented
WT Shape WT9X155.5,WT,,augmented
WT Shape-WT9X155.5,WT,,augmented
WT9X155.5 WT Shape,WT,,augmented
WT9X141.5,WT,,original
WT 9X141.5,WT,,original
WT-9X141.5,WT,,augmented
WT_9X141.5,WT,,augmented
WT9 X 141.5,WT,,original
WT 9 X 141.5,WT,,original
Tee WT9X141.5,WT,,augmented
Tee-WT9X141.5,WT,,augmented
WT9X141.5 Tee,WT,,augmented
WT9X141.5 A992,WT,,augmented
WT Shape WT9X141.5,WT,,augmented
WT Shape-WT9X141.5,WT,,augmented
WT9X141.5 WT Shape,WT,,augmented
WT9X129,WT,,original
WT 9X129,WT,,original
WT-9X129,WT,,augmented
WT_9X129,WT,,augmented
WT9 X 129,WT,,original
WT 9 X 129,WT,,original
Tee WT9X129,WT,,augmented
Tee-WT9X129,WT,,augmented
WT9X129 Tee,WT,,augmented
WT9X129 A992,WT,,augmented
WT Shape WT9X129,WT,,augmented
WT Shape-WT9X129,WT,,augmented
WT9X129 WT Shape,WT,,augmented
WT9X117,WT,,original
WT 9X117,WT,,original
WT-9X117,WT,,augmented
WT_9X117,WT,,augmented
WT9 X 117,WT,,original
WT 9 X 117,WT,,original
Tee WT9X117,WT,,augmented
Tee-WT9X117,WT,,augmented
WT9X117 Tee,WT,,augmented
WT9X117 A992,WT,,augmented
WT Shape WT9X117,WT,,augmented
WT Shape-WT9X117,WT,,augmented
WT9X117 WT Shape,WT,,augmented
WT9X105.5,WT,,original
WT 9X105.5,WT,,original
WT-9X105.5,WT,,augmented
WT_9X105.5,WT,,augmented
WT9 X 105.5,WT,,original
WT 9 X 105.5,WT,,original
Tee WT9X105.5,WT,,augmented
Tee-WT9X105.5,WT,,augmented
WT9X105.5 Tee,WT,,augmented
WT9X105.5 A992,WT,,augmented
WT Shape WT9X105.5,WT,,augmented
WT Shape-WT9X105.5,WT,,augmented
WT9X105.5 WT Shape,WT,,augmented
WT9X96,WT,,original
WT 9X96,WT,,original
WT-9X96,WT,,augmented
WT_9X96,WT,,augmented
WT9 X 96,WT,,original
WT 9 X 96,WT,,original
Tee WT9X96,WT,,augmented
Tee-WT9X96,WT,,augmented
WT9X96 Tee,WT,,augmented
WT9X96 A992,WT,,augmented
WT Shape WT9X96,WT,,augmented
WT Shape-WT9X96,WT,,augmented
WT9X96 WT Shape,WT,,augmented
WT9X87.5,WT,,original
WT 9X87.5,WT,,original
WT-9X87.5,WT,,augmented
WT_9X87.5,WT,,augmented
WT9 X 87.5,WT,,original
WT 9 X 87.5,WT,,original
Tee WT9X87.5,WT,,augmented
Tee-WT9X87.5,WT,,augmented
WT9X87.5 Tee,WT,,augmented
WT9X87.5 A992,WT,,augmented
WT Shape WT9X87.5,WT,,augmented
WT Shape-WT9X87.5,WT,,augmented
WT9X87.5 WT Shape,WT,,augmented
WT9X79,WT,,original
WT 9X79,WT,,original
WT-9X79,WT,,augmented
WT_9X79,WT,,augmented
WT9 X 79,WT,,original
WT 9 X 79,WT,,original
Tee WT9X79,WT,,augmented
Tee-WT9X79,WT,,augmented
WT9X79 Tee,WT,,augmented
WT9X79 A992,WT,,augmented
WT Shape WT9X79,WT,,augmented
WT Shape-WT9X79,WT,,augmented
WT9X79 WT Shape,WT,,augmented
WT9X71.5,WT,,original
WT 9X71.5,WT,,original
WT-9X71.5,WT,,augmented
WT_9X71.5,WT,,augmented
WT9 X 71.5,WT,,original
WT 9 X 71.5,WT,,original
Tee WT9X71.5,WT,,augmented
Tee-WT9X71.5,WT,,augmented
WT9X71.5 Tee,WT,,augmented
WT9X71.5 A992,WT,,augmented
WT Shape WT9X71.5,WT,,augmented
WT Shape-WT9X71.5,WT,,augmented
WT9X71.5 WT Shape,WT,,augmented
WT9X65,WT,,original
WT 9X65,WT,,original
WT-9X65,WT,,augmented
WT_9X65,WT,,augmented
WT9 X 65,WT,,original
WT 9 X 65,WT,,original
Tee WT9X65,WT,,augmented
Tee-WT9X65,WT,,augmented
WT9X65 Tee,WT,,augmented
WT9X65 A992,WT,,augmented
WT Shape WT9X65,WT,,augmented
WT Shape-WT9X65,WT,,augmented
WT9X65 WT Shape,WT,,augmented
WT9X59.5,WT,,original
WT 9X59.5,WT,,original
WT-9X59.5,WT,,augmented
WT_9X59.5,WT,,augmented
WT9 X 59.5,WT,,original
WT 9 X 59.5,WT,,original
Tee WT9X59.5,WT,,augmented
Tee-WT9X59.5,WT,,augmented
WT9X59.5 Tee,WT,,augmented
WT9X59.5 A992,WT,,augmented
WT Shape WT9X59.5,WT,,augmented
WT Shape-WT9X59.5,WT,,augmented
WT9X59.5 WT Shape,WT,,augmented
WT9X53,WT,,original
WT 9X53,WT,,original
WT-9X53,WT,,augmented
WT_9X53,WT,,augmented
WT9 X 53,WT,,original
WT 9 X 53,WT,,original
Tee WT9X53,WT,,augmented
Tee-WT9X53,WT,,augmented
WT9X53 Tee,WT,,augmented
WT9X53 A992,WT,,augmented
WT Shape WT9X53,WT,,augmented
WT Shape-WT9X53,WT,,augmented
WT9X53 WT Shape,WT,,augmented
WT9X48.5,WT,,original
WT 9X48.5,WT,,original
WT-9X48.5,WT,,augmented
WT_9X48.5,WT,,augmented
WT9 X 48.5,WT,,original
WT 9 X 48.5,WT,,original
Tee WT9X48.5,WT,,augmented
Tee-WT9X48.5,WT,,augmented
WT9X48.5 Tee,WT,,augmented
WT9X48.5 A992,WT,,augmented
WT Shape WT9X48.5,WT,,augmented
WT Shape-WT9X48.5,WT,,augmented
WT9X48.5 WT Shape,WT,,augmented
WT9X43,WT,,original
WT 9X43,WT,,original
WT-9X43,WT,,augmented
WT_9X43,WT,,augmented
WT9 X 43,WT,,original
WT 9 X 43,WT,,original
Tee WT9X43,WT,,augmented
Tee-WT9X43,WT,,augmented
WT9X43 Tee,WT,,augmented
WT9X43 A992,WT,,augmented
WT Shape WT9X43,WT,,augmented
WT Shape-WT9X43,WT,,augmented
WT9X43 WT Shape,WT,,augmented
WT9X38,WT,,original
WT 9X38,WT,,original
WT-9X38,WT,,augmented
WT_9X38,WT,,augmented
WT9 X 38,WT,,original
WT 9 X 38,WT,,original
Tee WT9X38,WT,,augmented
Tee-WT9X38,WT,,augmented
WT9X38 Tee,WT,,augmented
WT9X38 A992,WT,,augmented
WT Shape WT9X38,WT,,augmented
WT Shape-WT9X38,WT,,augmented
WT9X38 WT Shape,WT,,augmented
WT9X35.5,WT,,original
WT 9X35.5,WT,,original
WT-9X35.5,WT,,augmented
WT_9X35.5,WT,,augmented
WT9 X 35.5,WT,,original
WT 9 X 35.5,WT,,original
Tee WT9X35.5,WT,,augmented
Tee-WT9X35.5,WT,,augmented
WT9X35.5 Tee,WT,,augmented
WT9X35.5 A992,WT,,augmented
WT Shape WT9X35.5,WT,,augmented
WT Shape-WT9X35.5,WT,,augmented
WT9X35.5 WT Shape,WT,,augmented
WT9X32.5,WT,,original
WT 9X32.5,WT,,original
WT-9X32.5,WT,,augmented
WT_9X32.5,WT,,augmented
WT9 X 32.5,WT,,original
WT 9 X 32.5,WT,,original
Tee WT9X32.5,WT,,augmented
Tee-WT9X32.5,WT,,augmented
WT9X32.5 Tee,WT,,augmented
WT9X32.5 A992,WT,,augmented
WT Shape WT9X32.5,WT,,augmented
WT Shape-WT9X32.5,WT,,augmented
WT9X32.5 WT Shape,WT,,augmented
WT9X30,WT,,original
WT 9X30,WT,,original
WT-9X30,WT,,augmented
WT_9X30,WT,,augmented
WT9 X 30,WT,,original
WT 9 X 30,WT,,original
Tee WT9X30,WT,,augmented
Tee-WT9X30,WT,,augmented
WT9X30 Tee,WT,,augmented
WT9X30 A992,WT,,augmented
WT Shape WT9X30,WT,,augmented
WT Shape-WT9X30,WT,,augmented
WT9X30 WT Shape,WT,,augmented
WT9X27.5,WT,,original
WT 9X27.5,WT,,original
WT-9X27.5,WT,,augmented
WT_9X27.5,WT,,augmented
WT9 X 27.5,WT,,original
WT 9 X 27.5,WT,,original
Tee WT9X27.5,WT,,augmented
Tee-WT9X27.5,WT,,augmented
WT9X27.5 Tee,WT,,augmented
WT9X27.5 A992,WT,,augmented
WT Shape WT9X27.5,WT,,augmented
WT Shape-WT9X27.5,WT,,augmented
WT9X27.5 WT Shape,WT,,augmented
WT9X25,WT,,original
WT 9X25,WT,,original
WT-9X25,WT,,augmented
WT_9X25,WT,,augmented
WT9 X 25,WT,,original
WT 9 X 25,WT,,original
Tee WT9X25,WT,,augmented
Tee-WT9X25,WT,,augmented
WT9X25 Tee,WT,,augmented
WT9X25 A992,WT,,augmented
WT Shape WT9X25,WT,,augmented
WT Shape-WT9X25,WT,,augmented
WT9X25 WT Shape,WT,,augmented
WT9X23,WT,,original
WT 9X23,WT,,original
WT-9X23,WT,,augmented
WT_9X23,WT,,augmented
WT9 X 23,WT,,original
WT 9 X 23,WT,,original
Tee WT9X23,WT,,augmented
Tee-WT9X23,WT,,augmented
WT9X23 Tee,WT,,augmented
WT9X23 A992,WT,,augmented
WT Shape WT9X23,WT,,augmented
WT Shape-WT9X23,WT,,augmented
WT9X23 WT Shape,WT,,augmented
WT9X20,WT,,original
WT 9X20,WT,,original
WT-9X20,WT,,augmented
WT_9X20,WT,,augmented
WT9 X 20,WT,,original
WT 9 X 20,WT,,original
Tee WT9X20,WT,,augmented
Tee-WT9X20,WT,,augmented
WT9X20 Tee,WT,,augmented
WT9X20 A992,WT,,augmented
WT Shape WT9X20,WT,,augmented
WT Shape-WT9X20,WT,,augmented
WT9X20 WT Shape,WT,,augmented
WT9X17.5,WT,,original
WT 9X17.5,WT,,original
WT-9X17.5,WT,,augmented
WT_9X17.5,WT,,augmented
WT9 X 17.5,WT,,original
WT 9 X 17.5,WT,,original
Tee WT9X17.5,WT,,augmented
Tee-WT9X17.5,WT,,augmented
WT9X17.5 Tee,WT,,augmented
WT9X17.5 A992,WT,,augmented
WT Shape WT9X17.5,WT,,augmented
WT Shape-WT9X17.5,WT,,augmented
WT9X17.5 WT Shape,WT,,augmented
WT8X50,WT,,original
WT 8X50,WT,,original
WT-8X50,WT,,augmented
WT_8X50,WT,,augmented
WT8 X 50,WT,,original
WT 8 X 50,WT,,original
Tee WT8X50,WT,,augmented
Tee-WT8X50,WT,,augmented
WT8X50 Tee,WT,,augmented
WT8X50 A992,WT,,augmented
WT Shape WT8X50,WT,,augmented
WT Shape-WT8X50,WT,,augmented
WT8X50 WT Shape,WT,,augmented
WT8X44.5,WT,,original
WT 8X44.5,WT,,original
WT-8X44.5,WT,,augmented
WT_8X44.5,WT,,augmented
WT8 X 44.5,WT,,original
WT 8 X 44.5,WT,,original
Tee WT8X44.5,WT,,augmented
Tee-WT8X44.5,WT,,augmented
WT8X44.5 Tee,WT,,augmented
WT8X44.5 A992,WT,,augmented
WT Shape WT8X44.5,WT,,augmented
WT Shape-WT8X44.5,WT,,augmented
WT8X44.5 WT Shape,WT,,augmented
WT8X38.5,WT,,original
WT 8X38.5,WT,,original
WT-8X38.5,WT,,augmented
WT_8X38.5,WT,,augmented
WT8 X 38.5,WT,,original
WT 8 X 38.5,WT,,original
Tee WT8X38.5,WT,,augmented
Tee-WT8X38.5,WT,,augmented
WT8X38.5 Tee,WT,,augmented
WT8X38.5 A992,WT,,augmented
WT Shape WT8X38.5,WT,,augmented
WT Shape-WT8X38.5,WT,,augmented
WT8X38.5 WT Shape,WT,,augmented
WT8X33.5,WT,,original
WT 8X33.5,WT,,original
WT-8X33.5,WT,,augmented
WT_8X33.5,WT,,augmented
WT8 X 33.5,WT,,original
WT 8 X 33.5,WT,,original
Tee WT8X33.5,WT,,augmented
Tee-WT8X33.5,WT,,augmented
WT8X33.5 Tee,WT,,augmented
WT8X33.5 A992,WT,,augmented
WT Shape WT8X33.5,WT,,augmented
WT Shape-WT8X33.5,WT,,augmented
WT8X33.5 WT Shape,WT,,augmented
WT8X28.5,WT,,original
WT 8X28.5,WT,,original
WT-8X28.5,WT,,augmented
WT_8X28.5,WT,,augmented
WT8 X 28.5,WT,,original
WT 8 X 28.5,WT,,original
Tee WT8X28.5,WT,,augmented
Tee-WT8X28.5,WT,,augmented
WT8X28.5 Tee,WT,,augmented
WT8X28.5 A992,WT,,augmented
WT Shape WT8X28.5,WT,,augmented
WT Shape-WT8X28.5,WT,,augmented
WT8X28.5 WT Shape,WT,,augmented
WT8X25,WT,,original
WT 8X25,WT,,original
WT-8X25,WT,,augmented
WT_8X25,WT,,augmented
WT8 X 25,WT,,original
WT 8 X 25,WT,,original
Tee WT8X25,WT,,augmented
Tee-WT8X25,WT,,augmented
WT8X25 Tee,WT,,augmented
WT8X25 A992,WT,,augmented
WT Shape WT8X25,WT,,augmented
WT Shape-WT8X25,WT,,augmented
WT8X25 WT Shape,WT,,augmented
WT8X22.5,WT,,original
WT 8X22.5,WT,,original
WT-8X22.5,WT,,augmented
WT_8X22.5,WT,,augmented
WT8 X 22.5,WT,,original
WT 8 X 22.5,WT,,original
Tee WT8X22.5,WT,,augmented
Tee-WT8X22.5,WT,,augmented
WT8X22.5 Tee,WT,,augmented
WT8X22.5 A992,WT,,augmented
WT Shape WT8X22.5,WT,,augmented
WT Shape-WT8X22.5,WT,,augmented
WT8X22.5 WT Shape,WT,,augmented
WT8X20,WT,,original
WT 8X20,WT,,original
WT-8X20,WT,,augmented
WT_8X20,WT,,augmented
WT8 X 20,WT,,original
WT 8 X 20,WT,,original
Tee WT8X20,WT,,augmented
Tee-WT8X20,WT,,augmented
WT8X20 Tee,WT,,augmented
WT8X20 A992,WT,,augmented
WT Shape WT8X20,WT,,augmented
WT Shape-WT8X20,WT,,augmented
WT8X20 WT Shape,WT,,augmented
WT8X18,WT,,original
WT 8X18,WT,,original
WT-8X18,WT,,augmented
WT_8X18,WT,,augmented
WT8 X 18,WT,,original
WT 8 X 18,WT,,original
Tee WT8X18,WT,,augmented
Tee-WT8X18,WT,,augmented
WT8X18 Tee,WT,,augmented
WT8X18 A992,WT,,augmented
WT Shape WT8X18,WT,,augmented
WT Shape-WT8X18,WT,,augmented
WT8X18 WT Shape,WT,,augmented
WT8X15.5,WT,,original
WT 8X15.5,WT,,original
WT-8X15.5,WT,,augmented
WT_8X15.5,WT,,augmented
WT8 X 15.5,WT,,original
WT 8 X 15.5,WT,,original
Tee WT8X15.5,WT,,augmented
Tee-WT8X15.5,WT,,augmented
WT8X15.5 Tee,WT,,augmented
WT8X15.5 A992,WT,,augmented
WT Shape WT8X15.5,WT,,augmented
WT Shape-WT8X15.5,WT,,augmented
WT8X15.5 WT Shape,WT,,augmented
WT8X13,WT,,original
WT 8X13,WT,,original
WT-8X13,WT,,augmented
WT_8X13,WT,,augmented
WT8 X 13,WT,,original
WT 8 X 13,WT,,original
Tee WT8X13,WT,,augmented
Tee-WT8X13,WT,,augmented
WT8X13 Tee,WT,,augmented
WT8X13 A992,WT,,augmented
WT Shape WT8X13,WT,,augmented
WT Shape-WT8X13,WT,,augmented
WT8X13 WT Shape,WT,,augmented
WT7X436.5,WT,,original
WT 7X436.5,WT,,original
WT-7X436.5,WT,,augmented
WT_7X436.5,WT,,augmented
WT7 X 436.5,WT,,original
WT 7 X 436.5,WT,,original
Tee WT7X436.5,WT,,augmented
Tee-WT7X436.5,WT,,augmented
WT7X436.5 Tee,WT,,augmented
WT7X436.5 A992,WT,,augmented
WT Shape WT7X436.5,WT,,augmented
WT Shape-WT7X436.5,WT,,augmented
WT7X436.5 WT Shape,WT,,augmented
WT7X404,WT,,original
WT 7X404,WT,,original
WT-7X404,WT,,augmented
WT_7X404,WT,,augmented
WT7 X 404,WT,,original
WT 7 X 404,WT,,original
Tee WT7X404,WT,,augmented
Tee-WT7X404,WT,,augmented
WT7X404 Tee,WT,,augmented
WT7X404 A992,WT,,augmented
WT Shape WT7X404,WT,,augmented
WT Shape-WT7X404,WT,,augmented
WT7X404 WT Shape,WT,,augmented
WT7X365,WT,,original
WT 7X365,WT,,original
WT-7X365,WT,,augmented
WT_7X365,WT,,augmented
WT7 X 365,WT,,original
WT 7 X 365,WT,,original
Tee WT7X365,WT,,augmented
Tee-WT7X365,WT,,augmented
WT7X365 Tee,WT,,augmented
WT7X365 A992,WT,,augmented
WT Shape WT7X365,WT,,augmented
WT Shape-WT7X365,WT,,augmented
WT7X365 WT Shape,WT,,augmented
WT7X332.5,WT,,original
WT 7X332.5,WT,,original
WT-7X332.5,WT,,augmented
WT_7X332.5,WT,,augmented
WT7 X 332.5,WT,,original
WT 7 X 332.5,WT,,original
Tee WT7X332.5,WT,,augmented
Tee-WT7X332.5,WT,,augmented
WT7X332.5 Tee,WT,,augmented
WT7X332.5 A992,WT,,augmented
WT Shape WT7X332.5,WT,,augmented
WT Shape-WT7X332.5,WT,,augmented
WT7X332.5 WT Shape,WT,,augmented
WT7X302.5,WT,,original
WT 7X302.5,WT,,original
WT-7X302.5,WT,,augmented
WT_7X302.5,WT,,augmented
WT7 X 302.5,WT,,original
WT 7 X 302.5,WT,,original
Tee WT7X302.5,WT,,augmented
Tee-WT7X302.5,WT,,augmented
WT7X302.5 Tee,WT,,augmented
WT7X302.5 A992,WT,,augmented
WT Shape WT7X302.5,WT,,augmented
WT Shape-WT7X302.5,WT,,augmented
WT7X302.5 WT Shape,WT,,augmented
WT7X275,WT,,original
WT 7X275,WT,,original
WT-7X275,WT,,augmented
WT_7X275,WT,,augmented
WT7 X 275,WT,,original
WT 7 X 275,WT,,original
Tee WT7X275,WT,,augmented
Tee-WT7X275,WT,,augmented
WT7X275 Tee,WT,,augmented
WT7X275 A992,WT,,augmented
WT Shape WT7X275,WT,,augmented
WT Shape-WT7X275,WT,,augmented
WT7X275 WT Shape,WT,,augmented
WT7X250,WT,,original
WT 7X250,WT,,original
WT-7X250,WT,,augmented
WT_7X250,WT,,augmented
WT7 X 250,WT,,original
WT 7 X 250,WT,,original
Tee WT7X250,WT,,augmented
Tee-WT7X250,WT,,augmented
WT7X250 Tee,WT,,augmented
WT7X250 A992,WT,,augmented
WT Shape WT7X250,WT,,augmented
WT Shape-WT7X250,WT,,augmented
WT7X250 WT Shape,WT,,augmented
WT7X227.5,WT,,original
WT 7X227.5,WT,,original
WT-7X227.5,WT,,augmented
WT_7X227.5,WT,,augmented
WT7 X 227.5,WT,,original
WT 7 X 227.5,WT,,original
Tee WT7X227.5,WT,,augmented
Tee-WT7X227.5,WT,,augmented
WT7X227.5 Tee,WT,,augmented
WT7X227.5 A992,WT,,augmented
WT Shape WT7X227.5,WT,,augmented
WT Shape-WT7X227.5,WT,,augmented
WT7X227.5 WT Shape,WT,,augmented
WT7X213,WT,,original
WT 7X213,WT,,original
WT-7X213,WT,,augmented
WT_7X213,WT,,augmented
WT7 X 213,WT,,original
WT 7 X 213,WT,,original
Tee WT7X213,WT,,augmented
Tee-WT7X213,WT,,augmented
WT7X213 Tee,WT,,augmented
WT7X213 A992,WT,,augmented
WT Shape WT7X213,WT,,augmented
WT Shape-WT7X213,WT,,augmented
WT7X213 WT Shape,WT,,augmented
WT7X199,WT,,original
WT 7X199,WT,,original
WT-7X199,WT,,augmented
WT_7X199,WT,,augmented
WT7 X 199,WT,,original
WT 7 X 199,WT,,original
Tee WT7X199,WT,,augmented
Tee-WT7X199,WT,,augmented
WT7X199 Tee,WT,,augmented
WT7X199 A992,WT,,augmented
WT Shape WT7X199,WT,,augmented
WT Shape-WT7X199,WT,,augmented
WT7X199 WT Shape,WT,,augmented
WT7X185,WT,,original
WT 7X185,WT,,original
WT-7X185,WT,,augmented
WT_7X185,WT,,augmented
WT7 X 185,WT,,original
WT 7 X 185,WT,,original
Tee WT7X185,WT,,augmented
Tee-WT7X185,WT,,augmented
WT7X185 Tee,WT,,augmented
WT7X185 A992,WT,,augmented
WT Shape WT7X185,WT,,augmented
WT Shape-WT7X185,WT,,augmented
WT7X185 WT Shape,WT,,augmented
WT7X171,WT,,original
WT 7X171,WT,,original
WT-7X171,WT,,augmented
WT_7X171,WT,,augmented
WT7 X 171,WT,,original
WT 7 X 171,WT,,original
Tee WT7X171,WT,,augmented
Tee-WT7X171,WT,,augmented
WT7X171 Tee,WT,,augmented
WT7X171 A992,WT,,augmented
WT Shape WT7X171,WT,,augmented
WT Shape-WT7X171,WT,,augmented
WT7X171 WT Shape,WT,,augmented
WT7X155.5,WT,,original
WT 7X155.5,WT,,original
WT-7X155.5,WT,,augmented
WT_7X155.5,WT,,augmented
WT7 X 155.5,WT,,original
WT 7 X 155.5,WT,,original
Tee WT7X155.5,WT,,augmented
Tee-WT7X155.5,WT,,augmented
WT7X155.5 Tee,WT,,augmented
WT7X155.5 A992,WT,,augmented
WT Shape WT7X155.5,WT,,augmented
WT Shape-WT7X155.5,WT,,augmented
WT7X155.5 WT Shape,WT,,augmented
WT7X141.5,WT,,original
WT 7X141.5,WT,,original
WT-7X141.5,WT,,augmented
WT_7X141.5,WT,,augmented
WT7 X 141.5,WT,,original
WT 7 X 141.5,WT,,original
Tee WT7X141.5,WT,,augmented
Tee-WT7X141.5,WT,,augmented
WT7X141.5 Tee,WT,,augmented
WT7X141.5 A992,WT,,augmented
WT Shape WT7X141.5,WT,,augmented
WT Shape-WT7X141.5,WT,,augmented
WT7X141.5 WT Shape,WT,,augmented
WT7X128.5,WT,,original
WT 7X128.5,WT,,original
WT-7X128.5,WT,,augmented
WT_7X128.5,WT,,augmented
WT7 X 128.5,WT,,original
WT 7 X 128.5,WT,,original
Tee WT7X128.5,WT,,augmented
Tee-WT7X128.5,WT,,augmented
WT7X128.5 Tee,WT,,augmented
WT7X128.5 A992,WT,,augmented
WT Shape WT7X128.5,WT,,augmented
WT Shape-WT7X128.5,WT,,augmented
WT7X128.5 WT Shape,WT,,augmented
WT7X116.5,WT,,original
WT 7X116.5,WT,,original
WT-7X116.5,WT,,augmented
WT_7X116.5,WT,,augmented
WT7 X 116.5,WT,,original
WT 7 X 116.5,WT,,original
Tee WT7X116.5,WT,,augmented
Tee-WT7X116.5,WT,,augmented
WT7X116.5 Tee,WT,,augmented
WT7X116.5 A992,WT,,augmented
WT Shape WT7X116.5,WT,,augmented
WT Shape-WT7X116.5,WT,,augmented
WT7X116.5 WT Shape,WT,,augmented
WT7X105.5,WT,,original
WT 7X105.5,WT,,original
WT-7X105.5,WT,,augmented
WT_7X105.5,WT,,augmented
WT7 X 105.5,WT,,original
WT 7 X 105.5,WT,,original
Tee WT7X105.5,WT,,augmented
Tee-WT7X105.5,WT,,augmented
WT7X105.5 Tee,WT,,augmented
WT7X105.5 A992,WT,,augmented
WT Shape WT7X105.5,WT,,augmented
WT Shape-WT7X105.5,WT,,augmented
WT7X105.5 WT Shape,WT,,augmented
WT7X96.5,WT,,original
WT 7X96.5,WT,,original
WT-7X96.5,WT,,augmented
WT_7X96.5,WT,,augmented
WT7 X 96.5,WT,,original
WT 7 X 96.5,WT,,original
Tee WT7X96.5,WT,,augmented
Tee-WT7X96.5,WT,,augmented
WT7X96.5 Tee,WT,,augmented
WT7X96.5 A992,WT,,augmented
WT Shape WT7X96.5,WT,,augmented
WT Shape-WT7X96.5,WT,,augmented
WT7X96.5 WT Shape,WT,,augmented
WT7X88,WT,,original
WT 7X88,WT,,original
WT-7X88,WT,,augmented
WT_7X88,WT,,augmented
WT7 X 88,WT,,original
WT 7 X 88,WT,,original
Tee WT7X88,WT,,augmented
Tee-WT7X88,WT,,augmented
WT7X88 Tee,WT,,augmented
WT7X88 A992,WT,,augmented
WT Shape WT7X88,WT,,augmented
WT Shape-WT7X88,WT,,augmented
WT7X88 WT Shape,WT,,augmented
WT7X79.5,WT,,original
WT 7X79.5,WT,,original
WT-7X79.5,WT,,augmented
WT_7X79.5,WT,,augmented
WT7 X 79.5,WT,,original
WT 7 X 79.5,WT,,original
Tee WT7X79.5,WT,,augmented
Tee-WT7X79.5,WT,,augmented
WT7X79.5 Tee,WT,,augmented
WT7X79.5 A992,WT,,augmented
WT Shape WT7X79.5,WT,,augmented
WT Shape-WT7X79.5,WT,,augmented
WT7X79.5 WT Shape,WT,,augmented
WT7X72.5,WT,,original
WT 7X72.5,WT,,original
WT-7X72.5,WT,,augmented
WT_7X72.5,WT,,augmented
WT7 X 72.5,WT,,original
WT 7 X 72.5,WT,,original
Tee WT7X72.5,WT,,augmented
Tee-WT7X72.5,WT,,augmented
WT7X72.5 Tee,WT,,augmented
WT7X72.5 A992,WT,,augmented
WT Shape WT7X72.5,WT,,augmented
WT Shape-WT7X72.5,WT,,augmented
WT7X72.5 WT Shape,WT,,augmented
WT7X66,WT,,original
WT 7X66,WT,,original
WT-7X66,WT,,augmented
WT_7X66,WT,,augmented
WT7 X 66,WT,,original
WT 7 X 66,WT,,original
Tee WT7X66,WT,,augmented
Tee-WT7X66,WT,,augmented
WT7X66 Tee,WT,,augmented
WT7X66 A992,WT,,augmented
WT Shape WT7X66,WT,,augmented
WT Shape-WT7X66,WT,,augmented
WT7X66 WT Shape,WT,,augmented
WT7X60,WT,,original
WT 7X60,WT,,original
WT-7X60,WT,,augmented
WT_7X60,WT,,augmented
WT7 X 60,WT,,original
WT 7 X 60,WT,,original
Tee WT7X60,WT,,augmented
Tee-WT7X60,WT,,augmented
WT7X60 Tee,WT,,augmented
WT7X60 A992,WT,,augmented
WT Shape WT7X60,WT,,augmented
WT Shape-WT7X60,WT,,augmented
WT7X60 WT Shape,WT,,augmented
WT7X54.5,WT,,original
WT 7X54.5,WT,,original
WT-7X54.5,WT,,augmented
WT_7X54.5,WT,,augmented
WT7 X 54.5,WT,,original
WT 7 X 54.5,WT,,original
Tee WT7X54.5,WT,,augmented
Tee-WT7X54.5,WT,,augmented
WT7X54.5 Tee,WT,,augmented
WT7X54.5 A992,WT,,augmented
WT Shape WT7X54.5,WT,,augmented
WT Shape-WT7X54.5,WT,,augmented
WT7X54.5 WT Shape,WT,,augmented
WT7X49.5,WT,,original
WT 7X49.5,WT,,original
WT-7X49.5,WT,,augmented
WT_7X49.5,WT,,augmented
WT7 X 49.5,WT,,original
WT 7 X 49.5,WT,,original
Tee WT7X49.5,WT,,augmented
Tee-WT7X49.5,WT,,augmented
WT7X49.5 Tee,WT,,augmented
WT7X49.5 A992,WT,,augmented
WT Shape WT7X49.5,WT,,augmented
WT Shape-WT7X49.5,WT,,augmented
WT7X49.5 WT Shape,WT,,augmented
WT7X45,WT,,original
WT 7X45,WT,,original
WT-7X45,WT,,augmented
WT_7X45,WT,,augmented
WT7 X 45,WT,,original
WT 7 X 45,WT,,original
Tee WT7X45,WT,,augmented
Tee-WT7X45,WT,,augmented
WT7X45 Tee,WT,,augmented
WT7X45 A992,WT,,augmented
WT Shape WT7X45,WT,,augmented
WT Shape-WT7X45,WT,,augmented
WT7X45 WT Shape,WT,,augmented
WT7X41,WT,,original
WT 7X41,WT,,original
WT-7X41,WT,,augmented
WT_7X41,WT,,augmented
WT7 X 41,WT,,original
WT 7 X 41,WT,,original
Tee WT7X41,WT,,augmented
Tee-WT7X41,WT,,augmented
WT7X41 Tee,WT,,augmented
WT7X41 A992,WT,,augmented
WT Shape WT7X41,WT,,augmented
WT Shape-WT7X41,WT,,augmented
WT7X41 WT Shape,WT,,augmented
WT7X37,WT,,original
WT 7X37,WT,,original
WT-7X37,WT,,augmented
WT_7X37,WT,,augmented
WT7 X 37,WT,,original
WT 7 X 37,WT,,original
Tee WT7X37,WT,,augmented
Tee-WT7X37,WT,,augmented
WT7X37 Tee,WT,,augmented
WT7X37 A992,WT,,augmented
WT Shape WT7X37,WT,,augmented
WT Shape-WT7X37,WT,,augmented
WT7X37 WT Shape,WT,,augmented
WT7X34,WT,,original
WT 7X34,WT,,original
WT-7X34,WT,,augmented
WT_7X34,WT,,augmented
WT7 X 34,WT,,original
WT 7 X 34,WT,,original
Tee WT7X34,WT,,augmented
Tee-WT7X34,WT,,augmented
WT7X34 Tee,WT,,augmented
WT7X34 A992,WT,,augmented
WT Shape WT7X34,WT,,augmented
WT Shape-WT7X34,WT,,augmented
WT7X34 WT Shape,WT,,augmented
WT7X30.5,WT,,original
WT 7X30.5,WT,,original
WT-7X30.5,WT,,augmented
WT_7X30.5,WT,,augmented
WT7 X 30.5,WT,,original
WT 7 X 30.5,WT,,original
Tee WT7X30.5,WT,,augmented
Tee-WT7X30.5,WT,,augmented
WT7X30.5 Tee,WT,,augmented
WT7X30.5 A992,WT,,augmented
WT Shape WT7X30.5,WT,,augmented
WT Shape-WT7X30.5,WT,,augmented
WT7X30.5 WT Shape,WT,,augmented
WT7X26.5,WT,,original
WT 7X26.5,WT,,original
WT-7X26.5,WT,,augmented
WT_7X26.5,WT,,augmented
WT7 X 26.5,WT,,original
WT 7 X 26.5,WT,,original
Tee WT7X26.5,WT,,augmented
Tee-WT7X26.5,WT,,augmented
WT7X26.5 Tee,WT,,augmented
WT7X26.5 A992,WT,,augmented
WT Shape WT7X26.5,WT,,augmented
WT Shape-WT7X26.5,WT,,augmented
WT7X26.5 WT Shape,WT,,augmented
WT7X24,WT,,original
WT 7X24,WT,,original
WT-7X24,WT,,augmented
WT_7X24,WT,,augmented
WT7 X 24,WT,,original
WT 7 X 24,WT,,original
Tee WT7X24,WT,,augmented
Tee-WT7X24,WT,,augmented
WT7X24 Tee,WT,,augmented
WT7X24 A992,WT,,augmented
WT Shape WT7X24,WT,,augmented
WT Shape-WT7X24,WT,,augmented
WT7X24 WT Shape,WT,,augmented
WT7X21.5,WT,,original
WT 7X21.5,WT,,original
WT-7X21.5,WT,,augmented
WT_7X21.5,WT,,augmented
WT7 X 21.5,WT,,original
WT 7 X 21.5,WT,,original
Tee WT7X21.5,WT,,augmented
Tee-WT7X21.5,WT,,augmented
WT7X21.5 Tee,WT,,augmented
WT7X21.5 A992,WT,,augmented
WT Shape WT7X21.5,WT,,augmented
WT Shape-WT7X21.5,WT,,augmented
WT7X21.5 WT Shape,WT,,augmented
WT7X19,WT,,original
WT 7X19,WT,,original
WT-7X19,WT,,augmented
WT_7X19,WT,,augmented
WT7 X 19,WT,,original
WT 7 X 19,WT,,original
Tee WT7X19,WT,,augmented
Tee-WT7X19,WT,,augmented
WT7X19 Tee,WT,,augmented
WT7X19 A992,WT,,augmented
WT Shape WT7X19,WT,,augmented
WT Shape-WT7X19,WT,,augmented
WT7X19 WT Shape,WT,,augmented
WT7X17,WT,,original
WT 7X17,WT,,original
WT-7X17,WT,,augmented
WT_7X17,WT,,augmented
WT7 X 17,WT,,original
WT 7 X 17,WT,,original
Tee WT7X17,WT,,augmented
Tee-WT7X17,WT,,augmented
WT7X17 Tee,WT,,augmented
WT7X17 A992,WT,,augmented
WT Shape WT7X17,WT,,augmented
WT Shape-WT7X17,WT,,augmented
WT7X17 WT Shape,WT,,augmented
WT7X15,WT,,original
WT 7X15,WT,,original
WT-7X15,WT,,augmented
WT_7X15,WT,,augmented
WT7 X 15,WT,,original
WT 7 X 15,WT,,original
Tee WT7X15,WT,,augmented
Tee-WT7X15,WT,,augmented
WT7X15 Tee,WT,,augmented
WT7X15 A992,WT,,augmented
WT Shape WT7X15,WT,,augmented
WT Shape-WT7X15,WT,,augmented
WT7X15 WT Shape,WT,,augmented
WT7X13,WT,,original
WT 7X13,WT,,original
WT-7X13,WT,,augmented
WT_7X13,WT,,augmented
WT7 X 13,WT,,original
WT 7 X 13,WT,,original
Tee WT7X13,WT,,augmented
Tee-WT7X13,WT,,augmented
WT7X13 Tee,WT,,augmented
WT7X13 A992,WT,,augmented
WT Shape WT7X13,WT,,augmented
WT Shape-WT7X13,WT,,augmented
WT7X13 WT Shape,WT,,augmented
WT7X11,WT,,original
WT 7X11,WT,,original
WT-7X11,WT,,augmented
WT_7X11,WT,,augmented
WT7 X 11,WT,,original
WT 7 X 11,WT,,original
Tee WT7X11,WT,,augmented
Tee-WT7X11,WT,,augmented
WT7X11 Tee,WT,,augmented
WT7X11 A992,WT,,augmented
WT Shape WT7X11,WT,,augmented
WT Shape-WT7X11,WT,,augmented
WT7X11 WT Shape,WT,,augmented
WT6X168,WT,,original
WT 6X168,WT,,original
WT-6X168,WT,,augmented
WT_6X168,WT,,augmented
WT6 X 168,WT,,original
WT 6 X 168,WT,,original
Tee WT6X168,WT,,augmented
Tee-WT6X168,WT,,augmented
WT6X168 Tee,WT,,augmented
WT6X168 A992,WT,,augmented
WT Shape WT6X168,WT,,augmented
WT Shape-WT6X168,WT,,augmented
WT6X168 WT Shape,WT,,augmented
WT6X152.5,WT,,original
WT 6X152.5,WT,,original
WT-6X152.5,WT,,augmented
WT_6X152.5,WT,,augmented
WT6 X 152.5,WT,,original
WT 6 X 152.5,WT,,original
Tee WT6X152.5,WT,,augmented
Tee-WT6X152.5,WT,,augmented
WT6X152.5 Tee,WT,,augmented
WT6X152.5 A992,WT,,augmented
WT Shape WT6X152.5,WT,,augmented
WT Shape-WT6X152.5,WT,,augmented
WT6X152.5 WT Shape,WT,,augmented
WT6X139.5,WT,,original
WT 6X139.5,WT,,original
WT-6X139.5,WT,,augmented
WT_6X139.5,WT,,augmented
WT6 X 139.5,WT,,original
WT 6 X 139.5,WT,,original
Tee WT6X139.5,WT,,augmented
Tee-WT6X139.5,WT,,augmented
WT6X139.5 Tee,WT,,augmented
WT6X139.5 A992,WT,,augmented
WT Shape WT6X139.5,WT,,augmented
WT Shape-WT6X139.5,WT,,augmented
WT6X139.5 WT Shape,WT,,augmented
WT6X126,WT,,original
WT 6X126,WT,,original
WT-6X126,WT,,augmented
WT_6X126,WT,,augmented
WT6 X 126,WT,,original
WT 6 X 126,WT,,original
Tee WT6X126,WT,,augmented
Tee-WT6X126,WT,,augmented
WT6X126 Tee,WT,,augmented
WT6X126 A992,WT,,augmented
WT Shape WT6X126,WT,,augmented
WT Shape-WT6X126,WT,,augmented
WT6X126 WT Shape,WT,,augmented
WT6X115,WT,,original
WT 6X115,WT,,original
WT-6X115,WT,,augmented
WT_6X115,WT,,augmented
WT6 X 115,WT,,original
WT 6 X 115,WT,,original
Tee WT6X115,WT,,augmented
Tee-WT6X115,WT,,augmented
WT6X115 Tee,WT,,augmented
WT6X115 A992,WT,,augmented
WT Shape WT6X115,WT,,augmented
WT Shape-WT6X115,WT,,augmented
WT6X115 WT Shape,WT,,augmented
WT6X105,WT,,original
WT 6X105,WT,,original
WT-6X105,WT,,augmented
WT_6X105,WT,,augmented
WT6 X 105,WT,,original
WT 6 X 105,WT,,original
Tee WT6X105,WT,,augmented
Tee-WT6X105,WT,,augmented
WT6X105 Tee,WT,,augmented
WT6X105 A992,WT,,augmented
WT Shape WT6X105,WT,,augmented
WT Shape-WT6X105,WT,,augmented
WT6X105 WT Shape,WT,,augmented
WT6X95,WT,,original
WT 6X95,WT,,original
WT-6X95,WT,,augmented
WT_6X95,WT,,augmented
WT6 X 95,WT,,original
WT 6 X 95,WT,,original
Tee WT6X95,WT,,augmented
Tee-WT6X95,WT,,augmented
WT6X95 Tee,WT,,augmented
WT6X95 A992,WT,,augmented
WT Shape WT6X95,WT,,augmented
WT Shape-WT6X95,WT,,augmented
WT6X95 WT Shape,WT,,augmented
WT6X85,WT,,original
WT 6X85,WT,,original
WT-6X85,WT,,augmented
WT_6X85,WT,,augmented
WT6 X 85,WT,,original
WT 6 X 85,WT,,original
Tee WT6X85,WT,,augmented
Tee-WT6X85,WT,,augmented
WT6X85 Tee,WT,,augmented
WT6X85 A992,WT,,augmented
WT Shape WT6X85,WT,,augmented
WT Shape-WT6X85,WT,,augmented
WT6X85 WT Shape,WT,,augmented
WT6X76,WT,,original
WT 6X76,WT,,original
WT-6X76,WT,,augmented
WT_6X76,WT,,augmented
WT6 X 76,WT,,original
WT 6 X 76,WT,,original
Tee WT6X76,WT,,augmented
Tee-WT6X76,WT,,augmented
WT6X76 Tee,WT,,augmented
WT6X76 A992,WT,,augmented
WT Shape WT6X76,WT,,augmented
WT Shape-WT6X76,WT,,augmented
WT6X76 WT Shape,WT,,augmented
WT6X68,WT,,original
WT 6X68,WT,,original
WT-6X68,WT,,augmented
WT_6X68,WT,,augmented
WT6 X 68,WT,,original
WT 6 X 68,WT,,original
Tee WT6X68,WT,,augmented
Tee-WT6X68,WT,,augmented
WT6X68 Tee,WT,,augmented
WT6X68 A992,WT,,augmented
WT Shape WT6X68,WT,,augmented
WT Shape-WT6X68,WT,,augmented
WT6X68 WT Shape,WT,,augmented
WT6X60,WT,,original
WT 6X60,WT,,original
WT-6X60,WT,,augmented
WT_6X60,WT,,augmented
WT6 X 60,WT,,original
WT 6 X 60,WT,,original
Tee WT6X60,WT,,augmented
Tee-WT6X60,WT,,augmented
WT6X60 Tee,WT,,augmented
WT6X60 A992,WT,,augmented
WT Shape WT6X60,WT,,augmented
WT Shape-WT6X60,WT,,augmented
WT6X60 WT Shape,WT,,augmented
WT6X53,WT,,original
WT 6X53,WT,,original
WT-6X53,WT,,augmented
WT_6X53,WT,,augmented
WT6 X 53,WT,,original
WT 6 X 53,WT,,original
Tee WT6X53,WT,,augmented
Tee-WT6X53,WT,,augmented
WT6X53 Tee,WT,,augmented
WT6X53 A992,WT,,augmented
WT Shape WT6X53,WT,,augmented
WT Shape-WT6X53,WT,,augmented
WT6X53 WT Shape,WT,,augmented
WT6X48,WT,,original
WT 6X48,WT,,original
WT-6X48,WT,,augmented
WT_6X48,WT,,augmented
WT6 X 48,WT,,original
WT 6 X 48,WT,,original
Tee WT6X48,WT,,augmented
Tee-WT6X48,WT,,augmented
WT6X48 Tee,WT,,augmented
WT6X48 A992,WT,,augmented
WT Shape WT6X48,WT,,augmented
WT Shape-WT6X48,WT,,augmented
WT6X48 WT Shape,WT,,augmented
WT6X43.5,WT,,original
WT 6X43.5,WT,,original
WT-6X43.5,WT,,augmented
WT_6X43.5,WT,,augmented
WT6 X 43.5,WT,,original
WT 6 X 43.5,WT,,original
Tee WT6X43.5,WT,,augmented
Tee-WT6X43.5,WT,,augmented
WT6X43.5 Tee,WT,,augmented
WT6X43.5 A992,WT,,augmented
WT Shape WT6X43.5,WT,,augmented
WT Shape-WT6X43.5,WT,,augmented
WT6X43.5 WT Shape,WT,,augmented
WT6X39.5,WT,,original
WT 6X39.5,WT,,original
WT-6X39.5,WT,,augmented
WT_6X39.5,WT,,augmented
WT6 X 39.5,WT,,original
WT 6 X 39.5,WT,,original
Tee WT6X39.5,WT,,augmented
Tee-WT6X39.5,WT,,augmented
WT6X39.5 Tee,WT,,augmented
WT6X39.5 A992,WT,,augmented
WT Shape WT6X39.5,WT,,augmented
WT Shape-WT6X39.5,WT,,augmented
WT6X39.5 WT Shape,WT,,augmented
WT6X36,WT,,original
WT 6X36,WT,,original
WT-6X36,WT,,augmented
WT_6X36,WT,,augmented
WT6 X 36,WT,,original
WT 6 X 36,WT,,original
Tee WT6X36,WT,,augmented
Tee-WT6X36,WT,,augmented
WT6X36 Tee,WT,,augmented
WT6X36 A992,WT,,augmented
WT Shape WT6X36,WT,,augmented
WT Shape-WT6X36,WT,,augmented
WT6X36 WT Shape,WT,,augmented
WT6X32.5,WT,,original
WT 6X32.5,WT,,original
WT-6X32.5,WT,,augmented
WT_6X32.5,WT,,augmented
WT6 X 32.5,WT,,original
WT 6 X 32.5,WT,,original
Tee WT6X32.5,WT,,augmented
Tee-WT6X32.5,WT,,augmented
WT6X32.5 Tee,WT,,augmented
WT6X32.5 A992,WT,,augmented
WT Shape WT6X32.5,WT,,augmented
WT Shape-WT6X32.5,WT,,augmented
WT6X32.5 WT Shape,WT,,augmented
WT6X29,WT,,original
WT 6X29,WT,,original
WT-6X29,WT,,augmented
WT_6X29,WT,,augmented
WT6 X 29,WT,,original
WT 6 X 29,WT,,original
Tee WT6X29,WT,,augmented
Tee-WT6X29,WT,,augmented
WT6X29 Tee,WT,,augmented
WT6X29 A992,WT,,augmented
WT Shape WT6X29,WT,,augmented
WT Shape-WT6X29,WT,,augmented
WT6X29 WT Shape,WT,,augmented
WT6X26.5,WT,,original
WT 6X26.5,WT,,original
WT-6X26.5,WT,,augmented
WT_6X26.5,WT,,augmented
WT6 X 26.5,WT,,original
WT 6 X 26.5,WT,,original
Tee WT6X26.5,WT,,augmented
Tee-WT6X26.5,WT,,augmented
WT6X26.5 Tee,WT,,augmented
WT6X26.5 A992,WT,,augmented
WT Shape WT6X26.5,WT,,augmented
WT Shape-WT6X26.5,WT,,augmented
WT6X26.5 WT Shape,WT,,augmented
WT6X25,WT,,original
WT 6X25,WT,,original
WT-6X25,WT,,augmented
WT_6X25,WT,,augmented
WT6 X 25,WT,,original
WT 6 X 25,WT,,original
Tee WT6X25,WT,,augmented
Tee-WT6X25,WT,,augmented
WT6X25 Tee,WT,,augmented
WT6X25 A992,WT,,augmented
WT Shape WT6X25,WT,,augmented
WT Shape-WT6X25,WT,,augmented
WT6X25 WT Shape,WT,,augmented
WT6X22.5,WT,,original
WT 6X22.5,WT,,original
WT-6X22.5,WT,,augmented
WT_6X22.5,WT,,augmented
WT6 X 22.5,WT,,original
WT 6 X 22.5,WT,,original
Tee WT6X22.5,WT,,augmented
Tee-WT6X22.5,WT,,augmented
WT6X22.5 Tee,WT,,augmented
WT6X22.5 A992,WT,,augmented
WT Shape WT6X22.5,WT,,augmented
WT Shape-WT6X22.5,WT,,augmented
WT6X22.5 WT Shape,WT,,augmented
WT6X20,WT,,original
WT 6X20,WT,,original
WT-6X20,WT,,augmented
WT_6X20,WT,,augmented
WT6 X 20,WT,,original
WT 6 X 20,WT,,original
Tee WT6X20,WT,,augmented
Tee-WT6X20,WT,,augmented
WT6X20 Tee,WT,,augmented
WT6X20 A992,WT,,augmented
WT Shape WT6X20,WT,,augmented
WT Shape-WT6X20,WT,,augmented
WT6X20 WT Shape,WT,,augmented
WT6X17.5,WT,,original
WT 6X17.5,WT,,original
WT-6X17.5,WT,,augmented
WT_6X17.5,WT,,augmented
WT6 X 17.5,WT,,original
WT 6 X 17.5,WT,,original
Tee WT6X17.5,WT,,augmented
Tee-WT6X17.5,WT,,augmented
WT6X17.5 Tee,WT,,augmented
WT6X17.5 A992,WT,,augmented
WT Shape WT6X17.5,WT,,augmented
WT Shape-WT6X17.5,WT,,augmented
WT6X17.5 WT Shape,WT,,augmented
WT6X15,WT,,original
WT 6X15,WT,,original
WT-6X15,WT,,augmented
WT_6X15,WT,,augmented
WT6 X 15,WT,,original
WT 6 X 15,WT,,original
Tee WT6X15,WT,,augmented
Tee-WT6X15,WT,,augmented
WT6X15 Tee,WT,,augmented
WT6X15 A992,WT,,augmented
WT Shape WT6X15,WT,,augmented
WT Shape-WT6X15,WT,,augmented
WT6X15 WT Shape,WT,,augmented
WT6X13,WT,,original
WT 6X13,WT,,original
WT-6X13,WT,,augmented
WT_6X13,WT,,augmented
WT6 X 13,WT,,original
WT 6 X 13,WT,,original
Tee WT6X13,WT,,augmented
Tee-WT6X13,WT,,augmented
WT6X13 Tee,WT,,augmented
WT6X13 A992,WT,,augmented
WT Shape WT6X13,WT,,augmented
WT Shape-WT6X13,WT,,augmented
WT6X13 WT Shape,WT,,augmented
WT6X11,WT,,original
WT 6X11,WT,,original
WT-6X11,WT,,augmented
WT_6X11,WT,,augmented
WT6 X 11,WT,,original
WT 6 X 11,WT,,original
Tee WT6X11,WT,,augmented
Tee-WT6X11,WT,,augmented
WT6X11 Tee,WT,,augmented
WT6X11 A992,WT,,augmented
WT Shape WT6X11,WT,,augmented
WT Shape-WT6X11,WT,,augmented
WT6X11 WT Shape,WT,,augmented
WT6X9.5,WT,,original
WT 6X9.5,WT,,original
WT-6X9.5,WT,,augmented
WT_6X9.5,WT,,augmented
WT6 X 9.5,WT,,original
WT 6 X 9.5,WT,,original
Tee WT6X9.5,WT,,augmented
Tee-WT6X9.5,WT,,augmented
WT6X9.5 Tee,WT,,augmented
WT6X9.5 A992,WT,,augmented
WT Shape WT6X9.5,WT,,augmented
WT Shape-WT6X9.5,WT,,augmented
WT6X9.5 WT Shape,WT,,augmented
WT6X8,WT,,original
WT 6X8,WT,,original
WT-6X8,WT,,augmented
WT_6X8,WT,,augmented
WT6 X 8,WT,,original
WT 6 X 8,WT,,original
Tee WT6X8,WT,,augmented
Tee-WT6X8,WT,,augmented
WT6X8 Tee,WT,,augmented
WT6X8 A992,WT,,augmented
WT Shape WT6X8,WT,,augmented
WT Shape-WT6X8,WT,,augmented
WT6X8 WT Shape,WT,,augmented
WT6X7,WT,,original
WT 6X7,WT,,original
WT-6X7,WT,,augmented
WT_6X7,WT,,augmented
WT6 X 7,WT,,original
WT 6 X 7,WT,,original
Tee WT6X7,WT,,augmented
Tee-WT6X7,WT,,augmented
WT6X7 Tee,WT,,augmented
WT6X7 A992,WT,,augmented
WT Shape WT6X7,WT,,augmented
WT Shape-WT6X7,WT,,augmented
WT6X7 WT Shape,WT,,augmented
WT5X56,WT,,original
WT 5X56,WT,,original
WT-5X56,WT,,augmented
WT_5X56,WT,,augmented
WT5 X 56,WT,,original
WT 5 X 56,WT,,original
Tee WT5X56,WT,,augmented
Tee-WT5X56,WT,,augmented
WT5X56 Tee,WT,,augmented
WT5X56 A992,WT,,augmented
WT Shape WT5X56,WT,,augmented
WT Shape-WT5X56,WT,,augmented
WT5X56 WT Shape,WT,,augmented
WT5X50,WT,,original
WT 5X50,WT,,original
WT-5X50,WT,,augmented
WT_5X50,WT,,augmented
WT5 X 50,WT,,original
WT 5 X 50,WT,,original
Tee WT5X50,WT,,augmented
Tee-WT5X50,WT,,augmented
WT5X50 Tee,WT,,augmented
WT5X50 A992,WT,,augmented
WT Shape WT5X50,WT,,augmented
WT Shape-WT5X50,WT,,augmented
WT5X50 WT Shape,WT,,augmented
WT5X44,WT,,original
WT 5X44,WT,,original
WT-5X44,WT,,augmented
WT_5X44,WT,,augmented
WT5 X 44,WT,,original
WT 5 X 44,WT,,original
Tee WT5X44,WT,,augmented
Tee-WT5X44,WT,,augmented
WT5X44 Tee,WT,,augmented
WT5X44 A992,WT,,augmented
WT Shape WT5X44,WT,,augmented
WT Shape-WT5X44,WT,,augmented
WT5X44 WT Shape,WT,,augmented
WT5X38.5,WT,,original
WT 5X38.5,WT,,original
WT-5X38.5,WT,,augmented
WT_5X38.5,WT,,augmented
WT5 X 38.5,WT,,original
WT 5 X 38.5,WT,,original
Tee WT5X38.5,WT,,augmented
Tee-WT5X38.5,WT,,augmented
WT5X38.5 Tee,WT,,augmented
WT5X38.5 A992,WT,,augmented
WT Shape WT5X38.5,WT,,augmented
WT Shape-WT5X38.5,WT,,augmented
WT5X38.5 WT Shape,WT,,augmented
WT5X34,WT,,original
WT 5X34,WT,,original
WT-5X34,WT,,augmented
WT_5X34,WT,,augmented
WT5 X 34,WT,,original
WT 5 X 34,WT,,original
Tee WT5X34,WT,,augmented
Tee-WT5X34,WT,,augmented
WT5X34 Tee,WT,,augmented
WT5X34 A992,WT,,augmented
WT Shape WT5X34,WT,,augmented
WT Shape-WT5X34,WT,,augmented
WT5X34 WT Shape,WT,,augmented
WT5X30,WT,,original
WT 5X30,WT,,original
WT-5X30,WT,,augmented
WT_5X30,WT,,augmented
WT5 X 30,WT,,original
WT 5 X 30,WT,,original
Tee WT5X30,WT,,augmented
Tee-WT5X30,WT,,augmented
WT5X30 Tee,WT,,augmented
WT5X30 A992,WT,,augmented
WT Shape WT5X30,WT,,augmented
WT Shape-WT5X30,WT,,augmented
WT5X30 WT Shape,WT,,augmented
WT5X27,WT,,original
WT 5X27,WT,,original
WT-5X27,WT,,augmented
WT_5X27,WT,,augmented
WT5 X 27,WT,,original
WT 5 X 27,WT,,original
Tee WT5X27,WT,,augmented
Tee-WT5X27,WT,,augmented
WT5X27 Tee,WT,,augmented
WT5X27 A992,WT,,augmented
WT Shape WT5X27,WT,,augmented
WT Shape-WT5X27,WT,,augmented
WT5X27 WT Shape,WT,,augmented
WT5X24.5,WT,,original
WT 5X24.5,WT,,original
WT-5X24.5,WT,,augmented
WT_5X24.5,WT,,augmented
WT5 X 24.5,WT,,original
WT 5 X 24.5,WT,,original
Tee WT5X24.5,WT,,augmented
Tee-WT5X24.5,WT,,augmented
WT5X24.5 Tee,WT,,augmented
WT5X24.5 A992,WT,,augmented
WT Shape WT5X24.5,WT,,augmented
WT Shape-WT5X24.5,WT,,augmented
WT5X24.5 WT Shape,WT,,augmented
WT5X22.5,WT,,original
WT 5X22.5,WT,,original
WT-5X22.5,WT,,augmented
WT_5X22.5,WT,,augmented
WT5 X 22.5,WT,,original
WT 5 X 22.5,WT,,original
Tee WT5X22.5,WT,,augmented
Tee-WT5X22.5,WT,,augmented
WT5X22.5 Tee,WT,,augmented
WT5X22.5 A992,WT,,augmented
WT Shape WT5X22.5,WT,,augmented
WT Shape-WT5X22.5,WT,,augmented
WT5X22.5 WT Shape,WT,,augmented
WT5X19.5,WT,,original
WT 5X19.5,WT,,original
WT-5X19.5,WT,,augmented
WT_5X19.5,WT,,augmented
WT5 X 19.5,WT,,original
WT 5 X 19.5,WT,,original
Tee WT5X19.5,WT,,augmented
Tee-WT5X19.5,WT,,augmented
WT5X19.5 Tee,WT,,augmented
WT5X19.5 A992,WT,,augmented
WT Shape WT5X19.5,WT,,augmented
WT Shape-WT5X19.5,WT,,augmented
WT5X19.5 WT Shape,WT,,augmented
WT5X16.5,WT,,original
WT 5X16.5,WT,,original
WT-5X16.5,WT,,augmented
WT_5X16.5,WT,,augmented
WT5 X 16.5,WT,,original
WT 5 X 16.5,WT,,original
Tee WT5X16.5,WT,,augmented
Tee-WT5X16.5,WT,,augmented
WT5X16.5 Tee,WT,,augmented
WT5X16.5 A992,WT,,augmented
WT Shape WT5X16.5,WT,,augmented
WT Shape-WT5X16.5,WT,,augmented
WT5X16.5 WT Shape,WT,,augmented
WT5X15,WT,,original
WT 5X15,WT,,original
WT-5X15,WT,,augmented
WT_5X15,WT,,augmented
WT5 X 15,WT,,original
WT 5 X 15,WT,,original
Tee WT5X15,WT,,augmented
Tee-WT5X15,WT,,augmented
WT5X15 Tee,WT,,augmented
WT5X15 A992,WT,,augmented
WT Shape WT5X15,WT,,augmented
WT Shape-WT5X15,WT,,augmented
WT5X15 WT Shape,WT,,augmented
WT5X13,WT,,original
WT 5X13,WT,,original
WT-5X13,WT,,augmented
WT_5X13,WT,,augmented
WT5 X 13,WT,,original
WT 5 X 13,WT,,original
Tee WT5X13,WT,,augmented
Tee-WT5X13,WT,,augmented
WT5X13 Tee,WT,,augmented
WT5X13 A992,WT,,augmented
WT Shape WT5X13,WT,,augmented
WT Shape-WT5X13,WT,,augmented
WT5X13 WT Shape,WT,,augmented
WT5X11,WT,,original
WT 5X11,WT,,original
WT-5X11,WT,,augmented
WT_5X11,WT,,augmented
WT5 X 11,WT,,original
WT 5 X 11,WT,,original
Tee WT5X11,WT,,augmented
Tee-WT5X11,WT,,augmented
WT5X11 Tee,WT,,augmented
WT5X11 A992,WT,,augmented
WT Shape WT5X11,WT,,augmented
WT Shape-WT5X11,WT,,augmented
WT5X11 WT Shape,WT,,augmented
WT5X9.5,WT,,original
WT 5X9.5,WT,,original
WT-5X9.5,WT,,augmented
WT_5X9.5,WT,,augmented
WT5 X 9.5,WT,,original
WT 5 X 9.5,WT,,original
Tee WT5X9.5,WT,,augmented
Tee-WT5X9.5,WT,,augmented
WT5X9.5 Tee,WT,,augmented
WT5X9.5 A992,WT,,augmented
WT Shape WT5X9.5,WT,,augmented
WT Shape-WT5X9.5,WT,,augmented
WT5X9.5 WT Shape,WT,,augmented
WT5X8.5,WT,,original
WT 5X8.5,WT,,original
WT-5X8.5,WT,,augmented
WT_5X8.5,WT,,augmented
WT5 X 8.5,WT,,original
WT 5 X 8.5,WT,,original
Tee WT5X8.5,WT,,augmented
Tee-WT5X8.5,WT,,augmented
WT5X8.5 Tee,WT,,augmented
WT5X8.5 A992,WT,,augmented
WT Shape WT5X8.5,WT,,augmented
WT Shape-WT5X8.5,WT,,augmented
WT5X8.5 WT Shape,WT,,augmented
WT5X7.5,WT,,original
WT 5X7.5,WT,,original
WT-5X7.5,WT,,augmented
WT_5X7.5,WT,,augmented
WT5 X 7.5,WT,,original
WT 5 X 7.5,WT,,original
Tee WT5X7.5,WT,,augmented
Tee-WT5X7.5,WT,,augmented
WT5X7.5 Tee,WT,,augmented
WT5X7.5 A992,WT,,augmented
WT Shape WT5X7.5,WT,,augmented
WT Shape-WT5X7.5,WT,,augmented
WT5X7.5 WT Shape,WT,,augmented
WT5X6,WT,,original
WT 5X6,WT,,original
WT-5X6,WT,,augmented
WT_5X6,WT,,augmented
WT5 X 6,WT,,original
WT 5 X 6,WT,,original
Tee WT5X6,WT,,augmented
Tee-WT5X6,WT,,augmented
WT5X6 Tee,WT,,augmented
WT5X6 A992,WT,,augmented
WT Shape WT5X6,WT,,augmented
WT Shape-WT5X6,WT,,augmented
WT5X6 WT Shape,WT,,augmented
WT4X33.5,WT,,original
WT 4X33.5,WT,,original
WT-4X33.5,WT,,augmented
WT_4X33.5,WT,,augmented
WT4 X 33.5,WT,,original
WT 4 X 33.5,WT,,original
Tee WT4X33.5,WT,,augmented
Tee-WT4X33.5,WT,,augmented
WT4X33.5 Tee,WT,,augmented
WT4X33.5 A992,WT,,augmented
WT Shape WT4X33.5,WT,,augmented
WT Shape-WT4X33.5,WT,,augmented
WT4X33.5 WT Shape,WT,,augmented
WT4X29,WT,,original
WT 4X29,WT,,original
WT-4X29,WT,,augmented
WT_4X29,WT,,augmented
WT4 X 29,WT,,original
WT 4 X 29,WT,,original
Tee WT4X29,WT,,augmented
Tee-WT4X29,WT,,augmented
WT4X29 Tee,WT,,augmented
WT4X29 A992,WT,,augmented
WT Shape WT4X29,WT,,augmented
WT Shape-WT4X29,WT,,augmented
WT4X29 WT Shape,WT,,augmented
WT4X24,WT,,original
WT 4X24,WT,,original
WT-4X24,WT,,augmented
WT_4X24,WT,,augmented
WT4 X 24,WT,,original
WT 4 X 24,WT,,original
Tee WT4X24,WT,,augmented
Tee-WT4X24,WT,,augmented
WT4X24 Tee,WT,,augmented
WT4X24 A992,WT,,augmented
WT Shape WT4X24,WT,,augmented
WT Shape-WT4X24,WT,,augmented
WT4X24 WT Shape,WT,,augmented
WT4X20,WT,,original
WT 4X20,WT,,original
WT-4X20,WT,,augmented
WT_4X20,WT,,augmented
WT4 X 20,WT,,original
WT 4 X 20,WT,,original
Tee WT4X20,WT,,augmented
Tee-WT4X20,WT,,augmented
WT4X20 Tee,WT,,augmented
WT4X20 A992,WT,,augmented
WT Shape WT4X20,WT,,augmented
WT Shape-WT4X20,WT,,augmented
WT4X20 WT Shape,WT,,augmented
WT4X17.5,WT,,original
WT 4X17.5,WT,,original
WT-4X17.5,WT,,augmented
WT_4X17.5,WT,,augmented
WT4 X 17.5,WT,,original
WT 4 X 17.5,WT,,original
Tee WT4X17.5,WT,,augmented
Tee-WT4X17.5,WT,,augmented
WT4X17.5 Tee,WT,,augmented
WT4X17.5 A992,WT,,augmented
WT Shape WT4X17.5,WT,,augmented
WT Shape-WT4X17.5,WT,,augmented
WT4X17.5 WT Shape,WT,,augmented
WT4X15.5,WT,,original
WT 4X15.5,WT,,original
WT-4X15.5,WT,,augmented
WT_4X15.5,WT,,augmented
WT4 X 15.5,WT,,original
WT 4 X 15.5,WT,,original
Tee WT4X15.5,WT,,augmented
Tee-WT4X15.5,WT,,augmented
WT4X15.5 Tee,WT,,augmented
WT4X15.5 A992,WT,,augmented
WT Shape WT4X15.5,WT,,augmented
WT Shape-WT4X15.5,WT,,augmented
WT4X15.5 WT Shape,WT,,augmented
WT4X14,WT,,original
WT 4X14,WT,,original
WT-4X14,WT,,augmented
WT_4X14,WT,,augmented
WT4 X 14,WT,,original
WT 4 X 14,WT,,original
Tee WT4X14,WT,,augmented
Tee-WT4X14,WT,,augmented
WT4X14 Tee,WT,,augmented
WT4X14 A992,WT,,augmented
WT Shape WT4X14,WT,,augmented
WT Shape-WT4X14,WT,,augmented
WT4X14 WT Shape,WT,,augmented
WT4X12,WT,,original
WT 4X12,WT,,original
WT-4X12,WT,,augmented
WT_4X12,WT,,augmented
WT4 X 12,WT,,original
WT 4 X 12,WT,,original
Tee WT4X12,WT,,augmented
Tee-WT4X12,WT,,augmented
WT4X12 Tee,WT,,augmented
WT4X12 A992,WT,,augmented
WT Shape WT4X12,WT,,augmented
WT Shape-WT4X12,WT,,augmented
WT4X12 WT Shape,WT,,augmented
WT4X10.5,WT,,original
WT 4X10.5,WT,,original
WT-4X10.5,WT,,augmented
WT_4X10.5,WT,,augmented
WT4 X 10.5,WT,,original
WT 4 X 10.5,WT,,original
Tee WT4X10.5,WT,,augmented
Tee-WT4X10.5,WT,,augmented
WT4X10.5 Tee,WT,,augmented
WT4X10.5 A992,WT,,augmented
WT Shape WT4X10.5,WT,,augmented
WT Shape-WT4X10.5,WT,,augmented
WT4X10.5 WT Shape,WT,,augmented
WT4X9,WT,,original
WT 4X9,WT,,original
WT-4X9,WT,,augmented
WT_4X9,WT,,augmented
WT4 X 9,WT,,original
WT 4 X 9,WT,,original
Tee WT4X9,WT,,augmented
Tee-WT4X9,WT,,augmented
WT4X9 Tee,WT,,augmented
WT4X9 A992,WT,,augmented
WT Shape WT4X9,WT,,augmented
WT Shape-WT4X9,WT,,augmented
WT4X9 WT Shape,WT,,augmented
WT4X7.5,WT,,original
WT 4X7.5,WT,,original
WT-4X7.5,WT,,augmented
WT_4X7.5,WT,,augmented
WT4 X 7.5,WT,,original
WT 4 X 7.5,WT,,original
Tee WT4X7.5,WT,,augmented
Tee-WT4X7.5,WT,,augmented
WT4X7.5 Tee,WT,,augmented
WT4X7.5 A992,WT,,augmented
WT Shape WT4X7.5,WT,,augmented
WT Shape-WT4X7.5,WT,,augmented
WT4X7.5 WT Shape,WT,,augmented
WT4X6.5,WT,,original
WT 4X6.5,WT,,original
WT-4X6.5,WT,,augmented
WT_4X6.5,WT,,augmented
WT4 X 6.5,WT,,original
WT 4 X 6.5,WT,,original
Tee WT4X6.5,WT,,augmented
Tee-WT4X6.5,WT,,augmented
WT4X6.5 Tee,WT,,augmented
WT4X6.5 A992,WT,,augmented
WT Shape WT4X6.5,WT,,augmented
WT Shape-WT4X6.5,WT,,augmented
WT4X6.5 WT Shape,WT,,augmented
WT4X5,WT,,original
WT 4X5,WT,,original
WT-4X5,WT,,augmented
WT_4X5,WT,,augmented
WT4 X 5,WT,,original
WT 4 X 5,WT,,original
Tee WT4X5,WT,,augmented
Tee-WT4X5,WT,,augmented
WT4X5 Tee,WT,,augmented
WT4X5 A992,WT,,augmented
WT Shape WT4X5,WT,,augmented
WT Shape-WT4X5,WT,,augmented
WT4X5 WT Shape,WT,,augmented
WT3X12.5,WT,,original
WT 3X12.5,WT,,original
WT-3X12.5,WT,,augmented
WT_3X12.5,WT,,augmented
WT3 X 12.5,WT,,original
WT 3 X 12.5,WT,,original
Tee WT3X12.5,WT,,augmented
Tee-WT3X12.5,WT,,augmented
WT3X12.5 Tee,WT,,augmented
WT3X12.5 A992,WT,,augmented
WT Shape WT3X12.5,WT,,augmented
WT Shape-WT3X12.5,WT,,augmented
WT3X12.5 WT Shape,WT,,augmented
WT3X10,WT,,original
WT 3X10,WT,,original
WT-3X10,WT,,augmented
WT_3X10,WT,,augmented
WT3 X 10,WT,,original
WT 3 X 10,WT,,original
Tee WT3X10,WT,,augmented
Tee-WT3X10,WT,,augmented
WT3X10 Tee,WT,,augmented
WT3X10 A992,WT,,augmented
WT Shape WT3X10,WT,,augmented
WT Shape-WT3X10,WT,,augmented
WT3X10 WT Shape,WT,,augmented
WT3X7.5,WT,,original
WT 3X7.5,WT,,original
WT-3X7.5,WT,,augmented
WT_3X7.5,WT,,augmented
WT3 X 7.5,WT,,original
WT 3 X 7.5,WT,,original
Tee WT3X7.5,WT,,augmented
Tee-WT3X7.5,WT,,augmented
WT3X7.5 Tee,WT,,augmented
WT3X7.5 A992,WT,,augmented
WT Shape WT3X7.5,WT,,augmented
WT Shape-WT3X7.5,WT,,augmented
WT3X7.5 WT Shape,WT,,augmented
WT3X8,WT,,original
WT 3X8,WT,,original
WT-3X8,WT,,augmented
WT_3X8,WT,,augmented
WT3 X 8,WT,,original
WT 3 X 8,WT,,original
Tee WT3X8,WT,,augmented
Tee-WT3X8,WT,,augmented
WT3X8 Tee,WT,,augmented
WT3X8 A992,WT,,augmented
WT Shape WT3X8,WT,,augmented
WT Shape-WT3X8,WT,,augmented
WT3X8 WT Shape,WT,,augmented
WT3X6,WT,,original
WT 3X6,WT,,original
WT-3X6,WT,,augmented
WT_3X6,WT,,augmented
WT3 X 6,WT,,original
WT 3 X 6,WT,,original
Tee WT3X6,WT,,augmented
Tee-WT3X6,WT,,augmented
WT3X6 Tee,WT,,augmented
WT3X6 A992,WT,,augmented
WT Shape WT3X6,WT,,augmented
WT Shape-WT3X6,WT,,augmented
WT3X6 WT Shape,WT,,augmented
WT3X4.5,WT,,original
WT 3X4.5,WT,,original
WT-3X4.5,WT,,augmented
WT_3X4.5,WT,,augmented
WT3 X 4.5,WT,,original
WT 3 X 4.5,WT,,original
Tee WT3X4.5,WT,,augmented
Tee-WT3X4.5,WT,,augmented
WT3X4.5 Tee,WT,,augmented
WT3X4.5 A992,WT,,augmented
WT Shape WT3X4.5,WT,,augmented
WT Shape-WT3X4.5,WT,,augmented
WT3X4.5 WT Shape,WT,,augmented
WT3X4.25,WT,,original
WT 3X4.25,WT,,original
WT-3X4.25,WT,,augmented
WT_3X4.25,WT,,augmented
WT3 X 4.25,WT,,original
WT 3 X 4.25,WT,,original
Tee WT3X4.25,WT,,augmented
Tee-WT3X4.25,WT,,augmented
WT3X4.25 Tee,WT,,augmented
WT3X4.25 A992,WT,,augmented
WT Shape WT3X4.25,WT,,augmented
WT Shape-WT3X4.25,WT,,augmented
WT3X4.25 WT Shape,WT,,augmented
WT2.5X9.5,WT,,original
WT 2.5X9.5,WT,,original
WT-2.5X9.5,WT,,augmented
WT_2.5X9.5,WT,,augmented
WT2.5 X 9.5,WT,,original
WT 2.5 X 9.5,WT,,original
Tee WT2.5X9.5,WT,,augmented
Tee-WT2.5X9.5,WT,,augmented
WT2.5X9.5 Tee,WT,,augmented
WT2.5X9.5 A992,WT,,augmented
WT Shape WT2.5X9.5,WT,,augmented
WT Shape-WT2.5X9.5,WT,,augmented
WT2.5X9.5 WT Shape,WT,,augmented
WT2.5X8,WT,,original
WT 2.5X8,WT,,original
WT-2.5X8,WT,,augmented
WT_2.5X8,WT,,augmented
WT2.5 X 8,WT,,original
WT 2.5 X 8,WT,,original
Tee WT2.5X8,WT,,augmented
Tee-WT2.5X8,WT,,augmented
WT2.5X8 Tee,WT,,augmented
WT2.5X8 A992,WT,,augmented
WT Shape WT2.5X8,WT,,augmented
WT Shape-WT2.5X8,WT,,augmented
WT2.5X8 WT Shape,WT,,augmented
WT2X6.5,WT,,original
WT 2X6.5,WT,,original
WT-2X6.5,WT,,augmented
WT_2X6.5,WT,,augmented
WT2 X 6.5,WT,,original
WT 2 X 6.5,WT,,original
Tee WT2X6.5,WT,,augmented
Tee-WT2X6.5,WT,,augmented
WT2X6.5 Tee,WT,,augmented
WT2X6.5 A992,WT,,augmented
WT Shape WT2X6.5,WT,,augmented
WT Shape-WT2X6.5,WT,,augmented
WT2X6.5 WT Shape,WT,,augmented
MT6.25X6.2,MT,,original
MT 6.25X6.2,MT,,original
MT-6.25X6.2,MT,,augmented
MT_6.25X6.2,MT,,augmented
MT6.25 X 6.2,MT,,original
MT 6.25 X 6.2,MT,,original
MT Tee MT6.25X6.2,MT,,augmented
MT Tee-MT6.25X6.2,MT,,augmented
MT6.25X6.2 MT Tee,MT,,augmented
MT6.25X6.2 Structural Tee,MT,,augmented
Structural Tee MT6.25X6.2,MT,,augmented
Structural Tee-MT6.25X6.2,MT,,augmented
MT6.25X5.8,MT,,original
MT 6.25X5.8,MT,,original
MT-6.25X5.8,MT,,augmented
MT_6.25X5.8,MT,,augmented
MT6.25 X 5.8,MT,,original
MT 6.25 X 5.8,MT,,original
MT Tee MT6.25X5.8,MT,,augmented
MT Tee-MT6.25X5.8,MT,,augmented
MT6.25X5.8 MT Tee,MT,,augmented
MT6.25X5.8 Structural Tee,MT,,augmented
Structural Tee MT6.25X5.8,MT,,augmented
Structural Tee-MT6.25X5.8,MT,,augmented
MT6X5.9,MT,,original
MT 6X5.9,MT,,original
MT-6X5.9,MT,,augmented
MT_6X5.9,MT,,augmented
MT6 X 5.9,MT,,original
MT 6 X 5.9,MT,,original
MT Tee MT6X5.9,MT,,augmented
MT Tee-MT6X5.9,MT,,augmented
MT6X5.9 MT Tee,MT,,augmented
MT6X5.9 Structural Tee,MT,,augmented
Structural Tee MT6X5.9,MT,,augmented
Structural Tee-MT6X5.9,MT,,augmented
MT6X5.4,MT,,original
MT 6X5.4,MT,,original
MT-6X5.4,MT,,augmented
MT_6X5.4,MT,,augmented
MT6 X 5.4,MT,,original
MT 6 X 5.4,MT,,original
MT Tee MT6X5.4,MT,,augmented
MT Tee-MT6X5.4,MT,,augmented
MT6X5.4 MT Tee,MT,,augmented
MT6X5.4 Structural Tee,MT,,augmented
Structural Tee MT6X5.4,MT,,augmented
Structural Tee-MT6X5.4,MT,,augmented
MT6X5,MT,,original
MT 6X5,MT,,original
MT-6X5,MT,,augmented
MT_6X5,MT,,augmented
MT6 X 5,MT,,original
MT 6 X 5,MT,,original
MT Tee MT6X5,MT,,augmented
MT Tee-MT6X5,MT,,augmented
MT6X5 MT Tee,MT,,augmented
MT6X5 Structural Tee,MT,,augmented
Structural Tee MT6X5,MT,,augmented
Structural Tee-MT6X5,MT,,augmented
MT5X4.5,MT,,original
MT 5X4.5,MT,,original
MT-5X4.5,MT,,augmented
MT_5X4.5,MT,,augmented
MT5 X 4.5,MT,,original
MT 5 X 4.5,MT,,original
MT Tee MT5X4.5,MT,,augmented
MT Tee-MT5X4.5,MT,,augmented
MT5X4.5 MT Tee,MT,,augmented
MT5X4.5 Structural Tee,MT,,augmented
Structural Tee MT5X4.5,MT,,augmented
Structural Tee-MT5X4.5,MT,,augmented
MT5X4,MT,,original
MT 5X4,MT,,original
MT-5X4,MT,,augmented
MT_5X4,MT,,augmented
MT5 X 4,MT,,original
MT 5 X 4,MT,,original
MT Tee MT5X4,MT,,augmented
MT Tee-MT5X4,MT,,augmented
MT5X4 MT Tee,MT,,augmented
MT5X4 Structural Tee,MT,,augmented
Structural Tee MT5X4,MT,,augmented
Structural Tee-MT5X4,MT,,augmented
MT5X3.75,MT,,original
MT 5X3.75,MT,,original
MT-5X3.75,MT,,augmented
MT_5X3.75,MT,,augmented
MT5 X 3.75,MT,,original
MT 5 X 3.75,MT,,original
MT Tee MT5X3.75,MT,,augmented
MT Tee-MT5X3.75,MT,,augmented
MT5X3.75 MT Tee,MT,,augmented
MT5X3.75 Structural Tee,MT,,augmented
Structural Tee MT5X3.75,MT,,augmented
Structural Tee-MT5X3.75,MT,,augmented
MT4X3.25,MT,,original
MT 4X3.25,MT,,original
MT-4X3.25,MT,,augmented
MT_4X3.25,MT,,augmented
MT4 X 3.25,MT,,original
MT 4 X 3.25,MT,,original
MT Tee MT4X3.25,MT,,augmented
MT Tee-MT4X3.25,MT,,augmented
MT4X3.25 MT Tee,MT,,augmented
MT4X3.25 Structural Tee,MT,,augmented
Structural Tee MT4X3.25,MT,,augmented
Structural Tee-MT4X3.25,MT,,augmented
MT4X3.1,MT,,original
MT 4X3.1,MT,,original
MT-4X3.1,MT,,augmented
MT_4X3.1,MT,,augmented
MT4 X 3.1,MT,,original
MT 4 X 3.1,MT,,original
MT Tee MT4X3.1,MT,,augmented
MT Tee-MT4X3.1,MT,,augmented
MT4X3.1 MT Tee,MT,,augmented
MT4X3.1 Structural Tee,MT,,augmented
Structural Tee MT4X3.1,MT,,augmented
Structural Tee-MT4X3.1,MT,,augmented
MT3X2.2,MT,,original
MT 3X2.2,MT,,original
MT-3X2.2,MT,,augmented
MT_3X2.2,MT,,augmented
MT3 X 2.2,MT,,original
MT 3 X 2.2,MT,,original
MT Tee MT3X2.2,MT,,augmented
MT Tee-MT3X2.2,MT,,augmented
MT3X2.2 MT Tee,MT,,augmented
MT3X2.2 Structural Tee,MT,,augmented
Structural Tee MT3X2.2,MT,,augmented
Structural Tee-MT3X2.2,MT,,augmented
MT3X1.85,MT,,original
MT 3X1.85,MT,,original
MT-3X1.85,MT,,augmented
MT_3X1.85,MT,,augmented
MT3 X 1.85,MT,,original
MT 3 X 1.85,MT,,original
MT Tee MT3X1.85,MT,,augmented
MT Tee-MT3X1.85,MT,,augmented
MT3X1.85 MT Tee,MT,,augmented
MT3X1.85 Structural Tee,MT,,augmented
Structural Tee MT3X1.85,MT,,augmented
Structural Tee-MT3X1.85,MT,,augmented
MT2.5X9.45,MT,,original
MT 2.5X9.45,MT,,original
MT-2.5X9.45,MT,,augmented
MT_2.5X9.45,MT,,augmented
MT2.5 X 9.45,MT,,original
MT 2.5 X 9.45,MT,,original
MT Tee MT2.5X9.45,MT,,augmented
MT Tee-MT2.5X9.45,MT,,augmented
MT2.5X9.45 MT Tee,MT,,augmented
MT2.5X9.45 Structural Tee,MT,,augmented
Structural Tee MT2.5X9.45,MT,,augmented
Structural Tee-MT2.5X9.45,MT,,augmented
MT2X3,MT,,original
MT 2X3,MT,,original
MT-2X3,MT,,augmented
MT_2X3,MT,,augmented
MT2 X 3,MT,,original
MT 2 X 3,MT,,original
MT Tee MT2X3,MT,,augmented
MT Tee-MT2X3,MT,,augmented
MT2X3 MT Tee,MT,,augmented
MT2X3 Structural Tee,MT,,augmented
Structural Tee MT2X3,MT,,augmented
Structural Tee-MT2X3,MT,,augmented
ST12X60.5,ST,,original
ST 12X60.5,ST,,original
ST-12X60.5,ST,,augmented
ST_12X60.5,ST,,augmented
ST12 X 60.5,ST,,original
ST 12 X 60.5,ST,,original
ST Tee ST12X60.5,ST,,augmented
ST Tee-ST12X60.5,ST,,augmented
ST12X60.5 ST Tee,ST,,augmented
ST12X60.5 Structural Tee,ST,,augmented
Structural Tee ST12X60.5,ST,,augmented
Structural Tee-ST12X60.5,ST,,augmented
ST12X53,ST,,original
ST 12X53,ST,,original
ST-12X53,ST,,augmented
ST_12X53,ST,,augmented
ST12 X 53,ST,,original
ST 12 X 53,ST,,original
ST Tee ST12X53,ST,,augmented
ST Tee-ST12X53,ST,,augmented
ST12X53 ST Tee,ST,,augmented
ST12X53 Structural Tee,ST,,augmented
Structural Tee ST12X53,ST,,augmented
Structural Tee-ST12X53,ST,,augmented
ST12X50,ST,,original
ST 12X50,ST,,original
ST-12X50,ST,,augmented
ST_12X50,ST,,augmented
ST12 X 50,ST,,original
ST 12 X 50,ST,,original
ST Tee ST12X50,ST,,augmented
ST Tee-ST12X50,ST,,augmented
ST12X50 ST Tee,ST,,augmented
ST12X50 Structural Tee,ST,,augmented
Structural Tee ST12X50,ST,,augmented
Structural Tee-ST12X50,ST,,augmented
ST12X45,ST,,original
ST 12X45,ST,,original
ST-12X45,ST,,augmented
ST_12X45,ST,,augmented
ST12 X 45,ST,,original
ST 12 X 45,ST,,original
ST Tee ST12X45,ST,,augmented
ST Tee-ST12X45,ST,,augmented
ST12X45 ST Tee,ST,,augmented
ST12X45 Structural Tee,ST,,augmented
Structural Tee ST12X45,ST,,augmented
Structural Tee-ST12X45,ST,,augmented
ST12X40,ST,,original
ST 12X40,ST,,original
ST-12X40,ST,,augmented
ST_12X40,ST,,augmented
ST12 X 40,ST,,original
ST 12 X 40,ST,,original
ST Tee ST12X40,ST,,augmented
ST Tee-ST12X40,ST,,augmented
ST12X40 ST Tee,ST,,augmented
ST12X40 Structural Tee,ST,,augmented
Structural Tee ST12X40,ST,,augmented
Structural Tee-ST12X40,ST,,augmented
ST10X48,ST,,original
ST 10X48,ST,,original
ST-10X48,ST,,augmented
ST_10X48,ST,,augmented
ST10 X 48,ST,,original
ST 10 X 48,ST,,original
ST Tee ST10X48,ST,,augmented
ST Tee-ST10X48,ST,,augmented
ST10X48 ST Tee,ST,,augmented
ST10X48 Structural Tee,ST,,augmented
Structural Tee ST10X48,ST,,augmented
Structural Tee-ST10X48,ST,,augmented
ST10X43,ST,,original
ST 10X43,ST,,original
ST-10X43,ST,,augmented
ST_10X43,ST,,augmented
ST10 X 43,ST,,original
ST 10 X 43,ST,,original
ST Tee ST10X43,ST,,augmented
ST Tee-ST10X43,ST,,augmented
ST10X43 ST Tee,ST,,augmented
ST10X43 Structural Tee,ST,,augmented
Structural Tee ST10X43,ST,,augmented
Structural Tee-ST10X43,ST,,augmented
ST10X37.5,ST,,original
ST 10X37.5,ST,,original
ST-10X37.5,ST,,augmented
ST_10X37.5,ST,,augmented
ST10 X 37.5,ST,,original
ST 10 X 37.5,ST,,original
ST Tee ST10X37.5,ST,,augmented
ST Tee-ST10X37.5,ST,,augmented
ST10X37.5 ST Tee,ST,,augmented
ST10X37.5 Structural Tee,ST,,augmented
Structural Tee ST10X37.5,ST,,augmented
Structural Tee-ST10X37.5,ST,,augmented
ST10X33,ST,,original
ST 10X33,ST,,original
ST-10X33,ST,,augmented
ST_10X33,ST,,augmented
ST10 X 33,ST,,original
ST 10 X 33,ST,,original
ST Tee ST10X33,ST,,augmented
ST Tee-ST10X33,ST,,augmented
ST10X33 ST Tee,ST,,augmented
ST10X33 Structural Tee,ST,,augmented
Structural Tee ST10X33,ST,,augmented
Structural Tee-ST10X33,ST,,augmented
ST9X35,ST,,original
ST 9X35,ST,,original
ST-9X35,ST,,augmented
ST_9X35,ST,,augmented
ST9 X 35,ST,,original
ST 9 X 35,ST,,original
ST Tee ST9X35,ST,,augmented
ST Tee-ST9X35,ST,,augmented
ST9X35 ST Tee,ST,,augmented
ST9X35 Structural Tee,ST,,augmented
Structural Tee ST9X35,ST,,augmented
Structural Tee-ST9X35,ST,,augmented
ST9X27.35,ST,,original
ST 9X27.35,ST,,original
ST-9X27.35,ST,,augmented
ST_9X27.35,ST,,augmented
ST9 X 27.35,ST,,original
ST 9 X 27.35,ST,,original
ST Tee ST9X27.35,ST,,augmented
ST Tee-ST9X27.35,ST,,augmented
ST9X27.35 ST Tee,ST,,augmented
ST9X27.35 Structural Tee,ST,,augmented
Structural Tee ST9X27.35,ST,,augmented
Structural Tee-ST9X27.35,ST,,augmented
ST7.5X25,ST,,original
ST 7.5X25,ST,,original
ST-7.5X25,ST,,augmented
ST_7.5X25,ST,,augmented
ST7.5 X 25,ST,,original
ST 7.5 X 25,ST,,original
ST Tee ST7.5X25,ST,,augmented
ST Tee-ST7.5X25,ST,,augmented
ST7.5X25 ST Tee,ST,,augmented
ST7.5X25 Structural Tee,ST,,augmented
Structural Tee ST7.5X25,ST,,augmented
Structural Tee-ST7.5X25,ST,,augmented
ST7.5X21.45,ST,,original
ST 7.5X21.45,ST,,original
ST-7.5X21.45,ST,,augmented
ST_7.5X21.45,ST,,augmented
ST7.5 X 21.45,ST,,original
ST 7.5 X 21.45,ST,,original
ST Tee ST7.5X21.45,ST,,augmented
ST Tee-ST7.5X21.45,ST,,augmented
ST7.5X21.45 ST Tee,ST,,augmented
ST7.5X21.45 Structural Tee,ST,,augmented
Structural Tee ST7.5X21.45,ST,,augmented
Structural Tee-ST7.5X21.45,ST,,augmented
ST6X25,ST,,original
ST 6X25,ST,,original
ST-6X25,ST,,augmented
ST_6X25,ST,,augmented
ST6 X 25,ST,,original
ST 6 X 25,ST,,original
ST Tee ST6X25,ST,,augmented
ST Tee-ST6X25,ST,,augmented
ST6X25 ST Tee,ST,,augmented
ST6X25 Structural Tee,ST,,augmented
Structural Tee ST6X25,ST,,augmented
Structural Tee-ST6X25,ST,,augmented
ST6X20.4,ST,,original
ST 6X20.4,ST,,original
ST-6X20.4,ST,,augmented
ST_6X20.4,ST,,augmented
ST6 X 20.4,ST,,original
ST 6 X 20.4,ST,,original
ST Tee ST6X20.4,ST,,augmented
ST Tee-ST6X20.4,ST,,augmented
ST6X20.4 ST Tee,ST,,augmented
ST6X20.4 Structural Tee,ST,,augmented
Structural Tee ST6X20.4,ST,,augmented
Structural Tee-ST6X20.4,ST,,augmented
ST6X17.5,ST,,original
ST 6X17.5,ST,,original
ST-6X17.5,ST,,augmented
ST_6X17.5,ST,,augmented
ST6 X 17.5,ST,,original
ST 6 X 17.5,ST,,original
ST Tee ST6X17.5,ST,,augmented
ST Tee-ST6X17.5,ST,,augmented
ST6X17.5 ST Tee,ST,,augmented
ST6X17.5 Structural Tee,ST,,augmented
Structural Tee ST6X17.5,ST,,augmented
Structural Tee-ST6X17.5,ST,,augmented
ST6X15.9,ST,,original
ST 6X15.9,ST,,original
ST-6X15.9,ST,,augmented
ST_6X15.9,ST,,augmented
ST6 X 15.9,ST,,original
ST 6 X 15.9,ST,,original
ST Tee ST6X15.9,ST,,augmented
ST Tee-ST6X15.9,ST,,augmented
ST6X15.9 ST Tee,ST,,augmented
ST6X15.9 Structural Tee,ST,,augmented
Structural Tee ST6X15.9,ST,,augmented
Structural Tee-ST6X15.9,ST,,augmented
ST5X17.5,ST,,original
ST 5X17.5,ST,,original
ST-5X17.5,ST,,augmented
ST_5X17.5,ST,,augmented
ST5 X 17.5,ST,,original
ST 5 X 17.5,ST,,original
ST Tee ST5X17.5,ST,,augmented
ST Tee-ST5X17.5,ST,,augmented
ST5X17.5 ST Tee,ST,,augmented
ST5X17.5 Structural Tee,ST,,augmented
Structural Tee ST5X17.5,ST,,augmented
Structural Tee-ST5X17.5,ST,,augmented
ST5X12.7,ST,,original
ST 5X12.7,ST,,original
ST-5X12.7,ST,,augmented
ST_5X12.7,ST,,augmented
ST5 X 12.7,ST,,original
ST 5 X 12.7,ST,,original
ST Tee ST5X12.7,ST,,augmented
ST Tee-ST5X12.7,ST,,augmented
ST5X12.7 ST Tee,ST,,augmented
ST5X12.7 Structural Tee,ST,,augmented
Structural Tee ST5X12.7,ST,,augmented
Structural Tee-ST5X12.7,ST,,augmented
ST4X11.5,ST,,original
ST 4X11.5,ST,,original
ST-4X11.5,ST,,augmented
ST_4X11.5,ST,,augmented
ST4 X 11.5,ST,,original
ST 4 X 11.5,ST,,original
ST Tee ST4X11.5,ST,,augmented
ST Tee-ST4X11.5,ST,,augmented
ST4X11.5 ST Tee,ST,,augmented
ST4X11.5 Structural Tee,ST,,augmented
Structural Tee ST4X11.5,ST,,augmented
Structural Tee-ST4X11.5,ST,,augmented
ST4X9.2,ST,,original
ST 4X9.2,ST,,original
ST-4X9.2,ST,,augmented
ST_4X9.2,ST,,augmented
ST4 X 9.2,ST,,original
ST 4 X 9.2,ST,,original
ST Tee ST4X9.2,ST,,augmented
ST Tee-ST4X9.2,ST,,augmented
ST4X9.2 ST Tee,ST,,augmented
ST4X9.2 Structural Tee,ST,,augmented
Structural Tee ST4X9.2,ST,,augmented
Structural Tee-ST4X9.2,ST,,augmented
ST3X8.6,ST,,original
ST 3X8.6,ST,,original
ST-3X8.6,ST,,augmented
ST_3X8.6,ST,,augmented
ST3 X 8.6,ST,,original
ST 3 X 8.6,ST,,original
ST Tee ST3X8.6,ST,,augmented
ST Tee-ST3X8.6,ST,,augmented
ST3X8.6 ST Tee,ST,,augmented
ST3X8.6 Structural Tee,ST,,augmented
Structural Tee ST3X8.6,ST,,augmented
Structural Tee-ST3X8.6,ST,,augmented
ST3X6.25,ST,,original
ST 3X6.25,ST,,original
ST-3X6.25,ST,,augmented
ST_3X6.25,ST,,augmented
ST3 X 6.25,ST,,original
ST 3 X 6.25,ST,,original
ST Tee ST3X6.25,ST,,augmented
ST Tee-ST3X6.25,ST,,augmented
ST3X6.25 ST Tee,ST,,augmented
ST3X6.25 Structural Tee,ST,,augmented
Structural Tee ST3X6.25,ST,,augmented
Structural Tee-ST3X6.25,ST,,augmented
ST2.5X5,ST,,original
ST 2.5X5,ST,,original
ST-2.5X5,ST,,augmented
ST_2.5X5,ST,,augmented
ST2.5 X 5,ST,,original
ST 2.5 X 5,ST,,original
ST Tee ST2.5X5,ST,,augmented
ST Tee-ST2.5X5,ST,,augmented
ST2.5X5 ST Tee,ST,,augmented
ST2.5X5 Structural Tee,ST,,augmented
Structural Tee ST2.5X5,ST,,augmented
Structural Tee-ST2.5X5,ST,,augmented
ST2X4.75,ST,,original
ST 2X4.75,ST,,original
ST-2X4.75,ST,,augmented
ST_2X4.75,ST,,augmented
ST2 X 4.75,ST,,original
ST 2 X 4.75,ST,,original
ST Tee ST2X4.75,ST,,augmented
ST Tee-ST2X4.75,ST,,augmented
ST2X4.75 ST Tee,ST,,augmented
ST2X4.75 Structural Tee,ST,,augmented
Structural Tee ST2X4.75,ST,,augmented
Structural Tee-ST2X4.75,ST,,augmented
ST2X3.85,ST,,original
ST 2X3.85,ST,,original
ST-2X3.85,ST,,augmented
ST_2X3.85,ST,,augmented
ST2 X 3.85,ST,,original
ST 2 X 3.85,ST,,original
ST Tee ST2X3.85,ST,,augmented
ST Tee-ST2X3.85,ST,,augmented
ST2X3.85 ST Tee,ST,,augmented
ST2X3.85 Structural Tee,ST,,augmented
Structural Tee ST2X3.85,ST,,augmented
Structural Tee-ST2X3.85,ST,,augmented
ST1.5X3.75,ST,,original
ST 1.5X3.75,ST,,original
ST-1.5X3.75,ST,,augmented
ST_1.5X3.75,ST,,augmented
ST1.5 X 3.75,ST,,original
ST 1.5 X 3.75,ST,,original
ST Tee ST1.5X3.75,ST,,augmented
ST Tee-ST1.5X3.75,ST,,augmented
ST1.5X3.75 ST Tee,ST,,augmented
ST1.5X3.75 Structural Tee,ST,,augmented
Structural Tee ST1.5X3.75,ST,,augmented
Structural Tee-ST1.5X3.75,ST,,augmented
ST1.5X2.85,ST,,original
ST 1.5X2.85,ST,,original
ST-1.5X2.85,ST,,augmented
ST_1.5X2.85,ST,,augmented
ST1.5 X 2.85,ST,,original
ST 1.5 X 2.85,ST,,original
ST Tee ST1.5X2.85,ST,,augmented
ST Tee-ST1.5X2.85,ST,,augmented
ST1.5X2.85 ST Tee,ST,,augmented
ST1.5X2.85 Structural Tee,ST,,augmented
Structural Tee ST1.5X2.85,ST,,augmented
Structural Tee-ST1.5X2.85,ST,,augmented
2L12X12X1-3/8,2L,,original
2L 12X12X1-3/8,2L,,original
2L-12X12X1-3/8,2L,,augmented
2L_12X12X1-3/8,2L,,augmented
2L12 X 12X1-3/8,2L,,original
2L12X12X1-3/8 A36,2L,,augmented
2L 12 X 12 X 1-3/8,2L,,original
2L Shape 2L12X12X1-3/8,2L,,augmented
2L Shape-2L12X12X1-3/8,2L,,augmented
2L12X12X1-3/8 2L Shape,2L,,augmented
2L12X12X1-3/8 ASTM A36,2L,,augmented
2L12X12X1-3/8 LL Angle,2L,,augmented
LL Angle 2L12X12X1-3/8,2L,,augmented
2L12X12X1-3/8X3/4,2L,,original
2L 12X12X1-3/8X3/4,2L,,original
2L-12X12X1-3/8X3/4,2L,,augmented
2L_12X12X1-3/8X3/4,2L,,augmented
2L12 X 12X1-3/8X3/4,2L,,original
2L12X12X1-3/8X3/4 A36,2L,,augmented
2L 12 X 12 X 1-3/8 X 3/4,2L,,original
2L Shape 2L12X12X1-3/8X3/4,2L,,augmented
2L Shape-2L12X12X1-3/8X3/4,2L,,augmented
2L12X12X1-3/8X3/4 2L Shape,2L,,augmented
2L12X12X1-3/8X3/4 ASTM A36,2L,,augmented
2L12X12X1-3/8X3/4 LL Angle,2L,,augmented
LL Angle 2L12X12X1-3/8X3/4,2L,,augmented
2L12X12X1-3/8X1-1/2,2L,,original
2L 12X12X1-3/8X1-1/2,2L,,original
2L-12X12X1-3/8X1-1/2,2L,,augmented
2L_12X12X1-3/8X1-1/2,2L,,augmented
2L12 X 12X1-3/8X1-1/2,2L,,original
2L12X12X1-3/8X1-1/2 A36,2L,,augmented
2L 12 X 12 X 1-3/8 X 1-1/2,2L,,original
2L Shape 2L12X12X1-3/8X1-1/2,2L,,augmented
2L Shape-2L12X12X1-3/8X1-1/2,2L,,augmented
2L12X12X1-3/8X1-1/2 2L Shape,2L,,augmented
2L12X12X1-3/8X1-1/2 ASTM A36,2L,,augmented
2L12X12X1-3/8X1-1/2 LL Angle,2L,,augmented
LL Angle 2L12X12X1-3/8X1-1/2,2L,,augmented
2L12X12X1-1/4,2L,,original
2L 12X12X1-1/4,2L,,original
2L-12X12X1-1/4,2L,,augmented
2L_12X12X1-1/4,2L,,augmented
2L12 X 12X1-1/4,2L,,original
2L12X12X1-1/4 A36,2L,,augmented
2L 12 X 12 X 1-1/4,2L,,original
2L Shape 2L12X12X1-1/4,2L,,augmented
2L Shape-2L12X12X1-1/4,2L,,augmented
2L12X12X1-1/4 2L Shape,2L,,augmented
2L12X12X1-1/4 ASTM A36,2L,,augmented
2L12X12X1-1/4 LL Angle,2L,,augmented
LL Angle 2L12X12X1-1/4,2L,,augmented
2L12X12X1-1/4X3/4,2L,,original
2L 12X12X1-1/4X3/4,2L,,original
2L-12X12X1-1/4X3/4,2L,,augmented
2L_12X12X1-1/4X3/4,2L,,augmented
2L12 X 12X1-1/4X3/4,2L,,original
2L12X12X1-1/4X3/4 A36,2L,,augmented
2L 12 X 12 X 1-1/4 X 3/4,2L,,original
2L Shape 2L12X12X1-1/4X3/4,2L,,augmented
2L Shape-2L12X12X1-1/4X3/4,2L,,augmented
2L12X12X1-1/4X3/4 2L Shape,2L,,augmented
2L12X12X1-1/4X3/4 ASTM A36,2L,,augmented
2L12X12X1-1/4X3/4 LL Angle,2L,,augmented
LL Angle 2L12X12X1-1/4X3/4,2L,,augmented
2L12X12X1-1/4X1-1/2,2L,,original
2L 12X12X1-1/4X1-1/2,2L,,original
2L-12X12X1-1/4X1-1/2,2L,,augmented
2L_12X12X1-1/4X1-1/2,2L,,augmented
2L12 X 12X1-1/4X1-1/2,2L,,original
2L12X12X1-1/4X1-1/2 A36,2L,,augmented
2L 12 X 12 X 1-1/4 X 1-1/2,2L,,original
2L Shape 2L12X12X1-1/4X1-1/2,2L,,augmented
2L Shape-2L12X12X1-1/4X1-1/2,2L,,augmented
2L12X12X1-1/4X1-1/2 2L Shape,2L,,augmented
2L12X12X1-1/4X1-1/2 ASTM A36,2L,,augmented
2L12X12X1-1/4X1-1/2 LL Angle,2L,,augmented
LL Angle 2L12X12X1-1/4X1-1/2,2L,,augmented
2L12X12X1-1/8,2L,,original
2L 12X12X1-1/8,2L,,original
2L-12X12X1-1/8,2L,,augmented
2L_12X12X1-1/8,2L,,augmented
2L12 X 12X1-1/8,2L,,original
2L12X12X1-1/8 A36,2L,,augmented
2L 12 X 12 X 1-1/8,2L,,original
2L Shape 2L12X12X1-1/8,2L,,augmented
2L Shape-2L12X12X1-1/8,2L,,augmented
2L12X12X1-1/8 2L Shape,2L,,augmented
2L12X12X1-1/8 ASTM A36,2L,,augmented
2L12X12X1-1/8 LL Angle,2L,,augmented
LL Angle 2L12X12X1-1/8,2L,,augmented
2L12X12X1-1/8X3/4,2L,,original
2L 12X12X1-1/8X3/4,2L,,original
2L-12X12X1-1/8X3/4,2L,,augmented
2L_12X12X1-1/8X3/4,2L,,augmented
2L12 X 12X1-1/8X3/4,2L,,original
2L12X12X1-1/8X3/4 A36,2L,,augmented
2L 12 X 12 X 1-1/8 X 3/4,2L,,original
2L Shape 2L12X12X1-1/8X3/4,2L,,augmented
2L Shape-2L12X12X1-1/8X3/4,2L,,augmented
2L12X12X1-1/8X3/4 2L Shape,2L,,augmented
2L12X12X1-1/8X3/4 ASTM A36,2L,,augmented
2L12X12X1-1/8X3/4 LL Angle,2L,,augmented
LL Angle 2L12X12X1-1/8X3/4,2L,,augmented
2L12X12X1-1/8X1-1/2,2L,,original
2L 12X12X1-1/8X1-1/2,2L,,original
2L-12X12X1-1/8X1-1/2,2L,,augmented
2L_12X12X1-1/8X1-1/2,2L,,augmented
2L12 X 12X1-1/8X1-1/2,2L,,original
2L12X12X1-1/8X1-1/2 A36,2L,,augmented
2L 12 X 12 X 1-1/8 X 1-1/2,2L,,original
2L Shape 2L12X12X1-1/8X1-1/2,2L,,augmented
2L Shape-2L12X12X1-1/8X1-1/2,2L,,augmented
2L12X12X1-1/8X1-1/2 2L Shape,2L,,augmented
2L12X12X1-1/8X1-1/2 ASTM A36,2L,,augmented
2L12X12X1-1/8X1-1/2 LL Angle,2L,,augmented
LL Angle 2L12X12X1-1/8X1-1/2,2L,,augmented
2L12X12X1,2L,,original
2L 12X12X1,2L,,original
2L-12X12X1,2L,,augmented
2L_12X12X1,2L,,augmented
2L12 X 12X1,2L,,original
2L12X12X1 A36,2L,,augmented
2L 12 X 12 X 1,2L,,original
2L Shape 2L12X12X1,2L,,augmented
2L Shape-2L12X12X1,2L,,augmented
2L12X12X1 2L Shape,2L,,augmented
2L12X12X1 ASTM A36,2L,,augmented
2L12X12X1 LL Angle,2L,,augmented
LL Angle 2L12X12X1,2L,,augmented
2L12X12X1X3/4,2L,,original
2L 12X12X1X3/4,2L,,original
2L-12X12X1X3/4,2L,,augmented
2L_12X12X1X3/4,2L,,augmented
2L12 X 12X1X3/4,2L,,original
2L12X12X1X3/4 A36,2L,,augmented
2L 12 X 12 X 1 X 3/4,2L,,original
2L Shape 2L12X12X1X3/4,2L,,augmented
2L Shape-2L12X12X1X3/4,2L,,augmented
2L12X12X1X3/4 2L Shape,2L,,augmented
2L12X12X1X3/4 ASTM A36,2L,,augmented
2L12X12X1X3/4 LL Angle,2L,,augmented
LL Angle 2L12X12X1X3/4,2L,,augmented
2L12X12X1X1-1/2,2L,,original
2L 12X12X1X1-1/2,2L,,original
2L-12X12X1X1-1/2,2L,,augmented
2L_12X12X1X1-1/2,2L,,augmented
2L12 X 12X1X1-1/2,2L,,original
2L12X12X1X1-1/2 A36,2L,,augmented
2L 12 X 12 X 1 X 1-1/2,2L,,original
2L Shape 2L12X12X1X1-1/2,2L,,augmented
2L Shape-2L12X12X1X1-1/2,2L,,augmented
2L12X12X1X1-1/2 2L Shape,2L,,augmented
2L12X12X1X1-1/2 ASTM A36,2L,,augmented
2L12X12X1X1-1/2 LL Angle,2L,,augmented
LL Angle 2L12X12X1X1-1/2,2L,,augmented
2L10X10X1-3/8,2L,,original
2L 10X10X1-3/8,2L,,original
2L-10X10X1-3/8,2L,,augmented
2L_10X10X1-3/8,2L,,augmented
2L10 X 10X1-3/8,2L,,original
2L10X10X1-3/8 A36,2L,,augmented
2L 10 X 10 X 1-3/8,2L,,original
2L Shape 2L10X10X1-3/8,2L,,augmented
2L Shape-2L10X10X1-3/8,2L,,augmented
2L10X10X1-3/8 2L Shape,2L,,augmented
2L10X10X1-3/8 ASTM A36,2L,,augmented
2L10X10X1-3/8 LL Angle,2L,,augmented
LL Angle 2L10X10X1-3/8,2L,,augmented
2L10X10X1-3/8X3/4,2L,,original
2L 10X10X1-3/8X3/4,2L,,original
2L-10X10X1-3/8X3/4,2L,,augmented
2L_10X10X1-3/8X3/4,2L,,augmented
2L10 X 10X1-3/8X3/4,2L,,original
2L10X10X1-3/8X3/4 A36,2L,,augmented
2L 10 X 10 X 1-3/8 X 3/4,2L,,original
2L Shape 2L10X10X1-3/8X3/4,2L,,augmented
2L Shape-2L10X10X1-3/8X3/4,2L,,augmented
2L10X10X1-3/8X3/4 2L Shape,2L,,augmented
2L10X10X1-3/8X3/4 ASTM A36,2L,,augmented
2L10X10X1-3/8X3/4 LL Angle,2L,,augmented
LL Angle 2L10X10X1-3/8X3/4,2L,,augmented
2L10X10X1-3/8X1-1/2,2L,,original
2L 10X10X1-3/8X1-1/2,2L,,original
2L-10X10X1-3/8X1-1/2,2L,,augmented
2L_10X10X1-3/8X1-1/2,2L,,augmented
2L10 X 10X1-3/8X1-1/2,2L,,original
2L10X10X1-3/8X1-1/2 A36,2L,,augmented
2L 10 X 10 X 1-3/8 X 1-1/2,2L,,original
2L Shape 2L10X10X1-3/8X1-1/2,2L,,augmented
2L Shape-2L10X10X1-3/8X1-1/2,2L,,augmented
2L10X10X1-3/8X1-1/2 2L Shape,2L,,augmented
2L10X10X1-3/8X1-1/2 ASTM A36,2L,,augmented
2L10X10X1-3/8X1-1/2 LL Angle,2L,,augmented
LL Angle 2L10X10X1-3/8X1-1/2,2L,,augmented
2L10X10X1-1/4,2L,,original
2L 10X10X1-1/4,2L,,original
2L-10X10X1-1/4,2L,,augmented
2L_10X10X1-1/4,2L,,augmented
2L10 X 10X1-1/4,2L,,original
2L10X10X1-1/4 A36,2L,,augmented
2L 10 X 10 X 1-1/4,2L,,original
2L Shape 2L10X10X1-1/4,2L,,augmented
2L Shape-2L10X10X1-1/4,2L,,augmented
2L10X10X1-1/4 2L Shape,2L,,augmented
2L10X10X1-1/4 ASTM A36,2L,,augmented
2L10X10X1-1/4 LL Angle,2L,,augmented
LL Angle 2L10X10X1-1/4,2L,,augmented
2L10X10X1-1/4X3/4,2L,,original
2L 10X10X1-1/4X3/4,2L,,original
2L-10X10X1-1/4X3/4,2L,,augmented
2L_10X10X1-1/4X3/4,2L,,augmented
2L10 X 10X1-1/4X3/4,2L,,original
2L10X10X1-1/4X3/4 A36,2L,,augmented
2L 10 X 10 X 1-1/4 X 3/4,2L,,original
2L Shape 2L10X10X1-1/4X3/4,2L,,augmented
2L Shape-2L10X10X1-1/4X3/4,2L,,augmented
2L10X10X1-1/4X3/4 2L Shape,2L,,augmented
2L10X10X1-1/4X3/4 ASTM A36,2L,,augmented
2L10X10X1-1/4X3/4 LL Angle,2L,,augmented
LL Angle 2L10X10X1-1/4X3/4,2L,,augmented
2L10X10X1-1/4X1-1/2,2L,,original
2L 10X10X1-1/4X1-1/2,2L,,original
2L-10X10X1-1/4X1-1/2,2L,,augmented
2L_10X10X1-1/4X1-1/2,2L,,augmented
2L10 X 10X1-1/4X1-1/2,2L,,original
2L10X10X1-1/4X1-1/2 A36,2L,,augmented
2L 10 X 10 X 1-1/4 X 1-1/2,2L,,original
2L Shape 2L10X10X1-1/4X1-1/2,2L,,augmented
2L Shape-2L10X10X1-1/4X1-1/2,2L,,augmented
2L10X10X1-1/4X1-1/2 2L Shape,2L,,augmented
2L10X10X1-1/4X1-1/2 ASTM A36,2L,,augmented
2L10X10X1-1/4X1-1/2 LL Angle,2L,,augmented
LL Angle 2L10X10X1-1/4X1-1/2,2L,,augmented
2L10X10X1-1/8,2L,,original
2L 10X10X1-1/8,2L,,original
2L-10X10X1-1/8,2L,,augmented
2L_10X10X1-1/8,2L,,augmented
2L10 X 10X1-1/8,2L,,original
2L10X10X1-1/8 A36,2L,,augmented
2L 10 X 10 X 1-1/8,2L,,original
2L Shape 2L10X10X1-1/8,2L,,augmented
2L Shape-2L10X10X1-1/8,2L,,augmented
2L10X10X1-1/8 2L Shape,2L,,augmented
2L10X10X1-1/8 ASTM A36,2L,,augmented
2L10X10X1-1/8 LL Angle,2L,,augmented
LL Angle 2L10X10X1-1/8,2L,,augmented
2L10X10X1-1/8X3/4,2L,,original
2L 10X10X1-1/8X3/4,2L,,original
2L-10X10X1-1/8X3/4,2L,,augmented
2L_10X10X1-1/8X3/4,2L,,augmented
2L10 X 10X1-1/8X3/4,2L,,original
2L10X10X1-1/8X3/4 A36,2L,,augmented
2L 10 X 10 X 1-1/8 X 3/4,2L,,original
2L Shape 2L10X10X1-1/8X3/4,2L,,augmented
2L Shape-2L10X10X1-1/8X3/4,2L,,augmented
2L10X10X1-1/8X3/4 2L Shape,2L,,augmented
2L10X10X1-1/8X3/4 ASTM A36,2L,,augmented
2L10X10X1-1/8X3/4 LL Angle,2L,,augmented
LL Angle 2L10X10X1-1/8X3/4,2L,,augmented
2L10X10X1-1/8X1-1/2,2L,,original
2L 10X10X1-1/8X1-1/2,2L,,original
2L-10X10X1-1/8X1-1/2,2L,,augmented
2L_10X10X1-1/8X1-1/2,2L,,augmented
2L10 X 10X1-1/8X1-1/2,2L,,original
2L10X10X1-1/8X1-1/2 A36,2L,,augmented
2L 10 X 10 X 1-1/8 X 1-1/2,2L,,original
2L Shape 2L10X10X1-1/8X1-1/2,2L,,augmented
2L Shape-2L10X10X1-1/8X1-1/2,2L,,augmented
2L10X10X1-1/8X1-1/2 2L Shape,2L,,augmented
2L10X10X1-1/8X1-1/2 ASTM A36,2L,,augmented
2L10X10X1-1/8X1-1/2 LL Angle,2L,,augmented
LL Angle 2L10X10X1-1/8X1-1/2,2L,,augmented
2L10X10X1,2L,,original
2L 10X10X1,2L,,original
2L-10X10X1,2L,,augmented
2L_10X10X1,2L,,augmented
2L10 X 10X1,2L,,original
2L10X10X1 A36,2L,,augmented
2L 10 X 10 X 1,2L,,original
2L Shape 2L10X10X1,2L,,augmented
2L Shape-2L10X10X1,2L,,augmented
2L10X10X1 2L Shape,2L,,augmented
2L10X10X1 ASTM A36,2L,,augmented
2L10X10X1 LL Angle,2L,,augmented
LL Angle 2L10X10X1,2L,,augmented
2L10X10X1X3/4,2L,,original
2L 10X10X1X3/4,2L,,original
2L-10X10X1X3/4,2L,,augmented
2L_10X10X1X3/4,2L,,augmented
2L10 X 10X1X3/4,2L,,original
2L10X10X1X3/4 A36,2L,,augmented
2L 10 X 10 X 1 X 3/4,2L,,original
2L Shape 2L10X10X1X3/4,2L,,augmented
2L Shape-2L10X10X1X3/4,2L,,augmented
2L10X10X1X3/4 2L Shape,2L,,augmented
2L10X10X1X3/4 ASTM A36,2L,,augmented
2L10X10X1X3/4 LL Angle,2L,,augmented
LL Angle 2L10X10X1X3/4,2L,,augmented
2L10X10X1X1-1/2,2L,,original
2L 10X10X1X1-1/2,2L,,original
2L-10X10X1X1-1/2,2L,,augmented
2L_10X10X1X1-1/2,2L,,augmented
2L10 X 10X1X1-1/2,2L,,original
2L10X10X1X1-1/2 A36,2L,,augmented
2L 10 X 10 X 1 X 1-1/2,2L,,original
2L Shape 2L10X10X1X1-1/2,2L,,augmented
2L Shape-2L10X10X1X1-1/2,2L,,augmented
2L10X10X1X1-1/2 2L Shape,2L,,augmented
2L10X10X1X1-1/2 ASTM A36,2L,,augmented
2L10X10X1X1-1/2 LL Angle,2L,,augmented
LL Angle 2L10X10X1X1-1/2,2L,,augmented
2L10X10X7/8,2L,,original
2L 10X10X7/8,2L,,original
2L-10X10X7/8,2L,,augmented
2L_10X10X7/8,2L,,augmented
2L10 X 10X7/8,2L,,original
2L10X10X7/8 A36,2L,,augmented
2L 10 X 10 X 7/8,2L,,original
2L Shape 2L10X10X7/8,2L,,augmented
2L Shape-2L10X10X7/8,2L,,augmented
2L10X10X7/8 2L Shape,2L,,augmented
2L10X10X7/8 ASTM A36,2L,,augmented
2L10X10X7/8 LL Angle,2L,,augmented
LL Angle 2L10X10X7/8,2L,,augmented
2L10X10X7/8X3/4,2L,,original
2L 10X10X7/8X3/4,2L,,original
2L-10X10X7/8X3/4,2L,,augmented
2L_10X10X7/8X3/4,2L,,augmented
2L10 X 10X7/8X3/4,2L,,original
2L10X10X7/8X3/4 A36,2L,,augmented
2L 10 X 10 X 7/8 X 3/4,2L,,original
2L Shape 2L10X10X7/8X3/4,2L,,augmented
2L Shape-2L10X10X7/8X3/4,2L,,augmented
2L10X10X7/8X3/4 2L Shape,2L,,augmented
2L10X10X7/8X3/4 ASTM A36,2L,,augmented
2L10X10X7/8X3/4 LL Angle,2L,,augmented
LL Angle 2L10X10X7/8X3/4,2L,,augmented
2L10X10X7/8X1-1/2,2L,,original
2L 10X10X7/8X1-1/2,2L,,original
2L-10X10X7/8X1-1/2,2L,,augmented
2L_10X10X7/8X1-1/2,2L,,augmented
2L10 X 10X7/8X1-1/2,2L,,original
2L10X10X7/8X1-1/2 A36,2L,,augmented
2L 10 X 10 X 7/8 X 1-1/2,2L,,original
2L Shape 2L10X10X7/8X1-1/2,2L,,augmented
2L Shape-2L10X10X7/8X1-1/2,2L,,augmented
2L10X10X7/8X1-1/2 2L Shape,2L,,augmented
2L10X10X7/8X1-1/2 ASTM A36,2L,,augmented
2L10X10X7/8X1-1/2 LL Angle,2L,,augmented
LL Angle 2L10X10X7/8X1-1/2,2L,,augmented
2L10X10X3/4,2L,,original
2L 10X10X3/4,2L,,original
2L-10X10X3/4,2L,,augmented
2L_10X10X3/4,2L,,augmented
2L10 X 10X3/4,2L,,original
2L10X10X3/4 A36,2L,,augmented
2L 10 X 10 X 3/4,2L,,original
2L Shape 2L10X10X3/4,2L,,augmented
2L Shape-2L10X10X3/4,2L,,augmented
2L10X10X3/4 2L Shape,2L,,augmented
2L10X10X3/4 ASTM A36,2L,,augmented
2L10X10X3/4 LL Angle,2L,,augmented
LL Angle 2L10X10X3/4,2L,,augmented
2L10X10X3/4X3/4,2L,,original
2L 10X10X3/4X3/4,2L,,original
2L-10X10X3/4X3/4,2L,,augmented
2L_10X10X3/4X3/4,2L,,augmented
2L10 X 10X3/4X3/4,2L,,original
2L10X10X3/4X3/4 A36,2L,,augmented
2L 10 X 10 X 3/4 X 3/4,2L,,original
2L Shape 2L10X10X3/4X3/4,2L,,augmented
2L Shape-2L10X10X3/4X3/4,2L,,augmented
2L10X10X3/4X3/4 2L Shape,2L,,augmented
2L10X10X3/4X3/4 ASTM A36,2L,,augmented
2L10X10X3/4X3/4 LL Angle,2L,,augmented
LL Angle 2L10X10X3/4X3/4,2L,,augmented
2L10X10X3/4X1-1/2,2L,,original
2L 10X10X3/4X1-1/2,2L,,original
2L-10X10X3/4X1-1/2,2L,,augmented
2L_10X10X3/4X1-1/2,2L,,augmented
2L10 X 10X3/4X1-1/2,2L,,original
2L10X10X3/4X1-1/2 A36,2L,,augmented
2L 10 X 10 X 3/4 X 1-1/2,2L,,original
2L Shape 2L10X10X3/4X1-1/2,2L,,augmented
2L Shape-2L10X10X3/4X1-1/2,2L,,augmented
2L10X10X3/4X1-1/2 2L Shape,2L,,augmented
2L10X10X3/4X1-1/2 ASTM A36,2L,,augmented
2L10X10X3/4X1-1/2 LL Angle,2L,,augmented
LL Angle 2L10X10X3/4X1-1/2,2L,,augmented
2L8X8X1-1/8,2L,,original
2L 8X8X1-1/8,2L,,original
2L-8X8X1-1/8,2L,,augmented
2L_8X8X1-1/8,2L,,augmented
2L8 X 8X1-1/8,2L,,original
2L8X8X1-1/8 A36,2L,,augmented
2L 8 X 8 X 1-1/8,2L,,original
2L Shape 2L8X8X1-1/8,2L,,augmented
2L Shape-2L8X8X1-1/8,2L,,augmented
2L8X8X1-1/8 2L Shape,2L,,augmented
2L8X8X1-1/8 ASTM A36,2L,,augmented
2L8X8X1-1/8 LL Angle,2L,,augmented
LL Angle 2L8X8X1-1/8,2L,,augmented
2L8X8X1-1/8X3/8,2L,,original
2L 8X8X1-1/8X3/8,2L,,original
2L-8X8X1-1/8X3/8,2L,,augmented
2L_8X8X1-1/8X3/8,2L,,augmented
2L8 X 8X1-1/8X3/8,2L,,original
2L8X8X1-1/8X3/8 A36,2L,,augmented
2L 8 X 8 X 1-1/8 X 3/8,2L,,original
2L Shape 2L8X8X1-1/8X3/8,2L,,augmented
2L Shape-2L8X8X1-1/8X3/8,2L,,augmented
2L8X8X1-1/8X3/8 2L Shape,2L,,augmented
2L8X8X1-1/8X3/8 ASTM A36,2L,,augmented
2L8X8X1-1/8X3/8 LL Angle,2L,,augmented
LL Angle 2L8X8X1-1/8X3/8,2L,,augmented
2L8X8X1-1/8X3/4,2L,,original
2L 8X8X1-1/8X3/4,2L,,original
2L-8X8X1-1/8X3/4,2L,,augmented
2L_8X8X1-1/8X3/4,2L,,augmented
2L8 X 8X1-1/8X3/4,2L,,original
2L8X8X1-1/8X3/4 A36,2L,,augmented
2L 8 X 8 X 1-1/8 X 3/4,2L,,original
2L Shape 2L8X8X1-1/8X3/4,2L,,augmented
2L Shape-2L8X8X1-1/8X3/4,2L,,augmented
2L8X8X1-1/8X3/4 2L Shape,2L,,augmented
2L8X8X1-1/8X3/4 ASTM A36,2L,,augmented
2L8X8X1-1/8X3/4 LL Angle,2L,,augmented
LL Angle 2L8X8X1-1/8X3/4,2L,,augmented
2L8X8X1,2L,,original
2L 8X8X1,2L,,original
2L-8X8X1,2L,,augmented
2L_8X8X1,2L,,augmented
2L8 X 8X1,2L,,original
2L8X8X1 A36,2L,,augmented
2L 8 X 8 X 1,2L,,original
2L Shape 2L8X8X1,2L,,augmented
2L Shape-2L8X8X1,2L,,augmented
2L8X8X1 2L Shape,2L,,augmented
2L8X8X1 ASTM A36,2L,,augmented
2L8X8X1 LL Angle,2L,,augmented
LL Angle 2L8X8X1,2L,,augmented
2L8X8X1X3/8,2L,,original
2L 8X8X1X3/8,2L,,original
2L-8X8X1X3/8,2L,,augmented
2L_8X8X1X3/8,2L,,augmented
2L8 X 8X1X3/8,2L,,original
2L8X8X1X3/8 A36,2L,,augmented
2L 8 X 8 X 1 X 3/8,2L,,original
2L Shape 2L8X8X1X3/8,2L,,augmented
2L Shape-2L8X8X1X3/8,2L,,augmented
2L8X8X1X3/8 2L Shape,2L,,augmented
2L8X8X1X3/8 ASTM A36,2L,,augmented
2L8X8X1X3/8 LL Angle,2L,,augmented
LL Angle 2L8X8X1X3/8,2L,,augmented
2L8X8X1X3/4,2L,,original
2L 8X8X1X3/4,2L,,original
2L-8X8X1X3/4,2L,,augmented
2L_8X8X1X3/4,2L,,augmented
2L8 X 8X1X3/4,2L,,original
2L8X8X1X3/4 A36,2L,,augmented
2L 8 X 8 X 1 X 3/4,2L,,original
2L Shape 2L8X8X1X3/4,2L,,augmented
2L Shape-2L8X8X1X3/4,2L,,augmented
2L8X8X1X3/4 2L Shape,2L,,augmented
2L8X8X1X3/4 ASTM A36,2L,,augmented
2L8X8X1X3/4 LL Angle,2L,,augmented
LL Angle 2L8X8X1X3/4,2L,,augmented
2L8X8X7/8,2L,,original
2L 8X8X7/8,2L,,original
2L-8X8X7/8,2L,,augmented
2L_8X8X7/8,2L,,augmented
2L8 X 8X7/8,2L,,original
2L8X8X7/8 A36,2L,,augmented
2L 8 X 8 X 7/8,2L,,original
2L Shape 2L8X8X7/8,2L,,augmented
2L Shape-2L8X8X7/8,2L,,augmented
2L8X8X7/8 2L Shape,2L,,augmented
2L8X8X7/8 ASTM A36,2L,,augmented
2L8X8X7/8 LL Angle,2L,,augmented
LL Angle 2L8X8X7/8,2L,,augmented
2L8X8X7/8X3/8,2L,,original
2L 8X8X7/8X3/8,2L,,original
2L-8X8X7/8X3/8,2L,,augmented
2L_8X8X7/8X3/8,2L,,augmented
2L8 X 8X7/8X3/8,2L,,original
2L8X8X7/8X3/8 A36,2L,,augmented
2L 8 X 8 X 7/8 X 3/8,2L,,original
2L Shape 2L8X8X7/8X3/8,2L,,augmented
2L Shape-2L8X8X7/8X3/8,2L,,augmented
2L8X8X7/8X3/8 2L Shape,2L,,augmented
2L8X8X7/8X3/8 ASTM A36,2L,,augmented
2L8X8X7/8X3/8 LL Angle,2L,,augmented
LL Angle 2L8X8X7/8X3/8,2L,,augmented
2L8X8X7/8X3/4,2L,,original
2L 8X8X7/8X3/4,2L,,original
2L-8X8X7/8X3/4,2L,,augmented
2L_8X8X7/8X3/4,2L,,augmented
2L8 X 8X7/8X3/4,2L,,original
2L8X8X7/8X3/4 A36,2L,,augmented
2L 8 X 8 X 7/8 X 3/4,2L,,original
2L Shape 2L8X8X7/8X3/4,2L,,augmented
2L Shape-2L8X8X7/8X3/4,2L,,augmented
2L8X8X7/8X3/4 2L Shape,2L,,augmented
2L8X8X7/8X3/4 ASTM A36,2L,,augmented
2L8X8X7/8X3/4 LL Angle,2L,,augmented
LL Angle 2L8X8X7/8X3/4,2L,,augmented
2L8X8X3/4,2L,,original
2L 8X8X3/4,2L,,original
2L-8X8X3/4,2L,,augmented
2L_8X8X3/4,2L,,augmented
2L8 X 8X3/4,2L,,original
2L8X8X3/4 A36,2L,,augmented
2L 8 X 8 X 3/4,2L,,original
2L Shape 2L8X8X3/4,2L,,augmented
2L Shape-2L8X8X3/4,2L,,augmented
2L8X8X3/4 2L Shape,2L,,augmented
2L8X8X3/4 ASTM A36,2L,,augmented
2L8X8X3/4 LL Angle,2L,,augmented
LL Angle 2L8X8X3/4,2L,,augmented
2L8X8X3/4X3/8,2L,,original
2L 8X8X3/4X3/8,2L,,original
2L-8X8X3/4X3/8,2L,,augmented
2L_8X8X3/4X3/8,2L,,augmented
2L8 X 8X3/4X3/8,2L,,original
2L8X8X3/4X3/8 A36,2L,,augmented
2L 8 X 8 X 3/4 X 3/8,2L,,original
2L Shape 2L8X8X3/4X3/8,2L,,augmented
2L Shape-2L8X8X3/4X3/8,2L,,augmented
2L8X8X3/4X3/8 2L Shape,2L,,augmented
2L8X8X3/4X3/8 ASTM A36,2L,,augmented
2L8X8X3/4X3/8 LL Angle,2L,,augmented
LL Angle 2L8X8X3/4X3/8,2L,,augmented
2L8X8X3/4X3/4,2L,,original
2L 8X8X3/4X3/4,2L,,original
2L-8X8X3/4X3/4,2L,,augmented
2L_8X8X3/4X3/4,2L,,augmented
2L8 X 8X3/4X3/4,2L,,original
2L8X8X3/4X3/4 A36,2L,,augmented
2L 8 X 8 X 3/4 X 3/4,2L,,original
2L Shape 2L8X8X3/4X3/4,2L,,augmented
2L Shape-2L8X8X3/4X3/4,2L,,augmented
2L8X8X3/4X3/4 2L Shape,2L,,augmented
2L8X8X3/4X3/4 ASTM A36,2L,,augmented
2L8X8X3/4X3/4 LL Angle,2L,,augmented
LL Angle 2L8X8X3/4X3/4,2L,,augmented
2L8X8X5/8,2L,,original
2L 8X8X5/8,2L,,original
2L-8X8X5/8,2L,,augmented
2L_8X8X5/8,2L,,augmented
2L8 X 8X5/8,2L,,original
2L8X8X5/8 A36,2L,,augmented
2L 8 X 8 X 5/8,2L,,original
2L Shape 2L8X8X5/8,2L,,augmented
2L Shape-2L8X8X5/8,2L,,augmented
2L8X8X5/8 2L Shape,2L,,augmented
2L8X8X5/8 ASTM A36,2L,,augmented
2L8X8X5/8 LL Angle,2L,,augmented
LL Angle 2L8X8X5/8,2L,,augmented
2L8X8X5/8X3/8,2L,,original
2L 8X8X5/8X3/8,2L,,original
2L-8X8X5/8X3/8,2L,,augmented
2L_8X8X5/8X3/8,2L,,augmented
2L8 X 8X5/8X3/8,2L,,original
2L8X8X5/8X3/8 A36,2L,,augmented
2L 8 X 8 X 5/8 X 3/8,2L,,original
2L Shape 2L8X8X5/8X3/8,2L,,augmented
2L Shape-2L8X8X5/8X3/8,2L,,augmented
2L8X8X5/8X3/8 2L Shape,2L,,augmented
2L8X8X5/8X3/8 ASTM A36,2L,,augmented
2L8X8X5/8X3/8 LL Angle,2L,,augmented
LL Angle 2L8X8X5/8X3/8,2L,,augmented
2L8X8X5/8X3/4,2L,,original
2L 8X8X5/8X3/4,2L,,original
2L-8X8X5/8X3/4,2L,,augmented
2L_8X8X5/8X3/4,2L,,augmented
2L8 X 8X5/8X3/4,2L,,original
2L8X8X5/8X3/4 A36,2L,,augmented
2L 8 X 8 X 5/8 X 3/4,2L,,original
2L Shape 2L8X8X5/8X3/4,2L,,augmented
2L Shape-2L8X8X5/8X3/4,2L,,augmented
2L8X8X5/8X3/4 2L Shape,2L,,augmented
2L8X8X5/8X3/4 ASTM A36,2L,,augmented
2L8X8X5/8X3/4 LL Angle,2L,,augmented
LL Angle 2L8X8X5/8X3/4,2L,,augmented
2L8X8X9/16,2L,,original
2L 8X8X9/16,2L,,original
2L-8X8X9/16,2L,,augmented
2L_8X8X9/16,2L,,augmented
2L8 X 8X9/16,2L,,original
2L8X8X9/16 A36,2L,,augmented
2L 8 X 8 X 9/16,2L,,original
2L Shape 2L8X8X9/16,2L,,augmented
2L Shape-2L8X8X9/16,2L,,augmented
2L8X8X9/16 2L Shape,2L,,augmented
2L8X8X9/16 ASTM A36,2L,,augmented
2L8X8X9/16 LL Angle,2L,,augmented
LL Angle 2L8X8X9/16,2L,,augmented
2L8X8X9/16X3/8,2L,,original
2L 8X8X9/16X3/8,2L,,original
2L-8X8X9/16X3/8,2L,,augmented
2L_8X8X9/16X3/8,2L,,augmented
2L8 X 8X9/16X3/8,2L,,original
2L8X8X9/16X3/8 A36,2L,,augmented
2L 8 X 8 X 9/16 X 3/8,2L,,original
2L Shape 2L8X8X9/16X3/8,2L,,augmented
2L Shape-2L8X8X9/16X3/8,2L,,augmented
2L8X8X9/16X3/8 2L Shape,2L,,augmented
2L8X8X9/16X3/8 ASTM A36,2L,,augmented
2L8X8X9/16X3/8 LL Angle,2L,,augmented
LL Angle 2L8X8X9/16X3/8,2L,,augmented
2L8X8X9/16X3/4,2L,,original
2L 8X8X9/16X3/4,2L,,original
2L-8X8X9/16X3/4,2L,,augmented
2L_8X8X9/16X3/4,2L,,augmented
2L8 X 8X9/16X3/4,2L,,original
2L8X8X9/16X3/4 A36,2L,,augmented
2L 8 X 8 X 9/16 X 3/4,2L,,original
2L Shape 2L8X8X9/16X3/4,2L,,augmented
2L Shape-2L8X8X9/16X3/4,2L,,augmented
2L8X8X9/16X3/4 2L Shape,2L,,augmented
2L8X8X9/16X3/4 ASTM A36,2L,,augmented
2L8X8X9/16X3/4 LL Angle,2L,,augmented
LL Angle 2L8X8X9/16X3/4,2L,,augmented
2L8X8X1/2,2L,,original
2L 8X8X1/2,2L,,original
2L-8X8X1/2,2L,,augmented
2L_8X8X1/2,2L,,augmented
2L8 X 8X1/2,2L,,original
2L8X8X1/2 A36,2L,,augmented
2L 8 X 8 X 1/2,2L,,original
2L Shape 2L8X8X1/2,2L,,augmented
2L Shape-2L8X8X1/2,2L,,augmented
2L8X8X1/2 2L Shape,2L,,augmented
2L8X8X1/2 ASTM A36,2L,,augmented
2L8X8X1/2 LL Angle,2L,,augmented
LL Angle 2L8X8X1/2,2L,,augmented
2L8X8X1/2X3/8,2L,,original
2L 8X8X1/2X3/8,2L,,original
2L-8X8X1/2X3/8,2L,,augmented
2L_8X8X1/2X3/8,2L,,augmented
2L8 X 8X1/2X3/8,2L,,original
2L8X8X1/2X3/8 A36,2L,,augmented
2L 8 X 8 X 1/2 X 3/8,2L,,original
2L Shape 2L8X8X1/2X3/8,2L,,augmented
2L Shape-2L8X8X1/2X3/8,2L,,augmented
2L8X8X1/2X3/8 2L Shape,2L,,augmented
2L8X8X1/2X3/8 ASTM A36,2L,,augmented
2L8X8X1/2X3/8 LL Angle,2L,,augmented
LL Angle 2L8X8X1/2X3/8,2L,,augmented
2L8X8X1/2X3/4,2L,,original
2L 8X8X1/2X3/4,2L,,original
2L-8X8X1/2X3/4,2L,,augmented
2L_8X8X1/2X3/4,2L,,augmented
2L8 X 8X1/2X3/4,2L,,original
2L8X8X1/2X3/4 A36,2L,,augmented
2L 8 X 8 X 1/2 X 3/4,2L,,original
2L Shape 2L8X8X1/2X3/4,2L,,augmented
2L Shape-2L8X8X1/2X3/4,2L,,augmented
2L8X8X1/2X3/4 2L Shape,2L,,augmented
2L8X8X1/2X3/4 ASTM A36,2L,,augmented
2L8X8X1/2X3/4 LL Angle,2L,,augmented
LL Angle 2L8X8X1/2X3/4,2L,,augmented
2L6X6X1,2L,,original
2L 6X6X1,2L,,original
2L-6X6X1,2L,,augmented
2L_6X6X1,2L,,augmented
2L6 X 6X1,2L,,original
2L6X6X1 A36,2L,,augmented
2L 6 X 6 X 1,2L,,original
2L Shape 2L6X6X1,2L,,augmented
2L Shape-2L6X6X1,2L,,augmented
2L6X6X1 2L Shape,2L,,augmented
2L6X6X1 ASTM A36,2L,,augmented
2L6X6X1 LL Angle,2L,,augmented
LL Angle 2L6X6X1,2L,,augmented
2L6X6X1X3/8,2L,,original
2L 6X6X1X3/8,2L,,original
2L-6X6X1X3/8,2L,,augmented
2L_6X6X1X3/8,2L,,augmented
2L6 X 6X1X3/8,2L,,original
2L6X6X1X3/8 A36,2L,,augmented
2L 6 X 6 X 1 X 3/8,2L,,original
2L Shape 2L6X6X1X3/8,2L,,augmented
2L Shape-2L6X6X1X3/8,2L,,augmented
2L6X6X1X3/8 2L Shape,2L,,augmented
2L6X6X1X3/8 ASTM A36,2L,,augmented
2L6X6X1X3/8 LL Angle,2L,,augmented
LL Angle 2L6X6X1X3/8,2L,,augmented
2L6X6X1X3/4,2L,,original
2L 6X6X1X3/4,2L,,original
2L-6X6X1X3/4,2L,,augmented
2L_6X6X1X3/4,2L,,augmented
2L6 X 6X1X3/4,2L,,original
2L6X6X1X3/4 A36,2L,,augmented
2L 6 X 6 X 1 X 3/4,2L,,original
2L Shape 2L6X6X1X3/4,2L,,augmented
2L Shape-2L6X6X1X3/4,2L,,augmented
2L6X6X1X3/4 2L Shape,2L,,augmented
2L6X6X1X3/4 ASTM A36,2L,,augmented
2L6X6X1X3/4 LL Angle,2L,,augmented
LL Angle 2L6X6X1X3/4,2L,,augmented
2L6X6X7/8,2L,,original
2L 6X6X7/8,2L,,original
2L-6X6X7/8,2L,,augmented
2L_6X6X7/8,2L,,augmented
2L6 X 6X7/8,2L,,original
2L6X6X7/8 A36,2L,,augmented
2L 6 X 6 X 7/8,2L,,original
2L Shape 2L6X6X7/8,2L,,augmented
2L Shape-2L6X6X7/8,2L,,augmented
2L6X6X7/8 2L Shape,2L,,augmented
2L6X6X7/8 ASTM A36,2L,,augmented
2L6X6X7/8 LL Angle,2L,,augmented
LL Angle 2L6X6X7/8,2L,,augmented
2L6X6X7/8X3/8,2L,,original
2L 6X6X7/8X3/8,2L,,original
2L-6X6X7/8X3/8,2L,,augmented
2L_6X6X7/8X3/8,2L,,augmented
2L6 X 6X7/8X3/8,2L,,original
2L6X6X7/8X3/8 A36,2L,,augmented
2L 6 X 6 X 7/8 X 3/8,2L,,original
2L Shape 2L6X6X7/8X3/8,2L,,augmented
2L Shape-2L6X6X7/8X3/8,2L,,augmented
2L6X6X7/8X3/8 2L Shape,2L,,augmented
2L6X6X7/8X3/8 ASTM A36,2L,,augmented
2L6X6X7/8X3/8 LL Angle,2L,,augmented
LL Angle 2L6X6X7/8X3/8,2L,,augmented
2L6X6X7/8X3/4,2L,,original
2L 6X6X7/8X3/4,2L,,original
2L-6X6X7/8X3/4,2L,,augmented
2L_6X6X7/8X3/4,2L,,augmented
2L6 X 6X7/8X3/4,2L,,original
2L6X6X7/8X3/4 A36,2L,,augmented
2L 6 X 6 X 7/8 X 3/4,2L,,original
2L Shape 2L6X6X7/8X3/4,2L,,augmented
2L Shape-2L6X6X7/8X3/4,2L,,augmented
2L6X6X7/8X3/4 2L Shape,2L,,augmented
2L6X6X7/8X3/4 ASTM A36,2L,,augmented
2L6X6X7/8X3/4 LL Angle,2L,,augmented
LL Angle 2L6X6X7/8X3/4,2L,,augmented
2L6X6X3/4,2L,,original
2L 6X6X3/4,2L,,original
2L-6X6X3/4,2L,,augmented
2L_6X6X3/4,2L,,augmented
2L6 X 6X3/4,2L,,original
2L6X6X3/4 A36,2L,,augmented
2L 6 X 6 X 3/4,2L,,original
2L Shape 2L6X6X3/4,2L,,augmented
2L Shape-2L6X6X3/4,2L,,augmented
2L6X6X3/4 2L Shape,2L,,augmented
2L6X6X3/4 ASTM A36,2L,,augmented
2L6X6X3/4 LL Angle,2L,,augmented
LL Angle 2L6X6X3/4,2L,,augmented
2L6X6X3/4X3/8,2L,,original
2L 6X6X3/4X3/8,2L,,original
2L-6X6X3/4X3/8,2L,,augmented
2L_6X6X3/4X3/8,2L,,augmented
2L6 X 6X3/4X3/8,2L,,original
2L6X6X3/4X3/8 A36,2L,,augmented
2L 6 X 6 X 3/4 X 3/8,2L,,original
2L Shape 2L6X6X3/4X3/8,2L,,augmented
2L Shape-2L6X6X3/4X3/8,2L,,augmented
2L6X6X3/4X3/8 2L Shape,2L,,augmented
2L6X6X3/4X3/8 ASTM A36,2L,,augmented
2L6X6X3/4X3/8 LL Angle,2L,,augmented
LL Angle 2L6X6X3/4X3/8,2L,,augmented
2L6X6X3/4X3/4,2L,,original
2L 6X6X3/4X3/4,2L,,original
2L-6X6X3/4X3/4,2L,,augmented
2L_6X6X3/4X3/4,2L,,augmented
2L6 X 6X3/4X3/4,2L,,original
2L6X6X3/4X3/4 A36,2L,,augmented
2L 6 X 6 X 3/4 X 3/4,2L,,original
2L Shape 2L6X6X3/4X3/4,2L,,augmented
2L Shape-2L6X6X3/4X3/4,2L,,augmented
2L6X6X3/4X3/4 2L Shape,2L,,augmented
2L6X6X3/4X3/4 ASTM A36,2L,,augmented
2L6X6X3/4X3/4 LL Angle,2L,,augmented
LL Angle 2L6X6X3/4X3/4,2L,,augmented
2L6X6X5/8,2L,,original
2L 6X6X5/8,2L,,original
2L-6X6X5/8,2L,,augmented
2L_6X6X5/8,2L,,augmented
2L6 X 6X5/8,2L,,original
2L6X6X5/8 A36,2L,,augmented
2L 6 X 6 X 5/8,2L,,original
2L Shape 2L6X6X5/8,2L,,augmented
2L Shape-2L6X6X5/8,2L,,augmented
2L6X6X5/8 2L Shape,2L,,augmented
2L6X6X5/8 ASTM A36,2L,,augmented
2L6X6X5/8 LL Angle,2L,,augmented
LL Angle 2L6X6X5/8,2L,,augmented
2L6X6X5/8X3/8,2L,,original
2L 6X6X5/8X3/8,2L,,original
2L-6X6X5/8X3/8,2L,,augmented
2L_6X6X5/8X3/8,2L,,augmented
2L6 X 6X5/8X3/8,2L,,original
2L6X6X5/8X3/8 A36,2L,,augmented
2L 6 X 6 X 5/8 X 3/8,2L,,original
2L Shape 2L6X6X5/8X3/8,2L,,augmented
2L Shape-2L6X6X5/8X3/8,2L,,augmented
2L6X6X5/8X3/8 2L Shape,2L,,augmented
2L6X6X5/8X3/8 ASTM A36,2L,,augmented
2L6X6X5/8X3/8 LL Angle,2L,,augmented
LL Angle 2L6X6X5/8X3/8,2L,,augmented
2L6X6X5/8X3/4,2L,,original
2L 6X6X5/8X3/4,2L,,original
2L-6X6X5/8X3/4,2L,,augmented
2L_6X6X5/8X3/4,2L,,augmented
2L6 X 6X5/8X3/4,2L,,original
2L6X6X5/8X3/4 A36,2L,,augmented
2L 6 X 6 X 5/8 X 3/4,2L,,original
2L Shape 2L6X6X5/8X3/4,2L,,augmented
2L Shape-2L6X6X5/8X3/4,2L,,augmented
2L6X6X5/8X3/4 2L Shape,2L,,augmented
2L6X6X5/8X3/4 ASTM A36,2L,,augmented
2L6X6X5/8X3/4 LL Angle,2L,,augmented
LL Angle 2L6X6X5/8X3/4,2L,,augmented
2L6X6X9/16,2L,,original
2L 6X6X9/16,2L,,original
2L-6X6X9/16,2L,,augmented
2L_6X6X9/16,2L,,augmented
2L6 X 6X9/16,2L,,original
2L6X6X9/16 A36,2L,,augmented
2L 6 X 6 X 9/16,2L,,original
2L Shape 2L6X6X9/16,2L,,augmented
2L Shape-2L6X6X9/16,2L,,augmented
2L6X6X9/16 2L Shape,2L,,augmented
2L6X6X9/16 ASTM A36,2L,,augmented
2L6X6X9/16 LL Angle,2L,,augmented
LL Angle 2L6X6X9/16,2L,,augmented
2L6X6X9/16X3/8,2L,,original
2L 6X6X9/16X3/8,2L,,original
2L-6X6X9/16X3/8,2L,,augmented
2L_6X6X9/16X3/8,2L,,augmented
2L6 X 6X9/16X3/8,2L,,original
2L6X6X9/16X3/8 A36,2L,,augmented
2L 6 X 6 X 9/16 X 3/8,2L,,original
2L Shape 2L6X6X9/16X3/8,2L,,augmented
2L Shape-2L6X6X9/16X3/8,2L,,augmented
2L6X6X9/16X3/8 2L Shape,2L,,augmented
2L6X6X9/16X3/8 ASTM A36,2L,,augmented
2L6X6X9/16X3/8 LL Angle,2L,,augmented
LL Angle 2L6X6X9/16X3/8,2L,,augmented
2L6X6X9/16X3/4,2L,,original
2L 6X6X9/16X3/4,2L,,original
2L-6X6X9/16X3/4,2L,,augmented
2L_6X6X9/16X3/4,2L,,augmented
2L6 X 6X9/16X3/4,2L,,original
2L6X6X9/16X3/4 A36,2L,,augmented
2L 6 X 6 X 9/16 X 3/4,2L,,original
2L Shape 2L6X6X9/16X3/4,2L,,augmented
2L Shape-2L6X6X9/16X3/4,2L,,augmented
2L6X6X9/16X3/4 2L Shape,2L,,augmented
2L6X6X9/16X3/4 ASTM A36,2L,,augmented
2L6X6X9/16X3/4 LL Angle,2L,,augmented
LL Angle 2L6X6X9/16X3/4,2L,,augmented
2L6X6X1/2,2L,,original
2L 6X6X1/2,2L,,original
2L-6X6X1/2,2L,,augmented
2L_6X6X1/2,2L,,augmented
2L6 X 6X1/2,2L,,original
2L6X6X1/2 A36,2L,,augmented
2L 6 X 6 X 1/2,2L,,original
2L Shape 2L6X6X1/2,2L,,augmented
2L Shape-2L6X6X1/2,2L,,augmented
2L6X6X1/2 2L Shape,2L,,augmented
2L6X6X1/2 ASTM A36,2L,,augmented
2L6X6X1/2 LL Angle,2L,,augmented
LL Angle 2L6X6X1/2,2L,,augmented
2L6X6X1/2X3/8,2L,,original
2L 6X6X1/2X3/8,2L,,original
2L-6X6X1/2X3/8,2L,,augmented
2L_6X6X1/2X3/8,2L,,augmented
2L6 X 6X1/2X3/8,2L,,original
2L6X6X1/2X3/8 A36,2L,,augmented
2L 6 X 6 X 1/2 X 3/8,2L,,original
2L Shape 2L6X6X1/2X3/8,2L,,augmented
2L Shape-2L6X6X1/2X3/8,2L,,augmented
2L6X6X1/2X3/8 2L Shape,2L,,augmented
2L6X6X1/2X3/8 ASTM A36,2L,,augmented
2L6X6X1/2X3/8 LL Angle,2L,,augmented
LL Angle 2L6X6X1/2X3/8,2L,,augmented
2L6X6X1/2X3/4,2L,,original
2L 6X6X1/2X3/4,2L,,original
2L-6X6X1/2X3/4,2L,,augmented
2L_6X6X1/2X3/4,2L,,augmented
2L6 X 6X1/2X3/4,2L,,original
2L6X6X1/2X3/4 A36,2L,,augmented
2L 6 X 6 X 1/2 X 3/4,2L,,original
2L Shape 2L6X6X1/2X3/4,2L,,augmented
2L Shape-2L6X6X1/2X3/4,2L,,augmented
2L6X6X1/2X3/4 2L Shape,2L,,augmented
2L6X6X1/2X3/4 ASTM A36,2L,,augmented
2L6X6X1/2X3/4 LL Angle,2L,,augmented
LL Angle 2L6X6X1/2X3/4,2L,,augmented
2L6X6X7/16,2L,,original
2L 6X6X7/16,2L,,original
2L-6X6X7/16,2L,,augmented
2L_6X6X7/16,2L,,augmented
2L6 X 6X7/16,2L,,original
2L6X6X7/16 A36,2L,,augmented
2L 6 X 6 X 7/16,2L,,original
2L Shape 2L6X6X7/16,2L,,augmented
2L Shape-2L6X6X7/16,2L,,augmented
2L6X6X7/16 2L Shape,2L,,augmented
2L6X6X7/16 ASTM A36,2L,,augmented
2L6X6X7/16 LL Angle,2L,,augmented
LL Angle 2L6X6X7/16,2L,,augmented
2L6X6X7/16X3/8,2L,,original
2L 6X6X7/16X3/8,2L,,original
2L-6X6X7/16X3/8,2L,,augmented
2L_6X6X7/16X3/8,2L,,augmented
2L6 X 6X7/16X3/8,2L,,original
2L6X6X7/16X3/8 A36,2L,,augmented
2L 6 X 6 X 7/16 X 3/8,2L,,original
2L Shape 2L6X6X7/16X3/8,2L,,augmented
2L Shape-2L6X6X7/16X3/8,2L,,augmented
2L6X6X7/16X3/8 2L Shape,2L,,augmented
2L6X6X7/16X3/8 ASTM A36,2L,,augmented
2L6X6X7/16X3/8 LL Angle,2L,,augmented
LL Angle 2L6X6X7/16X3/8,2L,,augmented
2L6X6X7/16X3/4,2L,,original
2L 6X6X7/16X3/4,2L,,original
2L-6X6X7/16X3/4,2L,,augmented
2L_6X6X7/16X3/4,2L,,augmented
2L6 X 6X7/16X3/4,2L,,original
2L6X6X7/16X3/4 A36,2L,,augmented
2L 6 X 6 X 7/16 X 3/4,2L,,original
2L Shape 2L6X6X7/16X3/4,2L,,augmented
2L Shape-2L6X6X7/16X3/4,2L,,augmented
2L6X6X7/16X3/4 2L Shape,2L,,augmented
2L6X6X7/16X3/4 ASTM A36,2L,,augmented
2L6X6X7/16X3/4 LL Angle,2L,,augmented
LL Angle 2L6X6X7/16X3/4,2L,,augmented
2L6X6X3/8,2L,,original
2L 6X6X3/8,2L,,original
2L-6X6X3/8,2L,,augmented
2L_6X6X3/8,2L,,augmented
2L6 X 6X3/8,2L,,original
2L6X6X3/8 A36,2L,,augmented
2L 6 X 6 X 3/8,2L,,original
2L Shape 2L6X6X3/8,2L,,augmented
2L Shape-2L6X6X3/8,2L,,augmented
2L6X6X3/8 2L Shape,2L,,augmented
2L6X6X3/8 ASTM A36,2L,,augmented
2L6X6X3/8 LL Angle,2L,,augmented
LL Angle 2L6X6X3/8,2L,,augmented
2L6X6X3/8X3/8,2L,,original
2L 6X6X3/8X3/8,2L,,original
2L-6X6X3/8X3/8,2L,,augmented
2L_6X6X3/8X3/8,2L,,augmented
2L6 X 6X3/8X3/8,2L,,original
2L6X6X3/8X3/8 A36,2L,,augmented
2L 6 X 6 X 3/8 X 3/8,2L,,original
2L Shape 2L6X6X3/8X3/8,2L,,augmented
2L Shape-2L6X6X3/8X3/8,2L,,augmented
2L6X6X3/8X3/8 2L Shape,2L,,augmented
2L6X6X3/8X3/8 ASTM A36,2L,,augmented
2L6X6X3/8X3/8 LL Angle,2L,,augmented
LL Angle 2L6X6X3/8X3/8,2L,,augmented
2L6X6X3/8X3/4,2L,,original
2L 6X6X3/8X3/4,2L,,original
2L-6X6X3/8X3/4,2L,,augmented
2L_6X6X3/8X3/4,2L,,augmented
2L6 X 6X3/8X3/4,2L,,original
2L6X6X3/8X3/4 A36,2L,,augmented
2L 6 X 6 X 3/8 X 3/4,2L,,original
2L Shape 2L6X6X3/8X3/4,2L,,augmented
2L Shape-2L6X6X3/8X3/4,2L,,augmented
2L6X6X3/8X3/4 2L Shape,2L,,augmented
2L6X6X3/8X3/4 ASTM A36,2L,,augmented
2L6X6X3/8X3/4 LL Angle,2L,,augmented
LL Angle 2L6X6X3/8X3/4,2L,,augmented
2L6X6X5/16,2L,,original
2L 6X6X5/16,2L,,original
2L-6X6X5/16,2L,,augmented
2L_6X6X5/16,2L,,augmented
2L6 X 6X5/16,2L,,original
2L6X6X5/16 A36,2L,,augmented
2L 6 X 6 X 5/16,2L,,original
2L Shape 2L6X6X5/16,2L,,augmented
2L Shape-2L6X6X5/16,2L,,augmented
2L6X6X5/16 2L Shape,2L,,augmented
2L6X6X5/16 ASTM A36,2L,,augmented
2L6X6X5/16 LL Angle,2L,,augmented
LL Angle 2L6X6X5/16,2L,,augmented
2L6X6X5/16X3/8,2L,,original
2L 6X6X5/16X3/8,2L,,original
2L-6X6X5/16X3/8,2L,,augmented
2L_6X6X5/16X3/8,2L,,augmented
2L6 X 6X5/16X3/8,2L,,original
2L6X6X5/16X3/8 A36,2L,,augmented
2L 6 X 6 X 5/16 X 3/8,2L,,original
2L Shape 2L6X6X5/16X3/8,2L,,augmented
2L Shape-2L6X6X5/16X3/8,2L,,augmented
2L6X6X5/16X3/8 2L Shape,2L,,augmented
2L6X6X5/16X3/8 ASTM A36,2L,,augmented
2L6X6X5/16X3/8 LL Angle,2L,,augmented
LL Angle 2L6X6X5/16X3/8,2L,,augmented
2L6X6X5/16X3/4,2L,,original
2L 6X6X5/16X3/4,2L,,original
2L-6X6X5/16X3/4,2L,,augmented
2L_6X6X5/16X3/4,2L,,augmented
2L6 X 6X5/16X3/4,2L,,original
2L6X6X5/16X3/4 A36,2L,,augmented
2L 6 X 6 X 5/16 X 3/4,2L,,original
2L Shape 2L6X6X5/16X3/4,2L,,augmented
2L Shape-2L6X6X5/16X3/4,2L,,augmented
2L6X6X5/16X3/4 2L Shape,2L,,augmented
2L6X6X5/16X3/4 ASTM A36,2L,,augmented
2L6X6X5/16X3/4 LL Angle,2L,,augmented
LL Angle 2L6X6X5/16X3/4,2L,,augmented
2L5X5X7/8,2L,,original
2L 5X5X7/8,2L,,original
2L-5X5X7/8,2L,,augmented
2L_5X5X7/8,2L,,augmented
2L5 X 5X7/8,2L,,original
2L5X5X7/8 A36,2L,,augmented
2L 5 X 5 X 7/8,2L,,original
2L Shape 2L5X5X7/8,2L,,augmented
2L Shape-2L5X5X7/8,2L,,augmented
2L5X5X7/8 2L Shape,2L,,augmented
2L5X5X7/8 ASTM A36,2L,,augmented
2L5X5X7/8 LL Angle,2L,,augmented
LL Angle 2L5X5X7/8,2L,,augmented
2L5X5X7/8X3/8,2L,,original
2L 5X5X7/8X3/8,2L,,original
2L-5X5X7/8X3/8,2L,,augmented
2L_5X5X7/8X3/8,2L,,augmented
2L5 X 5X7/8X3/8,2L,,original
2L5X5X7/8X3/8 A36,2L,,augmented
2L 5 X 5 X 7/8 X 3/8,2L,,original
2L Shape 2L5X5X7/8X3/8,2L,,augmented
2L Shape-2L5X5X7/8X3/8,2L,,augmented
2L5X5X7/8X3/8 2L Shape,2L,,augmented
2L5X5X7/8X3/8 ASTM A36,2L,,augmented
2L5X5X7/8X3/8 LL Angle,2L,,augmented
LL Angle 2L5X5X7/8X3/8,2L,,augmented
2L5X5X7/8X3/4,2L,,original
2L 5X5X7/8X3/4,2L,,original
2L-5X5X7/8X3/4,2L,,augmented
2L_5X5X7/8X3/4,2L,,augmented
2L5 X 5X7/8X3/4,2L,,original
2L5X5X7/8X3/4 A36,2L,,augmented
2L 5 X 5 X 7/8 X 3/4,2L,,original
2L Shape 2L5X5X7/8X3/4,2L,,augmented
2L Shape-2L5X5X7/8X3/4,2L,,augmented
2L5X5X7/8X3/4 2L Shape,2L,,augmented
2L5X5X7/8X3/4 ASTM A36,2L,,augmented
2L5X5X7/8X3/4 LL Angle,2L,,augmented
LL Angle 2L5X5X7/8X3/4,2L,,augmented
2L5X5X3/4,2L,,original
2L 5X5X3/4,2L,,original
2L-5X5X3/4,2L,,augmented
2L_5X5X3/4,2L,,augmented
2L5 X 5X3/4,2L,,original
2L5X5X3/4 A36,2L,,augmented
2L 5 X 5 X 3/4,2L,,original
2L Shape 2L5X5X3/4,2L,,augmented
2L Shape-2L5X5X3/4,2L,,augmented
2L5X5X3/4 2L Shape,2L,,augmented
2L5X5X3/4 ASTM A36,2L,,augmented
2L5X5X3/4 LL Angle,2L,,augmented
LL Angle 2L5X5X3/4,2L,,augmented
2L5X5X3/4X3/8,2L,,original
2L 5X5X3/4X3/8,2L,,original
2L-5X5X3/4X3/8,2L,,augmented
2L_5X5X3/4X3/8,2L,,augmented
2L5 X 5X3/4X3/8,2L,,original
2L5X5X3/4X3/8 A36,2L,,augmented
2L 5 X 5 X 3/4 X 3/8,2L,,original
2L Shape 2L5X5X3/4X3/8,2L,,augmented
2L Shape-2L5X5X3/4X3/8,2L,,augmented
2L5X5X3/4X3/8 2L Shape,2L,,augmented
2L5X5X3/4X3/8 ASTM A36,2L,,augmented
2L5X5X3/4X3/8 LL Angle,2L,,augmented
LL Angle 2L5X5X3/4X3/8,2L,,augmented
2L5X5X3/4X3/4,2L,,original
2L 5X5X3/4X3/4,2L,,original
2L-5X5X3/4X3/4,2L,,augmented
2L_5X5X3/4X3/4,2L,,augmented
2L5 X 5X3/4X3/4,2L,,original
2L5X5X3/4X3/4 A36,2L,,augmented
2L 5 X 5 X 3/4 X 3/4,2L,,original
2L Shape 2L5X5X3/4X3/4,2L,,augmented
2L Shape-2L5X5X3/4X3/4,2L,,augmented
2L5X5X3/4X3/4 2L Shape,2L,,augmented
2L5X5X3/4X3/4 ASTM A36,2L,,augmented
2L5X5X3/4X3/4 LL Angle,2L,,augmented
LL Angle 2L5X5X3/4X3/4,2L,,augmented
2L5X5X5/8,2L,,original
2L 5X5X5/8,2L,,original
2L-5X5X5/8,2L,,augmented
2L_5X5X5/8,2L,,augmented
2L5 X 5X5/8,2L,,original
2L5X5X5/8 A36,2L,,augmented
2L 5 X 5 X 5/8,2L,,original
2L Shape 2L5X5X5/8,2L,,augmented
2L Shape-2L5X5X5/8,2L,,augmented
2L5X5X5/8 2L Shape,2L,,augmented
2L5X5X5/8 ASTM A36,2L,,augmented
2L5X5X5/8 LL Angle,2L,,augmented
LL Angle 2L5X5X5/8,2L,,augmented
2L5X5X5/8X3/8,2L,,original
2L 5X5X5/8X3/8,2L,,original
2L-5X5X5/8X3/8,2L,,augmented
2L_5X5X5/8X3/8,2L,,augmented
2L5 X 5X5/8X3/8,2L,,original
2L5X5X5/8X3/8 A36,2L,,augmented
2L 5 X 5 X 5/8 X 3/8,2L,,original
2L Shape 2L5X5X5/8X3/8,2L,,augmented
2L Shape-2L5X5X5/8X3/8,2L,,augmented
2L5X5X5/8X3/8 2L Shape,2L,,augmented
2L5X5X5/8X3/8 ASTM A36,2L,,augmented
2L5X5X5/8X3/8 LL Angle,2L,,augmented
LL Angle 2L5X5X5/8X3/8,2L,,augmented
2L5X5X5/8X3/4,2L,,original
2L 5X5X5/8X3/4,2L,,original
2L-5X5X5/8X3/4,2L,,augmented
2L_5X5X5/8X3/4,2L,,augmented
2L5 X 5X5/8X3/4,2L,,original
2L5X5X5/8X3/4 A36,2L,,augmented
2L 5 X 5 X 5/8 X 3/4,2L,,original
2L Shape 2L5X5X5/8X3/4,2L,,augmented
2L Shape-2L5X5X5/8X3/4,2L,,augmented
2L5X5X5/8X3/4 2L Shape,2L,,augmented
2L5X5X5/8X3/4 ASTM A36,2L,,augmented
2L5X5X5/8X3/4 LL Angle,2L,,augmented
LL Angle 2L5X5X5/8X3/4,2L,,augmented
2L5X5X1/2,2L,,original
2L 5X5X1/2,2L,,original
2L-5X5X1/2,2L,,augmented
2L_5X5X1/2,2L,,augmented
2L5 X 5X1/2,2L,,original
2L5X5X1/2 A36,2L,,augmented
2L 5 X 5 X 1/2,2L,,original
2L Shape 2L5X5X1/2,2L,,augmented
2L Shape-2L5X5X1/2,2L,,augmented
2L5X5X1/2 2L Shape,2L,,augmented
2L5X5X1/2 ASTM A36,2L,,augmented
2L5X5X1/2 LL Angle,2L,,augmented
LL Angle 2L5X5X1/2,2L,,augmented
2L5X5X1/2X3/8,2L,,original
2L 5X5X1/2X3/8,2L,,original
2L-5X5X1/2X3/8,2L,,augmented
2L_5X5X1/2X3/8,2L,,augmented
2L5 X 5X1/2X3/8,2L,,original
2L5X5X1/2X3/8 A36,2L,,augmented
2L 5 X 5 X 1/2 X 3/8,2L,,original
2L Shape 2L5X5X1/2X3/8,2L,,augmented
2L Shape-2L5X5X1/2X3/8,2L,,augmented
2L5X5X1/2X3/8 2L Shape,2L,,augmented
2L5X5X1/2X3/8 ASTM A36,2L,,augmented
2L5X5X1/2X3/8 LL Angle,2L,,augmented
LL Angle 2L5X5X1/2X3/8,2L,,augmented
2L5X5X1/2X3/4,2L,,original
2L 5X5X1/2X3/4,2L,,original
2L-5X5X1/2X3/4,2L,,augmented
2L_5X5X1/2X3/4,2L,,augmented
2L5 X 5X1/2X3/4,2L,,original
2L5X5X1/2X3/4 A36,2L,,augmented
2L 5 X 5 X 1/2 X 3/4,2L,,original
2L Shape 2L5X5X1/2X3/4,2L,,augmented
2L Shape-2L5X5X1/2X3/4,2L,,augmented
2L5X5X1/2X3/4 2L Shape,2L,,augmented
2L5X5X1/2X3/4 ASTM A36,2L,,augmented
2L5X5X1/2X3/4 LL Angle,2L,,augmented
LL Angle 2L5X5X1/2X3/4,2L,,augmented
2L5X5X7/16,2L,,original
2L 5X5X7/16,2L,,original
2L-5X5X7/16,2L,,augmented
2L_5X5X7/16,2L,,augmented
2L5 X 5X7/16,2L,,original
2L5X5X7/16 A36,2L,,augmented
2L 5 X 5 X 7/16,2L,,original
2L Shape 2L5X5X7/16,2L,,augmented
2L Shape-2L5X5X7/16,2L,,augmented
2L5X5X7/16 2L Shape,2L,,augmented
2L5X5X7/16 ASTM A36,2L,,augmented
2L5X5X7/16 LL Angle,2L,,augmented
LL Angle 2L5X5X7/16,2L,,augmented
2L5X5X7/16X3/8,2L,,original
2L 5X5X7/16X3/8,2L,,original
2L-5X5X7/16X3/8,2L,,augmented
2L_5X5X7/16X3/8,2L,,augmented
2L5 X 5X7/16X3/8,2L,,original
2L5X5X7/16X3/8 A36,2L,,augmented
2L 5 X 5 X 7/16 X 3/8,2L,,original
2L Shape 2L5X5X7/16X3/8,2L,,augmented
2L Shape-2L5X5X7/16X3/8,2L,,augmented
2L5X5X7/16X3/8 2L Shape,2L,,augmented
2L5X5X7/16X3/8 ASTM A36,2L,,augmented
2L5X5X7/16X3/8 LL Angle,2L,,augmented
LL Angle 2L5X5X7/16X3/8,2L,,augmented
2L5X5X7/16X3/4,2L,,original
2L 5X5X7/16X3/4,2L,,original
2L-5X5X7/16X3/4,2L,,augmented
2L_5X5X7/16X3/4,2L,,augmented
2L5 X 5X7/16X3/4,2L,,original
2L5X5X7/16X3/4 A36,2L,,augmented
2L 5 X 5 X 7/16 X 3/4,2L,,original
2L Shape 2L5X5X7/16X3/4,2L,,augmented
2L Shape-2L5X5X7/16X3/4,2L,,augmented
2L5X5X7/16X3/4 2L Shape,2L,,augmented
2L5X5X7/16X3/4 ASTM A36,2L,,augmented
2L5X5X7/16X3/4 LL Angle,2L,,augmented
LL Angle 2L5X5X7/16X3/4,2L,,augmented
2L5X5X3/8,2L,,original
2L 5X5X3/8,2L,,original
2L-5X5X3/8,2L,,augmented
2L_5X5X3/8,2L,,augmented
2L5 X 5X3/8,2L,,original
2L5X5X3/8 A36,2L,,augmented
2L 5 X 5 X 3/8,2L,,original
2L Shape 2L5X5X3/8,2L,,augmented
2L Shape-2L5X5X3/8,2L,,augmented
2L5X5X3/8 2L Shape,2L,,augmented
2L5X5X3/8 ASTM A36,2L,,augmented
2L5X5X3/8 LL Angle,2L,,augmented
LL Angle 2L5X5X3/8,2L,,augmented
2L5X5X3/8X3/8,2L,,original
2L 5X5X3/8X3/8,2L,,original
2L-5X5X3/8X3/8,2L,,augmented
2L_5X5X3/8X3/8,2L,,augmented
2L5 X 5X3/8X3/8,2L,,original
2L5X5X3/8X3/8 A36,2L,,augmented
2L 5 X 5 X 3/8 X 3/8,2L,,original
2L Shape 2L5X5X3/8X3/8,2L,,augmented
2L Shape-2L5X5X3/8X3/8,2L,,augmented
2L5X5X3/8X3/8 2L Shape,2L,,augmented
2L5X5X3/8X3/8 ASTM A36,2L,,augmented
2L5X5X3/8X3/8 LL Angle,2L,,augmented
LL Angle 2L5X5X3/8X3/8,2L,,augmented
2L5X5X3/8X3/4,2L,,original
2L 5X5X3/8X3/4,2L,,original
2L-5X5X3/8X3/4,2L,,augmented
2L_5X5X3/8X3/4,2L,,augmented
2L5 X 5X3/8X3/4,2L,,original
2L5X5X3/8X3/4 A36,2L,,augmented
2L 5 X 5 X 3/8 X 3/4,2L,,original
2L Shape 2L5X5X3/8X3/4,2L,,augmented
2L Shape-2L5X5X3/8X3/4,2L,,augmented
2L5X5X3/8X3/4 2L Shape,2L,,augmented
2L5X5X3/8X3/4 ASTM A36,2L,,augmented
2L5X5X3/8X3/4 LL Angle,2L,,augmented
LL Angle 2L5X5X3/8X3/4,2L,,augmented
2L5X5X5/16,2L,,original
2L 5X5X5/16,2L,,original
2L-5X5X5/16,2L,,augmented
2L_5X5X5/16,2L,,augmented
2L5 X 5X5/16,2L,,original
2L5X5X5/16 A36,2L,,augmented
2L 5 X 5 X 5/16,2L,,original
2L Shape 2L5X5X5/16,2L,,augmented
2L Shape-2L5X5X5/16,2L,,augmented
2L5X5X5/16 2L Shape,2L,,augmented
2L5X5X5/16 ASTM A36,2L,,augmented
2L5X5X5/16 LL Angle,2L,,augmented
LL Angle 2L5X5X5/16,2L,,augmented
2L5X5X5/16X3/8,2L,,original
2L 5X5X5/16X3/8,2L,,original
2L-5X5X5/16X3/8,2L,,augmented
2L_5X5X5/16X3/8,2L,,augmented
2L5 X 5X5/16X3/8,2L,,original
2L5X5X5/16X3/8 A36,2L,,augmented
2L 5 X 5 X 5/16 X 3/8,2L,,original
2L Shape 2L5X5X5/16X3/8,2L,,augmented
2L Shape-2L5X5X5/16X3/8,2L,,augmented
2L5X5X5/16X3/8 2L Shape,2L,,augmented
2L5X5X5/16X3/8 ASTM A36,2L,,augmented
2L5X5X5/16X3/8 LL Angle,2L,,augmented
LL Angle 2L5X5X5/16X3/8,2L,,augmented
2L5X5X5/16X3/4,2L,,original
2L 5X5X5/16X3/4,2L,,original
2L-5X5X5/16X3/4,2L,,augmented
2L_5X5X5/16X3/4,2L,,augmented
2L5 X 5X5/16X3/4,2L,,original
2L5X5X5/16X3/4 A36,2L,,augmented
2L 5 X 5 X 5/16 X 3/4,2L,,original
2L Shape 2L5X5X5/16X3/4,2L,,augmented
2L Shape-2L5X5X5/16X3/4,2L,,augmented
2L5X5X5/16X3/4 2L Shape,2L,,augmented
2L5X5X5/16X3/4 ASTM A36,2L,,augmented
2L5X5X5/16X3/4 LL Angle,2L,,augmented
LL Angle 2L5X5X5/16X3/4,2L,,augmented
2L4X4X3/4,2L,,original
2L 4X4X3/4,2L,,original
2L-4X4X3/4,2L,,augmented
2L_4X4X3/4,2L,,augmented
2L4 X 4X3/4,2L,,original
2L4X4X3/4 A36,2L,,augmented
2L 4 X 4 X 3/4,2L,,original
2L Shape 2L4X4X3/4,2L,,augmented
2L Shape-2L4X4X3/4,2L,,augmented
2L4X4X3/4 2L Shape,2L,,augmented
2L4X4X3/4 ASTM A36,2L,,augmented
2L4X4X3/4 LL Angle,2L,,augmented
LL Angle 2L4X4X3/4,2L,,augmented
2L4X4X3/4X3/8,2L,,original
2L 4X4X3/4X3/8,2L,,original
2L-4X4X3/4X3/8,2L,,augmented
2L_4X4X3/4X3/8,2L,,augmented
2L4 X 4X3/4X3/8,2L,,original
2L4X4X3/4X3/8 A36,2L,,augmented
2L 4 X 4 X 3/4 X 3/8,2L,,original
2L Shape 2L4X4X3/4X3/8,2L,,augmented
2L Shape-2L4X4X3/4X3/8,2L,,augmented
2L4X4X3/4X3/8 2L Shape,2L,,augmented
2L4X4X3/4X3/8 ASTM A36,2L,,augmented
2L4X4X3/4X3/8 LL Angle,2L,,augmented
LL Angle 2L4X4X3/4X3/8,2L,,augmented
2L4X4X3/4X3/4,2L,,original
2L 4X4X3/4X3/4,2L,,original
2L-4X4X3/4X3/4,2L,,augmented
2L_4X4X3/4X3/4,2L,,augmented
2L4 X 4X3/4X3/4,2L,,original
2L4X4X3/4X3/4 A36,2L,,augmented
2L 4 X 4 X 3/4 X 3/4,2L,,original
2L Shape 2L4X4X3/4X3/4,2L,,augmented
2L Shape-2L4X4X3/4X3/4,2L,,augmented
2L4X4X3/4X3/4 2L Shape,2L,,augmented
2L4X4X3/4X3/4 ASTM A36,2L,,augmented
2L4X4X3/4X3/4 LL Angle,2L,,augmented
LL Angle 2L4X4X3/4X3/4,2L,,augmented
2L4X4X5/8,2L,,original
2L 4X4X5/8,2L,,original
2L-4X4X5/8,2L,,augmented
2L_4X4X5/8,2L,,augmented
2L4 X 4X5/8,2L,,original
2L4X4X5/8 A36,2L,,augmented
2L 4 X 4 X 5/8,2L,,original
2L Shape 2L4X4X5/8,2L,,augmented
2L Shape-2L4X4X5/8,2L,,augmented
2L4X4X5/8 2L Shape,2L,,augmented
2L4X4X5/8 ASTM A36,2L,,augmented
2L4X4X5/8 LL Angle,2L,,augmented
LL Angle 2L4X4X5/8,2L,,augmented
2L4X4X5/8X3/8,2L,,original
2L 4X4X5/8X3/8,2L,,original
2L-4X4X5/8X3/8,2L,,augmented
2L_4X4X5/8X3/8,2L,,augmented
2L4 X 4X5/8X3/8,2L,,original
2L4X4X5/8X3/8 A36,2L,,augmented
2L 4 X 4 X 5/8 X 3/8,2L,,original
2L Shape 2L4X4X5/8X3/8,2L,,augmented
2L Shape-2L4X4X5/8X3/8,2L,,augmented
2L4X4X5/8X3/8 2L Shape,2L,,augmented
2L4X4X5/8X3/8 ASTM A36,2L,,augmented
2L4X4X5/8X3/8 LL Angle,2L,,augmented
LL Angle 2L4X4X5/8X3/8,2L,,augmented
2L4X4X5/8X3/4,2L,,original
2L 4X4X5/8X3/4,2L,,original
2L-4X4X5/8X3/4,2L,,augmented
2L_4X4X5/8X3/4,2L,,augmented
2L4 X 4X5/8X3/4,2L,,original
2L4X4X5/8X3/4 A36,2L,,augmented
2L 4 X 4 X 5/8 X 3/4,2L,,original
2L Shape 2L4X4X5/8X3/4,2L,,augmented
2L Shape-2L4X4X5/8X3/4,2L,,augmented
2L4X4X5/8X3/4 2L Shape,2L,,augmented
2L4X4X5/8X3/4 ASTM A36,2L,,augmented
2L4X4X5/8X3/4 LL Angle,2L,,augmented
LL Angle 2L4X4X5/8X3/4,2L,,augmented
2L4X4X1/2,2L,,original
2L 4X4X1/2,2L,,original
2L-4X4X1/2,2L,,augmented
2L_4X4X1/2,2L,,augmented
2L4 X 4X1/2,2L,,original
2L4X4X1/2 A36,2L,,augmented
2L 4 X 4 X 1/2,2L,,original
2L Shape 2L4X4X1/2,2L,,augmented
2L Shape-2L4X4X1/2,2L,,augmented
2L4X4X1/2 2L Shape,2L,,augmented
2L4X4X1/2 ASTM A36,2L,,augmented
2L4X4X1/2 LL Angle,2L,,augmented
LL Angle 2L4X4X1/2,2L,,augmented
2L4X4X1/2X3/8,2L,,original
2L 4X4X1/2X3/8,2L,,original
2L-4X4X1/2X3/8,2L,,augmented
2L_4X4X1/2X3/8,2L,,augmented
2L4 X 4X1/2X3/8,2L,,original
2L4X4X1/2X3/8 A36,2L,,augmented
2L 4 X 4 X 1/2 X 3/8,2L,,original
2L Shape 2L4X4X1/2X3/8,2L,,augmented
2L Shape-2L4X4X1/2X3/8,2L,,augmented
2L4X4X1/2X3/8 2L Shape,2L,,augmented
2L4X4X1/2X3/8 ASTM A36,2L,,augmented
2L4X4X1/2X3/8 LL Angle,2L,,augmented
LL Angle 2L4X4X1/2X3/8,2L,,augmented
2L4X4X1/2X3/4,2L,,original
2L 4X4X1/2X3/4,2L,,original
2L-4X4X1/2X3/4,2L,,augmented
2L_4X4X1/2X3/4,2L,,augmented
2L4 X 4X1/2X3/4,2L,,original
2L4X4X1/2X3/4 A36,2L,,augmented
2L 4 X 4 X 1/2 X 3/4,2L,,original
2L Shape 2L4X4X1/2X3/4,2L,,augmented
2L Shape-2L4X4X1/2X3/4,2L,,augmented
2L4X4X1/2X3/4 2L Shape,2L,,augmented
2L4X4X1/2X3/4 ASTM A36,2L,,augmented
2L4X4X1/2X3/4 LL Angle,2L,,augmented
LL Angle 2L4X4X1/2X3/4,2L,,augmented
2L4X4X7/16,2L,,original
2L 4X4X7/16,2L,,original
2L-4X4X7/16,2L,,augmented
2L_4X4X7/16,2L,,augmented
2L4 X 4X7/16,2L,,original
2L4X4X7/16 A36,2L,,augmented
2L 4 X 4 X 7/16,2L,,original
2L Shape 2L4X4X7/16,2L,,augmented
2L Shape-2L4X4X7/16,2L,,augmented
2L4X4X7/16 2L Shape,2L,,augmented
2L4X4X7/16 ASTM A36,2L,,augmented
2L4X4X7/16 LL Angle,2L,,augmented
LL Angle 2L4X4X7/16,2L,,augmented
2L4X4X7/16X3/8,2L,,original
2L 4X4X7/16X3/8,2L,,original
2L-4X4X7/16X3/8,2L,,augmented
2L_4X4X7/16X3/8,2L,,augmented
2L4 X 4X7/16X3/8,2L,,original
2L4X4X7/16X3/8 A36,2L,,augmented
2L 4 X 4 X 7/16 X 3/8,2L,,original
2L Shape 2L4X4X7/16X3/8,2L,,augmented
2L Shape-2L4X4X7/16X3/8,2L,,augmented
2L4X4X7/16X3/8 2L Shape,2L,,augmented
2L4X4X7/16X3/8 ASTM A36,2L,,augmented
2L4X4X7/16X3/8 LL Angle,2L,,augmented
LL Angle 2L4X4X7/16X3/8,2L,,augmented
2L4X4X7/16X3/4,2L,,original
2L 4X4X7/16X3/4,2L,,original
2L-4X4X7/16X3/4,2L,,augmented
2L_4X4X7/16X3/4,2L,,augmented
2L4 X 4X7/16X3/4,2L,,original
2L4X4X7/16X3/4 A36,2L,,augmented
2L 4 X 4 X 7/16 X 3/4,2L,,original
2L Shape 2L4X4X7/16X3/4,2L,,augmented
2L Shape-2L4X4X7/16X3/4,2L,,augmented
2L4X4X7/16X3/4 2L Shape,2L,,augmented
2L4X4X7/16X3/4 ASTM A36,2L,,augmented
2L4X4X7/16X3/4 LL Angle,2L,,augmented
LL Angle 2L4X4X7/16X3/4,2L,,augmented
2L4X4X3/8,2L,,original
2L 4X4X3/8,2L,,original
2L-4X4X3/8,2L,,augmented
2L_4X4X3/8,2L,,augmented
2L4 X 4X3/8,2L,,original
2L4X4X3/8 A36,2L,,augmented
2L 4 X 4 X 3/8,2L,,original
2L Shape 2L4X4X3/8,2L,,augmented
2L Shape-2L4X4X3/8,2L,,augmented
2L4X4X3/8 2L Shape,2L,,augmented
2L4X4X3/8 ASTM A36,2L,,augmented
2L4X4X3/8 LL Angle,2L,,augmented
LL Angle 2L4X4X3/8,2L,,augmented
2L4X4X3/8X3/8,2L,,original
2L 4X4X3/8X3/8,2L,,original
2L-4X4X3/8X3/8,2L,,augmented
2L_4X4X3/8X3/8,2L,,augmented
2L4 X 4X3/8X3/8,2L,,original
2L4X4X3/8X3/8 A36,2L,,augmented
2L 4 X 4 X 3/8 X 3/8,2L,,original
2L Shape 2L4X4X3/8X3/8,2L,,augmented
2L Shape-2L4X4X3/8X3/8,2L,,augmented
2L4X4X3/8X3/8 2L Shape,2L,,augmented
2L4X4X3/8X3/8 ASTM A36,2L,,augmented
2L4X4X3/8X3/8 LL Angle,2L,,augmented
LL Angle 2L4X4X3/8X3/8,2L,,augmented
2L4X4X3/8X3/4,2L,,original
2L 4X4X3/8X3/4,2L,,original
2L-4X4X3/8X3/4,2L,,augmented
2L_4X4X3/8X3/4,2L,,augmented
2L4 X 4X3/8X3/4,2L,,original
2L4X4X3/8X3/4 A36,2L,,augmented
2L 4 X 4 X 3/8 X 3/4,2L,,original
2L Shape 2L4X4X3/8X3/4,2L,,augmented
2L Shape-2L4X4X3/8X3/4,2L,,augmented
2L4X4X3/8X3/4 2L Shape,2L,,augmented
2L4X4X3/8X3/4 ASTM A36,2L,,augmented
2L4X4X3/8X3/4 LL Angle,2L,,augmented
LL Angle 2L4X4X3/8X3/4,2L,,augmented
2L4X4X5/16,2L,,original
2L 4X4X5/16,2L,,original
2L-4X4X5/16,2L,,augmented
2L_4X4X5/16,2L,,augmented
2L4 X 4X5/16,2L,,original
2L4X4X5/16 A36,2L,,augmented
2L 4 X 4 X 5/16,2L,,original
2L Shape 2L4X4X5/16,2L,,augmented
2L Shape-2L4X4X5/16,2L,,augmented
2L4X4X5/16 2L Shape,2L,,augmented
2L4X4X5/16 ASTM A36,2L,,augmented
2L4X4X5/16 LL Angle,2L,,augmented
LL Angle 2L4X4X5/16,2L,,augmented
2L4X4X5/16X3/8,2L,,original
2L 4X4X5/16X3/8,2L,,original
2L-4X4X5/16X3/8,2L,,augmented
2L_4X4X5/16X3/8,2L,,augmented
2L4 X 4X5/16X3/8,2L,,original
2L4X4X5/16X3/8 A36,2L,,augmented
2L 4 X 4 X 5/16 X 3/8,2L,,original
2L Shape 2L4X4X5/16X3/8,2L,,augmented
2L Shape-2L4X4X5/16X3/8,2L,,augmented
2L4X4X5/16X3/8 2L Shape,2L,,augmented
2L4X4X5/16X3/8 ASTM A36,2L,,augmented
2L4X4X5/16X3/8 LL Angle,2L,,augmented
LL Angle 2L4X4X5/16X3/8,2L,,augmented
2L4X4X5/16X3/4,2L,,original
2L 4X4X5/16X3/4,2L,,original
2L-4X4X5/16X3/4,2L,,augmented
2L_4X4X5/16X3/4,2L,,augmented
2L4 X 4X5/16X3/4,2L,,original
2L4X4X5/16X3/4 A36,2L,,augmented
2L 4 X 4 X 5/16 X 3/4,2L,,original
2L Shape 2L4X4X5/16X3/4,2L,,augmented
2L Shape-2L4X4X5/16X3/4,2L,,augmented
2L4X4X5/16X3/4 2L Shape,2L,,augmented
2L4X4X5/16X3/4 ASTM A36,2L,,augmented
2L4X4X5/16X3/4 LL Angle,2L,,augmented
LL Angle 2L4X4X5/16X3/4,2L,,augmented
2L4X4X1/4,2L,,original
2L 4X4X1/4,2L,,original
2L-4X4X1/4,2L,,augmented
2L_4X4X1/4,2L,,augmented
2L4 X 4X1/4,2L,,original
2L4X4X1/4 A36,2L,,augmented
2L 4 X 4 X 1/4,2L,,original
2L Shape 2L4X4X1/4,2L,,augmented
2L Shape-2L4X4X1/4,2L,,augmented
2L4X4X1/4 2L Shape,2L,,augmented
2L4X4X1/4 ASTM A36,2L,,augmented
2L4X4X1/4 LL Angle,2L,,augmented
LL Angle 2L4X4X1/4,2L,,augmented
2L4X4X1/4X3/8,2L,,original
2L 4X4X1/4X3/8,2L,,original
2L-4X4X1/4X3/8,2L,,augmented
2L_4X4X1/4X3/8,2L,,augmented
2L4 X 4X1/4X3/8,2L,,original
2L4X4X1/4X3/8 A36,2L,,augmented
2L 4 X 4 X 1/4 X 3/8,2L,,original
2L Shape 2L4X4X1/4X3/8,2L,,augmented
2L Shape-2L4X4X1/4X3/8,2L,,augmented
2L4X4X1/4X3/8 2L Shape,2L,,augmented
2L4X4X1/4X3/8 ASTM A36,2L,,augmented
2L4X4X1/4X3/8 LL Angle,2L,,augmented
LL Angle 2L4X4X1/4X3/8,2L,,augmented
2L4X4X1/4X3/4,2L,,original
2L 4X4X1/4X3/4,2L,,original
2L-4X4X1/4X3/4,2L,,augmented
2L_4X4X1/4X3/4,2L,,augmented
2L4 X 4X1/4X3/4,2L,,original
2L4X4X1/4X3/4 A36,2L,,augmented
2L 4 X 4 X 1/4 X 3/4,2L,,original
2L Shape 2L4X4X1/4X3/4,2L,,augmented
2L Shape-2L4X4X1/4X3/4,2L,,augmented
2L4X4X1/4X3/4 2L Shape,2L,,augmented
2L4X4X1/4X3/4 ASTM A36,2L,,augmented
2L4X4X1/4X3/4 LL Angle,2L,,augmented
LL Angle 2L4X4X1/4X3/4,2L,,augmented
2L3-1/2X3-1/2X1/2,2L,,original
2L 3-1/2X3-1/2X1/2,2L,,original
2L-3-1/2X3-1/2X1/2,2L,,augmented
2L_3-1/2X3-1/2X1/2,2L,,augmented
2L3-1/2 X 3-1/2X1/2,2L,,original
2L3-1/2X3-1/2X1/2 A36,2L,,augmented
2L 3-1/2 X 3-1/2 X 1/2,2L,,original
2L Shape 2L3-1/2X3-1/2X1/2,2L,,augmented
2L Shape-2L3-1/2X3-1/2X1/2,2L,,augmented
2L3-1/2X3-1/2X1/2 2L Shape,2L,,augmented
2L3-1/2X3-1/2X1/2 ASTM A36,2L,,augmented
2L3-1/2X3-1/2X1/2 LL Angle,2L,,augmented
LL Angle 2L3-1/2X3-1/2X1/2,2L,,augmented
2L3-1/2X3-1/2X1/2X3/8,2L,,original
2L 3-1/2X3-1/2X1/2X3/8,2L,,original
2L-3-1/2X3-1/2X1/2X3/8,2L,,augmented
2L_3-1/2X3-1/2X1/2X3/8,2L,,augmented
2L3-1/2 X 3-1/2X1/2X3/8,2L,,original
2L3-1/2X3-1/2X1/2X3/8 A36,2L,,augmented
2L 3-1/2 X 3-1/2 X 1/2 X 3/8,2L,,original
2L Shape 2L3-1/2X3-1/2X1/2X3/8,2L,,augmented
2L Shape-2L3-1/2X3-1/2X1/2X3/8,2L,,augmented
2L3-1/2X3-1/2X1/2X3/8 2L Shape,2L,,augmented
2L3-1/2X3-1/2X1/2X3/8 ASTM A36,2L,,augmented
2L3-1/2X3-1/2X1/2X3/8 LL Angle,2L,,augmented
LL Angle 2L3-1/2X3-1/2X1/2X3/8,2L,,augmented
2L3-1/2X3-1/2X1/2X3/4,2L,,original
2L 3-1/2X3-1/2X1/2X3/4,2L,,original
2L-3-1/2X3-1/2X1/2X3/4,2L,,augmented
2L_3-1/2X3-1/2X1/2X3/4,2L,,augmented
2L3-1/2 X 3-1/2X1/2X3/4,2L,,original
2L3-1/2X3-1/2X1/2X3/4 A36,2L,,augmented
2L 3-1/2 X 3-1/2 X 1/2 X 3/4,2L,,original
2L Shape 2L3-1/2X3-1/2X1/2X3/4,2L,,augmented
2L Shape-2L3-1/2X3-1/2X1/2X3/4,2L,,augmented
2L3-1/2X3-1/2X1/2X3/4 2L Shape,2L,,augmented
2L3-1/2X3-1/2X1/2X3/4 ASTM A36,2L,,augmented
2L3-1/2X3-1/2X1/2X3/4 LL Angle,2L,,augmented
LL Angle 2L3-1/2X3-1/2X1/2X3/4,2L,,augmented
2L3-1/2X3-1/2X7/16,2L,,original
2L 3-1/2X3-1/2X7/16,2L,,original
2L-3-1/2X3-1/2X7/16,2L,,augmented
2L_3-1/2X3-1/2X7/16,2L,,augmented
2L3-1/2 X 3-1/2X7/16,2L,,original
2L3-1/2X3-1/2X7/16 A36,2L,,augmented
2L 3-1/2 X 3-1/2 X 7/16,2L,,original
2L Shape 2L3-1/2X3-1/2X7/16,2L,,augmented
2L Shape-2L3-1/2X3-1/2X7/16,2L,,augmented
2L3-1/2X3-1/2X7/16 2L Shape,2L,,augmented
2L3-1/2X3-1/2X7/16 ASTM A36,2L,,augmented
2L3-1/2X3-1/2X7/16 LL Angle,2L,,augmented
LL Angle 2L3-1/2X3-1/2X7/16,2L,,augmented
2L3-1/2X3-1/2X7/16X3/8,2L,,original
2L 3-1/2X3-1/2X7/16X3/8,2L,,original
2L-3-1/2X3-1/2X7/16X3/8,2L,,augmented
2L_3-1/2X3-1/2X7/16X3/8,2L,,augmented
2L3-1/2 X 3-1/2X7/16X3/8,2L,,original
2L3-1/2X3-1/2X7/16X3/8 A36,2L,,augmented
2L 3-1/2 X 3-1/2 X 7/16 X 3/8,2L,,original
2L Shape 2L3-1/2X3-1/2X7/16X3/8,2L,,augmented
2L Shape-2L3-1/2X3-1/2X7/16X3/8,2L,,augmented
2L3-1/2X3-1/2X7/16X3/8 2L Shape,2L,,augmented
2L3-1/2X3-1/2X7/16X3/8 ASTM A36,2L,,augmented
2L3-1/2X3-1/2X7/16X3/8 LL Angle,2L,,augmented
LL Angle 2L3-1/2X3-1/2X7/16X3/8,2L,,augmented
2L3-1/2X3-1/2X7/16X3/4,2L,,original
2L 3-1/2X3-1/2X7/16X3/4,2L,,original
2L-3-1/2X3-1/2X7/16X3/4,2L,,augmented
2L_3-1/2X3-1/2X7/16X3/4,2L,,augmented
2L3-1/2 X 3-1/2X7/16X3/4,2L,,original
2L3-1/2X3-1/2X7/16X3/4 A36,2L,,augmented
2L 3-1/2 X 3-1/2 X 7/16 X 3/4,2L,,original
2L Shape 2L3-1/2X3-1/2X7/16X3/4,2L,,augmented
2L Shape-2L3-1/2X3-1/2X7/16X3/4,2L,,augmented
2L3-1/2X3-1/2X7/16X3/4 2L Shape,2L,,augmented
2L3-1/2X3-1/2X7/16X3/4 ASTM A36,2L,,augmented
2L3-1/2X3-1/2X7/16X3/4 LL Angle,2L,,augmented
LL Angle 2L3-1/2X3-1/2X7/16X3/4,2L,,augmented
2L3-1/2X3-1/2X3/8,2L,,original
2L 3-1/2X3-1/2X3/8,2L,,original
2L-3-1/2X3-1/2X3/8,2L,,augmented
2L_3-1/2X3-1/2X3/8,2L,,augmented
2L3-1/2 X 3-1/2X3/8,2L,,original
2L3-1/2X3-1/2X3/8 A36,2L,,augmented
2L 3-1/2 X 3-1/2 X 3/8,2L,,original
2L Shape 2L3-1/2X3-1/2X3/8,2L,,augmented
2L Shape-2L3-1/2X3-1/2X3/8,2L,,augmented
2L3-1/2X3-1/2X3/8 2L Shape,2L,,augmented
2L3-1/2X3-1/2X3/8 ASTM A36,2L,,augmented
2L3-1/2X3-1/2X3/8 LL Angle,2L,,augmented
LL Angle 2L3-1/2X3-1/2X3/8,2L,,augmented
2L3-1/2X3-1/2X3/8X3/8,2L,,original
2L 3-1/2X3-1/2X3/8X3/8,2L,,original
2L-3-1/2X3-1/2X3/8X3/8,2L,,augmented
2L_3-1/2X3-1/2X3/8X3/8,2L,,augmented
2L3-1/2 X 3-1/2X3/8X3/8,2L,,original
2L3-1/2X3-1/2X3/8X3/8 A36,2L,,augmented
2L 3-1/2 X 3-1/2 X 3/8 X 3/8,2L,,original
2L Shape 2L3-1/2X3-1/2X3/8X3/8,2L,,augmented
2L Shape-2L3-1/2X3-1/2X3/8X3/8,2L,,augmented
2L3-1/2X3-1/2X3/8X3/8 2L Shape,2L,,augmented
2L3-1/2X3-1/2X3/8X3/8 ASTM A36,2L,,augmented
2L3-1/2X3-1/2X3/8X3/8 LL Angle,2L,,augmented
LL Angle 2L3-1/2X3-1/2X3/8X3/8,2L,,augmented
2L3-1/2X3-1/2X3/8X3/4,2L,,original
2L 3-1/2X3-1/2X3/8X3/4,2L,,original
2L-3-1/2X3-1/2X3/8X3/4,2L,,augmented
2L_3-1/2X3-1/2X3/8X3/4,2L,,augmented
2L3-1/2 X 3-1/2X3/8X3/4,2L,,original
2L3-1/2X3-1/2X3/8X3/4 A36,2L,,augmented
2L 3-1/2 X 3-1/2 X 3/8 X 3/4,2L,,original
2L Shape 2L3-1/2X3-1/2X3/8X3/4,2L,,augmented
2L Shape-2L3-1/2X3-1/2X3/8X3/4,2L,,augmented
2L3-1/2X3-1/2X3/8X3/4 2L Shape,2L,,augmented
2L3-1/2X3-1/2X3/8X3/4 ASTM A36,2L,,augmented
2L3-1/2X3-1/2X3/8X3/4 LL Angle,2L,,augmented
LL Angle 2L3-1/2X3-1/2X3/8X3/4,2L,,augmented
2L3-1/2X3-1/2X5/16,2L,,original
2L 3-1/2X3-1/2X5/16,2L,,original
2L-3-1/2X3-1/2X5/16,2L,,augmented
2L_3-1/2X3-1/2X5/16,2L,,augmented
2L3-1/2 X 3-1/2X5/16,2L,,original
2L3-1/2X3-1/2X5/16 A36,2L,,augmented
2L 3-1/2 X 3-1/2 X 5/16,2L,,original
2L Shape 2L3-1/2X3-1/2X5/16,2L,,augmented
2L Shape-2L3-1/2X3-1/2X5/16,2L,,augmented
2L3-1/2X3-1/2X5/16 2L Shape,2L,,augmented
2L3-1/2X3-1/2X5/16 ASTM A36,2L,,augmented
2L3-1/2X3-1/2X5/16 LL Angle,2L,,augmented
LL Angle 2L3-1/2X3-1/2X5/16,2L,,augmented
2L3-1/2X3-1/2X5/16X3/8,2L,,original
2L 3-1/2X3-1/2X5/16X3/8,2L,,original
2L-3-1/2X3-1/2X5/16X3/8,2L,,augmented
2L_3-1/2X3-1/2X5/16X3/8,2L,,augmented
2L3-1/2 X 3-1/2X5/16X3/8,2L,,original
2L3-1/2X3-1/2X5/16X3/8 A36,2L,,augmented
2L 3-1/2 X 3-1/2 X 5/16 X 3/8,2L,,original
2L Shape 2L3-1/2X3-1/2X5/16X3/8,2L,,augmented
2L Shape-2L3-1/2X3-1/2X5/16X3/8,2L,,augmented
2L3-1/2X3-1/2X5/16X3/8 2L Shape,2L,,augmented
2L3-1/2X3-1/2X5/16X3/8 ASTM A36,2L,,augmented
2L3-1/2X3-1/2X5/16X3/8 LL Angle,2L,,augmented
LL Angle 2L3-1/2X3-1/2X5/16X3/8,2L,,augmented
2L3-1/2X3-1/2X5/16X3/4,2L,,original
2L 3-1/2X3-1/2X5/16X3/4,2L,,original
2L-3-1/2X3-1/2X5/16X3/4,2L,,augmented
2L_3-1/2X3-1/2X5/16X3/4,2L,,augmented
2L3-1/2 X 3-1/2X5/16X3/4,2L,,original
2L3-1/2X3-1/2X5/16X3/4 A36,2L,,augmented
2L 3-1/2 X 3-1/2 X 5/16 X 3/4,2L,,original
2L Shape 2L3-1/2X3-1/2X5/16X3/4,2L,,augmented
2L Shape-2L3-1/2X3-1/2X5/16X3/4,2L,,augmented
2L3-1/2X3-1/2X5/16X3/4 2L Shape,2L,,augmented
2L3-1/2X3-1/2X5/16X3/4 ASTM A36,2L,,augmented
2L3-1/2X3-1/2X5/16X3/4 LL Angle,2L,,augmented
LL Angle 2L3-1/2X3-1/2X5/16X3/4,2L,,augmented
2L3-1/2X3-1/2X1/4,2L,,original
2L 3-1/2X3-1/2X1/4,2L,,original
2L-3-1/2X3-1/2X1/4,2L,,augmented
2L_3-1/2X3-1/2X1/4,2L,,augmented
2L3-1/2 X 3-1/2X1/4,2L,,original
2L3-1/2X3-1/2X1/4 A36,2L,,augmented
2L 3-1/2 X 3-1/2 X 1/4,2L,,original
2L Shape 2L3-1/2X3-1/2X1/4,2L,,augmented
2L Shape-2L3-1/2X3-1/2X1/4,2L,,augmented
2L3-1/2X3-1/2X1/4 2L Shape,2L,,augmented
2L3-1/2X3-1/2X1/4 ASTM A36,2L,,augmented
2L3-1/2X3-1/2X1/4 LL Angle,2L,,augmented
LL Angle 2L3-1/2X3-1/2X1/4,2L,,augmented
2L3-1/2X3-1/2X1/4X3/8,2L,,original
2L 3-1/2X3-1/2X1/4X3/8,2L,,original
2L-3-1/2X3-1/2X1/4X3/8,2L,,augmented
2L_3-1/2X3-1/2X1/4X3/8,2L,,augmented
2L3-1/2 X 3-1/2X1/4X3/8,2L,,original
2L3-1/2X3-1/2X1/4X3/8 A36,2L,,augmented
2L 3-1/2 X 3-1/2 X 1/4 X 3/8,2L,,original
2L Shape 2L3-1/2X3-1/2X1/4X3/8,2L,,augmented
2L Shape-2L3-1/2X3-1/2X1/4X3/8,2L,,augmented
2L3-1/2X3-1/2X1/4X3/8 2L Shape,2L,,augmented
2L3-1/2X3-1/2X1/4X3/8 ASTM A36,2L,,augmented
2L3-1/2X3-1/2X1/4X3/8 LL Angle,2L,,augmented
LL Angle 2L3-1/2X3-1/2X1/4X3/8,2L,,augmented
2L3-1/2X3-1/2X1/4X3/4,2L,,original
2L 3-1/2X3-1/2X1/4X3/4,2L,,original
2L-3-1/2X3-1/2X1/4X3/4,2L,,augmented
2L_3-1/2X3-1/2X1/4X3/4,2L,,augmented
2L3-1/2 X 3-1/2X1/4X3/4,2L,,original
2L3-1/2X3-1/2X1/4X3/4 A36,2L,,augmented
2L 3-1/2 X 3-1/2 X 1/4 X 3/4,2L,,original
2L Shape 2L3-1/2X3-1/2X1/4X3/4,2L,,augmented
2L Shape-2L3-1/2X3-1/2X1/4X3/4,2L,,augmented
2L3-1/2X3-1/2X1/4X3/4 2L Shape,2L,,augmented
2L3-1/2X3-1/2X1/4X3/4 ASTM A36,2L,,augmented
2L3-1/2X3-1/2X1/4X3/4 LL Angle,2L,,augmented
LL Angle 2L3-1/2X3-1/2X1/4X3/4,2L,,augmented
2L3X3X1/2,2L,,original
2L 3X3X1/2,2L,,original
2L-3X3X1/2,2L,,augmented
2L_3X3X1/2,2L,,augmented
2L3 X 3X1/2,2L,,original
2L3X3X1/2 A36,2L,,augmented
2L 3 X 3 X 1/2,2L,,original
2L Shape 2L3X3X1/2,2L,,augmented
2L Shape-2L3X3X1/2,2L,,augmented
2L3X3X1/2 2L Shape,2L,,augmented
2L3X3X1/2 ASTM A36,2L,,augmented
2L3X3X1/2 LL Angle,2L,,augmented
LL Angle 2L3X3X1/2,2L,,augmented
2L3X3X1/2X3/8,2L,,original
2L 3X3X1/2X3/8,2L,,original
2L-3X3X1/2X3/8,2L,,augmented
2L_3X3X1/2X3/8,2L,,augmented
2L3 X 3X1/2X3/8,2L,,original
2L3X3X1/2X3/8 A36,2L,,augmented
2L 3 X 3 X 1/2 X 3/8,2L,,original
2L Shape 2L3X3X1/2X3/8,2L,,augmented
2L Shape-2L3X3X1/2X3/8,2L,,augmented
2L3X3X1/2X3/8 2L Shape,2L,,augmented
2L3X3X1/2X3/8 ASTM A36,2L,,augmented
2L3X3X1/2X3/8 LL Angle,2L,,augmented
LL Angle 2L3X3X1/2X3/8,2L,,augmented
2L3X3X1/2X3/4,2L,,original
2L 3X3X1/2X3/4,2L,,original
2L-3X3X1/2X3/4,2L,,augmented
2L_3X3X1/2X3/4,2L,,augmented
2L3 X 3X1/2X3/4,2L,,original
2L3X3X1/2X3/4 A36,2L,,augmented
2L 3 X 3 X 1/2 X 3/4,2L,,original
2L Shape 2L3X3X1/2X3/4,2L,,augmented
2L Shape-2L3X3X1/2X3/4,2L,,augmented
2L3X3X1/2X3/4 2L Shape,2L,,augmented
2L3X3X1/2X3/4 ASTM A36,2L,,augmented
2L3X3X1/2X3/4 LL Angle,2L,,augmented
LL Angle 2L3X3X1/2X3/4,2L,,augmented
2L3X3X7/16,2L,,original
2L 3X3X7/16,2L,,original
2L-3X3X7/16,2L,,augmented
2L_3X3X7/16,2L,,augmented
2L3 X 3X7/16,2L,,original
2L3X3X7/16 A36,2L,,augmented
2L 3 X 3 X 7/16,2L,,original
2L Shape 2L3X3X7/16,2L,,augmented
2L Shape-2L3X3X7/16,2L,,augmented
2L3X3X7/16 2L Shape,2L,,augmented
2L3X3X7/16 ASTM A36,2L,,augmented
2L3X3X7/16 LL Angle,2L,,augmented
LL Angle 2L3X3X7/16,2L,,augmented
2L3X3X7/16X3/8,2L,,original
2L 3X3X7/16X3/8,2L,,original
2L-3X3X7/16X3/8,2L,,augmented
2L_3X3X7/16X3/8,2L,,augmented
2L3 X 3X7/16X3/8,2L,,original
2L3X3X7/16X3/8 A36,2L,,augmented
2L 3 X 3 X 7/16 X 3/8,2L,,original
2L Shape 2L3X3X7/16X3/8,2L,,augmented
2L Shape-2L3X3X7/16X3/8,2L,,augmented
2L3X3X7/16X3/8 2L Shape,2L,,augmented
2L3X3X7/16X3/8 ASTM A36,2L,,augmented
2L3X3X7/16X3/8 LL Angle,2L,,augmented
LL Angle 2L3X3X7/16X3/8,2L,,augmented
2L3X3X7/16X3/4,2L,,original
2L 3X3X7/16X3/4,2L,,original
2L-3X3X7/16X3/4,2L,,augmented
2L_3X3X7/16X3/4,2L,,augmented
2L3 X 3X7/16X3/4,2L,,original
2L3X3X7/16X3/4 A36,2L,,augmented
2L 3 X 3 X 7/16 X 3/4,2L,,original
2L Shape 2L3X3X7/16X3/4,2L,,augmented
2L Shape-2L3X3X7/16X3/4,2L,,augmented
2L3X3X7/16X3/4 2L Shape,2L,,augmented
2L3X3X7/16X3/4 ASTM A36,2L,,augmented
2L3X3X7/16X3/4 LL Angle,2L,,augmented
LL Angle 2L3X3X7/16X3/4,2L,,augmented
2L3X3X3/8,2L,,original
2L 3X3X3/8,2L,,original
2L-3X3X3/8,2L,,augmented
2L_3X3X3/8,2L,,augmented
2L3 X 3X3/8,2L,,original
2L3X3X3/8 A36,2L,,augmented
2L 3 X 3 X 3/8,2L,,original
2L Shape 2L3X3X3/8,2L,,augmented
2L Shape-2L3X3X3/8,2L,,augmented
2L3X3X3/8 2L Shape,2L,,augmented
2L3X3X3/8 ASTM A36,2L,,augmented
2L3X3X3/8 LL Angle,2L,,augmented
LL Angle 2L3X3X3/8,2L,,augmented
2L3X3X3/8X3/8,2L,,original
2L 3X3X3/8X3/8,2L,,original
2L-3X3X3/8X3/8,2L,,augmented
2L_3X3X3/8X3/8,2L,,augmented
2L3 X 3X3/8X3/8,2L,,original
2L3X3X3/8X3/8 A36,2L,,augmented
2L 3 X 3 X 3/8 X 3/8,2L,,original
2L Shape 2L3X3X3/8X3/8,2L,,augmented
2L Shape-2L3X3X3/8X3/8,2L,,augmented
2L3X3X3/8X3/8 2L Shape,2L,,augmented
2L3X3X3/8X3/8 ASTM A36,2L,,augmented
2L3X3X3/8X3/8 LL Angle,2L,,augmented
LL Angle 2L3X3X3/8X3/8,2L,,augmented
2L3X3X3/8X3/4,2L,,original
2L 3X3X3/8X3/4,2L,,original
2L-3X3X3/8X3/4,2L,,augmented
2L_3X3X3/8X3/4,2L,,augmented
2L3 X 3X3/8X3/4,2L,,original
2L3X3X3/8X3/4 A36,2L,,augmented
2L 3 X 3 X 3/8 X 3/4,2L,,original
2L Shape 2L3X3X3/8X3/4,2L,,augmented
2L Shape-2L3X3X3/8X3/4,2L,,augmented
2L3X3X3/8X3/4 2L Shape,2L,,augmented
2L3X3X3/8X3/4 ASTM A36,2L,,augmented
2L3X3X3/8X3/4 LL Angle,2L,,augmented
LL Angle 2L3X3X3/8X3/4,2L,,augmented
2L3X3X5/16,2L,,original
2L 3X3X5/16,2L,,original
2L-3X3X5/16,2L,,augmented
2L_3X3X5/16,2L,,augmented
2L3 X 3X5/16,2L,,original
2L3X3X5/16 A36,2L,,augmented
2L 3 X 3 X 5/16,2L,,original
2L Shape 2L3X3X5/16,2L,,augmented
2L Shape-2L3X3X5/16,2L,,augmented
2L3X3X5/16 2L Shape,2L,,augmented
2L3X3X5/16 ASTM A36,2L,,augmented
2L3X3X5/16 LL Angle,2L,,augmented
LL Angle 2L3X3X5/16,2L,,augmented
2L3X3X5/16X3/8,2L,,original
2L 3X3X5/16X3/8,2L,,original
2L-3X3X5/16X3/8,2L,,augmented
2L_3X3X5/16X3/8,2L,,augmented
2L3 X 3X5/16X3/8,2L,,original
2L3X3X5/16X3/8 A36,2L,,augmented
2L 3 X 3 X 5/16 X 3/8,2L,,original
2L Shape 2L3X3X5/16X3/8,2L,,augmented
2L Shape-2L3X3X5/16X3/8,2L,,augmented
2L3X3X5/16X3/8 2L Shape,2L,,augmented
2L3X3X5/16X3/8 ASTM A36,2L,,augmented
2L3X3X5/16X3/8 LL Angle,2L,,augmented
LL Angle 2L3X3X5/16X3/8,2L,,augmented
2L3X3X5/16X3/4,2L,,original
2L 3X3X5/16X3/4,2L,,original
2L-3X3X5/16X3/4,2L,,augmented
2L_3X3X5/16X3/4,2L,,augmented
2L3 X 3X5/16X3/4,2L,,original
2L3X3X5/16X3/4 A36,2L,,augmented
2L 3 X 3 X 5/16 X 3/4,2L,,original
2L Shape 2L3X3X5/16X3/4,2L,,augmented
2L Shape-2L3X3X5/16X3/4,2L,,augmented
2L3X3X5/16X3/4 2L Shape,2L,,augmented
2L3X3X5/16X3/4 ASTM A36,2L,,augmented
2L3X3X5/16X3/4 LL Angle,2L,,augmented
LL Angle 2L3X3X5/16X3/4,2L,,augmented
2L3X3X1/4,2L,,original
2L 3X3X1/4,2L,,original
2L-3X3X1/4,2L,,augmented
2L_3X3X1/4,2L,,augmented
2L3 X 3X1/4,2L,,original
2L3X3X1/4 A36,2L,,augmented
2L 3 X 3 X 1/4,2L,,original
2L Shape 2L3X3X1/4,2L,,augmented
2L Shape-2L3X3X1/4,2L,,augmented
2L3X3X1/4 2L Shape,2L,,augmented
2L3X3X1/4 ASTM A36,2L,,augmented
2L3X3X1/4 LL Angle,2L,,augmented
LL Angle 2L3X3X1/4,2L,,augmented
2L3X3X1/4X3/8,2L,,original
2L 3X3X1/4X3/8,2L,,original
2L-3X3X1/4X3/8,2L,,augmented
2L_3X3X1/4X3/8,2L,,augmented
2L3 X 3X1/4X3/8,2L,,original
2L3X3X1/4X3/8 A36,2L,,augmented
2L 3 X 3 X 1/4 X 3/8,2L,,original
2L Shape 2L3X3X1/4X3/8,2L,,augmented
2L Shape-2L3X3X1/4X3/8,2L,,augmented
2L3X3X1/4X3/8 2L Shape,2L,,augmented
2L3X3X1/4X3/8 ASTM A36,2L,,augmented
2L3X3X1/4X3/8 LL Angle,2L,,augmented
LL Angle 2L3X3X1/4X3/8,2L,,augmented
2L3X3X1/4X3/4,2L,,original
2L 3X3X1/4X3/4,2L,,original
2L-3X3X1/4X3/4,2L,,augmented
2L_3X3X1/4X3/4,2L,,augmented
2L3 X 3X1/4X3/4,2L,,original
2L3X3X1/4X3/4 A36,2L,,augmented
2L 3 X 3 X 1/4 X 3/4,2L,,original
2L Shape 2L3X3X1/4X3/4,2L,,augmented
2L Shape-2L3X3X1/4X3/4,2L,,augmented
2L3X3X1/4X3/4 2L Shape,2L,,augmented
2L3X3X1/4X3/4 ASTM A36,2L,,augmented
2L3X3X1/4X3/4 LL Angle,2L,,augmented
LL Angle 2L3X3X1/4X3/4,2L,,augmented
2L3X3X3/16,2L,,original
2L 3X3X3/16,2L,,original
2L-3X3X3/16,2L,,augmented
2L_3X3X3/16,2L,,augmented
2L3 X 3X3/16,2L,,original
2L3X3X3/16 A36,2L,,augmented
2L 3 X 3 X 3/16,2L,,original
2L Shape 2L3X3X3/16,2L,,augmented
2L Shape-2L3X3X3/16,2L,,augmented
2L3X3X3/16 2L Shape,2L,,augmented
2L3X3X3/16 ASTM A36,2L,,augmented
2L3X3X3/16 LL Angle,2L,,augmented
LL Angle 2L3X3X3/16,2L,,augmented
2L3X3X3/16X3/8,2L,,original
2L 3X3X3/16X3/8,2L,,original
2L-3X3X3/16X3/8,2L,,augmented
2L_3X3X3/16X3/8,2L,,augmented
2L3 X 3X3/16X3/8,2L,,original
2L3X3X3/16X3/8 A36,2L,,augmented
2L 3 X 3 X 3/16 X 3/8,2L,,original
2L Shape 2L3X3X3/16X3/8,2L,,augmented
2L Shape-2L3X3X3/16X3/8,2L,,augmented
2L3X3X3/16X3/8 2L Shape,2L,,augmented
2L3X3X3/16X3/8 ASTM A36,2L,,augmented
2L3X3X3/16X3/8 LL Angle,2L,,augmented
LL Angle 2L3X3X3/16X3/8,2L,,augmented
2L3X3X3/16X3/4,2L,,original
2L 3X3X3/16X3/4,2L,,original
2L-3X3X3/16X3/4,2L,,augmented
2L_3X3X3/16X3/4,2L,,augmented
2L3 X 3X3/16X3/4,2L,,original
2L3X3X3/16X3/4 A36,2L,,augmented
2L 3 X 3 X 3/16 X 3/4,2L,,original
2L Shape 2L3X3X3/16X3/4,2L,,augmented
2L Shape-2L3X3X3/16X3/4,2L,,augmented
2L3X3X3/16X3/4 2L Shape,2L,,augmented
2L3X3X3/16X3/4 ASTM A36,2L,,augmented
2L3X3X3/16X3/4 LL Angle,2L,,augmented
LL Angle 2L3X3X3/16X3/4,2L,,augmented
2L2-1/2X2-1/2X1/2,2L,,original
2L 2-1/2X2-1/2X1/2,2L,,original
2L-2-1/2X2-1/2X1/2,2L,,augmented
2L_2-1/2X2-1/2X1/2,2L,,augmented
2L2-1/2 X 2-1/2X1/2,2L,,original
2L2-1/2X2-1/2X1/2 A36,2L,,augmented
2L 2-1/2 X 2-1/2 X 1/2,2L,,original
2L Shape 2L2-1/2X2-1/2X1/2,2L,,augmented
2L Shape-2L2-1/2X2-1/2X1/2,2L,,augmented
2L2-1/2X2-1/2X1/2 2L Shape,2L,,augmented
2L2-1/2X2-1/2X1/2 ASTM A36,2L,,augmented
2L2-1/2X2-1/2X1/2 LL Angle,2L,,augmented
LL Angle 2L2-1/2X2-1/2X1/2,2L,,augmented
2L2-1/2X2-1/2X1/2X3/8,2L,,original
2L 2-1/2X2-1/2X1/2X3/8,2L,,original
2L-2-1/2X2-1/2X1/2X3/8,2L,,augmented
2L_2-1/2X2-1/2X1/2X3/8,2L,,augmented
2L2-1/2 X 2-1/2X1/2X3/8,2L,,original
2L2-1/2X2-1/2X1/2X3/8 A36,2L,,augmented
2L 2-1/2 X 2-1/2 X 1/2 X 3/8,2L,,original
2L Shape 2L2-1/2X2-1/2X1/2X3/8,2L,,augmented
2L Shape-2L2-1/2X2-1/2X1/2X3/8,2L,,augmented
2L2-1/2X2-1/2X1/2X3/8 2L Shape,2L,,augmented
2L2-1/2X2-1/2X1/2X3/8 ASTM A36,2L,,augmented
2L2-1/2X2-1/2X1/2X3/8 LL Angle,2L,,augmented
LL Angle 2L2-1/2X2-1/2X1/2X3/8,2L,,augmented
2L2-1/2X2-1/2X1/2X3/4,2L,,original
2L 2-1/2X2-1/2X1/2X3/4,2L,,original
2L-2-1/2X2-1/2X1/2X3/4,2L,,augmented
2L_2-1/2X2-1/2X1/2X3/4,2L,,augmented
2L2-1/2 X 2-1/2X1/2X3/4,2L,,original
2L2-1/2X2-1/2X1/2X3/4 A36,2L,,augmented
2L 2-1/2 X 2-1/2 X 1/2 X 3/4,2L,,original
2L Shape 2L2-1/2X2-1/2X1/2X3/4,2L,,augmented
2L Shape-2L2-1/2X2-1/2X1/2X3/4,2L,,augmented
2L2-1/2X2-1/2X1/2X3/4 2L Shape,2L,,augmented
2L2-1/2X2-1/2X1/2X3/4 ASTM A36,2L,,augmented
2L2-1/2X2-1/2X1/2X3/4 LL Angle,2L,,augmented
LL Angle 2L2-1/2X2-1/2X1/2X3/4,2L,,augmented
2L2-1/2X2-1/2X3/8,2L,,original
2L 2-1/2X2-1/2X3/8,2L,,original
2L-2-1/2X2-1/2X3/8,2L,,augmented
2L_2-1/2X2-1/2X3/8,2L,,augmented
2L2-1/2 X 2-1/2X3/8,2L,,original
2L2-1/2X2-1/2X3/8 A36,2L,,augmented
2L 2-1/2 X 2-1/2 X 3/8,2L,,original
2L Shape 2L2-1/2X2-1/2X3/8,2L,,augmented
2L Shape-2L2-1/2X2-1/2X3/8,2L,,augmented
2L2-1/2X2-1/2X3/8 2L Shape,2L,,augmented
2L2-1/2X2-1/2X3/8 ASTM A36,2L,,augmented
2L2-1/2X2-1/2X3/8 LL Angle,2L,,augmented
LL Angle 2L2-1/2X2-1/2X3/8,2L,,augmented
2L2-1/2X2-1/2X3/8X3/8,2L,,original
2L 2-1/2X2-1/2X3/8X3/8,2L,,original
2L-2-1/2X2-1/2X3/8X3/8,2L,,augmented
2L_2-1/2X2-1/2X3/8X3/8,2L,,augmented
2L2-1/2 X 2-1/2X3/8X3/8,2L,,original
2L2-1/2X2-1/2X3/8X3/8 A36,2L,,augmented
2L 2-1/2 X 2-1/2 X 3/8 X 3/8,2L,,original
2L Shape 2L2-1/2X2-1/2X3/8X3/8,2L,,augmented
2L Shape-2L2-1/2X2-1/2X3/8X3/8,2L,,augmented
2L2-1/2X2-1/2X3/8X3/8 2L Shape,2L,,augmented
2L2-1/2X2-1/2X3/8X3/8 ASTM A36,2L,,augmented
2L2-1/2X2-1/2X3/8X3/8 LL Angle,2L,,augmented
LL Angle 2L2-1/2X2-1/2X3/8X3/8,2L,,augmented
2L2-1/2X2-1/2X3/8X3/4,2L,,original
2L 2-1/2X2-1/2X3/8X3/4,2L,,original
2L-2-1/2X2-1/2X3/8X3/4,2L,,augmented
2L_2-1/2X2-1/2X3/8X3/4,2L,,augmented
2L2-1/2 X 2-1/2X3/8X3/4,2L,,original
2L2-1/2X2-1/2X3/8X3/4 A36,2L,,augmented
2L 2-1/2 X 2-1/2 X 3/8 X 3/4,2L,,original
2L Shape 2L2-1/2X2-1/2X3/8X3/4,2L,,augmented
2L Shape-2L2-1/2X2-1/2X3/8X3/4,2L,,augmented
2L2-1/2X2-1/2X3/8X3/4 2L Shape,2L,,augmented
2L2-1/2X2-1/2X3/8X3/4 ASTM A36,2L,,augmented
2L2-1/2X2-1/2X3/8X3/4 LL Angle,2L,,augmented
LL Angle 2L2-1/2X2-1/2X3/8X3/4,2L,,augmented
2L2-1/2X2-1/2X5/16,2L,,original
2L 2-1/2X2-1/2X5/16,2L,,original
2L-2-1/2X2-1/2X5/16,2L,,augmented
2L_2-1/2X2-1/2X5/16,2L,,augmented
2L2-1/2 X 2-1/2X5/16,2L,,original
2L2-1/2X2-1/2X5/16 A36,2L,,augmented
2L 2-1/2 X 2-1/2 X 5/16,2L,,original
2L Shape 2L2-1/2X2-1/2X5/16,2L,,augmented
2L Shape-2L2-1/2X2-1/2X5/16,2L,,augmented
2L2-1/2X2-1/2X5/16 2L Shape,2L,,augmented
2L2-1/2X2-1/2X5/16 ASTM A36,2L,,augmented
2L2-1/2X2-1/2X5/16 LL Angle,2L,,augmented
LL Angle 2L2-1/2X2-1/2X5/16,2L,,augmented
2L2-1/2X2-1/2X5/16X3/8,2L,,original
2L 2-1/2X2-1/2X5/16X3/8,2L,,original
2L-2-1/2X2-1/2X5/16X3/8,2L,,augmented
2L_2-1/2X2-1/2X5/16X3/8,2L,,augmented
2L2-1/2 X 2-1/2X5/16X3/8,2L,,original
2L2-1/2X2-1/2X5/16X3/8 A36,2L,,augmented
2L 2-1/2 X 2-1/2 X 5/16 X 3/8,2L,,original
2L Shape 2L2-1/2X2-1/2X5/16X3/8,2L,,augmented
2L Shape-2L2-1/2X2-1/2X5/16X3/8,2L,,augmented
2L2-1/2X2-1/2X5/16X3/8 2L Shape,2L,,augmented
2L2-1/2X2-1/2X5/16X3/8 ASTM A36,2L,,augmented
2L2-1/2X2-1/2X5/16X3/8 LL Angle,2L,,augmented
LL Angle 2L2-1/2X2-1/2X5/16X3/8,2L,,augmented
2L2-1/2X2-1/2X5/16X3/4,2L,,original
2L 2-1/2X2-1/2X5/16X3/4,2L,,original
2L-2-1/2X2-1/2X5/16X3/4,2L,,augmented
2L_2-1/2X2-1/2X5/16X3/4,2L,,augmented
2L2-1/2 X 2-1/2X5/16X3/4,2L,,original
2L2-1/2X2-1/2X5/16X3/4 A36,2L,,augmented
2L 2-1/2 X 2-1/2 X 5/16 X 3/4,2L,,original
2L Shape 2L2-1/2X2-1/2X5/16X3/4,2L,,augmented
2L Shape-2L2-1/2X2-1/2X5/16X3/4,2L,,augmented
2L2-1/2X2-1/2X5/16X3/4 2L Shape,2L,,augmented
2L2-1/2X2-1/2X5/16X3/4 ASTM A36,2L,,augmented
2L2-1/2X2-1/2X5/16X3/4 LL Angle,2L,,augmented
LL Angle 2L2-1/2X2-1/2X5/16X3/4,2L,,augmented
2L2-1/2X2-1/2X1/4,2L,,original
2L 2-1/2X2-1/2X1/4,2L,,original
2L-2-1/2X2-1/2X1/4,2L,,augmented
2L_2-1/2X2-1/2X1/4,2L,,augmented
2L2-1/2 X 2-1/2X1/4,2L,,original
2L2-1/2X2-1/2X1/4 A36,2L,,augmented
2L 2-1/2 X 2-1/2 X 1/4,2L,,original
2L Shape 2L2-1/2X2-1/2X1/4,2L,,augmented
2L Shape-2L2-1/2X2-1/2X1/4,2L,,augmented
2L2-1/2X2-1/2X1/4 2L Shape,2L,,augmented
2L2-1/2X2-1/2X1/4 ASTM A36,2L,,augmented
2L2-1/2X2-1/2X1/4 LL Angle,2L,,augmented
LL Angle 2L2-1/2X2-1/2X1/4,2L,,augmented
2L2-1/2X2-1/2X1/4X3/8,2L,,original
2L 2-1/2X2-1/2X1/4X3/8,2L,,original
2L-2-1/2X2-1/2X1/4X3/8,2L,,augmented
2L_2-1/2X2-1/2X1/4X3/8,2L,,augmented
2L2-1/2 X 2-1/2X1/4X3/8,2L,,original
2L2-1/2X2-1/2X1/4X3/8 A36,2L,,augmented
2L 2-1/2 X 2-1/2 X 1/4 X 3/8,2L,,original
2L Shape 2L2-1/2X2-1/2X1/4X3/8,2L,,augmented
2L Shape-2L2-1/2X2-1/2X1/4X3/8,2L,,augmented
2L2-1/2X2-1/2X1/4X3/8 2L Shape,2L,,augmented
2L2-1/2X2-1/2X1/4X3/8 ASTM A36,2L,,augmented
2L2-1/2X2-1/2X1/4X3/8 LL Angle,2L,,augmented
LL Angle 2L2-1/2X2-1/2X1/4X3/8,2L,,augmented
2L2-1/2X2-1/2X1/4X3/4,2L,,original
2L 2-1/2X2-1/2X1/4X3/4,2L,,original
2L-2-1/2X2-1/2X1/4X3/4,2L,,augmented
2L_2-1/2X2-1/2X1/4X3/4,2L,,augmented
2L2-1/2 X 2-1/2X1/4X3/4,2L,,original
2L2-1/2X2-1/2X1/4X3/4 A36,2L,,augmented
2L 2-1/2 X 2-1/2 X 1/4 X 3/4,2L,,original
2L Shape 2L2-1/2X2-1/2X1/4X3/4,2L,,augmented
2L Shape-2L2-1/2X2-1/2X1/4X3/4,2L,,augmented
2L2-1/2X2-1/2X1/4X3/4 2L Shape,2L,,augmented
2L2-1/2X2-1/2X1/4X3/4 ASTM A36,2L,,augmented
2L2-1/2X2-1/2X1/4X3/4 LL Angle,2L,,augmented
LL Angle 2L2-1/2X2-1/2X1/4X3/4,2L,,augmented
2L2-1/2X2-1/2X3/16,2L,,original
2L 2-1/2X2-1/2X3/16,2L,,original
2L-2-1/2X2-1/2X3/16,2L,,augmented
2L_2-1/2X2-1/2X3/16,2L,,augmented
2L2-1/2 X 2-1/2X3/16,2L,,original
2L2-1/2X2-1/2X3/16 A36,2L,,augmented
2L 2-1/2 X 2-1/2 X 3/16,2L,,original
2L Shape 2L2-1/2X2-1/2X3/16,2L,,augmented
2L Shape-2L2-1/2X2-1/2X3/16,2L,,augmented
2L2-1/2X2-1/2X3/16 2L Shape,2L,,augmented
2L2-1/2X2-1/2X3/16 ASTM A36,2L,,augmented
2L2-1/2X2-1/2X3/16 LL Angle,2L,,augmented
LL Angle 2L2-1/2X2-1/2X3/16,2L,,augmented
2L2-1/2X2-1/2X3/16X3/8,2L,,original
2L 2-1/2X2-1/2X3/16X3/8,2L,,original
2L-2-1/2X2-1/2X3/16X3/8,2L,,augmented
2L_2-1/2X2-1/2X3/16X3/8,2L,,augmented
2L2-1/2 X 2-1/2X3/16X3/8,2L,,original
2L2-1/2X2-1/2X3/16X3/8 A36,2L,,augmented
2L 2-1/2 X 2-1/2 X 3/16 X 3/8,2L,,original
2L Shape 2L2-1/2X2-1/2X3/16X3/8,2L,,augmented
2L Shape-2L2-1/2X2-1/2X3/16X3/8,2L,,augmented
2L2-1/2X2-1/2X3/16X3/8 2L Shape,2L,,augmented
2L2-1/2X2-1/2X3/16X3/8 ASTM A36,2L,,augmented
2L2-1/2X2-1/2X3/16X3/8 LL Angle,2L,,augmented
LL Angle 2L2-1/2X2-1/2X3/16X3/8,2L,,augmented
2L2-1/2X2-1/2X3/16X3/4,2L,,original
2L 2-1/2X2-1/2X3/16X3/4,2L,,original
2L-2-1/2X2-1/2X3/16X3/4,2L,,augmented
2L_2-1/2X2-1/2X3/16X3/4,2L,,augmented
2L2-1/2 X 2-1/2X3/16X3/4,2L,,original
2L2-1/2X2-1/2X3/16X3/4 A36,2L,,augmented
2L 2-1/2 X 2-1/2 X 3/16 X 3/4,2L,,original
2L Shape 2L2-1/2X2-1/2X3/16X3/4,2L,,augmented
2L Shape-2L2-1/2X2-1/2X3/16X3/4,2L,,augmented
2L2-1/2X2-1/2X3/16X3/4 2L Shape,2L,,augmented
2L2-1/2X2-1/2X3/16X3/4 ASTM A36,2L,,augmented
2L2-1/2X2-1/2X3/16X3/4 LL Angle,2L,,augmented
LL Angle 2L2-1/2X2-1/2X3/16X3/4,2L,,augmented
2L2X2X3/8,2L,,original
2L 2X2X3/8,2L,,original
2L-2X2X3/8,2L,,augmented
2L_2X2X3/8,2L,,augmented
2L2 X 2X3/8,2L,,original
2L2X2X3/8 A36,2L,,augmented
2L 2 X 2 X 3/8,2L,,original
2L Shape 2L2X2X3/8,2L,,augmented
2L Shape-2L2X2X3/8,2L,,augmented
2L2X2X3/8 2L Shape,2L,,augmented
2L2X2X3/8 ASTM A36,2L,,augmented
2L2X2X3/8 LL Angle,2L,,augmented
LL Angle 2L2X2X3/8,2L,,augmented
2L2X2X3/8X3/8,2L,,original
2L 2X2X3/8X3/8,2L,,original
2L-2X2X3/8X3/8,2L,,augmented
2L_2X2X3/8X3/8,2L,,augmented
2L2 X 2X3/8X3/8,2L,,original
2L2X2X3/8X3/8 A36,2L,,augmented
2L 2 X 2 X 3/8 X 3/8,2L,,original
2L Shape 2L2X2X3/8X3/8,2L,,augmented
2L Shape-2L2X2X3/8X3/8,2L,,augmented
2L2X2X3/8X3/8 2L Shape,2L,,augmented
2L2X2X3/8X3/8 ASTM A36,2L,,augmented
2L2X2X3/8X3/8 LL Angle,2L,,augmented
LL Angle 2L2X2X3/8X3/8,2L,,augmented
2L2X2X3/8X3/4,2L,,original
2L 2X2X3/8X3/4,2L,,original
2L-2X2X3/8X3/4,2L,,augmented
2L_2X2X3/8X3/4,2L,,augmented
2L2 X 2X3/8X3/4,2L,,original
2L2X2X3/8X3/4 A36,2L,,augmented
2L 2 X 2 X 3/8 X 3/4,2L,,original
2L Shape 2L2X2X3/8X3/4,2L,,augmented
2L Shape-2L2X2X3/8X3/4,2L,,augmented
2L2X2X3/8X3/4 2L Shape,2L,,augmented
2L2X2X3/8X3/4 ASTM A36,2L,,augmented
2L2X2X3/8X3/4 LL Angle,2L,,augmented
LL Angle 2L2X2X3/8X3/4,2L,,augmented
2L2X2X5/16,2L,,original
2L 2X2X5/16,2L,,original
2L-2X2X5/16,2L,,augmented
2L_2X2X5/16,2L,,augmented
2L2 X 2X5/16,2L,,original
2L2X2X5/16 A36,2L,,augmented
2L 2 X 2 X 5/16,2L,,original
2L Shape 2L2X2X5/16,2L,,augmented
2L Shape-2L2X2X5/16,2L,,augmented
2L2X2X5/16 2L Shape,2L,,augmented
2L2X2X5/16 ASTM A36,2L,,augmented
2L2X2X5/16 LL Angle,2L,,augmented
LL Angle 2L2X2X5/16,2L,,augmented
2L2X2X5/16X3/8,2L,,original
2L 2X2X5/16X3/8,2L,,original
2L-2X2X5/16X3/8,2L,,augmented
2L_2X2X5/16X3/8,2L,,augmented
2L2 X 2X5/16X3/8,2L,,original
2L2X2X5/16X3/8 A36,2L,,augmented
2L 2 X 2 X 5/16 X 3/8,2L,,original
2L Shape 2L2X2X5/16X3/8,2L,,augmented
2L Shape-2L2X2X5/16X3/8,2L,,augmented
2L2X2X5/16X3/8 2L Shape,2L,,augmented
2L2X2X5/16X3/8 ASTM A36,2L,,augmented
2L2X2X5/16X3/8 LL Angle,2L,,augmented
LL Angle 2L2X2X5/16X3/8,2L,,augmented
2L2X2X5/16X3/4,2L,,original
2L 2X2X5/16X3/4,2L,,original
2L-2X2X5/16X3/4,2L,,augmented
2L_2X2X5/16X3/4,2L,,augmented
2L2 X 2X5/16X3/4,2L,,original
2L2X2X5/16X3/4 A36,2L,,augmented
2L 2 X 2 X 5/16 X 3/4,2L,,original
2L Shape 2L2X2X5/16X3/4,2L,,augmented
2L Shape-2L2X2X5/16X3/4,2L,,augmented
2L2X2X5/16X3/4 2L Shape,2L,,augmented
2L2X2X5/16X3/4 ASTM A36,2L,,augmented
2L2X2X5/16X3/4 LL Angle,2L,,augmented
LL Angle 2L2X2X5/16X3/4,2L,,augmented
2L2X2X1/4,2L,,original
2L 2X2X1/4,2L,,original
2L-2X2X1/4,2L,,augmented
2L_2X2X1/4,2L,,augmented
2L2 X 2X1/4,2L,,original
2L2X2X1/4 A36,2L,,augmented
2L 2 X 2 X 1/4,2L,,original
2L Shape 2L2X2X1/4,2L,,augmented
2L Shape-2L2X2X1/4,2L,,augmented
2L2X2X1/4 2L Shape,2L,,augmented
2L2X2X1/4 ASTM A36,2L,,augmented
2L2X2X1/4 LL Angle,2L,,augmented
LL Angle 2L2X2X1/4,2L,,augmented
2L2X2X1/4X3/8,2L,,original
2L 2X2X1/4X3/8,2L,,original
2L-2X2X1/4X3/8,2L,,augmented
2L_2X2X1/4X3/8,2L,,augmented
2L2 X 2X1/4X3/8,2L,,original
2L2X2X1/4X3/8 A36,2L,,augmented
2L 2 X 2 X 1/4 X 3/8,2L,,original
2L Shape 2L2X2X1/4X3/8,2L,,augmented
2L Shape-2L2X2X1/4X3/8,2L,,augmented
2L2X2X1/4X3/8 2L Shape,2L,,augmented
2L2X2X1/4X3/8 ASTM A36,2L,,augmented
2L2X2X1/4X3/8 LL Angle,2L,,augmented
LL Angle 2L2X2X1/4X3/8,2L,,augmented
2L2X2X1/4X3/4,2L,,original
2L 2X2X1/4X3/4,2L,,original
2L-2X2X1/4X3/4,2L,,augmented
2L_2X2X1/4X3/4,2L,,augmented
2L2 X 2X1/4X3/4,2L,,original
2L2X2X1/4X3/4 A36,2L,,augmented
2L 2 X 2 X 1/4 X 3/4,2L,,original
2L Shape 2L2X2X1/4X3/4,2L,,augmented
2L Shape-2L2X2X1/4X3/4,2L,,augmented
2L2X2X1/4X3/4 2L Shape,2L,,augmented
2L2X2X1/4X3/4 ASTM A36,2L,,augmented
2L2X2X1/4X3/4 LL Angle,2L,,augmented
LL Angle 2L2X2X1/4X3/4,2L,,augmented
2L2X2X3/16,2L,,original
2L 2X2X3/16,2L,,original
2L-2X2X3/16,2L,,augmented
2L_2X2X3/16,2L,,augmented
2L2 X 2X3/16,2L,,original
2L2X2X3/16 A36,2L,,augmented
2L 2 X 2 X 3/16,2L,,original
2L Shape 2L2X2X3/16,2L,,augmented
2L Shape-2L2X2X3/16,2L,,augmented
2L2X2X3/16 2L Shape,2L,,augmented
2L2X2X3/16 ASTM A36,2L,,augmented
2L2X2X3/16 LL Angle,2L,,augmented
LL Angle 2L2X2X3/16,2L,,augmented
2L2X2X3/16X3/8,2L,,original
2L 2X2X3/16X3/8,2L,,original
2L-2X2X3/16X3/8,2L,,augmented
2L_2X2X3/16X3/8,2L,,augmented
2L2 X 2X3/16X3/8,2L,,original
2L2X2X3/16X3/8 A36,2L,,augmented
2L 2 X 2 X 3/16 X 3/8,2L,,original
2L Shape 2L2X2X3/16X3/8,2L,,augmented
2L Shape-2L2X2X3/16X3/8,2L,,augmented
2L2X2X3/16X3/8 2L Shape,2L,,augmented
2L2X2X3/16X3/8 ASTM A36,2L,,augmented
2L2X2X3/16X3/8 LL Angle,2L,,augmented
LL Angle 2L2X2X3/16X3/8,2L,,augmented
2L2X2X3/16X3/4,2L,,original
2L 2X2X3/16X3/4,2L,,original
2L-2X2X3/16X3/4,2L,,augmented
2L_2X2X3/16X3/4,2L,,augmented
2L2 X 2X3/16X3/4,2L,,original
2L2X2X3/16X3/4 A36,2L,,augmented
2L 2 X 2 X 3/16 X 3/4,2L,,original
2L Shape 2L2X2X3/16X3/4,2L,,augmented
2L Shape-2L2X2X3/16X3/4,2L,,augmented
2L2X2X3/16X3/4 2L Shape,2L,,augmented
2L2X2X3/16X3/4 ASTM A36,2L,,augmented
2L2X2X3/16X3/4 LL Angle,2L,,augmented
LL Angle 2L2X2X3/16X3/4,2L,,augmented
2L2X2X1/8,2L,,original
2L 2X2X1/8,2L,,original
2L-2X2X1/8,2L,,augmented
2L_2X2X1/8,2L,,augmented
2L2 X 2X1/8,2L,,original
2L2X2X1/8 A36,2L,,augmented
2L 2 X 2 X 1/8,2L,,original
2L Shape 2L2X2X1/8,2L,,augmented
2L Shape-2L2X2X1/8,2L,,augmented
2L2X2X1/8 2L Shape,2L,,augmented
2L2X2X1/8 ASTM A36,2L,,augmented
2L2X2X1/8 LL Angle,2L,,augmented
LL Angle 2L2X2X1/8,2L,,augmented
2L2X2X1/8X3/8,2L,,original
2L 2X2X1/8X3/8,2L,,original
2L-2X2X1/8X3/8,2L,,augmented
2L_2X2X1/8X3/8,2L,,augmented
2L2 X 2X1/8X3/8,2L,,original
2L2X2X1/8X3/8 A36,2L,,augmented
2L 2 X 2 X 1/8 X 3/8,2L,,original
2L Shape 2L2X2X1/8X3/8,2L,,augmented
2L Shape-2L2X2X1/8X3/8,2L,,augmented
2L2X2X1/8X3/8 2L Shape,2L,,augmented
2L2X2X1/8X3/8 ASTM A36,2L,,augmented
2L2X2X1/8X3/8 LL Angle,2L,,augmented
LL Angle 2L2X2X1/8X3/8,2L,,augmented
2L2X2X1/8X3/4,2L,,original
2L 2X2X1/8X3/4,2L,,original
2L-2X2X1/8X3/4,2L,,augmented
2L_2X2X1/8X3/4,2L,,augmented
2L2 X 2X1/8X3/4,2L,,original
2L2X2X1/8X3/4 A36,2L,,augmented
2L 2 X 2 X 1/8 X 3/4,2L,,original
2L Shape 2L2X2X1/8X3/4,2L,,augmented
2L Shape-2L2X2X1/8X3/4,2L,,augmented
2L2X2X1/8X3/4 2L Shape,2L,,augmented
2L2X2X1/8X3/4 ASTM A36,2L,,augmented
2L2X2X1/8X3/4 LL Angle,2L,,augmented
LL Angle 2L2X2X1/8X3/4,2L,,augmented
2L8X6X1LLBB,2L,,original
2L 8X6X1LLBB,2L,,original
2L-8X6X1LLBB,2L,,augmented
2L_8X6X1LLBB,2L,,augmented
2L8 X 6X1LLBB,2L,,original
2L8X6X1LLBB A36,2L,,augmented
2L 8 X 6 X 1LLBB,2L,,original
2L Shape 2L8X6X1LLBB,2L,,augmented
2L Shape-2L8X6X1LLBB,2L,,augmented
2L8X6X1LLBB 2L Shape,2L,,augmented
2L8X6X1LLBB ASTM A36,2L,,augmented
2L8X6X1LLBB LL Angle,2L,,augmented
LL Angle 2L8X6X1LLBB,2L,,augmented
2L8X6X1X3/8LLBB,2L,,original
2L 8X6X1X3/8LLBB,2L,,original
2L-8X6X1X3/8LLBB,2L,,augmented
2L_8X6X1X3/8LLBB,2L,,augmented
2L8 X 6X1X3/8LLBB,2L,,original
2L8X6X1X3/8LLBB A36,2L,,augmented
2L 8 X 6 X 1 X 3/8LLBB,2L,,original
2L Shape 2L8X6X1X3/8LLBB,2L,,augmented
2L Shape-2L8X6X1X3/8LLBB,2L,,augmented
2L8X6X1X3/8LLBB 2L Shape,2L,,augmented
2L8X6X1X3/8LLBB ASTM A36,2L,,augmented
2L8X6X1X3/8LLBB LL Angle,2L,,augmented
LL Angle 2L8X6X1X3/8LLBB,2L,,augmented
2L8X6X1X3/4LLBB,2L,,original
2L 8X6X1X3/4LLBB,2L,,original
2L-8X6X1X3/4LLBB,2L,,augmented
2L_8X6X1X3/4LLBB,2L,,augmented
2L8 X 6X1X3/4LLBB,2L,,original
2L8X6X1X3/4LLBB A36,2L,,augmented
2L 8 X 6 X 1 X 3/4LLBB,2L,,original
2L Shape 2L8X6X1X3/4LLBB,2L,,augmented
2L Shape-2L8X6X1X3/4LLBB,2L,,augmented
2L8X6X1X3/4LLBB 2L Shape,2L,,augmented
2L8X6X1X3/4LLBB ASTM A36,2L,,augmented
2L8X6X1X3/4LLBB LL Angle,2L,,augmented
LL Angle 2L8X6X1X3/4LLBB,2L,,augmented
2L8X6X7/8LLBB,2L,,original
2L 8X6X7/8LLBB,2L,,original
2L-8X6X7/8LLBB,2L,,augmented
2L_8X6X7/8LLBB,2L,,augmented
2L8 X 6X7/8LLBB,2L,,original
2L8X6X7/8LLBB A36,2L,,augmented
2L 8 X 6 X 7/8LLBB,2L,,original
2L Shape 2L8X6X7/8LLBB,2L,,augmented
2L Shape-2L8X6X7/8LLBB,2L,,augmented
2L8X6X7/8LLBB 2L Shape,2L,,augmented
2L8X6X7/8LLBB ASTM A36,2L,,augmented
2L8X6X7/8LLBB LL Angle,2L,,augmented
LL Angle 2L8X6X7/8LLBB,2L,,augmented
2L8X6X7/8X3/8LLBB,2L,,original
2L 8X6X7/8X3/8LLBB,2L,,original
2L-8X6X7/8X3/8LLBB,2L,,augmented
2L_8X6X7/8X3/8LLBB,2L,,augmented
2L8 X 6X7/8X3/8LLBB,2L,,original
2L8X6X7/8X3/8LLBB A36,2L,,augmented
2L 8 X 6 X 7/8 X 3/8LLBB,2L,,original
2L Shape 2L8X6X7/8X3/8LLBB,2L,,augmented
2L Shape-2L8X6X7/8X3/8LLBB,2L,,augmented
2L8X6X7/8X3/8LLBB 2L Shape,2L,,augmented
2L8X6X7/8X3/8LLBB ASTM A36,2L,,augmented
2L8X6X7/8X3/8LLBB LL Angle,2L,,augmented
LL Angle 2L8X6X7/8X3/8LLBB,2L,,augmented
2L8X6X7/8X3/4LLBB,2L,,original
2L 8X6X7/8X3/4LLBB,2L,,original
2L-8X6X7/8X3/4LLBB,2L,,augmented
2L_8X6X7/8X3/4LLBB,2L,,augmented
2L8 X 6X7/8X3/4LLBB,2L,,original
2L8X6X7/8X3/4LLBB A36,2L,,augmented
2L 8 X 6 X 7/8 X 3/4LLBB,2L,,original
2L Shape 2L8X6X7/8X3/4LLBB,2L,,augmented
2L Shape-2L8X6X7/8X3/4LLBB,2L,,augmented
2L8X6X7/8X3/4LLBB 2L Shape,2L,,augmented
2L8X6X7/8X3/4LLBB ASTM A36,2L,,augmented
2L8X6X7/8X3/4LLBB LL Angle,2L,,augmented
LL Angle 2L8X6X7/8X3/4LLBB,2L,,augmented
2L8X6X3/4LLBB,2L,,original
2L 8X6X3/4LLBB,2L,,original
2L-8X6X3/4LLBB,2L,,augmented
2L_8X6X3/4LLBB,2L,,augmented
2L8 X 6X3/4LLBB,2L,,original
2L8X6X3/4LLBB A36,2L,,augmented
2L 8 X 6 X 3/4LLBB,2L,,original
2L Shape 2L8X6X3/4LLBB,2L,,augmented
2L Shape-2L8X6X3/4LLBB,2L,,augmented
2L8X6X3/4LLBB 2L Shape,2L,,augmented
2L8X6X3/4LLBB ASTM A36,2L,,augmented
2L8X6X3/4LLBB LL Angle,2L,,augmented
LL Angle 2L8X6X3/4LLBB,2L,,augmented
2L8X6X3/4X3/8LLBB,2L,,original
2L 8X6X3/4X3/8LLBB,2L,,original
2L-8X6X3/4X3/8LLBB,2L,,augmented
2L_8X6X3/4X3/8LLBB,2L,,augmented
2L8 X 6X3/4X3/8LLBB,2L,,original
2L8X6X3/4X3/8LLBB A36,2L,,augmented
2L 8 X 6 X 3/4 X 3/8LLBB,2L,,original
2L Shape 2L8X6X3/4X3/8LLBB,2L,,augmented
2L Shape-2L8X6X3/4X3/8LLBB,2L,,augmented
2L8X6X3/4X3/8LLBB 2L Shape,2L,,augmented
2L8X6X3/4X3/8LLBB ASTM A36,2L,,augmented
2L8X6X3/4X3/8LLBB LL Angle,2L,,augmented
LL Angle 2L8X6X3/4X3/8LLBB,2L,,augmented
2L8X6X3/4X3/4LLBB,2L,,original
2L 8X6X3/4X3/4LLBB,2L,,original
2L-8X6X3/4X3/4LLBB,2L,,augmented
2L_8X6X3/4X3/4LLBB,2L,,augmented
2L8 X 6X3/4X3/4LLBB,2L,,original
2L8X6X3/4X3/4LLBB A36,2L,,augmented
2L 8 X 6 X 3/4 X 3/4LLBB,2L,,original
2L Shape 2L8X6X3/4X3/4LLBB,2L,,augmented
2L Shape-2L8X6X3/4X3/4LLBB,2L,,augmented
2L8X6X3/4X3/4LLBB 2L Shape,2L,,augmented
2L8X6X3/4X3/4LLBB ASTM A36,2L,,augmented
2L8X6X3/4X3/4LLBB LL Angle,2L,,augmented
LL Angle 2L8X6X3/4X3/4LLBB,2L,,augmented
2L8X6X5/8LLBB,2L,,original
2L 8X6X5/8LLBB,2L,,original
2L-8X6X5/8LLBB,2L,,augmented
2L_8X6X5/8LLBB,2L,,augmented
2L8 X 6X5/8LLBB,2L,,original
2L8X6X5/8LLBB A36,2L,,augmented
2L 8 X 6 X 5/8LLBB,2L,,original
2L Shape 2L8X6X5/8LLBB,2L,,augmented
2L Shape-2L8X6X5/8LLBB,2L,,augmented
2L8X6X5/8LLBB 2L Shape,2L,,augmented
2L8X6X5/8LLBB ASTM A36,2L,,augmented
2L8X6X5/8LLBB LL Angle,2L,,augmented
LL Angle 2L8X6X5/8LLBB,2L,,augmented
2L8X6X5/8X3/8LLBB,2L,,original
2L 8X6X5/8X3/8LLBB,2L,,original
2L-8X6X5/8X3/8LLBB,2L,,augmented
2L_8X6X5/8X3/8LLBB,2L,,augmented
2L8 X 6X5/8X3/8LLBB,2L,,original
2L8X6X5/8X3/8LLBB A36,2L,,augmented
2L 8 X 6 X 5/8 X 3/8LLBB,2L,,original
2L Shape 2L8X6X5/8X3/8LLBB,2L,,augmented
2L Shape-2L8X6X5/8X3/8LLBB,2L,,augmented
2L8X6X5/8X3/8LLBB 2L Shape,2L,,augmented
2L8X6X5/8X3/8LLBB ASTM A36,2L,,augmented
2L8X6X5/8X3/8LLBB LL Angle,2L,,augmented
LL Angle 2L8X6X5/8X3/8LLBB,2L,,augmented
2L8X6X5/8X3/4LLBB,2L,,original
2L 8X6X5/8X3/4LLBB,2L,,original
2L-8X6X5/8X3/4LLBB,2L,,augmented
2L_8X6X5/8X3/4LLBB,2L,,augmented
2L8 X 6X5/8X3/4LLBB,2L,,original
2L8X6X5/8X3/4LLBB A36,2L,,augmented
2L 8 X 6 X 5/8 X 3/4LLBB,2L,,original
2L Shape 2L8X6X5/8X3/4LLBB,2L,,augmented
2L Shape-2L8X6X5/8X3/4LLBB,2L,,augmented
2L8X6X5/8X3/4LLBB 2L Shape,2L,,augmented
2L8X6X5/8X3/4LLBB ASTM A36,2L,,augmented
2L8X6X5/8X3/4LLBB LL Angle,2L,,augmented
LL Angle 2L8X6X5/8X3/4LLBB,2L,,augmented
2L8X6X9/16LLBB,2L,,original
2L 8X6X9/16LLBB,2L,,original
2L-8X6X9/16LLBB,2L,,augmented
2L_8X6X9/16LLBB,2L,,augmented
2L8 X 6X9/16LLBB,2L,,original
2L8X6X9/16LLBB A36,2L,,augmented
2L 8 X 6 X 9/16LLBB,2L,,original
2L Shape 2L8X6X9/16LLBB,2L,,augmented
2L Shape-2L8X6X9/16LLBB,2L,,augmented
2L8X6X9/16LLBB 2L Shape,2L,,augmented
2L8X6X9/16LLBB ASTM A36,2L,,augmented
2L8X6X9/16LLBB LL Angle,2L,,augmented
LL Angle 2L8X6X9/16LLBB,2L,,augmented
2L8X6X9/16X3/8LLBB,2L,,original
2L 8X6X9/16X3/8LLBB,2L,,original
2L-8X6X9/16X3/8LLBB,2L,,augmented
2L_8X6X9/16X3/8LLBB,2L,,augmented
2L8 X 6X9/16X3/8LLBB,2L,,original
2L8X6X9/16X3/8LLBB A36,2L,,augmented
2L 8 X 6 X 9/16 X 3/8LLBB,2L,,original
2L Shape 2L8X6X9/16X3/8LLBB,2L,,augmented
2L Shape-2L8X6X9/16X3/8LLBB,2L,,augmented
2L8X6X9/16X3/8LLBB 2L Shape,2L,,augmented
2L8X6X9/16X3/8LLBB ASTM A36,2L,,augmented
2L8X6X9/16X3/8LLBB LL Angle,2L,,augmented
LL Angle 2L8X6X9/16X3/8LLBB,2L,,augmented
2L8X6X9/16X3/4LLBB,2L,,original
2L 8X6X9/16X3/4LLBB,2L,,original
2L-8X6X9/16X3/4LLBB,2L,,augmented
2L_8X6X9/16X3/4LLBB,2L,,augmented
2L8 X 6X9/16X3/4LLBB,2L,,original
2L8X6X9/16X3/4LLBB A36,2L,,augmented
2L 8 X 6 X 9/16 X 3/4LLBB,2L,,original
2L Shape 2L8X6X9/16X3/4LLBB,2L,,augmented
2L Shape-2L8X6X9/16X3/4LLBB,2L,,augmented
2L8X6X9/16X3/4LLBB 2L Shape,2L,,augmented
2L8X6X9/16X3/4LLBB ASTM A36,2L,,augmented
2L8X6X9/16X3/4LLBB LL Angle,2L,,augmented
LL Angle 2L8X6X9/16X3/4LLBB,2L,,augmented
2L8X6X1/2LLBB,2L,,original
2L 8X6X1/2LLBB,2L,,original
2L-8X6X1/2LLBB,2L,,augmented
2L_8X6X1/2LLBB,2L,,augmented
2L8 X 6X1/2LLBB,2L,,original
2L8X6X1/2LLBB A36,2L,,augmented
2L 8 X 6 X 1/2LLBB,2L,,original
2L Shape 2L8X6X1/2LLBB,2L,,augmented
2L Shape-2L8X6X1/2LLBB,2L,,augmented
2L8X6X1/2LLBB 2L Shape,2L,,augmented
2L8X6X1/2LLBB ASTM A36,2L,,augmented
2L8X6X1/2LLBB LL Angle,2L,,augmented
LL Angle 2L8X6X1/2LLBB,2L,,augmented
2L8X6X1/2X3/8LLBB,2L,,original
2L 8X6X1/2X3/8LLBB,2L,,original
2L-8X6X1/2X3/8LLBB,2L,,augmented
2L_8X6X1/2X3/8LLBB,2L,,augmented
2L8 X 6X1/2X3/8LLBB,2L,,original
2L8X6X1/2X3/8LLBB A36,2L,,augmented
2L 8 X 6 X 1/2 X 3/8LLBB,2L,,original
2L Shape 2L8X6X1/2X3/8LLBB,2L,,augmented
2L Shape-2L8X6X1/2X3/8LLBB,2L,,augmented
2L8X6X1/2X3/8LLBB 2L Shape,2L,,augmented
2L8X6X1/2X3/8LLBB ASTM A36,2L,,augmented
2L8X6X1/2X3/8LLBB LL Angle,2L,,augmented
LL Angle 2L8X6X1/2X3/8LLBB,2L,,augmented
2L8X6X1/2X3/4LLBB,2L,,original
2L 8X6X1/2X3/4LLBB,2L,,original
2L-8X6X1/2X3/4LLBB,2L,,augmented
2L_8X6X1/2X3/4LLBB,2L,,augmented
2L8 X 6X1/2X3/4LLBB,2L,,original
2L8X6X1/2X3/4LLBB A36,2L,,augmented
2L 8 X 6 X 1/2 X 3/4LLBB,2L,,original
2L Shape 2L8X6X1/2X3/4LLBB,2L,,augmented
2L Shape-2L8X6X1/2X3/4LLBB,2L,,augmented
2L8X6X1/2X3/4LLBB 2L Shape,2L,,augmented
2L8X6X1/2X3/4LLBB ASTM A36,2L,,augmented
2L8X6X1/2X3/4LLBB LL Angle,2L,,augmented
LL Angle 2L8X6X1/2X3/4LLBB,2L,,augmented
2L8X6X7/16LLBB,2L,,original
2L 8X6X7/16LLBB,2L,,original
2L-8X6X7/16LLBB,2L,,augmented
2L_8X6X7/16LLBB,2L,,augmented
2L8 X 6X7/16LLBB,2L,,original
2L8X6X7/16LLBB A36,2L,,augmented
2L 8 X 6 X 7/16LLBB,2L,,original
2L Shape 2L8X6X7/16LLBB,2L,,augmented
2L Shape-2L8X6X7/16LLBB,2L,,augmented
2L8X6X7/16LLBB 2L Shape,2L,,augmented
2L8X6X7/16LLBB ASTM A36,2L,,augmented
2L8X6X7/16LLBB LL Angle,2L,,augmented
LL Angle 2L8X6X7/16LLBB,2L,,augmented
2L8X6X7/16X3/8LLBB,2L,,original
2L 8X6X7/16X3/8LLBB,2L,,original
2L-8X6X7/16X3/8LLBB,2L,,augmented
2L_8X6X7/16X3/8LLBB,2L,,augmented
2L8 X 6X7/16X3/8LLBB,2L,,original
2L8X6X7/16X3/8LLBB A36,2L,,augmented
2L 8 X 6 X 7/16 X 3/8LLBB,2L,,original
2L Shape 2L8X6X7/16X3/8LLBB,2L,,augmented
2L Shape-2L8X6X7/16X3/8LLBB,2L,,augmented
2L8X6X7/16X3/8LLBB 2L Shape,2L,,augmented
2L8X6X7/16X3/8LLBB ASTM A36,2L,,augmented
2L8X6X7/16X3/8LLBB LL Angle,2L,,augmented
LL Angle 2L8X6X7/16X3/8LLBB,2L,,augmented
2L8X6X7/16X3/4LLBB,2L,,original
2L 8X6X7/16X3/4LLBB,2L,,original
2L-8X6X7/16X3/4LLBB,2L,,augmented
2L_8X6X7/16X3/4LLBB,2L,,augmented
2L8 X 6X7/16X3/4LLBB,2L,,original
2L8X6X7/16X3/4LLBB A36,2L,,augmented
2L 8 X 6 X 7/16 X 3/4LLBB,2L,,original
2L Shape 2L8X6X7/16X3/4LLBB,2L,,augmented
2L Shape-2L8X6X7/16X3/4LLBB,2L,,augmented
2L8X6X7/16X3/4LLBB 2L Shape,2L,,augmented
2L8X6X7/16X3/4LLBB ASTM A36,2L,,augmented
2L8X6X7/16X3/4LLBB LL Angle,2L,,augmented
LL Angle 2L8X6X7/16X3/4LLBB,2L,,augmented
2L8X4X1LLBB,2L,,original
2L 8X4X1LLBB,2L,,original
2L-8X4X1LLBB,2L,,augmented
2L_8X4X1LLBB,2L,,augmented
2L8 X 4X1LLBB,2L,,original
2L8X4X1LLBB A36,2L,,augmented
2L 8 X 4 X 1LLBB,2L,,original
2L Shape 2L8X4X1LLBB,2L,,augmented
2L Shape-2L8X4X1LLBB,2L,,augmented
2L8X4X1LLBB 2L Shape,2L,,augmented
2L8X4X1LLBB ASTM A36,2L,,augmented
2L8X4X1LLBB LL Angle,2L,,augmented
LL Angle 2L8X4X1LLBB,2L,,augmented
2L8X4X1X3/8LLBB,2L,,original
2L 8X4X1X3/8LLBB,2L,,original
2L-8X4X1X3/8LLBB,2L,,augmented
2L_8X4X1X3/8LLBB,2L,,augmented
2L8 X 4X1X3/8LLBB,2L,,original
2L8X4X1X3/8LLBB A36,2L,,augmented
2L 8 X 4 X 1 X 3/8LLBB,2L,,original
2L Shape 2L8X4X1X3/8LLBB,2L,,augmented
2L Shape-2L8X4X1X3/8LLBB,2L,,augmented
2L8X4X1X3/8LLBB 2L Shape,2L,,augmented
2L8X4X1X3/8LLBB ASTM A36,2L,,augmented
2L8X4X1X3/8LLBB LL Angle,2L,,augmented
LL Angle 2L8X4X1X3/8LLBB,2L,,augmented
2L8X4X1X3/4LLBB,2L,,original
2L 8X4X1X3/4LLBB,2L,,original
2L-8X4X1X3/4LLBB,2L,,augmented
2L_8X4X1X3/4LLBB,2L,,augmented
2L8 X 4X1X3/4LLBB,2L,,original
2L8X4X1X3/4LLBB A36,2L,,augmented
2L 8 X 4 X 1 X 3/4LLBB,2L,,original
2L Shape 2L8X4X1X3/4LLBB,2L,,augmented
2L Shape-2L8X4X1X3/4LLBB,2L,,augmented
2L8X4X1X3/4LLBB 2L Shape,2L,,augmented
2L8X4X1X3/4LLBB ASTM A36,2L,,augmented
2L8X4X1X3/4LLBB LL Angle,2L,,augmented
LL Angle 2L8X4X1X3/4LLBB,2L,,augmented
2L8X4X7/8LLBB,2L,,original
2L 8X4X7/8LLBB,2L,,original
2L-8X4X7/8LLBB,2L,,augmented
2L_8X4X7/8LLBB,2L,,augmented
2L8 X 4X7/8LLBB,2L,,original
2L8X4X7/8LLBB A36,2L,,augmented
2L 8 X 4 X 7/8LLBB,2L,,original
2L Shape 2L8X4X7/8LLBB,2L,,augmented
2L Shape-2L8X4X7/8LLBB,2L,,augmented
2L8X4X7/8LLBB 2L Shape,2L,,augmented
2L8X4X7/8LLBB ASTM A36,2L,,augmented
2L8X4X7/8LLBB LL Angle,2L,,augmented
LL Angle 2L8X4X7/8LLBB,2L,,augmented
2L8X4X7/8X3/8LLBB,2L,,original
2L 8X4X7/8X3/8LLBB,2L,,original
2L-8X4X7/8X3/8LLBB,2L,,augmented
2L_8X4X7/8X3/8LLBB,2L,,augmented
2L8 X 4X7/8X3/8LLBB,2L,,original
2L8X4X7/8X3/8LLBB A36,2L,,augmented
2L 8 X 4 X 7/8 X 3/8LLBB,2L,,original
2L Shape 2L8X4X7/8X3/8LLBB,2L,,augmented
2L Shape-2L8X4X7/8X3/8LLBB,2L,,augmented
2L8X4X7/8X3/8LLBB 2L Shape,2L,,augmented
2L8X4X7/8X3/8LLBB ASTM A36,2L,,augmented
2L8X4X7/8X3/8LLBB LL Angle,2L,,augmented
LL Angle 2L8X4X7/8X3/8LLBB,2L,,augmented
2L8X4X7/8X3/4LLBB,2L,,original
2L 8X4X7/8X3/4LLBB,2L,,original
2L-8X4X7/8X3/4LLBB,2L,,augmented
2L_8X4X7/8X3/4LLBB,2L,,augmented
2L8 X 4X7/8X3/4LLBB,2L,,original
2L8X4X7/8X3/4LLBB A36,2L,,augmented
2L 8 X 4 X 7/8 X 3/4LLBB,2L,,original
2L Shape 2L8X4X7/8X3/4LLBB,2L,,augmented
2L Shape-2L8X4X7/8X3/4LLBB,2L,,augmented
2L8X4X7/8X3/4LLBB 2L Shape,2L,,augmented
2L8X4X7/8X3/4LLBB ASTM A36,2L,,augmented
2L8X4X7/8X3/4LLBB LL Angle,2L,,augmented
LL Angle 2L8X4X7/8X3/4LLBB,2L,,augmented
2L8X4X3/4LLBB,2L,,original
2L 8X4X3/4LLBB,2L,,original
2L-8X4X3/4LLBB,2L,,augmented
2L_8X4X3/4LLBB,2L,,augmented
2L8 X 4X3/4LLBB,2L,,original
2L8X4X3/4LLBB A36,2L,,augmented
2L 8 X 4 X 3/4LLBB,2L,,original
2L Shape 2L8X4X3/4LLBB,2L,,augmented
2L Shape-2L8X4X3/4LLBB,2L,,augmented
2L8X4X3/4LLBB 2L Shape,2L,,augmented
2L8X4X3/4LLBB ASTM A36,2L,,augmented
2L8X4X3/4LLBB LL Angle,2L,,augmented
LL Angle 2L8X4X3/4LLBB,2L,,augmented
2L8X4X3/4X3/8LLBB,2L,,original
2L 8X4X3/4X3/8LLBB,2L,,original
2L-8X4X3/4X3/8LLBB,2L,,augmented
2L_8X4X3/4X3/8LLBB,2L,,augmented
2L8 X 4X3/4X3/8LLBB,2L,,original
2L8X4X3/4X3/8LLBB A36,2L,,augmented
2L 8 X 4 X 3/4 X 3/8LLBB,2L,,original
2L Shape 2L8X4X3/4X3/8LLBB,2L,,augmented
2L Shape-2L8X4X3/4X3/8LLBB,2L,,augmented
2L8X4X3/4X3/8LLBB 2L Shape,2L,,augmented
2L8X4X3/4X3/8LLBB ASTM A36,2L,,augmented
2L8X4X3/4X3/8LLBB LL Angle,2L,,augmented
LL Angle 2L8X4X3/4X3/8LLBB,2L,,augmented
2L8X4X3/4X3/4LLBB,2L,,original
2L 8X4X3/4X3/4LLBB,2L,,original
2L-8X4X3/4X3/4LLBB,2L,,augmented
2L_8X4X3/4X3/4LLBB,2L,,augmented
2L8 X 4X3/4X3/4LLBB,2L,,original
2L8X4X3/4X3/4LLBB A36,2L,,augmented
2L 8 X 4 X 3/4 X 3/4LLBB,2L,,original
2L Shape 2L8X4X3/4X3/4LLBB,2L,,augmented
2L Shape-2L8X4X3/4X3/4LLBB,2L,,augmented
2L8X4X3/4X3/4LLBB 2L Shape,2L,,augmented
2L8X4X3/4X3/4LLBB ASTM A36,2L,,augmented
2L8X4X3/4X3/4LLBB LL Angle,2L,,augmented
LL Angle 2L8X4X3/4X3/4LLBB,2L,,augmented
2L8X4X5/8LLBB,2L,,original
2L 8X4X5/8LLBB,2L,,original
2L-8X4X5/8LLBB,2L,,augmented
2L_8X4X5/8LLBB,2L,,augmented
2L8 X 4X5/8LLBB,2L,,original
2L8X4X5/8LLBB A36,2L,,augmented
2L 8 X 4 X 5/8LLBB,2L,,original
2L Shape 2L8X4X5/8LLBB,2L,,augmented
2L Shape-2L8X4X5/8LLBB,2L,,augmented
2L8X4X5/8LLBB 2L Shape,2L,,augmented
2L8X4X5/8LLBB ASTM A36,2L,,augmented
2L8X4X5/8LLBB LL Angle,2L,,augmented
LL Angle 2L8X4X5/8LLBB,2L,,augmented
2L8X4X5/8X3/8LLBB,2L,,original
2L 8X4X5/8X3/8LLBB,2L,,original
2L-8X4X5/8X3/8LLBB,2L,,augmented
2L_8X4X5/8X3/8LLBB,2L,,augmented
2L8 X 4X5/8X3/8LLBB,2L,,original
2L8X4X5/8X3/8LLBB A36,2L,,augmented
2L 8 X 4 X 5/8 X 3/8LLBB,2L,,original
2L Shape 2L8X4X5/8X3/8LLBB,2L,,augmented
2L Shape-2L8X4X5/8X3/8LLBB,2L,,augmented
2L8X4X5/8X3/8LLBB 2L Shape,2L,,augmented
2L8X4X5/8X3/8LLBB ASTM A36,2L,,augmented
2L8X4X5/8X3/8LLBB LL Angle,2L,,augmented
LL Angle 2L8X4X5/8X3/8LLBB,2L,,augmented
2L8X4X5/8X3/4LLBB,2L,,original
2L 8X4X5/8X3/4LLBB,2L,,original
2L-8X4X5/8X3/4LLBB,2L,,augmented
2L_8X4X5/8X3/4LLBB,2L,,augmented
2L8 X 4X5/8X3/4LLBB,2L,,original
2L8X4X5/8X3/4LLBB A36,2L,,augmented
2L 8 X 4 X 5/8 X 3/4LLBB,2L,,original
2L Shape 2L8X4X5/8X3/4LLBB,2L,,augmented
2L Shape-2L8X4X5/8X3/4LLBB,2L,,augmented
2L8X4X5/8X3/4LLBB 2L Shape,2L,,augmented
2L8X4X5/8X3/4LLBB ASTM A36,2L,,augmented
2L8X4X5/8X3/4LLBB LL Angle,2L,,augmented
LL Angle 2L8X4X5/8X3/4LLBB,2L,,augmented
2L8X4X9/16LLBB,2L,,original
2L 8X4X9/16LLBB,2L,,original
2L-8X4X9/16LLBB,2L,,augmented
2L_8X4X9/16LLBB,2L,,augmented
2L8 X 4X9/16LLBB,2L,,original
2L8X4X9/16LLBB A36,2L,,augmented
2L 8 X 4 X 9/16LLBB,2L,,original
2L Shape 2L8X4X9/16LLBB,2L,,augmented
2L Shape-2L8X4X9/16LLBB,2L,,augmented
2L8X4X9/16LLBB 2L Shape,2L,,augmented
2L8X4X9/16LLBB ASTM A36,2L,,augmented
2L8X4X9/16LLBB LL Angle,2L,,augmented
LL Angle 2L8X4X9/16LLBB,2L,,augmented
2L8X4X9/16X3/8LLBB,2L,,original
2L 8X4X9/16X3/8LLBB,2L,,original
2L-8X4X9/16X3/8LLBB,2L,,augmented
2L_8X4X9/16X3/8LLBB,2L,,augmented
2L8 X 4X9/16X3/8LLBB,2L,,original
2L8X4X9/16X3/8LLBB A36,2L,,augmented
2L 8 X 4 X 9/16 X 3/8LLBB,2L,,original
2L Shape 2L8X4X9/16X3/8LLBB,2L,,augmented
2L Shape-2L8X4X9/16X3/8LLBB,2L,,augmented
2L8X4X9/16X3/8LLBB 2L Shape,2L,,augmented
2L8X4X9/16X3/8LLBB ASTM A36,2L,,augmented
2L8X4X9/16X3/8LLBB LL Angle,2L,,augmented
LL Angle 2L8X4X9/16X3/8LLBB,2L,,augmented
2L8X4X9/16X3/4LLBB,2L,,original
2L 8X4X9/16X3/4LLBB,2L,,original
2L-8X4X9/16X3/4LLBB,2L,,augmented
2L_8X4X9/16X3/4LLBB,2L,,augmented
2L8 X 4X9/16X3/4LLBB,2L,,original
2L8X4X9/16X3/4LLBB A36,2L,,augmented
2L 8 X 4 X 9/16 X 3/4LLBB,2L,,original
2L Shape 2L8X4X9/16X3/4LLBB,2L,,augmented
2L Shape-2L8X4X9/16X3/4LLBB,2L,,augmented
2L8X4X9/16X3/4LLBB 2L Shape,2L,,augmented
2L8X4X9/16X3/4LLBB ASTM A36,2L,,augmented
2L8X4X9/16X3/4LLBB LL Angle,2L,,augmented
LL Angle 2L8X4X9/16X3/4LLBB,2L,,augmented
2L8X4X1/2LLBB,2L,,original
2L 8X4X1/2LLBB,2L,,original
2L-8X4X1/2LLBB,2L,,augmented
2L_8X4X1/2LLBB,2L,,augmented
2L8 X 4X1/2LLBB,2L,,original
2L8X4X1/2LLBB A36,2L,,augmented
2L 8 X 4 X 1/2LLBB,2L,,original
2L Shape 2L8X4X1/2LLBB,2L,,augmented
2L Shape-2L8X4X1/2LLBB,2L,,augmented
2L8X4X1/2LLBB 2L Shape,2L,,augmented
2L8X4X1/2LLBB ASTM A36,2L,,augmented
2L8X4X1/2LLBB LL Angle,2L,,augmented
LL Angle 2L8X4X1/2LLBB,2L,,augmented
2L8X4X1/2X3/8LLBB,2L,,original
2L 8X4X1/2X3/8LLBB,2L,,original
2L-8X4X1/2X3/8LLBB,2L,,augmented
2L_8X4X1/2X3/8LLBB,2L,,augmented
2L8 X 4X1/2X3/8LLBB,2L,,original
2L8X4X1/2X3/8LLBB A36,2L,,augmented
2L 8 X 4 X 1/2 X 3/8LLBB,2L,,original
2L Shape 2L8X4X1/2X3/8LLBB,2L,,augmented
2L Shape-2L8X4X1/2X3/8LLBB,2L,,augmented
2L8X4X1/2X3/8LLBB 2L Shape,2L,,augmented
2L8X4X1/2X3/8LLBB ASTM A36,2L,,augmented
2L8X4X1/2X3/8LLBB LL Angle,2L,,augmented
LL Angle 2L8X4X1/2X3/8LLBB,2L,,augmented
2L8X4X1/2X3/4LLBB,2L,,original
2L 8X4X1/2X3/4LLBB,2L,,original
2L-8X4X1/2X3/4LLBB,2L,,augmented
2L_8X4X1/2X3/4LLBB,2L,,augmented
2L8 X 4X1/2X3/4LLBB,2L,,original
2L8X4X1/2X3/4LLBB A36,2L,,augmented
2L 8 X 4 X 1/2 X 3/4LLBB,2L,,original
2L Shape 2L8X4X1/2X3/4LLBB,2L,,augmented
2L Shape-2L8X4X1/2X3/4LLBB,2L,,augmented
2L8X4X1/2X3/4LLBB 2L Shape,2L,,augmented
2L8X4X1/2X3/4LLBB ASTM A36,2L,,augmented
2L8X4X1/2X3/4LLBB LL Angle,2L,,augmented
LL Angle 2L8X4X1/2X3/4LLBB,2L,,augmented
2L8X4X7/16LLBB,2L,,original
2L 8X4X7/16LLBB,2L,,original
2L-8X4X7/16LLBB,2L,,augmented
2L_8X4X7/16LLBB,2L,,augmented
2L8 X 4X7/16LLBB,2L,,original
2L8X4X7/16LLBB A36,2L,,augmented
2L 8 X 4 X 7/16LLBB,2L,,original
2L Shape 2L8X4X7/16LLBB,2L,,augmented
2L Shape-2L8X4X7/16LLBB,2L,,augmented
2L8X4X7/16LLBB 2L Shape,2L,,augmented
2L8X4X7/16LLBB ASTM A36,2L,,augmented
2L8X4X7/16LLBB LL Angle,2L,,augmented
LL Angle 2L8X4X7/16LLBB,2L,,augmented
2L8X4X7/16X3/8LLBB,2L,,original
2L 8X4X7/16X3/8LLBB,2L,,original
2L-8X4X7/16X3/8LLBB,2L,,augmented
2L_8X4X7/16X3/8LLBB,2L,,augmented
2L8 X 4X7/16X3/8LLBB,2L,,original
2L8X4X7/16X3/8LLBB A36,2L,,augmented
2L 8 X 4 X 7/16 X 3/8LLBB,2L,,original
2L Shape 2L8X4X7/16X3/8LLBB,2L,,augmented
2L Shape-2L8X4X7/16X3/8LLBB,2L,,augmented
2L8X4X7/16X3/8LLBB 2L Shape,2L,,augmented
2L8X4X7/16X3/8LLBB ASTM A36,2L,,augmented
2L8X4X7/16X3/8LLBB LL Angle,2L,,augmented
LL Angle 2L8X4X7/16X3/8LLBB,2L,,augmented
2L8X4X7/16X3/4LLBB,2L,,original
2L 8X4X7/16X3/4LLBB,2L,,original
2L-8X4X7/16X3/4LLBB,2L,,augmented
2L_8X4X7/16X3/4LLBB,2L,,augmented
2L8 X 4X7/16X3/4LLBB,2L,,original
2L8X4X7/16X3/4LLBB A36,2L,,augmented
2L 8 X 4 X 7/16 X 3/4LLBB,2L,,original
2L Shape 2L8X4X7/16X3/4LLBB,2L,,augmented
2L Shape-2L8X4X7/16X3/4LLBB,2L,,augmented
2L8X4X7/16X3/4LLBB 2L Shape,2L,,augmented
2L8X4X7/16X3/4LLBB ASTM A36,2L,,augmented
2L8X4X7/16X3/4LLBB LL Angle,2L,,augmented
LL Angle 2L8X4X7/16X3/4LLBB,2L,,augmented
2L7X4X3/4LLBB,2L,,original
2L 7X4X3/4LLBB,2L,,original
2L-7X4X3/4LLBB,2L,,augmented
2L_7X4X3/4LLBB,2L,,augmented
2L7 X 4X3/4LLBB,2L,,original
2L7X4X3/4LLBB A36,2L,,augmented
2L 7 X 4 X 3/4LLBB,2L,,original
2L Shape 2L7X4X3/4LLBB,2L,,augmented
2L Shape-2L7X4X3/4LLBB,2L,,augmented
2L7X4X3/4LLBB 2L Shape,2L,,augmented
2L7X4X3/4LLBB ASTM A36,2L,,augmented
2L7X4X3/4LLBB LL Angle,2L,,augmented
LL Angle 2L7X4X3/4LLBB,2L,,augmented
2L7X4X3/4X3/8LLBB,2L,,original
2L 7X4X3/4X3/8LLBB,2L,,original
2L-7X4X3/4X3/8LLBB,2L,,augmented
2L_7X4X3/4X3/8LLBB,2L,,augmented
2L7 X 4X3/4X3/8LLBB,2L,,original
2L7X4X3/4X3/8LLBB A36,2L,,augmented
2L 7 X 4 X 3/4 X 3/8LLBB,2L,,original
2L Shape 2L7X4X3/4X3/8LLBB,2L,,augmented
2L Shape-2L7X4X3/4X3/8LLBB,2L,,augmented
2L7X4X3/4X3/8LLBB 2L Shape,2L,,augmented
2L7X4X3/4X3/8LLBB ASTM A36,2L,,augmented
2L7X4X3/4X3/8LLBB LL Angle,2L,,augmented
LL Angle 2L7X4X3/4X3/8LLBB,2L,,augmented
2L7X4X3/4X3/4LLBB,2L,,original
2L 7X4X3/4X3/4LLBB,2L,,original
2L-7X4X3/4X3/4LLBB,2L,,augmented
2L_7X4X3/4X3/4LLBB,2L,,augmented
2L7 X 4X3/4X3/4LLBB,2L,,original
2L7X4X3/4X3/4LLBB A36,2L,,augmented
2L 7 X 4 X 3/4 X 3/4LLBB,2L,,original
2L Shape 2L7X4X3/4X3/4LLBB,2L,,augmented
2L Shape-2L7X4X3/4X3/4LLBB,2L,,augmented
2L7X4X3/4X3/4LLBB 2L Shape,2L,,augmented
2L7X4X3/4X3/4LLBB ASTM A36,2L,,augmented
2L7X4X3/4X3/4LLBB LL Angle,2L,,augmented
LL Angle 2L7X4X3/4X3/4LLBB,2L,,augmented
2L7X4X5/8LLBB,2L,,original
2L 7X4X5/8LLBB,2L,,original
2L-7X4X5/8LLBB,2L,,augmented
2L_7X4X5/8LLBB,2L,,augmented
2L7 X 4X5/8LLBB,2L,,original
2L7X4X5/8LLBB A36,2L,,augmented
2L 7 X 4 X 5/8LLBB,2L,,original
2L Shape 2L7X4X5/8LLBB,2L,,augmented
2L Shape-2L7X4X5/8LLBB,2L,,augmented
2L7X4X5/8LLBB 2L Shape,2L,,augmented
2L7X4X5/8LLBB ASTM A36,2L,,augmented
2L7X4X5/8LLBB LL Angle,2L,,augmented
LL Angle 2L7X4X5/8LLBB,2L,,augmented
2L7X4X5/8X3/8LLBB,2L,,original
2L 7X4X5/8X3/8LLBB,2L,,original
2L-7X4X5/8X3/8LLBB,2L,,augmented
2L_7X4X5/8X3/8LLBB,2L,,augmented
2L7 X 4X5/8X3/8LLBB,2L,,original
2L7X4X5/8X3/8LLBB A36,2L,,augmented
2L 7 X 4 X 5/8 X 3/8LLBB,2L,,original
2L Shape 2L7X4X5/8X3/8LLBB,2L,,augmented
2L Shape-2L7X4X5/8X3/8LLBB,2L,,augmented
2L7X4X5/8X3/8LLBB 2L Shape,2L,,augmented
2L7X4X5/8X3/8LLBB ASTM A36,2L,,augmented
2L7X4X5/8X3/8LLBB LL Angle,2L,,augmented
LL Angle 2L7X4X5/8X3/8LLBB,2L,,augmented
2L7X4X5/8X3/4LLBB,2L,,original
2L 7X4X5/8X3/4LLBB,2L,,original
2L-7X4X5/8X3/4LLBB,2L,,augmented
2L_7X4X5/8X3/4LLBB,2L,,augmented
2L7 X 4X5/8X3/4LLBB,2L,,original
2L7X4X5/8X3/4LLBB A36,2L,,augmented
2L 7 X 4 X 5/8 X 3/4LLBB,2L,,original
2L Shape 2L7X4X5/8X3/4LLBB,2L,,augmented
2L Shape-2L7X4X5/8X3/4LLBB,2L,,augmented
2L7X4X5/8X3/4LLBB 2L Shape,2L,,augmented
2L7X4X5/8X3/4LLBB ASTM A36,2L,,augmented
2L7X4X5/8X3/4LLBB LL Angle,2L,,augmented
LL Angle 2L7X4X5/8X3/4LLBB,2L,,augmented
2L7X4X1/2LLBB,2L,,original
2L 7X4X1/2LLBB,2L,,original
2L-7X4X1/2LLBB,2L,,augmented
2L_7X4X1/2LLBB,2L,,augmented
2L7 X 4X1/2LLBB,2L,,original
2L7X4X1/2LLBB A36,2L,,augmented
2L 7 X 4 X 1/2LLBB,2L,,original
2L Shape 2L7X4X1/2LLBB,2L,,augmented
2L Shape-2L7X4X1/2LLBB,2L,,augmented
2L7X4X1/2LLBB 2L Shape,2L,,augmented
2L7X4X1/2LLBB ASTM A36,2L,,augmented
2L7X4X1/2LLBB LL Angle,2L,,augmented
LL Angle 2L7X4X1/2LLBB,2L,,augmented
2L7X4X1/2X3/8LLBB,2L,,original
2L 7X4X1/2X3/8LLBB,2L,,original
2L-7X4X1/2X3/8LLBB,2L,,augmented
2L_7X4X1/2X3/8LLBB,2L,,augmented
2L7 X 4X1/2X3/8LLBB,2L,,original
2L7X4X1/2X3/8LLBB A36,2L,,augmented
2L 7 X 4 X 1/2 X 3/8LLBB,2L,,original
2L Shape 2L7X4X1/2X3/8LLBB,2L,,augmented
2L Shape-2L7X4X1/2X3/8LLBB,2L,,augmented
2L7X4X1/2X3/8LLBB 2L Shape,2L,,augmented
2L7X4X1/2X3/8LLBB ASTM A36,2L,,augmented
2L7X4X1/2X3/8LLBB LL Angle,2L,,augmented
LL Angle 2L7X4X1/2X3/8LLBB,2L,,augmented
2L7X4X1/2X3/4LLBB,2L,,original
2L 7X4X1/2X3/4LLBB,2L,,original
2L-7X4X1/2X3/4LLBB,2L,,augmented
2L_7X4X1/2X3/4LLBB,2L,,augmented
2L7 X 4X1/2X3/4LLBB,2L,,original
2L7X4X1/2X3/4LLBB A36,2L,,augmented
2L 7 X 4 X 1/2 X 3/4LLBB,2L,,original
2L Shape 2L7X4X1/2X3/4LLBB,2L,,augmented
2L Shape-2L7X4X1/2X3/4LLBB,2L,,augmented
2L7X4X1/2X3/4LLBB 2L Shape,2L,,augmented
2L7X4X1/2X3/4LLBB ASTM A36,2L,,augmented
2L7X4X1/2X3/4LLBB LL Angle,2L,,augmented
LL Angle 2L7X4X1/2X3/4LLBB,2L,,augmented
2L7X4X7/16LLBB,2L,,original
2L 7X4X7/16LLBB,2L,,original
2L-7X4X7/16LLBB,2L,,augmented
2L_7X4X7/16LLBB,2L,,augmented
2L7 X 4X7/16LLBB,2L,,original
2L7X4X7/16LLBB A36,2L,,augmented
2L 7 X 4 X 7/16LLBB,2L,,original
2L Shape 2L7X4X7/16LLBB,2L,,augmented
2L Shape-2L7X4X7/16LLBB,2L,,augmented
2L7X4X7/16LLBB 2L Shape,2L,,augmented
2L7X4X7/16LLBB ASTM A36,2L,,augmented
2L7X4X7/16LLBB LL Angle,2L,,augmented
LL Angle 2L7X4X7/16LLBB,2L,,augmented
2L7X4X7/16X3/8LLBB,2L,,original
2L 7X4X7/16X3/8LLBB,2L,,original
2L-7X4X7/16X3/8LLBB,2L,,augmented
2L_7X4X7/16X3/8LLBB,2L,,augmented
2L7 X 4X7/16X3/8LLBB,2L,,original
2L7X4X7/16X3/8LLBB A36,2L,,augmented
2L 7 X 4 X 7/16 X 3/8LLBB,2L,,original
2L Shape 2L7X4X7/16X3/8LLBB,2L,,augmented
2L Shape-2L7X4X7/16X3/8LLBB,2L,,augmented
2L7X4X7/16X3/8LLBB 2L Shape,2L,,augmented
2L7X4X7/16X3/8LLBB ASTM A36,2L,,augmented
2L7X4X7/16X3/8LLBB LL Angle,2L,,augmented
LL Angle 2L7X4X7/16X3/8LLBB,2L,,augmented
2L7X4X7/16X3/4LLBB,2L,,original
2L 7X4X7/16X3/4LLBB,2L,,original
2L-7X4X7/16X3/4LLBB,2L,,augmented
2L_7X4X7/16X3/4LLBB,2L,,augmented
2L7 X 4X7/16X3/4LLBB,2L,,original
2L7X4X7/16X3/4LLBB A36,2L,,augmented
2L 7 X 4 X 7/16 X 3/4LLBB,2L,,original
2L Shape 2L7X4X7/16X3/4LLBB,2L,,augmented
2L Shape-2L7X4X7/16X3/4LLBB,2L,,augmented
2L7X4X7/16X3/4LLBB 2L Shape,2L,,augmented
2L7X4X7/16X3/4LLBB ASTM A36,2L,,augmented
2L7X4X7/16X3/4LLBB LL Angle,2L,,augmented
LL Angle 2L7X4X7/16X3/4LLBB,2L,,augmented
2L7X4X3/8LLBB,2L,,original
2L 7X4X3/8LLBB,2L,,original
2L-7X4X3/8LLBB,2L,,augmented
2L_7X4X3/8LLBB,2L,,augmented
2L7 X 4X3/8LLBB,2L,,original
2L7X4X3/8LLBB A36,2L,,augmented
2L 7 X 4 X 3/8LLBB,2L,,original
2L Shape 2L7X4X3/8LLBB,2L,,augmented
2L Shape-2L7X4X3/8LLBB,2L,,augmented
2L7X4X3/8LLBB 2L Shape,2L,,augmented
2L7X4X3/8LLBB ASTM A36,2L,,augmented
2L7X4X3/8LLBB LL Angle,2L,,augmented
LL Angle 2L7X4X3/8LLBB,2L,,augmented
2L7X4X3/8X3/8LLBB,2L,,original
2L 7X4X3/8X3/8LLBB,2L,,original
2L-7X4X3/8X3/8LLBB,2L,,augmented
2L_7X4X3/8X3/8LLBB,2L,,augmented
2L7 X 4X3/8X3/8LLBB,2L,,original
2L7X4X3/8X3/8LLBB A36,2L,,augmented
2L 7 X 4 X 3/8 X 3/8LLBB,2L,,original
2L Shape 2L7X4X3/8X3/8LLBB,2L,,augmented
2L Shape-2L7X4X3/8X3/8LLBB,2L,,augmented
2L7X4X3/8X3/8LLBB 2L Shape,2L,,augmented
2L7X4X3/8X3/8LLBB ASTM A36,2L,,augmented
2L7X4X3/8X3/8LLBB LL Angle,2L,,augmented
LL Angle 2L7X4X3/8X3/8LLBB,2L,,augmented
2L7X4X3/8X3/4LLBB,2L,,original
2L 7X4X3/8X3/4LLBB,2L,,original
2L-7X4X3/8X3/4LLBB,2L,,augmented
2L_7X4X3/8X3/4LLBB,2L,,augmented
2L7 X 4X3/8X3/4LLBB,2L,,original
2L7X4X3/8X3/4LLBB A36,2L,,augmented
2L 7 X 4 X 3/8 X 3/4LLBB,2L,,original
2L Shape 2L7X4X3/8X3/4LLBB,2L,,augmented
2L Shape-2L7X4X3/8X3/4LLBB,2L,,augmented
2L7X4X3/8X3/4LLBB 2L Shape,2L,,augmented
2L7X4X3/8X3/4LLBB ASTM A36,2L,,augmented
2L7X4X3/8X3/4LLBB LL Angle,2L,,augmented
LL Angle 2L7X4X3/8X3/4LLBB,2L,,augmented
2L6X4X7/8LLBB,2L,,original
2L 6X4X7/8LLBB,2L,,original
2L-6X4X7/8LLBB,2L,,augmented
2L_6X4X7/8LLBB,2L,,augmented
2L6 X 4X7/8LLBB,2L,,original
2L6X4X7/8LLBB A36,2L,,augmented
2L 6 X 4 X 7/8LLBB,2L,,original
2L Shape 2L6X4X7/8LLBB,2L,,augmented
2L Shape-2L6X4X7/8LLBB,2L,,augmented
2L6X4X7/8LLBB 2L Shape,2L,,augmented
2L6X4X7/8LLBB ASTM A36,2L,,augmented
2L6X4X7/8LLBB LL Angle,2L,,augmented
LL Angle 2L6X4X7/8LLBB,2L,,augmented
2L6X4X7/8X3/8LLBB,2L,,original
2L 6X4X7/8X3/8LLBB,2L,,original
2L-6X4X7/8X3/8LLBB,2L,,augmented
2L_6X4X7/8X3/8LLBB,2L,,augmented
2L6 X 4X7/8X3/8LLBB,2L,,original
2L6X4X7/8X3/8LLBB A36,2L,,augmented
2L 6 X 4 X 7/8 X 3/8LLBB,2L,,original
2L Shape 2L6X4X7/8X3/8LLBB,2L,,augmented
2L Shape-2L6X4X7/8X3/8LLBB,2L,,augmented
2L6X4X7/8X3/8LLBB 2L Shape,2L,,augmented
2L6X4X7/8X3/8LLBB ASTM A36,2L,,augmented
2L6X4X7/8X3/8LLBB LL Angle,2L,,augmented
LL Angle 2L6X4X7/8X3/8LLBB,2L,,augmented
2L6X4X7/8X3/4LLBB,2L,,original
2L 6X4X7/8X3/4LLBB,2L,,original
2L-6X4X7/8X3/4LLBB,2L,,augmented
2L_6X4X7/8X3/4LLBB,2L,,augmented
2L6 X 4X7/8X3/4LLBB,2L,,original
2L6X4X7/8X3/4LLBB A36,2L,,augmented
2L 6 X 4 X 7/8 X 3/4LLBB,2L,,original
2L Shape 2L6X4X7/8X3/4LLBB,2L,,augmented
2L Shape-2L6X4X7/8X3/4LLBB,2L,,augmented
2L6X4X7/8X3/4LLBB 2L Shape,2L,,augmented
2L6X4X7/8X3/4LLBB ASTM A36,2L,,augmented
2L6X4X7/8X3/4LLBB LL Angle,2L,,augmented
LL Angle 2L6X4X7/8X3/4LLBB,2L,,augmented
2L6X4X3/4LLBB,2L,,original
2L 6X4X3/4LLBB,2L,,original
2L-6X4X3/4LLBB,2L,,augmented
2L_6X4X3/4LLBB,2L,,augmented
2L6 X 4X3/4LLBB,2L,,original
2L6X4X3/4LLBB A36,2L,,augmented
2L 6 X 4 X 3/4LLBB,2L,,original
2L Shape 2L6X4X3/4LLBB,2L,,augmented
2L Shape-2L6X4X3/4LLBB,2L,,augmented
2L6X4X3/4LLBB 2L Shape,2L,,augmented
2L6X4X3/4LLBB ASTM A36,2L,,augmented
2L6X4X3/4LLBB LL Angle,2L,,augmented
LL Angle 2L6X4X3/4LLBB,2L,,augmented
2L6X4X3/4X3/8LLBB,2L,,original
2L 6X4X3/4X3/8LLBB,2L,,original
2L-6X4X3/4X3/8LLBB,2L,,augmented
2L_6X4X3/4X3/8LLBB,2L,,augmented
2L6 X 4X3/4X3/8LLBB,2L,,original
2L6X4X3/4X3/8LLBB A36,2L,,augmented
2L 6 X 4 X 3/4 X 3/8LLBB,2L,,original
2L Shape 2L6X4X3/4X3/8LLBB,2L,,augmented
2L Shape-2L6X4X3/4X3/8LLBB,2L,,augmented
2L6X4X3/4X3/8LLBB 2L Shape,2L,,augmented
2L6X4X3/4X3/8LLBB ASTM A36,2L,,augmented
2L6X4X3/4X3/8LLBB LL Angle,2L,,augmented
LL Angle 2L6X4X3/4X3/8LLBB,2L,,augmented
2L6X4X3/4X3/4LLBB,2L,,original
2L 6X4X3/4X3/4LLBB,2L,,original
2L-6X4X3/4X3/4LLBB,2L,,augmented
2L_6X4X3/4X3/4LLBB,2L,,augmented
2L6 X 4X3/4X3/4LLBB,2L,,original
2L6X4X3/4X3/4LLBB A36,2L,,augmented
2L 6 X 4 X 3/4 X 3/4LLBB,2L,,original
2L Shape 2L6X4X3/4X3/4LLBB,2L,,augmented
2L Shape-2L6X4X3/4X3/4LLBB,2L,,augmented
2L6X4X3/4X3/4LLBB 2L Shape,2L,,augmented
2L6X4X3/4X3/4LLBB ASTM A36,2L,,augmented
2L6X4X3/4X3/4LLBB LL Angle,2L,,augmented
LL Angle 2L6X4X3/4X3/4LLBB,2L,,augmented
2L6X4X5/8LLBB,2L,,original
2L 6X4X5/8LLBB,2L,,original
2L-6X4X5/8LLBB,2L,,augmented
2L_6X4X5/8LLBB,2L,,augmented
2L6 X 4X5/8LLBB,2L,,original
2L6X4X5/8LLBB A36,2L,,augmented
2L 6 X 4 X 5/8LLBB,2L,,original
2L Shape 2L6X4X5/8LLBB,2L,,augmented
2L Shape-2L6X4X5/8LLBB,2L,,augmented
2L6X4X5/8LLBB 2L Shape,2L,,augmented
2L6X4X5/8LLBB ASTM A36,2L,,augmented
2L6X4X5/8LLBB LL Angle,2L,,augmented
LL Angle 2L6X4X5/8LLBB,2L,,augmented
2L6X4X5/8X3/8LLBB,2L,,original
2L 6X4X5/8X3/8LLBB,2L,,original
2L-6X4X5/8X3/8LLBB,2L,,augmented
2L_6X4X5/8X3/8LLBB,2L,,augmented
2L6 X 4X5/8X3/8LLBB,2L,,original
2L6X4X5/8X3/8LLBB A36,2L,,augmented
2L 6 X 4 X 5/8 X 3/8LLBB,2L,,original
2L Shape 2L6X4X5/8X3/8LLBB,2L,,augmented
2L Shape-2L6X4X5/8X3/8LLBB,2L,,augmented
2L6X4X5/8X3/8LLBB 2L Shape,2L,,augmented
2L6X4X5/8X3/8LLBB ASTM A36,2L,,augmented
2L6X4X5/8X3/8LLBB LL Angle,2L,,augmented
LL Angle 2L6X4X5/8X3/8LLBB,2L,,augmented
2L6X4X5/8X3/4LLBB,2L,,original
2L 6X4X5/8X3/4LLBB,2L,,original
2L-6X4X5/8X3/4LLBB,2L,,augmented
2L_6X4X5/8X3/4LLBB,2L,,augmented
2L6 X 4X5/8X3/4LLBB,2L,,original
2L6X4X5/8X3/4LLBB A36,2L,,augmented
2L 6 X 4 X 5/8 X 3/4LLBB,2L,,original
2L Shape 2L6X4X5/8X3/4LLBB,2L,,augmented
2L Shape-2L6X4X5/8X3/4LLBB,2L,,augmented
2L6X4X5/8X3/4LLBB 2L Shape,2L,,augmented
2L6X4X5/8X3/4LLBB ASTM A36,2L,,augmented
2L6X4X5/8X3/4LLBB LL Angle,2L,,augmented
LL Angle 2L6X4X5/8X3/4LLBB,2L,,augmented
2L6X4X9/16LLBB,2L,,original
2L 6X4X9/16LLBB,2L,,original
2L-6X4X9/16LLBB,2L,,augmented
2L_6X4X9/16LLBB,2L,,augmented
2L6 X 4X9/16LLBB,2L,,original
2L6X4X9/16LLBB A36,2L,,augmented
2L 6 X 4 X 9/16LLBB,2L,,original
2L Shape 2L6X4X9/16LLBB,2L,,augmented
2L Shape-2L6X4X9/16LLBB,2L,,augmented
2L6X4X9/16LLBB 2L Shape,2L,,augmented
2L6X4X9/16LLBB ASTM A36,2L,,augmented
2L6X4X9/16LLBB LL Angle,2L,,augmented
LL Angle 2L6X4X9/16LLBB,2L,,augmented
2L6X4X9/16X3/8LLBB,2L,,original
2L 6X4X9/16X3/8LLBB,2L,,original
2L-6X4X9/16X3/8LLBB,2L,,augmented
2L_6X4X9/16X3/8LLBB,2L,,augmented
2L6 X 4X9/16X3/8LLBB,2L,,original
2L6X4X9/16X3/8LLBB A36,2L,,augmented
2L 6 X 4 X 9/16 X 3/8LLBB,2L,,original
2L Shape 2L6X4X9/16X3/8LLBB,2L,,augmented
2L Shape-2L6X4X9/16X3/8LLBB,2L,,augmented
2L6X4X9/16X3/8LLBB 2L Shape,2L,,augmented
2L6X4X9/16X3/8LLBB ASTM A36,2L,,augmented
2L6X4X9/16X3/8LLBB LL Angle,2L,,augmented
LL Angle 2L6X4X9/16X3/8LLBB,2L,,augmented
2L6X4X9/16X3/4LLBB,2L,,original
2L 6X4X9/16X3/4LLBB,2L,,original
2L-6X4X9/16X3/4LLBB,2L,,augmented
2L_6X4X9/16X3/4LLBB,2L,,augmented
2L6 X 4X9/16X3/4LLBB,2L,,original
2L6X4X9/16X3/4LLBB A36,2L,,augmented
2L 6 X 4 X 9/16 X 3/4LLBB,2L,,original
2L Shape 2L6X4X9/16X3/4LLBB,2L,,augmented
2L Shape-2L6X4X9/16X3/4LLBB,2L,,augmented
2L6X4X9/16X3/4LLBB 2L Shape,2L,,augmented
2L6X4X9/16X3/4LLBB ASTM A36,2L,,augmented
2L6X4X9/16X3/4LLBB LL Angle,2L,,augmented
LL Angle 2L6X4X9/16X3/4LLBB,2L,,augmented
2L6X4X1/2LLBB,2L,,original
2L 6X4X1/2LLBB,2L,,original
2L-6X4X1/2LLBB,2L,,augmented
2L_6X4X1/2LLBB,2L,,augmented
2L6 X 4X1/2LLBB,2L,,original
2L6X4X1/2LLBB A36,2L,,augmented
2L 6 X 4 X 1/2LLBB,2L,,original
2L Shape 2L6X4X1/2LLBB,2L,,augmented
2L Shape-2L6X4X1/2LLBB,2L,,augmented
2L6X4X1/2LLBB 2L Shape,2L,,augmented
2L6X4X1/2LLBB ASTM A36,2L,,augmented
2L6X4X1/2LLBB LL Angle,2L,,augmented
LL Angle 2L6X4X1/2LLBB,2L,,augmented
2L6X4X1/2X3/8LLBB,2L,,original
2L 6X4X1/2X3/8LLBB,2L,,original
2L-6X4X1/2X3/8LLBB,2L,,augmented
2L_6X4X1/2X3/8LLBB,2L,,augmented
2L6 X 4X1/2X3/8LLBB,2L,,original
2L6X4X1/2X3/8LLBB A36,2L,,augmented
2L 6 X 4 X 1/2 X 3/8LLBB,2L,,original
2L Shape 2L6X4X1/2X3/8LLBB,2L,,augmented
2L Shape-2L6X4X1/2X3/8LLBB,2L,,augmented
2L6X4X1/2X3/8LLBB 2L Shape,2L,,augmented
2L6X4X1/2X3/8LLBB ASTM A36,2L,,augmented
2L6X4X1/2X3/8LLBB LL Angle,2L,,augmented
LL Angle 2L6X4X1/2X3/8LLBB,2L,,augmented
2L6X4X1/2X3/4LLBB,2L,,original
2L 6X4X1/2X3/4LLBB,2L,,original
2L-6X4X1/2X3/4LLBB,2L,,augmented
2L_6X4X1/2X3/4LLBB,2L,,augmented
2L6 X 4X1/2X3/4LLBB,2L,,original
2L6X4X1/2X3/4LLBB A36,2L,,augmented
2L 6 X 4 X 1/2 X 3/4LLBB,2L,,original
2L Shape 2L6X4X1/2X3/4LLBB,2L,,augmented
2L Shape-2L6X4X1/2X3/4LLBB,2L,,augmented
2L6X4X1/2X3/4LLBB 2L Shape,2L,,augmented
2L6X4X1/2X3/4LLBB ASTM A36,2L,,augmented
2L6X4X1/2X3/4LLBB LL Angle,2L,,augmented
LL Angle 2L6X4X1/2X3/4LLBB,2L,,augmented
2L6X4X7/16LLBB,2L,,original
2L 6X4X7/16LLBB,2L,,original
2L-6X4X7/16LLBB,2L,,augmented
2L_6X4X7/16LLBB,2L,,augmented
2L6 X 4X7/16LLBB,2L,,original
2L6X4X7/16LLBB A36,2L,,augmented
2L 6 X 4 X 7/16LLBB,2L,,original
2L Shape 2L6X4X7/16LLBB,2L,,augmented
2L Shape-2L6X4X7/16LLBB,2L,,augmented
2L6X4X7/16LLBB 2L Shape,2L,,augmented
2L6X4X7/16LLBB ASTM A36,2L,,augmented
2L6X4X7/16LLBB LL Angle,2L,,augmented
LL Angle 2L6X4X7/16LLBB,2L,,augmented
2L6X4X7/16X3/8LLBB,2L,,original
2L 6X4X7/16X3/8LLBB,2L,,original
2L-6X4X7/16X3/8LLBB,2L,,augmented
2L_6X4X7/16X3/8LLBB,2L,,augmented
2L6 X 4X7/16X3/8LLBB,2L,,original
2L6X4X7/16X3/8LLBB A36,2L,,augmented
2L 6 X 4 X 7/16 X 3/8LLBB,2L,,original
2L Shape 2L6X4X7/16X3/8LLBB,2L,,augmented
2L Shape-2L6X4X7/16X3/8LLBB,2L,,augmented
2L6X4X7/16X3/8LLBB 2L Shape,2L,,augmented
2L6X4X7/16X3/8LLBB ASTM A36,2L,,augmented
2L6X4X7/16X3/8LLBB LL Angle,2L,,augmented
LL Angle 2L6X4X7/16X3/8LLBB,2L,,augmented
2L6X4X7/16X3/4LLBB,2L,,original
2L 6X4X7/16X3/4LLBB,2L,,original
2L-6X4X7/16X3/4LLBB,2L,,augmented
2L_6X4X7/16X3/4LLBB,2L,,augmented
2L6 X 4X7/16X3/4LLBB,2L,,original
2L6X4X7/16X3/4LLBB A36,2L,,augmented
2L 6 X 4 X 7/16 X 3/4LLBB,2L,,original
2L Shape 2L6X4X7/16X3/4LLBB,2L,,augmented
2L Shape-2L6X4X7/16X3/4LLBB,2L,,augmented
2L6X4X7/16X3/4LLBB 2L Shape,2L,,augmented
2L6X4X7/16X3/4LLBB ASTM A36,2L,,augmented
2L6X4X7/16X3/4LLBB LL Angle,2L,,augmented
LL Angle 2L6X4X7/16X3/4LLBB,2L,,augmented
2L6X4X3/8LLBB,2L,,original
2L 6X4X3/8LLBB,2L,,original
2L-6X4X3/8LLBB,2L,,augmented
2L_6X4X3/8LLBB,2L,,augmented
2L6 X 4X3/8LLBB,2L,,original
2L6X4X3/8LLBB A36,2L,,augmented
2L 6 X 4 X 3/8LLBB,2L,,original
2L Shape 2L6X4X3/8LLBB,2L,,augmented
2L Shape-2L6X4X3/8LLBB,2L,,augmented
2L6X4X3/8LLBB 2L Shape,2L,,augmented
2L6X4X3/8LLBB ASTM A36,2L,,augmented
2L6X4X3/8LLBB LL Angle,2L,,augmented
LL Angle 2L6X4X3/8LLBB,2L,,augmented
2L6X4X3/8X3/8LLBB,2L,,original
2L 6X4X3/8X3/8LLBB,2L,,original
2L-6X4X3/8X3/8LLBB,2L,,augmented
2L_6X4X3/8X3/8LLBB,2L,,augmented
2L6 X 4X3/8X3/8LLBB,2L,,original
2L6X4X3/8X3/8LLBB A36,2L,,augmented
2L 6 X 4 X 3/8 X 3/8LLBB,2L,,original
2L Shape 2L6X4X3/8X3/8LLBB,2L,,augmented
2L Shape-2L6X4X3/8X3/8LLBB,2L,,augmented
2L6X4X3/8X3/8LLBB 2L Shape,2L,,augmented
2L6X4X3/8X3/8LLBB ASTM A36,2L,,augmented
2L6X4X3/8X3/8LLBB LL Angle,2L,,augmented
LL Angle 2L6X4X3/8X3/8LLBB,2L,,augmented
2L6X4X3/8X3/4LLBB,2L,,original
2L 6X4X3/8X3/4LLBB,2L,,original
2L-6X4X3/8X3/4LLBB,2L,,augmented
2L_6X4X3/8X3/4LLBB,2L,,augmented
2L6 X 4X3/8X3/4LLBB,2L,,original
2L6X4X3/8X3/4LLBB A36,2L,,augmented
2L 6 X 4 X 3/8 X 3/4LLBB,2L,,original
2L Shape 2L6X4X3/8X3/4LLBB,2L,,augmented
2L Shape-2L6X4X3/8X3/4LLBB,2L,,augmented
2L6X4X3/8X3/4LLBB 2L Shape,2L,,augmented
2L6X4X3/8X3/4LLBB ASTM A36,2L,,augmented
2L6X4X3/8X3/4LLBB LL Angle,2L,,augmented
LL Angle 2L6X4X3/8X3/4LLBB,2L,,augmented
2L6X4X5/16LLBB,2L,,original
2L 6X4X5/16LLBB,2L,,original
2L-6X4X5/16LLBB,2L,,augmented
2L_6X4X5/16LLBB,2L,,augmented
2L6 X 4X5/16LLBB,2L,,original
2L6X4X5/16LLBB A36,2L,,augmented
2L 6 X 4 X 5/16LLBB,2L,,original
2L Shape 2L6X4X5/16LLBB,2L,,augmented
2L Shape-2L6X4X5/16LLBB,2L,,augmented
2L6X4X5/16LLBB 2L Shape,2L,,augmented
2L6X4X5/16LLBB ASTM A36,2L,,augmented
2L6X4X5/16LLBB LL Angle,2L,,augmented
LL Angle 2L6X4X5/16LLBB,2L,,augmented
2L6X4X5/16X3/8LLBB,2L,,original
2L 6X4X5/16X3/8LLBB,2L,,original
2L-6X4X5/16X3/8LLBB,2L,,augmented
2L_6X4X5/16X3/8LLBB,2L,,augmented
2L6 X 4X5/16X3/8LLBB,2L,,original
2L6X4X5/16X3/8LLBB A36,2L,,augmented
2L 6 X 4 X 5/16 X 3/8LLBB,2L,,original
2L Shape 2L6X4X5/16X3/8LLBB,2L,,augmented
2L Shape-2L6X4X5/16X3/8LLBB,2L,,augmented
2L6X4X5/16X3/8LLBB 2L Shape,2L,,augmented
2L6X4X5/16X3/8LLBB ASTM A36,2L,,augmented
2L6X4X5/16X3/8LLBB LL Angle,2L,,augmented
LL Angle 2L6X4X5/16X3/8LLBB,2L,,augmented
2L6X4X5/16X3/4LLBB,2L,,original
2L 6X4X5/16X3/4LLBB,2L,,original
2L-6X4X5/16X3/4LLBB,2L,,augmented
2L_6X4X5/16X3/4LLBB,2L,,augmented
2L6 X 4X5/16X3/4LLBB,2L,,original
2L6X4X5/16X3/4LLBB A36,2L,,augmented
2L 6 X 4 X 5/16 X 3/4LLBB,2L,,original
2L Shape 2L6X4X5/16X3/4LLBB,2L,,augmented
2L Shape-2L6X4X5/16X3/4LLBB,2L,,augmented
2L6X4X5/16X3/4LLBB 2L Shape,2L,,augmented
2L6X4X5/16X3/4LLBB ASTM A36,2L,,augmented
2L6X4X5/16X3/4LLBB LL Angle,2L,,augmented
LL Angle 2L6X4X5/16X3/4LLBB,2L,,augmented
2L6X3-1/2X1/2LLBB,2L,,original
2L 6X3-1/2X1/2LLBB,2L,,original
2L-6X3-1/2X1/2LLBB,2L,,augmented
2L_6X3-1/2X1/2LLBB,2L,,augmented
2L6 X 3-1/2X1/2LLBB,2L,,original
2L6X3-1/2X1/2LLBB A36,2L,,augmented
2L 6 X 3-1/2 X 1/2LLBB,2L,,original
2L Shape 2L6X3-1/2X1/2LLBB,2L,,augmented
2L Shape-2L6X3-1/2X1/2LLBB,2L,,augmented
2L6X3-1/2X1/2LLBB 2L Shape,2L,,augmented
2L6X3-1/2X1/2LLBB ASTM A36,2L,,augmented
2L6X3-1/2X1/2LLBB LL Angle,2L,,augmented
LL Angle 2L6X3-1/2X1/2LLBB,2L,,augmented
2L6X3-1/2X1/2X3/8LLBB,2L,,original
2L 6X3-1/2X1/2X3/8LLBB,2L,,original
2L-6X3-1/2X1/2X3/8LLBB,2L,,augmented
2L_6X3-1/2X1/2X3/8LLBB,2L,,augmented
2L6 X 3-1/2X1/2X3/8LLBB,2L,,original
2L6X3-1/2X1/2X3/8LLBB A36,2L,,augmented
2L 6 X 3-1/2 X 1/2 X 3/8LLBB,2L,,original
2L Shape 2L6X3-1/2X1/2X3/8LLBB,2L,,augmented
2L Shape-2L6X3-1/2X1/2X3/8LLBB,2L,,augmented
2L6X3-1/2X1/2X3/8LLBB 2L Shape,2L,,augmented
2L6X3-1/2X1/2X3/8LLBB ASTM A36,2L,,augmented
2L6X3-1/2X1/2X3/8LLBB LL Angle,2L,,augmented
LL Angle 2L6X3-1/2X1/2X3/8LLBB,2L,,augmented
2L6X3-1/2X1/2X3/4LLBB,2L,,original
2L 6X3-1/2X1/2X3/4LLBB,2L,,original
2L-6X3-1/2X1/2X3/4LLBB,2L,,augmented
2L_6X3-1/2X1/2X3/4LLBB,2L,,augmented
2L6 X 3-1/2X1/2X3/4LLBB,2L,,original
2L6X3-1/2X1/2X3/4LLBB A36,2L,,augmented
2L 6 X 3-1/2 X 1/2 X 3/4LLBB,2L,,original
2L Shape 2L6X3-1/2X1/2X3/4LLBB,2L,,augmented
2L Shape-2L6X3-1/2X1/2X3/4LLBB,2L,,augmented
2L6X3-1/2X1/2X3/4LLBB 2L Shape,2L,,augmented
2L6X3-1/2X1/2X3/4LLBB ASTM A36,2L,,augmented
2L6X3-1/2X1/2X3/4LLBB LL Angle,2L,,augmented
LL Angle 2L6X3-1/2X1/2X3/4LLBB,2L,,augmented
2L6X3-1/2X3/8LLBB,2L,,original
2L 6X3-1/2X3/8LLBB,2L,,original
2L-6X3-1/2X3/8LLBB,2L,,augmented
2L_6X3-1/2X3/8LLBB,2L,,augmented
2L6 X 3-1/2X3/8LLBB,2L,,original
2L6X3-1/2X3/8LLBB A36,2L,,augmented
2L 6 X 3-1/2 X 3/8LLBB,2L,,original
2L Shape 2L6X3-1/2X3/8LLBB,2L,,augmented
2L Shape-2L6X3-1/2X3/8LLBB,2L,,augmented
2L6X3-1/2X3/8LLBB 2L Shape,2L,,augmented
2L6X3-1/2X3/8LLBB ASTM A36,2L,,augmented
2L6X3-1/2X3/8LLBB LL Angle,2L,,augmented
LL Angle 2L6X3-1/2X3/8LLBB,2L,,augmented
2L6X3-1/2X3/8X3/8LLBB,2L,,original
2L 6X3-1/2X3/8X3/8LLBB,2L,,original
2L-6X3-1/2X3/8X3/8LLBB,2L,,augmented
2L_6X3-1/2X3/8X3/8LLBB,2L,,augmented
2L6 X 3-1/2X3/8X3/8LLBB,2L,,original
2L6X3-1/2X3/8X3/8LLBB A36,2L,,augmented
2L 6 X 3-1/2 X 3/8 X 3/8LLBB,2L,,original
2L Shape 2L6X3-1/2X3/8X3/8LLBB,2L,,augmented
2L Shape-2L6X3-1/2X3/8X3/8LLBB,2L,,augmented
2L6X3-1/2X3/8X3/8LLBB 2L Shape,2L,,augmented
2L6X3-1/2X3/8X3/8LLBB ASTM A36,2L,,augmented
2L6X3-1/2X3/8X3/8LLBB LL Angle,2L,,augmented
LL Angle 2L6X3-1/2X3/8X3/8LLBB,2L,,augmented
2L6X3-1/2X3/8X3/4LLBB,2L,,original
2L 6X3-1/2X3/8X3/4LLBB,2L,,original
2L-6X3-1/2X3/8X3/4LLBB,2L,,augmented
2L_6X3-1/2X3/8X3/4LLBB,2L,,augmented
2L6 X 3-1/2X3/8X3/4LLBB,2L,,original
2L6X3-1/2X3/8X3/4LLBB A36,2L,,augmented
2L 6 X 3-1/2 X 3/8 X 3/4LLBB,2L,,original
2L Shape 2L6X3-1/2X3/8X3/4LLBB,2L,,augmented
2L Shape-2L6X3-1/2X3/8X3/4LLBB,2L,,augmented
2L6X3-1/2X3/8X3/4LLBB 2L Shape,2L,,augmented
2L6X3-1/2X3/8X3/4LLBB ASTM A36,2L,,augmented
2L6X3-1/2X3/8X3/4LLBB LL Angle,2L,,augmented
LL Angle 2L6X3-1/2X3/8X3/4LLBB,2L,,augmented
2L6X3-1/2X5/16LLBB,2L,,original
2L 6X3-1/2X5/16LLBB,2L,,original
2L-6X3-1/2X5/16LLBB,2L,,augmented
2L_6X3-1/2X5/16LLBB,2L,,augmented
2L6 X 3-1/2X5/16LLBB,2L,,original
2L6X3-1/2X5/16LLBB A36,2L,,augmented
2L 6 X 3-1/2 X 5/16LLBB,2L,,original
2L Shape 2L6X3-1/2X5/16LLBB,2L,,augmented
2L Shape-2L6X3-1/2X5/16LLBB,2L,,augmented
2L6X3-1/2X5/16LLBB 2L Shape,2L,,augmented
2L6X3-1/2X5/16LLBB ASTM A36,2L,,augmented
2L6X3-1/2X5/16LLBB LL Angle,2L,,augmented
LL Angle 2L6X3-1/2X5/16LLBB,2L,,augmented
2L6X3-1/2X5/16X3/8LLBB,2L,,original
2L 6X3-1/2X5/16X3/8LLBB,2L,,original
2L-6X3-1/2X5/16X3/8LLBB,2L,,augmented
2L_6X3-1/2X5/16X3/8LLBB,2L,,augmented
2L6 X 3-1/2X5/16X3/8LLBB,2L,,original
2L6X3-1/2X5/16X3/8LLBB A36,2L,,augmented
2L 6 X 3-1/2 X 5/16 X 3/8LLBB,2L,,original
2L Shape 2L6X3-1/2X5/16X3/8LLBB,2L,,augmented
2L Shape-2L6X3-1/2X5/16X3/8LLBB,2L,,augmented
2L6X3-1/2X5/16X3/8LLBB 2L Shape,2L,,augmented
2L6X3-1/2X5/16X3/8LLBB ASTM A36,2L,,augmented
2L6X3-1/2X5/16X3/8LLBB LL Angle,2L,,augmented
LL Angle 2L6X3-1/2X5/16X3/8LLBB,2L,,augmented
2L6X3-1/2X5/16X3/4LLBB,2L,,original
2L 6X3-1/2X5/16X3/4LLBB,2L,,original
2L-6X3-1/2X5/16X3/4LLBB,2L,,augmented
2L_6X3-1/2X5/16X3/4LLBB,2L,,augmented
2L6 X 3-1/2X5/16X3/4LLBB,2L,,original
2L6X3-1/2X5/16X3/4LLBB A36,2L,,augmented
2L 6 X 3-1/2 X 5/16 X 3/4LLBB,2L,,original
2L Shape 2L6X3-1/2X5/16X3/4LLBB,2L,,augmented
2L Shape-2L6X3-1/2X5/16X3/4LLBB,2L,,augmented
2L6X3-1/2X5/16X3/4LLBB 2L Shape,2L,,augmented
2L6X3-1/2X5/16X3/4LLBB ASTM A36,2L,,augmented
2L6X3-1/2X5/16X3/4LLBB LL Angle,2L,,augmented
LL Angle 2L6X3-1/2X5/16X3/4LLBB,2L,,augmented
2L5X3-1/2X3/4LLBB,2L,,original
2L 5X3-1/2X3/4LLBB,2L,,original
2L-5X3-1/2X3/4LLBB,2L,,augmented
2L_5X3-1/2X3/4LLBB,2L,,augmented
2L5 X 3-1/2X3/4LLBB,2L,,original
2L5X3-1/2X3/4LLBB A36,2L,,augmented
2L 5 X 3-1/2 X 3/4LLBB,2L,,original
2L Shape 2L5X3-1/2X3/4LLBB,2L,,augmented
2L Shape-2L5X3-1/2X3/4LLBB,2L,,augmented
2L5X3-1/2X3/4LLBB 2L Shape,2L,,augmented
2L5X3-1/2X3/4LLBB ASTM A36,2L,,augmented
2L5X3-1/2X3/4LLBB LL Angle,2L,,augmented
LL Angle 2L5X3-1/2X3/4LLBB,2L,,augmented
2L5X3-1/2X3/4X3/8LLBB,2L,,original
2L 5X3-1/2X3/4X3/8LLBB,2L,,original
2L-5X3-1/2X3/4X3/8LLBB,2L,,augmented
2L_5X3-1/2X3/4X3/8LLBB,2L,,augmented
2L5 X 3-1/2X3/4X3/8LLBB,2L,,original
2L5X3-1/2X3/4X3/8LLBB A36,2L,,augmented
2L 5 X 3-1/2 X 3/4 X 3/8LLBB,2L,,original
2L Shape 2L5X3-1/2X3/4X3/8LLBB,2L,,augmented
2L Shape-2L5X3-1/2X3/4X3/8LLBB,2L,,augmented
2L5X3-1/2X3/4X3/8LLBB 2L Shape,2L,,augmented
2L5X3-1/2X3/4X3/8LLBB ASTM A36,2L,,augmented
2L5X3-1/2X3/4X3/8LLBB LL Angle,2L,,augmented
LL Angle 2L5X3-1/2X3/4X3/8LLBB,2L,,augmented
2L5X3-1/2X3/4X3/4LLBB,2L,,original
2L 5X3-1/2X3/4X3/4LLBB,2L,,original
2L-5X3-1/2X3/4X3/4LLBB,2L,,augmented
2L_5X3-1/2X3/4X3/4LLBB,2L,,augmented
2L5 X 3-1/2X3/4X3/4LLBB,2L,,original
2L5X3-1/2X3/4X3/4LLBB A36,2L,,augmented
2L 5 X 3-1/2 X 3/4 X 3/4LLBB,2L,,original
2L Shape 2L5X3-1/2X3/4X3/4LLBB,2L,,augmented
2L Shape-2L5X3-1/2X3/4X3/4LLBB,2L,,augmented
2L5X3-1/2X3/4X3/4LLBB 2L Shape,2L,,augmented
2L5X3-1/2X3/4X3/4LLBB ASTM A36,2L,,augmented
2L5X3-1/2X3/4X3/4LLBB LL Angle,2L,,augmented
LL Angle 2L5X3-1/2X3/4X3/4LLBB,2L,,augmented
2L5X3-1/2X5/8LLBB,2L,,original
2L 5X3-1/2X5/8LLBB,2L,,original
2L-5X3-1/2X5/8LLBB,2L,,augmented
2L_5X3-1/2X5/8LLBB,2L,,augmented
2L5 X 3-1/2X5/8LLBB,2L,,original
2L5X3-1/2X5/8LLBB A36,2L,,augmented
2L 5 X 3-1/2 X 5/8LLBB,2L,,original
2L Shape 2L5X3-1/2X5/8LLBB,2L,,augmented
2L Shape-2L5X3-1/2X5/8LLBB,2L,,augmented
2L5X3-1/2X5/8LLBB 2L Shape,2L,,augmented
2L5X3-1/2X5/8LLBB ASTM A36,2L,,augmented
2L5X3-1/2X5/8LLBB LL Angle,2L,,augmented
LL Angle 2L5X3-1/2X5/8LLBB,2L,,augmented
2L5X3-1/2X5/8X3/8LLBB,2L,,original
2L 5X3-1/2X5/8X3/8LLBB,2L,,original
2L-5X3-1/2X5/8X3/8LLBB,2L,,augmented
2L_5X3-1/2X5/8X3/8LLBB,2L,,augmented
2L5 X 3-1/2X5/8X3/8LLBB,2L,,original
2L5X3-1/2X5/8X3/8LLBB A36,2L,,augmented
2L 5 X 3-1/2 X 5/8 X 3/8LLBB,2L,,original
2L Shape 2L5X3-1/2X5/8X3/8LLBB,2L,,augmented
2L Shape-2L5X3-1/2X5/8X3/8LLBB,2L,,augmented
2L5X3-1/2X5/8X3/8LLBB 2L Shape,2L,,augmented
2L5X3-1/2X5/8X3/8LLBB ASTM A36,2L,,augmented
2L5X3-1/2X5/8X3/8LLBB LL Angle,2L,,augmented
LL Angle 2L5X3-1/2X5/8X3/8LLBB,2L,,augmented
2L5X3-1/2X5/8X3/4LLBB,2L,,original
2L 5X3-1/2X5/8X3/4LLBB,2L,,original
2L-5X3-1/2X5/8X3/4LLBB,2L,,augmented
2L_5X3-1/2X5/8X3/4LLBB,2L,,augmented
2L5 X 3-1/2X5/8X3/4LLBB,2L,,original
2L5X3-1/2X5/8X3/4LLBB A36,2L,,augmented
2L 5 X 3-1/2 X 5/8 X 3/4LLBB,2L,,original
2L Shape 2L5X3-1/2X5/8X3/4LLBB,2L,,augmented
2L Shape-2L5X3-1/2X5/8X3/4LLBB,2L,,augmented
2L5X3-1/2X5/8X3/4LLBB 2L Shape,2L,,augmented
2L5X3-1/2X5/8X3/4LLBB ASTM A36,2L,,augmented
2L5X3-1/2X5/8X3/4LLBB LL Angle,2L,,augmented
LL Angle 2L5X3-1/2X5/8X3/4LLBB,2L,,augmented
2L5X3-1/2X1/2LLBB,2L,,original
2L 5X3-1/2X1/2LLBB,2L,,original
2L-5X3-1/2X1/2LLBB,2L,,augmented
2L_5X3-1/2X1/2LLBB,2L,,augmented
2L5 X 3-1/2X1/2LLBB,2L,,original
2L5X3-1/2X1/2LLBB A36,2L,,augmented
2L 5 X 3-1/2 X 1/2LLBB,2L,,original
2L Shape 2L5X3-1/2X1/2LLBB,2L,,augmented
2L Shape-2L5X3-1/2X1/2LLBB,2L,,augmented
2L5X3-1/2X1/2LLBB 2L Shape,2L,,augmented
2L5X3-1/2X1/2LLBB ASTM A36,2L,,augmented
2L5X3-1/2X1/2LLBB LL Angle,2L,,augmented
LL Angle 2L5X3-1/2X1/2LLBB,2L,,augmented
2L5X3-1/2X1/2X3/8LLBB,2L,,original
2L 5X3-1/2X1/2X3/8LLBB,2L,,original
2L-5X3-1/2X1/2X3/8LLBB,2L,,augmented
2L_5X3-1/2X1/2X3/8LLBB,2L,,augmented
2L5 X 3-1/2X1/2X3/8LLBB,2L,,original
2L5X3-1/2X1/2X3/8LLBB A36,2L,,augmented
2L 5 X 3-1/2 X 1/2 X 3/8LLBB,2L,,original
2L Shape 2L5X3-1/2X1/2X3/8LLBB,2L,,augmented
2L Shape-2L5X3-1/2X1/2X3/8LLBB,2L,,augmented
2L5X3-1/2X1/2X3/8LLBB 2L Shape,2L,,augmented
2L5X3-1/2X1/2X3/8LLBB ASTM A36,2L,,augmented
2L5X3-1/2X1/2X3/8LLBB LL Angle,2L,,augmented
LL Angle 2L5X3-1/2X1/2X3/8LLBB,2L,,augmented
2L5X3-1/2X1/2X3/4LLBB,2L,,original
2L 5X3-1/2X1/2X3/4LLBB,2L,,original
2L-5X3-1/2X1/2X3/4LLBB,2L,,augmented
2L_5X3-1/2X1/2X3/4LLBB,2L,,augmented
2L5 X 3-1/2X1/2X3/4LLBB,2L,,original
2L5X3-1/2X1/2X3/4LLBB A36,2L,,augmented
2L 5 X 3-1/2 X 1/2 X 3/4LLBB,2L,,original
2L Shape 2L5X3-1/2X1/2X3/4LLBB,2L,,augmented
2L Shape-2L5X3-1/2X1/2X3/4LLBB,2L,,augmented
2L5X3-1/2X1/2X3/4LLBB 2L Shape,2L,,augmented
2L5X3-1/2X1/2X3/4LLBB ASTM A36,2L,,augmented
2L5X3-1/2X1/2X3/4LLBB LL Angle,2L,,augmented
LL Angle 2L5X3-1/2X1/2X3/4LLBB,2L,,augmented
2L5X3-1/2X3/8LLBB,2L,,original
2L 5X3-1/2X3/8LLBB,2L,,original
2L-5X3-1/2X3/8LLBB,2L,,augmented
2L_5X3-1/2X3/8LLBB,2L,,augmented
2L5 X 3-1/2X3/8LLBB,2L,,original
2L5X3-1/2X3/8LLBB A36,2L,,augmented
2L 5 X 3-1/2 X 3/8LLBB,2L,,original
2L Shape 2L5X3-1/2X3/8LLBB,2L,,augmented
2L Shape-2L5X3-1/2X3/8LLBB,2L,,augmented
2L5X3-1/2X3/8LLBB 2L Shape,2L,,augmented
2L5X3-1/2X3/8LLBB ASTM A36,2L,,augmented
2L5X3-1/2X3/8LLBB LL Angle,2L,,augmented
LL Angle 2L5X3-1/2X3/8LLBB,2L,,augmented
2L5X3-1/2X3/8X3/8LLBB,2L,,original
2L 5X3-1/2X3/8X3/8LLBB,2L,,original
2L-5X3-1/2X3/8X3/8LLBB,2L,,augmented
2L_5X3-1/2X3/8X3/8LLBB,2L,,augmented
2L5 X 3-1/2X3/8X3/8LLBB,2L,,original
2L5X3-1/2X3/8X3/8LLBB A36,2L,,augmented
2L 5 X 3-1/2 X 3/8 X 3/8LLBB,2L,,original
2L Shape 2L5X3-1/2X3/8X3/8LLBB,2L,,augmented
2L Shape-2L5X3-1/2X3/8X3/8LLBB,2L,,augmented
2L5X3-1/2X3/8X3/8LLBB 2L Shape,2L,,augmented
2L5X3-1/2X3/8X3/8LLBB ASTM A36,2L,,augmented
2L5X3-1/2X3/8X3/8LLBB LL Angle,2L,,augmented
LL Angle 2L5X3-1/2X3/8X3/8LLBB,2L,,augmented
2L5X3-1/2X3/8X3/4LLBB,2L,,original
2L 5X3-1/2X3/8X3/4LLBB,2L,,original
2L-5X3-1/2X3/8X3/4LLBB,2L,,augmented
2L_5X3-1/2X3/8X3/4LLBB,2L,,augmented
2L5 X 3-1/2X3/8X3/4LLBB,2L,,original
2L5X3-1/2X3/8X3/4LLBB A36,2L,,augmented
2L 5 X 3-1/2 X 3/8 X 3/4LLBB,2L,,original
2L Shape 2L5X3-1/2X3/8X3/4LLBB,2L,,augmented
2L Shape-2L5X3-1/2X3/8X3/4LLBB,2L,,augmented
2L5X3-1/2X3/8X3/4LLBB 2L Shape,2L,,augmented
2L5X3-1/2X3/8X3/4LLBB ASTM A36,2L,,augmented
2L5X3-1/2X3/8X3/4LLBB LL Angle,2L,,augmented
LL Angle 2L5X3-1/2X3/8X3/4LLBB,2L,,augmented
2L5X3-1/2X5/16LLBB,2L,,original
2L 5X3-1/2X5/16LLBB,2L,,original
2L-5X3-1/2X5/16LLBB,2L,,augmented
2L_5X3-1/2X5/16LLBB,2L,,augmented
2L5 X 3-1/2X5/16LLBB,2L,,original
2L5X3-1/2X5/16LLBB A36,2L,,augmented
2L 5 X 3-1/2 X 5/16LLBB,2L,,original
2L Shape 2L5X3-1/2X5/16LLBB,2L,,augmented
2L Shape-2L5X3-1/2X5/16LLBB,2L,,augmented
2L5X3-1/2X5/16LLBB 2L Shape,2L,,augmented
2L5X3-1/2X5/16LLBB ASTM A36,2L,,augmented
2L5X3-1/2X5/16LLBB LL Angle,2L,,augmented
LL Angle 2L5X3-1/2X5/16LLBB,2L,,augmented
2L5X3-1/2X5/16X3/8LLBB,2L,,original
2L 5X3-1/2X5/16X3/8LLBB,2L,,original
2L-5X3-1/2X5/16X3/8LLBB,2L,,augmented
2L_5X3-1/2X5/16X3/8LLBB,2L,,augmented
2L5 X 3-1/2X5/16X3/8LLBB,2L,,original
2L5X3-1/2X5/16X3/8LLBB A36,2L,,augmented
2L 5 X 3-1/2 X 5/16 X 3/8LLBB,2L,,original
2L Shape 2L5X3-1/2X5/16X3/8LLBB,2L,,augmented
2L Shape-2L5X3-1/2X5/16X3/8LLBB,2L,,augmented
2L5X3-1/2X5/16X3/8LLBB 2L Shape,2L,,augmented
2L5X3-1/2X5/16X3/8LLBB ASTM A36,2L,,augmented
2L5X3-1/2X5/16X3/8LLBB LL Angle,2L,,augmented
LL Angle 2L5X3-1/2X5/16X3/8LLBB,2L,,augmented
2L5X3-1/2X5/16X3/4LLBB,2L,,original
2L 5X3-1/2X5/16X3/4LLBB,2L,,original
2L-5X3-1/2X5/16X3/4LLBB,2L,,augmented
2L_5X3-1/2X5/16X3/4LLBB,2L,,augmented
2L5 X 3-1/2X5/16X3/4LLBB,2L,,original
2L5X3-1/2X5/16X3/4LLBB A36,2L,,augmented
2L 5 X 3-1/2 X 5/16 X 3/4LLBB,2L,,original
2L Shape 2L5X3-1/2X5/16X3/4LLBB,2L,,augmented
2L Shape-2L5X3-1/2X5/16X3/4LLBB,2L,,augmented
2L5X3-1/2X5/16X3/4LLBB 2L Shape,2L,,augmented
2L5X3-1/2X5/16X3/4LLBB ASTM A36,2L,,augmented
2L5X3-1/2X5/16X3/4LLBB LL Angle,2L,,augmented
LL Angle 2L5X3-1/2X5/16X3/4LLBB,2L,,augmented
2L5X3-1/2X1/4LLBB,2L,,original
2L 5X3-1/2X1/4LLBB,2L,,original
2L-5X3-1/2X1/4LLBB,2L,,augmented
2L_5X3-1/2X1/4LLBB,2L,,augmented
2L5 X 3-1/2X1/4LLBB,2L,,original
2L5X3-1/2X1/4LLBB A36,2L,,augmented
2L 5 X 3-1/2 X 1/4LLBB,2L,,original
2L Shape 2L5X3-1/2X1/4LLBB,2L,,augmented
2L Shape-2L5X3-1/2X1/4LLBB,2L,,augmented
2L5X3-1/2X1/4LLBB 2L Shape,2L,,augmented
2L5X3-1/2X1/4LLBB ASTM A36,2L,,augmented
2L5X3-1/2X1/4LLBB LL Angle,2L,,augmented
LL Angle 2L5X3-1/2X1/4LLBB,2L,,augmented
2L5X3-1/2X1/4X3/8LLBB,2L,,original
2L 5X3-1/2X1/4X3/8LLBB,2L,,original
2L-5X3-1/2X1/4X3/8LLBB,2L,,augmented
2L_5X3-1/2X1/4X3/8LLBB,2L,,augmented
2L5 X 3-1/2X1/4X3/8LLBB,2L,,original
2L5X3-1/2X1/4X3/8LLBB A36,2L,,augmented
2L 5 X 3-1/2 X 1/4 X 3/8LLBB,2L,,original
2L Shape 2L5X3-1/2X1/4X3/8LLBB,2L,,augmented
2L Shape-2L5X3-1/2X1/4X3/8LLBB,2L,,augmented
2L5X3-1/2X1/4X3/8LLBB 2L Shape,2L,,augmented
2L5X3-1/2X1/4X3/8LLBB ASTM A36,2L,,augmented
2L5X3-1/2X1/4X3/8LLBB LL Angle,2L,,augmented
LL Angle 2L5X3-1/2X1/4X3/8LLBB,2L,,augmented
2L5X3-1/2X1/4X3/4LLBB,2L,,original
2L 5X3-1/2X1/4X3/4LLBB,2L,,original
2L-5X3-1/2X1/4X3/4LLBB,2L,,augmented
2L_5X3-1/2X1/4X3/4LLBB,2L,,augmented
2L5 X 3-1/2X1/4X3/4LLBB,2L,,original
2L5X3-1/2X1/4X3/4LLBB A36,2L,,augmented
2L 5 X 3-1/2 X 1/4 X 3/4LLBB,2L,,original
2L Shape 2L5X3-1/2X1/4X3/4LLBB,2L,,augmented
2L Shape-2L5X3-1/2X1/4X3/4LLBB,2L,,augmented
2L5X3-1/2X1/4X3/4LLBB 2L Shape,2L,,augmented
2L5X3-1/2X1/4X3/4LLBB ASTM A36,2L,,augmented
2L5X3-1/2X1/4X3/4LLBB LL Angle,2L,,augmented
LL Angle 2L5X3-1/2X1/4X3/4LLBB,2L,,augmented
2L5X3X1/2LLBB,2L,,original
2L 5X3X1/2LLBB,2L,,original
2L-5X3X1/2LLBB,2L,,augmented
2L_5X3X1/2LLBB,2L,,augmented
2L5 X 3X1/2LLBB,2L,,original
2L5X3X1/2LLBB A36,2L,,augmented
2L 5 X 3 X 1/2LLBB,2L,,original
2L Shape 2L5X3X1/2LLBB,2L,,augmented
2L Shape-2L5X3X1/2LLBB,2L,,augmented
2L5X3X1/2LLBB 2L Shape,2L,,augmented
2L5X3X1/2LLBB ASTM A36,2L,,augmented
2L5X3X1/2LLBB LL Angle,2L,,augmented
LL Angle 2L5X3X1/2LLBB,2L,,augmented
2L5X3X1/2X3/8LLBB,2L,,original
2L 5X3X1/2X3/8LLBB,2L,,original
2L-5X3X1/2X3/8LLBB,2L,,augmented
2L_5X3X1/2X3/8LLBB,2L,,augmented
2L5 X 3X1/2X3/8LLBB,2L,,original
2L5X3X1/2X3/8LLBB A36,2L,,augmented
2L 5 X 3 X 1/2 X 3/8LLBB,2L,,original
2L Shape 2L5X3X1/2X3/8LLBB,2L,,augmented
2L Shape-2L5X3X1/2X3/8LLBB,2L,,augmented
2L5X3X1/2X3/8LLBB 2L Shape,2L,,augmented
2L5X3X1/2X3/8LLBB ASTM A36,2L,,augmented
2L5X3X1/2X3/8LLBB LL Angle,2L,,augmented
LL Angle 2L5X3X1/2X3/8LLBB,2L,,augmented
2L5X3X1/2X3/4LLBB,2L,,original
2L 5X3X1/2X3/4LLBB,2L,,original
2L-5X3X1/2X3/4LLBB,2L,,augmented
2L_5X3X1/2X3/4LLBB,2L,,augmented
2L5 X 3X1/2X3/4LLBB,2L,,original
2L5X3X1/2X3/4LLBB A36,2L,,augmented
2L 5 X 3 X 1/2 X 3/4LLBB,2L,,original
2L Shape 2L5X3X1/2X3/4LLBB,2L,,augmented
2L Shape-2L5X3X1/2X3/4LLBB,2L,,augmented
2L5X3X1/2X3/4LLBB 2L Shape,2L,,augmented
2L5X3X1/2X3/4LLBB ASTM A36,2L,,augmented
2L5X3X1/2X3/4LLBB LL Angle,2L,,augmented
LL Angle 2L5X3X1/2X3/4LLBB,2L,,augmented
2L5X3X7/16LLBB,2L,,original
2L 5X3X7/16LLBB,2L,,original
2L-5X3X7/16LLBB,2L,,augmented
2L_5X3X7/16LLBB,2L,,augmented
2L5 X 3X7/16LLBB,2L,,original
2L5X3X7/16LLBB A36,2L,,augmented
2L 5 X 3 X 7/16LLBB,2L,,original
2L Shape 2L5X3X7/16LLBB,2L,,augmented
2L Shape-2L5X3X7/16LLBB,2L,,augmented
2L5X3X7/16LLBB 2L Shape,2L,,augmented
2L5X3X7/16LLBB ASTM A36,2L,,augmented
2L5X3X7/16LLBB LL Angle,2L,,augmented
LL Angle 2L5X3X7/16LLBB,2L,,augmented
2L5X3X7/16X3/8LLBB,2L,,original
2L 5X3X7/16X3/8LLBB,2L,,original
2L-5X3X7/16X3/8LLBB,2L,,augmented
2L_5X3X7/16X3/8LLBB,2L,,augmented
2L5 X 3X7/16X3/8LLBB,2L,,original
2L5X3X7/16X3/8LLBB A36,2L,,augmented
2L 5 X 3 X 7/16 X 3/8LLBB,2L,,original
2L Shape 2L5X3X7/16X3/8LLBB,2L,,augmented
2L Shape-2L5X3X7/16X3/8LLBB,2L,,augmented
2L5X3X7/16X3/8LLBB 2L Shape,2L,,augmented
2L5X3X7/16X3/8LLBB ASTM A36,2L,,augmented
2L5X3X7/16X3/8LLBB LL Angle,2L,,augmented
LL Angle 2L5X3X7/16X3/8LLBB,2L,,augmented
2L5X3X7/16X3/4LLBB,2L,,original
2L 5X3X7/16X3/4LLBB,2L,,original
2L-5X3X7/16X3/4LLBB,2L,,augmented
2L_5X3X7/16X3/4LLBB,2L,,augmented
2L5 X 3X7/16X3/4LLBB,2L,,original
2L5X3X7/16X3/4LLBB A36,2L,,augmented
2L 5 X 3 X 7/16 X 3/4LLBB,2L,,original
2L Shape 2L5X3X7/16X3/4LLBB,2L,,augmented
2L Shape-2L5X3X7/16X3/4LLBB,2L,,augmented
2L5X3X7/16X3/4LLBB 2L Shape,2L,,augmented
2L5X3X7/16X3/4LLBB ASTM A36,2L,,augmented
2L5X3X7/16X3/4LLBB LL Angle,2L,,augmented
LL Angle 2L5X3X7/16X3/4LLBB,2L,,augmented
2L5X3X3/8LLBB,2L,,original
2L 5X3X3/8LLBB,2L,,original
2L-5X3X3/8LLBB,2L,,augmented
2L_5X3X3/8LLBB,2L,,augmented
2L5 X 3X3/8LLBB,2L,,original
2L5X3X3/8LLBB A36,2L,,augmented
2L 5 X 3 X 3/8LLBB,2L,,original
2L Shape 2L5X3X3/8LLBB,2L,,augmented
2L Shape-2L5X3X3/8LLBB,2L,,augmented
2L5X3X3/8LLBB 2L Shape,2L,,augmented
2L5X3X3/8LLBB ASTM A36,2L,,augmented
2L5X3X3/8LLBB LL Angle,2L,,augmented
LL Angle 2L5X3X3/8LLBB,2L,,augmented
2L5X3X3/8X3/8LLBB,2L,,original
2L 5X3X3/8X3/8LLBB,2L,,original
2L-5X3X3/8X3/8LLBB,2L,,augmented
2L_5X3X3/8X3/8LLBB,2L,,augmented
2L5 X 3X3/8X3/8LLBB,2L,,original
2L5X3X3/8X3/8LLBB A36,2L,,augmented
2L 5 X 3 X 3/8 X 3/8LLBB,2L,,original
2L Shape 2L5X3X3/8X3/8LLBB,2L,,augmented
2L Shape-2L5X3X3/8X3/8LLBB,2L,,augmented
2L5X3X3/8X3/8LLBB 2L Shape,2L,,augmented
2L5X3X3/8X3/8LLBB ASTM A36,2L,,augmented
2L5X3X3/8X3/8LLBB LL Angle,2L,,augmented
LL Angle 2L5X3X3/8X3/8LLBB,2L,,augmented
2L5X3X3/8X3/4LLBB,2L,,original
2L 5X3X3/8X3/4LLBB,2L,,original
2L-5X3X3/8X3/4LLBB,2L,,augmented
2L_5X3X3/8X3/4LLBB,2L,,augmented
2L5 X 3X3/8X3/4LLBB,2L,,original
2L5X3X3/8X3/4LLBB A36,2L,,augmented
2L 5 X 3 X 3/8 X 3/4LLBB,2L,,original
2L Shape 2L5X3X3/8X3/4LLBB,2L,,augmented
2L Shape-2L5X3X3/8X3/4LLBB,2L,,augmented
2L5X3X3/8X3/4LLBB 2L Shape,2L,,augmented
2L5X3X3/8X3/4LLBB ASTM A36,2L,,augmented
2L5X3X3/8X3/4LLBB LL Angle,2L,,augmented
LL Angle 2L5X3X3/8X3/4LLBB,2L,,augmented
2L5X3X5/16LLBB,2L,,original
2L 5X3X5/16LLBB,2L,,original
2L-5X3X5/16LLBB,2L,,augmented
2L_5X3X5/16LLBB,2L,,augmented
2L5 X 3X5/16LLBB,2L,,original
2L5X3X5/16LLBB A36,2L,,augmented
2L 5 X 3 X 5/16LLBB,2L,,original
2L Shape 2L5X3X5/16LLBB,2L,,augmented
2L Shape-2L5X3X5/16LLBB,2L,,augmented
2L5X3X5/16LLBB 2L Shape,2L,,augmented
2L5X3X5/16LLBB ASTM A36,2L,,augmented
2L5X3X5/16LLBB LL Angle,2L,,augmented
LL Angle 2L5X3X5/16LLBB,2L,,augmented
2L5X3X5/16X3/8LLBB,2L,,original
2L 5X3X5/16X3/8LLBB,2L,,original
2L-5X3X5/16X3/8LLBB,2L,,augmented
2L_5X3X5/16X3/8LLBB,2L,,augmented
2L5 X 3X5/16X3/8LLBB,2L,,original
2L5X3X5/16X3/8LLBB A36,2L,,augmented
2L 5 X 3 X 5/16 X 3/8LLBB,2L,,original
2L Shape 2L5X3X5/16X3/8LLBB,2L,,augmented
2L Shape-2L5X3X5/16X3/8LLBB,2L,,augmented
2L5X3X5/16X3/8LLBB 2L Shape,2L,,augmented
2L5X3X5/16X3/8LLBB ASTM A36,2L,,augmented
2L5X3X5/16X3/8LLBB LL Angle,2L,,augmented
LL Angle 2L5X3X5/16X3/8LLBB,2L,,augmented
2L5X3X5/16X3/4LLBB,2L,,original
2L 5X3X5/16X3/4LLBB,2L,,original
2L-5X3X5/16X3/4LLBB,2L,,augmented
2L_5X3X5/16X3/4LLBB,2L,,augmented
2L5 X 3X5/16X3/4LLBB,2L,,original
2L5X3X5/16X3/4LLBB A36,2L,,augmented
2L 5 X 3 X 5/16 X 3/4LLBB,2L,,original
2L Shape 2L5X3X5/16X3/4LLBB,2L,,augmented
2L Shape-2L5X3X5/16X3/4LLBB,2L,,augmented
2L5X3X5/16X3/4LLBB 2L Shape,2L,,augmented
2L5X3X5/16X3/4LLBB ASTM A36,2L,,augmented
2L5X3X5/16X3/4LLBB LL Angle,2L,,augmented
LL Angle 2L5X3X5/16X3/4LLBB,2L,,augmented
2L5X3X1/4LLBB,2L,,original
2L 5X3X1/4LLBB,2L,,original
2L-5X3X1/4LLBB,2L,,augmented
2L_5X3X1/4LLBB,2L,,augmented
2L5 X 3X1/4LLBB,2L,,original
2L5X3X1/4LLBB A36,2L,,augmented
2L 5 X 3 X 1/4LLBB,2L,,original
2L Shape 2L5X3X1/4LLBB,2L,,augmented
2L Shape-2L5X3X1/4LLBB,2L,,augmented
2L5X3X1/4LLBB 2L Shape,2L,,augmented
2L5X3X1/4LLBB ASTM A36,2L,,augmented
2L5X3X1/4LLBB LL Angle,2L,,augmented
LL Angle 2L5X3X1/4LLBB,2L,,augmented
2L5X3X1/4X3/8LLBB,2L,,original
2L 5X3X1/4X3/8LLBB,2L,,original
2L-5X3X1/4X3/8LLBB,2L,,augmented
2L_5X3X1/4X3/8LLBB,2L,,augmented
2L5 X 3X1/4X3/8LLBB,2L,,original
2L5X3X1/4X3/8LLBB A36,2L,,augmented
2L 5 X 3 X 1/4 X 3/8LLBB,2L,,original
2L Shape 2L5X3X1/4X3/8LLBB,2L,,augmented
2L Shape-2L5X3X1/4X3/8LLBB,2L,,augmented
2L5X3X1/4X3/8LLBB 2L Shape,2L,,augmented
2L5X3X1/4X3/8LLBB ASTM A36,2L,,augmented
2L5X3X1/4X3/8LLBB LL Angle,2L,,augmented
LL Angle 2L5X3X1/4X3/8LLBB,2L,,augmented
2L5X3X1/4X3/4LLBB,2L,,original
2L 5X3X1/4X3/4LLBB,2L,,original
2L-5X3X1/4X3/4LLBB,2L,,augmented
2L_5X3X1/4X3/4LLBB,2L,,augmented
2L5 X 3X1/4X3/4LLBB,2L,,original
2L5X3X1/4X3/4LLBB A36,2L,,augmented
2L 5 X 3 X 1/4 X 3/4LLBB,2L,,original
2L Shape 2L5X3X1/4X3/4LLBB,2L,,augmented
2L Shape-2L5X3X1/4X3/4LLBB,2L,,augmented
2L5X3X1/4X3/4LLBB 2L Shape,2L,,augmented
2L5X3X1/4X3/4LLBB ASTM A36,2L,,augmented
2L5X3X1/4X3/4LLBB LL Angle,2L,,augmented
LL Angle 2L5X3X1/4X3/4LLBB,2L,,augmented
2L4X3-1/2X1/2LLBB,2L,,original
2L 4X3-1/2X1/2LLBB,2L,,original
2L-4X3-1/2X1/2LLBB,2L,,augmented
2L_4X3-1/2X1/2LLBB,2L,,augmented
2L4 X 3-1/2X1/2LLBB,2L,,original
2L4X3-1/2X1/2LLBB A36,2L,,augmented
2L 4 X 3-1/2 X 1/2LLBB,2L,,original
2L Shape 2L4X3-1/2X1/2LLBB,2L,,augmented
2L Shape-2L4X3-1/2X1/2LLBB,2L,,augmented
2L4X3-1/2X1/2LLBB 2L Shape,2L,,augmented
2L4X3-1/2X1/2LLBB ASTM A36,2L,,augmented
2L4X3-1/2X1/2LLBB LL Angle,2L,,augmented
LL Angle 2L4X3-1/2X1/2LLBB,2L,,augmented
2L4X3-1/2X1/2X3/8LLBB,2L,,original
2L 4X3-1/2X1/2X3/8LLBB,2L,,original
2L-4X3-1/2X1/2X3/8LLBB,2L,,augmented
2L_4X3-1/2X1/2X3/8LLBB,2L,,augmented
2L4 X 3-1/2X1/2X3/8LLBB,2L,,original
2L4X3-1/2X1/2X3/8LLBB A36,2L,,augmented
2L 4 X 3-1/2 X 1/2 X 3/8LLBB,2L,,original
2L Shape 2L4X3-1/2X1/2X3/8LLBB,2L,,augmented
2L Shape-2L4X3-1/2X1/2X3/8LLBB,2L,,augmented
2L4X3-1/2X1/2X3/8LLBB 2L Shape,2L,,augmented
2L4X3-1/2X1/2X3/8LLBB ASTM A36,2L,,augmented
2L4X3-1/2X1/2X3/8LLBB LL Angle,2L,,augmented
LL Angle 2L4X3-1/2X1/2X3/8LLBB,2L,,augmented
2L4X3-1/2X1/2X3/4LLBB,2L,,original
2L 4X3-1/2X1/2X3/4LLBB,2L,,original
2L-4X3-1/2X1/2X3/4LLBB,2L,,augmented
2L_4X3-1/2X1/2X3/4LLBB,2L,,augmented
2L4 X 3-1/2X1/2X3/4LLBB,2L,,original
2L4X3-1/2X1/2X3/4LLBB A36,2L,,augmented
2L 4 X 3-1/2 X 1/2 X 3/4LLBB,2L,,original
2L Shape 2L4X3-1/2X1/2X3/4LLBB,2L,,augmented
2L Shape-2L4X3-1/2X1/2X3/4LLBB,2L,,augmented
2L4X3-1/2X1/2X3/4LLBB 2L Shape,2L,,augmented
2L4X3-1/2X1/2X3/4LLBB ASTM A36,2L,,augmented
2L4X3-1/2X1/2X3/4LLBB LL Angle,2L,,augmented
LL Angle 2L4X3-1/2X1/2X3/4LLBB,2L,,augmented
2L4X3-1/2X3/8LLBB,2L,,original
2L 4X3-1/2X3/8LLBB,2L,,original
2L-4X3-1/2X3/8LLBB,2L,,augmented
2L_4X3-1/2X3/8LLBB,2L,,augmented
2L4 X 3-1/2X3/8LLBB,2L,,original
2L4X3-1/2X3/8LLBB A36,2L,,augmented
2L 4 X 3-1/2 X 3/8LLBB,2L,,original
2L Shape 2L4X3-1/2X3/8LLBB,2L,,augmented
2L Shape-2L4X3-1/2X3/8LLBB,2L,,augmented
2L4X3-1/2X3/8LLBB 2L Shape,2L,,augmented
2L4X3-1/2X3/8LLBB ASTM A36,2L,,augmented
2L4X3-1/2X3/8LLBB LL Angle,2L,,augmented
LL Angle 2L4X3-1/2X3/8LLBB,2L,,augmented
2L4X3-1/2X3/8X3/8LLBB,2L,,original
2L 4X3-1/2X3/8X3/8LLBB,2L,,original
2L-4X3-1/2X3/8X3/8LLBB,2L,,augmented
2L_4X3-1/2X3/8X3/8LLBB,2L,,augmented
2L4 X 3-1/2X3/8X3/8LLBB,2L,,original
2L4X3-1/2X3/8X3/8LLBB A36,2L,,augmented
2L 4 X 3-1/2 X 3/8 X 3/8LLBB,2L,,original
2L Shape 2L4X3-1/2X3/8X3/8LLBB,2L,,augmented
2L Shape-2L4X3-1/2X3/8X3/8LLBB,2L,,augmented
2L4X3-1/2X3/8X3/8LLBB 2L Shape,2L,,augmented
2L4X3-1/2X3/8X3/8LLBB ASTM A36,2L,,augmented
2L4X3-1/2X3/8X3/8LLBB LL Angle,2L,,augmented
LL Angle 2L4X3-1/2X3/8X3/8LLBB,2L,,augmented
2L4X3-1/2X3/8X3/4LLBB,2L,,original
2L 4X3-1/2X3/8X3/4LLBB,2L,,original
2L-4X3-1/2X3/8X3/4LLBB,2L,,augmented
2L_4X3-1/2X3/8X3/4LLBB,2L,,augmented
2L4 X 3-1/2X3/8X3/4LLBB,2L,,original
2L4X3-1/2X3/8X3/4LLBB A36,2L,,augmented
2L 4 X 3-1/2 X 3/8 X 3/4LLBB,2L,,original
2L Shape 2L4X3-1/2X3/8X3/4LLBB,2L,,augmented
2L Shape-2L4X3-1/2X3/8X3/4LLBB,2L,,augmented
2L4X3-1/2X3/8X3/4LLBB 2L Shape,2L,,augmented
2L4X3-1/2X3/8X3/4LLBB ASTM A36,2L,,augmented
2L4X3-1/2X3/8X3/4LLBB LL Angle,2L,,augmented
LL Angle 2L4X3-1/2X3/8X3/4LLBB,2L,,augmented
2L4X3-1/2X5/16LLBB,2L,,original
2L 4X3-1/2X5/16LLBB,2L,,original
2L-4X3-1/2X5/16LLBB,2L,,augmented
2L_4X3-1/2X5/16LLBB,2L,,augmented
2L4 X 3-1/2X5/16LLBB,2L,,original
2L4X3-1/2X5/16LLBB A36,2L,,augmented
2L 4 X 3-1/2 X 5/16LLBB,2L,,original
2L Shape 2L4X3-1/2X5/16LLBB,2L,,augmented
2L Shape-2L4X3-1/2X5/16LLBB,2L,,augmented
2L4X3-1/2X5/16LLBB 2L Shape,2L,,augmented
2L4X3-1/2X5/16LLBB ASTM A36,2L,,augmented
2L4X3-1/2X5/16LLBB LL Angle,2L,,augmented
LL Angle 2L4X3-1/2X5/16LLBB,2L,,augmented
2L4X3-1/2X5/16X3/8LLBB,2L,,original
2L 4X3-1/2X5/16X3/8LLBB,2L,,original
2L-4X3-1/2X5/16X3/8LLBB,2L,,augmented
2L_4X3-1/2X5/16X3/8LLBB,2L,,augmented
2L4 X 3-1/2X5/16X3/8LLBB,2L,,original
2L4X3-1/2X5/16X3/8LLBB A36,2L,,augmented
2L 4 X 3-1/2 X 5/16 X 3/8LLBB,2L,,original
2L Shape 2L4X3-1/2X5/16X3/8LLBB,2L,,augmented
2L Shape-2L4X3-1/2X5/16X3/8LLBB,2L,,augmented
2L4X3-1/2X5/16X3/8LLBB 2L Shape,2L,,augmented
2L4X3-1/2X5/16X3/8LLBB ASTM A36,2L,,augmented
2L4X3-1/2X5/16X3/8LLBB LL Angle,2L,,augmented
LL Angle 2L4X3-1/2X5/16X3/8LLBB,2L,,augmented
2L4X3-1/2X5/16X3/4LLBB,2L,,original
2L 4X3-1/2X5/16X3/4LLBB,2L,,original
2L-4X3-1/2X5/16X3/4LLBB,2L,,augmented
2L_4X3-1/2X5/16X3/4LLBB,2L,,augmented
2L4 X 3-1/2X5/16X3/4LLBB,2L,,original
2L4X3-1/2X5/16X3/4LLBB A36,2L,,augmented
2L 4 X 3-1/2 X 5/16 X 3/4LLBB,2L,,original
2L Shape 2L4X3-1/2X5/16X3/4LLBB,2L,,augmented
2L Shape-2L4X3-1/2X5/16X3/4LLBB,2L,,augmented
2L4X3-1/2X5/16X3/4LLBB 2L Shape,2L,,augmented
2L4X3-1/2X5/16X3/4LLBB ASTM A36,2L,,augmented
2L4X3-1/2X5/16X3/4LLBB LL Angle,2L,,augmented
LL Angle 2L4X3-1/2X5/16X3/4LLBB,2L,,augmented
2L4X3-1/2X1/4LLBB,2L,,original
2L 4X3-1/2X1/4LLBB,2L,,original
2L-4X3-1/2X1/4LLBB,2L,,augmented
2L_4X3-1/2X1/4LLBB,2L,,augmented
2L4 X 3-1/2X1/4LLBB,2L,,original
2L4X3-1/2X1/4LLBB A36,2L,,augmented
2L 4 X 3-1/2 X 1/4LLBB,2L,,original
2L Shape 2L4X3-1/2X1/4LLBB,2L,,augmented
2L Shape-2L4X3-1/2X1/4LLBB,2L,,augmented
2L4X3-1/2X1/4LLBB 2L Shape,2L,,augmented
2L4X3-1/2X1/4LLBB ASTM A36,2L,,augmented
2L4X3-1/2X1/4LLBB LL Angle,2L,,augmented
LL Angle 2L4X3-1/2X1/4LLBB,2L,,augmented
2L4X3-1/2X1/4X3/8LLBB,2L,,original
2L 4X3-1/2X1/4X3/8LLBB,2L,,original
2L-4X3-1/2X1/4X3/8LLBB,2L,,augmented
2L_4X3-1/2X1/4X3/8LLBB,2L,,augmented
2L4 X 3-1/2X1/4X3/8LLBB,2L,,original
2L4X3-1/2X1/4X3/8LLBB A36,2L,,augmented
2L 4 X 3-1/2 X 1/4 X 3/8LLBB,2L,,original
2L Shape 2L4X3-1/2X1/4X3/8LLBB,2L,,augmented
2L Shape-2L4X3-1/2X1/4X3/8LLBB,2L,,augmented
2L4X3-1/2X1/4X3/8LLBB 2L Shape,2L,,augmented
2L4X3-1/2X1/4X3/8LLBB ASTM A36,2L,,augmented
2L4X3-1/2X1/4X3/8LLBB LL Angle,2L,,augmented
LL Angle 2L4X3-1/2X1/4X3/8LLBB,2L,,augmented
2L4X3-1/2X1/4X3/4LLBB,2L,,original
2L 4X3-1/2X1/4X3/4LLBB,2L,,original
2L-4X3-1/2X1/4X3/4LLBB,2L,,augmented
2L_4X3-1/2X1/4X3/4LLBB,2L,,augmented
2L4 X 3-1/2X1/4X3/4LLBB,2L,,original
2L4X3-1/2X1/4X3/4LLBB A36,2L,,augmented
2L 4 X 3-1/2 X 1/4 X 3/4LLBB,2L,,original
2L Shape 2L4X3-1/2X1/4X3/4LLBB,2L,,augmented
2L Shape-2L4X3-1/2X1/4X3/4LLBB,2L,,augmented
2L4X3-1/2X1/4X3/4LLBB 2L Shape,2L,,augmented
2L4X3-1/2X1/4X3/4LLBB ASTM A36,2L,,augmented
2L4X3-1/2X1/4X3/4LLBB LL Angle,2L,,augmented
LL Angle 2L4X3-1/2X1/4X3/4LLBB,2L,,augmented
2L4X3X5/8LLBB,2L,,original
2L 4X3X5/8LLBB,2L,,original
2L-4X3X5/8LLBB,2L,,augmented
2L_4X3X5/8LLBB,2L,,augmented
2L4 X 3X5/8LLBB,2L,,original
2L4X3X5/8LLBB A36,2L,,augmented
2L 4 X 3 X 5/8LLBB,2L,,original
2L Shape 2L4X3X5/8LLBB,2L,,augmented
2L Shape-2L4X3X5/8LLBB,2L,,augmented
2L4X3X5/8LLBB 2L Shape,2L,,augmented
2L4X3X5/8LLBB ASTM A36,2L,,augmented
2L4X3X5/8LLBB LL Angle,2L,,augmented
LL Angle 2L4X3X5/8LLBB,2L,,augmented
2L4X3X5/8X3/8LLBB,2L,,original
2L 4X3X5/8X3/8LLBB,2L,,original
2L-4X3X5/8X3/8LLBB,2L,,augmented
2L_4X3X5/8X3/8LLBB,2L,,augmented
2L4 X 3X5/8X3/8LLBB,2L,,original
2L4X3X5/8X3/8LLBB A36,2L,,augmented
2L 4 X 3 X 5/8 X 3/8LLBB,2L,,original
2L Shape 2L4X3X5/8X3/8LLBB,2L,,augmented
2L Shape-2L4X3X5/8X3/8LLBB,2L,,augmented
2L4X3X5/8X3/8LLBB 2L Shape,2L,,augmented
2L4X3X5/8X3/8LLBB ASTM A36,2L,,augmented
2L4X3X5/8X3/8LLBB LL Angle,2L,,augmented
LL Angle 2L4X3X5/8X3/8LLBB,2L,,augmented
2L4X3X5/8X3/4LLBB,2L,,original
2L 4X3X5/8X3/4LLBB,2L,,original
2L-4X3X5/8X3/4LLBB,2L,,augmented
2L_4X3X5/8X3/4LLBB,2L,,augmented
2L4 X 3X5/8X3/4LLBB,2L,,original
2L4X3X5/8X3/4LLBB A36,2L,,augmented
2L 4 X 3 X 5/8 X 3/4LLBB,2L,,original
2L Shape 2L4X3X5/8X3/4LLBB,2L,,augmented
2L Shape-2L4X3X5/8X3/4LLBB,2L,,augmented
2L4X3X5/8X3/4LLBB 2L Shape,2L,,augmented
2L4X3X5/8X3/4LLBB ASTM A36,2L,,augmented
2L4X3X5/8X3/4LLBB LL Angle,2L,,augmented
LL Angle 2L4X3X5/8X3/4LLBB,2L,,augmented
2L4X3X1/2LLBB,2L,,original
2L 4X3X1/2LLBB,2L,,original
2L-4X3X1/2LLBB,2L,,augmented
2L_4X3X1/2LLBB,2L,,augmented
2L4 X 3X1/2LLBB,2L,,original
2L4X3X1/2LLBB A36,2L,,augmented
2L 4 X 3 X 1/2LLBB,2L,,original
2L Shape 2L4X3X1/2LLBB,2L,,augmented
2L Shape-2L4X3X1/2LLBB,2L,,augmented
2L4X3X1/2LLBB 2L Shape,2L,,augmented
2L4X3X1/2LLBB ASTM A36,2L,,augmented
2L4X3X1/2LLBB LL Angle,2L,,augmented
LL Angle 2L4X3X1/2LLBB,2L,,augmented
2L4X3X1/2X3/8LLBB,2L,,original
2L 4X3X1/2X3/8LLBB,2L,,original
2L-4X3X1/2X3/8LLBB,2L,,augmented
2L_4X3X1/2X3/8LLBB,2L,,augmented
2L4 X 3X1/2X3/8LLBB,2L,,original
2L4X3X1/2X3/8LLBB A36,2L,,augmented
2L 4 X 3 X 1/2 X 3/8LLBB,2L,,original
2L Shape 2L4X3X1/2X3/8LLBB,2L,,augmented
2L Shape-2L4X3X1/2X3/8LLBB,2L,,augmented
2L4X3X1/2X3/8LLBB 2L Shape,2L,,augmented
2L4X3X1/2X3/8LLBB ASTM A36,2L,,augmented
2L4X3X1/2X3/8LLBB LL Angle,2L,,augmented
LL Angle 2L4X3X1/2X3/8LLBB,2L,,augmented
2L4X3X1/2X3/4LLBB,2L,,original
2L 4X3X1/2X3/4LLBB,2L,,original
2L-4X3X1/2X3/4LLBB,2L,,augmented
2L_4X3X1/2X3/4LLBB,2L,,augmented
2L4 X 3X1/2X3/4LLBB,2L,,original
2L4X3X1/2X3/4LLBB A36,2L,,augmented
2L 4 X 3 X 1/2 X 3/4LLBB,2L,,original
2L Shape 2L4X3X1/2X3/4LLBB,2L,,augmented
2L Shape-2L4X3X1/2X3/4LLBB,2L,,augmented
2L4X3X1/2X3/4LLBB 2L Shape,2L,,augmented
2L4X3X1/2X3/4LLBB ASTM A36,2L,,augmented
2L4X3X1/2X3/4LLBB LL Angle,2L,,augmented
LL Angle 2L4X3X1/2X3/4LLBB,2L,,augmented
2L4X3X3/8LLBB,2L,,original
2L 4X3X3/8LLBB,2L,,original
2L-4X3X3/8LLBB,2L,,augmented
2L_4X3X3/8LLBB,2L,,augmented
2L4 X 3X3/8LLBB,2L,,original
2L4X3X3/8LLBB A36,2L,,augmented
2L 4 X 3 X 3/8LLBB,2L,,original
2L Shape 2L4X3X3/8LLBB,2L,,augmented
2L Shape-2L4X3X3/8LLBB,2L,,augmented
2L4X3X3/8LLBB 2L Shape,2L,,augmented
2L4X3X3/8LLBB ASTM A36,2L,,augmented
2L4X3X3/8LLBB LL Angle,2L,,augmented
LL Angle 2L4X3X3/8LLBB,2L,,augmented
2L4X3X3/8X3/8LLBB,2L,,original
2L 4X3X3/8X3/8LLBB,2L,,original
2L-4X3X3/8X3/8LLBB,2L,,augmented
2L_4X3X3/8X3/8LLBB,2L,,augmented
2L4 X 3X3/8X3/8LLBB,2L,,original
2L4X3X3/8X3/8LLBB A36,2L,,augmented
2L 4 X 3 X 3/8 X 3/8LLBB,2L,,original
2L Shape 2L4X3X3/8X3/8LLBB,2L,,augmented
2L Shape-2L4X3X3/8X3/8LLBB,2L,,augmented
2L4X3X3/8X3/8LLBB 2L Shape,2L,,augmented
2L4X3X3/8X3/8LLBB ASTM A36,2L,,augmented
2L4X3X3/8X3/8LLBB LL Angle,2L,,augmented
LL Angle 2L4X3X3/8X3/8LLBB,2L,,augmented
2L4X3X3/8X3/4LLBB,2L,,original
2L 4X3X3/8X3/4LLBB,2L,,original
2L-4X3X3/8X3/4LLBB,2L,,augmented
2L_4X3X3/8X3/4LLBB,2L,,augmented
2L4 X 3X3/8X3/4LLBB,2L,,original
2L4X3X3/8X3/4LLBB A36,2L,,augmented
2L 4 X 3 X 3/8 X 3/4LLBB,2L,,original
2L Shape 2L4X3X3/8X3/4LLBB,2L,,augmented
2L Shape-2L4X3X3/8X3/4LLBB,2L,,augmented
2L4X3X3/8X3/4LLBB 2L Shape,2L,,augmented
2L4X3X3/8X3/4LLBB ASTM A36,2L,,augmented
2L4X3X3/8X3/4LLBB LL Angle,2L,,augmented
LL Angle 2L4X3X3/8X3/4LLBB,2L,,augmented
2L4X3X5/16LLBB,2L,,original
2L 4X3X5/16LLBB,2L,,original
2L-4X3X5/16LLBB,2L,,augmented
2L_4X3X5/16LLBB,2L,,augmented
2L4 X 3X5/16LLBB,2L,,original
2L4X3X5/16LLBB A36,2L,,augmented
2L 4 X 3 X 5/16LLBB,2L,,original
2L Shape 2L4X3X5/16LLBB,2L,,augmented
2L Shape-2L4X3X5/16LLBB,2L,,augmented
2L4X3X5/16LLBB 2L Shape,2L,,augmented
2L4X3X5/16LLBB ASTM A36,2L,,augmented
2L4X3X5/16LLBB LL Angle,2L,,augmented
LL Angle 2L4X3X5/16LLBB,2L,,augmented
2L4X3X5/16X3/8LLBB,2L,,original
2L 4X3X5/16X3/8LLBB,2L,,original
2L-4X3X5/16X3/8LLBB,2L,,augmented
2L_4X3X5/16X3/8LLBB,2L,,augmented
2L4 X 3X5/16X3/8LLBB,2L,,original
2L4X3X5/16X3/8LLBB A36,2L,,augmented
2L 4 X 3 X 5/16 X 3/8LLBB,2L,,original
2L Shape 2L4X3X5/16X3/8LLBB,2L,,augmented
2L Shape-2L4X3X5/16X3/8LLBB,2L,,augmented
2L4X3X5/16X3/8LLBB 2L Shape,2L,,augmented
2L4X3X5/16X3/8LLBB ASTM A36,2L,,augmented
2L4X3X5/16X3/8LLBB LL Angle,2L,,augmented
LL Angle 2L4X3X5/16X3/8LLBB,2L,,augmented
2L4X3X5/16X3/4LLBB,2L,,original
2L 4X3X5/16X3/4LLBB,2L,,original
2L-4X3X5/16X3/4LLBB,2L,,augmented
2L_4X3X5/16X3/4LLBB,2L,,augmented
2L4 X 3X5/16X3/4LLBB,2L,,original
2L4X3X5/16X3/4LLBB A36,2L,,augmented
2L 4 X 3 X 5/16 X 3/4LLBB,2L,,original
2L Shape 2L4X3X5/16X3/4LLBB,2L,,augmented
2L Shape-2L4X3X5/16X3/4LLBB,2L,,augmented
2L4X3X5/16X3/4LLBB 2L Shape,2L,,augmented
2L4X3X5/16X3/4LLBB ASTM A36,2L,,augmented
2L4X3X5/16X3/4LLBB LL Angle,2L,,augmented
LL Angle 2L4X3X5/16X3/4LLBB,2L,,augmented
2L4X3X1/4LLBB,2L,,original
2L 4X3X1/4LLBB,2L,,original
2L-4X3X1/4LLBB,2L,,augmented
2L_4X3X1/4LLBB,2L,,augmented
2L4 X 3X1/4LLBB,2L,,original
2L4X3X1/4LLBB A36,2L,,augmented
2L 4 X 3 X 1/4LLBB,2L,,original
2L Shape 2L4X3X1/4LLBB,2L,,augmented
2L Shape-2L4X3X1/4LLBB,2L,,augmented
2L4X3X1/4LLBB 2L Shape,2L,,augmented
2L4X3X1/4LLBB ASTM A36,2L,,augmented
2L4X3X1/4LLBB LL Angle,2L,,augmented
LL Angle 2L4X3X1/4LLBB,2L,,augmented
2L4X3X1/4X3/8LLBB,2L,,original
2L 4X3X1/4X3/8LLBB,2L,,original
2L-4X3X1/4X3/8LLBB,2L,,augmented
2L_4X3X1/4X3/8LLBB,2L,,augmented
2L4 X 3X1/4X3/8LLBB,2L,,original
2L4X3X1/4X3/8LLBB A36,2L,,augmented
2L 4 X 3 X 1/4 X 3/8LLBB,2L,,original
2L Shape 2L4X3X1/4X3/8LLBB,2L,,augmented
2L Shape-2L4X3X1/4X3/8LLBB,2L,,augmented
2L4X3X1/4X3/8LLBB 2L Shape,2L,,augmented
2L4X3X1/4X3/8LLBB ASTM A36,2L,,augmented
2L4X3X1/4X3/8LLBB LL Angle,2L,,augmented
LL Angle 2L4X3X1/4X3/8LLBB,2L,,augmented
2L4X3X1/4X3/4LLBB,2L,,original
2L 4X3X1/4X3/4LLBB,2L,,original
2L-4X3X1/4X3/4LLBB,2L,,augmented
2L_4X3X1/4X3/4LLBB,2L,,augmented
2L4 X 3X1/4X3/4LLBB,2L,,original
2L4X3X1/4X3/4LLBB A36,2L,,augmented
2L 4 X 3 X 1/4 X 3/4LLBB,2L,,original
2L Shape 2L4X3X1/4X3/4LLBB,2L,,augmented
2L Shape-2L4X3X1/4X3/4LLBB,2L,,augmented
2L4X3X1/4X3/4LLBB 2L Shape,2L,,augmented
2L4X3X1/4X3/4LLBB ASTM A36,2L,,augmented
2L4X3X1/4X3/4LLBB LL Angle,2L,,augmented
LL Angle 2L4X3X1/4X3/4LLBB,2L,,augmented
2L3-1/2X3X1/2LLBB,2L,,original
2L 3-1/2X3X1/2LLBB,2L,,original
2L-3-1/2X3X1/2LLBB,2L,,augmented
2L_3-1/2X3X1/2LLBB,2L,,augmented
2L3-1/2 X 3X1/2LLBB,2L,,original
2L3-1/2X3X1/2LLBB A36,2L,,augmented
2L 3-1/2 X 3 X 1/2LLBB,2L,,original
2L Shape 2L3-1/2X3X1/2LLBB,2L,,augmented
2L Shape-2L3-1/2X3X1/2LLBB,2L,,augmented
2L3-1/2X3X1/2LLBB 2L Shape,2L,,augmented
2L3-1/2X3X1/2LLBB ASTM A36,2L,,augmented
2L3-1/2X3X1/2LLBB LL Angle,2L,,augmented
LL Angle 2L3-1/2X3X1/2LLBB,2L,,augmented
2L3-1/2X3X1/2X3/8LLBB,2L,,original
2L 3-1/2X3X1/2X3/8LLBB,2L,,original
2L-3-1/2X3X1/2X3/8LLBB,2L,,augmented
2L_3-1/2X3X1/2X3/8LLBB,2L,,augmented
2L3-1/2 X 3X1/2X3/8LLBB,2L,,original
2L3-1/2X3X1/2X3/8LLBB A36,2L,,augmented
2L 3-1/2 X 3 X 1/2 X 3/8LLBB,2L,,original
2L Shape 2L3-1/2X3X1/2X3/8LLBB,2L,,augmented
2L Shape-2L3-1/2X3X1/2X3/8LLBB,2L,,augmented
2L3-1/2X3X1/2X3/8LLBB 2L Shape,2L,,augmented
2L3-1/2X3X1/2X3/8LLBB ASTM A36,2L,,augmented
2L3-1/2X3X1/2X3/8LLBB LL Angle,2L,,augmented
LL Angle 2L3-1/2X3X1/2X3/8LLBB,2L,,augmented
2L3-1/2X3X1/2X3/4LLBB,2L,,original
2L 3-1/2X3X1/2X3/4LLBB,2L,,original
2L-3-1/2X3X1/2X3/4LLBB,2L,,augmented
2L_3-1/2X3X1/2X3/4LLBB,2L,,augmented
2L3-1/2 X 3X1/2X3/4LLBB,2L,,original
2L3-1/2X3X1/2X3/4LLBB A36,2L,,augmented
2L 3-1/2 X 3 X 1/2 X 3/4LLBB,2L,,original
2L Shape 2L3-1/2X3X1/2X3/4LLBB,2L,,augmented
2L Shape-2L3-1/2X3X1/2X3/4LLBB,2L,,augmented
2L3-1/2X3X1/2X3/4LLBB 2L Shape,2L,,augmented
2L3-1/2X3X1/2X3/4LLBB ASTM A36,2L,,augmented
2L3-1/2X3X1/2X3/4LLBB LL Angle,2L,,augmented
LL Angle 2L3-1/2X3X1/2X3/4LLBB,2L,,augmented
2L3-1/2X3X7/16LLBB,2L,,original
2L 3-1/2X3X7/16LLBB,2L,,original
2L-3-1/2X3X7/16LLBB,2L,,augmented
2L_3-1/2X3X7/16LLBB,2L,,augmented
2L3-1/2 X 3X7/16LLBB,2L,,original
2L3-1/2X3X7/16LLBB A36,2L,,augmented
2L 3-1/2 X 3 X 7/16LLBB,2L,,original
2L Shape 2L3-1/2X3X7/16LLBB,2L,,augmented
2L Shape-2L3-1/2X3X7/16LLBB,2L,,augmented
2L3-1/2X3X7/16LLBB 2L Shape,2L,,augmented
2L3-1/2X3X7/16LLBB ASTM A36,2L,,augmented
2L3-1/2X3X7/16LLBB LL Angle,2L,,augmented
LL Angle 2L3-1/2X3X7/16LLBB,2L,,augmented
2L3-1/2X3X7/16X3/8LLBB,2L,,original
2L 3-1/2X3X7/16X3/8LLBB,2L,,original
2L-3-1/2X3X7/16X3/8LLBB,2L,,augmented
2L_3-1/2X3X7/16X3/8LLBB,2L,,augmented
2L3-1/2 X 3X7/16X3/8LLBB,2L,,original
2L3-1/2X3X7/16X3/8LLBB A36,2L,,augmented
2L 3-1/2 X 3 X 7/16 X 3/8LLBB,2L,,original
2L Shape 2L3-1/2X3X7/16X3/8LLBB,2L,,augmented
2L Shape-2L3-1/2X3X7/16X3/8LLBB,2L,,augmented
2L3-1/2X3X7/16X3/8LLBB 2L Shape,2L,,augmented
2L3-1/2X3X7/16X3/8LLBB ASTM A36,2L,,augmented
2L3-1/2X3X7/16X3/8LLBB LL Angle,2L,,augmented
LL Angle 2L3-1/2X3X7/16X3/8LLBB,2L,,augmented
2L3-1/2X3X7/16X3/4LLBB,2L,,original
2L 3-1/2X3X7/16X3/4LLBB,2L,,original
2L-3-1/2X3X7/16X3/4LLBB,2L,,augmented
2L_3-1/2X3X7/16X3/4LLBB,2L,,augmented
2L3-1/2 X 3X7/16X3/4LLBB,2L,,original
2L3-1/2X3X7/16X3/4LLBB A36,2L,,augmented
2L 3-1/2 X 3 X 7/16 X 3/4LLBB,2L,,original
2L Shape 2L3-1/2X3X7/16X3/4LLBB,2L,,augmented
2L Shape-2L3-1/2X3X7/16X3/4LLBB,2L,,augmented
2L3-1/2X3X7/16X3/4LLBB 2L Shape,2L,,augmented
2L3-1/2X3X7/16X3/4LLBB ASTM A36,2L,,augmented
2L3-1/2X3X7/16X3/4LLBB LL Angle,2L,,augmented
LL Angle 2L3-1/2X3X7/16X3/4LLBB,2L,,augmented
2L3-1/2X3X3/8LLBB,2L,,original
2L 3-1/2X3X3/8LLBB,2L,,original
2L-3-1/2X3X3/8LLBB,2L,,augmented
2L_3-1/2X3X3/8LLBB,2L,,augmented
2L3-1/2 X 3X3/8LLBB,2L,,original
2L3-1/2X3X3/8LLBB A36,2L,,augmented
2L 3-1/2 X 3 X 3/8LLBB,2L,,original
2L Shape 2L3-1/2X3X3/8LLBB,2L,,augmented
2L Shape-2L3-1/2X3X3/8LLBB,2L,,augmented
2L3-1/2X3X3/8LLBB 2L Shape,2L,,augmented
2L3-1/2X3X3/8LLBB ASTM A36,2L,,augmented
2L3-1/2X3X3/8LLBB LL Angle,2L,,augmented
LL Angle 2L3-1/2X3X3/8LLBB,2L,,augmented
2L3-1/2X3X3/8X3/8LLBB,2L,,original
2L 3-1/2X3X3/8X3/8LLBB,2L,,original
2L-3-1/2X3X3/8X3/8LLBB,2L,,augmented
2L_3-1/2X3X3/8X3/8LLBB,2L,,augmented
2L3-1/2 X 3X3/8X3/8LLBB,2L,,original
2L3-1/2X3X3/8X3/8LLBB A36,2L,,augmented
2L 3-1/2 X 3 X 3/8 X 3/8LLBB,2L,,original
2L Shape 2L3-1/2X3X3/8X3/8LLBB,2L,,augmented
2L Shape-2L3-1/2X3X3/8X3/8LLBB,2L,,augmented
2L3-1/2X3X3/8X3/8LLBB 2L Shape,2L,,augmented
2L3-1/2X3X3/8X3/8LLBB ASTM A36,2L,,augmented
2L3-1/2X3X3/8X3/8LLBB LL Angle,2L,,augmented
LL Angle 2L3-1/2X3X3/8X3/8LLBB,2L,,augmented
2L3-1/2X3X3/8X3/4LLBB,2L,,original
2L 3-1/2X3X3/8X3/4LLBB,2L,,original
2L-3-1/2X3X3/8X3/4LLBB,2L,,augmented
2L_3-1/2X3X3/8X3/4LLBB,2L,,augmented
2L3-1/2 X 3X3/8X3/4LLBB,2L,,original
2L3-1/2X3X3/8X3/4LLBB A36,2L,,augmented
2L 3-1/2 X 3 X 3/8 X 3/4LLBB,2L,,original
2L Shape 2L3-1/2X3X3/8X3/4LLBB,2L,,augmented
2L Shape-2L3-1/2X3X3/8X3/4LLBB,2L,,augmented
2L3-1/2X3X3/8X3/4LLBB 2L Shape,2L,,augmented
2L3-1/2X3X3/8X3/4LLBB ASTM A36,2L,,augmented
2L3-1/2X3X3/8X3/4LLBB LL Angle,2L,,augmented
LL Angle 2L3-1/2X3X3/8X3/4LLBB,2L,,augmented
2L3-1/2X3X5/16LLBB,2L,,original
2L 3-1/2X3X5/16LLBB,2L,,original
2L-3-1/2X3X5/16LLBB,2L,,augmented
2L_3-1/2X3X5/16LLBB,2L,,augmented
2L3-1/2 X 3X5/16LLBB,2L,,original
2L3-1/2X3X5/16LLBB A36,2L,,augmented
2L 3-1/2 X 3 X 5/16LLBB,2L,,original
2L Shape 2L3-1/2X3X5/16LLBB,2L,,augmented
2L Shape-2L3-1/2X3X5/16LLBB,2L,,augmented
2L3-1/2X3X5/16LLBB 2L Shape,2L,,augmented
2L3-1/2X3X5/16LLBB ASTM A36,2L,,augmented
2L3-1/2X3X5/16LLBB LL Angle,2L,,augmented
LL Angle 2L3-1/2X3X5/16LLBB,2L,,augmented
2L3-1/2X3X5/16X3/8LLBB,2L,,original
2L 3-1/2X3X5/16X3/8LLBB,2L,,original
2L-3-1/2X3X5/16X3/8LLBB,2L,,augmented
2L_3-1/2X3X5/16X3/8LLBB,2L,,augmented
2L3-1/2 X 3X5/16X3/8LLBB,2L,,original
2L3-1/2X3X5/16X3/8LLBB A36,2L,,augmented
2L 3-1/2 X 3 X 5/16 X 3/8LLBB,2L,,original
2L Shape 2L3-1/2X3X5/16X3/8LLBB,2L,,augmented
2L Shape-2L3-1/2X3X5/16X3/8LLBB,2L,,augmented
2L3-1/2X3X5/16X3/8LLBB 2L Shape,2L,,augmented
2L3-1/2X3X5/16X3/8LLBB ASTM A36,2L,,augmented
2L3-1/2X3X5/16X3/8LLBB LL Angle,2L,,augmented
LL Angle 2L3-1/2X3X5/16X3/8LLBB,2L,,augmented
2L3-1/2X3X5/16X3/4LLBB,2L,,original
2L 3-1/2X3X5/16X3/4LLBB,2L,,original
2L-3-1/2X3X5/16X3/4LLBB,2L,,augmented
2L_3-1/2X3X5/16X3/4LLBB,2L,,augmented
2L3-1/2 X 3X5/16X3/4LLBB,2L,,original
2L3-1/2X3X5/16X3/4LLBB A36,2L,,augmented
2L 3-1/2 X 3 X 5/16 X 3/4LLBB,2L,,original
2L Shape 2L3-1/2X3X5/16X3/4LLBB,2L,,augmented
2L Shape-2L3-1/2X3X5/16X3/4LLBB,2L,,augmented
2L3-1/2X3X5/16X3/4LLBB 2L Shape,2L,,augmented
2L3-1/2X3X5/16X3/4LLBB ASTM A36,2L,,augmented
2L3-1/2X3X5/16X3/4LLBB LL Angle,2L,,augmented
LL Angle 2L3-1/2X3X5/16X3/4LLBB,2L,,augmented
2L3-1/2X3X1/4LLBB,2L,,original
2L 3-1/2X3X1/4LLBB,2L,,original
2L-3-1/2X3X1/4LLBB,2L,,augmented
2L_3-1/2X3X1/4LLBB,2L,,augmented
2L3-1/2 X 3X1/4LLBB,2L,,original
2L3-1/2X3X1/4LLBB A36,2L,,augmented
2L 3-1/2 X 3 X 1/4LLBB,2L,,original
2L Shape 2L3-1/2X3X1/4LLBB,2L,,augmented
2L Shape-2L3-1/2X3X1/4LLBB,2L,,augmented
2L3-1/2X3X1/4LLBB 2L Shape,2L,,augmented
2L3-1/2X3X1/4LLBB ASTM A36,2L,,augmented
2L3-1/2X3X1/4LLBB LL Angle,2L,,augmented
LL Angle 2L3-1/2X3X1/4LLBB,2L,,augmented
2L3-1/2X3X1/4X3/8LLBB,2L,,original
2L 3-1/2X3X1/4X3/8LLBB,2L,,original
2L-3-1/2X3X1/4X3/8LLBB,2L,,augmented
2L_3-1/2X3X1/4X3/8LLBB,2L,,augmented
2L3-1/2 X 3X1/4X3/8LLBB,2L,,original
2L3-1/2X3X1/4X3/8LLBB A36,2L,,augmented
2L 3-1/2 X 3 X 1/4 X 3/8LLBB,2L,,original
2L Shape 2L3-1/2X3X1/4X3/8LLBB,2L,,augmented
2L Shape-2L3-1/2X3X1/4X3/8LLBB,2L,,augmented
2L3-1/2X3X1/4X3/8LLBB 2L Shape,2L,,augmented
2L3-1/2X3X1/4X3/8LLBB ASTM A36,2L,,augmented
2L3-1/2X3X1/4X3/8LLBB LL Angle,2L,,augmented
LL Angle 2L3-1/2X3X1/4X3/8LLBB,2L,,augmented
2L3-1/2X3X1/4X3/4LLBB,2L,,original
2L 3-1/2X3X1/4X3/4LLBB,2L,,original
2L-3-1/2X3X1/4X3/4LLBB,2L,,augmented
2L_3-1/2X3X1/4X3/4LLBB,2L,,augmented
2L3-1/2 X 3X1/4X3/4LLBB,2L,,original
2L3-1/2X3X1/4X3/4LLBB A36,2L,,augmented
2L 3-1/2 X 3 X 1/4 X 3/4LLBB,2L,,original
2L Shape 2L3-1/2X3X1/4X3/4LLBB,2L,,augmented
2L Shape-2L3-1/2X3X1/4X3/4LLBB,2L,,augmented
2L3-1/2X3X1/4X3/4LLBB 2L Shape,2L,,augmented
2L3-1/2X3X1/4X3/4LLBB ASTM A36,2L,,augmented
2L3-1/2X3X1/4X3/4LLBB LL Angle,2L,,augmented
LL Angle 2L3-1/2X3X1/4X3/4LLBB,2L,,augmented
2L3-1/2X2-1/2X1/2LLBB,2L,,original
2L 3-1/2X2-1/2X1/2LLBB,2L,,original
2L-3-1/2X2-1/2X1/2LLBB,2L,,augmented
2L_3-1/2X2-1/2X1/2LLBB,2L,,augmented
2L3-1/2 X 2-1/2X1/2LLBB,2L,,original
2L3-1/2X2-1/2X1/2LLBB A36,2L,,augmented
2L 3-1/2 X 2-1/2 X 1/2LLBB,2L,,original
2L Shape 2L3-1/2X2-1/2X1/2LLBB,2L,,augmented
2L Shape-2L3-1/2X2-1/2X1/2LLBB,2L,,augmented
2L3-1/2X2-1/2X1/2LLBB 2L Shape,2L,,augmented
2L3-1/2X2-1/2X1/2LLBB ASTM A36,2L,,augmented
2L3-1/2X2-1/2X1/2LLBB LL Angle,2L,,augmented
LL Angle 2L3-1/2X2-1/2X1/2LLBB,2L,,augmented
2L3-1/2X2-1/2X1/2X3/8LLBB,2L,,original
2L 3-1/2X2-1/2X1/2X3/8LLBB,2L,,original
2L-3-1/2X2-1/2X1/2X3/8LLBB,2L,,augmented
2L_3-1/2X2-1/2X1/2X3/8LLBB,2L,,augmented
2L3-1/2 X 2-1/2X1/2X3/8LLBB,2L,,original
2L3-1/2X2-1/2X1/2X3/8LLBB A36,2L,,augmented
2L 3-1/2 X 2-1/2 X 1/2 X 3/8LLBB,2L,,original
2L Shape 2L3-1/2X2-1/2X1/2X3/8LLBB,2L,,augmented
2L Shape-2L3-1/2X2-1/2X1/2X3/8LLBB,2L,,augmented
2L3-1/2X2-1/2X1/2X3/8LLBB 2L Shape,2L,,augmented
2L3-1/2X2-1/2X1/2X3/8LLBB ASTM A36,2L,,augmented
2L3-1/2X2-1/2X1/2X3/8LLBB LL Angle,2L,,augmented
LL Angle 2L3-1/2X2-1/2X1/2X3/8LLBB,2L,,augmented
2L3-1/2X2-1/2X1/2X3/4LLBB,2L,,original
2L 3-1/2X2-1/2X1/2X3/4LLBB,2L,,original
2L-3-1/2X2-1/2X1/2X3/4LLBB,2L,,augmented
2L_3-1/2X2-1/2X1/2X3/4LLBB,2L,,augmented
2L3-1/2 X 2-1/2X1/2X3/4LLBB,2L,,original
2L3-1/2X2-1/2X1/2X3/4LLBB A36,2L,,augmented
2L 3-1/2 X 2-1/2 X 1/2 X 3/4LLBB,2L,,original
2L Shape 2L3-1/2X2-1/2X1/2X3/4LLBB,2L,,augmented
2L Shape-2L3-1/2X2-1/2X1/2X3/4LLBB,2L,,augmented
2L3-1/2X2-1/2X1/2X3/4LLBB 2L Shape,2L,,augmented
2L3-1/2X2-1/2X1/2X3/4LLBB ASTM A36,2L,,augmented
2L3-1/2X2-1/2X1/2X3/4LLBB LL Angle,2L,,augmented
LL Angle 2L3-1/2X2-1/2X1/2X3/4LLBB,2L,,augmented
2L3-1/2X2-1/2X3/8LLBB,2L,,original
2L 3-1/2X2-1/2X3/8LLBB,2L,,original
2L-3-1/2X2-1/2X3/8LLBB,2L,,augmented
2L_3-1/2X2-1/2X3/8LLBB,2L,,augmented
2L3-1/2 X 2-1/2X3/8LLBB,2L,,original
2L3-1/2X2-1/2X3/8LLBB A36,2L,,augmented
2L 3-1/2 X 2-1/2 X 3/8LLBB,2L,,original
2L Shape 2L3-1/2X2-1/2X3/8LLBB,2L,,augmented
2L Shape-2L3-1/2X2-1/2X3/8LLBB,2L,,augmented
2L3-1/2X2-1/2X3/8LLBB 2L Shape,2L,,augmented
2L3-1/2X2-1/2X3/8LLBB ASTM A36,2L,,augmented
2L3-1/2X2-1/2X3/8LLBB LL Angle,2L,,augmented
LL Angle 2L3-1/2X2-1/2X3/8LLBB,2L,,augmented
2L3-1/2X2-1/2X3/8X3/8LLBB,2L,,original
2L 3-1/2X2-1/2X3/8X3/8LLBB,2L,,original
2L-3-1/2X2-1/2X3/8X3/8LLBB,2L,,augmented
2L_3-1/2X2-1/2X3/8X3/8LLBB,2L,,augmented
2L3-1/2 X 2-1/2X3/8X3/8LLBB,2L,,original
2L3-1/2X2-1/2X3/8X3/8LLBB A36,2L,,augmented
2L 3-1/2 X 2-1/2 X 3/8 X 3/8LLBB,2L,,original
2L Shape 2L3-1/2X2-1/2X3/8X3/8LLBB,2L,,augmented
2L Shape-2L3-1/2X2-1/2X3/8X3/8LLBB,2L,,augmented
2L3-1/2X2-1/2X3/8X3/8LLBB 2L Shape,2L,,augmented
2L3-1/2X2-1/2X3/8X3/8LLBB ASTM A36,2L,,augmented
2L3-1/2X2-1/2X3/8X3/8LLBB LL Angle,2L,,augmented
LL Angle 2L3-1/2X2-1/2X3/8X3/8LLBB,2L,,augmented
2L3-1/2X2-1/2X3/8X3/4LLBB,2L,,original
2L 3-1/2X2-1/2X3/8X3/4LLBB,2L,,original
2L-3-1/2X2-1/2X3/8X3/4LLBB,2L,,augmented
2L_3-1/2X2-1/2X3/8X3/4LLBB,2L,,augmented
2L3-1/2 X 2-1/2X3/8X3/4LLBB,2L,,original
2L3-1/2X2-1/2X3/8X3/4LLBB A36,2L,,augmented
2L 3-1/2 X 2-1/2 X 3/8 X 3/4LLBB,2L,,original
2L Shape 2L3-1/2X2-1/2X3/8X3/4LLBB,2L,,augmented
2L Shape-2L3-1/2X2-1/2X3/8X3/4LLBB,2L,,augmented
2L3-1/2X2-1/2X3/8X3/4LLBB 2L Shape,2L,,augmented
2L3-1/2X2-1/2X3/8X3/4LLBB ASTM A36,2L,,augmented
2L3-1/2X2-1/2X3/8X3/4LLBB LL Angle,2L,,augmented
LL Angle 2L3-1/2X2-1/2X3/8X3/4LLBB,2L,,augmented
2L3-1/2X2-1/2X5/16LLBB,2L,,original
2L 3-1/2X2-1/2X5/16LLBB,2L,,original
2L-3-1/2X2-1/2X5/16LLBB,2L,,augmented
2L_3-1/2X2-1/2X5/16LLBB,2L,,augmented
2L3-1/2 X 2-1/2X5/16LLBB,2L,,original
2L3-1/2X2-1/2X5/16LLBB A36,2L,,augmented
2L 3-1/2 X 2-1/2 X 5/16LLBB,2L,,original
2L Shape 2L3-1/2X2-1/2X5/16LLBB,2L,,augmented
2L Shape-2L3-1/2X2-1/2X5/16LLBB,2L,,augmented
2L3-1/2X2-1/2X5/16LLBB 2L Shape,2L,,augmented
2L3-1/2X2-1/2X5/16LLBB ASTM A36,2L,,augmented
2L3-1/2X2-1/2X5/16LLBB LL Angle,2L,,augmented
LL Angle 2L3-1/2X2-1/2X5/16LLBB,2L,,augmented
2L3-1/2X2-1/2X5/16X3/8LLBB,2L,,original
2L 3-1/2X2-1/2X5/16X3/8LLBB,2L,,original
2L-3-1/2X2-1/2X5/16X3/8LLBB,2L,,augmented
2L_3-1/2X2-1/2X5/16X3/8LLBB,2L,,augmented
2L3-1/2 X 2-1/2X5/16X3/8LLBB,2L,,original
2L3-1/2X2-1/2X5/16X3/8LLBB A36,2L,,augmented
2L 3-1/2 X 2-1/2 X 5/16 X 3/8LLBB,2L,,original
2L Shape 2L3-1/2X2-1/2X5/16X3/8LLBB,2L,,augmented
2L Shape-2L3-1/2X2-1/2X5/16X3/8LLBB,2L,,augmented
2L3-1/2X2-1/2X5/16X3/8LLBB 2L Shape,2L,,augmented
2L3-1/2X2-1/2X5/16X3/8LLBB ASTM A36,2L,,augmented
2L3-1/2X2-1/2X5/16X3/8LLBB LL Angle,2L,,augmented
LL Angle 2L3-1/2X2-1/2X5/16X3/8LLBB,2L,,augmented
2L3-1/2X2-1/2X5/16X3/4LLBB,2L,,original
2L 3-1/2X2-1/2X5/16X3/4LLBB,2L,,original
2L-3-1/2X2-1/2X5/16X3/4LLBB,2L,,augmented
2L_3-1/2X2-1/2X5/16X3/4LLBB,2L,,augmented
2L3-1/2 X 2-1/2X5/16X3/4LLBB,2L,,original
2L3-1/2X2-1/2X5/16X3/4LLBB A36,2L,,augmented
2L 3-1/2 X 2-1/2 X 5/16 X 3/4LLBB,2L,,original
2L Shape 2L3-1/2X2-1/2X5/16X3/4LLBB,2L,,augmented
2L Shape-2L3-1/2X2-1/2X5/16X3/4LLBB,2L,,augmented
2L3-1/2X2-1/2X5/16X3/4LLBB 2L Shape,2L,,augmented
2L3-1/2X2-1/2X5/16X3/4LLBB ASTM A36,2L,,augmented
2L3-1/2X2-1/2X5/16X3/4LLBB LL Angle,2L,,augmented
LL Angle 2L3-1/2X2-1/2X5/16X3/4LLBB,2L,,augmented
2L3-1/2X2-1/2X1/4LLBB,2L,,original
2L 3-1/2X2-1/2X1/4LLBB,2L,,original
2L-3-1/2X2-1/2X1/4LLBB,2L,,augmented
2L_3-1/2X2-1/2X1/4LLBB,2L,,augmented
2L3-1/2 X 2-1/2X1/4LLBB,2L,,original
2L3-1/2X2-1/2X1/4LLBB A36,2L,,augmented
2L 3-1/2 X 2-1/2 X 1/4LLBB,2L,,original
2L Shape 2L3-1/2X2-1/2X1/4LLBB,2L,,augmented
2L Shape-2L3-1/2X2-1/2X1/4LLBB,2L,,augmented
2L3-1/2X2-1/2X1/4LLBB 2L Shape,2L,,augmented
2L3-1/2X2-1/2X1/4LLBB ASTM A36,2L,,augmented
2L3-1/2X2-1/2X1/4LLBB LL Angle,2L,,augmented
LL Angle 2L3-1/2X2-1/2X1/4LLBB,2L,,augmented
2L3-1/2X2-1/2X1/4X3/8LLBB,2L,,original
2L 3-1/2X2-1/2X1/4X3/8LLBB,2L,,original
2L-3-1/2X2-1/2X1/4X3/8LLBB,2L,,augmented
2L_3-1/2X2-1/2X1/4X3/8LLBB,2L,,augmented
2L3-1/2 X 2-1/2X1/4X3/8LLBB,2L,,original
2L3-1/2X2-1/2X1/4X3/8LLBB A36,2L,,augmented
2L 3-1/2 X 2-1/2 X 1/4 X 3/8LLBB,2L,,original
2L Shape 2L3-1/2X2-1/2X1/4X3/8LLBB,2L,,augmented
2L Shape-2L3-1/2X2-1/2X1/4X3/8LLBB,2L,,augmented
2L3-1/2X2-1/2X1/4X3/8LLBB 2L Shape,2L,,augmented
2L3-1/2X2-1/2X1/4X3/8LLBB ASTM A36,2L,,augmented
2L3-1/2X2-1/2X1/4X3/8LLBB LL Angle,2L,,augmented
LL Angle 2L3-1/2X2-1/2X1/4X3/8LLBB,2L,,augmented
2L3-1/2X2-1/2X1/4X3/4LLBB,2L,,original
2L 3-1/2X2-1/2X1/4X3/4LLBB,2L,,original
2L-3-1/2X2-1/2X1/4X3/4LLBB,2L,,augmented
2L_3-1/2X2-1/2X1/4X3/4LLBB,2L,,augmented
2L3-1/2 X 2-1/2X1/4X3/4LLBB,2L,,original
2L3-1/2X2-1/2X1/4X3/4LLBB A36,2L,,augmented
2L 3-1/2 X 2-1/2 X 1/4 X 3/4LLBB,2L,,original
2L Shape 2L3-1/2X2-1/2X1/4X3/4LLBB,2L,,augmented
2L Shape-2L3-1/2X2-1/2X1/4X3/4LLBB,2L,,augmented
2L3-1/2X2-1/2X1/4X3/4LLBB 2L Shape,2L,,augmented
2L3-1/2X2-1/2X1/4X3/4LLBB ASTM A36,2L,,augmented
2L3-1/2X2-1/2X1/4X3/4LLBB LL Angle,2L,,augmented
LL Angle 2L3-1/2X2-1/2X1/4X3/4LLBB,2L,,augmented
2L3X2-1/2X1/2LLBB,2L,,original
2L 3X2-1/2X1/2LLBB,2L,,original
2L-3X2-1/2X1/2LLBB,2L,,augmented
2L_3X2-1/2X1/2LLBB,2L,,augmented
2L3 X 2-1/2X1/2LLBB,2L,,original
2L3X2-1/2X1/2LLBB A36,2L,,augmented
2L 3 X 2-1/2 X 1/2LLBB,2L,,original
2L Shape 2L3X2-1/2X1/2LLBB,2L,,augmented
2L Shape-2L3X2-1/2X1/2LLBB,2L,,augmented
2L3X2-1/2X1/2LLBB 2L Shape,2L,,augmented
2L3X2-1/2X1/2LLBB ASTM A36,2L,,augmented
2L3X2-1/2X1/2LLBB LL Angle,2L,,augmented
LL Angle 2L3X2-1/2X1/2LLBB,2L,,augmented
2L3X2-1/2X1/2X3/8LLBB,2L,,original
2L 3X2-1/2X1/2X3/8LLBB,2L,,original
2L-3X2-1/2X1/2X3/8LLBB,2L,,augmented
2L_3X2-1/2X1/2X3/8LLBB,2L,,augmented
2L3 X 2-1/2X1/2X3/8LLBB,2L,,original
2L3X2-1/2X1/2X3/8LLBB A36,2L,,augmented
2L 3 X 2-1/2 X 1/2 X 3/8LLBB,2L,,original
2L Shape 2L3X2-1/2X1/2X3/8LLBB,2L,,augmented
2L Shape-2L3X2-1/2X1/2X3/8LLBB,2L,,augmented
2L3X2-1/2X1/2X3/8LLBB 2L Shape,2L,,augmented
2L3X2-1/2X1/2X3/8LLBB ASTM A36,2L,,augmented
2L3X2-1/2X1/2X3/8LLBB LL Angle,2L,,augmented
LL Angle 2L3X2-1/2X1/2X3/8LLBB,2L,,augmented
2L3X2-1/2X1/2X3/4LLBB,2L,,original
2L 3X2-1/2X1/2X3/4LLBB,2L,,original
2L-3X2-1/2X1/2X3/4LLBB,2L,,augmented
2L_3X2-1/2X1/2X3/4LLBB,2L,,augmented
2L3 X 2-1/2X1/2X3/4LLBB,2L,,original
2L3X2-1/2X1/2X3/4LLBB A36,2L,,augmented
2L 3 X 2-1/2 X 1/2 X 3/4LLBB,2L,,original
2L Shape 2L3X2-1/2X1/2X3/4LLBB,2L,,augmented
2L Shape-2L3X2-1/2X1/2X3/4LLBB,2L,,augmented
2L3X2-1/2X1/2X3/4LLBB 2L Shape,2L,,augmented
2L3X2-1/2X1/2X3/4LLBB ASTM A36,2L,,augmented
2L3X2-1/2X1/2X3/4LLBB LL Angle,2L,,augmented
LL Angle 2L3X2-1/2X1/2X3/4LLBB,2L,,augmented
2L3X2-1/2X7/16LLBB,2L,,original
2L 3X2-1/2X7/16LLBB,2L,,original
2L-3X2-1/2X7/16LLBB,2L,,augmented
2L_3X2-1/2X7/16LLBB,2L,,augmented
2L3 X 2-1/2X7/16LLBB,2L,,original
2L3X2-1/2X7/16LLBB A36,2L,,augmented
2L 3 X 2-1/2 X 7/16LLBB,2L,,original
2L Shape 2L3X2-1/2X7/16LLBB,2L,,augmented
2L Shape-2L3X2-1/2X7/16LLBB,2L,,augmented
2L3X2-1/2X7/16LLBB 2L Shape,2L,,augmented
2L3X2-1/2X7/16LLBB ASTM A36,2L,,augmented
2L3X2-1/2X7/16LLBB LL Angle,2L,,augmented
LL Angle 2L3X2-1/2X7/16LLBB,2L,,augmented
2L3X2-1/2X7/16X3/8LLBB,2L,,original
2L 3X2-1/2X7/16X3/8LLBB,2L,,original
2L-3X2-1/2X7/16X3/8LLBB,2L,,augmented
2L_3X2-1/2X7/16X3/8LLBB,2L,,augmented
2L3 X 2-1/2X7/16X3/8LLBB,2L,,original
2L3X2-1/2X7/16X3/8LLBB A36,2L,,augmented
2L 3 X 2-1/2 X 7/16 X 3/8LLBB,2L,,original
2L Shape 2L3X2-1/2X7/16X3/8LLBB,2L,,augmented
2L Shape-2L3X2-1/2X7/16X3/8LLBB,2L,,augmented
2L3X2-1/2X7/16X3/8LLBB 2L Shape,2L,,augmented
2L3X2-1/2X7/16X3/8LLBB ASTM A36,2L,,augmented
2L3X2-1/2X7/16X3/8LLBB LL Angle,2L,,augmented
LL Angle 2L3X2-1/2X7/16X3/8LLBB,2L,,augmented
2L3X2-1/2X7/16X3/4LLBB,2L,,original
2L 3X2-1/2X7/16X3/4LLBB,2L,,original
2L-3X2-1/2X7/16X3/4LLBB,2L,,augmented
2L_3X2-1/2X7/16X3/4LLBB,2L,,augmented
2L3 X 2-1/2X7/16X3/4LLBB,2L,,original
2L3X2-1/2X7/16X3/4LLBB A36,2L,,augmented
2L 3 X 2-1/2 X 7/16 X 3/4LLBB,2L,,original
2L Shape 2L3X2-1/2X7/16X3/4LLBB,2L,,augmented
2L Shape-2L3X2-1/2X7/16X3/4LLBB,2L,,augmented
2L3X2-1/2X7/16X3/4LLBB 2L Shape,2L,,augmented
2L3X2-1/2X7/16X3/4LLBB ASTM A36,2L,,augmented
2L3X2-1/2X7/16X3/4LLBB LL Angle,2L,,augmented
LL Angle 2L3X2-1/2X7/16X3/4LLBB,2L,,augmented
2L3X2-1/2X3/8LLBB,2L,,original
2L 3X2-1/2X3/8LLBB,2L,,original
2L-3X2-1/2X3/8LLBB,2L,,augmented
2L_3X2-1/2X3/8LLBB,2L,,augmented
2L3 X 2-1/2X3/8LLBB,2L,,original
2L3X2-1/2X3/8LLBB A36,2L,,augmented
2L 3 X 2-1/2 X 3/8LLBB,2L,,original
2L Shape 2L3X2-1/2X3/8LLBB,2L,,augmented
2L Shape-2L3X2-1/2X3/8LLBB,2L,,augmented
2L3X2-1/2X3/8LLBB 2L Shape,2L,,augmented
2L3X2-1/2X3/8LLBB ASTM A36,2L,,augmented
2L3X2-1/2X3/8LLBB LL Angle,2L,,augmented
LL Angle 2L3X2-1/2X3/8LLBB,2L,,augmented
2L3X2-1/2X3/8X3/8LLBB,2L,,original
2L 3X2-1/2X3/8X3/8LLBB,2L,,original
2L-3X2-1/2X3/8X3/8LLBB,2L,,augmented
2L_3X2-1/2X3/8X3/8LLBB,2L,,augmented
2L3 X 2-1/2X3/8X3/8LLBB,2L,,original
2L3X2-1/2X3/8X3/8LLBB A36,2L,,augmented
2L 3 X 2-1/2 X 3/8 X 3/8LLBB,2L,,original
2L Shape 2L3X2-1/2X3/8X3/8LLBB,2L,,augmented
2L Shape-2L3X2-1/2X3/8X3/8LLBB,2L,,augmented
2L3X2-1/2X3/8X3/8LLBB 2L Shape,2L,,augmented
2L3X2-1/2X3/8X3/8LLBB ASTM A36,2L,,augmented
2L3X2-1/2X3/8X3/8LLBB LL Angle,2L,,augmented
LL Angle 2L3X2-1/2X3/8X3/8LLBB,2L,,augmented
2L3X2-1/2X3/8X3/4LLBB,2L,,original
2L 3X2-1/2X3/8X3/4LLBB,2L,,original
2L-3X2-1/2X3/8X3/4LLBB,2L,,augmented
2L_3X2-1/2X3/8X3/4LLBB,2L,,augmented
2L3 X 2-1/2X3/8X3/4LLBB,2L,,original
2L3X2-1/2X3/8X3/4LLBB A36,2L,,augmented
2L 3 X 2-1/2 X 3/8 X 3/4LLBB,2L,,original
2L Shape 2L3X2-1/2X3/8X3/4LLBB,2L,,augmented
2L Shape-2L3X2-1/2X3/8X3/4LLBB,2L,,augmented
2L3X2-1/2X3/8X3/4LLBB 2L Shape,2L,,augmented
2L3X2-1/2X3/8X3/4LLBB ASTM A36,2L,,augmented
2L3X2-1/2X3/8X3/4LLBB LL Angle,2L,,augmented
LL Angle 2L3X2-1/2X3/8X3/4LLBB,2L,,augmented
2L3X2-1/2X5/16LLBB,2L,,original
2L 3X2-1/2X5/16LLBB,2L,,original
2L-3X2-1/2X5/16LLBB,2L,,augmented
2L_3X2-1/2X5/16LLBB,2L,,augmented
2L3 X 2-1/2X5/16LLBB,2L,,original
2L3X2-1/2X5/16LLBB A36,2L,,augmented
2L 3 X 2-1/2 X 5/16LLBB,2L,,original
2L Shape 2L3X2-1/2X5/16LLBB,2L,,augmented
2L Shape-2L3X2-1/2X5/16LLBB,2L,,augmented
2L3X2-1/2X5/16LLBB 2L Shape,2L,,augmented
2L3X2-1/2X5/16LLBB ASTM A36,2L,,augmented
2L3X2-1/2X5/16LLBB LL Angle,2L,,augmented
LL Angle 2L3X2-1/2X5/16LLBB,2L,,augmented
2L3X2-1/2X5/16X3/8LLBB,2L,,original
2L 3X2-1/2X5/16X3/8LLBB,2L,,original
2L-3X2-1/2X5/16X3/8LLBB,2L,,augmented
2L_3X2-1/2X5/16X3/8LLBB,2L,,augmented
2L3 X 2-1/2X5/16X3/8LLBB,2L,,original
2L3X2-1/2X5/16X3/8LLBB A36,2L,,augmented
2L 3 X 2-1/2 X 5/16 X 3/8LLBB,2L,,original
2L Shape 2L3X2-1/2X5/16X3/8LLBB,2L,,augmented
2L Shape-2L3X2-1/2X5/16X3/8LLBB,2L,,augmented
2L3X2-1/2X5/16X3/8LLBB 2L Shape,2L,,augmented
2L3X2-1/2X5/16X3/8LLBB ASTM A36,2L,,augmented
2L3X2-1/2X5/16X3/8LLBB LL Angle,2L,,augmented
LL Angle 2L3X2-1/2X5/16X3/8LLBB,2L,,augmented
2L3X2-1/2X5/16X3/4LLBB,2L,,original
2L 3X2-1/2X5/16X3/4LLBB,2L,,original
2L-3X2-1/2X5/16X3/4LLBB,2L,,augmented
2L_3X2-1/2X5/16X3/4LLBB,2L,,augmented
2L3 X 2-1/2X5/16X3/4LLBB,2L,,original
2L3X2-1/2X5/16X3/4LLBB A36,2L,,augmented
2L 3 X 2-1/2 X 5/16 X 3/4LLBB,2L,,original
2L Shape 2L3X2-1/2X5/16X3/4LLBB,2L,,augmented
2L Shape-2L3X2-1/2X5/16X3/4LLBB,2L,,augmented
2L3X2-1/2X5/16X3/4LLBB 2L Shape,2L,,augmented
2L3X2-1/2X5/16X3/4LLBB ASTM A36,2L,,augmented
2L3X2-1/2X5/16X3/4LLBB LL Angle,2L,,augmented
LL Angle 2L3X2-1/2X5/16X3/4LLBB,2L,,augmented
2L3X2-1/2X1/4LLBB,2L,,original
2L 3X2-1/2X1/4LLBB,2L,,original
2L-3X2-1/2X1/4LLBB,2L,,augmented
2L_3X2-1/2X1/4LLBB,2L,,augmented
2L3 X 2-1/2X1/4LLBB,2L,,original
2L3X2-1/2X1/4LLBB A36,2L,,augmented
2L 3 X 2-1/2 X 1/4LLBB,2L,,original
2L Shape 2L3X2-1/2X1/4LLBB,2L,,augmented
2L Shape-2L3X2-1/2X1/4LLBB,2L,,augmented
2L3X2-1/2X1/4LLBB 2L Shape,2L,,augmented
2L3X2-1/2X1/4LLBB ASTM A36,2L,,augmented
2L3X2-1/2X1/4LLBB LL Angle,2L,,augmented
LL Angle 2L3X2-1/2X1/4LLBB,2L,,augmented
2L3X2-1/2X1/4X3/8LLBB,2L,,original
2L 3X2-1/2X1/4X3/8LLBB,2L,,original
2L-3X2-1/2X1/4X3/8LLBB,2L,,augmented
2L_3X2-1/2X1/4X3/8LLBB,2L,,augmented
2L3 X 2-1/2X1/4X3/8LLBB,2L,,original
2L3X2-1/2X1/4X3/8LLBB A36,2L,,augmented
2L 3 X 2-1/2 X 1/4 X 3/8LLBB,2L,,original
2L Shape 2L3X2-1/2X1/4X3/8LLBB,2L,,augmented
2L Shape-2L3X2-1/2X1/4X3/8LLBB,2L,,augmented
2L3X2-1/2X1/4X3/8LLBB 2L Shape,2L,,augmented
2L3X2-1/2X1/4X3/8LLBB ASTM A36,2L,,augmented
2L3X2-1/2X1/4X3/8LLBB LL Angle,2L,,augmented
LL Angle 2L3X2-1/2X1/4X3/8LLBB,2L,,augmented
2L3X2-1/2X1/4X3/4LLBB,2L,,original
2L 3X2-1/2X1/4X3/4LLBB,2L,,original
2L-3X2-1/2X1/4X3/4LLBB,2L,,augmented
2L_3X2-1/2X1/4X3/4LLBB,2L,,augmented
2L3 X 2-1/2X1/4X3/4LLBB,2L,,original
2L3X2-1/2X1/4X3/4LLBB A36,2L,,augmented
2L 3 X 2-1/2 X 1/4 X 3/4LLBB,2L,,original
2L Shape 2L3X2-1/2X1/4X3/4LLBB,2L,,augmented
2L Shape-2L3X2-1/2X1/4X3/4LLBB,2L,,augmented
2L3X2-1/2X1/4X3/4LLBB 2L Shape,2L,,augmented
2L3X2-1/2X1/4X3/4LLBB ASTM A36,2L,,augmented
2L3X2-1/2X1/4X3/4LLBB LL Angle,2L,,augmented
LL Angle 2L3X2-1/2X1/4X3/4LLBB,2L,,augmented
2L3X2-1/2X3/16LLBB,2L,,original
2L 3X2-1/2X3/16LLBB,2L,,original
2L-3X2-1/2X3/16LLBB,2L,,augmented
2L_3X2-1/2X3/16LLBB,2L,,augmented
2L3 X 2-1/2X3/16LLBB,2L,,original
2L3X2-1/2X3/16LLBB A36,2L,,augmented
2L 3 X 2-1/2 X 3/16LLBB,2L,,original
2L Shape 2L3X2-1/2X3/16LLBB,2L,,augmented
2L Shape-2L3X2-1/2X3/16LLBB,2L,,augmented
2L3X2-1/2X3/16LLBB 2L Shape,2L,,augmented
2L3X2-1/2X3/16LLBB ASTM A36,2L,,augmented
2L3X2-1/2X3/16LLBB LL Angle,2L,,augmented
LL Angle 2L3X2-1/2X3/16LLBB,2L,,augmented
2L3X2-1/2X3/16X3/8LLBB,2L,,original
2L 3X2-1/2X3/16X3/8LLBB,2L,,original
2L-3X2-1/2X3/16X3/8LLBB,2L,,augmented
2L_3X2-1/2X3/16X3/8LLBB,2L,,augmented
2L3 X 2-1/2X3/16X3/8LLBB,2L,,original
2L3X2-1/2X3/16X3/8LLBB A36,2L,,augmented
2L 3 X 2-1/2 X 3/16 X 3/8LLBB,2L,,original
2L Shape 2L3X2-1/2X3/16X3/8LLBB,2L,,augmented
2L Shape-2L3X2-1/2X3/16X3/8LLBB,2L,,augmented
2L3X2-1/2X3/16X3/8LLBB 2L Shape,2L,,augmented
2L3X2-1/2X3/16X3/8LLBB ASTM A36,2L,,augmented
2L3X2-1/2X3/16X3/8LLBB LL Angle,2L,,augmented
LL Angle 2L3X2-1/2X3/16X3/8LLBB,2L,,augmented
2L3X2-1/2X3/16X3/4LLBB,2L,,original
2L 3X2-1/2X3/16X3/4LLBB,2L,,original
2L-3X2-1/2X3/16X3/4LLBB,2L,,augmented
2L_3X2-1/2X3/16X3/4LLBB,2L,,augmented
2L3 X 2-1/2X3/16X3/4LLBB,2L,,original
2L3X2-1/2X3/16X3/4LLBB A36,2L,,augmented
2L 3 X 2-1/2 X 3/16 X 3/4LLBB,2L,,original
2L Shape 2L3X2-1/2X3/16X3/4LLBB,2L,,augmented
2L Shape-2L3X2-1/2X3/16X3/4LLBB,2L,,augmented
2L3X2-1/2X3/16X3/4LLBB 2L Shape,2L,,augmented
2L3X2-1/2X3/16X3/4LLBB ASTM A36,2L,,augmented
2L3X2-1/2X3/16X3/4LLBB LL Angle,2L,,augmented
LL Angle 2L3X2-1/2X3/16X3/4LLBB,2L,,augmented
2L3X2X1/2LLBB,2L,,original
2L 3X2X1/2LLBB,2L,,original
2L-3X2X1/2LLBB,2L,,augmented
2L_3X2X1/2LLBB,2L,,augmented
2L3 X 2X1/2LLBB,2L,,original
2L3X2X1/2LLBB A36,2L,,augmented
2L 3 X 2 X 1/2LLBB,2L,,original
2L Shape 2L3X2X1/2LLBB,2L,,augmented
2L Shape-2L3X2X1/2LLBB,2L,,augmented
2L3X2X1/2LLBB 2L Shape,2L,,augmented
2L3X2X1/2LLBB ASTM A36,2L,,augmented
2L3X2X1/2LLBB LL Angle,2L,,augmented
LL Angle 2L3X2X1/2LLBB,2L,,augmented
2L3X2X1/2X3/8LLBB,2L,,original
2L 3X2X1/2X3/8LLBB,2L,,original
2L-3X2X1/2X3/8LLBB,2L,,augmented
2L_3X2X1/2X3/8LLBB,2L,,augmented
2L3 X 2X1/2X3/8LLBB,2L,,original
2L3X2X1/2X3/8LLBB A36,2L,,augmented
2L 3 X 2 X 1/2 X 3/8LLBB,2L,,original
2L Shape 2L3X2X1/2X3/8LLBB,2L,,augmented
2L Shape-2L3X2X1/2X3/8LLBB,2L,,augmented
2L3X2X1/2X3/8LLBB 2L Shape,2L,,augmented
2L3X2X1/2X3/8LLBB ASTM A36,2L,,augmented
2L3X2X1/2X3/8LLBB LL Angle,2L,,augmented
LL Angle 2L3X2X1/2X3/8LLBB,2L,,augmented
2L3X2X1/2X3/4LLBB,2L,,original
2L 3X2X1/2X3/4LLBB,2L,,original
2L-3X2X1/2X3/4LLBB,2L,,augmented
2L_3X2X1/2X3/4LLBB,2L,,augmented
2L3 X 2X1/2X3/4LLBB,2L,,original
2L3X2X1/2X3/4LLBB A36,2L,,augmented
2L 3 X 2 X 1/2 X 3/4LLBB,2L,,original
2L Shape 2L3X2X1/2X3/4LLBB,2L,,augmented
2L Shape-2L3X2X1/2X3/4LLBB,2L,,augmented
2L3X2X1/2X3/4LLBB 2L Shape,2L,,augmented
2L3X2X1/2X3/4LLBB ASTM A36,2L,,augmented
2L3X2X1/2X3/4LLBB LL Angle,2L,,augmented
LL Angle 2L3X2X1/2X3/4LLBB,2L,,augmented
2L3X2X3/8LLBB,2L,,original
2L 3X2X3/8LLBB,2L,,original
2L-3X2X3/8LLBB,2L,,augmented
2L_3X2X3/8LLBB,2L,,augmented
2L3 X 2X3/8LLBB,2L,,original
2L3X2X3/8LLBB A36,2L,,augmented
2L 3 X 2 X 3/8LLBB,2L,,original
2L Shape 2L3X2X3/8LLBB,2L,,augmented
2L Shape-2L3X2X3/8LLBB,2L,,augmented
2L3X2X3/8LLBB 2L Shape,2L,,augmented
2L3X2X3/8LLBB ASTM A36,2L,,augmented
2L3X2X3/8LLBB LL Angle,2L,,augmented
LL Angle 2L3X2X3/8LLBB,2L,,augmented
2L3X2X3/8X3/8LLBB,2L,,original
2L 3X2X3/8X3/8LLBB,2L,,original
2L-3X2X3/8X3/8LLBB,2L,,augmented
2L_3X2X3/8X3/8LLBB,2L,,augmented
2L3 X 2X3/8X3/8LLBB,2L,,original
2L3X2X3/8X3/8LLBB A36,2L,,augmented
2L 3 X 2 X 3/8 X 3/8LLBB,2L,,original
2L Shape 2L3X2X3/8X3/8LLBB,2L,,augmented
2L Shape-2L3X2X3/8X3/8LLBB,2L,,augmented
2L3X2X3/8X3/8LLBB 2L Shape,2L,,augmented
2L3X2X3/8X3/8LLBB ASTM A36,2L,,augmented
2L3X2X3/8X3/8LLBB LL Angle,2L,,augmented
LL Angle 2L3X2X3/8X3/8LLBB,2L,,augmented
2L3X2X3/8X3/4LLBB,2L,,original
2L 3X2X3/8X3/4LLBB,2L,,original
2L-3X2X3/8X3/4LLBB,2L,,augmented
2L_3X2X3/8X3/4LLBB,2L,,augmented
2L3 X 2X3/8X3/4LLBB,2L,,original
2L3X2X3/8X3/4LLBB A36,2L,,augmented
2L 3 X 2 X 3/8 X 3/4LLBB,2L,,original
2L Shape 2L3X2X3/8X3/4LLBB,2L,,augmented
2L Shape-2L3X2X3/8X3/4LLBB,2L,,augmented
2L3X2X3/8X3/4LLBB 2L Shape,2L,,augmented
2L3X2X3/8X3/4LLBB ASTM A36,2L,,augmented
2L3X2X3/8X3/4LLBB LL Angle,2L,,augmented
LL Angle 2L3X2X3/8X3/4LLBB,2L,,augmented
2L3X2X5/16LLBB,2L,,original
2L 3X2X5/16LLBB,2L,,original
2L-3X2X5/16LLBB,2L,,augmented
2L_3X2X5/16LLBB,2L,,augmented
2L3 X 2X5/16LLBB,2L,,original
2L3X2X5/16LLBB A36,2L,,augmented
2L 3 X 2 X 5/16LLBB,2L,,original
2L Shape 2L3X2X5/16LLBB,2L,,augmented
2L Shape-2L3X2X5/16LLBB,2L,,augmented
2L3X2X5/16LLBB 2L Shape,2L,,augmented
2L3X2X5/16LLBB ASTM A36,2L,,augmented
2L3X2X5/16LLBB LL Angle,2L,,augmented
LL Angle 2L3X2X5/16LLBB,2L,,augmented
2L3X2X5/16X3/8LLBB,2L,,original
2L 3X2X5/16X3/8LLBB,2L,,original
2L-3X2X5/16X3/8LLBB,2L,,augmented
2L_3X2X5/16X3/8LLBB,2L,,augmented
2L3 X 2X5/16X3/8LLBB,2L,,original
2L3X2X5/16X3/8LLBB A36,2L,,augmented
2L 3 X 2 X 5/16 X 3/8LLBB,2L,,original
2L Shape 2L3X2X5/16X3/8LLBB,2L,,augmented
2L Shape-2L3X2X5/16X3/8LLBB,2L,,augmented
2L3X2X5/16X3/8LLBB 2L Shape,2L,,augmented
2L3X2X5/16X3/8LLBB ASTM A36,2L,,augmented
2L3X2X5/16X3/8LLBB LL Angle,2L,,augmented
LL Angle 2L3X2X5/16X3/8LLBB,2L,,augmented
2L3X2X5/16X3/4LLBB,2L,,original
2L 3X2X5/16X3/4LLBB,2L,,original
2L-3X2X5/16X3/4LLBB,2L,,augmented
2L_3X2X5/16X3/4LLBB,2L,,augmented
2L3 X 2X5/16X3/4LLBB,2L,,original
2L3X2X5/16X3/4LLBB A36,2L,,augmented
2L 3 X 2 X 5/16 X 3/4LLBB,2L,,original
2L Shape 2L3X2X5/16X3/4LLBB,2L,,augmented
2L Shape-2L3X2X5/16X3/4LLBB,2L,,augmented
2L3X2X5/16X3/4LLBB 2L Shape,2L,,augmented
2L3X2X5/16X3/4LLBB ASTM A36,2L,,augmented
2L3X2X5/16X3/4LLBB LL Angle,2L,,augmented
LL Angle 2L3X2X5/16X3/4LLBB,2L,,augmented
2L3X2X1/4LLBB,2L,,original
2L 3X2X1/4LLBB,2L,,original
2L-3X2X1/4LLBB,2L,,augmented
2L_3X2X1/4LLBB,2L,,augmented
2L3 X 2X1/4LLBB,2L,,original
2L3X2X1/4LLBB A36,2L,,augmented
2L 3 X 2 X 1/4LLBB,2L,,original
2L Shape 2L3X2X1/4LLBB,2L,,augmented
2L Shape-2L3X2X1/4LLBB,2L,,augmented
2L3X2X1/4LLBB 2L Shape,2L,,augmented
2L3X2X1/4LLBB ASTM A36,2L,,augmented
2L3X2X1/4LLBB LL Angle,2L,,augmented
LL Angle 2L3X2X1/4LLBB,2L,,augmented
2L3X2X1/4X3/8LLBB,2L,,original
2L 3X2X1/4X3/8LLBB,2L,,original
2L-3X2X1/4X3/8LLBB,2L,,augmented
2L_3X2X1/4X3/8LLBB,2L,,augmented
2L3 X 2X1/4X3/8LLBB,2L,,original
2L3X2X1/4X3/8LLBB A36,2L,,augmented
2L 3 X 2 X 1/4 X 3/8LLBB,2L,,original
2L Shape 2L3X2X1/4X3/8LLBB,2L,,augmented
2L Shape-2L3X2X1/4X3/8LLBB,2L,,augmented
2L3X2X1/4X3/8LLBB 2L Shape,2L,,augmented
2L3X2X1/4X3/8LLBB ASTM A36,2L,,augmented
2L3X2X1/4X3/8LLBB LL Angle,2L,,augmented
LL Angle 2L3X2X1/4X3/8LLBB,2L,,augmented
2L3X2X1/4X3/4LLBB,2L,,original
2L 3X2X1/4X3/4LLBB,2L,,original
2L-3X2X1/4X3/4LLBB,2L,,augmented
2L_3X2X1/4X3/4LLBB,2L,,augmented
2L3 X 2X1/4X3/4LLBB,2L,,original
2L3X2X1/4X3/4LLBB A36,2L,,augmented
2L 3 X 2 X 1/4 X 3/4LLBB,2L,,original
2L Shape 2L3X2X1/4X3/4LLBB,2L,,augmented
2L Shape-2L3X2X1/4X3/4LLBB,2L,,augmented
2L3X2X1/4X3/4LLBB 2L Shape,2L,,augmented
2L3X2X1/4X3/4LLBB ASTM A36,2L,,augmented
2L3X2X1/4X3/4LLBB LL Angle,2L,,augmented
LL Angle 2L3X2X1/4X3/4LLBB,2L,,augmented
2L3X2X3/16LLBB,2L,,original
2L 3X2X3/16LLBB,2L,,original
2L-3X2X3/16LLBB,2L,,augmented
2L_3X2X3/16LLBB,2L,,augmented
2L3 X 2X3/16LLBB,2L,,original
2L3X2X3/16LLBB A36,2L,,augmented
2L 3 X 2 X 3/16LLBB,2L,,original
2L Shape 2L3X2X3/16LLBB,2L,,augmented
2L Shape-2L3X2X3/16LLBB,2L,,augmented
2L3X2X3/16LLBB 2L Shape,2L,,augmented
2L3X2X3/16LLBB ASTM A36,2L,,augmented
2L3X2X3/16LLBB LL Angle,2L,,augmented
LL Angle 2L3X2X3/16LLBB,2L,,augmented
2L3X2X3/16X3/8LLBB,2L,,original
2L 3X2X3/16X3/8LLBB,2L,,original
2L-3X2X3/16X3/8LLBB,2L,,augmented
2L_3X2X3/16X3/8LLBB,2L,,augmented
2L3 X 2X3/16X3/8LLBB,2L,,original
2L3X2X3/16X3/8LLBB A36,2L,,augmented
2L 3 X 2 X 3/16 X 3/8LLBB,2L,,original
2L Shape 2L3X2X3/16X3/8LLBB,2L,,augmented
2L Shape-2L3X2X3/16X3/8LLBB,2L,,augmented
2L3X2X3/16X3/8LLBB 2L Shape,2L,,augmented
2L3X2X3/16X3/8LLBB ASTM A36,2L,,augmented
2L3X2X3/16X3/8LLBB LL Angle,2L,,augmented
LL Angle 2L3X2X3/16X3/8LLBB,2L,,augmented
2L3X2X3/16X3/4LLBB,2L,,original
2L 3X2X3/16X3/4LLBB,2L,,original
2L-3X2X3/16X3/4LLBB,2L,,augmented
2L_3X2X3/16X3/4LLBB,2L,,augmented
2L3 X 2X3/16X3/4LLBB,2L,,original
2L3X2X3/16X3/4LLBB A36,2L,,augmented
2L 3 X 2 X 3/16 X 3/4LLBB,2L,,original
2L Shape 2L3X2X3/16X3/4LLBB,2L,,augmented
2L Shape-2L3X2X3/16X3/4LLBB,2L,,augmented
2L3X2X3/16X3/4LLBB 2L Shape,2L,,augmented
2L3X2X3/16X3/4LLBB ASTM A36,2L,,augmented
2L3X2X3/16X3/4LLBB LL Angle,2L,,augmented
LL Angle 2L3X2X3/16X3/4LLBB,2L,,augmented
2L2-1/2X2X3/8LLBB,2L,,original
2L 2-1/2X2X3/8LLBB,2L,,original
2L-2-1/2X2X3/8LLBB,2L,,augmented
2L_2-1/2X2X3/8LLBB,2L,,augmented
2L2-1/2 X 2X3/8LLBB,2L,,original
2L2-1/2X2X3/8LLBB A36,2L,,augmented
2L 2-1/2 X 2 X 3/8LLBB,2L,,original
2L Shape 2L2-1/2X2X3/8LLBB,2L,,augmented
2L Shape-2L2-1/2X2X3/8LLBB,2L,,augmented
2L2-1/2X2X3/8LLBB 2L Shape,2L,,augmented
2L2-1/2X2X3/8LLBB ASTM A36,2L,,augmented
2L2-1/2X2X3/8LLBB LL Angle,2L,,augmented
LL Angle 2L2-1/2X2X3/8LLBB,2L,,augmented
2L2-1/2X2X3/8X3/8LLBB,2L,,original
2L 2-1/2X2X3/8X3/8LLBB,2L,,original
2L-2-1/2X2X3/8X3/8LLBB,2L,,augmented
2L_2-1/2X2X3/8X3/8LLBB,2L,,augmented
2L2-1/2 X 2X3/8X3/8LLBB,2L,,original
2L2-1/2X2X3/8X3/8LLBB A36,2L,,augmented
2L 2-1/2 X 2 X 3/8 X 3/8LLBB,2L,,original
2L Shape 2L2-1/2X2X3/8X3/8LLBB,2L,,augmented
2L Shape-2L2-1/2X2X3/8X3/8LLBB,2L,,augmented
2L2-1/2X2X3/8X3/8LLBB 2L Shape,2L,,augmented
2L2-1/2X2X3/8X3/8LLBB ASTM A36,2L,,augmented
2L2-1/2X2X3/8X3/8LLBB LL Angle,2L,,augmented
LL Angle 2L2-1/2X2X3/8X3/8LLBB,2L,,augmented
2L2-1/2X2X3/8X3/4LLBB,2L,,original
2L 2-1/2X2X3/8X3/4LLBB,2L,,original
2L-2-1/2X2X3/8X3/4LLBB,2L,,augmented
2L_2-1/2X2X3/8X3/4LLBB,2L,,augmented
2L2-1/2 X 2X3/8X3/4LLBB,2L,,original
2L2-1/2X2X3/8X3/4LLBB A36,2L,,augmented
2L 2-1/2 X 2 X 3/8 X 3/4LLBB,2L,,original
2L Shape 2L2-1/2X2X3/8X3/4LLBB,2L,,augmented
2L Shape-2L2-1/2X2X3/8X3/4LLBB,2L,,augmented
2L2-1/2X2X3/8X3/4LLBB 2L Shape,2L,,augmented
2L2-1/2X2X3/8X3/4LLBB ASTM A36,2L,,augmented
2L2-1/2X2X3/8X3/4LLBB LL Angle,2L,,augmented
LL Angle 2L2-1/2X2X3/8X3/4LLBB,2L,,augmented
2L2-1/2X2X5/16LLBB,2L,,original
2L 2-1/2X2X5/16LLBB,2L,,original
2L-2-1/2X2X5/16LLBB,2L,,augmented
2L_2-1/2X2X5/16LLBB,2L,,augmented
2L2-1/2 X 2X5/16LLBB,2L,,original
2L2-1/2X2X5/16LLBB A36,2L,,augmented
2L 2-1/2 X 2 X 5/16LLBB,2L,,original
2L Shape 2L2-1/2X2X5/16LLBB,2L,,augmented
2L Shape-2L2-1/2X2X5/16LLBB,2L,,augmented
2L2-1/2X2X5/16LLBB 2L Shape,2L,,augmented
2L2-1/2X2X5/16LLBB ASTM A36,2L,,augmented
2L2-1/2X2X5/16LLBB LL Angle,2L,,augmented
LL Angle 2L2-1/2X2X5/16LLBB,2L,,augmented
2L2-1/2X2X5/16X3/8LLBB,2L,,original
2L 2-1/2X2X5/16X3/8LLBB,2L,,original
2L-2-1/2X2X5/16X3/8LLBB,2L,,augmented
2L_2-1/2X2X5/16X3/8LLBB,2L,,augmented
2L2-1/2 X 2X5/16X3/8LLBB,2L,,original
2L2-1/2X2X5/16X3/8LLBB A36,2L,,augmented
2L 2-1/2 X 2 X 5/16 X 3/8LLBB,2L,,original
2L Shape 2L2-1/2X2X5/16X3/8LLBB,2L,,augmented
2L Shape-2L2-1/2X2X5/16X3/8LLBB,2L,,augmented
2L2-1/2X2X5/16X3/8LLBB 2L Shape,2L,,augmented
2L2-1/2X2X5/16X3/8LLBB ASTM A36,2L,,augmented
2L2-1/2X2X5/16X3/8LLBB LL Angle,2L,,augmented
LL Angle 2L2-1/2X2X5/16X3/8LLBB,2L,,augmented
2L2-1/2X2X5/16X3/4LLBB,2L,,original
2L 2-1/2X2X5/16X3/4LLBB,2L,,original
2L-2-1/2X2X5/16X3/4LLBB,2L,,augmented
2L_2-1/2X2X5/16X3/4LLBB,2L,,augmented
2L2-1/2 X 2X5/16X3/4LLBB,2L,,original
2L2-1/2X2X5/16X3/4LLBB A36,2L,,augmented
2L 2-1/2 X 2 X 5/16 X 3/4LLBB,2L,,original
2L Shape 2L2-1/2X2X5/16X3/4LLBB,2L,,augmented
2L Shape-2L2-1/2X2X5/16X3/4LLBB,2L,,augmented
2L2-1/2X2X5/16X3/4LLBB 2L Shape,2L,,augmented
2L2-1/2X2X5/16X3/4LLBB ASTM A36,2L,,augmented
2L2-1/2X2X5/16X3/4LLBB LL Angle,2L,,augmented
LL Angle 2L2-1/2X2X5/16X3/4LLBB,2L,,augmented
2L2-1/2X2X1/4LLBB,2L,,original
2L 2-1/2X2X1/4LLBB,2L,,original
2L-2-1/2X2X1/4LLBB,2L,,augmented
2L_2-1/2X2X1/4LLBB,2L,,augmented
2L2-1/2 X 2X1/4LLBB,2L,,original
2L2-1/2X2X1/4LLBB A36,2L,,augmented
2L 2-1/2 X 2 X 1/4LLBB,2L,,original
2L Shape 2L2-1/2X2X1/4LLBB,2L,,augmented
2L Shape-2L2-1/2X2X1/4LLBB,2L,,augmented
2L2-1/2X2X1/4LLBB 2L Shape,2L,,augmented
2L2-1/2X2X1/4LLBB ASTM A36,2L,,augmented
2L2-1/2X2X1/4LLBB LL Angle,2L,,augmented
LL Angle 2L2-1/2X2X1/4LLBB,2L,,augmented
2L2-1/2X2X1/4X3/8LLBB,2L,,original
2L 2-1/2X2X1/4X3/8LLBB,2L,,original
2L-2-1/2X2X1/4X3/8LLBB,2L,,augmented
2L_2-1/2X2X1/4X3/8LLBB,2L,,augmented
2L2-1/2 X 2X1/4X3/8LLBB,2L,,original
2L2-1/2X2X1/4X3/8LLBB A36,2L,,augmented
2L 2-1/2 X 2 X 1/4 X 3/8LLBB,2L,,original
2L Shape 2L2-1/2X2X1/4X3/8LLBB,2L,,augmented
2L Shape-2L2-1/2X2X1/4X3/8LLBB,2L,,augmented
2L2-1/2X2X1/4X3/8LLBB 2L Shape,2L,,augmented
2L2-1/2X2X1/4X3/8LLBB ASTM A36,2L,,augmented
2L2-1/2X2X1/4X3/8LLBB LL Angle,2L,,augmented
LL Angle 2L2-1/2X2X1/4X3/8LLBB,2L,,augmented
2L2-1/2X2X1/4X3/4LLBB,2L,,original
2L 2-1/2X2X1/4X3/4LLBB,2L,,original
2L-2-1/2X2X1/4X3/4LLBB,2L,,augmented
2L_2-1/2X2X1/4X3/4LLBB,2L,,augmented
2L2-1/2 X 2X1/4X3/4LLBB,2L,,original
2L2-1/2X2X1/4X3/4LLBB A36,2L,,augmented
2L 2-1/2 X 2 X 1/4 X 3/4LLBB,2L,,original
2L Shape 2L2-1/2X2X1/4X3/4LLBB,2L,,augmented
2L Shape-2L2-1/2X2X1/4X3/4LLBB,2L,,augmented
2L2-1/2X2X1/4X3/4LLBB 2L Shape,2L,,augmented
2L2-1/2X2X1/4X3/4LLBB ASTM A36,2L,,augmented
2L2-1/2X2X1/4X3/4LLBB LL Angle,2L,,augmented
LL Angle 2L2-1/2X2X1/4X3/4LLBB,2L,,augmented
2L2-1/2X2X3/16LLBB,2L,,original
2L 2-1/2X2X3/16LLBB,2L,,original
2L-2-1/2X2X3/16LLBB,2L,,augmented
2L_2-1/2X2X3/16LLBB,2L,,augmented
2L2-1/2 X 2X3/16LLBB,2L,,original
2L2-1/2X2X3/16LLBB A36,2L,,augmented
2L 2-1/2 X 2 X 3/16LLBB,2L,,original
2L Shape 2L2-1/2X2X3/16LLBB,2L,,augmented
2L Shape-2L2-1/2X2X3/16LLBB,2L,,augmented
2L2-1/2X2X3/16LLBB 2L Shape,2L,,augmented
2L2-1/2X2X3/16LLBB ASTM A36,2L,,augmented
2L2-1/2X2X3/16LLBB LL Angle,2L,,augmented
LL Angle 2L2-1/2X2X3/16LLBB,2L,,augmented
2L2-1/2X2X3/16X3/8LLBB,2L,,original
2L 2-1/2X2X3/16X3/8LLBB,2L,,original
2L-2-1/2X2X3/16X3/8LLBB,2L,,augmented
2L_2-1/2X2X3/16X3/8LLBB,2L,,augmented
2L2-1/2 X 2X3/16X3/8LLBB,2L,,original
2L2-1/2X2X3/16X3/8LLBB A36,2L,,augmented
2L 2-1/2 X 2 X 3/16 X 3/8LLBB,2L,,original
2L Shape 2L2-1/2X2X3/16X3/8LLBB,2L,,augmented
2L Shape-2L2-1/2X2X3/16X3/8LLBB,2L,,augmented
2L2-1/2X2X3/16X3/8LLBB 2L Shape,2L,,augmented
2L2-1/2X2X3/16X3/8LLBB ASTM A36,2L,,augmented
2L2-1/2X2X3/16X3/8LLBB LL Angle,2L,,augmented
LL Angle 2L2-1/2X2X3/16X3/8LLBB,2L,,augmented
2L2-1/2X2X3/16X3/4LLBB,2L,,original
2L 2-1/2X2X3/16X3/4LLBB,2L,,original
2L-2-1/2X2X3/16X3/4LLBB,2L,,augmented
2L_2-1/2X2X3/16X3/4LLBB,2L,,augmented
2L2-1/2 X 2X3/16X3/4LLBB,2L,,original
2L2-1/2X2X3/16X3/4LLBB A36,2L,,augmented
2L 2-1/2 X 2 X 3/16 X 3/4LLBB,2L,,original
2L Shape 2L2-1/2X2X3/16X3/4LLBB,2L,,augmented
2L Shape-2L2-1/2X2X3/16X3/4LLBB,2L,,augmented
2L2-1/2X2X3/16X3/4LLBB 2L Shape,2L,,augmented
2L2-1/2X2X3/16X3/4LLBB ASTM A36,2L,,augmented
2L2-1/2X2X3/16X3/4LLBB LL Angle,2L,,augmented
LL Angle 2L2-1/2X2X3/16X3/4LLBB,2L,,augmented
2L2-1/2X1-1/2X1/4LLBB,2L,,original
2L 2-1/2X1-1/2X1/4LLBB,2L,,original
2L-2-1/2X1-1/2X1/4LLBB,2L,,augmented
2L_2-1/2X1-1/2X1/4LLBB,2L,,augmented
2L2-1/2 X 1-1/2X1/4LLBB,2L,,original
2L2-1/2X1-1/2X1/4LLBB A36,2L,,augmented
2L 2-1/2 X 1-1/2 X 1/4LLBB,2L,,original
2L Shape 2L2-1/2X1-1/2X1/4LLBB,2L,,augmented
2L Shape-2L2-1/2X1-1/2X1/4LLBB,2L,,augmented
2L2-1/2X1-1/2X1/4LLBB 2L Shape,2L,,augmented
2L2-1/2X1-1/2X1/4LLBB ASTM A36,2L,,augmented
2L2-1/2X1-1/2X1/4LLBB LL Angle,2L,,augmented
LL Angle 2L2-1/2X1-1/2X1/4LLBB,2L,,augmented
2L2-1/2X1-1/2X1/4X3/8LLBB,2L,,original
2L 2-1/2X1-1/2X1/4X3/8LLBB,2L,,original
2L-2-1/2X1-1/2X1/4X3/8LLBB,2L,,augmented
2L_2-1/2X1-1/2X1/4X3/8LLBB,2L,,augmented
2L2-1/2 X 1-1/2X1/4X3/8LLBB,2L,,original
2L2-1/2X1-1/2X1/4X3/8LLBB A36,2L,,augmented
2L 2-1/2 X 1-1/2 X 1/4 X 3/8LLBB,2L,,original
2L Shape 2L2-1/2X1-1/2X1/4X3/8LLBB,2L,,augmented
2L Shape-2L2-1/2X1-1/2X1/4X3/8LLBB,2L,,augmented
2L2-1/2X1-1/2X1/4X3/8LLBB 2L Shape,2L,,augmented
2L2-1/2X1-1/2X1/4X3/8LLBB ASTM A36,2L,,augmented
2L2-1/2X1-1/2X1/4X3/8LLBB LL Angle,2L,,augmented
LL Angle 2L2-1/2X1-1/2X1/4X3/8LLBB,2L,,augmented
2L2-1/2X1-1/2X1/4X3/4LLBB,2L,,original
2L 2-1/2X1-1/2X1/4X3/4LLBB,2L,,original
2L-2-1/2X1-1/2X1/4X3/4LLBB,2L,,augmented
2L_2-1/2X1-1/2X1/4X3/4LLBB,2L,,augmented
2L2-1/2 X 1-1/2X1/4X3/4LLBB,2L,,original
2L2-1/2X1-1/2X1/4X3/4LLBB A36,2L,,augmented
2L 2-1/2 X 1-1/2 X 1/4 X 3/4LLBB,2L,,original
2L Shape 2L2-1/2X1-1/2X1/4X3/4LLBB,2L,,augmented
2L Shape-2L2-1/2X1-1/2X1/4X3/4LLBB,2L,,augmented
2L2-1/2X1-1/2X1/4X3/4LLBB 2L Shape,2L,,augmented
2L2-1/2X1-1/2X1/4X3/4LLBB ASTM A36,2L,,augmented
2L2-1/2X1-1/2X1/4X3/4LLBB LL Angle,2L,,augmented
LL Angle 2L2-1/2X1-1/2X1/4X3/4LLBB,2L,,augmented
2L2-1/2X1-1/2X3/16LLBB,2L,,original
2L 2-1/2X1-1/2X3/16LLBB,2L,,original
2L-2-1/2X1-1/2X3/16LLBB,2L,,augmented
2L_2-1/2X1-1/2X3/16LLBB,2L,,augmented
2L2-1/2 X 1-1/2X3/16LLBB,2L,,original
2L2-1/2X1-1/2X3/16LLBB A36,2L,,augmented
2L 2-1/2 X 1-1/2 X 3/16LLBB,2L,,original
2L Shape 2L2-1/2X1-1/2X3/16LLBB,2L,,augmented
2L Shape-2L2-1/2X1-1/2X3/16LLBB,2L,,augmented
2L2-1/2X1-1/2X3/16LLBB 2L Shape,2L,,augmented
2L2-1/2X1-1/2X3/16LLBB ASTM A36,2L,,augmented
2L2-1/2X1-1/2X3/16LLBB LL Angle,2L,,augmented
LL Angle 2L2-1/2X1-1/2X3/16LLBB,2L,,augmented
2L2-1/2X1-1/2X3/16X3/8LLBB,2L,,original
2L 2-1/2X1-1/2X3/16X3/8LLBB,2L,,original
2L-2-1/2X1-1/2X3/16X3/8LLBB,2L,,augmented
2L_2-1/2X1-1/2X3/16X3/8LLBB,2L,,augmented
2L2-1/2 X 1-1/2X3/16X3/8LLBB,2L,,original
2L2-1/2X1-1/2X3/16X3/8LLBB A36,2L,,augmented
2L 2-1/2 X 1-1/2 X 3/16 X 3/8LLBB,2L,,original
2L Shape 2L2-1/2X1-1/2X3/16X3/8LLBB,2L,,augmented
2L Shape-2L2-1/2X1-1/2X3/16X3/8LLBB,2L,,augmented
2L2-1/2X1-1/2X3/16X3/8LLBB 2L Shape,2L,,augmented
2L2-1/2X1-1/2X3/16X3/8LLBB ASTM A36,2L,,augmented
2L2-1/2X1-1/2X3/16X3/8LLBB LL Angle,2L,,augmented
LL Angle 2L2-1/2X1-1/2X3/16X3/8LLBB,2L,,augmented
2L2-1/2X1-1/2X3/16X3/4LLBB,2L,,original
2L 2-1/2X1-1/2X3/16X3/4LLBB,2L,,original
2L-2-1/2X1-1/2X3/16X3/4LLBB,2L,,augmented
2L_2-1/2X1-1/2X3/16X3/4LLBB,2L,,augmented
2L2-1/2 X 1-1/2X3/16X3/4LLBB,2L,,original
2L2-1/2X1-1/2X3/16X3/4LLBB A36,2L,,augmented
2L 2-1/2 X 1-1/2 X 3/16 X 3/4LLBB,2L,,original
2L Shape 2L2-1/2X1-1/2X3/16X3/4LLBB,2L,,augmented
2L Shape-2L2-1/2X1-1/2X3/16X3/4LLBB,2L,,augmented
2L2-1/2X1-1/2X3/16X3/4LLBB 2L Shape,2L,,augmented
2L2-1/2X1-1/2X3/16X3/4LLBB ASTM A36,2L,,augmented
2L2-1/2X1-1/2X3/16X3/4LLBB LL Angle,2L,,augmented
LL Angle 2L2-1/2X1-1/2X3/16X3/4LLBB,2L,,augmented
2L8X6X1SLBB,2L,,original
2L 8X6X1SLBB,2L,,original
2L-8X6X1SLBB,2L,,augmented
2L_8X6X1SLBB,2L,,augmented
2L8 X 6X1SLBB,2L,,original
2L8X6X1SLBB A36,2L,,augmented
2L 8 X 6 X 1SLBB,2L,,original
2L Shape 2L8X6X1SLBB,2L,,augmented
2L Shape-2L8X6X1SLBB,2L,,augmented
2L8X6X1SLBB 2L Shape,2L,,augmented
2L8X6X1SLBB ASTM A36,2L,,augmented
2L8X6X1SLBB LL Angle,2L,,augmented
LL Angle 2L8X6X1SLBB,2L,,augmented
2L8X6X1X3/8SLBB,2L,,original
2L 8X6X1X3/8SLBB,2L,,original
2L-8X6X1X3/8SLBB,2L,,augmented
2L_8X6X1X3/8SLBB,2L,,augmented
2L8 X 6X1X3/8SLBB,2L,,original
2L8X6X1X3/8SLBB A36,2L,,augmented
2L 8 X 6 X 1 X 3/8SLBB,2L,,original
2L Shape 2L8X6X1X3/8SLBB,2L,,augmented
2L Shape-2L8X6X1X3/8SLBB,2L,,augmented
2L8X6X1X3/8SLBB 2L Shape,2L,,augmented
2L8X6X1X3/8SLBB ASTM A36,2L,,augmented
2L8X6X1X3/8SLBB LL Angle,2L,,augmented
LL Angle 2L8X6X1X3/8SLBB,2L,,augmented
2L8X6X1X3/4SLBB,2L,,original
2L 8X6X1X3/4SLBB,2L,,original
2L-8X6X1X3/4SLBB,2L,,augmented
2L_8X6X1X3/4SLBB,2L,,augmented
2L8 X 6X1X3/4SLBB,2L,,original
2L8X6X1X3/4SLBB A36,2L,,augmented
2L 8 X 6 X 1 X 3/4SLBB,2L,,original
2L Shape 2L8X6X1X3/4SLBB,2L,,augmented
2L Shape-2L8X6X1X3/4SLBB,2L,,augmented
2L8X6X1X3/4SLBB 2L Shape,2L,,augmented
2L8X6X1X3/4SLBB ASTM A36,2L,,augmented
2L8X6X1X3/4SLBB LL Angle,2L,,augmented
LL Angle 2L8X6X1X3/4SLBB,2L,,augmented
2L8X6X7/8SLBB,2L,,original
2L 8X6X7/8SLBB,2L,,original
2L-8X6X7/8SLBB,2L,,augmented
2L_8X6X7/8SLBB,2L,,augmented
2L8 X 6X7/8SLBB,2L,,original
2L8X6X7/8SLBB A36,2L,,augmented
2L 8 X 6 X 7/8SLBB,2L,,original
2L Shape 2L8X6X7/8SLBB,2L,,augmented
2L Shape-2L8X6X7/8SLBB,2L,,augmented
2L8X6X7/8SLBB 2L Shape,2L,,augmented
2L8X6X7/8SLBB ASTM A36,2L,,augmented
2L8X6X7/8SLBB LL Angle,2L,,augmented
LL Angle 2L8X6X7/8SLBB,2L,,augmented
2L8X6X7/8X3/8SLBB,2L,,original
2L 8X6X7/8X3/8SLBB,2L,,original
2L-8X6X7/8X3/8SLBB,2L,,augmented
2L_8X6X7/8X3/8SLBB,2L,,augmented
2L8 X 6X7/8X3/8SLBB,2L,,original
2L8X6X7/8X3/8SLBB A36,2L,,augmented
2L 8 X 6 X 7/8 X 3/8SLBB,2L,,original
2L Shape 2L8X6X7/8X3/8SLBB,2L,,augmented
2L Shape-2L8X6X7/8X3/8SLBB,2L,,augmented
2L8X6X7/8X3/8SLBB 2L Shape,2L,,augmented
2L8X6X7/8X3/8SLBB ASTM A36,2L,,augmented
2L8X6X7/8X3/8SLBB LL Angle,2L,,augmented
LL Angle 2L8X6X7/8X3/8SLBB,2L,,augmented
2L8X6X7/8X3/4SLBB,2L,,original
2L 8X6X7/8X3/4SLBB,2L,,original
2L-8X6X7/8X3/4SLBB,2L,,augmented
2L_8X6X7/8X3/4SLBB,2L,,augmented
2L8 X 6X7/8X3/4SLBB,2L,,original
2L8X6X7/8X3/4SLBB A36,2L,,augmented
2L 8 X 6 X 7/8 X 3/4SLBB,2L,,original
2L Shape 2L8X6X7/8X3/4SLBB,2L,,augmented
2L Shape-2L8X6X7/8X3/4SLBB,2L,,augmented
2L8X6X7/8X3/4SLBB 2L Shape,2L,,augmented
2L8X6X7/8X3/4SLBB ASTM A36,2L,,augmented
2L8X6X7/8X3/4SLBB LL Angle,2L,,augmented
LL Angle 2L8X6X7/8X3/4SLBB,2L,,augmented
2L8X6X3/4SLBB,2L,,original
2L 8X6X3/4SLBB,2L,,original
2L-8X6X3/4SLBB,2L,,augmented
2L_8X6X3/4SLBB,2L,,augmented
2L8 X 6X3/4SLBB,2L,,original
2L8X6X3/4SLBB A36,2L,,augmented
2L 8 X 6 X 3/4SLBB,2L,,original
2L Shape 2L8X6X3/4SLBB,2L,,augmented
2L Shape-2L8X6X3/4SLBB,2L,,augmented
2L8X6X3/4SLBB 2L Shape,2L,,augmented
2L8X6X3/4SLBB ASTM A36,2L,,augmented
2L8X6X3/4SLBB LL Angle,2L,,augmented
LL Angle 2L8X6X3/4SLBB,2L,,augmented
2L8X6X3/4X3/8SLBB,2L,,original
2L 8X6X3/4X3/8SLBB,2L,,original
2L-8X6X3/4X3/8SLBB,2L,,augmented
2L_8X6X3/4X3/8SLBB,2L,,augmented
2L8 X 6X3/4X3/8SLBB,2L,,original
2L8X6X3/4X3/8SLBB A36,2L,,augmented
2L 8 X 6 X 3/4 X 3/8SLBB,2L,,original
2L Shape 2L8X6X3/4X3/8SLBB,2L,,augmented
2L Shape-2L8X6X3/4X3/8SLBB,2L,,augmented
2L8X6X3/4X3/8SLBB 2L Shape,2L,,augmented
2L8X6X3/4X3/8SLBB ASTM A36,2L,,augmented
2L8X6X3/4X3/8SLBB LL Angle,2L,,augmented
LL Angle 2L8X6X3/4X3/8SLBB,2L,,augmented
2L8X6X3/4X3/4SLBB,2L,,original
2L 8X6X3/4X3/4SLBB,2L,,original
2L-8X6X3/4X3/4SLBB,2L,,augmented
2L_8X6X3/4X3/4SLBB,2L,,augmented
2L8 X 6X3/4X3/4SLBB,2L,,original
2L8X6X3/4X3/4SLBB A36,2L,,augmented
2L 8 X 6 X 3/4 X 3/4SLBB,2L,,original
2L Shape 2L8X6X3/4X3/4SLBB,2L,,augmented
2L Shape-2L8X6X3/4X3/4SLBB,2L,,augmented
2L8X6X3/4X3/4SLBB 2L Shape,2L,,augmented
2L8X6X3/4X3/4SLBB ASTM A36,2L,,augmented
2L8X6X3/4X3/4SLBB LL Angle,2L,,augmented
LL Angle 2L8X6X3/4X3/4SLBB,2L,,augmented
2L8X6X5/8SLBB,2L,,original
2L 8X6X5/8SLBB,2L,,original
2L-8X6X5/8SLBB,2L,,augmented
2L_8X6X5/8SLBB,2L,,augmented
2L8 X 6X5/8SLBB,2L,,original
2L8X6X5/8SLBB A36,2L,,augmented
2L 8 X 6 X 5/8SLBB,2L,,original
2L Shape 2L8X6X5/8SLBB,2L,,augmented
2L Shape-2L8X6X5/8SLBB,2L,,augmented
2L8X6X5/8SLBB 2L Shape,2L,,augmented
2L8X6X5/8SLBB ASTM A36,2L,,augmented
2L8X6X5/8SLBB LL Angle,2L,,augmented
LL Angle 2L8X6X5/8SLBB,2L,,augmented
2L8X6X5/8X3/8SLBB,2L,,original
2L 8X6X5/8X3/8SLBB,2L,,original
2L-8X6X5/8X3/8SLBB,2L,,augmented
2L_8X6X5/8X3/8SLBB,2L,,augmented
2L8 X 6X5/8X3/8SLBB,2L,,original
2L8X6X5/8X3/8SLBB A36,2L,,augmented
2L 8 X 6 X 5/8 X 3/8SLBB,2L,,original
2L Shape 2L8X6X5/8X3/8SLBB,2L,,augmented
2L Shape-2L8X6X5/8X3/8SLBB,2L,,augmented
2L8X6X5/8X3/8SLBB 2L Shape,2L,,augmented
2L8X6X5/8X3/8SLBB ASTM A36,2L,,augmented
2L8X6X5/8X3/8SLBB LL Angle,2L,,augmented
LL Angle 2L8X6X5/8X3/8SLBB,2L,,augmented
2L8X6X5/8X3/4SLBB,2L,,original
2L 8X6X5/8X3/4SLBB,2L,,original
2L-8X6X5/8X3/4SLBB,2L,,augmented
2L_8X6X5/8X3/4SLBB,2L,,augmented
2L8 X 6X5/8X3/4SLBB,2L,,original
2L8X6X5/8X3/4SLBB A36,2L,,augmented
2L 8 X 6 X 5/8 X 3/4SLBB,2L,,original
2L Shape 2L8X6X5/8X3/4SLBB,2L,,augmented
2L Shape-2L8X6X5/8X3/4SLBB,2L,,augmented
2L8X6X5/8X3/4SLBB 2L Shape,2L,,augmented
2L8X6X5/8X3/4SLBB ASTM A36,2L,,augmented
2L8X6X5/8X3/4SLBB LL Angle,2L,,augmented
LL Angle 2L8X6X5/8X3/4SLBB,2L,,augmented
2L8X6X9/16SLBB,2L,,original
2L 8X6X9/16SLBB,2L,,original
2L-8X6X9/16SLBB,2L,,augmented
2L_8X6X9/16SLBB,2L,,augmented
2L8 X 6X9/16SLBB,2L,,original
2L8X6X9/16SLBB A36,2L,,augmented
2L 8 X 6 X 9/16SLBB,2L,,original
2L Shape 2L8X6X9/16SLBB,2L,,augmented
2L Shape-2L8X6X9/16SLBB,2L,,augmented
2L8X6X9/16SLBB 2L Shape,2L,,augmented
2L8X6X9/16SLBB ASTM A36,2L,,augmented
2L8X6X9/16SLBB LL Angle,2L,,augmented
LL Angle 2L8X6X9/16SLBB,2L,,augmented
2L8X6X9/16X3/8SLBB,2L,,original
2L 8X6X9/16X3/8SLBB,2L,,original
2L-8X6X9/16X3/8SLBB,2L,,augmented
2L_8X6X9/16X3/8SLBB,2L,,augmented
2L8 X 6X9/16X3/8SLBB,2L,,original
2L8X6X9/16X3/8SLBB A36,2L,,augmented
2L 8 X 6 X 9/16 X 3/8SLBB,2L,,original
2L Shape 2L8X6X9/16X3/8SLBB,2L,,augmented
2L Shape-2L8X6X9/16X3/8SLBB,2L,,augmented
2L8X6X9/16X3/8SLBB 2L Shape,2L,,augmented
2L8X6X9/16X3/8SLBB ASTM A36,2L,,augmented
2L8X6X9/16X3/8SLBB LL Angle,2L,,augmented
LL Angle 2L8X6X9/16X3/8SLBB,2L,,augmented
2L8X6X9/16X3/4SLBB,2L,,original
2L 8X6X9/16X3/4SLBB,2L,,original
2L-8X6X9/16X3/4SLBB,2L,,augmented
2L_8X6X9/16X3/4SLBB,2L,,augmented
2L8 X 6X9/16X3/4SLBB,2L,,original
2L8X6X9/16X3/4SLBB A36,2L,,augmented
2L 8 X 6 X 9/16 X 3/4SLBB,2L,,original
2L Shape 2L8X6X9/16X3/4SLBB,2L,,augmented
2L Shape-2L8X6X9/16X3/4SLBB,2L,,augmented
2L8X6X9/16X3/4SLBB 2L Shape,2L,,augmented
2L8X6X9/16X3/4SLBB ASTM A36,2L,,augmented
2L8X6X9/16X3/4SLBB LL Angle,2L,,augmented
LL Angle 2L8X6X9/16X3/4SLBB,2L,,augmented
2L8X6X1/2SLBB,2L,,original
2L 8X6X1/2SLBB,2L,,original
2L-8X6X1/2SLBB,2L,,augmented
2L_8X6X1/2SLBB,2L,,augmented
2L8 X 6X1/2SLBB,2L,,original
2L8X6X1/2SLBB A36,2L,,augmented
2L 8 X 6 X 1/2SLBB,2L,,original
2L Shape 2L8X6X1/2SLBB,2L,,augmented
2L Shape-2L8X6X1/2SLBB,2L,,augmented
2L8X6X1/2SLBB 2L Shape,2L,,augmented
2L8X6X1/2SLBB ASTM A36,2L,,augmented
2L8X6X1/2SLBB LL Angle,2L,,augmented
LL Angle 2L8X6X1/2SLBB,2L,,augmented
2L8X6X1/2X3/8SLBB,2L,,original
2L 8X6X1/2X3/8SLBB,2L,,original
2L-8X6X1/2X3/8SLBB,2L,,augmented
2L_8X6X1/2X3/8SLBB,2L,,augmented
2L8 X 6X1/2X3/8SLBB,2L,,original
2L8X6X1/2X3/8SLBB A36,2L,,augmented
2L 8 X 6 X 1/2 X 3/8SLBB,2L,,original
2L Shape 2L8X6X1/2X3/8SLBB,2L,,augmented
2L Shape-2L8X6X1/2X3/8SLBB,2L,,augmented
2L8X6X1/2X3/8SLBB 2L Shape,2L,,augmented
2L8X6X1/2X3/8SLBB ASTM A36,2L,,augmented
2L8X6X1/2X3/8SLBB LL Angle,2L,,augmented
LL Angle 2L8X6X1/2X3/8SLBB,2L,,augmented
2L8X6X1/2X3/4SLBB,2L,,original
2L 8X6X1/2X3/4SLBB,2L,,original
2L-8X6X1/2X3/4SLBB,2L,,augmented
2L_8X6X1/2X3/4SLBB,2L,,augmented
2L8 X 6X1/2X3/4SLBB,2L,,original
2L8X6X1/2X3/4SLBB A36,2L,,augmented
2L 8 X 6 X 1/2 X 3/4SLBB,2L,,original
2L Shape 2L8X6X1/2X3/4SLBB,2L,,augmented
2L Shape-2L8X6X1/2X3/4SLBB,2L,,augmented
2L8X6X1/2X3/4SLBB 2L Shape,2L,,augmented
2L8X6X1/2X3/4SLBB ASTM A36,2L,,augmented
2L8X6X1/2X3/4SLBB LL Angle,2L,,augmented
LL Angle 2L8X6X1/2X3/4SLBB,2L,,augmented
2L8X6X7/16SLBB,2L,,original
2L 8X6X7/16SLBB,2L,,original
2L-8X6X7/16SLBB,2L,,augmented
2L_8X6X7/16SLBB,2L,,augmented
2L8 X 6X7/16SLBB,2L,,original
2L8X6X7/16SLBB A36,2L,,augmented
2L 8 X 6 X 7/16SLBB,2L,,original
2L Shape 2L8X6X7/16SLBB,2L,,augmented
2L Shape-2L8X6X7/16SLBB,2L,,augmented
2L8X6X7/16SLBB 2L Shape,2L,,augmented
2L8X6X7/16SLBB ASTM A36,2L,,augmented
2L8X6X7/16SLBB LL Angle,2L,,augmented
LL Angle 2L8X6X7/16SLBB,2L,,augmented
2L8X6X7/16X3/8SLBB,2L,,original
2L 8X6X7/16X3/8SLBB,2L,,original
2L-8X6X7/16X3/8SLBB,2L,,augmented
2L_8X6X7/16X3/8SLBB,2L,,augmented
2L8 X 6X7/16X3/8SLBB,2L,,original
2L8X6X7/16X3/8SLBB A36,2L,,augmented
2L 8 X 6 X 7/16 X 3/8SLBB,2L,,original
2L Shape 2L8X6X7/16X3/8SLBB,2L,,augmented
2L Shape-2L8X6X7/16X3/8SLBB,2L,,augmented
2L8X6X7/16X3/8SLBB 2L Shape,2L,,augmented
2L8X6X7/16X3/8SLBB ASTM A36,2L,,augmented
2L8X6X7/16X3/8SLBB LL Angle,2L,,augmented
LL Angle 2L8X6X7/16X3/8SLBB,2L,,augmented
2L8X6X7/16X3/4SLBB,2L,,original
2L 8X6X7/16X3/4SLBB,2L,,original
2L-8X6X7/16X3/4SLBB,2L,,augmented
2L_8X6X7/16X3/4SLBB,2L,,augmented
2L8 X 6X7/16X3/4SLBB,2L,,original
2L8X6X7/16X3/4SLBB A36,2L,,augmented
2L 8 X 6 X 7/16 X 3/4SLBB,2L,,original
2L Shape 2L8X6X7/16X3/4SLBB,2L,,augmented
2L Shape-2L8X6X7/16X3/4SLBB,2L,,augmented
2L8X6X7/16X3/4SLBB 2L Shape,2L,,augmented
2L8X6X7/16X3/4SLBB ASTM A36,2L,,augmented
2L8X6X7/16X3/4SLBB LL Angle,2L,,augmented
LL Angle 2L8X6X7/16X3/4SLBB,2L,,augmented
2L8X4X1SLBB,2L,,original
2L 8X4X1SLBB,2L,,original
2L-8X4X1SLBB,2L,,augmented
2L_8X4X1SLBB,2L,,augmented
2L8 X 4X1SLBB,2L,,original
2L8X4X1SLBB A36,2L,,augmented
2L 8 X 4 X 1SLBB,2L,,original
2L Shape 2L8X4X1SLBB,2L,,augmented
2L Shape-2L8X4X1SLBB,2L,,augmented
2L8X4X1SLBB 2L Shape,2L,,augmented
2L8X4X1SLBB ASTM A36,2L,,augmented
2L8X4X1SLBB LL Angle,2L,,augmented
LL Angle 2L8X4X1SLBB,2L,,augmented
2L8X4X1X3/8SLBB,2L,,original
2L 8X4X1X3/8SLBB,2L,,original
2L-8X4X1X3/8SLBB,2L,,augmented
2L_8X4X1X3/8SLBB,2L,,augmented
2L8 X 4X1X3/8SLBB,2L,,original
2L8X4X1X3/8SLBB A36,2L,,augmented
2L 8 X 4 X 1 X 3/8SLBB,2L,,original
2L Shape 2L8X4X1X3/8SLBB,2L,,augmented
2L Shape-2L8X4X1X3/8SLBB,2L,,augmented
2L8X4X1X3/8SLBB 2L Shape,2L,,augmented
2L8X4X1X3/8SLBB ASTM A36,2L,,augmented
2L8X4X1X3/8SLBB LL Angle,2L,,augmented
LL Angle 2L8X4X1X3/8SLBB,2L,,augmented
2L8X4X1X3/4SLBB,2L,,original
2L 8X4X1X3/4SLBB,2L,,original
2L-8X4X1X3/4SLBB,2L,,augmented
2L_8X4X1X3/4SLBB,2L,,augmented
2L8 X 4X1X3/4SLBB,2L,,original
2L8X4X1X3/4SLBB A36,2L,,augmented
2L 8 X 4 X 1 X 3/4SLBB,2L,,original
2L Shape 2L8X4X1X3/4SLBB,2L,,augmented
2L Shape-2L8X4X1X3/4SLBB,2L,,augmented
2L8X4X1X3/4SLBB 2L Shape,2L,,augmented
2L8X4X1X3/4SLBB ASTM A36,2L,,augmented
2L8X4X1X3/4SLBB LL Angle,2L,,augmented
LL Angle 2L8X4X1X3/4SLBB,2L,,augmented
2L8X4X7/8SLBB,2L,,original
2L 8X4X7/8SLBB,2L,,original
2L-8X4X7/8SLBB,2L,,augmented
2L_8X4X7/8SLBB,2L,,augmented
2L8 X 4X7/8SLBB,2L,,original
2L8X4X7/8SLBB A36,2L,,augmented
2L 8 X 4 X 7/8SLBB,2L,,original
2L Shape 2L8X4X7/8SLBB,2L,,augmented
2L Shape-2L8X4X7/8SLBB,2L,,augmented
2L8X4X7/8SLBB 2L Shape,2L,,augmented
2L8X4X7/8SLBB ASTM A36,2L,,augmented
2L8X4X7/8SLBB LL Angle,2L,,augmented
LL Angle 2L8X4X7/8SLBB,2L,,augmented
2L8X4X7/8X3/8SLBB,2L,,original
2L 8X4X7/8X3/8SLBB,2L,,original
2L-8X4X7/8X3/8SLBB,2L,,augmented
2L_8X4X7/8X3/8SLBB,2L,,augmented
2L8 X 4X7/8X3/8SLBB,2L,,original
2L8X4X7/8X3/8SLBB A36,2L,,augmented
2L 8 X 4 X 7/8 X 3/8SLBB,2L,,original
2L Shape 2L8X4X7/8X3/8SLBB,2L,,augmented
2L Shape-2L8X4X7/8X3/8SLBB,2L,,augmented
2L8X4X7/8X3/8SLBB 2L Shape,2L,,augmented
2L8X4X7/8X3/8SLBB ASTM A36,2L,,augmented
2L8X4X7/8X3/8SLBB LL Angle,2L,,augmented
LL Angle 2L8X4X7/8X3/8SLBB,2L,,augmented
2L8X4X7/8X3/4SLBB,2L,,original
2L 8X4X7/8X3/4SLBB,2L,,original
2L-8X4X7/8X3/4SLBB,2L,,augmented
2L_8X4X7/8X3/4SLBB,2L,,augmented
2L8 X 4X7/8X3/4SLBB,2L,,original
2L8X4X7/8X3/4SLBB A36,2L,,augmented
2L 8 X 4 X 7/8 X 3/4SLBB,2L,,original
2L Shape 2L8X4X7/8X3/4SLBB,2L,,augmented
2L Shape-2L8X4X7/8X3/4SLBB,2L,,augmented
2L8X4X7/8X3/4SLBB 2L Shape,2L,,augmented
2L8X4X7/8X3/4SLBB ASTM A36,2L,,augmented
2L8X4X7/8X3/4SLBB LL Angle,2L,,augmented
LL Angle 2L8X4X7/8X3/4SLBB,2L,,augmented
2L8X4X3/4SLBB,2L,,original
2L 8X4X3/4SLBB,2L,,original
2L-8X4X3/4SLBB,2L,,augmented
2L_8X4X3/4SLBB,2L,,augmented
2L8 X 4X3/4SLBB,2L,,original
2L8X4X3/4SLBB A36,2L,,augmented
2L 8 X 4 X 3/4SLBB,2L,,original
2L Shape 2L8X4X3/4SLBB,2L,,augmented
2L Shape-2L8X4X3/4SLBB,2L,,augmented
2L8X4X3/4SLBB 2L Shape,2L,,augmented
2L8X4X3/4SLBB ASTM A36,2L,,augmented
2L8X4X3/4SLBB LL Angle,2L,,augmented
LL Angle 2L8X4X3/4SLBB,2L,,augmented
2L8X4X3/4X3/8SLBB,2L,,original
2L 8X4X3/4X3/8SLBB,2L,,original
2L-8X4X3/4X3/8SLBB,2L,,augmented
2L_8X4X3/4X3/8SLBB,2L,,augmented
2L8 X 4X3/4X3/8SLBB,2L,,original
2L8X4X3/4X3/8SLBB A36,2L,,augmented
2L 8 X 4 X 3/4 X 3/8SLBB,2L,,original
2L Shape 2L8X4X3/4X3/8SLBB,2L,,augmented
2L Shape-2L8X4X3/4X3/8SLBB,2L,,augmented
2L8X4X3/4X3/8SLBB 2L Shape,2L,,augmented
2L8X4X3/4X3/8SLBB ASTM A36,2L,,augmented
2L8X4X3/4X3/8SLBB LL Angle,2L,,augmented
LL Angle 2L8X4X3/4X3/8SLBB,2L,,augmented
2L8X4X3/4X3/4SLBB,2L,,original
2L 8X4X3/4X3/4SLBB,2L,,original
2L-8X4X3/4X3/4SLBB,2L,,augmented
2L_8X4X3/4X3/4SLBB,2L,,augmented
2L8 X 4X3/4X3/4SLBB,2L,,original
2L8X4X3/4X3/4SLBB A36,2L,,augmented
2L 8 X 4 X 3/4 X 3/4SLBB,2L,,original
2L Shape 2L8X4X3/4X3/4SLBB,2L,,augmented
2L Shape-2L8X4X3/4X3/4SLBB,2L,,augmented
2L8X4X3/4X3/4SLBB 2L Shape,2L,,augmented
2L8X4X3/4X3/4SLBB ASTM A36,2L,,augmented
2L8X4X3/4X3/4SLBB LL Angle,2L,,augmented
LL Angle 2L8X4X3/4X3/4SLBB,2L,,augmented
2L8X4X5/8SLBB,2L,,original
2L 8X4X5/8SLBB,2L,,original
2L-8X4X5/8SLBB,2L,,augmented
2L_8X4X5/8SLBB,2L,,augmented
2L8 X 4X5/8SLBB,2L,,original
2L8X4X5/8SLBB A36,2L,,augmented
2L 8 X 4 X 5/8SLBB,2L,,original
2L Shape 2L8X4X5/8SLBB,2L,,augmented
2L Shape-2L8X4X5/8SLBB,2L,,augmented
2L8X4X5/8SLBB 2L Shape,2L,,augmented
2L8X4X5/8SLBB ASTM A36,2L,,augmented
2L8X4X5/8SLBB LL Angle,2L,,augmented
LL Angle 2L8X4X5/8SLBB,2L,,augmented
2L8X4X5/8X3/8SLBB,2L,,original
2L 8X4X5/8X3/8SLBB,2L,,original
2L-8X4X5/8X3/8SLBB,2L,,augmented
2L_8X4X5/8X3/8SLBB,2L,,augmented
2L8 X 4X5/8X3/8SLBB,2L,,original
2L8X4X5/8X3/8SLBB A36,2L,,augmented
2L 8 X 4 X 5/8 X 3/8SLBB,2L,,original
2L Shape 2L8X4X5/8X3/8SLBB,2L,,augmented
2L Shape-2L8X4X5/8X3/8SLBB,2L,,augmented
2L8X4X5/8X3/8SLBB 2L Shape,2L,,augmented
2L8X4X5/8X3/8SLBB ASTM A36,2L,,augmented
2L8X4X5/8X3/8SLBB LL Angle,2L,,augmented
LL Angle 2L8X4X5/8X3/8SLBB,2L,,augmented
2L8X4X5/8X3/4SLBB,2L,,original
2L 8X4X5/8X3/4SLBB,2L,,original
2L-8X4X5/8X3/4SLBB,2L,,augmented
2L_8X4X5/8X3/4SLBB,2L,,augmented
2L8 X 4X5/8X3/4SLBB,2L,,original
2L8X4X5/8X3/4SLBB A36,2L,,augmented
2L 8 X 4 X 5/8 X 3/4SLBB,2L,,original
2L Shape 2L8X4X5/8X3/4SLBB,2L,,augmented
2L Shape-2L8X4X5/8X3/4SLBB,2L,,augmented
2L8X4X5/8X3/4SLBB 2L Shape,2L,,augmented
2L8X4X5/8X3/4SLBB ASTM A36,2L,,augmented
2L8X4X5/8X3/4SLBB LL Angle,2L,,augmented
LL Angle 2L8X4X5/8X3/4SLBB,2L,,augmented
2L8X4X9/16SLBB,2L,,original
2L 8X4X9/16SLBB,2L,,original
2L-8X4X9/16SLBB,2L,,augmented
2L_8X4X9/16SLBB,2L,,augmented
2L8 X 4X9/16SLBB,2L,,original
2L8X4X9/16SLBB A36,2L,,augmented
2L 8 X 4 X 9/16SLBB,2L,,original
2L Shape 2L8X4X9/16SLBB,2L,,augmented
2L Shape-2L8X4X9/16SLBB,2L,,augmented
2L8X4X9/16SLBB 2L Shape,2L,,augmented
2L8X4X9/16SLBB ASTM A36,2L,,augmented
2L8X4X9/16SLBB LL Angle,2L,,augmented
LL Angle 2L8X4X9/16SLBB,2L,,augmented
2L8X4X9/16X3/8SLBB,2L,,original
2L 8X4X9/16X3/8SLBB,2L,,original
2L-8X4X9/16X3/8SLBB,2L,,augmented
2L_8X4X9/16X3/8SLBB,2L,,augmented
2L8 X 4X9/16X3/8SLBB,2L,,original
2L8X4X9/16X3/8SLBB A36,2L,,augmented
2L 8 X 4 X 9/16 X 3/8SLBB,2L,,original
2L Shape 2L8X4X9/16X3/8SLBB,2L,,augmented
2L Shape-2L8X4X9/16X3/8SLBB,2L,,augmented
2L8X4X9/16X3/8SLBB 2L Shape,2L,,augmented
2L8X4X9/16X3/8SLBB ASTM A36,2L,,augmented
2L8X4X9/16X3/8SLBB LL Angle,2L,,augmented
LL Angle 2L8X4X9/16X3/8SLBB,2L,,augmented
2L8X4X9/16X3/4SLBB,2L,,original
2L 8X4X9/16X3/4SLBB,2L,,original
2L-8X4X9/16X3/4SLBB,2L,,augmented
2L_8X4X9/16X3/4SLBB,2L,,augmented
2L8 X 4X9/16X3/4SLBB,2L,,original
2L8X4X9/16X3/4SLBB A36,2L,,augmented
2L 8 X 4 X 9/16 X 3/4SLBB,2L,,original
2L Shape 2L8X4X9/16X3/4SLBB,2L,,augmented
2L Shape-2L8X4X9/16X3/4SLBB,2L,,augmented
2L8X4X9/16X3/4SLBB 2L Shape,2L,,augmented
2L8X4X9/16X3/4SLBB ASTM A36,2L,,augmented
2L8X4X9/16X3/4SLBB LL Angle,2L,,augmented
LL Angle 2L8X4X9/16X3/4SLBB,2L,,augmented
2L8X4X1/2SLBB,2L,,original
2L 8X4X1/2SLBB,2L,,original
2L-8X4X1/2SLBB,2L,,augmented
2L_8X4X1/2SLBB,2L,,augmented
2L8 X 4X1/2SLBB,2L,,original
2L8X4X1/2SLBB A36,2L,,augmented
2L 8 X 4 X 1/2SLBB,2L,,original
2L Shape 2L8X4X1/2SLBB,2L,,augmented
2L Shape-2L8X4X1/2SLBB,2L,,augmented
2L8X4X1/2SLBB 2L Shape,2L,,augmented
2L8X4X1/2SLBB ASTM A36,2L,,augmented
2L8X4X1/2SLBB LL Angle,2L,,augmented
LL Angle 2L8X4X1/2SLBB,2L,,augmented
2L8X4X1/2X3/8SLBB,2L,,original
2L 8X4X1/2X3/8SLBB,2L,,original
2L-8X4X1/2X3/8SLBB,2L,,augmented
2L_8X4X1/2X3/8SLBB,2L,,augmented
2L8 X 4X1/2X3/8SLBB,2L,,original
2L8X4X1/2X3/8SLBB A36,2L,,augmented
2L 8 X 4 X 1/2 X 3/8SLBB,2L,,original
2L Shape 2L8X4X1/2X3/8SLBB,2L,,augmented
2L Shape-2L8X4X1/2X3/8SLBB,2L,,augmented
2L8X4X1/2X3/8SLBB 2L Shape,2L,,augmented
2L8X4X1/2X3/8SLBB ASTM A36,2L,,augmented
2L8X4X1/2X3/8SLBB LL Angle,2L,,augmented
LL Angle 2L8X4X1/2X3/8SLBB,2L,,augmented
2L8X4X1/2X3/4SLBB,2L,,original
2L 8X4X1/2X3/4SLBB,2L,,original
2L-8X4X1/2X3/4SLBB,2L,,augmented
2L_8X4X1/2X3/4SLBB,2L,,augmented
2L8 X 4X1/2X3/4SLBB,2L,,original
2L8X4X1/2X3/4SLBB A36,2L,,augmented
2L 8 X 4 X 1/2 X 3/4SLBB,2L,,original
2L Shape 2L8X4X1/2X3/4SLBB,2L,,augmented
2L Shape-2L8X4X1/2X3/4SLBB,2L,,augmented
2L8X4X1/2X3/4SLBB 2L Shape,2L,,augmented
2L8X4X1/2X3/4SLBB ASTM A36,2L,,augmented
2L8X4X1/2X3/4SLBB LL Angle,2L,,augmented
LL Angle 2L8X4X1/2X3/4SLBB,2L,,augmented
2L8X4X7/16SLBB,2L,,original
2L 8X4X7/16SLBB,2L,,original
2L-8X4X7/16SLBB,2L,,augmented
2L_8X4X7/16SLBB,2L,,augmented
2L8 X 4X7/16SLBB,2L,,original
2L8X4X7/16SLBB A36,2L,,augmented
2L 8 X 4 X 7/16SLBB,2L,,original
2L Shape 2L8X4X7/16SLBB,2L,,augmented
2L Shape-2L8X4X7/16SLBB,2L,,augmented
2L8X4X7/16SLBB 2L Shape,2L,,augmented
2L8X4X7/16SLBB ASTM A36,2L,,augmented
2L8X4X7/16SLBB LL Angle,2L,,augmented
LL Angle 2L8X4X7/16SLBB,2L,,augmented
2L8X4X7/16X3/8SLBB,2L,,original
2L 8X4X7/16X3/8SLBB,2L,,original
2L-8X4X7/16X3/8SLBB,2L,,augmented
2L_8X4X7/16X3/8SLBB,2L,,augmented
2L8 X 4X7/16X3/8SLBB,2L,,original
2L8X4X7/16X3/8SLBB A36,2L,,augmented
2L 8 X 4 X 7/16 X 3/8SLBB,2L,,original
2L Shape 2L8X4X7/16X3/8SLBB,2L,,augmented
2L Shape-2L8X4X7/16X3/8SLBB,2L,,augmented
2L8X4X7/16X3/8SLBB 2L Shape,2L,,augmented
2L8X4X7/16X3/8SLBB ASTM A36,2L,,augmented
2L8X4X7/16X3/8SLBB LL Angle,2L,,augmented
LL Angle 2L8X4X7/16X3/8SLBB,2L,,augmented
2L8X4X7/16X3/4SLBB,2L,,original
2L 8X4X7/16X3/4SLBB,2L,,original
2L-8X4X7/16X3/4SLBB,2L,,augmented
2L_8X4X7/16X3/4SLBB,2L,,augmented
2L8 X 4X7/16X3/4SLBB,2L,,original
2L8X4X7/16X3/4SLBB A36,2L,,augmented
2L 8 X 4 X 7/16 X 3/4SLBB,2L,,original
2L Shape 2L8X4X7/16X3/4SLBB,2L,,augmented
2L Shape-2L8X4X7/16X3/4SLBB,2L,,augmented
2L8X4X7/16X3/4SLBB 2L Shape,2L,,augmented
2L8X4X7/16X3/4SLBB ASTM A36,2L,,augmented
2L8X4X7/16X3/4SLBB LL Angle,2L,,augmented
LL Angle 2L8X4X7/16X3/4SLBB,2L,,augmented
2L7X4X3/4SLBB,2L,,original
2L 7X4X3/4SLBB,2L,,original
2L-7X4X3/4SLBB,2L,,augmented
2L_7X4X3/4SLBB,2L,,augmented
2L7 X 4X3/4SLBB,2L,,original
2L7X4X3/4SLBB A36,2L,,augmented
2L 7 X 4 X 3/4SLBB,2L,,original
2L Shape 2L7X4X3/4SLBB,2L,,augmented
2L Shape-2L7X4X3/4SLBB,2L,,augmented
2L7X4X3/4SLBB 2L Shape,2L,,augmented
2L7X4X3/4SLBB ASTM A36,2L,,augmented
2L7X4X3/4SLBB LL Angle,2L,,augmented
LL Angle 2L7X4X3/4SLBB,2L,,augmented
2L7X4X3/4X3/8SLBB,2L,,original
2L 7X4X3/4X3/8SLBB,2L,,original
2L-7X4X3/4X3/8SLBB,2L,,augmented
2L_7X4X3/4X3/8SLBB,2L,,augmented
2L7 X 4X3/4X3/8SLBB,2L,,original
2L7X4X3/4X3/8SLBB A36,2L,,augmented
2L 7 X 4 X 3/4 X 3/8SLBB,2L,,original
2L Shape 2L7X4X3/4X3/8SLBB,2L,,augmented
2L Shape-2L7X4X3/4X3/8SLBB,2L,,augmented
2L7X4X3/4X3/8SLBB 2L Shape,2L,,augmented
2L7X4X3/4X3/8SLBB ASTM A36,2L,,augmented
2L7X4X3/4X3/8SLBB LL Angle,2L,,augmented
LL Angle 2L7X4X3/4X3/8SLBB,2L,,augmented
2L7X4X3/4X3/4SLBB,2L,,original
2L 7X4X3/4X3/4SLBB,2L,,original
2L-7X4X3/4X3/4SLBB,2L,,augmented
2L_7X4X3/4X3/4SLBB,2L,,augmented
2L7 X 4X3/4X3/4SLBB,2L,,original
2L7X4X3/4X3/4SLBB A36,2L,,augmented
2L 7 X 4 X 3/4 X 3/4SLBB,2L,,original
2L Shape 2L7X4X3/4X3/4SLBB,2L,,augmented
2L Shape-2L7X4X3/4X3/4SLBB,2L,,augmented
2L7X4X3/4X3/4SLBB 2L Shape,2L,,augmented
2L7X4X3/4X3/4SLBB ASTM A36,2L,,augmented
2L7X4X3/4X3/4SLBB LL Angle,2L,,augmented
LL Angle 2L7X4X3/4X3/4SLBB,2L,,augmented
2L7X4X5/8SLBB,2L,,original
2L 7X4X5/8SLBB,2L,,original
2L-7X4X5/8SLBB,2L,,augmented
2L_7X4X5/8SLBB,2L,,augmented
2L7 X 4X5/8SLBB,2L,,original
2L7X4X5/8SLBB A36,2L,,augmented
2L 7 X 4 X 5/8SLBB,2L,,original
2L Shape 2L7X4X5/8SLBB,2L,,augmented
2L Shape-2L7X4X5/8SLBB,2L,,augmented
2L7X4X5/8SLBB 2L Shape,2L,,augmented
2L7X4X5/8SLBB ASTM A36,2L,,augmented
2L7X4X5/8SLBB LL Angle,2L,,augmented
LL Angle 2L7X4X5/8SLBB,2L,,augmented
2L7X4X5/8X3/8SLBB,2L,,original
2L 7X4X5/8X3/8SLBB,2L,,original
2L-7X4X5/8X3/8SLBB,2L,,augmented
2L_7X4X5/8X3/8SLBB,2L,,augmented
2L7 X 4X5/8X3/8SLBB,2L,,original
2L7X4X5/8X3/8SLBB A36,2L,,augmented
2L 7 X 4 X 5/8 X 3/8SLBB,2L,,original
2L Shape 2L7X4X5/8X3/8SLBB,2L,,augmented
2L Shape-2L7X4X5/8X3/8SLBB,2L,,augmented
2L7X4X5/8X3/8SLBB 2L Shape,2L,,augmented
2L7X4X5/8X3/8SLBB ASTM A36,2L,,augmented
2L7X4X5/8X3/8SLBB LL Angle,2L,,augmented
LL Angle 2L7X4X5/8X3/8SLBB,2L,,augmented
2L7X4X5/8X3/4SLBB,2L,,original
2L 7X4X5/8X3/4SLBB,2L,,original
2L-7X4X5/8X3/4SLBB,2L,,augmented
2L_7X4X5/8X3/4SLBB,2L,,augmented
2L7 X 4X5/8X3/4SLBB,2L,,original
2L7X4X5/8X3/4SLBB A36,2L,,augmented
2L 7 X 4 X 5/8 X 3/4SLBB,2L,,original
2L Shape 2L7X4X5/8X3/4SLBB,2L,,augmented
2L Shape-2L7X4X5/8X3/4SLBB,2L,,augmented
2L7X4X5/8X3/4SLBB 2L Shape,2L,,augmented
2L7X4X5/8X3/4SLBB ASTM A36,2L,,augmented
2L7X4X5/8X3/4SLBB LL Angle,2L,,augmented
LL Angle 2L7X4X5/8X3/4SLBB,2L,,augmented
2L7X4X1/2SLBB,2L,,original
2L 7X4X1/2SLBB,2L,,original
2L-7X4X1/2SLBB,2L,,augmented
2L_7X4X1/2SLBB,2L,,augmented
2L7 X 4X1/2SLBB,2L,,original
2L7X4X1/2SLBB A36,2L,,augmented
2L 7 X 4 X 1/2SLBB,2L,,original
2L Shape 2L7X4X1/2SLBB,2L,,augmented
2L Shape-2L7X4X1/2SLBB,2L,,augmented
2L7X4X1/2SLBB 2L Shape,2L,,augmented
2L7X4X1/2SLBB ASTM A36,2L,,augmented
2L7X4X1/2SLBB LL Angle,2L,,augmented
LL Angle 2L7X4X1/2SLBB,2L,,augmented
2L7X4X1/2X3/8SLBB,2L,,original
2L 7X4X1/2X3/8SLBB,2L,,original
2L-7X4X1/2X3/8SLBB,2L,,augmented
2L_7X4X1/2X3/8SLBB,2L,,augmented
2L7 X 4X1/2X3/8SLBB,2L,,original
2L7X4X1/2X3/8SLBB A36,2L,,augmented
2L 7 X 4 X 1/2 X 3/8SLBB,2L,,original
2L Shape 2L7X4X1/2X3/8SLBB,2L,,augmented
2L Shape-2L7X4X1/2X3/8SLBB,2L,,augmented
2L7X4X1/2X3/8SLBB 2L Shape,2L,,augmented
2L7X4X1/2X3/8SLBB ASTM A36,2L,,augmented
2L7X4X1/2X3/8SLBB LL Angle,2L,,augmented
LL Angle 2L7X4X1/2X3/8SLBB,2L,,augmented
2L7X4X1/2X3/4SLBB,2L,,original
2L 7X4X1/2X3/4SLBB,2L,,original
2L-7X4X1/2X3/4SLBB,2L,,augmented
2L_7X4X1/2X3/4SLBB,2L,,augmented
2L7 X 4X1/2X3/4SLBB,2L,,original
2L7X4X1/2X3/4SLBB A36,2L,,augmented
2L 7 X 4 X 1/2 X 3/4SLBB,2L,,original
2L Shape 2L7X4X1/2X3/4SLBB,2L,,augmented
2L Shape-2L7X4X1/2X3/4SLBB,2L,,augmented
2L7X4X1/2X3/4SLBB 2L Shape,2L,,augmented
2L7X4X1/2X3/4SLBB ASTM A36,2L,,augmented
2L7X4X1/2X3/4SLBB LL Angle,2L,,augmented
LL Angle 2L7X4X1/2X3/4SLBB,2L,,augmented
2L7X4X7/16SLBB,2L,,original
2L 7X4X7/16SLBB,2L,,original
2L-7X4X7/16SLBB,2L,,augmented
2L_7X4X7/16SLBB,2L,,augmented
2L7 X 4X7/16SLBB,2L,,original
2L7X4X7/16SLBB A36,2L,,augmented
2L 7 X 4 X 7/16SLBB,2L,,original
2L Shape 2L7X4X7/16SLBB,2L,,augmented
2L Shape-2L7X4X7/16SLBB,2L,,augmented
2L7X4X7/16SLBB 2L Shape,2L,,augmented
2L7X4X7/16SLBB ASTM A36,2L,,augmented
2L7X4X7/16SLBB LL Angle,2L,,augmented
LL Angle 2L7X4X7/16SLBB,2L,,augmented
2L7X4X7/16X3/8SLBB,2L,,original
2L 7X4X7/16X3/8SLBB,2L,,original
2L-7X4X7/16X3/8SLBB,2L,,augmented
2L_7X4X7/16X3/8SLBB,2L,,augmented
2L7 X 4X7/16X3/8SLBB,2L,,original
2L7X4X7/16X3/8SLBB A36,2L,,augmented
2L 7 X 4 X 7/16 X 3/8SLBB,2L,,original
2L Shape 2L7X4X7/16X3/8SLBB,2L,,augmented
2L Shape-2L7X4X7/16X3/8SLBB,2L,,augmented
2L7X4X7/16X3/8SLBB 2L Shape,2L,,augmented
2L7X4X7/16X3/8SLBB ASTM A36,2L,,augmented
2L7X4X7/16X3/8SLBB LL Angle,2L,,augmented
LL Angle 2L7X4X7/16X3/8SLBB,2L,,augmented
2L7X4X7/16X3/4SLBB,2L,,original
2L 7X4X7/16X3/4SLBB,2L,,original
2L-7X4X7/16X3/4SLBB,2L,,augmented
2L_7X4X7/16X3/4SLBB,2L,,augmented
2L7 X 4X7/16X3/4SLBB,2L,,original
2L7X4X7/16X3/4SLBB A36,2L,,augmented
2L 7 X 4 X 7/16 X 3/4SLBB,2L,,original
2L Shape 2L7X4X7/16X3/4SLBB,2L,,augmented
2L Shape-2L7X4X7/16X3/4SLBB,2L,,augmented
2L7X4X7/16X3/4SLBB 2L Shape,2L,,augmented
2L7X4X7/16X3/4SLBB ASTM A36,2L,,augmented
2L7X4X7/16X3/4SLBB LL Angle,2L,,augmented
LL Angle 2L7X4X7/16X3/4SLBB,2L,,augmented
2L7X4X3/8SLBB,2L,,original
2L 7X4X3/8SLBB,2L,,original
2L-7X4X3/8SLBB,2L,,augmented
2L_7X4X3/8SLBB,2L,,augmented
2L7 X 4X3/8SLBB,2L,,original
2L7X4X3/8SLBB A36,2L,,augmented
2L 7 X 4 X 3/8SLBB,2L,,original
2L Shape 2L7X4X3/8SLBB,2L,,augmented
2L Shape-2L7X4X3/8SLBB,2L,,augmented
2L7X4X3/8SLBB 2L Shape,2L,,augmented
2L7X4X3/8SLBB ASTM A36,2L,,augmented
2L7X4X3/8SLBB LL Angle,2L,,augmented
LL Angle 2L7X4X3/8SLBB,2L,,augmented
2L7X4X3/8X3/8SLBB,2L,,original
2L 7X4X3/8X3/8SLBB,2L,,original
2L-7X4X3/8X3/8SLBB,2L,,augmented
2L_7X4X3/8X3/8SLBB,2L,,augmented
2L7 X 4X3/8X3/8SLBB,2L,,original
2L7X4X3/8X3/8SLBB A36,2L,,augmented
2L 7 X 4 X 3/8 X 3/8SLBB,2L,,original
2L Shape 2L7X4X3/8X3/8SLBB,2L,,augmented
2L Shape-2L7X4X3/8X3/8SLBB,2L,,augmented
2L7X4X3/8X3/8SLBB 2L Shape,2L,,augmented
2L7X4X3/8X3/8SLBB ASTM A36,2L,,augmented
2L7X4X3/8X3/8SLBB LL Angle,2L,,augmented
LL Angle 2L7X4X3/8X3/8SLBB,2L,,augmented
2L7X4X3/8X3/4SLBB,2L,,original
2L 7X4X3/8X3/4SLBB,2L,,original
2L-7X4X3/8X3/4SLBB,2L,,augmented
2L_7X4X3/8X3/4SLBB,2L,,augmented
2L7 X 4X3/8X3/4SLBB,2L,,original
2L7X4X3/8X3/4SLBB A36,2L,,augmented
2L 7 X 4 X 3/8 X 3/4SLBB,2L,,original
2L Shape 2L7X4X3/8X3/4SLBB,2L,,augmented
2L Shape-2L7X4X3/8X3/4SLBB,2L,,augmented
2L7X4X3/8X3/4SLBB 2L Shape,2L,,augmented
2L7X4X3/8X3/4SLBB ASTM A36,2L,,augmented
2L7X4X3/8X3/4SLBB LL Angle,2L,,augmented
LL Angle 2L7X4X3/8X3/4SLBB,2L,,augmented
2L6X4X7/8SLBB,2L,,original
2L 6X4X7/8SLBB,2L,,original
2L-6X4X7/8SLBB,2L,,augmented
2L_6X4X7/8SLBB,2L,,augmented
2L6 X 4X7/8SLBB,2L,,original
2L6X4X7/8SLBB A36,2L,,augmented
2L 6 X 4 X 7/8SLBB,2L,,original
2L Shape 2L6X4X7/8SLBB,2L,,augmented
2L Shape-2L6X4X7/8SLBB,2L,,augmented
2L6X4X7/8SLBB 2L Shape,2L,,augmented
2L6X4X7/8SLBB ASTM A36,2L,,augmented
2L6X4X7/8SLBB LL Angle,2L,,augmented
LL Angle 2L6X4X7/8SLBB,2L,,augmented
2L6X4X7/8X3/8SLBB,2L,,original
2L 6X4X7/8X3/8SLBB,2L,,original
2L-6X4X7/8X3/8SLBB,2L,,augmented
2L_6X4X7/8X3/8SLBB,2L,,augmented
2L6 X 4X7/8X3/8SLBB,2L,,original
2L6X4X7/8X3/8SLBB A36,2L,,augmented
2L 6 X 4 X 7/8 X 3/8SLBB,2L,,original
2L Shape 2L6X4X7/8X3/8SLBB,2L,,augmented
2L Shape-2L6X4X7/8X3/8SLBB,2L,,augmented
2L6X4X7/8X3/8SLBB 2L Shape,2L,,augmented
2L6X4X7/8X3/8SLBB ASTM A36,2L,,augmented
2L6X4X7/8X3/8SLBB LL Angle,2L,,augmented
LL Angle 2L6X4X7/8X3/8SLBB,2L,,augmented
2L6X4X7/8X3/4SLBB,2L,,original
2L 6X4X7/8X3/4SLBB,2L,,original
2L-6X4X7/8X3/4SLBB,2L,,augmented
2L_6X4X7/8X3/4SLBB,2L,,augmented
2L6 X 4X7/8X3/4SLBB,2L,,original
2L6X4X7/8X3/4SLBB A36,2L,,augmented
2L 6 X 4 X 7/8 X 3/4SLBB,2L,,original
2L Shape 2L6X4X7/8X3/4SLBB,2L,,augmented
2L Shape-2L6X4X7/8X3/4SLBB,2L,,augmented
2L6X4X7/8X3/4SLBB 2L Shape,2L,,augmented
2L6X4X7/8X3/4SLBB ASTM A36,2L,,augmented
2L6X4X7/8X3/4SLBB LL Angle,2L,,augmented
LL Angle 2L6X4X7/8X3/4SLBB,2L,,augmented
2L6X4X3/4SLBB,2L,,original
2L 6X4X3/4SLBB,2L,,original
2L-6X4X3/4SLBB,2L,,augmented
2L_6X4X3/4SLBB,2L,,augmented
2L6 X 4X3/4SLBB,2L,,original
2L6X4X3/4SLBB A36,2L,,augmented
2L 6 X 4 X 3/4SLBB,2L,,original
2L Shape 2L6X4X3/4SLBB,2L,,augmented
2L Shape-2L6X4X3/4SLBB,2L,,augmented
2L6X4X3/4SLBB 2L Shape,2L,,augmented
2L6X4X3/4SLBB ASTM A36,2L,,augmented
2L6X4X3/4SLBB LL Angle,2L,,augmented
LL Angle 2L6X4X3/4SLBB,2L,,augmented
2L6X4X3/4X3/8SLBB,2L,,original
2L 6X4X3/4X3/8SLBB,2L,,original
2L-6X4X3/4X3/8SLBB,2L,,augmented
2L_6X4X3/4X3/8SLBB,2L,,augmented
2L6 X 4X3/4X3/8SLBB,2L,,original
2L6X4X3/4X3/8SLBB A36,2L,,augmented
2L 6 X 4 X 3/4 X 3/8SLBB,2L,,original
2L Shape 2L6X4X3/4X3/8SLBB,2L,,augmented
2L Shape-2L6X4X3/4X3/8SLBB,2L,,augmented
2L6X4X3/4X3/8SLBB 2L Shape,2L,,augmented
2L6X4X3/4X3/8SLBB ASTM A36,2L,,augmented
2L6X4X3/4X3/8SLBB LL Angle,2L,,augmented
LL Angle 2L6X4X3/4X3/8SLBB,2L,,augmented
2L6X4X3/4X3/4SLBB,2L,,original
2L 6X4X3/4X3/4SLBB,2L,,original
2L-6X4X3/4X3/4SLBB,2L,,augmented
2L_6X4X3/4X3/4SLBB,2L,,augmented
2L6 X 4X3/4X3/4SLBB,2L,,original
2L6X4X3/4X3/4SLBB A36,2L,,augmented
2L 6 X 4 X 3/4 X 3/4SLBB,2L,,original
2L Shape 2L6X4X3/4X3/4SLBB,2L,,augmented
2L Shape-2L6X4X3/4X3/4SLBB,2L,,augmented
2L6X4X3/4X3/4SLBB 2L Shape,2L,,augmented
2L6X4X3/4X3/4SLBB ASTM A36,2L,,augmented
2L6X4X3/4X3/4SLBB LL Angle,2L,,augmented
LL Angle 2L6X4X3/4X3/4SLBB,2L,,augmented
2L6X4X5/8SLBB,2L,,original
2L 6X4X5/8SLBB,2L,,original
2L-6X4X5/8SLBB,2L,,augmented
2L_6X4X5/8SLBB,2L,,augmented
2L6 X 4X5/8SLBB,2L,,original
2L6X4X5/8SLBB A36,2L,,augmented
2L 6 X 4 X 5/8SLBB,2L,,original
2L Shape 2L6X4X5/8SLBB,2L,,augmented
2L Shape-2L6X4X5/8SLBB,2L,,augmented
2L6X4X5/8SLBB 2L Shape,2L,,augmented
2L6X4X5/8SLBB ASTM A36,2L,,augmented
2L6X4X5/8SLBB LL Angle,2L,,augmented
LL Angle 2L6X4X5/8SLBB,2L,,augmented
2L6X4X5/8X3/8SLBB,2L,,original
2L 6X4X5/8X3/8SLBB,2L,,original
2L-6X4X5/8X3/8SLBB,2L,,augmented
2L_6X4X5/8X3/8SLBB,2L,,augmented
2L6 X 4X5/8X3/8SLBB,2L,,original
2L6X4X5/8X3/8SLBB A36,2L,,augmented
2L 6 X 4 X 5/8 X 3/8SLBB,2L,,original
2L Shape 2L6X4X5/8X3/8SLBB,2L,,augmented
2L Shape-2L6X4X5/8X3/8SLBB,2L,,augmented
2L6X4X5/8X3/8SLBB 2L Shape,2L,,augmented
2L6X4X5/8X3/8SLBB ASTM A36,2L,,augmented
2L6X4X5/8X3/8SLBB LL Angle,2L,,augmented
LL Angle 2L6X4X5/8X3/8SLBB,2L,,augmented
2L6X4X5/8X3/4SLBB,2L,,original
2L 6X4X5/8X3/4SLBB,2L,,original
2L-6X4X5/8X3/4SLBB,2L,,augmented
2L_6X4X5/8X3/4SLBB,2L,,augmented
2L6 X 4X5/8X3/4SLBB,2L,,original
2L6X4X5/8X3/4SLBB A36,2L,,augmented
2L 6 X 4 X 5/8 X 3/4SLBB,2L,,original
2L Shape 2L6X4X5/8X3/4SLBB,2L,,augmented
2L Shape-2L6X4X5/8X3/4SLBB,2L,,augmented
2L6X4X5/8X3/4SLBB 2L Shape,2L,,augmented
2L6X4X5/8X3/4SLBB ASTM A36,2L,,augmented
2L6X4X5/8X3/4SLBB LL Angle,2L,,augmented
LL Angle 2L6X4X5/8X3/4SLBB,2L,,augmented
2L6X4X9/16SLBB,2L,,original
2L 6X4X9/16SLBB,2L,,original
2L-6X4X9/16SLBB,2L,,augmented
2L_6X4X9/16SLBB,2L,,augmented
2L6 X 4X9/16SLBB,2L,,original
2L6X4X9/16SLBB A36,2L,,augmented
2L 6 X 4 X 9/16SLBB,2L,,original
2L Shape 2L6X4X9/16SLBB,2L,,augmented
2L Shape-2L6X4X9/16SLBB,2L,,augmented
2L6X4X9/16SLBB 2L Shape,2L,,augmented
2L6X4X9/16SLBB ASTM A36,2L,,augmented
2L6X4X9/16SLBB LL Angle,2L,,augmented
LL Angle 2L6X4X9/16SLBB,2L,,augmented
2L6X4X9/16X3/8SLBB,2L,,original
2L 6X4X9/16X3/8SLBB,2L,,original
2L-6X4X9/16X3/8SLBB,2L,,augmented
2L_6X4X9/16X3/8SLBB,2L,,augmented
2L6 X 4X9/16X3/8SLBB,2L,,original
2L6X4X9/16X3/8SLBB A36,2L,,augmented
2L 6 X 4 X 9/16 X 3/8SLBB,2L,,original
2L Shape 2L6X4X9/16X3/8SLBB,2L,,augmented
2L Shape-2L6X4X9/16X3/8SLBB,2L,,augmented
2L6X4X9/16X3/8SLBB 2L Shape,2L,,augmented
2L6X4X9/16X3/8SLBB ASTM A36,2L,,augmented
2L6X4X9/16X3/8SLBB LL Angle,2L,,augmented
LL Angle 2L6X4X9/16X3/8SLBB,2L,,augmented
2L6X4X9/16X3/4SLBB,2L,,original
2L 6X4X9/16X3/4SLBB,2L,,original
2L-6X4X9/16X3/4SLBB,2L,,augmented
2L_6X4X9/16X3/4SLBB,2L,,augmented
2L6 X 4X9/16X3/4SLBB,2L,,original
2L6X4X9/16X3/4SLBB A36,2L,,augmented
2L 6 X 4 X 9/16 X 3/4SLBB,2L,,original
2L Shape 2L6X4X9/16X3/4SLBB,2L,,augmented
2L Shape-2L6X4X9/16X3/4SLBB,2L,,augmented
2L6X4X9/16X3/4SLBB 2L Shape,2L,,augmented
2L6X4X9/16X3/4SLBB ASTM A36,2L,,augmented
2L6X4X9/16X3/4SLBB LL Angle,2L,,augmented
LL Angle 2L6X4X9/16X3/4SLBB,2L,,augmented
2L6X4X1/2SLBB,2L,,original
2L 6X4X1/2SLBB,2L,,original
2L-6X4X1/2SLBB,2L,,augmented
2L_6X4X1/2SLBB,2L,,augmented
2L6 X 4X1/2SLBB,2L,,original
2L6X4X1/2SLBB A36,2L,,augmented
2L 6 X 4 X 1/2SLBB,2L,,original
2L Shape 2L6X4X1/2SLBB,2L,,augmented
2L Shape-2L6X4X1/2SLBB,2L,,augmented
2L6X4X1/2SLBB 2L Shape,2L,,augmented
2L6X4X1/2SLBB ASTM A36,2L,,augmented
2L6X4X1/2SLBB LL Angle,2L,,augmented
LL Angle 2L6X4X1/2SLBB,2L,,augmented
2L6X4X1/2X3/8SLBB,2L,,original
2L 6X4X1/2X3/8SLBB,2L,,original
2L-6X4X1/2X3/8SLBB,2L,,augmented
2L_6X4X1/2X3/8SLBB,2L,,augmented
2L6 X 4X1/2X3/8SLBB,2L,,original
2L6X4X1/2X3/8SLBB A36,2L,,augmented
2L 6 X 4 X 1/2 X 3/8SLBB,2L,,original
2L Shape 2L6X4X1/2X3/8SLBB,2L,,augmented
2L Shape-2L6X4X1/2X3/8SLBB,2L,,augmented
2L6X4X1/2X3/8SLBB 2L Shape,2L,,augmented
2L6X4X1/2X3/8SLBB ASTM A36,2L,,augmented
2L6X4X1/2X3/8SLBB LL Angle,2L,,augmented
LL Angle 2L6X4X1/2X3/8SLBB,2L,,augmented
2L6X4X1/2X3/4SLBB,2L,,original
2L 6X4X1/2X3/4SLBB,2L,,original
2L-6X4X1/2X3/4SLBB,2L,,augmented
2L_6X4X1/2X3/4SLBB,2L,,augmented
2L6 X 4X1/2X3/4SLBB,2L,,original
2L6X4X1/2X3/4SLBB A36,2L,,augmented
2L 6 X 4 X 1/2 X 3/4SLBB,2L,,original
2L Shape 2L6X4X1/2X3/4SLBB,2L,,augmented
2L Shape-2L6X4X1/2X3/4SLBB,2L,,augmented
2L6X4X1/2X3/4SLBB 2L Shape,2L,,augmented
2L6X4X1/2X3/4SLBB ASTM A36,2L,,augmented
2L6X4X1/2X3/4SLBB LL Angle,2L,,augmented
LL Angle 2L6X4X1/2X3/4SLBB,2L,,augmented
2L6X4X7/16SLBB,2L,,original
2L 6X4X7/16SLBB,2L,,original
2L-6X4X7/16SLBB,2L,,augmented
2L_6X4X7/16SLBB,2L,,augmented
2L6 X 4X7/16SLBB,2L,,original
2L6X4X7/16SLBB A36,2L,,augmented
2L 6 X 4 X 7/16SLBB,2L,,original
2L Shape 2L6X4X7/16SLBB,2L,,augmented
2L Shape-2L6X4X7/16SLBB,2L,,augmented
2L6X4X7/16SLBB 2L Shape,2L,,augmented
2L6X4X7/16SLBB ASTM A36,2L,,augmented
2L6X4X7/16SLBB LL Angle,2L,,augmented
LL Angle 2L6X4X7/16SLBB,2L,,augmented
2L6X4X7/16X3/8SLBB,2L,,original
2L 6X4X7/16X3/8SLBB,2L,,original
2L-6X4X7/16X3/8SLBB,2L,,augmented
2L_6X4X7/16X3/8SLBB,2L,,augmented
2L6 X 4X7/16X3/8SLBB,2L,,original
2L6X4X7/16X3/8SLBB A36,2L,,augmented
2L 6 X 4 X 7/16 X 3/8SLBB,2L,,original
2L Shape 2L6X4X7/16X3/8SLBB,2L,,augmented
2L Shape-2L6X4X7/16X3/8SLBB,2L,,augmented
2L6X4X7/16X3/8SLBB 2L Shape,2L,,augmented
2L6X4X7/16X3/8SLBB ASTM A36,2L,,augmented
2L6X4X7/16X3/8SLBB LL Angle,2L,,augmented
LL Angle 2L6X4X7/16X3/8SLBB,2L,,augmented
2L6X4X7/16X3/4SLBB,2L,,original
2L 6X4X7/16X3/4SLBB,2L,,original
2L-6X4X7/16X3/4SLBB,2L,,augmented
2L_6X4X7/16X3/4SLBB,2L,,augmented
2L6 X 4X7/16X3/4SLBB,2L,,original
2L6X4X7/16X3/4SLBB A36,2L,,augmented
2L 6 X 4 X 7/16 X 3/4SLBB,2L,,original
2L Shape 2L6X4X7/16X3/4SLBB,2L,,augmented
2L Shape-2L6X4X7/16X3/4SLBB,2L,,augmented
2L6X4X7/16X3/4SLBB 2L Shape,2L,,augmented
2L6X4X7/16X3/4SLBB ASTM A36,2L,,augmented
2L6X4X7/16X3/4SLBB LL Angle,2L,,augmented
LL Angle 2L6X4X7/16X3/4SLBB,2L,,augmented
2L6X4X3/8SLBB,2L,,original
2L 6X4X3/8SLBB,2L,,original
2L-6X4X3/8SLBB,2L,,augmented
2L_6X4X3/8SLBB,2L,,augmented
2L6 X 4X3/8SLBB,2L,,original
2L6X4X3/8SLBB A36,2L,,augmented
2L 6 X 4 X 3/8SLBB,2L,,original
2L Shape 2L6X4X3/8SLBB,2L,,augmented
2L Shape-2L6X4X3/8SLBB,2L,,augmented
2L6X4X3/8SLBB 2L Shape,2L,,augmented
2L6X4X3/8SLBB ASTM A36,2L,,augmented
2L6X4X3/8SLBB LL Angle,2L,,augmented
LL Angle 2L6X4X3/8SLBB,2L,,augmented
2L6X4X3/8X3/8SLBB,2L,,original
2L 6X4X3/8X3/8SLBB,2L,,original
2L-6X4X3/8X3/8SLBB,2L,,augmented
2L_6X4X3/8X3/8SLBB,2L,,augmented
2L6 X 4X3/8X3/8SLBB,2L,,original
2L6X4X3/8X3/8SLBB A36,2L,,augmented
2L 6 X 4 X 3/8 X 3/8SLBB,2L,,original
2L Shape 2L6X4X3/8X3/8SLBB,2L,,augmented
2L Shape-2L6X4X3/8X3/8SLBB,2L,,augmented
2L6X4X3/8X3/8SLBB 2L Shape,2L,,augmented
2L6X4X3/8X3/8SLBB ASTM A36,2L,,augmented
2L6X4X3/8X3/8SLBB LL Angle,2L,,augmented
LL Angle 2L6X4X3/8X3/8SLBB,2L,,augmented
2L6X4X3/8X3/4SLBB,2L,,original
2L 6X4X3/8X3/4SLBB,2L,,original
2L-6X4X3/8X3/4SLBB,2L,,augmented
2L_6X4X3/8X3/4SLBB,2L,,augmented
2L6 X 4X3/8X3/4SLBB,2L,,original
2L6X4X3/8X3/4SLBB A36,2L,,augmented
2L 6 X 4 X 3/8 X 3/4SLBB,2L,,original
2L Shape 2L6X4X3/8X3/4SLBB,2L,,augmented
2L Shape-2L6X4X3/8X3/4SLBB,2L,,augmented
2L6X4X3/8X3/4SLBB 2L Shape,2L,,augmented
2L6X4X3/8X3/4SLBB ASTM A36,2L,,augmented
2L6X4X3/8X3/4SLBB LL Angle,2L,,augmented
LL Angle 2L6X4X3/8X3/4SLBB,2L,,augmented
2L6X4X5/16SLBB,2L,,original
2L 6X4X5/16SLBB,2L,,original
2L-6X4X5/16SLBB,2L,,augmented
2L_6X4X5/16SLBB,2L,,augmented
2L6 X 4X5/16SLBB,2L,,original
2L6X4X5/16SLBB A36,2L,,augmented
2L 6 X 4 X 5/16SLBB,2L,,original
2L Shape 2L6X4X5/16SLBB,2L,,augmented
2L Shape-2L6X4X5/16SLBB,2L,,augmented
2L6X4X5/16SLBB 2L Shape,2L,,augmented
2L6X4X5/16SLBB ASTM A36,2L,,augmented
2L6X4X5/16SLBB LL Angle,2L,,augmented
LL Angle 2L6X4X5/16SLBB,2L,,augmented
2L6X4X5/16X3/8SLBB,2L,,original
2L 6X4X5/16X3/8SLBB,2L,,original
2L-6X4X5/16X3/8SLBB,2L,,augmented
2L_6X4X5/16X3/8SLBB,2L,,augmented
2L6 X 4X5/16X3/8SLBB,2L,,original
2L6X4X5/16X3/8SLBB A36,2L,,augmented
2L 6 X 4 X 5/16 X 3/8SLBB,2L,,original
2L Shape 2L6X4X5/16X3/8SLBB,2L,,augmented
2L Shape-2L6X4X5/16X3/8SLBB,2L,,augmented
2L6X4X5/16X3/8SLBB 2L Shape,2L,,augmented
2L6X4X5/16X3/8SLBB ASTM A36,2L,,augmented
2L6X4X5/16X3/8SLBB LL Angle,2L,,augmented
LL Angle 2L6X4X5/16X3/8SLBB,2L,,augmented
2L6X4X5/16X3/4SLBB,2L,,original
2L 6X4X5/16X3/4SLBB,2L,,original
2L-6X4X5/16X3/4SLBB,2L,,augmented
2L_6X4X5/16X3/4SLBB,2L,,augmented
2L6 X 4X5/16X3/4SLBB,2L,,original
2L6X4X5/16X3/4SLBB A36,2L,,augmented
2L 6 X 4 X 5/16 X 3/4SLBB,2L,,original
2L Shape 2L6X4X5/16X3/4SLBB,2L,,augmented
2L Shape-2L6X4X5/16X3/4SLBB,2L,,augmented
2L6X4X5/16X3/4SLBB 2L Shape,2L,,augmented
2L6X4X5/16X3/4SLBB ASTM A36,2L,,augmented
2L6X4X5/16X3/4SLBB LL Angle,2L,,augmented
LL Angle 2L6X4X5/16X3/4SLBB,2L,,augmented
2L6X3-1/2X1/2SLBB,2L,,original
2L 6X3-1/2X1/2SLBB,2L,,original
2L-6X3-1/2X1/2SLBB,2L,,augmented
2L_6X3-1/2X1/2SLBB,2L,,augmented
2L6 X 3-1/2X1/2SLBB,2L,,original
2L6X3-1/2X1/2SLBB A36,2L,,augmented
2L 6 X 3-1/2 X 1/2SLBB,2L,,original
2L Shape 2L6X3-1/2X1/2SLBB,2L,,augmented
2L Shape-2L6X3-1/2X1/2SLBB,2L,,augmented
2L6X3-1/2X1/2SLBB 2L Shape,2L,,augmented
2L6X3-1/2X1/2SLBB ASTM A36,2L,,augmented
2L6X3-1/2X1/2SLBB LL Angle,2L,,augmented
LL Angle 2L6X3-1/2X1/2SLBB,2L,,augmented
2L6X3-1/2X1/2X3/8SLBB,2L,,original
2L 6X3-1/2X1/2X3/8SLBB,2L,,original
2L-6X3-1/2X1/2X3/8SLBB,2L,,augmented
2L_6X3-1/2X1/2X3/8SLBB,2L,,augmented
2L6 X 3-1/2X1/2X3/8SLBB,2L,,original
2L6X3-1/2X1/2X3/8SLBB A36,2L,,augmented
2L 6 X 3-1/2 X 1/2 X 3/8SLBB,2L,,original
2L Shape 2L6X3-1/2X1/2X3/8SLBB,2L,,augmented
2L Shape-2L6X3-1/2X1/2X3/8SLBB,2L,,augmented
2L6X3-1/2X1/2X3/8SLBB 2L Shape,2L,,augmented
2L6X3-1/2X1/2X3/8SLBB ASTM A36,2L,,augmented
2L6X3-1/2X1/2X3/8SLBB LL Angle,2L,,augmented
LL Angle 2L6X3-1/2X1/2X3/8SLBB,2L,,augmented
2L6X3-1/2X1/2X3/4SLBB,2L,,original
2L 6X3-1/2X1/2X3/4SLBB,2L,,original
2L-6X3-1/2X1/2X3/4SLBB,2L,,augmented
2L_6X3-1/2X1/2X3/4SLBB,2L,,augmented
2L6 X 3-1/2X1/2X3/4SLBB,2L,,original
2L6X3-1/2X1/2X3/4SLBB A36,2L,,augmented
2L 6 X 3-1/2 X 1/2 X 3/4SLBB,2L,,original
2L Shape 2L6X3-1/2X1/2X3/4SLBB,2L,,augmented
2L Shape-2L6X3-1/2X1/2X3/4SLBB,2L,,augmented
2L6X3-1/2X1/2X3/4SLBB 2L Shape,2L,,augmented
2L6X3-1/2X1/2X3/4SLBB ASTM A36,2L,,augmented
2L6X3-1/2X1/2X3/4SLBB LL Angle,2L,,augmented
LL Angle 2L6X3-1/2X1/2X3/4SLBB,2L,,augmented
2L6X3-1/2X3/8SLBB,2L,,original
2L 6X3-1/2X3/8SLBB,2L,,original
2L-6X3-1/2X3/8SLBB,2L,,augmented
2L_6X3-1/2X3/8SLBB,2L,,augmented
2L6 X 3-1/2X3/8SLBB,2L,,original
2L6X3-1/2X3/8SLBB A36,2L,,augmented
2L 6 X 3-1/2 X 3/8SLBB,2L,,original
2L Shape 2L6X3-1/2X3/8SLBB,2L,,augmented
2L Shape-2L6X3-1/2X3/8SLBB,2L,,augmented
2L6X3-1/2X3/8SLBB 2L Shape,2L,,augmented
2L6X3-1/2X3/8SLBB ASTM A36,2L,,augmented
2L6X3-1/2X3/8SLBB LL Angle,2L,,augmented
LL Angle 2L6X3-1/2X3/8SLBB,2L,,augmented
2L6X3-1/2X3/8X3/8SLBB,2L,,original
2L 6X3-1/2X3/8X3/8SLBB,2L,,original
2L-6X3-1/2X3/8X3/8SLBB,2L,,augmented
2L_6X3-1/2X3/8X3/8SLBB,2L,,augmented
2L6 X 3-1/2X3/8X3/8SLBB,2L,,original
2L6X3-1/2X3/8X3/8SLBB A36,2L,,augmented
2L 6 X 3-1/2 X 3/8 X 3/8SLBB,2L,,original
2L Shape 2L6X3-1/2X3/8X3/8SLBB,2L,,augmented
2L Shape-2L6X3-1/2X3/8X3/8SLBB,2L,,augmented
2L6X3-1/2X3/8X3/8SLBB 2L Shape,2L,,augmented
2L6X3-1/2X3/8X3/8SLBB ASTM A36,2L,,augmented
2L6X3-1/2X3/8X3/8SLBB LL Angle,2L,,augmented
LL Angle 2L6X3-1/2X3/8X3/8SLBB,2L,,augmented
2L6X3-1/2X3/8X3/4SLBB,2L,,original
2L 6X3-1/2X3/8X3/4SLBB,2L,,original
2L-6X3-1/2X3/8X3/4SLBB,2L,,augmented
2L_6X3-1/2X3/8X3/4SLBB,2L,,augmented
2L6 X 3-1/2X3/8X3/4SLBB,2L,,original
2L6X3-1/2X3/8X3/4SLBB A36,2L,,augmented
2L 6 X 3-1/2 X 3/8 X 3/4SLBB,2L,,original
2L Shape 2L6X3-1/2X3/8X3/4SLBB,2L,,augmented
2L Shape-2L6X3-1/2X3/8X3/4SLBB,2L,,augmented
2L6X3-1/2X3/8X3/4SLBB 2L Shape,2L,,augmented
2L6X3-1/2X3/8X3/4SLBB ASTM A36,2L,,augmented
2L6X3-1/2X3/8X3/4SLBB LL Angle,2L,,augmented
LL Angle 2L6X3-1/2X3/8X3/4SLBB,2L,,augmented
2L6X3-1/2X5/16SLBB,2L,,original
2L 6X3-1/2X5/16SLBB,2L,,original
2L-6X3-1/2X5/16SLBB,2L,,augmented
2L_6X3-1/2X5/16SLBB,2L,,augmented
2L6 X 3-1/2X5/16SLBB,2L,,original
2L6X3-1/2X5/16SLBB A36,2L,,augmented
2L 6 X 3-1/2 X 5/16SLBB,2L,,original
2L Shape 2L6X3-1/2X5/16SLBB,2L,,augmented
2L Shape-2L6X3-1/2X5/16SLBB,2L,,augmented
2L6X3-1/2X5/16SLBB 2L Shape,2L,,augmented
2L6X3-1/2X5/16SLBB ASTM A36,2L,,augmented
2L6X3-1/2X5/16SLBB LL Angle,2L,,augmented
LL Angle 2L6X3-1/2X5/16SLBB,2L,,augmented
2L6X3-1/2X5/16X3/8SLBB,2L,,original
2L 6X3-1/2X5/16X3/8SLBB,2L,,original
2L-6X3-1/2X5/16X3/8SLBB,2L,,augmented
2L_6X3-1/2X5/16X3/8SLBB,2L,,augmented
2L6 X 3-1/2X5/16X3/8SLBB,2L,,original
2L6X3-1/2X5/16X3/8SLBB A36,2L,,augmented
2L 6 X 3-1/2 X 5/16 X 3/8SLBB,2L,,original
2L Shape 2L6X3-1/2X5/16X3/8SLBB,2L,,augmented
2L Shape-2L6X3-1/2X5/16X3/8SLBB,2L,,augmented
2L6X3-1/2X5/16X3/8SLBB 2L Shape,2L,,augmented
2L6X3-1/2X5/16X3/8SLBB ASTM A36,2L,,augmented
2L6X3-1/2X5/16X3/8SLBB LL Angle,2L,,augmented
LL Angle 2L6X3-1/2X5/16X3/8SLBB,2L,,augmented
2L6X3-1/2X5/16X3/4SLBB,2L,,original
2L 6X3-1/2X5/16X3/4SLBB,2L,,original
2L-6X3-1/2X5/16X3/4SLBB,2L,,augmented
2L_6X3-1/2X5/16X3/4SLBB,2L,,augmented
2L6 X 3-1/2X5/16X3/4SLBB,2L,,original
2L6X3-1/2X5/16X3/4SLBB A36,2L,,augmented
2L 6 X 3-1/2 X 5/16 X 3/4SLBB,2L,,original
2L Shape 2L6X3-1/2X5/16X3/4SLBB,2L,,augmented
2L Shape-2L6X3-1/2X5/16X3/4SLBB,2L,,augmented
2L6X3-1/2X5/16X3/4SLBB 2L Shape,2L,,augmented
2L6X3-1/2X5/16X3/4SLBB ASTM A36,2L,,augmented
2L6X3-1/2X5/16X3/4SLBB LL Angle,2L,,augmented
LL Angle 2L6X3-1/2X5/16X3/4SLBB,2L,,augmented
2L5X3-1/2X3/4SLBB,2L,,original
2L 5X3-1/2X3/4SLBB,2L,,original
2L-5X3-1/2X3/4SLBB,2L,,augmented
2L_5X3-1/2X3/4SLBB,2L,,augmented
2L5 X 3-1/2X3/4SLBB,2L,,original
2L5X3-1/2X3/4SLBB A36,2L,,augmented
2L 5 X 3-1/2 X 3/4SLBB,2L,,original
2L Shape 2L5X3-1/2X3/4SLBB,2L,,augmented
2L Shape-2L5X3-1/2X3/4SLBB,2L,,augmented
2L5X3-1/2X3/4SLBB 2L Shape,2L,,augmented
2L5X3-1/2X3/4SLBB ASTM A36,2L,,augmented
2L5X3-1/2X3/4SLBB LL Angle,2L,,augmented
LL Angle 2L5X3-1/2X3/4SLBB,2L,,augmented
2L5X3-1/2X3/4X3/8SLBB,2L,,original
2L 5X3-1/2X3/4X3/8SLBB,2L,,original
2L-5X3-1/2X3/4X3/8SLBB,2L,,augmented
2L_5X3-1/2X3/4X3/8SLBB,2L,,augmented
2L5 X 3-1/2X3/4X3/8SLBB,2L,,original
2L5X3-1/2X3/4X3/8SLBB A36,2L,,augmented
2L 5 X 3-1/2 X 3/4 X 3/8SLBB,2L,,original
2L Shape 2L5X3-1/2X3/4X3/8SLBB,2L,,augmented
2L Shape-2L5X3-1/2X3/4X3/8SLBB,2L,,augmented
2L5X3-1/2X3/4X3/8SLBB 2L Shape,2L,,augmented
2L5X3-1/2X3/4X3/8SLBB ASTM A36,2L,,augmented
2L5X3-1/2X3/4X3/8SLBB LL Angle,2L,,augmented
LL Angle 2L5X3-1/2X3/4X3/8SLBB,2L,,augmented
2L5X3-1/2X3/4X3/4SLBB,2L,,original
2L 5X3-1/2X3/4X3/4SLBB,2L,,original
2L-5X3-1/2X3/4X3/4SLBB,2L,,augmented
2L_5X3-1/2X3/4X3/4SLBB,2L,,augmented
2L5 X 3-1/2X3/4X3/4SLBB,2L,,original
2L5X3-1/2X3/4X3/4SLBB A36,2L,,augmented
2L 5 X 3-1/2 X 3/4 X 3/4SLBB,2L,,original
2L Shape 2L5X3-1/2X3/4X3/4SLBB,2L,,augmented
2L Shape-2L5X3-1/2X3/4X3/4SLBB,2L,,augmented
2L5X3-1/2X3/4X3/4SLBB 2L Shape,2L,,augmented
2L5X3-1/2X3/4X3/4SLBB ASTM A36,2L,,augmented
2L5X3-1/2X3/4X3/4SLBB LL Angle,2L,,augmented
LL Angle 2L5X3-1/2X3/4X3/4SLBB,2L,,augmented
2L5X3-1/2X5/8SLBB,2L,,original
2L 5X3-1/2X5/8SLBB,2L,,original
2L-5X3-1/2X5/8SLBB,2L,,augmented
2L_5X3-1/2X5/8SLBB,2L,,augmented
2L5 X 3-1/2X5/8SLBB,2L,,original
2L5X3-1/2X5/8SLBB A36,2L,,augmented
2L 5 X 3-1/2 X 5/8SLBB,2L,,original
2L Shape 2L5X3-1/2X5/8SLBB,2L,,augmented
2L Shape-2L5X3-1/2X5/8SLBB,2L,,augmented
2L5X3-1/2X5/8SLBB 2L Shape,2L,,augmented
2L5X3-1/2X5/8SLBB ASTM A36,2L,,augmented
2L5X3-1/2X5/8SLBB LL Angle,2L,,augmented
LL Angle 2L5X3-1/2X5/8SLBB,2L,,augmented
2L5X3-1/2X5/8X3/8SLBB,2L,,original
2L 5X3-1/2X5/8X3/8SLBB,2L,,original
2L-5X3-1/2X5/8X3/8SLBB,2L,,augmented
2L_5X3-1/2X5/8X3/8SLBB,2L,,augmented
2L5 X 3-1/2X5/8X3/8SLBB,2L,,original
2L5X3-1/2X5/8X3/8SLBB A36,2L,,augmented
2L 5 X 3-1/2 X 5/8 X 3/8SLBB,2L,,original
2L Shape 2L5X3-1/2X5/8X3/8SLBB,2L,,augmented
2L Shape-2L5X3-1/2X5/8X3/8SLBB,2L,,augmented
2L5X3-1/2X5/8X3/8SLBB 2L Shape,2L,,augmented
2L5X3-1/2X5/8X3/8SLBB ASTM A36,2L,,augmented
2L5X3-1/2X5/8X3/8SLBB LL Angle,2L,,augmented
LL Angle 2L5X3-1/2X5/8X3/8SLBB,2L,,augmented
2L5X3-1/2X5/8X3/4SLBB,2L,,original
2L 5X3-1/2X5/8X3/4SLBB,2L,,original
2L-5X3-1/2X5/8X3/4SLBB,2L,,augmented
2L_5X3-1/2X5/8X3/4SLBB,2L,,augmented
2L5 X 3-1/2X5/8X3/4SLBB,2L,,original
2L5X3-1/2X5/8X3/4SLBB A36,2L,,augmented
2L 5 X 3-1/2 X 5/8 X 3/4SLBB,2L,,original
2L Shape 2L5X3-1/2X5/8X3/4SLBB,2L,,augmented
2L Shape-2L5X3-1/2X5/8X3/4SLBB,2L,,augmented
2L5X3-1/2X5/8X3/4SLBB 2L Shape,2L,,augmented
2L5X3-1/2X5/8X3/4SLBB ASTM A36,2L,,augmented
2L5X3-1/2X5/8X3/4SLBB LL Angle,2L,,augmented
LL Angle 2L5X3-1/2X5/8X3/4SLBB,2L,,augmented
2L5X3-1/2X1/2SLBB,2L,,original
2L 5X3-1/2X1/2SLBB,2L,,original
2L-5X3-1/2X1/2SLBB,2L,,augmented
2L_5X3-1/2X1/2SLBB,2L,,augmented
2L5 X 3-1/2X1/2SLBB,2L,,original
2L5X3-1/2X1/2SLBB A36,2L,,augmented
2L 5 X 3-1/2 X 1/2SLBB,2L,,original
2L Shape 2L5X3-1/2X1/2SLBB,2L,,augmented
2L Shape-2L5X3-1/2X1/2SLBB,2L,,augmented
2L5X3-1/2X1/2SLBB 2L Shape,2L,,augmented
2L5X3-1/2X1/2SLBB ASTM A36,2L,,augmented
2L5X3-1/2X1/2SLBB LL Angle,2L,,augmented
LL Angle 2L5X3-1/2X1/2SLBB,2L,,augmented
2L5X3-1/2X1/2X3/8SLBB,2L,,original
2L 5X3-1/2X1/2X3/8SLBB,2L,,original
2L-5X3-1/2X1/2X3/8SLBB,2L,,augmented
2L_5X3-1/2X1/2X3/8SLBB,2L,,augmented
2L5 X 3-1/2X1/2X3/8SLBB,2L,,original
2L5X3-1/2X1/2X3/8SLBB A36,2L,,augmented
2L 5 X 3-1/2 X 1/2 X 3/8SLBB,2L,,original
2L Shape 2L5X3-1/2X1/2X3/8SLBB,2L,,augmented
2L Shape-2L5X3-1/2X1/2X3/8SLBB,2L,,augmented
2L5X3-1/2X1/2X3/8SLBB 2L Shape,2L,,augmented
2L5X3-1/2X1/2X3/8SLBB ASTM A36,2L,,augmented
2L5X3-1/2X1/2X3/8SLBB LL Angle,2L,,augmented
LL Angle 2L5X3-1/2X1/2X3/8SLBB,2L,,augmented
2L5X3-1/2X1/2X3/4SLBB,2L,,original
2L 5X3-1/2X1/2X3/4SLBB,2L,,original
2L-5X3-1/2X1/2X3/4SLBB,2L,,augmented
2L_5X3-1/2X1/2X3/4SLBB,2L,,augmented
2L5 X 3-1/2X1/2X3/4SLBB,2L,,original
2L5X3-1/2X1/2X3/4SLBB A36,2L,,augmented
2L 5 X 3-1/2 X 1/2 X 3/4SLBB,2L,,original
2L Shape 2L5X3-1/2X1/2X3/4SLBB,2L,,augmented
2L Shape-2L5X3-1/2X1/2X3/4SLBB,2L,,augmented
2L5X3-1/2X1/2X3/4SLBB 2L Shape,2L,,augmented
2L5X3-1/2X1/2X3/4SLBB ASTM A36,2L,,augmented
2L5X3-1/2X1/2X3/4SLBB LL Angle,2L,,augmented
LL Angle 2L5X3-1/2X1/2X3/4SLBB,2L,,augmented
2L5X3-1/2X3/8SLBB,2L,,original
2L 5X3-1/2X3/8SLBB,2L,,original
2L-5X3-1/2X3/8SLBB,2L,,augmented
2L_5X3-1/2X3/8SLBB,2L,,augmented
2L5 X 3-1/2X3/8SLBB,2L,,original
2L5X3-1/2X3/8SLBB A36,2L,,augmented
2L 5 X 3-1/2 X 3/8SLBB,2L,,original
2L Shape 2L5X3-1/2X3/8SLBB,2L,,augmented
2L Shape-2L5X3-1/2X3/8SLBB,2L,,augmented
2L5X3-1/2X3/8SLBB 2L Shape,2L,,augmented
2L5X3-1/2X3/8SLBB ASTM A36,2L,,augmented
2L5X3-1/2X3/8SLBB LL Angle,2L,,augmented
LL Angle 2L5X3-1/2X3/8SLBB,2L,,augmented
2L5X3-1/2X3/8X3/8SLBB,2L,,original
2L 5X3-1/2X3/8X3/8SLBB,2L,,original
2L-5X3-1/2X3/8X3/8SLBB,2L,,augmented
2L_5X3-1/2X3/8X3/8SLBB,2L,,augmented
2L5 X 3-1/2X3/8X3/8SLBB,2L,,original
2L5X3-1/2X3/8X3/8SLBB A36,2L,,augmented
2L 5 X 3-1/2 X 3/8 X 3/8SLBB,2L,,original
2L Shape 2L5X3-1/2X3/8X3/8SLBB,2L,,augmented
2L Shape-2L5X3-1/2X3/8X3/8SLBB,2L,,augmented
2L5X3-1/2X3/8X3/8SLBB 2L Shape,2L,,augmented
2L5X3-1/2X3/8X3/8SLBB ASTM A36,2L,,augmented
2L5X3-1/2X3/8X3/8SLBB LL Angle,2L,,augmented
LL Angle 2L5X3-1/2X3/8X3/8SLBB,2L,,augmented
2L5X3-1/2X3/8X3/4SLBB,2L,,original
2L 5X3-1/2X3/8X3/4SLBB,2L,,original
2L-5X3-1/2X3/8X3/4SLBB,2L,,augmented
2L_5X3-1/2X3/8X3/4SLBB,2L,,augmented
2L5 X 3-1/2X3/8X3/4SLBB,2L,,original
2L5X3-1/2X3/8X3/4SLBB A36,2L,,augmented
2L 5 X 3-1/2 X 3/8 X 3/4SLBB,2L,,original
2L Shape 2L5X3-1/2X3/8X3/4SLBB,2L,,augmented
2L Shape-2L5X3-1/2X3/8X3/4SLBB,2L,,augmented
2L5X3-1/2X3/8X3/4SLBB 2L Shape,2L,,augmented
2L5X3-1/2X3/8X3/4SLBB ASTM A36,2L,,augmented
2L5X3-1/2X3/8X3/4SLBB LL Angle,2L,,augmented
LL Angle 2L5X3-1/2X3/8X3/4SLBB,2L,,augmented
2L5X3-1/2X5/16SLBB,2L,,original
2L 5X3-1/2X5/16SLBB,2L,,original
2L-5X3-1/2X5/16SLBB,2L,,augmented
2L_5X3-1/2X5/16SLBB,2L,,augmented
2L5 X 3-1/2X5/16SLBB,2L,,original
2L5X3-1/2X5/16SLBB A36,2L,,augmented
2L 5 X 3-1/2 X 5/16SLBB,2L,,original
2L Shape 2L5X3-1/2X5/16SLBB,2L,,augmented
2L Shape-2L5X3-1/2X5/16SLBB,2L,,augmented
2L5X3-1/2X5/16SLBB 2L Shape,2L,,augmented
2L5X3-1/2X5/16SLBB ASTM A36,2L,,augmented
2L5X3-1/2X5/16SLBB LL Angle,2L,,augmented
LL Angle 2L5X3-1/2X5/16SLBB,2L,,augmented
2L5X3-1/2X5/16X3/8SLBB,2L,,original
2L 5X3-1/2X5/16X3/8SLBB,2L,,original
2L-5X3-1/2X5/16X3/8SLBB,2L,,augmented
2L_5X3-1/2X5/16X3/8SLBB,2L,,augmented
2L5 X 3-1/2X5/16X3/8SLBB,2L,,original
2L5X3-1/2X5/16X3/8SLBB A36,2L,,augmented
2L 5 X 3-1/2 X 5/16 X 3/8SLBB,2L,,original
2L Shape 2L5X3-1/2X5/16X3/8SLBB,2L,,augmented
2L Shape-2L5X3-1/2X5/16X3/8SLBB,2L,,augmented
2L5X3-1/2X5/16X3/8SLBB 2L Shape,2L,,augmented
2L5X3-1/2X5/16X3/8SLBB ASTM A36,2L,,augmented
2L5X3-1/2X5/16X3/8SLBB LL Angle,2L,,augmented
LL Angle 2L5X3-1/2X5/16X3/8SLBB,2L,,augmented
2L5X3-1/2X5/16X3/4SLBB,2L,,original
2L 5X3-1/2X5/16X3/4SLBB,2L,,original
2L-5X3-1/2X5/16X3/4SLBB,2L,,augmented
2L_5X3-1/2X5/16X3/4SLBB,2L,,augmented
2L5 X 3-1/2X5/16X3/4SLBB,2L,,original
2L5X3-1/2X5/16X3/4SLBB A36,2L,,augmented
2L 5 X 3-1/2 X 5/16 X 3/4SLBB,2L,,original
2L Shape 2L5X3-1/2X5/16X3/4SLBB,2L,,augmented
2L Shape-2L5X3-1/2X5/16X3/4SLBB,2L,,augmented
2L5X3-1/2X5/16X3/4SLBB 2L Shape,2L,,augmented
2L5X3-1/2X5/16X3/4SLBB ASTM A36,2L,,augmented
2L5X3-1/2X5/16X3/4SLBB LL Angle,2L,,augmented
LL Angle 2L5X3-1/2X5/16X3/4SLBB,2L,,augmented
2L5X3-1/2X1/4SLBB,2L,,original
2L 5X3-1/2X1/4SLBB,2L,,original
2L-5X3-1/2X1/4SLBB,2L,,augmented
2L_5X3-1/2X1/4SLBB,2L,,augmented
2L5 X 3-1/2X1/4SLBB,2L,,original
2L5X3-1/2X1/4SLBB A36,2L,,augmented
2L 5 X 3-1/2 X 1/4SLBB,2L,,original
2L Shape 2L5X3-1/2X1/4SLBB,2L,,augmented
2L Shape-2L5X3-1/2X1/4SLBB,2L,,augmented
2L5X3-1/2X1/4SLBB 2L Shape,2L,,augmented
2L5X3-1/2X1/4SLBB ASTM A36,2L,,augmented
2L5X3-1/2X1/4SLBB LL Angle,2L,,augmented
LL Angle 2L5X3-1/2X1/4SLBB,2L,,augmented
2L5X3-1/2X1/4X3/8SLBB,2L,,original
2L 5X3-1/2X1/4X3/8SLBB,2L,,original
2L-5X3-1/2X1/4X3/8SLBB,2L,,augmented
2L_5X3-1/2X1/4X3/8SLBB,2L,,augmented
2L5 X 3-1/2X1/4X3/8SLBB,2L,,original
2L5X3-1/2X1/4X3/8SLBB A36,2L,,augmented
2L 5 X 3-1/2 X 1/4 X 3/8SLBB,2L,,original
2L Shape 2L5X3-1/2X1/4X3/8SLBB,2L,,augmented
2L Shape-2L5X3-1/2X1/4X3/8SLBB,2L,,augmented
2L5X3-1/2X1/4X3/8SLBB 2L Shape,2L,,augmented
2L5X3-1/2X1/4X3/8SLBB ASTM A36,2L,,augmented
2L5X3-1/2X1/4X3/8SLBB LL Angle,2L,,augmented
LL Angle 2L5X3-1/2X1/4X3/8SLBB,2L,,augmented
2L5X3-1/2X1/4X3/4SLBB,2L,,original
2L 5X3-1/2X1/4X3/4SLBB,2L,,original
2L-5X3-1/2X1/4X3/4SLBB,2L,,augmented
2L_5X3-1/2X1/4X3/4SLBB,2L,,augmented
2L5 X 3-1/2X1/4X3/4SLBB,2L,,original
2L5X3-1/2X1/4X3/4SLBB A36,2L,,augmented
2L 5 X 3-1/2 X 1/4 X 3/4SLBB,2L,,original
2L Shape 2L5X3-1/2X1/4X3/4SLBB,2L,,augmented
2L Shape-2L5X3-1/2X1/4X3/4SLBB,2L,,augmented
2L5X3-1/2X1/4X3/4SLBB 2L Shape,2L,,augmented
2L5X3-1/2X1/4X3/4SLBB ASTM A36,2L,,augmented
2L5X3-1/2X1/4X3/4SLBB LL Angle,2L,,augmented
LL Angle 2L5X3-1/2X1/4X3/4SLBB,2L,,augmented
2L5X3X1/2SLBB,2L,,original
2L 5X3X1/2SLBB,2L,,original
2L-5X3X1/2SLBB,2L,,augmented
2L_5X3X1/2SLBB,2L,,augmented
2L5 X 3X1/2SLBB,2L,,original
2L5X3X1/2SLBB A36,2L,,augmented
2L 5 X 3 X 1/2SLBB,2L,,original
2L Shape 2L5X3X1/2SLBB,2L,,augmented
2L Shape-2L5X3X1/2SLBB,2L,,augmented
2L5X3X1/2SLBB 2L Shape,2L,,augmented
2L5X3X1/2SLBB ASTM A36,2L,,augmented
2L5X3X1/2SLBB LL Angle,2L,,augmented
LL Angle 2L5X3X1/2SLBB,2L,,augmented
2L5X3X1/2X3/8SLBB,2L,,original
2L 5X3X1/2X3/8SLBB,2L,,original
2L-5X3X1/2X3/8SLBB,2L,,augmented
2L_5X3X1/2X3/8SLBB,2L,,augmented
2L5 X 3X1/2X3/8SLBB,2L,,original
2L5X3X1/2X3/8SLBB A36,2L,,augmented
2L 5 X 3 X 1/2 X 3/8SLBB,2L,,original
2L Shape 2L5X3X1/2X3/8SLBB,2L,,augmented
2L Shape-2L5X3X1/2X3/8SLBB,2L,,augmented
2L5X3X1/2X3/8SLBB 2L Shape,2L,,augmented
2L5X3X1/2X3/8SLBB ASTM A36,2L,,augmented
2L5X3X1/2X3/8SLBB LL Angle,2L,,augmented
LL Angle 2L5X3X1/2X3/8SLBB,2L,,augmented
2L5X3X1/2X3/4SLBB,2L,,original
2L 5X3X1/2X3/4SLBB,2L,,original
2L-5X3X1/2X3/4SLBB,2L,,augmented
2L_5X3X1/2X3/4SLBB,2L,,augmented
2L5 X 3X1/2X3/4SLBB,2L,,original
2L5X3X1/2X3/4SLBB A36,2L,,augmented
2L 5 X 3 X 1/2 X 3/4SLBB,2L,,original
2L Shape 2L5X3X1/2X3/4SLBB,2L,,augmented
2L Shape-2L5X3X1/2X3/4SLBB,2L,,augmented
2L5X3X1/2X3/4SLBB 2L Shape,2L,,augmented
2L5X3X1/2X3/4SLBB ASTM A36,2L,,augmented
2L5X3X1/2X3/4SLBB LL Angle,2L,,augmented
LL Angle 2L5X3X1/2X3/4SLBB,2L,,augmented
2L5X3X7/16SLBB,2L,,original
2L 5X3X7/16SLBB,2L,,original
2L-5X3X7/16SLBB,2L,,augmented
2L_5X3X7/16SLBB,2L,,augmented
2L5 X 3X7/16SLBB,2L,,original
2L5X3X7/16SLBB A36,2L,,augmented
2L 5 X 3 X 7/16SLBB,2L,,original
2L Shape 2L5X3X7/16SLBB,2L,,augmented
2L Shape-2L5X3X7/16SLBB,2L,,augmented
2L5X3X7/16SLBB 2L Shape,2L,,augmented
2L5X3X7/16SLBB ASTM A36,2L,,augmented
2L5X3X7/16SLBB LL Angle,2L,,augmented
LL Angle 2L5X3X7/16SLBB,2L,,augmented
2L5X3X7/16X3/8SLBB,2L,,original
2L 5X3X7/16X3/8SLBB,2L,,original
2L-5X3X7/16X3/8SLBB,2L,,augmented
2L_5X3X7/16X3/8SLBB,2L,,augmented
2L5 X 3X7/16X3/8SLBB,2L,,original
2L5X3X7/16X3/8SLBB A36,2L,,augmented
2L 5 X 3 X 7/16 X 3/8SLBB,2L,,original
2L Shape 2L5X3X7/16X3/8SLBB,2L,,augmented
2L Shape-2L5X3X7/16X3/8SLBB,2L,,augmented
2L5X3X7/16X3/8SLBB 2L Shape,2L,,augmented
2L5X3X7/16X3/8SLBB ASTM A36,2L,,augmented
2L5X3X7/16X3/8SLBB LL Angle,2L,,augmented
LL Angle 2L5X3X7/16X3/8SLBB,2L,,augmented
2L5X3X7/16X3/4SLBB,2L,,original
2L 5X3X7/16X3/4SLBB,2L,,original
2L-5X3X7/16X3/4SLBB,2L,,augmented
2L_5X3X7/16X3/4SLBB,2L,,augmented
2L5 X 3X7/16X3/4SLBB,2L,,original
2L5X3X7/16X3/4SLBB A36,2L,,augmented
2L 5 X 3 X 7/16 X 3/4SLBB,2L,,original
2L Shape 2L5X3X7/16X3/4SLBB,2L,,augmented
2L Shape-2L5X3X7/16X3/4SLBB,2L,,augmented
2L5X3X7/16X3/4SLBB 2L Shape,2L,,augmented
2L5X3X7/16X3/4SLBB ASTM A36,2L,,augmented
2L5X3X7/16X3/4SLBB LL Angle,2L,,augmented
LL Angle 2L5X3X7/16X3/4SLBB,2L,,augmented
2L5X3X3/8SLBB,2L,,original
2L 5X3X3/8SLBB,2L,,original
2L-5X3X3/8SLBB,2L,,augmented
2L_5X3X3/8SLBB,2L,,augmented
2L5 X 3X3/8SLBB,2L,,original
2L5X3X3/8SLBB A36,2L,,augmented
2L 5 X 3 X 3/8SLBB,2L,,original
2L Shape 2L5X3X3/8SLBB,2L,,augmented
2L Shape-2L5X3X3/8SLBB,2L,,augmented
2L5X3X3/8SLBB 2L Shape,2L,,augmented
2L5X3X3/8SLBB ASTM A36,2L,,augmented
2L5X3X3/8SLBB LL Angle,2L,,augmented
LL Angle 2L5X3X3/8SLBB,2L,,augmented
2L5X3X3/8X3/8SLBB,2L,,original
2L 5X3X3/8X3/8SLBB,2L,,original
2L-5X3X3/8X3/8SLBB,2L,,augmented
2L_5X3X3/8X3/8SLBB,2L,,augmented
2L5 X 3X3/8X3/8SLBB,2L,,original
2L5X3X3/8X3/8SLBB A36,2L,,augmented
2L 5 X 3 X 3/8 X 3/8SLBB,2L,,original
2L Shape 2L5X3X3/8X3/8SLBB,2L,,augmented
2L Shape-2L5X3X3/8X3/8SLBB,2L,,augmented
2L5X3X3/8X3/8SLBB 2L Shape,2L,,augmented
2L5X3X3/8X3/8SLBB ASTM A36,2L,,augmented
2L5X3X3/8X3/8SLBB LL Angle,2L,,augmented
LL Angle 2L5X3X3/8X3/8SLBB,2L,,augmented
2L5X3X3/8X3/4SLBB,2L,,original
2L 5X3X3/8X3/4SLBB,2L,,original
2L-5X3X3/8X3/4SLBB,2L,,augmented
2L_5X3X3/8X3/4SLBB,2L,,augmented
2L5 X 3X3/8X3/4SLBB,2L,,original
2L5X3X3/8X3/4SLBB A36,2L,,augmented
2L 5 X 3 X 3/8 X 3/4SLBB,2L,,original
2L Shape 2L5X3X3/8X3/4SLBB,2L,,augmented
2L Shape-2L5X3X3/8X3/4SLBB,2L,,augmented
2L5X3X3/8X3/4SLBB 2L Shape,2L,,augmented
2L5X3X3/8X3/4SLBB ASTM A36,2L,,augmented
2L5X3X3/8X3/4SLBB LL Angle,2L,,augmented
LL Angle 2L5X3X3/8X3/4SLBB,2L,,augmented
2L5X3X5/16SLBB,2L,,original
2L 5X3X5/16SLBB,2L,,original
2L-5X3X5/16SLBB,2L,,augmented
2L_5X3X5/16SLBB,2L,,augmented
2L5 X 3X5/16SLBB,2L,,original
2L5X3X5/16SLBB A36,2L,,augmented
2L 5 X 3 X 5/16SLBB,2L,,original
2L Shape 2L5X3X5/16SLBB,2L,,augmented
2L Shape-2L5X3X5/16SLBB,2L,,augmented
2L5X3X5/16SLBB 2L Shape,2L,,augmented
2L5X3X5/16SLBB ASTM A36,2L,,augmented
2L5X3X5/16SLBB LL Angle,2L,,augmented
LL Angle 2L5X3X5/16SLBB,2L,,augmented
2L5X3X5/16X3/8SLBB,2L,,original
2L 5X3X5/16X3/8SLBB,2L,,original
2L-5X3X5/16X3/8SLBB,2L,,augmented
2L_5X3X5/16X3/8SLBB,2L,,augmented
2L5 X 3X5/16X3/8SLBB,2L,,original
2L5X3X5/16X3/8SLBB A36,2L,,augmented
2L 5 X 3 X 5/16 X 3/8SLBB,2L,,original
2L Shape 2L5X3X5/16X3/8SLBB,2L,,augmented
2L Shape-2L5X3X5/16X3/8SLBB,2L,,augmented
2L5X3X5/16X3/8SLBB 2L Shape,2L,,augmented
2L5X3X5/16X3/8SLBB ASTM A36,2L,,augmented
2L5X3X5/16X3/8SLBB LL Angle,2L,,augmented
LL Angle 2L5X3X5/16X3/8SLBB,2L,,augmented
2L5X3X5/16X3/4SLBB,2L,,original
2L 5X3X5/16X3/4SLBB,2L,,original
2L-5X3X5/16X3/4SLBB,2L,,augmented
2L_5X3X5/16X3/4SLBB,2L,,augmented
2L5 X 3X5/16X3/4SLBB,2L,,original
2L5X3X5/16X3/4SLBB A36,2L,,augmented
2L 5 X 3 X 5/16 X 3/4SLBB,2L,,original
2L Shape 2L5X3X5/16X3/4SLBB,2L,,augmented
2L Shape-2L5X3X5/16X3/4SLBB,2L,,augmented
2L5X3X5/16X3/4SLBB 2L Shape,2L,,augmented
2L5X3X5/16X3/4SLBB ASTM A36,2L,,augmented
2L5X3X5/16X3/4SLBB LL Angle,2L,,augmented
LL Angle 2L5X3X5/16X3/4SLBB,2L,,augmented
2L5X3X1/4SLBB,2L,,original
2L 5X3X1/4SLBB,2L,,original
2L-5X3X1/4SLBB,2L,,augmented
2L_5X3X1/4SLBB,2L,,augmented
2L5 X 3X1/4SLBB,2L,,original
2L5X3X1/4SLBB A36,2L,,augmented
2L 5 X 3 X 1/4SLBB,2L,,original
2L Shape 2L5X3X1/4SLBB,2L,,augmented
2L Shape-2L5X3X1/4SLBB,2L,,augmented
2L5X3X1/4SLBB 2L Shape,2L,,augmented
2L5X3X1/4SLBB ASTM A36,2L,,augmented
2L5X3X1/4SLBB LL Angle,2L,,augmented
LL Angle 2L5X3X1/4SLBB,2L,,augmented
2L5X3X1/4X3/8SLBB,2L,,original
2L 5X3X1/4X3/8SLBB,2L,,original
2L-5X3X1/4X3/8SLBB,2L,,augmented
2L_5X3X1/4X3/8SLBB,2L,,augmented
2L5 X 3X1/4X3/8SLBB,2L,,original
2L5X3X1/4X3/8SLBB A36,2L,,augmented
2L 5 X 3 X 1/4 X 3/8SLBB,2L,,original
2L Shape 2L5X3X1/4X3/8SLBB,2L,,augmented
2L Shape-2L5X3X1/4X3/8SLBB,2L,,augmented
2L5X3X1/4X3/8SLBB 2L Shape,2L,,augmented
2L5X3X1/4X3/8SLBB ASTM A36,2L,,augmented
2L5X3X1/4X3/8SLBB LL Angle,2L,,augmented
LL Angle 2L5X3X1/4X3/8SLBB,2L,,augmented
2L5X3X1/4X3/4SLBB,2L,,original
2L 5X3X1/4X3/4SLBB,2L,,original
2L-5X3X1/4X3/4SLBB,2L,,augmented
2L_5X3X1/4X3/4SLBB,2L,,augmented
2L5 X 3X1/4X3/4SLBB,2L,,original
2L5X3X1/4X3/4SLBB A36,2L,,augmented
2L 5 X 3 X 1/4 X 3/4SLBB,2L,,original
2L Shape 2L5X3X1/4X3/4SLBB,2L,,augmented
2L Shape-2L5X3X1/4X3/4SLBB,2L,,augmented
2L5X3X1/4X3/4SLBB 2L Shape,2L,,augmented
2L5X3X1/4X3/4SLBB ASTM A36,2L,,augmented
2L5X3X1/4X3/4SLBB LL Angle,2L,,augmented
LL Angle 2L5X3X1/4X3/4SLBB,2L,,augmented
2L4X3-1/2X1/2SLBB,2L,,original
2L 4X3-1/2X1/2SLBB,2L,,original
2L-4X3-1/2X1/2SLBB,2L,,augmented
2L_4X3-1/2X1/2SLBB,2L,,augmented
2L4 X 3-1/2X1/2SLBB,2L,,original
2L4X3-1/2X1/2SLBB A36,2L,,augmented
2L 4 X 3-1/2 X 1/2SLBB,2L,,original
2L Shape 2L4X3-1/2X1/2SLBB,2L,,augmented
2L Shape-2L4X3-1/2X1/2SLBB,2L,,augmented
2L4X3-1/2X1/2SLBB 2L Shape,2L,,augmented
2L4X3-1/2X1/2SLBB ASTM A36,2L,,augmented
2L4X3-1/2X1/2SLBB LL Angle,2L,,augmented
LL Angle 2L4X3-1/2X1/2SLBB,2L,,augmented
2L4X3-1/2X1/2X3/8SLBB,2L,,original
2L 4X3-1/2X1/2X3/8SLBB,2L,,original
2L-4X3-1/2X1/2X3/8SLBB,2L,,augmented
2L_4X3-1/2X1/2X3/8SLBB,2L,,augmented
2L4 X 3-1/2X1/2X3/8SLBB,2L,,original
2L4X3-1/2X1/2X3/8SLBB A36,2L,,augmented
2L 4 X 3-1/2 X 1/2 X 3/8SLBB,2L,,original
2L Shape 2L4X3-1/2X1/2X3/8SLBB,2L,,augmented
2L Shape-2L4X3-1/2X1/2X3/8SLBB,2L,,augmented
2L4X3-1/2X1/2X3/8SLBB 2L Shape,2L,,augmented
2L4X3-1/2X1/2X3/8SLBB ASTM A36,2L,,augmented
2L4X3-1/2X1/2X3/8SLBB LL Angle,2L,,augmented
LL Angle 2L4X3-1/2X1/2X3/8SLBB,2L,,augmented
2L4X3-1/2X1/2X3/4SLBB,2L,,original
2L 4X3-1/2X1/2X3/4SLBB,2L,,original
2L-4X3-1/2X1/2X3/4SLBB,2L,,augmented
2L_4X3-1/2X1/2X3/4SLBB,2L,,augmented
2L4 X 3-1/2X1/2X3/4SLBB,2L,,original
2L4X3-1/2X1/2X3/4SLBB A36,2L,,augmented
2L 4 X 3-1/2 X 1/2 X 3/4SLBB,2L,,original
2L Shape 2L4X3-1/2X1/2X3/4SLBB,2L,,augmented
2L Shape-2L4X3-1/2X1/2X3/4SLBB,2L,,augmented
2L4X3-1/2X1/2X3/4SLBB 2L Shape,2L,,augmented
2L4X3-1/2X1/2X3/4SLBB ASTM A36,2L,,augmented
2L4X3-1/2X1/2X3/4SLBB LL Angle,2L,,augmented
LL Angle 2L4X3-1/2X1/2X3/4SLBB,2L,,augmented
2L4X3-1/2X3/8SLBB,2L,,original
2L 4X3-1/2X3/8SLBB,2L,,original
2L-4X3-1/2X3/8SLBB,2L,,augmented
2L_4X3-1/2X3/8SLBB,2L,,augmented
2L4 X 3-1/2X3/8SLBB,2L,,original
2L4X3-1/2X3/8SLBB A36,2L,,augmented
2L 4 X 3-1/2 X 3/8SLBB,2L,,original
2L Shape 2L4X3-1/2X3/8SLBB,2L,,augmented
2L Shape-2L4X3-1/2X3/8SLBB,2L,,augmented
2L4X3-1/2X3/8SLBB 2L Shape,2L,,augmented
2L4X3-1/2X3/8SLBB ASTM A36,2L,,augmented
2L4X3-1/2X3/8SLBB LL Angle,2L,,augmented
LL Angle 2L4X3-1/2X3/8SLBB,2L,,augmented
2L4X3-1/2X3/8X3/8SLBB,2L,,original
2L 4X3-1/2X3/8X3/8SLBB,2L,,original
2L-4X3-1/2X3/8X3/8SLBB,2L,,augmented
2L_4X3-1/2X3/8X3/8SLBB,2L,,augmented
2L4 X 3-1/2X3/8X3/8SLBB,2L,,original
2L4X3-1/2X3/8X3/8SLBB A36,2L,,augmented
2L 4 X 3-1/2 X 3/8 X 3/8SLBB,2L,,original
2L Shape 2L4X3-1/2X3/8X3/8SLBB,2L,,augmented
2L Shape-2L4X3-1/2X3/8X3/8SLBB,2L,,augmented
2L4X3-1/2X3/8X3/8SLBB 2L Shape,2L,,augmented
2L4X3-1/2X3/8X3/8SLBB ASTM A36,2L,,augmented
2L4X3-1/2X3/8X3/8SLBB LL Angle,2L,,augmented
LL Angle 2L4X3-1/2X3/8X3/8SLBB,2L,,augmented
2L4X3-1/2X3/8X3/4SLBB,2L,,original
2L 4X3-1/2X3/8X3/4SLBB,2L,,original
2L-4X3-1/2X3/8X3/4SLBB,2L,,augmented
2L_4X3-1/2X3/8X3/4SLBB,2L,,augmented
2L4 X 3-1/2X3/8X3/4SLBB,2L,,original
2L4X3-1/2X3/8X3/4SLBB A36,2L,,augmented
2L 4 X 3-1/2 X 3/8 X 3/4SLBB,2L,,original
2L Shape 2L4X3-1/2X3/8X3/4SLBB,2L,,augmented
2L Shape-2L4X3-1/2X3/8X3/4SLBB,2L,,augmented
2L4X3-1/2X3/8X3/4SLBB 2L Shape,2L,,augmented
2L4X3-1/2X3/8X3/4SLBB ASTM A36,2L,,augmented
2L4X3-1/2X3/8X3/4SLBB LL Angle,2L,,augmented
LL Angle 2L4X3-1/2X3/8X3/4SLBB,2L,,augmented
2L4X3-1/2X5/16SLBB,2L,,original
2L 4X3-1/2X5/16SLBB,2L,,original
2L-4X3-1/2X5/16SLBB,2L,,augmented
2L_4X3-1/2X5/16SLBB,2L,,augmented
2L4 X 3-1/2X5/16SLBB,2L,,original
2L4X3-1/2X5/16SLBB A36,2L,,augmented
2L 4 X 3-1/2 X 5/16SLBB,2L,,original
2L Shape 2L4X3-1/2X5/16SLBB,2L,,augmented
2L Shape-2L4X3-1/2X5/16SLBB,2L,,augmented
2L4X3-1/2X5/16SLBB 2L Shape,2L,,augmented
2L4X3-1/2X5/16SLBB ASTM A36,2L,,augmented
2L4X3-1/2X5/16SLBB LL Angle,2L,,augmented
LL Angle 2L4X3-1/2X5/16SLBB,2L,,augmented
2L4X3-1/2X5/16X3/8SLBB,2L,,original
2L 4X3-1/2X5/16X3/8SLBB,2L,,original
2L-4X3-1/2X5/16X3/8SLBB,2L,,augmented
2L_4X3-1/2X5/16X3/8SLBB,2L,,augmented
2L4 X 3-1/2X5/16X3/8SLBB,2L,,original
2L4X3-1/2X5/16X3/8SLBB A36,2L,,augmented
2L 4 X 3-1/2 X 5/16 X 3/8SLBB,2L,,original
2L Shape 2L4X3-1/2X5/16X3/8SLBB,2L,,augmented
2L Shape-2L4X3-1/2X5/16X3/8SLBB,2L,,augmented
2L4X3-1/2X5/16X3/8SLBB 2L Shape,2L,,augmented
2L4X3-1/2X5/16X3/8SLBB ASTM A36,2L,,augmented
2L4X3-1/2X5/16X3/8SLBB LL Angle,2L,,augmented
LL Angle 2L4X3-1/2X5/16X3/8SLBB,2L,,augmented
2L4X3-1/2X5/16X3/4SLBB,2L,,original
2L 4X3-1/2X5/16X3/4SLBB,2L,,original
2L-4X3-1/2X5/16X3/4SLBB,2L,,augmented
2L_4X3-1/2X5/16X3/4SLBB,2L,,augmented
2L4 X 3-1/2X5/16X3/4SLBB,2L,,original
2L4X3-1/2X5/16X3/4SLBB A36,2L,,augmented
2L 4 X 3-1/2 X 5/16 X 3/4SLBB,2L,,original
2L Shape 2L4X3-1/2X5/16X3/4SLBB,2L,,augmented
2L Shape-2L4X3-1/2X5/16X3/4SLBB,2L,,augmented
2L4X3-1/2X5/16X3/4SLBB 2L Shape,2L,,augmented
2L4X3-1/2X5/16X3/4SLBB ASTM A36,2L,,augmented
2L4X3-1/2X5/16X3/4SLBB LL Angle,2L,,augmented
LL Angle 2L4X3-1/2X5/16X3/4SLBB,2L,,augmented
2L4X3-1/2X1/4SLBB,2L,,original
2L 4X3-1/2X1/4SLBB,2L,,original
2L-4X3-1/2X1/4SLBB,2L,,augmented
2L_4X3-1/2X1/4SLBB,2L,,augmented
2L4 X 3-1/2X1/4SLBB,2L,,original
2L4X3-1/2X1/4SLBB A36,2L,,augmented
2L 4 X 3-1/2 X 1/4SLBB,2L,,original
2L Shape 2L4X3-1/2X1/4SLBB,2L,,augmented
2L Shape-2L4X3-1/2X1/4SLBB,2L,,augmented
2L4X3-1/2X1/4SLBB 2L Shape,2L,,augmented
2L4X3-1/2X1/4SLBB ASTM A36,2L,,augmented
2L4X3-1/2X1/4SLBB LL Angle,2L,,augmented
LL Angle 2L4X3-1/2X1/4SLBB,2L,,augmented
2L4X3-1/2X1/4X3/8SLBB,2L,,original
2L 4X3-1/2X1/4X3/8SLBB,2L,,original
2L-4X3-1/2X1/4X3/8SLBB,2L,,augmented
2L_4X3-1/2X1/4X3/8SLBB,2L,,augmented
2L4 X 3-1/2X1/4X3/8SLBB,2L,,original
2L4X3-1/2X1/4X3/8SLBB A36,2L,,augmented
2L 4 X 3-1/2 X 1/4 X 3/8SLBB,2L,,original
2L Shape 2L4X3-1/2X1/4X3/8SLBB,2L,,augmented
2L Shape-2L4X3-1/2X1/4X3/8SLBB,2L,,augmented
2L4X3-1/2X1/4X3/8SLBB 2L Shape,2L,,augmented
2L4X3-1/2X1/4X3/8SLBB ASTM A36,2L,,augmented
2L4X3-1/2X1/4X3/8SLBB LL Angle,2L,,augmented
LL Angle 2L4X3-1/2X1/4X3/8SLBB,2L,,augmented
2L4X3-1/2X1/4X3/4SLBB,2L,,original
2L 4X3-1/2X1/4X3/4SLBB,2L,,original
2L-4X3-1/2X1/4X3/4SLBB,2L,,augmented
2L_4X3-1/2X1/4X3/4SLBB,2L,,augmented
2L4 X 3-1/2X1/4X3/4SLBB,2L,,original
2L4X3-1/2X1/4X3/4SLBB A36,2L,,augmented
2L 4 X 3-1/2 X 1/4 X 3/4SLBB,2L,,original
2L Shape 2L4X3-1/2X1/4X3/4SLBB,2L,,augmented
2L Shape-2L4X3-1/2X1/4X3/4SLBB,2L,,augmented
2L4X3-1/2X1/4X3/4SLBB 2L Shape,2L,,augmented
2L4X3-1/2X1/4X3/4SLBB ASTM A36,2L,,augmented
2L4X3-1/2X1/4X3/4SLBB LL Angle,2L,,augmented
LL Angle 2L4X3-1/2X1/4X3/4SLBB,2L,,augmented
2L4X3X5/8SLBB,2L,,original
2L 4X3X5/8SLBB,2L,,original
2L-4X3X5/8SLBB,2L,,augmented
2L_4X3X5/8SLBB,2L,,augmented
2L4 X 3X5/8SLBB,2L,,original
2L4X3X5/8SLBB A36,2L,,augmented
2L 4 X 3 X 5/8SLBB,2L,,original
2L Shape 2L4X3X5/8SLBB,2L,,augmented
2L Shape-2L4X3X5/8SLBB,2L,,augmented
2L4X3X5/8SLBB 2L Shape,2L,,augmented
2L4X3X5/8SLBB ASTM A36,2L,,augmented
2L4X3X5/8SLBB LL Angle,2L,,augmented
LL Angle 2L4X3X5/8SLBB,2L,,augmented
2L4X3X5/8X3/8SLBB,2L,,original
2L 4X3X5/8X3/8SLBB,2L,,original
2L-4X3X5/8X3/8SLBB,2L,,augmented
2L_4X3X5/8X3/8SLBB,2L,,augmented
2L4 X 3X5/8X3/8SLBB,2L,,original
2L4X3X5/8X3/8SLBB A36,2L,,augmented
2L 4 X 3 X 5/8 X 3/8SLBB,2L,,original
2L Shape 2L4X3X5/8X3/8SLBB,2L,,augmented
2L Shape-2L4X3X5/8X3/8SLBB,2L,,augmented
2L4X3X5/8X3/8SLBB 2L Shape,2L,,augmented
2L4X3X5/8X3/8SLBB ASTM A36,2L,,augmented
2L4X3X5/8X3/8SLBB LL Angle,2L,,augmented
LL Angle 2L4X3X5/8X3/8SLBB,2L,,augmented
2L4X3X5/8X3/4SLBB,2L,,original
2L 4X3X5/8X3/4SLBB,2L,,original
2L-4X3X5/8X3/4SLBB,2L,,augmented
2L_4X3X5/8X3/4SLBB,2L,,augmented
2L4 X 3X5/8X3/4SLBB,2L,,original
2L4X3X5/8X3/4SLBB A36,2L,,augmented
2L 4 X 3 X 5/8 X 3/4SLBB,2L,,original
2L Shape 2L4X3X5/8X3/4SLBB,2L,,augmented
2L Shape-2L4X3X5/8X3/4SLBB,2L,,augmented
2L4X3X5/8X3/4SLBB 2L Shape,2L,,augmented
2L4X3X5/8X3/4SLBB ASTM A36,2L,,augmented
2L4X3X5/8X3/4SLBB LL Angle,2L,,augmented
LL Angle 2L4X3X5/8X3/4SLBB,2L,,augmented
2L4X3X1/2SLBB,2L,,original
2L 4X3X1/2SLBB,2L,,original
2L-4X3X1/2SLBB,2L,,augmented
2L_4X3X1/2SLBB,2L,,augmented
2L4 X 3X1/2SLBB,2L,,original
2L4X3X1/2SLBB A36,2L,,augmented
2L 4 X 3 X 1/2SLBB,2L,,original
2L Shape 2L4X3X1/2SLBB,2L,,augmented
2L Shape-2L4X3X1/2SLBB,2L,,augmented
2L4X3X1/2SLBB 2L Shape,2L,,augmented
2L4X3X1/2SLBB ASTM A36,2L,,augmented
2L4X3X1/2SLBB LL Angle,2L,,augmented
LL Angle 2L4X3X1/2SLBB,2L,,augmented
2L4X3X1/2X3/8SLBB,2L,,original
2L 4X3X1/2X3/8SLBB,2L,,original
2L-4X3X1/2X3/8SLBB,2L,,augmented
2L_4X3X1/2X3/8SLBB,2L,,augmented
2L4 X 3X1/2X3/8SLBB,2L,,original
2L4X3X1/2X3/8SLBB A36,2L,,augmented
2L 4 X 3 X 1/2 X 3/8SLBB,2L,,original
2L Shape 2L4X3X1/2X3/8SLBB,2L,,augmented
2L Shape-2L4X3X1/2X3/8SLBB,2L,,augmented
2L4X3X1/2X3/8SLBB 2L Shape,2L,,augmented
2L4X3X1/2X3/8SLBB ASTM A36,2L,,augmented
2L4X3X1/2X3/8SLBB LL Angle,2L,,augmented
LL Angle 2L4X3X1/2X3/8SLBB,2L,,augmented
2L4X3X1/2X3/4SLBB,2L,,original
2L 4X3X1/2X3/4SLBB,2L,,original
2L-4X3X1/2X3/4SLBB,2L,,augmented
2L_4X3X1/2X3/4SLBB,2L,,augmented
2L4 X 3X1/2X3/4SLBB,2L,,original
2L4X3X1/2X3/4SLBB A36,2L,,augmented
2L 4 X 3 X 1/2 X 3/4SLBB,2L,,original
2L Shape 2L4X3X1/2X3/4SLBB,2L,,augmented
2L Shape-2L4X3X1/2X3/4SLBB,2L,,augmented
2L4X3X1/2X3/4SLBB 2L Shape,2L,,augmented
2L4X3X1/2X3/4SLBB ASTM A36,2L,,augmented
2L4X3X1/2X3/4SLBB LL Angle,2L,,augmented
LL Angle 2L4X3X1/2X3/4SLBB,2L,,augmented
2L4X3X3/8SLBB,2L,,original
2L 4X3X3/8SLBB,2L,,original
2L-4X3X3/8SLBB,2L,,augmented
2L_4X3X3/8SLBB,2L,,augmented
2L4 X 3X3/8SLBB,2L,,original
2L4X3X3/8SLBB A36,2L,,augmented
2L 4 X 3 X 3/8SLBB,2L,,original
2L Shape 2L4X3X3/8SLBB,2L,,augmented
2L Shape-2L4X3X3/8SLBB,2L,,augmented
2L4X3X3/8SLBB 2L Shape,2L,,augmented
2L4X3X3/8SLBB ASTM A36,2L,,augmented
2L4X3X3/8SLBB LL Angle,2L,,augmented
LL Angle 2L4X3X3/8SLBB,2L,,augmented
2L4X3X3/8X3/8SLBB,2L,,original
2L 4X3X3/8X3/8SLBB,2L,,original
2L-4X3X3/8X3/8SLBB,2L,,augmented
2L_4X3X3/8X3/8SLBB,2L,,augmented
2L4 X 3X3/8X3/8SLBB,2L,,original
2L4X3X3/8X3/8SLBB A36,2L,,augmented
2L 4 X 3 X 3/8 X 3/8SLBB,2L,,original
2L Shape 2L4X3X3/8X3/8SLBB,2L,,augmented
2L Shape-2L4X3X3/8X3/8SLBB,2L,,augmented
2L4X3X3/8X3/8SLBB 2L Shape,2L,,augmented
2L4X3X3/8X3/8SLBB ASTM A36,2L,,augmented
2L4X3X3/8X3/8SLBB LL Angle,2L,,augmented
LL Angle 2L4X3X3/8X3/8SLBB,2L,,augmented
2L4X3X3/8X3/4SLBB,2L,,original
2L 4X3X3/8X3/4SLBB,2L,,original
2L-4X3X3/8X3/4SLBB,2L,,augmented
2L_4X3X3/8X3/4SLBB,2L,,augmented
2L4 X 3X3/8X3/4SLBB,2L,,original
2L4X3X3/8X3/4SLBB A36,2L,,augmented
2L 4 X 3 X 3/8 X 3/4SLBB,2L,,original
2L Shape 2L4X3X3/8X3/4SLBB,2L,,augmented
2L Shape-2L4X3X3/8X3/4SLBB,2L,,augmented
2L4X3X3/8X3/4SLBB 2L Shape,2L,,augmented
2L4X3X3/8X3/4SLBB ASTM A36,2L,,augmented
2L4X3X3/8X3/4SLBB LL Angle,2L,,augmented
LL Angle 2L4X3X3/8X3/4SLBB,2L,,augmented
2L4X3X5/16SLBB,2L,,original
2L 4X3X5/16SLBB,2L,,original
2L-4X3X5/16SLBB,2L,,augmented
2L_4X3X5/16SLBB,2L,,augmented
2L4 X 3X5/16SLBB,2L,,original
2L4X3X5/16SLBB A36,2L,,augmented
2L 4 X 3 X 5/16SLBB,2L,,original
2L Shape 2L4X3X5/16SLBB,2L,,augmented
2L Shape-2L4X3X5/16SLBB,2L,,augmented
2L4X3X5/16SLBB 2L Shape,2L,,augmented
2L4X3X5/16SLBB ASTM A36,2L,,augmented
2L4X3X5/16SLBB LL Angle,2L,,augmented
LL Angle 2L4X3X5/16SLBB,2L,,augmented
2L4X3X5/16X3/8SLBB,2L,,original
2L 4X3X5/16X3/8SLBB,2L,,original
2L-4X3X5/16X3/8SLBB,2L,,augmented
2L_4X3X5/16X3/8SLBB,2L,,augmented
2L4 X 3X5/16X3/8SLBB,2L,,original
2L4X3X5/16X3/8SLBB A36,2L,,augmented
2L 4 X 3 X 5/16 X 3/8SLBB,2L,,original
2L Shape 2L4X3X5/16X3/8SLBB,2L,,augmented
2L Shape-2L4X3X5/16X3/8SLBB,2L,,augmented
2L4X3X5/16X3/8SLBB 2L Shape,2L,,augmented
2L4X3X5/16X3/8SLBB ASTM A36,2L,,augmented
2L4X3X5/16X3/8SLBB LL Angle,2L,,augmented
LL Angle 2L4X3X5/16X3/8SLBB,2L,,augmented
2L4X3X5/16X3/4SLBB,2L,,original
2L 4X3X5/16X3/4SLBB,2L,,original
2L-4X3X5/16X3/4SLBB,2L,,augmented
2L_4X3X5/16X3/4SLBB,2L,,augmented
2L4 X 3X5/16X3/4SLBB,2L,,original
2L4X3X5/16X3/4SLBB A36,2L,,augmented
2L 4 X 3 X 5/16 X 3/4SLBB,2L,,original
2L Shape 2L4X3X5/16X3/4SLBB,2L,,augmented
2L Shape-2L4X3X5/16X3/4SLBB,2L,,augmented
2L4X3X5/16X3/4SLBB 2L Shape,2L,,augmented
2L4X3X5/16X3/4SLBB ASTM A36,2L,,augmented
2L4X3X5/16X3/4SLBB LL Angle,2L,,augmented
LL Angle 2L4X3X5/16X3/4SLBB,2L,,augmented
2L4X3X1/4SLBB,2L,,original
2L 4X3X1/4SLBB,2L,,original
2L-4X3X1/4SLBB,2L,,augmented
2L_4X3X1/4SLBB,2L,,augmented
2L4 X 3X1/4SLBB,2L,,original
2L4X3X1/4SLBB A36,2L,,augmented
2L 4 X 3 X 1/4SLBB,2L,,original
2L Shape 2L4X3X1/4SLBB,2L,,augmented
2L Shape-2L4X3X1/4SLBB,2L,,augmented
2L4X3X1/4SLBB 2L Shape,2L,,augmented
2L4X3X1/4SLBB ASTM A36,2L,,augmented
2L4X3X1/4SLBB LL Angle,2L,,augmented
LL Angle 2L4X3X1/4SLBB,2L,,augmented
2L4X3X1/4X3/8SLBB,2L,,original
2L 4X3X1/4X3/8SLBB,2L,,original
2L-4X3X1/4X3/8SLBB,2L,,augmented
2L_4X3X1/4X3/8SLBB,2L,,augmented
2L4 X 3X1/4X3/8SLBB,2L,,original
2L4X3X1/4X3/8SLBB A36,2L,,augmented
2L 4 X 3 X 1/4 X 3/8SLBB,2L,,original
2L Shape 2L4X3X1/4X3/8SLBB,2L,,augmented
2L Shape-2L4X3X1/4X3/8SLBB,2L,,augmented
2L4X3X1/4X3/8SLBB 2L Shape,2L,,augmented
2L4X3X1/4X3/8SLBB ASTM A36,2L,,augmented
2L4X3X1/4X3/8SLBB LL Angle,2L,,augmented
LL Angle 2L4X3X1/4X3/8SLBB,2L,,augmented
2L4X3X1/4X3/4SLBB,2L,,original
2L 4X3X1/4X3/4SLBB,2L,,original
2L-4X3X1/4X3/4SLBB,2L,,augmented
2L_4X3X1/4X3/4SLBB,2L,,augmented
2L4 X 3X1/4X3/4SLBB,2L,,original
2L4X3X1/4X3/4SLBB A36,2L,,augmented
2L 4 X 3 X 1/4 X 3/4SLBB,2L,,original
2L Shape 2L4X3X1/4X3/4SLBB,2L,,augmented
2L Shape-2L4X3X1/4X3/4SLBB,2L,,augmented
2L4X3X1/4X3/4SLBB 2L Shape,2L,,augmented
2L4X3X1/4X3/4SLBB ASTM A36,2L,,augmented
2L4X3X1/4X3/4SLBB LL Angle,2L,,augmented
LL Angle 2L4X3X1/4X3/4SLBB,2L,,augmented
2L3-1/2X3X1/2SLBB,2L,,original
2L 3-1/2X3X1/2SLBB,2L,,original
2L-3-1/2X3X1/2SLBB,2L,,augmented
2L_3-1/2X3X1/2SLBB,2L,,augmented
2L3-1/2 X 3X1/2SLBB,2L,,original
2L3-1/2X3X1/2SLBB A36,2L,,augmented
2L 3-1/2 X 3 X 1/2SLBB,2L,,original
2L Shape 2L3-1/2X3X1/2SLBB,2L,,augmented
2L Shape-2L3-1/2X3X1/2SLBB,2L,,augmented
2L3-1/2X3X1/2SLBB 2L Shape,2L,,augmented
2L3-1/2X3X1/2SLBB ASTM A36,2L,,augmented
2L3-1/2X3X1/2SLBB LL Angle,2L,,augmented
LL Angle 2L3-1/2X3X1/2SLBB,2L,,augmented
2L3-1/2X3X1/2X3/8SLBB,2L,,original
2L 3-1/2X3X1/2X3/8SLBB,2L,,original
2L-3-1/2X3X1/2X3/8SLBB,2L,,augmented
2L_3-1/2X3X1/2X3/8SLBB,2L,,augmented
2L3-1/2 X 3X1/2X3/8SLBB,2L,,original
2L3-1/2X3X1/2X3/8SLBB A36,2L,,augmented
2L 3-1/2 X 3 X 1/2 X 3/8SLBB,2L,,original
2L Shape 2L3-1/2X3X1/2X3/8SLBB,2L,,augmented
2L Shape-2L3-1/2X3X1/2X3/8SLBB,2L,,augmented
2L3-1/2X3X1/2X3/8SLBB 2L Shape,2L,,augmented
2L3-1/2X3X1/2X3/8SLBB ASTM A36,2L,,augmented
2L3-1/2X3X1/2X3/8SLBB LL Angle,2L,,augmented
LL Angle 2L3-1/2X3X1/2X3/8SLBB,2L,,augmented
2L3-1/2X3X1/2X3/4SLBB,2L,,original
2L 3-1/2X3X1/2X3/4SLBB,2L,,original
2L-3-1/2X3X1/2X3/4SLBB,2L,,augmented
2L_3-1/2X3X1/2X3/4SLBB,2L,,augmented
2L3-1/2 X 3X1/2X3/4SLBB,2L,,original
2L3-1/2X3X1/2X3/4SLBB A36,2L,,augmented
2L 3-1/2 X 3 X 1/2 X 3/4SLBB,2L,,original
2L Shape 2L3-1/2X3X1/2X3/4SLBB,2L,,augmented
2L Shape-2L3-1/2X3X1/2X3/4SLBB,2L,,augmented
2L3-1/2X3X1/2X3/4SLBB 2L Shape,2L,,augmented
2L3-1/2X3X1/2X3/4SLBB ASTM A36,2L,,augmented
2L3-1/2X3X1/2X3/4SLBB LL Angle,2L,,augmented
LL Angle 2L3-1/2X3X1/2X3/4SLBB,2L,,augmented
2L3-1/2X3X7/16SLBB,2L,,original
2L 3-1/2X3X7/16SLBB,2L,,original
2L-3-1/2X3X7/16SLBB,2L,,augmented
2L_3-1/2X3X7/16SLBB,2L,,augmented
2L3-1/2 X 3X7/16SLBB,2L,,original
2L3-1/2X3X7/16SLBB A36,2L,,augmented
2L 3-1/2 X 3 X 7/16SLBB,2L,,original
2L Shape 2L3-1/2X3X7/16SLBB,2L,,augmented
2L Shape-2L3-1/2X3X7/16SLBB,2L,,augmented
2L3-1/2X3X7/16SLBB 2L Shape,2L,,augmented
2L3-1/2X3X7/16SLBB ASTM A36,2L,,augmented
2L3-1/2X3X7/16SLBB LL Angle,2L,,augmented
LL Angle 2L3-1/2X3X7/16SLBB,2L,,augmented
2L3-1/2X3X7/16X3/8SLBB,2L,,original
2L 3-1/2X3X7/16X3/8SLBB,2L,,original
2L-3-1/2X3X7/16X3/8SLBB,2L,,augmented
2L_3-1/2X3X7/16X3/8SLBB,2L,,augmented
2L3-1/2 X 3X7/16X3/8SLBB,2L,,original
2L3-1/2X3X7/16X3/8SLBB A36,2L,,augmented
2L 3-1/2 X 3 X 7/16 X 3/8SLBB,2L,,original
2L Shape 2L3-1/2X3X7/16X3/8SLBB,2L,,augmented
2L Shape-2L3-1/2X3X7/16X3/8SLBB,2L,,augmented
2L3-1/2X3X7/16X3/8SLBB 2L Shape,2L,,augmented
2L3-1/2X3X7/16X3/8SLBB ASTM A36,2L,,augmented
2L3-1/2X3X7/16X3/8SLBB LL Angle,2L,,augmented
LL Angle 2L3-1/2X3X7/16X3/8SLBB,2L,,augmented
2L3-1/2X3X7/16X3/4SLBB,2L,,original
2L 3-1/2X3X7/16X3/4SLBB,2L,,original
2L-3-1/2X3X7/16X3/4SLBB,2L,,augmented
2L_3-1/2X3X7/16X3/4SLBB,2L,,augmented
2L3-1/2 X 3X7/16X3/4SLBB,2L,,original
2L3-1/2X3X7/16X3/4SLBB A36,2L,,augmented
2L 3-1/2 X 3 X 7/16 X 3/4SLBB,2L,,original
2L Shape 2L3-1/2X3X7/16X3/4SLBB,2L,,augmented
2L Shape-2L3-1/2X3X7/16X3/4SLBB,2L,,augmented
2L3-1/2X3X7/16X3/4SLBB 2L Shape,2L,,augmented
2L3-1/2X3X7/16X3/4SLBB ASTM A36,2L,,augmented
2L3-1/2X3X7/16X3/4SLBB LL Angle,2L,,augmented
LL Angle 2L3-1/2X3X7/16X3/4SLBB,2L,,augmented
2L3-1/2X3X3/8SLBB,2L,,original
2L 3-1/2X3X3/8SLBB,2L,,original
2L-3-1/2X3X3/8SLBB,2L,,augmented
2L_3-1/2X3X3/8SLBB,2L,,augmented
2L3-1/2 X 3X3/8SLBB,2L,,original
2L3-1/2X3X3/8SLBB A36,2L,,augmented
2L 3-1/2 X 3 X 3/8SLBB,2L,,original
2L Shape 2L3-1/2X3X3/8SLBB,2L,,augmented
2L Shape-2L3-1/2X3X3/8SLBB,2L,,augmented
2L3-1/2X3X3/8SLBB 2L Shape,2L,,augmented
2L3-1/2X3X3/8SLBB ASTM A36,2L,,augmented
2L3-1/2X3X3/8SLBB LL Angle,2L,,augmented
LL Angle 2L3-1/2X3X3/8SLBB,2L,,augmented
2L3-1/2X3X3/8X3/8SLBB,2L,,original
2L 3-1/2X3X3/8X3/8SLBB,2L,,original
2L-3-1/2X3X3/8X3/8SLBB,2L,,augmented
2L_3-1/2X3X3/8X3/8SLBB,2L,,augmented
2L3-1/2 X 3X3/8X3/8SLBB,2L,,original
2L3-1/2X3X3/8X3/8SLBB A36,2L,,augmented
2L 3-1/2 X 3 X 3/8 X 3/8SLBB,2L,,original
2L Shape 2L3-1/2X3X3/8X3/8SLBB,2L,,augmented
2L Shape-2L3-1/2X3X3/8X3/8SLBB,2L,,augmented
2L3-1/2X3X3/8X3/8SLBB 2L Shape,2L,,augmented
2L3-1/2X3X3/8X3/8SLBB ASTM A36,2L,,augmented
2L3-1/2X3X3/8X3/8SLBB LL Angle,2L,,augmented
LL Angle 2L3-1/2X3X3/8X3/8SLBB,2L,,augmented
2L3-1/2X3X3/8X3/4SLBB,2L,,original
2L 3-1/2X3X3/8X3/4SLBB,2L,,original
2L-3-1/2X3X3/8X3/4SLBB,2L,,augmented
2L_3-1/2X3X3/8X3/4SLBB,2L,,augmented
2L3-1/2 X 3X3/8X3/4SLBB,2L,,original
2L3-1/2X3X3/8X3/4SLBB A36,2L,,augmented
2L 3-1/2 X 3 X 3/8 X 3/4SLBB,2L,,original
2L Shape 2L3-1/2X3X3/8X3/4SLBB,2L,,augmented
2L Shape-2L3-1/2X3X3/8X3/4SLBB,2L,,augmented
2L3-1/2X3X3/8X3/4SLBB 2L Shape,2L,,augmented
2L3-1/2X3X3/8X3/4SLBB ASTM A36,2L,,augmented
2L3-1/2X3X3/8X3/4SLBB LL Angle,2L,,augmented
LL Angle 2L3-1/2X3X3/8X3/4SLBB,2L,,augmented
2L3-1/2X3X5/16SLBB,2L,,original
2L 3-1/2X3X5/16SLBB,2L,,original
2L-3-1/2X3X5/16SLBB,2L,,augmented
2L_3-1/2X3X5/16SLBB,2L,,augmented
2L3-1/2 X 3X5/16SLBB,2L,,original
2L3-1/2X3X5/16SLBB A36,2L,,augmented
2L 3-1/2 X 3 X 5/16SLBB,2L,,original
2L Shape 2L3-1/2X3X5/16SLBB,2L,,augmented
2L Shape-2L3-1/2X3X5/16SLBB,2L,,augmented
2L3-1/2X3X5/16SLBB 2L Shape,2L,,augmented
2L3-1/2X3X5/16SLBB ASTM A36,2L,,augmented
2L3-1/2X3X5/16SLBB LL Angle,2L,,augmented
LL Angle 2L3-1/2X3X5/16SLBB,2L,,augmented
2L3-1/2X3X5/16X3/8SLBB,2L,,original
2L 3-1/2X3X5/16X3/8SLBB,2L,,original
2L-3-1/2X3X5/16X3/8SLBB,2L,,augmented
2L_3-1/2X3X5/16X3/8SLBB,2L,,augmented
2L3-1/2 X 3X5/16X3/8SLBB,2L,,original
2L3-1/2X3X5/16X3/8SLBB A36,2L,,augmented
2L 3-1/2 X 3 X 5/16 X 3/8SLBB,2L,,original
2L Shape 2L3-1/2X3X5/16X3/8SLBB,2L,,augmented
2L Shape-2L3-1/2X3X5/16X3/8SLBB,2L,,augmented
2L3-1/2X3X5/16X3/8SLBB 2L Shape,2L,,augmented
2L3-1/2X3X5/16X3/8SLBB ASTM A36,2L,,augmented
2L3-1/2X3X5/16X3/8SLBB LL Angle,2L,,augmented
LL Angle 2L3-1/2X3X5/16X3/8SLBB,2L,,augmented
2L3-1/2X3X5/16X3/4SLBB,2L,,original
2L 3-1/2X3X5/16X3/4SLBB,2L,,original
2L-3-1/2X3X5/16X3/4SLBB,2L,,augmented
2L_3-1/2X3X5/16X3/4SLBB,2L,,augmented
2L3-1/2 X 3X5/16X3/4SLBB,2L,,original
2L3-1/2X3X5/16X3/4SLBB A36,2L,,augmented
2L 3-1/2 X 3 X 5/16 X 3/4SLBB,2L,,original
2L Shape 2L3-1/2X3X5/16X3/4SLBB,2L,,augmented
2L Shape-2L3-1/2X3X5/16X3/4SLBB,2L,,augmented
2L3-1/2X3X5/16X3/4SLBB 2L Shape,2L,,augmented
2L3-1/2X3X5/16X3/4SLBB ASTM A36,2L,,augmented
2L3-1/2X3X5/16X3/4SLBB LL Angle,2L,,augmented
LL Angle 2L3-1/2X3X5/16X3/4SLBB,2L,,augmented
2L3-1/2X3X1/4SLBB,2L,,original
2L 3-1/2X3X1/4SLBB,2L,,original
2L-3-1/2X3X1/4SLBB,2L,,augmented
2L_3-1/2X3X1/4SLBB,2L,,augmented
2L3-1/2 X 3X1/4SLBB,2L,,original
2L3-1/2X3X1/4SLBB A36,2L,,augmented
2L 3-1/2 X 3 X 1/4SLBB,2L,,original
2L Shape 2L3-1/2X3X1/4SLBB,2L,,augmented
2L Shape-2L3-1/2X3X1/4SLBB,2L,,augmented
2L3-1/2X3X1/4SLBB 2L Shape,2L,,augmented
2L3-1/2X3X1/4SLBB ASTM A36,2L,,augmented
2L3-1/2X3X1/4SLBB LL Angle,2L,,augmented
LL Angle 2L3-1/2X3X1/4SLBB,2L,,augmented
2L3-1/2X3X1/4X3/8SLBB,2L,,original
2L 3-1/2X3X1/4X3/8SLBB,2L,,original
2L-3-1/2X3X1/4X3/8SLBB,2L,,augmented
2L_3-1/2X3X1/4X3/8SLBB,2L,,augmented
2L3-1/2 X 3X1/4X3/8SLBB,2L,,original
2L3-1/2X3X1/4X3/8SLBB A36,2L,,augmented
2L 3-1/2 X 3 X 1/4 X 3/8SLBB,2L,,original
2L Shape 2L3-1/2X3X1/4X3/8SLBB,2L,,augmented
2L Shape-2L3-1/2X3X1/4X3/8SLBB,2L,,augmented
2L3-1/2X3X1/4X3/8SLBB 2L Shape,2L,,augmented
2L3-1/2X3X1/4X3/8SLBB ASTM A36,2L,,augmented
2L3-1/2X3X1/4X3/8SLBB LL Angle,2L,,augmented
LL Angle 2L3-1/2X3X1/4X3/8SLBB,2L,,augmented
2L3-1/2X3X1/4X3/4SLBB,2L,,original
2L 3-1/2X3X1/4X3/4SLBB,2L,,original
2L-3-1/2X3X1/4X3/4SLBB,2L,,augmented
2L_3-1/2X3X1/4X3/4SLBB,2L,,augmented
2L3-1/2 X 3X1/4X3/4SLBB,2L,,original
2L3-1/2X3X1/4X3/4SLBB A36,2L,,augmented
2L 3-1/2 X 3 X 1/4 X 3/4SLBB,2L,,original
2L Shape 2L3-1/2X3X1/4X3/4SLBB,2L,,augmented
2L Shape-2L3-1/2X3X1/4X3/4SLBB,2L,,augmented
2L3-1/2X3X1/4X3/4SLBB 2L Shape,2L,,augmented
2L3-1/2X3X1/4X3/4SLBB ASTM A36,2L,,augmented
2L3-1/2X3X1/4X3/4SLBB LL Angle,2L,,augmented
LL Angle 2L3-1/2X3X1/4X3/4SLBB,2L,,augmented
2L3-1/2X2-1/2X1/2SLBB,2L,,original
2L 3-1/2X2-1/2X1/2SLBB,2L,,original
2L-3-1/2X2-1/2X1/2SLBB,2L,,augmented
2L_3-1/2X2-1/2X1/2SLBB,2L,,augmented
2L3-1/2 X 2-1/2X1/2SLBB,2L,,original
2L3-1/2X2-1/2X1/2SLBB A36,2L,,augmented
2L 3-1/2 X 2-1/2 X 1/2SLBB,2L,,original
2L Shape 2L3-1/2X2-1/2X1/2SLBB,2L,,augmented
2L Shape-2L3-1/2X2-1/2X1/2SLBB,2L,,augmented
2L3-1/2X2-1/2X1/2SLBB 2L Shape,2L,,augmented
2L3-1/2X2-1/2X1/2SLBB ASTM A36,2L,,augmented
2L3-1/2X2-1/2X1/2SLBB LL Angle,2L,,augmented
LL Angle 2L3-1/2X2-1/2X1/2SLBB,2L,,augmented
2L3-1/2X2-1/2X1/2X3/8SLBB,2L,,original
2L 3-1/2X2-1/2X1/2X3/8SLBB,2L,,original
2L-3-1/2X2-1/2X1/2X3/8SLBB,2L,,augmented
2L_3-1/2X2-1/2X1/2X3/8SLBB,2L,,augmented
2L3-1/2 X 2-1/2X1/2X3/8SLBB,2L,,original
2L3-1/2X2-1/2X1/2X3/8SLBB A36,2L,,augmented
2L 3-1/2 X 2-1/2 X 1/2 X 3/8SLBB,2L,,original
2L Shape 2L3-1/2X2-1/2X1/2X3/8SLBB,2L,,augmented
2L Shape-2L3-1/2X2-1/2X1/2X3/8SLBB,2L,,augmented
2L3-1/2X2-1/2X1/2X3/8SLBB 2L Shape,2L,,augmented
2L3-1/2X2-1/2X1/2X3/8SLBB ASTM A36,2L,,augmented
2L3-1/2X2-1/2X1/2X3/8SLBB LL Angle,2L,,augmented
LL Angle 2L3-1/2X2-1/2X1/2X3/8SLBB,2L,,augmented
2L3-1/2X2-1/2X1/2X3/4SLBB,2L,,original
2L 3-1/2X2-1/2X1/2X3/4SLBB,2L,,original
2L-3-1/2X2-1/2X1/2X3/4SLBB,2L,,augmented
2L_3-1/2X2-1/2X1/2X3/4SLBB,2L,,augmented
2L3-1/2 X 2-1/2X1/2X3/4SLBB,2L,,original
2L3-1/2X2-1/2X1/2X3/4SLBB A36,2L,,augmented
2L 3-1/2 X 2-1/2 X 1/2 X 3/4SLBB,2L,,original
2L Shape 2L3-1/2X2-1/2X1/2X3/4SLBB,2L,,augmented
2L Shape-2L3-1/2X2-1/2X1/2X3/4SLBB,2L,,augmented
2L3-1/2X2-1/2X1/2X3/4SLBB 2L Shape,2L,,augmented
2L3-1/2X2-1/2X1/2X3/4SLBB ASTM A36,2L,,augmented
2L3-1/2X2-1/2X1/2X3/4SLBB LL Angle,2L,,augmented
LL Angle 2L3-1/2X2-1/2X1/2X3/4SLBB,2L,,augmented
2L3-1/2X2-1/2X3/8SLBB,2L,,original
2L 3-1/2X2-1/2X3/8SLBB,2L,,original
2L-3-1/2X2-1/2X3/8SLBB,2L,,augmented
2L_3-1/2X2-1/2X3/8SLBB,2L,,augmented
2L3-1/2 X 2-1/2X3/8SLBB,2L,,original
2L3-1/2X2-1/2X3/8SLBB A36,2L,,augmented
2L 3-1/2 X 2-1/2 X 3/8SLBB,2L,,original
2L Shape 2L3-1/2X2-1/2X3/8SLBB,2L,,augmented
2L Shape-2L3-1/2X2-1/2X3/8SLBB,2L,,augmented
2L3-1/2X2-1/2X3/8SLBB 2L Shape,2L,,augmented
2L3-1/2X2-1/2X3/8SLBB ASTM A36,2L,,augmented
2L3-1/2X2-1/2X3/8SLBB LL Angle,2L,,augmented
LL Angle 2L3-1/2X2-1/2X3/8SLBB,2L,,augmented
2L3-1/2X2-1/2X3/8X3/8SLBB,2L,,original
2L 3-1/2X2-1/2X3/8X3/8SLBB,2L,,original
2L-3-1/2X2-1/2X3/8X3/8SLBB,2L,,augmented
2L_3-1/2X2-1/2X3/8X3/8SLBB,2L,,augmented
2L3-1/2 X 2-1/2X3/8X3/8SLBB,2L,,original
2L3-1/2X2-1/2X3/8X3/8SLBB A36,2L,,augmented
2L 3-1/2 X 2-1/2 X 3/8 X 3/8SLBB,2L,,original
2L Shape 2L3-1/2X2-1/2X3/8X3/8SLBB,2L,,augmented
2L Shape-2L3-1/2X2-1/2X3/8X3/8SLBB,2L,,augmented
2L3-1/2X2-1/2X3/8X3/8SLBB 2L Shape,2L,,augmented
2L3-1/2X2-1/2X3/8X3/8SLBB ASTM A36,2L,,augmented
2L3-1/2X2-1/2X3/8X3/8SLBB LL Angle,2L,,augmented
LL Angle 2L3-1/2X2-1/2X3/8X3/8SLBB,2L,,augmented
2L3-1/2X2-1/2X3/8X3/4SLBB,2L,,original
2L 3-1/2X2-1/2X3/8X3/4SLBB,2L,,original
2L-3-1/2X2-1/2X3/8X3/4SLBB,2L,,augmented
2L_3-1/2X2-1/2X3/8X3/4SLBB,2L,,augmented
2L3-1/2 X 2-1/2X3/8X3/4SLBB,2L,,original
2L3-1/2X2-1/2X3/8X3/4SLBB A36,2L,,augmented
2L 3-1/2 X 2-1/2 X 3/8 X 3/4SLBB,2L,,original
2L Shape 2L3-1/2X2-1/2X3/8X3/4SLBB,2L,,augmented
2L Shape-2L3-1/2X2-1/2X3/8X3/4SLBB,2L,,augmented
2L3-1/2X2-1/2X3/8X3/4SLBB 2L Shape,2L,,augmented
2L3-1/2X2-1/2X3/8X3/4SLBB ASTM A36,2L,,augmented
2L3-1/2X2-1/2X3/8X3/4SLBB LL Angle,2L,,augmented
LL Angle 2L3-1/2X2-1/2X3/8X3/4SLBB,2L,,augmented
2L3-1/2X2-1/2X5/16SLBB,2L,,original
2L 3-1/2X2-1/2X5/16SLBB,2L,,original
2L-3-1/2X2-1/2X5/16SLBB,2L,,augmented
2L_3-1/2X2-1/2X5/16SLBB,2L,,augmented
2L3-1/2 X 2-1/2X5/16SLBB,2L,,original
2L3-1/2X2-1/2X5/16SLBB A36,2L,,augmented
2L 3-1/2 X 2-1/2 X 5/16SLBB,2L,,original
2L Shape 2L3-1/2X2-1/2X5/16SLBB,2L,,augmented
2L Shape-2L3-1/2X2-1/2X5/16SLBB,2L,,augmented
2L3-1/2X2-1/2X5/16SLBB 2L Shape,2L,,augmented
2L3-1/2X2-1/2X5/16SLBB ASTM A36,2L,,augmented
2L3-1/2X2-1/2X5/16SLBB LL Angle,2L,,augmented
LL Angle 2L3-1/2X2-1/2X5/16SLBB,2L,,augmented
2L3-1/2X2-1/2X5/16X3/8SLBB,2L,,original
2L 3-1/2X2-1/2X5/16X3/8SLBB,2L,,original
2L-3-1/2X2-1/2X5/16X3/8SLBB,2L,,augmented
2L_3-1/2X2-1/2X5/16X3/8SLBB,2L,,augmented
2L3-1/2 X 2-1/2X5/16X3/8SLBB,2L,,original
2L3-1/2X2-1/2X5/16X3/8SLBB A36,2L,,augmented
2L 3-1/2 X 2-1/2 X 5/16 X 3/8SLBB,2L,,original
2L Shape 2L3-1/2X2-1/2X5/16X3/8SLBB,2L,,augmented
2L Shape-2L3-1/2X2-1/2X5/16X3/8SLBB,2L,,augmented
2L3-1/2X2-1/2X5/16X3/8SLBB 2L Shape,2L,,augmented
2L3-1/2X2-1/2X5/16X3/8SLBB ASTM A36,2L,,augmented
2L3-1/2X2-1/2X5/16X3/8SLBB LL Angle,2L,,augmented
LL Angle 2L3-1/2X2-1/2X5/16X3/8SLBB,2L,,augmented
2L3-1/2X2-1/2X5/16X3/4SLBB,2L,,original
2L 3-1/2X2-1/2X5/16X3/4SLBB,2L,,original
2L-3-1/2X2-1/2X5/16X3/4SLBB,2L,,augmented
2L_3-1/2X2-1/2X5/16X3/4SLBB,2L,,augmented
2L3-1/2 X 2-1/2X5/16X3/4SLBB,2L,,original
2L3-1/2X2-1/2X5/16X3/4SLBB A36,2L,,augmented
2L 3-1/2 X 2-1/2 X 5/16 X 3/4SLBB,2L,,original
2L Shape 2L3-1/2X2-1/2X5/16X3/4SLBB,2L,,augmented
2L Shape-2L3-1/2X2-1/2X5/16X3/4SLBB,2L,,augmented
2L3-1/2X2-1/2X5/16X3/4SLBB 2L Shape,2L,,augmented
2L3-1/2X2-1/2X5/16X3/4SLBB ASTM A36,2L,,augmented
2L3-1/2X2-1/2X5/16X3/4SLBB LL Angle,2L,,augmented
LL Angle 2L3-1/2X2-1/2X5/16X3/4SLBB,2L,,augmented
2L3-1/2X2-1/2X1/4SLBB,2L,,original
2L 3-1/2X2-1/2X1/4SLBB,2L,,original
2L-3-1/2X2-1/2X1/4SLBB,2L,,augmented
2L_3-1/2X2-1/2X1/4SLBB,2L,,augmented
2L3-1/2 X 2-1/2X1/4SLBB,2L,,original
2L3-1/2X2-1/2X1/4SLBB A36,2L,,augmented
2L 3-1/2 X 2-1/2 X 1/4SLBB,2L,,original
2L Shape 2L3-1/2X2-1/2X1/4SLBB,2L,,augmented
2L Shape-2L3-1/2X2-1/2X1/4SLBB,2L,,augmented
2L3-1/2X2-1/2X1/4SLBB 2L Shape,2L,,augmented
2L3-1/2X2-1/2X1/4SLBB ASTM A36,2L,,augmented
2L3-1/2X2-1/2X1/4SLBB LL Angle,2L,,augmented
LL Angle 2L3-1/2X2-1/2X1/4SLBB,2L,,augmented
2L3-1/2X2-1/2X1/4X3/8SLBB,2L,,original
2L 3-1/2X2-1/2X1/4X3/8SLBB,2L,,original
2L-3-1/2X2-1/2X1/4X3/8SLBB,2L,,augmented
2L_3-1/2X2-1/2X1/4X3/8SLBB,2L,,augmented
2L3-1/2 X 2-1/2X1/4X3/8SLBB,2L,,original
2L3-1/2X2-1/2X1/4X3/8SLBB A36,2L,,augmented
2L 3-1/2 X 2-1/2 X 1/4 X 3/8SLBB,2L,,original
2L Shape 2L3-1/2X2-1/2X1/4X3/8SLBB,2L,,augmented
2L Shape-2L3-1/2X2-1/2X1/4X3/8SLBB,2L,,augmented
2L3-1/2X2-1/2X1/4X3/8SLBB 2L Shape,2L,,augmented
2L3-1/2X2-1/2X1/4X3/8SLBB ASTM A36,2L,,augmented
2L3-1/2X2-1/2X1/4X3/8SLBB LL Angle,2L,,augmented
LL Angle 2L3-1/2X2-1/2X1/4X3/8SLBB,2L,,augmented
2L3-1/2X2-1/2X1/4X3/4SLBB,2L,,original
2L 3-1/2X2-1/2X1/4X3/4SLBB,2L,,original
2L-3-1/2X2-1/2X1/4X3/4SLBB,2L,,augmented
2L_3-1/2X2-1/2X1/4X3/4SLBB,2L,,augmented
2L3-1/2 X 2-1/2X1/4X3/4SLBB,2L,,original
2L3-1/2X2-1/2X1/4X3/4SLBB A36,2L,,augmented
2L 3-1/2 X 2-1/2 X 1/4 X 3/4SLBB,2L,,original
2L Shape 2L3-1/2X2-1/2X1/4X3/4SLBB,2L,,augmented
2L Shape-2L3-1/2X2-1/2X1/4X3/4SLBB,2L,,augmented
2L3-1/2X2-1/2X1/4X3/4SLBB 2L Shape,2L,,augmented
2L3-1/2X2-1/2X1/4X3/4SLBB ASTM A36,2L,,augmented
2L3-1/2X2-1/2X1/4X3/4SLBB LL Angle,2L,,augmented
LL Angle 2L3-1/2X2-1/2X1/4X3/4SLBB,2L,,augmented
2L3X2-1/2X1/2SLBB,2L,,original
2L 3X2-1/2X1/2SLBB,2L,,original
2L-3X2-1/2X1/2SLBB,2L,,augmented
2L_3X2-1/2X1/2SLBB,2L,,augmented
2L3 X 2-1/2X1/2SLBB,2L,,original
2L3X2-1/2X1/2SLBB A36,2L,,augmented
2L 3 X 2-1/2 X 1/2SLBB,2L,,original
2L Shape 2L3X2-1/2X1/2SLBB,2L,,augmented
2L Shape-2L3X2-1/2X1/2SLBB,2L,,augmented
2L3X2-1/2X1/2SLBB 2L Shape,2L,,augmented
2L3X2-1/2X1/2SLBB ASTM A36,2L,,augmented
2L3X2-1/2X1/2SLBB LL Angle,2L,,augmented
LL Angle 2L3X2-1/2X1/2SLBB,2L,,augmented
2L3X2-1/2X1/2X3/8SLBB,2L,,original
2L 3X2-1/2X1/2X3/8SLBB,2L,,original
2L-3X2-1/2X1/2X3/8SLBB,2L,,augmented
2L_3X2-1/2X1/2X3/8SLBB,2L,,augmented
2L3 X 2-1/2X1/2X3/8SLBB,2L,,original
2L3X2-1/2X1/2X3/8SLBB A36,2L,,augmented
2L 3 X 2-1/2 X 1/2 X 3/8SLBB,2L,,original
2L Shape 2L3X2-1/2X1/2X3/8SLBB,2L,,augmented
2L Shape-2L3X2-1/2X1/2X3/8SLBB,2L,,augmented
2L3X2-1/2X1/2X3/8SLBB 2L Shape,2L,,augmented
2L3X2-1/2X1/2X3/8SLBB ASTM A36,2L,,augmented
2L3X2-1/2X1/2X3/8SLBB LL Angle,2L,,augmented
LL Angle 2L3X2-1/2X1/2X3/8SLBB,2L,,augmented
2L3X2-1/2X1/2X3/4SLBB,2L,,original
2L 3X2-1/2X1/2X3/4SLBB,2L,,original
2L-3X2-1/2X1/2X3/4SLBB,2L,,augmented
2L_3X2-1/2X1/2X3/4SLBB,2L,,augmented
2L3 X 2-1/2X1/2X3/4SLBB,2L,,original
2L3X2-1/2X1/2X3/4SLBB A36,2L,,augmented
2L 3 X 2-1/2 X 1/2 X 3/4SLBB,2L,,original
2L Shape 2L3X2-1/2X1/2X3/4SLBB,2L,,augmented
2L Shape-2L3X2-1/2X1/2X3/4SLBB,2L,,augmented
2L3X2-1/2X1/2X3/4SLBB 2L Shape,2L,,augmented
2L3X2-1/2X1/2X3/4SLBB ASTM A36,2L,,augmented
2L3X2-1/2X1/2X3/4SLBB LL Angle,2L,,augmented
LL Angle 2L3X2-1/2X1/2X3/4SLBB,2L,,augmented
2L3X2-1/2X7/16SLBB,2L,,original
2L 3X2-1/2X7/16SLBB,2L,,original
2L-3X2-1/2X7/16SLBB,2L,,augmented
2L_3X2-1/2X7/16SLBB,2L,,augmented
2L3 X 2-1/2X7/16SLBB,2L,,original
2L3X2-1/2X7/16SLBB A36,2L,,augmented
2L 3 X 2-1/2 X 7/16SLBB,2L,,original
2L Shape 2L3X2-1/2X7/16SLBB,2L,,augmented
2L Shape-2L3X2-1/2X7/16SLBB,2L,,augmented
2L3X2-1/2X7/16SLBB 2L Shape,2L,,augmented
2L3X2-1/2X7/16SLBB ASTM A36,2L,,augmented
2L3X2-1/2X7/16SLBB LL Angle,2L,,augmented
LL Angle 2L3X2-1/2X7/16SLBB,2L,,augmented
2L3X2-1/2X7/16X3/8SLBB,2L,,original
2L 3X2-1/2X7/16X3/8SLBB,2L,,original
2L-3X2-1/2X7/16X3/8SLBB,2L,,augmented
2L_3X2-1/2X7/16X3/8SLBB,2L,,augmented
2L3 X 2-1/2X7/16X3/8SLBB,2L,,original
2L3X2-1/2X7/16X3/8SLBB A36,2L,,augmented
2L 3 X 2-1/2 X 7/16 X 3/8SLBB,2L,,original
2L Shape 2L3X2-1/2X7/16X3/8SLBB,2L,,augmented
2L Shape-2L3X2-1/2X7/16X3/8SLBB,2L,,augmented
2L3X2-1/2X7/16X3/8SLBB 2L Shape,2L,,augmented
2L3X2-1/2X7/16X3/8SLBB ASTM A36,2L,,augmented
2L3X2-1/2X7/16X3/8SLBB LL Angle,2L,,augmented
LL Angle 2L3X2-1/2X7/16X3/8SLBB,2L,,augmented
2L3X2-1/2X7/16X3/4SLBB,2L,,original
2L 3X2-1/2X7/16X3/4SLBB,2L,,original
2L-3X2-1/2X7/16X3/4SLBB,2L,,augmented
2L_3X2-1/2X7/16X3/4SLBB,2L,,augmented
2L3 X 2-1/2X7/16X3/4SLBB,2L,,original
2L3X2-1/2X7/16X3/4SLBB A36,2L,,augmented
2L 3 X 2-1/2 X 7/16 X 3/4SLBB,2L,,original
2L Shape 2L3X2-1/2X7/16X3/4SLBB,2L,,augmented
2L Shape-2L3X2-1/2X7/16X3/4SLBB,2L,,augmented
2L3X2-1/2X7/16X3/4SLBB 2L Shape,2L,,augmented
2L3X2-1/2X7/16X3/4SLBB ASTM A36,2L,,augmented
2L3X2-1/2X7/16X3/4SLBB LL Angle,2L,,augmented
LL Angle 2L3X2-1/2X7/16X3/4SLBB,2L,,augmented
2L3X2-1/2X3/8SLBB,2L,,original
2L 3X2-1/2X3/8SLBB,2L,,original
2L-3X2-1/2X3/8SLBB,2L,,augmented
2L_3X2-1/2X3/8SLBB,2L,,augmented
2L3 X 2-1/2X3/8SLBB,2L,,original
2L3X2-1/2X3/8SLBB A36,2L,,augmented
2L 3 X 2-1/2 X 3/8SLBB,2L,,original
2L Shape 2L3X2-1/2X3/8SLBB,2L,,augmented
2L Shape-2L3X2-1/2X3/8SLBB,2L,,augmented
2L3X2-1/2X3/8SLBB 2L Shape,2L,,augmented
2L3X2-1/2X3/8SLBB ASTM A36,2L,,augmented
2L3X2-1/2X3/8SLBB LL Angle,2L,,augmented
LL Angle 2L3X2-1/2X3/8SLBB,2L,,augmented
2L3X2-1/2X3/8X3/8SLBB,2L,,original
2L 3X2-1/2X3/8X3/8SLBB,2L,,original
2L-3X2-1/2X3/8X3/8SLBB,2L,,augmented
2L_3X2-1/2X3/8X3/8SLBB,2L,,augmented
2L3 X 2-1/2X3/8X3/8SLBB,2L,,original
2L3X2-1/2X3/8X3/8SLBB A36,2L,,augmented
2L 3 X 2-1/2 X 3/8 X 3/8SLBB,2L,,original
2L Shape 2L3X2-1/2X3/8X3/8SLBB,2L,,augmented
2L Shape-2L3X2-1/2X3/8X3/8SLBB,2L,,augmented
2L3X2-1/2X3/8X3/8SLBB 2L Shape,2L,,augmented
2L3X2-1/2X3/8X3/8SLBB ASTM A36,2L,,augmented
2L3X2-1/2X3/8X3/8SLBB LL Angle,2L,,augmented
LL Angle 2L3X2-1/2X3/8X3/8SLBB,2L,,augmented
2L3X2-1/2X3/8X3/4SLBB,2L,,original
2L 3X2-1/2X3/8X3/4SLBB,2L,,original
2L-3X2-1/2X3/8X3/4SLBB,2L,,augmented
2L_3X2-1/2X3/8X3/4SLBB,2L,,augmented
2L3 X 2-1/2X3/8X3/4SLBB,2L,,original
2L3X2-1/2X3/8X3/4SLBB A36,2L,,augmented
2L 3 X 2-1/2 X 3/8 X 3/4SLBB,2L,,original
2L Shape 2L3X2-1/2X3/8X3/4SLBB,2L,,augmented
2L Shape-2L3X2-1/2X3/8X3/4SLBB,2L,,augmented
2L3X2-1/2X3/8X3/4SLBB 2L Shape,2L,,augmented
2L3X2-1/2X3/8X3/4SLBB ASTM A36,2L,,augmented
2L3X2-1/2X3/8X3/4SLBB LL Angle,2L,,augmented
LL Angle 2L3X2-1/2X3/8X3/4SLBB,2L,,augmented
2L3X2-1/2X5/16SLBB,2L,,original
2L 3X2-1/2X5/16SLBB,2L,,original
2L-3X2-1/2X5/16SLBB,2L,,augmented
2L_3X2-1/2X5/16SLBB,2L,,augmented
2L3 X 2-1/2X5/16SLBB,2L,,original
2L3X2-1/2X5/16SLBB A36,2L,,augmented
2L 3 X 2-1/2 X 5/16SLBB,2L,,original
2L Shape 2L3X2-1/2X5/16SLBB,2L,,augmented
2L Shape-2L3X2-1/2X5/16SLBB,2L,,augmented
2L3X2-1/2X5/16SLBB 2L Shape,2L,,augmented
2L3X2-1/2X5/16SLBB ASTM A36,2L,,augmented
2L3X2-1/2X5/16SLBB LL Angle,2L,,augmented
LL Angle 2L3X2-1/2X5/16SLBB,2L,,augmented
2L3X2-1/2X5/16X3/8SLBB,2L,,original
2L 3X2-1/2X5/16X3/8SLBB,2L,,original
2L-3X2-1/2X5/16X3/8SLBB,2L,,augmented
2L_3X2-1/2X5/16X3/8SLBB,2L,,augmented
2L3 X 2-1/2X5/16X3/8SLBB,2L,,original
2L3X2-1/2X5/16X3/8SLBB A36,2L,,augmented
2L 3 X 2-1/2 X 5/16 X 3/8SLBB,2L,,original
2L Shape 2L3X2-1/2X5/16X3/8SLBB,2L,,augmented
2L Shape-2L3X2-1/2X5/16X3/8SLBB,2L,,augmented
2L3X2-1/2X5/16X3/8SLBB 2L Shape,2L,,augmented
2L3X2-1/2X5/16X3/8SLBB ASTM A36,2L,,augmented
2L3X2-1/2X5/16X3/8SLBB LL Angle,2L,,augmented
LL Angle 2L3X2-1/2X5/16X3/8SLBB,2L,,augmented
2L3X2-1/2X5/16X3/4SLBB,2L,,original
2L 3X2-1/2X5/16X3/4SLBB,2L,,original
2L-3X2-1/2X5/16X3/4SLBB,2L,,augmented
2L_3X2-1/2X5/16X3/4SLBB,2L,,augmented
2L3 X 2-1/2X5/16X3/4SLBB,2L,,original
2L3X2-1/2X5/16X3/4SLBB A36,2L,,augmented
2L 3 X 2-1/2 X 5/16 X 3/4SLBB,2L,,original
2L Shape 2L3X2-1/2X5/16X3/4SLBB,2L,,augmented
2L Shape-2L3X2-1/2X5/16X3/4SLBB,2L,,augmented
2L3X2-1/2X5/16X3/4SLBB 2L Shape,2L,,augmented
2L3X2-1/2X5/16X3/4SLBB ASTM A36,2L,,augmented
2L3X2-1/2X5/16X3/4SLBB LL Angle,2L,,augmented
LL Angle 2L3X2-1/2X5/16X3/4SLBB,2L,,augmented
2L3X2-1/2X1/4SLBB,2L,,original
2L 3X2-1/2X1/4SLBB,2L,,original
2L-3X2-1/2X1/4SLBB,2L,,augmented
2L_3X2-1/2X1/4SLBB,2L,,augmented
2L3 X 2-1/2X1/4SLBB,2L,,original
2L3X2-1/2X1/4SLBB A36,2L,,augmented
2L 3 X 2-1/2 X 1/4SLBB,2L,,original
2L Shape 2L3X2-1/2X1/4SLBB,2L,,augmented
2L Shape-2L3X2-1/2X1/4SLBB,2L,,augmented
2L3X2-1/2X1/4SLBB 2L Shape,2L,,augmented
2L3X2-1/2X1/4SLBB ASTM A36,2L,,augmented
2L3X2-1/2X1/4SLBB LL Angle,2L,,augmented
LL Angle 2L3X2-1/2X1/4SLBB,2L,,augmented
2L3X2-1/2X1/4X3/8SLBB,2L,,original
2L 3X2-1/2X1/4X3/8SLBB,2L,,original
2L-3X2-1/2X1/4X3/8SLBB,2L,,augmented
2L_3X2-1/2X1/4X3/8SLBB,2L,,augmented
2L3 X 2-1/2X1/4X3/8SLBB,2L,,original
2L3X2-1/2X1/4X3/8SLBB A36,2L,,augmented
2L 3 X 2-1/2 X 1/4 X 3/8SLBB,2L,,original
2L Shape 2L3X2-1/2X1/4X3/8SLBB,2L,,augmented
2L Shape-2L3X2-1/2X1/4X3/8SLBB,2L,,augmented
2L3X2-1/2X1/4X3/8SLBB 2L Shape,2L,,augmented
2L3X2-1/2X1/4X3/8SLBB ASTM A36,2L,,augmented
2L3X2-1/2X1/4X3/8SLBB LL Angle,2L,,augmented
LL Angle 2L3X2-1/2X1/4X3/8SLBB,2L,,augmented
2L3X2-1/2X1/4X3/4SLBB,2L,,original
2L 3X2-1/2X1/4X3/4SLBB,2L,,original
2L-3X2-1/2X1/4X3/4SLBB,2L,,augmented
2L_3X2-1/2X1/4X3/4SLBB,2L,,augmented
2L3 X 2-1/2X1/4X3/4SLBB,2L,,original
2L3X2-1/2X1/4X3/4SLBB A36,2L,,augmented
2L 3 X 2-1/2 X 1/4 X 3/4SLBB,2L,,original
2L Shape 2L3X2-1/2X1/4X3/4SLBB,2L,,augmented
2L Shape-2L3X2-1/2X1/4X3/4SLBB,2L,,augmented
2L3X2-1/2X1/4X3/4SLBB 2L Shape,2L,,augmented
2L3X2-1/2X1/4X3/4SLBB ASTM A36,2L,,augmented
2L3X2-1/2X1/4X3/4SLBB LL Angle,2L,,augmented
LL Angle 2L3X2-1/2X1/4X3/4SLBB,2L,,augmented
2L3X2-1/2X3/16SLBB,2L,,original
2L 3X2-1/2X3/16SLBB,2L,,original
2L-3X2-1/2X3/16SLBB,2L,,augmented
2L_3X2-1/2X3/16SLBB,2L,,augmented
2L3 X 2-1/2X3/16SLBB,2L,,original
2L3X2-1/2X3/16SLBB A36,2L,,augmented
2L 3 X 2-1/2 X 3/16SLBB,2L,,original
2L Shape 2L3X2-1/2X3/16SLBB,2L,,augmented
2L Shape-2L3X2-1/2X3/16SLBB,2L,,augmented
2L3X2-1/2X3/16SLBB 2L Shape,2L,,augmented
2L3X2-1/2X3/16SLBB ASTM A36,2L,,augmented
2L3X2-1/2X3/16SLBB LL Angle,2L,,augmented
LL Angle 2L3X2-1/2X3/16SLBB,2L,,augmented
2L3X2-1/2X3/16X3/8SLBB,2L,,original
2L 3X2-1/2X3/16X3/8SLBB,2L,,original
2L-3X2-1/2X3/16X3/8SLBB,2L,,augmented
2L_3X2-1/2X3/16X3/8SLBB,2L,,augmented
2L3 X 2-1/2X3/16X3/8SLBB,2L,,original
2L3X2-1/2X3/16X3/8SLBB A36,2L,,augmented
2L 3 X 2-1/2 X 3/16 X 3/8SLBB,2L,,original
2L Shape 2L3X2-1/2X3/16X3/8SLBB,2L,,augmented
2L Shape-2L3X2-1/2X3/16X3/8SLBB,2L,,augmented
2L3X2-1/2X3/16X3/8SLBB 2L Shape,2L,,augmented
2L3X2-1/2X3/16X3/8SLBB ASTM A36,2L,,augmented
2L3X2-1/2X3/16X3/8SLBB LL Angle,2L,,augmented
LL Angle 2L3X2-1/2X3/16X3/8SLBB,2L,,augmented
2L3X2-1/2X3/16X3/4SLBB,2L,,original
2L 3X2-1/2X3/16X3/4SLBB,2L,,original
2L-3X2-1/2X3/16X3/4SLBB,2L,,augmented
2L_3X2-1/2X3/16X3/4SLBB,2L,,augmented
2L3 X 2-1/2X3/16X3/4SLBB,2L,,original
2L3X2-1/2X3/16X3/4SLBB A36,2L,,augmented
2L 3 X 2-1/2 X 3/16 X 3/4SLBB,2L,,original
2L Shape 2L3X2-1/2X3/16X3/4SLBB,2L,,augmented
2L Shape-2L3X2-1/2X3/16X3/4SLBB,2L,,augmented
2L3X2-1/2X3/16X3/4SLBB 2L Shape,2L,,augmented
2L3X2-1/2X3/16X3/4SLBB ASTM A36,2L,,augmented
2L3X2-1/2X3/16X3/4SLBB LL Angle,2L,,augmented
LL Angle 2L3X2-1/2X3/16X3/4SLBB,2L,,augmented
2L3X2X1/2SLBB,2L,,original
2L 3X2X1/2SLBB,2L,,original
2L-3X2X1/2SLBB,2L,,augmented
2L_3X2X1/2SLBB,2L,,augmented
2L3 X 2X1/2SLBB,2L,,original
2L3X2X1/2SLBB A36,2L,,augmented
2L 3 X 2 X 1/2SLBB,2L,,original
2L Shape 2L3X2X1/2SLBB,2L,,augmented
2L Shape-2L3X2X1/2SLBB,2L,,augmented
2L3X2X1/2SLBB 2L Shape,2L,,augmented
2L3X2X1/2SLBB ASTM A36,2L,,augmented
2L3X2X1/2SLBB LL Angle,2L,,augmented
LL Angle 2L3X2X1/2SLBB,2L,,augmented
2L3X2X1/2X3/8SLBB,2L,,original
2L 3X2X1/2X3/8SLBB,2L,,original
2L-3X2X1/2X3/8SLBB,2L,,augmented
2L_3X2X1/2X3/8SLBB,2L,,augmented
2L3 X 2X1/2X3/8SLBB,2L,,original
2L3X2X1/2X3/8SLBB A36,2L,,augmented
2L 3 X 2 X 1/2 X 3/8SLBB,2L,,original
2L Shape 2L3X2X1/2X3/8SLBB,2L,,augmented
2L Shape-2L3X2X1/2X3/8SLBB,2L,,augmented
2L3X2X1/2X3/8SLBB 2L Shape,2L,,augmented
2L3X2X1/2X3/8SLBB ASTM A36,2L,,augmented
2L3X2X1/2X3/8SLBB LL Angle,2L,,augmented
LL Angle 2L3X2X1/2X3/8SLBB,2L,,augmented
2L3X2X1/2X3/4SLBB,2L,,original
2L 3X2X1/2X3/4SLBB,2L,,original
2L-3X2X1/2X3/4SLBB,2L,,augmented
2L_3X2X1/2X3/4SLBB,2L,,augmented
2L3 X 2X1/2X3/4SLBB,2L,,original
2L3X2X1/2X3/4SLBB A36,2L,,augmented
2L 3 X 2 X 1/2 X 3/4SLBB,2L,,original
2L Shape 2L3X2X1/2X3/4SLBB,2L,,augmented
2L Shape-2L3X2X1/2X3/4SLBB,2L,,augmented
2L3X2X1/2X3/4SLBB 2L Shape,2L,,augmented
2L3X2X1/2X3/4SLBB ASTM A36,2L,,augmented
2L3X2X1/2X3/4SLBB LL Angle,2L,,augmented
LL Angle 2L3X2X1/2X3/4SLBB,2L,,augmented
2L3X2X3/8SLBB,2L,,original
2L 3X2X3/8SLBB,2L,,original
2L-3X2X3/8SLBB,2L,,augmented
2L_3X2X3/8SLBB,2L,,augmented
2L3 X 2X3/8SLBB,2L,,original
2L3X2X3/8SLBB A36,2L,,augmented
2L 3 X 2 X 3/8SLBB,2L,,original
2L Shape 2L3X2X3/8SLBB,2L,,augmented
2L Shape-2L3X2X3/8SLBB,2L,,augmented
2L3X2X3/8SLBB 2L Shape,2L,,augmented
2L3X2X3/8SLBB ASTM A36,2L,,augmented
2L3X2X3/8SLBB LL Angle,2L,,augmented
LL Angle 2L3X2X3/8SLBB,2L,,augmented
2L3X2X3/8X3/8SLBB,2L,,original
2L 3X2X3/8X3/8SLBB,2L,,original
2L-3X2X3/8X3/8SLBB,2L,,augmented
2L_3X2X3/8X3/8SLBB,2L,,augmented
2L3 X 2X3/8X3/8SLBB,2L,,original
2L3X2X3/8X3/8SLBB A36,2L,,augmented
2L 3 X 2 X 3/8 X 3/8SLBB,2L,,original
2L Shape 2L3X2X3/8X3/8SLBB,2L,,augmented
2L Shape-2L3X2X3/8X3/8SLBB,2L,,augmented
2L3X2X3/8X3/8SLBB 2L Shape,2L,,augmented
2L3X2X3/8X3/8SLBB ASTM A36,2L,,augmented
2L3X2X3/8X3/8SLBB LL Angle,2L,,augmented
LL Angle 2L3X2X3/8X3/8SLBB,2L,,augmented
2L3X2X3/8X3/4SLBB,2L,,original
2L 3X2X3/8X3/4SLBB,2L,,original
2L-3X2X3/8X3/4SLBB,2L,,augmented
2L_3X2X3/8X3/4SLBB,2L,,augmented
2L3 X 2X3/8X3/4SLBB,2L,,original
2L3X2X3/8X3/4SLBB A36,2L,,augmented
2L 3 X 2 X 3/8 X 3/4SLBB,2L,,original
2L Shape 2L3X2X3/8X3/4SLBB,2L,,augmented
2L Shape-2L3X2X3/8X3/4SLBB,2L,,augmented
2L3X2X3/8X3/4SLBB 2L Shape,2L,,augmented
2L3X2X3/8X3/4SLBB ASTM A36,2L,,augmented
2L3X2X3/8X3/4SLBB LL Angle,2L,,augmented
LL Angle 2L3X2X3/8X3/4SLBB,2L,,augmented
2L3X2X5/16SLBB,2L,,original
2L 3X2X5/16SLBB,2L,,original
2L-3X2X5/16SLBB,2L,,augmented
2L_3X2X5/16SLBB,2L,,augmented
2L3 X 2X5/16SLBB,2L,,original
2L3X2X5/16SLBB A36,2L,,augmented
2L 3 X 2 X 5/16SLBB,2L,,original
2L Shape 2L3X2X5/16SLBB,2L,,augmented
2L Shape-2L3X2X5/16SLBB,2L,,augmented
2L3X2X5/16SLBB 2L Shape,2L,,augmented
2L3X2X5/16SLBB ASTM A36,2L,,augmented
2L3X2X5/16SLBB LL Angle,2L,,augmented
LL Angle 2L3X2X5/16SLBB,2L,,augmented
2L3X2X5/16X3/8SLBB,2L,,original
2L 3X2X5/16X3/8SLBB,2L,,original
2L-3X2X5/16X3/8SLBB,2L,,augmented
2L_3X2X5/16X3/8SLBB,2L,,augmented
2L3 X 2X5/16X3/8SLBB,2L,,original
2L3X2X5/16X3/8SLBB A36,2L,,augmented
2L 3 X 2 X 5/16 X 3/8SLBB,2L,,original
2L Shape 2L3X2X5/16X3/8SLBB,2L,,augmented
2L Shape-2L3X2X5/16X3/8SLBB,2L,,augmented
2L3X2X5/16X3/8SLBB 2L Shape,2L,,augmented
2L3X2X5/16X3/8SLBB ASTM A36,2L,,augmented
2L3X2X5/16X3/8SLBB LL Angle,2L,,augmented
LL Angle 2L3X2X5/16X3/8SLBB,2L,,augmented
2L3X2X5/16X3/4SLBB,2L,,original
2L 3X2X5/16X3/4SLBB,2L,,original
2L-3X2X5/16X3/4SLBB,2L,,augmented
2L_3X2X5/16X3/4SLBB,2L,,augmented
2L3 X 2X5/16X3/4SLBB,2L,,original
2L3X2X5/16X3/4SLBB A36,2L,,augmented
2L 3 X 2 X 5/16 X 3/4SLBB,2L,,original
2L Shape 2L3X2X5/16X3/4SLBB,2L,,augmented
2L Shape-2L3X2X5/16X3/4SLBB,2L,,augmented
2L3X2X5/16X3/4SLBB 2L Shape,2L,,augmented
2L3X2X5/16X3/4SLBB ASTM A36,2L,,augmented
2L3X2X5/16X3/4SLBB LL Angle,2L,,augmented
LL Angle 2L3X2X5/16X3/4SLBB,2L,,augmented
2L3X2X1/4SLBB,2L,,original
2L 3X2X1/4SLBB,2L,,original
2L-3X2X1/4SLBB,2L,,augmented
2L_3X2X1/4SLBB,2L,,augmented
2L3 X 2X1/4SLBB,2L,,original
2L3X2X1/4SLBB A36,2L,,augmented
2L 3 X 2 X 1/4SLBB,2L,,original
2L Shape 2L3X2X1/4SLBB,2L,,augmented
2L Shape-2L3X2X1/4SLBB,2L,,augmented
2L3X2X1/4SLBB 2L Shape,2L,,augmented
2L3X2X1/4SLBB ASTM A36,2L,,augmented
2L3X2X1/4SLBB LL Angle,2L,,augmented
LL Angle 2L3X2X1/4SLBB,2L,,augmented
2L3X2X1/4X3/8SLBB,2L,,original
2L 3X2X1/4X3/8SLBB,2L,,original
2L-3X2X1/4X3/8SLBB,2L,,augmented
2L_3X2X1/4X3/8SLBB,2L,,augmented
2L3 X 2X1/4X3/8SLBB,2L,,original
2L3X2X1/4X3/8SLBB A36,2L,,augmented
2L 3 X 2 X 1/4 X 3/8SLBB,2L,,original
2L Shape 2L3X2X1/4X3/8SLBB,2L,,augmented
2L Shape-2L3X2X1/4X3/8SLBB,2L,,augmented
2L3X2X1/4X3/8SLBB 2L Shape,2L,,augmented
2L3X2X1/4X3/8SLBB ASTM A36,2L,,augmented
2L3X2X1/4X3/8SLBB LL Angle,2L,,augmented
LL Angle 2L3X2X1/4X3/8SLBB,2L,,augmented
2L3X2X1/4X3/4SLBB,2L,,original
2L 3X2X1/4X3/4SLBB,2L,,original
2L-3X2X1/4X3/4SLBB,2L,,augmented
2L_3X2X1/4X3/4SLBB,2L,,augmented
2L3 X 2X1/4X3/4SLBB,2L,,original
2L3X2X1/4X3/4SLBB A36,2L,,augmented
2L 3 X 2 X 1/4 X 3/4SLBB,2L,,original
2L Shape 2L3X2X1/4X3/4SLBB,2L,,augmented
2L Shape-2L3X2X1/4X3/4SLBB,2L,,augmented
2L3X2X1/4X3/4SLBB 2L Shape,2L,,augmented
2L3X2X1/4X3/4SLBB ASTM A36,2L,,augmented
2L3X2X1/4X3/4SLBB LL Angle,2L,,augmented
LL Angle 2L3X2X1/4X3/4SLBB,2L,,augmented
2L3X2X3/16SLBB,2L,,original
2L 3X2X3/16SLBB,2L,,original
2L-3X2X3/16SLBB,2L,,augmented
2L_3X2X3/16SLBB,2L,,augmented
2L3 X 2X3/16SLBB,2L,,original
2L3X2X3/16SLBB A36,2L,,augmented
2L 3 X 2 X 3/16SLBB,2L,,original
2L Shape 2L3X2X3/16SLBB,2L,,augmented
2L Shape-2L3X2X3/16SLBB,2L,,augmented
2L3X2X3/16SLBB 2L Shape,2L,,augmented
2L3X2X3/16SLBB ASTM A36,2L,,augmented
2L3X2X3/16SLBB LL Angle,2L,,augmented
LL Angle 2L3X2X3/16SLBB,2L,,augmented
2L3X2X3/16X3/8SLBB,2L,,original
2L 3X2X3/16X3/8SLBB,2L,,original
2L-3X2X3/16X3/8SLBB,2L,,augmented
2L_3X2X3/16X3/8SLBB,2L,,augmented
2L3 X 2X3/16X3/8SLBB,2L,,original
2L3X2X3/16X3/8SLBB A36,2L,,augmented
2L 3 X 2 X 3/16 X 3/8SLBB,2L,,original
2L Shape 2L3X2X3/16X3/8SLBB,2L,,augmented
2L Shape-2L3X2X3/16X3/8SLBB,2L,,augmented
2L3X2X3/16X3/8SLBB 2L Shape,2L,,augmented
2L3X2X3/16X3/8SLBB ASTM A36,2L,,augmented
2L3X2X3/16X3/8SLBB LL Angle,2L,,augmented
LL Angle 2L3X2X3/16X3/8SLBB,2L,,augmented
2L3X2X3/16X3/4SLBB,2L,,original
2L 3X2X3/16X3/4SLBB,2L,,original
2L-3X2X3/16X3/4SLBB,2L,,augmented
2L_3X2X3/16X3/4SLBB,2L,,augmented
2L3 X 2X3/16X3/4SLBB,2L,,original
2L3X2X3/16X3/4SLBB A36,2L,,augmented
2L 3 X 2 X 3/16 X 3/4SLBB,2L,,original
2L Shape 2L3X2X3/16X3/4SLBB,2L,,augmented
2L Shape-2L3X2X3/16X3/4SLBB,2L,,augmented
2L3X2X3/16X3/4SLBB 2L Shape,2L,,augmented
2L3X2X3/16X3/4SLBB ASTM A36,2L,,augmented
2L3X2X3/16X3/4SLBB LL Angle,2L,,augmented
LL Angle 2L3X2X3/16X3/4SLBB,2L,,augmented
2L2-1/2X2X3/8SLBB,2L,,original
2L 2-1/2X2X3/8SLBB,2L,,original
2L-2-1/2X2X3/8SLBB,2L,,augmented
2L_2-1/2X2X3/8SLBB,2L,,augmented
2L2-1/2 X 2X3/8SLBB,2L,,original
2L2-1/2X2X3/8SLBB A36,2L,,augmented
2L 2-1/2 X 2 X 3/8SLBB,2L,,original
2L Shape 2L2-1/2X2X3/8SLBB,2L,,augmented
2L Shape-2L2-1/2X2X3/8SLBB,2L,,augmented
2L2-1/2X2X3/8SLBB 2L Shape,2L,,augmented
2L2-1/2X2X3/8SLBB ASTM A36,2L,,augmented
2L2-1/2X2X3/8SLBB LL Angle,2L,,augmented
LL Angle 2L2-1/2X2X3/8SLBB,2L,,augmented
2L2-1/2X2X3/8X3/8SLBB,2L,,original
2L 2-1/2X2X3/8X3/8SLBB,2L,,original
2L-2-1/2X2X3/8X3/8SLBB,2L,,augmented
2L_2-1/2X2X3/8X3/8SLBB,2L,,augmented
2L2-1/2 X 2X3/8X3/8SLBB,2L,,original
2L2-1/2X2X3/8X3/8SLBB A36,2L,,augmented
2L 2-1/2 X 2 X 3/8 X 3/8SLBB,2L,,original
2L Shape 2L2-1/2X2X3/8X3/8SLBB,2L,,augmented
2L Shape-2L2-1/2X2X3/8X3/8SLBB,2L,,augmented
2L2-1/2X2X3/8X3/8SLBB 2L Shape,2L,,augmented
2L2-1/2X2X3/8X3/8SLBB ASTM A36,2L,,augmented
2L2-1/2X2X3/8X3/8SLBB LL Angle,2L,,augmented
LL Angle 2L2-1/2X2X3/8X3/8SLBB,2L,,augmented
2L2-1/2X2X3/8X3/4SLBB,2L,,original
2L 2-1/2X2X3/8X3/4SLBB,2L,,original
2L-2-1/2X2X3/8X3/4SLBB,2L,,augmented
2L_2-1/2X2X3/8X3/4SLBB,2L,,augmented
2L2-1/2 X 2X3/8X3/4SLBB,2L,,original
2L2-1/2X2X3/8X3/4SLBB A36,2L,,augmented
2L 2-1/2 X 2 X 3/8 X 3/4SLBB,2L,,original
2L Shape 2L2-1/2X2X3/8X3/4SLBB,2L,,augmented
2L Shape-2L2-1/2X2X3/8X3/4SLBB,2L,,augmented
2L2-1/2X2X3/8X3/4SLBB 2L Shape,2L,,augmented
2L2-1/2X2X3/8X3/4SLBB ASTM A36,2L,,augmented
2L2-1/2X2X3/8X3/4SLBB LL Angle,2L,,augmented
LL Angle 2L2-1/2X2X3/8X3/4SLBB,2L,,augmented
2L2-1/2X2X5/16SLBB,2L,,original
2L 2-1/2X2X5/16SLBB,2L,,original
2L-2-1/2X2X5/16SLBB,2L,,augmented
2L_2-1/2X2X5/16SLBB,2L,,augmented
2L2-1/2 X 2X5/16SLBB,2L,,original
2L2-1/2X2X5/16SLBB A36,2L,,augmented
2L 2-1/2 X 2 X 5/16SLBB,2L,,original
2L Shape 2L2-1/2X2X5/16SLBB,2L,,augmented
2L Shape-2L2-1/2X2X5/16SLBB,2L,,augmented
2L2-1/2X2X5/16SLBB 2L Shape,2L,,augmented
2L2-1/2X2X5/16SLBB ASTM A36,2L,,augmented
2L2-1/2X2X5/16SLBB LL Angle,2L,,augmented
LL Angle 2L2-1/2X2X5/16SLBB,2L,,augmented
2L2-1/2X2X5/16X3/8SLBB,2L,,original
2L 2-1/2X2X5/16X3/8SLBB,2L,,original
2L-2-1/2X2X5/16X3/8SLBB,2L,,augmented
2L_2-1/2X2X5/16X3/8SLBB,2L,,augmented
2L2-1/2 X 2X5/16X3/8SLBB,2L,,original
2L2-1/2X2X5/16X3/8SLBB A36,2L,,augmented
2L 2-1/2 X 2 X 5/16 X 3/8SLBB,2L,,original
2L Shape 2L2-1/2X2X5/16X3/8SLBB,2L,,augmented
2L Shape-2L2-1/2X2X5/16X3/8SLBB,2L,,augmented
2L2-1/2X2X5/16X3/8SLBB 2L Shape,2L,,augmented
2L2-1/2X2X5/16X3/8SLBB ASTM A36,2L,,augmented
2L2-1/2X2X5/16X3/8SLBB LL Angle,2L,,augmented
LL Angle 2L2-1/2X2X5/16X3/8SLBB,2L,,augmented
2L2-1/2X2X5/16X3/4SLBB,2L,,original
2L 2-1/2X2X5/16X3/4SLBB,2L,,original
2L-2-1/2X2X5/16X3/4SLBB,2L,,augmented
2L_2-1/2X2X5/16X3/4SLBB,2L,,augmented
2L2-1/2 X 2X5/16X3/4SLBB,2L,,original
2L2-1/2X2X5/16X3/4SLBB A36,2L,,augmented
2L 2-1/2 X 2 X 5/16 X 3/4SLBB,2L,,original
2L Shape 2L2-1/2X2X5/16X3/4SLBB,2L,,augmented
2L Shape-2L2-1/2X2X5/16X3/4SLBB,2L,,augmented
2L2-1/2X2X5/16X3/4SLBB 2L Shape,2L,,augmented
2L2-1/2X2X5/16X3/4SLBB ASTM A36,2L,,augmented
2L2-1/2X2X5/16X3/4SLBB LL Angle,2L,,augmented
LL Angle 2L2-1/2X2X5/16X3/4SLBB,2L,,augmented
2L2-1/2X2X1/4SLBB,2L,,original
2L 2-1/2X2X1/4SLBB,2L,,original
2L-2-1/2X2X1/4SLBB,2L,,augmented
2L_2-1/2X2X1/4SLBB,2L,,augmented
2L2-1/2 X 2X1/4SLBB,2L,,original
2L2-1/2X2X1/4SLBB A36,2L,,augmented
2L 2-1/2 X 2 X 1/4SLBB,2L,,original
2L Shape 2L2-1/2X2X1/4SLBB,2L,,augmented
2L Shape-2L2-1/2X2X1/4SLBB,2L,,augmented
2L2-1/2X2X1/4SLBB 2L Shape,2L,,augmented
2L2-1/2X2X1/4SLBB ASTM A36,2L,,augmented
2L2-1/2X2X1/4SLBB LL Angle,2L,,augmented
LL Angle 2L2-1/2X2X1/4SLBB,2L,,augmented
2L2-1/2X2X1/4X3/8SLBB,2L,,original
2L 2-1/2X2X1/4X3/8SLBB,2L,,original
2L-2-1/2X2X1/4X3/8SLBB,2L,,augmented
2L_2-1/2X2X1/4X3/8SLBB,2L,,augmented
2L2-1/2 X 2X1/4X3/8SLBB,2L,,original
2L2-1/2X2X1/4X3/8SLBB A36,2L,,augmented
2L 2-1/2 X 2 X 1/4 X 3/8SLBB,2L,,original
2L Shape 2L2-1/2X2X1/4X3/8SLBB,2L,,augmented
2L Shape-2L2-1/2X2X1/4X3/8SLBB,2L,,augmented
2L2-1/2X2X1/4X3/8SLBB 2L Shape,2L,,augmented
2L2-1/2X2X1/4X3/8SLBB ASTM A36,2L,,augmented
2L2-1/2X2X1/4X3/8SLBB LL Angle,2L,,augmented
LL Angle 2L2-1/2X2X1/4X3/8SLBB,2L,,augmented
2L2-1/2X2X1/4X3/4SLBB,2L,,original
2L 2-1/2X2X1/4X3/4SLBB,2L,,original
2L-2-1/2X2X1/4X3/4SLBB,2L,,augmented
2L_2-1/2X2X1/4X3/4SLBB,2L,,augmented
2L2-1/2 X 2X1/4X3/4SLBB,2L,,original
2L2-1/2X2X1/4X3/4SLBB A36,2L,,augmented
2L 2-1/2 X 2 X 1/4 X 3/4SLBB,2L,,original
2L Shape 2L2-1/2X2X1/4X3/4SLBB,2L,,augmented
2L Shape-2L2-1/2X2X1/4X3/4SLBB,2L,,augmented
2L2-1/2X2X1/4X3/4SLBB 2L Shape,2L,,augmented
2L2-1/2X2X1/4X3/4SLBB ASTM A36,2L,,augmented
2L2-1/2X2X1/4X3/4SLBB LL Angle,2L,,augmented
LL Angle 2L2-1/2X2X1/4X3/4SLBB,2L,,augmented
2L2-1/2X2X3/16SLBB,2L,,original
2L 2-1/2X2X3/16SLBB,2L,,original
2L-2-1/2X2X3/16SLBB,2L,,augmented
2L_2-1/2X2X3/16SLBB,2L,,augmented
2L2-1/2 X 2X3/16SLBB,2L,,original
2L2-1/2X2X3/16SLBB A36,2L,,augmented
2L 2-1/2 X 2 X 3/16SLBB,2L,,original
2L Shape 2L2-1/2X2X3/16SLBB,2L,,augmented
2L Shape-2L2-1/2X2X3/16SLBB,2L,,augmented
2L2-1/2X2X3/16SLBB 2L Shape,2L,,augmented
2L2-1/2X2X3/16SLBB ASTM A36,2L,,augmented
2L2-1/2X2X3/16SLBB LL Angle,2L,,augmented
LL Angle 2L2-1/2X2X3/16SLBB,2L,,augmented
2L2-1/2X2X3/16X3/8SLBB,2L,,original
2L 2-1/2X2X3/16X3/8SLBB,2L,,original
2L-2-1/2X2X3/16X3/8SLBB,2L,,augmented
2L_2-1/2X2X3/16X3/8SLBB,2L,,augmented
2L2-1/2 X 2X3/16X3/8SLBB,2L,,original
2L2-1/2X2X3/16X3/8SLBB A36,2L,,augmented
2L 2-1/2 X 2 X 3/16 X 3/8SLBB,2L,,original
2L Shape 2L2-1/2X2X3/16X3/8SLBB,2L,,augmented
2L Shape-2L2-1/2X2X3/16X3/8SLBB,2L,,augmented
2L2-1/2X2X3/16X3/8SLBB 2L Shape,2L,,augmented
2L2-1/2X2X3/16X3/8SLBB ASTM A36,2L,,augmented
2L2-1/2X2X3/16X3/8SLBB LL Angle,2L,,augmented
LL Angle 2L2-1/2X2X3/16X3/8SLBB,2L,,augmented
2L2-1/2X2X3/16X3/4SLBB,2L,,original
2L 2-1/2X2X3/16X3/4SLBB,2L,,original
2L-2-1/2X2X3/16X3/4SLBB,2L,,augmented
2L_2-1/2X2X3/16X3/4SLBB,2L,,augmented
2L2-1/2 X 2X3/16X3/4SLBB,2L,,original
2L2-1/2X2X3/16X3/4SLBB A36,2L,,augmented
2L 2-1/2 X 2 X 3/16 X 3/4SLBB,2L,,original
2L Shape 2L2-1/2X2X3/16X3/4SLBB,2L,,augmented
2L Shape-2L2-1/2X2X3/16X3/4SLBB,2L,,augmented
2L2-1/2X2X3/16X3/4SLBB 2L Shape,2L,,augmented
2L2-1/2X2X3/16X3/4SLBB ASTM A36,2L,,augmented
2L2-1/2X2X3/16X3/4SLBB LL Angle,2L,,augmented
LL Angle 2L2-1/2X2X3/16X3/4SLBB,2L,,augmented
2L2-1/2X1-1/2X1/4SLBB,2L,,original
2L 2-1/2X1-1/2X1/4SLBB,2L,,original
2L-2-1/2X1-1/2X1/4SLBB,2L,,augmented
2L_2-1/2X1-1/2X1/4SLBB,2L,,augmented
2L2-1/2 X 1-1/2X1/4SLBB,2L,,original
2L2-1/2X1-1/2X1/4SLBB A36,2L,,augmented
2L 2-1/2 X 1-1/2 X 1/4SLBB,2L,,original
2L Shape 2L2-1/2X1-1/2X1/4SLBB,2L,,augmented
2L Shape-2L2-1/2X1-1/2X1/4SLBB,2L,,augmented
2L2-1/2X1-1/2X1/4SLBB 2L Shape,2L,,augmented
2L2-1/2X1-1/2X1/4SLBB ASTM A36,2L,,augmented
2L2-1/2X1-1/2X1/4SLBB LL Angle,2L,,augmented
LL Angle 2L2-1/2X1-1/2X1/4SLBB,2L,,augmented
2L2-1/2X1-1/2X1/4X3/8SLBB,2L,,original
2L 2-1/2X1-1/2X1/4X3/8SLBB,2L,,original
2L-2-1/2X1-1/2X1/4X3/8SLBB,2L,,augmented
2L_2-1/2X1-1/2X1/4X3/8SLBB,2L,,augmented
2L2-1/2 X 1-1/2X1/4X3/8SLBB,2L,,original
2L2-1/2X1-1/2X1/4X3/8SLBB A36,2L,,augmented
2L 2-1/2 X 1-1/2 X 1/4 X 3/8SLBB,2L,,original
2L Shape 2L2-1/2X1-1/2X1/4X3/8SLBB,2L,,augmented
2L Shape-2L2-1/2X1-1/2X1/4X3/8SLBB,2L,,augmented
2L2-1/2X1-1/2X1/4X3/8SLBB 2L Shape,2L,,augmented
2L2-1/2X1-1/2X1/4X3/8SLBB ASTM A36,2L,,augmented
2L2-1/2X1-1/2X1/4X3/8SLBB LL Angle,2L,,augmented
LL Angle 2L2-1/2X1-1/2X1/4X3/8SLBB,2L,,augmented
2L2-1/2X1-1/2X1/4X3/4SLBB,2L,,original
2L 2-1/2X1-1/2X1/4X3/4SLBB,2L,,original
2L-2-1/2X1-1/2X1/4X3/4SLBB,2L,,augmented
2L_2-1/2X1-1/2X1/4X3/4SLBB,2L,,augmented
2L2-1/2 X 1-1/2X1/4X3/4SLBB,2L,,original
2L2-1/2X1-1/2X1/4X3/4SLBB A36,2L,,augmented
2L 2-1/2 X 1-1/2 X 1/4 X 3/4SLBB,2L,,original
2L Shape 2L2-1/2X1-1/2X1/4X3/4SLBB,2L,,augmented
2L Shape-2L2-1/2X1-1/2X1/4X3/4SLBB,2L,,augmented
2L2-1/2X1-1/2X1/4X3/4SLBB 2L Shape,2L,,augmented
2L2-1/2X1-1/2X1/4X3/4SLBB ASTM A36,2L,,augmented
2L2-1/2X1-1/2X1/4X3/4SLBB LL Angle,2L,,augmented
LL Angle 2L2-1/2X1-1/2X1/4X3/4SLBB,2L,,augmented
2L2-1/2X1-1/2X3/16SLBB,2L,,original
2L 2-1/2X1-1/2X3/16SLBB,2L,,original
2L-2-1/2X1-1/2X3/16SLBB,2L,,augmented
2L_2-1/2X1-1/2X3/16SLBB,2L,,augmented
2L2-1/2 X 1-1/2X3/16SLBB,2L,,original
2L2-1/2X1-1/2X3/16SLBB A36,2L,,augmented
2L 2-1/2 X 1-1/2 X 3/16SLBB,2L,,original
2L Shape 2L2-1/2X1-1/2X3/16SLBB,2L,,augmented
2L Shape-2L2-1/2X1-1/2X3/16SLBB,2L,,augmented
2L2-1/2X1-1/2X3/16SLBB 2L Shape,2L,,augmented
2L2-1/2X1-1/2X3/16SLBB ASTM A36,2L,,augmented
2L2-1/2X1-1/2X3/16SLBB LL Angle,2L,,augmented
LL Angle 2L2-1/2X1-1/2X3/16SLBB,2L,,augmented
2L2-1/2X1-1/2X3/16X3/8SLBB,2L,,original
2L 2-1/2X1-1/2X3/16X3/8SLBB,2L,,original
2L-2-1/2X1-1/2X3/16X3/8SLBB,2L,,augmented
2L_2-1/2X1-1/2X3/16X3/8SLBB,2L,,augmented
2L2-1/2 X 1-1/2X3/16X3/8SLBB,2L,,original
2L2-1/2X1-1/2X3/16X3/8SLBB A36,2L,,augmented
2L 2-1/2 X 1-1/2 X 3/16 X 3/8SLBB,2L,,original
2L Shape 2L2-1/2X1-1/2X3/16X3/8SLBB,2L,,augmented
2L Shape-2L2-1/2X1-1/2X3/16X3/8SLBB,2L,,augmented
2L2-1/2X1-1/2X3/16X3/8SLBB 2L Shape,2L,,augmented
2L2-1/2X1-1/2X3/16X3/8SLBB ASTM A36,2L,,augmented
2L2-1/2X1-1/2X3/16X3/8SLBB LL Angle,2L,,augmented
LL Angle 2L2-1/2X1-1/2X3/16X3/8SLBB,2L,,augmented
2L2-1/2X1-1/2X3/16X3/4SLBB,2L,,original
2L 2-1/2X1-1/2X3/16X3/4SLBB,2L,,original
2L-2-1/2X1-1/2X3/16X3/4SLBB,2L,,augmented
2L_2-1/2X1-1/2X3/16X3/4SLBB,2L,,augmented
2L2-1/2 X 1-1/2X3/16X3/4SLBB,2L,,original
2L2-1/2X1-1/2X3/16X3/4SLBB A36,2L,,augmented
2L 2-1/2 X 1-1/2 X 3/16 X 3/4SLBB,2L,,original
2L Shape 2L2-1/2X1-1/2X3/16X3/4SLBB,2L,,augmented
2L Shape-2L2-1/2X1-1/2X3/16X3/4SLBB,2L,,augmented
2L2-1/2X1-1/2X3/16X3/4SLBB 2L Shape,2L,,augmented
2L2-1/2X1-1/2X3/16X3/4SLBB ASTM A36,2L,,augmented
2L2-1/2X1-1/2X3/16X3/4SLBB LL Angle,2L,,augmented
LL Angle 2L2-1/2X1-1/2X3/16X3/4SLBB,2L,,augmented
TS34X10X1,HSS,,augmented
HSS34X10X1,HSS,,original
TS 34X10X1,HSS,,augmented
HSS 34X10X1,HSS,,original
HSS-34X10X1,HSS,,augmented
HSS_34X10X1,HSS,,augmented
HSS34 X 10X1,HSS,,original
HSS HSS34X10X1,HSS,,augmented
HSS-HSS34X10X1,HSS,,augmented
HSS34X10X1 HSS,HSS,,augmented
HSS 34 X 10 X 1,HSS,,original
HSS34X10X1 A500,HSS,,augmented
HSS34X10X1 Tube,HSS,,augmented
TS34X10X7/8,HSS,,augmented
HSS34X10X7/8,HSS,,original
TS 34X10X7/8,HSS,,augmented
HSS 34X10X7/8,HSS,,original
HSS-34X10X7/8,HSS,,augmented
HSS_34X10X7/8,HSS,,augmented
HSS34 X 10X7/8,HSS,,original
HSS HSS34X10X7/8,HSS,,augmented
HSS-HSS34X10X7/8,HSS,,augmented
HSS34X10X7/8 HSS,HSS,,augmented
HSS 34 X 10 X 7/8,HSS,,original
HSS34X10X7/8 A500,HSS,,augmented
HSS34X10X7/8 Tube,HSS,,augmented
TS34X10X3/4,HSS,,augmented
HSS34X10X3/4,HSS,,original
TS 34X10X3/4,HSS,,augmented
HSS 34X10X3/4,HSS,,original
HSS-34X10X3/4,HSS,,augmented
HSS_34X10X3/4,HSS,,augmented
HSS34 X 10X3/4,HSS,,original
HSS HSS34X10X3/4,HSS,,augmented
HSS-HSS34X10X3/4,HSS,,augmented
HSS34X10X3/4 HSS,HSS,,augmented
HSS 34 X 10 X 3/4,HSS,,original
HSS34X10X3/4 A500,HSS,,augmented
HSS34X10X3/4 Tube,HSS,,augmented
TS34X10X5/8,HSS,,augmented
HSS34X10X5/8,HSS,,original
TS 34X10X5/8,HSS,,augmented
HSS 34X10X5/8,HSS,,original
HSS-34X10X5/8,HSS,,augmented
HSS_34X10X5/8,HSS,,augmented
HSS34 X 10X5/8,HSS,,original
HSS HSS34X10X5/8,HSS,,augmented
HSS-HSS34X10X5/8,HSS,,augmented
HSS34X10X5/8 HSS,HSS,,augmented
HSS 34 X 10 X 5/8,HSS,,original
HSS34X10X5/8 A500,HSS,,augmented
HSS34X10X5/8 Tube,HSS,,augmented
TS30X10X1,HSS,,augmented
HSS30X10X1,HSS,,original
TS 30X10X1,HSS,,augmented
HSS 30X10X1,HSS,,original
HSS-30X10X1,HSS,,augmented
HSS_30X10X1,HSS,,augmented
HSS30 X 10X1,HSS,,original
HSS HSS30X10X1,HSS,,augmented
HSS-HSS30X10X1,HSS,,augmented
HSS30X10X1 HSS,HSS,,augmented
HSS 30 X 10 X 1,HSS,,original
HSS30X10X1 A500,HSS,,augmented
HSS30X10X1 Tube,HSS,,augmented
TS30X10X7/8,HSS,,augmented
HSS30X10X7/8,HSS,,original
TS 30X10X7/8,HSS,,augmented
HSS 30X10X7/8,HSS,,original
HSS-30X10X7/8,HSS,,augmented
HSS_30X10X7/8,HSS,,augmented
HSS30 X 10X7/8,HSS,,original
HSS HSS30X10X7/8,HSS,,augmented
HSS-HSS30X10X7/8,HSS,,augmented
HSS30X10X7/8 HSS,HSS,,augmented
HSS 30 X 10 X 7/8,HSS,,original
HSS30X10X7/8 A500,HSS,,augmented
HSS30X10X7/8 Tube,HSS,,augmented
TS30X10X3/4,HSS,,augmented
HSS30X10X3/4,HSS,,original
TS 30X10X3/4,HSS,,augmented
HSS 30X10X3/4,HSS,,original
HSS-30X10X3/4,HSS,,augmented
HSS_30X10X3/4,HSS,,augmented
HSS30 X 10X3/4,HSS,,original
HSS HSS30X10X3/4,HSS,,augmented
HSS-HSS30X10X3/4,HSS,,augmented
HSS30X10X3/4 HSS,HSS,,augmented
HSS 30 X 10 X 3/4,HSS,,original
HSS30X10X3/4 A500,HSS,,augmented
HSS30X10X3/4 Tube,HSS,,augmented
TS30X10X5/8,HSS,,augmented
HSS30X10X5/8,HSS,,original
TS 30X10X5/8,HSS,,augmented
HSS 30X10X5/8,HSS,,original
HSS-30X10X5/8,HSS,,augmented
HSS_30X10X5/8,HSS,,augmented
HSS30 X 10X5/8,HSS,,original
HSS HSS30X10X5/8,HSS,,augmented
HSS-HSS30X10X5/8,HSS,,augmented
HSS30X10X5/8 HSS,HSS,,augmented
HSS 30 X 10 X 5/8,HSS,,original
HSS30X10X5/8 A500,HSS,,augmented
HSS30X10X5/8 Tube,HSS,,augmented
TS30X10X1/2,HSS,,augmented
HSS30X10X1/2,HSS,,original
TS 30X10X1/2,HSS,,augmented
HSS 30X10X1/2,HSS,,original
HSS-30X10X1/2,HSS,,augmented
HSS_30X10X1/2,HSS,,augmented
HSS30 X 10X1/2,HSS,,original
HSS HSS30X10X1/2,HSS,,augmented
HSS-HSS30X10X1/2,HSS,,augmented
HSS30X10X1/2 HSS,HSS,,augmented
HSS 30 X 10 X 1/2,HSS,,original
HSS30X10X1/2 A500,HSS,,augmented
HSS30X10X1/2 Tube,HSS,,augmented
TS24X20X3/4,HSS,,augmented
HSS24X20X3/4,HSS,,original
TS 24X20X3/4,HSS,,augmented
HSS 24X20X3/4,HSS,,original
HSS-24X20X3/4,HSS,,augmented
HSS_24X20X3/4,HSS,,augmented
HSS24 X 20X3/4,HSS,,original
HSS HSS24X20X3/4,HSS,,augmented
HSS-HSS24X20X3/4,HSS,,augmented
HSS24X20X3/4 HSS,HSS,,augmented
HSS 24 X 20 X 3/4,HSS,,original
HSS24X20X3/4 A500,HSS,,augmented
HSS24X20X3/4 Tube,HSS,,augmented
TS24X20X5/8,HSS,,augmented
HSS24X20X5/8,HSS,,original
TS 24X20X5/8,HSS,,augmented
HSS 24X20X5/8,HSS,,original
HSS-24X20X5/8,HSS,,augmented
HSS_24X20X5/8,HSS,,augmented
HSS24 X 20X5/8,HSS,,original
HSS HSS24X20X5/8,HSS,,augmented
HSS-HSS24X20X5/8,HSS,,augmented
HSS24X20X5/8 HSS,HSS,,augmented
HSS 24 X 20 X 5/8,HSS,,original
HSS24X20X5/8 A500,HSS,,augmented
HSS24X20X5/8 Tube,HSS,,augmented
TS24X20X1/2,HSS,,augmented
HSS24X20X1/2,HSS,,original
TS 24X20X1/2,HSS,,augmented
HSS 24X20X1/2,HSS,,original
HSS-24X20X1/2,HSS,,augmented
HSS_24X20X1/2,HSS,,augmented
HSS24 X 20X1/2,HSS,,original
HSS HSS24X20X1/2,HSS,,augmented
HSS-HSS24X20X1/2,HSS,,augmented
HSS24X20X1/2 HSS,HSS,,augmented
HSS 24 X 20 X 1/2,HSS,,original
HSS24X20X1/2 A500,HSS,,augmented
HSS24X20X1/2 Tube,HSS,,augmented
TS24X20X3/8,HSS,,augmented
HSS24X20X3/8,HSS,,original
TS 24X20X3/8,HSS,,augmented
HSS 24X20X3/8,HSS,,original
HSS-24X20X3/8,HSS,,augmented
HSS_24X20X3/8,HSS,,augmented
HSS24 X 20X3/8,HSS,,original
HSS HSS24X20X3/8,HSS,,augmented
HSS-HSS24X20X3/8,HSS,,augmented
HSS24X20X3/8 HSS,HSS,,augmented
HSS 24 X 20 X 3/8,HSS,,original
HSS24X20X3/8 A500,HSS,,augmented
HSS24X20X3/8 Tube,HSS,,augmented
TS24X20X5/16,HSS,,augmented
HSS24X20X5/16,HSS,,original
TS 24X20X5/16,HSS,,augmented
HSS 24X20X5/16,HSS,,original
HSS-24X20X5/16,HSS,,augmented
HSS_24X20X5/16,HSS,,augmented
HSS24 X 20X5/16,HSS,,original
HSS HSS24X20X5/16,HSS,,augmented
HSS-HSS24X20X5/16,HSS,,augmented
HSS24X20X5/16 HSS,HSS,,augmented
HSS 24 X 20 X 5/16,HSS,,original
HSS24X20X5/16 A500,HSS,,augmented
HSS24X20X5/16 Tube,HSS,,augmented
TS24X18X3/4,HSS,,augmented
HSS24X18X3/4,HSS,,original
TS 24X18X3/4,HSS,,augmented
HSS 24X18X3/4,HSS,,original
HSS-24X18X3/4,HSS,,augmented
HSS_24X18X3/4,HSS,,augmented
HSS24 X 18X3/4,HSS,,original
HSS HSS24X18X3/4,HSS,,augmented
HSS-HSS24X18X3/4,HSS,,augmented
HSS24X18X3/4 HSS,HSS,,augmented
HSS 24 X 18 X 3/4,HSS,,original
HSS24X18X3/4 A500,HSS,,augmented
HSS24X18X3/4 Tube,HSS,,augmented
TS24X18X5/8,HSS,,augmented
HSS24X18X5/8,HSS,,original
TS 24X18X5/8,HSS,,augmented
HSS 24X18X5/8,HSS,,original
HSS-24X18X5/8,HSS,,augmented
HSS_24X18X5/8,HSS,,augmented
HSS24 X 18X5/8,HSS,,original
HSS HSS24X18X5/8,HSS,,augmented
HSS-HSS24X18X5/8,HSS,,augmented
HSS24X18X5/8 HSS,HSS,,augmented
HSS 24 X 18 X 5/8,HSS,,original
HSS24X18X5/8 A500,HSS,,augmented
HSS24X18X5/8 Tube,HSS,,augmented
TS24X18X1/2,HSS,,augmented
HSS24X18X1/2,HSS,,original
TS 24X18X1/2,HSS,,augmented
HSS 24X18X1/2,HSS,,original
HSS-24X18X1/2,HSS,,augmented
HSS_24X18X1/2,HSS,,augmented
HSS24 X 18X1/2,HSS,,original
HSS HSS24X18X1/2,HSS,,augmented
HSS-HSS24X18X1/2,HSS,,augmented
HSS24X18X1/2 HSS,HSS,,augmented
HSS 24 X 18 X 1/2,HSS,,original
HSS24X18X1/2 A500,HSS,,augmented
HSS24X18X1/2 Tube,HSS,,augmented
TS24X18X3/8,HSS,,augmented
HSS24X18X3/8,HSS,,original
TS 24X18X3/8,HSS,,augmented
HSS 24X18X3/8,HSS,,original
HSS-24X18X3/8,HSS,,augmented
HSS_24X18X3/8,HSS,,augmented
HSS24 X 18X3/8,HSS,,original
HSS HSS24X18X3/8,HSS,,augmented
HSS-HSS24X18X3/8,HSS,,augmented
HSS24X18X3/8 HSS,HSS,,augmented
HSS 24 X 18 X 3/8,HSS,,original
HSS24X18X3/8 A500,HSS,,augmented
HSS24X18X3/8 Tube,HSS,,augmented
TS24X18X5/16,HSS,,augmented
HSS24X18X5/16,HSS,,original
TS 24X18X5/16,HSS,,augmented
HSS 24X18X5/16,HSS,,original
HSS-24X18X5/16,HSS,,augmented
HSS_24X18X5/16,HSS,,augmented
HSS24 X 18X5/16,HSS,,original
HSS HSS24X18X5/16,HSS,,augmented
HSS-HSS24X18X5/16,HSS,,augmented
HSS24X18X5/16 HSS,HSS,,augmented
HSS 24 X 18 X 5/16,HSS,,original
HSS24X18X5/16 A500,HSS,,augmented
HSS24X18X5/16 Tube,HSS,,augmented
TS24X16X3/4,HSS,,augmented
HSS24X16X3/4,HSS,,original
TS 24X16X3/4,HSS,,augmented
HSS 24X16X3/4,HSS,,original
HSS-24X16X3/4,HSS,,augmented
HSS_24X16X3/4,HSS,,augmented
HSS24 X 16X3/4,HSS,,original
HSS HSS24X16X3/4,HSS,,augmented
HSS-HSS24X16X3/4,HSS,,augmented
HSS24X16X3/4 HSS,HSS,,augmented
HSS 24 X 16 X 3/4,HSS,,original
HSS24X16X3/4 A500,HSS,,augmented
HSS24X16X3/4 Tube,HSS,,augmented
TS24X16X5/8,HSS,,augmented
HSS24X16X5/8,HSS,,original
TS 24X16X5/8,HSS,,augmented
HSS 24X16X5/8,HSS,,original
HSS-24X16X5/8,HSS,,augmented
HSS_24X16X5/8,HSS,,augmented
HSS24 X 16X5/8,HSS,,original
HSS HSS24X16X5/8,HSS,,augmented
HSS-HSS24X16X5/8,HSS,,augmented
HSS24X16X5/8 HSS,HSS,,augmented
HSS 24 X 16 X 5/8,HSS,,original
HSS24X16X5/8 A500,HSS,,augmented
HSS24X16X5/8 Tube,HSS,,augmented
TS24X16X1/2,HSS,,augmented
HSS24X16X1/2,HSS,,original
TS 24X16X1/2,HSS,,augmented
HSS 24X16X1/2,HSS,,original
HSS-24X16X1/2,HSS,,augmented
HSS_24X16X1/2,HSS,,augmented
HSS24 X 16X1/2,HSS,,original
HSS HSS24X16X1/2,HSS,,augmented
HSS-HSS24X16X1/2,HSS,,augmented
HSS24X16X1/2 HSS,HSS,,augmented
HSS 24 X 16 X 1/2,HSS,,original
HSS24X16X1/2 A500,HSS,,augmented
HSS24X16X1/2 Tube,HSS,,augmented
TS24X16X3/8,HSS,,augmented
HSS24X16X3/8,HSS,,original
TS 24X16X3/8,HSS,,augmented
HSS 24X16X3/8,HSS,,original
HSS-24X16X3/8,HSS,,augmented
HSS_24X16X3/8,HSS,,augmented
HSS24 X 16X3/8,HSS,,original
HSS HSS24X16X3/8,HSS,,augmented
HSS-HSS24X16X3/8,HSS,,augmented
HSS24X16X3/8 HSS,HSS,,augmented
HSS 24 X 16 X 3/8,HSS,,original
HSS24X16X3/8 A500,HSS,,augmented
HSS24X16X3/8 Tube,HSS,,augmented
TS24X16X5/16,HSS,,augmented
HSS24X16X5/16,HSS,,original
TS 24X16X5/16,HSS,,augmented
HSS 24X16X5/16,HSS,,original
HSS-24X16X5/16,HSS,,augmented
HSS_24X16X5/16,HSS,,augmented
HSS24 X 16X5/16,HSS,,original
HSS HSS24X16X5/16,HSS,,augmented
HSS-HSS24X16X5/16,HSS,,augmented
HSS24X16X5/16 HSS,HSS,,augmented
HSS 24 X 16 X 5/16,HSS,,original
HSS24X16X5/16 A500,HSS,,augmented
HSS24X16X5/16 Tube,HSS,,augmented
TS24X14X3/4,HSS,,augmented
HSS24X14X3/4,HSS,,original
TS 24X14X3/4,HSS,,augmented
HSS 24X14X3/4,HSS,,original
HSS-24X14X3/4,HSS,,augmented
HSS_24X14X3/4,HSS,,augmented
HSS24 X 14X3/4,HSS,,original
HSS HSS24X14X3/4,HSS,,augmented
HSS-HSS24X14X3/4,HSS,,augmented
HSS24X14X3/4 HSS,HSS,,augmented
HSS 24 X 14 X 3/4,HSS,,original
HSS24X14X3/4 A500,HSS,,augmented
HSS24X14X3/4 Tube,HSS,,augmented
TS24X14X5/8,HSS,,augmented
HSS24X14X5/8,HSS,,original
TS 24X14X5/8,HSS,,augmented
HSS 24X14X5/8,HSS,,original
HSS-24X14X5/8,HSS,,augmented
HSS_24X14X5/8,HSS,,augmented
HSS24 X 14X5/8,HSS,,original
HSS HSS24X14X5/8,HSS,,augmented
HSS-HSS24X14X5/8,HSS,,augmented
HSS24X14X5/8 HSS,HSS,,augmented
HSS 24 X 14 X 5/8,HSS,,original
HSS24X14X5/8 A500,HSS,,augmented
HSS24X14X5/8 Tube,HSS,,augmented
TS24X14X1/2,HSS,,augmented
HSS24X14X1/2,HSS,,original
TS 24X14X1/2,HSS,,augmented
HSS 24X14X1/2,HSS,,original
HSS-24X14X1/2,HSS,,augmented
HSS_24X14X1/2,HSS,,augmented
HSS24 X 14X1/2,HSS,,original
HSS HSS24X14X1/2,HSS,,augmented
HSS-HSS24X14X1/2,HSS,,augmented
HSS24X14X1/2 HSS,HSS,,augmented
HSS 24 X 14 X 1/2,HSS,,original
HSS24X14X1/2 A500,HSS,,augmented
HSS24X14X1/2 Tube,HSS,,augmented
TS24X14X3/8,HSS,,augmented
HSS24X14X3/8,HSS,,original
TS 24X14X3/8,HSS,,augmented
HSS 24X14X3/8,HSS,,original
HSS-24X14X3/8,HSS,,augmented
HSS_24X14X3/8,HSS,,augmented
HSS24 X 14X3/8,HSS,,original
HSS HSS24X14X3/8,HSS,,augmented
HSS-HSS24X14X3/8,HSS,,augmented
HSS24X14X3/8 HSS,HSS,,augmented
HSS 24 X 14 X 3/8,HSS,,original
HSS24X14X3/8 A500,HSS,,augmented
HSS24X14X3/8 Tube,HSS,,augmented
TS24X14X5/16,HSS,,augmented
HSS24X14X5/16,HSS,,original
TS 24X14X5/16,HSS,,augmented
HSS 24X14X5/16,HSS,,original
HSS-24X14X5/16,HSS,,augmented
HSS_24X14X5/16,HSS,,augmented
HSS24 X 14X5/16,HSS,,original
HSS HSS24X14X5/16,HSS,,augmented
HSS-HSS24X14X5/16,HSS,,augmented
HSS24X14X5/16 HSS,HSS,,augmented
HSS 24 X 14 X 5/16,HSS,,original
HSS24X14X5/16 A500,HSS,,augmented
HSS24X14X5/16 Tube,HSS,,augmented
TS24X14X1/4,HSS,,augmented
HSS24X14X1/4,HSS,,original
TS 24X14X1/4,HSS,,augmented
HSS 24X14X1/4,HSS,,original
HSS-24X14X1/4,HSS,,augmented
HSS_24X14X1/4,HSS,,augmented
HSS24 X 14X1/4,HSS,,original
HSS HSS24X14X1/4,HSS,,augmented
HSS-HSS24X14X1/4,HSS,,augmented
HSS24X14X1/4 HSS,HSS,,augmented
HSS 24 X 14 X 1/4,HSS,,original
HSS24X14X1/4 A500,HSS,,augmented
HSS24X14X1/4 Tube,HSS,,augmented
TS24X12X1,HSS,,augmented
HSS24X12X1,HSS,,original
TS 24X12X1,HSS,,augmented
HSS 24X12X1,HSS,,original
HSS-24X12X1,HSS,,augmented
HSS_24X12X1,HSS,,augmented
HSS24 X 12X1,HSS,,original
HSS HSS24X12X1,HSS,,augmented
HSS-HSS24X12X1,HSS,,augmented
HSS24X12X1 HSS,HSS,,augmented
HSS 24 X 12 X 1,HSS,,original
HSS24X12X1 A500,HSS,,augmented
HSS24X12X1 Tube,HSS,,augmented
TS24X12X7/8,HSS,,augmented
HSS24X12X7/8,HSS,,original
TS 24X12X7/8,HSS,,augmented
HSS 24X12X7/8,HSS,,original
HSS-24X12X7/8,HSS,,augmented
HSS_24X12X7/8,HSS,,augmented
HSS24 X 12X7/8,HSS,,original
HSS HSS24X12X7/8,HSS,,augmented
HSS-HSS24X12X7/8,HSS,,augmented
HSS24X12X7/8 HSS,HSS,,augmented
HSS 24 X 12 X 7/8,HSS,,original
HSS24X12X7/8 A500,HSS,,augmented
HSS24X12X7/8 Tube,HSS,,augmented
TS24X12X3/4,HSS,,augmented
HSS24X12X3/4,HSS,,original
TS 24X12X3/4,HSS,,augmented
HSS 24X12X3/4,HSS,,original
HSS-24X12X3/4,HSS,,augmented
HSS_24X12X3/4,HSS,,augmented
HSS24 X 12X3/4,HSS,,original
HSS HSS24X12X3/4,HSS,,augmented
HSS-HSS24X12X3/4,HSS,,augmented
HSS24X12X3/4 HSS,HSS,,augmented
HSS 24 X 12 X 3/4,HSS,,original
HSS24X12X3/4 A500,HSS,,augmented
HSS24X12X3/4 Tube,HSS,,augmented
TS24X12X5/8,HSS,,augmented
HSS24X12X5/8,HSS,,original
TS 24X12X5/8,HSS,,augmented
HSS 24X12X5/8,HSS,,original
HSS-24X12X5/8,HSS,,augmented
HSS_24X12X5/8,HSS,,augmented
HSS24 X 12X5/8,HSS,,original
HSS HSS24X12X5/8,HSS,,augmented
HSS-HSS24X12X5/8,HSS,,augmented
HSS24X12X5/8 HSS,HSS,,augmented
HSS 24 X 12 X 5/8,HSS,,original
HSS24X12X5/8 A500,HSS,,augmented
HSS24X12X5/8 Tube,HSS,,augmented
TS24X12X1/2,HSS,,augmented
HSS24X12X1/2,HSS,,original
TS 24X12X1/2,HSS,,augmented
HSS 24X12X1/2,HSS,,original
HSS-24X12X1/2,HSS,,augmented
HSS_24X12X1/2,HSS,,augmented
HSS24 X 12X1/2,HSS,,original
HSS HSS24X12X1/2,HSS,,augmented
HSS-HSS24X12X1/2,HSS,,augmented
HSS24X12X1/2 HSS,HSS,,augmented
HSS 24 X 12 X 1/2,HSS,,original
HSS24X12X1/2 A500,HSS,,augmented
HSS24X12X1/2 Tube,HSS,,augmented
TS24X12X3/8,HSS,,augmented
HSS24X12X3/8,HSS,,original
TS 24X12X3/8,HSS,,augmented
HSS 24X12X3/8,HSS,,original
HSS-24X12X3/8,HSS,,augmented
HSS_24X12X3/8,HSS,,augmented
HSS24 X 12X3/8,HSS,,original
HSS HSS24X12X3/8,HSS,,augmented
HSS-HSS24X12X3/8,HSS,,augmented
HSS24X12X3/8 HSS,HSS,,augmented
HSS 24 X 12 X 3/8,HSS,,original
HSS24X12X3/8 A500,HSS,,augmented
HSS24X12X3/8 Tube,HSS,,augmented
TS24X12X5/16,HSS,,augmented
HSS24X12X5/16,HSS,,original
TS 24X12X5/16,HSS,,augmented
HSS 24X12X5/16,HSS,,original
HSS-24X12X5/16,HSS,,augmented
HSS_24X12X5/16,HSS,,augmented
HSS24 X 12X5/16,HSS,,original
HSS HSS24X12X5/16,HSS,,augmented
HSS-HSS24X12X5/16,HSS,,augmented
HSS24X12X5/16 HSS,HSS,,augmented
HSS 24 X 12 X 5/16,HSS,,original
HSS24X12X5/16 A500,HSS,,augmented
HSS24X12X5/16 Tube,HSS,,augmented
TS24X12X1/4,HSS,,augmented
HSS24X12X1/4,HSS,,original
TS 24X12X1/4,HSS,,augmented
HSS 24X12X1/4,HSS,,original
HSS-24X12X1/4,HSS,,augmented
HSS_24X12X1/4,HSS,,augmented
HSS24 X 12X1/4,HSS,,original
HSS HSS24X12X1/4,HSS,,augmented
HSS-HSS24X12X1/4,HSS,,augmented
HSS24X12X1/4 HSS,HSS,,augmented
HSS 24 X 12 X 1/4,HSS,,original
HSS24X12X1/4 A500,HSS,,augmented
HSS24X12X1/4 Tube,HSS,,augmented
TS24X8X1/2,HSS,,augmented
HSS24X8X1/2,HSS,,original
TS 24X8X1/2,HSS,,augmented
HSS 24X8X1/2,HSS,,original
HSS-24X8X1/2,HSS,,augmented
HSS_24X8X1/2,HSS,,augmented
HSS24 X 8X1/2,HSS,,original
HSS HSS24X8X1/2,HSS,,augmented
HSS-HSS24X8X1/2,HSS,,augmented
HSS24X8X1/2 HSS,HSS,,augmented
HSS 24 X 8 X 1/2,HSS,,original
HSS24X8X1/2 A500,HSS,,augmented
HSS24X8X1/2 Tube,HSS,,augmented
TS24X8X3/8,HSS,,augmented
HSS24X8X3/8,HSS,,original
TS 24X8X3/8,HSS,,augmented
HSS 24X8X3/8,HSS,,original
HSS-24X8X3/8,HSS,,augmented
HSS_24X8X3/8,HSS,,augmented
HSS24 X 8X3/8,HSS,,original
HSS HSS24X8X3/8,HSS,,augmented
HSS-HSS24X8X3/8,HSS,,augmented
HSS24X8X3/8 HSS,HSS,,augmented
HSS 24 X 8 X 3/8,HSS,,original
HSS24X8X3/8 A500,HSS,,augmented
HSS24X8X3/8 Tube,HSS,,augmented
TS24X8X5/16,HSS,,augmented
HSS24X8X5/16,HSS,,original
TS 24X8X5/16,HSS,,augmented
HSS 24X8X5/16,HSS,,original
HSS-24X8X5/16,HSS,,augmented
HSS_24X8X5/16,HSS,,augmented
HSS24 X 8X5/16,HSS,,original
HSS HSS24X8X5/16,HSS,,augmented
HSS-HSS24X8X5/16,HSS,,augmented
HSS24X8X5/16 HSS,HSS,,augmented
HSS 24 X 8 X 5/16,HSS,,original
HSS24X8X5/16 A500,HSS,,augmented
HSS24X8X5/16 Tube,HSS,,augmented
TS24X8X1/4,HSS,,augmented
HSS24X8X1/4,HSS,,original
TS 24X8X1/4,HSS,,augmented
HSS 24X8X1/4,HSS,,original
HSS-24X8X1/4,HSS,,augmented
HSS_24X8X1/4,HSS,,augmented
HSS24 X 8X1/4,HSS,,original
HSS HSS24X8X1/4,HSS,,augmented
HSS-HSS24X8X1/4,HSS,,augmented
HSS24X8X1/4 HSS,HSS,,augmented
HSS 24 X 8 X 1/4,HSS,,original
HSS24X8X1/4 A500,HSS,,augmented
HSS24X8X1/4 Tube,HSS,,augmented
TS22X22X1,HSS,,augmented
HSS22X22X1,HSS,,original
TS 22X22X1,HSS,,augmented
HSS 22X22X1,HSS,,original
HSS-22X22X1,HSS,,augmented
HSS_22X22X1,HSS,,augmented
HSS22 X 22X1,HSS,,original
HSS HSS22X22X1,HSS,,augmented
HSS-HSS22X22X1,HSS,,augmented
HSS22X22X1 HSS,HSS,,augmented
HSS 22 X 22 X 1,HSS,,original
HSS22X22X1 A500,HSS,,augmented
HSS22X22X1 Tube,HSS,,augmented
TS22X22X7/8,HSS,,augmented
HSS22X22X7/8,HSS,,original
TS 22X22X7/8,HSS,,augmented
HSS 22X22X7/8,HSS,,original
HSS-22X22X7/8,HSS,,augmented
HSS_22X22X7/8,HSS,,augmented
HSS22 X 22X7/8,HSS,,original
HSS HSS22X22X7/8,HSS,,augmented
HSS-HSS22X22X7/8,HSS,,augmented
HSS22X22X7/8 HSS,HSS,,augmented
HSS 22 X 22 X 7/8,HSS,,original
HSS22X22X7/8 A500,HSS,,augmented
HSS22X22X7/8 Tube,HSS,,augmented
TS22X22X3/4,HSS,,augmented
HSS22X22X3/4,HSS,,original
TS 22X22X3/4,HSS,,augmented
HSS 22X22X3/4,HSS,,original
HSS-22X22X3/4,HSS,,augmented
HSS_22X22X3/4,HSS,,augmented
HSS22 X 22X3/4,HSS,,original
HSS HSS22X22X3/4,HSS,,augmented
HSS-HSS22X22X3/4,HSS,,augmented
HSS22X22X3/4 HSS,HSS,,augmented
HSS 22 X 22 X 3/4,HSS,,original
HSS22X22X3/4 A500,HSS,,augmented
HSS22X22X3/4 Tube,HSS,,augmented
TS22X22X5/8,HSS,,augmented
HSS22X22X5/8,HSS,,original
TS 22X22X5/8,HSS,,augmented
HSS 22X22X5/8,HSS,,original
HSS-22X22X5/8,HSS,,augmented
HSS_22X22X5/8,HSS,,augmented
HSS22 X 22X5/8,HSS,,original
HSS HSS22X22X5/8,HSS,,augmented
HSS-HSS22X22X5/8,HSS,,augmented
HSS22X22X5/8 HSS,HSS,,augmented
HSS 22 X 22 X 5/8,HSS,,original
HSS22X22X5/8 A500,HSS,,augmented
HSS22X22X5/8 Tube,HSS,,augmented
TS22X22X1/2,HSS,,augmented
HSS22X22X1/2,HSS,,original
TS 22X22X1/2,HSS,,augmented
HSS 22X22X1/2,HSS,,original
HSS-22X22X1/2,HSS,,augmented
HSS_22X22X1/2,HSS,,augmented
HSS22 X 22X1/2,HSS,,original
HSS HSS22X22X1/2,HSS,,augmented
HSS-HSS22X22X1/2,HSS,,augmented
HSS22X22X1/2 HSS,HSS,,augmented
HSS 22 X 22 X 1/2,HSS,,original
HSS22X22X1/2 A500,HSS,,augmented
HSS22X22X1/2 Tube,HSS,,augmented
TS22X20X3/4,HSS,,augmented
HSS22X20X3/4,HSS,,original
TS 22X20X3/4,HSS,,augmented
HSS 22X20X3/4,HSS,,original
HSS-22X20X3/4,HSS,,augmented
HSS_22X20X3/4,HSS,,augmented
HSS22 X 20X3/4,HSS,,original
HSS HSS22X20X3/4,HSS,,augmented
HSS-HSS22X20X3/4,HSS,,augmented
HSS22X20X3/4 HSS,HSS,,augmented
HSS 22 X 20 X 3/4,HSS,,original
HSS22X20X3/4 A500,HSS,,augmented
HSS22X20X3/4 Tube,HSS,,augmented
TS22X20X5/8,HSS,,augmented
HSS22X20X5/8,HSS,,original
TS 22X20X5/8,HSS,,augmented
HSS 22X20X5/8,HSS,,original
HSS-22X20X5/8,HSS,,augmented
HSS_22X20X5/8,HSS,,augmented
HSS22 X 20X5/8,HSS,,original
HSS HSS22X20X5/8,HSS,,augmented
HSS-HSS22X20X5/8,HSS,,augmented
HSS22X20X5/8 HSS,HSS,,augmented
HSS 22 X 20 X 5/8,HSS,,original
HSS22X20X5/8 A500,HSS,,augmented
HSS22X20X5/8 Tube,HSS,,augmented
TS22X20X1/2,HSS,,augmented
HSS22X20X1/2,HSS,,original
TS 22X20X1/2,HSS,,augmented
HSS 22X20X1/2,HSS,,original
HSS-22X20X1/2,HSS,,augmented
HSS_22X20X1/2,HSS,,augmented
HSS22 X 20X1/2,HSS,,original
HSS HSS22X20X1/2,HSS,,augmented
HSS-HSS22X20X1/2,HSS,,augmented
HSS22X20X1/2 HSS,HSS,,augmented
HSS 22 X 20 X 1/2,HSS,,original
HSS22X20X1/2 A500,HSS,,augmented
HSS22X20X1/2 Tube,HSS,,augmented
TS22X20X3/8,HSS,,augmented
HSS22X20X3/8,HSS,,original
TS 22X20X3/8,HSS,,augmented
HSS 22X20X3/8,HSS,,original
HSS-22X20X3/8,HSS,,augmented
HSS_22X20X3/8,HSS,,augmented
HSS22 X 20X3/8,HSS,,original
HSS HSS22X20X3/8,HSS,,augmented
HSS-HSS22X20X3/8,HSS,,augmented
HSS22X20X3/8 HSS,HSS,,augmented
HSS 22 X 20 X 3/8,HSS,,original
HSS22X20X3/8 A500,HSS,,augmented
HSS22X20X3/8 Tube,HSS,,augmented
TS22X20X5/16,HSS,,augmented
HSS22X20X5/16,HSS,,original
TS 22X20X5/16,HSS,,augmented
HSS 22X20X5/16,HSS,,original
HSS-22X20X5/16,HSS,,augmented
HSS_22X20X5/16,HSS,,augmented
HSS22 X 20X5/16,HSS,,original
HSS HSS22X20X5/16,HSS,,augmented
HSS-HSS22X20X5/16,HSS,,augmented
HSS22X20X5/16 HSS,HSS,,augmented
HSS 22 X 20 X 5/16,HSS,,original
HSS22X20X5/16 A500,HSS,,augmented
HSS22X20X5/16 Tube,HSS,,augmented
TS22X18X3/4,HSS,,augmented
HSS22X18X3/4,HSS,,original
TS 22X18X3/4,HSS,,augmented
HSS 22X18X3/4,HSS,,original
HSS-22X18X3/4,HSS,,augmented
HSS_22X18X3/4,HSS,,augmented
HSS22 X 18X3/4,HSS,,original
HSS HSS22X18X3/4,HSS,,augmented
HSS-HSS22X18X3/4,HSS,,augmented
HSS22X18X3/4 HSS,HSS,,augmented
HSS 22 X 18 X 3/4,HSS,,original
HSS22X18X3/4 A500,HSS,,augmented
HSS22X18X3/4 Tube,HSS,,augmented
TS22X18X5/8,HSS,,augmented
HSS22X18X5/8,HSS,,original
TS 22X18X5/8,HSS,,augmented
HSS 22X18X5/8,HSS,,original
HSS-22X18X5/8,HSS,,augmented
HSS_22X18X5/8,HSS,,augmented
HSS22 X 18X5/8,HSS,,original
HSS HSS22X18X5/8,HSS,,augmented
HSS-HSS22X18X5/8,HSS,,augmented
HSS22X18X5/8 HSS,HSS,,augmented
HSS 22 X 18 X 5/8,HSS,,original
HSS22X18X5/8 A500,HSS,,augmented
HSS22X18X5/8 Tube,HSS,,augmented
TS22X18X1/2,HSS,,augmented
HSS22X18X1/2,HSS,,original
TS 22X18X1/2,HSS,,augmented
HSS 22X18X1/2,HSS,,original
HSS-22X18X1/2,HSS,,augmented
HSS_22X18X1/2,HSS,,augmented
HSS22 X 18X1/2,HSS,,original
HSS HSS22X18X1/2,HSS,,augmented
HSS-HSS22X18X1/2,HSS,,augmented
HSS22X18X1/2 HSS,HSS,,augmented
HSS 22 X 18 X 1/2,HSS,,original
HSS22X18X1/2 A500,HSS,,augmented
HSS22X18X1/2 Tube,HSS,,augmented
TS22X18X3/8,HSS,,augmented
HSS22X18X3/8,HSS,,original
TS 22X18X3/8,HSS,,augmented
HSS 22X18X3/8,HSS,,original
HSS-22X18X3/8,HSS,,augmented
HSS_22X18X3/8,HSS,,augmented
HSS22 X 18X3/8,HSS,,original
HSS HSS22X18X3/8,HSS,,augmented
HSS-HSS22X18X3/8,HSS,,augmented
HSS22X18X3/8 HSS,HSS,,augmented
HSS 22 X 18 X 3/8,HSS,,original
HSS22X18X3/8 A500,HSS,,augmented
HSS22X18X3/8 Tube,HSS,,augmented
TS22X18X5/16,HSS,,augmented
HSS22X18X5/16,HSS,,original
TS 22X18X5/16,HSS,,augmented
HSS 22X18X5/16,HSS,,original
HSS-22X18X5/16,HSS,,augmented
HSS_22X18X5/16,HSS,,augmented
HSS22 X 18X5/16,HSS,,original
HSS HSS22X18X5/16,HSS,,augmented
HSS-HSS22X18X5/16,HSS,,augmented
HSS22X18X5/16 HSS,HSS,,augmented
HSS 22 X 18 X 5/16,HSS,,original
HSS22X18X5/16 A500,HSS,,augmented
HSS22X18X5/16 Tube,HSS,,augmented
TS22X16X3/4,HSS,,augmented
HSS22X16X3/4,HSS,,original
TS 22X16X3/4,HSS,,augmented
HSS 22X16X3/4,HSS,,original
HSS-22X16X3/4,HSS,,augmented
HSS_22X16X3/4,HSS,,augmented
HSS22 X 16X3/4,HSS,,original
HSS HSS22X16X3/4,HSS,,augmented
HSS-HSS22X16X3/4,HSS,,augmented
HSS22X16X3/4 HSS,HSS,,augmented
HSS 22 X 16 X 3/4,HSS,,original
HSS22X16X3/4 A500,HSS,,augmented
HSS22X16X3/4 Tube,HSS,,augmented
TS22X16X5/8,HSS,,augmented
HSS22X16X5/8,HSS,,original
TS 22X16X5/8,HSS,,augmented
HSS 22X16X5/8,HSS,,original
HSS-22X16X5/8,HSS,,augmented
HSS_22X16X5/8,HSS,,augmented
HSS22 X 16X5/8,HSS,,original
HSS HSS22X16X5/8,HSS,,augmented
HSS-HSS22X16X5/8,HSS,,augmented
HSS22X16X5/8 HSS,HSS,,augmented
HSS 22 X 16 X 5/8,HSS,,original
HSS22X16X5/8 A500,HSS,,augmented
HSS22X16X5/8 Tube,HSS,,augmented
TS22X16X1/2,HSS,,augmented
HSS22X16X1/2,HSS,,original
TS 22X16X1/2,HSS,,augmented
HSS 22X16X1/2,HSS,,original
HSS-22X16X1/2,HSS,,augmented
HSS_22X16X1/2,HSS,,augmented
HSS22 X 16X1/2,HSS,,original
HSS HSS22X16X1/2,HSS,,augmented
HSS-HSS22X16X1/2,HSS,,augmented
HSS22X16X1/2 HSS,HSS,,augmented
HSS 22 X 16 X 1/2,HSS,,original
HSS22X16X1/2 A500,HSS,,augmented
HSS22X16X1/2 Tube,HSS,,augmented
TS22X16X3/8,HSS,,augmented
HSS22X16X3/8,HSS,,original
TS 22X16X3/8,HSS,,augmented
HSS 22X16X3/8,HSS,,original
HSS-22X16X3/8,HSS,,augmented
HSS_22X16X3/8,HSS,,augmented
HSS22 X 16X3/8,HSS,,original
HSS HSS22X16X3/8,HSS,,augmented
HSS-HSS22X16X3/8,HSS,,augmented
HSS22X16X3/8 HSS,HSS,,augmented
HSS 22 X 16 X 3/8,HSS,,original
HSS22X16X3/8 A500,HSS,,augmented
HSS22X16X3/8 Tube,HSS,,augmented
TS22X16X5/16,HSS,,augmented
HSS22X16X5/16,HSS,,original
TS 22X16X5/16,HSS,,augmented
HSS 22X16X5/16,HSS,,original
HSS-22X16X5/16,HSS,,augmented
HSS_22X16X5/16,HSS,,augmented
HSS22 X 16X5/16,HSS,,original
HSS HSS22X16X5/16,HSS,,augmented
HSS-HSS22X16X5/16,HSS,,augmented
HSS22X16X5/16 HSS,HSS,,augmented
HSS 22 X 16 X 5/16,HSS,,original
HSS22X16X5/16 A500,HSS,,augmented
HSS22X16X5/16 Tube,HSS,,augmented
TS22X16X1/4,HSS,,augmented
HSS22X16X1/4,HSS,,original
TS 22X16X1/4,HSS,,augmented
HSS 22X16X1/4,HSS,,original
HSS-22X16X1/4,HSS,,augmented
HSS_22X16X1/4,HSS,,augmented
HSS22 X 16X1/4,HSS,,original
HSS HSS22X16X1/4,HSS,,augmented
HSS-HSS22X16X1/4,HSS,,augmented
HSS22X16X1/4 HSS,HSS,,augmented
HSS 22 X 16 X 1/4,HSS,,original
HSS22X16X1/4 A500,HSS,,augmented
HSS22X16X1/4 Tube,HSS,,augmented
TS22X14X3/4,HSS,,augmented
HSS22X14X3/4,HSS,,original
TS 22X14X3/4,HSS,,augmented
HSS 22X14X3/4,HSS,,original
HSS-22X14X3/4,HSS,,augmented
HSS_22X14X3/4,HSS,,augmented
HSS22 X 14X3/4,HSS,,original
HSS HSS22X14X3/4,HSS,,augmented
HSS-HSS22X14X3/4,HSS,,augmented
HSS22X14X3/4 HSS,HSS,,augmented
HSS 22 X 14 X 3/4,HSS,,original
HSS22X14X3/4 A500,HSS,,augmented
HSS22X14X3/4 Tube,HSS,,augmented
TS22X14X5/8,HSS,,augmented
HSS22X14X5/8,HSS,,original
TS 22X14X5/8,HSS,,augmented
HSS 22X14X5/8,HSS,,original
HSS-22X14X5/8,HSS,,augmented
HSS_22X14X5/8,HSS,,augmented
HSS22 X 14X5/8,HSS,,original
HSS HSS22X14X5/8,HSS,,augmented
HSS-HSS22X14X5/8,HSS,,augmented
HSS22X14X5/8 HSS,HSS,,augmented
HSS 22 X 14 X 5/8,HSS,,original
HSS22X14X5/8 A500,HSS,,augmented
HSS22X14X5/8 Tube,HSS,,augmented
TS22X14X1/2,HSS,,augmented
HSS22X14X1/2,HSS,,original
TS 22X14X1/2,HSS,,augmented
HSS 22X14X1/2,HSS,,original
HSS-22X14X1/2,HSS,,augmented
HSS_22X14X1/2,HSS,,augmented
HSS22 X 14X1/2,HSS,,original
HSS HSS22X14X1/2,HSS,,augmented
HSS-HSS22X14X1/2,HSS,,augmented
HSS22X14X1/2 HSS,HSS,,augmented
HSS 22 X 14 X 1/2,HSS,,original
HSS22X14X1/2 A500,HSS,,augmented
HSS22X14X1/2 Tube,HSS,,augmented
TS22X14X3/8,HSS,,augmented
HSS22X14X3/8,HSS,,original
TS 22X14X3/8,HSS,,augmented
HSS 22X14X3/8,HSS,,original
HSS-22X14X3/8,HSS,,augmented
HSS_22X14X3/8,HSS,,augmented
HSS22 X 14X3/8,HSS,,original
HSS HSS22X14X3/8,HSS,,augmented
HSS-HSS22X14X3/8,HSS,,augmented
HSS22X14X3/8 HSS,HSS,,augmented
HSS 22 X 14 X 3/8,HSS,,original
HSS22X14X3/8 A500,HSS,,augmented
HSS22X14X3/8 Tube,HSS,,augmented
TS22X14X5/16,HSS,,augmented
HSS22X14X5/16,HSS,,original
TS 22X14X5/16,HSS,,augmented
HSS 22X14X5/16,HSS,,original
HSS-22X14X5/16,HSS,,augmented
HSS_22X14X5/16,HSS,,augmented
HSS22 X 14X5/16,HSS,,original
HSS HSS22X14X5/16,HSS,,augmented
HSS-HSS22X14X5/16,HSS,,augmented
HSS22X14X5/16 HSS,HSS,,augmented
HSS 22 X 14 X 5/16,HSS,,original
HSS22X14X5/16 A500,HSS,,augmented
HSS22X14X5/16 Tube,HSS,,augmented
TS22X14X1/4,HSS,,augmented
HSS22X14X1/4,HSS,,original
TS 22X14X1/4,HSS,,augmented
HSS 22X14X1/4,HSS,,original
HSS-22X14X1/4,HSS,,augmented
HSS_22X14X1/4,HSS,,augmented
HSS22 X 14X1/4,HSS,,original
HSS HSS22X14X1/4,HSS,,augmented
HSS-HSS22X14X1/4,HSS,,augmented
HSS22X14X1/4 HSS,HSS,,augmented
HSS 22 X 14 X 1/4,HSS,,original
HSS22X14X1/4 A500,HSS,,augmented
HSS22X14X1/4 Tube,HSS,,augmented
TS22X10X5/8,HSS,,augmented
HSS22X10X5/8,HSS,,original
TS 22X10X5/8,HSS,,augmented
HSS 22X10X5/8,HSS,,original
HSS-22X10X5/8,HSS,,augmented
HSS_22X10X5/8,HSS,,augmented
HSS22 X 10X5/8,HSS,,original
HSS HSS22X10X5/8,HSS,,augmented
HSS-HSS22X10X5/8,HSS,,augmented
HSS22X10X5/8 HSS,HSS,,augmented
HSS 22 X 10 X 5/8,HSS,,original
HSS22X10X5/8 A500,HSS,,augmented
HSS22X10X5/8 Tube,HSS,,augmented
TS22X10X1/2,HSS,,augmented
HSS22X10X1/2,HSS,,original
TS 22X10X1/2,HSS,,augmented
HSS 22X10X1/2,HSS,,original
HSS-22X10X1/2,HSS,,augmented
HSS_22X10X1/2,HSS,,augmented
HSS22 X 10X1/2,HSS,,original
HSS HSS22X10X1/2,HSS,,augmented
HSS-HSS22X10X1/2,HSS,,augmented
HSS22X10X1/2 HSS,HSS,,augmented
HSS 22 X 10 X 1/2,HSS,,original
HSS22X10X1/2 A500,HSS,,augmented
HSS22X10X1/2 Tube,HSS,,augmented
TS22X10X3/8,HSS,,augmented
HSS22X10X3/8,HSS,,original
TS 22X10X3/8,HSS,,augmented
HSS 22X10X3/8,HSS,,original
HSS-22X10X3/8,HSS,,augmented
HSS_22X10X3/8,HSS,,augmented
HSS22 X 10X3/8,HSS,,original
HSS HSS22X10X3/8,HSS,,augmented
HSS-HSS22X10X3/8,HSS,,augmented
HSS22X10X3/8 HSS,HSS,,augmented
HSS 22 X 10 X 3/8,HSS,,original
HSS22X10X3/8 A500,HSS,,augmented
HSS22X10X3/8 Tube,HSS,,augmented
TS22X10X5/16,HSS,,augmented
HSS22X10X5/16,HSS,,original
TS 22X10X5/16,HSS,,augmented
HSS 22X10X5/16,HSS,,original
HSS-22X10X5/16,HSS,,augmented
HSS_22X10X5/16,HSS,,augmented
HSS22 X 10X5/16,HSS,,original
HSS HSS22X10X5/16,HSS,,augmented
HSS-HSS22X10X5/16,HSS,,augmented
HSS22X10X5/16 HSS,HSS,,augmented
HSS 22 X 10 X 5/16,HSS,,original
HSS22X10X5/16 A500,HSS,,augmented
HSS22X10X5/16 Tube,HSS,,augmented
TS22X10X1/4,HSS,,augmented
HSS22X10X1/4,HSS,,original
TS 22X10X1/4,HSS,,augmented
HSS 22X10X1/4,HSS,,original
HSS-22X10X1/4,HSS,,augmented
HSS_22X10X1/4,HSS,,augmented
HSS22 X 10X1/4,HSS,,original
HSS HSS22X10X1/4,HSS,,augmented
HSS-HSS22X10X1/4,HSS,,augmented
HSS22X10X1/4 HSS,HSS,,augmented
HSS 22 X 10 X 1/4,HSS,,original
HSS22X10X1/4 A500,HSS,,augmented
HSS22X10X1/4 Tube,HSS,,augmented
TS20X20X1,HSS,,augmented
HSS20X20X1,HSS,,original
TS 20X20X1,HSS,,augmented
HSS 20X20X1,HSS,,original
HSS-20X20X1,HSS,,augmented
HSS_20X20X1,HSS,,augmented
HSS20 X 20X1,HSS,,original
HSS HSS20X20X1,HSS,,augmented
HSS-HSS20X20X1,HSS,,augmented
HSS20X20X1 HSS,HSS,,augmented
HSS 20 X 20 X 1,HSS,,original
HSS20X20X1 A500,HSS,,augmented
HSS20X20X1 Tube,HSS,,augmented
TS20X20X7/8,HSS,,augmented
HSS20X20X7/8,HSS,,original
TS 20X20X7/8,HSS,,augmented
HSS 20X20X7/8,HSS,,original
HSS-20X20X7/8,HSS,,augmented
HSS_20X20X7/8,HSS,,augmented
HSS20 X 20X7/8,HSS,,original
HSS HSS20X20X7/8,HSS,,augmented
HSS-HSS20X20X7/8,HSS,,augmented
HSS20X20X7/8 HSS,HSS,,augmented
HSS 20 X 20 X 7/8,HSS,,original
HSS20X20X7/8 A500,HSS,,augmented
HSS20X20X7/8 Tube,HSS,,augmented
TS20X20X3/4,HSS,,augmented
HSS20X20X3/4,HSS,,original
TS 20X20X3/4,HSS,,augmented
HSS 20X20X3/4,HSS,,original
HSS-20X20X3/4,HSS,,augmented
HSS_20X20X3/4,HSS,,augmented
HSS20 X 20X3/4,HSS,,original
HSS HSS20X20X3/4,HSS,,augmented
HSS-HSS20X20X3/4,HSS,,augmented
HSS20X20X3/4 HSS,HSS,,augmented
HSS 20 X 20 X 3/4,HSS,,original
HSS20X20X3/4 A500,HSS,,augmented
HSS20X20X3/4 Tube,HSS,,augmented
TS20X20X5/8,HSS,,augmented
HSS20X20X5/8,HSS,,original
TS 20X20X5/8,HSS,,augmented
HSS 20X20X5/8,HSS,,original
HSS-20X20X5/8,HSS,,augmented
HSS_20X20X5/8,HSS,,augmented
HSS20 X 20X5/8,HSS,,original
HSS HSS20X20X5/8,HSS,,augmented
HSS-HSS20X20X5/8,HSS,,augmented
HSS20X20X5/8 HSS,HSS,,augmented
HSS 20 X 20 X 5/8,HSS,,original
HSS20X20X5/8 A500,HSS,,augmented
HSS20X20X5/8 Tube,HSS,,augmented
TS20X20X1/2,HSS,,augmented
HSS20X20X1/2,HSS,,original
TS 20X20X1/2,HSS,,augmented
HSS 20X20X1/2,HSS,,original
HSS-20X20X1/2,HSS,,augmented
HSS_20X20X1/2,HSS,,augmented
HSS20 X 20X1/2,HSS,,original
HSS HSS20X20X1/2,HSS,,augmented
HSS-HSS20X20X1/2,HSS,,augmented
HSS20X20X1/2 HSS,HSS,,augmented
HSS 20 X 20 X 1/2,HSS,,original
HSS20X20X1/2 A500,HSS,,augmented
HSS20X20X1/2 Tube,HSS,,augmented
TS20X20X3/8,HSS,,augmented
HSS20X20X3/8,HSS,,original
TS 20X20X3/8,HSS,,augmented
HSS 20X20X3/8,HSS,,original
HSS-20X20X3/8,HSS,,augmented
HSS_20X20X3/8,HSS,,augmented
HSS20 X 20X3/8,HSS,,original
HSS HSS20X20X3/8,HSS,,augmented
HSS-HSS20X20X3/8,HSS,,augmented
HSS20X20X3/8 HSS,HSS,,augmented
HSS 20 X 20 X 3/8,HSS,,original
HSS20X20X3/8 A500,HSS,,augmented
HSS20X20X3/8 Tube,HSS,,augmented
TS20X20X5/16,HSS,,augmented
HSS20X20X5/16,HSS,,original
TS 20X20X5/16,HSS,,augmented
HSS 20X20X5/16,HSS,,original
HSS-20X20X5/16,HSS,,augmented
HSS_20X20X5/16,HSS,,augmented
HSS20 X 20X5/16,HSS,,original
HSS HSS20X20X5/16,HSS,,augmented
HSS-HSS20X20X5/16,HSS,,augmented
HSS20X20X5/16 HSS,HSS,,augmented
HSS 20 X 20 X 5/16,HSS,,original
HSS20X20X5/16 A500,HSS,,augmented
HSS20X20X5/16 Tube,HSS,,augmented
TS20X16X3/4,HSS,,augmented
HSS20X16X3/4,HSS,,original
TS 20X16X3/4,HSS,,augmented
HSS 20X16X3/4,HSS,,original
HSS-20X16X3/4,HSS,,augmented
HSS_20X16X3/4,HSS,,augmented
HSS20 X 16X3/4,HSS,,original
HSS HSS20X16X3/4,HSS,,augmented
HSS-HSS20X16X3/4,HSS,,augmented
HSS20X16X3/4 HSS,HSS,,augmented
HSS 20 X 16 X 3/4,HSS,,original
HSS20X16X3/4 A500,HSS,,augmented
HSS20X16X3/4 Tube,HSS,,augmented
TS20X16X5/8,HSS,,augmented
HSS20X16X5/8,HSS,,original
TS 20X16X5/8,HSS,,augmented
HSS 20X16X5/8,HSS,,original
HSS-20X16X5/8,HSS,,augmented
HSS_20X16X5/8,HSS,,augmented
HSS20 X 16X5/8,HSS,,original
HSS HSS20X16X5/8,HSS,,augmented
HSS-HSS20X16X5/8,HSS,,augmented
HSS20X16X5/8 HSS,HSS,,augmented
HSS 20 X 16 X 5/8,HSS,,original
HSS20X16X5/8 A500,HSS,,augmented
HSS20X16X5/8 Tube,HSS,,augmented
TS20X16X1/2,HSS,,augmented
HSS20X16X1/2,HSS,,original
TS 20X16X1/2,HSS,,augmented
HSS 20X16X1/2,HSS,,original
HSS-20X16X1/2,HSS,,augmented
HSS_20X16X1/2,HSS,,augmented
HSS20 X 16X1/2,HSS,,original
HSS HSS20X16X1/2,HSS,,augmented
HSS-HSS20X16X1/2,HSS,,augmented
HSS20X16X1/2 HSS,HSS,,augmented
HSS 20 X 16 X 1/2,HSS,,original
HSS20X16X1/2 A500,HSS,,augmented
HSS20X16X1/2 Tube,HSS,,augmented
TS20X16X3/8,HSS,,augmented
HSS20X16X3/8,HSS,,original
TS 20X16X3/8,HSS,,augmented
HSS 20X16X3/8,HSS,,original
HSS-20X16X3/8,HSS,,augmented
HSS_20X16X3/8,HSS,,augmented
HSS20 X 16X3/8,HSS,,original
HSS HSS20X16X3/8,HSS,,augmented
HSS-HSS20X16X3/8,HSS,,augmented
HSS20X16X3/8 HSS,HSS,,augmented
HSS 20 X 16 X 3/8,HSS,,original
HSS20X16X3/8 A500,HSS,,augmented
HSS20X16X3/8 Tube,HSS,,augmented
TS20X16X5/16,HSS,,augmented
HSS20X16X5/16,HSS,,original
TS 20X16X5/16,HSS,,augmented
HSS 20X16X5/16,HSS,,original
HSS-20X16X5/16,HSS,,augmented
HSS_20X16X5/16,HSS,,augmented
HSS20 X 16X5/16,HSS,,original
HSS HSS20X16X5/16,HSS,,augmented
HSS-HSS20X16X5/16,HSS,,augmented
HSS20X16X5/16 HSS,HSS,,augmented
HSS 20 X 16 X 5/16,HSS,,original
HSS20X16X5/16 A500,HSS,,augmented
HSS20X16X5/16 Tube,HSS,,augmented
TS20X16X1/4,HSS,,augmented
HSS20X16X1/4,HSS,,original
TS 20X16X1/4,HSS,,augmented
HSS 20X16X1/4,HSS,,original
HSS-20X16X1/4,HSS,,augmented
HSS_20X16X1/4,HSS,,augmented
HSS20 X 16X1/4,HSS,,original
HSS HSS20X16X1/4,HSS,,augmented
HSS-HSS20X16X1/4,HSS,,augmented
HSS20X16X1/4 HSS,HSS,,augmented
HSS 20 X 16 X 1/4,HSS,,original
HSS20X16X1/4 A500,HSS,,augmented
HSS20X16X1/4 Tube,HSS,,augmented
TS20X12X1,HSS,,augmented
HSS20X12X1,HSS,,original
TS 20X12X1,HSS,,augmented
HSS 20X12X1,HSS,,original
HSS-20X12X1,HSS,,augmented
HSS_20X12X1,HSS,,augmented
HSS20 X 12X1,HSS,,original
HSS HSS20X12X1,HSS,,augmented
HSS-HSS20X12X1,HSS,,augmented
HSS20X12X1 HSS,HSS,,augmented
HSS 20 X 12 X 1,HSS,,original
HSS20X12X1 A500,HSS,,augmented
HSS20X12X1 Tube,HSS,,augmented
TS20X12X7/8,HSS,,augmented
HSS20X12X7/8,HSS,,original
TS 20X12X7/8,HSS,,augmented
HSS 20X12X7/8,HSS,,original
HSS-20X12X7/8,HSS,,augmented
HSS_20X12X7/8,HSS,,augmented
HSS20 X 12X7/8,HSS,,original
HSS HSS20X12X7/8,HSS,,augmented
HSS-HSS20X12X7/8,HSS,,augmented
HSS20X12X7/8 HSS,HSS,,augmented
HSS 20 X 12 X 7/8,HSS,,original
HSS20X12X7/8 A500,HSS,,augmented
HSS20X12X7/8 Tube,HSS,,augmented
TS20X12X3/4,HSS,,augmented
HSS20X12X3/4,HSS,,original
TS 20X12X3/4,HSS,,augmented
HSS 20X12X3/4,HSS,,original
HSS-20X12X3/4,HSS,,augmented
HSS_20X12X3/4,HSS,,augmented
HSS20 X 12X3/4,HSS,,original
HSS HSS20X12X3/4,HSS,,augmented
HSS-HSS20X12X3/4,HSS,,augmented
HSS20X12X3/4 HSS,HSS,,augmented
HSS 20 X 12 X 3/4,HSS,,original
HSS20X12X3/4 A500,HSS,,augmented
HSS20X12X3/4 Tube,HSS,,augmented
TS20X12X5/8,HSS,,augmented
HSS20X12X5/8,HSS,,original
TS 20X12X5/8,HSS,,augmented
HSS 20X12X5/8,HSS,,original
HSS-20X12X5/8,HSS,,augmented
HSS_20X12X5/8,HSS,,augmented
HSS20 X 12X5/8,HSS,,original
HSS HSS20X12X5/8,HSS,,augmented
HSS-HSS20X12X5/8,HSS,,augmented
HSS20X12X5/8 HSS,HSS,,augmented
HSS 20 X 12 X 5/8,HSS,,original
HSS20X12X5/8 A500,HSS,,augmented
HSS20X12X5/8 Tube,HSS,,augmented
TS20X12X1/2,HSS,,augmented
HSS20X12X1/2,HSS,,original
TS 20X12X1/2,HSS,,augmented
HSS 20X12X1/2,HSS,,original
HSS-20X12X1/2,HSS,,augmented
HSS_20X12X1/2,HSS,,augmented
HSS20 X 12X1/2,HSS,,original
HSS HSS20X12X1/2,HSS,,augmented
HSS-HSS20X12X1/2,HSS,,augmented
HSS20X12X1/2 HSS,HSS,,augmented
HSS 20 X 12 X 1/2,HSS,,original
HSS20X12X1/2 A500,HSS,,augmented
HSS20X12X1/2 Tube,HSS,,augmented
TS20X12X3/8,HSS,,augmented
HSS20X12X3/8,HSS,,original
TS 20X12X3/8,HSS,,augmented
HSS 20X12X3/8,HSS,,original
HSS-20X12X3/8,HSS,,augmented
HSS_20X12X3/8,HSS,,augmented
HSS20 X 12X3/8,HSS,,original
HSS HSS20X12X3/8,HSS,,augmented
HSS-HSS20X12X3/8,HSS,,augmented
HSS20X12X3/8 HSS,HSS,,augmented
HSS 20 X 12 X 3/8,HSS,,original
HSS20X12X3/8 A500,HSS,,augmented
HSS20X12X3/8 Tube,HSS,,augmented
TS20X12X5/16,HSS,,augmented
HSS20X12X5/16,HSS,,original
TS 20X12X5/16,HSS,,augmented
HSS 20X12X5/16,HSS,,original
HSS-20X12X5/16,HSS,,augmented
HSS_20X12X5/16,HSS,,augmented
HSS20 X 12X5/16,HSS,,original
HSS HSS20X12X5/16,HSS,,augmented
HSS-HSS20X12X5/16,HSS,,augmented
HSS20X12X5/16 HSS,HSS,,augmented
HSS 20 X 12 X 5/16,HSS,,original
HSS20X12X5/16 A500,HSS,,augmented
HSS20X12X5/16 Tube,HSS,,augmented
TS20X8X1,HSS,,augmented
HSS20X8X1,HSS,,original
TS 20X8X1,HSS,,augmented
HSS 20X8X1,HSS,,original
HSS-20X8X1,HSS,,augmented
HSS_20X8X1,HSS,,augmented
HSS20 X 8X1,HSS,,original
HSS HSS20X8X1,HSS,,augmented
HSS-HSS20X8X1,HSS,,augmented
HSS20X8X1 HSS,HSS,,augmented
HSS 20 X 8 X 1,HSS,,original
HSS20X8X1 A500,HSS,,augmented
HSS20X8X1 Tube,HSS,,augmented
TS20X8X7/8,HSS,,augmented
HSS20X8X7/8,HSS,,original
TS 20X8X7/8,HSS,,augmented
HSS 20X8X7/8,HSS,,original
HSS-20X8X7/8,HSS,,augmented
HSS_20X8X7/8,HSS,,augmented
HSS20 X 8X7/8,HSS,,original
HSS HSS20X8X7/8,HSS,,augmented
HSS-HSS20X8X7/8,HSS,,augmented
HSS20X8X7/8 HSS,HSS,,augmented
HSS 20 X 8 X 7/8,HSS,,original
HSS20X8X7/8 A500,HSS,,augmented
HSS20X8X7/8 Tube,HSS,,augmented
TS20X8X3/4,HSS,,augmented
HSS20X8X3/4,HSS,,original
TS 20X8X3/4,HSS,,augmented
HSS 20X8X3/4,HSS,,original
HSS-20X8X3/4,HSS,,augmented
HSS_20X8X3/4,HSS,,augmented
HSS20 X 8X3/4,HSS,,original
HSS HSS20X8X3/4,HSS,,augmented
HSS-HSS20X8X3/4,HSS,,augmented
HSS20X8X3/4 HSS,HSS,,augmented
HSS 20 X 8 X 3/4,HSS,,original
HSS20X8X3/4 A500,HSS,,augmented
HSS20X8X3/4 Tube,HSS,,augmented
TS20X8X5/8,HSS,,augmented
HSS20X8X5/8,HSS,,original
TS 20X8X5/8,HSS,,augmented
HSS 20X8X5/8,HSS,,original
HSS-20X8X5/8,HSS,,augmented
HSS_20X8X5/8,HSS,,augmented
HSS20 X 8X5/8,HSS,,original
HSS HSS20X8X5/8,HSS,,augmented
HSS-HSS20X8X5/8,HSS,,augmented
HSS20X8X5/8 HSS,HSS,,augmented
HSS 20 X 8 X 5/8,HSS,,original
HSS20X8X5/8 A500,HSS,,augmented
HSS20X8X5/8 Tube,HSS,,augmented
TS20X8X1/2,HSS,,augmented
HSS20X8X1/2,HSS,,original
TS 20X8X1/2,HSS,,augmented
HSS 20X8X1/2,HSS,,original
HSS-20X8X1/2,HSS,,augmented
HSS_20X8X1/2,HSS,,augmented
HSS20 X 8X1/2,HSS,,original
HSS HSS20X8X1/2,HSS,,augmented
HSS-HSS20X8X1/2,HSS,,augmented
HSS20X8X1/2 HSS,HSS,,augmented
HSS 20 X 8 X 1/2,HSS,,original
HSS20X8X1/2 A500,HSS,,augmented
HSS20X8X1/2 Tube,HSS,,augmented
TS20X8X3/8,HSS,,augmented
HSS20X8X3/8,HSS,,original
TS 20X8X3/8,HSS,,augmented
HSS 20X8X3/8,HSS,,original
HSS-20X8X3/8,HSS,,augmented
HSS_20X8X3/8,HSS,,augmented
HSS20 X 8X3/8,HSS,,original
HSS HSS20X8X3/8,HSS,,augmented
HSS-HSS20X8X3/8,HSS,,augmented
HSS20X8X3/8 HSS,HSS,,augmented
HSS 20 X 8 X 3/8,HSS,,original
HSS20X8X3/8 A500,HSS,,augmented
HSS20X8X3/8 Tube,HSS,,augmented
TS20X8X5/16,HSS,,augmented
HSS20X8X5/16,HSS,,original
TS 20X8X5/16,HSS,,augmented
HSS 20X8X5/16,HSS,,original
HSS-20X8X5/16,HSS,,augmented
HSS_20X8X5/16,HSS,,augmented
HSS20 X 8X5/16,HSS,,original
HSS HSS20X8X5/16,HSS,,augmented
HSS-HSS20X8X5/16,HSS,,augmented
HSS20X8X5/16 HSS,HSS,,augmented
HSS 20 X 8 X 5/16,HSS,,original
HSS20X8X5/16 A500,HSS,,augmented
HSS20X8X5/16 Tube,HSS,,augmented
TS20X6X5/8,HSS,,augmented
HSS20X6X5/8,HSS,,original
TS 20X6X5/8,HSS,,augmented
HSS 20X6X5/8,HSS,,original
HSS-20X6X5/8,HSS,,augmented
HSS_20X6X5/8,HSS,,augmented
HSS20 X 6X5/8,HSS,,original
HSS HSS20X6X5/8,HSS,,augmented
HSS-HSS20X6X5/8,HSS,,augmented
HSS20X6X5/8 HSS,HSS,,augmented
HSS 20 X 6 X 5/8,HSS,,original
HSS20X6X5/8 A500,HSS,,augmented
HSS20X6X5/8 Tube,HSS,,augmented
TS20X6X1/2,HSS,,augmented
HSS20X6X1/2,HSS,,original
TS 20X6X1/2,HSS,,augmented
HSS 20X6X1/2,HSS,,original
HSS-20X6X1/2,HSS,,augmented
HSS_20X6X1/2,HSS,,augmented
HSS20 X 6X1/2,HSS,,original
HSS HSS20X6X1/2,HSS,,augmented
HSS-HSS20X6X1/2,HSS,,augmented
HSS20X6X1/2 HSS,HSS,,augmented
HSS 20 X 6 X 1/2,HSS,,original
HSS20X6X1/2 A500,HSS,,augmented
HSS20X6X1/2 Tube,HSS,,augmented
TS20X6X3/8,HSS,,augmented
HSS20X6X3/8,HSS,,original
TS 20X6X3/8,HSS,,augmented
HSS 20X6X3/8,HSS,,original
HSS-20X6X3/8,HSS,,augmented
HSS_20X6X3/8,HSS,,augmented
HSS20 X 6X3/8,HSS,,original
HSS HSS20X6X3/8,HSS,,augmented
HSS-HSS20X6X3/8,HSS,,augmented
HSS20X6X3/8 HSS,HSS,,augmented
HSS 20 X 6 X 3/8,HSS,,original
HSS20X6X3/8 A500,HSS,,augmented
HSS20X6X3/8 Tube,HSS,,augmented
TS20X6X5/16,HSS,,augmented
HSS20X6X5/16,HSS,,original
TS 20X6X5/16,HSS,,augmented
HSS 20X6X5/16,HSS,,original
HSS-20X6X5/16,HSS,,augmented
HSS_20X6X5/16,HSS,,augmented
HSS20 X 6X5/16,HSS,,original
HSS HSS20X6X5/16,HSS,,augmented
HSS-HSS20X6X5/16,HSS,,augmented
HSS20X6X5/16 HSS,HSS,,augmented
HSS 20 X 6 X 5/16,HSS,,original
HSS20X6X5/16 A500,HSS,,augmented
HSS20X6X5/16 Tube,HSS,,augmented
TS20X6X1/4,HSS,,augmented
HSS20X6X1/4,HSS,,original
TS 20X6X1/4,HSS,,augmented
HSS 20X6X1/4,HSS,,original
HSS-20X6X1/4,HSS,,augmented
HSS_20X6X1/4,HSS,,augmented
HSS20 X 6X1/4,HSS,,original
HSS HSS20X6X1/4,HSS,,augmented
HSS-HSS20X6X1/4,HSS,,augmented
HSS20X6X1/4 HSS,HSS,,augmented
HSS 20 X 6 X 1/4,HSS,,original
HSS20X6X1/4 A500,HSS,,augmented
HSS20X6X1/4 Tube,HSS,,augmented
TS20X4X1/2,HSS,,augmented
HSS20X4X1/2,HSS,,original
TS 20X4X1/2,HSS,,augmented
HSS 20X4X1/2,HSS,,original
HSS-20X4X1/2,HSS,,augmented
HSS_20X4X1/2,HSS,,augmented
HSS20 X 4X1/2,HSS,,original
HSS HSS20X4X1/2,HSS,,augmented
HSS-HSS20X4X1/2,HSS,,augmented
HSS20X4X1/2 HSS,HSS,,augmented
HSS 20 X 4 X 1/2,HSS,,original
HSS20X4X1/2 A500,HSS,,augmented
HSS20X4X1/2 Tube,HSS,,augmented
TS20X4X3/8,HSS,,augmented
HSS20X4X3/8,HSS,,original
TS 20X4X3/8,HSS,,augmented
HSS 20X4X3/8,HSS,,original
HSS-20X4X3/8,HSS,,augmented
HSS_20X4X3/8,HSS,,augmented
HSS20 X 4X3/8,HSS,,original
HSS HSS20X4X3/8,HSS,,augmented
HSS-HSS20X4X3/8,HSS,,augmented
HSS20X4X3/8 HSS,HSS,,augmented
HSS 20 X 4 X 3/8,HSS,,original
HSS20X4X3/8 A500,HSS,,augmented
HSS20X4X3/8 Tube,HSS,,augmented
TS20X4X5/16,HSS,,augmented
HSS20X4X5/16,HSS,,original
TS 20X4X5/16,HSS,,augmented
HSS 20X4X5/16,HSS,,original
HSS-20X4X5/16,HSS,,augmented
HSS_20X4X5/16,HSS,,augmented
HSS20 X 4X5/16,HSS,,original
HSS HSS20X4X5/16,HSS,,augmented
HSS-HSS20X4X5/16,HSS,,augmented
HSS20X4X5/16 HSS,HSS,,augmented
HSS 20 X 4 X 5/16,HSS,,original
HSS20X4X5/16 A500,HSS,,augmented
HSS20X4X5/16 Tube,HSS,,augmented
TS20X4X1/4,HSS,,augmented
HSS20X4X1/4,HSS,,original
TS 20X4X1/4,HSS,,augmented
HSS 20X4X1/4,HSS,,original
HSS-20X4X1/4,HSS,,augmented
HSS_20X4X1/4,HSS,,augmented
HSS20 X 4X1/4,HSS,,original
HSS HSS20X4X1/4,HSS,,augmented
HSS-HSS20X4X1/4,HSS,,augmented
HSS20X4X1/4 HSS,HSS,,augmented
HSS 20 X 4 X 1/4,HSS,,original
HSS20X4X1/4 A500,HSS,,augmented
HSS20X4X1/4 Tube,HSS,,augmented
TS18X18X1,HSS,,augmented
HSS18X18X1,HSS,,original
TS 18X18X1,HSS,,augmented
HSS 18X18X1,HSS,,original
HSS-18X18X1,HSS,,augmented
HSS_18X18X1,HSS,,augmented
HSS18 X 18X1,HSS,,original
HSS HSS18X18X1,HSS,,augmented
HSS-HSS18X18X1,HSS,,augmented
HSS18X18X1 HSS,HSS,,augmented
HSS 18 X 18 X 1,HSS,,original
HSS18X18X1 A500,HSS,,augmented
HSS18X18X1 Tube,HSS,,augmented
TS18X18X7/8,HSS,,augmented
HSS18X18X7/8,HSS,,original
TS 18X18X7/8,HSS,,augmented
HSS 18X18X7/8,HSS,,original
HSS-18X18X7/8,HSS,,augmented
HSS_18X18X7/8,HSS,,augmented
HSS18 X 18X7/8,HSS,,original
HSS HSS18X18X7/8,HSS,,augmented
HSS-HSS18X18X7/8,HSS,,augmented
HSS18X18X7/8 HSS,HSS,,augmented
HSS 18 X 18 X 7/8,HSS,,original
HSS18X18X7/8 A500,HSS,,augmented
HSS18X18X7/8 Tube,HSS,,augmented
TS18X18X3/4,HSS,,augmented
HSS18X18X3/4,HSS,,original
TS 18X18X3/4,HSS,,augmented
HSS 18X18X3/4,HSS,,original
HSS-18X18X3/4,HSS,,augmented
HSS_18X18X3/4,HSS,,augmented
HSS18 X 18X3/4,HSS,,original
HSS HSS18X18X3/4,HSS,,augmented
HSS-HSS18X18X3/4,HSS,,augmented
HSS18X18X3/4 HSS,HSS,,augmented
HSS 18 X 18 X 3/4,HSS,,original
HSS18X18X3/4 A500,HSS,,augmented
HSS18X18X3/4 Tube,HSS,,augmented
TS18X18X5/8,HSS,,augmented
HSS18X18X5/8,HSS,,original
TS 18X18X5/8,HSS,,augmented
HSS 18X18X5/8,HSS,,original
HSS-18X18X5/8,HSS,,augmented
HSS_18X18X5/8,HSS,,augmented
HSS18 X 18X5/8,HSS,,original
HSS HSS18X18X5/8,HSS,,augmented
HSS-HSS18X18X5/8,HSS,,augmented
HSS18X18X5/8 HSS,HSS,,augmented
HSS 18 X 18 X 5/8,HSS,,original
HSS18X18X5/8 A500,HSS,,augmented
HSS18X18X5/8 Tube,HSS,,augmented
TS18X18X1/2,HSS,,augmented
HSS18X18X1/2,HSS,,original
TS 18X18X1/2,HSS,,augmented
HSS 18X18X1/2,HSS,,original
HSS-18X18X1/2,HSS,,augmented
HSS_18X18X1/2,HSS,,augmented
HSS18 X 18X1/2,HSS,,original
HSS HSS18X18X1/2,HSS,,augmented
HSS-HSS18X18X1/2,HSS,,augmented
HSS18X18X1/2 HSS,HSS,,augmented
HSS 18 X 18 X 1/2,HSS,,original
HSS18X18X1/2 A500,HSS,,augmented
HSS18X18X1/2 Tube,HSS,,augmented
TS18X18X3/8,HSS,,augmented
HSS18X18X3/8,HSS,,original
TS 18X18X3/8,HSS,,augmented
HSS 18X18X3/8,HSS,,original
HSS-18X18X3/8,HSS,,augmented
HSS_18X18X3/8,HSS,,augmented
HSS18 X 18X3/8,HSS,,original
HSS HSS18X18X3/8,HSS,,augmented
HSS-HSS18X18X3/8,HSS,,augmented
HSS18X18X3/8 HSS,HSS,,augmented
HSS 18 X 18 X 3/8,HSS,,original
HSS18X18X3/8 A500,HSS,,augmented
HSS18X18X3/8 Tube,HSS,,augmented
TS18X18X5/16,HSS,,augmented
HSS18X18X5/16,HSS,,original
TS 18X18X5/16,HSS,,augmented
HSS 18X18X5/16,HSS,,original
HSS-18X18X5/16,HSS,,augmented
HSS_18X18X5/16,HSS,,augmented
HSS18 X 18X5/16,HSS,,original
HSS HSS18X18X5/16,HSS,,augmented
HSS-HSS18X18X5/16,HSS,,augmented
HSS18X18X5/16 HSS,HSS,,augmented
HSS 18 X 18 X 5/16,HSS,,original
HSS18X18X5/16 A500,HSS,,augmented
HSS18X18X5/16 Tube,HSS,,augmented
TS18X18X1/4,HSS,,augmented
HSS18X18X1/4,HSS,,original
TS 18X18X1/4,HSS,,augmented
HSS 18X18X1/4,HSS,,original
HSS-18X18X1/4,HSS,,augmented
HSS_18X18X1/4,HSS,,augmented
HSS18 X 18X1/4,HSS,,original
HSS HSS18X18X1/4,HSS,,augmented
HSS-HSS18X18X1/4,HSS,,augmented
HSS18X18X1/4 HSS,HSS,,augmented
HSS 18 X 18 X 1/4,HSS,,original
HSS18X18X1/4 A500,HSS,,augmented
HSS18X18X1/4 Tube,HSS,,augmented
TS18X10X5/8,HSS,,augmented
HSS18X10X5/8,HSS,,original
TS 18X10X5/8,HSS,,augmented
HSS 18X10X5/8,HSS,,original
HSS-18X10X5/8,HSS,,augmented
HSS_18X10X5/8,HSS,,augmented
HSS18 X 10X5/8,HSS,,original
HSS HSS18X10X5/8,HSS,,augmented
HSS-HSS18X10X5/8,HSS,,augmented
HSS18X10X5/8 HSS,HSS,,augmented
HSS 18 X 10 X 5/8,HSS,,original
HSS18X10X5/8 A500,HSS,,augmented
HSS18X10X5/8 Tube,HSS,,augmented
TS18X10X1/2,HSS,,augmented
HSS18X10X1/2,HSS,,original
TS 18X10X1/2,HSS,,augmented
HSS 18X10X1/2,HSS,,original
HSS-18X10X1/2,HSS,,augmented
HSS_18X10X1/2,HSS,,augmented
HSS18 X 10X1/2,HSS,,original
HSS HSS18X10X1/2,HSS,,augmented
HSS-HSS18X10X1/2,HSS,,augmented
HSS18X10X1/2 HSS,HSS,,augmented
HSS 18 X 10 X 1/2,HSS,,original
HSS18X10X1/2 A500,HSS,,augmented
HSS18X10X1/2 Tube,HSS,,augmented
TS18X10X3/8,HSS,,augmented
HSS18X10X3/8,HSS,,original
TS 18X10X3/8,HSS,,augmented
HSS 18X10X3/8,HSS,,original
HSS-18X10X3/8,HSS,,augmented
HSS_18X10X3/8,HSS,,augmented
HSS18 X 10X3/8,HSS,,original
HSS HSS18X10X3/8,HSS,,augmented
HSS-HSS18X10X3/8,HSS,,augmented
HSS18X10X3/8 HSS,HSS,,augmented
HSS 18 X 10 X 3/8,HSS,,original
HSS18X10X3/8 A500,HSS,,augmented
HSS18X10X3/8 Tube,HSS,,augmented
TS18X10X5/16,HSS,,augmented
HSS18X10X5/16,HSS,,original
TS 18X10X5/16,HSS,,augmented
HSS 18X10X5/16,HSS,,original
HSS-18X10X5/16,HSS,,augmented
HSS_18X10X5/16,HSS,,augmented
HSS18 X 10X5/16,HSS,,original
HSS HSS18X10X5/16,HSS,,augmented
HSS-HSS18X10X5/16,HSS,,augmented
HSS18X10X5/16 HSS,HSS,,augmented
HSS 18 X 10 X 5/16,HSS,,original
HSS18X10X5/16 A500,HSS,,augmented
HSS18X10X5/16 Tube,HSS,,augmented
TS18X10X1/4,HSS,,augmented
HSS18X10X1/4,HSS,,original
TS 18X10X1/4,HSS,,augmented
HSS 18X10X1/4,HSS,,original
HSS-18X10X1/4,HSS,,augmented
HSS_18X10X1/4,HSS,,augmented
HSS18 X 10X1/4,HSS,,original
HSS HSS18X10X1/4,HSS,,augmented
HSS-HSS18X10X1/4,HSS,,augmented
HSS18X10X1/4 HSS,HSS,,augmented
HSS 18 X 10 X 1/4,HSS,,original
HSS18X10X1/4 A500,HSS,,augmented
HSS18X10X1/4 Tube,HSS,,augmented
TS18X8X5/8,HSS,,augmented
HSS18X8X5/8,HSS,,original
TS 18X8X5/8,HSS,,augmented
HSS 18X8X5/8,HSS,,original
HSS-18X8X5/8,HSS,,augmented
HSS_18X8X5/8,HSS,,augmented
HSS18 X 8X5/8,HSS,,original
HSS HSS18X8X5/8,HSS,,augmented
HSS-HSS18X8X5/8,HSS,,augmented
HSS18X8X5/8 HSS,HSS,,augmented
HSS 18 X 8 X 5/8,HSS,,original
HSS18X8X5/8 A500,HSS,,augmented
HSS18X8X5/8 Tube,HSS,,augmented
TS18X8X1/2,HSS,,augmented
HSS18X8X1/2,HSS,,original
TS 18X8X1/2,HSS,,augmented
HSS 18X8X1/2,HSS,,original
HSS-18X8X1/2,HSS,,augmented
HSS_18X8X1/2,HSS,,augmented
HSS18 X 8X1/2,HSS,,original
HSS HSS18X8X1/2,HSS,,augmented
HSS-HSS18X8X1/2,HSS,,augmented
HSS18X8X1/2 HSS,HSS,,augmented
HSS 18 X 8 X 1/2,HSS,,original
HSS18X8X1/2 A500,HSS,,augmented
HSS18X8X1/2 Tube,HSS,,augmented
TS18X8X3/8,HSS,,augmented
HSS18X8X3/8,HSS,,original
TS 18X8X3/8,HSS,,augmented
HSS 18X8X3/8,HSS,,original
HSS-18X8X3/8,HSS,,augmented
HSS_18X8X3/8,HSS,,augmented
HSS18 X 8X3/8,HSS,,original
HSS HSS18X8X3/8,HSS,,augmented
HSS-HSS18X8X3/8,HSS,,augmented
HSS18X8X3/8 HSS,HSS,,augmented
HSS 18 X 8 X 3/8,HSS,,original
HSS18X8X3/8 A500,HSS,,augmented
HSS18X8X3/8 Tube,HSS,,augmented
TS18X8X5/16,HSS,,augmented
HSS18X8X5/16,HSS,,original
TS 18X8X5/16,HSS,,augmented
HSS 18X8X5/16,HSS,,original
HSS-18X8X5/16,HSS,,augmented
HSS_18X8X5/16,HSS,,augmented
HSS18 X 8X5/16,HSS,,original
HSS HSS18X8X5/16,HSS,,augmented
HSS-HSS18X8X5/16,HSS,,augmented
HSS18X8X5/16 HSS,HSS,,augmented
HSS 18 X 8 X 5/16,HSS,,original
HSS18X8X5/16 A500,HSS,,augmented
HSS18X8X5/16 Tube,HSS,,augmented
TS18X8X1/4,HSS,,augmented
HSS18X8X1/4,HSS,,original
TS 18X8X1/4,HSS,,augmented
HSS 18X8X1/4,HSS,,original
HSS-18X8X1/4,HSS,,augmented
HSS_18X8X1/4,HSS,,augmented
HSS18 X 8X1/4,HSS,,original
HSS HSS18X8X1/4,HSS,,augmented
HSS-HSS18X8X1/4,HSS,,augmented
HSS18X8X1/4 HSS,HSS,,augmented
HSS 18 X 8 X 1/4,HSS,,original
HSS18X8X1/4 A500,HSS,,augmented
HSS18X8X1/4 Tube,HSS,,augmented
TS18X6X3/4,HSS,,augmented
HSS18X6X3/4,HSS,,original
TS 18X6X3/4,HSS,,augmented
HSS 18X6X3/4,HSS,,original
HSS-18X6X3/4,HSS,,augmented
HSS_18X6X3/4,HSS,,augmented
HSS18 X 6X3/4,HSS,,original
HSS HSS18X6X3/4,HSS,,augmented
HSS-HSS18X6X3/4,HSS,,augmented
HSS18X6X3/4 HSS,HSS,,augmented
HSS 18 X 6 X 3/4,HSS,,original
HSS18X6X3/4 A500,HSS,,augmented
HSS18X6X3/4 Tube,HSS,,augmented
TS18X6X5/8,HSS,,augmented
HSS18X6X5/8,HSS,,original
TS 18X6X5/8,HSS,,augmented
HSS 18X6X5/8,HSS,,original
HSS-18X6X5/8,HSS,,augmented
HSS_18X6X5/8,HSS,,augmented
HSS18 X 6X5/8,HSS,,original
HSS HSS18X6X5/8,HSS,,augmented
HSS-HSS18X6X5/8,HSS,,augmented
HSS18X6X5/8 HSS,HSS,,augmented
HSS 18 X 6 X 5/8,HSS,,original
HSS18X6X5/8 A500,HSS,,augmented
HSS18X6X5/8 Tube,HSS,,augmented
TS18X6X1/2,HSS,,augmented
HSS18X6X1/2,HSS,,original
TS 18X6X1/2,HSS,,augmented
HSS 18X6X1/2,HSS,,original
HSS-18X6X1/2,HSS,,augmented
HSS_18X6X1/2,HSS,,augmented
HSS18 X 6X1/2,HSS,,original
HSS HSS18X6X1/2,HSS,,augmented
HSS-HSS18X6X1/2,HSS,,augmented
HSS18X6X1/2 HSS,HSS,,augmented
HSS 18 X 6 X 1/2,HSS,,original
HSS18X6X1/2 A500,HSS,,augmented
HSS18X6X1/2 Tube,HSS,,augmented
TS18X6X3/8,HSS,,augmented
HSS18X6X3/8,HSS,,original
TS 18X6X3/8,HSS,,augmented
HSS 18X6X3/8,HSS,,original
HSS-18X6X3/8,HSS,,augmented
HSS_18X6X3/8,HSS,,augmented
HSS18 X 6X3/8,HSS,,original
HSS HSS18X6X3/8,HSS,,augmented
HSS-HSS18X6X3/8,HSS,,augmented
HSS18X6X3/8 HSS,HSS,,augmented
HSS 18 X 6 X 3/8,HSS,,original
HSS18X6X3/8 A500,HSS,,augmented
HSS18X6X3/8 Tube,HSS,,augmented
TS18X6X5/16,HSS,,augmented
HSS18X6X5/16,HSS,,original
TS 18X6X5/16,HSS,,augmented
HSS 18X6X5/16,HSS,,original
HSS-18X6X5/16,HSS,,augmented
HSS_18X6X5/16,HSS,,augmented
HSS18 X 6X5/16,HSS,,original
HSS HSS18X6X5/16,HSS,,augmented
HSS-HSS18X6X5/16,HSS,,augmented
HSS18X6X5/16 HSS,HSS,,augmented
HSS 18 X 6 X 5/16,HSS,,original
HSS18X6X5/16 A500,HSS,,augmented
HSS18X6X5/16 Tube,HSS,,augmented
TS18X6X1/4,HSS,,augmented
HSS18X6X1/4,HSS,,original
TS 18X6X1/4,HSS,,augmented
HSS 18X6X1/4,HSS,,original
HSS-18X6X1/4,HSS,,augmented
HSS_18X6X1/4,HSS,,augmented
HSS18 X 6X1/4,HSS,,original
HSS HSS18X6X1/4,HSS,,augmented
HSS-HSS18X6X1/4,HSS,,augmented
HSS18X6X1/4 HSS,HSS,,augmented
HSS 18 X 6 X 1/4,HSS,,original
HSS18X6X1/4 A500,HSS,,augmented
HSS18X6X1/4 Tube,HSS,,augmented
TS16X16X1,HSS,,augmented
HSS16X16X1,HSS,,original
TS 16X16X1,HSS,,augmented
HSS 16X16X1,HSS,,original
HSS-16X16X1,HSS,,augmented
HSS_16X16X1,HSS,,augmented
HSS16 X 16X1,HSS,,original
HSS HSS16X16X1,HSS,,augmented
HSS-HSS16X16X1,HSS,,augmented
HSS16X16X1 HSS,HSS,,augmented
HSS 16 X 16 X 1,HSS,,original
HSS16X16X1 A500,HSS,,augmented
HSS16X16X1 Tube,HSS,,augmented
TS16X16X7/8,HSS,,augmented
HSS16X16X7/8,HSS,,original
TS 16X16X7/8,HSS,,augmented
HSS 16X16X7/8,HSS,,original
HSS-16X16X7/8,HSS,,augmented
HSS_16X16X7/8,HSS,,augmented
HSS16 X 16X7/8,HSS,,original
HSS HSS16X16X7/8,HSS,,augmented
HSS-HSS16X16X7/8,HSS,,augmented
HSS16X16X7/8 HSS,HSS,,augmented
HSS 16 X 16 X 7/8,HSS,,original
HSS16X16X7/8 A500,HSS,,augmented
HSS16X16X7/8 Tube,HSS,,augmented
TS16X16X3/4,HSS,,augmented
HSS16X16X3/4,HSS,,original
TS 16X16X3/4,HSS,,augmented
HSS 16X16X3/4,HSS,,original
HSS-16X16X3/4,HSS,,augmented
HSS_16X16X3/4,HSS,,augmented
HSS16 X 16X3/4,HSS,,original
HSS HSS16X16X3/4,HSS,,augmented
HSS-HSS16X16X3/4,HSS,,augmented
HSS16X16X3/4 HSS,HSS,,augmented
HSS 16 X 16 X 3/4,HSS,,original
HSS16X16X3/4 A500,HSS,,augmented
HSS16X16X3/4 Tube,HSS,,augmented
TS16X16X5/8,HSS,,augmented
HSS16X16X5/8,HSS,,original
TS 16X16X5/8,HSS,,augmented
HSS 16X16X5/8,HSS,,original
HSS-16X16X5/8,HSS,,augmented
HSS_16X16X5/8,HSS,,augmented
HSS16 X 16X5/8,HSS,,original
HSS HSS16X16X5/8,HSS,,augmented
HSS-HSS16X16X5/8,HSS,,augmented
HSS16X16X5/8 HSS,HSS,,augmented
HSS 16 X 16 X 5/8,HSS,,original
HSS16X16X5/8 A500,HSS,,augmented
HSS16X16X5/8 Tube,HSS,,augmented
TS16X16X1/2,HSS,,augmented
HSS16X16X1/2,HSS,,original
TS 16X16X1/2,HSS,,augmented
HSS 16X16X1/2,HSS,,original
HSS-16X16X1/2,HSS,,augmented
HSS_16X16X1/2,HSS,,augmented
HSS16 X 16X1/2,HSS,,original
HSS HSS16X16X1/2,HSS,,augmented
HSS-HSS16X16X1/2,HSS,,augmented
HSS16X16X1/2 HSS,HSS,,augmented
HSS 16 X 16 X 1/2,HSS,,original
HSS16X16X1/2 A500,HSS,,augmented
HSS16X16X1/2 Tube,HSS,,augmented
TS16X16X3/8,HSS,,augmented
HSS16X16X3/8,HSS,,original
TS 16X16X3/8,HSS,,augmented
HSS 16X16X3/8,HSS,,original
HSS-16X16X3/8,HSS,,augmented
HSS_16X16X3/8,HSS,,augmented
HSS16 X 16X3/8,HSS,,original
HSS HSS16X16X3/8,HSS,,augmented
HSS-HSS16X16X3/8,HSS,,augmented
HSS16X16X3/8 HSS,HSS,,augmented
HSS 16 X 16 X 3/8,HSS,,original
HSS16X16X3/8 A500,HSS,,augmented
HSS16X16X3/8 Tube,HSS,,augmented
TS16X16X5/16,HSS,,augmented
HSS16X16X5/16,HSS,,original
TS 16X16X5/16,HSS,,augmented
HSS 16X16X5/16,HSS,,original
HSS-16X16X5/16,HSS,,augmented
HSS_16X16X5/16,HSS,,augmented
HSS16 X 16X5/16,HSS,,original
HSS HSS16X16X5/16,HSS,,augmented
HSS-HSS16X16X5/16,HSS,,augmented
HSS16X16X5/16 HSS,HSS,,augmented
HSS 16 X 16 X 5/16,HSS,,original
HSS16X16X5/16 A500,HSS,,augmented
HSS16X16X5/16 Tube,HSS,,augmented
TS16X16X1/4,HSS,,augmented
HSS16X16X1/4,HSS,,original
TS 16X16X1/4,HSS,,augmented
HSS 16X16X1/4,HSS,,original
HSS-16X16X1/4,HSS,,augmented
HSS_16X16X1/4,HSS,,augmented
HSS16 X 16X1/4,HSS,,original
HSS HSS16X16X1/4,HSS,,augmented
HSS-HSS16X16X1/4,HSS,,augmented
HSS16X16X1/4 HSS,HSS,,augmented
HSS 16 X 16 X 1/4,HSS,,original
HSS16X16X1/4 A500,HSS,,augmented
HSS16X16X1/4 Tube,HSS,,augmented
TS16X12X1,HSS,,augmented
HSS16X12X1,HSS,,original
TS 16X12X1,HSS,,augmented
HSS 16X12X1,HSS,,original
HSS-16X12X1,HSS,,augmented
HSS_16X12X1,HSS,,augmented
HSS16 X 12X1,HSS,,original
HSS HSS16X12X1,HSS,,augmented
HSS-HSS16X12X1,HSS,,augmented
HSS16X12X1 HSS,HSS,,augmented
HSS 16 X 12 X 1,HSS,,original
HSS16X12X1 A500,HSS,,augmented
HSS16X12X1 Tube,HSS,,augmented
TS16X12X7/8,HSS,,augmented
HSS16X12X7/8,HSS,,original
TS 16X12X7/8,HSS,,augmented
HSS 16X12X7/8,HSS,,original
HSS-16X12X7/8,HSS,,augmented
HSS_16X12X7/8,HSS,,augmented
HSS16 X 12X7/8,HSS,,original
HSS HSS16X12X7/8,HSS,,augmented
HSS-HSS16X12X7/8,HSS,,augmented
HSS16X12X7/8 HSS,HSS,,augmented
HSS 16 X 12 X 7/8,HSS,,original
HSS16X12X7/8 A500,HSS,,augmented
HSS16X12X7/8 Tube,HSS,,augmented
TS16X12X3/4,HSS,,augmented
HSS16X12X3/4,HSS,,original
TS 16X12X3/4,HSS,,augmented
HSS 16X12X3/4,HSS,,original
HSS-16X12X3/4,HSS,,augmented
HSS_16X12X3/4,HSS,,augmented
HSS16 X 12X3/4,HSS,,original
HSS HSS16X12X3/4,HSS,,augmented
HSS-HSS16X12X3/4,HSS,,augmented
HSS16X12X3/4 HSS,HSS,,augmented
HSS 16 X 12 X 3/4,HSS,,original
HSS16X12X3/4 A500,HSS,,augmented
HSS16X12X3/4 Tube,HSS,,augmented
TS16X12X5/8,HSS,,augmented
HSS16X12X5/8,HSS,,original
TS 16X12X5/8,HSS,,augmented
HSS 16X12X5/8,HSS,,original
HSS-16X12X5/8,HSS,,augmented
HSS_16X12X5/8,HSS,,augmented
HSS16 X 12X5/8,HSS,,original
HSS HSS16X12X5/8,HSS,,augmented
HSS-HSS16X12X5/8,HSS,,augmented
HSS16X12X5/8 HSS,HSS,,augmented
HSS 16 X 12 X 5/8,HSS,,original
HSS16X12X5/8 A500,HSS,,augmented
HSS16X12X5/8 Tube,HSS,,augmented
TS16X12X1/2,HSS,,augmented
HSS16X12X1/2,HSS,,original
TS 16X12X1/2,HSS,,augmented
HSS 16X12X1/2,HSS,,original
HSS-16X12X1/2,HSS,,augmented
HSS_16X12X1/2,HSS,,augmented
HSS16 X 12X1/2,HSS,,original
HSS HSS16X12X1/2,HSS,,augmented
HSS-HSS16X12X1/2,HSS,,augmented
HSS16X12X1/2 HSS,HSS,,augmented
HSS 16 X 12 X 1/2,HSS,,original
HSS16X12X1/2 A500,HSS,,augmented
HSS16X12X1/2 Tube,HSS,,augmented
TS16X12X3/8,HSS,,augmented
HSS16X12X3/8,HSS,,original
TS 16X12X3/8,HSS,,augmented
HSS 16X12X3/8,HSS,,original
HSS-16X12X3/8,HSS,,augmented
HSS_16X12X3/8,HSS,,augmented
HSS16 X 12X3/8,HSS,,original
HSS HSS16X12X3/8,HSS,,augmented
HSS-HSS16X12X3/8,HSS,,augmented
HSS16X12X3/8 HSS,HSS,,augmented
HSS 16 X 12 X 3/8,HSS,,original
HSS16X12X3/8 A500,HSS,,augmented
HSS16X12X3/8 Tube,HSS,,augmented
TS16X12X5/16,HSS,,augmented
HSS16X12X5/16,HSS,,original
TS 16X12X5/16,HSS,,augmented
HSS 16X12X5/16,HSS,,original
HSS-16X12X5/16,HSS,,augmented
HSS_16X12X5/16,HSS,,augmented
HSS16 X 12X5/16,HSS,,original
HSS HSS16X12X5/16,HSS,,augmented
HSS-HSS16X12X5/16,HSS,,augmented
HSS16X12X5/16 HSS,HSS,,augmented
HSS 16 X 12 X 5/16,HSS,,original
HSS16X12X5/16 A500,HSS,,augmented
HSS16X12X5/16 Tube,HSS,,augmented
TS16X10X5/8,HSS,,augmented
HSS16X10X5/8,HSS,,original
TS 16X10X5/8,HSS,,augmented
HSS 16X10X5/8,HSS,,original
HSS-16X10X5/8,HSS,,augmented
HSS_16X10X5/8,HSS,,augmented
HSS16 X 10X5/8,HSS,,original
HSS HSS16X10X5/8,HSS,,augmented
HSS-HSS16X10X5/8,HSS,,augmented
HSS16X10X5/8 HSS,HSS,,augmented
HSS 16 X 10 X 5/8,HSS,,original
HSS16X10X5/8 A500,HSS,,augmented
HSS16X10X5/8 Tube,HSS,,augmented
TS16X10X1/2,HSS,,augmented
HSS16X10X1/2,HSS,,original
TS 16X10X1/2,HSS,,augmented
HSS 16X10X1/2,HSS,,original
HSS-16X10X1/2,HSS,,augmented
HSS_16X10X1/2,HSS,,augmented
HSS16 X 10X1/2,HSS,,original
HSS HSS16X10X1/2,HSS,,augmented
HSS-HSS16X10X1/2,HSS,,augmented
HSS16X10X1/2 HSS,HSS,,augmented
HSS 16 X 10 X 1/2,HSS,,original
HSS16X10X1/2 A500,HSS,,augmented
HSS16X10X1/2 Tube,HSS,,augmented
TS16X10X3/8,HSS,,augmented
HSS16X10X3/8,HSS,,original
TS 16X10X3/8,HSS,,augmented
HSS 16X10X3/8,HSS,,original
HSS-16X10X3/8,HSS,,augmented
HSS_16X10X3/8,HSS,,augmented
HSS16 X 10X3/8,HSS,,original
HSS HSS16X10X3/8,HSS,,augmented
HSS-HSS16X10X3/8,HSS,,augmented
HSS16X10X3/8 HSS,HSS,,augmented
HSS 16 X 10 X 3/8,HSS,,original
HSS16X10X3/8 A500,HSS,,augmented
HSS16X10X3/8 Tube,HSS,,augmented
TS16X10X5/16,HSS,,augmented
HSS16X10X5/16,HSS,,original
TS 16X10X5/16,HSS,,augmented
HSS 16X10X5/16,HSS,,original
HSS-16X10X5/16,HSS,,augmented
HSS_16X10X5/16,HSS,,augmented
HSS16 X 10X5/16,HSS,,original
HSS HSS16X10X5/16,HSS,,augmented
HSS-HSS16X10X5/16,HSS,,augmented
HSS16X10X5/16 HSS,HSS,,augmented
HSS 16 X 10 X 5/16,HSS,,original
HSS16X10X5/16 A500,HSS,,augmented
HSS16X10X5/16 Tube,HSS,,augmented
TS16X10X1/4,HSS,,augmented
HSS16X10X1/4,HSS,,original
TS 16X10X1/4,HSS,,augmented
HSS 16X10X1/4,HSS,,original
HSS-16X10X1/4,HSS,,augmented
HSS_16X10X1/4,HSS,,augmented
HSS16 X 10X1/4,HSS,,original
HSS HSS16X10X1/4,HSS,,augmented
HSS-HSS16X10X1/4,HSS,,augmented
HSS16X10X1/4 HSS,HSS,,augmented
HSS 16 X 10 X 1/4,HSS,,original
HSS16X10X1/4 A500,HSS,,augmented
HSS16X10X1/4 Tube,HSS,,augmented
TS16X8X7/8,HSS,,augmented
HSS16X8X7/8,HSS,,original
TS 16X8X7/8,HSS,,augmented
HSS 16X8X7/8,HSS,,original
HSS-16X8X7/8,HSS,,augmented
HSS_16X8X7/8,HSS,,augmented
HSS16 X 8X7/8,HSS,,original
HSS HSS16X8X7/8,HSS,,augmented
HSS-HSS16X8X7/8,HSS,,augmented
HSS16X8X7/8 HSS,HSS,,augmented
HSS 16 X 8 X 7/8,HSS,,original
HSS16X8X7/8 A500,HSS,,augmented
HSS16X8X7/8 Tube,HSS,,augmented
TS16X8X3/4,HSS,,augmented
HSS16X8X3/4,HSS,,original
TS 16X8X3/4,HSS,,augmented
HSS 16X8X3/4,HSS,,original
HSS-16X8X3/4,HSS,,augmented
HSS_16X8X3/4,HSS,,augmented
HSS16 X 8X3/4,HSS,,original
HSS HSS16X8X3/4,HSS,,augmented
HSS-HSS16X8X3/4,HSS,,augmented
HSS16X8X3/4 HSS,HSS,,augmented
HSS 16 X 8 X 3/4,HSS,,original
HSS16X8X3/4 A500,HSS,,augmented
HSS16X8X3/4 Tube,HSS,,augmented
TS16X8X5/8,HSS,,augmented
HSS16X8X5/8,HSS,,original
TS 16X8X5/8,HSS,,augmented
HSS 16X8X5/8,HSS,,original
HSS-16X8X5/8,HSS,,augmented
HSS_16X8X5/8,HSS,,augmented
HSS16 X 8X5/8,HSS,,original
HSS HSS16X8X5/8,HSS,,augmented
HSS-HSS16X8X5/8,HSS,,augmented
HSS16X8X5/8 HSS,HSS,,augmented
HSS 16 X 8 X 5/8,HSS,,original
HSS16X8X5/8 A500,HSS,,augmented
HSS16X8X5/8 Tube,HSS,,augmented
TS16X8X1/2,HSS,,augmented
HSS16X8X1/2,HSS,,original
TS 16X8X1/2,HSS,,augmented
HSS 16X8X1/2,HSS,,original
HSS-16X8X1/2,HSS,,augmented
HSS_16X8X1/2,HSS,,augmented
HSS16 X 8X1/2,HSS,,original
HSS HSS16X8X1/2,HSS,,augmented
HSS-HSS16X8X1/2,HSS,,augmented
HSS16X8X1/2 HSS,HSS,,augmented
HSS 16 X 8 X 1/2,HSS,,original
HSS16X8X1/2 A500,HSS,,augmented
HSS16X8X1/2 Tube,HSS,,augmented
TS16X8X3/8,HSS,,augmented
HSS16X8X3/8,HSS,,original
TS 16X8X3/8,HSS,,augmented
HSS 16X8X3/8,HSS,,original
HSS-16X8X3/8,HSS,,augmented
HSS_16X8X3/8,HSS,,augmented
HSS16 X 8X3/8,HSS,,original
HSS HSS16X8X3/8,HSS,,augmented
HSS-HSS16X8X3/8,HSS,,augmented
HSS16X8X3/8 HSS,HSS,,augmented
HSS 16 X 8 X 3/8,HSS,,original
HSS16X8X3/8 A500,HSS,,augmented
HSS16X8X3/8 Tube,HSS,,augmented
TS16X8X5/16,HSS,,augmented
HSS16X8X5/16,HSS,,original
TS 16X8X5/16,HSS,,augmented
HSS 16X8X5/16,HSS,,original
HSS-16X8X5/16,HSS,,augmented
HSS_16X8X5/16,HSS,,augmented
HSS16 X 8X5/16,HSS,,original
HSS HSS16X8X5/16,HSS,,augmented
HSS-HSS16X8X5/16,HSS,,augmented
HSS16X8X5/16 HSS,HSS,,augmented
HSS 16 X 8 X 5/16,HSS,,original
HSS16X8X5/16 A500,HSS,,augmented
HSS16X8X5/16 Tube,HSS,,augmented
TS16X8X1/4,HSS,,augmented
HSS16X8X1/4,HSS,,original
TS 16X8X1/4,HSS,,augmented
HSS 16X8X1/4,HSS,,original
HSS-16X8X1/4,HSS,,augmented
HSS_16X8X1/4,HSS,,augmented
HSS16 X 8X1/4,HSS,,original
HSS HSS16X8X1/4,HSS,,augmented
HSS-HSS16X8X1/4,HSS,,augmented
HSS16X8X1/4 HSS,HSS,,augmented
HSS 16 X 8 X 1/4,HSS,,original
HSS16X8X1/4 A500,HSS,,augmented
HSS16X8X1/4 Tube,HSS,,augmented
TS16X6X5/8,HSS,,augmented
HSS16X6X5/8,HSS,,original
TS 16X6X5/8,HSS,,augmented
HSS 16X6X5/8,HSS,,original
HSS-16X6X5/8,HSS,,augmented
HSS_16X6X5/8,HSS,,augmented
HSS16 X 6X5/8,HSS,,original
HSS HSS16X6X5/8,HSS,,augmented
HSS-HSS16X6X5/8,HSS,,augmented
HSS16X6X5/8 HSS,HSS,,augmented
HSS 16 X 6 X 5/8,HSS,,original
HSS16X6X5/8 A500,HSS,,augmented
HSS16X6X5/8 Tube,HSS,,augmented
TS16X6X1/2,HSS,,augmented
HSS16X6X1/2,HSS,,original
TS 16X6X1/2,HSS,,augmented
HSS 16X6X1/2,HSS,,original
HSS-16X6X1/2,HSS,,augmented
HSS_16X6X1/2,HSS,,augmented
HSS16 X 6X1/2,HSS,,original
HSS HSS16X6X1/2,HSS,,augmented
HSS-HSS16X6X1/2,HSS,,augmented
HSS16X6X1/2 HSS,HSS,,augmented
HSS 16 X 6 X 1/2,HSS,,original
HSS16X6X1/2 A500,HSS,,augmented
HSS16X6X1/2 Tube,HSS,,augmented
TS16X6X3/8,HSS,,augmented
HSS16X6X3/8,HSS,,original
TS 16X6X3/8,HSS,,augmented
HSS 16X6X3/8,HSS,,original
HSS-16X6X3/8,HSS,,augmented
HSS_16X6X3/8,HSS,,augmented
HSS16 X 6X3/8,HSS,,original
HSS HSS16X6X3/8,HSS,,augmented
HSS-HSS16X6X3/8,HSS,,augmented
HSS16X6X3/8 HSS,HSS,,augmented
HSS 16 X 6 X 3/8,HSS,,original
HSS16X6X3/8 A500,HSS,,augmented
HSS16X6X3/8 Tube,HSS,,augmented
TS16X6X5/16,HSS,,augmented
HSS16X6X5/16,HSS,,original
TS 16X6X5/16,HSS,,augmented
HSS 16X6X5/16,HSS,,original
HSS-16X6X5/16,HSS,,augmented
HSS_16X6X5/16,HSS,,augmented
HSS16 X 6X5/16,HSS,,original
HSS HSS16X6X5/16,HSS,,augmented
HSS-HSS16X6X5/16,HSS,,augmented
HSS16X6X5/16 HSS,HSS,,augmented
HSS 16 X 6 X 5/16,HSS,,original
HSS16X6X5/16 A500,HSS,,augmented
HSS16X6X5/16 Tube,HSS,,augmented
TS16X6X1/4,HSS,,augmented
HSS16X6X1/4,HSS,,original
TS 16X6X1/4,HSS,,augmented
HSS 16X6X1/4,HSS,,original
HSS-16X6X1/4,HSS,,augmented
HSS_16X6X1/4,HSS,,augmented
HSS16 X 6X1/4,HSS,,original
HSS HSS16X6X1/4,HSS,,augmented
HSS-HSS16X6X1/4,HSS,,augmented
HSS16X6X1/4 HSS,HSS,,augmented
HSS 16 X 6 X 1/4,HSS,,original
HSS16X6X1/4 A500,HSS,,augmented
HSS16X6X1/4 Tube,HSS,,augmented
TS16X6X3/16,HSS,,augmented
HSS16X6X3/16,HSS,,original
TS 16X6X3/16,HSS,,augmented
HSS 16X6X3/16,HSS,,original
HSS-16X6X3/16,HSS,,augmented
HSS_16X6X3/16,HSS,,augmented
HSS16 X 6X3/16,HSS,,original
HSS HSS16X6X3/16,HSS,,augmented
HSS-HSS16X6X3/16,HSS,,augmented
HSS16X6X3/16 HSS,HSS,,augmented
HSS 16 X 6 X 3/16,HSS,,original
HSS16X6X3/16 A500,HSS,,augmented
HSS16X6X3/16 Tube,HSS,,augmented
TS16X4X5/8,HSS,,augmented
HSS16X4X5/8,HSS,,original
TS 16X4X5/8,HSS,,augmented
HSS 16X4X5/8,HSS,,original
HSS-16X4X5/8,HSS,,augmented
HSS_16X4X5/8,HSS,,augmented
HSS16 X 4X5/8,HSS,,original
HSS HSS16X4X5/8,HSS,,augmented
HSS-HSS16X4X5/8,HSS,,augmented
HSS16X4X5/8 HSS,HSS,,augmented
HSS 16 X 4 X 5/8,HSS,,original
HSS16X4X5/8 A500,HSS,,augmented
HSS16X4X5/8 Tube,HSS,,augmented
TS16X4X1/2,HSS,,augmented
HSS16X4X1/2,HSS,,original
TS 16X4X1/2,HSS,,augmented
HSS 16X4X1/2,HSS,,original
HSS-16X4X1/2,HSS,,augmented
HSS_16X4X1/2,HSS,,augmented
HSS16 X 4X1/2,HSS,,original
HSS HSS16X4X1/2,HSS,,augmented
HSS-HSS16X4X1/2,HSS,,augmented
HSS16X4X1/2 HSS,HSS,,augmented
HSS 16 X 4 X 1/2,HSS,,original
HSS16X4X1/2 A500,HSS,,augmented
HSS16X4X1/2 Tube,HSS,,augmented
TS16X4X3/8,HSS,,augmented
HSS16X4X3/8,HSS,,original
TS 16X4X3/8,HSS,,augmented
HSS 16X4X3/8,HSS,,original
HSS-16X4X3/8,HSS,,augmented
HSS_16X4X3/8,HSS,,augmented
HSS16 X 4X3/8,HSS,,original
HSS HSS16X4X3/8,HSS,,augmented
HSS-HSS16X4X3/8,HSS,,augmented
HSS16X4X3/8 HSS,HSS,,augmented
HSS 16 X 4 X 3/8,HSS,,original
HSS16X4X3/8 A500,HSS,,augmented
HSS16X4X3/8 Tube,HSS,,augmented
TS16X4X5/16,HSS,,augmented
HSS16X4X5/16,HSS,,original
TS 16X4X5/16,HSS,,augmented
HSS 16X4X5/16,HSS,,original
HSS-16X4X5/16,HSS,,augmented
HSS_16X4X5/16,HSS,,augmented
HSS16 X 4X5/16,HSS,,original
HSS HSS16X4X5/16,HSS,,augmented
HSS-HSS16X4X5/16,HSS,,augmented
HSS16X4X5/16 HSS,HSS,,augmented
HSS 16 X 4 X 5/16,HSS,,original
HSS16X4X5/16 A500,HSS,,augmented
HSS16X4X5/16 Tube,HSS,,augmented
TS16X4X1/4,HSS,,augmented
HSS16X4X1/4,HSS,,original
TS 16X4X1/4,HSS,,augmented
HSS 16X4X1/4,HSS,,original
HSS-16X4X1/4,HSS,,augmented
HSS_16X4X1/4,HSS,,augmented
HSS16 X 4X1/4,HSS,,original
HSS HSS16X4X1/4,HSS,,augmented
HSS-HSS16X4X1/4,HSS,,augmented
HSS16X4X1/4 HSS,HSS,,augmented
HSS 16 X 4 X 1/4,HSS,,original
HSS16X4X1/4 A500,HSS,,augmented
HSS16X4X1/4 Tube,HSS,,augmented
TS16X4X3/16,HSS,,augmented
HSS16X4X3/16,HSS,,original
TS 16X4X3/16,HSS,,augmented
HSS 16X4X3/16,HSS,,original
HSS-16X4X3/16,HSS,,augmented
HSS_16X4X3/16,HSS,,augmented
HSS16 X 4X3/16,HSS,,original
HSS HSS16X4X3/16,HSS,,augmented
HSS-HSS16X4X3/16,HSS,,augmented
HSS16X4X3/16 HSS,HSS,,augmented
HSS 16 X 4 X 3/16,HSS,,original
HSS16X4X3/16 A500,HSS,,augmented
HSS16X4X3/16 Tube,HSS,,augmented
TS14X14X1,HSS,,augmented
HSS14X14X1,HSS,,original
TS 14X14X1,HSS,,augmented
HSS 14X14X1,HSS,,original
HSS-14X14X1,HSS,,augmented
HSS_14X14X1,HSS,,augmented
HSS14 X 14X1,HSS,,original
HSS HSS14X14X1,HSS,,augmented
HSS-HSS14X14X1,HSS,,augmented
HSS14X14X1 HSS,HSS,,augmented
HSS 14 X 14 X 1,HSS,,original
HSS14X14X1 A500,HSS,,augmented
HSS14X14X1 Tube,HSS,,augmented
TS14X14X7/8,HSS,,augmented
HSS14X14X7/8,HSS,,original
TS 14X14X7/8,HSS,,augmented
HSS 14X14X7/8,HSS,,original
HSS-14X14X7/8,HSS,,augmented
HSS_14X14X7/8,HSS,,augmented
HSS14 X 14X7/8,HSS,,original
HSS HSS14X14X7/8,HSS,,augmented
HSS-HSS14X14X7/8,HSS,,augmented
HSS14X14X7/8 HSS,HSS,,augmented
HSS 14 X 14 X 7/8,HSS,,original
HSS14X14X7/8 A500,HSS,,augmented
HSS14X14X7/8 Tube,HSS,,augmented
TS14X14X3/4,HSS,,augmented
HSS14X14X3/4,HSS,,original
TS 14X14X3/4,HSS,,augmented
HSS 14X14X3/4,HSS,,original
HSS-14X14X3/4,HSS,,augmented
HSS_14X14X3/4,HSS,,augmented
HSS14 X 14X3/4,HSS,,original
HSS HSS14X14X3/4,HSS,,augmented
HSS-HSS14X14X3/4,HSS,,augmented
HSS14X14X3/4 HSS,HSS,,augmented
HSS 14 X 14 X 3/4,HSS,,original
HSS14X14X3/4 A500,HSS,,augmented
HSS14X14X3/4 Tube,HSS,,augmented
TS14X14X5/8,HSS,,augmented
HSS14X14X5/8,HSS,,original
TS 14X14X5/8,HSS,,augmented
HSS 14X14X5/8,HSS,,original
HSS-14X14X5/8,HSS,,augmented
HSS_14X14X5/8,HSS,,augmented
HSS14 X 14X5/8,HSS,,original
HSS HSS14X14X5/8,HSS,,augmented
HSS-HSS14X14X5/8,HSS,,augmented
HSS14X14X5/8 HSS,HSS,,augmented
HSS 14 X 14 X 5/8,HSS,,original
HSS14X14X5/8 A500,HSS,,augmented
HSS14X14X5/8 Tube,HSS,,augmented
TS14X14X1/2,HSS,,augmented
HSS14X14X1/2,HSS,,original
TS 14X14X1/2,HSS,,augmented
HSS 14X14X1/2,HSS,,original
HSS-14X14X1/2,HSS,,augmented
HSS_14X14X1/2,HSS,,augmented
HSS14 X 14X1/2,HSS,,original
HSS HSS14X14X1/2,HSS,,augmented
HSS-HSS14X14X1/2,HSS,,augmented
HSS14X14X1/2 HSS,HSS,,augmented
HSS 14 X 14 X 1/2,HSS,,original
HSS14X14X1/2 A500,HSS,,augmented
HSS14X14X1/2 Tube,HSS,,augmented
TS14X14X3/8,HSS,,augmented
HSS14X14X3/8,HSS,,original
TS 14X14X3/8,HSS,,augmented
HSS 14X14X3/8,HSS,,original
HSS-14X14X3/8,HSS,,augmented
HSS_14X14X3/8,HSS,,augmented
HSS14 X 14X3/8,HSS,,original
HSS HSS14X14X3/8,HSS,,augmented
HSS-HSS14X14X3/8,HSS,,augmented
HSS14X14X3/8 HSS,HSS,,augmented
HSS 14 X 14 X 3/8,HSS,,original
HSS14X14X3/8 A500,HSS,,augmented
HSS14X14X3/8 Tube,HSS,,augmented
TS14X14X5/16,HSS,,augmented
HSS14X14X5/16,HSS,,original
TS 14X14X5/16,HSS,,augmented
HSS 14X14X5/16,HSS,,original
HSS-14X14X5/16,HSS,,augmented
HSS_14X14X5/16,HSS,,augmented
HSS14 X 14X5/16,HSS,,original
HSS HSS14X14X5/16,HSS,,augmented
HSS-HSS14X14X5/16,HSS,,augmented
HSS14X14X5/16 HSS,HSS,,augmented
HSS 14 X 14 X 5/16,HSS,,original
HSS14X14X5/16 A500,HSS,,augmented
HSS14X14X5/16 Tube,HSS,,augmented
TS14X14X1/4,HSS,,augmented
HSS14X14X1/4,HSS,,original
TS 14X14X1/4,HSS,,augmented
HSS 14X14X1/4,HSS,,original
HSS-14X14X1/4,HSS,,augmented
HSS_14X14X1/4,HSS,,augmented
HSS14 X 14X1/4,HSS,,original
HSS HSS14X14X1/4,HSS,,augmented
HSS-HSS14X14X1/4,HSS,,augmented
HSS14X14X1/4 HSS,HSS,,augmented
HSS 14 X 14 X 1/4,HSS,,original
HSS14X14X1/4 A500,HSS,,augmented
HSS14X14X1/4 Tube,HSS,,augmented
TS14X12X5/8,HSS,,augmented
HSS14X12X5/8,HSS,,original
TS 14X12X5/8,HSS,,augmented
HSS 14X12X5/8,HSS,,original
HSS-14X12X5/8,HSS,,augmented
HSS_14X12X5/8,HSS,,augmented
HSS14 X 12X5/8,HSS,,original
HSS HSS14X12X5/8,HSS,,augmented
HSS-HSS14X12X5/8,HSS,,augmented
HSS14X12X5/8 HSS,HSS,,augmented
HSS 14 X 12 X 5/8,HSS,,original
HSS14X12X5/8 A500,HSS,,augmented
HSS14X12X5/8 Tube,HSS,,augmented
TS14X12X1/2,HSS,,augmented
HSS14X12X1/2,HSS,,original
TS 14X12X1/2,HSS,,augmented
HSS 14X12X1/2,HSS,,original
HSS-14X12X1/2,HSS,,augmented
HSS_14X12X1/2,HSS,,augmented
HSS14 X 12X1/2,HSS,,original
HSS HSS14X12X1/2,HSS,,augmented
HSS-HSS14X12X1/2,HSS,,augmented
HSS14X12X1/2 HSS,HSS,,augmented
HSS 14 X 12 X 1/2,HSS,,original
HSS14X12X1/2 A500,HSS,,augmented
HSS14X12X1/2 Tube,HSS,,augmented
TS14X12X3/8,HSS,,augmented
HSS14X12X3/8,HSS,,original
TS 14X12X3/8,HSS,,augmented
HSS 14X12X3/8,HSS,,original
HSS-14X12X3/8,HSS,,augmented
HSS_14X12X3/8,HSS,,augmented
HSS14 X 12X3/8,HSS,,original
HSS HSS14X12X3/8,HSS,,augmented
HSS-HSS14X12X3/8,HSS,,augmented
HSS14X12X3/8 HSS,HSS,,augmented
HSS 14 X 12 X 3/8,HSS,,original
HSS14X12X3/8 A500,HSS,,augmented
HSS14X12X3/8 Tube,HSS,,augmented
TS14X12X5/16,HSS,,augmented
HSS14X12X5/16,HSS,,original
TS 14X12X5/16,HSS,,augmented
HSS 14X12X5/16,HSS,,original
HSS-14X12X5/16,HSS,,augmented
HSS_14X12X5/16,HSS,,augmented
HSS14 X 12X5/16,HSS,,original
HSS HSS14X12X5/16,HSS,,augmented
HSS-HSS14X12X5/16,HSS,,augmented
HSS14X12X5/16 HSS,HSS,,augmented
HSS 14 X 12 X 5/16,HSS,,original
HSS14X12X5/16 A500,HSS,,augmented
HSS14X12X5/16 Tube,HSS,,augmented
TS14X12X1/4,HSS,,augmented
HSS14X12X1/4,HSS,,original
TS 14X12X1/4,HSS,,augmented
HSS 14X12X1/4,HSS,,original
HSS-14X12X1/4,HSS,,augmented
HSS_14X12X1/4,HSS,,augmented
HSS14 X 12X1/4,HSS,,original
HSS HSS14X12X1/4,HSS,,augmented
HSS-HSS14X12X1/4,HSS,,augmented
HSS14X12X1/4 HSS,HSS,,augmented
HSS 14 X 12 X 1/4,HSS,,original
HSS14X12X1/4 A500,HSS,,augmented
HSS14X12X1/4 Tube,HSS,,augmented
TS14X10X7/8,HSS,,augmented
HSS14X10X7/8,HSS,,original
TS 14X10X7/8,HSS,,augmented
HSS 14X10X7/8,HSS,,original
HSS-14X10X7/8,HSS,,augmented
HSS_14X10X7/8,HSS,,augmented
HSS14 X 10X7/8,HSS,,original
HSS HSS14X10X7/8,HSS,,augmented
HSS-HSS14X10X7/8,HSS,,augmented
HSS14X10X7/8 HSS,HSS,,augmented
HSS 14 X 10 X 7/8,HSS,,original
HSS14X10X7/8 A500,HSS,,augmented
HSS14X10X7/8 Tube,HSS,,augmented
TS14X10X3/4,HSS,,augmented
HSS14X10X3/4,HSS,,original
TS 14X10X3/4,HSS,,augmented
HSS 14X10X3/4,HSS,,original
HSS-14X10X3/4,HSS,,augmented
HSS_14X10X3/4,HSS,,augmented
HSS14 X 10X3/4,HSS,,original
HSS HSS14X10X3/4,HSS,,augmented
HSS-HSS14X10X3/4,HSS,,augmented
HSS14X10X3/4 HSS,HSS,,augmented
HSS 14 X 10 X 3/4,HSS,,original
HSS14X10X3/4 A500,HSS,,augmented
HSS14X10X3/4 Tube,HSS,,augmented
TS14X10X5/8,HSS,,augmented
HSS14X10X5/8,HSS,,original
TS 14X10X5/8,HSS,,augmented
HSS 14X10X5/8,HSS,,original
HSS-14X10X5/8,HSS,,augmented
HSS_14X10X5/8,HSS,,augmented
HSS14 X 10X5/8,HSS,,original
HSS HSS14X10X5/8,HSS,,augmented
HSS-HSS14X10X5/8,HSS,,augmented
HSS14X10X5/8 HSS,HSS,,augmented
HSS 14 X 10 X 5/8,HSS,,original
HSS14X10X5/8 A500,HSS,,augmented
HSS14X10X5/8 Tube,HSS,,augmented
TS14X10X1/2,HSS,,augmented
HSS14X10X1/2,HSS,,original
TS 14X10X1/2,HSS,,augmented
HSS 14X10X1/2,HSS,,original
HSS-14X10X1/2,HSS,,augmented
HSS_14X10X1/2,HSS,,augmented
HSS14 X 10X1/2,HSS,,original
HSS HSS14X10X1/2,HSS,,augmented
HSS-HSS14X10X1/2,HSS,,augmented
HSS14X10X1/2 HSS,HSS,,augmented
HSS 14 X 10 X 1/2,HSS,,original
HSS14X10X1/2 A500,HSS,,augmented
HSS14X10X1/2 Tube,HSS,,augmented
TS14X10X3/8,HSS,,augmented
HSS14X10X3/8,HSS,,original
TS 14X10X3/8,HSS,,augmented
HSS 14X10X3/8,HSS,,original
HSS-14X10X3/8,HSS,,augmented
HSS_14X10X3/8,HSS,,augmented
HSS14 X 10X3/8,HSS,,original
HSS HSS14X10X3/8,HSS,,augmented
HSS-HSS14X10X3/8,HSS,,augmented
HSS14X10X3/8 HSS,HSS,,augmented
HSS 14 X 10 X 3/8,HSS,,original
HSS14X10X3/8 A500,HSS,,augmented
HSS14X10X3/8 Tube,HSS,,augmented
TS14X10X5/16,HSS,,augmented
HSS14X10X5/16,HSS,,original
TS 14X10X5/16,HSS,,augmented
HSS 14X10X5/16,HSS,,original
HSS-14X10X5/16,HSS,,augmented
HSS_14X10X5/16,HSS,,augmented
HSS14 X 10X5/16,HSS,,original
HSS HSS14X10X5/16,HSS,,augmented
HSS-HSS14X10X5/16,HSS,,augmented
HSS14X10X5/16 HSS,HSS,,augmented
HSS 14 X 10 X 5/16,HSS,,original
HSS14X10X5/16 A500,HSS,,augmented
HSS14X10X5/16 Tube,HSS,,augmented
TS14X10X1/4,HSS,,augmented
HSS14X10X1/4,HSS,,original
TS 14X10X1/4,HSS,,augmented
HSS 14X10X1/4,HSS,,original
HSS-14X10X1/4,HSS,,augmented
HSS_14X10X1/4,HSS,,augmented
HSS14 X 10X1/4,HSS,,original
HSS HSS14X10X1/4,HSS,,augmented
HSS-HSS14X10X1/4,HSS,,augmented
HSS14X10X1/4 HSS,HSS,,augmented
HSS 14 X 10 X 1/4,HSS,,original
HSS14X10X1/4 A500,HSS,,augmented
HSS14X10X1/4 Tube,HSS,,augmented
TS14X8X5/8,HSS,,augmented
HSS14X8X5/8,HSS,,original
TS 14X8X5/8,HSS,,augmented
HSS 14X8X5/8,HSS,,original
HSS-14X8X5/8,HSS,,augmented
HSS_14X8X5/8,HSS,,augmented
HSS14 X 8X5/8,HSS,,original
HSS HSS14X8X5/8,HSS,,augmented
HSS-HSS14X8X5/8,HSS,,augmented
HSS14X8X5/8 HSS,HSS,,augmented
HSS 14 X 8 X 5/8,HSS,,original
HSS14X8X5/8 A500,HSS,,augmented
HSS14X8X5/8 Tube,HSS,,augmented
TS14X8X1/2,HSS,,augmented
HSS14X8X1/2,HSS,,original
TS 14X8X1/2,HSS,,augmented
HSS 14X8X1/2,HSS,,original
HSS-14X8X1/2,HSS,,augmented
HSS_14X8X1/2,HSS,,augmented
HSS14 X 8X1/2,HSS,,original
HSS HSS14X8X1/2,HSS,,augmented
HSS-HSS14X8X1/2,HSS,,augmented
HSS14X8X1/2 HSS,HSS,,augmented
HSS 14 X 8 X 1/2,HSS,,original
HSS14X8X1/2 A500,HSS,,augmented
HSS14X8X1/2 Tube,HSS,,augmented
TS14X8X3/8,HSS,,augmented
HSS14X8X3/8,HSS,,original
TS 14X8X3/8,HSS,,augmented
HSS 14X8X3/8,HSS,,original
HSS-14X8X3/8,HSS,,augmented
HSS_14X8X3/8,HSS,,augmented
HSS14 X 8X3/8,HSS,,original
HSS HSS14X8X3/8,HSS,,augmented
HSS-HSS14X8X3/8,HSS,,augmented
HSS14X8X3/8 HSS,HSS,,augmented
HSS 14 X 8 X 3/8,HSS,,original
HSS14X8X3/8 A500,HSS,,augmented
HSS14X8X3/8 Tube,HSS,,augmented
TS14X8X5/16,HSS,,augmented
HSS14X8X5/16,HSS,,original
TS 14X8X5/16,HSS,,augmented
HSS 14X8X5/16,HSS,,original
HSS-14X8X5/16,HSS,,augmented
HSS_14X8X5/16,HSS,,augmented
HSS14 X 8X5/16,HSS,,original
HSS HSS14X8X5/16,HSS,,augmented
HSS-HSS14X8X5/16,HSS,,augmented
HSS14X8X5/16 HSS,HSS,,augmented
HSS 14 X 8 X 5/16,HSS,,original
HSS14X8X5/16 A500,HSS,,augmented
HSS14X8X5/16 Tube,HSS,,augmented
TS14X8X1/4,HSS,,augmented
HSS14X8X1/4,HSS,,original
TS 14X8X1/4,HSS,,augmented
HSS 14X8X1/4,HSS,,original
HSS-14X8X1/4,HSS,,augmented
HSS_14X8X1/4,HSS,,augmented
HSS14 X 8X1/4,HSS,,original
HSS HSS14X8X1/4,HSS,,augmented
HSS-HSS14X8X1/4,HSS,,augmented
HSS14X8X1/4 HSS,HSS,,augmented
HSS 14 X 8 X 1/4,HSS,,original
HSS14X8X1/4 A500,HSS,,augmented
HSS14X8X1/4 Tube,HSS,,augmented
TS14X8X3/16,HSS,,augmented
HSS14X8X3/16,HSS,,original
TS 14X8X3/16,HSS,,augmented
HSS 14X8X3/16,HSS,,original
HSS-14X8X3/16,HSS,,augmented
HSS_14X8X3/16,HSS,,augmented
HSS14 X 8X3/16,HSS,,original
HSS HSS14X8X3/16,HSS,,augmented
HSS-HSS14X8X3/16,HSS,,augmented
HSS14X8X3/16 HSS,HSS,,augmented
HSS 14 X 8 X 3/16,HSS,,original
HSS14X8X3/16 A500,HSS,,augmented
HSS14X8X3/16 Tube,HSS,,augmented
TS14X6X5/8,HSS,,augmented
HSS14X6X5/8,HSS,,original
TS 14X6X5/8,HSS,,augmented
HSS 14X6X5/8,HSS,,original
HSS-14X6X5/8,HSS,,augmented
HSS_14X6X5/8,HSS,,augmented
HSS14 X 6X5/8,HSS,,original
HSS HSS14X6X5/8,HSS,,augmented
HSS-HSS14X6X5/8,HSS,,augmented
HSS14X6X5/8 HSS,HSS,,augmented
HSS 14 X 6 X 5/8,HSS,,original
HSS14X6X5/8 A500,HSS,,augmented
HSS14X6X5/8 Tube,HSS,,augmented
TS14X6X1/2,HSS,,augmented
HSS14X6X1/2,HSS,,original
TS 14X6X1/2,HSS,,augmented
HSS 14X6X1/2,HSS,,original
HSS-14X6X1/2,HSS,,augmented
HSS_14X6X1/2,HSS,,augmented
HSS14 X 6X1/2,HSS,,original
HSS HSS14X6X1/2,HSS,,augmented
HSS-HSS14X6X1/2,HSS,,augmented
HSS14X6X1/2 HSS,HSS,,augmented
HSS 14 X 6 X 1/2,HSS,,original
HSS14X6X1/2 A500,HSS,,augmented
HSS14X6X1/2 Tube,HSS,,augmented
TS14X6X3/8,HSS,,augmented
HSS14X6X3/8,HSS,,original
TS 14X6X3/8,HSS,,augmented
HSS 14X6X3/8,HSS,,original
HSS-14X6X3/8,HSS,,augmented
HSS_14X6X3/8,HSS,,augmented
HSS14 X 6X3/8,HSS,,original
HSS HSS14X6X3/8,HSS,,augmented
HSS-HSS14X6X3/8,HSS,,augmented
HSS14X6X3/8 HSS,HSS,,augmented
HSS 14 X 6 X 3/8,HSS,,original
HSS14X6X3/8 A500,HSS,,augmented
HSS14X6X3/8 Tube,HSS,,augmented
TS14X6X5/16,HSS,,augmented
HSS14X6X5/16,HSS,,original
TS 14X6X5/16,HSS,,augmented
HSS 14X6X5/16,HSS,,original
HSS-14X6X5/16,HSS,,augmented
HSS_14X6X5/16,HSS,,augmented
HSS14 X 6X5/16,HSS,,original
HSS HSS14X6X5/16,HSS,,augmented
HSS-HSS14X6X5/16,HSS,,augmented
HSS14X6X5/16 HSS,HSS,,augmented
HSS 14 X 6 X 5/16,HSS,,original
HSS14X6X5/16 A500,HSS,,augmented
HSS14X6X5/16 Tube,HSS,,augmented
TS14X6X1/4,HSS,,augmented
HSS14X6X1/4,HSS,,original
TS 14X6X1/4,HSS,,augmented
HSS 14X6X1/4,HSS,,original
HSS-14X6X1/4,HSS,,augmented
HSS_14X6X1/4,HSS,,augmented
HSS14 X 6X1/4,HSS,,original
HSS HSS14X6X1/4,HSS,,augmented
HSS-HSS14X6X1/4,HSS,,augmented
HSS14X6X1/4 HSS,HSS,,augmented
HSS 14 X 6 X 1/4,HSS,,original
HSS14X6X1/4 A500,HSS,,augmented
HSS14X6X1/4 Tube,HSS,,augmented
TS14X6X3/16,HSS,,augmented
HSS14X6X3/16,HSS,,original
TS 14X6X3/16,HSS,,augmented
HSS 14X6X3/16,HSS,,original
HSS-14X6X3/16,HSS,,augmented
HSS_14X6X3/16,HSS,,augmented
HSS14 X 6X3/16,HSS,,original
HSS HSS14X6X3/16,HSS,,augmented
HSS-HSS14X6X3/16,HSS,,augmented
HSS14X6X3/16 HSS,HSS,,augmented
HSS 14 X 6 X 3/16,HSS,,original
HSS14X6X3/16 A500,HSS,,augmented
HSS14X6X3/16 Tube,HSS,,augmented
TS14X4X5/8,HSS,,augmented
HSS14X4X5/8,HSS,,original
TS 14X4X5/8,HSS,,augmented
HSS 14X4X5/8,HSS,,original
HSS-14X4X5/8,HSS,,augmented
HSS_14X4X5/8,HSS,,augmented
HSS14 X 4X5/8,HSS,,original
HSS HSS14X4X5/8,HSS,,augmented
HSS-HSS14X4X5/8,HSS,,augmented
HSS14X4X5/8 HSS,HSS,,augmented
HSS 14 X 4 X 5/8,HSS,,original
HSS14X4X5/8 A500,HSS,,augmented
HSS14X4X5/8 Tube,HSS,,augmented
TS14X4X1/2,HSS,,augmented
HSS14X4X1/2,HSS,,original
TS 14X4X1/2,HSS,,augmented
HSS 14X4X1/2,HSS,,original
HSS-14X4X1/2,HSS,,augmented
HSS_14X4X1/2,HSS,,augmented
HSS14 X 4X1/2,HSS,,original
HSS HSS14X4X1/2,HSS,,augmented
HSS-HSS14X4X1/2,HSS,,augmented
HSS14X4X1/2 HSS,HSS,,augmented
HSS 14 X 4 X 1/2,HSS,,original
HSS14X4X1/2 A500,HSS,,augmented
HSS14X4X1/2 Tube,HSS,,augmented
TS14X4X3/8,HSS,,augmented
HSS14X4X3/8,HSS,,original
TS 14X4X3/8,HSS,,augmented
HSS 14X4X3/8,HSS,,original
HSS-14X4X3/8,HSS,,augmented
HSS_14X4X3/8,HSS,,augmented
HSS14 X 4X3/8,HSS,,original
HSS HSS14X4X3/8,HSS,,augmented
HSS-HSS14X4X3/8,HSS,,augmented
HSS14X4X3/8 HSS,HSS,,augmented
HSS 14 X 4 X 3/8,HSS,,original
HSS14X4X3/8 A500,HSS,,augmented
HSS14X4X3/8 Tube,HSS,,augmented
TS14X4X5/16,HSS,,augmented
HSS14X4X5/16,HSS,,original
TS 14X4X5/16,HSS,,augmented
HSS 14X4X5/16,HSS,,original
HSS-14X4X5/16,HSS,,augmented
HSS_14X4X5/16,HSS,,augmented
HSS14 X 4X5/16,HSS,,original
HSS HSS14X4X5/16,HSS,,augmented
HSS-HSS14X4X5/16,HSS,,augmented
HSS14X4X5/16 HSS,HSS,,augmented
HSS 14 X 4 X 5/16,HSS,,original
HSS14X4X5/16 A500,HSS,,augmented
HSS14X4X5/16 Tube,HSS,,augmented
TS14X4X1/4,HSS,,augmented
HSS14X4X1/4,HSS,,original
TS 14X4X1/4,HSS,,augmented
HSS 14X4X1/4,HSS,,original
HSS-14X4X1/4,HSS,,augmented
HSS_14X4X1/4,HSS,,augmented
HSS14 X 4X1/4,HSS,,original
HSS HSS14X4X1/4,HSS,,augmented
HSS-HSS14X4X1/4,HSS,,augmented
HSS14X4X1/4 HSS,HSS,,augmented
HSS 14 X 4 X 1/4,HSS,,original
HSS14X4X1/4 A500,HSS,,augmented
HSS14X4X1/4 Tube,HSS,,augmented
TS14X4X3/16,HSS,,augmented
HSS14X4X3/16,HSS,,original
TS 14X4X3/16,HSS,,augmented
HSS 14X4X3/16,HSS,,original
HSS-14X4X3/16,HSS,,augmented
HSS_14X4X3/16,HSS,,augmented
HSS14 X 4X3/16,HSS,,original
HSS HSS14X4X3/16,HSS,,augmented
HSS-HSS14X4X3/16,HSS,,augmented
HSS14X4X3/16 HSS,HSS,,augmented
HSS 14 X 4 X 3/16,HSS,,original
HSS14X4X3/16 A500,HSS,,augmented
HSS14X4X3/16 Tube,HSS,,augmented
TS12X12X1,HSS,,augmented
HSS12X12X1,HSS,,original
TS 12X12X1,HSS,,augmented
HSS 12X12X1,HSS,,original
HSS-12X12X1,HSS,,augmented
HSS_12X12X1,HSS,,augmented
HSS12 X 12X1,HSS,,original
HSS HSS12X12X1,HSS,,augmented
HSS-HSS12X12X1,HSS,,augmented
HSS12X12X1 HSS,HSS,,augmented
HSS 12 X 12 X 1,HSS,,original
HSS12X12X1 A500,HSS,,augmented
HSS12X12X1 Tube,HSS,,augmented
TS12X12X7/8,HSS,,augmented
HSS12X12X7/8,HSS,,original
TS 12X12X7/8,HSS,,augmented
HSS 12X12X7/8,HSS,,original
HSS-12X12X7/8,HSS,,augmented
HSS_12X12X7/8,HSS,,augmented
HSS12 X 12X7/8,HSS,,original
HSS HSS12X12X7/8,HSS,,augmented
HSS-HSS12X12X7/8,HSS,,augmented
HSS12X12X7/8 HSS,HSS,,augmented
HSS 12 X 12 X 7/8,HSS,,original
HSS12X12X7/8 A500,HSS,,augmented
HSS12X12X7/8 Tube,HSS,,augmented
TS12X12X3/4,HSS,,augmented
HSS12X12X3/4,HSS,,original
TS 12X12X3/4,HSS,,augmented
HSS 12X12X3/4,HSS,,original
HSS-12X12X3/4,HSS,,augmented
HSS_12X12X3/4,HSS,,augmented
HSS12 X 12X3/4,HSS,,original
HSS HSS12X12X3/4,HSS,,augmented
HSS-HSS12X12X3/4,HSS,,augmented
HSS12X12X3/4 HSS,HSS,,augmented
HSS 12 X 12 X 3/4,HSS,,original
HSS12X12X3/4 A500,HSS,,augmented
HSS12X12X3/4 Tube,HSS,,augmented
TS12X12X5/8,HSS,,augmented
HSS12X12X5/8,HSS,,original
TS 12X12X5/8,HSS,,augmented
HSS 12X12X5/8,HSS,,original
HSS-12X12X5/8,HSS,,augmented
HSS_12X12X5/8,HSS,,augmented
HSS12 X 12X5/8,HSS,,original
HSS HSS12X12X5/8,HSS,,augmented
HSS-HSS12X12X5/8,HSS,,augmented
HSS12X12X5/8 HSS,HSS,,augmented
HSS 12 X 12 X 5/8,HSS,,original
HSS12X12X5/8 A500,HSS,,augmented
HSS12X12X5/8 Tube,HSS,,augmented
TS12X12X1/2,HSS,,augmented
HSS12X12X1/2,HSS,,original
TS 12X12X1/2,HSS,,augmented
HSS 12X12X1/2,HSS,,original
HSS-12X12X1/2,HSS,,augmented
HSS_12X12X1/2,HSS,,augmented
HSS12 X 12X1/2,HSS,,original
HSS HSS12X12X1/2,HSS,,augmented
HSS-HSS12X12X1/2,HSS,,augmented
HSS12X12X1/2 HSS,HSS,,augmented
HSS 12 X 12 X 1/2,HSS,,original
HSS12X12X1/2 A500,HSS,,augmented
HSS12X12X1/2 Tube,HSS,,augmented
TS12X12X3/8,HSS,,augmented
HSS12X12X3/8,HSS,,original
TS 12X12X3/8,HSS,,augmented
HSS 12X12X3/8,HSS,,original
HSS-12X12X3/8,HSS,,augmented
HSS_12X12X3/8,HSS,,augmented
HSS12 X 12X3/8,HSS,,original
HSS HSS12X12X3/8,HSS,,augmented
HSS-HSS12X12X3/8,HSS,,augmented
HSS12X12X3/8 HSS,HSS,,augmented
HSS 12 X 12 X 3/8,HSS,,original
HSS12X12X3/8 A500,HSS,,augmented
HSS12X12X3/8 Tube,HSS,,augmented
TS12X12X5/16,HSS,,augmented
HSS12X12X5/16,HSS,,original
TS 12X12X5/16,HSS,,augmented
HSS 12X12X5/16,HSS,,original
HSS-12X12X5/16,HSS,,augmented
HSS_12X12X5/16,HSS,,augmented
HSS12 X 12X5/16,HSS,,original
HSS HSS12X12X5/16,HSS,,augmented
HSS-HSS12X12X5/16,HSS,,augmented
HSS12X12X5/16 HSS,HSS,,augmented
HSS 12 X 12 X 5/16,HSS,,original
HSS12X12X5/16 A500,HSS,,augmented
HSS12X12X5/16 Tube,HSS,,augmented
TS12X12X1/4,HSS,,augmented
HSS12X12X1/4,HSS,,original
TS 12X12X1/4,HSS,,augmented
HSS 12X12X1/4,HSS,,original
HSS-12X12X1/4,HSS,,augmented
HSS_12X12X1/4,HSS,,augmented
HSS12 X 12X1/4,HSS,,original
HSS HSS12X12X1/4,HSS,,augmented
HSS-HSS12X12X1/4,HSS,,augmented
HSS12X12X1/4 HSS,HSS,,augmented
HSS 12 X 12 X 1/4,HSS,,original
HSS12X12X1/4 A500,HSS,,augmented
HSS12X12X1/4 Tube,HSS,,augmented
TS12X12X3/16,HSS,,augmented
HSS12X12X3/16,HSS,,original
TS 12X12X3/16,HSS,,augmented
HSS 12X12X3/16,HSS,,original
HSS-12X12X3/16,HSS,,augmented
HSS_12X12X3/16,HSS,,augmented
HSS12 X 12X3/16,HSS,,original
HSS HSS12X12X3/16,HSS,,augmented
HSS-HSS12X12X3/16,HSS,,augmented
HSS12X12X3/16 HSS,HSS,,augmented
HSS 12 X 12 X 3/16,HSS,,original
HSS12X12X3/16 A500,HSS,,augmented
HSS12X12X3/16 Tube,HSS,,augmented
TS12X10X5/8,HSS,,augmented
HSS12X10X5/8,HSS,,original
TS 12X10X5/8,HSS,,augmented
HSS 12X10X5/8,HSS,,original
HSS-12X10X5/8,HSS,,augmented
HSS_12X10X5/8,HSS,,augmented
HSS12 X 10X5/8,HSS,,original
HSS HSS12X10X5/8,HSS,,augmented
HSS-HSS12X10X5/8,HSS,,augmented
HSS12X10X5/8 HSS,HSS,,augmented
HSS 12 X 10 X 5/8,HSS,,original
HSS12X10X5/8 A500,HSS,,augmented
HSS12X10X5/8 Tube,HSS,,augmented
TS12X10X1/2,HSS,,augmented
HSS12X10X1/2,HSS,,original
TS 12X10X1/2,HSS,,augmented
HSS 12X10X1/2,HSS,,original
HSS-12X10X1/2,HSS,,augmented
HSS_12X10X1/2,HSS,,augmented
HSS12 X 10X1/2,HSS,,original
HSS HSS12X10X1/2,HSS,,augmented
HSS-HSS12X10X1/2,HSS,,augmented
HSS12X10X1/2 HSS,HSS,,augmented
HSS 12 X 10 X 1/2,HSS,,original
HSS12X10X1/2 A500,HSS,,augmented
HSS12X10X1/2 Tube,HSS,,augmented
TS12X10X3/8,HSS,,augmented
HSS12X10X3/8,HSS,,original
TS 12X10X3/8,HSS,,augmented
HSS 12X10X3/8,HSS,,original
HSS-12X10X3/8,HSS,,augmented
HSS_12X10X3/8,HSS,,augmented
HSS12 X 10X3/8,HSS,,original
HSS HSS12X10X3/8,HSS,,augmented
HSS-HSS12X10X3/8,HSS,,augmented
HSS12X10X3/8 HSS,HSS,,augmented
HSS 12 X 10 X 3/8,HSS,,original
HSS12X10X3/8 A500,HSS,,augmented
HSS12X10X3/8 Tube,HSS,,augmented
TS12X10X5/16,HSS,,augmented
HSS12X10X5/16,HSS,,original
TS 12X10X5/16,HSS,,augmented
HSS 12X10X5/16,HSS,,original
HSS-12X10X5/16,HSS,,augmented
HSS_12X10X5/16,HSS,,augmented
HSS12 X 10X5/16,HSS,,original
HSS HSS12X10X5/16,HSS,,augmented
HSS-HSS12X10X5/16,HSS,,augmented
HSS12X10X5/16 HSS,HSS,,augmented
HSS 12 X 10 X 5/16,HSS,,original
HSS12X10X5/16 A500,HSS,,augmented
HSS12X10X5/16 Tube,HSS,,augmented
TS12X10X1/4,HSS,,augmented
HSS12X10X1/4,HSS,,original
TS 12X10X1/4,HSS,,augmented
HSS 12X10X1/4,HSS,,original
HSS-12X10X1/4,HSS,,augmented
HSS_12X10X1/4,HSS,,augmented
HSS12 X 10X1/4,HSS,,original
HSS HSS12X10X1/4,HSS,,augmented
HSS-HSS12X10X1/4,HSS,,augmented
HSS12X10X1/4 HSS,HSS,,augmented
HSS 12 X 10 X 1/4,HSS,,original
HSS12X10X1/4 A500,HSS,,augmented
HSS12X10X1/4 Tube,HSS,,augmented
TS12X10X3/16,HSS,,augmented
HSS12X10X3/16,HSS,,original
TS 12X10X3/16,HSS,,augmented
HSS 12X10X3/16,HSS,,original
HSS-12X10X3/16,HSS,,augmented
HSS_12X10X3/16,HSS,,augmented
HSS12 X 10X3/16,HSS,,original
HSS HSS12X10X3/16,HSS,,augmented
HSS-HSS12X10X3/16,HSS,,augmented
HSS12X10X3/16 HSS,HSS,,augmented
HSS 12 X 10 X 3/16,HSS,,original
HSS12X10X3/16 A500,HSS,,augmented
HSS12X10X3/16 Tube,HSS,,augmented
TS12X8X5/8,HSS,,augmented
HSS12X8X5/8,HSS,,original
TS 12X8X5/8,HSS,,augmented
HSS 12X8X5/8,HSS,,original
HSS-12X8X5/8,HSS,,augmented
HSS_12X8X5/8,HSS,,augmented
HSS12 X 8X5/8,HSS,,original
HSS HSS12X8X5/8,HSS,,augmented
HSS-HSS12X8X5/8,HSS,,augmented
HSS12X8X5/8 HSS,HSS,,augmented
HSS 12 X 8 X 5/8,HSS,,original
HSS12X8X5/8 A500,HSS,,augmented
HSS12X8X5/8 Tube,HSS,,augmented
TS12X8X1/2,HSS,,augmented
HSS12X8X1/2,HSS,,original
TS 12X8X1/2,HSS,,augmented
HSS 12X8X1/2,HSS,,original
HSS-12X8X1/2,HSS,,augmented
HSS_12X8X1/2,HSS,,augmented
HSS12 X 8X1/2,HSS,,original
HSS HSS12X8X1/2,HSS,,augmented
HSS-HSS12X8X1/2,HSS,,augmented
HSS12X8X1/2 HSS,HSS,,augmented
HSS 12 X 8 X 1/2,HSS,,original
HSS12X8X1/2 A500,HSS,,augmented
HSS12X8X1/2 Tube,HSS,,augmented
TS12X8X3/8,HSS,,augmented
HSS12X8X3/8,HSS,,original
TS 12X8X3/8,HSS,,augmented
HSS 12X8X3/8,HSS,,original
HSS-12X8X3/8,HSS,,augmented
HSS_12X8X3/8,HSS,,augmented
HSS12 X 8X3/8,HSS,,original
HSS HSS12X8X3/8,HSS,,augmented
HSS-HSS12X8X3/8,HSS,,augmented
HSS12X8X3/8 HSS,HSS,,augmented
HSS 12 X 8 X 3/8,HSS,,original
HSS12X8X3/8 A500,HSS,,augmented
HSS12X8X3/8 Tube,HSS,,augmented
TS12X8X5/16,HSS,,augmented
HSS12X8X5/16,HSS,,original
TS 12X8X5/16,HSS,,augmented
HSS 12X8X5/16,HSS,,original
HSS-12X8X5/16,HSS,,augmented
HSS_12X8X5/16,HSS,,augmented
HSS12 X 8X5/16,HSS,,original
HSS HSS12X8X5/16,HSS,,augmented
HSS-HSS12X8X5/16,HSS,,augmented
HSS12X8X5/16 HSS,HSS,,augmented
HSS 12 X 8 X 5/16,HSS,,original
HSS12X8X5/16 A500,HSS,,augmented
HSS12X8X5/16 Tube,HSS,,augmented
TS12X8X1/4,HSS,,augmented
HSS12X8X1/4,HSS,,original
TS 12X8X1/4,HSS,,augmented
HSS 12X8X1/4,HSS,,original
HSS-12X8X1/4,HSS,,augmented
HSS_12X8X1/4,HSS,,augmented
HSS12 X 8X1/4,HSS,,original
HSS HSS12X8X1/4,HSS,,augmented
HSS-HSS12X8X1/4,HSS,,augmented
HSS12X8X1/4 HSS,HSS,,augmented
HSS 12 X 8 X 1/4,HSS,,original
HSS12X8X1/4 A500,HSS,,augmented
HSS12X8X1/4 Tube,HSS,,augmented
TS12X8X3/16,HSS,,augmented
HSS12X8X3/16,HSS,,original
TS 12X8X3/16,HSS,,augmented
HSS 12X8X3/16,HSS,,original
HSS-12X8X3/16,HSS,,augmented
HSS_12X8X3/16,HSS,,augmented
HSS12 X 8X3/16,HSS,,original
HSS HSS12X8X3/16,HSS,,augmented
HSS-HSS12X8X3/16,HSS,,augmented
HSS12X8X3/16 HSS,HSS,,augmented
HSS 12 X 8 X 3/16,HSS,,original
HSS12X8X3/16 A500,HSS,,augmented
HSS12X8X3/16 Tube,HSS,,augmented
TS12X6X5/8,HSS,,augmented
HSS12X6X5/8,HSS,,original
TS 12X6X5/8,HSS,,augmented
HSS 12X6X5/8,HSS,,original
HSS-12X6X5/8,HSS,,augmented
HSS_12X6X5/8,HSS,,augmented
HSS12 X 6X5/8,HSS,,original
HSS HSS12X6X5/8,HSS,,augmented
HSS-HSS12X6X5/8,HSS,,augmented
HSS12X6X5/8 HSS,HSS,,augmented
HSS 12 X 6 X 5/8,HSS,,original
HSS12X6X5/8 A500,HSS,,augmented
HSS12X6X5/8 Tube,HSS,,augmented
TS12X6X1/2,HSS,,augmented
HSS12X6X1/2,HSS,,original
TS 12X6X1/2,HSS,,augmented
HSS 12X6X1/2,HSS,,original
HSS-12X6X1/2,HSS,,augmented
HSS_12X6X1/2,HSS,,augmented
HSS12 X 6X1/2,HSS,,original
HSS HSS12X6X1/2,HSS,,augmented
HSS-HSS12X6X1/2,HSS,,augmented
HSS12X6X1/2 HSS,HSS,,augmented
HSS 12 X 6 X 1/2,HSS,,original
HSS12X6X1/2 A500,HSS,,augmented
HSS12X6X1/2 Tube,HSS,,augmented
TS12X6X3/8,HSS,,augmented
HSS12X6X3/8,HSS,,original
TS 12X6X3/8,HSS,,augmented
HSS 12X6X3/8,HSS,,original
HSS-12X6X3/8,HSS,,augmented
HSS_12X6X3/8,HSS,,augmented
HSS12 X 6X3/8,HSS,,original
HSS HSS12X6X3/8,HSS,,augmented
HSS-HSS12X6X3/8,HSS,,augmented
HSS12X6X3/8 HSS,HSS,,augmented
HSS 12 X 6 X 3/8,HSS,,original
HSS12X6X3/8 A500,HSS,,augmented
HSS12X6X3/8 Tube,HSS,,augmented
TS12X6X5/16,HSS,,augmented
HSS12X6X5/16,HSS,,original
TS 12X6X5/16,HSS,,augmented
HSS 12X6X5/16,HSS,,original
HSS-12X6X5/16,HSS,,augmented
HSS_12X6X5/16,HSS,,augmented
HSS12 X 6X5/16,HSS,,original
HSS HSS12X6X5/16,HSS,,augmented
HSS-HSS12X6X5/16,HSS,,augmented
HSS12X6X5/16 HSS,HSS,,augmented
HSS 12 X 6 X 5/16,HSS,,original
HSS12X6X5/16 A500,HSS,,augmented
HSS12X6X5/16 Tube,HSS,,augmented
TS12X6X1/4,HSS,,augmented
HSS12X6X1/4,HSS,,original
TS 12X6X1/4,HSS,,augmented
HSS 12X6X1/4,HSS,,original
HSS-12X6X1/4,HSS,,augmented
HSS_12X6X1/4,HSS,,augmented
HSS12 X 6X1/4,HSS,,original
HSS HSS12X6X1/4,HSS,,augmented
HSS-HSS12X6X1/4,HSS,,augmented
HSS12X6X1/4 HSS,HSS,,augmented
HSS 12 X 6 X 1/4,HSS,,original
HSS12X6X1/4 A500,HSS,,augmented
HSS12X6X1/4 Tube,HSS,,augmented
TS12X6X3/16,HSS,,augmented
HSS12X6X3/16,HSS,,original
TS 12X6X3/16,HSS,,augmented
HSS 12X6X3/16,HSS,,original
HSS-12X6X3/16,HSS,,augmented
HSS_12X6X3/16,HSS,,augmented
HSS12 X 6X3/16,HSS,,original
HSS HSS12X6X3/16,HSS,,augmented
HSS-HSS12X6X3/16,HSS,,augmented
HSS12X6X3/16 HSS,HSS,,augmented
HSS 12 X 6 X 3/16,HSS,,original
HSS12X6X3/16 A500,HSS,,augmented
HSS12X6X3/16 Tube,HSS,,augmented
TS12X4X5/8,HSS,,augmented
HSS12X4X5/8,HSS,,original
TS 12X4X5/8,HSS,,augmented
HSS 12X4X5/8,HSS,,original
HSS-12X4X5/8,HSS,,augmented
HSS_12X4X5/8,HSS,,augmented
HSS12 X 4X5/8,HSS,,original
HSS HSS12X4X5/8,HSS,,augmented
HSS-HSS12X4X5/8,HSS,,augmented
HSS12X4X5/8 HSS,HSS,,augmented
HSS 12 X 4 X 5/8,HSS,,original
HSS12X4X5/8 A500,HSS,,augmented
HSS12X4X5/8 Tube,HSS,,augmented
TS12X4X1/2,HSS,,augmented
HSS12X4X1/2,HSS,,original
TS 12X4X1/2,HSS,,augmented
HSS 12X4X1/2,HSS,,original
HSS-12X4X1/2,HSS,,augmented
HSS_12X4X1/2,HSS,,augmented
HSS12 X 4X1/2,HSS,,original
HSS HSS12X4X1/2,HSS,,augmented
HSS-HSS12X4X1/2,HSS,,augmented
HSS12X4X1/2 HSS,HSS,,augmented
HSS 12 X 4 X 1/2,HSS,,original
HSS12X4X1/2 A500,HSS,,augmented
HSS12X4X1/2 Tube,HSS,,augmented
TS12X4X3/8,HSS,,augmented
HSS12X4X3/8,HSS,,original
TS 12X4X3/8,HSS,,augmented
HSS 12X4X3/8,HSS,,original
HSS-12X4X3/8,HSS,,augmented
HSS_12X4X3/8,HSS,,augmented
HSS12 X 4X3/8,HSS,,original
HSS HSS12X4X3/8,HSS,,augmented
HSS-HSS12X4X3/8,HSS,,augmented
HSS12X4X3/8 HSS,HSS,,augmented
HSS 12 X 4 X 3/8,HSS,,original
HSS12X4X3/8 A500,HSS,,augmented
HSS12X4X3/8 Tube,HSS,,augmented
TS12X4X5/16,HSS,,augmented
HSS12X4X5/16,HSS,,original
TS 12X4X5/16,HSS,,augmented
HSS 12X4X5/16,HSS,,original
HSS-12X4X5/16,HSS,,augmented
HSS_12X4X5/16,HSS,,augmented
HSS12 X 4X5/16,HSS,,original
HSS HSS12X4X5/16,HSS,,augmented
HSS-HSS12X4X5/16,HSS,,augmented
HSS12X4X5/16 HSS,HSS,,augmented
HSS 12 X 4 X 5/16,HSS,,original
HSS12X4X5/16 A500,HSS,,augmented
HSS12X4X5/16 Tube,HSS,,augmented
TS12X4X1/4,HSS,,augmented
HSS12X4X1/4,HSS,,original
TS 12X4X1/4,HSS,,augmented
HSS 12X4X1/4,HSS,,original
HSS-12X4X1/4,HSS,,augmented
HSS_12X4X1/4,HSS,,augmented
HSS12 X 4X1/4,HSS,,original
HSS HSS12X4X1/4,HSS,,augmented
HSS-HSS12X4X1/4,HSS,,augmented
HSS12X4X1/4 HSS,HSS,,augmented
HSS 12 X 4 X 1/4,HSS,,original
HSS12X4X1/4 A500,HSS,,augmented
HSS12X4X1/4 Tube,HSS,,augmented
TS12X4X3/16,HSS,,augmented
HSS12X4X3/16,HSS,,original
TS 12X4X3/16,HSS,,augmented
HSS 12X4X3/16,HSS,,original
HSS-12X4X3/16,HSS,,augmented
HSS_12X4X3/16,HSS,,augmented
HSS12 X 4X3/16,HSS,,original
HSS HSS12X4X3/16,HSS,,augmented
HSS-HSS12X4X3/16,HSS,,augmented
HSS12X4X3/16 HSS,HSS,,augmented
HSS 12 X 4 X 3/16,HSS,,original
HSS12X4X3/16 A500,HSS,,augmented
HSS12X4X3/16 Tube,HSS,,augmented
TS12X3X5/16,HSS,,augmented
HSS12X3X5/16,HSS,,original
TS 12X3X5/16,HSS,,augmented
HSS 12X3X5/16,HSS,,original
HSS-12X3X5/16,HSS,,augmented
HSS_12X3X5/16,HSS,,augmented
HSS12 X 3X5/16,HSS,,original
HSS HSS12X3X5/16,HSS,,augmented
HSS-HSS12X3X5/16,HSS,,augmented
HSS12X3X5/16 HSS,HSS,,augmented
HSS 12 X 3 X 5/16,HSS,,original
HSS12X3X5/16 A500,HSS,,augmented
HSS12X3X5/16 Tube,HSS,,augmented
TS12X3X1/4,HSS,,augmented
HSS12X3X1/4,HSS,,original
TS 12X3X1/4,HSS,,augmented
HSS 12X3X1/4,HSS,,original
HSS-12X3X1/4,HSS,,augmented
HSS_12X3X1/4,HSS,,augmented
HSS12 X 3X1/4,HSS,,original
HSS HSS12X3X1/4,HSS,,augmented
HSS-HSS12X3X1/4,HSS,,augmented
HSS12X3X1/4 HSS,HSS,,augmented
HSS 12 X 3 X 1/4,HSS,,original
HSS12X3X1/4 A500,HSS,,augmented
HSS12X3X1/4 Tube,HSS,,augmented
TS12X3X3/16,HSS,,augmented
HSS12X3X3/16,HSS,,original
TS 12X3X3/16,HSS,,augmented
HSS 12X3X3/16,HSS,,original
HSS-12X3X3/16,HSS,,augmented
HSS_12X3X3/16,HSS,,augmented
HSS12 X 3X3/16,HSS,,original
HSS HSS12X3X3/16,HSS,,augmented
HSS-HSS12X3X3/16,HSS,,augmented
HSS12X3X3/16 HSS,HSS,,augmented
HSS 12 X 3 X 3/16,HSS,,original
HSS12X3X3/16 A500,HSS,,augmented
HSS12X3X3/16 Tube,HSS,,augmented
TS12X2X5/16,HSS,,augmented
HSS12X2X5/16,HSS,,original
TS 12X2X5/16,HSS,,augmented
HSS 12X2X5/16,HSS,,original
HSS-12X2X5/16,HSS,,augmented
HSS_12X2X5/16,HSS,,augmented
HSS12 X 2X5/16,HSS,,original
HSS HSS12X2X5/16,HSS,,augmented
HSS-HSS12X2X5/16,HSS,,augmented
HSS12X2X5/16 HSS,HSS,,augmented
HSS 12 X 2 X 5/16,HSS,,original
HSS12X2X5/16 A500,HSS,,augmented
HSS12X2X5/16 Tube,HSS,,augmented
TS12X2X1/4,HSS,,augmented
HSS12X2X1/4,HSS,,original
TS 12X2X1/4,HSS,,augmented
HSS 12X2X1/4,HSS,,original
HSS-12X2X1/4,HSS,,augmented
HSS_12X2X1/4,HSS,,augmented
HSS12 X 2X1/4,HSS,,original
HSS HSS12X2X1/4,HSS,,augmented
HSS-HSS12X2X1/4,HSS,,augmented
HSS12X2X1/4 HSS,HSS,,augmented
HSS 12 X 2 X 1/4,HSS,,original
HSS12X2X1/4 A500,HSS,,augmented
HSS12X2X1/4 Tube,HSS,,augmented
TS12X2X3/16,HSS,,augmented
HSS12X2X3/16,HSS,,original
TS 12X2X3/16,HSS,,augmented
HSS 12X2X3/16,HSS,,original
HSS-12X2X3/16,HSS,,augmented
HSS_12X2X3/16,HSS,,augmented
HSS12 X 2X3/16,HSS,,original
HSS HSS12X2X3/16,HSS,,augmented
HSS-HSS12X2X3/16,HSS,,augmented
HSS12X2X3/16 HSS,HSS,,augmented
HSS 12 X 2 X 3/16,HSS,,original
HSS12X2X3/16 A500,HSS,,augmented
HSS12X2X3/16 Tube,HSS,,augmented
TS10X10X3/4,HSS,,augmented
HSS10X10X3/4,HSS,,original
TS 10X10X3/4,HSS,,augmented
HSS 10X10X3/4,HSS,,original
HSS-10X10X3/4,HSS,,augmented
HSS_10X10X3/4,HSS,,augmented
HSS10 X 10X3/4,HSS,,original
HSS HSS10X10X3/4,HSS,,augmented
HSS-HSS10X10X3/4,HSS,,augmented
HSS10X10X3/4 HSS,HSS,,augmented
HSS 10 X 10 X 3/4,HSS,,original
HSS10X10X3/4 A500,HSS,,augmented
HSS10X10X3/4 Tube,HSS,,augmented
TS10X10X5/8,HSS,,augmented
HSS10X10X5/8,HSS,,original
TS 10X10X5/8,HSS,,augmented
HSS 10X10X5/8,HSS,,original
HSS-10X10X5/8,HSS,,augmented
HSS_10X10X5/8,HSS,,augmented
HSS10 X 10X5/8,HSS,,original
HSS HSS10X10X5/8,HSS,,augmented
HSS-HSS10X10X5/8,HSS,,augmented
HSS10X10X5/8 HSS,HSS,,augmented
HSS 10 X 10 X 5/8,HSS,,original
HSS10X10X5/8 A500,HSS,,augmented
HSS10X10X5/8 Tube,HSS,,augmented
TS10X10X1/2,HSS,,augmented
HSS10X10X1/2,HSS,,original
TS 10X10X1/2,HSS,,augmented
HSS 10X10X1/2,HSS,,original
HSS-10X10X1/2,HSS,,augmented
HSS_10X10X1/2,HSS,,augmented
HSS10 X 10X1/2,HSS,,original
HSS HSS10X10X1/2,HSS,,augmented
HSS-HSS10X10X1/2,HSS,,augmented
HSS10X10X1/2 HSS,HSS,,augmented
HSS 10 X 10 X 1/2,HSS,,original
HSS10X10X1/2 A500,HSS,,augmented
HSS10X10X1/2 Tube,HSS,,augmented
TS10X10X3/8,HSS,,augmented
HSS10X10X3/8,HSS,,original
TS 10X10X3/8,HSS,,augmented
HSS 10X10X3/8,HSS,,original
HSS-10X10X3/8,HSS,,augmented
HSS_10X10X3/8,HSS,,augmented
HSS10 X 10X3/8,HSS,,original
HSS HSS10X10X3/8,HSS,,augmented
HSS-HSS10X10X3/8,HSS,,augmented
HSS10X10X3/8 HSS,HSS,,augmented
HSS 10 X 10 X 3/8,HSS,,original
HSS10X10X3/8 A500,HSS,,augmented
HSS10X10X3/8 Tube,HSS,,augmented
TS10X10X5/16,HSS,,augmented
HSS10X10X5/16,HSS,,original
TS 10X10X5/16,HSS,,augmented
HSS 10X10X5/16,HSS,,original
HSS-10X10X5/16,HSS,,augmented
HSS_10X10X5/16,HSS,,augmented
HSS10 X 10X5/16,HSS,,original
HSS HSS10X10X5/16,HSS,,augmented
HSS-HSS10X10X5/16,HSS,,augmented
HSS10X10X5/16 HSS,HSS,,augmented
HSS 10 X 10 X 5/16,HSS,,original
HSS10X10X5/16 A500,HSS,,augmented
HSS10X10X5/16 Tube,HSS,,augmented
TS10X10X1/4,HSS,,augmented
HSS10X10X1/4,HSS,,original
TS 10X10X1/4,HSS,,augmented
HSS 10X10X1/4,HSS,,original
HSS-10X10X1/4,HSS,,augmented
HSS_10X10X1/4,HSS,,augmented
HSS10 X 10X1/4,HSS,,original
HSS HSS10X10X1/4,HSS,,augmented
HSS-HSS10X10X1/4,HSS,,augmented
HSS10X10X1/4 HSS,HSS,,augmented
HSS 10 X 10 X 1/4,HSS,,original
HSS10X10X1/4 A500,HSS,,augmented
HSS10X10X1/4 Tube,HSS,,augmented
TS10X10X3/16,HSS,,augmented
HSS10X10X3/16,HSS,,original
TS 10X10X3/16,HSS,,augmented
HSS 10X10X3/16,HSS,,original
HSS-10X10X3/16,HSS,,augmented
HSS_10X10X3/16,HSS,,augmented
HSS10 X 10X3/16,HSS,,original
HSS HSS10X10X3/16,HSS,,augmented
HSS-HSS10X10X3/16,HSS,,augmented
HSS10X10X3/16 HSS,HSS,,augmented
HSS 10 X 10 X 3/16,HSS,,original
HSS10X10X3/16 A500,HSS,,augmented
HSS10X10X3/16 Tube,HSS,,augmented
TS10X8X5/8,HSS,,augmented
HSS10X8X5/8,HSS,,original
TS 10X8X5/8,HSS,,augmented
HSS 10X8X5/8,HSS,,original
HSS-10X8X5/8,HSS,,augmented
HSS_10X8X5/8,HSS,,augmented
HSS10 X 8X5/8,HSS,,original
HSS HSS10X8X5/8,HSS,,augmented
HSS-HSS10X8X5/8,HSS,,augmented
HSS10X8X5/8 HSS,HSS,,augmented
HSS 10 X 8 X 5/8,HSS,,original
HSS10X8X5/8 A500,HSS,,augmented
HSS10X8X5/8 Tube,HSS,,augmented
TS10X8X1/2,HSS,,augmented
HSS10X8X1/2,HSS,,original
TS 10X8X1/2,HSS,,augmented
HSS 10X8X1/2,HSS,,original
HSS-10X8X1/2,HSS,,augmented
HSS_10X8X1/2,HSS,,augmented
HSS10 X 8X1/2,HSS,,original
HSS HSS10X8X1/2,HSS,,augmented
HSS-HSS10X8X1/2,HSS,,augmented
HSS10X8X1/2 HSS,HSS,,augmented
HSS 10 X 8 X 1/2,HSS,,original
HSS10X8X1/2 A500,HSS,,augmented
HSS10X8X1/2 Tube,HSS,,augmented
TS10X8X3/8,HSS,,augmented
HSS10X8X3/8,HSS,,original
TS 10X8X3/8,HSS,,augmented
HSS 10X8X3/8,HSS,,original
HSS-10X8X3/8,HSS,,augmented
HSS_10X8X3/8,HSS,,augmented
HSS10 X 8X3/8,HSS,,original
HSS HSS10X8X3/8,HSS,,augmented
HSS-HSS10X8X3/8,HSS,,augmented
HSS10X8X3/8 HSS,HSS,,augmented
HSS 10 X 8 X 3/8,HSS,,original
HSS10X8X3/8 A500,HSS,,augmented
HSS10X8X3/8 Tube,HSS,,augmented
TS10X8X5/16,HSS,,augmented
HSS10X8X5/16,HSS,,original
TS 10X8X5/16,HSS,,augmented
HSS 10X8X5/16,HSS,,original
HSS-10X8X5/16,HSS,,augmented
HSS_10X8X5/16,HSS,,augmented
HSS10 X 8X5/16,HSS,,original
HSS HSS10X8X5/16,HSS,,augmented
HSS-HSS10X8X5/16,HSS,,augmented
HSS10X8X5/16 HSS,HSS,,augmented
HSS 10 X 8 X 5/16,HSS,,original
HSS10X8X5/16 A500,HSS,,augmented
HSS10X8X5/16 Tube,HSS,,augmented
TS10X8X1/4,HSS,,augmented
HSS10X8X1/4,HSS,,original
TS 10X8X1/4,HSS,,augmented
HSS 10X8X1/4,HSS,,original
HSS-10X8X1/4,HSS,,augmented
HSS_10X8X1/4,HSS,,augmented
HSS10 X 8X1/4,HSS,,original
HSS HSS10X8X1/4,HSS,,augmented
HSS-HSS10X8X1/4,HSS,,augmented
HSS10X8X1/4 HSS,HSS,,augmented
HSS 10 X 8 X 1/4,HSS,,original
HSS10X8X1/4 A500,HSS,,augmented
HSS10X8X1/4 Tube,HSS,,augmented
TS10X8X3/16,HSS,,augmented
HSS10X8X3/16,HSS,,original
TS 10X8X3/16,HSS,,augmented
HSS 10X8X3/16,HSS,,original
HSS-10X8X3/16,HSS,,augmented
HSS_10X8X3/16,HSS,,augmented
HSS10 X 8X3/16,HSS,,original
HSS HSS10X8X3/16,HSS,,augmented
HSS-HSS10X8X3/16,HSS,,augmented
HSS10X8X3/16 HSS,HSS,,augmented
HSS 10 X 8 X 3/16,HSS,,original
HSS10X8X3/16 A500,HSS,,augmented
HSS10X8X3/16 Tube,HSS,,augmented
TS10X6X5/8,HSS,,augmented
HSS10X6X5/8,HSS,,original
TS 10X6X5/8,HSS,,augmented
HSS 10X6X5/8,HSS,,original
HSS-10X6X5/8,HSS,,augmented
HSS_10X6X5/8,HSS,,augmented
HSS10 X 6X5/8,HSS,,original
HSS HSS10X6X5/8,HSS,,augmented
HSS-HSS10X6X5/8,HSS,,augmented
HSS10X6X5/8 HSS,HSS,,augmented
HSS 10 X 6 X 5/8,HSS,,original
HSS10X6X5/8 A500,HSS,,augmented
HSS10X6X5/8 Tube,HSS,,augmented
TS10X6X1/2,HSS,,augmented
HSS10X6X1/2,HSS,,original
TS 10X6X1/2,HSS,,augmented
HSS 10X6X1/2,HSS,,original
HSS-10X6X1/2,HSS,,augmented
HSS_10X6X1/2,HSS,,augmented
HSS10 X 6X1/2,HSS,,original
HSS HSS10X6X1/2,HSS,,augmented
HSS-HSS10X6X1/2,HSS,,augmented
HSS10X6X1/2 HSS,HSS,,augmented
HSS 10 X 6 X 1/2,HSS,,original
HSS10X6X1/2 A500,HSS,,augmented
HSS10X6X1/2 Tube,HSS,,augmented
TS10X6X3/8,HSS,,augmented
HSS10X6X3/8,HSS,,original
TS 10X6X3/8,HSS,,augmented
HSS 10X6X3/8,HSS,,original
HSS-10X6X3/8,HSS,,augmented
HSS_10X6X3/8,HSS,,augmented
HSS10 X 6X3/8,HSS,,original
HSS HSS10X6X3/8,HSS,,augmented
HSS-HSS10X6X3/8,HSS,,augmented
HSS10X6X3/8 HSS,HSS,,augmented
HSS 10 X 6 X 3/8,HSS,,original
HSS10X6X3/8 A500,HSS,,augmented
HSS10X6X3/8 Tube,HSS,,augmented
TS10X6X5/16,HSS,,augmented
HSS10X6X5/16,HSS,,original
TS 10X6X5/16,HSS,,augmented
HSS 10X6X5/16,HSS,,original
HSS-10X6X5/16,HSS,,augmented
HSS_10X6X5/16,HSS,,augmented
HSS10 X 6X5/16,HSS,,original
HSS HSS10X6X5/16,HSS,,augmented
HSS-HSS10X6X5/16,HSS,,augmented
HSS10X6X5/16 HSS,HSS,,augmented
HSS 10 X 6 X 5/16,HSS,,original
HSS10X6X5/16 A500,HSS,,augmented
HSS10X6X5/16 Tube,HSS,,augmented
TS10X6X1/4,HSS,,augmented
HSS10X6X1/4,HSS,,original
TS 10X6X1/4,HSS,,augmented
HSS 10X6X1/4,HSS,,original
HSS-10X6X1/4,HSS,,augmented
HSS_10X6X1/4,HSS,,augmented
HSS10 X 6X1/4,HSS,,original
HSS HSS10X6X1/4,HSS,,augmented
HSS-HSS10X6X1/4,HSS,,augmented
HSS10X6X1/4 HSS,HSS,,augmented
HSS 10 X 6 X 1/4,HSS,,original
HSS10X6X1/4 A500,HSS,,augmented
HSS10X6X1/4 Tube,HSS,,augmented
TS10X6X3/16,HSS,,augmented
HSS10X6X3/16,HSS,,original
TS 10X6X3/16,HSS,,augmented
HSS 10X6X3/16,HSS,,original
HSS-10X6X3/16,HSS,,augmented
HSS_10X6X3/16,HSS,,augmented
HSS10 X 6X3/16,HSS,,original
HSS HSS10X6X3/16,HSS,,augmented
HSS-HSS10X6X3/16,HSS,,augmented
HSS10X6X3/16 HSS,HSS,,augmented
HSS 10 X 6 X 3/16,HSS,,original
HSS10X6X3/16 A500,HSS,,augmented
HSS10X6X3/16 Tube,HSS,,augmented
TS10X5X3/8,HSS,,augmented
HSS10X5X3/8,HSS,,original
TS 10X5X3/8,HSS,,augmented
HSS 10X5X3/8,HSS,,original
HSS-10X5X3/8,HSS,,augmented
HSS_10X5X3/8,HSS,,augmented
HSS10 X 5X3/8,HSS,,original
HSS HSS10X5X3/8,HSS,,augmented
HSS-HSS10X5X3/8,HSS,,augmented
HSS10X5X3/8 HSS,HSS,,augmented
HSS 10 X 5 X 3/8,HSS,,original
HSS10X5X3/8 A500,HSS,,augmented
HSS10X5X3/8 Tube,HSS,,augmented
TS10X5X5/16,HSS,,augmented
HSS10X5X5/16,HSS,,original
TS 10X5X5/16,HSS,,augmented
HSS 10X5X5/16,HSS,,original
HSS-10X5X5/16,HSS,,augmented
HSS_10X5X5/16,HSS,,augmented
HSS10 X 5X5/16,HSS,,original
HSS HSS10X5X5/16,HSS,,augmented
HSS-HSS10X5X5/16,HSS,,augmented
HSS10X5X5/16 HSS,HSS,,augmented
HSS 10 X 5 X 5/16,HSS,,original
HSS10X5X5/16 A500,HSS,,augmented
HSS10X5X5/16 Tube,HSS,,augmented
TS10X5X1/4,HSS,,augmented
HSS10X5X1/4,HSS,,original
TS 10X5X1/4,HSS,,augmented
HSS 10X5X1/4,HSS,,original
HSS-10X5X1/4,HSS,,augmented
HSS_10X5X1/4,HSS,,augmented
HSS10 X 5X1/4,HSS,,original
HSS HSS10X5X1/4,HSS,,augmented
HSS-HSS10X5X1/4,HSS,,augmented
HSS10X5X1/4 HSS,HSS,,augmented
HSS 10 X 5 X 1/4,HSS,,original
HSS10X5X1/4 A500,HSS,,augmented
HSS10X5X1/4 Tube,HSS,,augmented
TS10X4X5/8,HSS,,augmented
HSS10X4X5/8,HSS,,original
TS 10X4X5/8,HSS,,augmented
HSS 10X4X5/8,HSS,,original
HSS-10X4X5/8,HSS,,augmented
HSS_10X4X5/8,HSS,,augmented
HSS10 X 4X5/8,HSS,,original
HSS HSS10X4X5/8,HSS,,augmented
HSS-HSS10X4X5/8,HSS,,augmented
HSS10X4X5/8 HSS,HSS,,augmented
HSS 10 X 4 X 5/8,HSS,,original
HSS10X4X5/8 A500,HSS,,augmented
HSS10X4X5/8 Tube,HSS,,augmented
TS10X4X1/2,HSS,,augmented
HSS10X4X1/2,HSS,,original
TS 10X4X1/2,HSS,,augmented
HSS 10X4X1/2,HSS,,original
HSS-10X4X1/2,HSS,,augmented
HSS_10X4X1/2,HSS,,augmented
HSS10 X 4X1/2,HSS,,original
HSS HSS10X4X1/2,HSS,,augmented
HSS-HSS10X4X1/2,HSS,,augmented
HSS10X4X1/2 HSS,HSS,,augmented
HSS 10 X 4 X 1/2,HSS,,original
HSS10X4X1/2 A500,HSS,,augmented
HSS10X4X1/2 Tube,HSS,,augmented
TS10X4X3/8,HSS,,augmented
HSS10X4X3/8,HSS,,original
TS 10X4X3/8,HSS,,augmented
HSS 10X4X3/8,HSS,,original
HSS-10X4X3/8,HSS,,augmented
HSS_10X4X3/8,HSS,,augmented
HSS10 X 4X3/8,HSS,,original
HSS HSS10X4X3/8,HSS,,augmented
HSS-HSS10X4X3/8,HSS,,augmented
HSS10X4X3/8 HSS,HSS,,augmented
HSS 10 X 4 X 3/8,HSS,,original
HSS10X4X3/8 A500,HSS,,augmented
HSS10X4X3/8 Tube,HSS,,augmented
TS10X4X5/16,HSS,,augmented
HSS10X4X5/16,HSS,,original
TS 10X4X5/16,HSS,,augmented
HSS 10X4X5/16,HSS,,original
HSS-10X4X5/16,HSS,,augmented
HSS_10X4X5/16,HSS,,augmented
HSS10 X 4X5/16,HSS,,original
HSS HSS10X4X5/16,HSS,,augmented
HSS-HSS10X4X5/16,HSS,,augmented
HSS10X4X5/16 HSS,HSS,,augmented
HSS 10 X 4 X 5/16,HSS,,original
HSS10X4X5/16 A500,HSS,,augmented
HSS10X4X5/16 Tube,HSS,,augmented
TS10X4X1/4,HSS,,augmented
HSS10X4X1/4,HSS,,original
TS 10X4X1/4,HSS,,augmented
HSS 10X4X1/4,HSS,,original
HSS-10X4X1/4,HSS,,augmented
HSS_10X4X1/4,HSS,,augmented
HSS10 X 4X1/4,HSS,,original
HSS HSS10X4X1/4,HSS,,augmented
HSS-HSS10X4X1/4,HSS,,augmented
HSS10X4X1/4 HSS,HSS,,augmented
HSS 10 X 4 X 1/4,HSS,,original
HSS10X4X1/4 A500,HSS,,augmented
HSS10X4X1/4 Tube,HSS,,augmented
TS10X4X3/16,HSS,,augmented
HSS10X4X3/16,HSS,,original
TS 10X4X3/16,HSS,,augmented
HSS 10X4X3/16,HSS,,original
HSS-10X4X3/16,HSS,,augmented
HSS_10X4X3/16,HSS,,augmented
HSS10 X 4X3/16,HSS,,original
HSS HSS10X4X3/16,HSS,,augmented
HSS-HSS10X4X3/16,HSS,,augmented
HSS10X4X3/16 HSS,HSS,,augmented
HSS 10 X 4 X 3/16,HSS,,original
HSS10X4X3/16 A500,HSS,,augmented
HSS10X4X3/16 Tube,HSS,,augmented
TS10X4X1/8,HSS,,augmented
HSS10X4X1/8,HSS,,original
TS 10X4X1/8,HSS,,augmented
HSS 10X4X1/8,HSS,,original
HSS-10X4X1/8,HSS,,augmented
HSS_10X4X1/8,HSS,,augmented
HSS10 X 4X1/8,HSS,,original
HSS HSS10X4X1/8,HSS,,augmented
HSS-HSS10X4X1/8,HSS,,augmented
HSS10X4X1/8 HSS,HSS,,augmented
HSS 10 X 4 X 1/8,HSS,,original
HSS10X4X1/8 A500,HSS,,augmented
HSS10X4X1/8 Tube,HSS,,augmented
TS10X3-1/2X3/8,HSS,,augmented
HSS10X3-1/2X3/8,HSS,,original
TS 10X3-1/2X3/8,HSS,,augmented
HSS 10X3-1/2X3/8,HSS,,original
HSS-10X3-1/2X3/8,HSS,,augmented
HSS_10X3-1/2X3/8,HSS,,augmented
HSS10 X 3-1/2X3/8,HSS,,original
HSS HSS10X3-1/2X3/8,HSS,,augmented
HSS-HSS10X3-1/2X3/8,HSS,,augmented
HSS10X3-1/2X3/8 HSS,HSS,,augmented
HSS 10 X 3-1/2 X 3/8,HSS,,original
HSS10X3-1/2X3/8 A500,HSS,,augmented
HSS10X3-1/2X3/8 Tube,HSS,,augmented
TS10X3-1/2X5/16,HSS,,augmented
HSS10X3-1/2X5/16,HSS,,original
TS 10X3-1/2X5/16,HSS,,augmented
HSS 10X3-1/2X5/16,HSS,,original
HSS-10X3-1/2X5/16,HSS,,augmented
HSS_10X3-1/2X5/16,HSS,,augmented
HSS10 X 3-1/2X5/16,HSS,,original
HSS HSS10X3-1/2X5/16,HSS,,augmented
HSS-HSS10X3-1/2X5/16,HSS,,augmented
HSS10X3-1/2X5/16 HSS,HSS,,augmented
HSS 10 X 3-1/2 X 5/16,HSS,,original
HSS10X3-1/2X5/16 A500,HSS,,augmented
HSS10X3-1/2X5/16 Tube,HSS,,augmented
TS10X3-1/2X1/4,HSS,,augmented
HSS10X3-1/2X1/4,HSS,,original
TS 10X3-1/2X1/4,HSS,,augmented
HSS 10X3-1/2X1/4,HSS,,original
HSS-10X3-1/2X1/4,HSS,,augmented
HSS_10X3-1/2X1/4,HSS,,augmented
HSS10 X 3-1/2X1/4,HSS,,original
HSS HSS10X3-1/2X1/4,HSS,,augmented
HSS-HSS10X3-1/2X1/4,HSS,,augmented
HSS10X3-1/2X1/4 HSS,HSS,,augmented
HSS 10 X 3-1/2 X 1/4,HSS,,original
HSS10X3-1/2X1/4 A500,HSS,,augmented
HSS10X3-1/2X1/4 Tube,HSS,,augmented
TS10X3-1/2X3/16,HSS,,augmented
HSS10X3-1/2X3/16,HSS,,original
TS 10X3-1/2X3/16,HSS,,augmented
HSS 10X3-1/2X3/16,HSS,,original
HSS-10X3-1/2X3/16,HSS,,augmented
HSS_10X3-1/2X3/16,HSS,,augmented
HSS10 X 3-1/2X3/16,HSS,,original
HSS HSS10X3-1/2X3/16,HSS,,augmented
HSS-HSS10X3-1/2X3/16,HSS,,augmented
HSS10X3-1/2X3/16 HSS,HSS,,augmented
HSS 10 X 3-1/2 X 3/16,HSS,,original
HSS10X3-1/2X3/16 A500,HSS,,augmented
HSS10X3-1/2X3/16 Tube,HSS,,augmented
TS10X3X3/8,HSS,,augmented
HSS10X3X3/8,HSS,,original
TS 10X3X3/8,HSS,,augmented
HSS 10X3X3/8,HSS,,original
HSS-10X3X3/8,HSS,,augmented
HSS_10X3X3/8,HSS,,augmented
HSS10 X 3X3/8,HSS,,original
HSS HSS10X3X3/8,HSS,,augmented
HSS-HSS10X3X3/8,HSS,,augmented
HSS10X3X3/8 HSS,HSS,,augmented
HSS 10 X 3 X 3/8,HSS,,original
HSS10X3X3/8 A500,HSS,,augmented
HSS10X3X3/8 Tube,HSS,,augmented
TS10X3X5/16,HSS,,augmented
HSS10X3X5/16,HSS,,original
TS 10X3X5/16,HSS,,augmented
HSS 10X3X5/16,HSS,,original
HSS-10X3X5/16,HSS,,augmented
HSS_10X3X5/16,HSS,,augmented
HSS10 X 3X5/16,HSS,,original
HSS HSS10X3X5/16,HSS,,augmented
HSS-HSS10X3X5/16,HSS,,augmented
HSS10X3X5/16 HSS,HSS,,augmented
HSS 10 X 3 X 5/16,HSS,,original
HSS10X3X5/16 A500,HSS,,augmented
HSS10X3X5/16 Tube,HSS,,augmented
TS10X3X1/4,HSS,,augmented
HSS10X3X1/4,HSS,,original
TS 10X3X1/4,HSS,,augmented
HSS 10X3X1/4,HSS,,original
HSS-10X3X1/4,HSS,,augmented
HSS_10X3X1/4,HSS,,augmented
HSS10 X 3X1/4,HSS,,original
HSS HSS10X3X1/4,HSS,,augmented
HSS-HSS10X3X1/4,HSS,,augmented
HSS10X3X1/4 HSS,HSS,,augmented
HSS 10 X 3 X 1/4,HSS,,original
HSS10X3X1/4 A500,HSS,,augmented
HSS10X3X1/4 Tube,HSS,,augmented
TS10X3X3/16,HSS,,augmented
HSS10X3X3/16,HSS,,original
TS 10X3X3/16,HSS,,augmented
HSS 10X3X3/16,HSS,,original
HSS-10X3X3/16,HSS,,augmented
HSS_10X3X3/16,HSS,,augmented
HSS10 X 3X3/16,HSS,,original
HSS HSS10X3X3/16,HSS,,augmented
HSS-HSS10X3X3/16,HSS,,augmented
HSS10X3X3/16 HSS,HSS,,augmented
HSS 10 X 3 X 3/16,HSS,,original
HSS10X3X3/16 A500,HSS,,augmented
HSS10X3X3/16 Tube,HSS,,augmented
TS10X3X1/8,HSS,,augmented
HSS10X3X1/8,HSS,,original
TS 10X3X1/8,HSS,,augmented
HSS 10X3X1/8,HSS,,original
HSS-10X3X1/8,HSS,,augmented
HSS_10X3X1/8,HSS,,augmented
HSS10 X 3X1/8,HSS,,original
HSS HSS10X3X1/8,HSS,,augmented
HSS-HSS10X3X1/8,HSS,,augmented
HSS10X3X1/8 HSS,HSS,,augmented
HSS 10 X 3 X 1/8,HSS,,original
HSS10X3X1/8 A500,HSS,,augmented
HSS10X3X1/8 Tube,HSS,,augmented
TS10X2X3/8,HSS,,augmented
HSS10X2X3/8,HSS,,original
TS 10X2X3/8,HSS,,augmented
HSS 10X2X3/8,HSS,,original
HSS-10X2X3/8,HSS,,augmented
HSS_10X2X3/8,HSS,,augmented
HSS10 X 2X3/8,HSS,,original
HSS HSS10X2X3/8,HSS,,augmented
HSS-HSS10X2X3/8,HSS,,augmented
HSS10X2X3/8 HSS,HSS,,augmented
HSS 10 X 2 X 3/8,HSS,,original
HSS10X2X3/8 A500,HSS,,augmented
HSS10X2X3/8 Tube,HSS,,augmented
TS10X2X5/16,HSS,,augmented
HSS10X2X5/16,HSS,,original
TS 10X2X5/16,HSS,,augmented
HSS 10X2X5/16,HSS,,original
HSS-10X2X5/16,HSS,,augmented
HSS_10X2X5/16,HSS,,augmented
HSS10 X 2X5/16,HSS,,original
HSS HSS10X2X5/16,HSS,,augmented
HSS-HSS10X2X5/16,HSS,,augmented
HSS10X2X5/16 HSS,HSS,,augmented
HSS 10 X 2 X 5/16,HSS,,original
HSS10X2X5/16 A500,HSS,,augmented
HSS10X2X5/16 Tube,HSS,,augmented
TS10X2X1/4,HSS,,augmented
HSS10X2X1/4,HSS,,original
TS 10X2X1/4,HSS,,augmented
HSS 10X2X1/4,HSS,,original
HSS-10X2X1/4,HSS,,augmented
HSS_10X2X1/4,HSS,,augmented
HSS10 X 2X1/4,HSS,,original
HSS HSS10X2X1/4,HSS,,augmented
HSS-HSS10X2X1/4,HSS,,augmented
HSS10X2X1/4 HSS,HSS,,augmented
HSS 10 X 2 X 1/4,HSS,,original
HSS10X2X1/4 A500,HSS,,augmented
HSS10X2X1/4 Tube,HSS,,augmented
TS10X2X3/16,HSS,,augmented
HSS10X2X3/16,HSS,,original
TS 10X2X3/16,HSS,,augmented
HSS 10X2X3/16,HSS,,original
HSS-10X2X3/16,HSS,,augmented
HSS_10X2X3/16,HSS,,augmented
HSS10 X 2X3/16,HSS,,original
HSS HSS10X2X3/16,HSS,,augmented
HSS-HSS10X2X3/16,HSS,,augmented
HSS10X2X3/16 HSS,HSS,,augmented
HSS 10 X 2 X 3/16,HSS,,original
HSS10X2X3/16 A500,HSS,,augmented
HSS10X2X3/16 Tube,HSS,,augmented
TS10X2X1/8,HSS,,augmented
HSS10X2X1/8,HSS,,original
TS 10X2X1/8,HSS,,augmented
HSS 10X2X1/8,HSS,,original
HSS-10X2X1/8,HSS,,augmented
HSS_10X2X1/8,HSS,,augmented
HSS10 X 2X1/8,HSS,,original
HSS HSS10X2X1/8,HSS,,augmented
HSS-HSS10X2X1/8,HSS,,augmented
HSS10X2X1/8 HSS,HSS,,augmented
HSS 10 X 2 X 1/8,HSS,,original
HSS10X2X1/8 A500,HSS,,augmented
HSS10X2X1/8 Tube,HSS,,augmented
TS9X9X5/8,HSS,,augmented
HSS9X9X5/8,HSS,,original
TS 9X9X5/8,HSS,,augmented
HSS 9X9X5/8,HSS,,original
HSS-9X9X5/8,HSS,,augmented
HSS_9X9X5/8,HSS,,augmented
HSS9 X 9X5/8,HSS,,original
HSS HSS9X9X5/8,HSS,,augmented
HSS-HSS9X9X5/8,HSS,,augmented
HSS9X9X5/8 HSS,HSS,,augmented
HSS 9 X 9 X 5/8,HSS,,original
HSS9X9X5/8 A500,HSS,,augmented
HSS9X9X5/8 Tube,HSS,,augmented
TS9X9X1/2,HSS,,augmented
HSS9X9X1/2,HSS,,original
TS 9X9X1/2,HSS,,augmented
HSS 9X9X1/2,HSS,,original
HSS-9X9X1/2,HSS,,augmented
HSS_9X9X1/2,HSS,,augmented
HSS9 X 9X1/2,HSS,,original
HSS HSS9X9X1/2,HSS,,augmented
HSS-HSS9X9X1/2,HSS,,augmented
HSS9X9X1/2 HSS,HSS,,augmented
HSS 9 X 9 X 1/2,HSS,,original
HSS9X9X1/2 A500,HSS,,augmented
HSS9X9X1/2 Tube,HSS,,augmented
TS9X9X3/8,HSS,,augmented
HSS9X9X3/8,HSS,,original
TS 9X9X3/8,HSS,,augmented
HSS 9X9X3/8,HSS,,original
HSS-9X9X3/8,HSS,,augmented
HSS_9X9X3/8,HSS,,augmented
HSS9 X 9X3/8,HSS,,original
HSS HSS9X9X3/8,HSS,,augmented
HSS-HSS9X9X3/8,HSS,,augmented
HSS9X9X3/8 HSS,HSS,,augmented
HSS 9 X 9 X 3/8,HSS,,original
HSS9X9X3/8 A500,HSS,,augmented
HSS9X9X3/8 Tube,HSS,,augmented
TS9X9X5/16,HSS,,augmented
HSS9X9X5/16,HSS,,original
TS 9X9X5/16,HSS,,augmented
HSS 9X9X5/16,HSS,,original
HSS-9X9X5/16,HSS,,augmented
HSS_9X9X5/16,HSS,,augmented
HSS9 X 9X5/16,HSS,,original
HSS HSS9X9X5/16,HSS,,augmented
HSS-HSS9X9X5/16,HSS,,augmented
HSS9X9X5/16 HSS,HSS,,augmented
HSS 9 X 9 X 5/16,HSS,,original
HSS9X9X5/16 A500,HSS,,augmented
HSS9X9X5/16 Tube,HSS,,augmented
TS9X9X1/4,HSS,,augmented
HSS9X9X1/4,HSS,,original
TS 9X9X1/4,HSS,,augmented
HSS 9X9X1/4,HSS,,original
HSS-9X9X1/4,HSS,,augmented
HSS_9X9X1/4,HSS,,augmented
HSS9 X 9X1/4,HSS,,original
HSS HSS9X9X1/4,HSS,,augmented
HSS-HSS9X9X1/4,HSS,,augmented
HSS9X9X1/4 HSS,HSS,,augmented
HSS 9 X 9 X 1/4,HSS,,original
HSS9X9X1/4 A500,HSS,,augmented
HSS9X9X1/4 Tube,HSS,,augmented
TS9X9X3/16,HSS,,augmented
HSS9X9X3/16,HSS,,original
TS 9X9X3/16,HSS,,augmented
HSS 9X9X3/16,HSS,,original
HSS-9X9X3/16,HSS,,augmented
HSS_9X9X3/16,HSS,,augmented
HSS9 X 9X3/16,HSS,,original
HSS HSS9X9X3/16,HSS,,augmented
HSS-HSS9X9X3/16,HSS,,augmented
HSS9X9X3/16 HSS,HSS,,augmented
HSS 9 X 9 X 3/16,HSS,,original
HSS9X9X3/16 A500,HSS,,augmented
HSS9X9X3/16 Tube,HSS,,augmented
TS9X9X1/8,HSS,,augmented
HSS9X9X1/8,HSS,,original
TS 9X9X1/8,HSS,,augmented
HSS 9X9X1/8,HSS,,original
HSS-9X9X1/8,HSS,,augmented
HSS_9X9X1/8,HSS,,augmented
HSS9 X 9X1/8,HSS,,original
HSS HSS9X9X1/8,HSS,,augmented
HSS-HSS9X9X1/8,HSS,,augmented
HSS9X9X1/8 HSS,HSS,,augmented
HSS 9 X 9 X 1/8,HSS,,original
HSS9X9X1/8 A500,HSS,,augmented
HSS9X9X1/8 Tube,HSS,,augmented
TS9X7X5/8,HSS,,augmented
HSS9X7X5/8,HSS,,original
TS 9X7X5/8,HSS,,augmented
HSS 9X7X5/8,HSS,,original
HSS-9X7X5/8,HSS,,augmented
HSS_9X7X5/8,HSS,,augmented
HSS9 X 7X5/8,HSS,,original
HSS HSS9X7X5/8,HSS,,augmented
HSS-HSS9X7X5/8,HSS,,augmented
HSS9X7X5/8 HSS,HSS,,augmented
HSS 9 X 7 X 5/8,HSS,,original
HSS9X7X5/8 A500,HSS,,augmented
HSS9X7X5/8 Tube,HSS,,augmented
TS9X7X1/2,HSS,,augmented
HSS9X7X1/2,HSS,,original
TS 9X7X1/2,HSS,,augmented
HSS 9X7X1/2,HSS,,original
HSS-9X7X1/2,HSS,,augmented
HSS_9X7X1/2,HSS,,augmented
HSS9 X 7X1/2,HSS,,original
HSS HSS9X7X1/2,HSS,,augmented
HSS-HSS9X7X1/2,HSS,,augmented
HSS9X7X1/2 HSS,HSS,,augmented
HSS 9 X 7 X 1/2,HSS,,original
HSS9X7X1/2 A500,HSS,,augmented
HSS9X7X1/2 Tube,HSS,,augmented
TS9X7X3/8,HSS,,augmented
HSS9X7X3/8,HSS,,original
TS 9X7X3/8,HSS,,augmented
HSS 9X7X3/8,HSS,,original
HSS-9X7X3/8,HSS,,augmented
HSS_9X7X3/8,HSS,,augmented
HSS9 X 7X3/8,HSS,,original
HSS HSS9X7X3/8,HSS,,augmented
HSS-HSS9X7X3/8,HSS,,augmented
HSS9X7X3/8 HSS,HSS,,augmented
HSS 9 X 7 X 3/8,HSS,,original
HSS9X7X3/8 A500,HSS,,augmented
HSS9X7X3/8 Tube,HSS,,augmented
TS9X7X5/16,HSS,,augmented
HSS9X7X5/16,HSS,,original
TS 9X7X5/16,HSS,,augmented
HSS 9X7X5/16,HSS,,original
HSS-9X7X5/16,HSS,,augmented
HSS_9X7X5/16,HSS,,augmented
HSS9 X 7X5/16,HSS,,original
HSS HSS9X7X5/16,HSS,,augmented
HSS-HSS9X7X5/16,HSS,,augmented
HSS9X7X5/16 HSS,HSS,,augmented
HSS 9 X 7 X 5/16,HSS,,original
HSS9X7X5/16 A500,HSS,,augmented
HSS9X7X5/16 Tube,HSS,,augmented
TS9X7X1/4,HSS,,augmented
HSS9X7X1/4,HSS,,original
TS 9X7X1/4,HSS,,augmented
HSS 9X7X1/4,HSS,,original
HSS-9X7X1/4,HSS,,augmented
HSS_9X7X1/4,HSS,,augmented
HSS9 X 7X1/4,HSS,,original
HSS HSS9X7X1/4,HSS,,augmented
HSS-HSS9X7X1/4,HSS,,augmented
HSS9X7X1/4 HSS,HSS,,augmented
HSS 9 X 7 X 1/4,HSS,,original
HSS9X7X1/4 A500,HSS,,augmented
HSS9X7X1/4 Tube,HSS,,augmented
TS9X7X3/16,HSS,,augmented
HSS9X7X3/16,HSS,,original
TS 9X7X3/16,HSS,,augmented
HSS 9X7X3/16,HSS,,original
HSS-9X7X3/16,HSS,,augmented
HSS_9X7X3/16,HSS,,augmented
HSS9 X 7X3/16,HSS,,original
HSS HSS9X7X3/16,HSS,,augmented
HSS-HSS9X7X3/16,HSS,,augmented
HSS9X7X3/16 HSS,HSS,,augmented
HSS 9 X 7 X 3/16,HSS,,original
HSS9X7X3/16 A500,HSS,,augmented
HSS9X7X3/16 Tube,HSS,,augmented
TS9X5X5/8,HSS,,augmented
HSS9X5X5/8,HSS,,original
TS 9X5X5/8,HSS,,augmented
HSS 9X5X5/8,HSS,,original
HSS-9X5X5/8,HSS,,augmented
HSS_9X5X5/8,HSS,,augmented
HSS9 X 5X5/8,HSS,,original
HSS HSS9X5X5/8,HSS,,augmented
HSS-HSS9X5X5/8,HSS,,augmented
HSS9X5X5/8 HSS,HSS,,augmented
HSS 9 X 5 X 5/8,HSS,,original
HSS9X5X5/8 A500,HSS,,augmented
HSS9X5X5/8 Tube,HSS,,augmented
TS9X5X1/2,HSS,,augmented
HSS9X5X1/2,HSS,,original
TS 9X5X1/2,HSS,,augmented
HSS 9X5X1/2,HSS,,original
HSS-9X5X1/2,HSS,,augmented
HSS_9X5X1/2,HSS,,augmented
HSS9 X 5X1/2,HSS,,original
HSS HSS9X5X1/2,HSS,,augmented
HSS-HSS9X5X1/2,HSS,,augmented
HSS9X5X1/2 HSS,HSS,,augmented
HSS 9 X 5 X 1/2,HSS,,original
HSS9X5X1/2 A500,HSS,,augmented
HSS9X5X1/2 Tube,HSS,,augmented
TS9X5X3/8,HSS,,augmented
HSS9X5X3/8,HSS,,original
TS 9X5X3/8,HSS,,augmented
HSS 9X5X3/8,HSS,,original
HSS-9X5X3/8,HSS,,augmented
HSS_9X5X3/8,HSS,,augmented
HSS9 X 5X3/8,HSS,,original
HSS HSS9X5X3/8,HSS,,augmented
HSS-HSS9X5X3/8,HSS,,augmented
HSS9X5X3/8 HSS,HSS,,augmented
HSS 9 X 5 X 3/8,HSS,,original
HSS9X5X3/8 A500,HSS,,augmented
HSS9X5X3/8 Tube,HSS,,augmented
TS9X5X5/16,HSS,,augmented
HSS9X5X5/16,HSS,,original
TS 9X5X5/16,HSS,,augmented
HSS 9X5X5/16,HSS,,original
HSS-9X5X5/16,HSS,,augmented
HSS_9X5X5/16,HSS,,augmented
HSS9 X 5X5/16,HSS,,original
HSS HSS9X5X5/16,HSS,,augmented
HSS-HSS9X5X5/16,HSS,,augmented
HSS9X5X5/16 HSS,HSS,,augmented
HSS 9 X 5 X 5/16,HSS,,original
HSS9X5X5/16 A500,HSS,,augmented
HSS9X5X5/16 Tube,HSS,,augmented
TS9X5X1/4,HSS,,augmented
HSS9X5X1/4,HSS,,original
TS 9X5X1/4,HSS,,augmented
HSS 9X5X1/4,HSS,,original
HSS-9X5X1/4,HSS,,augmented
HSS_9X5X1/4,HSS,,augmented
HSS9 X 5X1/4,HSS,,original
HSS HSS9X5X1/4,HSS,,augmented
HSS-HSS9X5X1/4,HSS,,augmented
HSS9X5X1/4 HSS,HSS,,augmented
HSS 9 X 5 X 1/4,HSS,,original
HSS9X5X1/4 A500,HSS,,augmented
HSS9X5X1/4 Tube,HSS,,augmented
TS9X5X3/16,HSS,,augmented
HSS9X5X3/16,HSS,,original
TS 9X5X3/16,HSS,,augmented
HSS 9X5X3/16,HSS,,original
HSS-9X5X3/16,HSS,,augmented
HSS_9X5X3/16,HSS,,augmented
HSS9 X 5X3/16,HSS,,original
HSS HSS9X5X3/16,HSS,,augmented
HSS-HSS9X5X3/16,HSS,,augmented
HSS9X5X3/16 HSS,HSS,,augmented
HSS 9 X 5 X 3/16,HSS,,original
HSS9X5X3/16 A500,HSS,,augmented
HSS9X5X3/16 Tube,HSS,,augmented
TS9X3X1/2,HSS,,augmented
HSS9X3X1/2,HSS,,original
TS 9X3X1/2,HSS,,augmented
HSS 9X3X1/2,HSS,,original
HSS-9X3X1/2,HSS,,augmented
HSS_9X3X1/2,HSS,,augmented
HSS9 X 3X1/2,HSS,,original
HSS HSS9X3X1/2,HSS,,augmented
HSS-HSS9X3X1/2,HSS,,augmented
HSS9X3X1/2 HSS,HSS,,augmented
HSS 9 X 3 X 1/2,HSS,,original
HSS9X3X1/2 A500,HSS,,augmented
HSS9X3X1/2 Tube,HSS,,augmented
TS9X3X3/8,HSS,,augmented
HSS9X3X3/8,HSS,,original
TS 9X3X3/8,HSS,,augmented
HSS 9X3X3/8,HSS,,original
HSS-9X3X3/8,HSS,,augmented
HSS_9X3X3/8,HSS,,augmented
HSS9 X 3X3/8,HSS,,original
HSS HSS9X3X3/8,HSS,,augmented
HSS-HSS9X3X3/8,HSS,,augmented
HSS9X3X3/8 HSS,HSS,,augmented
HSS 9 X 3 X 3/8,HSS,,original
HSS9X3X3/8 A500,HSS,,augmented
HSS9X3X3/8 Tube,HSS,,augmented
TS9X3X5/16,HSS,,augmented
HSS9X3X5/16,HSS,,original
TS 9X3X5/16,HSS,,augmented
HSS 9X3X5/16,HSS,,original
HSS-9X3X5/16,HSS,,augmented
HSS_9X3X5/16,HSS,,augmented
HSS9 X 3X5/16,HSS,,original
HSS HSS9X3X5/16,HSS,,augmented
HSS-HSS9X3X5/16,HSS,,augmented
HSS9X3X5/16 HSS,HSS,,augmented
HSS 9 X 3 X 5/16,HSS,,original
HSS9X3X5/16 A500,HSS,,augmented
HSS9X3X5/16 Tube,HSS,,augmented
TS9X3X1/4,HSS,,augmented
HSS9X3X1/4,HSS,,original
TS 9X3X1/4,HSS,,augmented
HSS 9X3X1/4,HSS,,original
HSS-9X3X1/4,HSS,,augmented
HSS_9X3X1/4,HSS,,augmented
HSS9 X 3X1/4,HSS,,original
HSS HSS9X3X1/4,HSS,,augmented
HSS-HSS9X3X1/4,HSS,,augmented
HSS9X3X1/4 HSS,HSS,,augmented
HSS 9 X 3 X 1/4,HSS,,original
HSS9X3X1/4 A500,HSS,,augmented
HSS9X3X1/4 Tube,HSS,,augmented
TS9X3X3/16,HSS,,augmented
HSS9X3X3/16,HSS,,original
TS 9X3X3/16,HSS,,augmented
HSS 9X3X3/16,HSS,,original
HSS-9X3X3/16,HSS,,augmented
HSS_9X3X3/16,HSS,,augmented
HSS9 X 3X3/16,HSS,,original
HSS HSS9X3X3/16,HSS,,augmented
HSS-HSS9X3X3/16,HSS,,augmented
HSS9X3X3/16 HSS,HSS,,augmented
HSS 9 X 3 X 3/16,HSS,,original
HSS9X3X3/16 A500,HSS,,augmented
HSS9X3X3/16 Tube,HSS,,augmented
TS8X8X5/8,HSS,,augmented
HSS8X8X5/8,HSS,,original
TS 8X8X5/8,HSS,,augmented
HSS 8X8X5/8,HSS,,original
HSS-8X8X5/8,HSS,,augmented
HSS_8X8X5/8,HSS,,augmented
HSS8 X 8X5/8,HSS,,original
HSS HSS8X8X5/8,HSS,,augmented
HSS-HSS8X8X5/8,HSS,,augmented
HSS8X8X5/8 HSS,HSS,,augmented
HSS 8 X 8 X 5/8,HSS,,original
HSS8X8X5/8 A500,HSS,,augmented
HSS8X8X5/8 Tube,HSS,,augmented
TS8X8X1/2,HSS,,augmented
HSS8X8X1/2,HSS,,original
TS 8X8X1/2,HSS,,augmented
HSS 8X8X1/2,HSS,,original
HSS-8X8X1/2,HSS,,augmented
HSS_8X8X1/2,HSS,,augmented
HSS8 X 8X1/2,HSS,,original
HSS HSS8X8X1/2,HSS,,augmented
HSS-HSS8X8X1/2,HSS,,augmented
HSS8X8X1/2 HSS,HSS,,augmented
HSS 8 X 8 X 1/2,HSS,,original
HSS8X8X1/2 A500,HSS,,augmented
HSS8X8X1/2 Tube,HSS,,augmented
TS8X8X3/8,HSS,,augmented
HSS8X8X3/8,HSS,,original
TS 8X8X3/8,HSS,,augmented
HSS 8X8X3/8,HSS,,original
HSS-8X8X3/8,HSS,,augmented
HSS_8X8X3/8,HSS,,augmented
HSS8 X 8X3/8,HSS,,original
HSS HSS8X8X3/8,HSS,,augmented
HSS-HSS8X8X3/8,HSS,,augmented
HSS8X8X3/8 HSS,HSS,,augmented
HSS 8 X 8 X 3/8,HSS,,original
HSS8X8X3/8 A500,HSS,,augmented
HSS8X8X3/8 Tube,HSS,,augmented
TS8X8X5/16,HSS,,augmented
HSS8X8X5/16,HSS,,original
TS 8X8X5/16,HSS,,augmented
HSS 8X8X5/16,HSS,,original
HSS-8X8X5/16,HSS,,augmented
HSS_8X8X5/16,HSS,,augmented
HSS8 X 8X5/16,HSS,,original
HSS HSS8X8X5/16,HSS,,augmented
HSS-HSS8X8X5/16,HSS,,augmented
HSS8X8X5/16 HSS,HSS,,augmented
HSS 8 X 8 X 5/16,HSS,,original
HSS8X8X5/16 A500,HSS,,augmented
HSS8X8X5/16 Tube,HSS,,augmented
TS8X8X1/4,HSS,,augmented
HSS8X8X1/4,HSS,,original
TS 8X8X1/4,HSS,,augmented
HSS 8X8X1/4,HSS,,original
HSS-8X8X1/4,HSS,,augmented
HSS_8X8X1/4,HSS,,augmented
HSS8 X 8X1/4,HSS,,original
HSS HSS8X8X1/4,HSS,,augmented
HSS-HSS8X8X1/4,HSS,,augmented
HSS8X8X1/4 HSS,HSS,,augmented
HSS 8 X 8 X 1/4,HSS,,original
HSS8X8X1/4 A500,HSS,,augmented
HSS8X8X1/4 Tube,HSS,,augmented
TS8X8X3/16,HSS,,augmented
HSS8X8X3/16,HSS,,original
TS 8X8X3/16,HSS,,augmented
HSS 8X8X3/16,HSS,,original
HSS-8X8X3/16,HSS,,augmented
HSS_8X8X3/16,HSS,,augmented
HSS8 X 8X3/16,HSS,,original
HSS HSS8X8X3/16,HSS,,augmented
HSS-HSS8X8X3/16,HSS,,augmented
HSS8X8X3/16 HSS,HSS,,augmented
HSS 8 X 8 X 3/16,HSS,,original
HSS8X8X3/16 A500,HSS,,augmented
HSS8X8X3/16 Tube,HSS,,augmented
TS8X8X1/8,HSS,,augmented
HSS8X8X1/8,HSS,,original
TS 8X8X1/8,HSS,,augmented
HSS 8X8X1/8,HSS,,original
HSS-8X8X1/8,HSS,,augmented
HSS_8X8X1/8,HSS,,augmented
HSS8 X 8X1/8,HSS,,original
HSS HSS8X8X1/8,HSS,,augmented
HSS-HSS8X8X1/8,HSS,,augmented
HSS8X8X1/8 HSS,HSS,,augmented
HSS 8 X 8 X 1/8,HSS,,original
HSS8X8X1/8 A500,HSS,,augmented
HSS8X8X1/8 Tube,HSS,,augmented
TS8X6X5/8,HSS,,augmented
HSS8X6X5/8,HSS,,original
TS 8X6X5/8,HSS,,augmented
HSS 8X6X5/8,HSS,,original
HSS-8X6X5/8,HSS,,augmented
HSS_8X6X5/8,HSS,,augmented
HSS8 X 6X5/8,HSS,,original
HSS HSS8X6X5/8,HSS,,augmented
HSS-HSS8X6X5/8,HSS,,augmented
HSS8X6X5/8 HSS,HSS,,augmented
HSS 8 X 6 X 5/8,HSS,,original
HSS8X6X5/8 A500,HSS,,augmented
HSS8X6X5/8 Tube,HSS,,augmented
TS8X6X1/2,HSS,,augmented
HSS8X6X1/2,HSS,,original
TS 8X6X1/2,HSS,,augmented
HSS 8X6X1/2,HSS,,original
HSS-8X6X1/2,HSS,,augmented
HSS_8X6X1/2,HSS,,augmented
HSS8 X 6X1/2,HSS,,original
HSS HSS8X6X1/2,HSS,,augmented
HSS-HSS8X6X1/2,HSS,,augmented
HSS8X6X1/2 HSS,HSS,,augmented
HSS 8 X 6 X 1/2,HSS,,original
HSS8X6X1/2 A500,HSS,,augmented
HSS8X6X1/2 Tube,HSS,,augmented
TS8X6X3/8,HSS,,augmented
HSS8X6X3/8,HSS,,original
TS 8X6X3/8,HSS,,augmented
HSS 8X6X3/8,HSS,,original
HSS-8X6X3/8,HSS,,augmented
HSS_8X6X3/8,HSS,,augmented
HSS8 X 6X3/8,HSS,,original
HSS HSS8X6X3/8,HSS,,augmented
HSS-HSS8X6X3/8,HSS,,augmented
HSS8X6X3/8 HSS,HSS,,augmented
HSS 8 X 6 X 3/8,HSS,,original
HSS8X6X3/8 A500,HSS,,augmented
HSS8X6X3/8 Tube,HSS,,augmented
TS8X6X5/16,HSS,,augmented
HSS8X6X5/16,HSS,,original
TS 8X6X5/16,HSS,,augmented
HSS 8X6X5/16,HSS,,original
HSS-8X6X5/16,HSS,,augmented
HSS_8X6X5/16,HSS,,augmented
HSS8 X 6X5/16,HSS,,original
HSS HSS8X6X5/16,HSS,,augmented
HSS-HSS8X6X5/16,HSS,,augmented
HSS8X6X5/16 HSS,HSS,,augmented
HSS 8 X 6 X 5/16,HSS,,original
HSS8X6X5/16 A500,HSS,,augmented
HSS8X6X5/16 Tube,HSS,,augmented
TS8X6X1/4,HSS,,augmented
HSS8X6X1/4,HSS,,original
TS 8X6X1/4,HSS,,augmented
HSS 8X6X1/4,HSS,,original
HSS-8X6X1/4,HSS,,augmented
HSS_8X6X1/4,HSS,,augmented
HSS8 X 6X1/4,HSS,,original
HSS HSS8X6X1/4,HSS,,augmented
HSS-HSS8X6X1/4,HSS,,augmented
HSS8X6X1/4 HSS,HSS,,augmented
HSS 8 X 6 X 1/4,HSS,,original
HSS8X6X1/4 A500,HSS,,augmented
HSS8X6X1/4 Tube,HSS,,augmented
TS8X6X3/16,HSS,,augmented
HSS8X6X3/16,HSS,,original
TS 8X6X3/16,HSS,,augmented
HSS 8X6X3/16,HSS,,original
HSS-8X6X3/16,HSS,,augmented
HSS_8X6X3/16,HSS,,augmented
HSS8 X 6X3/16,HSS,,original
HSS HSS8X6X3/16,HSS,,augmented
HSS-HSS8X6X3/16,HSS,,augmented
HSS8X6X3/16 HSS,HSS,,augmented
HSS 8 X 6 X 3/16,HSS,,original
HSS8X6X3/16 A500,HSS,,augmented
HSS8X6X3/16 Tube,HSS,,augmented
TS8X4X5/8,HSS,,augmented
HSS8X4X5/8,HSS,,original
TS 8X4X5/8,HSS,,augmented
HSS 8X4X5/8,HSS,,original
HSS-8X4X5/8,HSS,,augmented
HSS_8X4X5/8,HSS,,augmented
HSS8 X 4X5/8,HSS,,original
HSS HSS8X4X5/8,HSS,,augmented
HSS-HSS8X4X5/8,HSS,,augmented
HSS8X4X5/8 HSS,HSS,,augmented
HSS 8 X 4 X 5/8,HSS,,original
HSS8X4X5/8 A500,HSS,,augmented
HSS8X4X5/8 Tube,HSS,,augmented
TS8X4X1/2,HSS,,augmented
HSS8X4X1/2,HSS,,original
TS 8X4X1/2,HSS,,augmented
HSS 8X4X1/2,HSS,,original
HSS-8X4X1/2,HSS,,augmented
HSS_8X4X1/2,HSS,,augmented
HSS8 X 4X1/2,HSS,,original
HSS HSS8X4X1/2,HSS,,augmented
HSS-HSS8X4X1/2,HSS,,augmented
HSS8X4X1/2 HSS,HSS,,augmented
HSS 8 X 4 X 1/2,HSS,,original
HSS8X4X1/2 A500,HSS,,augmented
HSS8X4X1/2 Tube,HSS,,augmented
TS8X4X3/8,HSS,,augmented
HSS8X4X3/8,HSS,,original
TS 8X4X3/8,HSS,,augmented
HSS 8X4X3/8,HSS,,original
HSS-8X4X3/8,HSS,,augmented
HSS_8X4X3/8,HSS,,augmented
HSS8 X 4X3/8,HSS,,original
HSS HSS8X4X3/8,HSS,,augmented
HSS-HSS8X4X3/8,HSS,,augmented
HSS8X4X3/8 HSS,HSS,,augmented
HSS 8 X 4 X 3/8,HSS,,original
HSS8X4X3/8 A500,HSS,,augmented
HSS8X4X3/8 Tube,HSS,,augmented
TS8X4X5/16,HSS,,augmented
HSS8X4X5/16,HSS,,original
TS 8X4X5/16,HSS,,augmented
HSS 8X4X5/16,HSS,,original
HSS-8X4X5/16,HSS,,augmented
HSS_8X4X5/16,HSS,,augmented
HSS8 X 4X5/16,HSS,,original
HSS HSS8X4X5/16,HSS,,augmented
HSS-HSS8X4X5/16,HSS,,augmented
HSS8X4X5/16 HSS,HSS,,augmented
HSS 8 X 4 X 5/16,HSS,,original
HSS8X4X5/16 A500,HSS,,augmented
HSS8X4X5/16 Tube,HSS,,augmented
TS8X4X1/4,HSS,,augmented
HSS8X4X1/4,HSS,,original
TS 8X4X1/4,HSS,,augmented
HSS 8X4X1/4,HSS,,original
HSS-8X4X1/4,HSS,,augmented
HSS_8X4X1/4,HSS,,augmented
HSS8 X 4X1/4,HSS,,original
HSS HSS8X4X1/4,HSS,,augmented
HSS-HSS8X4X1/4,HSS,,augmented
HSS8X4X1/4 HSS,HSS,,augmented
HSS 8 X 4 X 1/4,HSS,,original
HSS8X4X1/4 A500,HSS,,augmented
HSS8X4X1/4 Tube,HSS,,augmented
TS8X4X3/16,HSS,,augmented
HSS8X4X3/16,HSS,,original
TS 8X4X3/16,HSS,,augmented
HSS 8X4X3/16,HSS,,original
HSS-8X4X3/16,HSS,,augmented
HSS_8X4X3/16,HSS,,augmented
HSS8 X 4X3/16,HSS,,original
HSS HSS8X4X3/16,HSS,,augmented
HSS-HSS8X4X3/16,HSS,,augmented
HSS8X4X3/16 HSS,HSS,,augmented
HSS 8 X 4 X 3/16,HSS,,original
HSS8X4X3/16 A500,HSS,,augmented
HSS8X4X3/16 Tube,HSS,,augmented
TS8X4X1/8,HSS,,augmented
HSS8X4X1/8,HSS,,original
TS 8X4X1/8,HSS,,augmented
HSS 8X4X1/8,HSS,,original
HSS-8X4X1/8,HSS,,augmented
HSS_8X4X1/8,HSS,,augmented
HSS8 X 4X1/8,HSS,,original
HSS HSS8X4X1/8,HSS,,augmented
HSS-HSS8X4X1/8,HSS,,augmented
HSS8X4X1/8 HSS,HSS,,augmented
HSS 8 X 4 X 1/8,HSS,,original
HSS8X4X1/8 A500,HSS,,augmented
HSS8X4X1/8 Tube,HSS,,augmented
TS8X3X1/2,HSS,,augmented
HSS8X3X1/2,HSS,,original
TS 8X3X1/2,HSS,,augmented
HSS 8X3X1/2,HSS,,original
HSS-8X3X1/2,HSS,,augmented
HSS_8X3X1/2,HSS,,augmented
HSS8 X 3X1/2,HSS,,original
HSS HSS8X3X1/2,HSS,,augmented
HSS-HSS8X3X1/2,HSS,,augmented
HSS8X3X1/2 HSS,HSS,,augmented
HSS 8 X 3 X 1/2,HSS,,original
HSS8X3X1/2 A500,HSS,,augmented
HSS8X3X1/2 Tube,HSS,,augmented
TS8X3X3/8,HSS,,augmented
HSS8X3X3/8,HSS,,original
TS 8X3X3/8,HSS,,augmented
HSS 8X3X3/8,HSS,,original
HSS-8X3X3/8,HSS,,augmented
HSS_8X3X3/8,HSS,,augmented
HSS8 X 3X3/8,HSS,,original
HSS HSS8X3X3/8,HSS,,augmented
HSS-HSS8X3X3/8,HSS,,augmented
HSS8X3X3/8 HSS,HSS,,augmented
HSS 8 X 3 X 3/8,HSS,,original
HSS8X3X3/8 A500,HSS,,augmented
HSS8X3X3/8 Tube,HSS,,augmented
TS8X3X5/16,HSS,,augmented
HSS8X3X5/16,HSS,,original
TS 8X3X5/16,HSS,,augmented
HSS 8X3X5/16,HSS,,original
HSS-8X3X5/16,HSS,,augmented
HSS_8X3X5/16,HSS,,augmented
HSS8 X 3X5/16,HSS,,original
HSS HSS8X3X5/16,HSS,,augmented
HSS-HSS8X3X5/16,HSS,,augmented
HSS8X3X5/16 HSS,HSS,,augmented
HSS 8 X 3 X 5/16,HSS,,original
HSS8X3X5/16 A500,HSS,,augmented
HSS8X3X5/16 Tube,HSS,,augmented
TS8X3X1/4,HSS,,augmented
HSS8X3X1/4,HSS,,original
TS 8X3X1/4,HSS,,augmented
HSS 8X3X1/4,HSS,,original
HSS-8X3X1/4,HSS,,augmented
HSS_8X3X1/4,HSS,,augmented
HSS8 X 3X1/4,HSS,,original
HSS HSS8X3X1/4,HSS,,augmented
HSS-HSS8X3X1/4,HSS,,augmented
HSS8X3X1/4 HSS,HSS,,augmented
HSS 8 X 3 X 1/4,HSS,,original
HSS8X3X1/4 A500,HSS,,augmented
HSS8X3X1/4 Tube,HSS,,augmented
TS8X3X3/16,HSS,,augmented
HSS8X3X3/16,HSS,,original
TS 8X3X3/16,HSS,,augmented
HSS 8X3X3/16,HSS,,original
HSS-8X3X3/16,HSS,,augmented
HSS_8X3X3/16,HSS,,augmented
HSS8 X 3X3/16,HSS,,original
HSS HSS8X3X3/16,HSS,,augmented
HSS-HSS8X3X3/16,HSS,,augmented
HSS8X3X3/16 HSS,HSS,,augmented
HSS 8 X 3 X 3/16,HSS,,original
HSS8X3X3/16 A500,HSS,,augmented
HSS8X3X3/16 Tube,HSS,,augmented
TS8X3X1/8,HSS,,augmented
HSS8X3X1/8,HSS,,original
TS 8X3X1/8,HSS,,augmented
HSS 8X3X1/8,HSS,,original
HSS-8X3X1/8,HSS,,augmented
HSS_8X3X1/8,HSS,,augmented
HSS8 X 3X1/8,HSS,,original
HSS HSS8X3X1/8,HSS,,augmented
HSS-HSS8X3X1/8,HSS,,augmented
HSS8X3X1/8 HSS,HSS,,augmented
HSS 8 X 3 X 1/8,HSS,,original
HSS8X3X1/8 A500,HSS,,augmented
HSS8X3X1/8 Tube,HSS,,augmented
TS8X2X1/2,HSS,,augmented
HSS8X2X1/2,HSS,,original
TS 8X2X1/2,HSS,,augmented
HSS 8X2X1/2,HSS,,original
HSS-8X2X1/2,HSS,,augmented
HSS_8X2X1/2,HSS,,augmented
HSS8 X 2X1/2,HSS,,original
HSS HSS8X2X1/2,HSS,,augmented
HSS-HSS8X2X1/2,HSS,,augmented
HSS8X2X1/2 HSS,HSS,,augmented
HSS 8 X 2 X 1/2,HSS,,original
HSS8X2X1/2 A500,HSS,,augmented
HSS8X2X1/2 Tube,HSS,,augmented
TS8X2X3/8,HSS,,augmented
HSS8X2X3/8,HSS,,original
TS 8X2X3/8,HSS,,augmented
HSS 8X2X3/8,HSS,,original
HSS-8X2X3/8,HSS,,augmented
HSS_8X2X3/8,HSS,,augmented
HSS8 X 2X3/8,HSS,,original
HSS HSS8X2X3/8,HSS,,augmented
HSS-HSS8X2X3/8,HSS,,augmented
HSS8X2X3/8 HSS,HSS,,augmented
HSS 8 X 2 X 3/8,HSS,,original
HSS8X2X3/8 A500,HSS,,augmented
HSS8X2X3/8 Tube,HSS,,augmented
TS8X2X5/16,HSS,,augmented
HSS8X2X5/16,HSS,,original
TS 8X2X5/16,HSS,,augmented
HSS 8X2X5/16,HSS,,original
HSS-8X2X5/16,HSS,,augmented
HSS_8X2X5/16,HSS,,augmented
HSS8 X 2X5/16,HSS,,original
HSS HSS8X2X5/16,HSS,,augmented
HSS-HSS8X2X5/16,HSS,,augmented
HSS8X2X5/16 HSS,HSS,,augmented
HSS 8 X 2 X 5/16,HSS,,original
HSS8X2X5/16 A500,HSS,,augmented
HSS8X2X5/16 Tube,HSS,,augmented
TS8X2X1/4,HSS,,augmented
HSS8X2X1/4,HSS,,original
TS 8X2X1/4,HSS,,augmented
HSS 8X2X1/4,HSS,,original
HSS-8X2X1/4,HSS,,augmented
HSS_8X2X1/4,HSS,,augmented
HSS8 X 2X1/4,HSS,,original
HSS HSS8X2X1/4,HSS,,augmented
HSS-HSS8X2X1/4,HSS,,augmented
HSS8X2X1/4 HSS,HSS,,augmented
HSS 8 X 2 X 1/4,HSS,,original
HSS8X2X1/4 A500,HSS,,augmented
HSS8X2X1/4 Tube,HSS,,augmented
TS8X2X3/16,HSS,,augmented
HSS8X2X3/16,HSS,,original
TS 8X2X3/16,HSS,,augmented
HSS 8X2X3/16,HSS,,original
HSS-8X2X3/16,HSS,,augmented
HSS_8X2X3/16,HSS,,augmented
HSS8 X 2X3/16,HSS,,original
HSS HSS8X2X3/16,HSS,,augmented
HSS-HSS8X2X3/16,HSS,,augmented
HSS8X2X3/16 HSS,HSS,,augmented
HSS 8 X 2 X 3/16,HSS,,original
HSS8X2X3/16 A500,HSS,,augmented
HSS8X2X3/16 Tube,HSS,,augmented
TS8X2X1/8,HSS,,augmented
HSS8X2X1/8,HSS,,original
TS 8X2X1/8,HSS,,augmented
HSS 8X2X1/8,HSS,,original
HSS-8X2X1/8,HSS,,augmented
HSS_8X2X1/8,HSS,,augmented
HSS8 X 2X1/8,HSS,,original
HSS HSS8X2X1/8,HSS,,augmented
HSS-HSS8X2X1/8,HSS,,augmented
HSS8X2X1/8 HSS,HSS,,augmented
HSS 8 X 2 X 1/8,HSS,,original
HSS8X2X1/8 A500,HSS,,augmented
HSS8X2X1/8 Tube,HSS,,augmented
TS7X7X5/8,HSS,,augmented
HSS7X7X5/8,HSS,,original
TS 7X7X5/8,HSS,,augmented
HSS 7X7X5/8,HSS,,original
HSS-7X7X5/8,HSS,,augmented
HSS_7X7X5/8,HSS,,augmented
HSS7 X 7X5/8,HSS,,original
HSS HSS7X7X5/8,HSS,,augmented
HSS-HSS7X7X5/8,HSS,,augmented
HSS7X7X5/8 HSS,HSS,,augmented
HSS 7 X 7 X 5/8,HSS,,original
HSS7X7X5/8 A500,HSS,,augmented
HSS7X7X5/8 Tube,HSS,,augmented
TS7X7X1/2,HSS,,augmented
HSS7X7X1/2,HSS,,original
TS 7X7X1/2,HSS,,augmented
HSS 7X7X1/2,HSS,,original
HSS-7X7X1/2,HSS,,augmented
HSS_7X7X1/2,HSS,,augmented
HSS7 X 7X1/2,HSS,,original
HSS HSS7X7X1/2,HSS,,augmented
HSS-HSS7X7X1/2,HSS,,augmented
HSS7X7X1/2 HSS,HSS,,augmented
HSS 7 X 7 X 1/2,HSS,,original
HSS7X7X1/2 A500,HSS,,augmented
HSS7X7X1/2 Tube,HSS,,augmented
TS7X7X3/8,HSS,,augmented
HSS7X7X3/8,HSS,,original
TS 7X7X3/8,HSS,,augmented
HSS 7X7X3/8,HSS,,original
HSS-7X7X3/8,HSS,,augmented
HSS_7X7X3/8,HSS,,augmented
HSS7 X 7X3/8,HSS,,original
HSS HSS7X7X3/8,HSS,,augmented
HSS-HSS7X7X3/8,HSS,,augmented
HSS7X7X3/8 HSS,HSS,,augmented
HSS 7 X 7 X 3/8,HSS,,original
HSS7X7X3/8 A500,HSS,,augmented
HSS7X7X3/8 Tube,HSS,,augmented
TS7X7X5/16,HSS,,augmented
HSS7X7X5/16,HSS,,original
TS 7X7X5/16,HSS,,augmented
HSS 7X7X5/16,HSS,,original
HSS-7X7X5/16,HSS,,augmented
HSS_7X7X5/16,HSS,,augmented
HSS7 X 7X5/16,HSS,,original
HSS HSS7X7X5/16,HSS,,augmented
HSS-HSS7X7X5/16,HSS,,augmented
HSS7X7X5/16 HSS,HSS,,augmented
HSS 7 X 7 X 5/16,HSS,,original
HSS7X7X5/16 A500,HSS,,augmented
HSS7X7X5/16 Tube,HSS,,augmented
TS7X7X1/4,HSS,,augmented
HSS7X7X1/4,HSS,,original
TS 7X7X1/4,HSS,,augmented
HSS 7X7X1/4,HSS,,original
HSS-7X7X1/4,HSS,,augmented
HSS_7X7X1/4,HSS,,augmented
HSS7 X 7X1/4,HSS,,original
HSS HSS7X7X1/4,HSS,,augmented
HSS-HSS7X7X1/4,HSS,,augmented
HSS7X7X1/4 HSS,HSS,,augmented
HSS 7 X 7 X 1/4,HSS,,original
HSS7X7X1/4 A500,HSS,,augmented
HSS7X7X1/4 Tube,HSS,,augmented
TS7X7X3/16,HSS,,augmented
HSS7X7X3/16,HSS,,original
TS 7X7X3/16,HSS,,augmented
HSS 7X7X3/16,HSS,,original
HSS-7X7X3/16,HSS,,augmented
HSS_7X7X3/16,HSS,,augmented
HSS7 X 7X3/16,HSS,,original
HSS HSS7X7X3/16,HSS,,augmented
HSS-HSS7X7X3/16,HSS,,augmented
HSS7X7X3/16 HSS,HSS,,augmented
HSS 7 X 7 X 3/16,HSS,,original
HSS7X7X3/16 A500,HSS,,augmented
HSS7X7X3/16 Tube,HSS,,augmented
TS7X7X1/8,HSS,,augmented
HSS7X7X1/8,HSS,,original
TS 7X7X1/8,HSS,,augmented
HSS 7X7X1/8,HSS,,original
HSS-7X7X1/8,HSS,,augmented
HSS_7X7X1/8,HSS,,augmented
HSS7 X 7X1/8,HSS,,original
HSS HSS7X7X1/8,HSS,,augmented
HSS-HSS7X7X1/8,HSS,,augmented
HSS7X7X1/8 HSS,HSS,,augmented
HSS 7 X 7 X 1/8,HSS,,original
HSS7X7X1/8 A500,HSS,,augmented
HSS7X7X1/8 Tube,HSS,,augmented
TS7X5X1/2,HSS,,augmented
HSS7X5X1/2,HSS,,original
TS 7X5X1/2,HSS,,augmented
HSS 7X5X1/2,HSS,,original
HSS-7X5X1/2,HSS,,augmented
HSS_7X5X1/2,HSS,,augmented
HSS7 X 5X1/2,HSS,,original
HSS HSS7X5X1/2,HSS,,augmented
HSS-HSS7X5X1/2,HSS,,augmented
HSS7X5X1/2 HSS,HSS,,augmented
HSS 7 X 5 X 1/2,HSS,,original
HSS7X5X1/2 A500,HSS,,augmented
HSS7X5X1/2 Tube,HSS,,augmented
TS7X5X3/8,HSS,,augmented
HSS7X5X3/8,HSS,,original
TS 7X5X3/8,HSS,,augmented
HSS 7X5X3/8,HSS,,original
HSS-7X5X3/8,HSS,,augmented
HSS_7X5X3/8,HSS,,augmented
HSS7 X 5X3/8,HSS,,original
HSS HSS7X5X3/8,HSS,,augmented
HSS-HSS7X5X3/8,HSS,,augmented
HSS7X5X3/8 HSS,HSS,,augmented
HSS 7 X 5 X 3/8,HSS,,original
HSS7X5X3/8 A500,HSS,,augmented
HSS7X5X3/8 Tube,HSS,,augmented
TS7X5X5/16,HSS,,augmented
HSS7X5X5/16,HSS,,original
TS 7X5X5/16,HSS,,augmented
HSS 7X5X5/16,HSS,,original
HSS-7X5X5/16,HSS,,augmented
HSS_7X5X5/16,HSS,,augmented
HSS7 X 5X5/16,HSS,,original
HSS HSS7X5X5/16,HSS,,augmented
HSS-HSS7X5X5/16,HSS,,augmented
HSS7X5X5/16 HSS,HSS,,augmented
HSS 7 X 5 X 5/16,HSS,,original
HSS7X5X5/16 A500,HSS,,augmented
HSS7X5X5/16 Tube,HSS,,augmented
TS7X5X1/4,HSS,,augmented
HSS7X5X1/4,HSS,,original
TS 7X5X1/4,HSS,,augmented
HSS 7X5X1/4,HSS,,original
HSS-7X5X1/4,HSS,,augmented
HSS_7X5X1/4,HSS,,augmented
HSS7 X 5X1/4,HSS,,original
HSS HSS7X5X1/4,HSS,,augmented
HSS-HSS7X5X1/4,HSS,,augmented
HSS7X5X1/4 HSS,HSS,,augmented
HSS 7 X 5 X 1/4,HSS,,original
HSS7X5X1/4 A500,HSS,,augmented
HSS7X5X1/4 Tube,HSS,,augmented
TS7X5X3/16,HSS,,augmented
HSS7X5X3/16,HSS,,original
TS 7X5X3/16,HSS,,augmented
HSS 7X5X3/16,HSS,,original
HSS-7X5X3/16,HSS,,augmented
HSS_7X5X3/16,HSS,,augmented
HSS7 X 5X3/16,HSS,,original
HSS HSS7X5X3/16,HSS,,augmented
HSS-HSS7X5X3/16,HSS,,augmented
HSS7X5X3/16 HSS,HSS,,augmented
HSS 7 X 5 X 3/16,HSS,,original
HSS7X5X3/16 A500,HSS,,augmented
HSS7X5X3/16 Tube,HSS,,augmented
TS7X5X1/8,HSS,,augmented
HSS7X5X1/8,HSS,,original
TS 7X5X1/8,HSS,,augmented
HSS 7X5X1/8,HSS,,original
HSS-7X5X1/8,HSS,,augmented
HSS_7X5X1/8,HSS,,augmented
HSS7 X 5X1/8,HSS,,original
HSS HSS7X5X1/8,HSS,,augmented
HSS-HSS7X5X1/8,HSS,,augmented
HSS7X5X1/8 HSS,HSS,,augmented
HSS 7 X 5 X 1/8,HSS,,original
HSS7X5X1/8 A500,HSS,,augmented
HSS7X5X1/8 Tube,HSS,,augmented
TS7X4X1/2,HSS,,augmented
HSS7X4X1/2,HSS,,original
TS 7X4X1/2,HSS,,augmented
HSS 7X4X1/2,HSS,,original
HSS-7X4X1/2,HSS,,augmented
HSS_7X4X1/2,HSS,,augmented
HSS7 X 4X1/2,HSS,,original
HSS HSS7X4X1/2,HSS,,augmented
HSS-HSS7X4X1/2,HSS,,augmented
HSS7X4X1/2 HSS,HSS,,augmented
HSS 7 X 4 X 1/2,HSS,,original
HSS7X4X1/2 A500,HSS,,augmented
HSS7X4X1/2 Tube,HSS,,augmented
TS7X4X3/8,HSS,,augmented
HSS7X4X3/8,HSS,,original
TS 7X4X3/8,HSS,,augmented
HSS 7X4X3/8,HSS,,original
HSS-7X4X3/8,HSS,,augmented
HSS_7X4X3/8,HSS,,augmented
HSS7 X 4X3/8,HSS,,original
HSS HSS7X4X3/8,HSS,,augmented
HSS-HSS7X4X3/8,HSS,,augmented
HSS7X4X3/8 HSS,HSS,,augmented
HSS 7 X 4 X 3/8,HSS,,original
HSS7X4X3/8 A500,HSS,,augmented
HSS7X4X3/8 Tube,HSS,,augmented
TS7X4X5/16,HSS,,augmented
HSS7X4X5/16,HSS,,original
TS 7X4X5/16,HSS,,augmented
HSS 7X4X5/16,HSS,,original
HSS-7X4X5/16,HSS,,augmented
HSS_7X4X5/16,HSS,,augmented
HSS7 X 4X5/16,HSS,,original
HSS HSS7X4X5/16,HSS,,augmented
HSS-HSS7X4X5/16,HSS,,augmented
HSS7X4X5/16 HSS,HSS,,augmented
HSS 7 X 4 X 5/16,HSS,,original
HSS7X4X5/16 A500,HSS,,augmented
HSS7X4X5/16 Tube,HSS,,augmented
TS7X4X1/4,HSS,,augmented
HSS7X4X1/4,HSS,,original
TS 7X4X1/4,HSS,,augmented
HSS 7X4X1/4,HSS,,original
HSS-7X4X1/4,HSS,,augmented
HSS_7X4X1/4,HSS,,augmented
HSS7 X 4X1/4,HSS,,original
HSS HSS7X4X1/4,HSS,,augmented
HSS-HSS7X4X1/4,HSS,,augmented
HSS7X4X1/4 HSS,HSS,,augmented
HSS 7 X 4 X 1/4,HSS,,original
HSS7X4X1/4 A500,HSS,,augmented
HSS7X4X1/4 Tube,HSS,,augmented
TS7X4X3/16,HSS,,augmented
HSS7X4X3/16,HSS,,original
TS 7X4X3/16,HSS,,augmented
HSS 7X4X3/16,HSS,,original
HSS-7X4X3/16,HSS,,augmented
HSS_7X4X3/16,HSS,,augmented
HSS7 X 4X3/16,HSS,,original
HSS HSS7X4X3/16,HSS,,augmented
HSS-HSS7X4X3/16,HSS,,augmented
HSS7X4X3/16 HSS,HSS,,augmented
HSS 7 X 4 X 3/16,HSS,,original
HSS7X4X3/16 A500,HSS,,augmented
HSS7X4X3/16 Tube,HSS,,augmented
TS7X4X1/8,HSS,,augmented
HSS7X4X1/8,HSS,,original
TS 7X4X1/8,HSS,,augmented
HSS 7X4X1/8,HSS,,original
HSS-7X4X1/8,HSS,,augmented
HSS_7X4X1/8,HSS,,augmented
HSS7 X 4X1/8,HSS,,original
HSS HSS7X4X1/8,HSS,,augmented
HSS-HSS7X4X1/8,HSS,,augmented
HSS7X4X1/8 HSS,HSS,,augmented
HSS 7 X 4 X 1/8,HSS,,original
HSS7X4X1/8 A500,HSS,,augmented
HSS7X4X1/8 Tube,HSS,,augmented
TS7X3X1/2,HSS,,augmented
HSS7X3X1/2,HSS,,original
TS 7X3X1/2,HSS,,augmented
HSS 7X3X1/2,HSS,,original
HSS-7X3X1/2,HSS,,augmented
HSS_7X3X1/2,HSS,,augmented
HSS7 X 3X1/2,HSS,,original
HSS HSS7X3X1/2,HSS,,augmented
HSS-HSS7X3X1/2,HSS,,augmented
HSS7X3X1/2 HSS,HSS,,augmented
HSS 7 X 3 X 1/2,HSS,,original
HSS7X3X1/2 A500,HSS,,augmented
HSS7X3X1/2 Tube,HSS,,augmented
TS7X3X3/8,HSS,,augmented
HSS7X3X3/8,HSS,,original
TS 7X3X3/8,HSS,,augmented
HSS 7X3X3/8,HSS,,original
HSS-7X3X3/8,HSS,,augmented
HSS_7X3X3/8,HSS,,augmented
HSS7 X 3X3/8,HSS,,original
HSS HSS7X3X3/8,HSS,,augmented
HSS-HSS7X3X3/8,HSS,,augmented
HSS7X3X3/8 HSS,HSS,,augmented
HSS 7 X 3 X 3/8,HSS,,original
HSS7X3X3/8 A500,HSS,,augmented
HSS7X3X3/8 Tube,HSS,,augmented
TS7X3X5/16,HSS,,augmented
HSS7X3X5/16,HSS,,original
TS 7X3X5/16,HSS,,augmented
HSS 7X3X5/16,HSS,,original
HSS-7X3X5/16,HSS,,augmented
HSS_7X3X5/16,HSS,,augmented
HSS7 X 3X5/16,HSS,,original
HSS HSS7X3X5/16,HSS,,augmented
HSS-HSS7X3X5/16,HSS,,augmented
HSS7X3X5/16 HSS,HSS,,augmented
HSS 7 X 3 X 5/16,HSS,,original
HSS7X3X5/16 A500,HSS,,augmented
HSS7X3X5/16 Tube,HSS,,augmented
TS7X3X1/4,HSS,,augmented
HSS7X3X1/4,HSS,,original
TS 7X3X1/4,HSS,,augmented
HSS 7X3X1/4,HSS,,original
HSS-7X3X1/4,HSS,,augmented
HSS_7X3X1/4,HSS,,augmented
HSS7 X 3X1/4,HSS,,original
HSS HSS7X3X1/4,HSS,,augmented
HSS-HSS7X3X1/4,HSS,,augmented
HSS7X3X1/4 HSS,HSS,,augmented
HSS 7 X 3 X 1/4,HSS,,original
HSS7X3X1/4 A500,HSS,,augmented
HSS7X3X1/4 Tube,HSS,,augmented
TS7X3X3/16,HSS,,augmented
HSS7X3X3/16,HSS,,original
TS 7X3X3/16,HSS,,augmented
HSS 7X3X3/16,HSS,,original
HSS-7X3X3/16,HSS,,augmented
HSS_7X3X3/16,HSS,,augmented
HSS7 X 3X3/16,HSS,,original
HSS HSS7X3X3/16,HSS,,augmented
HSS-HSS7X3X3/16,HSS,,augmented
HSS7X3X3/16 HSS,HSS,,augmented
HSS 7 X 3 X 3/16,HSS,,original
HSS7X3X3/16 A500,HSS,,augmented
HSS7X3X3/16 Tube,HSS,,augmented
TS7X3X1/8,HSS,,augmented
HSS7X3X1/8,HSS,,original
TS 7X3X1/8,HSS,,augmented
HSS 7X3X1/8,HSS,,original
HSS-7X3X1/8,HSS,,augmented
HSS_7X3X1/8,HSS,,augmented
HSS7 X 3X1/8,HSS,,original
HSS HSS7X3X1/8,HSS,,augmented
HSS-HSS7X3X1/8,HSS,,augmented
HSS7X3X1/8 HSS,HSS,,augmented
HSS 7 X 3 X 1/8,HSS,,original
HSS7X3X1/8 A500,HSS,,augmented
HSS7X3X1/8 Tube,HSS,,augmented
TS7X2X1/4,HSS,,augmented
HSS7X2X1/4,HSS,,original
TS 7X2X1/4,HSS,,augmented
HSS 7X2X1/4,HSS,,original
HSS-7X2X1/4,HSS,,augmented
HSS_7X2X1/4,HSS,,augmented
HSS7 X 2X1/4,HSS,,original
HSS HSS7X2X1/4,HSS,,augmented
HSS-HSS7X2X1/4,HSS,,augmented
HSS7X2X1/4 HSS,HSS,,augmented
HSS 7 X 2 X 1/4,HSS,,original
HSS7X2X1/4 A500,HSS,,augmented
HSS7X2X1/4 Tube,HSS,,augmented
TS7X2X3/16,HSS,,augmented
HSS7X2X3/16,HSS,,original
TS 7X2X3/16,HSS,,augmented
HSS 7X2X3/16,HSS,,original
HSS-7X2X3/16,HSS,,augmented
HSS_7X2X3/16,HSS,,augmented
HSS7 X 2X3/16,HSS,,original
HSS HSS7X2X3/16,HSS,,augmented
HSS-HSS7X2X3/16,HSS,,augmented
HSS7X2X3/16 HSS,HSS,,augmented
HSS 7 X 2 X 3/16,HSS,,original
HSS7X2X3/16 A500,HSS,,augmented
HSS7X2X3/16 Tube,HSS,,augmented
TS7X2X1/8,HSS,,augmented
HSS7X2X1/8,HSS,,original
TS 7X2X1/8,HSS,,augmented
HSS 7X2X1/8,HSS,,original
HSS-7X2X1/8,HSS,,augmented
HSS_7X2X1/8,HSS,,augmented
HSS7 X 2X1/8,HSS,,original
HSS HSS7X2X1/8,HSS,,augmented
HSS-HSS7X2X1/8,HSS,,augmented
HSS7X2X1/8 HSS,HSS,,augmented
HSS 7 X 2 X 1/8,HSS,,original
HSS7X2X1/8 A500,HSS,,augmented
HSS7X2X1/8 Tube,HSS,,augmented
TS6X6X5/8,HSS,,augmented
HSS6X6X5/8,HSS,,original
TS 6X6X5/8,HSS,,augmented
HSS 6X6X5/8,HSS,,original
HSS-6X6X5/8,HSS,,augmented
HSS_6X6X5/8,HSS,,augmented
HSS6 X 6X5/8,HSS,,original
HSS HSS6X6X5/8,HSS,,augmented
HSS-HSS6X6X5/8,HSS,,augmented
HSS6X6X5/8 HSS,HSS,,augmented
HSS 6 X 6 X 5/8,HSS,,original
HSS6X6X5/8 A500,HSS,,augmented
HSS6X6X5/8 Tube,HSS,,augmented
TS6X6X1/2,HSS,,augmented
HSS6X6X1/2,HSS,,original
TS 6X6X1/2,HSS,,augmented
HSS 6X6X1/2,HSS,,original
HSS-6X6X1/2,HSS,,augmented
HSS_6X6X1/2,HSS,,augmented
HSS6 X 6X1/2,HSS,,original
HSS HSS6X6X1/2,HSS,,augmented
HSS-HSS6X6X1/2,HSS,,augmented
HSS6X6X1/2 HSS,HSS,,augmented
HSS 6 X 6 X 1/2,HSS,,original
HSS6X6X1/2 A500,HSS,,augmented
HSS6X6X1/2 Tube,HSS,,augmented
TS6X6X3/8,HSS,,augmented
HSS6X6X3/8,HSS,,original
TS 6X6X3/8,HSS,,augmented
HSS 6X6X3/8,HSS,,original
HSS-6X6X3/8,HSS,,augmented
HSS_6X6X3/8,HSS,,augmented
HSS6 X 6X3/8,HSS,,original
HSS HSS6X6X3/8,HSS,,augmented
HSS-HSS6X6X3/8,HSS,,augmented
HSS6X6X3/8 HSS,HSS,,augmented
HSS 6 X 6 X 3/8,HSS,,original
HSS6X6X3/8 A500,HSS,,augmented
HSS6X6X3/8 Tube,HSS,,augmented
TS6X6X5/16,HSS,,augmented
HSS6X6X5/16,HSS,,original
TS 6X6X5/16,HSS,,augmented
HSS 6X6X5/16,HSS,,original
HSS-6X6X5/16,HSS,,augmented
HSS_6X6X5/16,HSS,,augmented
HSS6 X 6X5/16,HSS,,original
HSS HSS6X6X5/16,HSS,,augmented
HSS-HSS6X6X5/16,HSS,,augmented
HSS6X6X5/16 HSS,HSS,,augmented
HSS 6 X 6 X 5/16,HSS,,original
HSS6X6X5/16 A500,HSS,,augmented
HSS6X6X5/16 Tube,HSS,,augmented
TS6X6X1/4,HSS,,augmented
HSS6X6X1/4,HSS,,original
TS 6X6X1/4,HSS,,augmented
HSS 6X6X1/4,HSS,,original
HSS-6X6X1/4,HSS,,augmented
HSS_6X6X1/4,HSS,,augmented
HSS6 X 6X1/4,HSS,,original
HSS HSS6X6X1/4,HSS,,augmented
HSS-HSS6X6X1/4,HSS,,augmented
HSS6X6X1/4 HSS,HSS,,augmented
HSS 6 X 6 X 1/4,HSS,,original
HSS6X6X1/4 A500,HSS,,augmented
HSS6X6X1/4 Tube,HSS,,augmented
TS6X6X3/16,HSS,,augmented
HSS6X6X3/16,HSS,,original
TS 6X6X3/16,HSS,,augmented
HSS 6X6X3/16,HSS,,original
HSS-6X6X3/16,HSS,,augmented
HSS_6X6X3/16,HSS,,augmented
HSS6 X 6X3/16,HSS,,original
HSS HSS6X6X3/16,HSS,,augmented
HSS-HSS6X6X3/16,HSS,,augmented
HSS6X6X3/16 HSS,HSS,,augmented
HSS 6 X 6 X 3/16,HSS,,original
HSS6X6X3/16 A500,HSS,,augmented
HSS6X6X3/16 Tube,HSS,,augmented
TS6X6X1/8,HSS,,augmented
HSS6X6X1/8,HSS,,original
TS 6X6X1/8,HSS,,augmented
HSS 6X6X1/8,HSS,,original
HSS-6X6X1/8,HSS,,augmented
HSS_6X6X1/8,HSS,,augmented
HSS6 X 6X1/8,HSS,,original
HSS HSS6X6X1/8,HSS,,augmented
HSS-HSS6X6X1/8,HSS,,augmented
HSS6X6X1/8 HSS,HSS,,augmented
HSS 6 X 6 X 1/8,HSS,,original
HSS6X6X1/8 A500,HSS,,augmented
HSS6X6X1/8 Tube,HSS,,augmented
TS6X5X1/2,HSS,,augmented
HSS6X5X1/2,HSS,,original
TS 6X5X1/2,HSS,,augmented
HSS 6X5X1/2,HSS,,original
HSS-6X5X1/2,HSS,,augmented
HSS_6X5X1/2,HSS,,augmented
HSS6 X 5X1/2,HSS,,original
HSS HSS6X5X1/2,HSS,,augmented
HSS-HSS6X5X1/2,HSS,,augmented
HSS6X5X1/2 HSS,HSS,,augmented
HSS 6 X 5 X 1/2,HSS,,original
HSS6X5X1/2 A500,HSS,,augmented
HSS6X5X1/2 Tube,HSS,,augmented
TS6X5X3/8,HSS,,augmented
HSS6X5X3/8,HSS,,original
TS 6X5X3/8,HSS,,augmented
HSS 6X5X3/8,HSS,,original
HSS-6X5X3/8,HSS,,augmented
HSS_6X5X3/8,HSS,,augmented
HSS6 X 5X3/8,HSS,,original
HSS HSS6X5X3/8,HSS,,augmented
HSS-HSS6X5X3/8,HSS,,augmented
HSS6X5X3/8 HSS,HSS,,augmented
HSS 6 X 5 X 3/8,HSS,,original
HSS6X5X3/8 A500,HSS,,augmented
HSS6X5X3/8 Tube,HSS,,augmented
TS6X5X5/16,HSS,,augmented
HSS6X5X5/16,HSS,,original
TS 6X5X5/16,HSS,,augmented
HSS 6X5X5/16,HSS,,original
HSS-6X5X5/16,HSS,,augmented
HSS_6X5X5/16,HSS,,augmented
HSS6 X 5X5/16,HSS,,original
HSS HSS6X5X5/16,HSS,,augmented
HSS-HSS6X5X5/16,HSS,,augmented
HSS6X5X5/16 HSS,HSS,,augmented
HSS 6 X 5 X 5/16,HSS,,original
HSS6X5X5/16 A500,HSS,,augmented
HSS6X5X5/16 Tube,HSS,,augmented
TS6X5X1/4,HSS,,augmented
HSS6X5X1/4,HSS,,original
TS 6X5X1/4,HSS,,augmented
HSS 6X5X1/4,HSS,,original
HSS-6X5X1/4,HSS,,augmented
HSS_6X5X1/4,HSS,,augmented
HSS6 X 5X1/4,HSS,,original
HSS HSS6X5X1/4,HSS,,augmented
HSS-HSS6X5X1/4,HSS,,augmented
HSS6X5X1/4 HSS,HSS,,augmented
HSS 6 X 5 X 1/4,HSS,,original
HSS6X5X1/4 A500,HSS,,augmented
HSS6X5X1/4 Tube,HSS,,augmented
TS6X5X3/16,HSS,,augmented
HSS6X5X3/16,HSS,,original
TS 6X5X3/16,HSS,,augmented
HSS 6X5X3/16,HSS,,original
HSS-6X5X3/16,HSS,,augmented
HSS_6X5X3/16,HSS,,augmented
HSS6 X 5X3/16,HSS,,original
HSS HSS6X5X3/16,HSS,,augmented
HSS-HSS6X5X3/16,HSS,,augmented
HSS6X5X3/16 HSS,HSS,,augmented
HSS 6 X 5 X 3/16,HSS,,original
HSS6X5X3/16 A500,HSS,,augmented
HSS6X5X3/16 Tube,HSS,,augmented
TS6X5X1/8,HSS,,augmented
HSS6X5X1/8,HSS,,original
TS 6X5X1/8,HSS,,augmented
HSS 6X5X1/8,HSS,,original
HSS-6X5X1/8,HSS,,augmented
HSS_6X5X1/8,HSS,,augmented
HSS6 X 5X1/8,HSS,,original
HSS HSS6X5X1/8,HSS,,augmented
HSS-HSS6X5X1/8,HSS,,augmented
HSS6X5X1/8 HSS,HSS,,augmented
HSS 6 X 5 X 1/8,HSS,,original
HSS6X5X1/8 A500,HSS,,augmented
HSS6X5X1/8 Tube,HSS,,augmented
TS6X4X1/2,HSS,,augmented
HSS6X4X1/2,HSS,,original
TS 6X4X1/2,HSS,,augmented
HSS 6X4X1/2,HSS,,original
HSS-6X4X1/2,HSS,,augmented
HSS_6X4X1/2,HSS,,augmented
HSS6 X 4X1/2,HSS,,original
HSS HSS6X4X1/2,HSS,,augmented
HSS-HSS6X4X1/2,HSS,,augmented
HSS6X4X1/2 HSS,HSS,,augmented
HSS 6 X 4 X 1/2,HSS,,original
HSS6X4X1/2 A500,HSS,,augmented
HSS6X4X1/2 Tube,HSS,,augmented
TS6X4X3/8,HSS,,augmented
HSS6X4X3/8,HSS,,original
TS 6X4X3/8,HSS,,augmented
HSS 6X4X3/8,HSS,,original
HSS-6X4X3/8,HSS,,augmented
HSS_6X4X3/8,HSS,,augmented
HSS6 X 4X3/8,HSS,,original
HSS HSS6X4X3/8,HSS,,augmented
HSS-HSS6X4X3/8,HSS,,augmented
HSS6X4X3/8 HSS,HSS,,augmented
HSS 6 X 4 X 3/8,HSS,,original
HSS6X4X3/8 A500,HSS,,augmented
HSS6X4X3/8 Tube,HSS,,augmented
TS6X4X5/16,HSS,,augmented
HSS6X4X5/16,HSS,,original
TS 6X4X5/16,HSS,,augmented
HSS 6X4X5/16,HSS,,original
HSS-6X4X5/16,HSS,,augmented
HSS_6X4X5/16,HSS,,augmented
HSS6 X 4X5/16,HSS,,original
HSS HSS6X4X5/16,HSS,,augmented
HSS-HSS6X4X5/16,HSS,,augmented
HSS6X4X5/16 HSS,HSS,,augmented
HSS 6 X 4 X 5/16,HSS,,original
HSS6X4X5/16 A500,HSS,,augmented
HSS6X4X5/16 Tube,HSS,,augmented
TS6X4X1/4,HSS,,augmented
HSS6X4X1/4,HSS,,original
TS 6X4X1/4,HSS,,augmented
HSS 6X4X1/4,HSS,,original
HSS-6X4X1/4,HSS,,augmented
HSS_6X4X1/4,HSS,,augmented
HSS6 X 4X1/4,HSS,,original
HSS HSS6X4X1/4,HSS,,augmented
HSS-HSS6X4X1/4,HSS,,augmented
HSS6X4X1/4 HSS,HSS,,augmented
HSS 6 X 4 X 1/4,HSS,,original
HSS6X4X1/4 A500,HSS,,augmented
HSS6X4X1/4 Tube,HSS,,augmented
TS6X4X3/16,HSS,,augmented
HSS6X4X3/16,HSS,,original
TS 6X4X3/16,HSS,,augmented
HSS 6X4X3/16,HSS,,original
HSS-6X4X3/16,HSS,,augmented
HSS_6X4X3/16,HSS,,augmented
HSS6 X 4X3/16,HSS,,original
HSS HSS6X4X3/16,HSS,,augmented
HSS-HSS6X4X3/16,HSS,,augmented
HSS6X4X3/16 HSS,HSS,,augmented
HSS 6 X 4 X 3/16,HSS,,original
HSS6X4X3/16 A500,HSS,,augmented
HSS6X4X3/16 Tube,HSS,,augmented
TS6X4X1/8,HSS,,augmented
HSS6X4X1/8,HSS,,original
TS 6X4X1/8,HSS,,augmented
HSS 6X4X1/8,HSS,,original
HSS-6X4X1/8,HSS,,augmented
HSS_6X4X1/8,HSS,,augmented
HSS6 X 4X1/8,HSS,,original
HSS HSS6X4X1/8,HSS,,augmented
HSS-HSS6X4X1/8,HSS,,augmented
HSS6X4X1/8 HSS,HSS,,augmented
HSS 6 X 4 X 1/8,HSS,,original
HSS6X4X1/8 A500,HSS,,augmented
HSS6X4X1/8 Tube,HSS,,augmented
TS6X3X1/2,HSS,,augmented
HSS6X3X1/2,HSS,,original
TS 6X3X1/2,HSS,,augmented
HSS 6X3X1/2,HSS,,original
HSS-6X3X1/2,HSS,,augmented
HSS_6X3X1/2,HSS,,augmented
HSS6 X 3X1/2,HSS,,original
HSS HSS6X3X1/2,HSS,,augmented
HSS-HSS6X3X1/2,HSS,,augmented
HSS6X3X1/2 HSS,HSS,,augmented
HSS 6 X 3 X 1/2,HSS,,original
HSS6X3X1/2 A500,HSS,,augmented
HSS6X3X1/2 Tube,HSS,,augmented
TS6X3X3/8,HSS,,augmented
HSS6X3X3/8,HSS,,original
TS 6X3X3/8,HSS,,augmented
HSS 6X3X3/8,HSS,,original
HSS-6X3X3/8,HSS,,augmented
HSS_6X3X3/8,HSS,,augmented
HSS6 X 3X3/8,HSS,,original
HSS HSS6X3X3/8,HSS,,augmented
HSS-HSS6X3X3/8,HSS,,augmented
HSS6X3X3/8 HSS,HSS,,augmented
HSS 6 X 3 X 3/8,HSS,,original
HSS6X3X3/8 A500,HSS,,augmented
HSS6X3X3/8 Tube,HSS,,augmented
TS6X3X5/16,HSS,,augmented
HSS6X3X5/16,HSS,,original
TS 6X3X5/16,HSS,,augmented
HSS 6X3X5/16,HSS,,original
HSS-6X3X5/16,HSS,,augmented
HSS_6X3X5/16,HSS,,augmented
HSS6 X 3X5/16,HSS,,original
HSS HSS6X3X5/16,HSS,,augmented
HSS-HSS6X3X5/16,HSS,,augmented
HSS6X3X5/16 HSS,HSS,,augmented
HSS 6 X 3 X 5/16,HSS,,original
HSS6X3X5/16 A500,HSS,,augmented
HSS6X3X5/16 Tube,HSS,,augmented
TS6X3X1/4,HSS,,augmented
HSS6X3X1/4,HSS,,original
TS 6X3X1/4,HSS,,augmented
HSS 6X3X1/4,HSS,,original
HSS-6X3X1/4,HSS,,augmented
HSS_6X3X1/4,HSS,,augmented
HSS6 X 3X1/4,HSS,,original
HSS HSS6X3X1/4,HSS,,augmented
HSS-HSS6X3X1/4,HSS,,augmented
HSS6X3X1/4 HSS,HSS,,augmented
HSS 6 X 3 X 1/4,HSS,,original
HSS6X3X1/4 A500,HSS,,augmented
HSS6X3X1/4 Tube,HSS,,augmented
TS6X3X3/16,HSS,,augmented
HSS6X3X3/16,HSS,,original
TS 6X3X3/16,HSS,,augmented
HSS 6X3X3/16,HSS,,original
HSS-6X3X3/16,HSS,,augmented
HSS_6X3X3/16,HSS,,augmented
HSS6 X 3X3/16,HSS,,original
HSS HSS6X3X3/16,HSS,,augmented
HSS-HSS6X3X3/16,HSS,,augmented
HSS6X3X3/16 HSS,HSS,,augmented
HSS 6 X 3 X 3/16,HSS,,original
HSS6X3X3/16 A500,HSS,,augmented
HSS6X3X3/16 Tube,HSS,,augmented
TS6X3X1/8,HSS,,augmented
HSS6X3X1/8,HSS,,original
TS 6X3X1/8,HSS,,augmented
HSS 6X3X1/8,HSS,,original
HSS-6X3X1/8,HSS,,augmented
HSS_6X3X1/8,HSS,,augmented
HSS6 X 3X1/8,HSS,,original
HSS HSS6X3X1/8,HSS,,augmented
HSS-HSS6X3X1/8,HSS,,augmented
HSS6X3X1/8 HSS,HSS,,augmented
HSS 6 X 3 X 1/8,HSS,,original
HSS6X3X1/8 A500,HSS,,augmented
HSS6X3X1/8 Tube,HSS,,augmented
TS6X2X3/8,HSS,,augmented
HSS6X2X3/8,HSS,,original
TS 6X2X3/8,HSS,,augmented
HSS 6X2X3/8,HSS,,original
HSS-6X2X3/8,HSS,,augmented
HSS_6X2X3/8,HSS,,augmented
HSS6 X 2X3/8,HSS,,original
HSS HSS6X2X3/8,HSS,,augmented
HSS-HSS6X2X3/8,HSS,,augmented
HSS6X2X3/8 HSS,HSS,,augmented
HSS 6 X 2 X 3/8,HSS,,original
HSS6X2X3/8 A500,HSS,,augmented
HSS6X2X3/8 Tube,HSS,,augmented
TS6X2X5/16,HSS,,augmented
HSS6X2X5/16,HSS,,original
TS 6X2X5/16,HSS,,augmented
HSS 6X2X5/16,HSS,,original
HSS-6X2X5/16,HSS,,augmented
HSS_6X2X5/16,HSS,,augmented
HSS6 X 2X5/16,HSS,,original
HSS HSS6X2X5/16,HSS,,augmented
HSS-HSS6X2X5/16,HSS,,augmented
HSS6X2X5/16 HSS,HSS,,augmented
HSS 6 X 2 X 5/16,HSS,,original
HSS6X2X5/16 A500,HSS,,augmented
HSS6X2X5/16 Tube,HSS,,augmented
TS6X2X1/4,HSS,,augmented
HSS6X2X1/4,HSS,,original
TS 6X2X1/4,HSS,,augmented
HSS 6X2X1/4,HSS,,original
HSS-6X2X1/4,HSS,,augmented
HSS_6X2X1/4,HSS,,augmented
HSS6 X 2X1/4,HSS,,original
HSS HSS6X2X1/4,HSS,,augmented
HSS-HSS6X2X1/4,HSS,,augmented
HSS6X2X1/4 HSS,HSS,,augmented
HSS 6 X 2 X 1/4,HSS,,original
HSS6X2X1/4 A500,HSS,,augmented
HSS6X2X1/4 Tube,HSS,,augmented
TS6X2X3/16,HSS,,augmented
HSS6X2X3/16,HSS,,original
TS 6X2X3/16,HSS,,augmented
HSS 6X2X3/16,HSS,,original
HSS-6X2X3/16,HSS,,augmented
HSS_6X2X3/16,HSS,,augmented
HSS6 X 2X3/16,HSS,,original
HSS HSS6X2X3/16,HSS,,augmented
HSS-HSS6X2X3/16,HSS,,augmented
HSS6X2X3/16 HSS,HSS,,augmented
HSS 6 X 2 X 3/16,HSS,,original
HSS6X2X3/16 A500,HSS,,augmented
HSS6X2X3/16 Tube,HSS,,augmented
TS6X2X1/8,HSS,,augmented
HSS6X2X1/8,HSS,,original
TS 6X2X1/8,HSS,,augmented
HSS 6X2X1/8,HSS,,original
HSS-6X2X1/8,HSS,,augmented
HSS_6X2X1/8,HSS,,augmented
HSS6 X 2X1/8,HSS,,original
HSS HSS6X2X1/8,HSS,,augmented
HSS-HSS6X2X1/8,HSS,,augmented
HSS6X2X1/8 HSS,HSS,,augmented
HSS 6 X 2 X 1/8,HSS,,original
HSS6X2X1/8 A500,HSS,,augmented
HSS6X2X1/8 Tube,HSS,,augmented
TS5-1/2X5-1/2X3/8,HSS,,augmented
HSS5-1/2X5-1/2X3/8,HSS,,original
TS 5-1/2X5-1/2X3/8,HSS,,augmented
HSS 5-1/2X5-1/2X3/8,HSS,,original
HSS-5-1/2X5-1/2X3/8,HSS,,augmented
HSS_5-1/2X5-1/2X3/8,HSS,,augmented
HSS5-1/2 X 5-1/2X3/8,HSS,,original
HSS HSS5-1/2X5-1/2X3/8,HSS,,augmented
HSS-HSS5-1/2X5-1/2X3/8,HSS,,augmented
HSS5-1/2X5-1/2X3/8 HSS,HSS,,augmented
HSS 5-1/2 X 5-1/2 X 3/8,HSS,,original
HSS5-1/2X5-1/2X3/8 A500,HSS,,augmented
HSS5-1/2X5-1/2X3/8 Tube,HSS,,augmented
TS5-1/2X5-1/2X5/16,HSS,,augmented
HSS5-1/2X5-1/2X5/16,HSS,,original
TS 5-1/2X5-1/2X5/16,HSS,,augmented
HSS 5-1/2X5-1/2X5/16,HSS,,original
HSS-5-1/2X5-1/2X5/16,HSS,,augmented
HSS_5-1/2X5-1/2X5/16,HSS,,augmented
HSS5-1/2 X 5-1/2X5/16,HSS,,original
HSS HSS5-1/2X5-1/2X5/16,HSS,,augmented
HSS-HSS5-1/2X5-1/2X5/16,HSS,,augmented
HSS5-1/2X5-1/2X5/16 HSS,HSS,,augmented
HSS 5-1/2 X 5-1/2 X 5/16,HSS,,original
HSS5-1/2X5-1/2X5/16 A500,HSS,,augmented
HSS5-1/2X5-1/2X5/16 Tube,HSS,,augmented
TS5-1/2X5-1/2X1/4,HSS,,augmented
HSS5-1/2X5-1/2X1/4,HSS,,original
TS 5-1/2X5-1/2X1/4,HSS,,augmented
HSS 5-1/2X5-1/2X1/4,HSS,,original
HSS-5-1/2X5-1/2X1/4,HSS,,augmented
HSS_5-1/2X5-1/2X1/4,HSS,,augmented
HSS5-1/2 X 5-1/2X1/4,HSS,,original
HSS HSS5-1/2X5-1/2X1/4,HSS,,augmented
HSS-HSS5-1/2X5-1/2X1/4,HSS,,augmented
HSS5-1/2X5-1/2X1/4 HSS,HSS,,augmented
HSS 5-1/2 X 5-1/2 X 1/4,HSS,,original
HSS5-1/2X5-1/2X1/4 A500,HSS,,augmented
HSS5-1/2X5-1/2X1/4 Tube,HSS,,augmented
TS5-1/2X5-1/2X3/16,HSS,,augmented
HSS5-1/2X5-1/2X3/16,HSS,,original
TS 5-1/2X5-1/2X3/16,HSS,,augmented
HSS 5-1/2X5-1/2X3/16,HSS,,original
HSS-5-1/2X5-1/2X3/16,HSS,,augmented
HSS_5-1/2X5-1/2X3/16,HSS,,augmented
HSS5-1/2 X 5-1/2X3/16,HSS,,original
HSS HSS5-1/2X5-1/2X3/16,HSS,,augmented
HSS-HSS5-1/2X5-1/2X3/16,HSS,,augmented
HSS5-1/2X5-1/2X3/16 HSS,HSS,,augmented
HSS 5-1/2 X 5-1/2 X 3/16,HSS,,original
HSS5-1/2X5-1/2X3/16 A500,HSS,,augmented
HSS5-1/2X5-1/2X3/16 Tube,HSS,,augmented
TS5-1/2X5-1/2X1/8,HSS,,augmented
HSS5-1/2X5-1/2X1/8,HSS,,original
TS 5-1/2X5-1/2X1/8,HSS,,augmented
HSS 5-1/2X5-1/2X1/8,HSS,,original
HSS-5-1/2X5-1/2X1/8,HSS,,augmented
HSS_5-1/2X5-1/2X1/8,HSS,,augmented
HSS5-1/2 X 5-1/2X1/8,HSS,,original
HSS HSS5-1/2X5-1/2X1/8,HSS,,augmented
HSS-HSS5-1/2X5-1/2X1/8,HSS,,augmented
HSS5-1/2X5-1/2X1/8 HSS,HSS,,augmented
HSS 5-1/2 X 5-1/2 X 1/8,HSS,,original
HSS5-1/2X5-1/2X1/8 A500,HSS,,augmented
HSS5-1/2X5-1/2X1/8 Tube,HSS,,augmented
TS5X5X1/2,HSS,,augmented
HSS5X5X1/2,HSS,,original
TS 5X5X1/2,HSS,,augmented
HSS 5X5X1/2,HSS,,original
HSS-5X5X1/2,HSS,,augmented
HSS_5X5X1/2,HSS,,augmented
HSS5 X 5X1/2,HSS,,original
HSS HSS5X5X1/2,HSS,,augmented
HSS-HSS5X5X1/2,HSS,,augmented
HSS5X5X1/2 HSS,HSS,,augmented
HSS 5 X 5 X 1/2,HSS,,original
HSS5X5X1/2 A500,HSS,,augmented
HSS5X5X1/2 Tube,HSS,,augmented
TS5X5X3/8,HSS,,augmented
HSS5X5X3/8,HSS,,original
TS 5X5X3/8,HSS,,augmented
HSS 5X5X3/8,HSS,,original
HSS-5X5X3/8,HSS,,augmented
HSS_5X5X3/8,HSS,,augmented
HSS5 X 5X3/8,HSS,,original
HSS HSS5X5X3/8,HSS,,augmented
HSS-HSS5X5X3/8,HSS,,augmented
HSS5X5X3/8 HSS,HSS,,augmented
HSS 5 X 5 X 3/8,HSS,,original
HSS5X5X3/8 A500,HSS,,augmented
HSS5X5X3/8 Tube,HSS,,augmented
TS5X5X5/16,HSS,,augmented
HSS5X5X5/16,HSS,,original
TS 5X5X5/16,HSS,,augmented
HSS 5X5X5/16,HSS,,original
HSS-5X5X5/16,HSS,,augmented
HSS_5X5X5/16,HSS,,augmented
HSS5 X 5X5/16,HSS,,original
HSS HSS5X5X5/16,HSS,,augmented
HSS-HSS5X5X5/16,HSS,,augmented
HSS5X5X5/16 HSS,HSS,,augmented
HSS 5 X 5 X 5/16,HSS,,original
HSS5X5X5/16 A500,HSS,,augmented
HSS5X5X5/16 Tube,HSS,,augmented
TS5X5X1/4,HSS,,augmented
HSS5X5X1/4,HSS,,original
TS 5X5X1/4,HSS,,augmented
HSS 5X5X1/4,HSS,,original
HSS-5X5X1/4,HSS,,augmented
HSS_5X5X1/4,HSS,,augmented
HSS5 X 5X1/4,HSS,,original
HSS HSS5X5X1/4,HSS,,augmented
HSS-HSS5X5X1/4,HSS,,augmented
HSS5X5X1/4 HSS,HSS,,augmented
HSS 5 X 5 X 1/4,HSS,,original
HSS5X5X1/4 A500,HSS,,augmented
HSS5X5X1/4 Tube,HSS,,augmented
TS5X5X3/16,HSS,,augmented
HSS5X5X3/16,HSS,,original
TS 5X5X3/16,HSS,,augmented
HSS 5X5X3/16,HSS,,original
HSS-5X5X3/16,HSS,,augmented
HSS_5X5X3/16,HSS,,augmented
HSS5 X 5X3/16,HSS,,original
HSS HSS5X5X3/16,HSS,,augmented
HSS-HSS5X5X3/16,HSS,,augmented
HSS5X5X3/16 HSS,HSS,,augmented
HSS 5 X 5 X 3/16,HSS,,original
HSS5X5X3/16 A500,HSS,,augmented
HSS5X5X3/16 Tube,HSS,,augmented
TS5X5X1/8,HSS,,augmented
HSS5X5X1/8,HSS,,original
TS 5X5X1/8,HSS,,augmented
HSS 5X5X1/8,HSS,,original
HSS-5X5X1/8,HSS,,augmented
HSS_5X5X1/8,HSS,,augmented
HSS5 X 5X1/8,HSS,,original
HSS HSS5X5X1/8,HSS,,augmented
HSS-HSS5X5X1/8,HSS,,augmented
HSS5X5X1/8 HSS,HSS,,augmented
HSS 5 X 5 X 1/8,HSS,,original
HSS5X5X1/8 A500,HSS,,augmented
HSS5X5X1/8 Tube,HSS,,augmented
TS5X4X1/2,HSS,,augmented
HSS5X4X1/2,HSS,,original
TS 5X4X1/2,HSS,,augmented
HSS 5X4X1/2,HSS,,original
HSS-5X4X1/2,HSS,,augmented
HSS_5X4X1/2,HSS,,augmented
HSS5 X 4X1/2,HSS,,original
HSS HSS5X4X1/2,HSS,,augmented
HSS-HSS5X4X1/2,HSS,,augmented
HSS5X4X1/2 HSS,HSS,,augmented
HSS 5 X 4 X 1/2,HSS,,original
HSS5X4X1/2 A500,HSS,,augmented
HSS5X4X1/2 Tube,HSS,,augmented
TS5X4X3/8,HSS,,augmented
HSS5X4X3/8,HSS,,original
TS 5X4X3/8,HSS,,augmented
HSS 5X4X3/8,HSS,,original
HSS-5X4X3/8,HSS,,augmented
HSS_5X4X3/8,HSS,,augmented
HSS5 X 4X3/8,HSS,,original
HSS HSS5X4X3/8,HSS,,augmented
HSS-HSS5X4X3/8,HSS,,augmented
HSS5X4X3/8 HSS,HSS,,augmented
HSS 5 X 4 X 3/8,HSS,,original
HSS5X4X3/8 A500,HSS,,augmented
HSS5X4X3/8 Tube,HSS,,augmented
TS5X4X5/16,HSS,,augmented
HSS5X4X5/16,HSS,,original
TS 5X4X5/16,HSS,,augmented
HSS 5X4X5/16,HSS,,original
HSS-5X4X5/16,HSS,,augmented
HSS_5X4X5/16,HSS,,augmented
HSS5 X 4X5/16,HSS,,original
HSS HSS5X4X5/16,HSS,,augmented
HSS-HSS5X4X5/16,HSS,,augmented
HSS5X4X5/16 HSS,HSS,,augmented
HSS 5 X 4 X 5/16,HSS,,original
HSS5X4X5/16 A500,HSS,,augmented
HSS5X4X5/16 Tube,HSS,,augmented
TS5X4X1/4,HSS,,augmented
HSS5X4X1/4,HSS,,original
TS 5X4X1/4,HSS,,augmented
HSS 5X4X1/4,HSS,,original
HSS-5X4X1/4,HSS,,augmented
HSS_5X4X1/4,HSS,,augmented
HSS5 X 4X1/4,HSS,,original
HSS HSS5X4X1/4,HSS,,augmented
HSS-HSS5X4X1/4,HSS,,augmented
HSS5X4X1/4 HSS,HSS,,augmented
HSS 5 X 4 X 1/4,HSS,,original
HSS5X4X1/4 A500,HSS,,augmented
HSS5X4X1/4 Tube,HSS,,augmented
TS5X4X3/16,HSS,,augmented
HSS5X4X3/16,HSS,,original
TS 5X4X3/16,HSS,,augmented
HSS 5X4X3/16,HSS,,original
HSS-5X4X3/16,HSS,,augmented
HSS_5X4X3/16,HSS,,augmented
HSS5 X 4X3/16,HSS,,original
HSS HSS5X4X3/16,HSS,,augmented
HSS-HSS5X4X3/16,HSS,,augmented
HSS5X4X3/16 HSS,HSS,,augmented
HSS 5 X 4 X 3/16,HSS,,original
HSS5X4X3/16 A500,HSS,,augmented
HSS5X4X3/16 Tube,HSS,,augmented
TS5X4X1/8,HSS,,augmented
HSS5X4X1/8,HSS,,original
TS 5X4X1/8,HSS,,augmented
HSS 5X4X1/8,HSS,,original
HSS-5X4X1/8,HSS,,augmented
HSS_5X4X1/8,HSS,,augmented
HSS5 X 4X1/8,HSS,,original
HSS HSS5X4X1/8,HSS,,augmented
HSS-HSS5X4X1/8,HSS,,augmented
HSS5X4X1/8 HSS,HSS,,augmented
HSS 5 X 4 X 1/8,HSS,,original
HSS5X4X1/8 A500,HSS,,augmented
HSS5X4X1/8 Tube,HSS,,augmented
TS5X3X1/2,HSS,,augmented
HSS5X3X1/2,HSS,,original
TS 5X3X1/2,HSS,,augmented
HSS 5X3X1/2,HSS,,original
HSS-5X3X1/2,HSS,,augmented
HSS_5X3X1/2,HSS,,augmented
HSS5 X 3X1/2,HSS,,original
HSS HSS5X3X1/2,HSS,,augmented
HSS-HSS5X3X1/2,HSS,,augmented
HSS5X3X1/2 HSS,HSS,,augmented
HSS 5 X 3 X 1/2,HSS,,original
HSS5X3X1/2 A500,HSS,,augmented
HSS5X3X1/2 Tube,HSS,,augmented
TS5X3X3/8,HSS,,augmented
HSS5X3X3/8,HSS,,original
TS 5X3X3/8,HSS,,augmented
HSS 5X3X3/8,HSS,,original
HSS-5X3X3/8,HSS,,augmented
HSS_5X3X3/8,HSS,,augmented
HSS5 X 3X3/8,HSS,,original
HSS HSS5X3X3/8,HSS,,augmented
HSS-HSS5X3X3/8,HSS,,augmented
HSS5X3X3/8 HSS,HSS,,augmented
HSS 5 X 3 X 3/8,HSS,,original
HSS5X3X3/8 A500,HSS,,augmented
HSS5X3X3/8 Tube,HSS,,augmented
TS5X3X5/16,HSS,,augmented
HSS5X3X5/16,HSS,,original
TS 5X3X5/16,HSS,,augmented
HSS 5X3X5/16,HSS,,original
HSS-5X3X5/16,HSS,,augmented
HSS_5X3X5/16,HSS,,augmented
HSS5 X 3X5/16,HSS,,original
HSS HSS5X3X5/16,HSS,,augmented
HSS-HSS5X3X5/16,HSS,,augmented
HSS5X3X5/16 HSS,HSS,,augmented
HSS 5 X 3 X 5/16,HSS,,original
HSS5X3X5/16 A500,HSS,,augmented
HSS5X3X5/16 Tube,HSS,,augmented
TS5X3X1/4,HSS,,augmented
HSS5X3X1/4,HSS,,original
TS 5X3X1/4,HSS,,augmented
HSS 5X3X1/4,HSS,,original
HSS-5X3X1/4,HSS,,augmented
HSS_5X3X1/4,HSS,,augmented
HSS5 X 3X1/4,HSS,,original
HSS HSS5X3X1/4,HSS,,augmented
HSS-HSS5X3X1/4,HSS,,augmented
HSS5X3X1/4 HSS,HSS,,augmented
HSS 5 X 3 X 1/4,HSS,,original
HSS5X3X1/4 A500,HSS,,augmented
HSS5X3X1/4 Tube,HSS,,augmented
TS5X3X3/16,HSS,,augmented
HSS5X3X3/16,HSS,,original
TS 5X3X3/16,HSS,,augmented
HSS 5X3X3/16,HSS,,original
HSS-5X3X3/16,HSS,,augmented
HSS_5X3X3/16,HSS,,augmented
HSS5 X 3X3/16,HSS,,original
HSS HSS5X3X3/16,HSS,,augmented
HSS-HSS5X3X3/16,HSS,,augmented
HSS5X3X3/16 HSS,HSS,,augmented
HSS 5 X 3 X 3/16,HSS,,original
HSS5X3X3/16 A500,HSS,,augmented
HSS5X3X3/16 Tube,HSS,,augmented
TS5X3X1/8,HSS,,augmented
HSS5X3X1/8,HSS,,original
TS 5X3X1/8,HSS,,augmented
HSS 5X3X1/8,HSS,,original
HSS-5X3X1/8,HSS,,augmented
HSS_5X3X1/8,HSS,,augmented
HSS5 X 3X1/8,HSS,,original
HSS HSS5X3X1/8,HSS,,augmented
HSS-HSS5X3X1/8,HSS,,augmented
HSS5X3X1/8 HSS,HSS,,augmented
HSS 5 X 3 X 1/8,HSS,,original
HSS5X3X1/8 A500,HSS,,augmented
HSS5X3X1/8 Tube,HSS,,augmented
TS5X2-1/2X1/4,HSS,,augmented
HSS5X2-1/2X1/4,HSS,,original
TS 5X2-1/2X1/4,HSS,,augmented
HSS 5X2-1/2X1/4,HSS,,original
HSS-5X2-1/2X1/4,HSS,,augmented
HSS_5X2-1/2X1/4,HSS,,augmented
HSS5 X 2-1/2X1/4,HSS,,original
HSS HSS5X2-1/2X1/4,HSS,,augmented
HSS-HSS5X2-1/2X1/4,HSS,,augmented
HSS5X2-1/2X1/4 HSS,HSS,,augmented
HSS 5 X 2-1/2 X 1/4,HSS,,original
HSS5X2-1/2X1/4 A500,HSS,,augmented
HSS5X2-1/2X1/4 Tube,HSS,,augmented
TS5X2-1/2X3/16,HSS,,augmented
HSS5X2-1/2X3/16,HSS,,original
TS 5X2-1/2X3/16,HSS,,augmented
HSS 5X2-1/2X3/16,HSS,,original
HSS-5X2-1/2X3/16,HSS,,augmented
HSS_5X2-1/2X3/16,HSS,,augmented
HSS5 X 2-1/2X3/16,HSS,,original
HSS HSS5X2-1/2X3/16,HSS,,augmented
HSS-HSS5X2-1/2X3/16,HSS,,augmented
HSS5X2-1/2X3/16 HSS,HSS,,augmented
HSS 5 X 2-1/2 X 3/16,HSS,,original
HSS5X2-1/2X3/16 A500,HSS,,augmented
HSS5X2-1/2X3/16 Tube,HSS,,augmented
TS5X2-1/2X1/8,HSS,,augmented
HSS5X2-1/2X1/8,HSS,,original
TS 5X2-1/2X1/8,HSS,,augmented
HSS 5X2-1/2X1/8,HSS,,original
HSS-5X2-1/2X1/8,HSS,,augmented
HSS_5X2-1/2X1/8,HSS,,augmented
HSS5 X 2-1/2X1/8,HSS,,original
HSS HSS5X2-1/2X1/8,HSS,,augmented
HSS-HSS5X2-1/2X1/8,HSS,,augmented
HSS5X2-1/2X1/8 HSS,HSS,,augmented
HSS 5 X 2-1/2 X 1/8,HSS,,original
HSS5X2-1/2X1/8 A500,HSS,,augmented
HSS5X2-1/2X1/8 Tube,HSS,,augmented
TS5X2X3/8,HSS,,augmented
HSS5X2X3/8,HSS,,original
TS 5X2X3/8,HSS,,augmented
HSS 5X2X3/8,HSS,,original
HSS-5X2X3/8,HSS,,augmented
HSS_5X2X3/8,HSS,,augmented
HSS5 X 2X3/8,HSS,,original
HSS HSS5X2X3/8,HSS,,augmented
HSS-HSS5X2X3/8,HSS,,augmented
HSS5X2X3/8 HSS,HSS,,augmented
HSS 5 X 2 X 3/8,HSS,,original
HSS5X2X3/8 A500,HSS,,augmented
HSS5X2X3/8 Tube,HSS,,augmented
TS5X2X5/16,HSS,,augmented
HSS5X2X5/16,HSS,,original
TS 5X2X5/16,HSS,,augmented
HSS 5X2X5/16,HSS,,original
HSS-5X2X5/16,HSS,,augmented
HSS_5X2X5/16,HSS,,augmented
HSS5 X 2X5/16,HSS,,original
HSS HSS5X2X5/16,HSS,,augmented
HSS-HSS5X2X5/16,HSS,,augmented
HSS5X2X5/16 HSS,HSS,,augmented
HSS 5 X 2 X 5/16,HSS,,original
HSS5X2X5/16 A500,HSS,,augmented
HSS5X2X5/16 Tube,HSS,,augmented
TS5X2X1/4,HSS,,augmented
HSS5X2X1/4,HSS,,original
TS 5X2X1/4,HSS,,augmented
HSS 5X2X1/4,HSS,,original
HSS-5X2X1/4,HSS,,augmented
HSS_5X2X1/4,HSS,,augmented
HSS5 X 2X1/4,HSS,,original
HSS HSS5X2X1/4,HSS,,augmented
HSS-HSS5X2X1/4,HSS,,augmented
HSS5X2X1/4 HSS,HSS,,augmented
HSS 5 X 2 X 1/4,HSS,,original
HSS5X2X1/4 A500,HSS,,augmented
HSS5X2X1/4 Tube,HSS,,augmented
TS5X2X3/16,HSS,,augmented
HSS5X2X3/16,HSS,,original
TS 5X2X3/16,HSS,,augmented
HSS 5X2X3/16,HSS,,original
HSS-5X2X3/16,HSS,,augmented
HSS_5X2X3/16,HSS,,augmented
HSS5 X 2X3/16,HSS,,original
HSS HSS5X2X3/16,HSS,,augmented
HSS-HSS5X2X3/16,HSS,,augmented
HSS5X2X3/16 HSS,HSS,,augmented
HSS 5 X 2 X 3/16,HSS,,original
HSS5X2X3/16 A500,HSS,,augmented
HSS5X2X3/16 Tube,HSS,,augmented
TS5X2X1/8,HSS,,augmented
HSS5X2X1/8,HSS,,original
TS 5X2X1/8,HSS,,augmented
HSS 5X2X1/8,HSS,,original
HSS-5X2X1/8,HSS,,augmented
HSS_5X2X1/8,HSS,,augmented
HSS5 X 2X1/8,HSS,,original
HSS HSS5X2X1/8,HSS,,augmented
HSS-HSS5X2X1/8,HSS,,augmented
HSS5X2X1/8 HSS,HSS,,augmented
HSS 5 X 2 X 1/8,HSS,,original
HSS5X2X1/8 A500,HSS,,augmented
HSS5X2X1/8 Tube,HSS,,augmented
TS4-1/2X4-1/2X1/2,HSS,,augmented
HSS4-1/2X4-1/2X1/2,HSS,,original
TS 4-1/2X4-1/2X1/2,HSS,,augmented
HSS 4-1/2X4-1/2X1/2,HSS,,original
HSS-4-1/2X4-1/2X1/2,HSS,,augmented
HSS_4-1/2X4-1/2X1/2,HSS,,augmented
HSS4-1/2 X 4-1/2X1/2,HSS,,original
HSS HSS4-1/2X4-1/2X1/2,HSS,,augmented
HSS-HSS4-1/2X4-1/2X1/2,HSS,,augmented
HSS4-1/2X4-1/2X1/2 HSS,HSS,,augmented
HSS 4-1/2 X 4-1/2 X 1/2,HSS,,original
HSS4-1/2X4-1/2X1/2 A500,HSS,,augmented
HSS4-1/2X4-1/2X1/2 Tube,HSS,,augmented
TS4-1/2X4-1/2X3/8,HSS,,augmented
HSS4-1/2X4-1/2X3/8,HSS,,original
TS 4-1/2X4-1/2X3/8,HSS,,augmented
HSS 4-1/2X4-1/2X3/8,HSS,,original
HSS-4-1/2X4-1/2X3/8,HSS,,augmented
HSS_4-1/2X4-1/2X3/8,HSS,,augmented
HSS4-1/2 X 4-1/2X3/8,HSS,,original
HSS HSS4-1/2X4-1/2X3/8,HSS,,augmented
HSS-HSS4-1/2X4-1/2X3/8,HSS,,augmented
HSS4-1/2X4-1/2X3/8 HSS,HSS,,augmented
HSS 4-1/2 X 4-1/2 X 3/8,HSS,,original
HSS4-1/2X4-1/2X3/8 A500,HSS,,augmented
HSS4-1/2X4-1/2X3/8 Tube,HSS,,augmented
TS4-1/2X4-1/2X5/16,HSS,,augmented
HSS4-1/2X4-1/2X5/16,HSS,,original
TS 4-1/2X4-1/2X5/16,HSS,,augmented
HSS 4-1/2X4-1/2X5/16,HSS,,original
HSS-4-1/2X4-1/2X5/16,HSS,,augmented
HSS_4-1/2X4-1/2X5/16,HSS,,augmented
HSS4-1/2 X 4-1/2X5/16,HSS,,original
HSS HSS4-1/2X4-1/2X5/16,HSS,,augmented
HSS-HSS4-1/2X4-1/2X5/16,HSS,,augmented
HSS4-1/2X4-1/2X5/16 HSS,HSS,,augmented
HSS 4-1/2 X 4-1/2 X 5/16,HSS,,original
HSS4-1/2X4-1/2X5/16 A500,HSS,,augmented
HSS4-1/2X4-1/2X5/16 Tube,HSS,,augmented
TS4-1/2X4-1/2X1/4,HSS,,augmented
HSS4-1/2X4-1/2X1/4,HSS,,original
TS 4-1/2X4-1/2X1/4,HSS,,augmented
HSS 4-1/2X4-1/2X1/4,HSS,,original
HSS-4-1/2X4-1/2X1/4,HSS,,augmented
HSS_4-1/2X4-1/2X1/4,HSS,,augmented
HSS4-1/2 X 4-1/2X1/4,HSS,,original
HSS HSS4-1/2X4-1/2X1/4,HSS,,augmented
HSS-HSS4-1/2X4-1/2X1/4,HSS,,augmented
HSS4-1/2X4-1/2X1/4 HSS,HSS,,augmented
HSS 4-1/2 X 4-1/2 X 1/4,HSS,,original
HSS4-1/2X4-1/2X1/4 A500,HSS,,augmented
HSS4-1/2X4-1/2X1/4 Tube,HSS,,augmented
TS4-1/2X4-1/2X3/16,HSS,,augmented
HSS4-1/2X4-1/2X3/16,HSS,,original
TS 4-1/2X4-1/2X3/16,HSS,,augmented
HSS 4-1/2X4-1/2X3/16,HSS,,original
HSS-4-1/2X4-1/2X3/16,HSS,,augmented
HSS_4-1/2X4-1/2X3/16,HSS,,augmented
HSS4-1/2 X 4-1/2X3/16,HSS,,original
HSS HSS4-1/2X4-1/2X3/16,HSS,,augmented
HSS-HSS4-1/2X4-1/2X3/16,HSS,,augmented
HSS4-1/2X4-1/2X3/16 HSS,HSS,,augmented
HSS 4-1/2 X 4-1/2 X 3/16,HSS,,original
HSS4-1/2X4-1/2X3/16 A500,HSS,,augmented
HSS4-1/2X4-1/2X3/16 Tube,HSS,,augmented
TS4-1/2X4-1/2X1/8,HSS,,augmented
HSS4-1/2X4-1/2X1/8,HSS,,original
TS 4-1/2X4-1/2X1/8,HSS,,augmented
HSS 4-1/2X4-1/2X1/8,HSS,,original
HSS-4-1/2X4-1/2X1/8,HSS,,augmented
HSS_4-1/2X4-1/2X1/8,HSS,,augmented
HSS4-1/2 X 4-1/2X1/8,HSS,,original
HSS HSS4-1/2X4-1/2X1/8,HSS,,augmented
HSS-HSS4-1/2X4-1/2X1/8,HSS,,augmented
HSS4-1/2X4-1/2X1/8 HSS,HSS,,augmented
HSS 4-1/2 X 4-1/2 X 1/8,HSS,,original
HSS4-1/2X4-1/2X1/8 A500,HSS,,augmented
HSS4-1/2X4-1/2X1/8 Tube,HSS,,augmented
TS4X4X1/2,HSS,,augmented
HSS4X4X1/2,HSS,,original
TS 4X4X1/2,HSS,,augmented
HSS 4X4X1/2,HSS,,original
HSS-4X4X1/2,HSS,,augmented
HSS_4X4X1/2,HSS,,augmented
HSS4 X 4X1/2,HSS,,original
HSS HSS4X4X1/2,HSS,,augmented
HSS-HSS4X4X1/2,HSS,,augmented
HSS4X4X1/2 HSS,HSS,,augmented
HSS 4 X 4 X 1/2,HSS,,original
HSS4X4X1/2 A500,HSS,,augmented
HSS4X4X1/2 Tube,HSS,,augmented
TS4X4X3/8,HSS,,augmented
HSS4X4X3/8,HSS,,original
TS 4X4X3/8,HSS,,augmented
HSS 4X4X3/8,HSS,,original
HSS-4X4X3/8,HSS,,augmented
HSS_4X4X3/8,HSS,,augmented
HSS4 X 4X3/8,HSS,,original
HSS HSS4X4X3/8,HSS,,augmented
HSS-HSS4X4X3/8,HSS,,augmented
HSS4X4X3/8 HSS,HSS,,augmented
HSS 4 X 4 X 3/8,HSS,,original
HSS4X4X3/8 A500,HSS,,augmented
HSS4X4X3/8 Tube,HSS,,augmented
TS4X4X5/16,HSS,,augmented
HSS4X4X5/16,HSS,,original
TS 4X4X5/16,HSS,,augmented
HSS 4X4X5/16,HSS,,original
HSS-4X4X5/16,HSS,,augmented
HSS_4X4X5/16,HSS,,augmented
HSS4 X 4X5/16,HSS,,original
HSS HSS4X4X5/16,HSS,,augmented
HSS-HSS4X4X5/16,HSS,,augmented
HSS4X4X5/16 HSS,HSS,,augmented
HSS 4 X 4 X 5/16,HSS,,original
HSS4X4X5/16 A500,HSS,,augmented
HSS4X4X5/16 Tube,HSS,,augmented
TS4X4X1/4,HSS,,augmented
HSS4X4X1/4,HSS,,original
TS 4X4X1/4,HSS,,augmented
HSS 4X4X1/4,HSS,,original
HSS-4X4X1/4,HSS,,augmented
HSS_4X4X1/4,HSS,,augmented
HSS4 X 4X1/4,HSS,,original
HSS HSS4X4X1/4,HSS,,augmented
HSS-HSS4X4X1/4,HSS,,augmented
HSS4X4X1/4 HSS,HSS,,augmented
HSS 4 X 4 X 1/4,HSS,,original
HSS4X4X1/4 A500,HSS,,augmented
HSS4X4X1/4 Tube,HSS,,augmented
TS4X4X3/16,HSS,,augmented
HSS4X4X3/16,HSS,,original
TS 4X4X3/16,HSS,,augmented
HSS 4X4X3/16,HSS,,original
HSS-4X4X3/16,HSS,,augmented
HSS_4X4X3/16,HSS,,augmented
HSS4 X 4X3/16,HSS,,original
HSS HSS4X4X3/16,HSS,,augmented
HSS-HSS4X4X3/16,HSS,,augmented
HSS4X4X3/16 HSS,HSS,,augmented
HSS 4 X 4 X 3/16,HSS,,original
HSS4X4X3/16 A500,HSS,,augmented
HSS4X4X3/16 Tube,HSS,,augmented
TS4X4X1/8,HSS,,augmented
HSS4X4X1/8,HSS,,original
TS 4X4X1/8,HSS,,augmented
HSS 4X4X1/8,HSS,,original
HSS-4X4X1/8,HSS,,augmented
HSS_4X4X1/8,HSS,,augmented
HSS4 X 4X1/8,HSS,,original
HSS HSS4X4X1/8,HSS,,augmented
HSS-HSS4X4X1/8,HSS,,augmented
HSS4X4X1/8 HSS,HSS,,augmented
HSS 4 X 4 X 1/8,HSS,,original
HSS4X4X1/8 A500,HSS,,augmented
HSS4X4X1/8 Tube,HSS,,augmented
TS4X3X3/8,HSS,,augmented
HSS4X3X3/8,HSS,,original
TS 4X3X3/8,HSS,,augmented
HSS 4X3X3/8,HSS,,original
HSS-4X3X3/8,HSS,,augmented
HSS_4X3X3/8,HSS,,augmented
HSS4 X 3X3/8,HSS,,original
HSS HSS4X3X3/8,HSS,,augmented
HSS-HSS4X3X3/8,HSS,,augmented
HSS4X3X3/8 HSS,HSS,,augmented
HSS 4 X 3 X 3/8,HSS,,original
HSS4X3X3/8 A500,HSS,,augmented
HSS4X3X3/8 Tube,HSS,,augmented
TS4X3X5/16,HSS,,augmented
HSS4X3X5/16,HSS,,original
TS 4X3X5/16,HSS,,augmented
HSS 4X3X5/16,HSS,,original
HSS-4X3X5/16,HSS,,augmented
HSS_4X3X5/16,HSS,,augmented
HSS4 X 3X5/16,HSS,,original
HSS HSS4X3X5/16,HSS,,augmented
HSS-HSS4X3X5/16,HSS,,augmented
HSS4X3X5/16 HSS,HSS,,augmented
HSS 4 X 3 X 5/16,HSS,,original
HSS4X3X5/16 A500,HSS,,augmented
HSS4X3X5/16 Tube,HSS,,augmented
TS4X3X1/4,HSS,,augmented
HSS4X3X1/4,HSS,,original
TS 4X3X1/4,HSS,,augmented
HSS 4X3X1/4,HSS,,original
HSS-4X3X1/4,HSS,,augmented
HSS_4X3X1/4,HSS,,augmented
HSS4 X 3X1/4,HSS,,original
HSS HSS4X3X1/4,HSS,,augmented
HSS-HSS4X3X1/4,HSS,,augmented
HSS4X3X1/4 HSS,HSS,,augmented
HSS 4 X 3 X 1/4,HSS,,original
HSS4X3X1/4 A500,HSS,,augmented
HSS4X3X1/4 Tube,HSS,,augmented
TS4X3X3/16,HSS,,augmented
HSS4X3X3/16,HSS,,original
TS 4X3X3/16,HSS,,augmented
HSS 4X3X3/16,HSS,,original
HSS-4X3X3/16,HSS,,augmented
HSS_4X3X3/16,HSS,,augmented
HSS4 X 3X3/16,HSS,,original
HSS HSS4X3X3/16,HSS,,augmented
HSS-HSS4X3X3/16,HSS,,augmented
HSS4X3X3/16 HSS,HSS,,augmented
HSS 4 X 3 X 3/16,HSS,,original
HSS4X3X3/16 A500,HSS,,augmented
HSS4X3X3/16 Tube,HSS,,augmented
TS4X3X1/8,HSS,,augmented
HSS4X3X1/8,HSS,,original
TS 4X3X1/8,HSS,,augmented
HSS 4X3X1/8,HSS,,original
HSS-4X3X1/8,HSS,,augmented
HSS_4X3X1/8,HSS,,augmented
HSS4 X 3X1/8,HSS,,original
HSS HSS4X3X1/8,HSS,,augmented
HSS-HSS4X3X1/8,HSS,,augmented
HSS4X3X1/8 HSS,HSS,,augmented
HSS 4 X 3 X 1/8,HSS,,original
HSS4X3X1/8 A500,HSS,,augmented
HSS4X3X1/8 Tube,HSS,,augmented
TS4X2-1/2X1/4,HSS,,augmented
HSS4X2-1/2X1/4,HSS,,original
TS 4X2-1/2X1/4,HSS,,augmented
HSS 4X2-1/2X1/4,HSS,,original
HSS-4X2-1/2X1/4,HSS,,augmented
HSS_4X2-1/2X1/4,HSS,,augmented
HSS4 X 2-1/2X1/4,HSS,,original
HSS HSS4X2-1/2X1/4,HSS,,augmented
HSS-HSS4X2-1/2X1/4,HSS,,augmented
HSS4X2-1/2X1/4 HSS,HSS,,augmented
HSS 4 X 2-1/2 X 1/4,HSS,,original
HSS4X2-1/2X1/4 A500,HSS,,augmented
HSS4X2-1/2X1/4 Tube,HSS,,augmented
TS4X2-1/2X3/16,HSS,,augmented
HSS4X2-1/2X3/16,HSS,,original
TS 4X2-1/2X3/16,HSS,,augmented
HSS 4X2-1/2X3/16,HSS,,original
HSS-4X2-1/2X3/16,HSS,,augmented
HSS_4X2-1/2X3/16,HSS,,augmented
HSS4 X 2-1/2X3/16,HSS,,original
HSS HSS4X2-1/2X3/16,HSS,,augmented
HSS-HSS4X2-1/2X3/16,HSS,,augmented
HSS4X2-1/2X3/16 HSS,HSS,,augmented
HSS 4 X 2-1/2 X 3/16,HSS,,original
HSS4X2-1/2X3/16 A500,HSS,,augmented
HSS4X2-1/2X3/16 Tube,HSS,,augmented
TS4X2-1/2X1/8,HSS,,augmented
HSS4X2-1/2X1/8,HSS,,original
TS 4X2-1/2X1/8,HSS,,augmented
HSS 4X2-1/2X1/8,HSS,,original
HSS-4X2-1/2X1/8,HSS,,augmented
HSS_4X2-1/2X1/8,HSS,,augmented
HSS4 X 2-1/2X1/8,HSS,,original
HSS HSS4X2-1/2X1/8,HSS,,augmented
HSS-HSS4X2-1/2X1/8,HSS,,augmented
HSS4X2-1/2X1/8 HSS,HSS,,augmented
HSS 4 X 2-1/2 X 1/8,HSS,,original
HSS4X2-1/2X1/8 A500,HSS,,augmented
HSS4X2-1/2X1/8 Tube,HSS,,augmented
TS4X2X3/8,HSS,,augmented
HSS4X2X3/8,HSS,,original
TS 4X2X3/8,HSS,,augmented
HSS 4X2X3/8,HSS,,original
HSS-4X2X3/8,HSS,,augmented
HSS_4X2X3/8,HSS,,augmented
HSS4 X 2X3/8,HSS,,original
HSS HSS4X2X3/8,HSS,,augmented
HSS-HSS4X2X3/8,HSS,,augmented
HSS4X2X3/8 HSS,HSS,,augmented
HSS 4 X 2 X 3/8,HSS,,original
HSS4X2X3/8 A500,HSS,,augmented
HSS4X2X3/8 Tube,HSS,,augmented
TS4X2X5/16,HSS,,augmented
HSS4X2X5/16,HSS,,original
TS 4X2X5/16,HSS,,augmented
HSS 4X2X5/16,HSS,,original
HSS-4X2X5/16,HSS,,augmented
HSS_4X2X5/16,HSS,,augmented
HSS4 X 2X5/16,HSS,,original
HSS HSS4X2X5/16,HSS,,augmented
HSS-HSS4X2X5/16,HSS,,augmented
HSS4X2X5/16 HSS,HSS,,augmented
HSS 4 X 2 X 5/16,HSS,,original
HSS4X2X5/16 A500,HSS,,augmented
HSS4X2X5/16 Tube,HSS,,augmented
TS4X2X1/4,HSS,,augmented
HSS4X2X1/4,HSS,,original
TS 4X2X1/4,HSS,,augmented
HSS 4X2X1/4,HSS,,original
HSS-4X2X1/4,HSS,,augmented
HSS_4X2X1/4,HSS,,augmented
HSS4 X 2X1/4,HSS,,original
HSS HSS4X2X1/4,HSS,,augmented
HSS-HSS4X2X1/4,HSS,,augmented
HSS4X2X1/4 HSS,HSS,,augmented
HSS 4 X 2 X 1/4,HSS,,original
HSS4X2X1/4 A500,HSS,,augmented
HSS4X2X1/4 Tube,HSS,,augmented
TS4X2X3/16,HSS,,augmented
HSS4X2X3/16,HSS,,original
TS 4X2X3/16,HSS,,augmented
HSS 4X2X3/16,HSS,,original
HSS-4X2X3/16,HSS,,augmented
HSS_4X2X3/16,HSS,,augmented
HSS4 X 2X3/16,HSS,,original
HSS HSS4X2X3/16,HSS,,augmented
HSS-HSS4X2X3/16,HSS,,augmented
HSS4X2X3/16 HSS,HSS,,augmented
HSS 4 X 2 X 3/16,HSS,,original
HSS4X2X3/16 A500,HSS,,augmented
HSS4X2X3/16 Tube,HSS,,augmented
TS4X2X1/8,HSS,,augmented
HSS4X2X1/8,HSS,,original
TS 4X2X1/8,HSS,,augmented
HSS 4X2X1/8,HSS,,original
HSS-4X2X1/8,HSS,,augmented
HSS_4X2X1/8,HSS,,augmented
HSS4 X 2X1/8,HSS,,original
HSS HSS4X2X1/8,HSS,,augmented
HSS-HSS4X2X1/8,HSS,,augmented
HSS4X2X1/8 HSS,HSS,,augmented
HSS 4 X 2 X 1/8,HSS,,original
HSS4X2X1/8 A500,HSS,,augmented
HSS4X2X1/8 Tube,HSS,,augmented
TS4X1-1/2X1/4,HSS,,augmented
HSS4X1-1/2X1/4,HSS,,original
TS 4X1-1/2X1/4,HSS,,augmented
HSS 4X1-1/2X1/4,HSS,,original
HSS-4X1-1/2X1/4,HSS,,augmented
HSS_4X1-1/2X1/4,HSS,,augmented
HSS4 X 1-1/2X1/4,HSS,,original
HSS HSS4X1-1/2X1/4,HSS,,augmented
HSS-HSS4X1-1/2X1/4,HSS,,augmented
HSS4X1-1/2X1/4 HSS,HSS,,augmented
HSS 4 X 1-1/2 X 1/4,HSS,,original
HSS4X1-1/2X1/4 A500,HSS,,augmented
HSS4X1-1/2X1/4 Tube,HSS,,augmented
TS4X1-1/2X3/16,HSS,,augmented
HSS4X1-1/2X3/16,HSS,,original
TS 4X1-1/2X3/16,HSS,,augmented
HSS 4X1-1/2X3/16,HSS,,original
HSS-4X1-1/2X3/16,HSS,,augmented
HSS_4X1-1/2X3/16,HSS,,augmented
HSS4 X 1-1/2X3/16,HSS,,original
HSS HSS4X1-1/2X3/16,HSS,,augmented
HSS-HSS4X1-1/2X3/16,HSS,,augmented
HSS4X1-1/2X3/16 HSS,HSS,,augmented
HSS 4 X 1-1/2 X 3/16,HSS,,original
HSS4X1-1/2X3/16 A500,HSS,,augmented
HSS4X1-1/2X3/16 Tube,HSS,,augmented
TS4X1-1/2X1/8,HSS,,augmented
HSS4X1-1/2X1/8,HSS,,original
TS 4X1-1/2X1/8,HSS,,augmented
HSS 4X1-1/2X1/8,HSS,,original
HSS-4X1-1/2X1/8,HSS,,augmented
HSS_4X1-1/2X1/8,HSS,,augmented
HSS4 X 1-1/2X1/8,HSS,,original
HSS HSS4X1-1/2X1/8,HSS,,augmented
HSS-HSS4X1-1/2X1/8,HSS,,augmented
HSS4X1-1/2X1/8 HSS,HSS,,augmented
HSS 4 X 1-1/2 X 1/8,HSS,,original
HSS4X1-1/2X1/8 A500,HSS,,augmented
HSS4X1-1/2X1/8 Tube,HSS,,augmented
TS3-1/2X3-1/2X3/8,HSS,,augmented
HSS3-1/2X3-1/2X3/8,HSS,,original
TS 3-1/2X3-1/2X3/8,HSS,,augmented
HSS 3-1/2X3-1/2X3/8,HSS,,original
HSS-3-1/2X3-1/2X3/8,HSS,,augmented
HSS_3-1/2X3-1/2X3/8,HSS,,augmented
HSS3-1/2 X 3-1/2X3/8,HSS,,original
HSS HSS3-1/2X3-1/2X3/8,HSS,,augmented
HSS-HSS3-1/2X3-1/2X3/8,HSS,,augmented
HSS3-1/2X3-1/2X3/8 HSS,HSS,,augmented
HSS 3-1/2 X 3-1/2 X 3/8,HSS,,original
HSS3-1/2X3-1/2X3/8 A500,HSS,,augmented
HSS3-1/2X3-1/2X3/8 Tube,HSS,,augmented
TS3-1/2X3-1/2X5/16,HSS,,augmented
HSS3-1/2X3-1/2X5/16,HSS,,original
TS 3-1/2X3-1/2X5/16,HSS,,augmented
HSS 3-1/2X3-1/2X5/16,HSS,,original
HSS-3-1/2X3-1/2X5/16,HSS,,augmented
HSS_3-1/2X3-1/2X5/16,HSS,,augmented
HSS3-1/2 X 3-1/2X5/16,HSS,,original
HSS HSS3-1/2X3-1/2X5/16,HSS,,augmented
HSS-HSS3-1/2X3-1/2X5/16,HSS,,augmented
HSS3-1/2X3-1/2X5/16 HSS,HSS,,augmented
HSS 3-1/2 X 3-1/2 X 5/16,HSS,,original
HSS3-1/2X3-1/2X5/16 A500,HSS,,augmented
HSS3-1/2X3-1/2X5/16 Tube,HSS,,augmented
TS3-1/2X3-1/2X1/4,HSS,,augmented
HSS3-1/2X3-1/2X1/4,HSS,,original
TS 3-1/2X3-1/2X1/4,HSS,,augmented
HSS 3-1/2X3-1/2X1/4,HSS,,original
HSS-3-1/2X3-1/2X1/4,HSS,,augmented
HSS_3-1/2X3-1/2X1/4,HSS,,augmented
HSS3-1/2 X 3-1/2X1/4,HSS,,original
HSS HSS3-1/2X3-1/2X1/4,HSS,,augmented
HSS-HSS3-1/2X3-1/2X1/4,HSS,,augmented
HSS3-1/2X3-1/2X1/4 HSS,HSS,,augmented
HSS 3-1/2 X 3-1/2 X 1/4,HSS,,original
HSS3-1/2X3-1/2X1/4 A500,HSS,,augmented
HSS3-1/2X3-1/2X1/4 Tube,HSS,,augmented
TS3-1/2X3-1/2X3/16,HSS,,augmented
HSS3-1/2X3-1/2X3/16,HSS,,original
TS 3-1/2X3-1/2X3/16,HSS,,augmented
HSS 3-1/2X3-1/2X3/16,HSS,,original
HSS-3-1/2X3-1/2X3/16,HSS,,augmented
HSS_3-1/2X3-1/2X3/16,HSS,,augmented
HSS3-1/2 X 3-1/2X3/16,HSS,,original
HSS HSS3-1/2X3-1/2X3/16,HSS,,augmented
HSS-HSS3-1/2X3-1/2X3/16,HSS,,augmented
HSS3-1/2X3-1/2X3/16 HSS,HSS,,augmented
HSS 3-1/2 X 3-1/2 X 3/16,HSS,,original
HSS3-1/2X3-1/2X3/16 A500,HSS,,augmented
HSS3-1/2X3-1/2X3/16 Tube,HSS,,augmented
TS3-1/2X3-1/2X1/8,HSS,,augmented
HSS3-1/2X3-1/2X1/8,HSS,,original
TS 3-1/2X3-1/2X1/8,HSS,,augmented
HSS 3-1/2X3-1/2X1/8,HSS,,original
HSS-3-1/2X3-1/2X1/8,HSS,,augmented
HSS_3-1/2X3-1/2X1/8,HSS,,augmented
HSS3-1/2 X 3-1/2X1/8,HSS,,original
HSS HSS3-1/2X3-1/2X1/8,HSS,,augmented
HSS-HSS3-1/2X3-1/2X1/8,HSS,,augmented
HSS3-1/2X3-1/2X1/8 HSS,HSS,,augmented
HSS 3-1/2 X 3-1/2 X 1/8,HSS,,original
HSS3-1/2X3-1/2X1/8 A500,HSS,,augmented
HSS3-1/2X3-1/2X1/8 Tube,HSS,,augmented
TS3-1/2X2-1/2X3/8,HSS,,augmented
HSS3-1/2X2-1/2X3/8,HSS,,original
TS 3-1/2X2-1/2X3/8,HSS,,augmented
HSS 3-1/2X2-1/2X3/8,HSS,,original
HSS-3-1/2X2-1/2X3/8,HSS,,augmented
HSS_3-1/2X2-1/2X3/8,HSS,,augmented
HSS3-1/2 X 2-1/2X3/8,HSS,,original
HSS HSS3-1/2X2-1/2X3/8,HSS,,augmented
HSS-HSS3-1/2X2-1/2X3/8,HSS,,augmented
HSS3-1/2X2-1/2X3/8 HSS,HSS,,augmented
HSS 3-1/2 X 2-1/2 X 3/8,HSS,,original
HSS3-1/2X2-1/2X3/8 A500,HSS,,augmented
HSS3-1/2X2-1/2X3/8 Tube,HSS,,augmented
TS3-1/2X2-1/2X5/16,HSS,,augmented
HSS3-1/2X2-1/2X5/16,HSS,,original
TS 3-1/2X2-1/2X5/16,HSS,,augmented
HSS 3-1/2X2-1/2X5/16,HSS,,original
HSS-3-1/2X2-1/2X5/16,HSS,,augmented
HSS_3-1/2X2-1/2X5/16,HSS,,augmented
HSS3-1/2 X 2-1/2X5/16,HSS,,original
HSS HSS3-1/2X2-1/2X5/16,HSS,,augmented
HSS-HSS3-1/2X2-1/2X5/16,HSS,,augmented
HSS3-1/2X2-1/2X5/16 HSS,HSS,,augmented
HSS 3-1/2 X 2-1/2 X 5/16,HSS,,original
HSS3-1/2X2-1/2X5/16 A500,HSS,,augmented
HSS3-1/2X2-1/2X5/16 Tube,HSS,,augmented
TS3-1/2X2-1/2X1/4,HSS,,augmented
HSS3-1/2X2-1/2X1/4,HSS,,original
TS 3-1/2X2-1/2X1/4,HSS,,augmented
HSS 3-1/2X2-1/2X1/4,HSS,,original
HSS-3-1/2X2-1/2X1/4,HSS,,augmented
HSS_3-1/2X2-1/2X1/4,HSS,,augmented
HSS3-1/2 X 2-1/2X1/4,HSS,,original
HSS HSS3-1/2X2-1/2X1/4,HSS,,augmented
HSS-HSS3-1/2X2-1/2X1/4,HSS,,augmented
HSS3-1/2X2-1/2X1/4 HSS,HSS,,augmented
HSS 3-1/2 X 2-1/2 X 1/4,HSS,,original
HSS3-1/2X2-1/2X1/4 A500,HSS,,augmented
HSS3-1/2X2-1/2X1/4 Tube,HSS,,augmented
TS3-1/2X2-1/2X3/16,HSS,,augmented
HSS3-1/2X2-1/2X3/16,HSS,,original
TS 3-1/2X2-1/2X3/16,HSS,,augmented
HSS 3-1/2X2-1/2X3/16,HSS,,original
HSS-3-1/2X2-1/2X3/16,HSS,,augmented
HSS_3-1/2X2-1/2X3/16,HSS,,augmented
HSS3-1/2 X 2-1/2X3/16,HSS,,original
HSS HSS3-1/2X2-1/2X3/16,HSS,,augmented
HSS-HSS3-1/2X2-1/2X3/16,HSS,,augmented
HSS3-1/2X2-1/2X3/16 HSS,HSS,,augmented
HSS 3-1/2 X 2-1/2 X 3/16,HSS,,original
HSS3-1/2X2-1/2X3/16 A500,HSS,,augmented
HSS3-1/2X2-1/2X3/16 Tube,HSS,,augmented
TS3-1/2X2-1/2X1/8,HSS,,augmented
HSS3-1/2X2-1/2X1/8,HSS,,original
TS 3-1/2X2-1/2X1/8,HSS,,augmented
HSS 3-1/2X2-1/2X1/8,HSS,,original
HSS-3-1/2X2-1/2X1/8,HSS,,augmented
HSS_3-1/2X2-1/2X1/8,HSS,,augmented
HSS3-1/2 X 2-1/2X1/8,HSS,,original
HSS HSS3-1/2X2-1/2X1/8,HSS,,augmented
HSS-HSS3-1/2X2-1/2X1/8,HSS,,augmented
HSS3-1/2X2-1/2X1/8 HSS,HSS,,augmented
HSS 3-1/2 X 2-1/2 X 1/8,HSS,,original
HSS3-1/2X2-1/2X1/8 A500,HSS,,augmented
HSS3-1/2X2-1/2X1/8 Tube,HSS,,augmented
TS3-1/2X2X1/4,HSS,,augmented
HSS3-1/2X2X1/4,HSS,,original
TS 3-1/2X2X1/4,HSS,,augmented
HSS 3-1/2X2X1/4,HSS,,original
HSS-3-1/2X2X1/4,HSS,,augmented
HSS_3-1/2X2X1/4,HSS,,augmented
HSS3-1/2 X 2X1/4,HSS,,original
HSS HSS3-1/2X2X1/4,HSS,,augmented
HSS-HSS3-1/2X2X1/4,HSS,,augmented
HSS3-1/2X2X1/4 HSS,HSS,,augmented
HSS 3-1/2 X 2 X 1/4,HSS,,original
HSS3-1/2X2X1/4 A500,HSS,,augmented
HSS3-1/2X2X1/4 Tube,HSS,,augmented
TS3-1/2X2X3/16,HSS,,augmented
HSS3-1/2X2X3/16,HSS,,original
TS 3-1/2X2X3/16,HSS,,augmented
HSS 3-1/2X2X3/16,HSS,,original
HSS-3-1/2X2X3/16,HSS,,augmented
HSS_3-1/2X2X3/16,HSS,,augmented
HSS3-1/2 X 2X3/16,HSS,,original
HSS HSS3-1/2X2X3/16,HSS,,augmented
HSS-HSS3-1/2X2X3/16,HSS,,augmented
HSS3-1/2X2X3/16 HSS,HSS,,augmented
HSS 3-1/2 X 2 X 3/16,HSS,,original
HSS3-1/2X2X3/16 A500,HSS,,augmented
HSS3-1/2X2X3/16 Tube,HSS,,augmented
TS3-1/2X2X1/8,HSS,,augmented
HSS3-1/2X2X1/8,HSS,,original
TS 3-1/2X2X1/8,HSS,,augmented
HSS 3-1/2X2X1/8,HSS,,original
HSS-3-1/2X2X1/8,HSS,,augmented
HSS_3-1/2X2X1/8,HSS,,augmented
HSS3-1/2 X 2X1/8,HSS,,original
HSS HSS3-1/2X2X1/8,HSS,,augmented
HSS-HSS3-1/2X2X1/8,HSS,,augmented
HSS3-1/2X2X1/8 HSS,HSS,,augmented
HSS 3-1/2 X 2 X 1/8,HSS,,original
HSS3-1/2X2X1/8 A500,HSS,,augmented
HSS3-1/2X2X1/8 Tube,HSS,,augmented
TS3-1/2X1-1/2X1/4,HSS,,augmented
HSS3-1/2X1-1/2X1/4,HSS,,original
TS 3-1/2X1-1/2X1/4,HSS,,augmented
HSS 3-1/2X1-1/2X1/4,HSS,,original
HSS-3-1/2X1-1/2X1/4,HSS,,augmented
HSS_3-1/2X1-1/2X1/4,HSS,,augmented
HSS3-1/2 X 1-1/2X1/4,HSS,,original
HSS HSS3-1/2X1-1/2X1/4,HSS,,augmented
HSS-HSS3-1/2X1-1/2X1/4,HSS,,augmented
HSS3-1/2X1-1/2X1/4 HSS,HSS,,augmented
HSS 3-1/2 X 1-1/2 X 1/4,HSS,,original
HSS3-1/2X1-1/2X1/4 A500,HSS,,augmented
HSS3-1/2X1-1/2X1/4 Tube,HSS,,augmented
TS3-1/2X1-1/2X3/16,HSS,,augmented
HSS3-1/2X1-1/2X3/16,HSS,,original
TS 3-1/2X1-1/2X3/16,HSS,,augmented
HSS 3-1/2X1-1/2X3/16,HSS,,original
HSS-3-1/2X1-1/2X3/16,HSS,,augmented
HSS_3-1/2X1-1/2X3/16,HSS,,augmented
HSS3-1/2 X 1-1/2X3/16,HSS,,original
HSS HSS3-1/2X1-1/2X3/16,HSS,,augmented
HSS-HSS3-1/2X1-1/2X3/16,HSS,,augmented
HSS3-1/2X1-1/2X3/16 HSS,HSS,,augmented
HSS 3-1/2 X 1-1/2 X 3/16,HSS,,original
HSS3-1/2X1-1/2X3/16 A500,HSS,,augmented
HSS3-1/2X1-1/2X3/16 Tube,HSS,,augmented
TS3-1/2X1-1/2X1/8,HSS,,augmented
HSS3-1/2X1-1/2X1/8,HSS,,original
TS 3-1/2X1-1/2X1/8,HSS,,augmented
HSS 3-1/2X1-1/2X1/8,HSS,,original
HSS-3-1/2X1-1/2X1/8,HSS,,augmented
HSS_3-1/2X1-1/2X1/8,HSS,,augmented
HSS3-1/2 X 1-1/2X1/8,HSS,,original
HSS HSS3-1/2X1-1/2X1/8,HSS,,augmented
HSS-HSS3-1/2X1-1/2X1/8,HSS,,augmented
HSS3-1/2X1-1/2X1/8 HSS,HSS,,augmented
HSS 3-1/2 X 1-1/2 X 1/8,HSS,,original
HSS3-1/2X1-1/2X1/8 A500,HSS,,augmented
HSS3-1/2X1-1/2X1/8 Tube,HSS,,augmented
TS3X3X3/8,HSS,,augmented
HSS3X3X3/8,HSS,,original
TS 3X3X3/8,HSS,,augmented
HSS 3X3X3/8,HSS,,original
HSS-3X3X3/8,HSS,,augmented
HSS_3X3X3/8,HSS,,augmented
HSS3 X 3X3/8,HSS,,original
HSS HSS3X3X3/8,HSS,,augmented
HSS-HSS3X3X3/8,HSS,,augmented
HSS3X3X3/8 HSS,HSS,,augmented
HSS 3 X 3 X 3/8,HSS,,original
HSS3X3X3/8 A500,HSS,,augmented
HSS3X3X3/8 Tube,HSS,,augmented
TS3X3X5/16,HSS,,augmented
HSS3X3X5/16,HSS,,original
TS 3X3X5/16,HSS,,augmented
HSS 3X3X5/16,HSS,,original
HSS-3X3X5/16,HSS,,augmented
HSS_3X3X5/16,HSS,,augmented
HSS3 X 3X5/16,HSS,,original
HSS HSS3X3X5/16,HSS,,augmented
HSS-HSS3X3X5/16,HSS,,augmented
HSS3X3X5/16 HSS,HSS,,augmented
HSS 3 X 3 X 5/16,HSS,,original
HSS3X3X5/16 A500,HSS,,augmented
HSS3X3X5/16 Tube,HSS,,augmented
TS3X3X1/4,HSS,,augmented
HSS3X3X1/4,HSS,,original
TS 3X3X1/4,HSS,,augmented
HSS 3X3X1/4,HSS,,original
HSS-3X3X1/4,HSS,,augmented
HSS_3X3X1/4,HSS,,augmented
HSS3 X 3X1/4,HSS,,original
HSS HSS3X3X1/4,HSS,,augmented
HSS-HSS3X3X1/4,HSS,,augmented
HSS3X3X1/4 HSS,HSS,,augmented
HSS 3 X 3 X 1/4,HSS,,original
HSS3X3X1/4 A500,HSS,,augmented
HSS3X3X1/4 Tube,HSS,,augmented
TS3X3X3/16,HSS,,augmented
HSS3X3X3/16,HSS,,original
TS 3X3X3/16,HSS,,augmented
HSS 3X3X3/16,HSS,,original
HSS-3X3X3/16,HSS,,augmented
HSS_3X3X3/16,HSS,,augmented
HSS3 X 3X3/16,HSS,,original
HSS HSS3X3X3/16,HSS,,augmented
HSS-HSS3X3X3/16,HSS,,augmented
HSS3X3X3/16 HSS,HSS,,augmented
HSS 3 X 3 X 3/16,HSS,,original
HSS3X3X3/16 A500,HSS,,augmented
HSS3X3X3/16 Tube,HSS,,augmented
TS3X3X1/8,HSS,,augmented
HSS3X3X1/8,HSS,,original
TS 3X3X1/8,HSS,,augmented
HSS 3X3X1/8,HSS,,original
HSS-3X3X1/8,HSS,,augmented
HSS_3X3X1/8,HSS,,augmented
HSS3 X 3X1/8,HSS,,original
HSS HSS3X3X1/8,HSS,,augmented
HSS-HSS3X3X1/8,HSS,,augmented
HSS3X3X1/8 HSS,HSS,,augmented
HSS 3 X 3 X 1/8,HSS,,original
HSS3X3X1/8 A500,HSS,,augmented
HSS3X3X1/8 Tube,HSS,,augmented
TS3X2-1/2X5/16,HSS,,augmented
HSS3X2-1/2X5/16,HSS,,original
TS 3X2-1/2X5/16,HSS,,augmented
HSS 3X2-1/2X5/16,HSS,,original
HSS-3X2-1/2X5/16,HSS,,augmented
HSS_3X2-1/2X5/16,HSS,,augmented
HSS3 X 2-1/2X5/16,HSS,,original
HSS HSS3X2-1/2X5/16,HSS,,augmented
HSS-HSS3X2-1/2X5/16,HSS,,augmented
HSS3X2-1/2X5/16 HSS,HSS,,augmented
HSS 3 X 2-1/2 X 5/16,HSS,,original
HSS3X2-1/2X5/16 A500,HSS,,augmented
HSS3X2-1/2X5/16 Tube,HSS,,augmented
TS3X2-1/2X1/4,HSS,,augmented
HSS3X2-1/2X1/4,HSS,,original
TS 3X2-1/2X1/4,HSS,,augmented
HSS 3X2-1/2X1/4,HSS,,original
HSS-3X2-1/2X1/4,HSS,,augmented
HSS_3X2-1/2X1/4,HSS,,augmented
HSS3 X 2-1/2X1/4,HSS,,original
HSS HSS3X2-1/2X1/4,HSS,,augmented
HSS-HSS3X2-1/2X1/4,HSS,,augmented
HSS3X2-1/2X1/4 HSS,HSS,,augmented
HSS 3 X 2-1/2 X 1/4,HSS,,original
HSS3X2-1/2X1/4 A500,HSS,,augmented
HSS3X2-1/2X1/4 Tube,HSS,,augmented
TS3X2-1/2X3/16,HSS,,augmented
HSS3X2-1/2X3/16,HSS,,original
TS 3X2-1/2X3/16,HSS,,augmented
HSS 3X2-1/2X3/16,HSS,,original
HSS-3X2-1/2X3/16,HSS,,augmented
HSS_3X2-1/2X3/16,HSS,,augmented
HSS3 X 2-1/2X3/16,HSS,,original
HSS HSS3X2-1/2X3/16,HSS,,augmented
HSS-HSS3X2-1/2X3/16,HSS,,augmented
HSS3X2-1/2X3/16 HSS,HSS,,augmented
HSS 3 X 2-1/2 X 3/16,HSS,,original
HSS3X2-1/2X3/16 A500,HSS,,augmented
HSS3X2-1/2X3/16 Tube,HSS,,augmented
TS3X2-1/2X1/8,HSS,,augmented
HSS3X2-1/2X1/8,HSS,,original
TS 3X2-1/2X1/8,HSS,,augmented
HSS 3X2-1/2X1/8,HSS,,original
HSS-3X2-1/2X1/8,HSS,,augmented
HSS_3X2-1/2X1/8,HSS,,augmented
HSS3 X 2-1/2X1/8,HSS,,original
HSS HSS3X2-1/2X1/8,HSS,,augmented
HSS-HSS3X2-1/2X1/8,HSS,,augmented
HSS3X2-1/2X1/8 HSS,HSS,,augmented
HSS 3 X 2-1/2 X 1/8,HSS,,original
HSS3X2-1/2X1/8 A500,HSS,,augmented
HSS3X2-1/2X1/8 Tube,HSS,,augmented
TS3X2X5/16,HSS,,augmented
HSS3X2X5/16,HSS,,original
TS 3X2X5/16,HSS,,augmented
HSS 3X2X5/16,HSS,,original
HSS-3X2X5/16,HSS,,augmented
HSS_3X2X5/16,HSS,,augmented
HSS3 X 2X5/16,HSS,,original
HSS HSS3X2X5/16,HSS,,augmented
HSS-HSS3X2X5/16,HSS,,augmented
HSS3X2X5/16 HSS,HSS,,augmented
HSS 3 X 2 X 5/16,HSS,,original
HSS3X2X5/16 A500,HSS,,augmented
HSS3X2X5/16 Tube,HSS,,augmented
TS3X2X1/4,HSS,,augmented
HSS3X2X1/4,HSS,,original
TS 3X2X1/4,HSS,,augmented
HSS 3X2X1/4,HSS,,original
HSS-3X2X1/4,HSS,,augmented
HSS_3X2X1/4,HSS,,augmented
HSS3 X 2X1/4,HSS,,original
HSS HSS3X2X1/4,HSS,,augmented
HSS-HSS3X2X1/4,HSS,,augmented
HSS3X2X1/4 HSS,HSS,,augmented
HSS 3 X 2 X 1/4,HSS,,original
HSS3X2X1/4 A500,HSS,,augmented
HSS3X2X1/4 Tube,HSS,,augmented
TS3X2X3/16,HSS,,augmented
HSS3X2X3/16,HSS,,original
TS 3X2X3/16,HSS,,augmented
HSS 3X2X3/16,HSS,,original
HSS-3X2X3/16,HSS,,augmented
HSS_3X2X3/16,HSS,,augmented
HSS3 X 2X3/16,HSS,,original
HSS HSS3X2X3/16,HSS,,augmented
HSS-HSS3X2X3/16,HSS,,augmented
HSS3X2X3/16 HSS,HSS,,augmented
HSS 3 X 2 X 3/16,HSS,,original
HSS3X2X3/16 A500,HSS,,augmented
HSS3X2X3/16 Tube,HSS,,augmented
TS3X2X1/8,HSS,,augmented
HSS3X2X1/8,HSS,,original
TS 3X2X1/8,HSS,,augmented
HSS 3X2X1/8,HSS,,original
HSS-3X2X1/8,HSS,,augmented
HSS_3X2X1/8,HSS,,augmented
HSS3 X 2X1/8,HSS,,original
HSS HSS3X2X1/8,HSS,,augmented
HSS-HSS3X2X1/8,HSS,,augmented
HSS3X2X1/8 HSS,HSS,,augmented
HSS 3 X 2 X 1/8,HSS,,original
HSS3X2X1/8 A500,HSS,,augmented
HSS3X2X1/8 Tube,HSS,,augmented
TS3X1-1/2X1/4,HSS,,augmented
HSS3X1-1/2X1/4,HSS,,original
TS 3X1-1/2X1/4,HSS,,augmented
HSS 3X1-1/2X1/4,HSS,,original
HSS-3X1-1/2X1/4,HSS,,augmented
HSS_3X1-1/2X1/4,HSS,,augmented
HSS3 X 1-1/2X1/4,HSS,,original
HSS HSS3X1-1/2X1/4,HSS,,augmented
HSS-HSS3X1-1/2X1/4,HSS,,augmented
HSS3X1-1/2X1/4 HSS,HSS,,augmented
HSS 3 X 1-1/2 X 1/4,HSS,,original
HSS3X1-1/2X1/4 A500,HSS,,augmented
HSS3X1-1/2X1/4 Tube,HSS,,augmented
TS3X1-1/2X3/16,HSS,,augmented
HSS3X1-1/2X3/16,HSS,,original
TS 3X1-1/2X3/16,HSS,,augmented
HSS 3X1-1/2X3/16,HSS,,original
HSS-3X1-1/2X3/16,HSS,,augmented
HSS_3X1-1/2X3/16,HSS,,augmented
HSS3 X 1-1/2X3/16,HSS,,original
HSS HSS3X1-1/2X3/16,HSS,,augmented
HSS-HSS3X1-1/2X3/16,HSS,,augmented
HSS3X1-1/2X3/16 HSS,HSS,,augmented
HSS 3 X 1-1/2 X 3/16,HSS,,original
HSS3X1-1/2X3/16 A500,HSS,,augmented
HSS3X1-1/2X3/16 Tube,HSS,,augmented
TS3X1-1/2X1/8,HSS,,augmented
HSS3X1-1/2X1/8,HSS,,original
TS 3X1-1/2X1/8,HSS,,augmented
HSS 3X1-1/2X1/8,HSS,,original
HSS-3X1-1/2X1/8,HSS,,augmented
HSS_3X1-1/2X1/8,HSS,,augmented
HSS3 X 1-1/2X1/8,HSS,,original
HSS HSS3X1-1/2X1/8,HSS,,augmented
HSS-HSS3X1-1/2X1/8,HSS,,augmented
HSS3X1-1/2X1/8 HSS,HSS,,augmented
HSS 3 X 1-1/2 X 1/8,HSS,,original
HSS3X1-1/2X1/8 A500,HSS,,augmented
HSS3X1-1/2X1/8 Tube,HSS,,augmented
TS3X1X3/16,HSS,,augmented
HSS3X1X3/16,HSS,,original
TS 3X1X3/16,HSS,,augmented
HSS 3X1X3/16,HSS,,original
HSS-3X1X3/16,HSS,,augmented
HSS_3X1X3/16,HSS,,augmented
HSS3 X 1X3/16,HSS,,original
HSS HSS3X1X3/16,HSS,,augmented
HSS-HSS3X1X3/16,HSS,,augmented
HSS3X1X3/16 HSS,HSS,,augmented
HSS 3 X 1 X 3/16,HSS,,original
HSS3X1X3/16 A500,HSS,,augmented
HSS3X1X3/16 Tube,HSS,,augmented
TS3X1X1/8,HSS,,augmented
HSS3X1X1/8,HSS,,original
TS 3X1X1/8,HSS,,augmented
HSS 3X1X1/8,HSS,,original
HSS-3X1X1/8,HSS,,augmented
HSS_3X1X1/8,HSS,,augmented
HSS3 X 1X1/8,HSS,,original
HSS HSS3X1X1/8,HSS,,augmented
HSS-HSS3X1X1/8,HSS,,augmented
HSS3X1X1/8 HSS,HSS,,augmented
HSS 3 X 1 X 1/8,HSS,,original
HSS3X1X1/8 A500,HSS,,augmented
HSS3X1X1/8 Tube,HSS,,augmented
TS2-1/2X2-1/2X5/16,HSS,,augmented
HSS2-1/2X2-1/2X5/16,HSS,,original
TS 2-1/2X2-1/2X5/16,HSS,,augmented
HSS 2-1/2X2-1/2X5/16,HSS,,original
HSS-2-1/2X2-1/2X5/16,HSS,,augmented
HSS_2-1/2X2-1/2X5/16,HSS,,augmented
HSS2-1/2 X 2-1/2X5/16,HSS,,original
HSS HSS2-1/2X2-1/2X5/16,HSS,,augmented
HSS-HSS2-1/2X2-1/2X5/16,HSS,,augmented
HSS2-1/2X2-1/2X5/16 HSS,HSS,,augmented
HSS 2-1/2 X 2-1/2 X 5/16,HSS,,original
HSS2-1/2X2-1/2X5/16 A500,HSS,,augmented
HSS2-1/2X2-1/2X5/16 Tube,HSS,,augmented
TS2-1/2X2-1/2X1/4,HSS,,augmented
HSS2-1/2X2-1/2X1/4,HSS,,original
TS 2-1/2X2-1/2X1/4,HSS,,augmented
HSS 2-1/2X2-1/2X1/4,HSS,,original
HSS-2-1/2X2-1/2X1/4,HSS,,augmented
HSS_2-1/2X2-1/2X1/4,HSS,,augmented
HSS2-1/2 X 2-1/2X1/4,HSS,,original
HSS HSS2-1/2X2-1/2X1/4,HSS,,augmented
HSS-HSS2-1/2X2-1/2X1/4,HSS,,augmented
HSS2-1/2X2-1/2X1/4 HSS,HSS,,augmented
HSS 2-1/2 X 2-1/2 X 1/4,HSS,,original
HSS2-1/2X2-1/2X1/4 A500,HSS,,augmented
HSS2-1/2X2-1/2X1/4 Tube,HSS,,augmented
TS2-1/2X2-1/2X3/16,HSS,,augmented
HSS2-1/2X2-1/2X3/16,HSS,,original
TS 2-1/2X2-1/2X3/16,HSS,,augmented
HSS 2-1/2X2-1/2X3/16,HSS,,original
HSS-2-1/2X2-1/2X3/16,HSS,,augmented
HSS_2-1/2X2-1/2X3/16,HSS,,augmented
HSS2-1/2 X 2-1/2X3/16,HSS,,original
HSS HSS2-1/2X2-1/2X3/16,HSS,,augmented
HSS-HSS2-1/2X2-1/2X3/16,HSS,,augmented
HSS2-1/2X2-1/2X3/16 HSS,HSS,,augmented
HSS 2-1/2 X 2-1/2 X 3/16,HSS,,original
HSS2-1/2X2-1/2X3/16 A500,HSS,,augmented
HSS2-1/2X2-1/2X3/16 Tube,HSS,,augmented
TS2-1/2X2-1/2X1/8,HSS,,augmented
HSS2-1/2X2-1/2X1/8,HSS,,original
TS 2-1/2X2-1/2X1/8,HSS,,augmented
HSS 2-1/2X2-1/2X1/8,HSS,,original
HSS-2-1/2X2-1/2X1/8,HSS,,augmented
HSS_2-1/2X2-1/2X1/8,HSS,,augmented
HSS2-1/2 X 2-1/2X1/8,HSS,,original
HSS HSS2-1/2X2-1/2X1/8,HSS,,augmented
HSS-HSS2-1/2X2-1/2X1/8,HSS,,augmented
HSS2-1/2X2-1/2X1/8 HSS,HSS,,augmented
HSS 2-1/2 X 2-1/2 X 1/8,HSS,,original
HSS2-1/2X2-1/2X1/8 A500,HSS,,augmented
HSS2-1/2X2-1/2X1/8 Tube,HSS,,augmented
TS2-1/2X2X1/4,HSS,,augmented
HSS2-1/2X2X1/4,HSS,,original
TS 2-1/2X2X1/4,HSS,,augmented
HSS 2-1/2X2X1/4,HSS,,original
HSS-2-1/2X2X1/4,HSS,,augmented
HSS_2-1/2X2X1/4,HSS,,augmented
HSS2-1/2 X 2X1/4,HSS,,original
HSS HSS2-1/2X2X1/4,HSS,,augmented
HSS-HSS2-1/2X2X1/4,HSS,,augmented
HSS2-1/2X2X1/4 HSS,HSS,,augmented
HSS 2-1/2 X 2 X 1/4,HSS,,original
HSS2-1/2X2X1/4 A500,HSS,,augmented
HSS2-1/2X2X1/4 Tube,HSS,,augmented
TS2-1/2X2X3/16,HSS,,augmented
HSS2-1/2X2X3/16,HSS,,original
TS 2-1/2X2X3/16,HSS,,augmented
HSS 2-1/2X2X3/16,HSS,,original
HSS-2-1/2X2X3/16,HSS,,augmented
HSS_2-1/2X2X3/16,HSS,,augmented
HSS2-1/2 X 2X3/16,HSS,,original
HSS HSS2-1/2X2X3/16,HSS,,augmented
HSS-HSS2-1/2X2X3/16,HSS,,augmented
HSS2-1/2X2X3/16 HSS,HSS,,augmented
HSS 2-1/2 X 2 X 3/16,HSS,,original
HSS2-1/2X2X3/16 A500,HSS,,augmented
HSS2-1/2X2X3/16 Tube,HSS,,augmented
TS2-1/2X2X1/8,HSS,,augmented
HSS2-1/2X2X1/8,HSS,,original
TS 2-1/2X2X1/8,HSS,,augmented
HSS 2-1/2X2X1/8,HSS,,original
HSS-2-1/2X2X1/8,HSS,,augmented
HSS_2-1/2X2X1/8,HSS,,augmented
HSS2-1/2 X 2X1/8,HSS,,original
HSS HSS2-1/2X2X1/8,HSS,,augmented
HSS-HSS2-1/2X2X1/8,HSS,,augmented
HSS2-1/2X2X1/8 HSS,HSS,,augmented
HSS 2-1/2 X 2 X 1/8,HSS,,original
HSS2-1/2X2X1/8 A500,HSS,,augmented
HSS2-1/2X2X1/8 Tube,HSS,,augmented
TS2-1/2X1-1/2X1/4,HSS,,augmented
HSS2-1/2X1-1/2X1/4,HSS,,original
TS 2-1/2X1-1/2X1/4,HSS,,augmented
HSS 2-1/2X1-1/2X1/4,HSS,,original
HSS-2-1/2X1-1/2X1/4,HSS,,augmented
HSS_2-1/2X1-1/2X1/4,HSS,,augmented
HSS2-1/2 X 1-1/2X1/4,HSS,,original
HSS HSS2-1/2X1-1/2X1/4,HSS,,augmented
HSS-HSS2-1/2X1-1/2X1/4,HSS,,augmented
HSS2-1/2X1-1/2X1/4 HSS,HSS,,augmented
HSS 2-1/2 X 1-1/2 X 1/4,HSS,,original
HSS2-1/2X1-1/2X1/4 A500,HSS,,augmented
HSS2-1/2X1-1/2X1/4 Tube,HSS,,augmented
TS2-1/2X1-1/2X3/16,HSS,,augmented
HSS2-1/2X1-1/2X3/16,HSS,,original
TS 2-1/2X1-1/2X3/16,HSS,,augmented
HSS 2-1/2X1-1/2X3/16,HSS,,original
HSS-2-1/2X1-1/2X3/16,HSS,,augmented
HSS_2-1/2X1-1/2X3/16,HSS,,augmented
HSS2-1/2 X 1-1/2X3/16,HSS,,original
HSS HSS2-1/2X1-1/2X3/16,HSS,,augmented
HSS-HSS2-1/2X1-1/2X3/16,HSS,,augmented
HSS2-1/2X1-1/2X3/16 HSS,HSS,,augmented
HSS 2-1/2 X 1-1/2 X 3/16,HSS,,original
HSS2-1/2X1-1/2X3/16 A500,HSS,,augmented
HSS2-1/2X1-1/2X3/16 Tube,HSS,,augmented
TS2-1/2X1-1/2X1/8,HSS,,augmented
HSS2-1/2X1-1/2X1/8,HSS,,original
TS 2-1/2X1-1/2X1/8,HSS,,augmented
HSS 2-1/2X1-1/2X1/8,HSS,,original
HSS-2-1/2X1-1/2X1/8,HSS,,augmented
HSS_2-1/2X1-1/2X1/8,HSS,,augmented
HSS2-1/2 X 1-1/2X1/8,HSS,,original
HSS HSS2-1/2X1-1/2X1/8,HSS,,augmented
HSS-HSS2-1/2X1-1/2X1/8,HSS,,augmented
HSS2-1/2X1-1/2X1/8 HSS,HSS,,augmented
HSS 2-1/2 X 1-1/2 X 1/8,HSS,,original
HSS2-1/2X1-1/2X1/8 A500,HSS,,augmented
HSS2-1/2X1-1/2X1/8 Tube,HSS,,augmented
TS2-1/2X1X3/16,HSS,,augmented
HSS2-1/2X1X3/16,HSS,,original
TS 2-1/2X1X3/16,HSS,,augmented
HSS 2-1/2X1X3/16,HSS,,original
HSS-2-1/2X1X3/16,HSS,,augmented
HSS_2-1/2X1X3/16,HSS,,augmented
HSS2-1/2 X 1X3/16,HSS,,original
HSS HSS2-1/2X1X3/16,HSS,,augmented
HSS-HSS2-1/2X1X3/16,HSS,,augmented
HSS2-1/2X1X3/16 HSS,HSS,,augmented
HSS 2-1/2 X 1 X 3/16,HSS,,original
HSS2-1/2X1X3/16 A500,HSS,,augmented
HSS2-1/2X1X3/16 Tube,HSS,,augmented
TS2-1/2X1X1/8,HSS,,augmented
HSS2-1/2X1X1/8,HSS,,original
TS 2-1/2X1X1/8,HSS,,augmented
HSS 2-1/2X1X1/8,HSS,,original
HSS-2-1/2X1X1/8,HSS,,augmented
HSS_2-1/2X1X1/8,HSS,,augmented
HSS2-1/2 X 1X1/8,HSS,,original
HSS HSS2-1/2X1X1/8,HSS,,augmented
HSS-HSS2-1/2X1X1/8,HSS,,augmented
HSS2-1/2X1X1/8 HSS,HSS,,augmented
HSS 2-1/2 X 1 X 1/8,HSS,,original
HSS2-1/2X1X1/8 A500,HSS,,augmented
HSS2-1/2X1X1/8 Tube,HSS,,augmented
TS2-1/4X2-1/4X1/4,HSS,,augmented
HSS2-1/4X2-1/4X1/4,HSS,,original
TS 2-1/4X2-1/4X1/4,HSS,,augmented
HSS 2-1/4X2-1/4X1/4,HSS,,original
HSS-2-1/4X2-1/4X1/4,HSS,,augmented
HSS_2-1/4X2-1/4X1/4,HSS,,augmented
HSS2-1/4 X 2-1/4X1/4,HSS,,original
HSS HSS2-1/4X2-1/4X1/4,HSS,,augmented
HSS-HSS2-1/4X2-1/4X1/4,HSS,,augmented
HSS2-1/4X2-1/4X1/4 HSS,HSS,,augmented
HSS 2-1/4 X 2-1/4 X 1/4,HSS,,original
HSS2-1/4X2-1/4X1/4 A500,HSS,,augmented
HSS2-1/4X2-1/4X1/4 Tube,HSS,,augmented
TS2-1/4X2-1/4X3/16,HSS,,augmented
HSS2-1/4X2-1/4X3/16,HSS,,original
TS 2-1/4X2-1/4X3/16,HSS,,augmented
HSS 2-1/4X2-1/4X3/16,HSS,,original
HSS-2-1/4X2-1/4X3/16,HSS,,augmented
HSS_2-1/4X2-1/4X3/16,HSS,,augmented
HSS2-1/4 X 2-1/4X3/16,HSS,,original
HSS HSS2-1/4X2-1/4X3/16,HSS,,augmented
HSS-HSS2-1/4X2-1/4X3/16,HSS,,augmented
HSS2-1/4X2-1/4X3/16 HSS,HSS,,augmented
HSS 2-1/4 X 2-1/4 X 3/16,HSS,,original
HSS2-1/4X2-1/4X3/16 A500,HSS,,augmented
HSS2-1/4X2-1/4X3/16 Tube,HSS,,augmented
TS2-1/4X2-1/4X1/8,HSS,,augmented
HSS2-1/4X2-1/4X1/8,HSS,,original
TS 2-1/4X2-1/4X1/8,HSS,,augmented
HSS 2-1/4X2-1/4X1/8,HSS,,original
HSS-2-1/4X2-1/4X1/8,HSS,,augmented
HSS_2-1/4X2-1/4X1/8,HSS,,augmented
HSS2-1/4 X 2-1/4X1/8,HSS,,original
HSS HSS2-1/4X2-1/4X1/8,HSS,,augmented
HSS-HSS2-1/4X2-1/4X1/8,HSS,,augmented
HSS2-1/4X2-1/4X1/8 HSS,HSS,,augmented
HSS 2-1/4 X 2-1/4 X 1/8,HSS,,original
HSS2-1/4X2-1/4X1/8 A500,HSS,,augmented
HSS2-1/4X2-1/4X1/8 Tube,HSS,,augmented
TS2X2X1/4,HSS,,augmented
HSS2X2X1/4,HSS,,original
TS 2X2X1/4,HSS,,augmented
HSS 2X2X1/4,HSS,,original
HSS-2X2X1/4,HSS,,augmented
HSS_2X2X1/4,HSS,,augmented
HSS2 X 2X1/4,HSS,,original
HSS HSS2X2X1/4,HSS,,augmented
HSS-HSS2X2X1/4,HSS,,augmented
HSS2X2X1/4 HSS,HSS,,augmented
HSS 2 X 2 X 1/4,HSS,,original
HSS2X2X1/4 A500,HSS,,augmented
HSS2X2X1/4 Tube,HSS,,augmented
TS2X2X3/16,HSS,,augmented
HSS2X2X3/16,HSS,,original
TS 2X2X3/16,HSS,,augmented
HSS 2X2X3/16,HSS,,original
HSS-2X2X3/16,HSS,,augmented
HSS_2X2X3/16,HSS,,augmented
HSS2 X 2X3/16,HSS,,original
HSS HSS2X2X3/16,HSS,,augmented
HSS-HSS2X2X3/16,HSS,,augmented
HSS2X2X3/16 HSS,HSS,,augmented
HSS 2 X 2 X 3/16,HSS,,original
HSS2X2X3/16 A500,HSS,,augmented
HSS2X2X3/16 Tube,HSS,,augmented
TS2X2X1/8,HSS,,augmented
HSS2X2X1/8,HSS,,original
TS 2X2X1/8,HSS,,augmented
HSS 2X2X1/8,HSS,,original
HSS-2X2X1/8,HSS,,augmented
HSS_2X2X1/8,HSS,,augmented
HSS2 X 2X1/8,HSS,,original
HSS HSS2X2X1/8,HSS,,augmented
HSS-HSS2X2X1/8,HSS,,augmented
HSS2X2X1/8 HSS,HSS,,augmented
HSS 2 X 2 X 1/8,HSS,,original
HSS2X2X1/8 A500,HSS,,augmented
HSS2X2X1/8 Tube,HSS,,augmented
TS2X1-1/2X3/16,HSS,,augmented
HSS2X1-1/2X3/16,HSS,,original
TS 2X1-1/2X3/16,HSS,,augmented
HSS 2X1-1/2X3/16,HSS,,original
HSS-2X1-1/2X3/16,HSS,,augmented
HSS_2X1-1/2X3/16,HSS,,augmented
HSS2 X 1-1/2X3/16,HSS,,original
HSS HSS2X1-1/2X3/16,HSS,,augmented
HSS-HSS2X1-1/2X3/16,HSS,,augmented
HSS2X1-1/2X3/16 HSS,HSS,,augmented
HSS 2 X 1-1/2 X 3/16,HSS,,original
HSS2X1-1/2X3/16 A500,HSS,,augmented
HSS2X1-1/2X3/16 Tube,HSS,,augmented
TS2X1-1/2X1/8,HSS,,augmented
HSS2X1-1/2X1/8,HSS,,original
TS 2X1-1/2X1/8,HSS,,augmented
HSS 2X1-1/2X1/8,HSS,,original
HSS-2X1-1/2X1/8,HSS,,augmented
HSS_2X1-1/2X1/8,HSS,,augmented
HSS2 X 1-1/2X1/8,HSS,,original
HSS HSS2X1-1/2X1/8,HSS,,augmented
HSS-HSS2X1-1/2X1/8,HSS,,augmented
HSS2X1-1/2X1/8 HSS,HSS,,augmented
HSS 2 X 1-1/2 X 1/8,HSS,,original
HSS2X1-1/2X1/8 A500,HSS,,augmented
HSS2X1-1/2X1/8 Tube,HSS,,augmented
TS2X1X3/16,HSS,,augmented
HSS2X1X3/16,HSS,,original
TS 2X1X3/16,HSS,,augmented
HSS 2X1X3/16,HSS,,original
HSS-2X1X3/16,HSS,,augmented
HSS_2X1X3/16,HSS,,augmented
HSS2 X 1X3/16,HSS,,original
HSS HSS2X1X3/16,HSS,,augmented
HSS-HSS2X1X3/16,HSS,,augmented
HSS2X1X3/16 HSS,HSS,,augmented
HSS 2 X 1 X 3/16,HSS,,original
HSS2X1X3/16 A500,HSS,,augmented
HSS2X1X3/16 Tube,HSS,,augmented
TS2X1X1/8,HSS,,augmented
HSS2X1X1/8,HSS,,original
TS 2X1X1/8,HSS,,augmented
HSS 2X1X1/8,HSS,,original
HSS-2X1X1/8,HSS,,augmented
HSS_2X1X1/8,HSS,,augmented
HSS2 X 1X1/8,HSS,,original
HSS HSS2X1X1/8,HSS,,augmented
HSS-HSS2X1X1/8,HSS,,augmented
HSS2X1X1/8 HSS,HSS,,augmented
HSS 2 X 1 X 1/8,HSS,,original
HSS2X1X1/8 A500,HSS,,augmented
HSS2X1X1/8 Tube,HSS,,augmented
TS1-1/2X1-1/2X1/4,HSS,,augmented
HSS1-1/2X1-1/2X1/4,HSS,,original
TS 1-1/2X1-1/2X1/4,HSS,,augmented
HSS 1-1/2X1-1/2X1/4,HSS,,original
HSS-1-1/2X1-1/2X1/4,HSS,,augmented
HSS_1-1/2X1-1/2X1/4,HSS,,augmented
HSS1-1/2 X 1-1/2X1/4,HSS,,original
HSS HSS1-1/2X1-1/2X1/4,HSS,,augmented
HSS-HSS1-1/2X1-1/2X1/4,HSS,,augmented
HSS1-1/2X1-1/2X1/4 HSS,HSS,,augmented
HSS 1-1/2 X 1-1/2 X 1/4,HSS,,original
HSS1-1/2X1-1/2X1/4 A500,HSS,,augmented
HSS1-1/2X1-1/2X1/4 Tube,HSS,,augmented
TS1-1/2X1-1/2X3/16,HSS,,augmented
HSS1-1/2X1-1/2X3/16,HSS,,original
TS 1-1/2X1-1/2X3/16,HSS,,augmented
HSS 1-1/2X1-1/2X3/16,HSS,,original
HSS-1-1/2X1-1/2X3/16,HSS,,augmented
HSS_1-1/2X1-1/2X3/16,HSS,,augmented
HSS1-1/2 X 1-1/2X3/16,HSS,,original
HSS HSS1-1/2X1-1/2X3/16,HSS,,augmented
HSS-HSS1-1/2X1-1/2X3/16,HSS,,augmented
HSS1-1/2X1-1/2X3/16 HSS,HSS,,augmented
HSS 1-1/2 X 1-1/2 X 3/16,HSS,,original
HSS1-1/2X1-1/2X3/16 A500,HSS,,augmented
HSS1-1/2X1-1/2X3/16 Tube,HSS,,augmented
TS1-1/2X1-1/2X1/8,HSS,,augmented
HSS1-1/2X1-1/2X1/8,HSS,,original
TS 1-1/2X1-1/2X1/8,HSS,,augmented
HSS 1-1/2X1-1/2X1/8,HSS,,original
HSS-1-1/2X1-1/2X1/8,HSS,,augmented
HSS_1-1/2X1-1/2X1/8,HSS,,augmented
HSS1-1/2 X 1-1/2X1/8,HSS,,original
HSS HSS1-1/2X1-1/2X1/8,HSS,,augmented
HSS-HSS1-1/2X1-1/2X1/8,HSS,,augmented
HSS1-1/2X1-1/2X1/8 HSS,HSS,,augmented
HSS 1-1/2 X 1-1/2 X 1/8,HSS,,original
HSS1-1/2X1-1/2X1/8 A500,HSS,,augmented
HSS1-1/2X1-1/2X1/8 Tube,HSS,,augmented
TS28.000X1.000,HSS,,augmented
HSS28.000X1.000,HSS,,original
TS 28.000X1.000,HSS,,augmented
HSS 28.000X1.000,HSS,,original
HSS-28.000X1.000,HSS,,augmented
HSS_28.000X1.000,HSS,,augmented
HSS28.000 X 1.000,HSS,,original
HSS 28.000 X 1.000,HSS,,original
HSS HSS28.000X1.000,HSS,,augmented
HSS-HSS28.000X1.000,HSS,,augmented
HSS28.000X1.000 HSS,HSS,,augmented
HSS28.000X1.000 A500,HSS,,augmented
HSS28.000X1.000 Tube,HSS,,augmented
TS28.000X0.875,HSS,,augmented
HSS28.000X0.875,HSS,,original
TS 28.000X0.875,HSS,,augmented
HSS 28.000X0.875,HSS,,original
HSS-28.000X0.875,HSS,,augmented
HSS_28.000X0.875,HSS,,augmented
HSS28.000 X 0.875,HSS,,original
HSS 28.000 X 0.875,HSS,,original
HSS HSS28.000X0.875,HSS,,augmented
HSS-HSS28.000X0.875,HSS,,augmented
HSS28.000X0.875 HSS,HSS,,augmented
HSS28.000X0.875 A500,HSS,,augmented
HSS28.000X0.875 Tube,HSS,,augmented
TS28.000X0.750,HSS,,augmented
HSS28.000X0.750,HSS,,original
TS 28.000X0.750,HSS,,augmented
HSS 28.000X0.750,HSS,,original
HSS-28.000X0.750,HSS,,augmented
HSS_28.000X0.750,HSS,,augmented
HSS28.000 X 0.750,HSS,,original
HSS 28.000 X 0.750,HSS,,original
HSS HSS28.000X0.750,HSS,,augmented
HSS-HSS28.000X0.750,HSS,,augmented
HSS28.000X0.750 HSS,HSS,,augmented
HSS28.000X0.750 A500,HSS,,augmented
HSS28.000X0.750 Tube,HSS,,augmented
TS28.000X0.625,HSS,,augmented
HSS28.000X0.625,HSS,,original
TS 28.000X0.625,HSS,,augmented
HSS 28.000X0.625,HSS,,original
HSS-28.000X0.625,HSS,,augmented
HSS_28.000X0.625,HSS,,augmented
HSS28.000 X 0.625,HSS,,original
HSS 28.000 X 0.625,HSS,,original
HSS HSS28.000X0.625,HSS,,augmented
HSS-HSS28.000X0.625,HSS,,augmented
HSS28.000X0.625 HSS,HSS,,augmented
HSS28.000X0.625 A500,HSS,,augmented
HSS28.000X0.625 Tube,HSS,,augmented
TS28.000X0.500,HSS,,augmented
HSS28.000X0.500,HSS,,original
TS 28.000X0.500,HSS,,augmented
HSS 28.000X0.500,HSS,,original
HSS-28.000X0.500,HSS,,augmented
HSS_28.000X0.500,HSS,,augmented
HSS28.000 X 0.500,HSS,,original
HSS 28.000 X 0.500,HSS,,original
HSS HSS28.000X0.500,HSS,,augmented
HSS-HSS28.000X0.500,HSS,,augmented
HSS28.000X0.500 HSS,HSS,,augmented
HSS28.000X0.500 A500,HSS,,augmented
HSS28.000X0.500 Tube,HSS,,augmented
TS28.000X0.375,HSS,,augmented
HSS28.000X0.375,HSS,,original
TS 28.000X0.375,HSS,,augmented
HSS 28.000X0.375,HSS,,original
HSS-28.000X0.375,HSS,,augmented
HSS_28.000X0.375,HSS,,augmented
HSS28.000 X 0.375,HSS,,original
HSS 28.000 X 0.375,HSS,,original
HSS HSS28.000X0.375,HSS,,augmented
HSS-HSS28.000X0.375,HSS,,augmented
HSS28.000X0.375 HSS,HSS,,augmented
HSS28.000X0.375 A500,HSS,,augmented
HSS28.000X0.375 Tube,HSS,,augmented
TS26.000X0.750,HSS,,augmented
HSS26.000X0.750,HSS,,original
TS 26.000X0.750,HSS,,augmented
HSS 26.000X0.750,HSS,,original
HSS-26.000X0.750,HSS,,augmented
HSS_26.000X0.750,HSS,,augmented
HSS26.000 X 0.750,HSS,,original
HSS 26.000 X 0.750,HSS,,original
HSS HSS26.000X0.750,HSS,,augmented
HSS-HSS26.000X0.750,HSS,,augmented
HSS26.000X0.750 HSS,HSS,,augmented
HSS26.000X0.750 A500,HSS,,augmented
HSS26.000X0.750 Tube,HSS,,augmented
TS26.000X0.625,HSS,,augmented
HSS26.000X0.625,HSS,,original
TS 26.000X0.625,HSS,,augmented
HSS 26.000X0.625,HSS,,original
HSS-26.000X0.625,HSS,,augmented
HSS_26.000X0.625,HSS,,augmented
HSS26.000 X 0.625,HSS,,original
HSS 26.000 X 0.625,HSS,,original
HSS HSS26.000X0.625,HSS,,augmented
HSS-HSS26.000X0.625,HSS,,augmented
HSS26.000X0.625 HSS,HSS,,augmented
HSS26.000X0.625 A500,HSS,,augmented
HSS26.000X0.625 Tube,HSS,,augmented
TS26.000X0.500,HSS,,augmented
HSS26.000X0.500,HSS,,original
TS 26.000X0.500,HSS,,augmented
HSS 26.000X0.500,HSS,,original
HSS-26.000X0.500,HSS,,augmented
HSS_26.000X0.500,HSS,,augmented
HSS26.000 X 0.500,HSS,,original
HSS 26.000 X 0.500,HSS,,original
HSS HSS26.000X0.500,HSS,,augmented
HSS-HSS26.000X0.500,HSS,,augmented
HSS26.000X0.500 HSS,HSS,,augmented
HSS26.000X0.500 A500,HSS,,augmented
HSS26.000X0.500 Tube,HSS,,augmented
TS26.000X0.375,HSS,,augmented
HSS26.000X0.375,HSS,,original
TS 26.000X0.375,HSS,,augmented
HSS 26.000X0.375,HSS,,original
HSS-26.000X0.375,HSS,,augmented
HSS_26.000X0.375,HSS,,augmented
HSS26.000 X 0.375,HSS,,original
HSS 26.000 X 0.375,HSS,,original
HSS HSS26.000X0.375,HSS,,augmented
HSS-HSS26.000X0.375,HSS,,augmented
HSS26.000X0.375 HSS,HSS,,augmented
HSS26.000X0.375 A500,HSS,,augmented
HSS26.000X0.375 Tube,HSS,,augmented
TS26.000X0.313,HSS,,augmented
HSS26.000X0.313,HSS,,original
TS 26.000X0.313,HSS,,augmented
HSS 26.000X0.313,HSS,,original
HSS-26.000X0.313,HSS,,augmented
HSS_26.000X0.313,HSS,,augmented
HSS26.000 X 0.313,HSS,,original
HSS 26.000 X 0.313,HSS,,original
HSS HSS26.000X0.313,HSS,,augmented
HSS-HSS26.000X0.313,HSS,,augmented
HSS26.000X0.313 HSS,HSS,,augmented
HSS26.000X0.313 A500,HSS,,augmented
HSS26.000X0.313 Tube,HSS,,augmented
TS24.000X1.000,HSS,,augmented
HSS24.000X1.000,HSS,,original
TS 24.000X1.000,HSS,,augmented
HSS 24.000X1.000,HSS,,original
HSS-24.000X1.000,HSS,,augmented
HSS_24.000X1.000,HSS,,augmented
HSS24.000 X 1.000,HSS,,original
HSS 24.000 X 1.000,HSS,,original
HSS HSS24.000X1.000,HSS,,augmented
HSS-HSS24.000X1.000,HSS,,augmented
HSS24.000X1.000 HSS,HSS,,augmented
HSS24.000X1.000 A500,HSS,,augmented
HSS24.000X1.000 Tube,HSS,,augmented
TS24.000X0.875,HSS,,augmented
HSS24.000X0.875,HSS,,original
TS 24.000X0.875,HSS,,augmented
HSS 24.000X0.875,HSS,,original
HSS-24.000X0.875,HSS,,augmented
HSS_24.000X0.875,HSS,,augmented
HSS24.000 X 0.875,HSS,,original
HSS 24.000 X 0.875,HSS,,original
HSS HSS24.000X0.875,HSS,,augmented
HSS-HSS24.000X0.875,HSS,,augmented
HSS24.000X0.875 HSS,HSS,,augmented
HSS24.000X0.875 A500,HSS,,augmented
HSS24.000X0.875 Tube,HSS,,augmented
TS24.000X0.750,HSS,,augmented
HSS24.000X0.750,HSS,,original
TS 24.000X0.750,HSS,,augmented
HSS 24.000X0.750,HSS,,original
HSS-24.000X0.750,HSS,,augmented
HSS_24.000X0.750,HSS,,augmented
HSS24.000 X 0.750,HSS,,original
HSS 24.000 X 0.750,HSS,,original
HSS HSS24.000X0.750,HSS,,augmented
HSS-HSS24.000X0.750,HSS,,augmented
HSS24.000X0.750 HSS,HSS,,augmented
HSS24.000X0.750 A500,HSS,,augmented
HSS24.000X0.750 Tube,HSS,,augmented
TS24.000X0.625,HSS,,augmented
HSS24.000X0.625,HSS,,original
TS 24.000X0.625,HSS,,augmented
HSS 24.000X0.625,HSS,,original
HSS-24.000X0.625,HSS,,augmented
HSS_24.000X0.625,HSS,,augmented
HSS24.000 X 0.625,HSS,,original
HSS 24.000 X 0.625,HSS,,original
HSS HSS24.000X0.625,HSS,,augmented
HSS-HSS24.000X0.625,HSS,,augmented
HSS24.000X0.625 HSS,HSS,,augmented
HSS24.000X0.625 A500,HSS,,augmented
HSS24.000X0.625 Tube,HSS,,augmented
TS24.000X0.500,HSS,,augmented
HSS24.000X0.500,HSS,,original
TS 24.000X0.500,HSS,,augmented
HSS 24.000X0.500,HSS,,original
HSS-24.000X0.500,HSS,,augmented
HSS_24.000X0.500,HSS,,augmented
HSS24.000 X 0.500,HSS,,original
HSS 24.000 X 0.500,HSS,,original
HSS HSS24.000X0.500,HSS,,augmented
HSS-HSS24.000X0.500,HSS,,augmented
HSS24.000X0.500 HSS,HSS,,augmented
HSS24.000X0.500 A500,HSS,,augmented
HSS24.000X0.500 Tube,HSS,,augmented
TS24.000X0.375,HSS,,augmented
HSS24.000X0.375,HSS,,original
TS 24.000X0.375,HSS,,augmented
HSS 24.000X0.375,HSS,,original
HSS-24.000X0.375,HSS,,augmented
HSS_24.000X0.375,HSS,,augmented
HSS24.000 X 0.375,HSS,,original
HSS 24.000 X 0.375,HSS,,original
HSS HSS24.000X0.375,HSS,,augmented
HSS-HSS24.000X0.375,HSS,,augmented
HSS24.000X0.375 HSS,HSS,,augmented
HSS24.000X0.375 A500,HSS,,augmented
HSS24.000X0.375 Tube,HSS,,augmented
TS24.000X0.313,HSS,,augmented
HSS24.000X0.313,HSS,,original
TS 24.000X0.313,HSS,,augmented
HSS 24.000X0.313,HSS,,original
HSS-24.000X0.313,HSS,,augmented
HSS_24.000X0.313,HSS,,augmented
HSS24.000 X 0.313,HSS,,original
HSS 24.000 X 0.313,HSS,,original
HSS HSS24.000X0.313,HSS,,augmented
HSS-HSS24.000X0.313,HSS,,augmented
HSS24.000X0.313 HSS,HSS,,augmented
HSS24.000X0.313 A500,HSS,,augmented
HSS24.000X0.313 Tube,HSS,,augmented
TS22.000X0.750,HSS,,augmented
HSS22.000X0.750,HSS,,original
TS 22.000X0.750,HSS,,augmented
HSS 22.000X0.750,HSS,,original
HSS-22.000X0.750,HSS,,augmented
HSS_22.000X0.750,HSS,,augmented
HSS22.000 X 0.750,HSS,,original
HSS 22.000 X 0.750,HSS,,original
HSS HSS22.000X0.750,HSS,,augmented
HSS-HSS22.000X0.750,HSS,,augmented
HSS22.000X0.750 HSS,HSS,,augmented
HSS22.000X0.750 A500,HSS,,augmented
HSS22.000X0.750 Tube,HSS,,augmented
TS22.000X0.625,HSS,,augmented
HSS22.000X0.625,HSS,,original
TS 22.000X0.625,HSS,,augmented
HSS 22.000X0.625,HSS,,original
HSS-22.000X0.625,HSS,,augmented
HSS_22.000X0.625,HSS,,augmented
HSS22.000 X 0.625,HSS,,original
HSS 22.000 X 0.625,HSS,,original
HSS HSS22.000X0.625,HSS,,augmented
HSS-HSS22.000X0.625,HSS,,augmented
HSS22.000X0.625 HSS,HSS,,augmented
HSS22.000X0.625 A500,HSS,,augmented
HSS22.000X0.625 Tube,HSS,,augmented
TS22.000X0.500,HSS,,augmented
HSS22.000X0.500,HSS,,original
TS 22.000X0.500,HSS,,augmented
HSS 22.000X0.500,HSS,,original
HSS-22.000X0.500,HSS,,augmented
HSS_22.000X0.500,HSS,,augmented
HSS22.000 X 0.500,HSS,,original
HSS 22.000 X 0.500,HSS,,original
HSS HSS22.000X0.500,HSS,,augmented
HSS-HSS22.000X0.500,HSS,,augmented
HSS22.000X0.500 HSS,HSS,,augmented
HSS22.000X0.500 A500,HSS,,augmented
HSS22.000X0.500 Tube,HSS,,augmented
TS22.000X0.375,HSS,,augmented
HSS22.000X0.375,HSS,,original
TS 22.000X0.375,HSS,,augmented
HSS 22.000X0.375,HSS,,original
HSS-22.000X0.375,HSS,,augmented
HSS_22.000X0.375,HSS,,augmented
HSS22.000 X 0.375,HSS,,original
HSS 22.000 X 0.375,HSS,,original
HSS HSS22.000X0.375,HSS,,augmented
HSS-HSS22.000X0.375,HSS,,augmented
HSS22.000X0.375 HSS,HSS,,augmented
HSS22.000X0.375 A500,HSS,,augmented
HSS22.000X0.375 Tube,HSS,,augmented
TS22.000X0.313,HSS,,augmented
HSS22.000X0.313,HSS,,original
TS 22.000X0.313,HSS,,augmented
HSS 22.000X0.313,HSS,,original
HSS-22.000X0.313,HSS,,augmented
HSS_22.000X0.313,HSS,,augmented
HSS22.000 X 0.313,HSS,,original
HSS 22.000 X 0.313,HSS,,original
HSS HSS22.000X0.313,HSS,,augmented
HSS-HSS22.000X0.313,HSS,,augmented
HSS22.000X0.313 HSS,HSS,,augmented
HSS22.000X0.313 A500,HSS,,augmented
HSS22.000X0.313 Tube,HSS,,augmented
TS20.000X1.000,HSS,,augmented
HSS20.000X1.000,HSS,,original
TS 20.000X1.000,HSS,,augmented
HSS 20.000X1.000,HSS,,original
HSS-20.000X1.000,HSS,,augmented
HSS_20.000X1.000,HSS,,augmented
HSS20.000 X 1.000,HSS,,original
HSS 20.000 X 1.000,HSS,,original
HSS HSS20.000X1.000,HSS,,augmented
HSS-HSS20.000X1.000,HSS,,augmented
HSS20.000X1.000 HSS,HSS,,augmented
HSS20.000X1.000 A500,HSS,,augmented
HSS20.000X1.000 Tube,HSS,,augmented
TS20.000X0.875,HSS,,augmented
HSS20.000X0.875,HSS,,original
TS 20.000X0.875,HSS,,augmented
HSS 20.000X0.875,HSS,,original
HSS-20.000X0.875,HSS,,augmented
HSS_20.000X0.875,HSS,,augmented
HSS20.000 X 0.875,HSS,,original
HSS 20.000 X 0.875,HSS,,original
HSS HSS20.000X0.875,HSS,,augmented
HSS-HSS20.000X0.875,HSS,,augmented
HSS20.000X0.875 HSS,HSS,,augmented
HSS20.000X0.875 A500,HSS,,augmented
HSS20.000X0.875 Tube,HSS,,augmented
TS20.000X0.750,HSS,,augmented
HSS20.000X0.750,HSS,,original
TS 20.000X0.750,HSS,,augmented
HSS 20.000X0.750,HSS,,original
HSS-20.000X0.750,HSS,,augmented
HSS_20.000X0.750,HSS,,augmented
HSS20.000 X 0.750,HSS,,original
HSS 20.000 X 0.750,HSS,,original
HSS HSS20.000X0.750,HSS,,augmented
HSS-HSS20.000X0.750,HSS,,augmented
HSS20.000X0.750 HSS,HSS,,augmented
HSS20.000X0.750 A500,HSS,,augmented
HSS20.000X0.750 Tube,HSS,,augmented
TS20.000X0.625,HSS,,augmented
HSS20.000X0.625,HSS,,original
TS 20.000X0.625,HSS,,augmented
HSS 20.000X0.625,HSS,,original
HSS-20.000X0.625,HSS,,augmented
HSS_20.000X0.625,HSS,,augmented
HSS20.000 X 0.625,HSS,,original
HSS 20.000 X 0.625,HSS,,original
HSS HSS20.000X0.625,HSS,,augmented
HSS-HSS20.000X0.625,HSS,,augmented
HSS20.000X0.625 HSS,HSS,,augmented
HSS20.000X0.625 A500,HSS,,augmented
HSS20.000X0.625 Tube,HSS,,augmented
TS20.000X0.500,HSS,,augmented
HSS20.000X0.500,HSS,,original
TS 20.000X0.500,HSS,,augmented
HSS 20.000X0.500,HSS,,original
HSS-20.000X0.500,HSS,,augmented
HSS_20.000X0.500,HSS,,augmented
HSS20.000 X 0.500,HSS,,original
HSS 20.000 X 0.500,HSS,,original
HSS HSS20.000X0.500,HSS,,augmented
HSS-HSS20.000X0.500,HSS,,augmented
HSS20.000X0.500 HSS,HSS,,augmented
HSS20.000X0.500 A500,HSS,,augmented
HSS20.000X0.500 Tube,HSS,,augmented
TS20.000X0.375,HSS,,augmented
HSS20.000X0.375,HSS,,original
TS 20.000X0.375,HSS,,augmented
HSS 20.000X0.375,HSS,,original
HSS-20.000X0.375,HSS,,augmented
HSS_20.000X0.375,HSS,,augmented
HSS20.000 X 0.375,HSS,,original
HSS 20.000 X 0.375,HSS,,original
HSS HSS20.000X0.375,HSS,,augmented
HSS-HSS20.000X0.375,HSS,,augmented
HSS20.000X0.375 HSS,HSS,,augmented
HSS20.000X0.375 A500,HSS,,augmented
HSS20.000X0.375 Tube,HSS,,augmented
TS20.000X0.313,HSS,,augmented
HSS20.000X0.313,HSS,,original
TS 20.000X0.313,HSS,,augmented
HSS 20.000X0.313,HSS,,original
HSS-20.000X0.313,HSS,,augmented
HSS_20.000X0.313,HSS,,augmented
HSS20.000 X 0.313,HSS,,original
HSS 20.000 X 0.313,HSS,,original
HSS HSS20.000X0.313,HSS,,augmented
HSS-HSS20.000X0.313,HSS,,augmented
HSS20.000X0.313 HSS,HSS,,augmented
HSS20.000X0.313 A500,HSS,,augmented
HSS20.000X0.313 Tube,HSS,,augmented
TS20.000X0.250,HSS,,augmented
HSS20.000X0.250,HSS,,original
TS 20.000X0.250,HSS,,augmented
HSS 20.000X0.250,HSS,,original
HSS-20.000X0.250,HSS,,augmented
HSS_20.000X0.250,HSS,,augmented
HSS20.000 X 0.250,HSS,,original
HSS 20.000 X 0.250,HSS,,original
HSS HSS20.000X0.250,HSS,,augmented
HSS-HSS20.000X0.250,HSS,,augmented
HSS20.000X0.250 HSS,HSS,,augmented
HSS20.000X0.250 A500,HSS,,augmented
HSS20.000X0.250 Tube,HSS,,augmented
TS18.000X1.000,HSS,,augmented
HSS18.000X1.000,HSS,,original
TS 18.000X1.000,HSS,,augmented
HSS 18.000X1.000,HSS,,original
HSS-18.000X1.000,HSS,,augmented
HSS_18.000X1.000,HSS,,augmented
HSS18.000 X 1.000,HSS,,original
HSS 18.000 X 1.000,HSS,,original
HSS HSS18.000X1.000,HSS,,augmented
HSS-HSS18.000X1.000,HSS,,augmented
HSS18.000X1.000 HSS,HSS,,augmented
HSS18.000X1.000 A500,HSS,,augmented
HSS18.000X1.000 Tube,HSS,,augmented
TS18.000X0.875,HSS,,augmented
HSS18.000X0.875,HSS,,original
TS 18.000X0.875,HSS,,augmented
HSS 18.000X0.875,HSS,,original
HSS-18.000X0.875,HSS,,augmented
HSS_18.000X0.875,HSS,,augmented
HSS18.000 X 0.875,HSS,,original
HSS 18.000 X 0.875,HSS,,original
HSS HSS18.000X0.875,HSS,,augmented
HSS-HSS18.000X0.875,HSS,,augmented
HSS18.000X0.875 HSS,HSS,,augmented
HSS18.000X0.875 A500,HSS,,augmented
HSS18.000X0.875 Tube,HSS,,augmented
TS18.000X0.750,HSS,,augmented
HSS18.000X0.750,HSS,,original
TS 18.000X0.750,HSS,,augmented
HSS 18.000X0.750,HSS,,original
HSS-18.000X0.750,HSS,,augmented
HSS_18.000X0.750,HSS,,augmented
HSS18.000 X 0.750,HSS,,original
HSS 18.000 X 0.750,HSS,,original
HSS HSS18.000X0.750,HSS,,augmented
HSS-HSS18.000X0.750,HSS,,augmented
HSS18.000X0.750 HSS,HSS,,augmented
HSS18.000X0.750 A500,HSS,,augmented
HSS18.000X0.750 Tube,HSS,,augmented
TS18.000X0.625,HSS,,augmented
HSS18.000X0.625,HSS,,original
TS 18.000X0.625,HSS,,augmented
HSS 18.000X0.625,HSS,,original
HSS-18.000X0.625,HSS,,augmented
HSS_18.000X0.625,HSS,,augmented
HSS18.000 X 0.625,HSS,,original
HSS 18.000 X 0.625,HSS,,original
HSS HSS18.000X0.625,HSS,,augmented
HSS-HSS18.000X0.625,HSS,,augmented
HSS18.000X0.625 HSS,HSS,,augmented
HSS18.000X0.625 A500,HSS,,augmented
HSS18.000X0.625 Tube,HSS,,augmented
TS18.000X0.500,HSS,,augmented
HSS18.000X0.500,HSS,,original
TS 18.000X0.500,HSS,,augmented
HSS 18.000X0.500,HSS,,original
HSS-18.000X0.500,HSS,,augmented
HSS_18.000X0.500,HSS,,augmented
HSS18.000 X 0.500,HSS,,original
HSS 18.000 X 0.500,HSS,,original
HSS HSS18.000X0.500,HSS,,augmented
HSS-HSS18.000X0.500,HSS,,augmented
HSS18.000X0.500 HSS,HSS,,augmented
HSS18.000X0.500 A500,HSS,,augmented
HSS18.000X0.500 Tube,HSS,,augmented
TS18.000X0.375,HSS,,augmented
HSS18.000X0.375,HSS,,original
TS 18.000X0.375,HSS,,augmented
HSS 18.000X0.375,HSS,,original
HSS-18.000X0.375,HSS,,augmented
HSS_18.000X0.375,HSS,,augmented
HSS18.000 X 0.375,HSS,,original
HSS 18.000 X 0.375,HSS,,original
HSS HSS18.000X0.375,HSS,,augmented
HSS-HSS18.000X0.375,HSS,,augmented
HSS18.000X0.375 HSS,HSS,,augmented
HSS18.000X0.375 A500,HSS,,augmented
HSS18.000X0.375 Tube,HSS,,augmented
TS18.000X0.313,HSS,,augmented
HSS18.000X0.313,HSS,,original
TS 18.000X0.313,HSS,,augmented
HSS 18.000X0.313,HSS,,original
HSS-18.000X0.313,HSS,,augmented
HSS_18.000X0.313,HSS,,augmented
HSS18.000 X 0.313,HSS,,original
HSS 18.000 X 0.313,HSS,,original
HSS HSS18.000X0.313,HSS,,augmented
HSS-HSS18.000X0.313,HSS,,augmented
HSS18.000X0.313 HSS,HSS,,augmented
HSS18.000X0.313 A500,HSS,,augmented
HSS18.000X0.313 Tube,HSS,,augmented
TS18.000X0.250,HSS,,augmented
HSS18.000X0.250,HSS,,original
TS 18.000X0.250,HSS,,augmented
HSS 18.000X0.250,HSS,,original
HSS-18.000X0.250,HSS,,augmented
HSS_18.000X0.250,HSS,,augmented
HSS18.000 X 0.250,HSS,,original
HSS 18.000 X 0.250,HSS,,original
HSS HSS18.000X0.250,HSS,,augmented
HSS-HSS18.000X0.250,HSS,,augmented
HSS18.000X0.250 HSS,HSS,,augmented
HSS18.000X0.250 A500,HSS,,augmented
HSS18.000X0.250 Tube,HSS,,augmented
TS16.000X1.000,HSS,,augmented
HSS16.000X1.000,HSS,,original
TS 16.000X1.000,HSS,,augmented
HSS 16.000X1.000,HSS,,original
HSS-16.000X1.000,HSS,,augmented
HSS_16.000X1.000,HSS,,augmented
HSS16.000 X 1.000,HSS,,original
HSS 16.000 X 1.000,HSS,,original
HSS HSS16.000X1.000,HSS,,augmented
HSS-HSS16.000X1.000,HSS,,augmented
HSS16.000X1.000 HSS,HSS,,augmented
HSS16.000X1.000 A500,HSS,,augmented
HSS16.000X1.000 Tube,HSS,,augmented
TS16.000X0.875,HSS,,augmented
HSS16.000X0.875,HSS,,original
TS 16.000X0.875,HSS,,augmented
HSS 16.000X0.875,HSS,,original
HSS-16.000X0.875,HSS,,augmented
HSS_16.000X0.875,HSS,,augmented
HSS16.000 X 0.875,HSS,,original
HSS 16.000 X 0.875,HSS,,original
HSS HSS16.000X0.875,HSS,,augmented
HSS-HSS16.000X0.875,HSS,,augmented
HSS16.000X0.875 HSS,HSS,,augmented
HSS16.000X0.875 A500,HSS,,augmented
HSS16.000X0.875 Tube,HSS,,augmented
TS16.000X0.750,HSS,,augmented
HSS16.000X0.750,HSS,,original
TS 16.000X0.750,HSS,,augmented
HSS 16.000X0.750,HSS,,original
HSS-16.000X0.750,HSS,,augmented
HSS_16.000X0.750,HSS,,augmented
HSS16.000 X 0.750,HSS,,original
HSS 16.000 X 0.750,HSS,,original
HSS HSS16.000X0.750,HSS,,augmented
HSS-HSS16.000X0.750,HSS,,augmented
HSS16.000X0.750 HSS,HSS,,augmented
HSS16.000X0.750 A500,HSS,,augmented
HSS16.000X0.750 Tube,HSS,,augmented
TS16.000X0.625,HSS,,augmented
HSS16.000X0.625,HSS,,original
TS 16.000X0.625,HSS,,augmented
HSS 16.000X0.625,HSS,,original
HSS-16.000X0.625,HSS,,augmented
HSS_16.000X0.625,HSS,,augmented
HSS16.000 X 0.625,HSS,,original
HSS 16.000 X 0.625,HSS,,original
HSS HSS16.000X0.625,HSS,,augmented
HSS-HSS16.000X0.625,HSS,,augmented
HSS16.000X0.625 HSS,HSS,,augmented
HSS16.000X0.625 A500,HSS,,augmented
HSS16.000X0.625 Tube,HSS,,augmented
TS16.000X0.500,HSS,,augmented
HSS16.000X0.500,HSS,,original
TS 16.000X0.500,HSS,,augmented
HSS 16.000X0.500,HSS,,original
HSS-16.000X0.500,HSS,,augmented
HSS_16.000X0.500,HSS,,augmented
HSS16.000 X 0.500,HSS,,original
HSS 16.000 X 0.500,HSS,,original
HSS HSS16.000X0.500,HSS,,augmented
HSS-HSS16.000X0.500,HSS,,augmented
HSS16.000X0.500 HSS,HSS,,augmented
HSS16.000X0.500 A500,HSS,,augmented
HSS16.000X0.500 Tube,HSS,,augmented
TS16.000X0.438,HSS,,augmented
HSS16.000X0.438,HSS,,original
TS 16.000X0.438,HSS,,augmented
HSS 16.000X0.438,HSS,,original
HSS-16.000X0.438,HSS,,augmented
HSS_16.000X0.438,HSS,,augmented
HSS16.000 X 0.438,HSS,,original
HSS 16.000 X 0.438,HSS,,original
HSS HSS16.000X0.438,HSS,,augmented
HSS-HSS16.000X0.438,HSS,,augmented
HSS16.000X0.438 HSS,HSS,,augmented
HSS16.000X0.438 A500,HSS,,augmented
HSS16.000X0.438 Tube,HSS,,augmented
TS16.000X0.375,HSS,,augmented
HSS16.000X0.375,HSS,,original
TS 16.000X0.375,HSS,,augmented
HSS 16.000X0.375,HSS,,original
HSS-16.000X0.375,HSS,,augmented
HSS_16.000X0.375,HSS,,augmented
HSS16.000 X 0.375,HSS,,original
HSS 16.000 X 0.375,HSS,,original
HSS HSS16.000X0.375,HSS,,augmented
HSS-HSS16.000X0.375,HSS,,augmented
HSS16.000X0.375 HSS,HSS,,augmented
HSS16.000X0.375 A500,HSS,,augmented
HSS16.000X0.375 Tube,HSS,,augmented
TS16.000X0.312,HSS,,augmented
HSS16.000X0.312,HSS,,original
TS 16.000X0.312,HSS,,augmented
HSS 16.000X0.312,HSS,,original
HSS-16.000X0.312,HSS,,augmented
HSS_16.000X0.312,HSS,,augmented
HSS16.000 X 0.312,HSS,,original
HSS 16.000 X 0.312,HSS,,original
HSS HSS16.000X0.312,HSS,,augmented
HSS-HSS16.000X0.312,HSS,,augmented
HSS16.000X0.312 HSS,HSS,,augmented
HSS16.000X0.312 A500,HSS,,augmented
HSS16.000X0.312 Tube,HSS,,augmented
TS16.000X0.250,HSS,,augmented
HSS16.000X0.250,HSS,,original
TS 16.000X0.250,HSS,,augmented
HSS 16.000X0.250,HSS,,original
HSS-16.000X0.250,HSS,,augmented
HSS_16.000X0.250,HSS,,augmented
HSS16.000 X 0.250,HSS,,original
HSS 16.000 X 0.250,HSS,,original
HSS HSS16.000X0.250,HSS,,augmented
HSS-HSS16.000X0.250,HSS,,augmented
HSS16.000X0.250 HSS,HSS,,augmented
HSS16.000X0.250 A500,HSS,,augmented
HSS16.000X0.250 Tube,HSS,,augmented
TS14.000X1.000,HSS,,augmented
HSS14.000X1.000,HSS,,original
TS 14.000X1.000,HSS,,augmented
HSS 14.000X1.000,HSS,,original
HSS-14.000X1.000,HSS,,augmented
HSS_14.000X1.000,HSS,,augmented
HSS14.000 X 1.000,HSS,,original
HSS 14.000 X 1.000,HSS,,original
HSS HSS14.000X1.000,HSS,,augmented
HSS-HSS14.000X1.000,HSS,,augmented
HSS14.000X1.000 HSS,HSS,,augmented
HSS14.000X1.000 A500,HSS,,augmented
HSS14.000X1.000 Tube,HSS,,augmented
TS14.000X0.875,HSS,,augmented
HSS14.000X0.875,HSS,,original
TS 14.000X0.875,HSS,,augmented
HSS 14.000X0.875,HSS,,original
HSS-14.000X0.875,HSS,,augmented
HSS_14.000X0.875,HSS,,augmented
HSS14.000 X 0.875,HSS,,original
HSS 14.000 X 0.875,HSS,,original
HSS HSS14.000X0.875,HSS,,augmented
HSS-HSS14.000X0.875,HSS,,augmented
HSS14.000X0.875 HSS,HSS,,augmented
HSS14.000X0.875 A500,HSS,,augmented
HSS14.000X0.875 Tube,HSS,,augmented
TS14.000X0.750,HSS,,augmented
HSS14.000X0.750,HSS,,original
TS 14.000X0.750,HSS,,augmented
HSS 14.000X0.750,HSS,,original
HSS-14.000X0.750,HSS,,augmented
HSS_14.000X0.750,HSS,,augmented
HSS14.000 X 0.750,HSS,,original
HSS 14.000 X 0.750,HSS,,original
HSS HSS14.000X0.750,HSS,,augmented
HSS-HSS14.000X0.750,HSS,,augmented
HSS14.000X0.750 HSS,HSS,,augmented
HSS14.000X0.750 A500,HSS,,augmented
HSS14.000X0.750 Tube,HSS,,augmented
TS14.000X0.625,HSS,,augmented
HSS14.000X0.625,HSS,,original
TS 14.000X0.625,HSS,,augmented
HSS 14.000X0.625,HSS,,original
HSS-14.000X0.625,HSS,,augmented
HSS_14.000X0.625,HSS,,augmented
HSS14.000 X 0.625,HSS,,original
HSS 14.000 X 0.625,HSS,,original
HSS HSS14.000X0.625,HSS,,augmented
HSS-HSS14.000X0.625,HSS,,augmented
HSS14.000X0.625 HSS,HSS,,augmented
HSS14.000X0.625 A500,HSS,,augmented
HSS14.000X0.625 Tube,HSS,,augmented
TS14.000X0.500,HSS,,augmented
HSS14.000X0.500,HSS,,original
TS 14.000X0.500,HSS,,augmented
HSS 14.000X0.500,HSS,,original
HSS-14.000X0.500,HSS,,augmented
HSS_14.000X0.500,HSS,,augmented
HSS14.000 X 0.500,HSS,,original
HSS 14.000 X 0.500,HSS,,original
HSS HSS14.000X0.500,HSS,,augmented
HSS-HSS14.000X0.500,HSS,,augmented
HSS14.000X0.500 HSS,HSS,,augmented
HSS14.000X0.500 A500,HSS,,augmented
HSS14.000X0.500 Tube,HSS,,augmented
TS14.000X0.375,HSS,,augmented
HSS14.000X0.375,HSS,,original
TS 14.000X0.375,HSS,,augmented
HSS 14.000X0.375,HSS,,original
HSS-14.000X0.375,HSS,,augmented
HSS_14.000X0.375,HSS,,augmented
HSS14.000 X 0.375,HSS,,original
HSS 14.000 X 0.375,HSS,,original
HSS HSS14.000X0.375,HSS,,augmented
HSS-HSS14.000X0.375,HSS,,augmented
HSS14.000X0.375 HSS,HSS,,augmented
HSS14.000X0.375 A500,HSS,,augmented
HSS14.000X0.375 Tube,HSS,,augmented
TS14.000X0.312,HSS,,augmented
HSS14.000X0.312,HSS,,original
TS 14.000X0.312,HSS,,augmented
HSS 14.000X0.312,HSS,,original
HSS-14.000X0.312,HSS,,augmented
HSS_14.000X0.312,HSS,,augmented
HSS14.000 X 0.312,HSS,,original
HSS 14.000 X 0.312,HSS,,original
HSS HSS14.000X0.312,HSS,,augmented
HSS-HSS14.000X0.312,HSS,,augmented
HSS14.000X0.312 HSS,HSS,,augmented
HSS14.000X0.312 A500,HSS,,augmented
HSS14.000X0.312 Tube,HSS,,augmented
TS14.000X0.250,HSS,,augmented
HSS14.000X0.250,HSS,,original
TS 14.000X0.250,HSS,,augmented
HSS 14.000X0.250,HSS,,original
HSS-14.000X0.250,HSS,,augmented
HSS_14.000X0.250,HSS,,augmented
HSS14.000 X 0.250,HSS,,original
HSS 14.000 X 0.250,HSS,,original
HSS HSS14.000X0.250,HSS,,augmented
HSS-HSS14.000X0.250,HSS,,augmented
HSS14.000X0.250 HSS,HSS,,augmented
HSS14.000X0.250 A500,HSS,,augmented
HSS14.000X0.250 Tube,HSS,,augmented
TS14.000X0.188,HSS,,augmented
HSS14.000X0.188,HSS,,original
TS 14.000X0.188,HSS,,augmented
HSS 14.000X0.188,HSS,,original
HSS-14.000X0.188,HSS,,augmented
HSS_14.000X0.188,HSS,,augmented
HSS14.000 X 0.188,HSS,,original
HSS 14.000 X 0.188,HSS,,original
HSS HSS14.000X0.188,HSS,,augmented
HSS-HSS14.000X0.188,HSS,,augmented
HSS14.000X0.188 HSS,HSS,,augmented
HSS14.000X0.188 A500,HSS,,augmented
HSS14.000X0.188 Tube,HSS,,augmented
TS13.375X0.625,HSS,,augmented
HSS13.375X0.625,HSS,,original
TS 13.375X0.625,HSS,,augmented
HSS 13.375X0.625,HSS,,original
HSS-13.375X0.625,HSS,,augmented
HSS_13.375X0.625,HSS,,augmented
HSS13.375 X 0.625,HSS,,original
HSS 13.375 X 0.625,HSS,,original
HSS HSS13.375X0.625,HSS,,augmented
HSS-HSS13.375X0.625,HSS,,augmented
HSS13.375X0.625 HSS,HSS,,augmented
HSS13.375X0.625 A500,HSS,,augmented
HSS13.375X0.625 Tube,HSS,,augmented
TS13.375X0.500,HSS,,augmented
HSS13.375X0.500,HSS,,original
TS 13.375X0.500,HSS,,augmented
HSS 13.375X0.500,HSS,,original
HSS-13.375X0.500,HSS,,augmented
HSS_13.375X0.500,HSS,,augmented
HSS13.375 X 0.500,HSS,,original
HSS 13.375 X 0.500,HSS,,original
HSS HSS13.375X0.500,HSS,,augmented
HSS-HSS13.375X0.500,HSS,,augmented
HSS13.375X0.500 HSS,HSS,,augmented
HSS13.375X0.500 A500,HSS,,augmented
HSS13.375X0.500 Tube,HSS,,augmented
TS13.375X0.375,HSS,,augmented
HSS13.375X0.375,HSS,,original
TS 13.375X0.375,HSS,,augmented
HSS 13.375X0.375,HSS,,original
HSS-13.375X0.375,HSS,,augmented
HSS_13.375X0.375,HSS,,augmented
HSS13.375 X 0.375,HSS,,original
HSS 13.375 X 0.375,HSS,,original
HSS HSS13.375X0.375,HSS,,augmented
HSS-HSS13.375X0.375,HSS,,augmented
HSS13.375X0.375 HSS,HSS,,augmented
HSS13.375X0.375 A500,HSS,,augmented
HSS13.375X0.375 Tube,HSS,,augmented
TS13.375X0.313,HSS,,augmented
HSS13.375X0.313,HSS,,original
TS 13.375X0.313,HSS,,augmented
HSS 13.375X0.313,HSS,,original
HSS-13.375X0.313,HSS,,augmented
HSS_13.375X0.313,HSS,,augmented
HSS13.375 X 0.313,HSS,,original
HSS 13.375 X 0.313,HSS,,original
HSS HSS13.375X0.313,HSS,,augmented
HSS-HSS13.375X0.313,HSS,,augmented
HSS13.375X0.313 HSS,HSS,,augmented
HSS13.375X0.313 A500,HSS,,augmented
HSS13.375X0.313 Tube,HSS,,augmented
TS13.375X0.250,HSS,,augmented
HSS13.375X0.250,HSS,,original
TS 13.375X0.250,HSS,,augmented
HSS 13.375X0.250,HSS,,original
HSS-13.375X0.250,HSS,,augmented
HSS_13.375X0.250,HSS,,augmented
HSS13.375 X 0.250,HSS,,original
HSS 13.375 X 0.250,HSS,,original
HSS HSS13.375X0.250,HSS,,augmented
HSS-HSS13.375X0.250,HSS,,augmented
HSS13.375X0.250 HSS,HSS,,augmented
HSS13.375X0.250 A500,HSS,,augmented
HSS13.375X0.250 Tube,HSS,,augmented
TS13.375X0.188,HSS,,augmented
HSS13.375X0.188,HSS,,original
TS 13.375X0.188,HSS,,augmented
HSS 13.375X0.188,HSS,,original
HSS-13.375X0.188,HSS,,augmented
HSS_13.375X0.188,HSS,,augmented
HSS13.375 X 0.188,HSS,,original
HSS 13.375 X 0.188,HSS,,original
HSS HSS13.375X0.188,HSS,,augmented
HSS-HSS13.375X0.188,HSS,,augmented
HSS13.375X0.188 HSS,HSS,,augmented
HSS13.375X0.188 A500,HSS,,augmented
HSS13.375X0.188 Tube,HSS,,augmented
TS12.750X0.750,HSS,,augmented
HSS12.750X0.750,HSS,,original
TS 12.750X0.750,HSS,,augmented
HSS 12.750X0.750,HSS,,original
HSS-12.750X0.750,HSS,,augmented
HSS_12.750X0.750,HSS,,augmented
HSS12.750 X 0.750,HSS,,original
HSS 12.750 X 0.750,HSS,,original
HSS HSS12.750X0.750,HSS,,augmented
HSS-HSS12.750X0.750,HSS,,augmented
HSS12.750X0.750 HSS,HSS,,augmented
HSS12.750X0.750 A500,HSS,,augmented
HSS12.750X0.750 Tube,HSS,,augmented
TS12.750X0.625,HSS,,augmented
HSS12.750X0.625,HSS,,original
TS 12.750X0.625,HSS,,augmented
HSS 12.750X0.625,HSS,,original
HSS-12.750X0.625,HSS,,augmented
HSS_12.750X0.625,HSS,,augmented
HSS12.750 X 0.625,HSS,,original
HSS 12.750 X 0.625,HSS,,original
HSS HSS12.750X0.625,HSS,,augmented
HSS-HSS12.750X0.625,HSS,,augmented
HSS12.750X0.625 HSS,HSS,,augmented
HSS12.750X0.625 A500,HSS,,augmented
HSS12.750X0.625 Tube,HSS,,augmented
TS12.750X0.500,HSS,,augmented
HSS12.750X0.500,HSS,,original
TS 12.750X0.500,HSS,,augmented
HSS 12.750X0.500,HSS,,original
HSS-12.750X0.500,HSS,,augmented
HSS_12.750X0.500,HSS,,augmented
HSS12.750 X 0.500,HSS,,original
HSS 12.750 X 0.500,HSS,,original
HSS HSS12.750X0.500,HSS,,augmented
HSS-HSS12.750X0.500,HSS,,augmented
HSS12.750X0.500 HSS,HSS,,augmented
HSS12.750X0.500 A500,HSS,,augmented
HSS12.750X0.500 Tube,HSS,,augmented
TS12.750X0.375,HSS,,augmented
HSS12.750X0.375,HSS,,original
TS 12.750X0.375,HSS,,augmented
HSS 12.750X0.375,HSS,,original
HSS-12.750X0.375,HSS,,augmented
HSS_12.750X0.375,HSS,,augmented
HSS12.750 X 0.375,HSS,,original
HSS 12.750 X 0.375,HSS,,original
HSS HSS12.750X0.375,HSS,,augmented
HSS-HSS12.750X0.375,HSS,,augmented
HSS12.750X0.375 HSS,HSS,,augmented
HSS12.750X0.375 A500,HSS,,augmented
HSS12.750X0.375 Tube,HSS,,augmented
TS12.750X0.250,HSS,,augmented
HSS12.750X0.250,HSS,,original
TS 12.750X0.250,HSS,,augmented
HSS 12.750X0.250,HSS,,original
HSS-12.750X0.250,HSS,,augmented
HSS_12.750X0.250,HSS,,augmented
HSS12.750 X 0.250,HSS,,original
HSS 12.750 X 0.250,HSS,,original
HSS HSS12.750X0.250,HSS,,augmented
HSS-HSS12.750X0.250,HSS,,augmented
HSS12.750X0.250 HSS,HSS,,augmented
HSS12.750X0.250 A500,HSS,,augmented
HSS12.750X0.250 Tube,HSS,,augmented
TS12.750X0.188,HSS,,augmented
HSS12.750X0.188,HSS,,original
TS 12.750X0.188,HSS,,augmented
HSS 12.750X0.188,HSS,,original
HSS-12.750X0.188,HSS,,augmented
HSS_12.750X0.188,HSS,,augmented
HSS12.750 X 0.188,HSS,,original
HSS 12.750 X 0.188,HSS,,original
HSS HSS12.750X0.188,HSS,,augmented
HSS-HSS12.750X0.188,HSS,,augmented
HSS12.750X0.188 HSS,HSS,,augmented
HSS12.750X0.188 A500,HSS,,augmented
HSS12.750X0.188 Tube,HSS,,augmented
TS12.000X0.625,HSS,,augmented
HSS12.000X0.625,HSS,,original
TS 12.000X0.625,HSS,,augmented
HSS 12.000X0.625,HSS,,original
HSS-12.000X0.625,HSS,,augmented
HSS_12.000X0.625,HSS,,augmented
HSS12.000 X 0.625,HSS,,original
HSS 12.000 X 0.625,HSS,,original
HSS HSS12.000X0.625,HSS,,augmented
HSS-HSS12.000X0.625,HSS,,augmented
HSS12.000X0.625 HSS,HSS,,augmented
HSS12.000X0.625 A500,HSS,,augmented
HSS12.000X0.625 Tube,HSS,,augmented
TS12.000X0.500,HSS,,augmented
HSS12.000X0.500,HSS,,original
TS 12.000X0.500,HSS,,augmented
HSS 12.000X0.500,HSS,,original
HSS-12.000X0.500,HSS,,augmented
HSS_12.000X0.500,HSS,,augmented
HSS12.000 X 0.500,HSS,,original
HSS 12.000 X 0.500,HSS,,original
HSS HSS12.000X0.500,HSS,,augmented
HSS-HSS12.000X0.500,HSS,,augmented
HSS12.000X0.500 HSS,HSS,,augmented
HSS12.000X0.500 A500,HSS,,augmented
HSS12.000X0.500 Tube,HSS,,augmented
TS12.000X0.375,HSS,,augmented
HSS12.000X0.375,HSS,,original
TS 12.000X0.375,HSS,,augmented
HSS 12.000X0.375,HSS,,original
HSS-12.000X0.375,HSS,,augmented
HSS_12.000X0.375,HSS,,augmented
HSS12.000 X 0.375,HSS,,original
HSS 12.000 X 0.375,HSS,,original
HSS HSS12.000X0.375,HSS,,augmented
HSS-HSS12.000X0.375,HSS,,augmented
HSS12.000X0.375 HSS,HSS,,augmented
HSS12.000X0.375 A500,HSS,,augmented
HSS12.000X0.375 Tube,HSS,,augmented
TS12.000X0.250,HSS,,augmented
HSS12.000X0.250,HSS,,original
TS 12.000X0.250,HSS,,augmented
HSS 12.000X0.250,HSS,,original
HSS-12.000X0.250,HSS,,augmented
HSS_12.000X0.250,HSS,,augmented
HSS12.000 X 0.250,HSS,,original
HSS 12.000 X 0.250,HSS,,original
HSS HSS12.000X0.250,HSS,,augmented
HSS-HSS12.000X0.250,HSS,,augmented
HSS12.000X0.250 HSS,HSS,,augmented
HSS12.000X0.250 A500,HSS,,augmented
HSS12.000X0.250 Tube,HSS,,augmented
TS11.750X0.625,HSS,,augmented
HSS11.750X0.625,HSS,,original
TS 11.750X0.625,HSS,,augmented
HSS 11.750X0.625,HSS,,original
HSS-11.750X0.625,HSS,,augmented
HSS_11.750X0.625,HSS,,augmented
HSS11.750 X 0.625,HSS,,original
HSS 11.750 X 0.625,HSS,,original
HSS HSS11.750X0.625,HSS,,augmented
HSS-HSS11.750X0.625,HSS,,augmented
HSS11.750X0.625 HSS,HSS,,augmented
HSS11.750X0.625 A500,HSS,,augmented
HSS11.750X0.625 Tube,HSS,,augmented
TS11.750X0.500,HSS,,augmented
HSS11.750X0.500,HSS,,original
TS 11.750X0.500,HSS,,augmented
HSS 11.750X0.500,HSS,,original
HSS-11.750X0.500,HSS,,augmented
HSS_11.750X0.500,HSS,,augmented
HSS11.750 X 0.500,HSS,,original
HSS 11.750 X 0.500,HSS,,original
HSS HSS11.750X0.500,HSS,,augmented
HSS-HSS11.750X0.500,HSS,,augmented
HSS11.750X0.500 HSS,HSS,,augmented
HSS11.750X0.500 A500,HSS,,augmented
HSS11.750X0.500 Tube,HSS,,augmented
TS11.750X0.375,HSS,,augmented
HSS11.750X0.375,HSS,,original
TS 11.750X0.375,HSS,,augmented
HSS 11.750X0.375,HSS,,original
HSS-11.750X0.375,HSS,,augmented
HSS_11.750X0.375,HSS,,augmented
HSS11.750 X 0.375,HSS,,original
HSS 11.750 X 0.375,HSS,,original
HSS HSS11.750X0.375,HSS,,augmented
HSS-HSS11.750X0.375,HSS,,augmented
HSS11.750X0.375 HSS,HSS,,augmented
HSS11.750X0.375 A500,HSS,,augmented
HSS11.750X0.375 Tube,HSS,,augmented
TS11.750X0.337,HSS,,augmented
HSS11.750X0.337,HSS,,original
TS 11.750X0.337,HSS,,augmented
HSS 11.750X0.337,HSS,,original
HSS-11.750X0.337,HSS,,augmented
HSS_11.750X0.337,HSS,,augmented
HSS11.750 X 0.337,HSS,,original
HSS 11.750 X 0.337,HSS,,original
HSS HSS11.750X0.337,HSS,,augmented
HSS-HSS11.750X0.337,HSS,,augmented
HSS11.750X0.337 HSS,HSS,,augmented
HSS11.750X0.337 A500,HSS,,augmented
HSS11.750X0.337 Tube,HSS,,augmented
TS11.750X0.250,HSS,,augmented
HSS11.750X0.250,HSS,,original
TS 11.750X0.250,HSS,,augmented
HSS 11.750X0.250,HSS,,original
HSS-11.750X0.250,HSS,,augmented
HSS_11.750X0.250,HSS,,augmented
HSS11.750 X 0.250,HSS,,original
HSS 11.750 X 0.250,HSS,,original
HSS HSS11.750X0.250,HSS,,augmented
HSS-HSS11.750X0.250,HSS,,augmented
HSS11.750X0.250 HSS,HSS,,augmented
HSS11.750X0.250 A500,HSS,,augmented
HSS11.750X0.250 Tube,HSS,,augmented
TS10.750X0.625,HSS,,augmented
HSS10.750X0.625,HSS,,original
TS 10.750X0.625,HSS,,augmented
HSS 10.750X0.625,HSS,,original
HSS-10.750X0.625,HSS,,augmented
HSS_10.750X0.625,HSS,,augmented
HSS10.750 X 0.625,HSS,,original
HSS 10.750 X 0.625,HSS,,original
HSS HSS10.750X0.625,HSS,,augmented
HSS-HSS10.750X0.625,HSS,,augmented
HSS10.750X0.625 HSS,HSS,,augmented
HSS10.750X0.625 A500,HSS,,augmented
HSS10.750X0.625 Tube,HSS,,augmented
TS10.750X0.500,HSS,,augmented
HSS10.750X0.500,HSS,,original
TS 10.750X0.500,HSS,,augmented
HSS 10.750X0.500,HSS,,original
HSS-10.750X0.500,HSS,,augmented
HSS_10.750X0.500,HSS,,augmented
HSS10.750 X 0.500,HSS,,original
HSS 10.750 X 0.500,HSS,,original
HSS HSS10.750X0.500,HSS,,augmented
HSS-HSS10.750X0.500,HSS,,augmented
HSS10.750X0.500 HSS,HSS,,augmented
HSS10.750X0.500 A500,HSS,,augmented
HSS10.750X0.500 Tube,HSS,,augmented
TS10.750X0.375,HSS,,augmented
HSS10.750X0.375,HSS,,original
TS 10.750X0.375,HSS,,augmented
HSS 10.750X0.375,HSS,,original
HSS-10.750X0.375,HSS,,augmented
HSS_10.750X0.375,HSS,,augmented
HSS10.750 X 0.375,HSS,,original
HSS 10.750 X 0.375,HSS,,original
HSS HSS10.750X0.375,HSS,,augmented
HSS-HSS10.750X0.375,HSS,,augmented
HSS10.750X0.375 HSS,HSS,,augmented
HSS10.750X0.375 A500,HSS,,augmented
HSS10.750X0.375 Tube,HSS,,augmented
TS10.750X0.313,HSS,,augmented
HSS10.750X0.313,HSS,,original
TS 10.750X0.313,HSS,,augmented
HSS 10.750X0.313,HSS,,original
HSS-10.750X0.313,HSS,,augmented
HSS_10.750X0.313,HSS,,augmented
HSS10.750 X 0.313,HSS,,original
HSS 10.750 X 0.313,HSS,,original
HSS HSS10.750X0.313,HSS,,augmented
HSS-HSS10.750X0.313,HSS,,augmented
HSS10.750X0.313 HSS,HSS,,augmented
HSS10.750X0.313 A500,HSS,,augmented
HSS10.750X0.313 Tube,HSS,,augmented
TS10.750X0.250,HSS,,augmented
HSS10.750X0.250,HSS,,original
TS 10.750X0.250,HSS,,augmented
HSS 10.750X0.250,HSS,,original
HSS-10.750X0.250,HSS,,augmented
HSS_10.750X0.250,HSS,,augmented
HSS10.750 X 0.250,HSS,,original
HSS 10.750 X 0.250,HSS,,original
HSS HSS10.750X0.250,HSS,,augmented
HSS-HSS10.750X0.250,HSS,,augmented
HSS10.750X0.250 HSS,HSS,,augmented
HSS10.750X0.250 A500,HSS,,augmented
HSS10.750X0.250 Tube,HSS,,augmented
TS10.750X0.188,HSS,,augmented
HSS10.750X0.188,HSS,,original
TS 10.750X0.188,HSS,,augmented
HSS 10.750X0.188,HSS,,original
HSS-10.750X0.188,HSS,,augmented
HSS_10.750X0.188,HSS,,augmented
HSS10.750 X 0.188,HSS,,original
HSS 10.750 X 0.188,HSS,,original
HSS HSS10.750X0.188,HSS,,augmented
HSS-HSS10.750X0.188,HSS,,augmented
HSS10.750X0.188 HSS,HSS,,augmented
HSS10.750X0.188 A500,HSS,,augmented
HSS10.750X0.188 Tube,HSS,,augmented
TS10.000X0.625,HSS,,augmented
HSS10.000X0.625,HSS,,original
TS 10.000X0.625,HSS,,augmented
HSS 10.000X0.625,HSS,,original
HSS-10.000X0.625,HSS,,augmented
HSS_10.000X0.625,HSS,,augmented
HSS10.000 X 0.625,HSS,,original
HSS 10.000 X 0.625,HSS,,original
HSS HSS10.000X0.625,HSS,,augmented
HSS-HSS10.000X0.625,HSS,,augmented
HSS10.000X0.625 HSS,HSS,,augmented
HSS10.000X0.625 A500,HSS,,augmented
HSS10.000X0.625 Tube,HSS,,augmented
TS10.000X0.500,HSS,,augmented
HSS10.000X0.500,HSS,,original
TS 10.000X0.500,HSS,,augmented
HSS 10.000X0.500,HSS,,original
HSS-10.000X0.500,HSS,,augmented
HSS_10.000X0.500,HSS,,augmented
HSS10.000 X 0.500,HSS,,original
HSS 10.000 X 0.500,HSS,,original
HSS HSS10.000X0.500,HSS,,augmented
HSS-HSS10.000X0.500,HSS,,augmented
HSS10.000X0.500 HSS,HSS,,augmented
HSS10.000X0.500 A500,HSS,,augmented
HSS10.000X0.500 Tube,HSS,,augmented
TS10.000X0.375,HSS,,augmented
HSS10.000X0.375,HSS,,original
TS 10.000X0.375,HSS,,augmented
HSS 10.000X0.375,HSS,,original
HSS-10.000X0.375,HSS,,augmented
HSS_10.000X0.375,HSS,,augmented
HSS10.000 X 0.375,HSS,,original
HSS 10.000 X 0.375,HSS,,original
HSS HSS10.000X0.375,HSS,,augmented
HSS-HSS10.000X0.375,HSS,,augmented
HSS10.000X0.375 HSS,HSS,,augmented
HSS10.000X0.375 A500,HSS,,augmented
HSS10.000X0.375 Tube,HSS,,augmented
TS10.000X0.312,HSS,,augmented
HSS10.000X0.312,HSS,,original
TS 10.000X0.312,HSS,,augmented
HSS 10.000X0.312,HSS,,original
HSS-10.000X0.312,HSS,,augmented
HSS_10.000X0.312,HSS,,augmented
HSS10.000 X 0.312,HSS,,original
HSS 10.000 X 0.312,HSS,,original
HSS HSS10.000X0.312,HSS,,augmented
HSS-HSS10.000X0.312,HSS,,augmented
HSS10.000X0.312 HSS,HSS,,augmented
HSS10.000X0.312 A500,HSS,,augmented
HSS10.000X0.312 Tube,HSS,,augmented
TS10.000X0.250,HSS,,augmented
HSS10.000X0.250,HSS,,original
TS 10.000X0.250,HSS,,augmented
HSS 10.000X0.250,HSS,,original
HSS-10.000X0.250,HSS,,augmented
HSS_10.000X0.250,HSS,,augmented
HSS10.000 X 0.250,HSS,,original
HSS 10.000 X 0.250,HSS,,original
HSS HSS10.000X0.250,HSS,,augmented
HSS-HSS10.000X0.250,HSS,,augmented
HSS10.000X0.250 HSS,HSS,,augmented
HSS10.000X0.250 A500,HSS,,augmented
HSS10.000X0.250 Tube,HSS,,augmented
TS10.000X0.188,HSS,,augmented
HSS10.000X0.188,HSS,,original
TS 10.000X0.188,HSS,,augmented
HSS 10.000X0.188,HSS,,original
HSS-10.000X0.188,HSS,,augmented
HSS_10.000X0.188,HSS,,augmented
HSS10.000 X 0.188,HSS,,original
HSS 10.000 X 0.188,HSS,,original
HSS HSS10.000X0.188,HSS,,augmented
HSS-HSS10.000X0.188,HSS,,augmented
HSS10.000X0.188 HSS,HSS,,augmented
HSS10.000X0.188 A500,HSS,,augmented
HSS10.000X0.188 Tube,HSS,,augmented
TS9.625X0.625,HSS,,augmented
HSS9.625X0.625,HSS,,original
TS 9.625X0.625,HSS,,augmented
HSS 9.625X0.625,HSS,,original
HSS-9.625X0.625,HSS,,augmented
HSS_9.625X0.625,HSS,,augmented
HSS9.625 X 0.625,HSS,,original
HSS 9.625 X 0.625,HSS,,original
HSS HSS9.625X0.625,HSS,,augmented
HSS-HSS9.625X0.625,HSS,,augmented
HSS9.625X0.625 HSS,HSS,,augmented
HSS9.625X0.625 A500,HSS,,augmented
HSS9.625X0.625 Tube,HSS,,augmented
TS9.625X0.500,HSS,,augmented
HSS9.625X0.500,HSS,,original
TS 9.625X0.500,HSS,,augmented
HSS 9.625X0.500,HSS,,original
HSS-9.625X0.500,HSS,,augmented
HSS_9.625X0.500,HSS,,augmented
HSS9.625 X 0.500,HSS,,original
HSS 9.625 X 0.500,HSS,,original
HSS HSS9.625X0.500,HSS,,augmented
HSS-HSS9.625X0.500,HSS,,augmented
HSS9.625X0.500 HSS,HSS,,augmented
HSS9.625X0.500 A500,HSS,,augmented
HSS9.625X0.500 Tube,HSS,,augmented
TS9.625X0.375,HSS,,augmented
HSS9.625X0.375,HSS,,original
TS 9.625X0.375,HSS,,augmented
HSS 9.625X0.375,HSS,,original
HSS-9.625X0.375,HSS,,augmented
HSS_9.625X0.375,HSS,,augmented
HSS9.625 X 0.375,HSS,,original
HSS 9.625 X 0.375,HSS,,original
HSS HSS9.625X0.375,HSS,,augmented
HSS-HSS9.625X0.375,HSS,,augmented
HSS9.625X0.375 HSS,HSS,,augmented
HSS9.625X0.375 A500,HSS,,augmented
HSS9.625X0.375 Tube,HSS,,augmented
TS9.625X0.312,HSS,,augmented
HSS9.625X0.312,HSS,,original
TS 9.625X0.312,HSS,,augmented
HSS 9.625X0.312,HSS,,original
HSS-9.625X0.312,HSS,,augmented
HSS_9.625X0.312,HSS,,augmented
HSS9.625 X 0.312,HSS,,original
HSS 9.625 X 0.312,HSS,,original
HSS HSS9.625X0.312,HSS,,augmented
HSS-HSS9.625X0.312,HSS,,augmented
HSS9.625X0.312 HSS,HSS,,augmented
HSS9.625X0.312 A500,HSS,,augmented
HSS9.625X0.312 Tube,HSS,,augmented
TS9.625X0.250,HSS,,augmented
HSS9.625X0.250,HSS,,original
TS 9.625X0.250,HSS,,augmented
HSS 9.625X0.250,HSS,,original
HSS-9.625X0.250,HSS,,augmented
HSS_9.625X0.250,HSS,,augmented
HSS9.625 X 0.250,HSS,,original
HSS 9.625 X 0.250,HSS,,original
HSS HSS9.625X0.250,HSS,,augmented
HSS-HSS9.625X0.250,HSS,,augmented
HSS9.625X0.250 HSS,HSS,,augmented
HSS9.625X0.250 A500,HSS,,augmented
HSS9.625X0.250 Tube,HSS,,augmented
TS9.625X0.188,HSS,,augmented
HSS9.625X0.188,HSS,,original
TS 9.625X0.188,HSS,,augmented
HSS 9.625X0.188,HSS,,original
HSS-9.625X0.188,HSS,,augmented
HSS_9.625X0.188,HSS,,augmented
HSS9.625 X 0.188,HSS,,original
HSS 9.625 X 0.188,HSS,,original
HSS HSS9.625X0.188,HSS,,augmented
HSS-HSS9.625X0.188,HSS,,augmented
HSS9.625X0.188 HSS,HSS,,augmented
HSS9.625X0.188 A500,HSS,,augmented
HSS9.625X0.188 Tube,HSS,,augmented
TS8.625X0.625,HSS,,augmented
HSS8.625X0.625,HSS,,original
TS 8.625X0.625,HSS,,augmented
HSS 8.625X0.625,HSS,,original
HSS-8.625X0.625,HSS,,augmented
HSS_8.625X0.625,HSS,,augmented
HSS8.625 X 0.625,HSS,,original
HSS 8.625 X 0.625,HSS,,original
HSS HSS8.625X0.625,HSS,,augmented
HSS-HSS8.625X0.625,HSS,,augmented
HSS8.625X0.625 HSS,HSS,,augmented
HSS8.625X0.625 A500,HSS,,augmented
HSS8.625X0.625 Tube,HSS,,augmented
TS8.625X0.500,HSS,,augmented
HSS8.625X0.500,HSS,,original
TS 8.625X0.500,HSS,,augmented
HSS 8.625X0.500,HSS,,original
HSS-8.625X0.500,HSS,,augmented
HSS_8.625X0.500,HSS,,augmented
HSS8.625 X 0.500,HSS,,original
HSS 8.625 X 0.500,HSS,,original
HSS HSS8.625X0.500,HSS,,augmented
HSS-HSS8.625X0.500,HSS,,augmented
HSS8.625X0.500 HSS,HSS,,augmented
HSS8.625X0.500 A500,HSS,,augmented
HSS8.625X0.500 Tube,HSS,,augmented
TS8.625X0.375,HSS,,augmented
HSS8.625X0.375,HSS,,original
TS 8.625X0.375,HSS,,augmented
HSS 8.625X0.375,HSS,,original
HSS-8.625X0.375,HSS,,augmented
HSS_8.625X0.375,HSS,,augmented
HSS8.625 X 0.375,HSS,,original
HSS 8.625 X 0.375,HSS,,original
HSS HSS8.625X0.375,HSS,,augmented
HSS-HSS8.625X0.375,HSS,,augmented
HSS8.625X0.375 HSS,HSS,,augmented
HSS8.625X0.375 A500,HSS,,augmented
HSS8.625X0.375 Tube,HSS,,augmented
TS8.625X0.322,HSS,,augmented
HSS8.625X0.322,HSS,,original
TS 8.625X0.322,HSS,,augmented
HSS 8.625X0.322,HSS,,original
HSS-8.625X0.322,HSS,,augmented
HSS_8.625X0.322,HSS,,augmented
HSS8.625 X 0.322,HSS,,original
HSS 8.625 X 0.322,HSS,,original
HSS HSS8.625X0.322,HSS,,augmented
HSS-HSS8.625X0.322,HSS,,augmented
HSS8.625X0.322 HSS,HSS,,augmented
HSS8.625X0.322 A500,HSS,,augmented
HSS8.625X0.322 Tube,HSS,,augmented
TS8.625X0.250,HSS,,augmented
HSS8.625X0.250,HSS,,original
TS 8.625X0.250,HSS,,augmented
HSS 8.625X0.250,HSS,,original
HSS-8.625X0.250,HSS,,augmented
HSS_8.625X0.250,HSS,,augmented
HSS8.625 X 0.250,HSS,,original
HSS 8.625 X 0.250,HSS,,original
HSS HSS8.625X0.250,HSS,,augmented
HSS-HSS8.625X0.250,HSS,,augmented
HSS8.625X0.250 HSS,HSS,,augmented
HSS8.625X0.250 A500,HSS,,augmented
HSS8.625X0.250 Tube,HSS,,augmented
TS8.625X0.188,HSS,,augmented
HSS8.625X0.188,HSS,,original
TS 8.625X0.188,HSS,,augmented
HSS 8.625X0.188,HSS,,original
HSS-8.625X0.188,HSS,,augmented
HSS_8.625X0.188,HSS,,augmented
HSS8.625 X 0.188,HSS,,original
HSS 8.625 X 0.188,HSS,,original
HSS HSS8.625X0.188,HSS,,augmented
HSS-HSS8.625X0.188,HSS,,augmented
HSS8.625X0.188 HSS,HSS,,augmented
HSS8.625X0.188 A500,HSS,,augmented
HSS8.625X0.188 Tube,HSS,,augmented
TS7.500X0.500,HSS,,augmented
HSS7.500X0.500,HSS,,original
TS 7.500X0.500,HSS,,augmented
HSS 7.500X0.500,HSS,,original
HSS-7.500X0.500,HSS,,augmented
HSS_7.500X0.500,HSS,,augmented
HSS7.500 X 0.500,HSS,,original
HSS 7.500 X 0.500,HSS,,original
HSS HSS7.500X0.500,HSS,,augmented
HSS-HSS7.500X0.500,HSS,,augmented
HSS7.500X0.500 HSS,HSS,,augmented
HSS7.500X0.500 A500,HSS,,augmented
HSS7.500X0.500 Tube,HSS,,augmented
TS7.500X0.375,HSS,,augmented
HSS7.500X0.375,HSS,,original
TS 7.500X0.375,HSS,,augmented
HSS 7.500X0.375,HSS,,original
HSS-7.500X0.375,HSS,,augmented
HSS_7.500X0.375,HSS,,augmented
HSS7.500 X 0.375,HSS,,original
HSS 7.500 X 0.375,HSS,,original
HSS HSS7.500X0.375,HSS,,augmented
HSS-HSS7.500X0.375,HSS,,augmented
HSS7.500X0.375 HSS,HSS,,augmented
HSS7.500X0.375 A500,HSS,,augmented
HSS7.500X0.375 Tube,HSS,,augmented
TS7.500X0.312,HSS,,augmented
HSS7.500X0.312,HSS,,original
TS 7.500X0.312,HSS,,augmented
HSS 7.500X0.312,HSS,,original
HSS-7.500X0.312,HSS,,augmented
HSS_7.500X0.312,HSS,,augmented
HSS7.500 X 0.312,HSS,,original
HSS 7.500 X 0.312,HSS,,original
HSS HSS7.500X0.312,HSS,,augmented
HSS-HSS7.500X0.312,HSS,,augmented
HSS7.500X0.312 HSS,HSS,,augmented
HSS7.500X0.312 A500,HSS,,augmented
HSS7.500X0.312 Tube,HSS,,augmented
TS7.500X0.250,HSS,,augmented
HSS7.500X0.250,HSS,,original
TS 7.500X0.250,HSS,,augmented
HSS 7.500X0.250,HSS,,original
HSS-7.500X0.250,HSS,,augmented
HSS_7.500X0.250,HSS,,augmented
HSS7.500 X 0.250,HSS,,original
HSS 7.500 X 0.250,HSS,,original
HSS HSS7.500X0.250,HSS,,augmented
HSS-HSS7.500X0.250,HSS,,augmented
HSS7.500X0.250 HSS,HSS,,augmented
HSS7.500X0.250 A500,HSS,,augmented
HSS7.500X0.250 Tube,HSS,,augmented
TS7.500X0.188,HSS,,augmented
HSS7.500X0.188,HSS,,original
TS 7.500X0.188,HSS,,augmented
HSS 7.500X0.188,HSS,,original
HSS-7.500X0.188,HSS,,augmented
HSS_7.500X0.188,HSS,,augmented
HSS7.500 X 0.188,HSS,,original
HSS 7.500 X 0.188,HSS,,original
HSS HSS7.500X0.188,HSS,,augmented
HSS-HSS7.500X0.188,HSS,,augmented
HSS7.500X0.188 HSS,HSS,,augmented
HSS7.500X0.188 A500,HSS,,augmented
HSS7.500X0.188 Tube,HSS,,augmented
TS7.000X0.500,HSS,,augmented
HSS7.000X0.500,HSS,,original
TS 7.000X0.500,HSS,,augmented
HSS 7.000X0.500,HSS,,original
HSS-7.000X0.500,HSS,,augmented
HSS_7.000X0.500,HSS,,augmented
HSS7.000 X 0.500,HSS,,original
HSS 7.000 X 0.500,HSS,,original
HSS HSS7.000X0.500,HSS,,augmented
HSS-HSS7.000X0.500,HSS,,augmented
HSS7.000X0.500 HSS,HSS,,augmented
HSS7.000X0.500 A500,HSS,,augmented
HSS7.000X0.500 Tube,HSS,,augmented
TS7.000X0.375,HSS,,augmented
HSS7.000X0.375,HSS,,original
TS 7.000X0.375,HSS,,augmented
HSS 7.000X0.375,HSS,,original
HSS-7.000X0.375,HSS,,augmented
HSS_7.000X0.375,HSS,,augmented
HSS7.000 X 0.375,HSS,,original
HSS 7.000 X 0.375,HSS,,original
HSS HSS7.000X0.375,HSS,,augmented
HSS-HSS7.000X0.375,HSS,,augmented
HSS7.000X0.375 HSS,HSS,,augmented
HSS7.000X0.375 A500,HSS,,augmented
HSS7.000X0.375 Tube,HSS,,augmented
TS7.000X0.312,HSS,,augmented
HSS7.000X0.312,HSS,,original
TS 7.000X0.312,HSS,,augmented
HSS 7.000X0.312,HSS,,original
HSS-7.000X0.312,HSS,,augmented
HSS_7.000X0.312,HSS,,augmented
HSS7.000 X 0.312,HSS,,original
HSS 7.000 X 0.312,HSS,,original
HSS HSS7.000X0.312,HSS,,augmented
HSS-HSS7.000X0.312,HSS,,augmented
HSS7.000X0.312 HSS,HSS,,augmented
HSS7.000X0.312 A500,HSS,,augmented
HSS7.000X0.312 Tube,HSS,,augmented
TS7.000X0.250,HSS,,augmented
HSS7.000X0.250,HSS,,original
TS 7.000X0.250,HSS,,augmented
HSS 7.000X0.250,HSS,,original
HSS-7.000X0.250,HSS,,augmented
HSS_7.000X0.250,HSS,,augmented
HSS7.000 X 0.250,HSS,,original
HSS 7.000 X 0.250,HSS,,original
HSS HSS7.000X0.250,HSS,,augmented
HSS-HSS7.000X0.250,HSS,,augmented
HSS7.000X0.250 HSS,HSS,,augmented
HSS7.000X0.250 A500,HSS,,augmented
HSS7.000X0.250 Tube,HSS,,augmented
TS7.000X0.188,HSS,,augmented
HSS7.000X0.188,HSS,,original
TS 7.000X0.188,HSS,,augmented
HSS 7.000X0.188,HSS,,original
HSS-7.000X0.188,HSS,,augmented
HSS_7.000X0.188,HSS,,augmented
HSS7.000 X 0.188,HSS,,original
HSS 7.000 X 0.188,HSS,,original
HSS HSS7.000X0.188,HSS,,augmented
HSS-HSS7.000X0.188,HSS,,augmented
HSS7.000X0.188 HSS,HSS,,augmented
HSS7.000X0.188 A500,HSS,,augmented
HSS7.000X0.188 Tube,HSS,,augmented
TS7.000X0.125,HSS,,augmented
HSS7.000X0.125,HSS,,original
TS 7.000X0.125,HSS,,augmented
HSS 7.000X0.125,HSS,,original
HSS-7.000X0.125,HSS,,augmented
HSS_7.000X0.125,HSS,,augmented
HSS7.000 X 0.125,HSS,,original
HSS 7.000 X 0.125,HSS,,original
HSS HSS7.000X0.125,HSS,,augmented
HSS-HSS7.000X0.125,HSS,,augmented
HSS7.000X0.125 HSS,HSS,,augmented
HSS7.000X0.125 A500,HSS,,augmented
HSS7.000X0.125 Tube,HSS,,augmented
TS6.875X0.375,HSS,,augmented
HSS6.875X0.375,HSS,,original
TS 6.875X0.375,HSS,,augmented
HSS 6.875X0.375,HSS,,original
HSS-6.875X0.375,HSS,,augmented
HSS_6.875X0.375,HSS,,augmented
HSS6.875 X 0.375,HSS,,original
HSS 6.875 X 0.375,HSS,,original
HSS HSS6.875X0.375,HSS,,augmented
HSS-HSS6.875X0.375,HSS,,augmented
HSS6.875X0.375 HSS,HSS,,augmented
HSS6.875X0.375 A500,HSS,,augmented
HSS6.875X0.375 Tube,HSS,,augmented
TS6.875X0.312,HSS,,augmented
HSS6.875X0.312,HSS,,original
TS 6.875X0.312,HSS,,augmented
HSS 6.875X0.312,HSS,,original
HSS-6.875X0.312,HSS,,augmented
HSS_6.875X0.312,HSS,,augmented
HSS6.875 X 0.312,HSS,,original
HSS 6.875 X 0.312,HSS,,original
HSS HSS6.875X0.312,HSS,,augmented
HSS-HSS6.875X0.312,HSS,,augmented
HSS6.875X0.312 HSS,HSS,,augmented
HSS6.875X0.312 A500,HSS,,augmented
HSS6.875X0.312 Tube,HSS,,augmented
TS6.875X0.250,HSS,,augmented
HSS6.875X0.250,HSS,,original
TS 6.875X0.250,HSS,,augmented
HSS 6.875X0.250,HSS,,original
HSS-6.875X0.250,HSS,,augmented
HSS_6.875X0.250,HSS,,augmented
HSS6.875 X 0.250,HSS,,original
HSS 6.875 X 0.250,HSS,,original
HSS HSS6.875X0.250,HSS,,augmented
HSS-HSS6.875X0.250,HSS,,augmented
HSS6.875X0.250 HSS,HSS,,augmented
HSS6.875X0.250 A500,HSS,,augmented
HSS6.875X0.250 Tube,HSS,,augmented
TS6.875X0.188,HSS,,augmented
HSS6.875X0.188,HSS,,original
TS 6.875X0.188,HSS,,augmented
HSS 6.875X0.188,HSS,,original
HSS-6.875X0.188,HSS,,augmented
HSS_6.875X0.188,HSS,,augmented
HSS6.875 X 0.188,HSS,,original
HSS 6.875 X 0.188,HSS,,original
HSS HSS6.875X0.188,HSS,,augmented
HSS-HSS6.875X0.188,HSS,,augmented
HSS6.875X0.188 HSS,HSS,,augmented
HSS6.875X0.188 A500,HSS,,augmented
HSS6.875X0.188 Tube,HSS,,augmented
TS6.625X0.500,HSS,,augmented
HSS6.625X0.500,HSS,,original
TS 6.625X0.500,HSS,,augmented
HSS 6.625X0.500,HSS,,original
HSS-6.625X0.500,HSS,,augmented
HSS_6.625X0.500,HSS,,augmented
HSS6.625 X 0.500,HSS,,original
HSS 6.625 X 0.500,HSS,,original
HSS HSS6.625X0.500,HSS,,augmented
HSS-HSS6.625X0.500,HSS,,augmented
HSS6.625X0.500 HSS,HSS,,augmented
HSS6.625X0.500 A500,HSS,,augmented
HSS6.625X0.500 Tube,HSS,,augmented
TS6.625X0.432,HSS,,augmented
HSS6.625X0.432,HSS,,original
TS 6.625X0.432,HSS,,augmented
HSS 6.625X0.432,HSS,,original
HSS-6.625X0.432,HSS,,augmented
HSS_6.625X0.432,HSS,,augmented
HSS6.625 X 0.432,HSS,,original
HSS 6.625 X 0.432,HSS,,original
HSS HSS6.625X0.432,HSS,,augmented
HSS-HSS6.625X0.432,HSS,,augmented
HSS6.625X0.432 HSS,HSS,,augmented
HSS6.625X0.432 A500,HSS,,augmented
HSS6.625X0.432 Tube,HSS,,augmented
TS6.625X0.375,HSS,,augmented
HSS6.625X0.375,HSS,,original
TS 6.625X0.375,HSS,,augmented
HSS 6.625X0.375,HSS,,original
HSS-6.625X0.375,HSS,,augmented
HSS_6.625X0.375,HSS,,augmented
HSS6.625 X 0.375,HSS,,original
HSS 6.625 X 0.375,HSS,,original
HSS HSS6.625X0.375,HSS,,augmented
HSS-HSS6.625X0.375,HSS,,augmented
HSS6.625X0.375 HSS,HSS,,augmented
HSS6.625X0.375 A500,HSS,,augmented
HSS6.625X0.375 Tube,HSS,,augmented
TS6.625X0.312,HSS,,augmented
HSS6.625X0.312,HSS,,original
TS 6.625X0.312,HSS,,augmented
HSS 6.625X0.312,HSS,,original
HSS-6.625X0.312,HSS,,augmented
HSS_6.625X0.312,HSS,,augmented
HSS6.625 X 0.312,HSS,,original
HSS 6.625 X 0.312,HSS,,original
HSS HSS6.625X0.312,HSS,,augmented
HSS-HSS6.625X0.312,HSS,,augmented
HSS6.625X0.312 HSS,HSS,,augmented
HSS6.625X0.312 A500,HSS,,augmented
HSS6.625X0.312 Tube,HSS,,augmented
TS6.625X0.280,HSS,,augmented
HSS6.625X0.280,HSS,,original
TS 6.625X0.280,HSS,,augmented
HSS 6.625X0.280,HSS,,original
HSS-6.625X0.280,HSS,,augmented
HSS_6.625X0.280,HSS,,augmented
HSS6.625 X 0.280,HSS,,original
HSS 6.625 X 0.280,HSS,,original
HSS HSS6.625X0.280,HSS,,augmented
HSS-HSS6.625X0.280,HSS,,augmented
HSS6.625X0.280 HSS,HSS,,augmented
HSS6.625X0.280 A500,HSS,,augmented
HSS6.625X0.280 Tube,HSS,,augmented
TS6.625X0.250,HSS,,augmented
HSS6.625X0.250,HSS,,original
TS 6.625X0.250,HSS,,augmented
HSS 6.625X0.250,HSS,,original
HSS-6.625X0.250,HSS,,augmented
HSS_6.625X0.250,HSS,,augmented
HSS6.625 X 0.250,HSS,,original
HSS 6.625 X 0.250,HSS,,original
HSS HSS6.625X0.250,HSS,,augmented
HSS-HSS6.625X0.250,HSS,,augmented
HSS6.625X0.250 HSS,HSS,,augmented
HSS6.625X0.250 A500,HSS,,augmented
HSS6.625X0.250 Tube,HSS,,augmented
TS6.625X0.188,HSS,,augmented
HSS6.625X0.188,HSS,,original
TS 6.625X0.188,HSS,,augmented
HSS 6.625X0.188,HSS,,original
HSS-6.625X0.188,HSS,,augmented
HSS_6.625X0.188,HSS,,augmented
HSS6.625 X 0.188,HSS,,original
HSS 6.625 X 0.188,HSS,,original
HSS HSS6.625X0.188,HSS,,augmented
HSS-HSS6.625X0.188,HSS,,augmented
HSS6.625X0.188 HSS,HSS,,augmented
HSS6.625X0.188 A500,HSS,,augmented
HSS6.625X0.188 Tube,HSS,,augmented
TS6.625X0.125,HSS,,augmented
HSS6.625X0.125,HSS,,original
TS 6.625X0.125,HSS,,augmented
HSS 6.625X0.125,HSS,,original
HSS-6.625X0.125,HSS,,augmented
HSS_6.625X0.125,HSS,,augmented
HSS6.625 X 0.125,HSS,,original
HSS 6.625 X 0.125,HSS,,original
HSS HSS6.625X0.125,HSS,,augmented
HSS-HSS6.625X0.125,HSS,,augmented
HSS6.625X0.125 HSS,HSS,,augmented
HSS6.625X0.125 A500,HSS,,augmented
HSS6.625X0.125 Tube,HSS,,augmented
TS6.000X0.500,HSS,,augmented
HSS6.000X0.500,HSS,,original
TS 6.000X0.500,HSS,,augmented
HSS 6.000X0.500,HSS,,original
HSS-6.000X0.500,HSS,,augmented
HSS_6.000X0.500,HSS,,augmented
HSS6.000 X 0.500,HSS,,original
HSS 6.000 X 0.500,HSS,,original
HSS HSS6.000X0.500,HSS,,augmented
HSS-HSS6.000X0.500,HSS,,augmented
HSS6.000X0.500 HSS,HSS,,augmented
HSS6.000X0.500 A500,HSS,,augmented
HSS6.000X0.500 Tube,HSS,,augmented
TS6.000X0.375,HSS,,augmented
HSS6.000X0.375,HSS,,original
TS 6.000X0.375,HSS,,augmented
HSS 6.000X0.375,HSS,,original
HSS-6.000X0.375,HSS,,augmented
HSS_6.000X0.375,HSS,,augmented
HSS6.000 X 0.375,HSS,,original
HSS 6.000 X 0.375,HSS,,original
HSS HSS6.000X0.375,HSS,,augmented
HSS-HSS6.000X0.375,HSS,,augmented
HSS6.000X0.375 HSS,HSS,,augmented
HSS6.000X0.375 A500,HSS,,augmented
HSS6.000X0.375 Tube,HSS,,augmented
TS6.000X0.312,HSS,,augmented
HSS6.000X0.312,HSS,,original
TS 6.000X0.312,HSS,,augmented
HSS 6.000X0.312,HSS,,original
HSS-6.000X0.312,HSS,,augmented
HSS_6.000X0.312,HSS,,augmented
HSS6.000 X 0.312,HSS,,original
HSS 6.000 X 0.312,HSS,,original
HSS HSS6.000X0.312,HSS,,augmented
HSS-HSS6.000X0.312,HSS,,augmented
HSS6.000X0.312 HSS,HSS,,augmented
HSS6.000X0.312 A500,HSS,,augmented
HSS6.000X0.312 Tube,HSS,,augmented
TS6.000X0.280,HSS,,augmented
HSS6.000X0.280,HSS,,original
TS 6.000X0.280,HSS,,augmented
HSS 6.000X0.280,HSS,,original
HSS-6.000X0.280,HSS,,augmented
HSS_6.000X0.280,HSS,,augmented
HSS6.000 X 0.280,HSS,,original
HSS 6.000 X 0.280,HSS,,original
HSS HSS6.000X0.280,HSS,,augmented
HSS-HSS6.000X0.280,HSS,,augmented
HSS6.000X0.280 HSS,HSS,,augmented
HSS6.000X0.280 A500,HSS,,augmented
HSS6.000X0.280 Tube,HSS,,augmented
TS6.000X0.250,HSS,,augmented
HSS6.000X0.250,HSS,,original
TS 6.000X0.250,HSS,,augmented
HSS 6.000X0.250,HSS,,original
HSS-6.000X0.250,HSS,,augmented
HSS_6.000X0.250,HSS,,augmented
HSS6.000 X 0.250,HSS,,original
HSS 6.000 X 0.250,HSS,,original
HSS HSS6.000X0.250,HSS,,augmented
HSS-HSS6.000X0.250,HSS,,augmented
HSS6.000X0.250 HSS,HSS,,augmented
HSS6.000X0.250 A500,HSS,,augmented
HSS6.000X0.250 Tube,HSS,,augmented
TS6.000X0.188,HSS,,augmented
HSS6.000X0.188,HSS,,original
TS 6.000X0.188,HSS,,augmented
HSS 6.000X0.188,HSS,,original
HSS-6.000X0.188,HSS,,augmented
HSS_6.000X0.188,HSS,,augmented
HSS6.000 X 0.188,HSS,,original
HSS 6.000 X 0.188,HSS,,original
HSS HSS6.000X0.188,HSS,,augmented
HSS-HSS6.000X0.188,HSS,,augmented
HSS6.000X0.188 HSS,HSS,,augmented
HSS6.000X0.188 A500,HSS,,augmented
HSS6.000X0.188 Tube,HSS,,augmented
TS6.000X0.125,HSS,,augmented
HSS6.000X0.125,HSS,,original
TS 6.000X0.125,HSS,,augmented
HSS 6.000X0.125,HSS,,original
HSS-6.000X0.125,HSS,,augmented
HSS_6.000X0.125,HSS,,augmented
HSS6.000 X 0.125,HSS,,original
HSS 6.000 X 0.125,HSS,,original
HSS HSS6.000X0.125,HSS,,augmented
HSS-HSS6.000X0.125,HSS,,augmented
HSS6.000X0.125 HSS,HSS,,augmented
HSS6.000X0.125 A500,HSS,,augmented
HSS6.000X0.125 Tube,HSS,,augmented
TS5.563X0.500,HSS,,augmented
HSS5.563X0.500,HSS,,original
TS 5.563X0.500,HSS,,augmented
HSS 5.563X0.500,HSS,,original
HSS-5.563X0.500,HSS,,augmented
HSS_5.563X0.500,HSS,,augmented
HSS5.563 X 0.500,HSS,,original
HSS 5.563 X 0.500,HSS,,original
HSS HSS5.563X0.500,HSS,,augmented
HSS-HSS5.563X0.500,HSS,,augmented
HSS5.563X0.500 HSS,HSS,,augmented
HSS5.563X0.500 A500,HSS,,augmented
HSS5.563X0.500 Tube,HSS,,augmented
TS5.563X0.375,HSS,,augmented
HSS5.563X0.375,HSS,,original
TS 5.563X0.375,HSS,,augmented
HSS 5.563X0.375,HSS,,original
HSS-5.563X0.375,HSS,,augmented
HSS_5.563X0.375,HSS,,augmented
HSS5.563 X 0.375,HSS,,original
HSS 5.563 X 0.375,HSS,,original
HSS HSS5.563X0.375,HSS,,augmented
HSS-HSS5.563X0.375,HSS,,augmented
HSS5.563X0.375 HSS,HSS,,augmented
HSS5.563X0.375 A500,HSS,,augmented
HSS5.563X0.375 Tube,HSS,,augmented
TS5.563X0.258,HSS,,augmented
HSS5.563X0.258,HSS,,original
TS 5.563X0.258,HSS,,augmented
HSS 5.563X0.258,HSS,,original
HSS-5.563X0.258,HSS,,augmented
HSS_5.563X0.258,HSS,,augmented
HSS5.563 X 0.258,HSS,,original
HSS 5.563 X 0.258,HSS,,original
HSS HSS5.563X0.258,HSS,,augmented
HSS-HSS5.563X0.258,HSS,,augmented
HSS5.563X0.258 HSS,HSS,,augmented
HSS5.563X0.258 A500,HSS,,augmented
HSS5.563X0.258 Tube,HSS,,augmented
TS5.563X0.188,HSS,,augmented
HSS5.563X0.188,HSS,,original
TS 5.563X0.188,HSS,,augmented
HSS 5.563X0.188,HSS,,original
HSS-5.563X0.188,HSS,,augmented
HSS_5.563X0.188,HSS,,augmented
HSS5.563 X 0.188,HSS,,original
HSS 5.563 X 0.188,HSS,,original
HSS HSS5.563X0.188,HSS,,augmented
HSS-HSS5.563X0.188,HSS,,augmented
HSS5.563X0.188 HSS,HSS,,augmented
HSS5.563X0.188 A500,HSS,,augmented
HSS5.563X0.188 Tube,HSS,,augmented
TS5.563X0.134,HSS,,augmented
HSS5.563X0.134,HSS,,original
TS 5.563X0.134,HSS,,augmented
HSS 5.563X0.134,HSS,,original
HSS-5.563X0.134,HSS,,augmented
HSS_5.563X0.134,HSS,,augmented
HSS5.563 X 0.134,HSS,,original
HSS 5.563 X 0.134,HSS,,original
HSS HSS5.563X0.134,HSS,,augmented
HSS-HSS5.563X0.134,HSS,,augmented
HSS5.563X0.134 HSS,HSS,,augmented
HSS5.563X0.134 A500,HSS,,augmented
HSS5.563X0.134 Tube,HSS,,augmented
TS5.500X0.500,HSS,,augmented
HSS5.500X0.500,HSS,,original
TS 5.500X0.500,HSS,,augmented
HSS 5.500X0.500,HSS,,original
HSS-5.500X0.500,HSS,,augmented
HSS_5.500X0.500,HSS,,augmented
HSS5.500 X 0.500,HSS,,original
HSS 5.500 X 0.500,HSS,,original
HSS HSS5.500X0.500,HSS,,augmented
HSS-HSS5.500X0.500,HSS,,augmented
HSS5.500X0.500 HSS,HSS,,augmented
HSS5.500X0.500 A500,HSS,,augmented
HSS5.500X0.500 Tube,HSS,,augmented
TS5.500X0.375,HSS,,augmented
HSS5.500X0.375,HSS,,original
TS 5.500X0.375,HSS,,augmented
HSS 5.500X0.375,HSS,,original
HSS-5.500X0.375,HSS,,augmented
HSS_5.500X0.375,HSS,,augmented
HSS5.500 X 0.375,HSS,,original
HSS 5.500 X 0.375,HSS,,original
HSS HSS5.500X0.375,HSS,,augmented
HSS-HSS5.500X0.375,HSS,,augmented
HSS5.500X0.375 HSS,HSS,,augmented
HSS5.500X0.375 A500,HSS,,augmented
HSS5.500X0.375 Tube,HSS,,augmented
TS5.500X0.258,HSS,,augmented
HSS5.500X0.258,HSS,,original
TS 5.500X0.258,HSS,,augmented
HSS 5.500X0.258,HSS,,original
HSS-5.500X0.258,HSS,,augmented
HSS_5.500X0.258,HSS,,augmented
HSS5.500 X 0.258,HSS,,original
HSS 5.500 X 0.258,HSS,,original
HSS HSS5.500X0.258,HSS,,augmented
HSS-HSS5.500X0.258,HSS,,augmented
HSS5.500X0.258 HSS,HSS,,augmented
HSS5.500X0.258 A500,HSS,,augmented
HSS5.500X0.258 Tube,HSS,,augmented
TS5.000X0.500,HSS,,augmented
HSS5.000X0.500,HSS,,original
TS 5.000X0.500,HSS,,augmented
HSS 5.000X0.500,HSS,,original
HSS-5.000X0.500,HSS,,augmented
HSS_5.000X0.500,HSS,,augmented
HSS5.000 X 0.500,HSS,,original
HSS 5.000 X 0.500,HSS,,original
HSS HSS5.000X0.500,HSS,,augmented
HSS-HSS5.000X0.500,HSS,,augmented
HSS5.000X0.500 HSS,HSS,,augmented
HSS5.000X0.500 A500,HSS,,augmented
HSS5.000X0.500 Tube,HSS,,augmented
TS5.000X0.375,HSS,,augmented
HSS5.000X0.375,HSS,,original
TS 5.000X0.375,HSS,,augmented
HSS 5.000X0.375,HSS,,original
HSS-5.000X0.375,HSS,,augmented
HSS_5.000X0.375,HSS,,augmented
HSS5.000 X 0.375,HSS,,original
HSS 5.000 X 0.375,HSS,,original
HSS HSS5.000X0.375,HSS,,augmented
HSS-HSS5.000X0.375,HSS,,augmented
HSS5.000X0.375 HSS,HSS,,augmented
HSS5.000X0.375 A500,HSS,,augmented
HSS5.000X0.375 Tube,HSS,,augmented
TS5.000X0.312,HSS,,augmented
HSS5.000X0.312,HSS,,original
TS 5.000X0.312,HSS,,augmented
HSS 5.000X0.312,HSS,,original
HSS-5.000X0.312,HSS,,augmented
HSS_5.000X0.312,HSS,,augmented
HSS5.000 X 0.312,HSS,,original
HSS 5.000 X 0.312,HSS,,original
HSS HSS5.000X0.312,HSS,,augmented
HSS-HSS5.000X0.312,HSS,,augmented
HSS5.000X0.312 HSS,HSS,,augmented
HSS5.000X0.312 A500,HSS,,augmented
HSS5.000X0.312 Tube,HSS,,augmented
TS5.000X0.258,HSS,,augmented
HSS5.000X0.258,HSS,,original
TS 5.000X0.258,HSS,,augmented
HSS 5.000X0.258,HSS,,original
HSS-5.000X0.258,HSS,,augmented
HSS_5.000X0.258,HSS,,augmented
HSS5.000 X 0.258,HSS,,original
HSS 5.000 X 0.258,HSS,,original
HSS HSS5.000X0.258,HSS,,augmented
HSS-HSS5.000X0.258,HSS,,augmented
HSS5.000X0.258 HSS,HSS,,augmented
HSS5.000X0.258 A500,HSS,,augmented
HSS5.000X0.258 Tube,HSS,,augmented
TS5.000X0.250,HSS,,augmented
HSS5.000X0.250,HSS,,original
TS 5.000X0.250,HSS,,augmented
HSS 5.000X0.250,HSS,,original
HSS-5.000X0.250,HSS,,augmented
HSS_5.000X0.250,HSS,,augmented
HSS5.000 X 0.250,HSS,,original
HSS 5.000 X 0.250,HSS,,original
HSS HSS5.000X0.250,HSS,,augmented
HSS-HSS5.000X0.250,HSS,,augmented
HSS5.000X0.250 HSS,HSS,,augmented
HSS5.000X0.250 A500,HSS,,augmented
HSS5.000X0.250 Tube,HSS,,augmented
TS5.000X0.188,HSS,,augmented
HSS5.000X0.188,HSS,,original
TS 5.000X0.188,HSS,,augmented
HSS 5.000X0.188,HSS,,original
HSS-5.000X0.188,HSS,,augmented
HSS_5.000X0.188,HSS,,augmented
HSS5.000 X 0.188,HSS,,original
HSS 5.000 X 0.188,HSS,,original
HSS HSS5.000X0.188,HSS,,augmented
HSS-HSS5.000X0.188,HSS,,augmented
HSS5.000X0.188 HSS,HSS,,augmented
HSS5.000X0.188 A500,HSS,,augmented
HSS5.000X0.188 Tube,HSS,,augmented
TS5.000X0.125,HSS,,augmented
HSS5.000X0.125,HSS,,original
TS 5.000X0.125,HSS,,augmented
HSS 5.000X0.125,HSS,,original
HSS-5.000X0.125,HSS,,augmented
HSS_5.000X0.125,HSS,,augmented
HSS5.000 X 0.125,HSS,,original
HSS 5.000 X 0.125,HSS,,original
HSS HSS5.000X0.125,HSS,,augmented
HSS-HSS5.000X0.125,HSS,,augmented
HSS5.000X0.125 HSS,HSS,,augmented
HSS5.000X0.125 A500,HSS,,augmented
HSS5.000X0.125 Tube,HSS,,augmented
TS4.500X0.375,HSS,,augmented
HSS4.500X0.375,HSS,,original
TS 4.500X0.375,HSS,,augmented
HSS 4.500X0.375,HSS,,original
HSS-4.500X0.375,HSS,,augmented
HSS_4.500X0.375,HSS,,augmented
HSS4.500 X 0.375,HSS,,original
HSS 4.500 X 0.375,HSS,,original
HSS HSS4.500X0.375,HSS,,augmented
HSS-HSS4.500X0.375,HSS,,augmented
HSS4.500X0.375 HSS,HSS,,augmented
HSS4.500X0.375 A500,HSS,,augmented
HSS4.500X0.375 Tube,HSS,,augmented
TS4.500X0.337,HSS,,augmented
HSS4.500X0.337,HSS,,original
TS 4.500X0.337,HSS,,augmented
HSS 4.500X0.337,HSS,,original
HSS-4.500X0.337,HSS,,augmented
HSS_4.500X0.337,HSS,,augmented
HSS4.500 X 0.337,HSS,,original
HSS 4.500 X 0.337,HSS,,original
HSS HSS4.500X0.337,HSS,,augmented
HSS-HSS4.500X0.337,HSS,,augmented
HSS4.500X0.337 HSS,HSS,,augmented
HSS4.500X0.337 A500,HSS,,augmented
HSS4.500X0.337 Tube,HSS,,augmented
TS4.500X0.237,HSS,,augmented
HSS4.500X0.237,HSS,,original
TS 4.500X0.237,HSS,,augmented
HSS 4.500X0.237,HSS,,original
HSS-4.500X0.237,HSS,,augmented
HSS_4.500X0.237,HSS,,augmented
HSS4.500 X 0.237,HSS,,original
HSS 4.500 X 0.237,HSS,,original
HSS HSS4.500X0.237,HSS,,augmented
HSS-HSS4.500X0.237,HSS,,augmented
HSS4.500X0.237 HSS,HSS,,augmented
HSS4.500X0.237 A500,HSS,,augmented
HSS4.500X0.237 Tube,HSS,,augmented
TS4.500X0.188,HSS,,augmented
HSS4.500X0.188,HSS,,original
TS 4.500X0.188,HSS,,augmented
HSS 4.500X0.188,HSS,,original
HSS-4.500X0.188,HSS,,augmented
HSS_4.500X0.188,HSS,,augmented
HSS4.500 X 0.188,HSS,,original
HSS 4.500 X 0.188,HSS,,original
HSS HSS4.500X0.188,HSS,,augmented
HSS-HSS4.500X0.188,HSS,,augmented
HSS4.500X0.188 HSS,HSS,,augmented
HSS4.500X0.188 A500,HSS,,augmented
HSS4.500X0.188 Tube,HSS,,augmented
TS4.500X0.125,HSS,,augmented
HSS4.500X0.125,HSS,,original
TS 4.500X0.125,HSS,,augmented
HSS 4.500X0.125,HSS,,original
HSS-4.500X0.125,HSS,,augmented
HSS_4.500X0.125,HSS,,augmented
HSS4.500 X 0.125,HSS,,original
HSS 4.500 X 0.125,HSS,,original
HSS HSS4.500X0.125,HSS,,augmented
HSS-HSS4.500X0.125,HSS,,augmented
HSS4.500X0.125 HSS,HSS,,augmented
HSS4.500X0.125 A500,HSS,,augmented
HSS4.500X0.125 Tube,HSS,,augmented
TS4.000X0.313,HSS,,augmented
HSS4.000X0.313,HSS,,original
TS 4.000X0.313,HSS,,augmented
HSS 4.000X0.313,HSS,,original
HSS-4.000X0.313,HSS,,augmented
HSS_4.000X0.313,HSS,,augmented
HSS4.000 X 0.313,HSS,,original
HSS 4.000 X 0.313,HSS,,original
HSS HSS4.000X0.313,HSS,,augmented
HSS-HSS4.000X0.313,HSS,,augmented
HSS4.000X0.313 HSS,HSS,,augmented
HSS4.000X0.313 A500,HSS,,augmented
HSS4.000X0.313 Tube,HSS,,augmented
TS4.000X0.250,HSS,,augmented
HSS4.000X0.250,HSS,,original
TS 4.000X0.250,HSS,,augmented
HSS 4.000X0.250,HSS,,original
HSS-4.000X0.250,HSS,,augmented
HSS_4.000X0.250,HSS,,augmented
HSS4.000 X 0.250,HSS,,original
HSS 4.000 X 0.250,HSS,,original
HSS HSS4.000X0.250,HSS,,augmented
HSS-HSS4.000X0.250,HSS,,augmented
HSS4.000X0.250 HSS,HSS,,augmented
HSS4.000X0.250 A500,HSS,,augmented
HSS4.000X0.250 Tube,HSS,,augmented
TS4.000X0.237,HSS,,augmented
HSS4.000X0.237,HSS,,original
TS 4.000X0.237,HSS,,augmented
HSS 4.000X0.237,HSS,,original
HSS-4.000X0.237,HSS,,augmented
HSS_4.000X0.237,HSS,,augmented
HSS4.000 X 0.237,HSS,,original
HSS 4.000 X 0.237,HSS,,original
HSS HSS4.000X0.237,HSS,,augmented
HSS-HSS4.000X0.237,HSS,,augmented
HSS4.000X0.237 HSS,HSS,,augmented
HSS4.000X0.237 A500,HSS,,augmented
HSS4.000X0.237 Tube,HSS,,augmented
TS4.000X0.226,HSS,,augmented
HSS4.000X0.226,HSS,,original
TS 4.000X0.226,HSS,,augmented
HSS 4.000X0.226,HSS,,original
HSS-4.000X0.226,HSS,,augmented
HSS_4.000X0.226,HSS,,augmented
HSS4.000 X 0.226,HSS,,original
HSS 4.000 X 0.226,HSS,,original
HSS HSS4.000X0.226,HSS,,augmented
HSS-HSS4.000X0.226,HSS,,augmented
HSS4.000X0.226 HSS,HSS,,augmented
HSS4.000X0.226 A500,HSS,,augmented
HSS4.000X0.226 Tube,HSS,,augmented
TS4.000X0.220,HSS,,augmented
HSS4.000X0.220,HSS,,original
TS 4.000X0.220,HSS,,augmented
HSS 4.000X0.220,HSS,,original
HSS-4.000X0.220,HSS,,augmented
HSS_4.000X0.220,HSS,,augmented
HSS4.000 X 0.220,HSS,,original
HSS 4.000 X 0.220,HSS,,original
HSS HSS4.000X0.220,HSS,,augmented
HSS-HSS4.000X0.220,HSS,,augmented
HSS4.000X0.220 HSS,HSS,,augmented
HSS4.000X0.220 A500,HSS,,augmented
HSS4.000X0.220 Tube,HSS,,augmented
TS4.000X0.188,HSS,,augmented
HSS4.000X0.188,HSS,,original
TS 4.000X0.188,HSS,,augmented
HSS 4.000X0.188,HSS,,original
HSS-4.000X0.188,HSS,,augmented
HSS_4.000X0.188,HSS,,augmented
HSS4.000 X 0.188,HSS,,original
HSS 4.000 X 0.188,HSS,,original
HSS HSS4.000X0.188,HSS,,augmented
HSS-HSS4.000X0.188,HSS,,augmented
HSS4.000X0.188 HSS,HSS,,augmented
HSS4.000X0.188 A500,HSS,,augmented
HSS4.000X0.188 Tube,HSS,,augmented
TS4.000X0.125,HSS,,augmented
HSS4.000X0.125,HSS,,original
TS 4.000X0.125,HSS,,augmented
HSS 4.000X0.125,HSS,,original
HSS-4.000X0.125,HSS,,augmented
HSS_4.000X0.125,HSS,,augmented
HSS4.000 X 0.125,HSS,,original
HSS 4.000 X 0.125,HSS,,original
HSS HSS4.000X0.125,HSS,,augmented
HSS-HSS4.000X0.125,HSS,,augmented
HSS4.000X0.125 HSS,HSS,,augmented
HSS4.000X0.125 A500,HSS,,augmented
HSS4.000X0.125 Tube,HSS,,augmented
TS3.500X0.313,HSS,,augmented
HSS3.500X0.313,HSS,,original
TS 3.500X0.313,HSS,,augmented
HSS 3.500X0.313,HSS,,original
HSS-3.500X0.313,HSS,,augmented
HSS_3.500X0.313,HSS,,augmented
HSS3.500 X 0.313,HSS,,original
HSS 3.500 X 0.313,HSS,,original
HSS HSS3.500X0.313,HSS,,augmented
HSS-HSS3.500X0.313,HSS,,augmented
HSS3.500X0.313 HSS,HSS,,augmented
HSS3.500X0.313 A500,HSS,,augmented
HSS3.500X0.313 Tube,HSS,,augmented
TS3.500X0.300,HSS,,augmented
HSS3.500X0.300,HSS,,original
TS 3.500X0.300,HSS,,augmented
HSS 3.500X0.300,HSS,,original
HSS-3.500X0.300,HSS,,augmented
HSS_3.500X0.300,HSS,,augmented
HSS3.500 X 0.300,HSS,,original
HSS 3.500 X 0.300,HSS,,original
HSS HSS3.500X0.300,HSS,,augmented
HSS-HSS3.500X0.300,HSS,,augmented
HSS3.500X0.300 HSS,HSS,,augmented
HSS3.500X0.300 A500,HSS,,augmented
HSS3.500X0.300 Tube,HSS,,augmented
TS3.500X0.250,HSS,,augmented
HSS3.500X0.250,HSS,,original
TS 3.500X0.250,HSS,,augmented
HSS 3.500X0.250,HSS,,original
HSS-3.500X0.250,HSS,,augmented
HSS_3.500X0.250,HSS,,augmented
HSS3.500 X 0.250,HSS,,original
HSS 3.500 X 0.250,HSS,,original
HSS HSS3.500X0.250,HSS,,augmented
HSS-HSS3.500X0.250,HSS,,augmented
HSS3.500X0.250 HSS,HSS,,augmented
HSS3.500X0.250 A500,HSS,,augmented
HSS3.500X0.250 Tube,HSS,,augmented
TS3.500X0.216,HSS,,augmented
HSS3.500X0.216,HSS,,original
TS 3.500X0.216,HSS,,augmented
HSS 3.500X0.216,HSS,,original
HSS-3.500X0.216,HSS,,augmented
HSS_3.500X0.216,HSS,,augmented
HSS3.500 X 0.216,HSS,,original
HSS 3.500 X 0.216,HSS,,original
HSS HSS3.500X0.216,HSS,,augmented
HSS-HSS3.500X0.216,HSS,,augmented
HSS3.500X0.216 HSS,HSS,,augmented
HSS3.500X0.216 A500,HSS,,augmented
HSS3.500X0.216 Tube,HSS,,augmented
TS3.500X0.203,HSS,,augmented
HSS3.500X0.203,HSS,,original
TS 3.500X0.203,HSS,,augmented
HSS 3.500X0.203,HSS,,original
HSS-3.500X0.203,HSS,,augmented
HSS_3.500X0.203,HSS,,augmented
HSS3.500 X 0.203,HSS,,original
HSS 3.500 X 0.203,HSS,,original
HSS HSS3.500X0.203,HSS,,augmented
HSS-HSS3.500X0.203,HSS,,augmented
HSS3.500X0.203 HSS,HSS,,augmented
HSS3.500X0.203 A500,HSS,,augmented
HSS3.500X0.203 Tube,HSS,,augmented
TS3.500X0.188,HSS,,augmented
HSS3.500X0.188,HSS,,original
TS 3.500X0.188,HSS,,augmented
HSS 3.500X0.188,HSS,,original
HSS-3.500X0.188,HSS,,augmented
HSS_3.500X0.188,HSS,,augmented
HSS3.500 X 0.188,HSS,,original
HSS 3.500 X 0.188,HSS,,original
HSS HSS3.500X0.188,HSS,,augmented
HSS-HSS3.500X0.188,HSS,,augmented
HSS3.500X0.188 HSS,HSS,,augmented
HSS3.500X0.188 A500,HSS,,augmented
HSS3.500X0.188 Tube,HSS,,augmented
TS3.500X0.125,HSS,,augmented
HSS3.500X0.125,HSS,,original
TS 3.500X0.125,HSS,,augmented
HSS 3.500X0.125,HSS,,original
HSS-3.500X0.125,HSS,,augmented
HSS_3.500X0.125,HSS,,augmented
HSS3.500 X 0.125,HSS,,original
HSS 3.500 X 0.125,HSS,,original
HSS HSS3.500X0.125,HSS,,augmented
HSS-HSS3.500X0.125,HSS,,augmented
HSS3.500X0.125 HSS,HSS,,augmented
HSS3.500X0.125 A500,HSS,,augmented
HSS3.500X0.125 Tube,HSS,,augmented
TS3.000X0.250,HSS,,augmented
HSS3.000X0.250,HSS,,original
TS 3.000X0.250,HSS,,augmented
HSS 3.000X0.250,HSS,,original
HSS-3.000X0.250,HSS,,augmented
HSS_3.000X0.250,HSS,,augmented
HSS3.000 X 0.250,HSS,,original
HSS 3.000 X 0.250,HSS,,original
HSS HSS3.000X0.250,HSS,,augmented
HSS-HSS3.000X0.250,HSS,,augmented
HSS3.000X0.250 HSS,HSS,,augmented
HSS3.000X0.250 A500,HSS,,augmented
HSS3.000X0.250 Tube,HSS,,augmented
TS3.000X0.216,HSS,,augmented
HSS3.000X0.216,HSS,,original
TS 3.000X0.216,HSS,,augmented
HSS 3.000X0.216,HSS,,original
HSS-3.000X0.216,HSS,,augmented
HSS_3.000X0.216,HSS,,augmented
HSS3.000 X 0.216,HSS,,original
HSS 3.000 X 0.216,HSS,,original
HSS HSS3.000X0.216,HSS,,augmented
HSS-HSS3.000X0.216,HSS,,augmented
HSS3.000X0.216 HSS,HSS,,augmented
HSS3.000X0.216 A500,HSS,,augmented
HSS3.000X0.216 Tube,HSS,,augmented
TS3.000X0.203,HSS,,augmented
HSS3.000X0.203,HSS,,original
TS 3.000X0.203,HSS,,augmented
HSS 3.000X0.203,HSS,,original
HSS-3.000X0.203,HSS,,augmented
HSS_3.000X0.203,HSS,,augmented
HSS3.000 X 0.203,HSS,,original
HSS 3.000 X 0.203,HSS,,original
HSS HSS3.000X0.203,HSS,,augmented
HSS-HSS3.000X0.203,HSS,,augmented
HSS3.000X0.203 HSS,HSS,,augmented
HSS3.000X0.203 A500,HSS,,augmented
HSS3.000X0.203 Tube,HSS,,augmented
TS3.000X0.188,HSS,,augmented
HSS3.000X0.188,HSS,,original
TS 3.000X0.188,HSS,,augmented
HSS 3.000X0.188,HSS,,original
HSS-3.000X0.188,HSS,,augmented
HSS_3.000X0.188,HSS,,augmented
HSS3.000 X 0.188,HSS,,original
HSS 3.000 X 0.188,HSS,,original
HSS HSS3.000X0.188,HSS,,augmented
HSS-HSS3.000X0.188,HSS,,augmented
HSS3.000X0.188 HSS,HSS,,augmented
HSS3.000X0.188 A500,HSS,,augmented
HSS3.000X0.188 Tube,HSS,,augmented
TS3.000X0.152,HSS,,augmented
HSS3.000X0.152,HSS,,original
TS 3.000X0.152,HSS,,augmented
HSS 3.000X0.152,HSS,,original
HSS-3.000X0.152,HSS,,augmented
HSS_3.000X0.152,HSS,,augmented
HSS3.000 X 0.152,HSS,,original
HSS 3.000 X 0.152,HSS,,original
HSS HSS3.000X0.152,HSS,,augmented
HSS-HSS3.000X0.152,HSS,,augmented
HSS3.000X0.152 HSS,HSS,,augmented
HSS3.000X0.152 A500,HSS,,augmented
HSS3.000X0.152 Tube,HSS,,augmented
TS3.000X0.134,HSS,,augmented
HSS3.000X0.134,HSS,,original
TS 3.000X0.134,HSS,,augmented
HSS 3.000X0.134,HSS,,original
HSS-3.000X0.134,HSS,,augmented
HSS_3.000X0.134,HSS,,augmented
HSS3.000 X 0.134,HSS,,original
HSS 3.000 X 0.134,HSS,,original
HSS HSS3.000X0.134,HSS,,augmented
HSS-HSS3.000X0.134,HSS,,augmented
HSS3.000X0.134 HSS,HSS,,augmented
HSS3.000X0.134 A500,HSS,,augmented
HSS3.000X0.134 Tube,HSS,,augmented
TS3.000X0.125,HSS,,augmented
HSS3.000X0.125,HSS,,original
TS 3.000X0.125,HSS,,augmented
HSS 3.000X0.125,HSS,,original
HSS-3.000X0.125,HSS,,augmented
HSS_3.000X0.125,HSS,,augmented
HSS3.000 X 0.125,HSS,,original
HSS 3.000 X 0.125,HSS,,original
HSS HSS3.000X0.125,HSS,,augmented
HSS-HSS3.000X0.125,HSS,,augmented
HSS3.000X0.125 HSS,HSS,,augmented
HSS3.000X0.125 A500,HSS,,augmented
HSS3.000X0.125 Tube,HSS,,augmented
TS2.875X0.250,HSS,,augmented
HSS2.875X0.250,HSS,,original
TS 2.875X0.250,HSS,,augmented
HSS 2.875X0.250,HSS,,original
HSS-2.875X0.250,HSS,,augmented
HSS_2.875X0.250,HSS,,augmented
HSS2.875 X 0.250,HSS,,original
HSS 2.875 X 0.250,HSS,,original
HSS HSS2.875X0.250,HSS,,augmented
HSS-HSS2.875X0.250,HSS,,augmented
HSS2.875X0.250 HSS,HSS,,augmented
HSS2.875X0.250 A500,HSS,,augmented
HSS2.875X0.250 Tube,HSS,,augmented
TS2.875X0.203,HSS,,augmented
HSS2.875X0.203,HSS,,original
TS 2.875X0.203,HSS,,augmented
HSS 2.875X0.203,HSS,,original
HSS-2.875X0.203,HSS,,augmented
HSS_2.875X0.203,HSS,,augmented
HSS2.875 X 0.203,HSS,,original
HSS 2.875 X 0.203,HSS,,original
HSS HSS2.875X0.203,HSS,,augmented
HSS-HSS2.875X0.203,HSS,,augmented
HSS2.875X0.203 HSS,HSS,,augmented
HSS2.875X0.203 A500,HSS,,augmented
HSS2.875X0.203 Tube,HSS,,augmented
TS2.875X0.188,HSS,,augmented
HSS2.875X0.188,HSS,,original
TS 2.875X0.188,HSS,,augmented
HSS 2.875X0.188,HSS,,original
HSS-2.875X0.188,HSS,,augmented
HSS_2.875X0.188,HSS,,augmented
HSS2.875 X 0.188,HSS,,original
HSS 2.875 X 0.188,HSS,,original
HSS HSS2.875X0.188,HSS,,augmented
HSS-HSS2.875X0.188,HSS,,augmented
HSS2.875X0.188 HSS,HSS,,augmented
HSS2.875X0.188 A500,HSS,,augmented
HSS2.875X0.188 Tube,HSS,,augmented
TS2.875X0.125,HSS,,augmented
HSS2.875X0.125,HSS,,original
TS 2.875X0.125,HSS,,augmented
HSS 2.875X0.125,HSS,,original
HSS-2.875X0.125,HSS,,augmented
HSS_2.875X0.125,HSS,,augmented
HSS2.875 X 0.125,HSS,,original
HSS 2.875 X 0.125,HSS,,original
HSS HSS2.875X0.125,HSS,,augmented
HSS-HSS2.875X0.125,HSS,,augmented
HSS2.875X0.125 HSS,HSS,,augmented
HSS2.875X0.125 A500,HSS,,augmented
HSS2.875X0.125 Tube,HSS,,augmented
TS2.500X0.250,HSS,,augmented
HSS2.500X0.250,HSS,,original
TS 2.500X0.250,HSS,,augmented
HSS 2.500X0.250,HSS,,original
HSS-2.500X0.250,HSS,,augmented
HSS_2.500X0.250,HSS,,augmented
HSS2.500 X 0.250,HSS,,original
HSS 2.500 X 0.250,HSS,,original
HSS HSS2.500X0.250,HSS,,augmented
HSS-HSS2.500X0.250,HSS,,augmented
HSS2.500X0.250 HSS,HSS,,augmented
HSS2.500X0.250 A500,HSS,,augmented
HSS2.500X0.250 Tube,HSS,,augmented
TS2.500X0.188,HSS,,augmented
HSS2.500X0.188,HSS,,original
TS 2.500X0.188,HSS,,augmented
HSS 2.500X0.188,HSS,,original
HSS-2.500X0.188,HSS,,augmented
HSS_2.500X0.188,HSS,,augmented
HSS2.500 X 0.188,HSS,,original
HSS 2.500 X 0.188,HSS,,original
HSS HSS2.500X0.188,HSS,,augmented
HSS-HSS2.500X0.188,HSS,,augmented
HSS2.500X0.188 HSS,HSS,,augmented
HSS2.500X0.188 A500,HSS,,augmented
HSS2.500X0.188 Tube,HSS,,augmented
TS2.500X0.125,HSS,,augmented
HSS2.500X0.125,HSS,,original
TS 2.500X0.125,HSS,,augmented
HSS 2.500X0.125,HSS,,original
HSS-2.500X0.125,HSS,,augmented
HSS_2.500X0.125,HSS,,augmented
HSS2.500 X 0.125,HSS,,original
HSS 2.500 X 0.125,HSS,,original
HSS HSS2.500X0.125,HSS,,augmented
HSS-HSS2.500X0.125,HSS,,augmented
HSS2.500X0.125 HSS,HSS,,augmented
HSS2.500X0.125 A500,HSS,,augmented
HSS2.500X0.125 Tube,HSS,,augmented
TS2.375X0.250,HSS,,augmented
HSS2.375X0.250,HSS,,original
TS 2.375X0.250,HSS,,augmented
HSS 2.375X0.250,HSS,,original
HSS-2.375X0.250,HSS,,augmented
HSS_2.375X0.250,HSS,,augmented
HSS2.375 X 0.250,HSS,,original
HSS 2.375 X 0.250,HSS,,original
HSS HSS2.375X0.250,HSS,,augmented
HSS-HSS2.375X0.250,HSS,,augmented
HSS2.375X0.250 HSS,HSS,,augmented
HSS2.375X0.250 A500,HSS,,augmented
HSS2.375X0.250 Tube,HSS,,augmented
TS2.375X0.218,HSS,,augmented
HSS2.375X0.218,HSS,,original
TS 2.375X0.218,HSS,,augmented
HSS 2.375X0.218,HSS,,original
HSS-2.375X0.218,HSS,,augmented
HSS_2.375X0.218,HSS,,augmented
HSS2.375 X 0.218,HSS,,original
HSS 2.375 X 0.218,HSS,,original
HSS HSS2.375X0.218,HSS,,augmented
HSS-HSS2.375X0.218,HSS,,augmented
HSS2.375X0.218 HSS,HSS,,augmented
HSS2.375X0.218 A500,HSS,,augmented
HSS2.375X0.218 Tube,HSS,,augmented
TS2.375X0.188,HSS,,augmented
HSS2.375X0.188,HSS,,original
TS 2.375X0.188,HSS,,augmented
HSS 2.375X0.188,HSS,,original
HSS-2.375X0.188,HSS,,augmented
HSS_2.375X0.188,HSS,,augmented
HSS2.375 X 0.188,HSS,,original
HSS 2.375 X 0.188,HSS,,original
HSS HSS2.375X0.188,HSS,,augmented
HSS-HSS2.375X0.188,HSS,,augmented
HSS2.375X0.188 HSS,HSS,,augmented
HSS2.375X0.188 A500,HSS,,augmented
HSS2.375X0.188 Tube,HSS,,augmented
TS2.375X0.154,HSS,,augmented
HSS2.375X0.154,HSS,,original
TS 2.375X0.154,HSS,,augmented
HSS 2.375X0.154,HSS,,original
HSS-2.375X0.154,HSS,,augmented
HSS_2.375X0.154,HSS,,augmented
HSS2.375 X 0.154,HSS,,original
HSS 2.375 X 0.154,HSS,,original
HSS HSS2.375X0.154,HSS,,augmented
HSS-HSS2.375X0.154,HSS,,augmented
HSS2.375X0.154 HSS,HSS,,augmented
HSS2.375X0.154 A500,HSS,,augmented
HSS2.375X0.154 Tube,HSS,,augmented
TS2.375X0.125,HSS,,augmented
HSS2.375X0.125,HSS,,original
TS 2.375X0.125,HSS,,augmented
HSS 2.375X0.125,HSS,,original
HSS-2.375X0.125,HSS,,augmented
HSS_2.375X0.125,HSS,,augmented
HSS2.375 X 0.125,HSS,,original
HSS 2.375 X 0.125,HSS,,original
HSS HSS2.375X0.125,HSS,,augmented
HSS-HSS2.375X0.125,HSS,,augmented
HSS2.375X0.125 HSS,HSS,,augmented
HSS2.375X0.125 A500,HSS,,augmented
HSS2.375X0.125 Tube,HSS,,augmented
TS1.900X0.188,HSS,,augmented
HSS1.900X0.188,HSS,,original
TS 1.900X0.188,HSS,,augmented
HSS 1.900X0.188,HSS,,original
HSS-1.900X0.188,HSS,,augmented
HSS_1.900X0.188,HSS,,augmented
HSS1.900 X 0.188,HSS,,original
HSS 1.900 X 0.188,HSS,,original
HSS HSS1.900X0.188,HSS,,augmented
HSS-HSS1.900X0.188,HSS,,augmented
HSS1.900X0.188 HSS,HSS,,augmented
HSS1.900X0.188 A500,HSS,,augmented
HSS1.900X0.188 Tube,HSS,,augmented
TS1.900X0.145,HSS,,augmented
HSS1.900X0.145,HSS,,original
TS 1.900X0.145,HSS,,augmented
HSS 1.900X0.145,HSS,,original
HSS-1.900X0.145,HSS,,augmented
HSS_1.900X0.145,HSS,,augmented
HSS1.900 X 0.145,HSS,,original
HSS 1.900 X 0.145,HSS,,original
HSS HSS1.900X0.145,HSS,,augmented
HSS-HSS1.900X0.145,HSS,,augmented
HSS1.900X0.145 HSS,HSS,,augmented
HSS1.900X0.145 A500,HSS,,augmented
HSS1.900X0.145 Tube,HSS,,augmented
TS1.900X0.120,HSS,,augmented
HSS1.900X0.120,HSS,,original
TS 1.900X0.120,HSS,,augmented
HSS 1.900X0.120,HSS,,original
HSS-1.900X0.120,HSS,,augmented
HSS_1.900X0.120,HSS,,augmented
HSS1.900 X 0.120,HSS,,original
HSS 1.900 X 0.120,HSS,,original
HSS HSS1.900X0.120,HSS,,augmented
HSS-HSS1.900X0.120,HSS,,augmented
HSS1.900X0.120 HSS,HSS,,augmented
HSS1.900X0.120 A500,HSS,,augmented
HSS1.900X0.120 Tube,HSS,,augmented
TS1.660X0.140,HSS,,augmented
HSS1.660X0.140,HSS,,original
TS 1.660X0.140,HSS,,augmented
HSS 1.660X0.140,HSS,,original
HSS-1.660X0.140,HSS,,augmented
HSS_1.660X0.140,HSS,,augmented
HSS1.660 X 0.140,HSS,,original
HSS 1.660 X 0.140,HSS,,original
HSS HSS1.660X0.140,HSS,,augmented
HSS-HSS1.660X0.140,HSS,,augmented
HSS1.660X0.140 HSS,HSS,,augmented
HSS1.660X0.140 A500,HSS,,augmented
HSS1.660X0.140 Tube,HSS,,augmented
P 26STD,PIPE,,augmented
PIPE26STD,PIPE,,original
PIPE 26STD,PIPE,,original
PIPE-26STD,PIPE,,augmented
PIPE_26STD,PIPE,,augmented
PIPE26STD A53,PIPE,,augmented
Pipe PIPE26STD,PIPE,,augmented
Pipe-PIPE26STD,PIPE,,augmented
PIPE26STD Pipe,PIPE,,augmented
Pipe PIPE26STD A53,PIPE,,augmented
PIPE26STD ASTM A53,PIPE,,augmented
PIPE26STD STD Pipe,PIPE,,augmented
P 24STD,PIPE,,augmented
PIPE24STD,PIPE,,original
PIPE 24STD,PIPE,,original
PIPE-24STD,PIPE,,augmented
PIPE_24STD,PIPE,,augmented
PIPE24STD A53,PIPE,,augmented
Pipe PIPE24STD,PIPE,,augmented
Pipe-PIPE24STD,PIPE,,augmented
PIPE24STD Pipe,PIPE,,augmented
Pipe PIPE24STD A53,PIPE,,augmented
PIPE24STD ASTM A53,PIPE,,augmented
PIPE24STD STD Pipe,PIPE,,augmented
P 20STD,PIPE,,augmented
PIPE20STD,PIPE,,original
PIPE 20STD,PIPE,,original
PIPE-20STD,PIPE,,augmented
PIPE_20STD,PIPE,,augmented
PIPE20STD A53,PIPE,,augmented
Pipe PIPE20STD,PIPE,,augmented
Pipe-PIPE20STD,PIPE,,augmented
PIPE20STD Pipe,PIPE,,augmented
Pipe PIPE20STD A53,PIPE,,augmented
PIPE20STD ASTM A53,PIPE,,augmented
PIPE20STD STD Pipe,PIPE,,augmented
P 18STD,PIPE,,augmented
PIPE18STD,PIPE,,original
PIPE 18STD,PIPE,,original
PIPE-18STD,PIPE,,augmented
PIPE_18STD,PIPE,,augmented
PIPE18STD A53,PIPE,,augmented
Pipe PIPE18STD,PIPE,,augmented
Pipe-PIPE18STD,PIPE,,augmented
PIPE18STD Pipe,PIPE,,augmented
Pipe PIPE18STD A53,PIPE,,augmented
PIPE18STD ASTM A53,PIPE,,augmented
PIPE18STD STD Pipe,PIPE,,augmented
P 16STD,PIPE,,augmented
PIPE16STD,PIPE,,original
PIPE 16STD,PIPE,,original
PIPE-16STD,PIPE,,augmented
PIPE_16STD,PIPE,,augmented
PIPE16STD A53,PIPE,,augmented
Pipe PIPE16STD,PIPE,,augmented
Pipe-PIPE16STD,PIPE,,augmented
PIPE16STD Pipe,PIPE,,augmented
Pipe PIPE16STD A53,PIPE,,augmented
PIPE16STD ASTM A53,PIPE,,augmented
PIPE16STD STD Pipe,PIPE,,augmented
P 14STD,PIPE,,augmented
PIPE14STD,PIPE,,original
PIPE 14STD,PIPE,,original
PIPE-14STD,PIPE,,augmented
PIPE_14STD,PIPE,,augmented
PIPE14STD A53,PIPE,,augmented
Pipe PIPE14STD,PIPE,,augmented
Pipe-PIPE14STD,PIPE,,augmented
PIPE14STD Pipe,PIPE,,augmented
Pipe PIPE14STD A53,PIPE,,augmented
PIPE14STD ASTM A53,PIPE,,augmented
PIPE14STD STD Pipe,PIPE,,augmented
P 12STD,PIPE,,augmented
PIPE12STD,PIPE,,original
PIPE 12STD,PIPE,,original
PIPE-12STD,PIPE,,augmented
PIPE_12STD,PIPE,,augmented
PIPE12STD A53,PIPE,,augmented
Pipe PIPE12STD,PIPE,,augmented
Pipe-PIPE12STD,PIPE,,augmented
PIPE12STD Pipe,PIPE,,augmented
Pipe PIPE12STD A53,PIPE,,augmented
PIPE12STD ASTM A53,PIPE,,augmented
PIPE12STD STD Pipe,PIPE,,augmented
P 10STD,PIPE,,augmented
PIPE10STD,PIPE,,original
PIPE 10STD,PIPE,,original
PIPE-10STD,PIPE,,augmented
PIPE_10STD,PIPE,,augmented
PIPE10STD A53,PIPE,,augmented
Pipe PIPE10STD,PIPE,,augmented
Pipe-PIPE10STD,PIPE,,augmented
PIPE10STD Pipe,PIPE,,augmented
Pipe PIPE10STD A53,PIPE,,augmented
PIPE10STD ASTM A53,PIPE,,augmented
PIPE10STD STD Pipe,PIPE,,augmented
P 8STD,PIPE,,augmented
PIPE8STD,PIPE,,original
PIPE 8STD,PIPE,,original
PIPE-8STD,PIPE,,augmented
PIPE_8STD,PIPE,,augmented
PIPE8STD A53,PIPE,,augmented
Pipe PIPE8STD,PIPE,,augmented
Pipe-PIPE8STD,PIPE,,augmented
PIPE8STD Pipe,PIPE,,augmented
Pipe PIPE8STD A53,PIPE,,augmented
PIPE8STD ASTM A53,PIPE,,augmented
PIPE8STD STD Pipe,PIPE,,augmented
P 6STD,PIPE,,augmented
PIPE6STD,PIPE,,original
PIPE 6STD,PIPE,,original
PIPE-6STD,PIPE,,augmented
PIPE_6STD,PIPE,,augmented
PIPE6STD A53,PIPE,,augmented
Pipe PIPE6STD,PIPE,,augmented
Pipe-PIPE6STD,PIPE,,augmented
PIPE6STD Pipe,PIPE,,augmented
Pipe PIPE6STD A53,PIPE,,augmented
PIPE6STD ASTM A53,PIPE,,augmented
PIPE6STD STD Pipe,PIPE,,augmented
P 5STD,PIPE,,augmented
PIPE5STD,PIPE,,original
PIPE 5STD,PIPE,,original
PIPE-5STD,PIPE,,augmented
PIPE_5STD,PIPE,,augmented
PIPE5STD A53,PIPE,,augmented
Pipe PIPE5STD,PIPE,,augmented
Pipe-PIPE5STD,PIPE,,augmented
PIPE5STD Pipe,PIPE,,augmented
Pipe PIPE5STD A53,PIPE,,augmented
PIPE5STD ASTM A53,PIPE,,augmented
PIPE5STD STD Pipe,PIPE,,augmented
P 4STD,PIPE,,augmented
PIPE4STD,PIPE,,original
PIPE 4STD,PIPE,,original
PIPE-4STD,PIPE,,augmented
PIPE_4STD,PIPE,,augmented
PIPE4STD A53,PIPE,,augmented
Pipe PIPE4STD,PIPE,,augmented
Pipe-PIPE4STD,PIPE,,augmented
PIPE4STD Pipe,PIPE,,augmented
Pipe PIPE4STD A53,PIPE,,augmented
PIPE4STD ASTM A53,PIPE,,augmented
PIPE4STD STD Pipe,PIPE,,augmented
P 3-1/2STD,PIPE,,augmented
PIPE3-1/2STD,PIPE,,original
PIPE 3-1/2STD,PIPE,,original
PIPE-3-1/2STD,PIPE,,augmented
PIPE_3-1/2STD,PIPE,,augmented
PIPE3-1/2STD A53,PIPE,,augmented
Pipe PIPE3-1/2STD,PIPE,,augmented
Pipe-PIPE3-1/2STD,PIPE,,augmented
PIPE3-1/2STD Pipe,PIPE,,augmented
Pipe PIPE3-1/2STD A53,PIPE,,augmented
PIPE3-1/2STD ASTM A53,PIPE,,augmented
PIPE3-1/2STD STD Pipe,PIPE,,augmented
P 3STD,PIPE,,augmented
PIPE3STD,PIPE,,original
PIPE 3STD,PIPE,,original
PIPE-3STD,PIPE,,augmented
PIPE_3STD,PIPE,,augmented
PIPE3STD A53,PIPE,,augmented
Pipe PIPE3STD,PIPE,,augmented
Pipe-PIPE3STD,PIPE,,augmented
PIPE3STD Pipe,PIPE,,augmented
Pipe PIPE3STD A53,PIPE,,augmented
PIPE3STD ASTM A53,PIPE,,augmented
PIPE3STD STD Pipe,PIPE,,augmented
P 2-1/2STD,PIPE,,augmented
PIPE2-1/2STD,PIPE,,original
PIPE 2-1/2STD,PIPE,,original
PIPE-2-1/2STD,PIPE,,augmented
PIPE_2-1/2STD,PIPE,,augmented
PIPE2-1/2STD A53,PIPE,,augmented
Pipe PIPE2-1/2STD,PIPE,,augmented
Pipe-PIPE2-1/2STD,PIPE,,augmented
PIPE2-1/2STD Pipe,PIPE,,augmented
Pipe PIPE2-1/2STD A53,PIPE,,augmented
PIPE2-1/2STD ASTM A53,PIPE,,augmented
PIPE2-1/2STD STD Pipe,PIPE,,augmented
P 2STD,PIPE,,augmented
PIPE2STD,PIPE,,original
PIPE 2STD,PIPE,,original
PIPE-2STD,PIPE,,augmented
PIPE_2STD,PIPE,,augmented
PIPE2STD A53,PIPE,,augmented
Pipe PIPE2STD,PIPE,,augmented
Pipe-PIPE2STD,PIPE,,augmented
PIPE2STD Pipe,PIPE,,augmented
Pipe PIPE2STD A53,PIPE,,augmented
PIPE2STD ASTM A53,PIPE,,augmented
PIPE2STD STD Pipe,PIPE,,augmented
P 1-1/2STD,PIPE,,augmented
PIPE1-1/2STD,PIPE,,original
PIPE 1-1/2STD,PIPE,,original
PIPE-1-1/2STD,PIPE,,augmented
PIPE_1-1/2STD,PIPE,,augmented
PIPE1-1/2STD A53,PIPE,,augmented
Pipe PIPE1-1/2STD,PIPE,,augmented
Pipe-PIPE1-1/2STD,PIPE,,augmented
PIPE1-1/2STD Pipe,PIPE,,augmented
Pipe PIPE1-1/2STD A53,PIPE,,augmented
PIPE1-1/2STD ASTM A53,PIPE,,augmented
PIPE1-1/2STD STD Pipe,PIPE,,augmented
P 1-1/4STD,PIPE,,augmented
PIPE1-1/4STD,PIPE,,original
PIPE 1-1/4STD,PIPE,,original
PIPE-1-1/4STD,PIPE,,augmented
PIPE_1-1/4STD,PIPE,,augmented
PIPE1-1/4STD A53,PIPE,,augmented
Pipe PIPE1-1/4STD,PIPE,,augmented
Pipe-PIPE1-1/4STD,PIPE,,augmented
PIPE1-1/4STD Pipe,PIPE,,augmented
Pipe PIPE1-1/4STD A53,PIPE,,augmented
PIPE1-1/4STD ASTM A53,PIPE,,augmented
PIPE1-1/4STD STD Pipe,PIPE,,augmented
P 1STD,PIPE,,augmented
PIPE1STD,PIPE,,original
PIPE 1STD,PIPE,,original
PIPE-1STD,PIPE,,augmented
PIPE_1STD,PIPE,,augmented
PIPE1STD A53,PIPE,,augmented
Pipe PIPE1STD,PIPE,,augmented
Pipe-PIPE1STD,PIPE,,augmented
PIPE1STD Pipe,PIPE,,augmented
Pipe PIPE1STD A53,PIPE,,augmented
PIPE1STD ASTM A53,PIPE,,augmented
PIPE1STD STD Pipe,PIPE,,augmented
P 3/4STD,PIPE,,augmented
PIPE3/4STD,PIPE,,original
PIPE 3/4STD,PIPE,,original
PIPE-3/4STD,PIPE,,augmented
PIPE_3/4STD,PIPE,,augmented
PIPE3/4STD A53,PIPE,,augmented
Pipe PIPE3/4STD,PIPE,,augmented
Pipe-PIPE3/4STD,PIPE,,augmented
PIPE3/4STD Pipe,PIPE,,augmented
Pipe PIPE3/4STD A53,PIPE,,augmented
PIPE3/4STD ASTM A53,PIPE,,augmented
PIPE3/4STD STD Pipe,PIPE,,augmented
P 1/2STD,PIPE,,augmented
PIPE1/2STD,PIPE,,original
PIPE 1/2STD,PIPE,,original
PIPE-1/2STD,PIPE,,augmented
PIPE_1/2STD,PIPE,,augmented
PIPE1/2STD A53,PIPE,,augmented
Pipe PIPE1/2STD,PIPE,,augmented
Pipe-PIPE1/2STD,PIPE,,augmented
PIPE1/2STD Pipe,PIPE,,augmented
Pipe PIPE1/2STD A53,PIPE,,augmented
PIPE1/2STD ASTM A53,PIPE,,augmented
PIPE1/2STD STD Pipe,PIPE,,augmented
P 26XS,PIPE,,augmented
PIPE26XS,PIPE,,original
PIPE 26XS,PIPE,,original
PIPE-26XS,PIPE,,augmented
PIPE_26XS,PIPE,,augmented
PIPE26 X S,PIPE,,original
PIPE 26 X S,PIPE,,original
PIPE26XS A53,PIPE,,augmented
Pipe PIPE26XS,PIPE,,augmented
Pipe-PIPE26XS,PIPE,,augmented
PIPE26XS Pipe,PIPE,,augmented
Pipe PIPE26XS A53,PIPE,,augmented
P 24XS,PIPE,,augmented
PIPE24XS,PIPE,,original
PIPE 24XS,PIPE,,original
PIPE-24XS,PIPE,,augmented
PIPE_24XS,PIPE,,augmented
PIPE24 X S,PIPE,,original
PIPE 24 X S,PIPE,,original
PIPE24XS A53,PIPE,,augmented
Pipe PIPE24XS,PIPE,,augmented
Pipe-PIPE24XS,PIPE,,augmented
PIPE24XS Pipe,PIPE,,augmented
Pipe PIPE24XS A53,PIPE,,augmented
P 20XS,PIPE,,augmented
PIPE20XS,PIPE,,original
PIPE 20XS,PIPE,,original
PIPE-20XS,PIPE,,augmented
PIPE_20XS,PIPE,,augmented
PIPE20 X S,PIPE,,original
PIPE 20 X S,PIPE,,original
PIPE20XS A53,PIPE,,augmented
Pipe PIPE20XS,PIPE,,augmented
Pipe-PIPE20XS,PIPE,,augmented
PIPE20XS Pipe,PIPE,,augmented
Pipe PIPE20XS A53,PIPE,,augmented
P 18XS,PIPE,,augmented
PIPE18XS,PIPE,,original
PIPE 18XS,PIPE,,original
PIPE-18XS,PIPE,,augmented
PIPE_18XS,PIPE,,augmented
PIPE18 X S,PIPE,,original
PIPE 18 X S,PIPE,,original
PIPE18XS A53,PIPE,,augmented
Pipe PIPE18XS,PIPE,,augmented
Pipe-PIPE18XS,PIPE,,augmented
PIPE18XS Pipe,PIPE,,augmented
Pipe PIPE18XS A53,PIPE,,augmented
P 16XS,PIPE,,augmented
PIPE16XS,PIPE,,original
PIPE 16XS,PIPE,,original
PIPE-16XS,PIPE,,augmented
PIPE_16XS,PIPE,,augmented
PIPE16 X S,PIPE,,original
PIPE 16 X S,PIPE,,original
PIPE16XS A53,PIPE,,augmented
Pipe PIPE16XS,PIPE,,augmented
Pipe-PIPE16XS,PIPE,,augmented
PIPE16XS Pipe,PIPE,,augmented
Pipe PIPE16XS A53,PIPE,,augmented
P 14XS,PIPE,,augmented
PIPE14XS,PIPE,,original
PIPE 14XS,PIPE,,original
PIPE-14XS,PIPE,,augmented
PIPE_14XS,PIPE,,augmented
PIPE14 X S,PIPE,,original
PIPE 14 X S,PIPE,,original
PIPE14XS A53,PIPE,,augmented
Pipe PIPE14XS,PIPE,,augmented
Pipe-PIPE14XS,PIPE,,augmented
PIPE14XS Pipe,PIPE,,augmented
Pipe PIPE14XS A53,PIPE,,augmented
P 12XS,PIPE,,augmented
PIPE12XS,PIPE,,original
PIPE 12XS,PIPE,,original
PIPE-12XS,PIPE,,augmented
PIPE_12XS,PIPE,,augmented
PIPE12 X S,PIPE,,original
PIPE 12 X S,PIPE,,original
PIPE12XS A53,PIPE,,augmented
Pipe PIPE12XS,PIPE,,augmented
Pipe-PIPE12XS,PIPE,,augmented
PIPE12XS Pipe,PIPE,,augmented
Pipe PIPE12XS A53,PIPE,,augmented
P 10XS,PIPE,,augmented
PIPE10XS,PIPE,,original
PIPE 10XS,PIPE,,original
PIPE-10XS,PIPE,,augmented
PIPE_10XS,PIPE,,augmented
PIPE10 X S,PIPE,,original
PIPE 10 X S,PIPE,,original
PIPE10XS A53,PIPE,,augmented
Pipe PIPE10XS,PIPE,,augmented
Pipe-PIPE10XS,PIPE,,augmented
PIPE10XS Pipe,PIPE,,augmented
Pipe PIPE10XS A53,PIPE,,augmented
P 8XS,PIPE,,augmented
PIPE8XS,PIPE,,original
PIPE 8XS,PIPE,,original
PIPE-8XS,PIPE,,augmented
PIPE_8XS,PIPE,,augmented
PIPE8 X S,PIPE,,original
PIPE 8 X S,PIPE,,original
PIPE8XS A53,PIPE,,augmented
Pipe PIPE8XS,PIPE,,augmented
Pipe-PIPE8XS,PIPE,,augmented
PIPE8XS Pipe,PIPE,,augmented
Pipe PIPE8XS A53,PIPE,,augmented
P 6XS,PIPE,,augmented
PIPE6XS,PIPE,,original
PIPE 6XS,PIPE,,original
PIPE-6XS,PIPE,,augmented
PIPE_6XS,PIPE,,augmented
PIPE6 X S,PIPE,,original
PIPE 6 X S,PIPE,,original
PIPE6XS A53,PIPE,,augmented
Pipe PIPE6XS,PIPE,,augmented
Pipe-PIPE6XS,PIPE,,augmented
PIPE6XS Pipe,PIPE,,augmented
Pipe PIPE6XS A53,PIPE,,augmented
P 5XS,PIPE,,augmented
PIPE5XS,PIPE,,original
PIPE 5XS,PIPE,,original
PIPE-5XS,PIPE,,augmented
PIPE_5XS,PIPE,,augmented
PIPE5 X S,PIPE,,original
PIPE 5 X S,PIPE,,original
PIPE5XS A53,PIPE,,augmented
Pipe PIPE5XS,PIPE,,augmented
Pipe-PIPE5XS,PIPE,,augmented
PIPE5XS Pipe,PIPE,,augmented
Pipe PIPE5XS A53,PIPE,,augmented
P 4XS,PIPE,,augmented
PIPE4XS,PIPE,,original
PIPE 4XS,PIPE,,original
PIPE-4XS,PIPE,,augmented
PIPE_4XS,PIPE,,augmented
PIPE4 X S,PIPE,,original
PIPE 4 X S,PIPE,,original
PIPE4XS A53,PIPE,,augmented
Pipe PIPE4XS,PIPE,,augmented
Pipe-PIPE4XS,PIPE,,augmented
PIPE4XS Pipe,PIPE,,augmented
Pipe PIPE4XS A53,PIPE,,augmented
P 3-1/2XS,PIPE,,augmented
PIPE3-1/2XS,PIPE,,original
PIPE 3-1/2XS,PIPE,,original
PIPE-3-1/2XS,PIPE,,augmented
PIPE_3-1/2XS,PIPE,,augmented
PIPE3-1/2 X S,PIPE,,original
PIPE 3-1/2 X S,PIPE,,original
PIPE3-1/2XS A53,PIPE,,augmented
Pipe PIPE3-1/2XS,PIPE,,augmented
Pipe-PIPE3-1/2XS,PIPE,,augmented
PIPE3-1/2XS Pipe,PIPE,,augmented
Pipe PIPE3-1/2XS A53,PIPE,,augmented
P 3XS,PIPE,,augmented
PIPE3XS,PIPE,,original
PIPE 3XS,PIPE,,original
PIPE-3XS,PIPE,,augmented
PIPE_3XS,PIPE,,augmented
PIPE3 X S,PIPE,,original
PIPE 3 X S,PIPE,,original
PIPE3XS A53,PIPE,,augmented
Pipe PIPE3XS,PIPE,,augmented
Pipe-PIPE3XS,PIPE,,augmented
PIPE3XS Pipe,PIPE,,augmented
Pipe PIPE3XS A53,PIPE,,augmented
P 2-1/2XS,PIPE,,augmented
PIPE2-1/2XS,PIPE,,original
PIPE 2-1/2XS,PIPE,,original
PIPE-2-1/2XS,PIPE,,augmented
PIPE_2-1/2XS,PIPE,,augmented
PIPE2-1/2 X S,PIPE,,original
PIPE 2-1/2 X S,PIPE,,original
PIPE2-1/2XS A53,PIPE,,augmented
Pipe PIPE2-1/2XS,PIPE,,augmented
Pipe-PIPE2-1/2XS,PIPE,,augmented
PIPE2-1/2XS Pipe,PIPE,,augmented
Pipe PIPE2-1/2XS A53,PIPE,,augmented
P 2XS,PIPE,,augmented
PIPE2XS,PIPE,,original
PIPE 2XS,PIPE,,original
PIPE-2XS,PIPE,,augmented
PIPE_2XS,PIPE,,augmented
PIPE2 X S,PIPE,,original
PIPE 2 X S,PIPE,,original
PIPE2XS A53,PIPE,,augmented
Pipe PIPE2XS,PIPE,,augmented
Pipe-PIPE2XS,PIPE,,augmented
PIPE2XS Pipe,PIPE,,augmented
Pipe PIPE2XS A53,PIPE,,augmented
P 1-1/2XS,PIPE,,augmented
PIPE1-1/2XS,PIPE,,original
PIPE 1-1/2XS,PIPE,,original
PIPE-1-1/2XS,PIPE,,augmented
PIPE_1-1/2XS,PIPE,,augmented
PIPE1-1/2 X S,PIPE,,original
PIPE 1-1/2 X S,PIPE,,original
PIPE1-1/2XS A53,PIPE,,augmented
Pipe PIPE1-1/2XS,PIPE,,augmented
Pipe-PIPE1-1/2XS,PIPE,,augmented
PIPE1-1/2XS Pipe,PIPE,,augmented
Pipe PIPE1-1/2XS A53,PIPE,,augmented
P 1-1/4XS,PIPE,,augmented
PIPE1-1/4XS,PIPE,,original
PIPE 1-1/4XS,PIPE,,original
PIPE-1-1/4XS,PIPE,,augmented
PIPE_1-1/4XS,PIPE,,augmented
PIPE1-1/4 X S,PIPE,,original
PIPE 1-1/4 X S,PIPE,,original
PIPE1-1/4XS A53,PIPE,,augmented
Pipe PIPE1-1/4XS,PIPE,,augmented
Pipe-PIPE1-1/4XS,PIPE,,augmented
PIPE1-1/4XS Pipe,PIPE,,augmented
Pipe PIPE1-1/4XS A53,PIPE,,augmented
P 1XS,PIPE,,augmented
PIPE1XS,PIPE,,original
PIPE 1XS,PIPE,,original
PIPE-1XS,PIPE,,augmented
PIPE_1XS,PIPE,,augmented
PIPE1 X S,PIPE,,original
PIPE 1 X S,PIPE,,original
PIPE1XS A53,PIPE,,augmented
Pipe PIPE1XS,PIPE,,augmented
Pipe-PIPE1XS,PIPE,,augmented
PIPE1XS Pipe,PIPE,,augmented
Pipe PIPE1XS A53,PIPE,,augmented
P 3/4XS,PIPE,,augmented
PIPE3/4XS,PIPE,,original
PIPE 3/4XS,PIPE,,original
PIPE-3/4XS,PIPE,,augmented
PIPE_3/4XS,PIPE,,augmented
PIPE3/4 X S,PIPE,,original
PIPE 3/4 X S,PIPE,,original
PIPE3/4XS A53,PIPE,,augmented
Pipe PIPE3/4XS,PIPE,,augmented
Pipe-PIPE3/4XS,PIPE,,augmented
PIPE3/4XS Pipe,PIPE,,augmented
Pipe PIPE3/4XS A53,PIPE,,augmented
P 1/2XS,PIPE,,augmented
PIPE1/2XS,PIPE,,original
PIPE 1/2XS,PIPE,,original
PIPE-1/2XS,PIPE,,augmented
PIPE_1/2XS,PIPE,,augmented
PIPE1/2 X S,PIPE,,original
PIPE 1/2 X S,PIPE,,original
PIPE1/2XS A53,PIPE,,augmented
Pipe PIPE1/2XS,PIPE,,augmented
Pipe-PIPE1/2XS,PIPE,,augmented
PIPE1/2XS Pipe,PIPE,,augmented
Pipe PIPE1/2XS A53,PIPE,,augmented
P 12XXS,PIPE,,augmented
PIPE12XXS,PIPE,,original
PIPE 12XXS,PIPE,,original
PIPE-12XXS,PIPE,,augmented
PIPE_12XXS,PIPE,,augmented
PIPE12 X XS,PIPE,,original
PIPE12XXS A53,PIPE,,augmented
PIPE 12 X  X S,PIPE,,original
Pipe PIPE12XXS,PIPE,,augmented
Pipe-PIPE12XXS,PIPE,,augmented
PIPE12XXS Pipe,PIPE,,augmented
Pipe PIPE12XXS A53,PIPE,,augmented
P 10XXS,PIPE,,augmented
PIPE10XXS,PIPE,,original
PIPE 10XXS,PIPE,,original
PIPE-10XXS,PIPE,,augmented
PIPE_10XXS,PIPE,,augmented
PIPE10 X XS,PIPE,,original
PIPE10XXS A53,PIPE,,augmented
PIPE 10 X  X S,PIPE,,original
Pipe PIPE10XXS,PIPE,,augmented
Pipe-PIPE10XXS,PIPE,,augmented
PIPE10XXS Pipe,PIPE,,augmented
Pipe PIPE10XXS A53,PIPE,,augmented
P 8XXS,PIPE,,augmented
PIPE8XXS,PIPE,,original
PIPE 8XXS,PIPE,,original
PIPE-8XXS,PIPE,,augmented
PIPE_8XXS,PIPE,,augmented
PIPE8 X XS,PIPE,,original
PIPE8XXS A53,PIPE,,augmented
PIPE 8 X  X S,PIPE,,original
Pipe PIPE8XXS,PIPE,,augmented
Pipe-PIPE8XXS,PIPE,,augmented
PIPE8XXS Pipe,PIPE,,augmented
Pipe PIPE8XXS A53,PIPE,,augmented
P 6XXS,PIPE,,augmented
PIPE6XXS,PIPE,,original
PIPE 6XXS,PIPE,,original
PIPE-6XXS,PIPE,,augmented
PIPE_6XXS,PIPE,,augmented
PIPE6 X XS,PIPE,,original
PIPE6XXS A53,PIPE,,augmented
PIPE 6 X  X S,PIPE,,original
Pipe PIPE6XXS,PIPE,,augmented
Pipe-PIPE6XXS,PIPE,,augmented
PIPE6XXS Pipe,PIPE,,augmented
Pipe PIPE6XXS A53,PIPE,,augmented
P 5XXS,PIPE,,augmented
PIPE5XXS,PIPE,,original
PIPE 5XXS,PIPE,,original
PIPE-5XXS,PIPE,,augmented
PIPE_5XXS,PIPE,,augmented
PIPE5 X XS,PIPE,,original
PIPE5XXS A53,PIPE,,augmented
PIPE 5 X  X S,PIPE,,original
Pipe PIPE5XXS,PIPE,,augmented
Pipe-PIPE5XXS,PIPE,,augmented
PIPE5XXS Pipe,PIPE,,augmented
Pipe PIPE5XXS A53,PIPE,,augmented
P 4XXS,PIPE,,augmented
PIPE4XXS,PIPE,,original
PIPE 4XXS,PIPE,,original
PIPE-4XXS,PIPE,,augmented
PIPE_4XXS,PIPE,,augmented
PIPE4 X XS,PIPE,,original
PIPE4XXS A53,PIPE,,augmented
PIPE 4 X  X S,PIPE,,original
Pipe PIPE4XXS,PIPE,,augmented
Pipe-PIPE4XXS,PIPE,,augmented
PIPE4XXS Pipe,PIPE,,augmented
Pipe PIPE4XXS A53,PIPE,,augmented
P 3XXS,PIPE,,augmented
PIPE3XXS,PIPE,,original
PIPE 3XXS,PIPE,,original
PIPE-3XXS,PIPE,,augmented
PIPE_3XXS,PIPE,,augmented
PIPE3 X XS,PIPE,,original
PIPE3XXS A53,PIPE,,augmented
PIPE 3 X  X S,PIPE,,original
Pipe PIPE3XXS,PIPE,,augmented
Pipe-PIPE3XXS,PIPE,,augmented
PIPE3XXS Pipe,PIPE,,augmented
Pipe PIPE3XXS A53,PIPE,,augmented
P 2-1/2XXS,PIPE,,augmented
PIPE2-1/2XXS,PIPE,,original
PIPE 2-1/2XXS,PIPE,,original
PIPE-2-1/2XXS,PIPE,,augmented
PIPE_2-1/2XXS,PIPE,,augmented
PIPE2-1/2 X XS,PIPE,,original
PIPE2-1/2XXS A53,PIPE,,augmented
PIPE 2-1/2 X  X S,PIPE,,original
Pipe PIPE2-1/2XXS,PIPE,,augmented
Pipe-PIPE2-1/2XXS,PIPE,,augmented
PIPE2-1/2XXS Pipe,PIPE,,augmented
Pipe PIPE2-1/2XXS A53,PIPE,,augmented
P 2XXS,PIPE,,augmented
PIPE2XXS,PIPE,,original
PIPE 2XXS,PIPE,,original
PIPE-2XXS,PIPE,,augmented
PIPE_2XXS,PIPE,,augmented
PIPE2 X XS,PIPE,,original
PIPE2XXS A53,PIPE,,augmented
PIPE 2 X  X S,PIPE,,original
Pipe PIPE2XXS,PIPE,,augmented
Pipe-PIPE2XXS,PIPE,,augmented
PIPE2XXS Pipe,PIPE,,augmented
Pipe PIPE2XXS A53,PIPE,,augmented
A1064,A,,original
A A1064,A,,augmented
A1064 (A),A,,augmented
ASTM A1064,A,,augmented
A1064 Steel,A,,augmented
Grade A1064,A,,augmented
Mat'l A1064,A,,augmented
Steel A1064,A,,augmented
MATERIAL A1064,A,,augmented
A108,A,,original
A A108,A,,augmented
A108 (A),A,,augmented
ASTM A108,A,,augmented
A108 Steel,A,,augmented
Grade A108,A,,augmented
Mat'l A108,A,,augmented
Steel A108,A,,augmented
MATERIAL A108,A,,augmented
TSCUSTOM99,HSS,,augmented
HSSCUSTOM99,HSS,,original
TS CUSTOM99,HSS,,augmented
HSS CUSTOM99,HSS,,original
HSS-CUSTOM99,HSS,,augmented
HSS_CUSTOM99,HSS,,augmented
HSS HSSCUSTOM99,HSS,,augmented
HSS-HSSCUSTOM99,HSS,,augmented
HSSCUSTOM99 HSS,HSS,,augmented
HSSCUSTOM99 A500,HSS,,augmented
HSSCUSTOM99 Tube,HSS,,augmented
Tube HSSCUSTOM99,HSS,,augmented
Tube-HSSCUSTOM99,HSS,,augmented
A2,A,,original
A A2,A,,augmented
A2 (A),A,,augmented
ASTM A2,A,,augmented
A2 Steel,A,,augmented
Grade A2,A,,augmented
Mat'l A2,A,,augmented
Steel A2,A,,augmented
MATERIAL A2,A,,augmented
A3,A,,original
A A3,A,,augmented
A3 (A),A,,augmented
ASTM A3,A,,augmented
A3 Steel,A,,augmented
Grade A3,A,,augmented
Mat'l A3,A,,augmented
Steel A3,A,,augmented
MATERIAL A3,A,,augmented
A307,A,,original
A A307,A,,augmented
A307 (A),A,,augmented
ASTM A307,A,,augmented
A307 Steel,A,,augmented
Grade A307,A,,augmented
Mat'l A307,A,,augmented
Steel A307,A,,augmented
MATERIAL A307,A,,augmented
A325,A,,original
A A325,A,,augmented
A325 (A),A,,augmented
ASTM A325,A,,augmented
A325 Steel,A,,augmented
Grade A325,A,,augmented
Mat'l A325,A,,augmented
Steel A325,A,,augmented
MATERIAL A325,A,,augmented
A36,A,,original
A A36,A,,augmented
A36 (A),A,,augmented
ASTM A36,A,,augmented
A36 Steel,A,,augmented
Grade A36,A,,augmented
Mat'l A36,A,,augmented
Steel A36,A,,augmented
MATERIAL A36,A,,augmented
A500,A,,original
A A500,A,,augmented
A500 (A),A,,augmented
ASTM A500,A,,augmented
A500 Steel,A,,augmented
Grade A500,A,,augmented
Mat'l A500,A,,augmented
Steel A500,A,,augmented
MATERIAL A500,A,,augmented
A53,A,,original
A A53,A,,augmented
A53 (A),A,,augmented
ASTM A53,A,,augmented
A53 Steel,A,,augmented
Grade A53,A,,augmented
Mat'l A53,A,,augmented
Steel A53,A,,augmented
MATERIAL A53,A,,augmented
A568,A,,original
A A568,A,,augmented
A568 (A),A,,augmented
ASTM A568,A,,augmented
A568 Steel,A,,augmented
Grade A568,A,,augmented
Mat'l A568,A,,augmented
Steel A568,A,,augmented
MATERIAL A568,A,,augmented
A572,A,,original
A A572,A,,augmented
A572 (A),A,,augmented
ASTM A572,A,,augmented
A572 Steel,A,,augmented
Grade A572,A,,augmented
Mat'l A572,A,,augmented
Steel A572,A,,augmented
MATERIAL A572,A,,augmented
A588,A,,original
A A588,A,,augmented
A588 (A),A,,augmented
ASTM A588,A,,augmented
A588 Steel,A,,augmented
Grade A588,A,,augmented
Mat'l A588,A,,augmented
Steel A588,A,,augmented
MATERIAL A588,A,,augmented
A6,A,,original
A A6,A,,augmented
A6 (A),A,,augmented
ASTM A6,A,,augmented
A6 Steel,A,,augmented
Grade A6,A,,augmented
Mat'l A6,A,,augmented
Steel A6,A,,augmented
MATERIAL A6,A,,augmented
A615,A,,original
A A615,A,,augmented
A615 (A),A,,augmented
ASTM A615,A,,augmented
A615 Steel,A,,augmented
Grade A615,A,,augmented
Mat'l A615,A,,augmented
Steel A615,A,,augmented
MATERIAL A615,A,,augmented
A653,A,,original
A A653,A,,augmented
A653 (A),A,,augmented
ASTM A653,A,,augmented
A653 Steel,A,,augmented
Grade A653,A,,augmented
Mat'l A653,A,,augmented
Steel A653,A,,augmented
MATERIAL A653,A,,augmented
A706,A,,original
A A706,A,,augmented
A706 (A),A,,augmented
ASTM A706,A,,augmented
A706 Steel,A,,augmented
Grade A706,A,,augmented
Mat'l A706,A,,augmented
Steel A706,A,,augmented
MATERIAL A706,A,,augmented
A913,A,,original
A A913,A,,augmented
A913 (A),A,,augmented
ASTM A913,A,,augmented
A913 Steel,A,,augmented
Grade A913,A,,augmented
Mat'l A913,A,,augmented
Steel A913,A,,augmented
MATERIAL A913,A,,augmented
A970,A,,original
A A970,A,,augmented
A970 (A),A,,augmented
ASTM A970,A,,augmented
A970 Steel,A,,augmented
Grade A970,A,,augmented
Mat'l A970,A,,augmented
Steel A970,A,,augmented
MATERIAL A970,A,,augmented
A992,A,,original
A A992,A,,augmented
A992 (A),A,,augmented
ASTM A992,A,,augmented
A992 Steel,A,,augmented
Grade A992,A,,augmented
Mat'l A992,A,,augmented
Steel A992,A,,augmented
MATERIAL A992,A,,augmented
TS10X0,HSS,,augmented
HSS10X0,HSS,,original
TS 10X0,HSS,,augmented
HSS 10X0,HSS,,original
HSS-10X0,HSS,,augmented
HSS_10X0,HSS,,augmented
HSS10 X 0,HSS,,original
HSS 10 X 0,HSS,,original
HSS HSS10X0,HSS,,augmented
HSS-HSS10X0,HSS,,augmented
HSS10X0 HSS,HSS,,augmented
HSS10X0 A500,HSS,,augmented
HSS10X0 Tube,HSS,,augmented
TS16X0,HSS,,augmented
HSS16X0,HSS,,original
TS 16X0,HSS,,augmented
HSS 16X0,HSS,,original
HSS-16X0,HSS,,augmented
HSS_16X0,HSS,,augmented
HSS16 X 0,HSS,,original
HSS 16 X 0,HSS,,original
HSS HSS16X0,HSS,,augmented
HSS-HSS16X0,HSS,,augmented
HSS16X0 HSS,HSS,,augmented
HSS16X0 A500,HSS,,augmented
HSS16X0 Tube,HSS,,augmented
TS18X0,HSS,,augmented
HSS18X0,HSS,,original
TS 18X0,HSS,,augmented
HSS 18X0,HSS,,original
HSS-18X0,HSS,,augmented
HSS_18X0,HSS,,augmented
HSS18 X 0,HSS,,original
HSS 18 X 0,HSS,,original
HSS HSS18X0,HSS,,augmented
HSS-HSS18X0,HSS,,augmented
HSS18X0 HSS,HSS,,augmented
HSS18X0 A500,HSS,,augmented
HSS18X0 Tube,HSS,,augmented
L1X1X1/4,L,,original
L 1X1X1/4,L,,original
L-1X1X1/4,L,,augmented
L_1X1X1/4,L,,augmented
L1 X 1X1/4,L,,original
L1X1X1/4 A36,L,,augmented
L 1 X 1 X 1/4,L,,original
Angle L1X1X1/4,L,,augmented
Angle-L1X1X1/4,L,,augmented
L1X1X1/4 Angle,L,,augmented
L Shape L1X1X1/4,L,,augmented
L Shape-L1X1X1/4,L,,augmented
L4X3,L,,original
L 4X3,L,,original
L-4X3,L,,augmented
L_4X3,L,,augmented
L4 X 3,L,,original
L 4 X 3,L,,original
L4X3 A36,L,,augmented
Angle L4X3,L,,augmented
Angle-L4X3,L,,augmented
L4X3 Angle,L,,augmented
L Shape L4X3,L,,augmented
L Shape-L4X3,L,,augmented
L4X3 L Shape,L,,augmented
L4X4,L,,original
L 4X4,L,,original
L-4X4,L,,augmented
L_4X4,L,,augmented
L4 X 4,L,,original
L 4 X 4,L,,original
L4X4 A36,L,,augmented
Angle L4X4,L,,augmented
Angle-L4X4,L,,augmented
L4X4 Angle,L,,augmented
L Shape L4X4,L,,augmented
L Shape-L4X4,L,,augmented
C5X3,C,,augmented
L5X3,C,,original
C 5X3,C,,augmented
C-5X3,C,,augmented
C_5X3,C,,augmented
C5 X 3,C,,augmented
C 5 X 3,C,,augmented
C5X3 A36,C,,augmented
C Shape C5X3,C,,augmented
C Shape-C5X3,C,,augmented
C5X3 C Shape,C,,augmented
C5X3 Channel,C,,augmented
L6X3,L,,original
L 6X3,L,,original
L-6X3,L,,augmented
L_6X3,L,,augmented
L6 X 3,L,,original
L 6 X 3,L,,original
L6X3 A36,L,,augmented
Angle L6X3,L,,augmented
Angle-L6X3,L,,augmented
L6X3 Angle,L,,augmented
L Shape L6X3,L,,augmented
L Shape-L6X3,L,,augmented
L6X3 L Shape,L,,augmented
S-001,S,,original
S -001,S,,original
S--001,S,,augmented
S_-001,S,,augmented
S-001 A36,S,,augmented
Beam S-001,S,,augmented
Beam-S-001,S,,augmented
S-001 Beam,S,,augmented
I-Beam S-001,S,,augmented
I-Beam-S-001,S,,augmented
S-001 I-Beam,S,,augmented
S Shape S-001,S,,augmented
S Shape-S-001,S,,augmented
S-002,S,,original
S -002,S,,original
S--002,S,,augmented
S_-002,S,,augmented
S-002 A36,S,,augmented
Beam S-002,S,,augmented
Beam-S-002,S,,augmented
S-002 Beam,S,,augmented
I-Beam S-002,S,,augmented
I-Beam-S-002,S,,augmented
S-002 I-Beam,S,,augmented
S Shape S-002,S,,augmented
S Shape-S-002,S,,augmented
S-003,S,,original
S -003,S,,original
S--003,S,,augmented
S_-003,S,,augmented
S-003 A36,S,,augmented
Beam S-003,S,,augmented
Beam-S-003,S,,augmented
S-003 Beam,S,,augmented
I-Beam S-003,S,,augmented
I-Beam-S-003,S,,augmented
S-003 I-Beam,S,,augmented
S Shape S-003,S,,augmented
S Shape-S-003,S,,augmented
S-004,S,,original
S -004,S,,original
S--004,S,,augmented
S_-004,S,,augmented
S-004 A36,S,,augmented
Beam S-004,S,,augmented
Beam-S-004,S,,augmented
S-004 Beam,S,,augmented
I-Beam S-004,S,,augmented
I-Beam-S-004,S,,augmented
S-004 I-Beam,S,,augmented
S Shape S-004,S,,augmented
S Shape-S-004,S,,augmented
S-111,S,,original
S -111,S,,original
S--111,S,,augmented
S_-111,S,,augmented
S-111 A36,S,,augmented
Beam S-111,S,,augmented
Beam-S-111,S,,augmented
S-111 Beam,S,,augmented
I-Beam S-111,S,,augmented
I-Beam-S-111,S,,augmented
S-111 I-Beam,S,,augmented
S Shape S-111,S,,augmented
S Shape-S-111,S,,augmented
S-112,S,,original
S -112,S,,original
S--112,S,,augmented
S_-112,S,,augmented
S-112 A36,S,,augmented
Beam S-112,S,,augmented
Beam-S-112,S,,augmented
S-112 Beam,S,,augmented
I-Beam S-112,S,,augmented
I-Beam-S-112,S,,augmented
S-112 I-Beam,S,,augmented
S Shape S-112,S,,augmented
S Shape-S-112,S,,augmented
S-113,S,,original
S -113,S,,original
S--113,S,,augmented
S_-113,S,,augmented
S-113 A36,S,,augmented
Beam S-113,S,,augmented
Beam-S-113,S,,augmented
S-113 Beam,S,,augmented
I-Beam S-113,S,,augmented
I-Beam-S-113,S,,augmented
S-113 I-Beam,S,,augmented
S Shape S-113,S,,augmented
S Shape-S-113,S,,augmented
S-201,S,,original
S -201,S,,original
S--201,S,,augmented
S_-201,S,,augmented
S-201 A36,S,,augmented
Beam S-201,S,,augmented
Beam-S-201,S,,augmented
S-201 Beam,S,,augmented
I-Beam S-201,S,,augmented
I-Beam-S-201,S,,augmented
S-201 I-Beam,S,,augmented
S Shape S-201,S,,augmented
S Shape-S-201,S,,augmented
S-202,S,,original
S -202,S,,original
S--202,S,,augmented
S_-202,S,,augmented
S-202 A36,S,,augmented
Beam S-202,S,,augmented
Beam-S-202,S,,augmented
S-202 Beam,S,,augmented
I-Beam S-202,S,,augmented
I-Beam-S-202,S,,augmented
S-202 I-Beam,S,,augmented
S Shape S-202,S,,augmented
S Shape-S-202,S,,augmented
S-203,S,,original
S -203,S,,original
S--203,S,,augmented
S_-203,S,,augmented
S-203 A36,S,,augmented
Beam S-203,S,,augmented
Beam-S-203,S,,augmented
S-203 Beam,S,,augmented
I-Beam S-203,S,,augmented
I-Beam-S-203,S,,augmented
S-203 I-Beam,S,,augmented
S Shape S-203,S,,augmented
S Shape-S-203,S,,augmented
S-204,S,,original
S -204,S,,original
S--204,S,,augmented
S_-204,S,,augmented
S-204 A36,S,,augmented
Beam S-204,S,,augmented
Beam-S-204,S,,augmented
S-204 Beam,S,,augmented
I-Beam S-204,S,,augmented
I-Beam-S-204,S,,augmented
S-204 I-Beam,S,,augmented
S Shape S-204,S,,augmented
S Shape-S-204,S,,augmented
S-205,S,,original
S -205,S,,original
S--205,S,,augmented
S_-205,S,,augmented
S-205 A36,S,,augmented
Beam S-205,S,,augmented
Beam-S-205,S,,augmented
S-205 Beam,S,,augmented
I-Beam S-205,S,,augmented
I-Beam-S-205,S,,augmented
S-205 I-Beam,S,,augmented
S Shape S-205,S,,augmented
S Shape-S-205,S,,augmented
S-206,S,,original
S -206,S,,original
S--206,S,,augmented
S_-206,S,,augmented
S-206 A36,S,,augmented
Beam S-206,S,,augmented
Beam-S-206,S,,augmented
S-206 Beam,S,,augmented
I-Beam S-206,S,,augmented
I-Beam-S-206,S,,augmented
S-206 I-Beam,S,,augmented
S Shape S-206,S,,augmented
S Shape-S-206,S,,augmented
S-301,S,,original
S -301,S,,original
S--301,S,,augmented
S_-301,S,,augmented
S-301 A36,S,,augmented
Beam S-301,S,,augmented
Beam-S-301,S,,augmented
S-301 Beam,S,,augmented
I-Beam S-301,S,,augmented
I-Beam-S-301,S,,augmented
S-301 I-Beam,S,,augmented
S Shape S-301,S,,augmented
S Shape-S-301,S,,augmented
S-311,S,,original
S -311,S,,original
S--311,S,,augmented
S_-311,S,,augmented
S-311 A36,S,,augmented
Beam S-311,S,,augmented
Beam-S-311,S,,augmented
S-311 Beam,S,,augmented
I-Beam S-311,S,,augmented
I-Beam-S-311,S,,augmented
S-311 I-Beam,S,,augmented
S Shape S-311,S,,augmented
S Shape-S-311,S,,augmented
S-312,S,,original
S -312,S,,original
S--312,S,,augmented
S_-312,S,,augmented
S-312 A36,S,,augmented
Beam S-312,S,,augmented
Beam-S-312,S,,augmented
S-312 Beam,S,,augmented
I-Beam S-312,S,,augmented
I-Beam-S-312,S,,augmented
S-312 I-Beam,S,,augmented
S Shape S-312,S,,augmented
S Shape-S-312,S,,augmented
S-321,S,,original
S -321,S,,original
S--321,S,,augmented
S_-321,S,,augmented
S-321 A36,S,,augmented
Beam S-321,S,,augmented
Beam-S-321,S,,augmented
S-321 Beam,S,,augmented
I-Beam S-321,S,,augmented
I-Beam-S-321,S,,augmented
S-321 I-Beam,S,,augmented
S Shape S-321,S,,augmented
S Shape-S-321,S,,augmented
S-322,S,,original
S -322,S,,original
S--322,S,,augmented
S_-322,S,,augmented
S-322 A36,S,,augmented
Beam S-322,S,,augmented
Beam-S-322,S,,augmented
S-322 Beam,S,,augmented
I-Beam S-322,S,,augmented
I-Beam-S-322,S,,augmented
S-322 I-Beam,S,,augmented
S Shape S-322,S,,augmented
S Shape-S-322,S,,augmented
S-401,S,,original
S -401,S,,original
S--401,S,,augmented
S_-401,S,,augmented
S-401 A36,S,,augmented
Beam S-401,S,,augmented
Beam-S-401,S,,augmented
S-401 Beam,S,,augmented
I-Beam S-401,S,,augmented
I-Beam-S-401,S,,augmented
S-401 I-Beam,S,,augmented
S Shape S-401,S,,augmented
S Shape-S-401,S,,augmented
S-402,S,,original
S -402,S,,original
S--402,S,,augmented
S_-402,S,,augmented
S-402 A36,S,,augmented
Beam S-402,S,,augmented
Beam-S-402,S,,augmented
S-402 Beam,S,,augmented
I-Beam S-402,S,,augmented
I-Beam-S-402,S,,augmented
S-402 I-Beam,S,,augmented
S Shape S-402,S,,augmented
S Shape-S-402,S,,augmented
S-403,S,,original
S -403,S,,original
S--403,S,,augmented
S_-403,S,,augmented
S-403 A36,S,,augmented
Beam S-403,S,,augmented
Beam-S-403,S,,augmented
S-403 Beam,S,,augmented
I-Beam S-403,S,,augmented
I-Beam-S-403,S,,augmented
S-403 I-Beam,S,,augmented
S Shape S-403,S,,augmented
S Shape-S-403,S,,augmented
S-404,S,,original
S -404,S,,original
S--404,S,,augmented
S_-404,S,,augmented
S-404 A36,S,,augmented
Beam S-404,S,,augmented
Beam-S-404,S,,augmented
S-404 Beam,S,,augmented
I-Beam S-404,S,,augmented
I-Beam-S-404,S,,augmented
S-404 I-Beam,S,,augmented
S Shape S-404,S,,augmented
S Shape-S-404,S,,augmented
S-501,S,,original
S -501,S,,original
S--501,S,,augmented
S_-501,S,,augmented
S-501 A36,S,,augmented
Beam S-501,S,,augmented
Beam-S-501,S,,augmented
S-501 Beam,S,,augmented
I-Beam S-501,S,,augmented
I-Beam-S-501,S,,augmented
S-501 I-Beam,S,,augmented
S Shape S-501,S,,augmented
S Shape-S-501,S,,augmented
S-502,S,,original
S -502,S,,original
S--502,S,,augmented
S_-502,S,,augmented
S-502 A36,S,,augmented
Beam S-502,S,,augmented
Beam-S-502,S,,augmented
S-502 Beam,S,,augmented
I-Beam S-502,S,,augmented
I-Beam-S-502,S,,augmented
S-502 I-Beam,S,,augmented
S Shape S-502,S,,augmented
S Shape-S-502,S,,augmented
S-601,S,,original
S -601,S,,original
S--601,S,,augmented
S_-601,S,,augmented
S-601 A36,S,,augmented
Beam S-601,S,,augmented
Beam-S-601,S,,augmented
S-601 Beam,S,,augmented
I-Beam S-601,S,,augmented
I-Beam-S-601,S,,augmented
S-601 I-Beam,S,,augmented
S Shape S-601,S,,augmented
S Shape-S-601,S,,augmented
A205,A,,original
A A205,A,,augmented
A205 (A),A,,augmented
ASTM A205,A,,augmented
A205 Steel,A,,augmented
Grade A205,A,,augmented
Mat'l A205,A,,augmented
Steel A205,A,,augmented
MATERIAL A205,A,,augmented
A5,A,,original
A A5,A,,augmented
A5 (A),A,,augmented
ASTM A5,A,,augmented
A5 Steel,A,,augmented
Grade A5,A,,augmented
Mat'l A5,A,,augmented
Steel A5,A,,augmented
MATERIAL A5,A,,augmented
TS10X10,HSS,,augmented
HSS10X10,HSS,,original
TS 10X10,HSS,,augmented
HSS 10X10,HSS,,original
HSS-10X10,HSS,,augmented
HSS_10X10,HSS,,augmented
HSS10 X 10,HSS,,original
HSS 10 X 10,HSS,,original
HSS HSS10X10,HSS,,augmented
HSS-HSS10X10,HSS,,augmented
HSS10X10 HSS,HSS,,augmented
HSS10X10 A500,HSS,,augmented
TS3X3,HSS,,augmented
HSS3X3,HSS,,original
TS 3X3,HSS,,augmented
HSS 3X3,HSS,,original
HSS-3X3,HSS,,augmented
HSS_3X3,HSS,,augmented
HSS3 X 3,HSS,,original
HSS 3 X 3,HSS,,original
HSS HSS3X3,HSS,,augmented
HSS-HSS3X3,HSS,,augmented
HSS3X3 HSS,HSS,,augmented
HSS3X3 A500,HSS,,augmented
TS6X8X1/2,HSS,,augmented
HSS6X8X1/2,HSS,,original
TS 6X8X1/2,HSS,,augmented
HSS 6X8X1/2,HSS,,original
HSS-6X8X1/2,HSS,,augmented
HSS_6X8X1/2,HSS,,augmented
HSS6 X 8X1/2,HSS,,original
HSS HSS6X8X1/2,HSS,,augmented
HSS-HSS6X8X1/2,HSS,,augmented
HSS6X8X1/2 HSS,HSS,,augmented
HSS 6 X 8 X 1/2,HSS,,original
HSS6X8X1/2 A500,HSS,,augmented
TS8X8,HSS,,augmented
HSS8X8,HSS,,original
TS 8X8,HSS,,augmented
HSS 8X8,HSS,,original
HSS-8X8,HSS,,augmented
HSS_8X8,HSS,,augmented
HSS8 X 8,HSS,,original
HSS 8 X 8,HSS,,original
HSS HSS8X8,HSS,,augmented
HSS-HSS8X8,HSS,,augmented
HSS8X8 HSS,HSS,,augmented
HSS8X8 A500,HSS,,augmented
HSS8X8 Tube,HSS,,augmented
A2280,A,,original
A A2280,A,,augmented
A2280 (A),A,,augmented
ASTM A2280,A,,augmented
A2280 Steel,A,,augmented
Grade A2280,A,,augmented
Mat'l A2280,A,,augmented
Steel A2280,A,,augmented
MATERIAL A2280,A,,augmented
A29,A,,original
A A29,A,,augmented
A29 (A),A,,augmented
ASTM A29,A,,augmented
A29 Steel,A,,augmented
Grade A29,A,,augmented
Mat'l A29,A,,augmented
Steel A29,A,,augmented
MATERIAL A29,A,,augmented
A416,A,,original
A A416,A,,augmented
A416 (A),A,,augmented
ASTM A416,A,,augmented
A416 Steel,A,,augmented
Grade A416,A,,augmented
Mat'l A416,A,,augmented
Steel A416,A,,augmented
MATERIAL A416,A,,augmented
A446,A,,original
A A446,A,,augmented
A446 (A),A,,augmented
ASTM A446,A,,augmented
A446 Steel,A,,augmented
Grade A446,A,,augmented
Mat'l A446,A,,augmented
Steel A446,A,,augmented
MATERIAL A446,A,,augmented
A490,A,,original
A A490,A,,augmented
A490 (A),A,,augmented
ASTM A490,A,,augmented
A490 Steel,A,,augmented
Grade A490,A,,augmented
Mat'l A490,A,,augmented
Steel A490,A,,augmented
MATERIAL A490,A,,augmented
A563,A,,original
A A563,A,,augmented
A563 (A),A,,augmented
ASTM A563,A,,augmented
A563 Steel,A,,augmented
Grade A563,A,,augmented
Mat'l A563,A,,augmented
Steel A563,A,,augmented
MATERIAL A563,A,,augmented
A959,A,,original
A A959,A,,augmented
A959 (A),A,,augmented
ASTM A959,A,,augmented
A959 Steel,A,,augmented
Grade A959,A,,augmented
Mat'l A959,A,,augmented
Steel A959,A,,augmented
MATERIAL A959,A,,augmented
TS5X5,HSS,,augmented
HSS5X5,HSS,,original
TS 5X5,HSS,,augmented
HSS 5X5,HSS,,original
HSS-5X5,HSS,,augmented
HSS_5X5,HSS,,augmented
HSS5 X 5,HSS,,original
HSS 5 X 5,HSS,,original
HSS HSS5X5,HSS,,augmented
HSS-HSS5X5,HSS,,augmented
HSS5X5 HSS,HSS,,augmented
HSS5X5 A500,HSS,,augmented
L18X12X3/8,L,,original
L 18X12X3/8,L,,original
L-18X12X3/8,L,,augmented
L_18X12X3/8,L,,augmented
L18 X 12X3/8,L,,original
L18X12X3/8 A36,L,,augmented
L 18 X 12 X 3/8,L,,original
Angle L18X12X3/8,L,,augmented
Angle-L18X12X3/8,L,,augmented
L18X12X3/8 Angle,L,,augmented
L Shape L18X12X3/8,L,,augmented
L Shape-L18X12X3/8,L,,augmented
S-101,S,,original
S -101,S,,original
S--101,S,,augmented
S_-101,S,,augmented
S-101 A36,S,,augmented
Beam S-101,S,,augmented
Beam-S-101,S,,augmented
S-101 Beam,S,,augmented
I-Beam S-101,S,,augmented
I-Beam-S-101,S,,augmented
S-101 I-Beam,S,,augmented
S Shape S-101,S,,augmented
S Shape-S-101,S,,augmented
S-102,S,,original
S -102,S,,original
S--102,S,,augmented
S_-102,S,,augmented
S-102 A36,S,,augmented
Beam S-102,S,,augmented
Beam-S-102,S,,augmented
S-102 Beam,S,,augmented
I-Beam S-102,S,,augmented
I-Beam-S-102,S,,augmented
S-102 I-Beam,S,,augmented
S Shape S-102,S,,augmented
S Shape-S-102,S,,augmented
S-103,S,,original
S -103,S,,original
S--103,S,,augmented
S_-103,S,,augmented
S-103 A36,S,,augmented
Beam S-103,S,,augmented
Beam-S-103,S,,augmented
S-103 Beam,S,,augmented
I-Beam S-103,S,,augmented
I-Beam-S-103,S,,augmented
S-103 I-Beam,S,,augmented
S Shape S-103,S,,augmented
S Shape-S-103,S,,augmented
S-104,S,,original
S -104,S,,original
S--104,S,,augmented
S_-104,S,,augmented
S-104 A36,S,,augmented
Beam S-104,S,,augmented
Beam-S-104,S,,augmented
S-104 Beam,S,,augmented
I-Beam S-104,S,,augmented
I-Beam-S-104,S,,augmented
S-104 I-Beam,S,,augmented
S Shape S-104,S,,augmented
S Shape-S-104,S,,augmented
S-207,S,,original
S -207,S,,original
S--207,S,,augmented
S_-207,S,,augmented
S-207 A36,S,,augmented
Beam S-207,S,,augmented
Beam-S-207,S,,augmented
S-207 Beam,S,,augmented
I-Beam S-207,S,,augmented
I-Beam-S-207,S,,augmented
S-207 I-Beam,S,,augmented
S Shape S-207,S,,augmented
S Shape-S-207,S,,augmented
S-208,S,,original
S -208,S,,original
S--208,S,,augmented
S_-208,S,,augmented
S-208 A36,S,,augmented
Beam S-208,S,,augmented
Beam-S-208,S,,augmented
S-208 Beam,S,,augmented
I-Beam S-208,S,,augmented
I-Beam-S-208,S,,augmented
S-208 I-Beam,S,,augmented
S Shape S-208,S,,augmented
S Shape-S-208,S,,augmented
W14X198,W,,original
W 14X198,W,,original
W-14X198,W,,augmented
W_14X198,W,,augmented
WF14X198,W,,augmented
W14 X 198,W,,original
WF 14X198,W,,augmented
WF-14X198,W,,augmented
W 14 X 198,W,,original
W14X198 WF,W,,augmented
WF W14X198,W,,augmented
WF-W14X198,W,,augmented
A153,A,,original
A A153,A,,augmented
A153 (A),A,,augmented
ASTM A153,A,,augmented
A153 Steel,A,,augmented
Grade A153,A,,augmented
Mat'l A153,A,,augmented
Steel A153,A,,augmented
MATERIAL A153,A,,augmented
A496,A,,original
A A496,A,,augmented
A496 (A),A,,augmented
ASTM A496,A,,augmented
A496 Steel,A,,augmented
Grade A496,A,,augmented
Mat'l A496,A,,augmented
Steel A496,A,,augmented
MATERIAL A496,A,,augmented
A525,A,,original
A A525,A,,augmented
A525 (A),A,,augmented
ASTM A525,A,,augmented
A525 Steel,A,,augmented
Grade A525,A,,augmented
Mat'l A525,A,,augmented
Steel A525,A,,augmented
MATERIAL A525,A,,augmented
A775,A,,original
A A775,A,,augmented
A775 (A),A,,augmented
ASTM A775,A,,augmented
A775 Steel,A,,augmented
Grade A775,A,,augmented
Mat'l A775,A,,augmented
Steel A775,A,,augmented
MATERIAL A775,A,,augmented
A780,A,,original
A A780,A,,augmented
A780 (A),A,,augmented
ASTM A780,A,,augmented
A780 Steel,A,,augmented
Grade A780,A,,augmented
Mat'l A780,A,,augmented
Steel A780,A,,augmented
MATERIAL A780,A,,augmented
TS12X12,HSS,,augmented
HSS12X12,HSS,,original
TS 12X12,HSS,,augmented
HSS 12X12,HSS,,original
HSS-12X12,HSS,,augmented
HSS_12X12,HSS,,augmented
HSS12 X 12,HSS,,original
HSS 12 X 12,HSS,,original
HSS HSS12X12,HSS,,augmented
HSS-HSS12X12,HSS,,augmented
HSS12X12 HSS,HSS,,augmented
HSS12X12 A500,HSS,,augmented
TS14X0,HSS,,augmented
HSS14X0,HSS,,original
TS 14X0,HSS,,augmented
HSS 14X0,HSS,,original
HSS-14X0,HSS,,augmented
HSS_14X0,HSS,,augmented
HSS14 X 0,HSS,,original
HSS 14 X 0,HSS,,original
HSS HSS14X0,HSS,,augmented
HSS-HSS14X0,HSS,,augmented
HSS14X0 HSS,HSS,,augmented
HSS14X0 A500,HSS,,augmented
TS14X10,HSS,,augmented
HSS14X10,HSS,,original
TS 14X10,HSS,,augmented
HSS 14X10,HSS,,original
HSS-14X10,HSS,,augmented
HSS_14X10,HSS,,augmented
HSS14 X 10,HSS,,original
HSS 14 X 10,HSS,,original
HSS HSS14X10,HSS,,augmented
HSS-HSS14X10,HSS,,augmented
HSS14X10 HSS,HSS,,augmented
HSS14X10 A500,HSS,,augmented
TS14X14,HSS,,augmented
HSS14X14,HSS,,original
TS 14X14,HSS,,augmented
HSS 14X14,HSS,,original
HSS-14X14,HSS,,augmented
HSS_14X14,HSS,,augmented
HSS14 X 14,HSS,,original
HSS 14 X 14,HSS,,original
HSS HSS14X14,HSS,,augmented
HSS-HSS14X14,HSS,,augmented
HSS14X14 HSS,HSS,,augmented
HSS14X14 A500,HSS,,augmented
TS6X6,HSS,,augmented
HSS6X6,HSS,,original
TS 6X6,HSS,,augmented
HSS 6X6,HSS,,original
HSS-6X6,HSS,,augmented
HSS_6X6,HSS,,augmented
HSS6 X 6,HSS,,original
HSS 6 X 6,HSS,,original
HSS HSS6X6,HSS,,augmented
HSS-HSS6X6,HSS,,augmented
HSS6X6 HSS,HSS,,augmented
HSS6X6 A500,HSS,,augmented
TS8X6,HSS,,augmented
HSS8X6,HSS,,original
TS 8X6,HSS,,augmented
HSS 8X6,HSS,,original
HSS-8X6,HSS,,augmented
HSS_8X6,HSS,,augmented
HSS8 X 6,HSS,,original
HSS 8 X 6,HSS,,original
HSS HSS8X6,HSS,,augmented
HSS-HSS8X6,HSS,,augmented
HSS8X6 HSS,HSS,,augmented
HSS8X6 A500,HSS,,augmented
HSS8X6 Tube,HSS,,augmented
TS8X4,HSS,,augmented
HSS8X4,HSS,,original
TS 8X4,HSS,,augmented
HSS 8X4,HSS,,original
HSS-8X4,HSS,,augmented
HSS_8X4,HSS,,augmented
HSS8 X 4,HSS,,original
HSS 8 X 4,HSS,,original
HSS HSS8X4,HSS,,augmented
HSS-HSS8X4,HSS,,augmented
HSS8X4 HSS,HSS,,augmented
HSS8X4 A500,HSS,,augmented
L6X4X1/4,L,,original
L 6X4X1/4,L,,original
L-6X4X1/4,L,,augmented
L_6X4X1/4,L,,augmented
L6 X 4X1/4,L,,original
L6X4X1/4 A36,L,,augmented
L 6 X 4 X 1/4,L,,original
Angle L6X4X1/4,L,,augmented
Angle-L6X4X1/4,L,,augmented
L6X4X1/4 Angle,L,,augmented
L Shape L6X4X1/4,L,,augmented
L Shape-L6X4X1/4,L,,augmented
L7X7X1/2,L,,original
L 7X7X1/2,L,,original
L-7X7X1/2,L,,augmented
L_7X7X1/2,L,,augmented
L7 X 7X1/2,L,,original
L7X7X1/2 A36,L,,augmented
L 7 X 7 X 1/2,L,,original
Angle L7X7X1/2,L,,augmented
Angle-L7X7X1/2,L,,augmented
L7X7X1/2 Angle,L,,augmented
L Shape L7X7X1/2,L,,augmented
L Shape-L7X7X1/2,L,,augmented
W18X36,W,,original
W 18X36,W,,original
W-18X36,W,,augmented
W_18X36,W,,augmented
WF18X36,W,,augmented
W18 X 36,W,,original
WF 18X36,W,,augmented
WF-18X36,W,,augmented
W 18 X 36,W,,original
W18X36 WF,W,,augmented
WF W18X36,W,,augmented
S-000,S,,original
S -000,S,,original
S--000,S,,augmented
S_-000,S,,augmented
S-000 A36,S,,augmented
Beam S-000,S,,augmented
Beam-S-000,S,,augmented
S-000 Beam,S,,augmented
I-Beam S-000,S,,augmented
I-Beam-S-000,S,,augmented
S-000 I-Beam,S,,augmented
S Shape S-000,S,,augmented
S Shape-S-000,S,,augmented
S-005,S,,original
S -005,S,,original
S--005,S,,augmented
S_-005,S,,augmented
S-005 A36,S,,augmented
Beam S-005,S,,augmented
Beam-S-005,S,,augmented
S-005 Beam,S,,augmented
I-Beam S-005,S,,augmented
I-Beam-S-005,S,,augmented
S-005 I-Beam,S,,augmented
S Shape S-005,S,,augmented
S Shape-S-005,S,,augmented
S-100,S,,original
S -100,S,,original
S--100,S,,augmented
S_-100,S,,augmented
S-100 A36,S,,augmented
Beam S-100,S,,augmented
Beam-S-100,S,,augmented
S-100 Beam,S,,augmented
I-Beam S-100,S,,augmented
I-Beam-S-100,S,,augmented
S-100 I-Beam,S,,augmented
S Shape S-100,S,,augmented
S Shape-S-100,S,,augmented
S-105,S,,original
S -105,S,,original
S--105,S,,augmented
S_-105,S,,augmented
S-105 A36,S,,augmented
Beam S-105,S,,augmented
Beam-S-105,S,,augmented
S-105 Beam,S,,augmented
I-Beam S-105,S,,augmented
I-Beam-S-105,S,,augmented
S-105 I-Beam,S,,augmented
S Shape S-105,S,,augmented
S Shape-S-105,S,,augmented
S-200,S,,original
S -200,S,,original
S--200,S,,augmented
S_-200,S,,augmented
S-200 A36,S,,augmented
Beam S-200,S,,augmented
Beam-S-200,S,,augmented
S-200 Beam,S,,augmented
I-Beam S-200,S,,augmented
I-Beam-S-200,S,,augmented
S-200 I-Beam,S,,augmented
S Shape S-200,S,,augmented
S Shape-S-200,S,,augmented
S-300,S,,original
S -300,S,,original
S--300,S,,augmented
S_-300,S,,augmented
S-300 A36,S,,augmented
Beam S-300,S,,augmented
Beam-S-300,S,,augmented
S-300 Beam,S,,augmented
I-Beam S-300,S,,augmented
I-Beam-S-300,S,,augmented
S-300 I-Beam,S,,augmented
S Shape S-300,S,,augmented
S Shape-S-300,S,,augmented
S-302,S,,original
S -302,S,,original
S--302,S,,augmented
S_-302,S,,augmented
S-302 A36,S,,augmented
Beam S-302,S,,augmented
Beam-S-302,S,,augmented
S-302 Beam,S,,augmented
I-Beam S-302,S,,augmented
I-Beam-S-302,S,,augmented
S-302 I-Beam,S,,augmented
S Shape S-302,S,,augmented
S Shape-S-302,S,,augmented
S-400,S,,original
S -400,S,,original
S--400,S,,augmented
S_-400,S,,augmented
S-400 A36,S,,augmented
Beam S-400,S,,augmented
Beam-S-400,S,,augmented
S-400 Beam,S,,augmented
I-Beam S-400,S,,augmented
I-Beam-S-400,S,,augmented
S-400 I-Beam,S,,augmented
S Shape S-400,S,,augmented
S Shape-S-400,S,,augmented
S-500,S,,original
S -500,S,,original
S--500,S,,augmented
S_-500,S,,augmented
S-500 A36,S,,augmented
Beam S-500,S,,augmented
Beam-S-500,S,,augmented
S-500 Beam,S,,augmented
I-Beam S-500,S,,augmented
I-Beam-S-500,S,,augmented
S-500 I-Beam,S,,augmented
S Shape S-500,S,,augmented
S Shape-S-500,S,,augmented
S-600,S,,original
S -600,S,,original
S--600,S,,augmented
S_-600,S,,augmented
S-600 A36,S,,augmented
Beam S-600,S,,augmented
Beam-S-600,S,,augmented
S-600 Beam,S,,augmented
I-Beam S-600,S,,augmented
I-Beam-S-600,S,,augmented
S-600 I-Beam,S,,augmented
S Shape S-600,S,,augmented
S Shape-S-600,S,,augmented
S-700,S,,original
S -700,S,,original
S--700,S,,augmented
S_-700,S,,augmented
S-700 A36,S,,augmented
Beam S-700,S,,augmented
Beam-S-700,S,,augmented
S-700 Beam,S,,augmented
I-Beam S-700,S,,augmented
I-Beam-S-700,S,,augmented
S-700 I-Beam,S,,augmented
S Shape S-700,S,,augmented
S Shape-S-700,S,,augmented
S-701,S,,original
S -701,S,,original
S--701,S,,augmented
S_-701,S,,augmented
S-701 A36,S,,augmented
Beam S-701,S,,augmented
Beam-S-701,S,,augmented
S-701 Beam,S,,augmented
I-Beam S-701,S,,augmented
I-Beam-S-701,S,,augmented
S-701 I-Beam,S,,augmented
S Shape S-701,S,,augmented
S Shape-S-701,S,,augmented
S-710,S,,original
S -710,S,,original
S--710,S,,augmented
S_-710,S,,augmented
S-710 A36,S,,augmented
Beam S-710,S,,augmented
Beam-S-710,S,,augmented
S-710 Beam,S,,augmented
I-Beam S-710,S,,augmented
I-Beam-S-710,S,,augmented
S-710 I-Beam,S,,augmented
S Shape S-710,S,,augmented
S Shape-S-710,S,,augmented
S-711,S,,original
S -711,S,,original
S--711,S,,augmented
S_-711,S,,augmented
S-711 A36,S,,augmented
Beam S-711,S,,augmented
Beam-S-711,S,,augmented
S-711 Beam,S,,augmented
I-Beam S-711,S,,augmented
I-Beam-S-711,S,,augmented
S-711 I-Beam,S,,augmented
S Shape S-711,S,,augmented
S Shape-S-711,S,,augmented
S-800,S,,original
S -800,S,,original
S--800,S,,augmented
S_-800,S,,augmented
S-800 A36,S,,augmented
Beam S-800,S,,augmented
Beam-S-800,S,,augmented
S-800 Beam,S,,augmented
I-Beam S-800,S,,augmented
I-Beam-S-800,S,,augmented
S-800 I-Beam,S,,augmented
S Shape S-800,S,,augmented
S Shape-S-800,S,,augmented
TS12X4,HSS,,augmented
HSS12X4,HSS,,original
TS 12X4,HSS,,augmented
HSS 12X4,HSS,,original
HSS-12X4,HSS,,augmented
HSS_12X4,HSS,,augmented
HSS12 X 4,HSS,,original
HSS 12 X 4,HSS,,original
HSS HSS12X4,HSS,,augmented
HSS-HSS12X4,HSS,,augmented
HSS12X4 HSS,HSS,,augmented
HSS12X4 A500,HSS,,augmented
HSS12X4 Tube,HSS,,augmented
TS4X0,HSS,,augmented
HSS4X0,HSS,,original
TS 4X0,HSS,,augmented
HSS 4X0,HSS,,original
HSS-4X0,HSS,,augmented
HSS_4X0,HSS,,augmented
HSS4 X 0,HSS,,original
HSS 4 X 0,HSS,,original
HSS HSS4X0,HSS,,augmented
HSS-HSS4X0,HSS,,augmented
HSS4X0 HSS,HSS,,augmented
HSS4X0 A500,HSS,,augmented
TS6X0,HSS,,augmented
HSS6X0,HSS,,original
TS 6X0,HSS,,augmented
HSS 6X0,HSS,,original
HSS-6X0,HSS,,augmented
HSS_6X0,HSS,,augmented
HSS6 X 0,HSS,,original
HSS 6 X 0,HSS,,original
HSS HSS6X0,HSS,,augmented
HSS-HSS6X0,HSS,,augmented
HSS6X0 HSS,HSS,,augmented
HSS6X0 A500,HSS,,augmented
HSS6X0 Tube,HSS,,augmented
L5X5X1/4,L,,original
L 5X5X1/4,L,,original
L-5X5X1/4,L,,augmented
L_5X5X1/4,L,,augmented
L5 X 5X1/4,L,,original
L5X5X1/4 A36,L,,augmented
L 5 X 5 X 1/4,L,,original
Angle L5X5X1/4,L,,augmented
Angle-L5X5X1/4,L,,augmented
L5X5X1/4 Angle,L,,augmented
L Shape L5X5X1/4,L,,augmented
L Shape-L5X5X1/4,L,,augmented
S-121,S,,original
S -121,S,,original
S--121,S,,augmented
S_-121,S,,augmented
S-121 A36,S,,augmented
Beam S-121,S,,augmented
Beam-S-121,S,,augmented
S-121 Beam,S,,augmented
I-Beam S-121,S,,augmented
I-Beam-S-121,S,,augmented
S-121 I-Beam,S,,augmented
S Shape S-121,S,,augmented
S Shape-S-121,S,,augmented
S-122,S,,original
S -122,S,,original
S--122,S,,augmented
S_-122,S,,augmented
S-122 A36,S,,augmented
Beam S-122,S,,augmented
Beam-S-122,S,,augmented
S-122 Beam,S,,augmented
I-Beam S-122,S,,augmented
I-Beam-S-122,S,,augmented
S-122 I-Beam,S,,augmented
S Shape S-122,S,,augmented
S Shape-S-122,S,,augmented
S-123,S,,original
S -123,S,,original
S--123,S,,augmented
S_-123,S,,augmented
S-123 A36,S,,augmented
Beam S-123,S,,augmented
Beam-S-123,S,,augmented
S-123 Beam,S,,augmented
I-Beam S-123,S,,augmented
I-Beam-S-123,S,,augmented
S-123 I-Beam,S,,augmented
S Shape S-123,S,,augmented
S Shape-S-123,S,,augmented
S-124,S,,original
S -124,S,,original
S--124,S,,augmented
S_-124,S,,augmented
S-124 A36,S,,augmented
Beam S-124,S,,augmented
Beam-S-124,S,,augmented
S-124 Beam,S,,augmented
I-Beam S-124,S,,augmented
I-Beam-S-124,S,,augmented
S-124 I-Beam,S,,augmented
S Shape S-124,S,,augmented
S Shape-S-124,S,,augmented
S-131,S,,original
S -131,S,,original
S--131,S,,augmented
S_-131,S,,augmented
S-131 A36,S,,augmented
Beam S-131,S,,augmented
Beam-S-131,S,,augmented
S-131 Beam,S,,augmented
I-Beam S-131,S,,augmented
I-Beam-S-131,S,,augmented
S-131 I-Beam,S,,augmented
S Shape S-131,S,,augmented
S Shape-S-131,S,,augmented
S-132,S,,original
S -132,S,,original
S--132,S,,augmented
S_-132,S,,augmented
S-132 A36,S,,augmented
Beam S-132,S,,augmented
Beam-S-132,S,,augmented
S-132 Beam,S,,augmented
I-Beam S-132,S,,augmented
I-Beam-S-132,S,,augmented
S-132 I-Beam,S,,augmented
S Shape S-132,S,,augmented
S Shape-S-132,S,,augmented
S-141,S,,original
S -141,S,,original
S--141,S,,augmented
S_-141,S,,augmented
S-141 A36,S,,augmented
Beam S-141,S,,augmented
Beam-S-141,S,,augmented
S-141 Beam,S,,augmented
I-Beam S-141,S,,augmented
I-Beam-S-141,S,,augmented
S-141 I-Beam,S,,augmented
S Shape S-141,S,,augmented
S Shape-S-141,S,,augmented
S-142,S,,original
S -142,S,,original
S--142,S,,augmented
S_-142,S,,augmented
S-142 A36,S,,augmented
Beam S-142,S,,augmented
Beam-S-142,S,,augmented
S-142 Beam,S,,augmented
I-Beam S-142,S,,augmented
I-Beam-S-142,S,,augmented
S-142 I-Beam,S,,augmented
S Shape S-142,S,,augmented
S Shape-S-142,S,,augmented
S-209,S,,original
S -209,S,,original
S--209,S,,augmented
S_-209,S,,augmented
S-209 A36,S,,augmented
Beam S-209,S,,augmented
Beam-S-209,S,,augmented
S-209 Beam,S,,augmented
I-Beam S-209,S,,augmented
I-Beam-S-209,S,,augmented
S-209 I-Beam,S,,augmented
S Shape S-209,S,,augmented
S Shape-S-209,S,,augmented
S-313,S,,original
S -313,S,,original
S--313,S,,augmented
S_-313,S,,augmented
S-313 A36,S,,augmented
Beam S-313,S,,augmented
Beam-S-313,S,,augmented
S-313 Beam,S,,augmented
I-Beam S-313,S,,augmented
I-Beam-S-313,S,,augmented
S-313 I-Beam,S,,augmented
S Shape S-313,S,,augmented
S Shape-S-313,S,,augmented
WF99X99,A,material,original
WF 99X99,A,material,original
WF-99X99,A,material,augmented
WF_99X99,A,material,augmented
WF99 X 99,A,material,original
WF 99 X 99,A,material,original
Beam WF99X99,A,material,augmented
Beam-WF99X99,A,material,augmented
WF99X99 Beam,A,material,augmented
Steel Beam WF99X99,A,material,augmented
Steel Beam-WF99X99,A,material,augmented
WF99X99 Steel Beam,A,material,augmented
WF99X99 WideFlange,A,material,augmented
A992,A992,material,original
A992 A992,A992,material,augmented
ASTM A992,A992,material,augmented
A992 Steel,A992,material,augmented
Grade A992,A992,material,augmented
Mat'l A992,A992,material,augmented
Steel A992,A992,material,augmented
A992 (A992),A992,material,augmented
MATERIAL A992,A992,material,augmented
A123,A123,material,original
A123 A123,A123,material,augmented
ASTM A123,A123,material,augmented
A123 Steel,A123,material,augmented
Grade A123,A123,material,augmented
Mat'l A123,A123,material,augmented
Steel A123,A123,material,augmented
A123 (A123),A123,material,augmented
MATERIAL A123,A123,material,augmented
A205,A205,material,original
A205 A205,A205,material,augmented
ASTM A205,A205,material,augmented
A205 Steel,A205,material,augmented
Grade A205,A205,material,augmented
Mat'l A205,A205,material,augmented
Steel A205,A205,material,augmented
A205 (A205),A205,material,augmented
MATERIAL A205,A205,material,augmented
A307,A307,bolt,original
A307 A307,A307,bolt,augmented
ASTM A307,A307,bolt,augmented
A307 Steel,A307,bolt,augmented
Grade A307,A307,bolt,augmented
Mat'l A307,A307,bolt,augmented
Steel A307,A307,bolt,augmented
A307 (A307),A307,bolt,augmented
MATERIAL A307,A307,bolt,augmented
A325,A325,bolt,original
A325 A325,A325,bolt,augmented
ASTM A325,A325,bolt,augmented
A325 Steel,A325,bolt,augmented
Grade A325,A325,bolt,augmented
Mat'l A325,A325,bolt,augmented
Steel A325,A325,bolt,augmented
A325 (A325),A325,bolt,augmented
MATERIAL A325,A325,bolt,augmented
A36,A36,material,original
A36 A36,A36,material,augmented
ASTM A36,A36,material,augmented
A36 (A36),A36,material,augmented
A36 Steel,A36,material,augmented
Grade A36,A36,material,augmented
Mat'l A36,A36,material,augmented
Steel A36,A36,material,augmented
MATERIAL A36,A36,material,augmented
A572,A572,material,original
A572 A572,A572,material,augmented
ASTM A572,A572,material,augmented
A572 Steel,A572,material,augmented
Grade A572,A572,material,augmented
Mat'l A572,A572,material,augmented
Steel A572,A572,material,augmented
A572 (A572),A572,material,augmented
MATERIAL A572,A572,material,augmented
A615,A615,bolt,original
A615 A615,A615,bolt,augmented
ASTM A615,A615,bolt,augmented
A615 Steel,A615,bolt,augmented
Grade A615,A615,bolt,augmented
Mat'l A615,A615,bolt,augmented
Steel A615,A615,bolt,augmented
A615 (A615),A615,bolt,augmented
MATERIAL A615,A615,bolt,augmented
A1064,A1064,bolt,original
ASTM A1064,A1064,bolt,augmented
A1064 A1064,A1064,bolt,augmented
A1064 Steel,A1064,bolt,augmented
Grade A1064,A1064,bolt,augmented
Mat'l A1064,A1064,bolt,augmented
Steel A1064,A1064,bolt,augmented
A1064 (A1064),A1064,bolt,augmented
MATERIAL A1064,A1064,bolt,augmented
A108,A108,material,original
A108 A108,A108,material,augmented
ASTM A108,A108,material,augmented
A108 Steel,A108,material,augmented
Grade A108,A108,material,augmented
Mat'l A108,A108,material,augmented
Steel A108,A108,material,augmented
A108 (A108),A108,material,augmented
MATERIAL A108,A108,material,augmented
A2280,A2280,material,original
ASTM A2280,A2280,material,augmented
A2280 A2280,A2280,material,augmented
A2280 Steel,A2280,material,augmented
Grade A2280,A2280,material,augmented
Mat'l A2280,A2280,material,augmented
Steel A2280,A2280,material,augmented
A2280 (A2280),A2280,material,augmented
MATERIAL A2280,A2280,material,augmented
A29,A29,material,original
A29 A29,A29,material,augmented
ASTM A29,A29,material,augmented
A29 (A29),A29,material,augmented
A29 Steel,A29,material,augmented
Grade A29,A29,material,augmented
Mat'l A29,A29,material,augmented
Steel A29,A29,material,augmented
MATERIAL A29,A29,material,augmented
A416,A416,material,original
A416 A416,A416,material,augmented
ASTM A416,A416,material,augmented
A416 Steel,A416,material,augmented
Grade A416,A416,material,augmented
Mat'l A416,A416,material,augmented
Steel A416,A416,material,augmented
A416 (A416),A416,material,augmented
MATERIAL A416,A416,material,augmented
A446,A446,material,original
A446 A446,A446,material,augmented
ASTM A446,A446,material,augmented
A446 Steel,A446,material,augmented
Grade A446,A446,material,augmented
Mat'l A446,A446,material,augmented
Steel A446,A446,material,augmented
A446 (A446),A446,material,augmented
MATERIAL A446,A446,material,augmented
A490,A490,bolt,original
A490 A490,A490,bolt,augmented
ASTM A490,A490,bolt,augmented
A490 Steel,A490,bolt,augmented
Grade A490,A490,bolt,augmented
Mat'l A490,A490,bolt,augmented
Steel A490,A490,bolt,augmented
A490 (A490),A490,bolt,augmented
MATERIAL A490,A490,bolt,augmented
A500,A500,material,original
A500 A500,A500,material,augmented
ASTM A500,A500,material,augmented
A500 Steel,A500,material,augmented
Grade A500,A500,material,augmented
Mat'l A500,A500,material,augmented
Steel A500,A500,material,augmented
A500 (A500),A500,material,augmented
MATERIAL A500,A500,material,augmented
A53,A53,material,original
A53 A53,A53,material,augmented
ASTM A53,A53,material,augmented
A53 (A53),A53,material,augmented
A53 Steel,A53,material,augmented
Grade A53,A53,material,augmented
Mat'l A53,A53,material,augmented
Steel A53,A53,material,augmented
MATERIAL A53,A53,material,augmented
A563,A563,bolt,original
A563 A563,A563,bolt,augmented
ASTM A563,A563,bolt,augmented
A563 Steel,A563,bolt,augmented
Grade A563,A563,bolt,augmented
Mat'l A563,A563,bolt,augmented
Steel A563,A563,bolt,augmented
A563 (A563),A563,bolt,augmented
MATERIAL A563,A563,bolt,augmented
A653,A653,material,original
A653 A653,A653,material,augmented
ASTM A653,A653,material,augmented
A653 Steel,A653,material,augmented
Grade A653,A653,material,augmented
Mat'l A653,A653,material,augmented
Steel A653,A653,material,augmented
A653 (A653),A653,material,augmented
MATERIAL A653,A653,material,augmented
A706,A706,material,original
A706 A706,A706,material,augmented
ASTM A706,A706,material,augmented
A706 Steel,A706,material,augmented
Grade A706,A706,material,augmented
Mat'l A706,A706,material,augmented
Steel A706,A706,material,augmented
A706 (A706),A706,material,augmented
MATERIAL A706,A706,material,augmented
A913,A913,material,original
A913 A913,A913,material,augmented
ASTM A913,A913,material,augmented
A913 Steel,A913,material,augmented
Grade A913,A913,material,augmented
Mat'l A913,A913,material,augmented
Steel A913,A913,material,augmented
A913 (A913),A913,material,augmented
MATERIAL A913,A913,material,augmented
A959,A959,material,original
A959 A959,A959,material,augmented
ASTM A959,A959,material,augmented
A959 Steel,A959,material,augmented
Grade A959,A959,material,augmented
Mat'l A959,A959,material,augmented
Steel A959,A959,material,augmented
A959 (A959),A959,material,augmented
MATERIAL A959,A959,material,augmented
C5X5,C,structural_section,augmented
L5X5,C,structural_section,original
C 5X5,C,structural_section,augmented
C-5X5,C,structural_section,augmented
C_5X5,C,structural_section,augmented
C5 X 5,C,structural_section,augmented
C 5 X 5,C,structural_section,augmented
C5X5 A36,C,structural_section,augmented
C Shape C5X5,C,structural_section,augmented
C Shape-C5X5,C,structural_section,augmented
C5X5 C Shape,C,structural_section,augmented
A153,A153,material,original
A153 A153,A153,material,augmented
ASTM A153,A153,material,augmented
A153 Steel,A153,material,augmented
Grade A153,A153,material,augmented
Mat'l A153,A153,material,augmented
Steel A153,A153,material,augmented
A153 (A153),A153,material,augmented
MATERIAL A153,A153,material,augmented
A496,A496,material,original
A496 A496,A496,material,augmented
ASTM A496,A496,material,augmented
A496 Steel,A496,material,augmented
Grade A496,A496,material,augmented
Mat'l A496,A496,material,augmented
Steel A496,A496,material,augmented
A496 (A496),A496,material,augmented
MATERIAL A496,A496,material,augmented
A525,A525,material,original
A525 A525,A525,material,augmented
ASTM A525,A525,material,augmented
A525 Steel,A525,material,augmented
Grade A525,A525,material,augmented
Mat'l A525,A525,material,augmented
Steel A525,A525,material,augmented
A525 (A525),A525,material,augmented
MATERIAL A525,A525,material,augmented
A775,A775,material,original
A775 A775,A775,material,augmented
ASTM A775,A775,material,augmented
A775 Steel,A775,material,augmented
Grade A775,A775,material,augmented
Mat'l A775,A775,material,augmented
Steel A775,A775,material,augmented
A775 (A775),A775,material,augmented
MATERIAL A775,A775,material,augmented
A780,A780,material,original
A780 A780,A780,material,augmented
ASTM A780,A780,material,augmented
A780 Steel,A780,material,augmented
Grade A780,A780,material,augmented
Mat'l A780,A780,material,augmented
Steel A780,A780,material,augmented
A780 (A780),A780,material,augmented
MATERIAL A780,A780,material,augmented
L2X2X10,L,structural_section,original
L 2X2X10,L,structural_section,original
L-2X2X10,L,structural_section,augmented
L_2X2X10,L,structural_section,augmented
L2 X 2X10,L,structural_section,original
L2X2X10 A36,L,structural_section,augmented
L 2 X 2 X 10,L,structural_section,original
Angle L2X2X10,L,structural_section,augmented
Angle-L2X2X10,L,structural_section,augmented
L2X2X10 Angle,L,structural_section,augmented
L Shape L2X2X10,L,structural_section,augmented
L Shape-L2X2X10,L,structural_section,augmented
L5X3,L,structural_section,original
L 5X3,L,structural_section,original
L-5X3,L,structural_section,augmented
L_5X3,L,structural_section,augmented
L5 X 3,L,structural_section,original
L 5 X 3,L,structural_section,original
L5X3 A36,L,structural_section,augmented
Angle L5X3,L,structural_section,augmented
Angle-L5X3,L,structural_section,augmented
L5X3 Angle,L,structural_section,augmented
L Shape L5X3,L,structural_section,augmented
L Shape-L5X3,L,structural_section,augmented
L5X3 L Shape,L,structural_section,augmented
A970,A970,material,original
A970 A970,A970,material,augmented
ASTM A970,A970,material,augmented
A970 Steel,A970,material,augmented
Grade A970,A970,material,augmented
Mat'l A970,A970,material,augmented
Steel A970,A970,material,augmented
A970 (A970),A970,material,augmented
MATERIAL A970,A970,material,augmented
A568,A568,bolt,original
A568 A568,A568,bolt,augmented
ASTM A568,A568,bolt,augmented
A568 Steel,A568,bolt,augmented
Grade A568,A568,bolt,augmented
Mat'l A568,A568,bolt,augmented
Steel A568,A568,bolt,augmented
A568 (A568),A568,bolt,augmented
MATERIAL A568,A568,bolt,augmented
A588,A588,bolt,original
A588 A588,A588,bolt,augmented
ASTM A588,A588,bolt,augmented
A588 Steel,A588,bolt,augmented
Grade A588,A588,bolt,augmented
Mat'l A588,A588,bolt,augmented
Steel A588,A588,bolt,augmented
A588 (A588),A588,bolt,augmented
MATERIAL A588,A588,bolt,augmented
BEAM W18X35,W,structural_section,original
W BEAM W18X35,W,structural_section,augmented
BEAM W18X35 (W),W,structural_section,augmented
ASTM BEAM W18X35,W,structural_section,augmented
BEAM W18X35 Steel,W,structural_section,augmented
Grade BEAM W18X35,W,structural_section,augmented
Mat'l BEAM W18X35,W,structural_section,augmented
Steel BEAM W18X35,W,structural_section,augmented
MATERIAL BEAM W18X35,W,structural_section,augmented
L5X5,L,structural_section,original
L 5X5,L,structural_section,original
L-5X5,L,structural_section,augmented
L_5X5,L,structural_section,augmented
L5 X 5,L,structural_section,original
L 5 X 5,L,structural_section,original
L5X5 A36,L,structural_section,augmented
Angle L5X5,L,structural_section,augmented
Angle-L5X5,L,structural_section,augmented
L5X5 Angle,L,structural_section,augmented
L Shape L5X5,L,structural_section,augmented
L Shape-L5X5,L,structural_section,augmented
W10X24,W,structural_section,original
W 10X24,W,structural_section,original
W-10X24,W,structural_section,augmented
W_10X24,W,structural_section,augmented
WF10X24,W,structural_section,augmented
W10 X 24,W,structural_section,original
WF 10X24,W,structural_section,augmented
WF-10X24,W,structural_section,augmented
W 10 X 24,W,structural_section,original
W10X24 WF,W,structural_section,augmented
WF W10X24,W,structural_section,augmented
WF-W10X24,W,structural_section,augmented
A22,A22,material,original
A22 A22,A22,material,augmented
ASTM A22,A22,material,augmented
A22 (A22),A22,material,augmented
A22 Steel,A22,material,augmented
Grade A22,A22,material,augmented
Mat'l A22,A22,material,augmented
Steel A22,A22,material,augmented
MATERIAL A22,A22,material,augmented
W16X64,W,structural_section,original
W 16X64,W,structural_section,original
W-16X64,W,structural_section,augmented
W_16X64,W,structural_section,augmented
WF16X64,W,structural_section,augmented
W16 X 64,W,structural_section,original
WF 16X64,W,structural_section,augmented
WF-16X64,W,structural_section,augmented
W 16 X 64,W,structural_section,original
W16X64 WF,W,structural_section,augmented
WF W16X64,W,structural_section,augmented
WF-W16X64,W,structural_section,augmented
