id,event,token,detail,actor,created_at
5ca2f3ab,approve,WF18X40,class=W,user,2026-07-22T10:32:26.388520+00:00
bf13838c,retrain,,accuracy=0.9783 samples=2300 approved=1,user,2026-07-22T10:32:29.889811+00:00
8fd1f64d,upload,,"ST - Springhill Lake.pdf: 137 tokens (85 known, 52 unknown)",system,2026-07-22T10:38:23.111414+00:00
12497dfa,approve,A1064,class=A,user,2026-07-22T10:40:07.870475+00:00
24c38307,approve,A108,class=A,user,2026-07-22T10:40:12.507459+00:00
ab56ce6f,approve,HSSCUSTOM99,class=HSS,user,2026-07-22T10:42:12.218675+00:00
c1e11d33,approve,A2,class=A,user,2026-07-22T10:42:13.047635+00:00
6b6f27b7,approve,A3,class=A,user,2026-07-22T10:42:14.858740+00:00
92908c25,approve,A307,class=A,user,2026-07-22T10:42:15.293344+00:00
a5fbf756,approve,A325,class=A,user,2026-07-22T10:42:15.655713+00:00
6b32abd7,approve,A36,class=A,user,2026-07-22T10:42:15.958432+00:00
23ff4ccf,approve,A500,class=A,user,2026-07-22T10:42:16.243473+00:00
bcac6414,approve,A53,class=A,user,2026-07-22T10:42:16.507361+00:00
f5bbc138,approve,A568,class=A,user,2026-07-22T10:42:16.831026+00:00
c703b994,approve,A572,class=A,user,2026-07-22T10:42:17.131403+00:00
f6a418f3,approve,A588,class=A,user,2026-07-22T10:42:17.428118+00:00
ee33dddb,approve,A6,class=A,user,2026-07-22T10:42:17.749377+00:00
591c4202,approve,A615,class=A,user,2026-07-22T10:42:18.071751+00:00
437ec550,approve,A653,class=A,user,2026-07-22T10:42:18.236432+00:00
4e2a4525,approve,A706,class=A,user,2026-07-22T10:42:18.581080+00:00
24032cd9,approve,A913,class=A,user,2026-07-22T10:42:18.878520+00:00
b16f407e,approve,A970,class=A,user,2026-07-22T10:42:19.213657+00:00
5c43b969,approve,A992,class=A,user,2026-07-22T10:42:19.526189+00:00
178fb1e8,approve,HSS10X0,class=HSS,user,2026-07-22T10:42:19.740705+00:00
180a1e28,approve,HSS16X0,class=HSS,user,2026-07-22T10:42:20.066401+00:00
9960ae7b,approve,HSS18X0,class=HSS,user,2026-07-22T10:42:20.394871+00:00
3d3e60bf,approve,L1x1x1/4,class=L,user,2026-07-22T10:42:20.570659+00:00
8dceddd1,approve,L4X3,class=L,user,2026-07-22T10:42:21.996296+00:00
dcbe3a0c,approve,L4x4,class=L,user,2026-07-22T10:42:22.215909+00:00
d718c70b,approve,L5X3,class=C,user,2026-07-22T10:42:22.410810+00:00
e67a91d6,approve,L6X3,class=L,user,2026-07-22T10:42:22.766487+00:00
bb725086,approve,S-001,class=S,user,2026-07-22T10:42:23.089857+00:00
fc4c1bd3,approve,S-002,class=S,user,2026-07-22T10:42:24.060629+00:00
8dc51ae1,approve,S-003,class=S,user,2026-07-22T10:42:24.318897+00:00
59be99ce,approve,S-004,class=S,user,2026-07-22T10:42:24.600154+00:00
4cdf11f0,approve,S-111,class=S,user,2026-07-22T10:42:24.769378+00:00
34779864,approve,S-112,class=S,user,2026-07-22T10:42:24.915316+00:00
69882c0b,approve,S-113,class=S,user,2026-07-22T10:42:25.125445+00:00
49eb3d8f,approve,S-201,class=S,user,2026-07-22T10:42:25.276044+00:00
210886c4,approve,S-202,class=S,user,2026-07-22T10:42:25.472731+00:00
bf47fde4,approve,S-203,class=S,user,2026-07-22T10:42:25.773028+00:00
e80e46dd,approve,S-204,class=S,user,2026-07-22T10:42:25.977096+00:00
707cd84a,approve,S-205,class=S,user,2026-07-22T10:42:26.208015+00:00
45f1d558,approve,S-206,class=S,user,2026-07-22T10:42:26.470944+00:00
6e99533f,approve,S-301,class=S,user,2026-07-22T10:42:26.742161+00:00
e966cbfe,approve,S-311,class=S,user,2026-07-22T10:42:27.003843+00:00
05fe51d6,approve,S-312,class=S,user,2026-07-22T10:42:27.210279+00:00
0bc65296,approve,S-321,class=S,user,2026-07-22T10:42:27.392104+00:00
53ffd001,approve,S-322,class=S,user,2026-07-22T10:42:27.571556+00:00
50025dc2,approve,S-401,class=S,user,2026-07-22T10:42:27.864287+00:00
d69ec85b,approve,S-402,class=S,user,2026-07-22T10:42:28.040495+00:00
c8397fca,approve,S-403,class=S,user,2026-07-22T10:42:28.248790+00:00
d443834a,approve,S-404,class=S,user,2026-07-22T10:42:28.442616+00:00
94d09164,approve,S-501,class=S,user,2026-07-22T10:42:28.779037+00:00
a3cf8903,approve,S-502,class=S,user,2026-07-22T10:42:28.965088+00:00
abba58ff,approve,S-601,class=S,user,2026-07-22T10:42:29.115822+00:00
0b070b07,retrain,,accuracy=0.9809 samples=2353 approved=54,user,2026-07-22T10:43:00.440651+00:00
559aede2,reject,A123,,user,2026-07-22T10:46:13.872728+00:00
bb0f787d,approve,A205,class=A,user,2026-07-22T10:46:22.377362+00:00
7c76a320,approve,A5,class=A,user,2026-07-22T10:46:23.558661+00:00
8efc9d09,approve,HSS10x10,class=HSS,user,2026-07-22T10:46:29.268871+00:00
017583ee,approve,HSS3x3,class=HSS,user,2026-07-22T10:46:30.099594+00:00
f80dfb43,approve,HSS6x8x1/2,class=HSS,user,2026-07-22T10:46:30.784532+00:00
69f55b44,approve,HSS8X8,class=HSS,user,2026-07-22T10:46:32.677162+00:00
0ade509d,approve,A2280,class=A,user,2026-07-22T10:46:37.306472+00:00
5714bdbc,approve,A29,class=A,user,2026-07-22T10:46:38.574837+00:00
bf8ecfbe,approve,A416,class=A,user,2026-07-22T10:46:39.692750+00:00
1920ed88,approve,A446,class=A,user,2026-07-22T10:46:40.536530+00:00
e4b34c97,approve,A490,class=A,user,2026-07-22T10:46:41.348876+00:00
0e1a8941,retrain,,accuracy=0.9831 samples=2364 approved=65,user,2026-07-22T10:46:55.867743+00:00
f6a54184,retrain,,accuracy=0.9831 samples=2364 approved=65,user,2026-07-22T10:47:04.148658+00:00
229e1c09,upload,,"1200 K_Permit_Bid_Dwgs - Structural.pdf: 81 tokens (57 known, 24 unknown)",system,2026-07-22T10:47:36.192394+00:00
92d63c74,approve,A563,class=A,user,2026-07-22T10:48:02.696893+00:00
3d25f8bf,approve,A959,class=A,user,2026-07-22T10:48:06.426926+00:00
3913a8bc,approve,HSS5x5,class=HSS,user,2026-07-22T10:48:07.185005+00:00
7064f852,approve,L18x12x3/8,class=L,user,2026-07-22T10:48:07.848961+00:00
c90c9590,reject,L5x5,,user,2026-07-22T10:48:08.745582+00:00
85f0a19c,retrain,,accuracy=0.9831 samples=2368 approved=69,user,2026-07-22T10:48:20.249548+00:00
313d40b5,upload,,"Burrville ES - ST.pdf: 125 tokens (76 known, 49 unknown)",system,2026-07-22T10:49:12.887207+00:00
ec05b03a,approve,S-101,class=S,user,2026-07-22T10:49:29.970380+00:00
5ef19542,approve,S-102,class=S,user,2026-07-22T10:49:33.600753+00:00
9a13da19,approve,S-103,class=S,user,2026-07-22T10:49:39.166692+00:00
4a5a2c69,approve,S-104,class=S,user,2026-07-22T10:49:39.983872+00:00
e11cce95,approve,S-207,class=S,user,2026-07-22T10:49:40.731577+00:00
9ee49e33,approve,S-208,class=S,user,2026-07-22T10:49:41.563160+00:00
01553708,approve,W14X198,class=W,user,2026-07-22T10:49:48.507391+00:00
79202fe0,retrain,,accuracy=0.9811 samples=2375 approved=76,user,2026-07-22T10:50:00.177636+00:00
38fec40d,upload,,"GCDC Building 4 - ST1.pdf: 176 tokens (143 known, 33 unknown)",system,2026-07-22T10:50:40.023154+00:00
c8de4826,approve,A153,class=A,user,2026-07-22T10:50:53.399344+00:00
cffbdd04,approve,A496,class=A,user,2026-07-22T10:50:54.645333+00:00
8ded17cc,approve,A525,class=A,user,2026-07-22T10:50:55.449656+00:00
e2c45607,approve,A775,class=A,user,2026-07-22T10:50:56.189771+00:00
6e14996c,approve,A780,class=A,user,2026-07-22T10:50:57.262292+00:00
0b325836,approve,HSS12x12,class=HSS,user,2026-07-22T10:51:02.485805+00:00
d9d6ef43,approve,HSS14x0,class=HSS,user,2026-07-22T10:51:03.139537+00:00
8c737975,approve,HSS14x10,class=HSS,user,2026-07-22T10:51:03.822708+00:00
38d746ba,approve,HSS14x14,class=HSS,user,2026-07-22T10:51:04.710439+00:00
5d28c818,approve,HSS6x6,class=HSS,user,2026-07-22T10:51:05.619878+00:00
24c0e0c8,approve,HSS8X6,class=HSS,user,2026-07-22T10:51:06.254496+00:00
305eb207,approve,HSS8x4,class=HSS,user,2026-07-22T10:51:07.406693+00:00
84321213,reject,L2x2x10,,user,2026-07-22T10:51:11.273674+00:00
dc0ff68a,approve,L6x4x1/4,class=L,user,2026-07-22T10:51:15.597608+00:00
9f4f65e1,approve,L7x7x1/2,class=L,user,2026-07-22T10:51:16.165719+00:00
0a2e6ba8,approve,W18x36,class=W,user,2026-07-22T10:51:16.715089+00:00
5c64a56f,retrain,,accuracy=0.9812 samples=2390 approved=91,user,2026-07-22T10:51:26.413947+00:00
7a675849,upload,,"ST.pdf: 81 tokens (43 known, 38 unknown)",system,2026-07-22T10:54:10.996220+00:00
164d839b,approve,S-000,class=S,user,2026-07-22T10:54:39.807184+00:00
4fd473a9,approve,S-005,class=S,user,2026-07-22T10:54:41.008425+00:00
e2a15030,approve,S-100,class=S,user,2026-07-22T10:54:41.609291+00:00
9de9bef3,approve,S-105,class=S,user,2026-07-22T10:54:41.960317+00:00
737771a0,approve,S-200,class=S,user,2026-07-22T10:54:42.163516+00:00
13c13ffe,approve,S-300,class=S,user,2026-07-22T10:54:42.681992+00:00
08ca35be,approve,S-302,class=S,user,2026-07-22T10:54:43.166673+00:00
b5571482,approve,S-400,class=S,user,2026-07-22T10:54:43.395153+00:00
141e5c9d,approve,S-500,class=S,user,2026-07-22T10:54:43.665575+00:00
aeb5f2d3,approve,S-600,class=S,user,2026-07-22T10:54:43.960677+00:00
2ec019d5,approve,S-700,class=S,user,2026-07-22T10:54:44.136947+00:00
9bba6797,approve,S-701,class=S,user,2026-07-22T10:54:44.424701+00:00
bdccd928,approve,S-710,class=S,user,2026-07-22T10:54:44.597830+00:00
c604470e,approve,S-711,class=S,user,2026-07-22T10:54:45.323280+00:00
0a5ed55f,approve,S-800,class=S,user,2026-07-22T10:54:46.369402+00:00
a704d294,retrain,,accuracy=0.9834 samples=2405 approved=106,user,2026-07-22T10:55:00.439053+00:00
eb267bef,upload,,"ST - Springhill Lake.pdf: 137 tokens (85 known, 52 unknown)",system,2026-07-22T10:55:59.404806+00:00
899ec82e,approve,HSS12X4,class=HSS,user,2026-07-22T10:56:14.884720+00:00
a8535e27,upload,,"03 - SFSLS_251029_ISSUED FOR BID_2A_STRUCTURAL complied thru add 2.pdf: 180 tokens (110 known, 70 unknown)",system,2026-07-22T10:58:35.205598+00:00
4cc71a85,approve,HSS4x0,class=HSS,user,2026-07-22T10:58:54.327626+00:00
0f9a91f4,approve,HSS6X0,class=HSS,user,2026-07-22T10:59:07.369230+00:00
5b7aa11a,approve,L5x5x1/4,class=L,user,2026-07-22T10:59:07.848180+00:00
ab33a41a,approve,S-121,class=S,user,2026-07-22T10:59:08.300365+00:00
eb7b09d5,approve,S-122,class=S,user,2026-07-22T10:59:08.716468+00:00
62b7bf4f,approve,S-123,class=S,user,2026-07-22T10:59:09.077710+00:00
1f0d2d19,approve,S-124,class=S,user,2026-07-22T10:59:09.543866+00:00
720363a5,approve,S-131,class=S,user,2026-07-22T10:59:09.933026+00:00
3a9a28d5,approve,S-132,class=S,user,2026-07-22T10:59:10.391936+00:00
fb10ab67,approve,S-141,class=S,user,2026-07-22T10:59:10.819950+00:00
46c1155b,approve,S-142,class=S,user,2026-07-22T10:59:11.257481+00:00
5433dd21,approve,S-209,class=S,user,2026-07-22T10:59:12.272216+00:00
f2f87d1c,approve,S-313,class=S,user,2026-07-22T10:59:13.455617+00:00
898d648c,retrain,,accuracy=0.9814 samples=2419 approved=120,user,2026-07-22T10:59:59.593586+00:00
67eb30c3,upload,,"1200 K_Permit_Bid_Dwgs - Structural.pdf: 81 tokens (57 known, 24 unknown)",system,2026-07-22T12:40:25.748760+00:00
2741d8ae,upload,,"1200 K_Permit_Bid_Dwgs - Structural.pdf: 81 tokens (57 known, 24 unknown)",system,2026-07-22T13:08:53.080104+00:00
cc39a1b3-9ff5-4afa-9690-87e84069f560,unknown_queued,WF99X99,Queued for review (structural_section),system,2026-07-22T13:36:21.517870+00:00
d7e60dbd-4603-4311-874b-91bf74e59847,unknown_queued,A992,Queued for review (material),system,2026-07-22T13:37:19.874529+00:00
1941bf5e-6808-41c9-a721-3777cd8126b5,unknown_queued,A123,Queued for review (material),system,2026-07-22T13:37:21.943418+00:00
fd26db19-1cf3-4faf-aaa9-3c18eff3be16,unknown_queued,A205,Queued for review (material),system,2026-07-22T13:37:21.962667+00:00
994b3d3a-3789-4bfd-8efc-3215bda7bc40,unknown_queued,A307,Queued for review (bolt),system,2026-07-22T13:37:21.995618+00:00
aecbd79a-5290-4366-b226-2435258722c8,unknown_queued,A325,Queued for review (bolt),system,2026-07-22T13:37:22.019991+00:00
087de13b-0d8f-4384-9149-95308ee36172,unknown_queued,A36,Queued for review (material),system,2026-07-22T13:37:22.054560+00:00
c7dc8c1b-2364-4d95-8813-3da9a5905ac3,unknown_queued,A5,Queued for review (structural_section),system,2026-07-22T13:37:22.079372+00:00
046e35c1-767e-43ca-acba-fc24d2f887ef,unknown_queued,A572,Queued for review (material),system,2026-07-22T13:37:22.108720+00:00
6c529e7e-a484-4293-bbad-76fb6ec1ae14,unknown_queued,A615,Queued for review (material),system,2026-07-22T13:37:22.142203+00:00
238b1e26-abb5-4728-b5a4-b9fda76d3708,unknown_queued,HSS10x10,Queued for review (structural_section),system,2026-07-22T13:37:22.191714+00:00
3a69c565-e5d3-4f7c-8f75-3efef8ecccf0,unknown_queued,HSS3x3,Queued for review (structural_section),system,2026-07-22T13:37:22.244000+00:00
e0b7fa0e-52ba-4183-8d36-ce1dd89e6b8b,unknown_queued,HSS6x8x1/2,Queued for review (structural_section),system,2026-07-22T13:37:22.294011+00:00
0c78d31d-07c5-4380-8c0c-80a037105473,unknown_queued,HSS8X8,Queued for review (structural_section),system,2026-07-22T13:37:22.316908+00:00
ffe8d3c8-4737-4325-9d33-bb8342a77898,unknown_queued,S-000,Queued for review (structural_section),system,2026-07-22T13:37:22.478410+00:00
05e7e0d9-cc26-43f7-8c75-46f3bbb17b59,unknown_queued,S-001,Queued for review (structural_section),system,2026-07-22T13:37:22.501476+00:00
5cecec0e-c58c-4ffb-a409-4e7510416c67,unknown_queued,S-002,Queued for review (structural_section),system,2026-07-22T13:37:22.521194+00:00
fd25d32d-9d19-402a-b833-82d466045fb5,unknown_queued,S-003,Queued for review (structural_section),system,2026-07-22T13:37:22.543888+00:00
9cbea2e2-265d-40d0-a204-4ed8efeddfea,unknown_queued,S-004,Queued for review (structural_section),system,2026-07-22T13:37:22.568214+00:00
04cb536b-eff1-4ea6-8832-bc6a776aa715,unknown_queued,S-005,Queued for review (structural_section),system,2026-07-22T13:37:22.592894+00:00
0b861e39-bb4f-483b-9e69-75689f838aee,unknown_queued,S-100,Queued for review (structural_section),system,2026-07-22T13:37:22.618203+00:00
10cc0d45-d41c-4f6c-988f-6cfb1a6af7b3,unknown_queued,S-101,Queued for review (structural_section),system,2026-07-22T13:37:22.644111+00:00
03385137-519d-4233-89fe-125a14427aa3,unknown_queued,S-102,Queued for review (structural_section),system,2026-07-22T13:37:22.663612+00:00
b37f6484-6bad-4763-9dde-8ed6f00364f7,unknown_queued,S-103,Queued for review (structural_section),system,2026-07-22T13:37:22.693625+00:00
80a01a30-756b-4e64-8566-ec2f75b96a06,unknown_queued,S-104,Queued for review (structural_section),system,2026-07-22T13:37:22.718718+00:00
6e496d31-784c-4b41-b400-2e00071a5e1f,unknown_queued,S-105,Queued for review (structural_section),system,2026-07-22T13:37:22.743915+00:00
0d97424e-ac5d-44fa-a404-0310927d8fae,unknown_queued,S-200,Queued for review (structural_section),system,2026-07-22T13:37:22.767768+00:00
daf9320e-7a1d-4bfd-9154-4928f7887c6e,unknown_queued,S-300,Queued for review (structural_section),system,2026-07-22T13:37:22.794847+00:00
4a31188e-1711-4303-9868-ed0b85e6d5a1,unknown_queued,S-302,Queued for review (structural_section),system,2026-07-22T13:37:22.820391+00:00
92851a62-2b3d-47bf-bbbc-55cb3e9b1ffb,unknown_queued,S-400,Queued for review (structural_section),system,2026-07-22T13:37:22.843873+00:00
7a882e18-abd1-4ee8-aec3-5bf25fc75a5b,unknown_queued,S-500,Queued for review (structural_section),system,2026-07-22T13:37:22.869994+00:00
7de5f6c7-61b5-42a6-81e8-c4b78679d7a2,unknown_queued,S-501,Queued for review (structural_section),system,2026-07-22T13:37:22.894214+00:00
818d7e2b-04bc-4d83-bc3b-c580e7d7b5f1,unknown_queued,S-600,Queued for review (structural_section),system,2026-07-22T13:37:22.920121+00:00
05eef447-8f5b-4911-abc5-0cc8614a833f,unknown_queued,S-700,Queued for review (structural_section),system,2026-07-22T13:37:22.943893+00:00
503940c3-c3f5-47c5-9023-19c5529baf04,unknown_queued,S-701,Queued for review (structural_section),system,2026-07-22T13:37:22.973085+00:00
f8934b51-6491-47e9-bebe-e70aa5faf919,unknown_queued,S-710,Queued for review (structural_section),system,2026-07-22T13:37:22.994936+00:00
c82df2a0-be65-4f01-afff-9ff135e98c8a,unknown_queued,S-711,Queued for review (structural_section),system,2026-07-22T13:37:23.019692+00:00
c8c01b11-19d0-4cbf-8604-4b0a22decd84,unknown_queued,S-800,Queued for review (structural_section),system,2026-07-22T13:37:23.044227+00:00
f6fe283f-a41e-483b-b2b8-8facd3145ff8,unknown_queued,A1064,Queued for review (material),system,2026-07-22T14:05:14.797314+00:00
80408a50-73d2-4df4-ad2e-babecbc2f8dd,unknown_queued,A108,Queued for review (material),system,2026-07-22T14:05:14.816794+00:00
fa3f2d9e-077c-41ed-a40c-02bd1529294c,unknown_queued,A2280,Queued for review (material),system,2026-07-22T14:05:14.849764+00:00
66455055-28c1-415a-b22a-3b8858c6e2c3,unknown_queued,A29,Queued for review (material),system,2026-07-22T14:05:14.871403+00:00
d5d18ce4-cdf7-4248-bad2-71a7036f46c8,unknown_queued,A416,Queued for review (material),system,2026-07-22T14:05:14.928767+00:00
c38840a9-d8d6-4e40-87cb-35dca1968834,unknown_queued,A446,Queued for review (material),system,2026-07-22T14:05:14.951974+00:00
71b96971-8104-40ff-a290-521f0e33b5b9,unknown_queued,A490,Queued for review (bolt),system,2026-07-22T14:05:14.974372+00:00
7e420f9f-3f6d-40ce-a4e6-4afa8283634f,unknown_queued,A500,Queued for review (material),system,2026-07-22T14:05:15.013098+00:00
25178f6d-1b36-40d9-9f7a-4752ff6a28cc,unknown_queued,A53,Queued for review (material),system,2026-07-22T14:05:15.041212+00:00
1926176e-8c97-42d5-9f20-c32e96a931f9,unknown_queued,A563,Queued for review (bolt),system,2026-07-22T14:05:15.061518+00:00
3c7d8ca7-e955-4a67-9b2d-83a1738b8c60,unknown_queued,A653,Queued for review (material),system,2026-07-22T14:05:15.112304+00:00
b5bee377-83c8-44e7-834f-8bdb4fa9eb83,unknown_queued,A706,Queued for review (material),system,2026-07-22T14:05:15.147482+00:00
646850f2-4f66-49f4-9265-5724e4006fd2,unknown_queued,A913,Queued for review (material),system,2026-07-22T14:05:15.170280+00:00
6172525c-b61a-4941-b638-9bb0e944ec5b,unknown_queued,A959,Queued for review (material),system,2026-07-22T14:05:15.208440+00:00
711c38bf-f1e1-4f06-81bc-770020df37dd,unknown_queued,HSS5x5,Queued for review (structural_section),system,2026-07-22T14:05:15.344195+00:00
d53ec47a-0151-43e9-b1d4-388baf1791cc,unknown_queued,L18x12x3/8,Queued for review (structural_section),system,2026-07-22T14:05:15.487046+00:00
cc96e0d7-e8ad-4434-b37d-ff0e85c9dc1d,unknown_queued,L5x5,Queued for review (structural_section),system,2026-07-22T14:05:15.608622+00:00
92020cf1-ce98-4c1e-a593-16d76f778981,token_approved,WF99X99,class=A,user,2026-07-22T14:06:33.282732+00:00
a2eed92b-c23c-4c75-8283-8ad96fe96b24,token_approved,A992,class=A992,user,2026-07-22T14:06:37.486142+00:00
16adf4c4-8fff-4273-9ea1-946c73e9ac6d,token_approved,A123,class=A123,user,2026-07-22T14:06:47.221692+00:00
78f9f20b-76df-4fdb-9aad-e9ebb2e51922,token_approved,A205,class=A205,user,2026-07-22T14:06:52.611504+00:00
fcbc2e61-7bbb-4e30-ba52-36b493e6f321,model_retrained,,"{""model"": ""SVM"", ""accuracy"": 0.9992, ""f1"": 0.9992, ""rows"": 30939, ""augmented"": 21518}",system,2026-07-23T08:01:53.533521+00:00
0f7704a2-e487-4c52-afa0-988173f09243,model_retrained,,"{""model"": ""SVM"", ""accuracy"": 0.9992, ""f1"": 0.9992, ""rows"": 30939, ""augmented"": 21518}",system,2026-07-23T08:14:30.314703+00:00
f7c60d0b-f6fb-4955-a85e-d230ef4805dc,model_retrained,,"{""model"": ""SVM"", ""accuracy"": 0.9992, ""f1"": 0.999, ""rows"": 30939, ""augmented"": 21518}",system,2026-07-23T08:15:13.807900+00:00
2579c736-a7a4-4141-812a-499c1324a79b,model_retrained,,"{""model"": ""SVM"", ""accuracy"": 0.9992, ""f1"": 0.999, ""rows"": 30939, ""augmented"": 21518}",system,2026-07-23T08:23:17.056839+00:00
80470345-8293-4775-a391-cfa0bb0b3e06,model_retrained,,"{""model"": ""SVM"", ""accuracy"": 0.9992, ""f1"": 0.999, ""rows"": 30939, ""augmented"": 21518}",system,2026-07-23T08:23:27.057457+00:00
581e43a2-3e75-471f-9e6d-524931c8b3bc,model_retrained,,"{""model"": ""SVM"", ""accuracy"": 0.9992, ""f1"": 0.999, ""rows"": 30939, ""augmented"": 21518}",system,2026-07-23T08:24:59.788625+00:00
03f93f9a-468e-4757-afb0-8e7c7fa41a9b,model_retrained,,"{""model"": ""SVM"", ""accuracy"": 0.9992, ""f1"": 0.999, ""rows"": 30939, ""augmented"": 21518}",system,2026-07-23T08:28:27.204064+00:00
3c7e7a04-2337-4174-b41a-b06546500d0a,unknown_queued,A123,Queued for review (material),system,2026-07-23T08:31:50.542048+00:00
8c7656e9-f45a-43a7-817e-9954411e4f51,unknown_queued,A153,Queued for review (material),system,2026-07-23T08:31:50.565654+00:00
848ea2c8-32bf-4161-a4c8-319064f71389,unknown_queued,A496,Queued for review (material),system,2026-07-23T08:31:50.649295+00:00
37f64a36-b53a-4629-a130-7191eb4b903b,unknown_queued,A525,Queued for review (material),system,2026-07-23T08:31:50.708349+00:00
923851f8-6a62-4f23-b4bc-a736878674fa,unknown_queued,A775,Queued for review (material),system,2026-07-23T08:31:50.788533+00:00
81b195b2-f914-43a7-bf69-aa21c4fa3db0,unknown_queued,A780,Queued for review (material),system,2026-07-23T08:31:50.811791+00:00
d8926f90-1eda-4260-8101-4a669184fa6d,unknown_queued,A992,Queued for review (material),system,2026-07-23T08:31:50.840726+00:00
cd307d8a-f71d-4363-ac9c-7424d750a905,unknown_queued,HSS12x12,Queued for review (structural_section),system,2026-07-23T08:31:50.946730+00:00
dab9652a-2beb-4f55-ae6a-ccbea34000a7,unknown_queued,HSS14x0,Queued for review (structural_section),system,2026-07-23T08:31:51.050900+00:00
5c1b7c48-c4d2-4cb3-9827-9bdc53aa21ba,unknown_queued,HSS14x10,Queued for review (structural_section),system,2026-07-23T08:31:51.075851+00:00
a450d6d8-0953-47db-9183-ff9c88d62c6e,unknown_queued,HSS14x14,Queued for review (structural_section),system,2026-07-23T08:31:51.116325+00:00
2839626d-7bb4-45ea-bbc1-c766d16e7dc0,unknown_queued,HSS6x6,Queued for review (structural_section),system,2026-07-23T08:31:51.393935+00:00
2608822c-27f6-4c98-927d-293eabbf4864,unknown_queued,HSS8X6,Queued for review (structural_section),system,2026-07-23T08:31:51.426223+00:00
b2cdbaee-a074-424b-9367-bb6ddb6de328,unknown_queued,HSS8x4,Queued for review (structural_section),system,2026-07-23T08:31:51.449917+00:00
65897cf4-bd4c-44af-b34e-7223a9cac40d,unknown_queued,L2x2x10,Queued for review (structural_section),system,2026-07-23T08:31:51.671277+00:00
32a427ad-39ee-4e52-b94a-326565b52d96,unknown_queued,L4x4,Queued for review (structural_section),system,2026-07-23T08:31:51.748168+00:00
53d5cf3e-9e65-4ca5-9128-ff1c1f2bfa5a,unknown_queued,L5x3,Queued for review (structural_section),system,2026-07-23T08:31:51.839448+00:00
82e6c125-f090-4636-a5f8-a295d4191634,unknown_queued,L6x3,Queued for review (structural_section),system,2026-07-23T08:31:51.936516+00:00
d0a572be-0427-4059-a61a-920f533b96d5,unknown_queued,L6x4x1/4,Queued for review (structural_section),system,2026-07-23T08:31:51.960137+00:00
c6b34453-2643-4430-8f23-c6c07b53ffe5,unknown_queued,L7x7x1/2,Queued for review (structural_section),system,2026-07-23T08:31:52.066018+00:00
903b30a0-f16f-4459-aeff-b4cb16702567,unknown_queued,W18x36,Queued for review (structural_section),system,2026-07-23T08:31:52.807934+00:00
2d9e4be9-b2ce-4b1a-8a45-f63c8218353d,token_approved,A307,class=A307,user,2026-07-23T08:33:14.974506+00:00
0f633e1e-7a48-4aac-86b2-bd2114a22da3,token_approved,A325,class=A325,user,2026-07-23T08:33:23.054951+00:00
d61f9dc0-45f7-4a38-a4f1-ed71677c5a5c,token_approved,A36,class=A36,user,2026-07-23T08:33:32.905793+00:00
48b1a4ff-d0ce-4b14-be8f-33939c23b368,token_approved,A5,class=A,user,2026-07-23T08:34:08.613522+00:00
98800104-4909-40c3-9860-d258c8fb43a1,token_approved,A572,class=A572,user,2026-07-23T08:34:17.462104+00:00
1ad396e6-5cce-494c-9f31-d4e79752c50c,token_approved,HSS10x10,class=HSS,user,2026-07-23T08:34:34.723830+00:00
3ee34bbd-2c85-4d18-9163-4454a2bf895e,token_approved,HSS3x3,class=HSS,user,2026-07-23T08:34:38.386707+00:00
26853666-16c3-46d6-a932-92fcb1bb34d0,token_approved,HSS6x8x1/2,class=HSS,user,2026-07-23T08:34:45.019552+00:00
92703f7f-9563-4760-bc83-663ba9d146b1,token_approved,HSS8X8,class=HSS,user,2026-07-23T08:34:47.909141+00:00
f625a085-68d8-4f21-90c8-9ac56ff9eba5,model_retrained,,"{""model"": ""SVM"", ""accuracy"": 0.9992, ""f1"": 0.999, ""rows"": 30939, ""augmented"": 21518}",user,2026-07-23T08:40:02.408858+00:00
24097729-1c7c-412f-9082-f511dd95d8b5,token_approved,A615,class=A615,user,2026-07-23T10:23:02.662381+00:00
caf7b387-df9f-4dea-b54a-885f96639167,token_approved,S-000,class=S,user,2026-07-23T10:23:05.429892+00:00
2d40952f-04da-4a25-8663-f2cc6e5973fe,token_approved,S-001,class=S,user,2026-07-23T10:23:10.583461+00:00
e66645ce-5c86-406b-aacf-8ac276cf2e83,token_approved,S-002,class=S,user,2026-07-23T10:23:15.587195+00:00
bac12fbf-c0a7-472e-89ae-5e04f93c52cd,token_approved,S-003,class=S,user,2026-07-23T10:23:18.571672+00:00
d9952641-720d-46f9-8486-268ec1b98081,token_approved,S-004,class=S,user,2026-07-23T10:23:21.017448+00:00
f431993e-28c3-43a8-b81e-33dec91e9753,token_approved,S-005,class=S,user,2026-07-23T10:23:28.336782+00:00
39a2f2b5-0973-46a3-aa1d-65402474d5ff,token_approved,S-100,class=S,user,2026-07-23T10:23:31.262688+00:00
66fa0383-fdff-42ea-97fe-0da001357681,token_approved,S-101,class=S,user,2026-07-23T10:23:35.850615+00:00
71a1cf28-83c4-439f-960d-ed5d789bba47,token_approved,A1064,class=A1064,user,2026-07-23T11:12:09.433149+00:00
77190c8c-f667-492a-ae0f-ab8ee745a4c2,token_approved,S-102,class=S,user,2026-07-23T11:12:52.038680+00:00
bb9ad966-f4a0-4f32-ad39-1fd55ae2c818,token_approved,S-103,class=S,user,2026-07-23T11:12:52.083538+00:00
c3843ce6-1918-4e72-8d58-440e5d022edc,token_approved,S-104,class=S,user,2026-07-23T11:12:52.122916+00:00
7ecf817e-685d-4977-b0f7-f90083110b00,token_approved,S-105,class=S,user,2026-07-23T11:12:52.173450+00:00
a748943d-2ef6-4e20-8508-c9f8092bdfab,token_approved,S-200,class=S,user,2026-07-23T11:12:52.209145+00:00
57a74755-1cae-4ea3-a0ed-afc9edc19750,token_approved,S-300,class=S,user,2026-07-23T11:12:52.253596+00:00
01d490fd-b368-486e-824e-290164230f48,token_approved,S-302,class=S,user,2026-07-23T11:12:52.287121+00:00
c11384aa-ae5b-4b23-80e1-0839b619d646,token_approved,S-400,class=S,user,2026-07-23T11:12:52.319469+00:00
8a42b664-9aa0-47b1-bb2b-ca783d2597a5,token_approved,S-500,class=S,user,2026-07-23T11:12:52.351588+00:00
7a05f643-577b-47d5-811e-9474f353358d,token_approved,S-501,class=S,user,2026-07-23T11:12:52.383013+00:00
b9706770-c4e2-4b12-93ee-a5f26f0e65f4,token_approved,S-600,class=S,user,2026-07-23T11:12:52.415015+00:00
9c6e12e8-6b45-418d-a207-90c496873c69,token_approved,S-700,class=S,user,2026-07-23T11:12:52.437121+00:00
d8f6369b-3a5d-4cea-8322-a41b7bc53b46,token_approved,S-701,class=S,user,2026-07-23T11:12:52.467958+00:00
793fdd74-ceb5-4836-b921-59c27156cd69,token_approved,S-710,class=S,user,2026-07-23T11:12:52.493109+00:00
cb20917a-5f98-410a-b5d5-242f8b72d083,token_approved,S-711,class=S,user,2026-07-23T11:12:52.521016+00:00
b9dc2b41-e84b-487e-88ca-2bf105924324,token_approved,S-800,class=S,user,2026-07-23T11:12:52.542048+00:00
52afadc7-64c6-4323-9052-b00a2f6dff2c,token_approved,A108,class=A108,user,2026-07-23T11:12:52.566784+00:00
e7e6d68c-a1aa-4a86-87b5-634b8ee9fb74,token_approved,A2280,class=A2280,user,2026-07-23T11:12:52.590319+00:00
9d5fe85a-f82e-454f-b905-4751ee5edf54,token_approved,A29,class=A29,user,2026-07-23T11:12:52.617525+00:00
cb8c24e2-77ba-40ea-8fdc-ba904e50c757,token_approved,A416,class=A416,user,2026-07-23T11:12:52.637284+00:00
ed713dc3-888f-406a-a1ab-94e716723c61,token_approved,A446,class=A446,user,2026-07-23T11:12:52.660226+00:00
f926002c-e39f-4799-b7fa-aefb0459bf37,token_approved,A490,class=A490,user,2026-07-23T11:12:52.859088+00:00
0e61d44b-9bb2-4aec-9da7-981b5fb7b121,token_approved,A500,class=A500,user,2026-07-23T11:12:52.887493+00:00
60f3f133-0690-409e-b76a-0775d5cc0816,token_approved,A53,class=A53,user,2026-07-23T11:12:52.918470+00:00
a0066d6e-af5c-4276-9c4f-6e294b489b4c,token_approved,A563,class=A563,user,2026-07-23T11:12:52.945631+00:00
8ff56150-5702-4785-93c4-d27573d6f364,token_approved,A653,class=A653,user,2026-07-23T11:12:52.973676+00:00
4286a5a9-83e4-4244-875b-f80148a89f06,token_approved,A706,class=A706,user,2026-07-23T11:12:53.005998+00:00
922a73df-455e-46e0-8626-7d2ce7ea5835,token_approved,A913,class=A913,user,2026-07-23T11:12:53.025270+00:00
38dad24d-8a18-4ea8-91f2-5e67c6250f5b,token_approved,A959,class=A959,user,2026-07-23T11:12:53.049737+00:00
ceb999ff-7080-415e-a94a-d7f0826ab645,token_approved,HSS5x5,class=HSS,user,2026-07-23T11:12:53.071419+00:00
d1aada19-57ff-4144-a0b0-95e9ae84bd71,token_approved,L18x12x3/8,class=L,user,2026-07-23T11:12:53.096211+00:00
cb6259b5-1649-4dde-bfff-eb6f99b06fc0,token_approved,L5x5,class=C,user,2026-07-23T11:12:53.118348+00:00
98d878f0-9f99-4673-bd91-6f35222b6d6b,token_approved,A123,class=A123,user,2026-07-23T11:12:53.138576+00:00
605e9205-145f-4ae8-b7bb-df77fcfb06c1,token_approved,A153,class=A153,user,2026-07-23T11:12:53.163947+00:00
9d57ba3a-2aed-471f-a124-9fb6bfc0bd5d,token_approved,A496,class=A496,user,2026-07-23T11:12:53.184427+00:00
341bbede-8fe4-4707-b4f9-9d7f258639b7,token_approved,A525,class=A525,user,2026-07-23T11:12:53.204921+00:00
e6a742a5-19ab-43a7-b471-fe03037e535a,token_approved,A775,class=A775,user,2026-07-23T11:12:53.222158+00:00
86d62d0c-9feb-4a76-83b9-6afbed093523,token_approved,A780,class=A780,user,2026-07-23T11:12:53.238467+00:00
f0c4086f-d411-4387-bcfc-a77812468cf8,token_approved,A992,class=A992,user,2026-07-23T11:12:53.260494+00:00
82272fc5-e4e2-47a8-b196-94a2509d3381,token_approved,HSS12x12,class=HSS,user,2026-07-23T11:12:53.280386+00:00
b8363816-7ff9-43d9-bfd7-1b46b26aea81,token_approved,HSS14x0,class=HSS,user,2026-07-23T11:12:53.298465+00:00
967ea177-f9d7-4e62-b955-59ec5041a46e,token_approved,HSS14x10,class=HSS,user,2026-07-23T11:12:53.315942+00:00
6333a13f-73c8-4b79-868a-1eaf2c507bdc,token_approved,HSS14x14,class=HSS,user,2026-07-23T11:12:53.333872+00:00
35f3339c-9032-4d40-80a2-271e556eaf3c,token_approved,HSS6x6,class=HSS,user,2026-07-23T11:12:53.351489+00:00
d48896b9-7cc2-47d8-94f9-a58c92a69b5c,token_approved,HSS8X6,class=HSS,user,2026-07-23T11:12:53.369213+00:00
b29b608a-7a1e-46bc-b89f-64986db39eac,token_approved,HSS8x4,class=HSS,user,2026-07-23T11:12:53.386535+00:00
012cbe46-c389-46f8-a571-772280847d48,token_approved,L2x2x10,class=L,user,2026-07-23T11:12:53.404030+00:00
707e2e24-be9c-4ad8-8efc-a46526791ea0,token_approved,L4x4,class=L,user,2026-07-23T11:12:53.424270+00:00
572e715f-84cc-4250-ab6e-61cb78d7287c,token_approved,L5x3,class=L,user,2026-07-23T11:12:53.446453+00:00
db266dfd-161e-4379-846d-062952401179,token_approved,L6x3,class=L,user,2026-07-23T11:12:53.469573+00:00
bedd360f-fb5c-466d-944f-24e2e3258aa6,token_approved,L6x4x1/4,class=L,user,2026-07-23T11:12:53.497857+00:00
834016ad-0eaa-4ca3-8a56-7a41703dc411,token_approved,L7x7x1/2,class=L,user,2026-07-23T11:12:53.523100+00:00
4a99505a-107c-41bc-a610-3fc906e58776,token_approved,W18x36,class=W,user,2026-07-23T11:12:53.547926+00:00
544dcd8d-2688-44ac-88df-2d8984bdbd60,model_retrained,,"{""model"": ""SVM"", ""accuracy"": 0.9992, ""f1"": 0.999, ""rows"": 30939, ""augmented"": 21518}",user,2026-07-23T11:16:49.144057+00:00
e8f3a129-7cbe-4e9d-9e29-a397708175cc,model_retrained,,"{""model"": ""SVM"", ""accuracy"": 0.9992, ""f1"": 0.999, ""rows"": 30939, ""augmented"": 21518}",user,2026-07-23T11:19:58.101308+00:00
faa6ea23-84c2-4f20-bca6-b7d9a4578f93,model_retrained,,"{""model"": ""SVM"", ""accuracy"": 0.9992, ""f1"": 0.999, ""rows"": 30939, ""augmented"": 21518}",user,2026-07-23T11:20:01.964207+00:00
42605287-5505-4ac9-8b88-ff4ae10f2bbd,unknown_queued,A123,Queued for review (material),system,2026-07-23T11:20:34.721130+00:00
e4f814f9-b47b-4d1e-a9ba-8812c0dcd0bb,unknown_queued,A205,Queued for review (material),system,2026-07-23T11:20:34.748816+00:00
4911b916-190c-4f96-8232-33903eff3726,unknown_queued,A307,Queued for review (bolt),system,2026-07-23T11:20:34.774000+00:00
8f0a662a-b975-42fa-b5e5-076fad683b03,unknown_queued,A325,Queued for review (bolt),system,2026-07-23T11:20:34.800817+00:00
3cb05956-621a-4b48-9e46-246934a3f1d9,unknown_queued,A36,Queued for review (material),system,2026-07-23T11:20:34.833262+00:00
008bd5d1-9013-4b88-889f-60c516647b85,unknown_queued,A5,Queued for review (structural_section),system,2026-07-23T11:20:34.869327+00:00
24c47028-d7c8-47e1-8128-d2a00406f0f2,unknown_queued,A572,Queued for review (material),system,2026-07-23T11:20:34.908951+00:00
367a587b-fa45-432e-ac32-827468ee19b1,unknown_queued,A615,Queued for review (material),system,2026-07-23T11:20:34.942353+00:00
1a91da59-4263-4f25-b61e-288fac9e3c62,unknown_queued,A992,Queued for review (material),system,2026-07-23T11:20:34.976903+00:00
62e8f854-f14a-4da4-9ec8-86ba00d63c80,unknown_queued,HSS10x10,Queued for review (structural_section),system,2026-07-23T11:20:35.018284+00:00
11a72f82-fd62-4cae-a99f-a6459b4605d1,unknown_queued,HSS3x3,Queued for review (structural_section),system,2026-07-23T11:20:35.090904+00:00
add0dd8d-d986-43ac-87ac-d767a60ad6be,unknown_queued,HSS6x8x1/2,Queued for review (structural_section),system,2026-07-23T11:20:35.168649+00:00
e28bc52f-3c4c-46ff-837a-958129ee7c4b,unknown_queued,HSS8X8,Queued for review (structural_section),system,2026-07-23T11:20:35.200694+00:00
51c8f5e1-2606-4d3b-8899-2635fafc6ea6,unknown_queued,S-000,Queued for review (structural_section),system,2026-07-23T11:20:35.536978+00:00
d4930b39-d385-4607-a469-1c0e311b93f4,unknown_queued,S-001,Queued for review (structural_section),system,2026-07-23T11:20:35.573726+00:00
c3f75f9e-a9d0-4e8e-be51-1fbe098dc740,unknown_queued,S-002,Queued for review (structural_section),system,2026-07-23T11:20:35.610264+00:00
cd73d433-b67e-43e4-865f-87147d95d8f6,unknown_queued,S-003,Queued for review (structural_section),system,2026-07-23T11:20:35.642362+00:00
b8e20fa7-e653-4fa3-ad96-cd1577459562,unknown_queued,S-004,Queued for review (structural_section),system,2026-07-23T11:20:35.678571+00:00
224c169e-9138-4ce7-bc61-984c613ce520,unknown_queued,S-005,Queued for review (structural_section),system,2026-07-23T11:20:35.718436+00:00
4226a8ff-deba-49db-97ff-0c6c06068acf,unknown_queued,S-100,Queued for review (structural_section),system,2026-07-23T11:20:35.761891+00:00
d6a8460e-001b-44e7-ad2f-1a37d8de27ce,unknown_queued,S-101,Queued for review (structural_section),system,2026-07-23T11:20:35.795460+00:00
d5c3783a-75fb-4ad9-b4b4-cb921e70405e,unknown_queued,S-102,Queued for review (structural_section),system,2026-07-23T11:20:35.831424+00:00
77a56c4f-9b36-4d49-88ad-f919c61c80e1,unknown_queued,S-103,Queued for review (structural_section),system,2026-07-23T11:20:35.866721+00:00
49cbb52d-673d-4eff-bd03-de0612233556,unknown_queued,S-104,Queued for review (structural_section),system,2026-07-23T11:20:35.895782+00:00
ce988343-8e45-4b29-91c6-85c07ff762e3,unknown_queued,S-105,Queued for review (structural_section),system,2026-07-23T11:20:35.928675+00:00
5a89c790-c7ad-42de-b4bf-941092a9b010,unknown_queued,S-200,Queued for review (structural_section),system,2026-07-23T11:20:35.969678+00:00
29cadef3-40f5-4a07-b5c0-10871192687f,unknown_queued,S-300,Queued for review (structural_section),system,2026-07-23T11:20:36.003186+00:00
15ecf75b-4dba-43c3-acf9-e7e8b0e16fdb,unknown_queued,S-302,Queued for review (structural_section),system,2026-07-23T11:20:36.038212+00:00
15a9ce3c-d949-485d-814c-6c8a176b9e1e,unknown_queued,S-400,Queued for review (structural_section),system,2026-07-23T11:20:36.075272+00:00
a1649f39-5f25-448a-a564-f800d76bea97,unknown_queued,S-500,Queued for review (structural_section),system,2026-07-23T11:20:36.108493+00:00
47978ece-c9c1-4ac6-afc7-e70e3b8818f6,unknown_queued,S-501,Queued for review (structural_section),system,2026-07-23T11:20:36.142008+00:00
cb3a49ab-e58e-49d3-aaa1-ca84b0a0b405,unknown_queued,S-600,Queued for review (structural_section),system,2026-07-23T11:20:36.176474+00:00
4232de2f-585b-48e3-ba6a-1845d06c4062,unknown_queued,S-700,Queued for review (structural_section),system,2026-07-23T11:20:36.217777+00:00
59f4fa6c-61fe-4c53-a0ae-cb04f5c58daa,unknown_queued,S-701,Queued for review (structural_section),system,2026-07-23T11:20:36.252688+00:00
d38187db-e7d5-4bba-8c64-d8a0b77ac0ff,unknown_queued,S-710,Queued for review (structural_section),system,2026-07-23T11:20:36.286464+00:00
27d606da-4ad0-4e0a-970e-4a737dbde4a8,unknown_queued,S-711,Queued for review (structural_section),system,2026-07-23T11:20:36.323616+00:00
84f942e0-08ca-443b-af8b-c89b2a8c8c6a,unknown_queued,S-800,Queued for review (structural_section),system,2026-07-23T11:20:36.356699+00:00
44f8a9c7-29c1-4f27-92de-f1bcbb7c85cb,token_approved,A123,class=A123,user,2026-07-23T11:21:28.465452+00:00
a4967694-9aef-4599-80f9-037566957b97,token_approved,A205,class=A205,user,2026-07-23T11:21:38.583872+00:00
89c6ce54-76f8-421e-a98a-0b462e7a1c06,token_approved,A307,class=A307,user,2026-07-23T11:21:42.542549+00:00
509cf3d4-bf84-4b52-8876-a926949d7b84,token_approved,A325,class=A325,user,2026-07-23T11:21:43.953717+00:00
9edce309-f339-489e-874a-70e41af67e2e,token_approved,A36,class=A36,user,2026-07-23T11:21:50.727653+00:00
282ef6d7-ec05-445a-b910-cdc768b8b657,token_approved,A5,class=A,user,2026-07-23T11:21:58.100703+00:00
29472ae9-cf39-4076-9978-fb976868cca9,token_approved,HSS10x10,class=HSS,user,2026-07-23T11:22:08.018922+00:00
93eb3617-b6b0-4c69-a533-9fd838029c93,token_approved,HSS3x3,class=HSS,user,2026-07-23T11:22:09.861540+00:00
6bbec3e7-7e3b-459f-98cf-ace7d4829bfd,token_approved,HSS6x8x1/2,class=HSS,user,2026-07-23T11:22:12.161627+00:00
b6b762f4-adfb-4294-9e4d-d1ba173d3529,token_approved,HSS8X8,class=HSS,user,2026-07-23T11:22:14.569201+00:00
b7264192-e607-4c6e-bc52-23c748059253,token_approved,S-000,class=S,user,2026-07-23T11:22:19.194123+00:00
b1151039-0b2f-4aa2-b0e2-d2e09967efdc,token_approved,S-001,class=S,user,2026-07-23T11:22:20.455304+00:00
3ea042ca-46c6-41d6-9ab4-58124d740568,token_approved,S-002,class=S,user,2026-07-23T11:22:21.823669+00:00
72fc33da-35bf-4548-84be-f683bbf88fae,token_approved,S-003,class=S,user,2026-07-23T11:22:23.054576+00:00
a6bdb30d-a4eb-4e05-9f21-4a33e154e464,token_approved,S-004,class=S,user,2026-07-23T11:22:23.755805+00:00
c2df8556-06fd-4800-8149-40ab92818547,token_approved,S-005,class=S,user,2026-07-23T11:22:24.557990+00:00
54ca9cba-c505-40e9-b2fd-fbfbdaecaede,token_approved,S-100,class=S,user,2026-07-23T11:22:25.150446+00:00
b338b747-2339-4f3c-a24c-b7168df8a736,token_approved,S-101,class=S,user,2026-07-23T11:22:26.197370+00:00
557cd122-17f0-4bc6-a81a-32ffc996acd2,token_approved,S-102,class=S,user,2026-07-23T11:22:26.668656+00:00
a2c07377-a60b-49e9-afbb-86061941947a,token_approved,S-103,class=S,user,2026-07-23T11:22:27.247840+00:00
a1b711cb-8910-48c0-9078-b1ee989b7141,token_approved,S-104,class=S,user,2026-07-23T11:22:28.206198+00:00
83a71077-5e95-49fe-b2a2-e4a36c20e86e,token_approved,S-105,class=S,user,2026-07-23T11:22:28.725652+00:00
e9651ca3-79ab-4fa1-a894-70147fd45a1d,token_approved,S-200,class=S,user,2026-07-23T11:22:29.326712+00:00
ccc016fc-18aa-41f1-957a-360d6ab38ddf,token_approved,S-300,class=S,user,2026-07-23T11:22:29.844202+00:00
dd952454-7e22-489f-8b31-f3cb63459f66,token_approved,S-302,class=S,user,2026-07-23T11:22:30.377329+00:00
44daf618-5155-4ec5-bd2f-6db8f9abc1df,token_approved,S-400,class=S,user,2026-07-23T11:22:30.841654+00:00
b1f077d2-0a42-4f4d-81bf-027948322fce,token_approved,S-500,class=S,user,2026-07-23T11:22:31.336425+00:00
0b99e06b-512f-441c-8a67-eff30aad7a5f,token_approved,S-501,class=S,user,2026-07-23T11:22:31.847497+00:00
68b28af4-8c71-4852-b9a1-6712b1a8ceb1,token_approved,S-600,class=S,user,2026-07-23T11:22:32.292982+00:00
26ccf2da-912b-40f3-9bb4-752cc01bf167,token_approved,A992,class=A992,user,2026-07-23T11:22:34.576570+00:00
611ed156-b912-48cc-963d-5b24f3e12c12,token_approved,S-700,class=S,user,2026-07-23T11:22:36.390280+00:00
ad2c2193-7653-47a2-8889-e09f8d7463fc,token_approved,S-701,class=S,user,2026-07-23T11:22:38.310444+00:00
8fd62912-9c3d-402a-b3dd-31575cf87710,token_approved,S-710,class=S,user,2026-07-23T11:22:39.204306+00:00
7431f885-b9b2-4666-a7eb-16ab41ed1331,token_approved,S-711,class=S,user,2026-07-23T11:22:39.788244+00:00
f46d336c-68f4-494b-b582-c3b44fbb317c,token_approved,S-800,class=S,user,2026-07-23T11:22:40.508460+00:00
3c629c48-12cc-433c-a226-e9bdde4afa56,token_approved,A572,class=A572,user,2026-07-23T11:22:50.702596+00:00
b3ed8095-4f2f-4c65-906c-bada25692b87,token_approved,A615,class=A615,user,2026-07-23T11:22:58.931772+00:00
50e0a387-44be-497f-956f-fdd423c49593,model_retrained,,"{""model"": ""SVM"", ""accuracy"": 0.9992, ""f1"": 0.999, ""rows"": 30939, ""augmented"": 21518}",user,2026-07-23T11:25:20.567170+00:00
ee7af820-3d20-499e-b505-068ed7e05ec0,unknown_queued,A1064,Queued for review (material),system,2026-07-23T11:26:02.038868+00:00
e9c6ec81-1315-46df-981c-bebb51c4ff43,unknown_queued,A2,Queued for review (structural_section),system,2026-07-23T11:26:02.076436+00:00
392652fa-bf3f-44c1-8147-b496491cb8a1,unknown_queued,A3,Queued for review (structural_section),system,2026-07-23T11:26:02.122926+00:00
127f0930-4aa7-4342-95a7-ff2c28e1d9d2,unknown_queued,A307,Queued for review (bolt),system,2026-07-23T11:26:02.157708+00:00
c5520ad4-4df8-43ca-8460-14a421ed7170,unknown_queued,A325,Queued for review (bolt),system,2026-07-23T11:26:02.196959+00:00
65ec5806-919d-45c6-bc45-1822286cfd8e,unknown_queued,A36,Queued for review (material),system,2026-07-23T11:26:02.238179+00:00
e6813171-d989-4b81-8c62-4a9badd1e4cc,unknown_queued,A500,Queued for review (material),system,2026-07-23T11:26:02.277243+00:00
c0555e43-465a-4bc7-8a9f-53c8477fa7c8,unknown_queued,A53,Queued for review (material),system,2026-07-23T11:26:02.313267+00:00
86abbfa0-b099-4c2a-85ef-a0a4de3876a3,unknown_queued,A568,Queued for review (material),system,2026-07-23T11:26:02.353842+00:00
ae79b561-9101-42dd-af7d-efcb95abfc56,unknown_queued,A572,Queued for review (material),system,2026-07-23T11:26:02.391136+00:00
ec230cfe-d3c4-48a1-9c48-56e1472f87e5,unknown_queued,A588,Queued for review (material),system,2026-07-23T11:26:02.434700+00:00
8b1e9979-a53c-4b45-89ee-06c47dfaacf6,unknown_queued,A6,Queued for review (structural_section),system,2026-07-23T11:26:02.472683+00:00
c941a6eb-c078-4df0-8afd-f954b439b508,unknown_queued,A615,Queued for review (material),system,2026-07-23T11:26:02.509539+00:00
f03e3c5b-5b4c-4650-88ff-5c2caefb8bd5,unknown_queued,A653,Queued for review (material),system,2026-07-23T11:26:02.546538+00:00
633100de-703c-4177-be68-45f77c428103,unknown_queued,A913,Queued for review (material),system,2026-07-23T11:26:02.594855+00:00
6bfac9f3-8735-4227-8d76-a35edfef9d75,unknown_queued,A970,Queued for review (material),system,2026-07-23T11:26:02.638578+00:00
e17f3ede-2b3a-4ba9-ab53-d8a4cb1378a8,unknown_queued,A992,Queued for review (material),system,2026-07-23T11:26:02.680443+00:00
331703bf-32d0-4ba0-80e8-3f99b71ce005,unknown_queued,HSS10X0,Queued for review (structural_section),system,2026-07-23T11:26:02.724188+00:00
85f97874-680a-483f-9613-ee98c4681440,unknown_queued,HSS12X4,Queued for review (structural_section),system,2026-07-23T11:26:02.803339+00:00
b43a73ce-18ef-4ffe-abaf-bae7beb8a433,unknown_queued,HSS4x0,Queued for review (structural_section),system,2026-07-23T11:26:03.075211+00:00
3cac8d45-c827-4bdc-83b0-a2b6980c1d5b,unknown_queued,HSS6X0,Queued for review (structural_section),system,2026-07-23T11:26:03.176545+00:00
7bd80f2d-5b5b-4049-82c5-4140cfa548e5,unknown_queued,HSS6x6,Queued for review (structural_section),system,2026-07-23T11:26:03.310655+00:00
d75e3044-2e1d-49c3-879d-a609e28f3df8,unknown_queued,HSS8X6,Queued for review (structural_section),system,2026-07-23T11:26:03.372652+00:00
4007897e-276c-4db8-82ae-0cc2cb53dab5,unknown_queued,L1x1x1/4,Queued for review (structural_section),system,2026-07-23T11:26:03.526006+00:00
1b002cf7-80a2-4fea-a5a6-2e0ab06f8eb2,unknown_queued,L4X3,Queued for review (structural_section),system,2026-07-23T11:26:03.759699+00:00
6c473954-779c-4085-80fd-b69e75bd6558,unknown_queued,L5X3,Queued for review (structural_section),system,2026-07-23T11:26:03.979065+00:00
0baec3e7-3791-4a12-8dcb-3d1d10b0e9b6,unknown_queued,L5x5x1/4,Queued for review (structural_section),system,2026-07-23T11:26:04.021858+00:00
1a1a6375-59ff-407a-a4f5-c6fb99ac8c67,unknown_queued,S-001,Queued for review (structural_section),system,2026-07-23T11:26:04.124006+00:00
3aac37d9-be3c-434c-a072-6f01554c7199,unknown_queued,S-002,Queued for review (structural_section),system,2026-07-23T11:26:04.163200+00:00
138997ad-aee9-4f42-bd76-8c2bfe55f000,unknown_queued,S-003,Queued for review (structural_section),system,2026-07-23T11:26:04.204557+00:00
a218d22e-7e80-4a11-bd40-0a32f729a839,unknown_queued,S-004,Queued for review (structural_section),system,2026-07-23T11:26:04.246083+00:00
64daa256-9699-4519-b5e5-5bf663148af5,unknown_queued,S-005,Queued for review (structural_section),system,2026-07-23T11:26:04.287764+00:00
64f32191-99bc-4f21-b8fb-668340536ec5,unknown_queued,S-111,Queued for review (structural_section),system,2026-07-23T11:26:04.323935+00:00
24bb980f-b700-4202-bd1c-0d4172e4d5d1,unknown_queued,S-112,Queued for review (structural_section),system,2026-07-23T11:26:04.358770+00:00
bfa4ae20-247e-40aa-894e-e905016dd2d6,unknown_queued,S-113,Queued for review (structural_section),system,2026-07-23T11:26:04.401775+00:00
63ef20e2-578d-4120-ac92-d8616edf0c5a,unknown_queued,S-121,Queued for review (structural_section),system,2026-07-23T11:26:04.439505+00:00
28406a1f-1219-49dc-a0ee-90e67fdc5e44,unknown_queued,S-122,Queued for review (structural_section),system,2026-07-23T11:26:04.476569+00:00
06ed0829-3c06-4661-ad12-45cb66ab373b,unknown_queued,S-123,Queued for review (structural_section),system,2026-07-23T11:26:04.524265+00:00
d10e2bd3-7d27-4bd1-b6aa-838889c7610b,unknown_queued,S-124,Queued for review (structural_section),system,2026-07-23T11:26:04.571077+00:00
123a638b-b9d5-4427-84ae-36508cb2660f,unknown_queued,S-131,Queued for review (structural_section),system,2026-07-23T11:26:04.612182+00:00
ae77292b-7a6e-4748-8a0e-5e21b35d5839,unknown_queued,S-132,Queued for review (structural_section),system,2026-07-23T11:26:04.652334+00:00
b3a55565-a0f8-46f1-8fec-04e36b530d71,unknown_queued,S-141,Queued for review (structural_section),system,2026-07-23T11:26:04.692342+00:00
a76ffff1-bbe9-4bf9-ae5c-5b1573a7bd6d,unknown_queued,S-142,Queued for review (structural_section),system,2026-07-23T11:26:04.730006+00:00
664da043-b62b-43d8-900b-15072aa42851,unknown_queued,S-200,Queued for review (structural_section),system,2026-07-23T11:26:04.773298+00:00
c6d8547b-6040-4240-b24f-7f2d79e3a886,unknown_queued,S-201,Queued for review (structural_section),system,2026-07-23T11:26:04.811326+00:00
6ef4ac0c-e07e-4aa8-b9d4-ad38d22dc824,unknown_queued,S-202,Queued for review (structural_section),system,2026-07-23T11:26:04.852062+00:00
22e20f7d-22b7-42c7-b4a9-91d1c9b3e77e,unknown_queued,S-203,Queued for review (structural_section),system,2026-07-23T11:26:04.890150+00:00
e39b72f7-8c57-4504-b8d2-173468ee7eaf,unknown_queued,S-204,Queued for review (structural_section),system,2026-07-23T11:26:04.935891+00:00
570694a7-3031-4d7d-9f07-dc6aad2a0d49,unknown_queued,S-205,Queued for review (structural_section),system,2026-07-23T11:26:04.976023+00:00
1f459d51-7542-486a-8922-422ea70e4025,unknown_queued,S-206,Queued for review (structural_section),system,2026-07-23T11:26:05.019338+00:00
cd375426-db7d-47df-bd58-ccffc736b22b,unknown_queued,S-207,Queued for review (structural_section),system,2026-07-23T11:26:05.056891+00:00
372ca513-2fff-42a3-9aad-89dddf28901d,unknown_queued,S-208,Queued for review (structural_section),system,2026-07-23T11:26:05.096480+00:00
fd786ac7-3fd2-4efe-aa49-63fa5dccbcd3,unknown_queued,S-209,Queued for review (structural_section),system,2026-07-23T11:26:05.138569+00:00
3dff37de-0ebd-4c1e-849c-3b7d1eb1c268,unknown_queued,S-301,Queued for review (structural_section),system,2026-07-23T11:26:05.175068+00:00
47cc8c91-0993-4865-aef1-7f827abac845,unknown_queued,S-302,Queued for review (structural_section),system,2026-07-23T11:26:05.225955+00:00
d69d7c30-346f-4fe7-8456-81c7fa5dd3a8,unknown_queued,S-311,Queued for review (structural_section),system,2026-07-23T11:26:05.267306+00:00
cd6f0be0-20e3-46c8-9958-d0a2b8ee612a,unknown_queued,S-312,Queued for review (structural_section),system,2026-07-23T11:26:05.302254+00:00
6e9c25c5-adbc-4f92-b4fe-086da4324248,unknown_queued,S-313,Queued for review (structural_section),system,2026-07-23T11:26:05.344422+00:00
9d3f49e6-a6f8-420f-b35b-adfb39d6eefc,unknown_queued,S-321,Queued for review (structural_section),system,2026-07-23T11:26:05.394228+00:00
ea58de00-bffe-478d-998d-dfe376d85acb,unknown_queued,S-322,Queued for review (structural_section),system,2026-07-23T11:26:05.437817+00:00
ecc19744-1bf0-495c-9270-dd28e7a7dd8f,unknown_queued,S-401,Queued for review (structural_section),system,2026-07-23T11:26:05.477202+00:00
1c07fbf5-1c3d-4d9b-9bfb-0498cc4d128b,unknown_queued,S-402,Queued for review (structural_section),system,2026-07-23T11:26:05.520176+00:00
a8cae2d8-5a3c-442d-9089-3a800e5432bf,unknown_queued,S-403,Queued for review (structural_section),system,2026-07-23T11:26:05.558724+00:00
bc0b8efc-1bc5-4e18-8629-35357c486953,unknown_queued,S-404,Queued for review (structural_section),system,2026-07-23T11:26:05.602167+00:00
dfa53ab2-f1d8-4e64-a100-6a9b436c37dd,unknown_queued,S-501,Queued for review (structural_section),system,2026-07-23T11:26:05.639117+00:00
d7a42190-a66e-48d3-ae9a-0b7fc8c416e9,unknown_queued,S-502,Queued for review (structural_section),system,2026-07-23T11:26:05.672391+00:00
b2fd861c-40de-4394-a020-6c0e5bc08aca,unknown_queued,S-601,Queued for review (structural_section),system,2026-07-23T11:26:05.710893+00:00
27b19bd6-437b-43dc-951a-1d86da3a3894,unknown_queued,W14X198,Queued for review (structural_section),system,2026-07-23T11:26:06.304578+00:00
561ff9e9-cd9d-4b2e-80c1-5fa2faa5977f,token_rejected,A1064,class=A1064,user,2026-07-23T11:26:52.776134+00:00
b025deb6-3f27-45bc-8ed1-1803cbf1d110,token_rejected,A2,class=A,user,2026-07-23T11:26:56.229014+00:00
8d1af7cb-2b25-45b9-bc73-dbefa318e79b,token_rejected,A3,class=A,user,2026-07-23T11:26:57.340693+00:00
2af808f9-bb9a-4517-abf7-4b54b541eafc,token_approved,A307,class=A307,user,2026-07-23T11:26:59.558387+00:00
42507f56-76e8-41da-8998-eba73f3f7ac2,token_approved,A325,class=A325,user,2026-07-23T11:27:00.636615+00:00
be6003df-bf2b-465d-ad65-aa2250eeac1d,token_approved,A36,class=A36,user,2026-07-23T11:27:13.478113+00:00
996cd6b2-c201-4e55-9a84-0e40a81fde9f,token_approved,A500,class=A500,user,2026-07-23T11:27:22.993282+00:00
1ecbb5a1-a09a-45d7-8c5f-1ece4acc354b,token_rejected,A6,class=A,user,2026-07-23T11:27:28.948912+00:00
d465bacc-003e-4dd5-a05c-7745c61e14bf,token_approved,HSS12X4,class=HSS,user,2026-07-23T11:27:33.993715+00:00
0a373160-7ae4-474d-9fce-a721b2f9e901,token_approved,HSS4x0,class=HSS,user,2026-07-23T11:27:35.137550+00:00
30738539-a1c1-4bad-87c0-912ae639fa27,token_approved,HSS6X0,class=HSS,user,2026-07-23T11:27:36.871697+00:00
68b680f5-e9ec-41e2-8eee-723818de934f,token_approved,HSS10X0,class=HSS,user,2026-07-23T11:27:38.676299+00:00
6da675b9-ece0-480c-a851-f64de8993d34,token_approved,HSS6x6,class=HSS,user,2026-07-23T11:27:41.087724+00:00
cfbaca27-7c99-4ac5-8b8e-07537362629b,token_approved,HSS8X6,class=HSS,user,2026-07-23T11:27:42.453919+00:00
fdd4fcfe-15c0-4f80-86dd-4254450d2170,token_approved,L1x1x1/4,class=L,user,2026-07-23T11:27:44.525070+00:00
5093fef8-6786-4565-9a8f-9bac4b385d5a,token_approved,L4X3,class=L,user,2026-07-23T11:27:45.593083+00:00
a0942a3a-59bc-42c9-961c-b757f73bdfd0,token_approved,L5X3,class=L,user,2026-07-23T11:27:46.656605+00:00
f6731727-e7bf-4e49-9b3c-e4416234d65c,token_approved,L5x5x1/4,class=L,user,2026-07-23T11:27:47.748231+00:00
12843ec9-df27-48a9-983d-6ad4351ad817,token_approved,S-001,class=S,user,2026-07-23T11:27:48.951983+00:00
078be51d-9e19-4a68-8efc-b5de4b22da55,token_approved,S-002,class=S,user,2026-07-23T11:27:50.738728+00:00
e9fd5029-108d-4702-a844-c5c1b0582050,token_approved,S-003,class=S,user,2026-07-23T11:27:51.903527+00:00
bf696735-ed3a-43c2-90ac-f413d83b7057,token_approved,S-004,class=S,user,2026-07-23T11:27:52.638638+00:00
89f2cf5c-b139-4ea8-92bb-27428294b741,token_approved,S-005,class=S,user,2026-07-23T11:27:53.940034+00:00
83adf374-a53d-40b5-ae74-facf5ba7f239,token_approved,S-111,class=S,user,2026-07-23T11:27:54.597597+00:00
57b98ed3-bd09-4c6d-886a-9f7dec0272c0,token_approved,S-112,class=S,user,2026-07-23T11:27:55.534430+00:00
633b4423-83a0-4209-897f-989c0f86a5ce,token_approved,S-113,class=S,user,2026-07-23T11:27:56.991242+00:00
a93a8367-d13e-46da-b871-9291e8645660,token_approved,S-121,class=S,user,2026-07-23T11:27:58.250640+00:00
d4fe5560-21df-4ec7-82e5-e560db220a4c,token_approved,S-122,class=S,user,2026-07-23T11:27:59.136850+00:00
770fcb91-3ee2-434f-bead-cf428eb1b8dd,token_approved,S-123,class=S,user,2026-07-23T11:27:59.844163+00:00
9e0762ae-b014-44f7-a6de-2036ad0a98fa,token_approved,S-124,class=S,user,2026-07-23T11:28:00.568163+00:00
810b22f8-76b3-46ea-a159-bef4685e43e7,token_approved,S-131,class=S,user,2026-07-23T11:28:01.267273+00:00
703cd067-e8df-4535-a44a-77d7bf99bf95,token_approved,S-132,class=S,user,2026-07-23T11:28:01.968553+00:00
409294de-97f3-44e6-ab35-249c5e75c019,token_approved,S-141,class=S,user,2026-07-23T11:28:02.634922+00:00
5d2e5f15-c1ea-41a5-8b69-31444c5a0f10,token_approved,S-142,class=S,user,2026-07-23T11:28:03.296246+00:00
956617af-e15d-45a2-a8d4-8fd7a65d2323,token_approved,S-200,class=S,user,2026-07-23T11:28:03.969361+00:00
9e8c211f-79e9-406a-87ef-bc19ce672894,token_approved,S-201,class=S,user,2026-07-23T11:28:04.828692+00:00
e77dc7be-8855-4e5f-b8c2-e226330981f1,token_approved,S-202,class=S,user,2026-07-23T11:28:05.648579+00:00
a2d97e99-ef59-4991-ae32-86c74fbb8cdc,token_approved,S-203,class=S,user,2026-07-23T11:28:06.310165+00:00
adae13e1-34ca-40b9-9eea-e859b35d635a,token_approved,S-204,class=S,user,2026-07-23T11:28:06.993507+00:00
f92e1ba7-6909-4ffb-875f-f14de03831c2,token_approved,S-205,class=S,user,2026-07-23T11:28:12.352134+00:00
3ee86f5c-0203-4b9d-a383-bc729f0648f7,token_approved,S-206,class=S,user,2026-07-23T11:28:13.656635+00:00
70d17c05-9277-4560-ab29-df4d96119fd6,token_approved,S-207,class=S,user,2026-07-23T11:28:18.227247+00:00
ecfe6711-d5e3-4a5e-8c86-36c7c37970fd,token_approved,S-208,class=S,user,2026-07-23T11:28:18.971995+00:00
4c5b17e1-1033-47b4-9399-c91185022672,token_approved,S-209,class=S,user,2026-07-23T11:28:19.821623+00:00
e4a92ed8-4c44-4e6d-b13f-65a15e078cab,token_approved,S-301,class=S,user,2026-07-23T11:28:20.668327+00:00
ce41120c-d229-4799-aa92-871e1ed0e307,token_approved,S-302,class=S,user,2026-07-23T11:28:22.167562+00:00
3f45385f-4cda-45aa-9d8d-b1681aaf2b7c,token_approved,S-311,class=S,user,2026-07-23T11:28:22.820080+00:00
3833f09e-47d7-485d-a26c-d9e8011e39ca,token_approved,S-312,class=S,user,2026-07-23T11:28:23.408923+00:00
ae589c60-39ae-43ee-aec1-9904b3ff24e4,token_approved,S-313,class=S,user,2026-07-23T11:28:23.972792+00:00
843c7c2c-df87-474e-b6a6-86b47a421b37,token_approved,S-321,class=S,user,2026-07-23T11:28:24.528096+00:00
e2848986-b26f-4178-a9f7-cbae7cde2bbf,token_approved,S-322,class=S,user,2026-07-23T11:28:25.104967+00:00
30abb3b3-51e8-46ca-9fb7-740382e9fc2e,token_approved,S-401,class=S,user,2026-07-23T11:28:25.711002+00:00
24bd4eba-659a-4f7e-9a4e-a6c773d92521,token_approved,S-402,class=S,user,2026-07-23T11:28:26.235899+00:00
54a35d1a-ad7c-4658-af57-60c81ab10570,token_approved,S-403,class=S,user,2026-07-23T11:28:26.994893+00:00
807fdfaf-9e67-4adb-9fc9-c8750ba0c4db,token_approved,A992,class=A992,user,2026-07-23T11:28:27.685921+00:00
3e721bab-206c-4886-9a7b-0d587f6eab2a,token_approved,A970,class=A970,user,2026-07-23T11:28:28.504111+00:00
3e6fd223-d850-4a4f-9bec-b9e72dfc1e32,token_approved,A913,class=A913,user,2026-07-23T11:28:30.109625+00:00
19bb4533-2037-49a0-a84a-db09e35e0e8e,token_approved,A653,class=A653,user,2026-07-23T11:28:30.685840+00:00
ef7085f7-fa35-4cc6-aa11-d6bb160c5950,token_approved,S-404,class=S,user,2026-07-23T11:28:34.097317+00:00
621ce9b3-e3b0-49be-aef7-ea01ca44c7e0,token_approved,S-501,class=S,user,2026-07-23T11:28:35.985743+00:00
212f6ea4-97c0-4c9c-92fe-5422055a153e,token_approved,S-502,class=S,user,2026-07-23T11:28:37.812757+00:00
ae81461c-bfa7-433b-95db-b677d32b9c6d,token_approved,S-601,class=S,user,2026-07-23T11:28:39.336463+00:00
93b1dccc-2c3f-4622-9325-293bd2f7ebca,token_approved,W14X198,class=W,user,2026-07-23T11:28:41.919088+00:00
656a984e-746b-4457-a530-28aeb778a920,token_approved,A53,class=A53,user,2026-07-23T11:29:02.214200+00:00
4445f0b1-bbd5-41a0-9c55-536e2fc86aa3,token_approved,A568,class=A568,user,2026-07-23T11:29:06.784165+00:00
6ac37cb0-e26c-4558-9272-0a3e50d218c0,token_approved,A572,class=A572,user,2026-07-23T11:29:11.598096+00:00
1302a326-7139-4c09-8821-f8e54deb1f3c,token_approved,A588,class=A588,user,2026-07-23T11:29:17.535252+00:00
c6a798ce-bbeb-475e-b7c9-eb35876ef9fd,token_approved,A615,class=A615,user,2026-07-23T11:29:22.580873+00:00
f836e201-0180-4ec9-b01c-554cb38c3c00,model_retrained,,"{""model"": ""SVM"", ""accuracy"": 0.9992, ""f1"": 0.999, ""rows"": 30939, ""augmented"": 21518}",user,2026-07-23T11:31:50.509094+00:00
ce1e2ee2-398a-4858-84a2-2720e72710ea,unknown_queued,Beam W18X35,Queued for review (structural_section),system,2026-07-24T07:12:01.630900+00:00
fa3f0c4e-45e3-4607-8bef-886a33404146,token_approved,Beam W18X35,class=W,user,2026-07-24T07:25:34.830296+00:00
e79cf0b9-79f9-46dc-b2ee-c043c2851eb8,unknown_queued,A1064,Queued for review (material),system,2026-07-24T07:25:59.695112+00:00
b69cdda0-5188-45e5-bcb1-1fbc057c9b7f,unknown_queued,A108,Queued for review (material),system,2026-07-24T07:25:59.760871+00:00
e2e2e413-9af2-417f-b519-cb6d2b228121,unknown_queued,A2280,Queued for review (material),system,2026-07-24T07:25:59.832762+00:00
fc44e7fb-99d7-4b9a-b798-652fb618fb52,unknown_queued,A29,Queued for review (material),system,2026-07-24T07:25:59.898151+00:00
8d20ecc8-9d29-43f2-98d9-7aa8e69b0271,unknown_queued,A307,Queued for review (bolt),system,2026-07-24T07:26:00.001197+00:00
71dbacd7-9265-420c-a512-446b52369c80,unknown_queued,A325,Queued for review (bolt),system,2026-07-24T07:26:00.163196+00:00
3b2ec83a-f2b3-4ed3-827e-66fc436ce78d,unknown_queued,A36,Queued for review (material),system,2026-07-24T07:26:00.255670+00:00
53a80223-bf5d-4baf-900d-34a5eed609de,unknown_queued,A416,Queued for review (material),system,2026-07-24T07:26:00.331540+00:00
2bbb3b57-a803-449c-886a-e9f8f1fc3b07,unknown_queued,A446,Queued for review (material),system,2026-07-24T07:26:00.406503+00:00
e154b52d-0743-44b7-874e-fd9e2170f0dc,unknown_queued,A490,Queued for review (bolt),system,2026-07-24T07:26:00.466554+00:00
04bbf2bb-5f84-4b88-8c16-96a177bcaabc,unknown_queued,A5,Queued for review (structural_section),system,2026-07-24T07:26:00.548574+00:00
1dbfdb23-88df-4687-932e-09059fc556b8,unknown_queued,A500,Queued for review (material),system,2026-07-24T07:26:00.616415+00:00
2e1889ea-b09a-4199-9be5-96b04a6879e5,unknown_queued,A53,Queued for review (material),system,2026-07-24T07:26:00.694916+00:00
8fd55b34-3e61-4ab9-b6e5-c914ea55e937,unknown_queued,A563,Queued for review (bolt),system,2026-07-24T07:26:00.771400+00:00
252f279a-66a2-4be5-9e76-291f1b512bb1,unknown_queued,A572,Queued for review (material),system,2026-07-24T07:26:00.842051+00:00
45045dfd-c66a-4732-bcfd-ffd1017488ec,unknown_queued,A615,Queued for review (material),system,2026-07-24T07:26:00.913739+00:00
300154d2-55b0-4b6b-af90-585a16644eae,unknown_queued,A653,Queued for review (material),system,2026-07-24T07:26:00.989068+00:00
98793465-5223-4d61-9553-f2c953879480,unknown_queued,A706,Queued for review (material),system,2026-07-24T07:26:01.283725+00:00
961f9955-b7cd-4c6b-bfd1-6e1cbda15ed9,unknown_queued,A913,Queued for review (material),system,2026-07-24T07:26:01.359993+00:00
a19af00a-9874-4609-ad37-03fbf6a41b40,unknown_queued,A959,Queued for review (material),system,2026-07-24T07:26:01.427275+00:00
34954300-7bd8-4190-a6e2-1dc04a8ba479,unknown_queued,A992,Queued for review (material),system,2026-07-24T07:26:01.492937+00:00
b3546e7a-6734-4299-bf5a-1121136f2eb6,unknown_queued,HSS5x5,Queued for review (structural_section),system,2026-07-24T07:26:01.909231+00:00
d750f797-3296-4108-8b65-2d576512a677,unknown_queued,L18x12x3/8,Queued for review (structural_section),system,2026-07-24T07:26:02.482108+00:00
ff72ab21-3056-43fb-9ae9-5745098e35bf,unknown_queued,L5x5,Queued for review (structural_section),system,2026-07-24T07:26:02.924807+00:00
6e2d506d-addf-4787-83ed-9e904b5f82e1,token_approved,A1064,class=A1064,user,2026-07-24T07:26:36.104658+00:00
22c995f4-835a-42cf-8a33-cc2fa20811d3,token_approved,A108,class=A108,user,2026-07-24T07:26:43.500119+00:00
efb2ac83-2f0c-453a-a0ec-1e40b4c0ba9d,token_approved,A2280,class=A2280,user,2026-07-24T07:26:49.544689+00:00
cd965670-02da-4a67-8d0f-283742960885,token_approved,A5,class=A,user,2026-07-24T07:27:11.858871+00:00
05bf52f6-faf7-4fca-b04a-dcbeae8070c8,token_approved,HSS5x5,class=HSS,user,2026-07-24T07:27:28.480399+00:00
8a280831-d8aa-415f-b633-39a541f7b0b0,token_approved,L18x12x3/8,class=L,user,2026-07-24T07:27:35.016818+00:00
0e8051b0-13ad-49c8-ab24-b9211dbae908,token_approved,L5x5,class=L,user,2026-07-24T07:27:37.981133+00:00
e0b3ad3a-7096-43e9-b16f-a6a1cf3e01cd,token_approved,A307,class=A307,user,2026-07-24T07:27:44.276277+00:00
65cd62c2-d3f7-4c9c-8c48-32735aae0efc,token_approved,A325,class=A325,user,2026-07-24T07:27:45.808090+00:00
4822f0da-322d-481f-8a0a-a149e77941e5,token_approved,A490,class=A490,user,2026-07-24T07:27:48.598530+00:00
8c8cd45b-82ba-41ba-8fa3-b4c66458d10d,token_approved,A563,class=A563,user,2026-07-24T07:27:53.672598+00:00
d377bb7a-cb75-4fd0-b757-94650120d278,token_rejected,A29,class=A29,user,2026-07-24T07:28:07.090521+00:00
16452471-860c-4ee0-8aa9-ba0045c28299,token_rejected,A36,class=A36,user,2026-07-24T07:28:07.124631+00:00
d5b15eac-b825-454b-9471-827d812d39bd,token_rejected,A416,class=A416,user,2026-07-24T07:28:07.154923+00:00
0c6f20d8-7c77-4d13-ab47-7f6e05b84733,token_rejected,A446,class=A446,user,2026-07-24T07:28:07.192876+00:00
ab9276f4-04ae-4fdd-9eee-63cb778badb8,token_rejected,A500,class=A500,user,2026-07-24T07:28:07.227345+00:00
6c80e62c-7cdd-4571-9798-412943e24420,token_rejected,A53,class=A53,user,2026-07-24T07:28:07.261769+00:00
762802ee-4c29-4989-8223-c8844cef3847,token_rejected,A572,class=A572,user,2026-07-24T07:28:07.291239+00:00
f772ccee-6d46-4e19-95c0-2fe623c130ea,token_rejected,A615,class=A615,user,2026-07-24T07:28:07.324997+00:00
0197dbac-b454-4cfd-9b09-da5749c17ddd,token_rejected,A653,class=A653,user,2026-07-24T07:28:07.360167+00:00
6c30476f-9a5d-41be-807f-7294ae4879b3,token_rejected,A706,class=A706,user,2026-07-24T07:28:07.382433+00:00
43710d02-a526-416a-83fd-acf08bb31ea9,token_rejected,A913,class=A913,user,2026-07-24T07:28:07.417427+00:00
2659e0fe-71bb-4f61-9707-1f47d8b101e3,token_rejected,A959,class=A959,user,2026-07-24T07:28:07.452523+00:00
b9de90b7-9380-4da8-b455-3c8506020c12,token_rejected,A992,class=A992,user,2026-07-24T07:28:07.489279+00:00
6a85b362-3a8a-474c-b44e-b8e4b4e24cf0,model_retrained,,"{""model"": ""LightGBM"", ""accuracy"": 0.9907, ""f1"": 0.9897, ""rows"": 31239, ""augmented"": 21777}",user,2026-07-24T07:43:21.291162+00:00
fa538f15-0fda-43de-8115-e14c7281a5e5,model_retrained,,"{""model"": ""XGBoost"", ""accuracy"": 0.9886, ""f1"": 0.9874, ""rows"": 31239, ""augmented"": 21777}",user,2026-07-24T08:21:06.013915+00:00
373e1af0-8f6f-48a3-bbf4-739e2ab3dbc9,unknown_queued,A1064,Queued for review (material),system,2026-07-24T08:21:33.489626+00:00
bf7339db-e4b6-466f-9d6f-2ab8187b5e3f,unknown_queued,A2,Queued for review (structural_section),system,2026-07-24T08:21:33.579194+00:00
ec2664c6-dd03-4a2f-87fe-d03403e8653f,unknown_queued,A3,Queued for review (structural_section),system,2026-07-24T08:21:33.664609+00:00
00955b27-8aef-41ef-b66e-46661faae071,unknown_queued,A307,Queued for review (bolt),system,2026-07-24T08:21:33.743044+00:00
2da23146-5395-4eee-a8f4-cd78e9c55375,unknown_queued,A325,Queued for review (bolt),system,2026-07-24T08:21:33.801237+00:00
662eb088-a1fa-4561-aec1-cbe78dc814ed,unknown_queued,A36,Queued for review (material),system,2026-07-24T08:21:33.874465+00:00
dc9826d6-050f-4b5d-88b9-f48f4fc770be,unknown_queued,A500,Queued for review (material),system,2026-07-24T08:21:33.959367+00:00
cbb9ace8-07ec-4e1e-b02c-ed9096280fba,unknown_queued,A53,Queued for review (material),system,2026-07-24T08:21:34.044775+00:00
a3cf6b71-6f94-45ef-9c12-ee8978b2f41e,unknown_queued,A568,Queued for review (material),system,2026-07-24T08:21:34.125566+00:00
00613665-f63c-4aeb-8771-fd7497caeee6,unknown_queued,A572,Queued for review (material),system,2026-07-24T08:21:34.204465+00:00
073eb214-e820-4766-a890-5da3c1f05205,unknown_queued,A588,Queued for review (material),system,2026-07-24T08:21:34.293615+00:00
5883d51c-bcf4-47aa-bc8d-efe4d28ba50e,unknown_queued,A6,Queued for review (structural_section),system,2026-07-24T08:21:34.379709+00:00
34715333-2d35-4614-8875-acce21100c86,unknown_queued,A615,Queued for review (material),system,2026-07-24T08:21:34.459564+00:00
27d756b4-951e-4c9f-841b-ffa97ec6676b,unknown_queued,A653,Queued for review (material),system,2026-07-24T08:21:34.554379+00:00
6cf9d398-917e-468b-9df9-fa6c01cca1fd,unknown_queued,A706,Queued for review (material),system,2026-07-24T08:21:34.647784+00:00
c282dcac-8aca-46eb-ae64-d4a2c74feb1b,unknown_queued,A913,Queued for review (material),system,2026-07-24T08:21:34.735740+00:00
c0f87d09-020b-4b3b-ba44-4c5944817222,unknown_queued,A970,Queued for review (material),system,2026-07-24T08:21:34.817375+00:00
b6c0fedd-c1e0-4132-8781-28fb902af8c5,unknown_queued,A992,Queued for review (material),system,2026-07-24T08:21:34.911660+00:00
c4b566e5-be6e-4223-ab93-006a619f6780,unknown_queued,HSS10X0,Queued for review (structural_section),system,2026-07-24T08:21:35.039115+00:00
0f1467dc-3a1a-420d-b120-d203e912e63b,unknown_queued,L1x1x1/4,Queued for review (structural_section),system,2026-07-24T08:21:35.692852+00:00
fc8f1648-0ecb-4443-abcc-5f513d81bf17,unknown_queued,L4X3,Queued for review (structural_section),system,2026-07-24T08:21:36.163531+00:00
81e2a7f3-34d9-42ec-94d9-d5aa2d0cfd34,unknown_queued,L5X3,Queued for review (structural_section),system,2026-07-24T08:21:36.549171+00:00
8d02623f-7cba-44bc-ba08-fe2be18f1127,unknown_queued,L6x3,Queued for review (structural_section),system,2026-07-24T08:21:36.703173+00:00
a7680b8b-5189-4c2b-9a48-9d2c86f01c68,unknown_queued,S-001,Queued for review (structural_section),system,2026-07-24T08:21:36.854296+00:00
adf3ce61-16d6-4022-9635-c7fc2195fec0,unknown_queued,S-002,Queued for review (structural_section),system,2026-07-24T08:21:36.942986+00:00
39e7e713-7cfa-4a74-8149-870726f375da,unknown_queued,S-003,Queued for review (structural_section),system,2026-07-24T08:21:37.028872+00:00
f3a6e7d3-031a-46be-be79-8fbd751be3b5,unknown_queued,S-004,Queued for review (structural_section),system,2026-07-24T08:21:37.117956+00:00
7c8b70bb-504a-4316-a95b-4da1f019786f,unknown_queued,S-101,Queued for review (structural_section),system,2026-07-24T08:21:37.202796+00:00
1ee07630-267c-4c8a-aaa8-26c38ae09f90,unknown_queued,S-102,Queued for review (structural_section),system,2026-07-24T08:21:37.283586+00:00
32ae99ff-cacc-4d3f-a986-d3d925716287,unknown_queued,S-103,Queued for review (structural_section),system,2026-07-24T08:21:37.370778+00:00
8f9f297d-9b3e-4233-88d1-d54cdd596eb5,unknown_queued,S-104,Queued for review (structural_section),system,2026-07-24T08:21:37.453197+00:00
e54aa644-0bda-42de-a8ab-652b495a89b8,unknown_queued,S-201,Queued for review (structural_section),system,2026-07-24T08:21:37.532406+00:00
1ded349e-68d5-437c-ae78-802df7c4d7ec,unknown_queued,S-202,Queued for review (structural_section),system,2026-07-24T08:21:37.620996+00:00
0465a752-a9ba-492d-b4a6-0b043a64229a,unknown_queued,S-203,Queued for review (structural_section),system,2026-07-24T08:21:37.712172+00:00
d51ad47b-aa49-4dbd-bbd3-ab5761d0729d,unknown_queued,S-204,Queued for review (structural_section),system,2026-07-24T08:21:37.795391+00:00
762b9a2b-a793-435a-969c-c4d46f154bdc,unknown_queued,S-205,Queued for review (structural_section),system,2026-07-24T08:21:37.886180+00:00
67dd1c4a-28ff-4cd0-8cd5-3c19f6e32405,unknown_queued,S-206,Queued for review (structural_section),system,2026-07-24T08:21:37.979060+00:00
904fbfde-d2b9-481c-928f-2dcc3ce19d65,unknown_queued,S-207,Queued for review (structural_section),system,2026-07-24T08:21:38.077604+00:00
f83c7389-7a81-453c-a858-5e8dc1efb5da,unknown_queued,S-208,Queued for review (structural_section),system,2026-07-24T08:21:38.154491+00:00
52dffd9b-c40b-4d78-b103-a0986d3aa178,unknown_queued,S-301,Queued for review (structural_section),system,2026-07-24T08:21:38.242681+00:00
e9ee0361-a9e5-40fd-8dee-daaca21558d3,unknown_queued,S-311,Queued for review (structural_section),system,2026-07-24T08:21:38.331053+00:00
2ed5381f-c1ec-4614-84aa-a87efa1223a1,unknown_queued,S-321,Queued for review (structural_section),system,2026-07-24T08:21:38.416924+00:00
8347b61f-625f-4e89-8028-e7e137e08492,unknown_queued,S-322,Queued for review (structural_section),system,2026-07-24T08:21:38.504592+00:00
a79086d5-ce69-4422-97f0-4aa8bf328ddc,unknown_queued,S-401,Queued for review (structural_section),system,2026-07-24T08:21:38.590895+00:00
e5f02304-eee3-42d2-8274-2c414ee48bdc,unknown_queued,S-402,Queued for review (structural_section),system,2026-07-24T08:21:38.685370+00:00
5616835f-57bd-46c6-8b91-226a5fbd3be6,unknown_queued,S-501,Queued for review (structural_section),system,2026-07-24T08:21:38.777209+00:00
f44772de-a041-4657-a0f8-91fa1756299f,unknown_queued,S-502,Queued for review (structural_section),system,2026-07-24T08:21:38.858319+00:00
783a179e-cd16-46aa-8dab-f76397706e02,unknown_queued,W14X198,Queued for review (structural_section),system,2026-07-24T08:21:40.191408+00:00
7cd48f45-2fe9-4aca-b301-e27e16e65af1,token_approved,W14X198,class=W,user,2026-07-24T08:21:52.098022+00:00
5f17f3fb-2229-48ad-9a85-e7c17b365caa,token_approved,A1064,class=A1064,user,2026-07-24T08:22:31.471436+00:00
7310f8fe-982e-48c0-afb2-4d91101d238b,token_approved,A2,class=A,user,2026-07-24T08:22:31.534207+00:00
f6c27473-b02f-4a82-ac87-19357f07cbe9,token_approved,A3,class=A,user,2026-07-24T08:22:31.610778+00:00
5ef9e155-83a7-4dee-af55-1ed0d02fd0fb,token_approved,A307,class=A307,user,2026-07-24T08:22:31.670292+00:00
e8b7f7a3-354e-499c-b7eb-7d46a24ec0fb,token_approved,A325,class=A325,user,2026-07-24T08:22:31.713471+00:00
548493e2-06db-4d2e-8eba-1cbe2ae83d4b,token_approved,A36,class=A36,user,2026-07-24T08:22:31.775359+00:00
c8292094-d374-4ab6-b4b0-ef258b906187,token_approved,A500,class=A500,user,2026-07-24T08:22:31.825526+00:00
f2f0819b-2f20-4820-939f-7179857409c2,token_approved,A53,class=A53,user,2026-07-24T08:22:31.887409+00:00
bd149063-fc59-4645-9b0e-9e5283e14e26,token_approved,A568,class=A568,user,2026-07-24T08:22:31.941835+00:00
8e2d3aa6-eb39-43b2-9dfb-0cd4b811485f,token_approved,A572,class=A572,user,2026-07-24T08:22:31.981289+00:00
5e7e8024-43b3-45fa-a11e-06477606f486,token_approved,A588,class=A588,user,2026-07-24T08:22:32.017604+00:00
a670fe18-abe6-4ee0-95ae-1d41d98744e7,token_approved,A6,class=A,user,2026-07-24T08:22:32.054418+00:00
296279f9-a2e6-45bf-b389-1f4a304194ab,token_approved,A615,class=A615,user,2026-07-24T08:22:32.101791+00:00
fc1f3381-0106-42ef-a256-aa261ef11b39,token_approved,A653,class=A653,user,2026-07-24T08:22:32.152321+00:00
f7a26a67-479d-4327-b3f3-28e2c5a3ad88,token_approved,A706,class=A706,user,2026-07-24T08:22:32.187652+00:00
f3055803-5321-4c99-ab78-52035d64af63,token_approved,A913,class=A913,user,2026-07-24T08:22:32.222381+00:00
dac93958-767a-4a90-85a7-4d25467a313c,token_approved,A970,class=A970,user,2026-07-24T08:22:32.259484+00:00
93cfbfd2-2eda-4ec6-bf76-9b3624521150,token_approved,A992,class=A992,user,2026-07-24T08:22:32.292813+00:00
a8f4b86f-c46a-4341-a253-3cb08ad8d6e6,token_approved,HSS10X0,class=HSS,user,2026-07-24T08:22:32.327142+00:00
70560b84-6fb8-43a9-beb2-d45c6a831dc7,token_approved,L1x1x1/4,class=L,user,2026-07-24T08:22:32.360683+00:00
85957d46-ae91-4e5c-bb82-e5641acb41a9,token_approved,L4X3,class=L,user,2026-07-24T08:22:32.394191+00:00
d43ac247-9e07-4e60-91f4-ba1848c619a3,token_approved,L5X3,class=C,user,2026-07-24T08:22:32.427945+00:00
246b81fb-a793-4e40-a506-787a4c4cad72,token_approved,L6x3,class=L,user,2026-07-24T08:22:32.462230+00:00
8b5bcdca-2540-46a6-b5da-da831d3927d3,token_approved,S-001,class=S,user,2026-07-24T08:22:32.501933+00:00
446a85eb-aff1-4848-9112-e2c68ba56cce,token_approved,S-002,class=S,user,2026-07-24T08:22:32.540752+00:00
fa1e3679-a063-44cf-ae6b-8c8e6c7a3528,token_approved,S-003,class=S,user,2026-07-24T08:22:32.578130+00:00
2e6fa365-cc98-4252-b526-54a6697974d1,token_approved,S-004,class=S,user,2026-07-24T08:22:32.614306+00:00
5f3273db-975c-4cfe-a30b-a0085bdfb132,token_approved,S-101,class=S,user,2026-07-24T08:22:32.648619+00:00
e89a29c4-13a1-432f-8098-198ac9351b57,token_approved,S-102,class=S,user,2026-07-24T08:22:32.682232+00:00
edff6bf6-6385-4c65-8947-32be901c9a89,token_approved,S-103,class=S,user,2026-07-24T08:22:32.717710+00:00
0c7174c6-38bc-4ca8-bf6f-1f21d76185d9,token_approved,S-104,class=S,user,2026-07-24T08:22:32.752203+00:00
8761e4d6-49aa-46f0-baab-f4fe3bcadaa4,token_approved,S-201,class=S,user,2026-07-24T08:22:32.787765+00:00
c96101e2-4cfe-4839-83e8-837a4f1c83a4,token_approved,S-202,class=S,user,2026-07-24T08:22:32.822511+00:00
b4b4a4a4-8994-45e5-96b0-2e77bf1485f4,token_approved,S-203,class=S,user,2026-07-24T08:22:32.861393+00:00
cbc9f31d-16e7-42e6-9aac-4d5aa5d7fff6,token_approved,S-204,class=S,user,2026-07-24T08:22:32.895937+00:00
ec60acc7-d2ab-4053-8319-bd4e9aff73ec,token_approved,S-205,class=S,user,2026-07-24T08:22:32.930546+00:00
78e0a77c-97f7-4785-aa97-0bd49bccb299,token_approved,S-206,class=S,user,2026-07-24T08:22:32.965156+00:00
c3c2a8f3-2e3c-4ce9-aaa1-dec3457addf3,token_approved,S-207,class=S,user,2026-07-24T08:22:33.001162+00:00
38f430a5-dc18-42ba-ac87-c17919f34b6c,token_approved,S-208,class=S,user,2026-07-24T08:22:33.037177+00:00
5c8e451e-731d-4cbb-878a-d4eb127212ba,token_approved,S-301,class=S,user,2026-07-24T08:22:33.075794+00:00
401ce45f-58da-49c3-98b8-7fcd6f8b871b,token_approved,S-311,class=S,user,2026-07-24T08:22:33.112360+00:00
cb200c93-ce2e-4cc0-a90c-e50522d73117,token_approved,S-321,class=S,user,2026-07-24T08:22:33.143714+00:00
6a176765-b7d0-4bc2-ba35-4b9e9020f406,token_approved,S-322,class=S,user,2026-07-24T08:22:33.172836+00:00
fd27585d-d7d2-4a8b-8238-8512c69052c7,token_approved,S-401,class=S,user,2026-07-24T08:22:33.202288+00:00
93e37993-e26e-433b-b15e-fdac0495c515,token_approved,S-402,class=S,user,2026-07-24T08:22:33.233551+00:00
4224ca1a-6e65-4fa2-a650-4bd5772c0cac,token_approved,S-501,class=S,user,2026-07-24T08:22:33.265940+00:00
abced0cc-cb82-4ec8-a39f-10112b3c6cc2,token_approved,S-502,class=S,user,2026-07-24T08:22:33.295382+00:00
3d896c55-ef06-4f48-9525-4de51fbabcce,model_retrained,,"{""model"": ""XGBoost"", ""accuracy"": 0.9886, ""f1"": 0.9874, ""rows"": 31239, ""augmented"": 21777}",user,2026-07-24T08:25:45.776957+00:00
b112e4b5-83df-4b01-809d-d4eb3bb0d404,unknown_queued,A1064,Queued for review (material),system,2026-07-24T10:35:42.752659+00:00
9d439d0b-22b6-4514-9537-036b9940cc82,unknown_queued,A123,Queued for review (material),system,2026-07-24T10:35:42.857411+00:00
4e017c19-cbbe-44e5-86ca-92fc328b4aff,unknown_queued,A153,Queued for review (material),system,2026-07-24T10:35:42.955096+00:00
38fb2abd-fb77-412c-a2b5-613d8f75dd50,unknown_queued,A325,Queued for review (bolt),system,2026-07-24T10:35:43.111111+00:00
6e17e489-ae42-42e6-bb26-2a9603059c83,unknown_queued,A36,Queued for review (material),system,2026-07-24T10:35:43.218382+00:00
9a54e334-ce84-4c78-827f-51df4b3dbcc9,unknown_queued,A490,Queued for review (bolt),system,2026-07-24T10:35:43.302572+00:00
e7b5855f-cc4c-4c67-9e18-9bc30259043f,unknown_queued,A496,Queued for review (material),system,2026-07-24T10:35:43.390893+00:00
76dbedf6-1c90-41a7-9769-46ed2b61faaf,unknown_queued,A5,Queued for review (structural_section),system,2026-07-24T10:35:43.476934+00:00
219571e0-7f41-4de0-8b6d-c02cc8b6b8a3,unknown_queued,A500,Queued for review (material),system,2026-07-24T10:35:43.568485+00:00
0d788198-2620-4b9b-8be4-679a03727b99,unknown_queued,A525,Queued for review (material),system,2026-07-24T10:35:43.660703+00:00
fff26835-9f15-4b4d-91d6-2710ffc7d1f8,unknown_queued,A572,Queued for review (material),system,2026-07-24T10:35:43.927186+00:00
f623a19b-c653-4135-9264-8635e717d51c,unknown_queued,A615,Queued for review (material),system,2026-07-24T10:35:44.127687+00:00
70f6f3b0-b022-41ec-abd1-1ddd601f5fd1,unknown_queued,A653,Queued for review (material),system,2026-07-24T10:35:44.329793+00:00
0b81db75-d059-4f66-a1ca-57028acd89cf,unknown_queued,A775,Queued for review (material),system,2026-07-24T10:35:44.487023+00:00
7f425a0e-662f-4bbb-95fd-2f0e59897add,unknown_queued,A780,Queued for review (material),system,2026-07-24T10:35:44.652728+00:00
3960b4df-aa09-4e9a-baf3-bee7bebf9933,unknown_queued,A992,Queued for review (material),system,2026-07-24T10:35:44.873735+00:00
b7b9d133-49f6-4ccb-afcc-e9c8391d98f0,unknown_queued,HSS10x10,Queued for review (structural_section),system,2026-07-24T10:35:45.179469+00:00
4c063ed1-f352-4ea4-8cf3-75a11621d17c,unknown_queued,HSS12x12,Queued for review (structural_section),system,2026-07-24T10:35:45.532072+00:00
00a041cd-0c11-4e5e-bc88-79a79409b82d,unknown_queued,HSS14x0,Queued for review (structural_section),system,2026-07-24T10:35:46.171569+00:00
78141e0d-45ae-4b53-976e-c434daa32d25,unknown_queued,HSS14x10,Queued for review (structural_section),system,2026-07-24T10:35:46.362729+00:00
84129e1d-9fdb-43ea-a284-fc43112b3bcc,unknown_queued,HSS14x14,Queued for review (structural_section),system,2026-07-24T10:35:46.594462+00:00
149f430b-ac8c-412b-a8ed-05f6e9cc6c14,unknown_queued,HSS6x6,Queued for review (structural_section),system,2026-07-24T10:35:47.498543+00:00
93f46e99-406e-4316-84f6-5a76f6d3bf4b,unknown_queued,HSS8X6,Queued for review (structural_section),system,2026-07-24T10:35:47.671816+00:00
4f71967a-b1af-40fe-9224-8a9416af3006,unknown_queued,HSS8x4,Queued for review (structural_section),system,2026-07-24T10:35:47.774086+00:00
0f5f654c-a779-4929-b1cb-df421e87ca64,unknown_queued,HSS8x8,Queued for review (structural_section),system,2026-07-24T10:35:48.072463+00:00
bc7e0169-63be-4394-867e-d4223ba35477,unknown_queued,L2x2x10,Queued for review (structural_section),system,2026-07-24T10:35:48.413420+00:00
e0d6d4b7-05f4-4fb8-b055-989b38258dd4,unknown_queued,L4x4,Queued for review (structural_section),system,2026-07-24T10:35:48.709596+00:00
0b98df49-c169-426b-9a01-ed6bb5dc9c8c,unknown_queued,L5x3,Queued for review (structural_section),system,2026-07-24T10:35:49.053650+00:00
8035fd64-6a57-439f-8c33-b3fa692bea17,unknown_queued,L5x5,Queued for review (structural_section),system,2026-07-24T10:35:49.274201+00:00
7a7cb341-e87a-4c98-968f-e18c34727d99,unknown_queued,L6x3,Queued for review (structural_section),system,2026-07-24T10:35:49.508114+00:00
066230ec-6a3c-4cf2-a48c-4f22cdadefe1,unknown_queued,L6x4x1/4,Queued for review (structural_section),system,2026-07-24T10:35:49.608021+00:00
ca00bbba-8abd-44bf-87bd-17e7b89f7707,unknown_queued,L7x7x1/2,Queued for review (structural_section),system,2026-07-24T10:35:50.023751+00:00
2f3916c8-c951-48f1-82e0-0593490dd566,unknown_queued,W18x36,Queued for review (structural_section),system,2026-07-24T10:35:53.088962+00:00
430cd43e-7a8d-4460-8365-38d2f2de4f12,token_approved,W18x36,class=W,user,2026-07-24T10:36:25.084419+00:00
fb466d66-05d4-493c-957c-7579a39bccf3,token_approved,L7x7x1/2,class=L,user,2026-07-24T10:37:12.343264+00:00
8d1e2822-7458-4ada-a88d-32e1a2ece455,token_approved,L6x4x1/4,class=L,user,2026-07-24T10:37:15.425298+00:00
a9ab457e-679c-4522-bada-da53dc410e91,token_approved,L6x3,class=L,user,2026-07-24T10:37:17.181491+00:00
3b086a84-94be-4beb-92df-0fc61fe1c4ea,token_approved,L5x5,class=L,user,2026-07-24T10:37:18.804244+00:00
01ef2d17-9a85-48e0-b850-f36bcbbe6825,token_rejected,L5x3,class=C,user,2026-07-24T10:37:34.706414+00:00
b5bb755b-d747-4877-b454-997c5135126a,token_approved,L4x4,class=L,user,2026-07-24T10:37:38.580442+00:00
4f48d6dc-59e5-47f9-8585-2e7748b9b6dd,token_approved,L2x2x10,class=L,user,2026-07-24T10:37:40.238698+00:00
3dcedbbd-3d39-4792-8bda-c52ad38fa4fc,token_approved,HSS8x8,class=HSS,user,2026-07-24T10:37:55.657875+00:00
6f499dc2-85ee-4feb-b3eb-4d29b9fa7a70,token_approved,HSS8x4,class=HSS,user,2026-07-24T10:37:55.735723+00:00
4718ba5b-66dd-4a27-a4ae-ee452c5e6edd,token_approved,HSS8X6,class=HSS,user,2026-07-24T10:37:55.814894+00:00
88f1dae5-aafb-4b37-83e2-ed311f338808,token_approved,HSS6x6,class=HSS,user,2026-07-24T10:37:55.892973+00:00
0dcbd19b-ab5c-40c0-be0c-a0a4bfa26000,token_approved,HSS14x14,class=HSS,user,2026-07-24T10:37:55.991143+00:00
0c1de298-b68a-4c48-b90e-1b0afbe25c7d,token_approved,HSS14x10,class=HSS,user,2026-07-24T10:37:56.039049+00:00
c4718d1c-19fd-4548-8e8f-c7963d58edae,token_approved,HSS14x0,class=HSS,user,2026-07-24T10:37:56.087489+00:00
a048b7bc-9f31-4fac-93b5-4a0b58b72bd5,token_approved,HSS12x12,class=HSS,user,2026-07-24T10:37:56.125286+00:00
a782621f-5c1a-40f7-acbd-8b7f9fc4e5ec,token_approved,HSS10x10,class=HSS,user,2026-07-24T10:37:56.164771+00:00
ec22f1ae-19af-4fd0-a3a0-b07cc37699be,token_rejected,A153,class=A153,user,2026-07-24T10:39:12.104005+00:00
e2160821-89de-4c40-a24d-9d3e747203cd,token_approved,A992,class=A992,user,2026-07-24T10:39:47.775437+00:00
a1277098-1dd4-4295-8a2a-9df32d62d693,token_approved,A780,class=A780,user,2026-07-24T10:39:47.866302+00:00
81b23a08-650c-45db-833d-ccfba1497ee4,token_approved,A775,class=A775,user,2026-07-24T10:39:47.949203+00:00
59d93696-215e-473b-861e-7f222407d002,token_approved,A653,class=A653,user,2026-07-24T10:39:48.002234+00:00
7476573f-09e2-45a5-b269-d4431b505237,token_approved,A615,class=A615,user,2026-07-24T10:39:48.045610+00:00
40bb4935-cb27-48df-9c86-2a94643bdad6,token_approved,A572,class=A572,user,2026-07-24T10:39:48.077399+00:00
6301955b-668c-4e0f-8173-af5d49bd69c8,token_approved,A525,class=A525,user,2026-07-24T10:39:48.113747+00:00
0dd5ed0c-4f40-4f77-bf71-fad3019a6955,token_approved,A500,class=A500,user,2026-07-24T10:39:48.149822+00:00
da5980e1-2f36-4d8b-8d3e-782da289e74f,token_approved,A5,class=A,user,2026-07-24T10:39:48.183011+00:00
6d3d2254-d7ea-4a92-98fe-bf078f847e48,token_approved,A496,class=A496,user,2026-07-24T10:39:48.216359+00:00
30dc1c28-20b5-4367-9d58-36808526b764,token_approved,A490,class=A490,user,2026-07-24T10:39:48.249934+00:00
cf1bb5b7-9443-4a63-a525-32be2f158757,token_approved,A36,class=A36,user,2026-07-24T10:39:48.290718+00:00
4f7e6bd9-55b6-42a1-89a7-baa60810984e,token_approved,A325,class=A325,user,2026-07-24T10:39:48.325288+00:00
105da414-e8af-43e8-ab55-d404c3fa858e,token_approved,A123,class=A123,user,2026-07-24T10:39:48.358196+00:00
1cb6aa6b-4632-406d-92df-10098b7ab0d9,token_approved,A1064,class=A1064,user,2026-07-24T10:39:48.397539+00:00
d176c0aa-d262-4bfc-8d97-b8e1c88579d2,model_retrained,,"{""model"": ""XGBoost"", ""accuracy"": 0.9886, ""f1"": 0.9874, ""rows"": 31239, ""augmented"": 21777}",user,2026-07-24T10:43:20.933219+00:00
c0f96564-614e-4854-ae4b-5f68fbcc0d8a,unknown_queued,A1064,Queued for review (material),system,2026-07-24T10:44:46.777276+00:00
c93205bf-c360-4bc6-a9c9-adffd6b79842,unknown_queued,A2,Queued for review (structural_section),system,2026-07-24T10:44:46.871785+00:00
98f1bebd-7067-4703-a94b-2c81f92f7e2f,unknown_queued,A3,Queued for review (structural_section),system,2026-07-24T10:44:46.989023+00:00
f7af0613-a6f7-499d-9ed0-d1962781c2cb,unknown_queued,A307,Queued for review (bolt),system,2026-07-24T10:44:47.116072+00:00
3ee6dfe9-f52f-423b-8f8c-c8f9a42415af,unknown_queued,A325,Queued for review (bolt),system,2026-07-24T10:44:47.217633+00:00
0608b9b9-a945-4057-a082-57ffbf76f23b,unknown_queued,A36,Queued for review (material),system,2026-07-24T10:44:47.361427+00:00
f1dbe962-0364-45c1-9d30-594143046e88,unknown_queued,A500,Queued for review (material),system,2026-07-24T10:44:47.496050+00:00
9ddf9989-603e-4851-a576-5c95bdaf4ece,unknown_queued,A53,Queued for review (material),system,2026-07-24T10:44:47.609996+00:00
023347ab-09fb-4cc6-8630-06b7e63d752b,unknown_queued,A568,Queued for review (material),system,2026-07-24T10:44:47.714070+00:00
c1f557a0-c2fb-48d7-901d-1867095d6730,unknown_queued,A572,Queued for review (material),system,2026-07-24T10:44:47.803485+00:00
0516fdb3-ae2d-4b59-b754-8bfa59e97238,unknown_queued,A588,Queued for review (material),system,2026-07-24T10:44:47.886629+00:00
7aeba634-8f31-4a03-ae40-f012a54d35e7,unknown_queued,A6,Queued for review (structural_section),system,2026-07-24T10:44:47.966152+00:00
e6fc79d1-afd9-44d6-a767-b7b2c207b412,unknown_queued,A615,Queued for review (material),system,2026-07-24T10:44:48.046550+00:00
5433e26c-5203-4d6c-87c9-965e5dffe203,unknown_queued,A653,Queued for review (material),system,2026-07-24T10:44:48.135370+00:00
f0decd0b-edeb-4ea9-a7bc-093a0d421039,unknown_queued,A913,Queued for review (material),system,2026-07-24T10:44:48.233768+00:00
fd73b707-5313-483d-824e-880798e09686,unknown_queued,A970,Queued for review (material),system,2026-07-24T10:44:48.336796+00:00
4c067b19-bcfe-4923-b980-afc4f12e71f1,unknown_queued,A992,Queued for review (material),system,2026-07-24T10:44:48.453252+00:00
30f6ae79-3bfd-4d36-887b-1625ee1682fc,unknown_queued,HSS10X0,Queued for review (structural_section),system,2026-07-24T10:44:48.560528+00:00
7135bfb6-e00f-44ab-97a0-5d49fada4aeb,unknown_queued,HSS12X4,Queued for review (structural_section),system,2026-07-24T10:44:48.788940+00:00
bb620e1a-0b36-4632-b20a-7d0a77357013,unknown_queued,HSS4x0,Queued for review (structural_section),system,2026-07-24T10:44:49.330171+00:00
6676f8a9-4bc7-4723-8144-9868a6e1825e,unknown_queued,HSS6X0,Queued for review (structural_section),system,2026-07-24T10:44:49.628291+00:00
57158c1d-d2fc-44b9-8417-c0d986e2aeef,unknown_queued,HSS6x6,Queued for review (structural_section),system,2026-07-24T10:44:50.119585+00:00
f54e0b33-8147-466d-bf01-a525579804cb,unknown_queued,HSS8X6,Queued for review (structural_section),system,2026-07-24T10:44:50.269117+00:00
8b634dad-427e-4efe-af5b-f9c691bcb03c,unknown_queued,L1x1x1/4,Queued for review (structural_section),system,2026-07-24T10:44:50.730576+00:00
b9c91c55-b228-4543-addb-5a64a9a12c8c,unknown_queued,L4X3,Queued for review (structural_section),system,2026-07-24T10:44:51.334420+00:00
da6b700a-6c9a-4652-945f-0fbefcecb86e,unknown_queued,L5X3,Queued for review (structural_section),system,2026-07-24T10:44:51.980521+00:00
682ba7c4-3965-48b2-a0da-0c85878d4298,unknown_queued,L5x5x1/4,Queued for review (structural_section),system,2026-07-24T10:44:52.070174+00:00
107d4273-3a63-47da-a3bb-f1c1e1a99f85,unknown_queued,S-001,Queued for review (structural_section),system,2026-07-24T10:44:52.365929+00:00
7b57541c-7f52-42a0-8296-c96e24d875c0,unknown_queued,S-002,Queued for review (structural_section),system,2026-07-24T10:44:52.462018+00:00
bb76aed4-1866-4eda-bbcf-33ed001b8de3,unknown_queued,S-003,Queued for review (structural_section),system,2026-07-24T10:44:52.565844+00:00
6c58675a-b428-4fca-9ce4-349d0a51e2bd,unknown_queued,S-004,Queued for review (structural_section),system,2026-07-24T10:44:52.671512+00:00
71b43333-d228-476e-a9ce-70df63f889d7,unknown_queued,S-005,Queued for review (structural_section),system,2026-07-24T10:44:52.782698+00:00
02664b3e-2e52-4673-88ed-076c706e1573,unknown_queued,S-111,Queued for review (structural_section),system,2026-07-24T10:44:52.885571+00:00
5ea442da-ad10-4dfe-a192-d4c4a88fce14,unknown_queued,S-112,Queued for review (structural_section),system,2026-07-24T10:44:52.994069+00:00
1429fccf-5688-4ec8-b95c-e4a7a407d629,unknown_queued,S-113,Queued for review (structural_section),system,2026-07-24T10:44:53.102060+00:00
37056a4c-3d52-4482-82fa-1ecca5345f6d,unknown_queued,S-121,Queued for review (structural_section),system,2026-07-24T10:44:53.206331+00:00
da4e9b71-5ee8-418a-88b3-25d40dc763dc,unknown_queued,S-122,Queued for review (structural_section),system,2026-07-24T10:44:53.312019+00:00
2b1754cb-4789-4728-b70c-6675afc66ded,unknown_queued,S-123,Queued for review (structural_section),system,2026-07-24T10:44:53.419930+00:00
62d08a01-e701-4716-a8f7-347711f457ec,unknown_queued,S-124,Queued for review (structural_section),system,2026-07-24T10:44:53.531498+00:00
3e89f3bc-bb21-4119-90ce-555258bdfe0f,unknown_queued,S-131,Queued for review (structural_section),system,2026-07-24T10:44:53.623240+00:00
78093f00-bf46-4830-9e92-d4ec4f74e251,unknown_queued,S-132,Queued for review (structural_section),system,2026-07-24T10:44:53.700097+00:00
c9448abf-4008-45bc-91cb-95693c2e838a,unknown_queued,S-141,Queued for review (structural_section),system,2026-07-24T10:44:53.774357+00:00
abd0a3ea-9038-4ebb-9076-d996e07a5131,unknown_queued,S-142,Queued for review (structural_section),system,2026-07-24T10:44:53.873809+00:00
c2879567-aac7-410d-a1a6-311f5cd8cef3,unknown_queued,S-200,Queued for review (structural_section),system,2026-07-24T10:44:53.980087+00:00
0d0c1102-3b38-44b9-afa0-f1d60c20b66b,unknown_queued,S-201,Queued for review (structural_section),system,2026-07-24T10:44:54.089034+00:00
509b1283-e2ae-4741-82a1-2ba85361315d,unknown_queued,S-202,Queued for review (structural_section),system,2026-07-24T10:44:54.201747+00:00
277ff9d4-5a88-4ca9-8d71-697549763a5a,unknown_queued,S-203,Queued for review (structural_section),system,2026-07-24T10:44:54.317115+00:00
66073faf-4aaa-468a-b67b-5faefa25ad06,unknown_queued,S-204,Queued for review (structural_section),system,2026-07-24T10:44:54.428544+00:00
bef2f95a-2f74-4bfa-802d-20dadd89888a,unknown_queued,S-205,Queued for review (structural_section),system,2026-07-24T10:44:54.532258+00:00
92433a5b-f2bf-4a04-85ad-2e29916e7d40,unknown_queued,S-206,Queued for review (structural_section),system,2026-07-24T10:44:54.637838+00:00
f599eefa-52fa-4c26-9a83-1fd1ce986ac8,unknown_queued,S-207,Queued for review (structural_section),system,2026-07-24T10:44:54.756201+00:00
19a40def-8c39-4d61-9abe-e147c3c2a407,unknown_queued,S-208,Queued for review (structural_section),system,2026-07-24T10:44:54.878082+00:00
42bba2cf-d0fd-46eb-bdce-3a12e66f5e48,unknown_queued,S-209,Queued for review (structural_section),system,2026-07-24T10:44:54.983833+00:00
d33f66f8-aaaa-48c4-9abb-284c63a3101a,unknown_queued,S-301,Queued for review (structural_section),system,2026-07-24T10:44:55.103009+00:00
b0a06176-0a52-45f0-af7a-a9bfeeba130c,unknown_queued,S-302,Queued for review (structural_section),system,2026-07-24T10:44:55.257012+00:00
504ba4b8-1f98-4bbf-b5a2-b9d006dd6c05,unknown_queued,S-311,Queued for review (structural_section),system,2026-07-24T10:44:55.388260+00:00
330e799b-fe9d-48f0-9171-7f82f49d9cbb,unknown_queued,S-312,Queued for review (structural_section),system,2026-07-24T10:44:55.511595+00:00
acbab8db-3bd9-4dfc-a87c-a19153fd1f56,unknown_queued,S-313,Queued for review (structural_section),system,2026-07-24T10:44:55.616449+00:00
a278e040-8757-453c-9b66-da6d7fd4a601,unknown_queued,S-321,Queued for review (structural_section),system,2026-07-24T10:44:55.736876+00:00
cbac4f83-1558-4485-9d5d-a0ec1746b4bd,unknown_queued,S-322,Queued for review (structural_section),system,2026-07-24T10:44:55.849863+00:00
306cf6d0-3e40-4670-9fba-b2cb2b89539a,unknown_queued,S-401,Queued for review (structural_section),system,2026-07-24T10:44:55.965930+00:00
c3600aa4-b1bc-4c5f-b1de-16e901d21bc3,unknown_queued,S-402,Queued for review (structural_section),system,2026-07-24T10:44:56.085947+00:00
d7f85ad5-142f-42ce-b920-0cda92381ee3,unknown_queued,S-403,Queued for review (structural_section),system,2026-07-24T10:44:56.213960+00:00
b327addd-2a3e-42b8-acd6-7a027deef06c,unknown_queued,S-404,Queued for review (structural_section),system,2026-07-24T10:44:56.332438+00:00
c81b64fe-991b-465f-a5a6-e58e95a5484a,unknown_queued,S-501,Queued for review (structural_section),system,2026-07-24T10:44:56.452489+00:00
58b2dfcb-1730-4cb3-811e-e34d819b0538,unknown_queued,S-502,Queued for review (structural_section),system,2026-07-24T10:44:56.568467+00:00
667512ec-d219-481f-b053-7abd19edfad5,unknown_queued,S-601,Queued for review (structural_section),system,2026-07-24T10:44:56.666998+00:00
ebc215b5-a6fa-4f89-b4e9-5e396e28aad3,unknown_queued,W14X198,Queued for review (structural_section),system,2026-07-24T10:44:58.534606+00:00
0e8789c9-c16d-477e-86d9-bf624b7a3453,token_approved,W14X198,class=W,user,2026-07-24T10:45:12.020504+00:00
bd2b2720-f606-4dd3-9b86-492b5c978316,token_approved,S-601,class=S,user,2026-07-24T10:45:41.299856+00:00
e8d09299-eeb4-4695-af45-a68f1e69684c,token_approved,S-502,class=S,user,2026-07-24T10:45:41.418785+00:00
3ddedc2d-2df0-466a-8acb-c63be2b88b05,token_approved,S-501,class=S,user,2026-07-24T10:45:41.499941+00:00
5f750dcf-a6c5-4250-9cf5-05cbec8af6fe,token_approved,S-404,class=S,user,2026-07-24T10:45:41.681567+00:00
145fc5bc-753b-4047-856f-c2293be16fa7,token_approved,S-403,class=S,user,2026-07-24T10:45:41.731275+00:00
96b95bb6-cca7-42d1-b85e-2ed2cb585e8a,token_approved,S-402,class=S,user,2026-07-24T10:45:41.772261+00:00
33aab03f-1ee7-4215-81f7-23e2ace14216,token_approved,S-401,class=S,user,2026-07-24T10:45:41.808706+00:00
b7fb0fb5-e4e1-4d26-8264-367f5983e688,token_approved,S-322,class=S,user,2026-07-24T10:45:41.851950+00:00
943e2d84-1212-4bc7-9ea7-2b8df893bcaf,token_approved,S-321,class=S,user,2026-07-24T10:45:41.888851+00:00
3ba83a87-bd04-4367-b532-4fb646c125d1,token_approved,S-313,class=S,user,2026-07-24T10:45:41.925191+00:00
e5e64193-e3b0-4e6a-b470-28235fb0dea8,token_approved,S-312,class=S,user,2026-07-24T10:45:41.962339+00:00
c120a566-7cb0-49fa-a0ca-0064a4aa6729,token_approved,S-311,class=S,user,2026-07-24T10:45:41.997946+00:00
b5f9f046-29e8-460a-bbc7-dd551151f053,token_approved,S-302,class=S,user,2026-07-24T10:45:42.034055+00:00
25cdb700-6cc5-44c2-84ec-1aceb3365601,token_approved,S-301,class=S,user,2026-07-24T10:45:42.071266+00:00
7a97b710-249c-4dee-a877-ef19ceaf4837,token_approved,S-209,class=S,user,2026-07-24T10:45:42.108461+00:00
2cce22d9-4c0a-4425-b103-3ae903db28a2,token_approved,S-208,class=S,user,2026-07-24T10:45:42.145779+00:00
b9da7a0a-a06a-4ba4-9f8f-fb1c95f1c1dd,token_approved,S-207,class=S,user,2026-07-24T10:45:42.180396+00:00
965fdcbd-3b0d-4eb8-8431-445235639863,token_approved,S-206,class=S,user,2026-07-24T10:45:42.216778+00:00
bbbd64fb-6d8d-4f97-83a0-1d2724d03c96,token_approved,S-205,class=S,user,2026-07-24T10:45:42.258882+00:00
b0f0f48b-ff3b-4bba-bed0-c2c4d49f2837,token_approved,S-204,class=S,user,2026-07-24T10:45:42.295551+00:00
c15fe7c9-5a08-461a-961c-243407d1aa7b,token_approved,S-203,class=S,user,2026-07-24T10:45:42.331488+00:00
c8885c8d-35c5-4ada-9921-7bb71bbf42ab,token_approved,S-202,class=S,user,2026-07-24T10:45:42.369522+00:00
ea11164b-5899-45cb-986d-d795cd4b3d64,token_approved,S-201,class=S,user,2026-07-24T10:45:42.409003+00:00
0479c86d-2bd2-4d78-bf19-4a0ed04d78fc,token_approved,S-200,class=S,user,2026-07-24T10:45:42.450764+00:00
77f27add-b327-43f7-959b-ae173fa7397e,token_approved,S-142,class=S,user,2026-07-24T10:45:42.487200+00:00
ac1da1c0-ca8e-455b-b50c-523fe6269bc2,token_approved,S-141,class=S,user,2026-07-24T10:46:23.887336+00:00
1faf8b97-2e8a-42d4-840a-b27ad343d815,token_approved,S-132,class=S,user,2026-07-24T10:46:23.985428+00:00
a3150fdd-7c33-4cb9-83ec-2689843ea655,token_approved,S-131,class=S,user,2026-07-24T10:46:24.060954+00:00
edcc1244-4099-4a0e-b20f-381b7bddc990,token_approved,S-124,class=S,user,2026-07-24T10:46:24.170028+00:00
5965262c-9c42-4ec5-a3ef-a3d1ef8f5e8e,token_approved,S-123,class=S,user,2026-07-24T10:46:24.230936+00:00
63b373dc-74bc-4fe5-b74b-a35271d6529a,token_approved,S-122,class=S,user,2026-07-24T10:46:24.267865+00:00
25683513-2cb7-402d-8bef-de879e749c13,token_approved,S-121,class=S,user,2026-07-24T10:46:24.303675+00:00
d4e0664d-2f5f-4e1e-b63c-34802d9cfcd2,token_approved,S-113,class=S,user,2026-07-24T10:46:24.336344+00:00
9b1faa47-be48-47d6-b0e0-01227d145416,token_approved,S-112,class=S,user,2026-07-24T10:46:24.367183+00:00
ef101529-fdba-4faa-95ff-74501fff1aa7,token_approved,S-111,class=S,user,2026-07-24T10:46:24.398207+00:00
edea1e93-3bc7-4b5e-add1-d7b80ae1f140,token_approved,S-005,class=S,user,2026-07-24T10:46:24.429841+00:00
ec8f536d-d1f9-4762-a85b-4c8450acf78d,token_approved,S-004,class=S,user,2026-07-24T10:46:24.460895+00:00
a3a99e6b-dd6a-4e94-a057-cbb7d8e58fcc,token_approved,S-003,class=S,user,2026-07-24T10:46:24.490728+00:00
c0870d0f-4a96-485f-9f19-5f8d0174fe01,token_approved,S-002,class=S,user,2026-07-24T10:46:24.521372+00:00
7952b337-5bd5-462f-b31e-82fec5aaff4f,token_approved,S-001,class=S,user,2026-07-24T10:46:24.552748+00:00
a5000b79-fc0b-48fa-aabd-4ba5e05716d5,token_approved,L5x5x1/4,class=L,user,2026-07-24T10:46:24.588066+00:00
5a7aa1df-82bf-4ffa-b3bd-10328676d098,token_approved,L4X3,class=L,user,2026-07-24T10:46:24.624882+00:00
8f3e9b92-c755-4299-a13d-704e2d3c9e02,token_approved,L1x1x1/4,class=L,user,2026-07-24T10:46:24.667850+00:00
7f5e2c5b-46b0-4985-93eb-86a475035563,token_approved,HSS8X6,class=HSS,user,2026-07-24T10:46:24.703943+00:00
22407418-c143-4fd9-8fa3-805a44e3035e,token_approved,HSS6x6,class=HSS,user,2026-07-24T10:46:24.741143+00:00
070169d3-26ba-4eb7-8084-66c96fc6f8fa,token_approved,HSS6X0,class=HSS,user,2026-07-24T10:46:24.779757+00:00
0a32bd90-9d52-48a7-9cd3-5a6a2b526f5a,token_approved,HSS4x0,class=HSS,user,2026-07-24T10:46:24.816215+00:00
75924ca0-1251-48ed-8aff-db299ffdeb20,token_approved,HSS12X4,class=HSS,user,2026-07-24T10:46:24.851741+00:00
ba10ab64-f1ee-41bd-88a1-b0f58de3e8de,token_approved,HSS10X0,class=HSS,user,2026-07-24T10:46:24.888345+00:00
4f1da16a-1ca1-4847-be9d-ff490e57469a,token_approved,L5X3,class=L,user,2026-07-24T10:46:51.593549+00:00
0ffce8ba-6448-4424-8655-eca78ea5592a,token_rejected,A6,class=A,user,2026-07-24T10:46:58.656874+00:00
49be996e-91a7-4210-82ff-c118e4774c5d,token_approved,A992,class=A992,user,2026-07-24T10:48:16.399465+00:00
6c823cf4-de2c-4c3d-9763-201bb86f686b,token_approved,A970,class=A970,user,2026-07-24T10:48:16.523175+00:00
250f2362-e2f2-41f3-9aef-00c4d6ed80b7,token_approved,A913,class=A913,user,2026-07-24T10:48:16.593098+00:00
6217e77a-6cfc-48db-bbf3-db24e0b917f8,token_approved,A653,class=A653,user,2026-07-24T10:48:16.651212+00:00
94cd64c3-05e3-4d2e-9429-45c884662cdc,token_approved,A615,class=A615,user,2026-07-24T10:48:16.684467+00:00
28512992-a5d5-4b4b-b006-48eaed7014a2,token_approved,A588,class=A588,user,2026-07-24T10:48:16.721851+00:00
7b3f58f7-1ce4-4bca-8664-574d85750c55,token_approved,A572,class=A572,user,2026-07-24T10:48:16.759888+00:00
0985acc2-0317-4c11-86c7-449a457fffd0,token_approved,A568,class=A568,user,2026-07-24T10:48:16.796765+00:00
629317fb-d8f6-40b0-a0cd-d5d45142ee21,token_approved,A53,class=A53,user,2026-07-24T10:48:16.832804+00:00
61d3fa9c-fb85-4c34-8692-6fdedbd21f97,token_approved,A500,class=A500,user,2026-07-24T10:48:16.864557+00:00
edec25ae-9435-41e9-bf5c-69315111f6df,token_approved,A36,class=A36,user,2026-07-24T10:48:16.894244+00:00
c18bc804-0f4c-4e2b-95f2-6fef42978ac1,token_approved,A325,class=A325,user,2026-07-24T10:48:16.924414+00:00
4140911c-be08-492c-a8e9-20f8ea42bcfc,token_approved,A307,class=A307,user,2026-07-24T10:48:16.954218+00:00
d5ed2237-2962-41d1-bfde-74f1f49280fa,token_approved,A3,class=A,user,2026-07-24T10:48:16.983145+00:00
08451f1b-e223-4e56-9b47-ff024ba79b4e,token_approved,A2,class=A,user,2026-07-24T10:48:17.015779+00:00
e74d7f2b-1d0a-446d-a9f6-c4ce05d79b19,token_approved,A1064,class=A1064,user,2026-07-24T10:48:17.047388+00:00
a6071bb9-0a11-4ebf-b3a5-84cc7e7dee13,model_retrained,,"{""model"": ""XGBoost"", ""accuracy"": 0.9886, ""f1"": 0.9874, ""rows"": 31239, ""augmented"": 21777}",user,2026-07-24T10:51:14.927073+00:00
b1bd99c4-ef28-4dd1-b850-30872158b7b8,unknown_queued,A1064,Queued for review (material),system,2026-07-24T10:52:14.461924+00:00
4a56257b-f99c-4dd2-8a86-73fe6943bb57,unknown_queued,A108,Queued for review (material),system,2026-07-24T10:52:14.563384+00:00
20c6242b-ed91-4d73-9b3f-bde01ea9fa70,unknown_queued,A2,Queued for review (structural_section),system,2026-07-24T10:52:14.672207+00:00
78b99953-0899-44bf-9265-234158154908,unknown_queued,A3,Queued for review (structural_section),system,2026-07-24T10:52:14.779270+00:00
895983f9-b488-43fd-b425-8381193b466e,unknown_queued,A307,Queued for review (bolt),system,2026-07-24T10:52:14.884657+00:00
9cbd4d34-12c0-471b-ba39-68aacd217823,unknown_queued,A325,Queued for review (bolt),system,2026-07-24T10:52:14.995608+00:00
15ad676f-7139-438b-9435-75e5476fe285,unknown_queued,A36,Queued for review (material),system,2026-07-24T10:52:15.105325+00:00
95025b9f-5154-4272-a184-c1d71f967d1d,unknown_queued,A500,Queued for review (material),system,2026-07-24T10:52:15.212159+00:00
e7df8fad-d1c3-40d9-9114-a162702b614f,unknown_queued,A53,Queued for review (material),system,2026-07-24T10:52:15.288733+00:00
d7ef3ac6-0352-491a-bed6-6e1e9599e2b0,unknown_queued,A568,Queued for review (material),system,2026-07-24T10:52:15.369434+00:00
1812b31e-f7ca-4d6c-be1d-7a873d19593e,unknown_queued,A572,Queued for review (material),system,2026-07-24T10:52:15.442471+00:00
3d3fb01f-6401-446c-8ea7-7de356ee8412,unknown_queued,A588,Queued for review (material),system,2026-07-24T10:52:15.539726+00:00
1126440a-34da-4884-83d0-93f6a33a166c,unknown_queued,A6,Queued for review (structural_section),system,2026-07-24T10:52:15.644908+00:00
961e6b21-8148-4bdc-8ae2-34d14d78b335,unknown_queued,A615,Queued for review (material),system,2026-07-24T10:52:15.741001+00:00
97168537-9a0c-46ce-b20a-fa42990ce491,unknown_queued,A653,Queued for review (material),system,2026-07-24T10:52:15.859282+00:00
fdbd741d-06e3-4688-91dd-b858fbb8e46c,unknown_queued,A706,Queued for review (material),system,2026-07-24T10:52:15.962086+00:00
0eccc2f5-a670-444e-93ad-ec696434896a,unknown_queued,A913,Queued for review (material),system,2026-07-24T10:52:16.071902+00:00
7f25c643-3252-4ec8-a4bf-765375689ab6,unknown_queued,A970,Queued for review (material),system,2026-07-24T10:52:16.176646+00:00
300084ea-eb86-4bf3-bfe2-c9bc14e4d54c,unknown_queued,A992,Queued for review (material),system,2026-07-24T10:52:16.277377+00:00
97c9c8c3-88f5-4cb6-a142-eadc64ec80a4,unknown_queued,HSS10X0,Queued for review (structural_section),system,2026-07-24T10:52:16.386670+00:00
0348f2a2-ea69-4c58-baaa-aca3696df14a,unknown_queued,HSS16X0,Queued for review (structural_section),system,2026-07-24T10:52:16.618160+00:00
08530a11-3cdc-460c-88f7-e9ed0e187752,unknown_queued,HSS18X0,Queued for review (structural_section),system,2026-07-24T10:52:16.844802+00:00
1fa90dbb-6733-481f-98e0-cc3027970b25,unknown_queued,L1x1x1/4,Queued for review (structural_section),system,2026-07-24T10:52:17.787174+00:00
a7519f03-8175-45f1-bb8e-72f6bae2d4e4,unknown_queued,L4X3,Queued for review (structural_section),system,2026-07-24T10:52:18.225062+00:00
3a6b60b7-10a9-4d09-8999-92fd46389339,unknown_queued,L4x4,Queued for review (structural_section),system,2026-07-24T10:52:18.709654+00:00
3ec1dd39-ce31-4e5f-9eb6-05e381cdfbca,unknown_queued,L5X3,Queued for review (structural_section),system,2026-07-24T10:52:18.875836+00:00
c2cb9a1e-bc97-4243-af42-6ee4a61d526c,unknown_queued,L6X3,Queued for review (structural_section),system,2026-07-24T10:52:19.104822+00:00
002dc7c8-2712-47de-a5d1-fcf5f524fc1e,unknown_queued,S-001,Queued for review (structural_section),system,2026-07-24T10:52:19.462712+00:00
004a3bf9-f53a-403d-8f77-a62d18122b05,unknown_queued,S-002,Queued for review (structural_section),system,2026-07-24T10:52:19.574200+00:00
92bf2afd-6a26-4738-ac58-253d431b6d99,unknown_queued,S-003,Queued for review (structural_section),system,2026-07-24T10:52:19.685544+00:00
53fefb71-a191-46c2-ae8b-ade063268681,unknown_queued,S-004,Queued for review (structural_section),system,2026-07-24T10:52:19.796421+00:00
abf4c61d-16cb-4f6e-afb3-96a4cb7d7532,unknown_queued,S-111,Queued for review (structural_section),system,2026-07-24T10:52:19.919258+00:00
5f9c49bf-2e27-49fe-b05d-7b534c8ad6d7,unknown_queued,S-112,Queued for review (structural_section),system,2026-07-24T10:52:20.035656+00:00
dafad4f6-175a-4e81-9c37-4fa7e9c6544c,unknown_queued,S-113,Queued for review (structural_section),system,2026-07-24T10:52:20.139913+00:00
0e0b5b90-e27c-4178-9500-48e6645caa1e,unknown_queued,S-201,Queued for review (structural_section),system,2026-07-24T10:52:20.247583+00:00
ef4fca37-07f0-4bc2-89c8-e942d0b2969a,unknown_queued,S-202,Queued for review (structural_section),system,2026-07-24T10:52:20.360197+00:00
0fb54357-2d47-41ee-8a5b-83ed6c18b322,unknown_queued,S-203,Queued for review (structural_section),system,2026-07-24T10:52:20.474170+00:00
548cc919-b1c1-4ff4-87aa-e38824b23c47,unknown_queued,S-204,Queued for review (structural_section),system,2026-07-24T10:52:20.580525+00:00
81d25f2d-538b-48f8-8614-76e3040a3267,unknown_queued,S-205,Queued for review (structural_section),system,2026-07-24T10:52:20.694989+00:00
576acaf2-dbd5-43b7-8c06-b00ea995b88c,unknown_queued,S-206,Queued for review (structural_section),system,2026-07-24T10:52:20.822758+00:00
2652eded-4398-4bc3-bb06-eba4c14c20fb,unknown_queued,S-301,Queued for review (structural_section),system,2026-07-24T10:52:20.931129+00:00
f159915b-e693-40e4-a217-8dbbb4d64e34,unknown_queued,S-311,Queued for review (structural_section),system,2026-07-24T10:52:21.042785+00:00
33125de6-e79e-448a-9d22-46898950cb6b,unknown_queued,S-312,Queued for review (structural_section),system,2026-07-24T10:52:21.125545+00:00
bf754acb-23d8-49f8-909a-8821efdff8c7,unknown_queued,S-321,Queued for review (structural_section),system,2026-07-24T10:52:21.208417+00:00
3fc94e16-5dc4-4c58-9eac-36198eb473d0,unknown_queued,S-322,Queued for review (structural_section),system,2026-07-24T10:52:21.289911+00:00
564eceb0-43c1-40e9-b40d-150397a259e3,unknown_queued,S-401,Queued for review (structural_section),system,2026-07-24T10:52:21.412540+00:00
1adac0b9-3a1c-4d3e-bc54-fa9c6f14b7d3,unknown_queued,S-402,Queued for review (structural_section),system,2026-07-24T10:52:21.529175+00:00
cf97a3d0-4db8-43a2-996c-107788e28cbe,unknown_queued,S-403,Queued for review (structural_section),system,2026-07-24T10:52:21.644645+00:00
b1afd88b-6e53-487a-a0a6-b657252a4ccf,unknown_queued,S-404,Queued for review (structural_section),system,2026-07-24T10:52:21.764660+00:00
c4677f81-4ad6-4d20-8d44-c33df739a9af,unknown_queued,S-501,Queued for review (structural_section),system,2026-07-24T10:52:21.880466+00:00
a486aa32-1eea-4cbd-8058-fcbb95c04f9d,unknown_queued,S-502,Queued for review (structural_section),system,2026-07-24T10:52:21.995640+00:00
5ec4ba10-d56e-4ced-8bdd-0d84639c9903,unknown_queued,S-601,Queued for review (structural_section),system,2026-07-24T10:52:22.119824+00:00
a2b48d1e-57d3-4745-8075-125a202a0632,token_approved,S-601,class=S,user,2026-07-24T10:53:10.254465+00:00
beae0827-e6c7-4c61-b3ea-0f247f9079d9,token_approved,S-502,class=S,user,2026-07-24T10:53:10.369864+00:00
7b375e2a-d781-494b-9b05-8cc7f6f5ecd7,token_approved,S-501,class=S,user,2026-07-24T10:53:10.456160+00:00
1f18e749-aad7-4311-93fc-94c533ea0554,token_approved,S-404,class=S,user,2026-07-24T10:53:10.575555+00:00
eb6e016d-defa-4ae6-b92d-d8a83d3ae7e9,token_approved,S-403,class=S,user,2026-07-24T10:53:10.643869+00:00
68cc4ce7-65dc-4aa2-ab5c-9962234d42d3,token_approved,S-402,class=S,user,2026-07-24T10:53:10.685881+00:00
99eb8b6d-e724-4355-90b9-d6cd68249a50,token_approved,S-401,class=S,user,2026-07-24T10:53:10.725496+00:00
8847138a-dc3c-49f8-a4e5-4088fd93fc75,token_approved,S-322,class=S,user,2026-07-24T10:53:10.766453+00:00
a185382f-7494-487a-bffd-b4945e943888,token_approved,S-321,class=S,user,2026-07-24T10:53:10.807346+00:00
cdc70b02-2633-43b2-a95a-2f5ff856c7c7,token_approved,S-312,class=S,user,2026-07-24T10:53:10.847910+00:00
c045cef6-b61e-4426-a759-3982ddd75576,token_approved,S-311,class=S,user,2026-07-24T10:53:10.891728+00:00
8a1ffd65-b39a-42c1-a07b-758ef93cf872,token_approved,S-301,class=S,user,2026-07-24T10:53:10.931116+00:00
b9754952-3c90-4f47-964b-f139fb6bddc2,token_approved,S-206,class=S,user,2026-07-24T10:53:10.970316+00:00
58e9f255-dca5-42cd-b884-c3542ac71753,token_approved,S-205,class=S,user,2026-07-24T10:53:11.010832+00:00
119ee824-8a0c-4dc8-8b86-23df5a81c2ac,token_approved,S-204,class=S,user,2026-07-24T10:53:11.045525+00:00
68967cf9-3ba9-4792-a954-74ed381bdaf2,token_approved,S-203,class=S,user,2026-07-24T10:53:11.077719+00:00
2c0a8552-8f17-442e-a2fd-f86c7f9bb4ac,token_approved,S-202,class=S,user,2026-07-24T10:53:11.109896+00:00
7265b64f-cd38-4fa6-9ecc-c8c5edaa935a,token_approved,S-201,class=S,user,2026-07-24T10:53:11.142995+00:00
405c55a3-8868-4ede-a3f5-f03130a0d9e7,token_approved,S-113,class=S,user,2026-07-24T10:53:11.179146+00:00
6d3f5cfd-1790-4f53-8d1d-15b0bb59af07,token_approved,S-112,class=S,user,2026-07-24T10:53:11.214387+00:00
6de56482-d040-4193-b09d-70d548d0d3f0,token_approved,S-111,class=S,user,2026-07-24T10:53:11.250095+00:00
8fbc7b59-11d6-4c49-a97f-21f58cf612a9,token_approved,S-004,class=S,user,2026-07-24T10:53:11.283318+00:00
5c41d235-5a4a-44d4-8271-d15d1b3ebe63,token_approved,S-003,class=S,user,2026-07-24T10:53:11.321593+00:00
84e3941c-533d-46a1-840e-a9b7f78434ba,token_approved,S-002,class=S,user,2026-07-24T10:53:11.361144+00:00
78c5dcff-2ff6-459b-a929-3fbb5a1ee2fa,token_approved,S-001,class=S,user,2026-07-24T10:53:11.401620+00:00
100b345c-f9bb-4103-8892-8d412cdfc2c7,token_approved,L6X3,class=L,user,2026-07-24T10:53:23.826645+00:00
bfd6dd9e-38b3-405b-ad3f-d8364aaafc06,token_approved,L4x4,class=L,user,2026-07-24T10:53:23.957129+00:00
a75b541e-ac3c-45ca-8d63-3483652484a8,token_approved,L4X3,class=L,user,2026-07-24T10:53:24.056587+00:00
e8ccd1f2-99ef-4178-a833-0d35ab9a2d7d,token_approved,L1x1x1/4,class=L,user,2026-07-24T10:53:24.183384+00:00
4ffd85a5-fcbb-4451-a3fa-42acf141bd82,token_approved,HSS18X0,class=HSS,user,2026-07-24T10:53:24.263238+00:00
09d7cdf7-f473-4373-b9fa-71e5609d5e74,token_approved,HSS16X0,class=HSS,user,2026-07-24T10:53:24.302378+00:00
034fa629-e0cc-4bcb-bb29-b2e45a5f33f0,token_approved,HSS10X0,class=HSS,user,2026-07-24T10:53:24.344482+00:00
3fbbfa27-491c-42f4-b018-e98f8c593f7e,token_rejected,L5X3,class=C,user,2026-07-24T10:53:29.523320+00:00
2a727dc4-0f49-4ad8-954e-b7be7d908a77,token_approved,A992,class=A992,user,2026-07-24T10:53:58.428815+00:00
9bd43d2d-f9cf-494c-a5a0-cacee9abf72f,token_approved,A970,class=A970,user,2026-07-24T10:53:58.542837+00:00
1780b848-bb83-4358-b318-26fcdb130247,token_approved,A913,class=A913,user,2026-07-24T10:53:58.640762+00:00
72368e29-33f0-47e2-8084-72903288c950,token_approved,A706,class=A706,user,2026-07-24T10:53:58.694211+00:00
341dba93-d6b5-4a43-a48e-cb15802ae8d2,token_approved,A653,class=A653,user,2026-07-24T10:53:58.733001+00:00
d3cf5c87-5138-4148-b1d7-001ee4bbf3ff,token_approved,A615,class=A615,user,2026-07-24T10:53:58.777173+00:00
5b725b67-aca4-40a5-a3b3-06c51ff94271,token_approved,A6,class=A,user,2026-07-24T10:53:58.819632+00:00
72538890-b3c8-44fc-af60-9ef64fcfc168,token_approved,A588,class=A588,user,2026-07-24T10:53:58.861877+00:00
ecccf880-8000-4078-b8be-f744d6d0447e,token_approved,A572,class=A572,user,2026-07-24T10:53:58.903664+00:00
0fc460fa-8462-47d3-871b-c528b84bd2e6,token_approved,A568,class=A568,user,2026-07-24T10:53:58.955586+00:00
1209937d-b278-464c-929a-5028926b405a,token_approved,A53,class=A53,user,2026-07-24T10:53:59.003183+00:00
4705364d-cdfe-4be1-9f8a-4390d60660e0,token_approved,A500,class=A500,user,2026-07-24T10:53:59.045236+00:00
41b86b7a-36e2-43b4-b252-398d0a63e239,token_approved,A36,class=A36,user,2026-07-24T10:53:59.088683+00:00
34e8bded-e7d7-419a-9e29-c010b7c8a1f2,token_approved,A325,class=A325,user,2026-07-24T10:53:59.130020+00:00
e63fe480-a5a4-461e-a606-6f34f8e490ce,token_approved,A307,class=A307,user,2026-07-24T10:53:59.174260+00:00
064fa433-bb99-442a-ab61-80ef2d0158ad,token_approved,A3,class=A,user,2026-07-24T10:53:59.215474+00:00
8a2fd608-0be7-427b-bcbb-af370ce1cdbf,token_approved,A2,class=A,user,2026-07-24T10:53:59.256435+00:00
33c40200-4cce-4a8d-ab20-85db60160b3c,token_approved,A108,class=A108,user,2026-07-24T10:53:59.297347+00:00
3aa73cb7-fdc1-4b76-960a-a64455fcb308,token_approved,A1064,class=A1064,user,2026-07-24T10:53:59.338803+00:00
fa002480-5abb-4ae8-8077-ea932e586fcb,model_retrained,,"{""model"": ""XGBoost"", ""accuracy"": 0.9886, ""f1"": 0.9874, ""rows"": 31239, ""augmented"": 21777}",user,2026-07-24T10:56:57.446593+00:00
0142892e-8c5e-4009-ae05-b14df07bb77c,unknown_queued,A1064,Queued for review (material),system,2026-07-27T10:10:59.934206+00:00
09919581-2dcb-402c-88c4-9aef3a687e6c,unknown_queued,A2,Queued for review (structural_section),system,2026-07-27T10:11:00.058167+00:00
6948189a-9d3b-4db5-bf4a-80681ff708d9,unknown_queued,A3,Queued for review (structural_section),system,2026-07-27T10:11:00.191060+00:00
e2e7a132-40ee-4a5d-ab8a-8093b9ceacd8,unknown_queued,A307,Queued for review (bolt),system,2026-07-27T10:11:00.285286+00:00
86aae0b8-0e2c-4e40-8f61-4b2bc23930df,unknown_queued,A325,Queued for review (bolt),system,2026-07-27T10:11:00.395890+00:00
a34faf6b-ab6e-4ca4-8ee5-88ea9c08e563,unknown_queued,A36,Queued for review (material),system,2026-07-27T10:11:00.550425+00:00
14190152-bc21-41b5-8d53-fcce058e1ad2,unknown_queued,A500,Queued for review (material),system,2026-07-27T10:11:00.749161+00:00
92a9da2b-8ea8-4484-9d3f-2ad9a58617a0,unknown_queued,A53,Queued for review (material),system,2026-07-27T10:11:00.874565+00:00
9707ca48-6fdb-4198-8243-dd127b3cdbe5,unknown_queued,A568,Queued for review (material),system,2026-07-27T10:11:01.015128+00:00
77998396-fb12-415c-a5ca-1b368ab9cc4f,unknown_queued,A572,Queued for review (material),system,2026-07-27T10:11:01.137831+00:00
89cf84d0-6cb4-44fb-8b1d-d06853429810,unknown_queued,A588,Queued for review (material),system,2026-07-27T10:11:01.404563+00:00
27fec4a1-3e85-4446-89e1-46f68e63352b,unknown_queued,A6,Queued for review (structural_section),system,2026-07-27T10:11:01.503386+00:00
ceb9e481-699c-4196-a5f6-8c6898ece1fd,unknown_queued,A615,Queued for review (material),system,2026-07-27T10:11:01.616077+00:00
0d4cf183-b67e-4a4d-804d-c70df6369cdc,unknown_queued,A653,Queued for review (material),system,2026-07-27T10:11:01.700165+00:00
e5148275-8603-4f93-8259-6ea170bb2765,unknown_queued,A706,Queued for review (material),system,2026-07-27T10:11:01.779994+00:00
fa25d0dd-d262-42e9-b2e7-634744f2f664,unknown_queued,A913,Queued for review (material),system,2026-07-27T10:11:01.862207+00:00
e3251560-18e0-4a22-83f3-0f7f0be6ac67,unknown_queued,A970,Queued for review (material),system,2026-07-27T10:11:01.962991+00:00
65712201-ae86-4bbe-9225-4b8564312b39,unknown_queued,A992,Queued for review (material),system,2026-07-27T10:11:02.062457+00:00
3cdfec14-c4a5-4ec2-996f-924fee1a1051,unknown_queued,HSS10X0,Queued for review (structural_section),system,2026-07-27T10:11:02.155215+00:00
57f59bf8-dfc0-476e-bc42-d0cc607d8216,unknown_queued,L1x1x1/4,Queued for review (structural_section),system,2026-07-27T10:11:02.848724+00:00
588d19f5-a8a0-4169-8e3b-55b8f28340fa,unknown_queued,L4X3,Queued for review (structural_section),system,2026-07-27T10:11:03.396986+00:00
a05ce963-16fd-41bf-a236-7dc68f04e3c1,unknown_queued,L5X3,Queued for review (structural_section),system,2026-07-27T10:11:03.838922+00:00
c14ddbb8-fdd6-4273-9e88-d673ec3bca88,unknown_queued,L6x3,Queued for review (structural_section),system,2026-07-27T10:11:04.068005+00:00
eee98e43-9add-4db7-be3b-862030d6f4c0,unknown_queued,S-001,Queued for review (structural_section),system,2026-07-27T10:11:04.219260+00:00
be5bf4d0-d1dd-4a34-8387-ec0e5c3910c7,unknown_queued,S-002,Queued for review (structural_section),system,2026-07-27T10:11:04.334748+00:00
47f5930d-3ec9-4481-b22f-4090a82f116d,unknown_queued,S-003,Queued for review (structural_section),system,2026-07-27T10:11:04.446772+00:00
3f42d380-9402-4902-a634-3aeefb5e3d77,unknown_queued,S-004,Queued for review (structural_section),system,2026-07-27T10:11:04.553732+00:00
43a7582d-2658-480a-b6cd-e25cfc8c144b,unknown_queued,S-101,Queued for review (structural_section),system,2026-07-27T10:11:04.645702+00:00
5609d81c-022b-4203-bbac-9b6a1559dd3f,unknown_queued,S-102,Queued for review (structural_section),system,2026-07-27T10:11:04.749145+00:00
ee43b3b7-7175-4381-a173-b6949a53adb3,unknown_queued,S-103,Queued for review (structural_section),system,2026-07-27T10:11:04.841203+00:00
284c8d09-b786-4c4a-8509-7a8a417df6c0,unknown_queued,S-104,Queued for review (structural_section),system,2026-07-27T10:11:04.950051+00:00
03327662-dfa5-4167-a1dd-1aae5cfdc860,unknown_queued,S-201,Queued for review (structural_section),system,2026-07-27T10:11:05.058904+00:00
08741497-2269-4f43-94b0-41e39f9005c3,unknown_queued,S-202,Queued for review (structural_section),system,2026-07-27T10:11:05.172851+00:00
6a1f2aaa-d564-4d1c-b25c-a7285a03b33f,unknown_queued,S-203,Queued for review (structural_section),system,2026-07-27T10:11:05.283342+00:00
96f70916-6f6c-4dad-80aa-060bc05b5294,unknown_queued,S-204,Queued for review (structural_section),system,2026-07-27T10:11:05.390797+00:00
afdade50-d21e-4563-b45f-8cf47e3cc22f,unknown_queued,S-205,Queued for review (structural_section),system,2026-07-27T10:11:05.496480+00:00
ed36642e-13dc-4aaa-b4c7-33ef5240edf2,unknown_queued,S-206,Queued for review (structural_section),system,2026-07-27T10:11:05.600321+00:00
d894306b-67ba-47ba-a4a2-367a8d39ed55,unknown_queued,S-207,Queued for review (structural_section),system,2026-07-27T10:11:05.704882+00:00
5c37c65e-2a72-4dbf-ae2d-8fe1432fa369,unknown_queued,S-208,Queued for review (structural_section),system,2026-07-27T10:11:05.809657+00:00
5923d25b-f992-45c0-888e-c932e6be0dc8,unknown_queued,S-301,Queued for review (structural_section),system,2026-07-27T10:11:05.921575+00:00
15a90c41-c840-4437-9372-920031d1bd84,unknown_queued,S-311,Queued for review (structural_section),system,2026-07-27T10:11:06.020577+00:00
d71e7c9c-8060-4dbd-860e-471fdaccde66,unknown_queued,S-321,Queued for review (structural_section),system,2026-07-27T10:11:06.142302+00:00
118de3c1-8f12-42ee-b907-58312bfc2abf,unknown_queued,S-322,Queued for review (structural_section),system,2026-07-27T10:11:06.255584+00:00
f01ecd6f-438f-4499-8cb3-1753c448fef9,unknown_queued,S-401,Queued for review (structural_section),system,2026-07-27T10:11:06.367393+00:00
0d4fd744-62c2-4f48-af98-218f9810422f,unknown_queued,S-402,Queued for review (structural_section),system,2026-07-27T10:11:06.471993+00:00
5bc6b375-9fd9-4a8e-b0ad-adfdcd404240,unknown_queued,S-501,Queued for review (structural_section),system,2026-07-27T10:11:06.586236+00:00
db2d10f5-7daa-4bf5-b5d3-9559efa1a166,unknown_queued,S-502,Queued for review (structural_section),system,2026-07-27T10:11:06.690359+00:00
8ee85a49-8ce3-41b0-a236-f98eddca38d9,unknown_queued,W14X198,Queued for review (structural_section),system,2026-07-27T10:11:08.092024+00:00
c1df340c-c757-46d3-b1ea-014de24cac2a,token_approved,W14X198,class=W,user,2026-07-27T10:11:37.151812+00:00
6c6721d1-71dd-40e6-afd4-fd51aeb0e725,token_approved,S-502,class=S,user,2026-07-27T10:12:24.607022+00:00
6147601a-6ca4-4dfa-9c90-3bd68fe5eb8f,token_approved,S-501,class=S,user,2026-07-27T10:12:24.706277+00:00
9448fc87-a039-43f8-8ce6-dc65c5d81cad,token_approved,S-402,class=S,user,2026-07-27T10:12:24.844284+00:00
27a03c71-67b4-4c32-bd4c-51e9be28c9d7,token_approved,S-401,class=S,user,2026-07-27T10:12:24.905968+00:00
76d8c8fe-65b8-458c-a077-d5ae2f8f08e5,token_approved,S-322,class=S,user,2026-07-27T10:12:24.946588+00:00
be44a824-7217-4648-9374-8e7248bd173e,token_approved,S-321,class=S,user,2026-07-27T10:12:24.992991+00:00
74b13b5f-0a2f-455a-ab1b-f33aed08f718,token_approved,S-311,class=S,user,2026-07-27T10:12:25.047748+00:00
0f679a40-d216-43ef-baaa-7335594c4b67,token_approved,S-301,class=S,user,2026-07-27T10:12:25.092958+00:00
615ed22c-5e59-418d-a3ae-09eb13edf6e6,token_approved,S-208,class=S,user,2026-07-27T10:12:25.134574+00:00
cbc85d7c-da19-4960-9a05-00cc62626756,token_approved,S-207,class=S,user,2026-07-27T10:12:25.173190+00:00
6075ff54-31d5-42d2-9dcd-6dbbc067d189,token_approved,S-206,class=S,user,2026-07-27T10:12:25.208621+00:00
127d38aa-ffc5-498a-adf4-21c304e9a106,token_approved,S-205,class=S,user,2026-07-27T10:12:25.247027+00:00
453c9e68-81ef-4dec-9b80-8655d8c761e1,token_approved,S-204,class=S,user,2026-07-27T10:12:25.286620+00:00
c05cc479-d799-4df6-b797-034611920bb8,token_approved,S-203,class=S,user,2026-07-27T10:12:25.327071+00:00
496e7a19-2a62-4791-9531-7b47794ec553,token_approved,S-202,class=S,user,2026-07-27T10:12:25.369560+00:00
6031ac15-3676-4216-ad9b-f2cc0ea3984e,token_approved,S-201,class=S,user,2026-07-27T10:12:25.412268+00:00
6d983635-fe4a-42af-a69b-ac33dbd91c19,token_approved,S-104,class=S,user,2026-07-27T10:12:25.455709+00:00
b113cbd4-e5f6-4add-bee4-328a683349cd,token_approved,S-103,class=S,user,2026-07-27T10:12:25.499848+00:00
b6d96212-b850-4f5d-9acd-22595a929b27,token_approved,S-102,class=S,user,2026-07-27T10:12:25.543883+00:00
7688ebdd-2a09-43ee-9941-ebadd27a0d62,token_approved,S-101,class=S,user,2026-07-27T10:12:25.589331+00:00
78413472-50fa-4055-b665-2fa0b6b04b75,token_approved,S-004,class=S,user,2026-07-27T10:12:25.633040+00:00
3c5e431d-c62c-4360-9d13-9d7d79039e8f,token_approved,S-003,class=S,user,2026-07-27T10:12:25.683274+00:00
797be627-f1a0-4435-bbd3-d95c19d41f66,token_approved,S-002,class=S,user,2026-07-27T10:12:25.726312+00:00
f87cb4e3-710c-4b47-8ac7-e0c8032c319d,token_approved,S-001,class=S,user,2026-07-27T10:12:25.773043+00:00
ebcb02e0-c40b-463d-a46b-a6508a049f9c,token_approved,L6x3,class=L,user,2026-07-27T10:12:25.816923+00:00
cf1a63da-f3e5-42d3-9f6a-1abfb6c6ba3c,token_rejected,L5X3,class=C,user,2026-07-27T10:12:40.662571+00:00
918f3cae-15c4-475a-a981-19c4fbbe3168,token_approved,L4X3,class=L,user,2026-07-27T10:12:49.863494+00:00
84ac0dd7-ce97-444d-a071-bfb1c2e4c1a0,token_approved,L1x1x1/4,class=L,user,2026-07-27T10:12:51.541533+00:00
3ad95364-99e5-4708-b65a-8a3250eae187,token_approved,HSS10X0,class=HSS,user,2026-07-27T10:12:54.129723+00:00
0fd5917e-42c6-4d1e-87fa-7b94ec7bfdd3,token_rejected,A6,class=A,user,2026-07-27T10:13:34.917017+00:00
228d18d1-f860-4b02-8dc2-7fd8bca9408e,token_rejected,A3,class=A,user,2026-07-27T10:13:40.053155+00:00
24105f2b-8ce4-4673-bdd7-deae5c1da29b,token_rejected,A2,class=A,user,2026-07-27T10:13:42.577183+00:00
b95fe086-64b9-42ff-836b-aec411d1b8a2,token_approved,A1064,class=A1064,user,2026-07-27T10:13:58.145840+00:00
c97d91a8-b819-4595-9114-449f867be531,token_approved,A307,class=A307,user,2026-07-27T10:13:58.269099+00:00
b671f133-473a-4abe-905e-20e23e503380,token_approved,A325,class=A325,user,2026-07-27T10:13:58.375637+00:00
f92a281c-b724-42dc-93e3-3aa343732938,token_approved,A36,class=A36,user,2026-07-27T10:13:58.436346+00:00
821b62d8-8baa-4bed-a635-2b86c578b7cc,token_approved,A500,class=A500,user,2026-07-27T10:13:58.493178+00:00
7aee5c16-ac2b-4ddc-975b-2c949446a92e,token_approved,A53,class=A53,user,2026-07-27T10:13:58.557781+00:00
ac453191-ab92-47e5-838e-59c5a2a15773,token_approved,A568,class=A568,user,2026-07-27T10:13:58.619826+00:00
49843605-215c-45cb-857e-35f923848a6a,token_approved,A572,class=A572,user,2026-07-27T10:13:58.677614+00:00
43e50aeb-11d2-436d-81bb-a48328e0d249,token_approved,A588,class=A588,user,2026-07-27T10:13:58.739943+00:00
349a609c-e7ec-451a-b40e-2deb370b020a,token_approved,A615,class=A615,user,2026-07-27T10:13:58.804359+00:00
ff6665e4-bdec-4f0b-8f4e-46280e1c87f8,token_approved,A653,class=A653,user,2026-07-27T10:13:58.866629+00:00
259220da-e033-41ad-976b-ccdb75b46008,token_approved,A706,class=A706,user,2026-07-27T10:13:58.925327+00:00
95235d0a-4f5f-40df-8d28-023baa907ba0,token_approved,A913,class=A913,user,2026-07-27T10:13:58.987613+00:00
91c4efdb-e338-41b7-8457-e993da1083a1,token_approved,A970,class=A970,user,2026-07-27T10:13:59.049609+00:00
0bc1a210-7b66-4eef-b86b-a62f93807d7a,token_approved,A992,class=A992,user,2026-07-27T10:13:59.109685+00:00
fa1aa50a-b926-43f2-b87a-48cc8b649106,model_retrained,,"{""model"": ""XGBoost"", ""accuracy"": 0.9886, ""f1"": 0.9874, ""rows"": 31239, ""augmented"": 21777}",user,2026-07-27T10:17:02.418303+00:00
6769e4e0-c90b-43a7-a480-c9f5f2df18eb,unknown_queued,A1,Queued for review (structural_section),system,2026-07-27T10:32:58.785379+00:00
c3197657-032b-4521-b3b6-38d31b0e0db4,unknown_queued,A1064,Queued for review (material),system,2026-07-27T10:32:58.918312+00:00
92c695a3-311a-40e9-be13-ba79ff1447ba,unknown_queued,A22,Queued for review (material),system,2026-07-27T10:32:59.050855+00:00
6addfc1d-f521-4f27-aad2-737e4fe169b0,unknown_queued,A307,Queued for review (bolt),system,2026-07-27T10:32:59.204504+00:00
709feaab-a355-472f-b3a2-64a2c3269fe5,unknown_queued,A36,Queued for review (material),system,2026-07-27T10:32:59.393256+00:00
b4dffa64-4235-43a6-bbe0-8a2b3bd5bffd,unknown_queued,A500,Queued for review (material),system,2026-07-27T10:32:59.512898+00:00
12322c45-9191-4e06-b0e3-1d197008ac9e,unknown_queued,A615,Queued for review (material),system,2026-07-27T10:32:59.649037+00:00
0837855e-f0df-404f-8a29-85a1d77f2b3e,unknown_queued,A706,Queued for review (material),system,2026-07-27T10:32:59.772044+00:00
66785b59-5fa7-4929-b6a1-c34b93648f4e,unknown_queued,A775,Queued for review (material),system,2026-07-27T10:32:59.895113+00:00
4743d356-ade4-44bf-80e9-dc9a65f14372,unknown_queued,A992,Queued for review (material),system,2026-07-27T10:33:00.020549+00:00
e428ea35-187e-4e88-afc2-fddef57e43dc,unknown_queued,L5x3,Queued for review (structural_section),system,2026-07-27T10:33:00.866052+00:00
9b155acf-11d0-42b8-9197-7d3c2c144ff4,unknown_queued,W10X24,Queued for review (structural_section),system,2026-07-27T10:33:01.419956+00:00
6fe6b1e0-353e-4dc9-b166-29a582177297,token_approved,W10X24,class=W,user,2026-07-27T10:33:29.413316+00:00
d2c46393-1a7b-4678-88cd-750c90420b89,token_rejected,L5x3,class=C,user,2026-07-27T10:33:34.426090+00:00
f6b7d635-b746-4456-b439-aa180a50e95d,token_rejected,A1,class=A,user,2026-07-27T10:33:41.749039+00:00
9aa5eb9c-2f60-4088-a4e4-34b06e2cc41e,token_approved,A992,class=A992,user,2026-07-27T10:33:48.556633+00:00
8ddd80f8-a42b-4090-9de6-26ef1657b7ec,token_approved,A775,class=A775,user,2026-07-27T10:33:48.664273+00:00
b817129d-6660-4ce3-993e-59899b8f2c30,token_approved,A706,class=A706,user,2026-07-27T10:33:48.732577+00:00
cbe03f58-0517-4d7c-aa89-b971051b7a4a,token_approved,A615,class=A615,user,2026-07-27T10:33:48.782041+00:00
750b31e9-2d88-4e55-bbd7-886f0ad62be6,token_approved,A500,class=A500,user,2026-07-27T10:33:48.834354+00:00
36f52c09-6d99-4c2b-97f5-c78e63ad95b3,token_approved,A36,class=A36,user,2026-07-27T10:33:48.882050+00:00
96e871ea-7d93-41f3-9a10-4d73e15feb71,token_approved,A307,class=A307,user,2026-07-27T10:33:48.929155+00:00
7e35f289-555f-4640-9727-2ea373b8a73e,token_approved,A22,class=A22,user,2026-07-27T10:33:48.986195+00:00
ba80d638-d22e-49c1-903e-dc11c746b1b1,token_approved,A1064,class=A1064,user,2026-07-27T10:33:49.036564+00:00
e3b44ad0-8ffb-4cc4-8a03-98bdc9d25a01,unknown_queued,A1064,Queued for review (material),system,2026-07-27T11:01:23.448053+00:00
32f9fdaf-fa26-4b5a-97f6-9496237d87c7,unknown_queued,A108,Queued for review (material),system,2026-07-27T11:01:23.584797+00:00
41e94a4f-8e57-447f-b66b-04a14fc4d567,unknown_queued,A2280,Queued for review (material),system,2026-07-27T11:01:23.715881+00:00
7a0f2a5d-598d-40cd-9ed2-a6b23e9e6e48,unknown_queued,A29,Queued for review (material),system,2026-07-27T11:01:23.850742+00:00
68570ade-9430-4740-8a65-aeb05ee61f4d,unknown_queued,A307,Queued for review (bolt),system,2026-07-27T11:01:23.999825+00:00
d7917957-1bf9-4c8d-8098-1ac887f2f8ed,unknown_queued,A325,Queued for review (bolt),system,2026-07-27T11:01:24.145882+00:00
3d27bd5f-45a6-4def-b455-d35cfa9df65d,unknown_queued,A36,Queued for review (material),system,2026-07-27T11:01:24.286131+00:00
cbe48d86-5a75-4b2e-b63a-2c3e8dd0a254,unknown_queued,A416,Queued for review (material),system,2026-07-27T11:01:24.418036+00:00
d2e049ad-4f67-421e-9500-4483f827385a,unknown_queued,A446,Queued for review (material),system,2026-07-27T11:01:24.573561+00:00
196d26c1-fdba-49ba-b0ab-c8091911a8a7,unknown_queued,A490,Queued for review (bolt),system,2026-07-27T11:01:24.711050+00:00
8b6bbfb0-e3a9-4894-a987-c2198804c8ff,unknown_queued,A5,Queued for review (structural_section),system,2026-07-27T11:01:24.850770+00:00
77252ed0-a3b0-406e-8f3a-b4d4936338e0,unknown_queued,A500,Queued for review (material),system,2026-07-27T11:01:24.964630+00:00
f5731333-113a-40f2-b4b9-8f914e93f99c,unknown_queued,A53,Queued for review (material),system,2026-07-27T11:01:25.093724+00:00
c7ac55b2-0c17-40f0-9f47-54c5a7d70b13,unknown_queued,A563,Queued for review (bolt),system,2026-07-27T11:01:25.223376+00:00
14297946-336b-4b25-a29f-992b42f0f65d,unknown_queued,A572,Queued for review (material),system,2026-07-27T11:01:25.367821+00:00
e65adf49-229a-4483-9d4c-0abb9618e9ec,unknown_queued,A615,Queued for review (material),system,2026-07-27T11:01:25.507887+00:00
dfd94136-054d-4c46-ab6b-8768f4696dba,unknown_queued,A653,Queued for review (material),system,2026-07-27T11:01:25.656715+00:00
3dc90851-2566-4dd8-93b0-aae8f2b4cff5,unknown_queued,A706,Queued for review (material),system,2026-07-27T11:01:25.805657+00:00
eb6c7cb8-50b9-44e9-9204-6eb3c90e5dfd,unknown_queued,A913,Queued for review (material),system,2026-07-27T11:01:25.953789+00:00
f21da22c-cb5b-40ce-b74b-e6d4c2b784cc,unknown_queued,A959,Queued for review (material),system,2026-07-27T11:01:26.092567+00:00
f5e40850-cc13-4407-b522-3fcc13a7f07f,unknown_queued,A992,Queued for review (material),system,2026-07-27T11:01:26.231571+00:00
17aaea77-2d75-4c1b-92e2-57b873c993b0,unknown_queued,HSS5x5,Queued for review (structural_section),system,2026-07-27T11:01:26.964952+00:00
d5438302-fbd6-4860-a6ec-f7248e523779,unknown_queued,L18x12x3/8,Queued for review (structural_section),system,2026-07-27T11:01:27.940371+00:00
bd7721d8-edbd-4205-b5a8-3627267565e1,unknown_queued,L5x5,Queued for review (structural_section),system,2026-07-27T11:01:28.704255+00:00
e6d9af80-9332-4c51-adbc-a2be63f9a1ff,unknown_queued,w16x64,Queued for review (structural_section),system,2026-07-27T11:02:09.730207+00:00
5efc1544-0df9-4d66-a9ce-ea9bf071bf66,token_approved,w16x64,class=W,user,2026-07-27T11:03:04.715356+00:00
3252a7fb-7d41-4719-b269-649a49a47a1e,token_approved,L5x5,class=L,user,2026-07-27T11:03:17.869432+00:00
cae43f38-a98d-4125-8ba9-e4112a9b6f39,token_approved,L18x12x3/8,class=L,user,2026-07-27T11:03:19.814470+00:00
4e661c1c-bb46-4e88-8728-cb1e7279f4a7,token_approved,HSS5x5,class=HSS,user,2026-07-27T11:03:20.897250+00:00
c0730a2d-b4b2-4290-bfa5-71909019bbfe,token_approved,A1064,class=A1064,user,2026-07-27T11:03:37.165985+00:00
dbc9e940-9443-4915-bc69-e6e315a3393b,token_approved,A108,class=A108,user,2026-07-27T11:03:37.311702+00:00
7f2be58a-31cc-4aa5-aa65-2b9200ea9fa2,token_approved,A2280,class=A2280,user,2026-07-27T11:03:37.417726+00:00
d43269d1-a199-40b8-ab6a-634324ac2674,token_approved,A29,class=A29,user,2026-07-27T11:03:37.499649+00:00
0b37fa07-cdd4-43ee-9310-84141afdebac,token_approved,A307,class=A307,user,2026-07-27T11:03:37.581241+00:00
12e2ee4c-8a01-4440-8e9a-5c68bd46ee52,token_approved,A325,class=A325,user,2026-07-27T11:03:37.659675+00:00
707e4376-724c-4de1-b155-780ff9d1b6b5,token_approved,A36,class=A36,user,2026-07-27T11:03:37.741578+00:00
49871ff2-9de7-4241-b1e1-5f1e16db930a,token_approved,A416,class=A416,user,2026-07-27T11:03:37.825656+00:00
3ba400c3-f4fe-4321-8597-8187b69c11c0,token_approved,A446,class=A446,user,2026-07-27T11:03:37.907351+00:00
f69480ad-66ba-4772-9f38-505804578758,token_approved,A490,class=A490,user,2026-07-27T11:03:38.004998+00:00
66da03d7-d6bc-442b-8849-48a4e77b7d88,token_approved,A5,class=A,user,2026-07-27T11:03:38.088013+00:00
642a548c-c529-48ef-8e1d-af95951f04a3,token_approved,A500,class=A500,user,2026-07-27T11:03:38.171218+00:00
644ca8e5-30e3-4d64-afc1-577c685cc10f,token_approved,A53,class=A53,user,2026-07-27T11:03:38.272611+00:00
ab214262-5fd4-42b8-8e52-87f7c9cdc0b0,token_approved,A563,class=A563,user,2026-07-27T11:03:38.353449+00:00
49a6ae41-4570-4da1-93f6-504ca9f999df,token_approved,A572,class=A572,user,2026-07-27T11:03:38.439097+00:00
d816a9f8-204e-45d4-ab4c-79e74445f638,token_approved,A615,class=A615,user,2026-07-27T11:03:38.523534+00:00
42ceef40-d081-4c8e-b81a-7958e2cc3338,token_approved,A653,class=A653,user,2026-07-27T11:03:38.606293+00:00
14cad628-ad70-4afa-88ef-da7928212dd0,token_approved,A706,class=A706,user,2026-07-27T11:03:38.690870+00:00
19a8155a-7346-4522-83f6-eada5a91edf6,token_approved,A913,class=A913,user,2026-07-27T11:03:38.783007+00:00
60d192fc-9b1b-4afc-bbb6-811abe230ef0,token_approved,A959,class=A959,user,2026-07-27T11:03:38.882802+00:00
df599384-3ffd-4b48-8ca9-a3e005fb442f,token_approved,A992,class=A992,user,2026-07-27T11:03:38.968201+00:00
33641f92-acbd-46dd-ba58-460386e730b6,model_retrained,,"{""model"": ""XGBoost"", ""accuracy"": 0.9882, ""f1"": 0.9868, ""rows"": 31272, ""augmented"": 21801}",user,2026-07-27T11:06:49.479219+00:00
b635d5fb-c5ca-4885-a30e-3593d6db5c86,unknown_queued,A1064,Queued for review (material),system,2026-07-28T10:52:01.771438+00:00
290e8ff6-defa-4f28-b76e-886f27a1f665,unknown_queued,A108,Queued for review (material),system,2026-07-28T10:52:01.870078+00:00
6385efef-9fd6-4954-af4c-00a46dfb49b2,unknown_queued,A2,Queued for review (structural_section),system,2026-07-28T10:52:01.982244+00:00
e898f68b-d7a0-4353-a8bb-cd2ae0b6f6c0,unknown_queued,A3,Queued for review (structural_section),system,2026-07-28T10:52:02.099118+00:00
442bc253-3218-46c0-9fc1-287b09327910,unknown_queued,A307,Queued for review (bolt),system,2026-07-28T10:52:02.239784+00:00
22a2d028-f67b-44ed-a6c4-11eb90ba7c18,unknown_queued,A325,Queued for review (bolt),system,2026-07-28T10:52:02.388782+00:00
f293281e-d558-4856-ac69-be4c58cad1be,unknown_queued,A36,Queued for review (material),system,2026-07-28T10:52:02.538848+00:00
e2b24913-2395-42ad-9344-8949d863bfcc,unknown_queued,A500,Queued for review (material),system,2026-07-28T10:52:02.675881+00:00
fd52ce2a-eaee-44e4-be10-61cad9a1a481,unknown_queued,A53,Queued for review (material),system,2026-07-28T10:52:02.815900+00:00
bdda6dd3-d738-457b-8536-1e6345f5ba04,unknown_queued,A568,Queued for review (material),system,2026-07-28T10:52:02.956214+00:00
e32313cf-fb13-4a4b-a8f5-59ecd358e27d,unknown_queued,A572,Queued for review (material),system,2026-07-28T10:52:03.092738+00:00
25640d2f-cd2e-4f2a-b63a-85ccc77223ce,unknown_queued,A588,Queued for review (material),system,2026-07-28T10:52:03.235490+00:00
fa3369d8-cba6-46fd-9c58-500e11dd3a00,unknown_queued,A6,Queued for review (structural_section),system,2026-07-28T10:52:03.375169+00:00
ad36fa46-0921-4904-82b2-479970cddead,unknown_queued,A615,Queued for review (material),system,2026-07-28T10:52:03.508969+00:00
d4a2470a-7962-489f-8787-92ea3427d3ea,unknown_queued,A653,Queued for review (material),system,2026-07-28T10:52:03.645210+00:00
fbf3f4d7-6940-445a-892e-2a4db3789581,unknown_queued,A706,Queued for review (material),system,2026-07-28T10:52:03.788384+00:00
525233ec-a777-475b-ba2b-9c418b8af8f3,unknown_queued,A913,Queued for review (material),system,2026-07-28T10:52:03.928557+00:00
1bcb2b52-5618-4c05-98bc-1a790f83c25a,unknown_queued,A970,Queued for review (material),system,2026-07-28T10:52:04.081214+00:00
56cf5a2e-a47b-4df7-8f6c-ea95c20d4de8,unknown_queued,A992,Queued for review (material),system,2026-07-28T10:52:04.220600+00:00
e66ce03b-77ca-4d9f-ad34-f90d735e614e,unknown_queued,HSS10X0,Queued for review (structural_section),system,2026-07-28T10:52:04.370594+00:00
f944cbd0-2175-480b-b998-0deb5e0ea15e,unknown_queued,HSS16X0,Queued for review (structural_section),system,2026-07-28T10:52:04.722493+00:00
058ba741-de41-430a-8a39-b31c11d9f4d4,unknown_queued,HSS18X0,Queued for review (structural_section),system,2026-07-28T10:52:05.038985+00:00
50d0e5de-486b-4225-9cde-aada4a301ea7,unknown_queued,L1x1x1/4,Queued for review (structural_section),system,2026-07-28T10:52:05.937292+00:00
8e21f965-f47c-4d46-bd39-69aa7e9b6556,unknown_queued,L4X3,Queued for review (structural_section),system,2026-07-28T10:52:06.462979+00:00
eb45710b-81ee-404f-a9c0-34711385973f,unknown_queued,L4x4,Queued for review (structural_section),system,2026-07-28T10:52:07.057520+00:00
dd3e71f9-bbae-400a-8ac6-543d06baae23,unknown_queued,L5X3,Queued for review (structural_section),system,2026-07-28T10:52:07.258323+00:00
8a3fb991-eb6c-4389-ae8a-6f2a4d5dc01d,unknown_queued,L6X3,Queued for review (structural_section),system,2026-07-28T10:52:07.522629+00:00
836167f2-0ce0-4acb-b473-f93485a08fa9,unknown_queued,S-001,Queued for review (structural_section),system,2026-07-28T10:52:07.981494+00:00
b671d05f-165d-458a-9b05-15d689cdf2cc,unknown_queued,S-002,Queued for review (structural_section),system,2026-07-28T10:52:08.112740+00:00
5f328c1f-ad24-4419-89c2-66af13164872,unknown_queued,S-003,Queued for review (structural_section),system,2026-07-28T10:52:08.244242+00:00
c16d6ea3-3c4e-4e62-b2a8-79a895eb2b74,unknown_queued,S-004,Queued for review (structural_section),system,2026-07-28T10:52:08.348251+00:00
4041eabd-71b4-49a6-9c8e-9e228fe520e9,unknown_queued,S-111,Queued for review (structural_section),system,2026-07-28T10:52:08.455207+00:00
3af41325-0d72-4846-9012-c318c3b1e760,unknown_queued,S-112,Queued for review (structural_section),system,2026-07-28T10:52:08.580793+00:00
0f41db7a-bd08-4ce2-9097-a472795d1307,unknown_queued,S-113,Queued for review (structural_section),system,2026-07-28T10:52:08.719018+00:00
c6359b6e-4a15-4fff-b356-02f46c77c94d,unknown_queued,S-201,Queued for review (structural_section),system,2026-07-28T10:52:08.857494+00:00
a213ec24-34a3-4011-9eac-b394f2821ceb,unknown_queued,S-202,Queued for review (structural_section),system,2026-07-28T10:52:09.002202+00:00
a3877ebc-6e63-49d0-89d5-47e382e9ee84,unknown_queued,S-203,Queued for review (structural_section),system,2026-07-28T10:52:09.135678+00:00
f5ba0395-c02e-4652-8028-500ea8a1ee4a,unknown_queued,S-204,Queued for review (structural_section),system,2026-07-28T10:52:09.271036+00:00
5bd717b8-b937-4c62-9a07-7ec4f3033305,unknown_queued,S-205,Queued for review (structural_section),system,2026-07-28T10:52:09.413017+00:00
67d6425a-09c0-445b-b08f-14bbffc530e6,unknown_queued,S-206,Queued for review (structural_section),system,2026-07-28T10:52:09.561638+00:00
5a2a6770-040d-46ee-9692-780753da31fa,unknown_queued,S-301,Queued for review (structural_section),system,2026-07-28T10:52:09.705299+00:00
d10966c1-e900-4587-a205-40d44ffaa99e,unknown_queued,S-311,Queued for review (structural_section),system,2026-07-28T10:52:09.843699+00:00
3a70f8a7-c7bb-4425-af59-968d55a57370,unknown_queued,S-312,Queued for review (structural_section),system,2026-07-28T10:52:09.993670+00:00
6e6c3cf5-1274-4e14-94af-31018b2355ad,unknown_queued,S-321,Queued for review (structural_section),system,2026-07-28T10:52:10.137400+00:00
ee892c3e-2a0d-42c9-8ed3-2475fc10b49a,unknown_queued,S-322,Queued for review (structural_section),system,2026-07-28T10:52:10.279309+00:00
6d7676d4-33c4-498d-ae93-eeba5e6edae3,unknown_queued,S-401,Queued for review (structural_section),system,2026-07-28T10:52:10.426157+00:00
b8658e35-068e-47b4-be53-a0f056e0ce92,unknown_queued,S-402,Queued for review (structural_section),system,2026-07-28T10:52:10.556146+00:00
cfe2e1c8-33dc-4406-b2d2-9f64fffcdc0a,unknown_queued,S-403,Queued for review (structural_section),system,2026-07-28T10:52:10.701756+00:00
4e5ab76a-92b9-4480-a81d-bda90aed459b,unknown_queued,S-404,Queued for review (structural_section),system,2026-07-28T10:52:10.843361+00:00
6b793917-5a0d-4b8e-8e60-2c3617485dea,unknown_queued,S-501,Queued for review (structural_section),system,2026-07-28T10:52:10.980148+00:00
ccbe179e-502b-4439-bc72-04cd5cbdcf7c,unknown_queued,S-502,Queued for review (structural_section),system,2026-07-28T10:52:11.121478+00:00
ac653b72-6900-4a50-815c-650e7c327ca8,unknown_queued,S-601,Queued for review (structural_section),system,2026-07-28T10:52:11.263804+00:00
6588dc85-5cbc-44d7-aa09-9576a802ad33,token_approved,S-601,class=S,user,2026-07-28T10:53:03.993218+00:00
ccd583e1-2eb2-421f-bcc6-2b7794b0cb7f,token_approved,S-502,class=S,user,2026-07-28T10:53:35.441586+00:00
c7cffd18-8afa-46d6-9f60-d56f44686238,token_approved,S-501,class=S,user,2026-07-28T10:53:35.590019+00:00
425ed1b6-f41a-4b9f-82c4-5b905101551a,token_approved,S-404,class=S,user,2026-07-28T10:53:35.685635+00:00
fea09892-c818-4517-825a-6af1a9600a95,token_approved,S-403,class=S,user,2026-07-28T10:53:35.813427+00:00
f4c8f1b7-67da-4779-ad64-7e2d359ea979,token_approved,S-402,class=S,user,2026-07-28T10:53:35.924586+00:00
ea1bcbd7-3515-434f-9735-179a4b8320fe,token_approved,S-401,class=S,user,2026-07-28T10:53:35.994225+00:00
e9d7fcd5-78a6-4e38-853f-385d309cb479,token_approved,S-322,class=S,user,2026-07-28T10:53:36.051111+00:00
27e3717c-6cfb-428a-96fb-560483afcbd3,token_approved,S-321,class=S,user,2026-07-28T10:53:36.108947+00:00
70be373f-e738-4e8f-9132-10f65354d6bb,token_approved,S-312,class=S,user,2026-07-28T10:53:36.178318+00:00
85f7312c-e1c9-4fef-937c-2a56a895f19d,token_approved,S-311,class=S,user,2026-07-28T10:53:36.234110+00:00
ad026dcd-d2a8-4931-9a59-5269b7a2e5dd,token_approved,S-301,class=S,user,2026-07-28T10:53:36.291294+00:00
583aa9b0-1fdb-41e1-b755-eea70e793201,token_approved,S-206,class=S,user,2026-07-28T10:53:36.349196+00:00
dfe652ae-5f12-4d4b-8e27-85a40e40622b,token_approved,S-205,class=S,user,2026-07-28T10:53:36.404629+00:00
eba0b318-471c-42af-9486-e83adcf2014f,token_approved,S-204,class=S,user,2026-07-28T10:53:36.459939+00:00
258403e5-de9d-4b65-ade7-905dc17752f8,token_approved,S-203,class=S,user,2026-07-28T10:53:36.516512+00:00
b959a3af-5961-4609-b9be-44d8f37b8f60,token_approved,S-202,class=S,user,2026-07-28T10:53:36.572216+00:00
f5bfa184-fc7a-43f7-87ea-1c14dd75b88e,token_approved,S-201,class=S,user,2026-07-28T10:53:36.629336+00:00
31ee60c2-ad21-4136-9552-ceceeb9dff35,token_approved,S-113,class=S,user,2026-07-28T10:53:36.690573+00:00
4354fbe0-dff6-452c-adf1-01f588670e08,token_approved,S-112,class=S,user,2026-07-28T10:53:36.747980+00:00
44b78495-5c5c-4c8e-846a-da4290323879,token_approved,S-111,class=S,user,2026-07-28T10:53:36.804158+00:00
16176a4b-3fb0-4988-8c2a-e9db6ed797d1,token_approved,S-004,class=S,user,2026-07-28T10:53:36.860774+00:00
d52ba2aa-b8a4-4972-8153-aed8088e2a68,token_approved,S-003,class=S,user,2026-07-28T10:53:36.916945+00:00
5ad388d4-0203-47b2-b4ad-a659933a6579,token_approved,S-002,class=S,user,2026-07-28T10:53:36.972189+00:00
a0dd0200-5684-4c7c-b5b8-edec3373ddd3,token_approved,S-001,class=S,user,2026-07-28T10:53:37.029046+00:00
28ff3dac-8042-4072-8a39-e348a182928e,token_approved,L6X3,class=L,user,2026-07-28T10:53:37.083461+00:00
077b3706-24bb-47de-a186-11cad8248071,token_approved,L5X3,class=L,user,2026-07-28T10:53:50.191995+00:00
102417f1-5a34-433c-b4dc-deeb8631d95a,token_approved,L4x4,class=L,user,2026-07-28T10:53:50.322065+00:00
407cbb3d-18da-4c19-8474-61ac90599c17,token_approved,L4X3,class=L,user,2026-07-28T10:53:50.451380+00:00
131ec01e-1973-4018-8b56-6350117b3925,token_approved,L1x1x1/4,class=L,user,2026-07-28T10:53:50.566478+00:00
eda2b6f3-d78a-4630-b082-33b15fb7ceed,token_approved,HSS18X0,class=HSS,user,2026-07-28T10:53:50.652786+00:00
88d31be7-31ed-41a3-a0e5-a0d1cb8f2045,token_approved,HSS16X0,class=HSS,user,2026-07-28T10:53:50.709610+00:00
d55731f4-817a-471d-8217-268c16b09c83,token_approved,HSS10X0,class=HSS,user,2026-07-28T10:53:50.766399+00:00
4b29d883-6021-4941-9f02-863ad272082f,token_rejected,A3,class=A,user,2026-07-28T10:54:40.531505+00:00
67c5f198-bacf-4eb5-a70b-fbd530a4f91c,token_rejected,A2,class=A,user,2026-07-28T10:54:43.113713+00:00
1ddd9b59-888b-47f7-8ea3-6f5eec4110a1,token_approved,A992,class=A992,user,2026-07-28T10:54:48.204302+00:00
09b7e3a2-37c2-4fa3-bac9-e6d2602bc5b3,token_approved,A970,class=A970,user,2026-07-28T10:54:48.342787+00:00
d7dab527-98f3-4cd2-8bbe-b9980ca112a5,token_approved,A913,class=A913,user,2026-07-28T10:54:48.437699+00:00
76e5059e-988f-4cdc-a901-fa903974f512,token_approved,A706,class=A706,user,2026-07-28T10:54:48.502042+00:00
7f758cd5-6f87-49f4-a883-87f536a4f475,token_approved,A653,class=A653,user,2026-07-28T10:54:48.560365+00:00
e73a7aa7-8c7a-45ef-9533-b24d6f1b31cc,token_approved,A615,class=A615,user,2026-07-28T10:54:48.617877+00:00
e09c5f5f-9663-4ff7-bfe2-9d6d4ebed3e8,token_approved,A6,class=A,user,2026-07-28T10:54:48.673123+00:00
98fa099d-2f74-4041-a683-a387df75ec60,token_approved,A588,class=A588,user,2026-07-28T10:54:48.728433+00:00
7c398c0c-73aa-4c66-9275-69a413440034,token_approved,A572,class=A572,user,2026-07-28T10:54:48.786813+00:00
80561fee-a19d-4cd0-8508-6b2cc65f531f,token_approved,A568,class=A568,user,2026-07-28T10:54:48.844000+00:00
37d4c008-4e77-48f5-bc6d-257ce6c068bb,token_approved,A53,class=A53,user,2026-07-28T10:54:48.897265+00:00
84cf1296-8269-4bd0-87f9-f3db2cb1d67e,token_approved,A500,class=A500,user,2026-07-28T10:54:48.953018+00:00
63a9c902-dc00-4d9e-ac81-8976fe016fa1,token_approved,A36,class=A36,user,2026-07-28T10:54:49.008061+00:00
1458e635-8d74-423f-8abf-53588bd02d77,token_approved,A325,class=A325,user,2026-07-28T10:54:49.063230+00:00
bce5851d-0198-4678-8778-6f3f815b606e,token_approved,A307,class=A307,user,2026-07-28T10:54:49.118066+00:00
e2bfb1b7-dacc-44e7-a115-59550ff9c577,token_approved,A108,class=A108,user,2026-07-28T10:54:49.173384+00:00
9e25f0e3-90dc-4699-819a-096ec6287fec,token_approved,A1064,class=A1064,user,2026-07-28T10:54:49.228013+00:00
3bbd746b-018d-4298-9cab-a97f1a5d5365,model_retrained,,"{""model"": ""XGBoost"", ""accuracy"": 0.9882, ""f1"": 0.9868, ""rows"": 31272, ""augmented"": 21801}",user,2026-07-28T10:57:57.956900+00:00
87d41755-1ee6-43dc-8481-75e589ba67f1,unknown_queued,A1064,Queued for review (material),system,2026-07-28T11:41:24.703481+00:00
33f041a2-b586-4698-aff8-6eda5959beca,unknown_queued,A108,Queued for review (material),system,2026-07-28T11:41:25.483921+00:00
2800bf76-eec8-4965-821e-0b91a9529bb2,unknown_queued,A2,Queued for review (structural_section),system,2026-07-28T11:41:26.032595+00:00
3add186c-b93c-432a-bb3e-4828eeff86aa,unknown_queued,A3,Queued for review (structural_section),system,2026-07-28T11:41:26.735027+00:00
35ba6d1d-8e88-4b3e-b8ea-1fdfdccf6395,unknown_queued,A307,Queued for review (bolt),system,2026-07-28T11:41:27.596733+00:00
6377926f-16bf-4259-a5ae-3f416a03d2d7,unknown_queued,A325,Queued for review (bolt),system,2026-07-28T11:41:28.204076+00:00
eab43bf1-a0d6-433a-9350-780c21c1d64e,unknown_queued,A36,Queued for review (material),system,2026-07-28T11:41:28.935919+00:00
d662d0ce-5b73-4b5f-b221-bcae68ed2198,unknown_queued,A500,Queued for review (material),system,2026-07-28T11:41:29.612839+00:00
0cc28928-6b78-48ec-b22a-f4e57f47c011,unknown_queued,A53,Queued for review (material),system,2026-07-28T11:41:32.513175+00:00
34d0d719-b635-42e6-a44d-54772c4ab2e4,unknown_queued,A568,Queued for review (material),system,2026-07-28T11:41:33.256915+00:00
af04619d-3cff-4730-94af-c4ccd5afa1da,unknown_queued,A572,Queued for review (material),system,2026-07-28T11:41:34.035479+00:00
57f34fdc-5454-416d-a654-4d5880acf04b,unknown_queued,A588,Queued for review (material),system,2026-07-28T11:41:34.693671+00:00
7eebaf26-55fc-4596-be6f-d7128e812158,unknown_queued,A6,Queued for review (structural_section),system,2026-07-28T11:41:35.492454+00:00
0d31c9c5-fb59-4fc6-950c-e737566fe350,unknown_queued,A615,Queued for review (material),system,2026-07-28T11:41:36.422393+00:00
1510023c-eacb-447b-86ee-8371dba1cec0,unknown_queued,A653,Queued for review (material),system,2026-07-28T11:41:37.204200+00:00
fafb1095-c61f-4e2d-8630-a9de5c1a1e9f,unknown_queued,A706,Queued for review (material),system,2026-07-28T11:41:38.180966+00:00
26963f19-42c3-4981-b023-8f35a8546938,unknown_queued,A913,Queued for review (material),system,2026-07-28T11:41:38.979993+00:00
04d1a2fc-e0aa-4ab4-bb1e-6517c1fcc153,unknown_queued,A970,Queued for review (material),system,2026-07-28T11:41:39.687613+00:00
4b15ccff-85a0-4085-8b47-2dc3cabc553e,unknown_queued,A992,Queued for review (material),system,2026-07-28T11:41:40.508073+00:00
db00e57a-2247-4dd2-adc3-ab82ae63a615,unknown_queued,HSS10X0,Queued for review (structural_section),system,2026-07-28T11:41:41.339212+00:00
d77d8541-3e3b-4f9e-b6b2-d262bbfc82e4,unknown_queued,HSS16X0,Queued for review (structural_section),system,2026-07-28T11:41:43.487016+00:00
c6619309-a3c6-4a9a-9199-fd26a85297d2,unknown_queued,HSS18X0,Queued for review (structural_section),system,2026-07-28T11:41:45.039210+00:00
93696336-b83e-487d-ba97-e5b4b1cd786a,unknown_queued,L1x1x1/4,Queued for review (structural_section),system,2026-07-28T11:41:51.488480+00:00
b4008c50-d8ed-4564-be68-5e61719082c1,unknown_queued,L4X3,Queued for review (structural_section),system,2026-07-28T11:41:55.323949+00:00
f3c5b106-19ef-4b81-a02d-33da259afbbb,unknown_queued,L4x4,Queued for review (structural_section),system,2026-07-28T11:41:58.919842+00:00
ffab6434-1412-4e12-8b1c-cb1455defd62,unknown_queued,L5X3,Queued for review (structural_section),system,2026-07-28T11:42:00.369863+00:00
01718225-e26c-4272-a15f-ac6623b1c260,unknown_queued,L6X3,Queued for review (structural_section),system,2026-07-28T11:42:02.240941+00:00
863d5957-b2b9-429e-bb43-4e57bdc3a1ec,unknown_queued,S-001,Queued for review (structural_section),system,2026-07-28T11:42:05.164829+00:00
cec98ae6-3e89-4190-8ef6-0337f1cc9651,unknown_queued,S-002,Queued for review (structural_section),system,2026-07-28T11:42:06.175939+00:00
9d4529d8-987e-416a-ac24-b354603ab3f9,unknown_queued,S-003,Queued for review (structural_section),system,2026-07-28T11:42:06.820527+00:00
04cd4558-89af-4450-a3cd-bcfe7be7ac95,unknown_queued,S-004,Queued for review (structural_section),system,2026-07-28T11:42:08.325521+00:00
0b560536-108c-437b-8fd0-29692a815b29,unknown_queued,S-111,Queued for review (structural_section),system,2026-07-28T11:42:09.282797+00:00
2950c680-f594-4dc1-8de1-0add727ed313,unknown_queued,S-112,Queued for review (structural_section),system,2026-07-28T11:42:10.166504+00:00
73aae393-a0d4-460a-8ec5-abd4ebb08f4d,unknown_queued,S-113,Queued for review (structural_section),system,2026-07-28T11:42:10.740774+00:00
98137453-a755-4a41-91a6-0d6f02e48a49,unknown_queued,S-201,Queued for review (structural_section),system,2026-07-28T11:42:12.260687+00:00
a43eb951-14b2-46f4-be43-ee669d0f7c92,unknown_queued,S-202,Queued for review (structural_section),system,2026-07-28T11:42:13.276736+00:00
27b03b2c-2d1b-465a-b29f-b928ee36e2c0,unknown_queued,S-203,Queued for review (structural_section),system,2026-07-28T11:42:14.950364+00:00
ec770fc1-0e68-4aff-9ce1-9784cc4b0319,unknown_queued,S-204,Queued for review (structural_section),system,2026-07-28T11:42:16.909383+00:00
5a60dd16-153f-428e-b669-07b1d473e553,unknown_queued,S-205,Queued for review (structural_section),system,2026-07-28T11:42:18.768097+00:00
930a1916-87d4-438d-b25e-462f8a3f16a1,unknown_queued,S-206,Queued for review (structural_section),system,2026-07-28T11:42:19.863178+00:00
93a28a14-9497-44d1-b61e-fcb2ea67dcc7,unknown_queued,S-301,Queued for review (structural_section),system,2026-07-28T11:42:21.169470+00:00
0bf8caa6-12f4-43ff-a6eb-382560686aae,unknown_queued,S-311,Queued for review (structural_section),system,2026-07-28T11:42:22.189640+00:00
3334a988-41b5-4e51-9934-6fd92238ac48,unknown_queued,S-312,Queued for review (structural_section),system,2026-07-28T11:42:23.209768+00:00
d2ab4534-c586-4482-a89e-ac8fb3f21b87,unknown_queued,S-321,Queued for review (structural_section),system,2026-07-28T11:42:24.154130+00:00
3c5e92a5-e86f-4bec-b0f9-0925216db232,unknown_queued,S-322,Queued for review (structural_section),system,2026-07-28T11:42:25.376547+00:00
e5f69b2f-1ebb-4c98-9643-735091fdf0a5,unknown_queued,S-401,Queued for review (structural_section),system,2026-07-28T11:42:26.104493+00:00
ca7ba022-1ded-4272-9452-da5afa6fac86,unknown_queued,S-402,Queued for review (structural_section),system,2026-07-28T11:42:26.956900+00:00
436416f7-5965-46f4-a225-286410d4420f,unknown_queued,S-403,Queued for review (structural_section),system,2026-07-28T11:42:28.069956+00:00
1d9de5f9-17a4-4ac0-9462-4d5bc11b990f,unknown_queued,S-404,Queued for review (structural_section),system,2026-07-28T11:42:29.056196+00:00
ee420504-0f11-428b-89b9-41a6c4edae1e,unknown_queued,S-501,Queued for review (structural_section),system,2026-07-28T11:42:29.815137+00:00
a0f38b8b-1c6d-4a6d-8d46-99c27487bfbb,unknown_queued,S-502,Queued for review (structural_section),system,2026-07-28T11:42:30.919173+00:00
13cf6e68-38ba-417b-a3f9-632c46e1c5c6,unknown_queued,S-601,Queued for review (structural_section),system,2026-07-28T11:42:31.736266+00:00
279600fe-76f5-4aaf-80c0-7082830b6b39,unknown_queued,S-101,Queued for review (structural_section),system,2026-07-28T13:42:16.728540+00:00
6c1fdd73-7a37-4d2b-b905-eee64850dc4b,unknown_queued,S-102,Queued for review (structural_section),system,2026-07-28T13:42:16.856187+00:00
9fa9ebe6-c9cc-414a-83b1-e04c098a0304,unknown_queued,S-103,Queued for review (structural_section),system,2026-07-28T13:42:16.964284+00:00
26476169-dd76-477e-ab9b-1cc4fcd4fb66,unknown_queued,S-104,Queued for review (structural_section),system,2026-07-28T13:42:17.089758+00:00
c9a9c5d8-e4cf-4ae7-ab3c-a478bd466eaf,unknown_queued,S-207,Queued for review (structural_section),system,2026-07-28T13:42:17.616306+00:00
58096098-1cd4-447f-9c5f-a3331e9a6f19,unknown_queued,S-208,Queued for review (structural_section),system,2026-07-28T13:42:17.740667+00:00
499dd94d-9b32-47bc-bab3-383af8b01165,unknown_queued,W14X198,Queued for review (structural_section),system,2026-07-28T13:42:19.663197+00:00
34575195-2d0f-4df5-80dc-a395079f6fd4,unknown_queued,A2280,Queued for review (material),system,2026-07-28T14:18:20.276431+00:00
ea1395ab-73ff-4637-8169-503da62a3f9b,unknown_queued,A29,Queued for review (material),system,2026-07-28T14:18:20.447492+00:00
2d6981a2-bf6a-48b2-8043-7b039e8b79b5,unknown_queued,A416,Queued for review (material),system,2026-07-28T14:18:20.966295+00:00
123e1435-d175-4a5f-903a-709db3fb1a0c,unknown_queued,A446,Queued for review (material),system,2026-07-28T14:18:21.123542+00:00
6d513066-9efb-4a57-ad22-7ce0122b35af,unknown_queued,A490,Queued for review (bolt),system,2026-07-28T14:18:21.314961+00:00
bf47af85-48ec-458c-bed2-36f54d9a5c94,unknown_queued,A5,Queued for review (structural_section),system,2026-07-28T14:18:21.886454+00:00
b06e3d43-7be4-467f-93fa-8b3bc063669f,unknown_queued,A563,Queued for review (bolt),system,2026-07-28T14:18:22.264691+00:00
29b0c754-a6d6-45b3-a70f-31a3ffb874b2,unknown_queued,A959,Queued for review (material),system,2026-07-28T14:18:22.833505+00:00
6886d313-02d6-4a6e-9eb3-a360704f1a7b,unknown_queued,HSS5x5,Queued for review (structural_section),system,2026-07-28T14:18:23.538988+00:00
3f4a1fad-d142-42c5-89bf-28666c030b4b,unknown_queued,L18x12x3/8,Queued for review (structural_section),system,2026-07-28T14:18:24.382572+00:00
60cc3de1-898d-4605-8b8a-92be70bc944a,unknown_queued,L5x5,Queued for review (structural_section),system,2026-07-28T14:18:25.152721+00:00
5ea7bb4d-bde1-4874-86f2-95269430c2f3,unknown_queued,F1554,Queued for review (structural_section),system,2026-07-29T06:41:23.722267+00:00
c71138b1-d0de-4120-a6a4-1222ca793e7c,unknown_queued,HSS10X0.500,Queued for review (structural_section),system,2026-07-29T06:41:23.873414+00:00
2cf12c82-ffdb-4f5e-9701-1b91b427d20e,unknown_queued,HSS10X0.625,Queued for review (structural_section),system,2026-07-29T06:41:24.007386+00:00
3fc9f6db-935b-459a-8e01-fbed4019010a,unknown_queued,L3X3X1,Queued for review (structural_section),system,2026-07-29T06:41:24.972982+00:00
24868c73-f573-4e9b-b84e-176a5b988153,unknown_queued,L3X3X3,Queued for review (structural_section),system,2026-07-29T06:41:25.179693+00:00
dbc85656-216c-4df3-902c-baf48d82cd69,unknown_queued,L4X3X1,Queued for review (structural_section),system,2026-07-29T06:41:25.547532+00:00
d8ab3fbe-1032-49d4-94e9-1ebbf8bb0ebe,unknown_queued,L4X3X3,Queued for review (structural_section),system,2026-07-29T06:41:25.635302+00:00
4c6f776f-92ec-45f7-ab3d-4dea62b018da,unknown_queued,L4X4X3,Queued for review (structural_section),system,2026-07-29T06:41:25.818083+00:00
c5a0a699-cc14-4147-8906-7306ab8c1863,unknown_queued,PIPE1,Queued for review (pipe),system,2026-07-29T06:41:26.288416+00:00
e23c55eb-a34d-4c9f-a4f6-9b7b8d958eb5,unknown_queued,PL1,Queued for review (plate),system,2026-07-29T06:41:26.424481+00:00
1868889e-aa15-4bd8-be1e-3201f73c46b1,unknown_queued,PL3,Queued for review (plate),system,2026-07-29T06:41:26.553841+00:00
fbe19005-835e-4c29-8981-a51d6b858f78,unknown_queued,PL4,Queued for review (plate),system,2026-07-29T06:41:26.671970+00:00
f65c1f5d-8147-475b-8875-e7d4e7ce8f66,unknown_queued,PL5,Queued for review (plate),system,2026-07-29T06:41:26.887910+00:00
c8e09572-c70e-4380-8ebe-02607d45be60,token_rejected,A1064,class=A1064,user,2026-07-29T07:46:18.899624+00:00
f934c3df-f76d-42e4-bec6-6e03f7f25f0e,token_rejected,A108,class=A108,user,2026-07-29T07:46:18.990623+00:00
0380324e-ea3c-4417-8840-4c242f43aa19,token_rejected,A2,class=A,user,2026-07-29T07:46:19.077409+00:00
b387c9b1-68e8-485d-9e63-f76e5bc56563,token_rejected,A3,class=A,user,2026-07-29T07:46:19.184463+00:00
209eeb31-8852-46c3-8163-7d5236368efa,token_rejected,A307,class=A307,user,2026-07-29T07:46:19.332720+00:00
65f96767-3ac7-4a48-83f9-593c13e1ec54,token_rejected,A325,class=A325,user,2026-07-29T07:46:19.433606+00:00
1d38d0a1-6454-40a4-8878-3e5c48e7f3fb,token_rejected,A36,class=A36,user,2026-07-29T07:46:19.515225+00:00
0d0398e8-7a1c-4637-be03-dcc45e36fbb4,token_rejected,A500,class=A500,user,2026-07-29T07:46:19.567647+00:00
eb688b09-6a16-491c-b361-4c5e6f5a2401,token_rejected,A53,class=A53,user,2026-07-29T07:46:19.621154+00:00
97df858b-db3a-4eca-a435-22b2d597a8f8,token_rejected,A568,class=A568,user,2026-07-29T07:46:19.679839+00:00
b3630c70-327d-4d12-bd0e-b9a0a37f74ac,token_rejected,A572,class=A572,user,2026-07-29T07:46:19.729912+00:00
99b06a57-47ea-4603-9e0a-2e9221ec4446,token_rejected,A588,class=A588,user,2026-07-29T07:46:19.782300+00:00
94ca23b8-3ec9-4386-867b-7d7b48b61ff6,token_rejected,A6,class=A,user,2026-07-29T07:46:19.832082+00:00
9d18567f-34f1-461a-b719-23c5581af3ab,token_rejected,A615,class=A615,user,2026-07-29T07:46:19.886178+00:00
9779dfd9-e744-4496-9cde-1bd5e7c69ff2,token_rejected,A653,class=A653,user,2026-07-29T07:46:19.948111+00:00
417d4f0e-8136-4f92-86ef-92c006d4554f,token_rejected,A706,class=A706,user,2026-07-29T07:46:20.003501+00:00
4d26c73d-8c03-460f-bcd8-b85853c2295d,token_rejected,A913,class=A913,user,2026-07-29T07:46:20.053769+00:00
7e4283da-d7ea-445d-831d-71e8076c6089,token_rejected,A970,class=A970,user,2026-07-29T07:46:20.105473+00:00
6cbac561-c3fc-4d2a-a0cc-202e6993342f,token_rejected,A992,class=A992,user,2026-07-29T07:46:20.162070+00:00
7d8d2b27-fc7d-41a4-b3d6-bce97d9d7625,token_rejected,HSS10X0,class=HSS,user,2026-07-29T07:46:20.212659+00:00
f005ee1a-2731-4a53-a8c6-4fcf7c456306,token_rejected,HSS16X0,class=HSS,user,2026-07-29T07:46:20.260351+00:00
3fd286a1-db90-4fbd-8649-a951bda13906,token_rejected,HSS18X0,class=HSS,user,2026-07-29T07:46:20.309843+00:00
de7dd882-1c97-49a8-82ea-4828770cdc87,token_rejected,L1x1x1/4,class=L,user,2026-07-29T07:46:20.358372+00:00
1f00a80e-beec-49b9-b2da-62e5d634ef5d,token_rejected,L4X3,class=L,user,2026-07-29T07:46:20.409950+00:00
c5eeba65-f48c-4a04-868b-b8ae01c3044e,token_rejected,L4x4,class=L,user,2026-07-29T07:46:20.458440+00:00
9b8ae04c-42af-4408-8664-01aaae449e1c,token_rejected,L5X3,class=L,user,2026-07-29T07:46:20.506165+00:00
d453ea4a-9ef0-41ed-a293-1079901169a9,token_rejected,L6X3,class=L,user,2026-07-29T07:46:20.561910+00:00
aa9b36fb-fc46-41dc-9ba3-ff70c72c37e8,token_rejected,S-001,class=S,user,2026-07-29T07:46:20.631849+00:00
62861c92-8315-4a0a-9372-834a31d2462b,token_rejected,S-002,class=S,user,2026-07-29T07:46:20.691279+00:00
6a991849-2576-4eb8-8495-b25c915d8c76,token_rejected,S-003,class=S,user,2026-07-29T07:46:20.739240+00:00
e2df60f7-5d59-41de-84a0-06b9d6c86ded,token_rejected,S-004,class=S,user,2026-07-29T07:46:20.787880+00:00
2d1590f2-69a4-496a-8315-d67ada8447c8,token_rejected,S-111,class=S,user,2026-07-29T07:46:20.837517+00:00
b1b862d5-05a2-4736-94e8-6171089cd765,token_rejected,S-112,class=S,user,2026-07-29T07:46:20.882804+00:00
ebe9f9f1-1099-4690-87c9-f37e485b177d,token_rejected,S-113,class=S,user,2026-07-29T07:46:20.928521+00:00
9cdf7f84-aa34-48e6-9406-c206e80f04b7,token_rejected,S-201,class=S,user,2026-07-29T07:46:20.979246+00:00
6189dbcc-9cc5-4788-8a97-be4de8b0beb8,token_rejected,S-202,class=S,user,2026-07-29T07:46:21.030053+00:00
4e22f914-da29-418d-b37e-3b5f545a41c1,token_rejected,S-203,class=S,user,2026-07-29T07:46:21.082395+00:00
c374452a-c9f0-4fed-8f25-d8654ec3e50c,token_rejected,S-204,class=S,user,2026-07-29T07:46:21.140715+00:00
8a195c09-0926-426b-abdb-78a37a6c70c3,token_rejected,S-205,class=S,user,2026-07-29T07:46:21.179386+00:00
30cba2a4-105d-4532-8958-407b1de5476d,token_rejected,S-206,class=S,user,2026-07-29T07:46:21.215364+00:00
5a535648-56bc-439c-99d3-c04caa611fbc,token_rejected,S-301,class=S,user,2026-07-29T07:46:21.249414+00:00
86a4a19a-7f56-429c-b312-d71a424629c7,token_rejected,S-311,class=S,user,2026-07-29T07:46:21.289768+00:00
0780f4e8-1e4c-4c3c-be36-0953daced647,token_rejected,S-312,class=S,user,2026-07-29T07:46:21.337719+00:00
4f8f8e16-2137-496d-bcd6-e54256a00731,token_rejected,S-321,class=S,user,2026-07-29T07:46:21.385134+00:00
555ae04f-77ee-4df9-a978-9944c89ebbd0,token_rejected,S-322,class=S,user,2026-07-29T07:46:21.432454+00:00
32ee312d-ce85-43cd-bc42-7528b7073cd1,token_rejected,S-401,class=S,user,2026-07-29T07:46:21.478523+00:00
61a83220-dae7-4277-9435-4b048ffd5332,token_rejected,S-402,class=S,user,2026-07-29T07:46:21.525313+00:00
e0cb74aa-e502-474b-a6a4-47a9b8e53c71,token_rejected,S-403,class=S,user,2026-07-29T07:46:21.570665+00:00
f5cffcee-27de-40d1-ba8f-1b7329f9057c,token_rejected,S-404,class=S,user,2026-07-29T07:46:21.621736+00:00
0a4bef18-6528-4445-ba93-c85708ecf9b8,token_rejected,S-501,class=S,user,2026-07-29T07:46:21.670849+00:00
e68fdba6-2384-4e61-99e0-ecc916fcb81a,token_rejected,S-502,class=S,user,2026-07-29T07:46:21.718622+00:00
fa581f4f-b129-4e65-ad24-c1afec7fa1df,token_rejected,S-601,class=S,user,2026-07-29T07:46:21.763907+00:00
6e8526c5-e34f-47dc-a793-cc73975db9e3,token_rejected,S-101,class=S,user,2026-07-29T07:46:21.823974+00:00
9ba1a751-e828-4a22-a023-444a7c775ba5,token_rejected,S-102,class=S,user,2026-07-29T07:46:21.873617+00:00
f5cae8eb-3d93-446a-8de9-d292b049757b,token_rejected,S-103,class=S,user,2026-07-29T07:46:21.921056+00:00
1b71289d-5484-4c21-96d6-93fa420e042b,token_rejected,S-104,class=S,user,2026-07-29T07:46:21.972384+00:00
91218d91-3b4a-445a-9f49-546d0cea9939,token_rejected,S-207,class=S,user,2026-07-29T07:46:22.021098+00:00
971f4798-f5a2-4171-8d3d-9d76b9757137,token_rejected,S-208,class=S,user,2026-07-29T07:46:22.068801+00:00
10d598c4-3942-4d90-9f66-33226d5bbdb7,token_rejected,W14X198,class=W,user,2026-07-29T07:46:22.116381+00:00
92bbbfd1-3ca1-41a3-b417-ced81a0370c1,token_rejected,A2280,class=A2280,user,2026-07-29T07:46:22.161813+00:00
7ccfd4c4-6a34-4ab5-a439-052b06eb0541,token_rejected,A29,class=A29,user,2026-07-29T07:46:22.207803+00:00
2c115568-b307-42b8-ab1b-c4d994986c94,token_rejected,A416,class=A416,user,2026-07-29T07:46:22.252369+00:00
75d13181-0b4a-447d-8f87-a7599586bf37,token_rejected,A446,class=A446,user,2026-07-29T07:46:22.298394+00:00
e1065918-5fab-48a3-956b-34e04dc480b3,token_rejected,A490,class=A490,user,2026-07-29T07:46:22.344096+00:00
7e7cb43e-4eb0-42b0-a7e7-62e53d01abb3,token_rejected,A5,class=A,user,2026-07-29T07:46:22.390670+00:00
f664b540-c855-4c16-ab3e-c77965d6c72a,token_rejected,A563,class=A563,user,2026-07-29T07:46:22.441622+00:00
8621aef3-d4ef-449f-b5e5-99f6c8b1cba5,token_rejected,A959,class=A959,user,2026-07-29T07:46:22.489057+00:00
b5762091-c262-4cf4-ae32-f72027189693,token_rejected,HSS5x5,class=HSS,user,2026-07-29T07:46:22.534997+00:00
b1328996-dbe7-4c50-8406-7c94f737109b,token_rejected,L18x12x3/8,class=L,user,2026-07-29T07:46:22.582020+00:00
3e4b451e-6bef-4528-9dc2-d32b73f88443,token_rejected,L5x5,class=L,user,2026-07-29T07:46:22.637044+00:00
67624807-3bd8-473e-a196-9aa431fda3a8,token_rejected,F1554,class=A,user,2026-07-29T07:46:22.696718+00:00
74e7bec4-119b-4cc0-8910-b27d5fca850a,token_rejected,HSS10X0.500,class=HSS,user,2026-07-29T07:46:22.742923+00:00
bc0df745-06b3-47df-8b58-9c1a30874746,token_rejected,HSS10X0.625,class=HSS,user,2026-07-29T07:46:22.791789+00:00
249ff718-e920-4de9-9183-d7b08e2a5864,token_rejected,L3X3X1,class=L,user,2026-07-29T07:46:22.838758+00:00
3627828b-597a-4b46-868a-392e2d8bf852,token_rejected,L3X3X3,class=L,user,2026-07-29T07:46:22.886077+00:00
ba306f83-46ed-4e54-b141-4b6e8a03e56e,token_rejected,L4X3X1,class=L,user,2026-07-29T07:46:22.935543+00:00
317de6ba-3be6-4874-a3d9-3531ca8f610b,token_rejected,L4X3X3,class=L,user,2026-07-29T07:46:22.979681+00:00
260fa897-de4b-47dd-8f8c-92f0f667f562,token_rejected,L4X4X3,class=L,user,2026-07-29T07:46:23.021982+00:00
62f55549-6c41-4795-b0e9-0b93ab651b75,token_rejected,PIPE1,class=PIPE,user,2026-07-29T07:46:23.060377+00:00
2b4e6901-b7fb-4b9b-8fe4-0f85751ea78e,token_rejected,PL1,class=PL,user,2026-07-29T07:46:23.098082+00:00
7f11cea5-b6e9-4398-97a0-9aefa465e2a0,token_rejected,PL3,class=PL,user,2026-07-29T07:46:23.133711+00:00
f08cabb0-eec5-44f0-9028-ce82f66a13f8,token_rejected,PL4,class=PL,user,2026-07-29T07:46:23.169395+00:00
d31b8576-5de4-4ab2-a111-1c7c0facabf7,token_rejected,PL5,class=PL,user,2026-07-29T07:46:23.205581+00:00
947b56b6-ea25-4581-b449-f094b73e38a4,unknown_queued,A307,Queued for review (bolt),system,2026-07-29T08:45:56.312008+00:00
3b7e0c87-99a1-4528-a02e-69b8e7e4e5f7,unknown_queued,A500,Queued for review (material),system,2026-07-29T08:45:56.458105+00:00
9875d332-cc0c-4c3d-902b-eba256b7ce85,unknown_queued,A615,Queued for review (material),system,2026-07-29T08:45:56.575056+00:00
c79d69ae-51a1-4c92-b1ee-541618b415b1,unknown_queued,A992,Queued for review (material),system,2026-07-29T08:45:56.754067+00:00
224ed388-50c2-4ae4-a124-b4f72c783c3f,unknown_queued,PL8X4X3,Queued for review (plate),system,2026-07-29T08:45:58.910052+00:00
bbd354f2-24b5-4e27-af0d-f48d00f2eedf,unknown_queued,W18 X 35,Queued for review (structural_section),system,2026-07-29T12:28:39.597327+00:00
7f26e561-2ca6-44fc-9737-aa4cec73ee54,unknown_queued,S-101,Queued for review (structural_section),system,2026-07-29T12:28:39.985233+00:00
a3180c8e-d1ec-432a-91ad-22a2855bc9c6,unknown_queued,A706,Queued for review (structural_section),system,2026-07-29T12:30:34.254577+00:00
0d65b96f-ed1e-4357-ab3d-a877f713968c,unknown_queued,A1064,Queued for review (structural_section),system,2026-07-29T12:30:34.311931+00:00
4d9282e4-89bf-4dc4-850d-801132e4f1a8,unknown_queued,A416,Queued for review (structural_section),system,2026-07-29T12:30:34.374789+00:00
0243ce75-ac59-45e1-9ba9-bb348e85a181,unknown_queued,A572,Queued for review (structural_section),system,2026-07-29T12:30:34.429403+00:00
491c5f8b-6ba9-4700-b31c-0b7d0fc9baaa,unknown_queued,A913,Queued for review (structural_section),system,2026-07-29T12:30:34.486461+00:00
ba427c72-54ce-497b-9a69-984bde814266,unknown_queued,A446,Queued for review (structural_section),system,2026-07-29T12:30:34.563145+00:00
8053d819-bd70-4104-8b0b-b777506ff133,unknown_queued,A325,Queued for review (structural_section),system,2026-07-29T12:30:34.623931+00:00
bbe83a35-63f5-4078-a083-766a94703240,unknown_queued,A490,Queued for review (structural_section),system,2026-07-29T12:30:34.684840+00:00
97ccd752-bad2-4828-ae93-66f68f201c4a,unknown_queued,F1852,Queued for review (structural_section),system,2026-07-29T12:30:34.742857+00:00
abb1e497-41d1-4175-92e0-5cd33ba19daf,unknown_queued,A2280,Queued for review (structural_section),system,2026-07-29T12:30:34.805153+00:00
e2175bb7-b134-41ff-b68a-9e79d749a69a,unknown_queued,F1554,Queued for review (structural_section),system,2026-07-29T12:30:34.874760+00:00
dc7254f4-4d82-4327-aaed-fd1802345551,unknown_queued,A563,Queued for review (structural_section),system,2026-07-29T12:30:34.936130+00:00
7e585586-7a3e-4ed2-84de-d9c37e282a03,unknown_queued,F436,Queued for review (structural_section),system,2026-07-29T12:30:34.992019+00:00
0bd36222-56b8-4006-862a-4cf56cbc2fd5,unknown_queued,A959,Queued for review (structural_section),system,2026-07-29T12:30:35.053141+00:00
982c9b0d-aa9f-4573-9efc-a7ec88969eaa,unknown_queued,A108,Queued for review (structural_section),system,2026-07-29T12:30:35.109634+00:00
4854c8c2-9477-4384-8ed9-c080cd37f164,unknown_queued,A653,Queued for review (structural_section),system,2026-07-29T12:30:35.168518+00:00
9ece7480-5587-46fb-9e3c-ed16e13c72a2,unknown_queued,HSS8X4X3/8,Queued for review (structural_section),system,2026-07-29T12:30:35.237028+00:00
8b4f1852-32f0-4a71-90e7-3563c33b63cf,unknown_queued,HSS4X4X3/8,Queued for review (structural_section),system,2026-07-29T12:30:35.298097+00:00
e7a666b6-b671-412a-9e8d-f20cc81a83d2,unknown_queued,HSS6X6X3/8,Queued for review (structural_section),system,2026-07-29T12:30:35.388319+00:00
2aa5755d-e82f-4115-9e0f-d82e6305dadc,unknown_queued,HSS6X4X3,Queued for review (structural_section),system,2026-07-29T12:30:35.442099+00:00
581c58d7-a66b-487e-be39-890795bd0faf,unknown_queued,HSS 6X4X3/8,Queued for review (structural_section),system,2026-07-29T12:30:35.515250+00:00
41601ba4-e398-425c-b8d6-d8f73d7a1b4e,unknown_queued,L7X4X3/8,Queued for review (structural_section),system,2026-07-29T12:30:35.602110+00:00
9d0ffe6e-8455-4ee8-8f1d-6bed50c23856,unknown_queued,HSS10X6X3/8,Queued for review (structural_section),system,2026-07-29T12:30:35.762328+00:00
4c9c1567-9d8b-4296-8afe-a3c7c5416464,unknown_queued,HSS8X8X5/8,Queued for review (structural_section),system,2026-07-29T12:30:35.845365+00:00
148c1d07-c6e8-41f9-a467-a062bcb3d53f,unknown_queued,HSS8X6X3/8,Queued for review (structural_section),system,2026-07-29T12:30:35.908503+00:00
2a9b1eca-4950-4a1c-8460-dc4dadea16db,unknown_queued,PIPE 8,Queued for review (pipe),system,2026-07-29T12:30:35.990188+00:00
5047d4e3-a5d0-4f2e-a52d-f1dec5a8b2a9,unknown_queued,HSS6X6X1/4,Queued for review (structural_section),system,2026-07-29T12:30:36.045493+00:00
bc3f613f-d1a5-47e4-afce-23fd27690862,unknown_queued,W8X15,Queued for review (structural_section),system,2026-07-29T12:30:36.100780+00:00
7808606e-54c4-4d58-8f3c-3274890a6a20,unknown_queued,W12X19,Queued for review (structural_section),system,2026-07-29T12:30:36.159982+00:00
44314316-7f29-4206-8aac-2f4c023c84a0,unknown_queued,W14X26,Queued for review (structural_section),system,2026-07-29T12:30:36.221832+00:00
f3d55646-64e0-4ebf-891e-696b2a36284b,unknown_queued,W12X22,Queued for review (structural_section),system,2026-07-29T12:30:36.286731+00:00
c82cb40d-3526-4c37-b846-a4fc5641c328,unknown_queued,W12X40,Queued for review (structural_section),system,2026-07-29T12:30:36.339063+00:00
66be2007-574f-45ec-9277-5844b6e835c2,unknown_queued,W14X22,Queued for review (structural_section),system,2026-07-29T12:30:36.398315+00:00
24d06cb2-af2c-4c17-b2ea-390abf75dd4f,unknown_queued,W10X15,Queued for review (structural_section),system,2026-07-29T12:30:36.448434+00:00
c3172045-7e05-423a-ba23-ae9f1d95cedf,unknown_queued,W12X50,Queued for review (structural_section),system,2026-07-29T12:30:36.499771+00:00
7438b9ec-5ba9-40bf-b93e-7f76c4f90170,unknown_queued,W14X43,Queued for review (structural_section),system,2026-07-29T12:30:36.549098+00:00
1148ade9-9c6d-4bdd-bedd-5be747fdda62,unknown_queued,W12X16,Queued for review (structural_section),system,2026-07-29T12:30:36.595855+00:00
d0454ab2-c297-4f4c-8e13-3fc0758cd0a8,unknown_queued,HSS8X4X5,Queued for review (structural_section),system,2026-07-29T12:30:36.733261+00:00
89a5f1ce-87de-4bf6-bfa6-29f3ab42affc,unknown_queued,W8X24,Queued for review (structural_section),system,2026-07-29T12:30:36.797822+00:00
df1d486b-a75c-4e0f-8305-220cce6f2e8f,unknown_queued,PL 3,Queued for review (structural_section),system,2026-07-29T12:30:36.871338+00:00
b827abdc-b0bb-4a46-abdd-2b0d72e521a5,unknown_queued,PL 1,Queued for review (structural_section),system,2026-07-29T12:30:36.935497+00:00
820492ab-a6c1-4481-b193-312c785fc4d3,unknown_queued,PLATE 1,Queued for review (pipe),system,2026-07-29T12:30:37.004688+00:00
fb572880-812d-4b25-b0e6-e23abd15ce60,unknown_queued,WT 8x18,Queued for review (structural_section),system,2026-07-29T12:30:37.049897+00:00
bb1429b5-17e3-4f4a-ab1c-f5e25773c2a6,unknown_queued,WT8x18,Queued for review (structural_section),system,2026-07-29T12:30:37.114676+00:00
320a5da9-e929-4801-9870-aed3de57ce44,unknown_queued,HSS 3 x 3 x 1/4,Queued for review (structural_section),system,2026-07-29T12:30:37.161905+00:00
e755ce67-c0ec-49f8-9987-3ef52bfa6a1d,unknown_queued,L5x5x5/16,Queued for review (structural_section),system,2026-07-29T12:30:37.216452+00:00
9fde6961-cc33-4161-8571-f77bab0382fd,unknown_queued,L5x5,Queued for review (structural_section),system,2026-07-29T12:30:37.264819+00:00
4d595c7d-1e92-484a-af14-07d13f513a3e,unknown_queued,L 3 x 3 x 1/4,Queued for review (structural_section),system,2026-07-29T12:30:37.325727+00:00
9a0dc5ba-b8e6-43d3-86a9-57f8862a4b13,unknown_queued,L 5 x 3 x 5/16,Queued for review (structural_section),system,2026-07-29T12:30:37.390089+00:00
ae205ecd-cdc3-4a6f-af1a-7d54ee3359b4,unknown_queued,L 5 x 3,Queued for review (structural_section),system,2026-07-29T12:30:37.441441+00:00
bfa031c3-1cf3-43e9-97c9-d9d273fd94e1,unknown_queued,L 4 x 3 x 1/4,Queued for review (structural_section),system,2026-07-29T12:30:37.503306+00:00
372d8885-099c-4dfd-b1f7-d53b949148c9,unknown_queued,L4X3X1,Queued for review (structural_section),system,2026-07-29T12:30:37.551717+00:00
2bfeba16-431f-4ba3-a199-57706c140007,unknown_queued,L7 x 4 x 3/8,Queued for review (structural_section),system,2026-07-29T12:30:37.608798+00:00
a1285069-b861-4893-ba2b-5bdf21d0502d,unknown_queued,L7X4X3,Queued for review (structural_section),system,2026-07-29T12:30:37.656687+00:00
4c95d1e6-d991-42ad-adec-0fe0f2d195c5,unknown_queued,HSS8X4X5/16,Queued for review (structural_section),system,2026-07-29T12:30:37.730263+00:00
fd3efcc0-ef82-4d08-9a2f-7e16e5d52f7e,unknown_queued,L6X4X3/8,Queued for review (structural_section),system,2026-07-29T12:30:37.776445+00:00
ec31e3c3-6863-49d8-af7e-cf3f02309d8e,unknown_queued,HSS4X4X5/16,Queued for review (structural_section),system,2026-07-29T12:30:37.844533+00:00
002e2393-71e3-4d62-ad93-280f33e148f3,unknown_queued,HSS8X3X1,Queued for review (structural_section),system,2026-07-29T12:30:37.910051+00:00
86f38193-d456-49ce-8e19-1c858c27f586,unknown_queued,L18x12x3/8,Queued for review (structural_section),system,2026-07-29T12:30:37.966135+00:00
686ad412-ba13-46fc-9de2-e8f0c7350e88,unknown_queued,PL 10,Queued for review (structural_section),system,2026-07-29T12:30:38.020973+00:00
f21f3948-7f42-428d-8d9d-893647343815,unknown_queued,L5x5x3/8,Queued for review (structural_section),system,2026-07-29T12:30:38.069099+00:00
bc4a0422-2cba-452e-af4e-bd54e98aec26,unknown_queued,HSS8X8X1/2,Queued for review (structural_section),system,2026-07-29T13:07:12.149446+00:00
38c7f7c5-a65d-4d90-979b-d86dc1c77ed0,unknown_queued,L4X4X3/8,Queued for review (structural_section),system,2026-07-29T22:07:37.643483+00:00
96b2096c-b283-4e99-b6e3-448ac6720a39,unknown_queued,L4X4X3,Queued for review (structural_section),system,2026-07-29T22:07:37.710927+00:00
50e31e14-c31a-4740-a6f9-ec8d1072881b,unknown_queued,HSS5x5x3/8,Queued for review (structural_section),system,2026-07-29T22:07:58.822084+00:00
0aecc059-b44b-4c02-b646-89911756ee9c,unknown_queued,HSS 8x4x1/4,Queued for review (structural_section),system,2026-07-29T22:07:58.967030+00:00
a3f327ed-ebfc-45f8-ab6e-2c1a9160a6f1,unknown_queued,L3 x 3,Queued for review (structural_section),system,2026-07-29T22:07:59.302484+00:00
903af873-62e1-4e0f-8b1f-f56e3056b339,unknown_queued,L2 x 2,Queued for review (structural_section),system,2026-07-29T22:07:59.438194+00:00
439b366c-82f4-4b3b-985c-641dca0dfd20,unknown_queued,HSS 3 x 3,Queued for review (structural_section),system,2026-07-29T22:07:59.483044+00:00
906325a0-eb38-4a81-bcf8-af3be9f41c9f,unknown_queued,L 3 x 3,Queued for review (structural_section),system,2026-07-29T22:07:59.550747+00:00
49a77862-90d0-4adc-8e34-ae5bce08311e,unknown_queued,L 4 x 3,Queued for review (structural_section),system,2026-07-29T22:07:59.669864+00:00
a430d1b6-ff68-40d0-a4d5-b29497b100c0,unknown_queued,L3 x 3 x 3/16,Queued for review (structural_section),system,2026-07-29T22:07:59.746181+00:00
f87f2373-56ed-44e1-83da-25e2b77b91a3,unknown_queued,S-004,Queued for review (structural_section),system,2026-07-29T22:25:28.039477+00:00
0c147ea6-4379-4ef9-a9d0-8500a0485c86,unknown_queued,A588,Queued for review (material),system,2026-07-29T22:25:28.121404+00:00
8462a3d3-5531-48ae-9cf8-d0386e04a61d,unknown_queued,A970,Queued for review (material),system,2026-07-29T22:25:28.201556+00:00
ec185462-51ad-4aae-88db-98bc348648ee,unknown_queued,S-002,Queued for review (structural_section),system,2026-07-29T22:25:28.264811+00:00
2a4f1c15-9782-4bdd-97ee-9b03692cc673,unknown_queued,L4X3,Queued for review (structural_section),system,2026-07-29T22:25:28.314839+00:00
211d5aa5-8e96-472b-b931-b32515338a11,unknown_queued,L5X3,Queued for review (structural_section),system,2026-07-29T22:25:28.365541+00:00
3502dfbe-33d7-4487-a8ae-29b4d9412797,unknown_queued,L3x3x1/4,Queued for review (structural_section),system,2026-07-29T22:25:28.425976+00:00
5842c705-3bea-4f63-89b7-240adfc9ba07,unknown_queued,L3x3x1,Queued for review (structural_section),system,2026-07-29T22:25:28.480051+00:00
e5ef4555-8a18-48d6-8fdf-a8bd5c013f6c,unknown_queued,A568,Queued for review (material),system,2026-07-29T22:25:28.529024+00:00
93cf8a43-6a89-4daa-b198-25120e908d4e,unknown_queued,S-401,Queued for review (structural_section),system,2026-07-29T22:25:28.580334+00:00
d2545007-d3b0-42fc-8467-8097c4404c0f,unknown_queued,S-301,Queued for review (structural_section),system,2026-07-29T22:25:28.655354+00:00
93848364-5d9b-4bd7-91c1-9ede1b6d140d,unknown_queued,S-402,Queued for review (structural_section),system,2026-07-29T22:25:28.914380+00:00
55c2def7-c576-40e6-810d-537f88190f90,unknown_queued,W16X31,Queued for review (structural_section),system,2026-07-29T22:25:29.425147+00:00
fe3d1f4f-1b90-4d62-87ce-cc779571b069,unknown_queued,W21X44,Queued for review (structural_section),system,2026-07-29T22:25:29.970195+00:00
ac905085-2d82-4d83-b6ed-98869567e431,unknown_queued,S-311,Queued for review (structural_section),system,2026-07-29T22:25:30.106939+00:00
e9ea04f9-6a99-4c55-b4f3-f5d2a489b25e,unknown_queued,S-321,Queued for review (structural_section),system,2026-07-29T22:25:30.418678+00:00
7312ccf6-7c40-43f8-9b21-f246029adfff,unknown_queued,W18X35,Queued for review (structural_section),system,2026-07-29T22:25:30.576360+00:00
67e08570-8c71-456a-ace3-2886c3f348d5,unknown_queued,W10X19,Queued for review (structural_section),system,2026-07-29T22:25:30.780813+00:00
8b3ebf56-51a5-4bc9-9ba5-fe2d1890e187,unknown_queued,W18X50,Queued for review (structural_section),system,2026-07-29T22:25:30.967708+00:00
70fe0480-35e8-480c-8dea-74ccefc124bb,unknown_queued,W16X26,Queued for review (structural_section),system,2026-07-29T22:25:31.109252+00:00
042a361f-d851-46dd-afce-7d77c1ea3b7d,unknown_queued,W12X30,Queued for review (structural_section),system,2026-07-29T22:25:31.242540+00:00
d0693f16-a58d-4f0c-a7a3-e29402bc7840,unknown_queued,S-322,Queued for review (structural_section),system,2026-07-29T22:25:31.373508+00:00
ea18f316-102e-42ad-8589-7bd59c63df5d,unknown_queued,HSS14X6X1/2,Queued for review (structural_section),system,2026-07-29T22:25:31.615296+00:00
f4722878-d79e-4007-aa63-56b9365c9855,unknown_queued,HSS20X8X5/8,Queued for review (structural_section),system,2026-07-29T22:25:32.122640+00:00
f3ddb1c8-b19f-4ead-bd07-bfd38c30d1f0,unknown_queued,S-104,Queued for review (structural_section),system,2026-07-29T22:25:32.685106+00:00
44497e23-ae31-4d85-a8f0-b18959cbc2e2,unknown_queued,S-201,Queued for review (structural_section),system,2026-07-29T22:25:32.759618+00:00
fb30a5e4-4790-4deb-abe8-4e7c2bb4a2a3,unknown_queued,S-202,Queued for review (structural_section),system,2026-07-29T22:25:32.866434+00:00
b2c5064c-0826-4965-a613-9412750700d0,unknown_queued,L2x2x3/16,Queued for review (structural_section),system,2026-07-29T22:25:32.957884+00:00
adbc5812-c13f-4fcb-9ce2-1391d1b1828d,unknown_queued,S-203,Queued for review (structural_section),system,2026-07-29T22:25:33.038466+00:00
ddb396df-bb72-4996-a4d4-74fab35d13af,unknown_queued,L4X3X3/8,Queued for review (structural_section),system,2026-07-29T22:25:33.101408+00:00
a274635a-fd9c-44a5-9b63-11b81298d852,unknown_queued,S-204,Queued for review (structural_section),system,2026-07-29T22:25:33.210613+00:00
73ccc28e-288c-4cd1-93e4-ffa631a1b599,unknown_queued,PL11,Queued for review (structural_section),system,2026-07-29T22:25:33.403264+00:00
1f95cf6c-b145-44e9-8bbf-39c75e890bb6,unknown_queued,S-205,Queued for review (structural_section),system,2026-07-29T22:25:33.492490+00:00
0bff83fc-38d5-4e31-823f-71f701ef1de2,unknown_queued,S-206,Queued for review (structural_section),system,2026-07-29T22:25:33.598151+00:00
511e08dc-cee1-4e5f-a1af-0b2850258c3f,unknown_queued,PL 5,Queued for review (structural_section),system,2026-07-29T22:25:33.651471+00:00
b9749723-40df-4488-824d-ba9133ec9314,unknown_queued,PL3,Queued for review (structural_section),system,2026-07-29T22:25:33.706254+00:00
1fbd7672-a4df-45b1-b128-0c04afbc4689,unknown_queued,PL1,Queued for review (structural_section),system,2026-07-29T22:25:33.762790+00:00
f4a1eab5-367e-4bca-b196-311488037be3,unknown_queued,L4x4x1/4,Queued for review (structural_section),system,2026-07-29T22:25:33.818220+00:00
3d07baca-ddb7-42a5-8af0-a0e8b967ac2b,unknown_queued,PL43,Queued for review (structural_section),system,2026-07-29T22:25:33.967067+00:00
462bd61c-09a4-4173-a149-f86f847db7a3,unknown_queued,S-207,Queued for review (structural_section),system,2026-07-29T22:25:34.039433+00:00
3efc2fe7-77b3-48e0-acbe-f6bdd96ddb69,unknown_queued,S-208,Queued for review (structural_section),system,2026-07-29T22:25:34.217331+00:00
ec14af0e-6895-4ebb-a34c-fa941fb1a212,unknown_queued,HSS5x3x3,Queued for review (structural_section),system,2026-07-29T22:25:34.679866+00:00
8d7c2c1b-004b-4e00-af3e-c1efd108a294,unknown_queued,W10X45,Queued for review (structural_section),system,2026-07-29T22:25:35.377075+00:00
69572983-21fc-4c47-ab46-998d8c97deb3,unknown_queued,W10X33,Queued for review (structural_section),system,2026-07-29T22:25:35.475519+00:00
3c823302-5f19-4351-aa7a-c22e9fea9b48,unknown_queued,HSS10X0.500,Queued for review (structural_section),system,2026-07-29T22:25:35.578730+00:00
e1dcb401-0810-49a7-be08-f8d5552d8149,unknown_queued,W10X39,Queued for review (structural_section),system,2026-07-29T22:25:35.661870+00:00
32e62a99-e068-4ec7-9fbb-472b53c60380,unknown_queued,HSS10X0.625,Queued for review (structural_section),system,2026-07-29T22:25:35.746744+00:00
611f020e-6f6e-495f-a6f4-0305ec8ace15,unknown_queued,S-501,Queued for review (structural_section),system,2026-07-29T22:25:35.868857+00:00
2ada4760-d51d-41c6-9bfa-2ce1faf68ec9,unknown_queued,W10X49,Queued for review (structural_section),system,2026-07-29T22:25:35.955632+00:00
f87d4040-a175-4dbc-b3e1-07d184789b37,unknown_queued,W8X40,Queued for review (structural_section),system,2026-07-29T22:25:36.128350+00:00
d4b192d8-323f-4d0d-b539-f68da41f854a,unknown_queued,S-502,Queued for review (structural_section),system,2026-07-29T22:25:36.243840+00:00
17f3bd9f-59a2-49e4-8632-bdc940fca62e,unknown_queued,A775,Queued for review (material),system,2026-07-29T23:26:22.215655+00:00
8eac9cd7-6069-43b9-9d67-678cdca7fff4,unknown_queued,F3125,Queued for review (bolt),system,2026-07-29T23:26:22.294388+00:00
4c9bc4da-58f5-4a6f-935f-759c7ded59e4,unknown_queued,PL 8,Queued for review (structural_section),system,2026-07-29T23:26:22.369758+00:00
1ee37f4c-d9a5-4b11-9bf1-8df209c5847f,unknown_queued,PL 8 X 4,Queued for review (structural_section),system,2026-07-29T23:26:22.426631+00:00
09978189-ba00-4cd9-9426-3c5e96a8789b,unknown_queued,PL 8 X 4 X 3,Queued for review (structural_section),system,2026-07-29T23:26:22.497152+00:00
17142ff8-2214-41f2-a92c-5bd45f79d7fd,unknown_queued,L2X2X1/4,Queued for review (structural_section),system,2026-07-29T23:26:22.605767+00:00
6aed2260-e0d2-4a17-8b36-f7857f5b5ab2,unknown_queued,WT3X4.5,Queued for review (structural_section),system,2026-07-29T23:26:22.691773+00:00
0b2345e7-e857-4f39-b6e0-cb1c444accc5,unknown_queued,W10X24,Queued for review (structural_section),system,2026-07-29T23:26:22.764680+00:00
e594a089-1e40-424e-a25a-28ddda2ba9e5,unknown_queued,L6x4x5/16,Queued for review (structural_section),system,2026-07-29T23:26:22.906552+00:00
3219eb10-9275-4d65-aae4-9f892ce49421,unknown_queued,L6x4x5,Queued for review (structural_section),system,2026-07-29T23:26:22.974190+00:00
c785c568-184f-4e71-95e1-2633d3385868,unknown_queued,L6x4x3,Queued for review (structural_section),system,2026-07-29T23:26:23.090636+00:00
1dae70f4-61c3-40d4-ab82-29f6c445f6a2,unknown_queued,L3x3x3/16,Queued for review (structural_section),system,2026-07-29T23:26:23.176542+00:00
734106d7-4a61-4d47-baee-06759ca40cec,unknown_queued,L3x3x3,Queued for review (structural_section),system,2026-07-29T23:26:23.239361+00:00
d41d04b1-ca2a-40df-b520-5f5c825145af,unknown_queued,C6x10,Queued for review (structural_section),system,2026-07-29T23:26:23.308185+00:00
bd98a976-f447-42d0-8da3-a3f31098c470,unknown_queued,L2x2x1/8,Queued for review (structural_section),system,2026-07-29T23:26:23.393343+00:00
b4cda042-06ca-4174-aee2-7e6d1fa1e29e,unknown_queued,HSS 5x2,Queued for review (structural_section),system,2026-07-29T23:26:23.464513+00:00
15fa2b0b-5e24-493c-ad12-d5c58330aca0,unknown_queued,L5x3x5/16,Queued for review (structural_section),system,2026-07-29T23:26:23.561473+00:00
e78c3984-45c3-469d-a7ca-fcaa427eaa10,unknown_queued,W24X68,Queued for review (structural_section),system,2026-07-29T23:26:23.657516+00:00
a03449c9-6fbb-454a-ad53-518be0952c9e,unknown_queued,W21X55,Queued for review (structural_section),system,2026-07-29T23:26:23.789143+00:00
93c1f0ba-0a89-47f2-b259-71b9fee60e1a,unknown_queued,W30X90,Queued for review (structural_section),system,2026-07-29T23:26:23.944240+00:00
413507be-d20e-44c3-a985-3f0cac8df9ec,unknown_queued,W27X84,Queued for review (structural_section),system,2026-07-29T23:26:24.016471+00:00
fefac456-198a-4dbb-be41-d0989b7762e1,unknown_queued,W30X108,Queued for review (structural_section),system,2026-07-29T23:26:24.094320+00:00
66d778b7-eee3-416f-9080-1fde4d152756,unknown_queued,W21X48,Queued for review (structural_section),system,2026-07-29T23:26:24.273324+00:00
3e69c803-5a8f-49cd-bccb-b1dc286b03b5,unknown_queued,A205,Queued for review (structural_section),system,2026-07-30T00:04:33.806262+00:00
c595ccc2-6af8-4f59-80ae-593ac2d30647,unknown_queued,S-003,Queued for review (structural_section),system,2026-07-30T00:04:33.863339+00:00
a470bf3b-1ba7-43ad-bbb4-6c9b7e08f323,unknown_queued,S-005,Queued for review (structural_section),system,2026-07-30T00:04:33.934920+00:00
018667e5-5bfe-41c3-a08c-e3655c22e5a8,unknown_queued,F1249,Queued for review (structural_section),system,2026-07-30T00:04:33.987578+00:00
e0c56b5a-1cce-4511-b4a5-82b22902eca4,unknown_queued,A123,Queued for review (material),system,2026-07-30T00:04:34.103807+00:00
0a697c2b-6c8e-4dd6-b70f-b9537d600610,unknown_queued,S-302,Queued for review (structural_section),system,2026-07-30T00:04:34.162936+00:00
a61581e8-54ce-4e4f-b30e-d3c9d9d64f71,unknown_queued,S-102,Queued for review (structural_section),system,2026-07-30T00:04:34.275902+00:00
57960181-84ec-4eb1-8121-4ef65a307d95,unknown_queued,S-400,Queued for review (structural_section),system,2026-07-30T00:04:34.328849+00:00
717e3d1e-475e-404e-9836-d7761a084b58,unknown_queued,S-700,Queued for review (structural_section),system,2026-07-30T00:04:34.389637+00:00
acc04c5b-ee42-4704-8f42-33984d145855,unknown_queued,S-200,Queued for review (structural_section),system,2026-07-30T00:04:34.447970+00:00
11aad090-0dfa-4e14-b217-e26599a81985,unknown_queued,S-500,Queued for review (structural_section),system,2026-07-30T00:04:34.495145+00:00
f72053b6-51e6-4928-958e-a3cc53591eb4,unknown_queued,HSS10x10,Queued for review (structural_section),system,2026-07-30T00:04:34.552037+00:00
dc485f7f-b536-4671-8322-d9365f050af4,unknown_queued,S-800,Queued for review (structural_section),system,2026-07-30T00:04:34.628609+00:00
542400b3-c50a-44fb-bca4-dc50cb2fac4d,unknown_queued,HSS8x8,Queued for review (structural_section),system,2026-07-30T00:04:34.712403+00:00
c799231b-fe73-418f-9999-45b2e7da940a,unknown_queued,S-100,Queued for review (structural_section),system,2026-07-30T00:04:34.855578+00:00
01c5cffd-844a-4239-b3f5-9c479b1b72aa,unknown_queued,S-701,Queued for review (structural_section),system,2026-07-30T00:04:35.165836+00:00
bd722ccb-dd11-4e2f-8348-dbe09753b7d7,unknown_queued,WT16.5x59,Queued for review (structural_section),system,2026-07-30T00:04:35.241661+00:00
186ca250-ffb8-40a8-a093-28e16772657e,unknown_queued,S-300,Queued for review (structural_section),system,2026-07-30T00:04:35.395680+00:00
126ca1ed-0fed-4759-abeb-843a61dca2ac,unknown_queued,HSS 8X8,Queued for review (structural_section),system,2026-07-30T00:04:35.461408+00:00
87a10b9f-9854-4dbf-93e0-47ed6e00b067,unknown_queued,W8x10,Queued for review (structural_section),system,2026-07-30T00:04:35.689533+00:00
f0551a28-da4e-443f-a2de-d018803fa5ec,unknown_queued,W21x50,Queued for review (structural_section),system,2026-07-30T00:04:35.768292+00:00
d19bacf6-9e07-4d20-936a-37b7420b1151,unknown_queued,W18x40,Queued for review (structural_section),system,2026-07-30T00:04:35.852669+00:00
cae6e4b6-3ef0-4765-b04b-038de13ab4e1,unknown_queued,HSS8x8x3/8,Queued for review (structural_section),system,2026-07-30T00:04:35.935997+00:00
1a090397-c971-4f94-a504-ba1287367d4a,unknown_queued,HSS10x10x1/2,Queued for review (structural_section),system,2026-07-30T00:04:36.039574+00:00
9a3d4ef6-fc95-417b-b304-6a9465ba8b56,unknown_queued,S-710,Queued for review (structural_section),system,2026-07-30T00:04:36.247076+00:00
36235b73-8986-4f6e-bc94-0e8c7e6d3bcf,unknown_queued,S-600,Queued for review (structural_section),system,2026-07-30T00:04:36.349671+00:00
3e2b654b-c717-4adf-86b6-9fcc5b2e4320,unknown_queued,W36x150,Queued for review (structural_section),system,2026-07-30T00:04:36.448071+00:00
2b5af7b3-e59e-4fd8-b08d-2c4cbb6bcce1,unknown_queued,W16x45,Queued for review (structural_section),system,2026-07-30T00:04:36.550312+00:00
c83e39b4-2320-493f-8191-d8d8c1789c1a,unknown_queued,PLATE 3,Queued for review (material),system,2026-07-30T00:04:36.748087+00:00
de9d2dfb-d474-40c9-b32a-db1127ebfd7a,unknown_queued,L5x3x1,Queued for review (structural_section),system,2026-07-30T00:04:36.859270+00:00
9262bc8b-fe06-4c50-96d2-856ae020ca51,unknown_queued,S-711,Queued for review (structural_section),system,2026-07-30T00:04:37.037508+00:00
80a90f92-ac07-412f-80e0-ccd1571cb451,unknown_queued,PL 1x9x1,Queued for review (structural_section),system,2026-07-30T00:04:37.505226+00:00
45e61d4e-4e77-4d0f-bff7-f8a2d739aa5d,unknown_queued,HSS6x8x1/2,Queued for review (structural_section),system,2026-07-30T00:04:37.576067+00:00
96c1007c-68b3-4395-adba-dac15b590765,unknown_queued,HSS3x3,Queued for review (structural_section),system,2026-07-30T00:04:37.651445+00:00
19b8daa6-d982-447d-a8e6-c82a1d261cb8,unknown_queued,W8x31,Queued for review (structural_section),system,2026-07-30T00:04:37.851220+00:00
0f6c1325-6110-47b6-917a-901a99a9f237,unknown_queued,W8x35,Queued for review (structural_section),system,2026-07-30T00:04:37.907644+00:00
85a3930a-f003-4215-b031-ec97da43a00b,unknown_queued,W8x28,Queued for review (structural_section),system,2026-07-30T00:04:37.985935+00:00
8eb16da2-fcaa-4ea0-b6a2-81709b8deb83,token_approved,W8x28,class=W8X28,user,2026-07-31T08:31:00.887500+00:00
5b86f0af-906f-4b72-be4a-a99daed84c0f,unknown_queued,W8x58,Queued for review (structural_section),system,2026-07-31T08:35:46.356589+00:00
a814f70a-e416-4573-8f9f-e7a388799514,unknown_queued,W8x28,Queued for review (structural_section),system,2026-07-31T08:35:46.524761+00:00
10570537-e1db-4167-addf-a495632ee5ff,unknown_queued,L3X31,Queued for review (structural_section),system,2026-07-31T09:52:54.417725+00:00
6f345b30-1c25-4962-98d8-4c7d2ebaf5d9,unknown_queued,L 6 X 3,Queued for review (structural_section),system,2026-07-31T09:52:54.550419+00:00
a3174a3c-2eac-4adf-9e4f-4d522c29d0dc,unknown_queued,L 4 X 4,Queued for review (structural_section),system,2026-07-31T09:52:54.665651+00:00
12135283-6dbc-4935-a6de-75a2b481ab7a,unknown_queued,L 4 X 4 X 5/16,Queued for review (structural_section),system,2026-07-31T09:52:54.758816+00:00
694370a6-71ed-4ccf-89ac-a72b0b67ecaf,unknown_queued,L 6 X 4,Queued for review (structural_section),system,2026-07-31T09:52:54.848497+00:00
441eb70d-8aee-4cee-bb8d-a381b32bf4ed,unknown_queued,L 6 X 4 X 3/8,Queued for review (structural_section),system,2026-07-31T09:52:54.940456+00:00
227adc34-7189-4439-8601-0746b257fb11,unknown_queued,L 5 X 3 X 1/4,Queued for review (structural_section),system,2026-07-31T09:52:55.073889+00:00
2e7c59d5-4ac1-4522-a306-ed0ad512210f,unknown_queued,L 5 X 5,Queued for review (structural_section),system,2026-07-31T09:52:55.197223+00:00
b906db11-0204-48bf-b846-4fb7b95428c3,unknown_queued,L 5 X 5 X 5/16,Queued for review (structural_section),system,2026-07-31T09:52:55.295548+00:00
bfc15285-09fd-4a2e-bedd-009baa1e0b11,unknown_queued,L 5 X 5 X 3/8,Queued for review (structural_section),system,2026-07-31T09:52:55.391765+00:00
7583319a-f903-4dad-888f-adaf45a89fed,unknown_queued,W12X14,Queued for review (structural_section),system,2026-07-31T09:52:55.809646+00:00
b1adf429-819d-40c1-9fc8-e65749c3d40c,unknown_queued,W18X46,Queued for review (structural_section),system,2026-07-31T09:52:57.315180+00:00
e78dc624-a1c6-4928-be7e-23751cac865b,token_approved,W18X46,class=W18X46,user,2026-07-31T09:58:29.718561+00:00
84d201a5-f28f-4071-a478-f71aab9fd39f,unknown_queued,W18X86,Queued for review (structural_section),system,2026-07-31T12:05:02.833447+00:00
ec1a0c00-7ec5-4363-8446-1c42efa5d063,unknown_queued,W18X60,Queued for review (structural_section),system,2026-07-31T12:05:03.009507+00:00
f37ada86-6a4c-48d2-b255-95b9ef970823,unknown_queued,W18X97,Queued for review (structural_section),system,2026-07-31T12:05:03.113514+00:00
6e42f533-4466-4b11-ae6e-623efe8e2a98,unknown_queued,W18X46,Queued for review (structural_section),system,2026-07-31T12:05:03.297827+00:00
2a7f9e63-5ad1-49f5-a297-23c7dc482ea3,unknown_queued,W18X65,Queued for review (structural_section),system,2026-07-31T12:05:03.446607+00:00
eb2b7dfa-eb7e-4e28-92c8-ebfd2b79f0a4,unknown_queued,W18X55,Queued for review (structural_section),system,2026-07-31T12:05:03.548518+00:00
98b9efec-99b3-4a4b-ad82-e9e449c2162e,unknown_queued,HSS14X10X3/8,Queued for review (structural_section),system,2026-07-31T12:05:03.891423+00:00
86bfbb9f-fe76-422a-ba94-f5bf3af21619,unknown_queued,W14X30,Queued for review (structural_section),system,2026-07-31T12:05:04.151112+00:00
ddb29c63-7976-4ba3-9d86-b954032ca8ec,unknown_queued,W16X50,Queued for review (structural_section),system,2026-07-31T12:05:04.400975+00:00
2ed894ce-a0ab-42e3-8c40-8c8849bf42e2,unknown_queued,W16X40,Queued for review (structural_section),system,2026-07-31T12:05:04.499160+00:00
46d02cf2-206b-43fb-89aa-3d3e740bd830,unknown_queued,W8X18,Queued for review (structural_section),system,2026-07-31T12:05:04.720716+00:00
fad48a36-49a4-4444-a9ae-29074335a2ba,unknown_queued,W18X71,Queued for review (structural_section),system,2026-07-31T12:05:05.230882+00:00
df538678-f6b6-4d86-8fbf-b8578885d0a2,unknown_queued,W18X76,Queued for review (structural_section),system,2026-07-31T12:05:05.346083+00:00
aff52a1b-1bd8-4ff1-a88e-361d6f018e7e,unknown_queued,W21X62,Queued for review (structural_section),system,2026-07-31T12:05:05.762406+00:00
83b6e5cc-4e4f-43d4-af1e-aef91c014c53,unknown_queued,L4X3X5/16,Queued for review (structural_section),system,2026-07-31T12:05:06.033817+00:00
86324c9e-2205-40b3-ac02-6402efe34f41,unknown_queued,L4X3X5,Queued for review (structural_section),system,2026-07-31T12:05:06.149613+00:00
dfb82bea-8d45-4b85-bc00-21794473bb13,unknown_queued,W24X62,Queued for review (structural_section),system,2026-07-31T12:05:06.489807+00:00
d70e2dfe-60f2-4da0-b118-147d7a4071f4,unknown_queued,W16X36,Queued for review (structural_section),system,2026-07-31T12:05:06.696394+00:00
a891108a-8efc-4145-8739-e5042971b8ab,unknown_queued,L4x4,Queued for review (structural_section),system,2026-07-31T12:05:06.999315+00:00
85b857e6-c048-4682-9458-b490b4e689af,unknown_queued,W12X26,Queued for review (structural_section),system,2026-07-31T12:05:07.789367+00:00
f1b8a4cf-0c09-4711-b0b2-211001c488c8,unknown_queued,HSS16X0.5,Queued for review (structural_section),system,2026-07-31T12:05:08.180623+00:00
0bd2f118-d3fe-4834-b00b-32fc71468f3d,unknown_queued,HSS6x2x5/16,Queued for review (structural_section),system,2026-07-31T12:05:08.294472+00:00
5edabdbb-8fb4-43c5-9e09-861dcd34d818,unknown_queued,L8X8X1,Queued for review (structural_section),system,2026-07-31T12:05:08.391045+00:00
21e1f14d-acb2-4b76-a853-ce0757300b89,unknown_queued,WT3X8,Queued for review (structural_section),system,2026-07-31T12:05:08.491726+00:00
94046c69-f555-431f-a0f8-331801ba303d,unknown_queued,L6X3,Queued for review (structural_section),system,2026-07-31T12:05:08.605893+00:00
ce80154a-c9b3-4f27-935e-913243427e3a,unknown_queued,HSS6X4X3/8,Queued for review (structural_section),system,2026-07-31T12:05:08.681987+00:00
78dd4cb9-fe23-4235-b54a-e62beb953758,unknown_queued,L3X3X3/8,Queued for review (structural_section),system,2026-07-31T12:05:08.776622+00:00
ce811fbc-b0f9-4d07-81ad-41b32c1e55b5,unknown_queued,W12X65,Queued for review (structural_section),system,2026-07-31T12:05:09.411868+00:00
9572167c-0dda-40f2-a86c-20463f7e123f,unknown_queued,HSS18X0.500,Queued for review (structural_section),system,2026-07-31T12:05:09.895273+00:00
308cd957-d22a-4b31-8488-454a4786719d,token_approved,L3x3x1/4,class=L3X3X1/4; Approved validation correction: Extraction quality is SUSPICIOUS (62%),validation_page,2026-07-31T12:10:50.129187+00:00
311abf7d-bb23-421b-9b52-bd3cff9a19ca,unknown_queued,L3x3x1/4,Queued for review (uncategorized),system,2026-07-31T12:11:02.023358+00:00
f3595346-c7ed-45be-a60b-c0f708424df2,token_approved,L3x3x1/4,class=L3X3X1/4; Approved validation correction: Prediction confidence is moderate (67%),validation_page,2026-07-31T12:11:02.118425+00:00
62a05bb2-4dca-4d1c-ad04-40adea61c721,unknown_queued,L3x3x1/4,Queued for review (uncategorized),system,2026-07-31T12:11:23.414583+00:00
c0b1b280-63e2-46ed-808c-b4e9b11349d0,token_approved,L3x3x1/4,class=L3X3X1/4; Approved validation correction: Extraction quality is SUSPICIOUS (62%),validation_page,2026-07-31T12:11:23.546811+00:00
133bec73-c69c-4251-9be9-5043240376e0,token_approved,HSS18X0.500,class=HSS18X0.500,user,2026-07-31T12:12:09.682041+00:00
bd49e0f3-3965-4f55-8f86-b60f2e92d1ca,token_approved,W18X65,class=W18X65,user,2026-07-31T12:12:23.221455+00:00
78fc62ea-7757-4ce5-800d-2ee82c716cf2,token_approved,W12X65,class=W12X65,user,2026-07-31T12:30:00.247759+00:00
589ddeab-5a86-4491-bc4b-d54f65a9f79f,token_approved,L3X3X3/8,class=L3X3X3/8,user,2026-07-31T12:30:02.088661+00:00
aff1cfcb-2045-4ba1-8c34-417fee41f647,token_approved,HSS6X4X3/8,class=HSS6X4X3/8,user,2026-07-31T12:30:03.056233+00:00
790d63b5-0fbd-48d9-9b20-080a658b4d98,token_approved,L6X3,class=L6X3,user,2026-07-31T12:30:04.111061+00:00
3743be9a-a0cf-4e03-b1bb-80ebefb69dfa,token_approved,WT3X8,class=WT3X8,user,2026-07-31T12:30:05.258812+00:00
f56d5bcf-835c-427c-8353-7aab4ab64eec,token_approved,L8X8X1,class=L8X8X1,user,2026-07-31T12:30:06.555977+00:00
e848dce7-ccc9-426b-ac40-961cbe8982a7,token_approved,L4X3X5,class=L4X3X5/8,user,2026-07-31T12:30:07.584803+00:00
902f4390-d9b7-4f59-bebf-ddb89561c09c,token_approved,W24X62,class=W24X62,user,2026-07-31T12:30:09.621684+00:00
cfb41a29-a4be-4703-b985-b1847b4c65e5,token_approved,L4x4,class=L4X4,user,2026-07-31T12:30:11.616560+00:00
d9766be4-c9b5-4b5d-8a5b-e7546c3f4a46,token_approved,W16X36,class=W16X36,user,2026-07-31T12:30:15.007301+00:00
ad6f9029-c717-4612-badf-14fdb72f2f5c,token_approved,HSS6x2x5/16,class=HSS6X2X5/16,user,2026-07-31T12:30:18.663795+00:00
d84a673a-699f-497f-8956-5cd0e7c33bc3,token_approved,HSS16X0.5,class=HSS16X0.5,user,2026-07-31T12:30:21.172638+00:00
a5eabe8a-12e3-49e2-b2d9-c4584be90876,token_approved,W12X26,class=W12X26,user,2026-07-31T12:30:24.948586+00:00
96eacfea-da00-4ec2-8723-1b8d86b8fff0,token_approved,L4X3X5/16,class=L4X3X5/16,user,2026-07-31T12:30:27.258799+00:00
c42ad058-ef37-427f-890a-a9644cb8108c,token_approved,W21X62,class=W21X62,user,2026-07-31T12:30:29.106723+00:00
624ab350-ebdf-4164-a184-d2acc25ec67f,token_approved,W18X76,class=W18X76,user,2026-07-31T12:30:30.953288+00:00
27bcc83f-9533-48ad-a814-984f000e96ba,token_approved,W18X71,class=W18X71,user,2026-07-31T12:30:33.244704+00:00
7be98d7e-e626-4751-94ec-beeacbbdd71c,token_approved,W8X18,class=W8X18,user,2026-07-31T12:30:37.228231+00:00
909cff2a-2272-452d-8c6e-d87014ff2cc3,token_approved,W16X40,class=W16X40,user,2026-07-31T12:30:40.270164+00:00
d750c28a-b10d-438d-8a06-d73bbf4434b0,token_approved,W16X50,class=W16X50,user,2026-07-31T12:30:43.926620+00:00
98f0cd98-ef4a-4c3d-99a0-f25c76457647,token_approved,W14X30,class=W14X30,user,2026-07-31T12:30:45.863185+00:00
f79826c4-3509-4562-a4f5-2134503c673f,token_approved,HSS14X10X3/8,class=HSS14X10X3/8,user,2026-07-31T12:30:47.412466+00:00
55700f55-4e2b-40ba-bc33-9245826d76f8,token_approved,W18X55,class=W18X55,user,2026-07-31T12:30:49.270511+00:00
f42b1a81-53b7-4f6a-84a0-1750fdc7f0ab,token_approved,W18X46,class=W18X46,user,2026-07-31T12:30:50.653675+00:00
1c2019af-099e-4edb-a62e-5804058687e5,token_approved,W18X97,class=W18X97,user,2026-07-31T12:30:51.600462+00:00
d35c8917-879e-4bde-8b98-ed6e9540b766,token_rejected,HSS3x3,class=S3X3,user,2026-07-31T12:31:39.068054+00:00
aa1ed256-597e-4d19-bd1e-0dfe38ace351,token_rejected,HSS6x8x1/2,class=HSS,user,2026-07-31T12:32:15.127408+00:00
fa5cc477-f193-4945-857e-d3f2ce8bb414,token_approved,W18X60,class=W18X60,user,2026-07-31T12:33:43.409357+00:00
27cc498f-83e2-4a6f-a55a-cafef591e726,token_approved,W18X86,class=W18X86,user,2026-07-31T12:33:45.062749+00:00
2527c46a-7dfa-4a15-b4b5-c48763b51138,token_approved,W12X14,class=W12X14,user,2026-07-31T12:33:46.418744+00:00
ba04baf0-2dfc-437b-95df-6d30690275d5,token_approved,L 5 X 5 X 3/8,class=L5X5X3/8,user,2026-07-31T12:33:47.710604+00:00
9eece42a-69bc-4c04-9bac-a121286b6b14,token_approved,L 5 X 5 X 5/16,class=L5X5X5/16,user,2026-07-31T12:33:48.925485+00:00
573f43ad-6388-40e8-82f9-c4c94322c514,token_approved,L 5 X 5,class=L5X5,user,2026-07-31T12:33:50.189960+00:00
fa22ed8f-b5a4-48f6-8aff-e8e02b55dcdc,token_approved,L 5 X 3 X 1/4,class=L5X3X1/4,user,2026-07-31T12:33:51.145658+00:00
fed0243c-a57f-4146-b3d2-6b2bd90117b3,token_approved,L 6 X 4 X 3/8,class=L6X4X3/8,user,2026-07-31T12:33:52.401500+00:00
efbaa966-f3d0-4cf1-9c5a-7109173a4dfa,token_approved,L 6 X 4,class=L6X4X1/2,user,2026-07-31T12:33:53.703003+00:00
b201ce64-99cb-44c9-a78a-347d1d6d97e6,token_approved,L 4 X 4 X 5/16,class=L4X4X5/16,user,2026-07-31T12:33:54.950164+00:00
3a9539e9-ca4a-406e-bec5-060b3f1b7f22,token_approved,L 4 X 4,class=L4X4,user,2026-07-31T12:33:56.178154+00:00
f8457ceb-8887-429d-8991-76cd9baecf9e,token_approved,L 6 X 3,class=L6X3,user,2026-07-31T12:33:57.515195+00:00
485519c3-1f88-4622-a43e-d9fd629c0f2a,token_approved,L3X31,class=W33X318,user,2026-07-31T12:33:58.724910+00:00
e214b21a-8dec-4880-b3b7-4517eeaf0818,token_approved,W8x28,class=W8X28,user,2026-07-31T12:34:00.023933+00:00
40ffe4df-cd5c-4537-a93a-3039f7817650,token_approved,W8x58,class=W8X58,user,2026-07-31T12:34:01.335951+00:00
645cbde9-3a14-494d-a21b-37eafa0f02a2,token_approved,W8x35,class=W8X35,user,2026-07-31T12:34:02.425009+00:00
54fb0a3c-f932-4c74-b4fe-09e1bc03d0bd,token_approved,W8x31,class=W8X31,user,2026-07-31T12:34:03.728263+00:00
eba3dd6a-cb20-4574-b671-713b0863a35f,token_approved,L5x3x1,class=L5X3X1/2,user,2026-07-31T12:34:05.040023+00:00
2434f50e-9bbc-4ad5-8dbb-283bf1b97bbc,token_approved,W16x45,class=W16X45,user,2026-07-31T12:34:06.111084+00:00
dfb786a9-155c-4b0e-9fc2-bf0538edca15,token_approved,W36x150,class=W36X150,user,2026-07-31T12:34:07.442078+00:00
268dc469-bc51-4130-a477-4a4390f1b658,token_rejected,S-600,class=S,user,2026-07-31T12:34:47.406487+00:00
a585ef3e-62f5-49c6-9706-6be19115bdb2,token_rejected,S-710,class=S,user,2026-07-31T12:34:54.949608+00:00
f7cf03ca-16fa-420f-8b46-59546ad69901,token_rejected,S-800,class=S,user,2026-07-31T12:35:22.207926+00:00
b5c89524-552f-45bc-8d64-3f58595b0f1b,token_rejected,A307,class=A,user,2026-07-31T12:35:30.644932+00:00
41461e23-52dc-48e9-a726-b97f732f9614,token_rejected,A500,class=A,user,2026-07-31T12:35:32.045534+00:00
834baec9-cdb2-4863-b1c2-ea7dd60f80aa,token_rejected,A615,class=A615,user,2026-07-31T12:35:33.300585+00:00
c5899995-4a77-4aca-8d35-d51aa344045d,token_rejected,A992,class=A992,user,2026-07-31T12:35:34.543079+00:00
a5592a56-2bab-4147-b302-c405e8377209,token_rejected,PL8X4X3,class=A,user,2026-07-31T12:35:35.695528+00:00
aaf16bfd-a8b5-4e14-a5b1-e8a53ca08322,token_rejected,W18 X 35,class=W18X35,user,2026-07-31T12:35:36.927803+00:00
856e0411-392c-49ca-824b-0eb02a852aa1,token_rejected,S-101,class=W21X101,user,2026-07-31T12:35:38.122884+00:00
94434ed6-07e2-43fb-84a9-e84ca5fc6b72,token_rejected,A706,class=S206,user,2026-07-31T12:35:39.370484+00:00
21f1b8a3-4e09-4402-b250-b21b28d7ae81,token_rejected,A1064,class=W18X106,user,2026-07-31T12:35:40.539917+00:00
2e554a0c-8cbd-44c4-bd78-9b800c1e8588,token_rejected,A416,class=W33X141,user,2026-07-31T12:35:41.721388+00:00
bd5e8bc1-218f-4432-aaf4-9eb284d832f3,token_rejected,A572,class=HP10X57,user,2026-07-31T12:35:42.921273+00:00
99c890c9-a038-4f7b-b7c1-3e90ee0b8f97,token_rejected,A913,class=W30X391,user,2026-07-31T12:35:44.127793+00:00
185a006c-2b46-411c-8f48-bab50db32baa,token_rejected,A446,class=W18X46,user,2026-07-31T12:35:45.203503+00:00
5ac7dfac-a7cc-470f-9fd5-e4fd856060c9,token_rejected,A325,class=S322,user,2026-07-31T12:35:46.430935+00:00
18ef8b24-027f-4c9b-843b-85c87f817c00,token_rejected,A490,class=S24X90,user,2026-07-31T12:35:47.538470+00:00
5a94199b-05a9-4333-80f0-1783c02f16de,token_rejected,F1852,class=W18X65,user,2026-07-31T12:35:49.269082+00:00
699aad99-5cfd-47f1-8176-4ea79ffbee7a,token_rejected,A2280,class=HSS6.000X0.280,user,2026-07-31T12:35:50.175265+00:00
ed5ed321-4cbf-4f12-998f-090063209eaa,token_rejected,F1554,class=W10X54,user,2026-07-31T12:35:51.364273+00:00
ad90c66d-5d7c-4cc1-a36a-2c91c22117f1,token_rejected,A563,class=HSS5.563X0.500,user,2026-07-31T12:35:52.509389+00:00
6ee4eb1b-e427-44ef-b3e9-7aff6d5d627f,token_rejected,F436,class=WT7X436.5,user,2026-07-31T12:35:53.714577+00:00
b5a576ec-da1b-410d-9d5d-3806c47ff9d5,token_rejected,A959,class=W14X159,user,2026-07-31T12:35:54.767526+00:00
297fe1cf-47c2-4d96-9503-fd757e94c9a0,token_rejected,A108,class=W30X108,user,2026-07-31T12:35:55.955387+00:00
fe7dae37-866e-4f8d-89ac-540b242a7e68,token_rejected,A653,class=W18X65,user,2026-07-31T12:35:57.101655+00:00
9afc7c73-d276-48d9-bd27-53bbf14924fa,token_rejected,HSS8X4X3/8,class=HSS8X4X3/8,user,2026-07-31T12:35:58.320087+00:00
3baccf55-7ae7-46d0-8f63-189b6c33cc27,token_rejected,HSS4X4X3/8,class=HSS4X4X3/8,user,2026-07-31T12:35:59.531644+00:00
f2abd274-fa24-44d5-8dc3-e92be113fb6e,token_rejected,HSS6X6X3/8,class=HSS6X6X3/8,user,2026-07-31T12:36:00.749647+00:00
3172af20-4e20-43de-afad-b39e30675ab6,token_rejected,HSS6X4X3,class=HSS6X4X3/8,user,2026-07-31T12:36:01.808380+00:00
298deb9e-9a09-40bb-9894-8e0f47019996,token_rejected,HSS 6X4X3/8,class=HSS6X4X3/8,user,2026-07-31T12:36:03.003474+00:00
09afd535-b9df-4797-84d2-01a1d7db3fa9,token_rejected,L7X4X3/8,class=L7X4X3/8,user,2026-07-31T12:36:04.125767+00:00
8169364c-46ad-4d02-b543-d24dc58cfbd7,token_rejected,HSS10X6X3/8,class=HSS10X6X3/8,user,2026-07-31T12:36:05.267515+00:00
1d853d8b-fd20-49fb-8a32-68103f156096,token_rejected,HSS8X8X5/8,class=HSS8X8X5/8,user,2026-07-31T12:36:06.346721+00:00
5ef97b6c-baef-4295-b05e-58ac058e7df9,token_rejected,HSS8X6X3/8,class=HSS8X6X3/8,user,2026-07-31T12:36:07.565048+00:00
28044eb0-5bc3-452d-90f0-d2b8d309d5a9,token_rejected,PIPE 8,class=PIPE8,user,2026-07-31T12:36:08.641540+00:00
19e83b61-8785-4643-9447-18cce83ec555,token_rejected,HSS6X6X1/4,class=HSS6X6X1/4,user,2026-07-31T12:36:09.846533+00:00
c08ed908-2443-4373-a168-0da87e4df05c,token_rejected,W8X15,class=W8X15,user,2026-07-31T12:36:10.914098+00:00
fa9c54ce-1ca7-4405-818e-a42163e49368,token_rejected,W12X19,class=W12X19,user,2026-07-31T12:36:12.106664+00:00
513ea59a-5aa1-40e1-9dc2-2d008b3e4ba4,token_rejected,W14X26,class=W14X26,user,2026-07-31T12:36:13.243790+00:00
b3d6a775-8ac4-428b-919c-6844dddd5bff,token_rejected,W12X22,class=W12X22,user,2026-07-31T12:36:14.391193+00:00
c67b4a83-1ba1-412b-bec2-939ad7051138,token_rejected,W12X40,class=W12X40,user,2026-07-31T12:36:15.477507+00:00
ef865eb0-7435-4ad3-bf94-fc283f20e373,token_rejected,W14X22,class=W14X22,user,2026-07-31T12:36:16.673147+00:00
cd4ceda4-9a72-42f4-af8b-ccc3d2b95ca1,token_rejected,W10X15,class=W10X15,user,2026-07-31T12:36:17.703821+00:00
7e8b0f93-904f-4d4a-ac7b-713a178a8826,token_rejected,W12X50,class=W12X50,user,2026-07-31T12:36:18.902615+00:00
0435e02c-7efe-4d55-9699-3de3cfb6d13b,token_rejected,W14X43,class=W14X43,user,2026-07-31T12:36:20.515381+00:00
5509904b-d764-4afe-82bb-60d319a79663,token_rejected,W12X16,class=W12X16,user,2026-07-31T12:36:21.655585+00:00
7ce79290-08e3-4124-9dc3-fcb66f2d79fd,token_rejected,HSS8X4X5,class=HSS8X4X5/8,user,2026-07-31T12:36:22.566461+00:00
1a8a3439-6354-4d30-b32d-608f59bb1518,token_rejected,W8X24,class=W8X24,user,2026-07-31T12:36:23.736235+00:00
1b975da2-7314-4451-b77f-e88b408b65fb,token_rejected,PL 3,class=L3X3X1,user,2026-07-31T12:36:24.746408+00:00
8f38ecf0-59f0-491c-923b-b52b13f2476a,token_rejected,PL 1,class=L10X10X1,user,2026-07-31T12:36:25.949627+00:00
880d5758-c1cf-462f-b508-e7f29d3bff7d,token_rejected,PLATE 1,class=PIPE1,user,2026-07-31T12:36:26.978042+00:00
4f6b22d1-01bf-45a7-bab3-8e35862692eb,token_rejected,WT 8x18,class=WT8X18,user,2026-07-31T12:36:28.136294+00:00
7ad61c3d-313a-4679-9b00-c7bfa87499ef,token_rejected,WT8x18,class=WT8X18,user,2026-07-31T12:36:29.139976+00:00
c755c7ca-3726-48db-a4f6-0cbbfd3472f9,token_rejected,HSS 3 x 3 x 1/4,class=HSS3X3X1/4,user,2026-07-31T12:36:30.297661+00:00
b69b0bd0-6cc0-4c08-a740-dc00127b20b0,token_rejected,L5x5x5/16,class=L5X5X5/16,user,2026-07-31T12:36:31.343550+00:00
436d2657-9ce7-489b-9d57-a5312f41b427,token_rejected,L5x5,class=L5X5,user,2026-07-31T12:36:32.511278+00:00
7eb6dfda-48e3-4969-bcde-910f71316966,token_rejected,L 3 x 3 x 1/4,class=L3X3X1/4,user,2026-07-31T12:36:33.436850+00:00
fa355102-2321-448a-8595-51539adbaa86,token_rejected,L 5 x 3 x 5/16,class=L5X3X5/16,user,2026-07-31T12:36:34.608688+00:00
e650993b-2855-45ec-a12d-78af0acabe3f,token_rejected,L 5 x 3,class=L5X3,user,2026-07-31T12:36:35.626413+00:00
a574f117-a965-46e8-908e-c0e3c6975d38,token_rejected,L 4 x 3 x 1/4,class=L4X3X1/4,user,2026-07-31T12:36:36.743468+00:00
e8e856e9-c749-4bb4-8ae3-955f25790931,token_rejected,L4X3X1,class=L4X3X1,user,2026-07-31T12:36:37.736206+00:00
0167bb8c-56d0-4d1b-8171-5495c413c6e1,token_rejected,L7 x 4 x 3/8,class=L7X4X3/8,user,2026-07-31T12:36:38.927860+00:00
d556a0d0-1e7f-4560-b216-17ca40cbb81e,token_rejected,L7X4X3,class=L7X4X3,user,2026-07-31T12:36:39.957534+00:00
82e1396d-52e9-4bee-b366-e432f27c4435,token_rejected,HSS8X4X5/16,class=HSS8X4X5/16,user,2026-07-31T12:36:41.144846+00:00
449df3ec-7324-40b8-9591-75dc666f46c8,token_rejected,L6X4X3/8,class=L6X4X3/8,user,2026-07-31T12:36:42.182763+00:00
a49c9adb-4930-48dc-ae08-5f6dcc4e08ce,token_rejected,HSS4X4X5/16,class=HSS4X4X5/16,user,2026-07-31T12:36:43.322056+00:00
d063fb44-1f72-4342-8dc0-6a6fb958777b,token_rejected,HSS8X3X1,class=HSS8X3X1/8,user,2026-07-31T12:36:44.372461+00:00
3ed5028d-d3f9-45bb-9e10-a0e0332ad5c9,token_rejected,L18x12x3/8,class=L18X12X3/8,user,2026-07-31T12:36:45.518383+00:00
2888f914-d607-428a-b060-6620f8da5259,token_rejected,PL 10,class=L10X10X1,user,2026-07-31T12:36:46.477996+00:00
dce2bb1c-8bda-44f8-98d1-6b54c52be693,token_rejected,L5x5x3/8,class=L5X5X3/8,user,2026-07-31T12:36:47.660439+00:00
35054ad1-3380-4a42-b385-491927427c5b,token_rejected,HSS8X8X1/2,class=HSS6X6X1/2,user,2026-07-31T12:36:49.199706+00:00
aa8851eb-b801-4c7a-b737-817d095eb725,token_rejected,L4X4X3/8,class=L4X4X3/8,user,2026-07-31T12:36:50.419623+00:00
b4a6bed1-424d-4009-bf44-f27bf7d6c550,token_rejected,L4X4X3,class=L4X4X3,user,2026-07-31T12:36:51.619928+00:00
4a6cf677-bb06-4f9a-870b-1a232e0c323a,token_rejected,HSS5x5x3/8,class=HSS5X5X3/8,user,2026-07-31T12:36:52.638402+00:00
8cb1a76a-478a-48d3-b9d1-cd35a28c089f,token_rejected,HSS 8x4x1/4,class=HSS8X4X1/4,user,2026-07-31T12:36:53.841211+00:00
93ce35f9-4363-44a0-a444-7d8d82a8fd6c,token_rejected,L3 x 3,class=L3X3X3,user,2026-07-31T12:36:54.794138+00:00
a863ff2d-3508-4bb2-aadb-f1f0350980c8,token_rejected,L2 x 2,class=L2X2X1/4,user,2026-07-31T12:36:55.921211+00:00
efb43882-c046-4c29-aa07-e0c9bc06bd14,token_rejected,HSS 3 x 3,class=S3X3,user,2026-07-31T12:36:56.935627+00:00
acaf0ff5-b008-4696-b3fa-ada147e0e902,token_rejected,L 3 x 3,class=L3X3X3,user,2026-07-31T12:36:58.102056+00:00
c96719f0-f0af-4afa-b7e0-91bc3161443d,token_rejected,L 4 x 3,class=L4X3,user,2026-07-31T12:36:59.114167+00:00
6446b6ca-7a7e-4182-bd3e-806ae2b60253,token_rejected,L3 x 3 x 3/16,class=L3X3X3/16,user,2026-07-31T12:37:00.347005+00:00
cd9dd6d4-af56-4cf3-86d5-1abb067656a7,token_rejected,S-004,class=S,user,2026-07-31T12:37:01.300481+00:00
fdec2238-7ee3-4dd2-8b5c-55a7f204d216,token_rejected,A588,class=A588,user,2026-07-31T12:37:02.479823+00:00
c0dd97ce-8c40-4b1a-8346-c3783428005d,token_rejected,A970,class=A970,user,2026-07-31T12:37:03.467131+00:00
e4dfe3b8-60f6-4d74-8dfe-8f9a9024b321,token_rejected,S-002,class=S,user,2026-07-31T12:37:04.590507+00:00
cc9fc2e6-b3ef-4bde-ad7d-83d38cb04a8c,token_rejected,L4X3,class=L4X3,user,2026-07-31T12:37:05.583557+00:00
6f5554d4-dbfb-463f-8e8d-93f1f3e21b43,token_rejected,L5X3,class=L5X3,user,2026-07-31T12:37:06.765719+00:00
9f1ceca3-b14e-4cc9-83f5-a0d52abe84fe,token_rejected,L3x3x1,class=L3X3X1,user,2026-07-31T12:37:07.679553+00:00
2dc07720-44c5-4d22-bd06-19795a7a1bf1,token_rejected,A568,class=A568,user,2026-07-31T12:37:08.851718+00:00
954ca688-cf65-48a9-9619-90719b8321d2,token_rejected,S-401,class=S,user,2026-07-31T12:37:09.803438+00:00
e83e3452-6afd-4bdc-969f-7ff04faacbf6,token_rejected,S-301,class=S,user,2026-07-31T12:37:10.989009+00:00
d03cc9d7-fa27-4ba9-99c9-55a420f856bc,token_rejected,S-402,class=S402,user,2026-07-31T12:37:11.968598+00:00
fc6b25b5-972a-4c38-8162-d03f36008ead,token_rejected,W16X31,class=W16X31,user,2026-07-31T12:37:13.091829+00:00
906a99a6-2cd0-47b7-852e-479a9a0f2de3,token_rejected,W21X44,class=W21X44,user,2026-07-31T12:37:14.060675+00:00
9a485bf1-86e0-4068-9446-4b0737d7f5b7,token_rejected,S-311,class=S,user,2026-07-31T12:37:15.225763+00:00
d6a65a4b-a631-4bcc-ab06-59bf93768d8c,token_rejected,S-321,class=S,user,2026-07-31T12:37:16.767898+00:00
d335150d-6a57-4ef5-b7be-3f04e22f2cb3,token_rejected,W18X35,class=W18X35,user,2026-07-31T12:37:17.917007+00:00
ddf6d195-9598-4a43-acf4-632828d28c2b,token_rejected,W10X19,class=W10X19,user,2026-07-31T12:37:19.108703+00:00
1c0a48dd-d472-40ac-9f22-fbd807f0531d,token_rejected,W18X50,class=W18X50,user,2026-07-31T12:37:20.051204+00:00
3ef85245-a129-482a-8ce6-2d3fd0c19403,token_rejected,W16X26,class=W16X26,user,2026-07-31T12:37:21.314856+00:00
2e10d2ab-46f6-49da-bfe6-752fa215c80f,token_rejected,W12X30,class=W12X30,user,2026-07-31T12:37:22.381740+00:00
5733d263-0248-41bb-9ee2-e49a160966d2,token_rejected,S-322,class=S,user,2026-07-31T12:37:23.536433+00:00
65638b09-3407-4ad0-98e7-4165da4157e0,token_rejected,HSS14X6X1/2,class=HSS14X6X1/2,user,2026-07-31T12:37:24.514377+00:00
ad66b0b9-723f-47d1-abd5-9528f143495c,token_rejected,HSS20X8X5/8,class=HSS20X8X5/8,user,2026-07-31T12:37:25.643996+00:00
05d3e990-d2a4-4cb1-8c5c-d2ad07f58bb8,token_rejected,S-104,class=S104,user,2026-07-31T12:37:26.579853+00:00
2928c558-dd59-40a0-95cb-68e5819e4dbe,token_rejected,S-201,class=S201,user,2026-07-31T12:37:27.750173+00:00
c4ac31a7-49c9-4f33-b85c-9e11603262c5,token_rejected,S-202,class=S202,user,2026-07-31T12:37:28.676551+00:00
ecf40ed9-df2f-456b-a22c-c2a296d5f47e,token_rejected,L2x2x3/16,class=L2X2X3/16,user,2026-07-31T12:37:29.856398+00:00
1279d0ef-2336-44e2-b898-c9d31de1e1ae,token_rejected,S-203,class=S203,user,2026-07-31T12:37:30.909288+00:00
f556d799-381a-48ea-ba1a-dbe1a47aa5df,token_rejected,L4X3X3/8,class=L4X3X3/8,user,2026-07-31T12:37:31.991070+00:00
89621c50-1f93-4988-a7f5-f1b051967ff7,token_rejected,S-204,class=S204,user,2026-07-31T12:37:32.987689+00:00
bb3e231d-323c-4a73-b5d3-c1d431f2ec52,token_rejected,PL11,class=L10X10X1,user,2026-07-31T12:37:34.138379+00:00
adca7fe1-c2b2-413b-a1f6-1f0e0775dff7,token_rejected,S-205,class=S205,user,2026-07-31T12:37:35.054959+00:00
ddc4f175-f8da-431c-9cf3-93c7f6fe8a2a,token_rejected,S-206,class=S206,user,2026-07-31T12:37:36.187527+00:00
ea2daa08-9780-43c0-833d-afdf5cfd6171,token_rejected,PL 5,class=L5X3,user,2026-07-31T12:37:37.225058+00:00
7c2d7c9a-de5b-4092-bc5a-e7e09ec065a0,token_rejected,PL3,class=L,user,2026-07-31T12:37:38.324901+00:00
c825a46e-8e57-48c3-8cad-776a441337da,token_rejected,PL1,class=L,user,2026-07-31T12:37:39.314947+00:00
84065876-217b-4275-a681-1f2a57ecaac6,token_rejected,L4x4x1/4,class=L4X4X1/4,user,2026-07-31T12:37:40.466659+00:00
af5a4850-2e16-4439-a2ab-e1708c6bdefe,token_rejected,PL43,class=L4X3,user,2026-07-31T12:37:42.032547+00:00
c13c9dd1-a6e8-4671-ae31-df757448d4d8,token_rejected,S-207,class=S207,user,2026-07-31T12:37:43.456142+00:00
50f15ef5-147f-4ddf-b624-1608b93c42fe,token_rejected,S-208,class=S208,user,2026-07-31T12:37:44.975477+00:00
cfb578f5-c02b-4b18-9626-227d1d7c8e2d,token_rejected,HSS5x3x3,class=HSS5X3X3/8,user,2026-07-31T12:37:46.543699+00:00
bbb43552-da51-49a3-9296-8926247345e2,token_rejected,W10X45,class=W10X45,user,2026-07-31T12:37:48.138473+00:00
c6dbe905-4aa3-4b7e-ad57-c6c2366f4ad1,token_rejected,W10X33,class=W10X33,user,2026-07-31T12:37:49.172130+00:00
fc6a4709-716b-45d5-b0eb-da97261e2318,token_rejected,HSS10X0.500,class=HSS10X0.500,user,2026-07-31T12:37:51.088235+00:00
b3b799ec-7282-42a0-8a07-7072e529be80,token_rejected,W10X39,class=W10X39,user,2026-07-31T12:37:51.920261+00:00
061bdd5d-bef4-4a58-928e-0c05fb0c1541,token_rejected,HSS10X0.625,class=HSS10X0.625,user,2026-07-31T12:37:52.867622+00:00
810f2c94-6b3b-4891-9c4f-1d2658120b58,token_rejected,S-501,class=S,user,2026-07-31T12:37:53.683450+00:00
c76f8bae-e98f-4bd2-adcc-5c65414096ae,token_rejected,W10X49,class=W10X49,user,2026-07-31T12:37:54.917856+00:00
85ce96f2-4c08-48be-8eec-ad2dd88a6ce5,token_rejected,W8X40,class=W8X40,user,2026-07-31T12:37:56.033406+00:00
8346fdb2-969e-4528-8f33-6d0eb40ad744,token_rejected,S-502,class=S,user,2026-07-31T12:37:57.225786+00:00
b7210e51-1281-40d7-88b2-425837371a55,token_rejected,A775,class=A775,user,2026-07-31T12:37:57.984935+00:00
2e5aae00-14e3-4d32-a3e8-dab96cf29951,token_rejected,F3125,class=A325,user,2026-07-31T12:37:58.948618+00:00
b7a7d5f7-32dc-4ed8-95e3-c941830b6cba,token_rejected,PL 8,class=L,user,2026-07-31T12:38:00.214738+00:00
76195472-3fa9-4a54-a66f-8a15fbd319bb,token_rejected,PL 8 X 4,class=L8X4X1,user,2026-07-31T12:38:01.519477+00:00
798c7348-a870-4328-bbe7-729f1bdc110a,token_rejected,PL 8 X 4 X 3,class=L8X4X3/4,user,2026-07-31T12:38:02.919061+00:00
f6009878-c00f-4349-9745-8a0c5ff82fce,token_rejected,L2X2X1/4,class=L2X2X1/4,user,2026-07-31T12:38:04.645572+00:00
41cf557a-d886-4781-94b0-4d5611cc988c,token_rejected,WT3X4.5,class=WT3X4.5,user,2026-07-31T12:38:06.220799+00:00
b20acf4b-d5e1-4bda-9cc6-3fbda8357ada,token_rejected,W10X24,class=W10X22,user,2026-07-31T12:38:07.702039+00:00
d8f329be-69cd-4a3c-849f-f1527cbc23c9,token_rejected,L6x4x5/16,class=L6X4X5/16,user,2026-07-31T12:38:09.219516+00:00
7ce07885-368a-451f-9ed8-e29932db142f,token_rejected,L6x4x5,class=L6X4X5/8,user,2026-07-31T12:38:10.535964+00:00
ca44df01-26a8-4ee4-85a0-110239907be2,token_rejected,L6x4x3,class=L6X4X3/8,user,2026-07-31T12:38:11.499767+00:00
8c819e11-0994-450c-b0a6-f2e44411327e,token_rejected,L3x3x3/16,class=L3X3X3/16,user,2026-07-31T12:38:12.633612+00:00
35c4deaa-3f1a-4eb8-b54d-388c7b2eae8a,token_rejected,L3x3x3,class=L3X3X3,user,2026-07-31T12:38:13.823176+00:00
649c508b-a484-4ac3-85e7-b7ac9c4902d3,token_rejected,C6x10,class=C6X10.5,user,2026-07-31T12:38:15.015146+00:00
b6673f70-5ee6-405d-aa89-193a06c773a8,token_rejected,L2x2x1/8,class=L2X2X1/8,user,2026-07-31T12:38:15.790097+00:00
07993986-d6db-4f17-8115-659861ab9cff,token_rejected,HSS 5x2,class=HSS5X2X3/8,user,2026-07-31T12:38:16.534785+00:00
f4885208-9935-49ae-8221-8e0ebc4f0fc9,token_rejected,L5x3x5/16,class=L5X3X5/16,user,2026-07-31T12:38:17.281338+00:00
86acfed4-b132-4287-9425-81b2f5cca404,token_rejected,W24X68,class=W24X68,user,2026-07-31T12:38:17.978500+00:00
3ff372f0-98d9-4b49-b0d9-2e51b4c7c396,token_rejected,W21X55,class=W21X55,user,2026-07-31T12:38:18.709550+00:00
ef5731cc-3f09-4ff3-8c22-4fe5b957597e,token_rejected,W30X90,class=W30X90,user,2026-07-31T12:38:19.441414+00:00
bf984059-2c6d-4ade-a35d-1b26b570f218,token_rejected,W27X84,class=W27X84,user,2026-07-31T12:38:20.140470+00:00
2778125b-ea62-4720-ab60-845e44f5b54c,token_rejected,W30X108,class=W30X108,user,2026-07-31T12:38:21.029722+00:00
f4c9afaf-79a1-42c8-8cfd-87799299fb26,token_rejected,W21X48,class=W21X48,user,2026-07-31T12:38:21.798001+00:00
ba646ec3-7636-4dbb-ab1f-0b5f508129c0,token_rejected,A205,class=S205,user,2026-07-31T12:38:22.527503+00:00
f0194c48-69fe-4745-90f8-55691222c6a6,token_rejected,S-003,class=S,user,2026-07-31T12:38:23.358754+00:00
749cb714-7101-4b36-aca0-e4311dcc8698,token_rejected,S-005,class=S,user,2026-07-31T12:38:24.122587+00:00
b671345d-9d0a-41cd-a3fa-8dbacce9a538,token_rejected,F1249,class=W12X19,user,2026-07-31T12:38:25.324449+00:00
79794052-7f23-4ac2-84af-84e455a25014,token_rejected,A123,class=A123,user,2026-07-31T12:38:26.041739+00:00
41fbb33e-fedb-4c96-a862-da4af7eb6c35,token_rejected,S-302,class=S,user,2026-07-31T12:38:27.532083+00:00
c75d956b-88d9-4f32-8323-b4f2fcb0ad7e,token_rejected,S-102,class=S,user,2026-07-31T12:38:28.735622+00:00
2e55058a-9790-4b42-b9f8-4c0277ca373a,token_rejected,S-400,class=S,user,2026-07-31T12:38:29.497619+00:00
deb05959-a5e8-4032-a8c2-b523f39e3b90,token_rejected,S-700,class=S,user,2026-07-31T12:38:31.070086+00:00
eda4d5b4-13f6-4686-910f-c5c2b1e3c278,token_rejected,S-200,class=S,user,2026-07-31T12:38:32.366706+00:00
3b2c6512-4f26-410f-a437-81c1d3aff9d3,token_rejected,S-500,class=S,user,2026-07-31T12:38:34.029741+00:00
3101ae2f-601c-4ae8-9838-f8f8a7f7ef84,token_rejected,HSS10x10,class=HSS10X10X1/2,user,2026-07-31T12:38:35.683364+00:00
85a31725-13a1-42a8-bf93-b6b78fcfaa27,token_rejected,HSS8x8,class=HSS,user,2026-07-31T12:38:37.578082+00:00
8eccd1da-9cfe-4078-9299-b2dd09f177cd,token_rejected,S-100,class=S,user,2026-07-31T12:38:38.419535+00:00
9ac22e3f-68ad-4d6a-b659-b7dfde00ce58,token_rejected,S-701,class=S,user,2026-07-31T12:38:39.261195+00:00
e469d0e2-2baa-4ebc-9f10-ff0d8f526df7,token_rejected,WT16.5x59,class=WT16.5X59,user,2026-07-31T12:38:40.033822+00:00
c63f9f0e-ad3a-46ae-a473-93326fe4e107,token_rejected,S-300,class=S,user,2026-07-31T12:38:41.137123+00:00
cfa556a7-b381-446f-8a97-6b4fda8d1af3,token_rejected,HSS 8X8,class=HSS8X8X1/4,user,2026-07-31T12:38:41.947271+00:00
6f9f7ade-98c1-4e83-b423-fa370ad47c81,token_rejected,W8x10,class=W8X10,user,2026-07-31T12:38:42.844961+00:00
dcee5605-ab1b-43e7-aef6-472dd9705552,token_rejected,W21x50,class=W21X50,user,2026-07-31T12:38:43.670887+00:00
7847a778-1400-499c-97aa-fef791e7d374,token_rejected,W18x40,class=W18X40,user,2026-07-31T12:38:44.433968+00:00
76efdfeb-e356-4740-950e-97b7bdfad64c,token_rejected,HSS8x8x3/8,class=HSS8X8X3/8,user,2026-07-31T12:38:45.275782+00:00
f2395be1-ff94-4d09-bb94-887cd171a048,token_rejected,HSS10x10x1/2,class=HSS10X10X1/2,user,2026-07-31T12:38:46.066956+00:00
20500469-c31f-43e9-9063-b1f96396206f,token_rejected,PLATE 3,class=A36,user,2026-07-31T12:38:46.892187+00:00
434deec0-ac2b-40ce-a4e9-51e5a8696d98,token_rejected,S-711,class=S,user,2026-07-31T12:38:47.618837+00:00
ded31791-477f-4bd3-b150-47349804b367,token_rejected,PL 1x9x1,class=C9X15,user,2026-07-31T12:38:48.349582+00:00
f0b4102a-1e52-4358-9cc9-35bc368662f9,continuous_learning_completed,,"{""family_version"": ""family_classifier_20260731_123825"", ""exact_version"": ""exact_section_20260731_123846"", ""promotion"": {""family_classifier"": ""promoted"", ""exact_section"": ""promoted"", ""geometry"": ""prepared"", ""graph"": ""prepared"", ""fusion"": ""prepared""}}",user,2026-07-31T12:38:55.251811+00:00
fe254b91-7de0-4a16-ba9d-7802b4042ca8,unknown_queued,HSS10x10,Queued for review (structural_section),system,2026-08-03T10:25:26.468881+00:00
56de04be-d911-4252-bf74-950b7425606e,unknown_queued,W8x40,Queued for review (structural_section),system,2026-08-03T10:25:26.669734+00:00
d962be6e-b8e5-40d3-a61f-f99882441c19,unknown_queued,W8x48,Queued for review (structural_section),system,2026-08-03T10:25:26.827230+00:00
597a94ab-12d9-44d4-8b3c-4a6f13cb60c9,unknown_queued,W8x31,Queued for review (structural_section),system,2026-08-03T10:25:26.947044+00:00
142a6833-1648-4a5e-a6b5-09c9409779d9,unknown_queued,W8x28,Queued for review (structural_section),system,2026-08-03T10:25:27.087404+00:00
6a76a18b-949c-4d90-aa50-d457c0f2df83,unknown_queued,W8x35,Queued for review (structural_section),system,2026-08-03T10:25:27.203172+00:00
0012e88c-d100-4d96-be04-56c5b5ea3354,unknown_queued,W24x55,Queued for review (structural_section),system,2026-08-03T10:25:27.320139+00:00
887a2f83-d333-401c-87a3-7ac903312e80,unknown_queued,W21x50,Queued for review (structural_section),system,2026-08-03T10:25:27.490909+00:00
513e772f-69e6-4858-80d4-10235547ad34,unknown_queued,W8x10,Queued for review (structural_section),system,2026-08-03T10:25:27.634965+00:00
16455a17-0fd3-4d62-9b08-47130fe2675e,unknown_queued,W18x35,Queued for review (structural_section),system,2026-08-03T10:25:27.765182+00:00
8bf776a4-ce6c-493b-8aa0-de3186507615,unknown_queued,W16x31,Queued for review (structural_section),system,2026-08-03T10:25:28.007519+00:00
5fbba1c9-221c-4f5f-aaf9-0726d9f26271,unknown_queued,W18x46,Queued for review (structural_section),system,2026-08-03T10:25:28.201391+00:00
9b386719-0c47-40c8-9cb7-933c454921df,unknown_queued,W21x44,Queued for review (structural_section),system,2026-08-03T10:25:28.466298+00:00
bf740622-64a7-48d6-ab56-aa5b42f8f8ba,unknown_queued,HSS8x8,Queued for review (structural_section),system,2026-08-03T10:25:28.996129+00:00
3dc05982-de92-4dee-8271-00b020676d02,unknown_queued,WT16.5x59,Queued for review (structural_section),system,2026-08-03T10:25:29.215381+00:00
1e68a2f7-8581-4616-9142-40ed1170e2bd,unknown_queued,W16x26,Queued for review (structural_section),system,2026-08-03T10:25:29.796427+00:00
1ae35311-03c3-4607-8610-8fdfcce4253e,unknown_queued,W27x84,Queued for review (structural_section),system,2026-08-03T10:25:30.164476+00:00
7f131af8-7dca-4203-a88b-01e9fb8b7c64,unknown_queued,W14x22,Queued for review (structural_section),system,2026-08-03T10:25:30.878558+00:00
3067064d-c290-44aa-84d8-41d888238e82,unknown_queued,W18x40,Queued for review (structural_section),system,2026-08-03T10:25:31.281540+00:00
9618976a-a906-4a76-a608-973466178d93,unknown_queued,HSS8x8x3/8,Queued for review (structural_section),system,2026-08-03T10:25:31.467137+00:00
7f118a26-bd77-4ca2-b48c-e72e7e4c9546,unknown_queued,HSS8x8x3,Queued for review (structural_section),system,2026-08-03T10:25:31.607254+00:00
c0878be3-ceae-4ec8-8d43-ec56f140000a,unknown_queued,HSS10x10x1/2,Queued for review (structural_section),system,2026-08-03T10:25:32.366560+00:00
29a00033-1ad5-4019-aaf3-9f4a2a90e59a,unknown_queued,W16x45,Queued for review (structural_section),system,2026-08-03T10:25:32.778815+00:00
0b2952da-ba55-40d9-b197-96594af9c039,unknown_queued,W24x68,Queued for review (structural_section),system,2026-08-03T10:25:32.892996+00:00
1371c5a1-c649-44db-9150-8ed040595119,unknown_queued,W33x130,Queued for review (structural_section),system,2026-08-03T10:25:33.026762+00:00
f1b7e46f-ccb6-4dd0-bbdc-df989c9b3959,unknown_queued,W24x84,Queued for review (structural_section),system,2026-08-03T10:25:33.272784+00:00
96d7040b-7a4a-41ef-8f8b-75bd0f60c82d,unknown_queued,W36x150,Queued for review (structural_section),system,2026-08-03T10:25:33.459808+00:00
92516598-01e8-4625-a7df-30ad176a8f83,unknown_queued,HSS 8X8X3/8,Queued for review (structural_section),system,2026-08-03T10:25:33.868162+00:00
5e222a9a-fff0-436f-aedf-22cf05596735,unknown_queued,L2x2x1/4,Queued for review (structural_section),system,2026-08-03T10:25:33.996709+00:00
986787dd-cbea-4f3e-b27f-eddb8c9ff5f5,unknown_queued,L3x3x1/4,Queued for review (structural_section),system,2026-08-03T10:25:34.112598+00:00
f75a1ee6-5ba7-4373-aee2-6e36d7bacb1d,unknown_queued,L4x4x1/4,Queued for review (structural_section),system,2026-08-03T10:25:34.241118+00:00
9a9f4d24-8f32-4a62-b4b8-733531accc2a,unknown_queued,L5x5x5/16,Queued for review (structural_section),system,2026-08-03T10:25:34.358534+00:00
35b81040-b9e0-4954-b987-8a106a15cb3f,unknown_queued,L3x3x1,Queued for review (structural_section),system,2026-08-03T10:25:34.461140+00:00
5e2b78af-e548-4079-b2c6-d9cca70cd989,unknown_queued,HSS8x8x1/2,Queued for review (structural_section),system,2026-08-03T10:25:34.572580+00:00
e3e360d0-c179-480c-b2d9-a53884c85593,unknown_queued,PL 1x9x1,Queued for review (structural_section),system,2026-08-03T10:25:35.114964+00:00
c8001900-e794-4616-8319-7f14351e19d5,unknown_queued,HSS6x8x1/2,Queued for review (structural_section),system,2026-08-03T10:25:35.272453+00:00
342baf05-f2b8-459e-850e-50cc88aa3318,unknown_queued,HSS3x3,Queued for review (structural_section),system,2026-08-03T10:25:35.391828+00:00
cef449d5-ca34-4958-922d-bf9b639db4ba,unknown_queued,W8x58,Queued for review (structural_section),system,2026-08-03T10:25:35.533815+00:00
d675c918-2a4a-4993-86a0-4239c88c7b5a,unknown_queued,W8x24,Queued for review (structural_section),system,2026-08-03T10:25:35.762668+00:00
bae584fd-0356-4f19-9121-31c06111b288,token_approved,W8x24,class=W8X24,user,2026-08-03T10:34:55.035959+00:00
63a3354e-040c-442a-9d07-a694b74c4a26,token_rejected,HSS3x3,class=HSS,user,2026-08-03T10:35:03.392637+00:00
4bfd981d-4481-410e-b5c1-c0173ff6195a,token_approved,HSS6x8x1/2,class=HSS8X8X1/2,user,2026-08-03T10:35:12.551386+00:00
ee11f062-f9af-431b-95ba-7ca8524d9981,token_approved,HSS8x8x1/2,class=HSS8X8X1/2,user,2026-08-03T10:35:20.027839+00:00
2ed77481-42b8-466d-8b9a-297e70157f7f,token_approved,W18x35,class=W18X35,user,2026-08-03T10:35:38.116291+00:00
bb8f4867-277f-4789-8f91-e193f3d0cc8d,token_approved,W8x10,class=W8X10,user,2026-08-03T10:35:39.073187+00:00
d889430e-d17b-44b5-a7ff-11e134cf53a1,token_approved,W21x50,class=W16X50,user,2026-08-03T10:35:39.876029+00:00
4c88fea3-d851-49a9-acb7-0454026e264e,token_approved,W24x55,class=W24X55,user,2026-08-03T10:35:40.676546+00:00
a1fb0054-47a1-49a4-a173-4c523726513c,token_approved,W8x35,class=W8X31,user,2026-08-03T10:35:41.454874+00:00
7520ccaf-0489-4c4a-a619-86ab8aebbd4b,token_approved,W8x28,class=W8X28,user,2026-08-03T10:35:42.246034+00:00
802dfdca-46e3-47f7-b001-053e1035a030,token_approved,W8x31,class=W8X18,user,2026-08-03T10:35:43.191073+00:00
9d79be21-4b01-45f7-b8d5-dc9ad5a304fb,token_approved,W8x48,class=W8X40,user,2026-08-03T10:35:43.970417+00:00
7573ddbd-56b6-4ab6-863d-4e17df0f797b,token_approved,W8x40,class=W8X24,user,2026-08-03T10:35:44.756601+00:00
63e2a30f-3fe1-48da-99cb-6518cfe6936f,token_approved,HSS10x10,class=HSS10X10X1/2,user,2026-08-03T10:35:45.509181+00:00
a8c67464-00fe-4da7-80fc-3a0a558669b5,token_rejected,PL 1x9x1,class=C9X15,user,2026-08-03T10:35:55.541183+00:00
7d96c7c3-8d0e-4dfc-8c94-e030532a5f5b,token_approved,W8x58,class=W8X58,user,2026-08-03T10:36:11.312220+00:00
5ca526ff-9490-43de-b503-a1bc842b6f73,token_approved,L3x3x1,class=L3X3X1/2,user,2026-08-03T10:36:12.393971+00:00
6f22ec53-4c9e-469e-af30-f8cc2d69cb37,token_approved,L5x5x5/16,class=L5X5X5/16,user,2026-08-03T10:36:13.206433+00:00
e7d9bb5f-b485-4b78-adbb-4d7420994637,token_approved,L4x4x1/4,class=L4X4X1/4,user,2026-08-03T10:36:13.993537+00:00
6391f1be-3e22-4a26-b5d9-d919845aaa51,token_approved,L3x3x1/4,class=L3X3X1/4,user,2026-08-03T10:36:14.785053+00:00
502f9fbd-28b8-4eae-8466-f0546a4238d1,token_approved,L2x2x1/4,class=L2X2X1/4,user,2026-08-03T10:36:15.559929+00:00
ca5ccc28-dea2-49d1-a34e-a8113d7a4113,token_approved,HSS 8X8X3/8,class=HSS8X6X3/8,user,2026-08-03T10:36:16.358126+00:00
6cc793d5-04fc-45b9-8c80-e1ed503c3448,token_approved,W36x150,class=W36X150,user,2026-08-03T10:36:17.131496+00:00
a4ca613c-8234-4ae9-b3a0-2478392deffd,token_approved,W24x84,class=W24X84,user,2026-08-03T10:36:17.879598+00:00
7d738cf4-e596-446d-987d-17713b0178f0,token_approved,W33x130,class=W33X130,user,2026-08-03T10:36:18.639533+00:00
d6e25bc9-e873-4fa9-ad3d-0498ff5d365b,token_approved,W24x68,class=W24X68,user,2026-08-03T10:36:19.630518+00:00
c4cec820-63e7-4969-b8cb-f12cb7db34f0,token_approved,W16x45,class=W16X45,user,2026-08-03T10:36:20.388530+00:00
848f494b-4742-4a98-8db8-759d1427e9f8,token_approved,HSS10x10x1/2,class=HSS10X10X1/2,user,2026-08-03T10:36:21.269560+00:00
8bdfac60-59c1-44fa-b79d-0a6f9878c63a,token_approved,HSS8x8x3,class=HSS8X8X3/8,user,2026-08-03T10:36:22.040270+00:00
54e67505-0a05-445f-9b24-08a75996032d,token_approved,HSS8x8x3/8,class=HSS8X6X3/8,user,2026-08-03T10:36:22.765688+00:00
36ce09ae-d06f-40ee-8f49-277b7eaa35c4,token_approved,W18x40,class=W18X40,user,2026-08-03T10:36:23.576722+00:00
c2304611-e119-4cbe-9a8f-99f39a36fd19,token_approved,W14x22,class=W14X22,user,2026-08-03T10:36:24.343166+00:00
68cc81f3-c9f4-495e-9097-529a3a411324,token_approved,W27x84,class=W27X84,user,2026-08-03T10:36:25.064495+00:00
fb047725-2438-4fc1-9c91-7617332245d7,token_approved,W16x26,class=W16X26,user,2026-08-03T10:36:25.819836+00:00
f639ae82-b188-4c47-ac71-c3dcbb6ecd2a,token_approved,WT16.5x59,class=WT16.5X59,user,2026-08-03T10:36:26.600850+00:00
a4bc5b87-e38f-418a-9a2e-8a32738a5f8d,token_approved,HSS8x8,class=HSS8X8,user,2026-08-03T10:36:27.320543+00:00
5cfad783-82d5-47da-8312-8fa3c9a8e010,token_approved,W21x44,class=W21X44,user,2026-08-03T10:36:28.079476+00:00
6518020d-80c1-42b5-8577-bcc101663e3c,token_approved,W18x46,class=W18X46,user,2026-08-03T10:36:28.839522+00:00
2ab4cf5f-7313-4666-961a-001912e76506,token_approved,W16x31,class=W16X31,user,2026-08-03T10:36:29.552188+00:00
f33f267d-8e92-4df9-a21b-7cc0ae0880be,continuous_learning_completed,,"{""family_version"": ""family_classifier_20260803_104454"", ""exact_version"": ""exact_section_20260803_104503"", ""promotion"": {""family_classifier"": ""promoted"", ""exact_section"": ""promoted"", ""geometry"": ""prepared"", ""graph"": ""prepared"", ""fusion"": ""prepared""}}",system,2026-08-03T10:45:08.493591+00:00
bf3763d5-9538-4a39-a022-4ffe383660b9,unknown_queued,W16x26,Queued for review (uncategorized),system,2026-08-03T10:47:12.634163+00:00
3490561a-546a-4971-8ba3-540ccc419a2f,token_approved,W16x26,class=W16X26; Approved validation correction: Extraction quality is SUSPICIOUS (62%),validation_page,2026-08-03T10:47:12.787335+00:00
c6c5f0bf-9427-4c26-a633-239041c92d4f,unknown_queued,W16x26,Queued for review (uncategorized),system,2026-08-03T10:47:30.534987+00:00
642cceb2-0b9f-4dc5-815a-86a1129bdcd5,token_approved,W16x26,class=W16X26; Approved validation correction: Extraction quality is SUSPICIOUS (62%),validation_page,2026-08-03T10:47:30.646610+00:00
02655a79-37f3-40bb-b927-8755cc62bc91,unknown_queued,HSS10x10,Queued for review (structural_section),system,2026-08-03T13:18:52.971015+00:00
3ea899c6-24c6-4289-8990-3259ef75b5f7,unknown_queued,HSS8x8,Queued for review (structural_section),system,2026-08-03T13:18:53.576901+00:00
8f7767e7-6bba-4a3b-88fd-9392755bc99d,unknown_queued,HSS10x10x1/2,Queued for review (structural_section),system,2026-08-03T13:18:53.676024+00:00
5b55826a-d6af-4807-825c-eaf929831612,unknown_queued,HSS8x8x3/8,Queued for review (structural_section),system,2026-08-03T13:18:53.792875+00:00
2cdbe538-141a-4bd5-9457-9646b741bb8a,unknown_queued,L2x2x1/4,Queued for review (structural_section),system,2026-08-03T13:18:54.140151+00:00
01550013-df8a-4dff-9f76-9cfc767c3487,unknown_queued,L3x3x1/4,Queued for review (structural_section),system,2026-08-03T13:18:54.237011+00:00
c19be193-1f24-4a4f-9684-666402d38ffc,unknown_queued,L4x4x1/4,Queued for review (structural_section),system,2026-08-03T13:18:54.345308+00:00
964db4bf-e30f-46dd-bf83-7acf32bd787c,unknown_queued,L5x5x5/16,Queued for review (structural_section),system,2026-08-03T13:18:54.522578+00:00
4ad6fc73-8bd8-417a-b005-7717adf95e11,unknown_queued,L5x3x1/4,Queued for review (structural_section),system,2026-08-03T13:18:54.718133+00:00
40d213a8-5f37-49ac-af43-a2b6f6b3c2e6,unknown_queued,PL,Queued for review (structural_section),system,2026-08-03T13:18:54.890052+00:00
788c2f8e-9bc1-4ffd-8f6c-712c8840b92c,unknown_queued,HSS6x8x1/2,Queued for review (structural_section),system,2026-08-03T13:18:55.041014+00:00
dae3b103-08a4-4e61-8fb8-4034b29eb8ab,unknown_queued,"HSS3x3,",Queued for review (structural_section),system,2026-08-03T13:18:55.158772+00:00
505c990a-576b-4a21-adf8-ad8d35076a87,unknown_queued,W8x58,Queued for review (structural_section),system,2026-08-03T13:18:55.275133+00:00
be210dcd-5212-487c-9434-6de4d2f4cc9f,unknown_queued,W8x40,Queued for review (structural_section),system,2026-08-03T13:18:55.385123+00:00
fe421ddf-5b1a-42b6-b383-a183044423d3,unknown_queued,W8x31,Queued for review (structural_section),system,2026-08-03T13:18:55.504889+00:00
73c8704b-02a1-4dd1-a3a0-72c0307290d7,unknown_queued,W8x35,Queued for review (structural_section),system,2026-08-03T13:18:55.622189+00:00
7cdb2b59-f0e6-4cc4-afc1-eab40839b5dc,unknown_queued,W8x28,Queued for review (structural_section),system,2026-08-03T13:18:55.754222+00:00
79e3fe80-2106-4f79-bd1a-15ea833d9468,unknown_queued,W8x24,Queued for review (structural_section),system,2026-08-03T13:18:55.859416+00:00
aa4f1a4f-e1f5-4fc2-87fa-681464b69553,unknown_queued,HSS8X8X1/2,Queued for review (structural_section),system,2026-08-03T13:38:03.053325+00:00
3d32d2a3-b874-409a-8adc-1b191abc75d0,unknown_queued,WT16.5x59,Queued for review (structural_section),system,2026-08-03T13:42:04.289306+00:00
3a166d12-48f7-4237-b711-a78fc303e4fc,unknown_queued,W16x26,Queued for review (structural_section),system,2026-08-03T13:42:04.372750+00:00
d70d8288-6fb2-4820-93ec-dd5d21d717ad,unknown_queued,W16x31,Queued for review (structural_section),system,2026-08-03T13:42:04.460079+00:00
b75b7dbb-5f6e-42c5-b1e1-a53e432e9571,unknown_queued,W27x84,Queued for review (structural_section),system,2026-08-03T13:42:04.557761+00:00
0cc74423-d0a8-42fd-9a3c-25d7d786059d,unknown_queued,W18x35,Queued for review (structural_section),system,2026-08-03T13:42:04.672567+00:00
fdd9548f-7053-49a2-be69-386dc83e8383,unknown_queued,W36x150,Queued for review (structural_section),system,2026-08-03T13:42:05.027217+00:00
1181b160-8772-45dc-a699-92b467e0299c,unknown_queued,W16x45,Queued for review (structural_section),system,2026-08-03T13:42:05.103580+00:00
c45acad7-0f00-43c5-8c0d-841a486ff282,unknown_queued,L4X3-1/2X5/16,Queued for review (structural_section),system,2026-08-03T14:21:22.786700+00:00
72da64a4-17a8-4378-81a4-2f850fc0f9d6,unknown_queued,L5X3-1/2X5/16,Queued for review (structural_section),system,2026-08-03T14:21:22.893378+00:00
3f30aaa4-69c5-444a-b257-6149f8a2c924,unknown_queued,HSS8X6X3/8,Queued for review (structural_section),system,2026-08-03T14:21:23.003573+00:00
f4166996-5717-406e-a22e-46b83c59c647,unknown_queued,L4x4,Queued for review (structural_section),system,2026-08-03T14:21:23.125657+00:00
f9dfae77-bebf-4a6c-af34-f2d4155f7aaf,unknown_queued,L4X4X3/8,Queued for review (structural_section),system,2026-08-03T14:21:23.351174+00:00
c0a1b266-59bb-4a89-a9e0-c82fd60eb217,unknown_queued,L2x2x3/16,Queued for review (structural_section),system,2026-08-03T14:21:23.735795+00:00
04977150-9ed2-4894-9701-aecea189ba61,unknown_queued,L3x3x3/16,Queued for review (structural_section),system,2026-08-03T14:21:23.892661+00:00
2abaf79a-aebb-4689-a209-8f8aec62bb32,unknown_queued,L1x1x1/4,Queued for review (structural_section),system,2026-08-03T14:21:24.107761+00:00
aa2bcd04-0eb1-4a34-bde0-4b668486f38e,unknown_queued,2 L1x1x1/4,Queued for review (structural_section),system,2026-08-03T14:21:24.370674+00:00
5b83c76e-792b-47b7-af60-e976ca36d503,unknown_queued,"L3x3x1/4x0'-3"",",Queued for review (structural_section),system,2026-08-03T14:21:24.558174+00:00
438a7f91-efd5-4bc7-95de-dc9b2d02d25d,unknown_queued,"L4x3x1/4x6""",Queued for review (structural_section),system,2026-08-03T14:21:24.850865+00:00
3007e630-67de-45b9-bde1-43aa0f11dc33,unknown_queued,"L4x3x1/4x1'-0""",Queued for review (structural_section),system,2026-08-03T14:21:24.968719+00:00
d3fd2edb-adb3-4ddb-acea-370041967148,unknown_queued,C8X13.7,Queued for review (structural_section),system,2026-08-03T14:21:25.145126+00:00
1344b91d-f2bd-48ce-9c32-07aa6178dafa,unknown_queued,"L4X4X5/16X0'-5""",Queued for review (structural_section),system,2026-08-03T14:21:25.317831+00:00
cbb10b35-5a65-4d84-959e-7d3b20271360,unknown_queued,HSS16X0.5,Queued for review (structural_section),system,2026-08-03T14:21:25.453377+00:00
3e384470-8141-49d1-8903-66985be1bba9,unknown_queued,L6X3,Queued for review (structural_section),system,2026-08-03T14:21:25.604915+00:00
ec3bf839-f8ab-4ea0-ad90-4fe6c1c4c325,unknown_queued,HSS6X4X3/8,Queued for review (structural_section),system,2026-08-03T14:21:25.821549+00:00
7b36093a-b0fd-4d44-8408-925c2de259be,unknown_queued,"L7X4X3/8X0'-11""",Queued for review (structural_section),system,2026-08-03T14:21:26.061146+00:00
83c75526-1b9c-455c-bb02-23e26e0861bb,unknown_queued,"L5X3X3/8X0'-5""",Queued for review (structural_section),system,2026-08-03T14:21:26.175085+00:00
cfb097e4-9af5-4f38-9a63-ec4e958e8871,unknown_queued,"L4X4X3/8X0'-4""",Queued for review (structural_section),system,2026-08-03T14:21:26.289258+00:00
bff555f7-b089-4c57-b1f7-99ea79358211,unknown_queued,A325,Queued for review (structural_section),system,2026-08-03T14:21:26.394568+00:00
3c5e692f-fa97-45ee-8621-9d85a04a75bc,unknown_queued,"L4X3X3/8X0'-8""",Queued for review (structural_section),system,2026-08-03T14:21:26.519768+00:00
fff6b790-3627-4f3e-a37a-778916987476,unknown_queued,L4X3X1/4,Queued for review (structural_section),system,2026-08-03T14:21:26.658065+00:00
b76d3510-e8b9-492f-8dee-bd1f9c0dc9d5,unknown_queued,HSS10X0.500,Queued for review (structural_section),system,2026-08-03T14:21:26.816845+00:00
7c62b876-fc74-41e8-9582-13e4fb561f0f,unknown_queued,HSS18X0.375,Queued for review (structural_section),system,2026-08-03T14:21:26.922192+00:00
fa78796c-750a-45d0-814f-84fd0f9f4152,unknown_queued,HSS10X0.625,Queued for review (structural_section),system,2026-08-03T14:21:27.072509+00:00
836bd116-50f2-495b-a5c3-ca766fb4d186,token_approved,HSS10X0.625,class=HSS10.000X0.625,user,2026-08-03T14:24:24.361429+00:00
44e22096-b83c-4d8e-b63e-84e0c256e71c,token_approved,HSS18X0.375,class=HSS18.000X0.375,user,2026-08-03T14:24:39.052974+00:00
fc0e05a0-ff16-416b-86ac-cb863b91c457,token_approved,HSS10X0.500,class=HSS10.000X0.500,user,2026-08-03T14:24:41.295257+00:00
bc996ddc-8e7c-4f44-95b8-51fd4959e469,token_approved,HSS10x10,class=HSS10X10X1/2,user,2026-08-03T14:25:11.459351+00:00
8de52ecb-977f-4084-ac47-2f46ec366205,token_approved,HSS8x8,class=HSS8X8X3/8,user,2026-08-03T14:25:11.697980+00:00
fe0de5bf-63a9-4572-aaf1-f20e888dc47d,token_approved,HSS10x10x1/2,class=HSS10X10X1/2,user,2026-08-03T14:25:11.894752+00:00
1ef4dc3b-9c5b-43fa-837c-70f70415b3e7,token_approved,HSS8x8x3/8,class=HSS8X8X3/8,user,2026-08-03T14:25:12.027785+00:00
50bfda85-7367-437b-b469-71f33e472435,token_approved,L2x2x1/4,class=L2X2X1/4,user,2026-08-03T14:25:12.169662+00:00
d97932d1-7af0-497b-9b19-32fa1e1ff048,token_approved,L3x3x1/4,class=L3X3X1/4,user,2026-08-03T14:25:12.296634+00:00
8a32259c-e9a6-4727-8acd-f58e4bc57042,token_approved,L4x4x1/4,class=L4X4X1/4,user,2026-08-03T14:25:12.425967+00:00
b4458481-0dba-4f54-9d1e-f556ac8e92b1,token_approved,L5x5x5/16,class=L5X5X5/16,user,2026-08-03T14:25:12.547167+00:00
69b545eb-7627-468a-8393-deb51e155957,token_approved,L5x3x1/4,class=L3X3X1/2,user,2026-08-03T14:25:12.664190+00:00
2461d0be-913f-4843-aaf4-23fd0c92e499,token_approved,PL,class=L8X8X1,user,2026-08-03T14:25:12.775912+00:00
dd530b7a-5b93-4ab3-a4f2-7fd2c5313e96,token_approved,HSS6x8x1/2,class=HSS8X8X1/2,user,2026-08-03T14:25:12.907032+00:00
d2f83b87-eafc-4014-a3ad-c53183014b78,token_approved,"HSS3x3,",class=HSS3X3X3/8,user,2026-08-03T14:25:13.037669+00:00
224c341a-972f-4d20-af54-01fc3e3d5d83,token_approved,W8x58,class=W8X58,user,2026-08-03T14:25:13.174084+00:00
b7738fdd-193e-44b2-b2ae-565888a53b10,token_approved,W8x40,class=W8X24,user,2026-08-03T14:25:13.308027+00:00
0fa12bcb-da33-4355-931b-7e52084ffc3c,token_approved,W8x31,class=W8X18,user,2026-08-03T14:25:13.446467+00:00
ebccca7b-cf82-4d10-98c1-ed2c539c1e8a,token_approved,W8x35,class=W8X31,user,2026-08-03T14:25:13.588303+00:00
c5b1c51b-767d-4c6f-844d-e191ff39e8ef,token_approved,W8x28,class=W8X28,user,2026-08-03T14:25:13.725908+00:00
a80ae71e-cca0-4e6e-8dad-a3c18b7390c5,token_approved,W8x24,class=W8X24,user,2026-08-03T14:25:13.861643+00:00
e5b7f02c-5060-4277-bf83-0ec3e8414160,token_approved,HSS8X8X1/2,class=HSS8X8X1/2,user,2026-08-03T14:25:13.993468+00:00
b05dda76-e8b0-42a0-939c-834977784ed7,token_approved,WT16.5x59,class=WT16.5X59,user,2026-08-03T14:25:14.127897+00:00
0ebf0f48-3f35-4557-aa5d-858d2a3dbf71,token_approved,W16x26,class=W16X26,user,2026-08-03T14:25:14.275325+00:00
7e9d6d5a-bb46-4fcd-9d43-8e145d56b68b,token_approved,W16x31,class=W16X31,user,2026-08-03T14:25:14.430615+00:00
ae4c1cb6-e776-4c3f-9a8d-6ad4a17100e2,token_approved,W27x84,class=W27X84,user,2026-08-03T14:25:14.576595+00:00
74106703-9db5-4020-9f9c-b539f851f2e3,token_approved,W18x35,class=W18X35,user,2026-08-03T14:25:14.715865+00:00
fc83964a-65f6-4d6d-9c4d-bfca299364c5,token_approved,W36x150,class=W36X150,user,2026-08-03T14:25:14.856240+00:00
86fbd36c-2a2f-440e-86df-59a70cc5fe95,token_approved,W16x45,class=W16X45,user,2026-08-03T14:25:14.990531+00:00
2f0ef404-57d9-4802-8f94-b70284c6b978,token_approved,L4X3-1/2X5/16,class=L4X3X5/8,user,2026-08-03T14:25:15.124530+00:00
20f2e6e4-68b8-415c-9c0b-854d1f71e965,token_approved,L5X3-1/2X5/16,class=L5X3X1/2,user,2026-08-03T14:25:15.274240+00:00
b6c8f6d5-1a18-4a69-97a5-7f153d8b9111,token_approved,HSS8X6X3/8,class=HSS10X6X3/8,user,2026-08-03T14:25:15.415235+00:00
1b1f0616-d5ad-4a8f-bd97-98b767c15bc4,token_approved,L4x4,class=L4X4X3/8,user,2026-08-03T14:25:15.567797+00:00
96a45a35-acfb-40bc-83e5-2ae4ee399387,token_approved,L4X4X3/8,class=L4X4X3/8,user,2026-08-03T14:25:15.712379+00:00
6a9d1466-a2c5-433c-ab41-b3d629f156c5,token_approved,L2x2x3/16,class=L2X2X3/8,user,2026-08-03T14:25:15.842825+00:00
387cedd2-9431-4e4c-a263-9461a51791be,token_approved,L3x3x3/16,class=2L3X3X3/8,user,2026-08-03T14:25:16.007593+00:00
bf918aba-03c1-4fd0-ae86-ed3a767d658c,token_approved,L1x1x1/4,class=L2X2X1/4,user,2026-08-03T14:25:16.265794+00:00
263eaaac-8747-4f5f-b9dc-c39488acba62,token_approved,2 L1x1x1/4,class=HSS2X1X1/8,user,2026-08-03T14:25:16.428636+00:00
aa49b0ef-15d2-40ee-931c-590770926930,token_approved,"L3x3x1/4x0'-3"",",class=L3X3X1/2,user,2026-08-03T14:25:16.577506+00:00
b54ad013-d951-49fd-addd-5cd1f2710429,token_approved,"L4x3x1/4x6""",class=L4X3X5/16,user,2026-08-03T14:25:16.727768+00:00
67861ba0-2920-483c-b142-4b53ff055309,token_approved,"L4x3x1/4x1'-0""",class=L4X3X5/16,user,2026-08-03T14:25:16.879790+00:00
35a500d7-7d1d-4e3b-a523-8db50602cd03,token_approved,C8X13.7,class=C8X13.75,user,2026-08-03T14:25:17.025853+00:00
589dca38-be55-40b1-b276-b29ef7a02be4,token_approved,"L4X4X5/16X0'-5""",class=L4X4X5/16,user,2026-08-03T14:25:17.164728+00:00
6c16cfbb-f6ff-4a48-97eb-9135df6c3ee1,token_approved,HSS16X0.5,class=HSS10X10X1/2,user,2026-08-03T14:25:17.309790+00:00
08ae138b-ed34-4f12-98e1-476d40c3b518,token_approved,L6X3,class=L6X4X3/8,user,2026-08-03T14:25:17.447035+00:00
d519a1ca-dd21-483b-b92a-a6b2073e6368,token_approved,HSS6X4X3/8,class=HSS6X4X3/8,user,2026-08-03T14:25:17.589556+00:00
8c630383-c90f-4874-adff-12567d744f4c,token_approved,"L7X4X3/8X0'-11""",class=L7X4X3/8,user,2026-08-03T14:25:17.736687+00:00
7b59b951-bddc-4c23-be3a-e80d0deff5d8,token_approved,"L5X3X3/8X0'-5""",class=L5X3X3/8,user,2026-08-03T14:25:17.875477+00:00
5a53c6dc-b191-428b-a751-95443bc2dee8,token_approved,"L4X4X3/8X0'-4""",class=L4X4X3/8,user,2026-08-03T14:25:18.013104+00:00
32c9f359-ee0c-45d4-899a-e877cd2396d0,token_approved,A325,class=W14X132,user,2026-08-03T14:25:18.146833+00:00
761479e2-0fed-45e6-9b40-e154d32c9a57,token_approved,"L4X3X3/8X0'-8""",class=L4X3X3/8,user,2026-08-03T14:25:18.297774+00:00
0f6df195-5b08-4739-963d-0274bba54d60,token_approved,L4X3X1/4,class=L4X3X5/16,user,2026-08-03T14:25:18.454714+00:00
7c2cf2e7-f663-45f9-8cbb-bd1f940345dd,unknown_queued,L3x3x1/4,Queued for review (uncategorized),system,2026-08-03T14:30:58.793761+00:00
e8f1fd10-46bf-40d8-8010-bd9b75e4b8f6,token_approved,L3x3x1/4,class=L3X3X1/4; Approved validation correction: Section L3X3X1/4 appears 5 times; verify whether duplicates are intentional members,validation_page,2026-08-03T14:30:58.943834+00:00
5078e2e1-7d94-4ae5-9565-887375480561,unknown_queued,L3x3x1/4,Queued for review (uncategorized),system,2026-08-03T14:31:11.889991+00:00
f8ee97b4-ea26-43af-b00f-7d58d43c7bd1,token_approved,L3x3x1/4,class=L3X3X1/4; Approved validation correction: Geometry evidence conflicts with the predicted section (10%),validation_page,2026-08-03T14:31:12.022508+00:00
f4e12df6-38e3-4901-91a2-f1e849e4f5ca,unknown_queued,A A325,Queued for review (structural_section),system,2026-08-04T14:59:51.111942+00:00
968537df-bf4e-40e1-89e9-f20a1d476cda,unknown_queued,L4X3-1/2X5/16,Queued for review (structural_section),system,2026-08-04T14:59:51.267888+00:00
4b406201-5ae4-4cee-9026-8075c67bd8dc,unknown_queued,L5X3-1/2X5/16,Queued for review (structural_section),system,2026-08-04T14:59:51.476406+00:00
3cff2df0-13be-4ae0-8d5e-f357a4a4ac40,unknown_queued,L6X4X3/8,Queued for review (structural_section),system,2026-08-04T14:59:51.586846+00:00
b3e8e01b-c012-4cb3-9da3-0f2cd4e05756,unknown_queued,L3x3x1/4,Queued for review (structural_section),system,2026-08-04T14:59:51.682154+00:00
cd721f94-22fd-4f58-b358-be05ce7716c2,unknown_queued,W12X16,Queued for review (structural_section),system,2026-08-04T14:59:51.796352+00:00
982b7e2a-e693-4d2f-881b-59496964013a,unknown_queued,W18X40,Queued for review (structural_section),system,2026-08-04T14:59:51.902833+00:00
b7d54fd0-c377-40a6-94ab-22c988ef18b8,unknown_queued,W21X50,Queued for review (structural_section),system,2026-08-04T14:59:51.999517+00:00
51bb5c30-9746-413c-8d59-f9a61f9993c9,unknown_queued,W18X50,Queued for review (structural_section),system,2026-08-04T14:59:52.147341+00:00
26b02e8e-303a-4a98-b9f5-952dd9dd8ab5,unknown_queued,W10X15,Queued for review (structural_section),system,2026-08-04T14:59:52.262892+00:00
31e72b8e-d257-4f42-b4f7-b04f2619e52a,unknown_queued,W21X55,Queued for review (structural_section),system,2026-08-04T14:59:52.391525+00:00
319f5edb-d216-4206-b268-9735e7962237,unknown_queued,W21X44,Queued for review (structural_section),system,2026-08-04T14:59:52.518454+00:00
c88bcb46-fdb4-4b42-8e92-cc11b63c9246,unknown_queued,W10X19,Queued for review (structural_section),system,2026-08-04T14:59:52.637876+00:00
d5abd016-bc9c-44be-9093-94ebd83784b9,unknown_queued,W14X22,Queued for review (structural_section),system,2026-08-04T14:59:52.985962+00:00
5e415ca9-d16d-487d-984e-347f417a6f9c,unknown_queued,W16X26,Queued for review (structural_section),system,2026-08-04T14:59:53.117920+00:00
8e416d8d-1a84-4563-aa6d-fe47768eefd1,unknown_queued,HSS10X8X3/8,Queued for review (structural_section),system,2026-08-04T14:59:53.601374+00:00
2ade0233-6040-41af-90fc-03520ad3ed72,unknown_queued,HSS10X6X3/8,Queued for review (structural_section),system,2026-08-04T14:59:53.746447+00:00
add29fc5-b21f-4bc4-9338-6de432d646ef,unknown_queued,W16X36,Queued for review (structural_section),system,2026-08-04T14:59:53.945745+00:00
e8987d8c-e8ad-4e15-a0c9-2aa5a904a1ce,unknown_queued,W12X26,Queued for review (structural_section),system,2026-08-04T14:59:54.450169+00:00
a5308ffb-4100-443a-ad41-4428e7465c65,unknown_queued,HSS12X6X3/8,Queued for review (structural_section),system,2026-08-04T14:59:55.331979+00:00
c82a3aee-57a5-4722-9342-ecd11be7423d,unknown_queued,W10X22,Queued for review (structural_section),system,2026-08-04T14:59:56.830811+00:00
b78ad821-8ca2-40f9-a0c6-b59e03dca321,unknown_queued,W12X16.,Queued for review (structural_section),system,2026-08-04T14:59:57.035021+00:00
876c4934-b08d-43a9-92d2-7d01bdcc003a,unknown_queued,W12X22,Queued for review (structural_section),system,2026-08-04T14:59:58.182322+00:00
36ce4bf0-a21e-44fd-9f0b-bd4513e05e15,unknown_queued,W10X30,Queued for review (structural_section),system,2026-08-04T14:59:58.365115+00:00
c1a9a7b9-eb40-4b45-8045-eba408ea5c7e,unknown_queued,HSS14X6X1/2,Queued for review (structural_section),system,2026-08-04T14:59:58.750455+00:00
15255f55-5530-4662-9804-1ad9eec450fb,unknown_queued,W12X40,Queued for review (structural_section),system,2026-08-04T14:59:58.847967+00:00
c965c062-2daf-44ef-a049-6d305bf2940c,unknown_queued,W14X26,Queued for review (structural_section),system,2026-08-04T14:59:59.096855+00:00
694d5343-58aa-4331-99ef-7ababa0b47b5,unknown_queued,W24X84,Queued for review (structural_section),system,2026-08-04T14:59:59.366090+00:00
b9c9bbbb-2801-43fd-bf2a-6bfb90ca4216,unknown_queued,W8x31,Queued for review (structural_section),system,2026-08-04T15:00:00.448665+00:00
c6e9f10b-14ce-4b77-9304-924351d151a7,unknown_queued,HSS14X6X5/8,Queued for review (structural_section),system,2026-08-04T15:00:02.286689+00:00
61279d03-d722-461b-b56b-acd04735150e,unknown_queued,L4X4X3/8,Queued for review (structural_section),system,2026-08-04T15:00:02.406566+00:00
41d4f3be-49b3-478c-a33f-3c833abc2158,unknown_queued,L2x2x3/16,Queued for review (structural_section),system,2026-08-04T15:00:02.628438+00:00
217e8297-bd10-40db-b3bd-a41f2fd65dea,unknown_queued,L3x3x3/16,Queued for review (structural_section),system,2026-08-04T15:00:02.737490+00:00
ca8c94c1-0a01-46a1-bb23-5249f230b238,unknown_queued,C6 X 8.2,Queued for review (structural_section),system,2026-08-04T15:00:03.011528+00:00
809efa68-b959-42ef-aacd-94f5bd1d18aa,unknown_queued,C6 X 10.5,Queued for review (structural_section),system,2026-08-04T15:00:03.137419+00:00
cbf59459-0a38-4026-8035-c48d8bd6446b,unknown_queued,L2X2X1/4,Queued for review (structural_section),system,2026-08-04T15:00:03.256774+00:00
f3683cad-3527-4332-8d23-5da1695d97c2,unknown_queued,L4X3X3/8,Queued for review (structural_section),system,2026-08-04T15:00:03.372623+00:00
6a8def1c-8491-4341-b999-d2b46b0d073a,unknown_queued,L3x3x3/8,Queued for review (structural_section),system,2026-08-04T15:00:03.481548+00:00
0596d365-f5e5-401b-8359-0fe395cd3d22,unknown_queued,L5x3-1/2x3/8,Queued for review (structural_section),system,2026-08-04T15:00:03.584256+00:00
96797379-ea02-49e5-8267-eab2706c9689,unknown_queued,"L3X3X3/8X0'-6""",Queued for review (structural_section),system,2026-08-04T15:00:03.718122+00:00
eef2616b-b5a6-48bf-8c10-e17c6e550d1a,unknown_queued,W10X33,Queued for review (structural_section),system,2026-08-04T15:00:03.821452+00:00
dfb0a390-eedd-491e-a42e-f3156d48b983,unknown_queued,W10X112,Queued for review (structural_section),system,2026-08-04T15:00:03.934274+00:00
9a31a4e2-c464-42a4-95e2-f9435b0bd8c1,unknown_queued,W12X106,Queued for review (structural_section),system,2026-08-04T15:00:04.070192+00:00
d4c2c230-c4d7-4995-bec7-bfd6a7628ff2,unknown_queued,W12X230,Queued for review (structural_section),system,2026-08-04T15:00:04.170911+00:00
ee0b9cd2-baad-480e-89e9-01d3cc337bda,unknown_queued,W12X252,Queued for review (structural_section),system,2026-08-04T15:00:04.278295+00:00
90c09a8b-f73f-4642-b9cd-33bd82079cc0,unknown_queued,W12X336,Queued for review (structural_section),system,2026-08-04T15:00:04.380181+00:00
87c991b7-db28-4643-946e-4fae5a2ede9c,unknown_queued,W14X43,Queued for review (structural_section),system,2026-08-04T15:00:04.482751+00:00
9d4ea9e7-b752-41f3-8c2d-9e2e43a3adb6,unknown_queued,W14X61,Queued for review (structural_section),system,2026-08-04T15:00:04.603331+00:00
7b12929d-68f6-4696-82ab-074240eed01b,unknown_queued,W14X68,Queued for review (structural_section),system,2026-08-04T15:00:04.704453+00:00
aa2977b2-06b9-4043-a566-58790e68eab1,unknown_queued,W14X82,Queued for review (structural_section),system,2026-08-04T15:00:04.812159+00:00
d3819ca4-0da0-451b-a94d-02ee6fe9684e,unknown_queued,W14X132,Queued for review (structural_section),system,2026-08-04T15:00:04.916946+00:00
22476731-9724-4f2d-9b71-4cdd37d3ce4c,unknown_queued,W14X198,Queued for review (structural_section),system,2026-08-04T15:00:05.028829+00:00
d44a57ac-4c60-418b-8a59-cecb1a5b5c1c,unknown_queued,L4X4X1/4,Queued for review (structural_section),system,2026-08-04T15:00:05.137065+00:00
11cc73c9-dc6d-4401-9258-1e19c7c6a4d6,unknown_queued,"L3x3x1/4x0'-3"",",Queued for review (structural_section),system,2026-08-04T15:00:05.265424+00:00
abe5d123-a3cf-4423-8d6d-83cde18a321d,unknown_queued,L1x1x1/4,Queued for review (structural_section),system,2026-08-04T15:00:05.368141+00:00
58b40afa-bc38-45c1-b332-78cbd0a04d8a,unknown_queued,2 L1x1x1/4,Queued for review (structural_section),system,2026-08-04T15:00:05.460388+00:00
fcdcd0cd-e256-4813-a9e8-80a662b36a63,unknown_queued,"L3X3X5/16,",Queued for review (structural_section),system,2026-08-04T15:00:05.548579+00:00
a7a0ea35-15cb-43e7-9ce4-a26b2eed69e6,unknown_queued,"L4X4X3/8X0'-8""",Queued for review (structural_section),system,2026-08-04T15:00:05.652838+00:00
455c1782-ea54-402f-9cb9-9f93bd1e02a8,unknown_queued,2L3x3x1/4,Queued for review (structural_section),system,2026-08-04T15:00:05.763713+00:00
15ecbf7a-2f17-40fe-8cea-c25e883a7e44,unknown_queued,"L4x3x1/4x6""",Queued for review (structural_section),system,2026-08-04T15:00:05.864433+00:00
b1cb64b3-020e-43e7-9efb-a22f0fc47c27,unknown_queued,"L4x3x1/4x2'-0""",Queued for review (structural_section),system,2026-08-04T15:00:06.054451+00:00
ee525554-d470-41ae-8d44-50d7cc7701d5,unknown_queued,"L4x3x1/4x1'-0""",Queued for review (structural_section),system,2026-08-04T15:00:06.167199+00:00
42e8d8e2-b3b0-4559-b43e-6c552435a284,unknown_queued,"L4x4x3/8x0'-6""",Queued for review (structural_section),system,2026-08-04T15:00:06.369008+00:00
15e45a33-64bb-4f10-8966-eadcd700ae6c,unknown_queued,L6x3-1/2x3/8,Queued for review (structural_section),system,2026-08-04T15:00:06.471054+00:00
f6af21de-fe11-40ee-bc4a-852cb9f4efea,unknown_queued,"L4X3X3/8X0'-6""",Queued for review (structural_section),system,2026-08-04T15:00:06.627878+00:00
40bd91dc-a238-4e47-b305-3efa8ce3e270,unknown_queued,A325,Queued for review (structural_section),system,2026-08-04T15:00:06.731826+00:00
dd6879e7-e30c-4467-9c9c-56351347b773,unknown_queued,HSS5x3x3/16,Queued for review (structural_section),system,2026-08-04T15:00:06.836415+00:00
8952e575-b7ae-4bf5-b06c-f549d68b37a3,unknown_queued,L7X4X3/8,Queued for review (structural_section),system,2026-08-04T15:00:07.011593+00:00
beabedf0-6a1b-48bb-b03c-62bb4e78b8b4,unknown_queued,"L3X3X3/8X0'-10""",Queued for review (structural_section),system,2026-08-04T15:00:07.206653+00:00
e323cd45-b5ba-43db-98fd-d4afce20fd5a,unknown_queued,HSS6X6X3/8,Queued for review (structural_section),system,2026-08-04T15:00:07.400964+00:00
cd21bd48-2cd4-491a-82f4-de210c9e571b,unknown_queued,HSS8X6X3/8,Queued for review (structural_section),system,2026-08-04T15:00:07.539955+00:00
90cf594b-fcf1-48ed-a59a-772428716550,unknown_queued,HSS6X6X1/2,Queued for review (structural_section),system,2026-08-04T15:00:08.227754+00:00
6b9307b6-2dca-4aff-81f8-301c8305d986,unknown_queued,W10X54,Queued for review (structural_section),system,2026-08-04T15:00:09.260661+00:00
fca0d274-1a6e-42bd-b990-29649452748c,unknown_queued,HSS10X0.500,Queued for review (structural_section),system,2026-08-04T15:00:09.411765+00:00
e525f5c5-823c-4d03-8ccc-7d221128b83e,unknown_queued,W10X49,Queued for review (structural_section),system,2026-08-04T15:00:09.534709+00:00
a265d705-bd5c-4227-9e99-4a94225aaa21,unknown_queued,HSS10X0.625,Queued for review (structural_section),system,2026-08-04T15:00:09.761129+00:00
27ba26a1-fe33-479d-9adb-a2d7f352635d,unknown_queued,W8X40,Queued for review (structural_section),system,2026-08-04T15:00:10.255412+00:00
e934e55d-f7e5-4331-8a90-c555e006ea88,unknown_queued,HSS6X4X3/8,Queued for review (structural_section),system,2026-08-05T11:39:24.964009+00:00
ec63a82d-1187-4ec5-9a4c-3a3be6f790e2,unknown_queued,W18X86,Queued for review (structural_section),system,2026-08-05T11:39:25.097416+00:00
a7d0e850-649b-43af-8447-795a0731ab26,unknown_queued,W18X71,Queued for review (structural_section),system,2026-08-05T11:39:25.229802+00:00
70ed8eb7-ef34-4516-871c-c8a3b92b47e6,unknown_queued,W18X46,Queued for review (structural_section),system,2026-08-05T11:39:25.462297+00:00
063e8fd3-d10e-426b-a499-97c35d7273cb,unknown_queued,W18X65,Queued for review (structural_section),system,2026-08-05T11:39:25.700171+00:00
b16d6a37-2f64-42f8-a6b0-045040c7c3ff,unknown_queued,W18X55,Queued for review (structural_section),system,2026-08-05T11:39:25.807023+00:00
c0c7445f-99e7-470f-956a-2f23d4973dbb,unknown_queued,W16X50,Queued for review (structural_section),system,2026-08-05T11:39:26.538727+00:00
dba32413-ebac-446f-80f9-527d419cdf97,unknown_queued,W16X40,Queued for review (structural_section),system,2026-08-05T11:39:26.748890+00:00
c351d92c-ac06-4d99-87fc-15518e66a351,unknown_queued,W18X76,Queued for review (structural_section),system,2026-08-05T11:39:27.205580+00:00
cd4068c1-0bbf-41a5-97a7-58fcfe57dd57,unknown_queued,W8X24,Queued for review (structural_section),system,2026-08-05T11:39:27.732377+00:00
b8139906-95ad-4d53-8e81-e57831d928f6,unknown_queued,W24X62,Queued for review (structural_section),system,2026-08-05T11:39:27.954158+00:00
04656c97-3f70-4539-bbd4-60b285a63ae5,unknown_queued,W21X68,Queued for review (structural_section),system,2026-08-05T11:39:28.189501+00:00
c1b5e347-4303-4628-ab0b-1497385d8a31,unknown_queued,HSS16X8X3/8,Queued for review (structural_section),system,2026-08-05T11:39:28.926284+00:00
85a3eb9d-09d7-478c-a53e-1639d4a4ae3c,unknown_queued,C8X11.5,Queued for review (structural_section),system,2026-08-05T11:39:29.314732+00:00
518cb598-9a9b-438c-ae57-88faf386fd82,unknown_queued,L5X5X1/2,Queued for review (structural_section),system,2026-08-05T11:39:29.985411+00:00
415c1696-5b21-4f1e-beef-d17ca1055bad,unknown_queued,L4x4,Queued for review (structural_section),system,2026-08-05T11:39:30.699417+00:00
4a1ea093-d34c-4368-a19d-f1b913285397,unknown_queued,W21X73,Queued for review (structural_section),system,2026-08-05T11:39:31.130656+00:00
53a7ba72-f691-47b4-a36e-86aa9ba84543,unknown_queued,HSS20X12X1/2,Queued for review (structural_section),system,2026-08-05T11:39:31.228401+00:00
6375ac2c-88e7-4238-ad40-46075c866a29,unknown_queued,L4X3X1/4,Queued for review (structural_section),system,2026-08-05T11:39:32.566145+00:00
b88b6d13-f630-4782-bd9b-0a826f882007,unknown_queued,L4X3,Queued for review (structural_section),system,2026-08-05T11:39:32.693057+00:00
e5987eb3-8137-4a8b-9062-e12e14383fdf,unknown_queued,HSS4X3X5/16,Queued for review (structural_section),system,2026-08-05T11:39:33.080613+00:00
fc6a7d2f-0181-48e3-91f4-7db430615aff,unknown_queued,HSS4X4X5/16,Queued for review (structural_section),system,2026-08-05T11:39:33.194369+00:00
b0496b81-0601-4750-99a4-bf81fcb4ac35,unknown_queued,C8X13.7,Queued for review (structural_section),system,2026-08-05T11:39:33.462165+00:00
075730dc-1efd-4952-9200-8057a1e0e9c5,unknown_queued,"L4X4X5/16X0'-5""",Queued for review (structural_section),system,2026-08-05T11:39:33.617374+00:00
a23047dc-0377-4e6d-aa27-c034e361a7e1,unknown_queued,HSS16X0.5,Queued for review (structural_section),system,2026-08-05T11:39:33.776032+00:00
a2398c3e-7b58-4a3a-b9ea-83bf911de553,unknown_queued,HSS6x2x5/16,Queued for review (structural_section),system,2026-08-05T11:39:33.914624+00:00
8e6355b4-f659-43b9-8c17-9f2c5dc57e37,unknown_queued,L8X6X1/2X1',Queued for review (structural_section),system,2026-08-05T11:39:34.034359+00:00
d630729f-ecf1-41bb-ab9c-08dbc49d0fea,unknown_queued,L8X8X1/2X1',Queued for review (structural_section),system,2026-08-05T11:39:34.146420+00:00
b08891ad-6927-40ec-ab04-dbeb28d90524,unknown_queued,WT6X15,Queued for review (structural_section),system,2026-08-05T11:39:34.256003+00:00
1a70a37f-f735-4ac0-b3ef-b35759911cd4,unknown_queued,L6X3,Queued for review (structural_section),system,2026-08-05T11:39:34.382207+00:00
2116fc0f-3151-40f1-bb40-22d4ffd13df9,unknown_queued,"L7X4X3/8X0'-11""",Queued for review (structural_section),system,2026-08-05T11:39:34.567444+00:00
90860dbe-0a59-483b-8db1-2a3cfcfb6085,unknown_queued,"L5X3X3/8X0'-5""",Queued for review (structural_section),system,2026-08-05T11:39:34.686774+00:00
9a3b0315-df12-4491-bb09-532e8fcabeb4,unknown_queued,"L4X4X3/8X0'-4""",Queued for review (structural_section),system,2026-08-05T11:39:34.897498+00:00
7dfa52a5-dd64-4b86-b8c0-3698ca26f0f5,unknown_queued,"L3X3X3/8,",Queued for review (structural_section),system,2026-08-05T11:39:35.034769+00:00
3fed5b1c-0c14-48b0-a9a5-2b5c44b41fac,unknown_queued,"L4X3X3/8X0'-8""",Queued for review (structural_section),system,2026-08-05T11:39:35.150244+00:00
21df4314-9c19-4c70-b172-2ba210ca3b46,unknown_queued,HSS4X4X3/8,Queued for review (structural_section),system,2026-08-05T11:39:35.363656+00:00
8a7d701d-fe8f-41d8-9240-1dfeae199104,unknown_queued,HSS6X6X5/8,Queued for review (structural_section),system,2026-08-05T11:39:35.594352+00:00
4a7123ed-7830-4a21-9cb7-3afc1720a180,unknown_queued,HSS8X8X3/8,Queued for review (structural_section),system,2026-08-05T11:39:35.830122+00:00
c61c1a19-5efb-4794-8852-911d6bc09acc,unknown_queued,HSS18X0.375,Queued for review (structural_section),system,2026-08-05T11:39:36.408250+00:00
11ef06bc-1a4a-4942-841f-dbadccd287c2,unknown_queued,HSS12.750X0.375,Queued for review (structural_section),system,2026-08-05T11:39:36.523340+00:00
8fee48d8-84d1-44da-abb4-ac816ffe2e53,token_approved,HSS12.750X0.375,class=HSS12.750X0.375,user,2026-08-05T11:41:55.004241+00:00
dd152f65-2753-4cc1-a5a3-c19df66309a5,token_approved,HSS8X8X3/8,class=HSS8X6X3/8,user,2026-08-05T11:41:55.162277+00:00
67af6f19-abda-4e3d-8c1f-a352554294b3,token_approved,HSS18X0.375,class=HSS18.000X0.375,user,2026-08-05T11:41:55.267226+00:00
c8ade936-c96e-4a4a-a8df-6201d3d38fef,token_approved,HSS6X6X5/8,class=HSS6X6X3/8,user,2026-08-05T11:41:55.367669+00:00
5464047b-ae2f-4d3a-a4bd-e5e989db30a9,token_approved,HSS4X4X3/8,class=HSS4X4X3/8,user,2026-08-05T11:41:55.468487+00:00
447c31eb-ce28-4350-9d28-a4f55da3197c,unknown_queued,C15X33.9,Queued for review (structural_section),system,2026-08-05T11:48:50.718039+00:00
84120552-f65f-4e58-8a44-79f6110e174f,unknown_queued,HSS 8x4x1/4,Queued for review (structural_section),system,2026-08-05T11:48:50.924638+00:00
ebe6946f-14ea-41e9-a95f-0d6724e768fa,unknown_queued,HSS8X4X3/8,Queued for review (structural_section),system,2026-08-05T11:48:51.101873+00:00
76329fec-c471-4c1f-8f08-41620244b85b,unknown_queued,HSS4X4X3/8,Queued for review (structural_section),system,2026-08-05T11:48:51.542494+00:00
ce4aee82-de02-42b3-a1a2-a0d6c96edf81,unknown_queued,W8X13,Queued for review (structural_section),system,2026-08-05T11:48:51.739342+00:00
87575b52-dca8-46b9-af5f-fd6a594646e0,unknown_queued,HSS5x5x3/8,Queued for review (structural_section),system,2026-08-05T11:48:52.176326+00:00
0224302f-c829-42db-8b7d-9bc007b8efb8,unknown_queued,"HSS5x5x3/8,",Queued for review (structural_section),system,2026-08-05T11:48:52.306426+00:00
452bce04-526c-4567-ba7b-d9d4ac150f92,unknown_queued,HSS,Queued for review (structural_section),system,2026-08-05T11:48:52.803400+00:00
aa080324-d2d4-4bd9-86da-66fec0cb276b,unknown_queued,HSS6X6X3/8 HSS6X6X3/8,Queued for review (structural_section),system,2026-08-05T11:48:53.240743+00:00
8626dac6-bf05-4a9b-92a1-99c333bd7fa1,unknown_queued,HSS8X8X5/8,Queued for review (structural_section),system,2026-08-05T11:48:53.677813+00:00
f22e3a01-da5f-48ba-8d33-46d6e05abd08,unknown_queued,HSS6X6X1/4,Queued for review (structural_section),system,2026-08-05T11:48:53.940380+00:00
526186fe-6d8e-4ce7-a610-28dda8a66da2,unknown_queued,W8X15,Queued for review (structural_section),system,2026-08-05T11:48:54.030888+00:00
a4b82776-cd84-43f7-bd40-340c95328c05,unknown_queued,HSS18X6X5/16,Queued for review (structural_section),system,2026-08-05T11:48:55.846146+00:00
93d3aff7-f47e-4c4d-aa47-1f107c0cd318,unknown_queued,HSS8X6X1/2,Queued for review (structural_section),system,2026-08-05T11:48:56.007400+00:00
d6c7a351-fe2b-4bf5-a454-58532a1a8c3e,unknown_queued,W10X26,Queued for review (structural_section),system,2026-08-05T11:48:56.112362+00:00
a0de7461-3f56-4688-af6d-bac824873f1d,unknown_queued,HSS8X8X3/8,Queued for review (structural_section),system,2026-08-05T11:48:56.860379+00:00
cd00c6cc-831e-4fb3-aa7d-cfc5f2bd554f,unknown_queued,HSS8X3X1/4,Queued for review (structural_section),system,2026-08-05T11:48:57.436527+00:00
48128c65-7402-454c-9cab-382b22c4cdf1,unknown_queued,L3 x 3,Queued for review (structural_section),system,2026-08-05T11:48:58.252761+00:00
a699c009-128a-44ed-8059-400e0b20b4a2,unknown_queued,L3 x 3 x 1/4 x,Queued for review (structural_section),system,2026-08-05T11:48:58.543865+00:00
20fbf36c-3aac-44e7-a2a2-a74836631c36,unknown_queued,L3 x 3 x x,Queued for review (structural_section),system,2026-08-05T11:48:58.663626+00:00
a91d0560-cc73-441a-8b47-1b67a4f9964b,unknown_queued,L3x3x5/16,Queued for review (structural_section),system,2026-08-05T11:48:58.794563+00:00
14cf007c-6035-4d22-9524-d2181e7c8cd4,unknown_queued,WT4x15.5,Queued for review (structural_section),system,2026-08-05T11:48:58.959756+00:00
d2c2d6da-548d-4767-8b95-3e991e6f69f4,unknown_queued,W8 x 15,Queued for review (structural_section),system,2026-08-05T11:48:59.124193+00:00
3da76d27-a313-440a-adf6-771707adab20,unknown_queued,L4 x 4 x,Queued for review (structural_section),system,2026-08-05T11:48:59.626932+00:00
616cb44f-3978-4865-a4ac-b7ea77e91079,unknown_queued,L2 x 2 x,Queued for review (structural_section),system,2026-08-05T11:48:59.748519+00:00
2f0e1813-5d27-437a-9bc7-d94061fc8959,unknown_queued,HSS 3 x 3 x 1/4,Queued for review (structural_section),system,2026-08-05T11:49:00.114876+00:00
5328129a-ed58-408c-88ee-ab9a5c790ff9,unknown_queued,L4 x 4,Queued for review (structural_section),system,2026-08-05T11:49:00.235897+00:00
f6717bbb-01c9-4539-b248-80dc2a53078f,unknown_queued,L4 x 4 x x,Queued for review (structural_section),system,2026-08-05T11:49:00.371126+00:00
39ab43cd-6940-4fe6-999d-209d163bdc59,unknown_queued,L5x5x5/16,Queued for review (structural_section),system,2026-08-05T11:49:00.524291+00:00
3b80cbb2-43bb-4b3e-8d0b-eb371c19d7d9,unknown_queued,L5x5,Queued for review (structural_section),system,2026-08-05T11:49:00.822133+00:00
3a19613e-b62c-4915-aaaa-5f0711b97cf9,unknown_queued,3 x 3,Queued for review (structural_section),system,2026-08-05T11:49:00.989402+00:00
aeba84a0-fc21-4778-90b0-938af0eeb2e0,unknown_queued,L 4 x 4 x,Queued for review (structural_section),system,2026-08-05T11:49:01.149527+00:00
e0832087-e646-49e2-b765-7758298dc5d3,unknown_queued,L 3 x 3,Queued for review (structural_section),system,2026-08-05T11:49:01.287651+00:00
ee731e76-1173-4865-8fca-6ab8bca3640c,unknown_queued,L 3 x 3 x 1/4,Queued for review (structural_section),system,2026-08-05T11:49:01.441849+00:00
b237aef2-4518-4bae-868f-f45e8430e962,unknown_queued,L 3 x 3 x,Queued for review (structural_section),system,2026-08-05T11:49:01.738149+00:00
28335f65-ed66-4849-82fa-d51d1a1dfea5,unknown_queued,L 5 x 3 x,Queued for review (structural_section),system,2026-08-05T11:49:01.895266+00:00
4cfac339-e847-44df-85a1-54c70f04fa53,unknown_queued,L 5 x 3 x 5/16,Queued for review (structural_section),system,2026-08-05T11:49:02.015583+00:00
53b46351-15ca-4a39-a401-e1d600ea3f32,unknown_queued,L 5 x 3,Queued for review (structural_section),system,2026-08-05T11:49:02.139083+00:00
94089333-3005-4a06-8eb8-150447824ba8,unknown_queued,L 4 x 3 x 1/4,Queued for review (structural_section),system,2026-08-05T11:49:02.399996+00:00
c1e0c802-6364-4089-a849-98147e244b5d,unknown_queued,L4x3x1/4 x,Queued for review (structural_section),system,2026-08-05T11:49:02.635363+00:00
0f2f45dc-bc2d-43cc-8339-009f60eb0939,unknown_queued,L7 x 4 x,Queued for review (structural_section),system,2026-08-05T11:49:02.776663+00:00
5d393b36-f9d2-4910-8e19-494c42ea4667,unknown_queued,L7 x 4 x 3/8 x,Queued for review (structural_section),system,2026-08-05T11:49:02.884728+00:00
4b2e3bdf-641e-4ea7-899e-55db7a65a454,unknown_queued,L7 x 4 x x,Queued for review (structural_section),system,2026-08-05T11:49:03.008994+00:00
db88cfb5-95ac-4ee2-82a3-0f18df4d3fa5,unknown_queued,L3 x 3 x,Queued for review (structural_section),system,2026-08-05T11:49:03.171863+00:00
94a9aeb0-e40d-422e-b6d3-51bff53af8a0,unknown_queued,C4X5.4,Queued for review (structural_section),system,2026-08-05T11:49:03.320938+00:00
09c8c286-acd7-4752-a1f6-2c44d2e8919b,unknown_queued,HSS 6x6x3/8,Queued for review (structural_section),system,2026-08-05T11:49:03.544012+00:00
6c2d74b3-bd71-4dae-a180-8e9328354153,unknown_queued,W14X233,Queued for review (structural_section),system,2026-08-05T11:49:04.506656+00:00
67571a48-93ce-4d95-8523-f5db8d1f4f12,unknown_queued,L18x12x3/8,Queued for review (structural_section),system,2026-08-05T11:49:04.818865+00:00
7eb91f0b-e76c-4e67-bf95-548e7f5571a9,unknown_queued,L5x5x3/8,Queued for review (structural_section),system,2026-08-05T11:49:04.957839+00:00
1f596933-790b-40d2-bb44-3afec544762d,unknown_queued,HSS5x5,Queued for review (structural_section),system,2026-08-05T11:49:05.076174+00:00
155d4095-aebe-45b3-896b-6bf78c37d47a,unknown_queued,L6x6x3/8,Queued for review (structural_section),system,2026-08-05T11:49:05.273114+00:00
bddfbc1b-760c-4dcf-9931-21c0881648ef,unknown_queued,HSS6X6X5/8,Queued for review (structural_section),system,2026-08-05T13:38:02.514066+00:00
e046523a-6a54-4b85-afdf-3f9b5b9be290,unknown_queued,HSS18X0.375,Queued for review (structural_section),system,2026-08-05T13:38:03.424014+00:00
cf4e80ed-d8df-405f-acc5-1d4974b066bf,unknown_queued,HSS12.750X0.375,Queued for review (structural_section),system,2026-08-05T13:38:03.557833+00:00
8f55aacc-1d31-42dc-9d1c-f0d5f6359c95,token_approved,HSS12.750X0.375,class=HSS12.750X0.375,user,2026-08-05T13:41:55.242191+00:00
f4196cc7-6ff3-4fab-a913-6cebadda7311,token_approved,HSS18X0.375,class=HSS18.000X0.375,user,2026-08-05T13:41:55.512603+00:00
bc6bc508-9ec9-4679-afab-3ad8ce4fb7d6,token_approved,HSS6X6X5/8,class=HSS6X6X3/8,user,2026-08-05T13:41:55.667725+00:00
8515d6dc-f3e5-4a12-844e-0ffcabbd9bd8,token_approved,L6x6x3/8,class=2L6X6X3/8X3/4,user,2026-08-05T13:41:55.794025+00:00
5c1d4043-a889-4c9c-b342-7ef58d88724d,token_approved,HSS5x5,class=HSS6X4X3/8,user,2026-08-05T13:41:55.911927+00:00
2e979404-1bd6-485b-b045-a002ccf2eb54,token_approved,L5x5x3/8,class=L5X3X3/8,user,2026-08-05T13:41:56.031389+00:00
99fe2bd6-dfb1-4a6e-978c-12e419e82abc,token_approved,L18x12x3/8,class=L2X2X3/8,user,2026-08-05T13:41:56.143703+00:00
fc46668f-68a8-413d-845a-19ffce620edc,token_approved,W14X233,class=W14X233,user,2026-08-05T13:41:56.253948+00:00
77050b80-52b4-4ecb-b56c-bac4a24b3ca4,token_approved,HSS 6x6x3/8,class=HSS10X6X3/8,user,2026-08-05T13:41:56.362049+00:00
144cea6f-2294-493f-8897-6de1a92e0a28,token_approved,C4X5.4,class=C8X13.75,user,2026-08-05T13:41:56.464309+00:00
8da15eb9-e24f-43af-ad99-b901ceafd23d,token_approved,L3 x 3 x,class=2L3X3X3/16,user,2026-08-05T13:41:56.562688+00:00
4eb7e54c-17c4-453c-89cc-b6956a7f2270,token_approved,L7 x 4 x x,class=L7X4X3/8,user,2026-08-05T13:41:56.669050+00:00
3ee85b4a-93c7-4873-a466-b0cae401257f,token_approved,L 3 x 3 x,class=L4X3X3/8,user,2026-08-05T13:41:56.765987+00:00
436098f0-ea3c-49d4-8a55-c6f2d63d27d6,token_approved,L4x3x1/4 x,class=L4X3X1/4,user,2026-08-05T13:41:56.862292+00:00
49517701-81c0-43da-a0ce-51672dd56306,token_approved,L 4 x 3 x 1/4,class=L4X3X1/4,user,2026-08-05T13:41:56.961512+00:00
a5bdb338-d16e-41a4-946e-1e3532aa12ce,token_approved,L7 x 4 x 3/8 x,class=L4X4X3/8,user,2026-08-05T13:41:57.060548+00:00
934fc3e7-f07a-4cbb-9aaf-b75d4c3aad5e,token_approved,L7 x 4 x,class=L7X4X1/2,user,2026-08-05T13:41:57.162891+00:00
aecedf48-bd6f-4ff3-9fcb-2cd06e59774d,token_approved,L 5 x 3,class=L5X3X1/4,user,2026-08-05T13:41:57.259698+00:00
6a1c3c8a-9bd4-4597-82b5-00f306037879,token_approved,L 5 x 3 x 5/16,class=HSS5X3X5/16,user,2026-08-05T13:41:57.358648+00:00
70c587b2-ef9b-4dff-8f07-40feb863a68f,token_approved,L 5 x 3 x,class=L5X3X1/2,user,2026-08-05T13:41:57.459278+00:00
a89d27c2-54a6-48dd-8e75-e3bd214e9a28,token_approved,L 3 x 3 x 1/4,class=L3X3X1/2,user,2026-08-05T13:41:57.560518+00:00
086e0dce-37e3-43c2-9fb8-8c89e16644bc,token_approved,L 3 x 3,class=2L3X3X5/16,user,2026-08-05T13:41:57.664078+00:00
2e1bd3b4-c8f4-4337-9a01-c3f650dd2f60,token_approved,L 4 x 4 x,class=L4X4X3/8,user,2026-08-05T13:41:57.765069+00:00
bb2c437a-9787-4c23-addf-93f442269e2b,token_approved,3 x 3,class=HSS3X3X3/8,user,2026-08-05T13:41:57.868276+00:00
a1e7d6a4-b8a7-42cb-afd9-bc0cf9d6de58,token_approved,L5x5,class=L5X5X5/8,user,2026-08-05T13:41:57.969209+00:00
516f841b-50c4-4cc5-972d-9851214a4420,token_approved,L5x5x5/16,class=L4X3X5/16,user,2026-08-05T13:42:07.999559+00:00
0e0e4607-6354-403b-9761-8a5b7c9faeae,token_approved,L4 x 4 x x,class=L4X4X1/4,user,2026-08-05T13:42:08.318073+00:00
6ebc74e9-656d-4b4e-9a24-865c462d5152,token_approved,L4 x 4,class=L4X4X3/8,user,2026-08-05T13:42:08.504967+00:00
05138d91-ea82-49aa-a32d-f4d8682c4bff,token_approved,HSS 3 x 3 x 1/4,class=HSS3X3X1/4,user,2026-08-05T13:42:08.620513+00:00
fe08229b-0b7b-479f-a161-f5ee3a5b6562,token_approved,L2 x 2 x,class=2L2X2X3/16,user,2026-08-05T13:42:08.724699+00:00
bd4b0ca4-4527-41b4-b151-fb8e30b11788,token_approved,L4 x 4 x,class=L4X4X3/8,user,2026-08-05T13:42:08.831668+00:00
a85832e8-83e1-4534-8875-1ffe9d82d137,token_approved,W8 x 15,class=W8X15,user,2026-08-05T13:42:08.936471+00:00
6c487531-0dc2-447f-b6ab-a73b574478a7,token_approved,WT4x15.5,class=WT4X15.5,user,2026-08-05T13:42:09.069920+00:00
457e085b-2fab-44f4-b00d-45864efc5114,token_approved,L3x3x5/16,class=L4X3X5/16,user,2026-08-05T13:42:09.185981+00:00
eaab01a9-3645-4c45-a393-52e703632184,token_approved,L3 x 3 x x,class=2L3X3X1/4,user,2026-08-05T13:42:09.289954+00:00
9a092cdd-af87-47ae-9b9c-696e7fdf69f9,token_approved,L3 x 3 x 1/4 x,class=L3X3X1/2,user,2026-08-05T13:42:09.396816+00:00
c9f583f5-cf25-495a-8d98-562beaf30659,token_approved,L3 x 3,class=2L3X3X5/16,user,2026-08-05T13:42:09.505798+00:00
616275c4-f270-4ff6-a3ee-d7678ca2a6f2,token_approved,HSS8X3X1/4,class=HSS8X3X1/4,user,2026-08-05T13:42:09.618953+00:00
dd2c15af-4151-4e6b-bc7f-8d3d91005640,token_approved,HSS8X8X3/8,class=HSS8X6X3/8,user,2026-08-05T13:42:09.725203+00:00
d6174851-cf93-484a-bfd3-02bec0e2ec0b,token_approved,W10X26,class=W12X26,user,2026-08-05T13:42:09.831507+00:00
a808182f-96e1-4a55-91b1-9051a5a063d4,token_approved,HSS8X6X1/2,class=HSS8X6X1/2,user,2026-08-05T13:42:09.934889+00:00
e4e5e594-071a-47db-b7d4-7db342096346,token_approved,HSS18X6X5/16,class=HSS18X6X5/16,user,2026-08-05T13:42:10.037724+00:00
ef9777d7-f19c-4e0e-ae36-77a44e7b7583,token_approved,W8X15,class=W8X15,user,2026-08-05T13:42:10.145015+00:00
0115bc79-85e6-4ab5-95cc-319ed054bb01,token_approved,HSS6X6X1/4,class=HSS6X6X1/4,user,2026-08-05T13:42:10.257381+00:00
b6639e2e-4b26-4bb1-823a-a4baef574bf2,token_approved,HSS8X8X5/8,class=HSS8X8X3/8,user,2026-08-05T13:42:10.363225+00:00
bf279a19-0c1c-446c-925e-cd7ea9dccefc,token_approved,HSS6X6X3/8 HSS6X6X3/8,class=HSS10X6X3/8,user,2026-08-05T13:42:10.452899+00:00
008d061d-9964-445e-9882-a2925f01a205,token_approved,HSS,class=HSS6X4X3/8,user,2026-08-05T13:42:10.546087+00:00
d38b93fb-8e50-489f-88ea-0dc2377cfe6b,token_approved,"HSS5x5x3/8,",class=HSS5X5X3/8,user,2026-08-05T13:42:10.641949+00:00
0c6523da-1f27-4552-a22a-b0bc5da93811,token_approved,HSS5x5x3/8,class=HSS5X5X3/8,user,2026-08-05T13:42:10.746452+00:00
dbf87576-48f2-43db-8bf4-08daac907b59,token_approved,W8X13,class=W8X13,user,2026-08-05T13:42:10.850537+00:00
ea4c564c-ef20-4a6f-aced-d7cb53768939,token_approved,A A325,class=W14X132,user,2026-08-05T13:42:18.564448+00:00
091e02af-239f-417d-90b8-0aedde4dbfd8,token_approved,L4X3-1/2X5/16,class=L4X3X5/8,user,2026-08-05T13:42:18.779158+00:00
64f123c5-fa29-4c91-a000-37f4a4c74a6d,token_approved,L5X3-1/2X5/16,class=L5X3X1/4,user,2026-08-05T13:42:18.965978+00:00
51696ef9-1c13-479e-b780-e4bd093bf6bd,token_approved,L6X4X3/8,class=L4X4X3/8,user,2026-08-05T13:42:19.136997+00:00
a995ff4d-8a6f-43dd-b087-7cf3905b03f6,token_approved,L3x3x1/4,class=2L3X3X1/4,user,2026-08-05T13:42:19.298558+00:00
23eeb2c5-2cb2-476d-8f36-6635286d0585,token_approved,W12X16,class=W12X16,user,2026-08-05T13:42:19.463021+00:00
ed8fbb05-ceb7-4b7e-a53f-92e5748a3e3f,token_approved,W18X40,class=W16X40,user,2026-08-05T13:42:19.631083+00:00
3f84d32b-04cc-4efd-a1f9-7f57ba7c3c3d,token_approved,W21X50,class=W16X50,user,2026-08-05T13:42:19.796139+00:00
08845d97-b5af-451c-bd6b-adaac2b049dc,token_approved,W18X50,class=W12X50,user,2026-08-05T13:42:19.954906+00:00
56e2d2b1-8ee3-417e-9549-e0a1c6ba195d,token_approved,W10X15,class=W10X15,user,2026-08-05T13:42:20.128129+00:00
91227a07-a5b4-4b6d-9e89-e9923e06b4f2,token_approved,W21X55,class=W21X55,user,2026-08-05T13:42:20.302160+00:00
4c7de309-8143-469f-8818-29a320d44c02,token_approved,W21X44,class=W21X44,user,2026-08-05T13:42:20.480599+00:00
18018ae6-1129-4724-a38f-2864785fa505,token_approved,W10X19,class=W10X15,user,2026-08-05T13:42:20.661474+00:00
3fad5ec2-4605-44e7-8870-52f86bb41dc5,token_approved,W14X22,class=W14X22,user,2026-08-05T13:42:20.851564+00:00
5f677750-1ce0-48a0-bf3b-ab52a0eceb0c,token_approved,W16X26,class=W14X132,user,2026-08-05T13:42:21.034323+00:00
e0145192-7365-42c1-b079-3c73eda51e59,token_approved,HSS10X8X3/8,class=HSS10X8X3/8,user,2026-08-05T13:42:21.376329+00:00
09610ee7-943a-44fd-83d5-3188bba161bd,token_approved,HSS10X6X3/8,class=HSS10X6X3/8,user,2026-08-05T13:42:21.562570+00:00
c8c426c5-73dd-4c6e-be79-180be4833fc4,token_approved,W16X36,class=W16X36,user,2026-08-05T13:42:21.762391+00:00
00963087-2a44-41a0-9786-2159de16965f,token_approved,W12X26,class=W10X26,user,2026-08-05T13:42:21.975106+00:00
c6377b50-a401-44a8-a4c7-cec8982ff98b,token_approved,HSS12X6X3/8,class=HSS12X6X3/8,user,2026-08-05T13:42:22.182422+00:00
b2bce277-09ff-46e1-9c2d-7b67be8e2b28,token_approved,W10X22,class=W10X22,user,2026-08-05T13:42:22.399824+00:00
5df19448-d455-48e5-90e9-eaf81fd1ab2e,token_approved,W12X16.,class=W12X16,user,2026-08-05T13:42:22.609798+00:00
e0f8f14c-26a3-4f5a-b3a4-f697dfb423f6,token_approved,W12X22,class=W12X22,user,2026-08-05T13:42:22.817723+00:00
9930c8c4-73cb-49b8-8cf4-803ee8c7d9a4,token_approved,W10X30,class=W10X30,user,2026-08-05T13:42:23.052419+00:00
50f1301d-0987-478a-865d-b85d72dd11c5,token_approved,HSS14X6X1/2,class=HSS14X6X1/2,user,2026-08-05T13:42:23.272001+00:00
15e0fb9d-9d79-428c-b278-adcd58c804ef,token_approved,W12X40,class=W12X40,user,2026-08-05T13:42:23.478457+00:00
d9a0b190-94b7-42fc-bfde-da27cafa42fd,token_approved,W14X26,class=W14X26,user,2026-08-05T13:42:23.694544+00:00
141cfe2b-44ba-477f-b1ef-15ebf3c35475,token_approved,W24X84,class=W24X84,user,2026-08-05T13:42:23.908174+00:00
2dac8acd-5c4e-47c8-9bf4-b1e1d4c3a113,token_approved,W8x31,class=W8X18,user,2026-08-05T13:42:24.113735+00:00
7403b856-c9f9-4b5d-83df-e15834524cc0,token_approved,HSS14X6X5/8,class=HSS14X6X5/8,user,2026-08-05T13:42:24.271410+00:00
c84f5b63-8a26-40e1-ad47-ba5f47d478be,token_approved,L4X4X3/8,class=L4X4X3/8,user,2026-08-05T13:42:24.454520+00:00
b5d0416b-2c88-4a8d-aa3f-577773a5d7cd,token_approved,L2x2x3/16,class=L2X2X3/8,user,2026-08-05T13:42:24.665314+00:00
1453c30b-6516-454e-843e-ebca8172fb81,token_approved,L3x3x3/16,class=2L3X3X3/16,user,2026-08-05T13:42:24.864542+00:00
7a02c155-1029-4e53-a5e5-9d8b4391e966,token_approved,C6 X 8.2,class=C6X8.2,user,2026-08-05T13:42:25.064682+00:00
0198cf7b-86f7-421b-b372-6d795092a03d,token_approved,C6 X 10.5,class=WT4X10.5,user,2026-08-05T13:42:25.294136+00:00
d598a724-2e18-42ce-a25d-f92be16e0853,token_approved,L2X2X1/4,class=2L2X2X1/4,user,2026-08-05T13:42:25.558987+00:00
2e2db1db-5e57-449e-9230-9399e37125a4,token_approved,L4X3X3/8,class=L4X3X3/8,user,2026-08-05T13:42:25.764200+00:00
4b5065c5-8c51-44fa-9f50-deb0fed3bf79,token_approved,L3x3x3/8,class=HSS3X3X3/8,user,2026-08-05T13:42:25.951995+00:00
c3bdb2de-9e01-4630-ae43-e943439f00d9,token_approved,L5x3-1/2x3/8,class=L5X3X1/2,user,2026-08-05T13:42:26.149131+00:00
67057343-3f5c-46d4-8a9d-f073c3747292,token_approved,"L3X3X3/8X0'-6""",class=2L3X3X1/4,user,2026-08-05T13:42:26.345633+00:00
c56b78f4-79f6-485a-96ed-224021da9d53,token_approved,W10X33,class=W10X33,user,2026-08-05T13:42:26.549155+00:00
01541f76-ec26-4995-9df6-611dcdc59862,token_approved,W10X112,class=W10X112,user,2026-08-05T13:42:26.749029+00:00
a83474b2-4ff3-456c-b008-a17199da8d55,token_approved,W12X106,class=W12X106,user,2026-08-05T13:42:26.945978+00:00
aba54b5a-3f0e-44cd-847c-8fd46bc855ea,token_approved,W12X230,class=W12X230,user,2026-08-05T13:42:27.144079+00:00
baa344a4-6ee9-44f0-9195-63dafecebb27,token_approved,W12X252,class=W12X22,user,2026-08-05T13:42:27.343695+00:00
695b55e2-2892-409c-b516-727b45577c98,token_approved,W12X336,class=W12X336,user,2026-08-05T13:42:27.531845+00:00
b788b80b-418b-4540-839e-7b0499a03222,token_approved,W14X43,class=W14X30,user,2026-08-05T13:42:27.734141+00:00
f53f6337-d955-4332-8eba-ca08827e826a,token_approved,W14X61,class=W14X26,user,2026-08-05T13:42:27.968620+00:00
66a7825b-6260-473f-9de4-c07de97ac733,token_approved,W14X68,class=W14X68,user,2026-08-05T13:42:28.301956+00:00
9aa8f176-07e1-43d5-9b1a-075f70d29640,token_approved,W14X82,class=W14X22,user,2026-08-05T13:42:28.511258+00:00
b6efdd9b-9f85-476b-9ef9-84cd3c5b14a5,token_approved,W14X132,class=W14X132,user,2026-08-05T13:42:28.742950+00:00
215f6454-a848-4397-a1a1-92f6cda4b5b2,token_approved,W14X198,class=W8X18,user,2026-08-05T13:42:29.013405+00:00
fbd855e4-4c57-43fd-ab0b-28ab8d9cf440,token_approved,L4X4X1/4,class=L4X4X1/4,user,2026-08-05T13:42:29.199517+00:00
6cecc3e6-e300-4596-9506-b042a7462933,token_approved,"L3x3x1/4x0'-3"",",class=2L3X3X1/4,user,2026-08-05T13:42:29.403985+00:00
3e4e5d41-1944-4fdd-b5a4-63c4e87ad266,token_approved,L1x1x1/4,class=L2X2X1/4,user,2026-08-05T13:42:29.601733+00:00
9d6cbc94-6a37-449a-a165-e14d54436e29,token_approved,2 L1x1x1/4,class=2L3X3X3/8,user,2026-08-05T13:42:29.828583+00:00
da09779d-3400-4362-bd38-09b2dfa5d2a5,token_approved,"L3X3X5/16,",class=HSS3X3X5/16,user,2026-08-05T13:42:30.229383+00:00
2e500514-9d9d-47f5-9fd9-c65528db3d1f,token_approved,"L4X4X3/8X0'-8""",class=L4X4X3/8,user,2026-08-05T13:42:30.397579+00:00
4ca604dd-0edb-4cab-b4ab-3dcf5e0f7ccb,token_approved,2L3x3x1/4,class=2L3X3X1/2X3/4,user,2026-08-05T13:42:30.600145+00:00
08242d12-e662-49ba-8e35-df03c8fb9d5d,token_approved,"L4x3x1/4x6""",class=L4X3X5/16,user,2026-08-05T13:42:30.804197+00:00
3ffa3421-646a-4f44-8160-f2dd52da7f3c,token_approved,"L4x3x1/4x2'-0""",class=L4X3X5/16,user,2026-08-05T13:42:31.027756+00:00
a3ef97e3-d145-41a1-9d84-a3b6b5a902fe,token_approved,"L4x3x1/4x1'-0""",class=L4X3X5/16,user,2026-08-05T13:42:31.247275+00:00
3040083b-a68b-42f0-81a6-8083bff91912,token_approved,"L4x4x3/8x0'-6""",class=L4X4X3/8,user,2026-08-05T13:42:31.460268+00:00
42885cd7-e8ef-4d4f-9dbf-601c0c50654e,token_approved,L6x3-1/2x3/8,class=L3X3X1/4,user,2026-08-05T13:42:31.653998+00:00
134447ea-9d40-40e3-968f-87722a43a6fd,token_approved,"L4X3X3/8X0'-6""",class=L4X3X3/8,user,2026-08-05T13:42:31.834859+00:00
15052ede-65f6-4296-8ecf-0e8ce9cec539,token_approved,A325,class=W14X132,user,2026-08-05T13:42:32.017738+00:00
f5acf173-3a91-4288-b2e0-c6d8a4880411,token_approved,HSS5x3x3/16,class=HSS5X3X3/16,user,2026-08-05T13:42:32.202472+00:00
68911960-750b-44af-95ba-decea9808181,token_approved,L7X4X3/8,class=L4X4X3/8,user,2026-08-05T13:42:32.381901+00:00
fdc2407a-36d0-4840-a4a9-a6cd0094d56a,token_approved,"L3X3X3/8X0'-10""",class=2L3X3X1/4,user,2026-08-05T13:42:32.577800+00:00
fc87f123-e130-42e8-b980-296a01c44113,token_approved,HSS6X6X3/8,class=HSS10X6X3/8,user,2026-08-05T13:42:32.750924+00:00
c7d0e794-ae22-4382-a876-01e31534e4a4,token_approved,HSS8X6X3/8,class=HSS10X6X3/8,user,2026-08-05T13:42:32.930849+00:00
e4848095-d5e5-4ed9-a33d-d0ce0de60da8,token_approved,HSS6X6X1/2,class=HSS14X6X1/2,user,2026-08-05T13:42:33.212749+00:00
6efe884a-d221-4c64-8099-99dec2b1704a,token_approved,W10X54,class=W12X14,user,2026-08-05T13:42:33.411350+00:00
9e8b066a-6102-4bf0-bf73-40222d80d290,token_approved,HSS10X0.500,class=HSS10.000X0.500,user,2026-08-05T13:42:33.596964+00:00
e81b8fd0-5b49-4d11-8d73-e6796332340b,token_approved,W10X49,class=W10X49,user,2026-08-05T13:42:33.794688+00:00
3e9e84d9-333d-4468-9b0b-bf4c781b6f51,token_approved,HSS10X0.625,class=HSS10.000X0.625,user,2026-08-05T13:42:33.994041+00:00
db8e85db-62ff-4f68-8be9-2a5c330a55ee,token_approved,W8X40,class=W8X24,user,2026-08-05T13:42:34.185142+00:00
1c827dcc-a485-44c7-96aa-bdf5156c76d6,token_approved,HSS6X4X3/8,class=HSS6X4X3/8,user,2026-08-05T13:42:34.395394+00:00
a73a6ac8-48df-4368-9f3a-e68b8dbb173d,token_approved,W18X86,class=W8X28,user,2026-08-05T13:42:34.593137+00:00
f7c403a9-25fb-4463-9d96-73777cdc17b9,token_approved,W18X71,class=W18X71,user,2026-08-05T13:42:34.789220+00:00
333d0883-b813-4db4-9888-d21df7f6d6ee,token_approved,W18X46,class=W18X46,user,2026-08-05T13:42:35.001351+00:00
23d6b9fa-d8a0-4b02-a5cd-18b43a04b964,token_approved,W18X65,class=W18X65,user,2026-08-05T13:42:35.214894+00:00
37bc2555-b78e-450d-96f7-45d93ef0d97c,token_approved,W18X55,class=W18X65,user,2026-08-05T13:42:35.402711+00:00
a5077867-2a35-4cea-9cd7-23f3ab355dc9,token_approved,W16X50,class=W16X50,user,2026-08-05T13:42:35.669186+00:00
3a84d159-ca12-4a2f-a308-fbf226b078d3,token_approved,W16X40,class=W16X40,user,2026-08-05T13:42:35.853318+00:00
54dda85d-a75f-412e-a186-f80d217dce79,token_approved,W18X76,class=W18X46,user,2026-08-05T13:42:36.061236+00:00
ea4e071f-5dfa-4fdc-83bf-61d926c07574,token_approved,W8X24,class=W8X24,user,2026-08-05T13:42:36.265077+00:00
df7c12b8-3806-4dcd-9254-fb02d2e81770,token_approved,W24X62,class=W24X62,user,2026-08-05T13:42:36.466635+00:00
bcd6748b-6ec8-4467-aec2-3f8f11c0d1e4,token_approved,W21X68,class=W21X68,user,2026-08-05T13:42:36.681872+00:00
4a66942a-ba3e-4e4f-8664-cc1620af0710,token_approved,HSS16X8X3/8,class=HSS16X8X3/8,user,2026-08-05T13:42:36.881945+00:00
56365c60-c8ae-4dd4-b9ba-5ea6e071f32c,token_approved,C8X11.5,class=C8X11.5,user,2026-08-05T13:42:37.099896+00:00
39916237-865f-4b29-8352-0c32429c278c,token_approved,L5X5X1/2,class=L5X5X1/2,user,2026-08-05T13:42:37.307027+00:00
49351014-9640-40a9-916f-5facdd110c2a,token_approved,L4x4,class=L4X4X3/8,user,2026-08-05T13:42:37.510980+00:00
bf1a0477-09c8-4e2b-84b4-37fc7f7f2d00,token_approved,W21X73,class=W14X30,user,2026-08-05T13:42:37.701337+00:00
a3677740-039d-4b0c-8aba-806921e8b187,token_approved,HSS20X12X1/2,class=HSS20X12X1/2,user,2026-08-05T13:42:37.895023+00:00
60c9bd6c-adc2-4ccf-a347-2155a0fe16c6,token_approved,L4X3X1/4,class=L4X3X1/4,user,2026-08-05T13:42:38.094828+00:00
12e5aea1-8c93-4ca8-8a0c-ae9ec7f6c2e6,token_approved,L4X3,class=L4X3X5/16,user,2026-08-05T13:42:38.285356+00:00
1cb3a79a-2870-4d6f-9307-e36160efeedb,token_approved,HSS4X3X5/16,class=HSS4X3X5/16,user,2026-08-05T13:42:38.481392+00:00
9d109c09-8dc9-4ed0-9588-687f2c0df189,token_approved,HSS4X4X5/16,class=HSS4X4X5/16,user,2026-08-05T13:42:38.702728+00:00
9d53463d-cc50-4cce-bb67-16e856b31e8a,token_approved,C8X13.7,class=C8X13.75,user,2026-08-05T13:42:38.904175+00:00
e367145f-cff3-4dad-9112-6a76b5aa29be,token_approved,"L4X4X5/16X0'-5""",class=L4X4X5/16,user,2026-08-05T13:42:39.111888+00:00
fab1198b-03d4-40da-a947-3de03d343613,token_approved,HSS16X0.5,class=HSS10X10X1/2,user,2026-08-05T13:42:39.312009+00:00
13208dd0-6062-48ca-a4c8-5bd88765a2b7,token_approved,HSS6x2x5/16,class=HSS6X2X5/16,user,2026-08-05T13:42:39.518417+00:00
9b825fec-de1b-4bee-9688-0a356b385dc1,token_approved,L8X6X1/2X1',class=L8X8X1,user,2026-08-05T13:42:39.721110+00:00
841d97ad-7ccb-421e-b98c-a73716dee821,token_approved,L8X8X1/2X1',class=2L8X8X1,user,2026-08-05T13:42:39.919249+00:00
408547e9-6080-4423-87ed-b24518692bed,token_approved,WT6X15,class=WT6X11,user,2026-08-05T13:42:40.127822+00:00
54c6480f-f5b9-4d54-9a41-26d0b331e191,token_approved,L6X3,class=L6X4X3/8,user,2026-08-05T13:42:40.337511+00:00
429b26a1-0b25-4ef5-9ad1-9b1dd72259f8,token_approved,"L7X4X3/8X0'-11""",class=L7X4X3/8,user,2026-08-05T13:42:40.550552+00:00
9af1b3cf-0d4d-4b4c-808a-ba8491d33eda,token_approved,"L5X3X3/8X0'-5""",class=2L5X3X3/8SLBB,user,2026-08-05T13:42:40.759969+00:00
182bb9b1-22a2-4ce9-83af-c1a6e6623809,token_approved,"L4X4X3/8X0'-4""",class=L4X4X3/8,user,2026-08-05T13:42:40.945611+00:00
2f7f1bd2-de27-4e78-8871-88cba88dfa16,token_approved,"L3X3X3/8,",class=HSS3X3X3/8,user,2026-08-05T13:42:41.102177+00:00
0f8a665b-1b4e-49cd-8652-820d6f5a6654,token_approved,"L4X3X3/8X0'-8""",class=L4X3X3/8,user,2026-08-05T13:42:41.303602+00:00
2756026c-66ea-473f-b99d-72a4092310ed,token_approved,C15X33.9,class=WT8X33.5,user,2026-08-05T13:42:41.502101+00:00
b7037c6c-5cd6-4a57-aa7b-1a1cd7fa6209,token_approved,HSS 8x4x1/4,class=HSS4X4X1/4,user,2026-08-05T13:42:41.702036+00:00
a8260523-11ef-44bb-9990-83e8eb10a466,token_approved,HSS8X4X3/8,class=HSS6X4X3/8,user,2026-08-05T13:42:41.888093+00:00
d0d0fc45-2351-4449-9ec9-b61221c52477,token_approved,HSS4X4X3/8,class=HSS4X4X3/8,user,2026-08-05T13:42:42.069643+00:00
84c4d346-6fe9-4a34-ad40-a7954a3ddd45,unknown_queued,A A325,Queued for review (structural_section),system,2026-08-06T09:40:05.133028+00:00
c3717d8e-ea34-4239-bcad-f6cc48d861bf,unknown_queued,L5X3-1/2X5/16,Queued for review (structural_section),system,2026-08-06T09:40:05.314670+00:00
5bc4e877-ce80-457f-90bc-2abca8cd342a,unknown_queued,L6X4X3/8,Queued for review (structural_section),system,2026-08-06T09:40:05.500761+00:00
8a863d0e-856d-47f5-8a1e-eaa9948160c1,unknown_queued,L3x3x1/4,Queued for review (structural_section),system,2026-08-06T09:40:05.670247+00:00
58ba8ef6-eb56-436d-8ad3-34e7d0a5bbe4,unknown_queued,W12X16,Queued for review (structural_section),system,2026-08-06T09:40:05.887585+00:00
25a28526-b10b-4506-a247-e8225fa2d366,unknown_queued,W18X40,Queued for review (structural_section),system,2026-08-06T09:40:06.201383+00:00
97fc2400-1bd3-4e36-9462-0f7476f4109e,unknown_queued,W21X50,Queued for review (structural_section),system,2026-08-06T09:40:06.375758+00:00
dcdff5e2-a1fe-43e0-a884-ae7e8046b7b9,unknown_queued,W18X50,Queued for review (structural_section),system,2026-08-06T09:40:06.618019+00:00
713c6388-9c3a-44c8-a042-4c25731a94c3,unknown_queued,W10X15,Queued for review (structural_section),system,2026-08-06T09:40:06.907937+00:00
53b426ad-a427-4791-8a24-51c8565d75d1,unknown_queued,W21X55,Queued for review (structural_section),system,2026-08-06T09:40:07.275243+00:00
e0c24eb7-450d-4c0c-b68f-ab37ec8c5dbe,unknown_queued,W24X68,Queued for review (structural_section),system,2026-08-06T09:40:07.499790+00:00
fa4a311b-0760-499a-b0a3-cf599cc163e1,unknown_queued,W16X26,Queued for review (structural_section),system,2026-08-06T09:40:08.267777+00:00
27db8f58-9e50-4469-a4d2-791a58e966e2,unknown_queued,W14X22,Queued for review (structural_section),system,2026-08-06T09:40:08.607927+00:00
5bfbf279-039e-43a7-bd35-d2d49f9c066a,unknown_queued,W10X19,Queued for review (structural_section),system,2026-08-06T09:40:10.335568+00:00
e96e7703-3a20-44ad-b432-23e0a51ab6ab,unknown_queued,HSS10X8X3/8,Queued for review (structural_section),system,2026-08-06T09:40:10.684764+00:00
cd3e50ac-e303-47fd-9831-5f6ac3c6cf66,unknown_queued,HSS10X6X3/8,Queued for review (structural_section),system,2026-08-06T09:40:12.182885+00:00
42303d35-233d-4a8d-ae52-86faa9778236,unknown_queued,W16X36,Queued for review (structural_section),system,2026-08-06T09:40:12.529071+00:00
930d9e2a-7e6f-40b0-af91-0b98be4a5ae6,unknown_queued,W12X26,Queued for review (structural_section),system,2026-08-06T09:40:13.466364+00:00
350137fb-878c-49bc-b0aa-b47c56e4ed1c,unknown_queued,HSS12X6X3/8,Queued for review (structural_section),system,2026-08-06T09:40:14.538875+00:00
ea0b5555-e275-40c6-afea-7a99bfd8cfeb,unknown_queued,W10X22,Queued for review (structural_section),system,2026-08-06T09:40:17.186193+00:00
82efdf6d-f440-4453-b61d-88dbbc06cad8,unknown_queued,W12X16.,Queued for review (structural_section),system,2026-08-06T09:40:17.733990+00:00
1e4a5362-bbe7-4189-b844-1bf67300acea,unknown_queued,W12X22,Queued for review (structural_section),system,2026-08-06T09:40:20.000867+00:00
90060255-1fcd-4187-b0d0-7cf2ccef14a1,unknown_queued,W10X30,Queued for review (structural_section),system,2026-08-06T09:40:20.638840+00:00
6733b9f3-3426-4055-afab-7d5b67f5b7fc,unknown_queued,HSS14X6X1/2,Queued for review (structural_section),system,2026-08-06T09:40:21.685202+00:00
5c6dc1bb-a745-4d89-8e23-c2a1adc8ff17,unknown_queued,W12X40,Queued for review (structural_section),system,2026-08-06T09:40:22.002004+00:00
ed84c332-6094-4203-ab3e-228c9c116080,unknown_queued,W14X26,Queued for review (structural_section),system,2026-08-06T09:40:22.728181+00:00
7a3b2ac4-f757-4182-a049-c1ab2d65d9cc,unknown_queued,W8x31,Queued for review (structural_section),system,2026-08-06T09:40:24.983187+00:00
94c63863-245b-435d-9d5b-1c78466f8302,unknown_queued,HSS14X6X5/8,Queued for review (structural_section),system,2026-08-06T09:40:27.565203+00:00
a881ba3e-83c7-4341-918f-7de1bae9c628,unknown_queued,L4X4X3/8,Queued for review (structural_section),system,2026-08-06T09:40:27.773580+00:00
4b7a6f76-2d0d-4413-9c25-108c8a31bc10,unknown_queued,L2x2x3/16,Queued for review (structural_section),system,2026-08-06T09:40:28.087283+00:00
8f4b07fc-87d6-45bb-8ae9-31c87e87b2a4,unknown_queued,L3x3x3/16,Queued for review (structural_section),system,2026-08-06T09:40:28.240399+00:00
fa1f0d1c-e93b-494b-b81a-8d8cba67c771,unknown_queued,C8x11.5.,Queued for review (structural_section),system,2026-08-06T09:40:28.783060+00:00
f515eb6e-f4a5-4130-9d4c-b144e386aa8e,unknown_queued,C6 X 10.5,Queued for review (structural_section),system,2026-08-06T09:40:29.023215+00:00
984196c9-f57b-402b-a16a-971a256b8154,unknown_queued,L2X2X1/4,Queued for review (structural_section),system,2026-08-06T09:40:29.205996+00:00
cfc8e4fa-b044-4821-b938-ec4e898cc9d6,unknown_queued,L4X3X3/8,Queued for review (structural_section),system,2026-08-06T09:40:29.481981+00:00
8fef8f9f-0ad1-41eb-91b7-6d0059170241,unknown_queued,L3x3x3/8,Queued for review (structural_section),system,2026-08-06T09:40:29.685014+00:00
fe9a1ada-b439-4ba1-9f83-b7a75902f588,unknown_queued,L5x3-1/2x3/8,Queued for review (structural_section),system,2026-08-06T09:40:29.834771+00:00
9ee1de03-3367-48e7-b234-9e5bb95f3875,unknown_queued,"L3X3X3/8X0'-6""",Queued for review (structural_section),system,2026-08-06T09:40:30.024985+00:00
494b87be-73b5-4e9c-9824-7bc0033c6d8f,unknown_queued,W10X33,Queued for review (structural_section),system,2026-08-06T09:40:30.253452+00:00
db7d5bd9-1106-4223-a293-d5e8f011fcda,unknown_queued,W10X112,Queued for review (structural_section),system,2026-08-06T09:40:30.453876+00:00
4e65e1ec-246b-4183-888d-de471af59809,unknown_queued,W12X106,Queued for review (structural_section),system,2026-08-06T09:40:30.703227+00:00
d6720569-0ea9-48d2-a792-976e1d8e2c49,unknown_queued,W12X230,Queued for review (structural_section),system,2026-08-06T09:40:30.891432+00:00
b1f2d9e2-5a8f-47d3-bc4b-7af2791ce920,unknown_queued,W12X252,Queued for review (structural_section),system,2026-08-06T09:40:31.089591+00:00
65b1dff7-f47e-43b4-a982-4e29ef063647,unknown_queued,W12X336,Queued for review (structural_section),system,2026-08-06T09:40:31.315275+00:00
27e02790-3aec-4948-b390-675bce80c5dc,unknown_queued,W14X43,Queued for review (structural_section),system,2026-08-06T09:40:31.504143+00:00
71d988cf-9f37-4641-9da3-119739381cdb,unknown_queued,W14X61,Queued for review (structural_section),system,2026-08-06T09:40:31.791597+00:00
05bb968a-351c-4545-b871-3d2d3eb118e0,unknown_queued,W14X82,Queued for review (structural_section),system,2026-08-06T09:40:32.016698+00:00
8f22f965-83e9-4ae5-8751-260b382c22b2,unknown_queued,L4X4X1/4,Queued for review (structural_section),system,2026-08-06T09:40:32.309106+00:00
d1b9b0de-d528-419d-9d16-eb8a77b0061a,unknown_queued,"L3x3x1/4x0'-3"",",Queued for review (structural_section),system,2026-08-06T09:40:32.735180+00:00
3d4c74e4-f41b-4ed8-97d4-5d28df3a6592,unknown_queued,L1x1x1/4,Queued for review (structural_section),system,2026-08-06T09:40:32.970165+00:00
7b3bdf56-a99c-41a8-887f-570371f26dd3,unknown_queued,2 L1x1x1/4,Queued for review (structural_section),system,2026-08-06T09:40:33.152574+00:00
3200a922-646e-4b59-b96e-f43ecfa2ac26,unknown_queued,"L3X3X5/16,",Queued for review (structural_section),system,2026-08-06T09:40:33.364262+00:00
0c591a48-5daf-4db9-ace4-f4b9c5da166c,unknown_queued,"L4X4X3/8X0'-8""",Queued for review (structural_section),system,2026-08-06T09:40:33.602999+00:00
0e456340-efb0-46a3-9686-b6477ccb1b88,unknown_queued,2L3x3x1/4,Queued for review (structural_section),system,2026-08-06T09:40:33.872686+00:00
4324e8cf-6359-467c-a9d8-aa85ad34de16,unknown_queued,"L4x3x1/4x6""",Queued for review (structural_section),system,2026-08-06T09:40:34.138611+00:00
ef5b231e-fb53-4fc8-b50e-e94ebb7a7afc,unknown_queued,"L4x3x1/4x2'-0""",Queued for review (structural_section),system,2026-08-06T09:40:34.499954+00:00
829e41fb-63fd-40b8-b4b6-ddda8411f2f7,unknown_queued,"L4x3x1/4x1'-0""",Queued for review (structural_section),system,2026-08-06T09:40:34.672824+00:00
5a3799ec-2542-4792-997f-45b21236c304,unknown_queued,"L4x4x3/8x0'-6""",Queued for review (structural_section),system,2026-08-06T09:40:35.125340+00:00
3036abd3-7c60-4cc1-b6c5-b7b15a4168b4,unknown_queued,L6x3-1/2x3/8,Queued for review (structural_section),system,2026-08-06T09:40:35.354206+00:00
ea902b36-2a71-4056-a5d1-1fdba1174a4a,unknown_queued,"L4X3X3/8X0'-6""",Queued for review (structural_section),system,2026-08-06T09:40:35.792338+00:00
559f02d9-de7b-46af-9239-6c8dbbec3cb2,unknown_queued,A325,Queued for review (structural_section),system,2026-08-06T09:40:35.940571+00:00
6978dcf8-d1f4-456d-8802-6a969246ce48,unknown_queued,HSS5x3x3/16,Queued for review (structural_section),system,2026-08-06T09:40:36.140780+00:00
f4631bf4-8707-4bc0-a177-523a0520ceb5,unknown_queued,L7X4X3/8,Queued for review (structural_section),system,2026-08-06T09:40:36.528449+00:00
527b970b-ce46-47e6-b6d5-79bc433ca23b,unknown_queued,"L3X3X3/8X0'-10""",Queued for review (structural_section),system,2026-08-06T09:40:36.872273+00:00
aa4f7eb8-f765-4bdb-b250-9bacc282d043,unknown_queued,HSS6X6X3/8,Queued for review (structural_section),system,2026-08-06T09:40:37.254038+00:00
04c5eeed-817b-493e-ac8a-0b70901a2372,unknown_queued,HSS8X6X3/8,Queued for review (structural_section),system,2026-08-06T09:40:37.469781+00:00
ad193005-fc78-4037-a30f-e96a976c5b16,unknown_queued,HSS6X6X1/2,Queued for review (structural_section),system,2026-08-06T09:40:38.325899+00:00
8547735d-ddef-48f0-a01c-dfc12c29a987,unknown_queued,W10X54,Queued for review (structural_section),system,2026-08-06T09:40:40.525033+00:00
647910b4-d056-49b8-a4ef-dbcac8a33454,unknown_queued,HSS10X0.500,Queued for review (structural_section),system,2026-08-06T09:40:40.996295+00:00
79b0830f-696b-4e16-9145-795b53cb31d6,unknown_queued,HSS10X0.625,Queued for review (structural_section),system,2026-08-06T09:40:41.602705+00:00
5221d277-ecb8-49b8-a5ea-3d1b262c6958,unknown_queued,W8X40,Queued for review (structural_section),system,2026-08-06T09:40:43.027282+00:00
37a91cb0-3374-4543-ad37-9ccb74083ad4,unknown_queued,HSS10x10,Queued for review (structural_section),system,2026-08-06T09:50:37.067115+00:00
cc75f6a8-22b8-45df-8d97-af99b0462598,unknown_queued,W8x48,Queued for review (structural_section),system,2026-08-06T09:50:37.381882+00:00
4cae63d6-7378-4491-97ca-db17d113d226,unknown_queued,W8x58,Queued for review (structural_section),system,2026-08-06T09:50:37.562404+00:00
ca62506f-6cfc-4761-8d4e-61fd98a2655b,unknown_queued,W8x28,Queued for review (structural_section),system,2026-08-06T09:50:37.833142+00:00
1b3f8a81-0fed-4dfb-895f-ec39d8d857d4,unknown_queued,W8x35,Queued for review (structural_section),system,2026-08-06T09:50:37.978810+00:00
c9319774-9a70-47a4-ae98-4a67685c67a8,unknown_queued,W18x46,Queued for review (structural_section),system,2026-08-06T09:50:38.150345+00:00
68c3e2a5-1057-4a26-87f0-8bd85dafa0d2,unknown_queued,HSS10x10x1/2,Queued for review (structural_section),system,2026-08-06T09:50:38.733276+00:00
e39d2e90-2d29-4262-9ec4-ebab88af8dcd,unknown_queued,HSS12x12x1/2,Queued for review (structural_section),system,2026-08-06T09:50:38.973062+00:00
cf1acc7a-880c-4133-80c5-75d053c49238,unknown_queued,L6x6x3/4,Queued for review (structural_section),system,2026-08-06T09:50:40.030592+00:00
af133dd6-96a0-4ece-8024-63d4a15c845e,unknown_queued,HSS8x8x3/8,Queued for review (structural_section),system,2026-08-06T09:50:41.563639+00:00
9d212473-4f6f-4f21-b4c3-0db7e5788ad7,unknown_queued,W10×22.,Queued for review (structural_section),system,2026-08-06T09:50:42.432700+00:00
508d911a-7d04-4bcc-8d73-207988737b45,unknown_queued,W24x84,Queued for review (structural_section),system,2026-08-06T09:50:42.568410+00:00
5cb6b1d5-a04a-45f9-87c0-b20fe2a0d25a,unknown_queued,W36x150,Queued for review (structural_section),system,2026-08-06T09:50:42.728013+00:00
0007b740-b47d-4f06-a412-b6241761a8c9,unknown_queued,W16x50,Queued for review (structural_section),system,2026-08-06T09:50:42.871748+00:00
d4a3cd4e-e8c3-4aa3-8d31-317331b79aa3,unknown_queued,HSS 8X8X3/8,Queued for review (structural_section),system,2026-08-06T09:50:43.135994+00:00
0b9083ef-a5fd-4463-a19b-8af0a61d8713,unknown_queued,HSS,Queued for review (structural_section),system,2026-08-06T09:50:43.271645+00:00
ac03db9c-2c39-45ab-a3be-e7c222f1ca6e,unknown_queued,L5x5x5/16,Queued for review (structural_section),system,2026-08-06T09:50:43.450514+00:00
2b819a68-d31f-4db6-8668-d71edf5cb7f2,unknown_queued,L5x3x1/4,Queued for review (structural_section),system,2026-08-06T09:50:43.618823+00:00
270daa0a-393b-4171-93ed-12bd7c4b567b,unknown_queued,HSS8x8x1/2,Queued for review (structural_section),system,2026-08-06T09:50:43.854364+00:00
979d8fd9-41d7-41f9-af70-364eeeaf4eb5,unknown_queued,W8x24,Queued for review (structural_section),system,2026-08-06T09:50:44.001389+00:00
fc9ed239-0fd2-43c7-af73-d9adfad730d8,unknown_queued,HSS8x6x1/2,Queued for review (structural_section),system,2026-08-06T09:50:44.217313+00:00
94f201c6-aba6-4ff9-949e-591fcd47f350,unknown_queued,PL,Queued for review (structural_section),system,2026-08-06T09:50:45.767006+00:00
85be08fe-dfd5-4bba-aba9-7d210de37311,unknown_queued,HSS6x8x1/2,Queued for review (structural_section),system,2026-08-06T09:50:46.068339+00:00
b215b9f9-d6a4-4128-bc20-85ccfa84c42e,unknown_queued,"HSS3x3,",Queued for review (structural_section),system,2026-08-06T09:50:46.201964+00:00
a11a5ec2-7f05-499e-98d1-7a9737e985eb,unknown_queued,"HSS3x3x1/4,",Queued for review (structural_section),system,2026-08-06T09:50:46.339223+00:00
1b8e510c-9600-4d85-b035-3d1eef861a7f,token_approved,HSS6x8x1/2,class=HSS8X8X1/2,user,2026-08-06T09:59:54.683674+00:00
8832245e-c8f0-4c50-a905-42607f723b9b,token_approved,HSS10x10,class=HSS10X10X1/2,user,2026-08-06T10:00:01.753802+00:00
347433b8-1387-43ca-8c11-935dbd1b48a3,token_rejected,A A325,class=C8X11.5,user,2026-08-06T10:00:07.753337+00:00
a9480546-f9e0-430f-97c7-b12d84323431,token_rejected,L5X3-1/2X5/16,class=L5X5X3/8,user,2026-08-06T10:00:07.926813+00:00
eb9b0539-3220-4a22-b81d-1d03847fb88d,token_rejected,L6X4X3/8,class=L4X4X3/8,user,2026-08-06T10:00:08.148244+00:00
2137e963-1141-4376-93c8-ce4b3d112692,token_rejected,L3x3x1/4,class=2L3X3X1/4,user,2026-08-06T10:00:08.280717+00:00
092280cb-6cbd-40e9-b01d-7a4779f6cbae,token_rejected,W12X16,class=W12X16,user,2026-08-06T10:00:08.406322+00:00
917277d1-1738-4f33-8efb-b5253b458ba3,token_rejected,W18X40,class=W12X40,user,2026-08-06T10:00:08.530193+00:00
b45fad8f-e325-4bb0-8419-b2fb4ae33020,token_rejected,W21X50,class=W16X50,user,2026-08-06T10:00:08.653754+00:00
74c9f2f2-f34f-4059-9c60-d944faf2edb1,token_rejected,W18X50,class=W12X50,user,2026-08-06T10:00:08.765117+00:00
73fa4499-6280-4d92-9cb8-77cc6fb7dfc0,token_rejected,W10X15,class=W10X15,user,2026-08-06T10:00:08.881491+00:00
d5367ae7-4303-457b-820a-073fdcb5e653,token_rejected,W21X55,class=W21X55,user,2026-08-06T10:00:08.989825+00:00
4fe5a7d0-817a-4927-b1b7-205740430278,token_rejected,W24X68,class=W24X68,user,2026-08-06T10:00:09.099822+00:00
abd067c8-e0fc-4de9-9d24-d36e710caa47,token_rejected,W16X26,class=W10X26,user,2026-08-06T10:00:09.209102+00:00
2273f876-213e-44a4-8508-a9bf93c191d2,token_rejected,W14X22,class=W14X22,user,2026-08-06T10:00:09.313545+00:00
97632c66-bf9b-4ad4-86c1-71792770a4ac,token_rejected,W10X19,class=W10X15,user,2026-08-06T10:00:09.422993+00:00
62976478-5760-47a9-aaf7-889471848237,token_rejected,HSS10X8X3/8,class=HSS10X8X3/8,user,2026-08-06T10:00:09.525983+00:00
48eae9c1-2294-47a9-a66c-dcc0b79696dc,token_rejected,HSS10X6X3/8,class=HSS10X6X3/8,user,2026-08-06T10:00:09.631182+00:00
19306ef6-f108-4032-a371-1f964c4152b7,token_rejected,W16X36,class=W16X36,user,2026-08-06T10:00:09.742510+00:00
0e201270-2d57-44a7-8176-c622e38a00a8,token_rejected,W12X26,class=W10X26,user,2026-08-06T10:00:09.844574+00:00
19de8171-7e7b-477d-b7ce-a163546056a9,token_rejected,HSS12X6X3/8,class=HSS12X6X3/8,user,2026-08-06T10:00:09.950629+00:00
c6bcf5a9-570c-47d4-af53-f7e843550de1,token_rejected,W10X22,class=W10X22,user,2026-08-06T10:00:10.104260+00:00
9fbd8eea-d9a1-4db1-b18b-f4880b6977c2,token_rejected,W12X16.,class=W12X16,user,2026-08-06T10:00:10.231289+00:00
20d3c714-aa26-4fbd-8937-7c256895413d,token_rejected,W12X22,class=W12X22,user,2026-08-06T10:00:10.367396+00:00
3d1c47c2-f038-4ad0-ae91-dd2f29ecd852,token_rejected,W10X30,class=W10X30,user,2026-08-06T10:00:10.504197+00:00
d604b331-7f3e-4e8f-84e1-cc152b181d65,token_rejected,HSS14X6X1/2,class=HSS14X6X1/2,user,2026-08-06T10:00:10.657713+00:00
1b137bc2-9248-48a2-af3d-d1cdd308f0bb,token_rejected,W12X40,class=W12X40,user,2026-08-06T10:00:10.854716+00:00
e8ffcd71-3866-4e52-a769-7037a1e273a1,token_rejected,W14X26,class=W14X26,user,2026-08-06T10:00:10.978850+00:00
d2dae051-1733-4aa8-8f69-e7de0db310fe,token_rejected,W8x31,class=W8X18,user,2026-08-06T10:00:11.099308+00:00
e06c1ef0-f27d-4952-93c2-eaa07f2c19a3,token_rejected,HSS14X6X5/8,class=HSS14X6X5/8,user,2026-08-06T10:00:11.210889+00:00
5bf143d8-febf-421c-bb1c-c86297604835,token_rejected,L4X4X3/8,class=L4X4X3/8,user,2026-08-06T10:00:11.321059+00:00
483ecf28-3f4c-4748-85e7-582d2d9b7cbe,token_rejected,L2x2x3/16,class=L2X2X3/8,user,2026-08-06T10:00:11.455870+00:00
ed46894a-066a-4f09-a6b4-5237b3e33e3b,token_rejected,L3x3x3/16,class=2L3X3X3/16,user,2026-08-06T10:00:11.584691+00:00
6195d29a-2a08-4921-beac-f15740a55ecf,token_rejected,C8x11.5.,class=C6X8.2,user,2026-08-06T10:00:11.714133+00:00
6bb525b5-934b-41f9-9ba0-96b5020165ee,token_rejected,C6 X 10.5,class=WT4X10.5,user,2026-08-06T10:00:11.845560+00:00
0e0b74ec-89ef-4258-9ac4-a308ad0520cb,token_rejected,L2X2X1/4,class=2L2X2X1/4,user,2026-08-06T10:00:11.967818+00:00
aa40f969-f33c-4a66-b4cc-d6608c6455a6,token_rejected,L4X3X3/8,class=L4X3X3/8,user,2026-08-06T10:00:12.098279+00:00
70898d71-7abc-41f7-82c6-7bb52296f521,token_rejected,L3x3x3/8,class=HSS3X3X3/8,user,2026-08-06T10:00:12.231788+00:00
a7fac1b6-ae05-4d8d-84f9-ba76af63945b,token_rejected,L5x3-1/2x3/8,class=L5X3X1/4,user,2026-08-06T10:00:12.366635+00:00
0d2cc3a5-c9ba-4473-8cc2-dd66472a4c92,token_rejected,"L3X3X3/8X0'-6""",class=2L3X3X1/4,user,2026-08-06T10:00:12.514339+00:00
b705a595-f9b6-4638-b930-6ab8f283b106,token_rejected,W10X33,class=W10X33,user,2026-08-06T10:00:12.651893+00:00
4ca1c2b6-79e9-4398-ac46-443bba81c815,token_rejected,W10X112,class=W10X112,user,2026-08-06T10:00:12.776678+00:00
a346a6bf-6a8c-40a7-a224-50837451822e,token_rejected,W12X106,class=W12X106,user,2026-08-06T10:00:12.902324+00:00
0f99d177-b506-47e4-a697-224cee28bbc8,token_rejected,W12X230,class=W12X230,user,2026-08-06T10:00:13.023565+00:00
fad04300-06d6-43e0-b23e-eb05260cb69f,token_rejected,W12X252,class=W12X22,user,2026-08-06T10:00:13.155939+00:00
7f66207d-6401-4276-aa04-7f25e4ef3bfa,token_rejected,W12X336,class=W12X336,user,2026-08-06T10:00:13.278315+00:00
255404ab-6170-46c3-a76c-4e85ef21cedc,token_rejected,W14X43,class=W14X30,user,2026-08-06T10:00:13.403707+00:00
3d00674d-e119-47b2-9962-d9a73317f71a,token_rejected,W14X61,class=W14X26,user,2026-08-06T10:00:13.521933+00:00
9dd73149-2d01-4b0c-a61b-9a666ee06eab,token_rejected,W14X82,class=W14X22,user,2026-08-06T10:00:13.651126+00:00
3380af23-71ec-4c67-96dc-a75d2cbbb998,token_rejected,L4X4X1/4,class=L4X4X1/4,user,2026-08-06T10:00:13.771836+00:00
49ee484d-0b78-40ae-9f9d-1b09f330f8bb,token_rejected,"L3x3x1/4x0'-3"",",class=2L3X3X1/4,user,2026-08-06T10:00:13.902960+00:00
e8af1bb2-add4-4a41-81c7-19a23fbc1167,token_rejected,L1x1x1/4,class=L2X2X1/4,user,2026-08-06T10:00:14.018321+00:00
f157ec23-2ca1-4580-9e03-cea3f087d8f1,token_rejected,2 L1x1x1/4,class=2L2X2X1/4,user,2026-08-06T10:00:14.144431+00:00
5ca55bd8-7392-4d13-a83c-511bd7322a1b,token_rejected,"L3X3X5/16,",class=HSS3X3X5/16,user,2026-08-06T10:00:14.263677+00:00
9eaaa9db-75e7-4084-ab9b-c7e3b043f4b6,token_rejected,"L4X4X3/8X0'-8""",class=L4X4X3/8,user,2026-08-06T10:00:14.386050+00:00
7b46e799-ef1f-4cce-ab5a-8a604e033756,token_rejected,2L3x3x1/4,class=2L3X3X1/2X3/4,user,2026-08-06T10:00:14.509069+00:00
94011ed7-1e40-4540-9184-65ae66b9e320,token_rejected,"L4x3x1/4x6""",class=L4X3X5/16,user,2026-08-06T10:00:14.638596+00:00
d86ee2f0-6d9b-4964-9ca5-d5fc4eba60be,token_rejected,"L4x3x1/4x2'-0""",class=L4X3X5/16,user,2026-08-06T10:00:14.765057+00:00
e0ec492d-e300-4438-9837-9069f58506f0,token_rejected,"L4x3x1/4x1'-0""",class=L4X3X5/16,user,2026-08-06T10:00:14.864927+00:00
74673624-6d09-4be1-85eb-dc60cc4909f8,token_rejected,"L4x4x3/8x0'-6""",class=L4X4X3/8,user,2026-08-06T10:00:14.954468+00:00
2414e42d-8c73-4405-afbb-1b045344b894,token_rejected,L6x3-1/2x3/8,class=L4X3X3/8,user,2026-08-06T10:00:15.061788+00:00
a3233d23-b3dc-463d-86bb-f604061768b9,token_rejected,"L4X3X3/8X0'-6""",class=L4X3X3/8,user,2026-08-06T10:00:15.185684+00:00
9386e367-3cb4-4f2d-8352-2d5d9603fce2,token_rejected,A325,class=W18X50,user,2026-08-06T10:00:15.309275+00:00
142abedf-35eb-4eb6-b65f-099780e48c57,token_rejected,HSS5x3x3/16,class=HSS5X3X3/16,user,2026-08-06T10:00:15.441800+00:00
d7990eae-622d-4a2a-9a6d-3b98b60db0ab,token_rejected,L7X4X3/8,class=L4X4X3/8,user,2026-08-06T10:00:15.574915+00:00
17e806c1-bc48-44d5-a0b0-f0dd6ca5c430,token_rejected,"L3X3X3/8X0'-10""",class=2L3X3X1/4,user,2026-08-06T10:00:15.713159+00:00
9dae5265-5b4e-483a-8ffe-a4a489e2cfbd,token_rejected,HSS6X6X3/8,class=HSS10X6X3/8,user,2026-08-06T10:00:15.847957+00:00
63f1db5c-0693-4003-bb37-8cb5ea99427c,token_rejected,HSS8X6X3/8,class=HSS10X6X3/8,user,2026-08-06T10:00:15.970749+00:00
b7c5fd04-7dca-4ea3-a207-9de02e605777,token_rejected,HSS6X6X1/2,class=HSS14X6X1/2,user,2026-08-06T10:00:16.099130+00:00
cf66b672-2037-4b97-90d3-981de580b3ac,token_rejected,W10X54,class=W10X49,user,2026-08-06T10:00:16.322592+00:00
084b2f88-80cd-47c5-8f89-54edc28eadd1,token_rejected,HSS10X0.500,class=HSS10.000X0.500,user,2026-08-06T10:00:16.456646+00:00
261fc077-f496-49ae-9e6d-d4a29ba50795,token_rejected,HSS10X0.625,class=HSS10.000X0.625,user,2026-08-06T10:00:16.570788+00:00
749733b3-8ca1-4c76-8011-61495f8a5d3d,token_rejected,W8X40,class=W8X24,user,2026-08-06T10:00:16.684706+00:00
0f9b4943-3eef-4412-9f7c-45920012f981,token_rejected,W8x48,class=W8X40,user,2026-08-06T10:00:16.823846+00:00
1204a51e-d54e-4c47-ad5e-92048fc29faf,token_rejected,W8x58,class=W8X58,user,2026-08-06T10:00:16.957236+00:00
b1375ea5-5fac-4a2c-a455-c7c637b60654,token_rejected,W8x28,class=W8X28,user,2026-08-06T10:00:17.108701+00:00
1c2fc14d-5c0e-499c-aac7-ad879732026e,token_rejected,W8x35,class=W8X31,user,2026-08-06T10:00:17.230583+00:00
8abe5d35-0bf5-4181-97fd-d97deceb03ac,token_rejected,W18x46,class=W18X46,user,2026-08-06T10:00:17.344820+00:00
59d2e8ed-b196-4a9b-8537-eed816deb705,token_rejected,HSS10x10x1/2,class=HSS10X10X1/2,user,2026-08-06T10:00:17.456100+00:00
4f04e3cc-9f63-4030-8072-76466509e481,token_rejected,HSS12x12x1/2,class=HSS12X12X1/2,user,2026-08-06T10:00:17.596084+00:00
eff3fdb5-bae1-45a8-a0e3-148a61777c54,token_rejected,L6x6x3/4,class=L6X6X3/4,user,2026-08-06T10:00:17.791929+00:00
db301563-45f1-4867-989c-5f3bf3c07c7d,token_rejected,HSS8x8x3/8,class=HSS8X6X3/8,user,2026-08-06T10:00:17.912412+00:00
57be0f01-6b86-4342-83d7-b5542de89534,token_rejected,W10×22.,class=W10X22,user,2026-08-06T10:00:18.031920+00:00
d93db1d8-f36c-41f6-9d0c-0dabb07dd5fc,token_rejected,W24x84,class=W24X84,user,2026-08-06T10:00:18.165558+00:00
7ea9ec19-c71d-48f2-9e48-1518bd30c977,token_rejected,W36x150,class=W36X150,user,2026-08-06T10:00:18.273828+00:00
ec4fc503-afbb-4852-b234-c950ee71ae38,token_rejected,W16x50,class=W16X50,user,2026-08-06T10:00:18.375459+00:00
cea124fc-8de5-449c-bd00-284d31e8ac92,token_rejected,HSS 8X8X3/8,class=HSS8X6X3/8,user,2026-08-06T10:00:18.472293+00:00
5ff88788-5353-406a-9fdc-a2cfafb82549,token_rejected,HSS,class=HSS8X8X3/8,user,2026-08-06T10:00:18.573064+00:00
0974ae75-3a88-48b3-86fd-36d3fe50b6c7,token_rejected,L5x5x5/16,class=L4X4X5/16,user,2026-08-06T10:00:18.696820+00:00
d09e1748-3a92-40d5-84f1-e131a4230bdb,token_rejected,L5x3x1/4,class=2L5X3X1/4LLBB,user,2026-08-06T10:00:18.812027+00:00
aeb28d18-eb2b-45e2-ad04-853179da87c7,token_rejected,HSS8x8x1/2,class=HSS8X8X1/4,user,2026-08-06T10:00:18.948797+00:00
35153109-5761-4c9b-b3f0-35f53abb1950,token_rejected,W8x24,class=W8X24,user,2026-08-06T10:00:19.067727+00:00
fde31801-4b04-4d66-a8c1-0a0e9951daeb,token_rejected,HSS8x6x1/2,class=HSS8X6X1/2,user,2026-08-06T10:00:19.175082+00:00
d874ee37-e5aa-408c-ae6b-c34edbe4bf7a,token_rejected,PL,class=L8X8X1,user,2026-08-06T10:00:19.284199+00:00
9de520a8-106b-46da-bc82-31f09d83e065,token_rejected,"HSS3x3,",class=HSS3X3X1/4,user,2026-08-06T10:00:19.432605+00:00
73fc216f-cd20-463d-9588-86a5db00ab95,token_rejected,"HSS3x3x1/4,",class=HSS3X3X1/4,user,2026-08-06T10:00:19.550223+00:00
2162c6d4-8dbb-4cb2-894f-254d963d077e,unknown_queued,A325,Queued for review (structural_section),system,2026-08-10T08:57:52.917110+00:00
892dd029-b167-4676-a36a-ed6e90a2bc5d,unknown_queued,L5X3-1/2X5/16,Queued for review (structural_section),system,2026-08-10T08:57:53.082046+00:00
82d444a8-0e20-4fa4-98f7-ccc8639827cf,unknown_queued,L6X4X3/8,Queued for review (structural_section),system,2026-08-10T08:57:53.266610+00:00
90c2a908-11a2-4d4f-a5c4-e0c719eccee2,unknown_queued,L3x3x1/4,Queued for review (structural_section),system,2026-08-10T08:57:53.426885+00:00
74984232-c049-4922-b7bf-b6d6b8020262,unknown_queued,W12X16,Queued for review (structural_section),system,2026-08-10T08:57:53.631940+00:00
7a13d892-2bfd-47e4-a538-07dda344774a,unknown_queued,W18X40,Queued for review (structural_section),system,2026-08-10T08:57:53.799503+00:00
0770c67f-e24e-4160-8d96-8ec87dc9e232,unknown_queued,W21X50,Queued for review (structural_section),system,2026-08-10T08:57:53.976016+00:00
763149bd-fc21-44d1-8842-6f7f9b406946,unknown_queued,W18X50,Queued for review (structural_section),system,2026-08-10T08:57:54.226224+00:00
963ad828-8458-49af-8d30-bc3321907146,unknown_queued,W10X15,Queued for review (structural_section),system,2026-08-10T08:57:54.405231+00:00
f8a5f28b-2975-49a2-b2b1-7d536b91bad3,unknown_queued,W21X55,Queued for review (structural_section),system,2026-08-10T08:57:54.625679+00:00
f502c972-02b3-4610-b5ef-47602bac939f,unknown_queued,W24X68,Queued for review (structural_section),system,2026-08-10T08:57:54.830665+00:00
b68fe616-73af-4d0f-9751-3769e7655de2,unknown_queued,W16X26,Queued for review (structural_section),system,2026-08-10T08:57:55.680604+00:00
d8a0b142-f941-481e-803c-f33b22847f1f,unknown_queued,W14X22,Queued for review (structural_section),system,2026-08-10T08:57:55.877129+00:00
e7c15944-46ca-4d27-88e6-b05c9af06344,unknown_queued,W10X19,Queued for review (structural_section),system,2026-08-10T08:57:56.640042+00:00
d4c2ce57-b05a-429b-900d-4517d0d4a004,unknown_queued,HSS10X8X3/8,Queued for review (structural_section),system,2026-08-10T08:57:56.943346+00:00
57e42684-e815-43e3-89e6-9f014c9ca584,unknown_queued,HSS10X6X3/8,Queued for review (structural_section),system,2026-08-10T08:57:57.241647+00:00
1fad04db-0391-4355-8977-a71216058184,unknown_queued,W16X36,Queued for review (structural_section),system,2026-08-10T08:57:57.468010+00:00
71c740f9-a40e-4788-ae29-4ac7f90ebd87,unknown_queued,W12X26,Queued for review (structural_section),system,2026-08-10T08:57:58.415227+00:00
c81096ee-78e9-4ee5-bbd5-c8178d9e624b,unknown_queued,W30X90,Queued for review (structural_section),system,2026-08-10T08:57:58.933091+00:00
96ec5743-13d7-4f00-a2fd-be5069fbf213,unknown_queued,HSS12X6X3/8,Queued for review (structural_section),system,2026-08-10T08:57:59.697904+00:00
e5dd8c10-5ec9-4fd8-af28-5ee581ef6f54,unknown_queued,W10X22,Queued for review (structural_section),system,2026-08-10T08:58:02.026154+00:00
21675dd1-05ce-4fd3-9a0a-0455071d660d,unknown_queued,W12X16.,Queued for review (structural_section),system,2026-08-10T08:58:02.338909+00:00
b10c4ae2-42b9-4d65-8510-123e5b79b8ff,unknown_queued,W12X22,Queued for review (structural_section),system,2026-08-10T08:58:04.387119+00:00
6b56f2c6-a1ef-4b3f-9523-e770ad2dce44,unknown_queued,W10X30,Queued for review (structural_section),system,2026-08-10T08:58:04.684925+00:00
f8905fad-b7a3-47b3-a81a-26c75c91fda5,unknown_queued,HSS14X6X1/2,Queued for review (structural_section),system,2026-08-10T08:58:05.181154+00:00
81245e7d-b6d1-402d-b02a-4893962f860a,unknown_queued,W12X40,Queued for review (structural_section),system,2026-08-10T08:58:05.336605+00:00
ace62ac9-83ff-4020-857e-ac954a4fa998,unknown_queued,W14X26,Queued for review (structural_section),system,2026-08-10T08:58:05.830083+00:00
731cbe3c-de7c-401e-96a1-96be08ca7603,unknown_queued,W24X84,Queued for review (structural_section),system,2026-08-10T08:58:06.495576+00:00
fd09bda4-6a7c-4e62-8eb9-acf66d8ee6ff,unknown_queued,W8x31,Queued for review (structural_section),system,2026-08-10T08:58:08.074379+00:00
3e9fafa8-bb10-41fe-bca1-7616ed2df4da,unknown_queued,HSS14X6X5/8,Queued for review (structural_section),system,2026-08-10T08:58:10.539850+00:00
d72537ff-6ff1-461a-822e-27723786b2a2,unknown_queued,L4X4X3/8,Queued for review (structural_section),system,2026-08-10T08:58:10.707590+00:00
bf736726-ec7d-42d5-b08d-8135c4461179,unknown_queued,L2x2x3/16,Queued for review (structural_section),system,2026-08-10T08:58:10.989830+00:00
7451c9e7-fc7d-432f-ab43-3d2fd6abed0c,unknown_queued,L3x3x3/16,Queued for review (structural_section),system,2026-08-10T08:58:11.133438+00:00
ffb3eea0-6310-47d5-9a4b-dc17947003f5,unknown_queued,C8x11.5.,Queued for review (structural_section),system,2026-08-10T08:58:11.465325+00:00
880eae57-829c-4cae-8c9f-2ff942dcfa25,unknown_queued,C6 X 8.2,Queued for review (structural_section),system,2026-08-10T08:58:11.667428+00:00
36a31b23-14b1-46ba-8a08-1f8c4957a0c4,unknown_queued,C6 X 10.5,Queued for review (structural_section),system,2026-08-10T08:58:11.935156+00:00
494ea91b-8de9-4a3b-9778-8291b1037f01,unknown_queued,L2X2X1/4,Queued for review (structural_section),system,2026-08-10T08:58:12.147125+00:00
6b66f705-1412-428c-a3cb-98450fd08da6,unknown_queued,L4X3X3/8,Queued for review (structural_section),system,2026-08-10T08:58:12.353355+00:00
1445013b-2bc4-40d6-bb2d-e974a93797b3,unknown_queued,L3x3x3/8,Queued for review (structural_section),system,2026-08-10T08:58:12.634832+00:00
e45b7e83-e200-41d0-9d3e-32f228695cd8,unknown_queued,L5x3-1/2x3/8,Queued for review (structural_section),system,2026-08-10T08:58:12.983315+00:00
6489e358-140f-4a60-814c-83a51dd6ee26,unknown_queued,"L3X3X3/8X0'-6""",Queued for review (structural_section),system,2026-08-10T08:58:13.348361+00:00
649f9fa1-9b41-4259-bbfa-d1bf76c958d9,unknown_queued,W10X112,Queued for review (structural_section),system,2026-08-10T08:58:13.711176+00:00
3050e1a7-9595-4cdb-b5f0-ba06e000f115,unknown_queued,W12X106,Queued for review (structural_section),system,2026-08-10T08:58:14.049665+00:00
53b2da4a-ef0e-42b3-b29e-721880d7c0c3,unknown_queued,W12X230,Queued for review (structural_section),system,2026-08-10T08:58:14.331532+00:00
0c598afa-5de5-468d-b343-eac1c0895c32,unknown_queued,W12X252,Queued for review (structural_section),system,2026-08-10T08:58:14.565953+00:00
af1d69f6-4ba0-43d8-bc94-17f891319024,unknown_queued,W12X336,Queued for review (structural_section),system,2026-08-10T08:58:14.745013+00:00
f93f451f-8a3d-41a7-a1ce-767876efff48,unknown_queued,W14X43,Queued for review (structural_section),system,2026-08-10T08:58:15.137825+00:00
90ae5566-793d-4a26-bd8b-368e5ed6325c,unknown_queued,W14X61,Queued for review (structural_section),system,2026-08-10T08:58:15.312863+00:00
6bd5c55e-3f69-4b4e-a3cf-cab512edc544,unknown_queued,W14X68,Queued for review (structural_section),system,2026-08-10T08:58:15.470046+00:00
b7fc097f-3425-48f1-beac-d29cb1fd62ae,unknown_queued,W14X82,Queued for review (structural_section),system,2026-08-10T08:58:15.637223+00:00
0674c77b-0c26-4ad1-86ec-670a7e7e6bfb,unknown_queued,W14X132,Queued for review (structural_section),system,2026-08-10T08:58:15.817861+00:00
28f0b254-af51-4b53-a737-f2028e29bf8c,unknown_queued,L4X4X1/4,Queued for review (structural_section),system,2026-08-10T08:58:16.094826+00:00
5444e801-8769-4ef0-b0da-3c1f192b675a,unknown_queued,"L3x3x1/4x0'-3"",",Queued for review (structural_section),system,2026-08-10T08:58:16.321690+00:00
bc9d98a9-7aaa-4b1e-957c-31d3b85dd4d0,unknown_queued,L1x1x1/4,Queued for review (structural_section),system,2026-08-10T08:58:16.490141+00:00
32fa056e-7d65-433c-b2c0-9b90407dfff4,unknown_queued,2 L1x1x1/4,Queued for review (structural_section),system,2026-08-10T08:58:16.775291+00:00
ecd58f71-402d-4023-9ab8-b8744e814140,unknown_queued,"L3X3X5/16,",Queued for review (structural_section),system,2026-08-10T08:58:16.954854+00:00
9ed9038c-e1fa-4300-a137-1f858bec6532,unknown_queued,"L4X4X3/8X0'-8""",Queued for review (structural_section),system,2026-08-10T08:58:17.136732+00:00
14f567f4-e08c-4558-a309-9f58ebe60b46,unknown_queued,2L3x3x1/4,Queued for review (structural_section),system,2026-08-10T08:58:17.302260+00:00
010d34d3-4299-4e83-b138-31ef8c74eb0b,unknown_queued,"L4x3x1/4x6""",Queued for review (structural_section),system,2026-08-10T08:58:17.452359+00:00
a6ceeb7a-d1fa-4736-acc9-1dc95e1e0fdb,unknown_queued,"L4x3x1/4x2'-0""",Queued for review (structural_section),system,2026-08-10T08:58:17.715198+00:00
92afc60f-b945-4d6f-913e-0f7e99c7d63a,unknown_queued,"L4x3x1/4x1'-0""",Queued for review (structural_section),system,2026-08-10T08:58:17.875084+00:00
a6180933-1c10-4671-8b54-73ec2b720e1c,unknown_queued,"L4x4x3/8x0'-6""",Queued for review (structural_section),system,2026-08-10T08:58:18.189688+00:00
c4f7cf20-259f-4bbb-bd23-9e4d766110b0,unknown_queued,L6x3-1/2x3/8,Queued for review (structural_section),system,2026-08-10T08:58:18.364054+00:00
06b6a292-557a-4e04-b586-fdc347a5805e,unknown_queued,"L4X3X3/8X0'-6""",Queued for review (structural_section),system,2026-08-10T08:58:18.611513+00:00
699d2e4a-b0b0-4685-9851-356934ea20bf,unknown_queued,HSS5x3x3/16,Queued for review (structural_section),system,2026-08-10T08:58:18.771908+00:00
30fe4e86-24f6-474d-9a90-47f4210e6208,unknown_queued,L7X4X3/8,Queued for review (structural_section),system,2026-08-10T08:58:19.064671+00:00
60da1854-7ad4-491d-af6d-fd5b63c8afa2,unknown_queued,"L3X3X3/8X0'-10""",Queued for review (structural_section),system,2026-08-10T08:58:19.402186+00:00
8d2b53a9-ded2-4779-9747-42ae5882f40e,unknown_queued,HSS6X6X3/8,Queued for review (structural_section),system,2026-08-10T08:58:19.628482+00:00
249ff098-d8c8-4734-8d63-7417e9ece5a9,unknown_queued,HSS8X6X3/8,Queued for review (structural_section),system,2026-08-10T08:58:19.861879+00:00
904c33c5-3c61-4ffa-ab2b-3ea50e719bc8,unknown_queued,HSS6X6X1/2,Queued for review (structural_section),system,2026-08-10T08:58:20.630844+00:00
7a20b4a8-8b0d-4482-bd97-c6390d79bfd0,unknown_queued,W10X54,Queued for review (structural_section),system,2026-08-10T08:58:21.593992+00:00
079f756d-d376-41f8-a06d-58f5bb106f15,unknown_queued,HSS10X0.500,Queued for review (structural_section),system,2026-08-10T08:58:21.840937+00:00
9040f4cc-97fe-4257-b325-083b37f3c5e6,unknown_queued,HSS10X0.625,Queued for review (structural_section),system,2026-08-10T08:58:22.113623+00:00
c01d8550-f5ce-41a5-82f8-d148e32fa981,unknown_queued,W10X33,Queued for review (structural_section),system,2026-08-10T08:58:22.441439+00:00
6610d364-1cc1-4cdd-832d-722315fbd7ab,unknown_queued,W8X40,Queued for review (structural_section),system,2026-08-10T08:58:22.779340+00:00
05d2ca73-aa6f-46f8-96cc-f5e565e9e794,token_approved,L2X2X1/4,class=2L2X2X1/4; Approved validation correction: Section 2L2X2X1/4 appears 3 times; verify whether duplicates are intentional members,validation_page,2026-08-10T09:03:04.958118+00:00
3ec1193d-350c-4b1a-8f72-b98f39e60c0d,token_rejected,W8X40,class=HSS10.000X0.625,user,2026-08-10T09:03:40.696913+00:00
0395b450-b244-4eb9-8858-1871d7b12502,token_approved,W10X33,class=W10X33,user,2026-08-10T09:03:57.247774+00:00
ea2dcb74-059e-4820-8bee-c206415a3821,token_approved,HSS10X0.625,class=HSS10.000X0.625,user,2026-08-10T09:04:31.206472+00:00
910efa2c-6dca-40bf-8984-0e4a4c3fd48e,token_approved,HSS10X0.500,class=HSS10.000X0.500,user,2026-08-10T09:04:39.229014+00:00
acbeb44f-5544-472b-b1bd-885e7833e593,token_approved,W10X54,class=W10X54,user,2026-08-10T09:05:27.105994+00:00
1d4236b4-75da-4f9c-b2c8-0cc8449c95e3,token_rejected,A325,class=,user,2026-08-10T09:05:31.369181+00:00
ec0f6606-4bf1-4d83-adf1-7107a4f7e352,token_rejected,L5X3-1/2X5/16,class=L5X5X3/8,user,2026-08-10T09:05:31.633142+00:00
03b6a80f-f9e5-4bea-b063-f80a48859b03,token_rejected,L6X4X3/8,class=L4X4X3/8,user,2026-08-10T09:05:31.792262+00:00
92090e0b-60bf-43dc-a612-06d2cdccf333,token_rejected,L3x3x1/4,class=2L3X3X1/4,user,2026-08-10T09:05:31.909498+00:00
a7e0d44d-2a9b-417f-9397-7e22621647ca,token_rejected,W12X16,class=W12X16,user,2026-08-10T09:05:32.015005+00:00
78b4650a-42f5-4637-8968-ce84ea7ee83f,token_rejected,W18X40,class=W16X40,user,2026-08-10T09:05:32.126568+00:00
a05cb077-d9cc-4730-9355-df441382ecaa,token_rejected,W21X50,class=W16X50,user,2026-08-10T09:05:32.241869+00:00
e72e2cf8-ac65-4d4a-ad12-5bdbbb67d5c5,token_rejected,W18X50,class=W12X50,user,2026-08-10T09:05:32.368910+00:00
944b48ae-3ff3-4f9f-8213-023a0eccc5aa,token_rejected,W10X15,class=W10X15,user,2026-08-10T09:05:32.474117+00:00
eb4bac29-70a5-4221-bc2d-8e63a901971f,token_rejected,W21X55,class=W21X55,user,2026-08-10T09:05:32.578268+00:00
4702baee-20d0-4591-95af-165c6a0f246d,token_rejected,W24X68,class=W24X68,user,2026-08-10T09:05:32.671635+00:00
bef33a10-e669-47dd-badc-b04566f28da6,token_rejected,W16X26,class=W10X22,user,2026-08-10T09:05:32.758302+00:00
a2c0fb44-2eff-433a-abc3-06bd08dcccef,token_rejected,W14X22,class=W14X22,user,2026-08-10T09:05:32.854517+00:00
2ecca538-9633-449e-99fc-aef6e25d27f8,token_rejected,W10X19,class=W10X15,user,2026-08-10T09:05:32.965513+00:00
85143c99-045c-4069-a343-ab21988bc1a6,token_rejected,HSS10X8X3/8,class=HSS10X8X3/8,user,2026-08-10T09:05:33.085915+00:00
1811149d-6a18-4c25-a31d-8cd1c4ecd30a,token_rejected,HSS10X6X3/8,class=HSS10X6X3/8,user,2026-08-10T09:05:33.217804+00:00
d2840bea-bb43-4c26-afe4-3c6257ec3592,token_rejected,W16X36,class=W16X36,user,2026-08-10T09:05:33.350191+00:00
2aea660f-4e9c-4b3c-ab6e-5a7ad1ca9cf1,token_rejected,W12X26,class=W10X26,user,2026-08-10T09:05:33.465193+00:00
4a596bc4-0df0-484d-ac46-ba647861c846,token_rejected,W30X90,class=W30X90,user,2026-08-10T09:05:33.587193+00:00
cd31a588-035f-4da0-b67c-8af7204006c4,token_rejected,HSS12X6X3/8,class=HSS12X6X3/8,user,2026-08-10T09:05:33.695912+00:00
6a83b0e6-5e5c-49b6-b5df-50d916357c1c,token_rejected,W10X22,class=W10X22,user,2026-08-10T09:05:33.796415+00:00
1ee718af-890d-40d5-8542-5c6405316b19,token_rejected,W12X16.,class=W12X16,user,2026-08-10T09:05:33.900020+00:00
b43aaffe-05f2-4e06-a74e-d1ccb76e20ab,token_rejected,W12X22,class=W12X22,user,2026-08-10T09:05:34.002492+00:00
ebdb9234-37bc-4555-bc9d-2602cd02240d,token_rejected,W10X30,class=W10X30,user,2026-08-10T09:05:34.111949+00:00
22a8fd81-acba-4181-8670-4745c799edb4,token_rejected,HSS14X6X1/2,class=HSS14X6X1/2,user,2026-08-10T09:05:34.256475+00:00
a376b61a-55df-4782-9a79-4825d17b4123,token_rejected,W12X40,class=W12X40,user,2026-08-10T09:05:34.366203+00:00
388b6de8-b6fd-48b8-a40c-27b2f6a60ced,token_rejected,W14X26,class=W14X26,user,2026-08-10T09:05:34.468438+00:00
8d05116a-be8a-4e5c-bfc8-472b3b869785,token_rejected,W24X84,class=W24X84,user,2026-08-10T09:05:34.569306+00:00
dca71995-846c-4212-9dc6-ff71a9bccd4a,token_rejected,W8x31,class=W8X18,user,2026-08-10T09:05:34.669925+00:00
5295fd66-50d7-45ac-aef5-74243ffbe262,token_rejected,HSS14X6X5/8,class=W18X35,user,2026-08-10T09:05:34.770327+00:00
7f1ef10f-6a29-4758-b4ec-1cefec47f2e8,token_rejected,L4X4X3/8,class=L4X4X3/8,user,2026-08-10T09:05:34.873698+00:00
8fd66c28-0008-42df-ab8f-4c62e64696dc,token_rejected,L2x2x3/16,class=L2X2X3/8,user,2026-08-10T09:05:34.974045+00:00
eb3001bf-ef3d-4ddf-a3cb-b6a057fdc260,token_rejected,L3x3x3/16,class=2L3X3X3/16,user,2026-08-10T09:05:35.075631+00:00
4c89d704-1afa-4ec7-a690-74b6b810f30c,token_rejected,C8x11.5.,class=C6X8.2,user,2026-08-10T09:05:35.174473+00:00
467202cf-9a68-453b-87b4-d5b9885923d8,token_rejected,C6 X 8.2,class=C6X8.2,user,2026-08-10T09:05:35.300799+00:00
70c767d5-3480-44f5-bdf7-b27ece55b4ae,token_rejected,C6 X 10.5,class=WT4X10.5,user,2026-08-10T09:05:35.441800+00:00
abef2e9f-e02e-448c-97dd-f88fca7f6049,token_rejected,L4X3X3/8,class=L4X3X3/8,user,2026-08-10T09:05:35.548325+00:00
2aeea88d-f657-42c0-9ca6-b50963d3fbce,token_rejected,L3x3x3/8,class=HSS3X3X3/8,user,2026-08-10T09:05:35.651060+00:00
545de04b-16d7-4cce-b723-b756a21df53a,token_rejected,L5x3-1/2x3/8,class=L5X5X3/8,user,2026-08-10T09:05:35.752574+00:00
efbba0a3-c492-4448-a96d-07d1df0332ae,token_rejected,"L3X3X3/8X0'-6""",class=2L3X3X1/4,user,2026-08-10T09:05:35.838817+00:00
13927f6b-5e1b-4a11-a017-216a508d7789,token_rejected,W10X112,class=W10X112,user,2026-08-10T09:05:35.926440+00:00
c1005209-75b9-49c9-b6d0-52154b13fd67,token_rejected,W12X106,class=W12X106,user,2026-08-10T09:05:36.017084+00:00
38395713-5125-4e8e-8cae-f95c190cec2e,token_rejected,W12X230,class=W12X230,user,2026-08-10T09:05:36.120772+00:00
25520730-ea6b-4c51-a0d1-563a69b91e4f,token_rejected,W12X252,class=W12X22,user,2026-08-10T09:05:36.222297+00:00
e5f98906-3f84-4dcd-8df4-4c111d03db75,token_rejected,W12X336,class=W12X336,user,2026-08-10T09:05:36.325699+00:00
af515ab8-dc83-4b3f-bf2e-a6db1cf727dd,token_rejected,W14X43,class=W14X43,user,2026-08-10T09:05:36.430151+00:00
ea6ffc7c-67aa-4319-aca1-521ea7284277,token_rejected,W14X61,class=W14X26,user,2026-08-10T09:05:36.535374+00:00
9a1f5a5d-12bc-4d31-9c0a-8239907d0336,token_rejected,W14X68,class=W14X68,user,2026-08-10T09:05:36.637661+00:00
3d6f544c-264f-4f4c-ab5c-6b97c50fe9dd,token_rejected,W14X82,class=W14X22,user,2026-08-10T09:05:36.740499+00:00
a78a4fe8-3aec-4ac1-8c6b-265b64bf6504,token_rejected,W14X132,class=W14X132,user,2026-08-10T09:05:36.840837+00:00
79ecce96-a4e5-4c24-94cd-5313768d520f,token_rejected,L4X4X1/4,class=L4X4X1/4,user,2026-08-10T09:05:36.948368+00:00
64b380a3-fe9c-46f7-99ca-973662c8140f,token_rejected,"L3x3x1/4x0'-3"",",class=2L3X3X1/2X3/4,user,2026-08-10T09:05:37.052011+00:00
26c9ae69-4cfc-48c8-8650-00bdeb0393bf,token_rejected,L1x1x1/4,class=L2X2X1/4,user,2026-08-10T09:05:37.155947+00:00
3e9f10bb-ef6e-48ff-ad50-9784c8d41724,token_rejected,2 L1x1x1/4,class=2L2X2X1/4,user,2026-08-10T09:05:37.259666+00:00
6bc6fe55-2403-4b8b-b747-1649d6cc4d3c,token_rejected,"L3X3X5/16,",class=HSS3X3X5/16,user,2026-08-10T09:05:37.362753+00:00
dc43c8d5-3855-4349-83fb-bc5b44114368,token_rejected,"L4X4X3/8X0'-8""",class=L4X4X3/8,user,2026-08-10T09:05:37.469452+00:00
83c5d48a-bd7e-433f-843a-9c7ef5079fb5,token_rejected,2L3x3x1/4,class=L3X3X1/2,user,2026-08-10T09:05:37.570448+00:00
61e0e23b-91e6-44ff-9193-341f404672bc,token_rejected,"L4x3x1/4x6""",class=L4X3X5/16,user,2026-08-10T09:05:37.673474+00:00
c08188ea-e108-4909-a140-803fb6a6d22b,token_rejected,"L4x3x1/4x2'-0""",class=L4X3X5/16,user,2026-08-10T09:05:37.777613+00:00
2ff52449-f476-4641-b0d9-4ef1a7dbcfd0,token_rejected,"L4x3x1/4x1'-0""",class=L4X3X5/16,user,2026-08-10T09:05:37.878625+00:00
b0c0c933-3f29-45cf-b17d-fdf85e69725a,token_rejected,"L4x4x3/8x0'-6""",class=L4X4X3/8,user,2026-08-10T09:05:37.981879+00:00
a0b5143d-11b9-4ee7-8212-e3b5fa8f13ee,token_rejected,L6x3-1/2x3/8,class=L4X3X3/8,user,2026-08-10T09:05:38.087161+00:00
53fee122-52f8-4ded-ab64-6da0779ddb0e,token_rejected,"L4X3X3/8X0'-6""",class=L4X3X3/8,user,2026-08-10T09:05:38.185279+00:00
060813fc-57d1-4988-bb6f-adfbc00c5753,token_rejected,HSS5x3x3/16,class=L4X4X3/8,user,2026-08-10T09:05:38.283190+00:00
4320642a-cf89-4275-a37e-bb326fac5070,token_rejected,L7X4X3/8,class=L4X4X3/8,user,2026-08-10T09:05:38.385213+00:00
6c8154e8-0886-4d33-880e-af7cf3134fbb,token_rejected,"L3X3X3/8X0'-10""",class=2L3X3X1/4,user,2026-08-10T09:05:38.492484+00:00
6eb55813-3090-4c9e-bdf6-305e04046b50,token_rejected,HSS6X6X3/8,class=HSS10X6X3/8,user,2026-08-10T09:05:38.593641+00:00
51d0884d-d989-4a51-b97d-abdc6e4ef18f,token_rejected,HSS8X6X3/8,class=HSS10X6X3/8,user,2026-08-10T09:05:38.690844+00:00
06582999-2406-430f-8de5-9d3fd8c3e6c3,token_rejected,HSS6X6X1/2,class=HSS14X6X1/2,user,2026-08-10T09:05:38.777640+00:00
0f16e6cf-a873-4eab-b462-b3a893088d54,unknown_queued,L3x3x1/4,Queued for review (structural_section),system,2026-08-10T10:59:12.431800+00:00
f2793a34-6164-422d-bb77-b8a4ee0c2ffb,unknown_queued,L4X3-1/2X5/16,Queued for review (structural_section),system,2026-08-10T10:59:12.655215+00:00
3c873749-7d0c-4bb9-bd97-4a3a6084bb18,unknown_queued,L5X3-1/2X5/16,Queued for review (structural_section),system,2026-08-10T10:59:12.843392+00:00
2a99a75e-470d-4154-a8d9-5e7d5780f9c6,unknown_queued,HSS8X6X5/16,Queued for review (structural_section),system,2026-08-10T10:59:13.409282+00:00
af44bb2b-b9ef-426f-b2db-a5cc5604516b,unknown_queued,HSS6X4X3/8,Queued for review (structural_section),system,2026-08-10T10:59:13.601167+00:00
e06199eb-4a3c-4dbf-b84e-5adf14ff540f,unknown_queued,W12X16,Queued for review (structural_section),system,2026-08-10T10:59:13.751834+00:00
0b6b0cb2-278b-4fca-b86c-5b097925d11c,unknown_queued,W21X44,Queued for review (structural_section),system,2026-08-10T10:59:13.900016+00:00
ea515957-c553-4063-8d76-e6ab7de967c9,unknown_queued,W18X50,Queued for review (structural_section),system,2026-08-10T10:59:14.120549+00:00
176ec826-7277-4932-a33b-1d35325b62d0,unknown_queued,W18X35,Queued for review (structural_section),system,2026-08-10T10:59:14.271948+00:00
60e6d507-f4c9-4d84-83ee-437055992525,unknown_queued,W18X40,Queued for review (structural_section),system,2026-08-10T10:59:14.554053+00:00
05c5ff77-a62c-466c-afd2-cdfd286a6258,unknown_queued,W18X97,Queued for review (structural_section),system,2026-08-10T10:59:14.843168+00:00
d76094c2-2638-4cc4-b984-436808f6d819,unknown_queued,W18X46,Queued for review (structural_section),system,2026-08-10T10:59:14.992449+00:00
2496bbe1-5e21-4735-9220-416e4d3f8d94,unknown_queued,W16X26,Queued for review (structural_section),system,2026-08-10T10:59:15.291927+00:00
a24497a7-0728-4e1e-93cd-7ac6aeb1c961,unknown_queued,W18X65,Queued for review (structural_section),system,2026-08-10T10:59:15.551494+00:00
47e46227-7d31-4c57-a5f2-c3e2b0fedb16,unknown_queued,W18X55,Queued for review (structural_section),system,2026-08-10T10:59:15.715721+00:00
c8a36346-fd7c-430a-936c-fb3e74cd9c39,unknown_queued,W24X68,Queued for review (structural_section),system,2026-08-10T10:59:16.349586+00:00
f1a50fd9-72d9-4454-8045-8b5a32ea20ce,unknown_queued,HSS14X10X3/8,Queued for review (structural_section),system,2026-08-10T10:59:16.666054+00:00
10940b33-5c04-495c-b950-435dcfe512fe,unknown_queued,W16X45,Queued for review (structural_section),system,2026-08-10T10:59:16.819332+00:00
46e692f1-0584-4f76-81e9-411a269023be,unknown_queued,W14X30,Queued for review (structural_section),system,2026-08-10T10:59:17.088730+00:00
853ea879-84be-4d3f-b240-fccd8338f266,unknown_queued,HSS8X6X3/8,Queued for review (structural_section),system,2026-08-10T10:59:17.686958+00:00
4c6467c4-5e41-483d-a511-eb963619a62c,unknown_queued,W16X50,Queued for review (structural_section),system,2026-08-10T10:59:17.840231+00:00
bd76b2b4-5be1-4783-bcc1-cabb0332c693,unknown_queued,W16X40,Queued for review (structural_section),system,2026-08-10T10:59:17.976268+00:00
2ee94aaf-0135-4b8c-b6e0-52238f7aeb6f,unknown_queued,W12X19,Queued for review (structural_section),system,2026-08-10T10:59:18.138627+00:00
8daff985-26bd-49b9-a5a1-8f31cc5e33d1,unknown_queued,W21X50,Queued for review (structural_section),system,2026-08-10T10:59:18.368302+00:00
93d684a5-73b0-45be-9471-42fa96343366,unknown_queued,W18X76,Queued for review (structural_section),system,2026-08-10T10:59:18.537490+00:00
13688a60-3269-49b7-a0f2-59cc3644cd3b,unknown_queued,W16X36,Queued for review (structural_section),system,2026-08-10T10:59:19.094257+00:00
3a8037ed-13f7-42a4-a7d4-d60b8b7e7f65,unknown_queued,W8X24,Queued for review (structural_section),system,2026-08-10T10:59:19.576591+00:00
4bdc32c6-42ea-49b3-8a9b-e80a25ce41e5,unknown_queued,W24X62,Queued for review (structural_section),system,2026-08-10T10:59:19.859405+00:00
44bd9fb4-2a03-4878-b5e2-c13ce7cac053,unknown_queued,W12X26,Queued for review (structural_section),system,2026-08-10T10:59:20.156199+00:00
eb222ab3-97d3-4830-a867-9d6222fe893c,unknown_queued,W21X62,Queued for review (structural_section),system,2026-08-10T10:59:20.426553+00:00
a3228663-8732-4fb0-a265-ae0e3d57882a,unknown_queued,L4X3-1/2X3/8,Queued for review (structural_section),system,2026-08-10T10:59:21.109222+00:00
6d47e774-edec-4d35-8afd-7b7f2f23e6c9,unknown_queued,HSS12X6X1/2,Queued for review (structural_section),system,2026-08-10T10:59:21.525846+00:00
127da28f-bdfb-4b1b-bd46-ae662c5e58f1,unknown_queued,HSS16X8X3/8,Queued for review (structural_section),system,2026-08-10T10:59:21.923733+00:00
0c0f390a-05c2-40ac-9fcf-86ad05c5dd96,unknown_queued,HSS6X6X3/8,Queued for review (structural_section),system,2026-08-10T10:59:22.135890+00:00
6eab828d-0a40-4a8f-8c98-833c39afb653,unknown_queued,HSS16X4X1/2,Queued for review (structural_section),system,2026-08-10T10:59:22.852374+00:00
e24158f2-bde9-4c8f-97c7-113ca504de82,unknown_queued,W12X16.,Queued for review (structural_section),system,2026-08-10T10:59:23.040441+00:00
bd5ea4fe-f343-4530-b0bc-511e4c9b68aa,unknown_queued,L4X3X5/16,Queued for review (structural_section),system,2026-08-10T10:59:23.207448+00:00
439af579-c7da-467e-9276-e8fee96bb717,unknown_queued,L5X5X1/2,Queued for review (structural_section),system,2026-08-10T10:59:24.333192+00:00
c5a03205-92d8-45b5-9162-ca1866057d67,unknown_queued,L4x4,Queued for review (structural_section),system,2026-08-10T10:59:25.540643+00:00
c36ff63a-5aa8-4e59-b91a-86c3f1ae261e,unknown_queued,W21X48,Queued for review (structural_section),system,2026-08-10T10:59:26.284533+00:00
a6a4b077-98f1-4dc9-8102-585b049ffa6e,unknown_queued,HSS20X12X1/2,Queued for review (structural_section),system,2026-08-10T10:59:26.558598+00:00
cb739f14-88cf-48f9-a2d3-58abe030f8ae,unknown_queued,L4x4x3/8,Queued for review (structural_section),system,2026-08-10T10:59:28.606609+00:00
087b774a-bfcf-4e3e-93b1-ec56add2ec16,unknown_queued,L4X3X1/4,Queued for review (structural_section),system,2026-08-10T10:59:28.887619+00:00
48f3c2ff-3f55-4809-b6f6-4bc6636cf2ec,unknown_queued,L4X3 1/2X3/8,Queued for review (structural_section),system,2026-08-10T10:59:29.039669+00:00
a5145c2f-2167-4d2c-b57a-402614f2dacf,unknown_queued,L2x2x3/16,Queued for review (structural_section),system,2026-08-10T10:59:29.173036+00:00
3bc4a1f3-eef9-4465-aeee-6803cfadc5f7,unknown_queued,L3x3x3/16,Queued for review (structural_section),system,2026-08-10T10:59:29.368801+00:00
73632490-b56e-4193-bd23-5259df5432bc,unknown_queued,L1x1x1/4,Queued for review (structural_section),system,2026-08-10T10:59:29.927174+00:00
31e681ff-736a-4918-b4d9-8adecb58adf4,unknown_queued,2 L1x1x1/4,Queued for review (structural_section),system,2026-08-10T10:59:30.100985+00:00
cfc4aa85-3719-4c9d-8b06-d273298757c5,unknown_queued,L2X2X1/4,Queued for review (structural_section),system,2026-08-10T10:59:30.275369+00:00
efb803f3-fd6a-47cf-a9d9-169cf81093be,unknown_queued,"L3x3x1/4x0'-3"",",Queued for review (structural_section),system,2026-08-10T10:59:30.474903+00:00
26e7b6f0-1708-4009-a03e-44bf745f0e28,unknown_queued,L4X4X1/4,Queued for review (structural_section),system,2026-08-10T10:59:30.654822+00:00
dbaafdf6-5a46-4fb3-aa28-2fda53b0bf8f,unknown_queued,HSS4X3X5/16,Queued for review (structural_section),system,2026-08-10T10:59:30.925231+00:00
acbcfbdd-4d42-48a2-864e-2bc5cad701ae,unknown_queued,HSS4X4X5/16,Queued for review (structural_section),system,2026-08-10T10:59:31.209791+00:00
e136f8ea-4c34-450f-b435-c8e0a94af1a2,unknown_queued,"L4x3x1/4x6""",Queued for review (structural_section),system,2026-08-10T10:59:32.004087+00:00
dcb7476d-28bb-487c-9cd1-053d4bb9cd6e,unknown_queued,"L4x3x1/4x1'-0""",Queued for review (structural_section),system,2026-08-10T10:59:32.405634+00:00
3c56722f-dc54-44c1-9d6d-5b9d5e4f5a97,unknown_queued,C8X13.7,Queued for review (structural_section),system,2026-08-10T10:59:33.070328+00:00
dfab6861-c635-40f9-b126-5df8dcbeccf7,unknown_queued,"L4X4X5/16X0'-5""",Queued for review (structural_section),system,2026-08-10T10:59:33.607170+00:00
262fb38f-e700-43c6-9bf0-72e2d710ca8e,unknown_queued,HSS16X0.5,Queued for review (structural_section),system,2026-08-10T10:59:34.017301+00:00
456eeb18-c3a4-46ef-b082-71623822313d,unknown_queued,HSS6x2x5/16,Queued for review (structural_section),system,2026-08-10T10:59:34.449459+00:00
1d24d4c9-9088-4702-9acd-fe2daac3dc4c,unknown_queued,L8X6X1/2X1',Queued for review (structural_section),system,2026-08-10T10:59:34.749739+00:00
09be07b9-3ef4-4daf-b808-53abcd831fca,unknown_queued,L6X3 1/2X5/16,Queued for review (structural_section),system,2026-08-10T10:59:35.155953+00:00
5b70b9e1-17d2-414b-8d1c-3ebaf87e9a5d,unknown_queued,"L7X4X3/8X0'-11""",Queued for review (structural_section),system,2026-08-10T10:59:35.620347+00:00
47e6b0be-40e6-4724-b941-a6d9cbdf9774,unknown_queued,"L5X3X3/8X0'-5""",Queued for review (structural_section),system,2026-08-10T10:59:35.875144+00:00
14fc346d-5399-468a-9448-16ae9562fb2c,unknown_queued,L3X3X3/8,Queued for review (structural_section),system,2026-08-10T10:59:36.069864+00:00
a5817318-5348-4820-8d6e-cf887df36e48,unknown_queued,"L4X4X3/8X0'-4""",Queued for review (structural_section),system,2026-08-10T10:59:36.269808+00:00
3ff01cc9-24f5-4d7b-b3c2-1c9c4ed9bad3,unknown_queued,"L3X3X3/8,",Queued for review (structural_section),system,2026-08-10T10:59:36.454359+00:00
00a1a6ff-3a25-40a7-980b-5a6181729c66,unknown_queued,"L4X3X3/8X0'-8""",Queued for review (structural_section),system,2026-08-10T10:59:36.942337+00:00
107c39b3-433f-45c6-af32-d5c481f84e44,unknown_queued,HSS4X4X3/8,Queued for review (structural_section),system,2026-08-10T10:59:37.760675+00:00
16f81ef6-ed50-4f32-9452-c0afd45c0107,unknown_queued,HSS6X6X5/8,Queued for review (structural_section),system,2026-08-10T10:59:39.126206+00:00
98c82d36-507a-4d0c-8848-5a9abc255e20,unknown_queued,HSS8X8X3/8,Queued for review (structural_section),system,2026-08-10T10:59:39.923750+00:00
b11966ae-5455-4644-84d5-ea9875cc1698,unknown_queued,HSS6X6X1/2,Queued for review (structural_section),system,2026-08-10T10:59:40.369162+00:00
4a631bda-9ff9-4381-a5ae-30f9e29ce3b9,unknown_queued,W10X45,Queued for review (structural_section),system,2026-08-10T10:59:41.454599+00:00
5e562f76-268a-4a6a-b986-c65203cc68d8,unknown_queued,W10X33,Queued for review (structural_section),system,2026-08-10T10:59:41.675218+00:00
246b22db-4ed7-4272-8a89-6ed74fea9b43,unknown_queued,W10X39,Queued for review (structural_section),system,2026-08-10T10:59:41.873532+00:00
cd5a7627-0c67-4d92-8adb-9d1ce33b569f,unknown_queued,W10X49,Queued for review (structural_section),system,2026-08-10T10:59:42.375278+00:00
4e3c8a37-c980-45b1-ae60-58ad341c8885,unknown_queued,W10X54,Queued for review (structural_section),system,2026-08-10T10:59:43.425982+00:00
dced12cf-75e4-402a-acbf-4ce2c61ef87f,unknown_queued,W12X65,Queued for review (structural_section),system,2026-08-10T10:59:45.669804+00:00
7aefa0fb-e8c3-4997-b095-5756e605ba5d,unknown_queued,HSS10X0.500,Queued for review (structural_section),system,2026-08-10T10:59:51.031811+00:00
713735c1-cd61-4f00-b04b-fa09317de659,unknown_queued,HSS18X0.500,Queued for review (structural_section),system,2026-08-10T10:59:52.400540+00:00
21ecea04-031e-4508-8ab2-0d18de454f1d,unknown_queued,HSS18X0.375,Queued for review (structural_section),system,2026-08-10T10:59:54.509963+00:00
f6009224-dd44-412a-aa70-4e3c39ecb0dc,unknown_queued,HSS12.750X0.375,Queued for review (structural_section),system,2026-08-10T10:59:56.143188+00:00
2440b6ad-d76a-4e7a-8365-5e6ef84161a0,unknown_queued,W18 X 35,Queued for review (structural_section),system,2026-08-10T11:09:22.452848+00:00
4ee6252e-8a30-479d-8c54-f18af7c13873,unknown_queued,HSS8X8X1/2,Queued for review (structural_section),system,2026-08-10T11:09:22.582269+00:00
fe0cc67c-3410-47a7-b8e1-a189c30fb3a7,token_approved,W10X39,class=W10X49,user,2026-08-10T11:24:19.552133+00:00
27ddea84-1711-4075-886b-a8b54d1ad207,token_rejected,"L3X3X3/8,",class=2L3X3X3/16X3/8,user,2026-08-10T11:24:47.703172+00:00
08b74c2f-8819-4763-9e1a-0f4c6bbe8775,token_approved,W18 X 35,class=W18X35,user,2026-08-10T11:25:09.415724+00:00
694f2a8c-090c-40cf-8229-8c6fb0422566,token_rejected,L3x3x1/4,class=L3X3X1/4,user,2026-08-10T11:59:41.439068+00:00
1b27632b-287c-4180-9a6d-be9663c0b1d9,token_rejected,L4X3-1/2X5/16,class=L4X4X1/4,user,2026-08-10T11:59:41.671189+00:00
95633979-278d-4926-8f5a-9aee37352121,token_rejected,L5X3-1/2X5/16,class=L5X3X1/4,user,2026-08-10T11:59:41.871035+00:00
dfea9436-ea3e-474e-a4ba-350ad0d7101d,token_rejected,HSS8X6X5/16,class=HSS8X6X5/16,user,2026-08-10T11:59:41.974715+00:00
e1370135-43ca-429b-80c5-8acbb3d76f2d,token_rejected,HSS6X4X3/8,class=HSS6X4X3/8,user,2026-08-10T11:59:42.083482+00:00
9888225f-bf6f-4c38-b915-e960533d167e,token_rejected,W12X16,class=W12X120,user,2026-08-10T11:59:42.330611+00:00
5484b637-7f68-4c21-917c-6c8765ee1662,token_rejected,W21X44,class=W21X44,user,2026-08-10T11:59:42.425705+00:00
ca68221a-8090-4383-a9e5-be16cd337d38,token_rejected,W18X50,class=W12X50,user,2026-08-10T11:59:42.525120+00:00
58fb14c2-717d-48f5-a0e3-9736b039145e,token_rejected,W18X35,class=W18X35,user,2026-08-10T11:59:42.620242+00:00
0762f974-d3a7-4bd2-92a7-0c44e718d681,token_rejected,W18X40,class=W18X40,user,2026-08-10T11:59:42.717902+00:00
025f00cc-7ef8-43b5-899e-54bbb331d891,token_rejected,W18X97,class=W18X97,user,2026-08-10T11:59:42.820043+00:00
8ce932df-ec3b-450e-b158-ada65d9aa4ca,token_rejected,W18X46,class=W18X46,user,2026-08-10T11:59:42.916002+00:00
38b1a547-b6ce-4087-8cb1-b6547dac4fb1,token_rejected,W16X26,class=W10X26,user,2026-08-10T11:59:43.011997+00:00
f991f443-2b1e-40f7-ad69-7cd9295c0706,token_rejected,W18X65,class=W18X55,user,2026-08-10T11:59:43.111741+00:00
bb0d2412-a273-4bf7-a103-f17cab03918f,token_rejected,W18X55,class=W18X55,user,2026-08-10T11:59:43.210059+00:00
eb86b96b-7d00-4a89-adfe-640c018e499c,token_rejected,W24X68,class=W21X68,user,2026-08-10T11:59:43.351057+00:00
3a91ea43-018a-4860-a4a9-61907ce25d05,token_rejected,HSS14X10X3/8,class=HSS14X10X1/4,user,2026-08-10T11:59:43.487900+00:00
9fd8d143-ee1d-4df6-bf67-e85c80af74e7,token_rejected,W16X45,class=W16X45,user,2026-08-10T11:59:43.576436+00:00
1005d6e6-2773-4e39-b672-5185f348dc1e,token_rejected,W14X30,class=W14X30,user,2026-08-10T11:59:43.676624+00:00
05539a13-fbc2-48d3-9bdc-aeb45ae65cf0,token_rejected,HSS8X6X3/8,class=HSS8X8X3/8,user,2026-08-10T11:59:43.783518+00:00
67dc703c-26bb-4142-a224-8d0892d61b55,token_rejected,W16X50,class=W16X50,user,2026-08-10T11:59:43.891486+00:00
c96b1d58-0351-4987-a065-247c3755bb3f,token_rejected,W16X40,class=W12X40,user,2026-08-10T11:59:43.996384+00:00
2c7e8ffe-014d-4214-a4fd-cb0bca2490cc,token_rejected,W12X19,class=W12X120,user,2026-08-10T11:59:44.101990+00:00
0b297bd3-b68c-44ca-aceb-a77c33238b23,token_rejected,W21X50,class=W16X50,user,2026-08-10T11:59:44.207331+00:00
ac1585f4-aedf-416c-b393-5c721dfb0add,token_rejected,W18X76,class=W18X76,user,2026-08-10T11:59:44.316743+00:00
ec173965-f965-4b83-9146-da13ee621316,token_rejected,W16X36,class=W16X36,user,2026-08-10T11:59:44.479251+00:00
1189681e-cad3-497f-bba2-2bc35843ba73,token_rejected,W8X24,class=W8X24,user,2026-08-10T11:59:44.617412+00:00
0a8f1ffb-7aca-43c6-af96-15171cb352b4,token_rejected,W24X62,class=W24X62,user,2026-08-10T11:59:44.740920+00:00
f0148a53-fb0e-445b-84de-e5ba29e72c01,token_rejected,W12X26,class=W12X16,user,2026-08-10T11:59:44.870639+00:00
13a73279-86c5-4723-ad67-3338d4aa13da,token_rejected,W21X62,class=W24X62,user,2026-08-10T11:59:44.979947+00:00
9c32adb5-767c-4f38-b2f9-fdf61c418e85,token_rejected,L4X3-1/2X3/8,class=L4X3X3/8,user,2026-08-10T11:59:45.111510+00:00
caf2c599-f260-4863-8ea0-49baf1cc8e9e,token_rejected,HSS12X6X1/2,class=HSS8X6X1/2,user,2026-08-10T11:59:45.307868+00:00
1d7b0ddb-a44b-40cd-bbfb-bbd0e22563bc,token_rejected,HSS16X8X3/8,class=HSS6X4X3/8,user,2026-08-10T11:59:45.460958+00:00
71945a5b-8b18-4e0a-8f6a-44110c5a2463,token_rejected,HSS6X6X3/8,class=HSS6X6X1/2,user,2026-08-10T11:59:45.577006+00:00
0bf28060-e200-455a-93f1-c2fcbb8141bd,token_rejected,HSS16X4X1/2,class=HSS16X4X1/4,user,2026-08-10T11:59:45.694841+00:00
5d43c375-06ad-42de-939b-922f948f82cf,token_rejected,W12X16.,class=W12X19,user,2026-08-10T11:59:45.808200+00:00
ebad94e6-2c41-46dd-876b-6c493b603ee5,token_rejected,L4X3X5/16,class=2L4X3X5/16LLBB,user,2026-08-10T11:59:45.933782+00:00
bbe98f23-bbcb-4953-837e-7bf155c571d2,token_rejected,L5X5X1/2,class=L5X5X1/2,user,2026-08-10T11:59:46.047923+00:00
9594d3d6-29d8-4560-a3ae-c19cf21d1b9a,token_rejected,L4x4,class=L4X3X1/4,user,2026-08-10T11:59:46.158519+00:00
5b3c679a-de13-44f2-939c-689cbe098e5e,token_rejected,W21X48,class=W21X68,user,2026-08-10T11:59:46.272215+00:00
0b0c35eb-c14c-46b9-b896-ce08d1b359b6,token_rejected,HSS20X12X1/2,class=HSS10X10X1/2,user,2026-08-10T11:59:46.414935+00:00
e3109b3b-4346-4b35-927c-6215cd53d891,token_rejected,L4x4x3/8,class=L4X3X3/8,user,2026-08-10T11:59:46.504608+00:00
00c464ab-c028-4380-9c0e-0f00a260943c,token_rejected,L4X3X1/4,class=L3X3X1/2,user,2026-08-10T11:59:46.586821+00:00
21db2641-dcfc-4ad1-a8c6-cccd0b4b15e3,token_rejected,L4X3 1/2X3/8,class=L4X3X1/4,user,2026-08-10T11:59:46.685641+00:00
e0be9af8-9cb6-4bb4-977e-cd868a8fd94d,token_rejected,L2x2x3/16,class=2L2X2X3/16X3/4,user,2026-08-10T11:59:46.783868+00:00
83f3f6ae-9e4d-4c96-bcc7-42c3d79694cb,token_rejected,L3x3x3/16,class=2L3X3X3/8X3/8,user,2026-08-10T11:59:46.880948+00:00
9ad5a647-516e-4ff5-a142-4bbd0f1138d2,token_rejected,L1x1x1/4,class=L2X2X1/4,user,2026-08-10T11:59:46.980687+00:00
e19b8842-0385-4991-b2b1-4b851c20c6f5,token_rejected,2 L1x1x1/4,class=2L2X2X1/4,user,2026-08-10T11:59:47.079860+00:00
3691643b-080c-44dd-bf39-0b7c3808d9e5,token_rejected,L2X2X1/4,class=L2X2X1/4,user,2026-08-10T11:59:47.177012+00:00
2d568a6b-614e-4eff-b956-8aa0732c9577,token_rejected,"L3x3x1/4x0'-3"",",class=2L3X3X1/2X3/8,user,2026-08-10T11:59:47.274559+00:00
0a2c21b4-8b05-4f21-b0c5-8da4cd44a70e,token_rejected,L4X4X1/4,class=L4X4X1/2,user,2026-08-10T11:59:47.372232+00:00
952ab504-cdd2-4d6d-992e-8d1590f787bd,token_rejected,HSS4X3X5/16,class=HSS4X4X5/16,user,2026-08-10T11:59:47.470378+00:00
66cce0a1-357b-49df-b09a-5e54a69da453,token_rejected,HSS4X4X5/16,class=HSS6X2X5/16,user,2026-08-10T11:59:47.570459+00:00
1d35378d-5543-4d72-ad40-36a8405a2b5c,token_rejected,"L4x3x1/4x6""",class=L3X3X1/2,user,2026-08-10T11:59:47.667386+00:00
523db9d8-588d-448b-a4a3-4cb69bc87028,token_rejected,"L4x3x1/4x1'-0""",class=L4X4X1/4,user,2026-08-10T11:59:47.774856+00:00
5ba54033-bb1b-4369-9e4b-503f4ba0e8bc,token_rejected,C8X13.7,class=C8X13.75,user,2026-08-10T11:59:47.917288+00:00
cc3dca98-5207-45db-935d-d2d119bc1a0f,token_rejected,"L4X4X5/16X0'-5""",class=L4X4X3/8,user,2026-08-10T11:59:48.029603+00:00
7f02349f-5cb9-494a-86a8-d98c081c6120,token_rejected,HSS16X0.5,class=HSS12.750X0.375,user,2026-08-10T11:59:48.142000+00:00
77254ec3-0ead-4384-9aed-a26be8ad54eb,token_rejected,HSS6x2x5/16,class=HSS6X2X1/4,user,2026-08-10T11:59:48.252300+00:00
27a21993-f29b-48ea-afa1-05d3a4469ccc,token_rejected,L8X6X1/2X1',class=L8X6X1,user,2026-08-10T11:59:48.360809+00:00
693e6c64-0e1b-4998-a0c7-5870fc76a9dd,token_rejected,L6X3 1/2X5/16,class=L5X3X1/4,user,2026-08-10T11:59:48.471913+00:00
5c251abd-61a6-43e7-8222-df759b5e9c62,token_rejected,"L7X4X3/8X0'-11""",class=L6X4X3/8,user,2026-08-10T11:59:48.589681+00:00
518b3a0f-d102-46f7-8efb-f82ecbbae293,token_rejected,"L5X3X3/8X0'-5""",class=2L5X3X3/8LLBB,user,2026-08-10T11:59:48.719547+00:00
21af658c-cf00-4e0e-be03-3213e8bba48f,token_rejected,L3X3X3/8,class=2L3X3X3/16X3/4,user,2026-08-10T11:59:48.835100+00:00
89b875af-1478-44e9-8187-5616761c504a,token_rejected,"L4X4X3/8X0'-4""",class=L4X4X3/8,user,2026-08-10T11:59:48.944965+00:00
d63b9c95-95d4-42d2-9ef3-101b21399811,token_rejected,"L4X3X3/8X0'-8""",class=2L4X3X3/8LLBB,user,2026-08-10T11:59:49.055995+00:00
7bb9e744-69a2-4191-b96a-694eaa183134,token_rejected,HSS4X4X3/8,class=HSS4X4X3/8,user,2026-08-10T11:59:49.163893+00:00
19bfa6fd-b554-4ce7-b2eb-d2f98af2d83b,token_rejected,HSS6X6X5/8,class=HSS14X6X5/8,user,2026-08-10T11:59:49.274845+00:00
ae472628-9b1c-43b1-b533-7f9db2fb0887,token_rejected,HSS8X8X3/8,class=HSS8X6X3/8,user,2026-08-10T11:59:49.384276+00:00
a5cd6814-aa56-4ece-9c65-28361c0afc09,token_rejected,HSS6X6X1/2,class=HSS8X6X1/2,user,2026-08-10T11:59:49.487525+00:00
bb48d156-56d3-4b0a-a396-6c5430f7d482,token_rejected,W10X45,class=W10X22,user,2026-08-10T11:59:49.610038+00:00
6023f1ca-0cde-4144-a52f-1f9156432306,token_rejected,W10X33,class=W12X336,user,2026-08-10T11:59:49.727602+00:00
7079683a-9c4c-48df-9f54-2b9a522411b0,token_rejected,W10X49,class=W10X49,user,2026-08-10T11:59:49.865043+00:00
5b5be93f-a70b-44f9-9760-4c5cb97875d4,token_rejected,W10X54,class=W10X54,user,2026-08-10T11:59:49.975584+00:00
86850a57-6bdb-47d0-a2a8-4a181397fd65,token_rejected,W12X65,class=W12X65,user,2026-08-10T11:59:50.094492+00:00
4e58fb61-d8d0-4826-8234-c2931a304003,token_rejected,HSS10X0.500,class=HSS10.000X0.500,user,2026-08-10T11:59:50.202238+00:00
de2c9bf5-348b-4837-b99b-89d2735d44ef,token_rejected,HSS18X0.500,class=HSS18.000X0.375,user,2026-08-10T11:59:50.313105+00:00
18a4d51c-bf09-4813-bb08-3f744538578d,token_rejected,HSS18X0.375,class=HSS12.750X0.375,user,2026-08-10T11:59:50.423955+00:00
2836ae2f-4277-4d4f-9577-d2c59876f3b4,token_rejected,HSS12.750X0.375,class=HSS10.000X0.500,user,2026-08-10T11:59:50.538056+00:00
1073065d-5ba1-42a3-9c5b-66147c7b7e05,token_rejected,HSS8X8X1/2,class=HSS8X8X1/2,user,2026-08-10T11:59:50.699569+00:00
fef98e08-87a1-4363-b976-2a15c3e54bed,unknown_queued,W18x50,Queued for review (structural_section),system,2026-08-10T13:01:55.204249+00:00
b238a838-5575-450d-9122-0a5e4d3130ff,unknown_queued,C15X33.9,Queued for review (structural_section),system,2026-08-10T13:01:55.425634+00:00
dd08a5fb-7516-4b1e-9ecf-e900fa358aa4,unknown_queued,HSS6X6X3/8,Queued for review (structural_section),system,2026-08-10T13:01:55.589032+00:00
5b740738-7b0b-4ab1-8674-f662bca37af8,unknown_queued,W10X19,Queued for review (structural_section),system,2026-08-10T13:01:55.773012+00:00
d147ba9c-6a71-4a58-a6ac-a870cff27a37,unknown_queued,HSS 8x4x1/4,Queued for review (structural_section),system,2026-08-10T13:01:55.942592+00:00
ba600979-df3a-4ce9-8377-11620a045f76,unknown_queued,HSS8X4X3/8,Queued for review (structural_section),system,2026-08-10T13:01:56.136787+00:00
96e43b24-c4de-4f02-9d89-e5d92c74feb8,unknown_queued,HSS4X4X3/8,Queued for review (structural_section),system,2026-08-10T13:01:56.325796+00:00
4a17bbba-174e-4c56-a8bd-3d33e0f3ad0e,unknown_queued,W14X34,Queued for review (structural_section),system,2026-08-10T13:01:56.620557+00:00
de3fc2a3-3f5d-4e50-bafd-dc03e8a5e173,unknown_queued,W8X13,Queued for review (structural_section),system,2026-08-10T13:01:56.784661+00:00
1e44dbdb-06be-4775-ac05-3bdc68281a31,unknown_queued,C8X11.5,Queued for review (structural_section),system,2026-08-10T13:01:57.197662+00:00
228df847-b754-4c2b-8450-cb238ee2ef04,unknown_queued,W8X40,Queued for review (structural_section),system,2026-08-10T13:01:57.430618+00:00
bff317c2-6e83-4a44-b8f0-bb7cdcab173b,unknown_queued,HSS5x5x3/8,Queued for review (structural_section),system,2026-08-10T13:01:57.906631+00:00
c99239f7-91d8-41fc-976b-2db8e581abda,unknown_queued,"HSS5x5x3/8,",Queued for review (structural_section),system,2026-08-10T13:01:58.172956+00:00
3c6348e0-c737-4d9d-9184-050e0e750caf,unknown_queued,HSS 6X4X3/8,Queued for review (structural_section),system,2026-08-10T13:01:58.704034+00:00
0bc742f6-73d9-43c1-bea9-97a6df5ba77f,unknown_queued,L7X4X3/8,Queued for review (structural_section),system,2026-08-10T13:01:59.230340+00:00
0731dbf4-627a-429d-85b7-c59aab4891a4,unknown_queued,HSS8X6X3/8,Queued for review (structural_section),system,2026-08-10T13:02:00.022350+00:00
56861c90-9015-46c6-881f-ca962ebd046d,unknown_queued,HSS10X6X3/8,Queued for review (structural_section),system,2026-08-10T13:02:00.341641+00:00
46910455-1bf9-4db2-aa34-1c14ab651dec,unknown_queued,HSS8X8X5/8,Queued for review (structural_section),system,2026-08-10T13:02:00.773979+00:00
bc164e21-269d-4add-8e56-5d1ae83d3725,unknown_queued,HSS4X4X5/16,Queued for review (structural_section),system,2026-08-10T13:02:01.397030+00:00
1f5b0cc6-75dc-4351-843d-20fd6ea68c20,unknown_queued,HSS6X6X1/4,Queued for review (structural_section),system,2026-08-10T13:02:01.636153+00:00
8ec49d21-c280-4001-8797-7ca377752a12,unknown_queued,W8X15,Queued for review (structural_section),system,2026-08-10T13:02:01.797390+00:00
3effba8c-73c7-47e7-861d-2bef7985ac9e,unknown_queued,W12X19,Queued for review (structural_section),system,2026-08-10T13:02:01.983339+00:00
38231ca8-19da-453a-8b46-4a38e7aefcba,unknown_queued,W14X26,Queued for review (structural_section),system,2026-08-10T13:02:02.213477+00:00
f06589da-6397-4271-8325-767d19bd77cb,unknown_queued,W12X16,Queued for review (structural_section),system,2026-08-10T13:02:02.415829+00:00
525f6ea8-cadb-4282-99c0-d90a5a22e31c,unknown_queued,W12X22,Queued for review (structural_section),system,2026-08-10T13:02:02.592017+00:00
58823af8-97c9-4223-a12f-c5a793ac04e0,unknown_queued,W12X40,Queued for review (structural_section),system,2026-08-10T13:02:02.817864+00:00
cee69302-3167-47c7-b36c-b4230ecb8448,unknown_queued,HSS14X6X5/8,Queued for review (structural_section),system,2026-08-10T13:02:03.057094+00:00
5521a549-5d5a-4947-b2c8-1445761166fd,unknown_queued,HSS14X6X1/2,Queued for review (structural_section),system,2026-08-10T13:02:03.251316+00:00
a723f5c2-cd57-431d-9800-1c85aa31212d,unknown_queued,W14X30,Queued for review (structural_section),system,2026-08-10T13:02:03.437791+00:00
d530934c-3ed0-4499-8e09-08c47dfba7e1,unknown_queued,W10X15,Queued for review (structural_section),system,2026-08-10T13:02:03.618352+00:00
fff7c086-c1c7-4d02-8092-07ccc77ec419,unknown_queued,W14X22,Queued for review (structural_section),system,2026-08-10T13:02:03.955314+00:00
c8c82893-9501-4e98-aa04-a4a755912df1,unknown_queued,W12X50,Queued for review (structural_section),system,2026-08-10T13:02:04.601522+00:00
c2fa7f2e-61df-49e5-b346-8b247e834493,unknown_queued,HSS20X8X5/8,Queued for review (structural_section),system,2026-08-10T13:02:05.441716+00:00
265b53ec-8a16-4dff-a29b-e649a78f71f1,unknown_queued,HSS18X6X5/16,Queued for review (structural_section),system,2026-08-10T13:02:07.434551+00:00
f313d7c2-d11d-4e7b-a233-7ddf19010403,unknown_queued,C7X9.8,Queued for review (structural_section),system,2026-08-10T13:02:07.606232+00:00
2a1826d8-d52e-4ddd-8ff2-d32b1b07c2a8,unknown_queued,HSS5X4X5/16,Queued for review (structural_section),system,2026-08-10T13:02:07.955062+00:00
f81583c5-ac06-45ce-82d0-d9a0beffd45e,unknown_queued,W10X26,Queued for review (structural_section),system,2026-08-10T13:02:08.448744+00:00
4c2e456f-8829-4951-a674-3fe9d0a65989,unknown_queued,W8X24,Queued for review (structural_section),system,2026-08-10T13:02:08.664524+00:00
f47e9e09-fd8c-4f5c-a87f-67c3ed0f9497,unknown_queued,HSS8X8X3/8,Queued for review (structural_section),system,2026-08-10T13:02:09.887921+00:00
2f0c7498-43c5-446d-877d-44533453770b,unknown_queued,HSS8X6X1/2,Queued for review (structural_section),system,2026-08-10T13:02:11.304203+00:00
9cf7c4fb-53eb-4651-8caf-3ae5e1e4040a,unknown_queued,HSS8X3X1/4,Queued for review (structural_section),system,2026-08-10T13:02:11.520501+00:00
eaa7a800-6479-4dca-b4e4-4fed61c6f5bd,unknown_queued,L3 x 3,Queued for review (structural_section),system,2026-08-10T13:02:12.766617+00:00
c2127f4d-a6c5-4b11-8b17-231c51f4bfda,unknown_queued,L3 x 3 x 1/4,Queued for review (structural_section),system,2026-08-10T13:02:12.922311+00:00
1e2645cd-3902-48d1-a457-de740f95f776,unknown_queued,L4x3x5/16,Queued for review (structural_section),system,2026-08-10T13:02:13.208724+00:00
dfd0310e-0feb-4382-b8e5-d263cb3e9a78,unknown_queued,L3x3x5/16,Queued for review (structural_section),system,2026-08-10T13:02:13.376428+00:00
d9b7645b-c20c-41e0-a33c-c70e4d26daf3,unknown_queued,L4x4x3/8,Queued for review (structural_section),system,2026-08-10T13:02:13.542358+00:00
973bfb9a-3968-4a9e-8619-9f5a9b6db2a5,unknown_queued,W12X26,Queued for review (structural_section),system,2026-08-10T13:02:13.705979+00:00
5f5c6a43-a425-4e5d-825d-6fb4f466bf53,unknown_queued,WT4x15.5,Queued for review (structural_section),system,2026-08-10T13:02:13.948510+00:00
b4fb0ea2-42fb-4cdf-89a6-505217630b01,unknown_queued,WT 8x18,Queued for review (structural_section),system,2026-08-10T13:02:14.090222+00:00
9128cac3-0880-473d-aaa7-214be7c78d66,unknown_queued,WT8x18,Queued for review (structural_section),system,2026-08-10T13:02:14.241940+00:00
9a125f70-994a-4a0c-ad0f-01c328ea541f,unknown_queued,W8 x 15,Queued for review (structural_section),system,2026-08-10T13:02:14.405496+00:00
3816a73a-89f6-4b3f-998a-ade0f0a9575a,unknown_queued,L4 x 4,Queued for review (structural_section),system,2026-08-10T13:02:14.574758+00:00
4eb1f1f2-0fb0-4a2b-914a-c79fc9a125b2,unknown_queued,"L4 x 4 x 1/4""",Queued for review (structural_section),system,2026-08-10T13:02:14.739211+00:00
6ccb5dd7-2572-4244-80aa-6aed708feb39,unknown_queued,L2 x 2,Queued for review (structural_section),system,2026-08-10T13:02:14.891384+00:00
e14e722e-7933-4596-a9fb-bd02a9f2ce1d,unknown_queued,"L2 x 2 x 3/16""",Queued for review (structural_section),system,2026-08-10T13:02:15.054575+00:00
5eb80763-3ec4-47f4-8c1f-22be7be69a88,unknown_queued,HSS 3 x 3,Queued for review (structural_section),system,2026-08-10T13:02:15.218074+00:00
4a87ddfb-3fca-4c23-b8fd-accc5736dcaa,unknown_queued,HSS 3 x 3 x 1/4,Queued for review (structural_section),system,2026-08-10T13:02:15.387676+00:00
35806321-0e8d-4805-8b3d-715e2ae96155,unknown_queued,L4 x 4 x 1/4,Queued for review (structural_section),system,2026-08-10T13:02:15.570326+00:00
020eee6c-a248-4b84-8065-f62ede9cefb9,unknown_queued,L5x5x5/16,Queued for review (structural_section),system,2026-08-10T13:02:15.738692+00:00
0eea9587-9825-4dfd-9c27-58c31b8bb996,unknown_queued,L5x5,Queued for review (structural_section),system,2026-08-10T13:02:15.921624+00:00
2955d1b8-8b4c-40be-b783-34d68102d25b,unknown_queued,L's 3 x 3,Queued for review (structural_section),system,2026-08-10T13:02:16.071917+00:00
14ef3882-2721-4bff-af6f-7cba00fd73bd,unknown_queued,L 4 x 4,Queued for review (structural_section),system,2026-08-10T13:02:16.216652+00:00
ae837437-d0d9-44d7-927a-c0aa20057391,unknown_queued,L 4 x 4 x 5/16,Queued for review (structural_section),system,2026-08-10T13:02:16.374797+00:00
eca596d7-374d-49d0-9100-d02423a041fe,unknown_queued,L 3 x 3,Queued for review (structural_section),system,2026-08-10T13:02:16.537200+00:00
3d944833-28f5-4fd5-b0ab-d0c79d474bb3,unknown_queued,L 3 x 3 x 1/4,Queued for review (structural_section),system,2026-08-10T13:02:16.690732+00:00
ac200cd3-fdae-4e25-aaec-6b2a12c2bfa8,unknown_queued,L2x2x3/16.,Queued for review (structural_section),system,2026-08-10T13:02:16.977104+00:00
35cf61b1-c44a-4f34-9637-dd5b4014aca4,unknown_queued,L 5 x 3 x 5/16,Queued for review (structural_section),system,2026-08-10T13:02:17.142054+00:00
5e92defb-417b-4cbd-8f1e-5b627db846f1,unknown_queued,L 4 x 3,Queued for review (structural_section),system,2026-08-10T13:02:17.317503+00:00
113c1ab9-705e-46bc-96d6-2b3329f6f0e4,unknown_queued,L 4 x 3 x 1/4,Queued for review (structural_section),system,2026-08-10T13:02:17.474006+00:00
68a7078c-1e6a-4b62-9d86-8670a5796909,unknown_queued,L4x3x1/4,Queued for review (structural_section),system,2026-08-10T13:02:17.602398+00:00
d869975b-7f4c-4e65-ad95-3652db62bb2a,unknown_queued,C6x8.2,Queued for review (structural_section),system,2026-08-10T13:02:17.736489+00:00
84a97ccc-edb0-4b91-a1bf-1b2937668393,unknown_queued,L7 x 4,Queued for review (structural_section),system,2026-08-10T13:02:17.898727+00:00
65b1352c-8275-4797-8988-a5cf46d68933,unknown_queued,"L3 x 3 x 3/16"")",Queued for review (structural_section),system,2026-08-10T13:02:18.110095+00:00
25b29bd4-eab4-432d-b68b-386dd548ce54,unknown_queued,"L4X4X5/16,",Queued for review (structural_section),system,2026-08-10T13:02:18.365623+00:00
8b7836ed-bf1e-477f-a51b-183bfd9eab2e,unknown_queued,HSS 6x6x3/8,Queued for review (structural_section),system,2026-08-10T13:02:18.697257+00:00
16156218-32b6-4a63-a877-34207b83cdc3,unknown_queued,HSS6X4X3/8,Queued for review (structural_section),system,2026-08-10T13:02:18.955263+00:00
36aac337-11ff-4c17-8cf0-5511ec1f211e,unknown_queued,"C7X9.8,",Queued for review (structural_section),system,2026-08-10T13:02:19.347208+00:00
fac774ec-b7f8-4fc6-ae22-5857642ca673,unknown_queued,L3X3X1/4,Queued for review (structural_section),system,2026-08-10T13:02:19.583536+00:00
7ae5ddfe-c8bd-482f-bc5e-c40ba783c116,unknown_queued,L6X4X3/8,Queued for review (structural_section),system,2026-08-10T13:02:19.754597+00:00
872e0de0-473a-4b3d-834c-caa32a15d49e,unknown_queued,W14X233,Queued for review (structural_section),system,2026-08-10T13:02:20.522259+00:00
612a11c6-817f-464d-bf77-b8730f6107fb,unknown_queued,W14X193,Queued for review (structural_section),system,2026-08-10T13:02:20.684150+00:00
54f03429-8dbd-4afc-99bb-b7fe63be1bce,unknown_queued,WT8x50,Queued for review (structural_section),system,2026-08-10T13:02:20.893286+00:00
2d9d17ca-eaae-435f-870b-f347507208ab,unknown_queued,L18x12x3/8,Queued for review (structural_section),system,2026-08-10T13:02:21.340866+00:00
050e0e90-4471-4faa-a62f-70497a996399,unknown_queued,L5x5x3/8,Queued for review (structural_section),system,2026-08-10T13:02:21.552468+00:00
6b9526bb-12b6-4b52-81e3-51e21cd046d4,unknown_queued,HSS5x5,Queued for review (structural_section),system,2026-08-10T13:02:21.715129+00:00
1b9ddfb3-3ea4-4109-88af-24c176b31651,unknown_queued,L6x6x3/8,Queued for review (structural_section),system,2026-08-10T13:02:22.006169+00:00
5b086058-4fbc-4cc7-909b-96b08e7caa72,token_rejected,L18x12x3/8,class=HSS12X12X3/16,user,2026-08-10T13:06:46.750384+00:00
dc2b5b9d-2eef-49c8-afc2-a6de4f622453,token_approved,WT8x50,class=WT8X50,user,2026-08-10T13:07:40.059893+00:00
075ff6f2-753d-4ab2-9a47-581f5803b02f,token_approved,W18x50,class=W18X55,user,2026-08-10T13:08:07.948388+00:00
9bc5ef72-0c9d-4520-b782-7c734fe63f83,token_approved,C15X33.9,class=C8X11.5,user,2026-08-10T13:08:21.130509+00:00
4cb39769-754b-4e41-861b-27979ceed041,token_approved,HSS6X6X3/8,class=HSS10X6X3/8,user,2026-08-10T13:08:34.114238+00:00
2569a607-3f1a-42e3-89ea-b9dddba423e5,token_approved,W10X19,class=W10X49,user,2026-08-10T13:08:49.190815+00:00
ab1eccc0-1100-438d-b32b-871e580869e0,token_approved,HSS 8x4x1/4,class=HSS4X4X1/4,user,2026-08-10T13:09:02.898948+00:00
9448094f-236a-4654-bdf1-1f7625abd546,token_approved,HSS8X4X3/8,class=HSS6X4X3/8,user,2026-08-10T13:09:17.128647+00:00
209e5d47-5981-4f57-864c-8bd73b73a501,token_approved,HSS4X4X3/8,class=L4X4X3/8,user,2026-08-10T13:09:31.870544+00:00
9f940db9-44d8-44ee-a02d-8f9e288af42f,token_approved,W14X34,class=W14X132,user,2026-08-10T13:09:45.916762+00:00
a7d7cab1-4b7c-4bb7-81e7-fcd8cb1f7f3c,token_approved,W8X13,class=W8X13,user,2026-08-10T13:10:01.296050+00:00
f8415497-3452-4433-aa6b-a2c32ad5cf0f,token_approved,C8X11.5,class=C8X11.5,user,2026-08-10T13:10:15.389167+00:00
56381d6f-781e-47cb-857c-53b2b85e3383,token_approved,W8X40,class=W8X31,user,2026-08-10T13:10:29.722413+00:00
5cd5d590-f13f-48a2-b873-e541a451d514,token_approved,HSS5x5x3/8,class=HSS4X4X3/8,user,2026-08-10T13:10:58.243293+00:00
8c0ad3ec-3210-4aca-ac72-0b5491ff85fb,token_approved,"HSS5x5x3/8,",class=HSS4X4X3/8,user,2026-08-10T13:11:09.598005+00:00
ca0364bd-476b-42be-94cf-61caa854df47,token_approved,HSS 6X4X3/8,class=HSS6X4X3/8,user,2026-08-10T13:11:20.716308+00:00
0af0a70a-dfd7-4ad0-b38a-229ae2c7abad,token_approved,L7X4X3/8,class=2L7X4X3/8X3/4LLBB,user,2026-08-10T13:11:31.819326+00:00
0d965fbf-00f9-4d71-b16f-1609946d8b7f,token_approved,HSS8X6X3/8,class=HSS10X6X3/8,user,2026-08-10T13:11:41.843427+00:00
624d12e8-7cd7-4c2a-8125-f22d15a1b8eb,token_approved,HSS10X6X3/8,class=HSS10X6X3/8,user,2026-08-10T13:11:54.650108+00:00
d555d114-3054-4efe-8bef-abfc642f6d26,token_approved,HSS8X8X5/8,class=HSS8X8X1/2,user,2026-08-10T13:12:11.552078+00:00
d0d55f78-f184-4dbe-ad0c-86ab66619d8d,token_approved,HSS4X4X5/16,class=HSS4X3X5/16,user,2026-08-10T13:12:31.227640+00:00
d1c1adf8-074b-449f-aef6-b0ce805130d6,token_approved,HSS6X6X1/4,class=HSS14X6X1/2,user,2026-08-10T13:12:47.949131+00:00
0287f8fd-b25a-4288-92a9-9238109e4dd0,token_approved,W8X15,class=W8X15,user,2026-08-10T13:13:09.856923+00:00
32c65360-15e9-455a-ba39-74990ed73f8d,token_approved,W12X19,class=W12X190,user,2026-08-10T13:13:29.213057+00:00
5a468f56-381f-418d-8ce8-6cca90290847,token_approved,W14X26,class=W10X26,user,2026-08-10T13:13:46.302289+00:00
ccc8f9f6-c45c-4fde-82cb-752f188e3574,token_approved,W12X16,class=W12X26,user,2026-08-10T13:14:05.418858+00:00
d49d8d53-fbb9-4a45-8637-7be5ab9e18ae,token_approved,W12X22,class=W10X26,user,2026-08-10T13:14:21.865448+00:00
ab7f1229-8d49-4706-a419-947351fa4f59,token_approved,W12X40,class=W12X40,user,2026-08-10T13:14:38.659594+00:00
305a7afe-63f9-43cc-ae5c-cfc17ab12c0e,token_approved,HSS14X6X5/8,class=HSS10X6X3/8,user,2026-08-10T13:14:55.977840+00:00
73d8ad6e-05bb-4965-ae03-48ae3b1d7373,token_approved,HSS14X6X1/2,class=HSS14X6X3/16,user,2026-08-10T13:15:17.990223+00:00
d76b71d1-4d37-4580-afd1-d48182a9e257,token_approved,W14X30,class=W14X30,user,2026-08-10T13:15:34.803960+00:00
220d7846-8ad0-476b-acce-2d0a7590dda7,token_approved,W10X15,class=W8X15,user,2026-08-10T13:15:50.185526+00:00
fc1fddc0-ea60-49fd-9d8f-4cee3486923c,unknown_queued,W27X84,Queued for review (structural_section),system,2026-08-10T13:15:50.401686+00:00
eea78545-63c1-41b3-969a-594d5b90a87b,unknown_queued,L4X3-1/2X5/16,Queued for review (structural_section),system,2026-08-10T13:15:50.717005+00:00
fe1aad31-0ddd-4722-b49f-6ad3933a7b77,token_approved,W14X22,class=W14X22,user,2026-08-10T13:16:08.826190+00:00
cd8c552e-049b-42f9-b87a-fdb506a23097,unknown_queued,L5X3-1/2X5/16,Queued for review (structural_section),system,2026-08-10T13:16:09.274722+00:00
3a4b16e2-7bba-4e17-bc01-a12e7cfe02e0,token_approved,W12X50,class=W12X30,user,2026-08-10T13:16:29.756752+00:00
19f98551-ec5e-4366-99f8-c94b05147926,token_approved,HSS20X8X5/8,class=HSS20X8X5/8,user,2026-08-10T13:16:43.325038+00:00
674f70aa-4114-4839-9f9e-440f0ae93618,unknown_queued,W12X16,Queued for review (structural_section),system,2026-08-10T13:16:43.470214+00:00
954a9dae-214e-4136-ad28-522716e7f03a,unknown_queued,W18X35,Queued for review (structural_section),system,2026-08-10T13:16:43.711477+00:00
59a51f68-1fcb-4b5c-bad5-15fe98de01d9,token_approved,HSS18X6X5/16,class=HSS14X6X5/8,user,2026-08-10T13:16:57.069944+00:00
9f87c05e-a819-4354-89ab-40c25e866a43,unknown_queued,W21X44,Queued for review (structural_section),system,2026-08-10T13:16:57.274061+00:00
f7b31c82-608c-4456-9764-2655b75af4bc,token_approved,C7X9.8,class=C8X11.5,user,2026-08-10T13:17:10.685746+00:00
ad705dbe-4dd5-4e55-8612-0c69ff01160a,unknown_queued,W18X40,Queued for review (structural_section),system,2026-08-10T13:17:10.892210+00:00
53e6ceb8-e44d-488e-bc18-3d560ec1aa26,token_approved,HSS5X4X5/16,class=HSS5X4X3/16,user,2026-08-10T13:17:24.213012+00:00
86fe1741-0df6-432f-a6e4-9551bd4ad3f1,unknown_queued,W21X50,Queued for review (structural_section),system,2026-08-10T13:17:24.360056+00:00
5ed8eecf-7c5b-4954-9e7a-8fd180c63d78,token_approved,W10X26,class=W10X26,user,2026-08-10T13:17:38.153186+00:00
89528bc0-e86c-47ab-a7b4-470c488713a5,token_approved,W8X24,class=W8X24,user,2026-08-10T13:17:52.562361+00:00
38387468-f3ec-4116-b056-fec3b0027ef7,token_approved,HSS8X8X3/8,class=HSS8X6X3/8,user,2026-08-10T13:18:07.452511+00:00
3a4bb5b6-423c-4896-a6e0-bb8e94d91ceb,token_approved,HSS8X6X1/2,class=HSS8X6X3/8,user,2026-08-10T13:18:23.630140+00:00
f661ba42-24c0-406d-8e01-e8958af385dd,unknown_queued,W18X50,Queued for review (structural_section),system,2026-08-10T13:18:23.802105+00:00
22df4bc4-9dbb-4e3c-968b-2076e1298c0c,token_approved,HSS8X3X1/4,class=HSS8X3X1/2,user,2026-08-10T13:18:40.758444+00:00
8133decd-06cb-465f-8032-b0926717b65f,token_approved,L3 x 3,class=L3X3X3/8,user,2026-08-10T13:18:58.203415+00:00
9da4f9ef-8094-4610-98cb-585b9822d70a,unknown_queued,W10X15,Queued for review (structural_section),system,2026-08-10T13:18:58.405028+00:00
3526da3c-b63a-4f31-8739-7a8953e453a8,token_approved,L3 x 3 x 1/4,class=L3X3X1/4,user,2026-08-10T13:19:16.618282+00:00
6c72a5c7-d4b0-4640-812b-2cc31c8626a6,token_approved,L4x3x5/16,class=2L4X3X5/16SLBB,user,2026-08-10T13:19:34.703695+00:00
f6a8b5fd-b141-4442-a135-df0ffcf85e8a,unknown_queued,W21X55,Queued for review (structural_section),system,2026-08-10T13:19:34.986020+00:00
d5bcb910-099c-40e9-b9c8-6af9c2a8ef38,token_approved,L3x3x5/16,class=L4X3X5/16,user,2026-08-10T13:19:51.486721+00:00
3f0bf210-93c7-4910-b74a-424e2eba87a3,unknown_queued,W24X68,Queued for review (structural_section),system,2026-08-10T13:19:51.722717+00:00
51778632-2144-4408-b331-33735adaaf48,token_approved,L4x4x3/8,class=HSS4X4X3/8,user,2026-08-10T13:20:08.072988+00:00
2a04c6fd-8c1f-433b-9f0e-03a3b5d23551,token_approved,W12X26,class=W14X22,user,2026-08-10T13:20:22.991918+00:00
05d7008a-2795-4503-b539-cc1519904576,token_approved,WT4x15.5,class=WT4X15.5,user,2026-08-10T13:20:37.317337+00:00
003f8302-b2c3-472e-8403-3d575d02fffc,token_approved,WT 8x18,class=WT8X18,user,2026-08-10T13:21:00.579480+00:00
a44db617-94c5-4820-879e-e22694cf22a7,token_approved,WT8x18,class=WT8X18,user,2026-08-10T13:21:24.710774+00:00
d0c18b79-7fa2-4c3d-9fe3-dd7c5834e5e0,token_approved,W8 x 15,class=W8X15,user,2026-08-10T13:21:45.246930+00:00
8afc0a37-1a0c-46e2-8a15-82cfe719f080,token_approved,L4 x 4,class=L4X4X3/8,user,2026-08-10T13:21:58.828941+00:00
caf9da3c-7e8f-4c26-869e-61ca5bad0b92,token_approved,"L4 x 4 x 1/4""",class=2L4X4X1/2X3/4,user,2026-08-10T13:22:12.503880+00:00
07b1996c-9cc3-4425-958c-c55995c520e9,token_approved,L2 x 2,class=2L2X2X3/8X3/4,user,2026-08-10T13:22:25.453190+00:00
ad5aa2bc-5e38-49c2-ba7c-40dc89d0e86c,token_approved,"L2 x 2 x 3/16""",class=L2X2X3/16,user,2026-08-10T13:22:36.077674+00:00
98c6a4d1-eb3c-4ab7-99eb-adb4aadc6354,token_approved,HSS 3 x 3,class=HSS3X3X5/16,user,2026-08-10T13:22:47.224021+00:00
69da5dd9-bc7c-43e5-9fd5-10fc4e9e78e4,token_approved,HSS 3 x 3 x 1/4,class=L3X3X1/2,user,2026-08-10T13:22:57.698457+00:00
db502198-d613-43b5-be76-d23d0695ce1a,token_approved,L4 x 4 x 1/4,class=L4X4X5/16,user,2026-08-10T13:23:14.210660+00:00
748bb979-ed17-42a4-b83c-75d3159cfdff,token_approved,L5x5x5/16,class=2L5X5X5/8X3/8,user,2026-08-10T13:23:27.392017+00:00
f59251e0-8f87-46bb-8a27-4e4780b507e8,token_approved,L5x5,class=L5X5X1/2,user,2026-08-10T13:23:45.945127+00:00
29de0d2f-c00d-49d5-855e-58520be44bac,unknown_queued,W16X26,Queued for review (structural_section),system,2026-08-10T13:23:46.128908+00:00
9a969ea9-83e9-4c1c-8c99-01a79e43c380,token_approved,L's 3 x 3,class=HSS3X3X1/8,user,2026-08-10T13:24:01.428631+00:00
bcbb8f1d-739d-49bb-86fd-e4dcba53a29e,unknown_queued,W14X22,Queued for review (structural_section),system,2026-08-10T13:24:01.525180+00:00
5fe4716e-5976-44e2-a874-74e21038f0e8,token_approved,L 4 x 4,class=L4X3X1/4,user,2026-08-10T13:24:16.724689+00:00
3202e857-8257-408d-9e31-dc24a8a9fdc4,token_approved,L 4 x 4 x 5/16,class=2L4X4X5/16,user,2026-08-10T13:24:30.872117+00:00
79f3fd5c-e300-4117-9332-396c148d705e,token_approved,L 3 x 3,class=L3X3X3/8,user,2026-08-10T13:24:38.755260+00:00
926fc0b8-045f-4d03-99bd-10a65cf12355,token_approved,L 3 x 3 x 1/4,class=L3X3X1/4,user,2026-08-10T13:24:46.450749+00:00
19603860-aa57-4bff-9b12-6de121c7b27e,unknown_queued,W12X19,Queued for review (structural_section),system,2026-08-10T13:24:46.525499+00:00
91690cfb-875b-4734-a476-07516d673efe,token_approved,L2x2x3/16.,class=L2X2X3/16,user,2026-08-10T13:24:54.288785+00:00
f9693a76-436d-4f62-af0b-f342fe18ded5,token_approved,L 5 x 3 x 5/16,class=L5X3X5/16,user,2026-08-10T13:25:01.780440+00:00
be184369-8e7a-4658-aa84-817f6aa7f084,token_approved,L 4 x 3,class=L4X3X1/4,user,2026-08-10T13:25:08.850896+00:00
f84a0096-f2b7-4c7d-b358-894829aa648d,token_approved,L 4 x 3 x 1/4,class=2L4X3X1/4X3/4SLBB,user,2026-08-10T13:25:16.449982+00:00
00523da7-092f-4744-87fa-563c1eb6967b,token_approved,L4x3x1/4,class=2L4X3X1/4X3/4SLBB,user,2026-08-10T13:25:23.767802+00:00
2fa02ab4-9702-408c-a173-c8b06dc92eb3,token_approved,C6x8.2,class=C6X13,user,2026-08-10T13:25:30.948047+00:00
83d0b315-28e5-4b65-bfbc-2002bff30019,token_approved,L7 x 4,class=2L7X4X1/2X3/8LLBB,user,2026-08-10T13:25:40.545911+00:00
78164404-7a02-42be-9761-f2a4feeb93b6,unknown_queued,W10X19,Queued for review (structural_section),system,2026-08-10T13:25:40.879056+00:00
6f2587e0-377f-4b47-8924-912f8e6ed3aa,token_approved,"L3 x 3 x 3/16"")",class=HSS3X3X3/8,user,2026-08-10T13:25:58.660920+00:00
d9cd58cb-8b9b-4e4f-af51-059ce560bf46,token_approved,"L4X4X5/16,",class=2L4X4X5/16,user,2026-08-10T13:26:13.294736+00:00
1add9f6d-8fb6-4e91-a27b-826026752b58,unknown_queued,HSS10X8X3/8,Queued for review (structural_section),system,2026-08-10T13:26:13.455920+00:00
80f6fcd9-92fc-41da-bbfd-9f5025e163a6,token_approved,HSS 6x6x3/8,class=HSS10X6X3/8,user,2026-08-10T13:26:27.076891+00:00
3d56b206-1587-42f5-b352-35cd1685775f,token_approved,HSS6X4X3/8,class=HSS6X4X3/16,user,2026-08-10T13:26:38.859514+00:00
74434c04-42ae-49e3-9edf-db6d27df928d,unknown_queued,HSS10X6X3/8,Queued for review (structural_section),system,2026-08-10T13:26:38.973923+00:00
2e7da789-b7ab-4c83-abaa-fa7e6cf88109,token_approved,"C7X9.8,",class=C6X8.2,user,2026-08-10T13:26:46.404603+00:00
3d3c442a-e36d-43d5-ab54-9a083863a47e,token_approved,L3X3X1/4,class=2L3X3X1/2,user,2026-08-10T13:26:54.558757+00:00
c5689adf-8841-4081-bd2d-a39ca1fda641,unknown_queued,W16X36,Queued for review (structural_section),system,2026-08-10T13:26:54.763705+00:00
a5e52de9-2b5f-4546-beec-fdf1e4d3a6b1,token_approved,L6X4X3/8,class=L4X4X3/8,user,2026-08-10T13:27:07.819992+00:00
5b7cf4fc-debd-4ac2-b5fb-a35e15582a53,token_approved,W14X233,class=W10X33,user,2026-08-10T13:27:17.967860+00:00
38dbcedb-0922-4e25-9337-c6a356f8e647,token_approved,W14X193,class=W14X193,user,2026-08-10T13:27:25.536601+00:00
9c3c95c6-921a-43cf-b14a-0333f8325f7f,token_approved,L5x5x3/8,class=L5X5X3/8,user,2026-08-10T13:27:32.807282+00:00
06b465b1-8f75-4cff-9417-da7993692724,token_approved,HSS5x5,class=HSS5X3X5/16,user,2026-08-10T13:27:39.952240+00:00
af41ffa5-5c14-48d1-91b4-10ba76555cfd,token_approved,L6x6x3/8,class=L6X6X3/8,user,2026-08-10T13:27:50.258181+00:00
7f230c6a-224a-45bc-8ed3-4cfb808d7721,token_rejected,W27X84,class=W12X14,user,2026-08-11T07:13:50.493723+00:00
d8a46b84-4864-437c-a597-69133818276e,token_rejected,L4X3-1/2X5/16,class=L4X3X3/8,user,2026-08-11T07:13:50.771502+00:00
72bee833-ef8a-42b7-9cc5-32d43df2f2ac,token_rejected,L5X3-1/2X5/16,class=L5X3X3/8,user,2026-08-11T07:13:51.059992+00:00
51667a10-05bf-4411-a79b-240c90184317,token_rejected,W12X16,class=W12X26,user,2026-08-11T07:13:51.224628+00:00
dcff2bf7-dee2-4172-ba04-62ea7b34aa9d,token_rejected,W18X35,class=W18X35,user,2026-08-11T07:13:51.353342+00:00
e761b7c0-4424-4d42-ac90-11e2ef72635e,token_rejected,W21X44,class=W10X49,user,2026-08-11T07:13:51.476337+00:00
5a12b001-be03-42d3-a20d-f77b9d8acb8b,token_rejected,W18X40,class=W16X40,user,2026-08-11T07:13:51.600858+00:00
b23f8610-3b77-4f99-99ba-5652f09f8d26,token_rejected,W21X50,class=W12X50,user,2026-08-11T07:13:51.777122+00:00
493a7c6e-4b3b-4834-bd07-43851b81e9df,token_rejected,W18X50,class=W12X50,user,2026-08-11T07:13:51.916503+00:00
92a249d1-a6b8-4e00-96b8-d9cc025bed7c,token_rejected,W10X15,class=W10X54,user,2026-08-11T07:13:52.227720+00:00
a51b29c0-8592-4469-9022-8d1dfecb9665,token_rejected,W21X55,class=W21X55,user,2026-08-11T07:13:52.353784+00:00
9683e2f3-2b65-4c27-a15b-d01c48298d21,token_rejected,W24X68,class=W24X68,user,2026-08-11T07:13:52.488155+00:00
f9ad3a6c-be86-45f9-b7fb-ae585f7c9e02,token_rejected,W16X26,class=W16X26,user,2026-08-11T07:13:52.627125+00:00
f926e860-bf9b-4369-90b0-15e13a90905b,token_rejected,W14X22,class=W14X26,user,2026-08-11T07:13:52.764114+00:00
93ccf692-69d4-4f39-9e1c-9ddfe00ef4de,token_rejected,W12X19,class=W12X190,user,2026-08-11T07:13:52.894855+00:00
c514286a-6e6f-4eea-9a4b-2f529ceffe1e,token_rejected,W10X19,class=W12X190,user,2026-08-11T07:13:53.036448+00:00
3f9ffefd-3be6-4572-80b8-8833c2c3b889,token_rejected,HSS10X8X3/8,class=HSS20X8X3/8,user,2026-08-11T07:13:53.167111+00:00
fe17d677-ec08-4814-a77c-32276b03188b,token_rejected,HSS10X6X3/8,class=HSS10X6X3/8,user,2026-08-11T07:13:53.282794+00:00
5e474aee-6f87-470f-914a-bfa49441f335,token_rejected,W16X36,class=W16X36,user,2026-08-11T07:13:53.395433+00:00
fbb60541-2caf-4c92-9ec1-5f39553054cf,unknown_queued,L3x3x1/4,Queued for review (structural_section),system,2026-08-11T07:26:57.922334+00:00
a11dbfb2-8365-4896-9494-d5241f0c2484,unknown_queued,L5X3-1/2X5/16,Queued for review (structural_section),system,2026-08-11T07:26:58.050500+00:00
4f42d9da-cc71-4a63-9f81-e08f7862caf4,unknown_queued,L6X4X5/16,Queued for review (structural_section),system,2026-08-11T07:26:58.199331+00:00
034a5fe0-a010-4377-922b-d87d265574d4,unknown_queued,HSS8X4X5/16,Queued for review (structural_section),system,2026-08-11T07:26:58.351032+00:00
40148e78-85fa-4740-9551-6c4541aa5be6,unknown_queued,HSS8X6X5/16,Queued for review (structural_section),system,2026-08-11T07:26:58.590631+00:00
fe517bf5-4c85-47f8-99f4-5d0f12bc8dc3,unknown_queued,HSS6X4X3/8,Queued for review (structural_section),system,2026-08-11T07:26:58.914417+00:00
91d179e4-dc0b-4d49-8ab7-ed02faed6073,unknown_queued,W18X86,Queued for review (structural_section),system,2026-08-11T07:26:59.615597+00:00
b320ef84-a897-403e-ad26-80efe993e0f4,unknown_queued,W18X60,Queued for review (structural_section),system,2026-08-11T07:27:00.020627+00:00
acdccd13-a259-4382-b015-6d8d9819aa3e,unknown_queued,W18X71,Queued for review (structural_section),system,2026-08-11T07:27:00.401388+00:00
7b77be13-9fc0-43ae-bf02-b2ddcb26dbd7,unknown_queued,W18X50,Queued for review (structural_section),system,2026-08-11T07:27:00.684385+00:00
d32dd63f-2915-48bc-b781-59644a58095c,unknown_queued,W18X35,Queued for review (structural_section),system,2026-08-11T07:27:01.005568+00:00
20e15d5b-d8e7-4d71-acec-b2a197c7c992,unknown_queued,W18X40,Queued for review (structural_section),system,2026-08-11T07:27:01.297763+00:00
baf292e9-eaf4-40bc-9dc0-336b0c781355,unknown_queued,W16X26,Queued for review (structural_section),system,2026-08-11T07:27:02.004272+00:00
b98e4c6e-0497-4886-a197-386b9fc8e724,unknown_queued,W18X65,Queued for review (structural_section),system,2026-08-11T07:27:02.519861+00:00
1f2d5dc0-45b2-4063-a214-a776bb9e8cd3,unknown_queued,HSS14X10X3/8,Queued for review (structural_section),system,2026-08-11T07:27:03.729397+00:00
d693f4ae-cd81-4319-88d8-8e5a7f640320,unknown_queued,W16X45,Queued for review (structural_section),system,2026-08-11T07:27:03.989008+00:00
e988b504-15ae-450c-b3fa-e6378fca1190,unknown_queued,W14X30,Queued for review (structural_section),system,2026-08-11T07:27:04.722589+00:00
5ae13cc0-27d0-46bf-9fb4-ebf4d5243b46,unknown_queued,W16X31,Queued for review (structural_section),system,2026-08-11T07:27:05.135584+00:00
558ab6cd-ec99-4ae5-93be-762a686c90fc,unknown_queued,HSS8X6X3/8,Queued for review (structural_section),system,2026-08-11T07:27:05.989801+00:00
99c0b233-22ff-4e3a-8abe-23d0b45473fb,unknown_queued,W16X50,Queued for review (structural_section),system,2026-08-11T07:27:06.254633+00:00
795043d8-96de-463f-b368-800e20fe9e8b,unknown_queued,W16X40,Queued for review (structural_section),system,2026-08-11T07:27:06.490254+00:00
35695681-8253-4e38-8956-4bd0cf447ea5,unknown_queued,W21X50,Queued for review (structural_section),system,2026-08-11T07:27:06.821960+00:00
7a9ddaa5-9c19-4f5d-a13a-0f852e34e65b,unknown_queued,W18X76,Queued for review (structural_section),system,2026-08-11T07:27:07.071137+00:00
6ebe83d5-372f-4b8d-a13c-971bcd0386cf,unknown_queued,W8X18,Queued for review (structural_section),system,2026-08-11T07:27:08.050172+00:00
4e4c7801-c99c-4f18-b5cd-80d36fa40cc1,unknown_queued,W16X36,Queued for review (structural_section),system,2026-08-11T07:27:08.422822+00:00
7cb410c2-2cdc-405f-aba6-98db9c3c5798,unknown_queued,W16X57,Queued for review (structural_section),system,2026-08-11T07:27:08.882791+00:00
24d574de-a9a1-4027-a54f-683c6f12c528,unknown_queued,W8X24,Queued for review (structural_section),system,2026-08-11T07:27:09.756785+00:00
21fe036e-e436-4d46-8801-3278b05547bf,unknown_queued,W24X94,Queued for review (structural_section),system,2026-08-11T07:27:10.386878+00:00
d0e05bad-2dec-48b1-8b3f-390efd3eee86,unknown_queued,W12X26,Queued for review (structural_section),system,2026-08-11T07:27:10.805768+00:00
8d604cc1-76a3-4e17-bcf6-de1afd8e32d6,unknown_queued,W21X68,Queued for review (structural_section),system,2026-08-11T07:27:11.199929+00:00
9e522e5d-3671-450b-a24e-4f4519b74eb2,unknown_queued,W21X62,Queued for review (structural_section),system,2026-08-11T07:27:11.639622+00:00
a95103fa-8120-4b27-9ed7-d3afd3d6c41b,unknown_queued,W12X19,Queued for review (structural_section),system,2026-08-11T07:27:12.637553+00:00
c6bb4e5f-d5cb-4be0-9f87-a4da22501da9,unknown_queued,L4X3-1/2X3/8,Queued for review (structural_section),system,2026-08-11T07:27:13.023231+00:00
e27b253a-b9c0-4ba8-8fe9-31d8f5672e50,unknown_queued,HSS12X6X1/2,Queued for review (structural_section),system,2026-08-11T07:27:13.373597+00:00
617819a7-528f-45f2-bd4c-54da4909e345,unknown_queued,HSS16X8X3/8,Queued for review (structural_section),system,2026-08-11T07:27:13.952452+00:00
c02610e1-808f-4b60-87ff-7bc29ae57d4d,unknown_queued,HSS6X6X3/8,Queued for review (structural_section),system,2026-08-11T07:27:14.219905+00:00
3d1477a2-2423-46ea-b900-2f1ba5ae91c2,unknown_queued,HSS16X4X1/2,Queued for review (structural_section),system,2026-08-11T07:27:15.603013+00:00
a999b626-8637-45dc-976e-ac34a95e50b2,unknown_queued,C8X11.5,Queued for review (structural_section),system,2026-08-11T07:27:15.821870+00:00
e4b38fb5-fc1b-4bc6-bbde-b5aee2d58a67,unknown_queued,L4X3X5/16,Queued for review (structural_section),system,2026-08-11T07:27:16.312813+00:00
774e9d9e-0696-4597-928c-48df281e654b,unknown_queued,L5X5X1/2,Queued for review (structural_section),system,2026-08-11T07:27:18.066096+00:00
d4ae0713-061f-470d-92c1-8e0cdabe367a,unknown_queued,L4x4,Queued for review (structural_section),system,2026-08-11T07:27:20.520371+00:00
16bd6d73-4e1d-490e-bed1-a5a66121818a,unknown_queued,WT7X19,Queued for review (structural_section),system,2026-08-11T07:27:20.916619+00:00
89455e30-eed8-40eb-b50c-9bc249735b0b,unknown_queued,W24X84,Queued for review (structural_section),system,2026-08-11T07:27:21.550931+00:00
e404eabf-b112-4b60-8ee6-bf38fa8a858a,unknown_queued,W21X48,Queued for review (structural_section),system,2026-08-11T07:27:23.255777+00:00
70c049ae-d8d2-4e27-8fea-d089a9000c02,unknown_queued,HSS20X12X1/2,Queued for review (structural_section),system,2026-08-11T07:27:23.732088+00:00
306caf70-8a02-4650-856a-85c85878d74d,unknown_queued,W18X55,Queued for review (structural_section),system,2026-08-11T07:27:25.970321+00:00
0ee24dfa-912f-4c2e-b4f6-fbe37b88ae50,unknown_queued,L4x4x3/8,Queued for review (structural_section),system,2026-08-11T07:27:27.005455+00:00
436269ad-9f38-4177-b41d-af0dd766c92a,unknown_queued,L4X3X1/4,Queued for review (structural_section),system,2026-08-11T07:27:27.533517+00:00
012f2ff6-ae5a-4583-8693-433daa935960,unknown_queued,L4X3 1/2X3/8,Queued for review (structural_section),system,2026-08-11T07:27:27.869019+00:00
2752e727-c7ba-43bb-aed7-0bf49809eba9,unknown_queued,L2x2x3/16,Queued for review (structural_section),system,2026-08-11T07:27:28.104707+00:00
ee99af05-92c4-43af-b6e9-7af38ea225f7,unknown_queued,L3x3x3/16,Queued for review (structural_section),system,2026-08-11T07:27:28.364731+00:00
fc4636b9-f1cd-40d5-a1a3-5d467a34721b,unknown_queued,2 L1x1x1/4,Queued for review (structural_section),system,2026-08-11T07:27:29.098620+00:00
2d805496-47f0-446c-887e-c6b8271e9815,unknown_queued,C6 X 8.2,Queued for review (structural_section),system,2026-08-11T07:27:29.347121+00:00
8eb1e193-7450-4bb7-9636-1b6bda04b6f9,unknown_queued,L2X2X1/4,Queued for review (structural_section),system,2026-08-11T07:27:29.630464+00:00
f56dd3f3-6b8d-42c0-8217-b51fc749080e,unknown_queued,C6x8.2;,Queued for review (structural_section),system,2026-08-11T07:27:29.903718+00:00
e1b879b2-be3f-45f8-8ffe-6e1b0149c0fa,unknown_queued,C8x11.5;,Queued for review (structural_section),system,2026-08-11T07:27:30.153760+00:00
e841fe61-615c-4f7d-9359-8fc18c221158,unknown_queued,"L3x3x1/4x0'-3"",",Queued for review (structural_section),system,2026-08-11T07:27:30.405400+00:00
fe810917-5bc1-40f5-b7f5-56c4d2bc612b,unknown_queued,L4X4X1/4,Queued for review (structural_section),system,2026-08-11T07:27:30.653202+00:00
07cde1ce-6b7d-456a-8ecb-34022b4121b1,unknown_queued,HSS4X3X5/16,Queued for review (structural_section),system,2026-08-11T07:27:31.002174+00:00
9d95f169-75cb-4e0f-8a26-f5f332158f46,unknown_queued,HSS4X4X5/16,Queued for review (structural_section),system,2026-08-11T07:27:31.236926+00:00
2ca34a5c-25d0-404a-8e10-1b782d12632d,unknown_queued,"L4x3x1/4x6""",Queued for review (structural_section),system,2026-08-11T07:27:31.598879+00:00
ab7a9056-3e4f-4732-b3dd-eeb5b0b3f128,unknown_queued,"L4x3x1/4x1'-0""",Queued for review (structural_section),system,2026-08-11T07:27:31.871241+00:00
a685cdfb-cd79-49d7-94e0-ea10aaf9a107,unknown_queued,C8X13.7,Queued for review (structural_section),system,2026-08-11T07:27:32.352459+00:00
2d65f5d0-83d7-468c-ae7c-c63cee6e17a2,unknown_queued,"L4X4X5/16X0'-5""",Queued for review (structural_section),system,2026-08-11T07:27:32.702703+00:00
980c06fd-ff3b-44b7-8fe7-29c2e12a4318,unknown_queued,HSS16X0.5,Queued for review (structural_section),system,2026-08-11T07:27:33.021035+00:00
2401621e-3c5f-4f91-a747-a9b0c14d1a71,unknown_queued,HSS6x2x5/16,Queued for review (structural_section),system,2026-08-11T07:27:33.323669+00:00
7bb4d869-6acb-49c5-81a5-5c9ca9e76b34,unknown_queued,L8X6X1/2X1',Queued for review (structural_section),system,2026-08-11T07:27:33.616606+00:00
e1d86997-191e-47ae-afa4-f5e280b64810,unknown_queued,L8X8X1/2X1',Queued for review (structural_section),system,2026-08-11T07:27:33.870343+00:00
1e4cbe6f-ccbe-48ad-8211-3aaa02bfa084,unknown_queued,"WT3X8,",Queued for review (structural_section),system,2026-08-11T07:27:34.118151+00:00
3996a0da-c8ae-4bd3-b27a-9a93633fa48b,unknown_queued,L4X3-1/2X5/16,Queued for review (structural_section),system,2026-08-11T07:27:34.350949+00:00
50f6a09e-3d8b-4508-930d-17ea05ecadb8,unknown_queued,L6X3,Queued for review (structural_section),system,2026-08-11T07:27:34.702632+00:00
aca2db2b-572b-42df-8d75-a43dc352b0ed,unknown_queued,"L7X4X3/8X0'-11""",Queued for review (structural_section),system,2026-08-11T07:27:35.023581+00:00
38d5d840-6c6e-415f-b202-5a1264d7b304,unknown_queued,"L5X3X3/8X0'-5""",Queued for review (structural_section),system,2026-08-11T07:27:35.440058+00:00
58795b4c-5754-4ff2-b2d0-a0a8978a72b6,unknown_queued,L3X3X3/8,Queued for review (structural_section),system,2026-08-11T07:27:35.747866+00:00
45faf9ec-ce51-4bb1-a17f-3dd18dbe2eca,unknown_queued,"L4X4X3/8X0'-4""",Queued for review (structural_section),system,2026-08-11T07:27:35.969620+00:00
5bcdd44a-3395-4de1-a461-b3fc1e27e1d6,unknown_queued,"L3X3X3/8,",Queued for review (structural_section),system,2026-08-11T07:27:36.455333+00:00
17890542-9595-4371-8184-6d16ad762e98,unknown_queued,"L4X3X3/8X0'-8""",Queued for review (structural_section),system,2026-08-11T07:27:36.783474+00:00
221f986d-d95e-4def-8254-7983206e6a75,unknown_queued,HSS4X4X3/8,Queued for review (structural_section),system,2026-08-11T07:27:37.382833+00:00
cc201e4b-0630-4c93-9477-8fbfbb74a693,unknown_queued,HSS6X6X5/8,Queued for review (structural_section),system,2026-08-11T07:27:38.002627+00:00
f585a36a-a1d6-4509-bf35-ea8de77b2216,unknown_queued,HSS8X8X3/8,Queued for review (structural_section),system,2026-08-11T07:27:38.565869+00:00
db54cdac-3bc0-4249-8f12-157d9e525741,unknown_queued,HSS6X6X1/2,Queued for review (structural_section),system,2026-08-11T07:27:39.171561+00:00
a399159e-8cfe-4654-918a-68c89ec009d5,unknown_queued,W10X45,Queued for review (structural_section),system,2026-08-11T07:27:41.280220+00:00
62d76fba-db6e-42f7-b385-376808bf5a17,unknown_queued,W10X39,Queued for review (structural_section),system,2026-08-11T07:27:41.424005+00:00
e5a6f677-92d1-41f2-93a6-0584afd6b6d3,unknown_queued,W10X49,Queued for review (structural_section),system,2026-08-11T07:27:41.700267+00:00
7b309fc5-d681-4d34-8b38-359bb724a986,unknown_queued,W12X65,Queued for review (structural_section),system,2026-08-11T07:27:42.435526+00:00
053eaab8-91d9-465e-9c96-e2c5374cb236,unknown_queued,HSS10X0.500,Queued for review (structural_section),system,2026-08-11T07:27:43.872138+00:00
5555e1bb-c22b-4ef2-9de9-62d0360f4c3b,unknown_queued,HSS18X0.375,Queued for review (structural_section),system,2026-08-11T07:27:44.337465+00:00
82ebd59e-ce9c-4559-8c81-bd72427171b4,unknown_queued,HSS10X0.625,Queued for review (structural_section),system,2026-08-11T07:27:48.089653+00:00
fd367acb-93fe-472c-8341-77c841f1fb08,token_rejected,L3x3x1/4,class=2L3X3X1/2X3/4,user,2026-08-11T07:31:58.862371+00:00
cfe62e71-7898-4a27-bc91-0ae5efbeff99,token_rejected,L5X3-1/2X5/16,class=L5X3X1/4,user,2026-08-11T07:31:59.152255+00:00
6f8fa09c-f71d-4b21-966b-2ef95c74082f,token_rejected,L6X4X5/16,class=L4X3X5/16,user,2026-08-11T07:31:59.310898+00:00
ffcd7348-44bc-4d2d-af4d-ff6e8c474247,token_rejected,HSS8X4X5/16,class=HSS4X4X5/16,user,2026-08-11T07:31:59.463529+00:00
4883699c-6045-444a-88fa-41bc77c247be,token_rejected,HSS8X6X5/16,class=HSS18X6X5/16,user,2026-08-11T07:31:59.648413+00:00
d8b05f7c-8dd5-42ea-9b75-4623d30cad8c,token_rejected,HSS6X4X3/8,class=HSS4X4X3/8,user,2026-08-11T07:31:59.884504+00:00
9ea9570a-e0be-49ba-95c1-96084a93aad3,token_rejected,W18X86,class=W18X86,user,2026-08-11T07:32:00.243595+00:00
612d4b88-a98a-48d6-acb8-49b3b792bcd1,token_rejected,W18X60,class=W18X60,user,2026-08-11T07:32:00.438719+00:00
a7ecc0b2-743b-400d-bea7-0108bc6fdc91,token_rejected,W18X71,class=W18X97,user,2026-08-11T07:32:00.599663+00:00
9c9508b6-1012-447b-be67-f35bb7d8a349,token_rejected,W18X50,class=W12X50,user,2026-08-11T07:32:00.765590+00:00
e2b67528-52d6-414c-b622-82674f9fdd99,token_rejected,W18X35,class=W18X35,user,2026-08-11T07:32:00.977192+00:00
4bb162de-dd60-4375-a8bf-c875720fc7e2,token_rejected,W18X40,class=W18X40,user,2026-08-11T07:32:01.315514+00:00
5ea51954-bbef-489e-bfae-41835c260ba1,token_rejected,W16X26,class=W14X22,user,2026-08-11T07:32:01.662349+00:00
eb54b11c-2941-4340-85bb-44168c17bca2,token_rejected,W18X65,class=W18X35,user,2026-08-11T07:32:01.936220+00:00
1d7b0d68-7a8a-4308-b3a3-4752a1d29a59,token_rejected,HSS14X10X3/8,class=HSS14X10X3/8,user,2026-08-11T07:32:02.166975+00:00
a8e788b4-3fcc-4478-8a45-14d9b0c1252b,token_rejected,W16X45,class=W10X15,user,2026-08-11T07:32:02.411257+00:00
88543cce-97b1-48dc-bac2-212c5e76431e,token_rejected,W14X30,class=W10X30,user,2026-08-11T07:32:02.816048+00:00
9d46e12c-ae3a-47a8-b868-0c846e031156,token_rejected,W16X31,class=W16X31,user,2026-08-11T07:32:02.995019+00:00
2942cdd6-760f-40d8-90c3-c46ba422f730,token_rejected,HSS8X6X3/8,class=HSS8X6X1/4,user,2026-08-11T07:32:03.185878+00:00
d9ec9c9c-d8e6-421d-9142-3e15cc001c04,token_rejected,W16X50,class=W16X50,user,2026-08-11T07:32:03.331490+00:00
7995c013-1fc7-4ec5-92ba-6ee5914ba338,token_rejected,W16X40,class=W16X40,user,2026-08-11T07:32:03.596039+00:00
f4c0dbab-d657-4ac8-a291-fb3921124ea4,token_rejected,W21X50,class=W16X50,user,2026-08-11T07:32:03.828222+00:00
2cf31b1b-3be0-43c6-8b0e-5c8f12c18e86,token_rejected,W18X76,class=W18X76,user,2026-08-11T07:32:03.971368+00:00
8ad86347-3f45-4a8c-af71-980e0374a4c6,token_rejected,W8X18,class=W8X58,user,2026-08-11T07:32:04.121479+00:00
9f77d0b8-15fa-4999-a756-1d9b36de249f,token_rejected,W16X36,class=W12X336,user,2026-08-11T07:32:04.270607+00:00
58cb3ed3-d72c-4bc2-b948-11a03e196f4d,token_rejected,W16X57,class=W16X57,user,2026-08-11T07:32:04.425543+00:00
5e6ee9ee-71ed-4f7b-907e-2633fea4e075,token_rejected,W8X24,class=W8X24,user,2026-08-11T07:32:04.612190+00:00
e8d44165-a544-455d-9a57-c4088d60f493,token_rejected,W24X94,class=W21X44,user,2026-08-11T07:32:04.774438+00:00
67f55160-12d4-4cb4-b170-15f3588affd1,token_rejected,W12X26,class=W10X26,user,2026-08-11T07:32:05.189162+00:00
16964184-6db4-495f-853c-d98da596f1b5,token_rejected,W21X68,class=W21X68,user,2026-08-11T07:32:05.780769+00:00
d2c908f9-f4d5-41bf-81b1-ff00f34c6803,token_rejected,W21X62,class=W24X62,user,2026-08-11T07:32:06.035529+00:00
48230178-e99e-43cf-9e05-6e35bd080406,token_rejected,W12X19,class=W12X19,user,2026-08-11T07:32:06.790711+00:00
cdd608df-c8d9-4529-87ef-7af2873b2e30,token_rejected,L4X3-1/2X3/8,class=L4X3X1/4,user,2026-08-11T07:32:07.311483+00:00
09611e62-87b6-43de-b4e6-bb88b3644c8a,token_rejected,HSS12X6X1/2,class=HSS14X6X1/2,user,2026-08-11T07:32:07.794530+00:00
474bd149-19b8-45e2-83bc-2c5faf3058eb,token_rejected,HSS16X8X3/8,class=HSS6X4X3/8,user,2026-08-11T07:32:08.055859+00:00
2ba9baa5-5a72-4332-a5ad-fabef8484eee,token_rejected,HSS6X6X3/8,class=HSS6X6X1/8,user,2026-08-11T07:32:08.340895+00:00
afa10c70-1216-4271-9c8f-1d21eeb29261,token_rejected,HSS16X4X1/2,class=HSS16X4X5/16,user,2026-08-11T07:32:08.509664+00:00
e095b62e-823e-43cb-b3f4-e37c4785611b,token_rejected,C8X11.5,class=WT10.5X111.5,user,2026-08-11T07:32:08.882312+00:00
734a4993-4e9a-4b51-a3b4-5b19bdda957f,token_rejected,L4X3X5/16,class=L5X5X5/16,user,2026-08-11T07:32:09.348516+00:00
566c3ae9-db2e-4dac-b49c-bbbf03e4d6c8,token_rejected,L5X5X1/2,class=L3X3X1/2,user,2026-08-11T07:32:09.785214+00:00
1f11569a-0eea-47af-a0b3-454e01f18445,token_rejected,L4x4,class=L4X3X1/4,user,2026-08-11T07:32:10.016068+00:00
4c554f26-233f-484b-b4cd-93b6b0b0953b,token_rejected,WT7X19,class=WT7X199,user,2026-08-11T07:32:10.226235+00:00
d99fbdaa-010c-4d6c-8141-adae2e458b9b,token_rejected,W24X84,class=W24X84,user,2026-08-11T07:32:10.435109+00:00
6e7b1483-8655-478c-ae12-367487a12e93,token_rejected,W21X48,class=W10X49,user,2026-08-11T07:32:10.828830+00:00
850dc22b-92b5-4fde-a439-d7a28ce7d20a,token_rejected,HSS20X12X1/2,class=HSS20X12X1,user,2026-08-11T07:32:11.423874+00:00
6d3ae2b4-6b61-4047-bd90-7c2bfac18620,token_rejected,W18X55,class=W18X55,user,2026-08-11T07:32:11.676762+00:00
338ccd07-79a0-4c28-bc5f-e9e546947e7c,token_rejected,L4x4x3/8,class=L4X4X3/8,user,2026-08-11T07:32:12.115975+00:00
3c44585f-b39a-4cf7-811c-f8bca59f1b8c,token_rejected,L4X3X1/4,class=L4X3X1/4,user,2026-08-11T07:32:12.455455+00:00
5e6d3755-3510-4d20-b159-6be47d33f106,token_rejected,L4X3 1/2X3/8,class=L4X3X1/4,user,2026-08-11T07:32:12.763721+00:00
6f14233f-04ae-4877-b606-7ce2f01d25bb,token_rejected,L2x2x3/16,class=L2X2X3/16,user,2026-08-11T07:32:12.955041+00:00
4198c2b6-20de-48eb-83b9-2659f1e5fa90,token_rejected,L3x3x3/16,class=L3X3X3/16,user,2026-08-11T07:32:13.224510+00:00
5776cb08-3204-4ad6-95d4-9d9cc8071f8c,token_rejected,2 L1x1x1/4,class=HSS2X1X1/8,user,2026-08-11T07:32:13.627068+00:00
a3305e39-5eb7-41c2-8aa6-2597ec0199df,token_rejected,C6 X 8.2,class=C6X8.2,user,2026-08-11T07:32:13.873972+00:00
a3474d14-f008-4bff-ba47-6df595bff607,token_rejected,L2X2X1/4,class=L3X3X1/4,user,2026-08-11T07:32:14.233611+00:00
f30ad3e1-3c83-4351-99d4-13fad5fadbef,token_rejected,C6x8.2;,class=C6X8.2,user,2026-08-11T07:32:14.476766+00:00
0b740c36-022b-4a67-998b-e2f36af9fb4e,token_rejected,C8x11.5;,class=ST4X11.5,user,2026-08-11T07:32:14.756666+00:00
5c02136f-6014-49fd-baac-137412fca941,token_rejected,"L3x3x1/4x0'-3"",",class=2L3X3X3/8,user,2026-08-11T07:32:15.008857+00:00
e63ffe28-deee-4d07-bbc7-f02a56ca3d50,token_rejected,L4X4X1/4,class=L4X4X1/4,user,2026-08-11T07:32:15.482837+00:00
035193b8-6fe5-447c-a0f1-312bfefd2ae6,token_rejected,HSS4X3X5/16,class=HSS3X3X5/16,user,2026-08-11T07:32:15.673929+00:00
fe163cb5-67b8-4b92-a9a2-af733355202f,token_rejected,HSS4X4X5/16,class=HSS4X3X5/16,user,2026-08-11T07:32:15.870617+00:00
25f53b46-ea69-4801-91ee-0a90172022ee,token_rejected,"L4x3x1/4x6""",class=L4X3X5/16,user,2026-08-11T07:32:16.015852+00:00
c23984f2-3fea-402e-9574-b4aec1d06cee,token_rejected,"L4x3x1/4x1'-0""",class=L4X3X5/16,user,2026-08-11T07:32:16.155364+00:00
058d3075-5bf3-4bb8-8708-8b06c817ff35,token_rejected,C8X13.7,class=C6X13,user,2026-08-11T07:32:16.276724+00:00
1f14988c-fa21-4240-bef7-d18bc0966c82,token_rejected,"L4X4X5/16X0'-5""",class=L4X4X5/8,user,2026-08-11T07:32:16.406542+00:00
179ae08d-7b31-4042-b188-8ea654429ab1,token_rejected,HSS16X0.5,class=HSS12.750X0.375,user,2026-08-11T07:32:16.555030+00:00
e68f65f8-73a2-4627-aecf-7e5c3f6df942,token_rejected,HSS6x2x5/16,class=HSS6X2X3/16,user,2026-08-11T07:32:16.703045+00:00
958c9816-7433-4e56-8401-2bbf0c02999d,token_rejected,L8X6X1/2X1',class=L3X3X1/2,user,2026-08-11T07:32:16.853781+00:00
00d39613-9e39-4d14-a334-13cf19973601,token_rejected,L8X8X1/2X1',class=2L8X8X1/2X3/8,user,2026-08-11T07:32:16.994347+00:00
9877a906-8ea1-4e08-9a48-65b749794304,token_rejected,"WT3X8,",class=WT3X8,user,2026-08-11T07:32:17.136235+00:00
07f099de-f7ff-4101-86ab-fd889b1063ff,token_rejected,L4X3-1/2X5/16,class=L4X3X1/4,user,2026-08-11T07:32:17.282191+00:00
0c8cb00b-d221-4d58-8718-7bec88ae9661,token_rejected,L6X3,class=L6X4X3/8,user,2026-08-11T07:32:17.450705+00:00
cc73924d-d619-40e7-afd7-e6a424919dbe,token_rejected,"L7X4X3/8X0'-11""",class=2L7X4X3/4SLBB,user,2026-08-11T07:32:17.600784+00:00
e4377dcd-5a44-42ff-af30-a13417128fb5,token_rejected,"L5X3X3/8X0'-5""",class=2L5X3X3/8X3/8SLBB,user,2026-08-11T07:32:17.751349+00:00
4f7e3d27-8c2e-463d-8607-ea02fa601488,token_rejected,L3X3X3/8,class=2L3X3X3/16X3/4,user,2026-08-11T07:32:17.893806+00:00
adeb188a-316e-4a31-b589-29642beff027,token_rejected,"L4X4X3/8X0'-4""",class=L4X4X3/8,user,2026-08-11T07:32:18.030708+00:00
2eafa20c-2a10-4266-b9c1-1ad6216d8895,token_rejected,"L3X3X3/8,",class=2L3X3X3/8X3/8,user,2026-08-11T07:32:18.175365+00:00
330d789c-5f7e-4ca7-a7b3-8c7a7dfba030,token_rejected,"L4X3X3/8X0'-8""",class=L4X3X3/8,user,2026-08-11T07:32:18.341044+00:00
68637b8d-abc7-4eb0-959c-0f61314ee966,token_rejected,HSS4X4X3/8,class=HSS4X4X1/2,user,2026-08-11T07:32:18.483716+00:00
1a15069c-82da-44f5-b397-32f4517ae2da,token_rejected,HSS6X6X5/8,class=HSS6X4X3/8,user,2026-08-11T07:32:18.625489+00:00
abb549b5-59e9-4f55-b41a-99877002dd34,token_rejected,HSS8X8X3/8,class=HSS10X8X3/8,user,2026-08-11T07:32:18.775731+00:00
d8b032bf-dc1e-4df2-8ebf-20d44a17bd70,token_rejected,HSS6X6X1/2,class=HSS6X6X3/8,user,2026-08-11T07:32:18.923816+00:00
94733c5b-4d9e-4504-9edf-a0b033a05005,token_rejected,W10X45,class=W10X45,user,2026-08-11T07:32:19.072258+00:00
d53a0c55-8c90-4f5b-9490-c2f6a5c41652,token_rejected,W10X39,class=W10X39,user,2026-08-11T07:32:19.240999+00:00
0e925ebe-8fc5-4e67-aa57-31521d1aba6d,token_rejected,W10X49,class=HSS18.000X0.500,user,2026-08-11T07:32:19.430203+00:00
24999e42-8e3d-46ff-92c3-087a74b7a2cd,token_rejected,W12X65,class=W12X65,user,2026-08-11T07:32:19.673819+00:00
adcaff58-b2ef-4edd-bbb8-08308c375b0c,token_rejected,HSS10X0.500,class=W10X33,user,2026-08-11T07:32:19.961115+00:00
f2bd8460-5569-4f8b-bc92-a64a8c2570b6,token_rejected,HSS18X0.375,class=HSS18.000X0.375,user,2026-08-11T07:32:20.337546+00:00
2b7785e6-be92-46fd-b7e2-fc905fb1b548,token_rejected,HSS10X0.625,class=W10X33,user,2026-08-11T07:32:20.525298+00:00
31c3188e-c73d-489c-80af-bfcfc1e6b6e3,unknown_queued,W16x26,Queued for review (structural_section),system,2026-08-11T09:25:17.405621+00:00
895b4d62-a375-42e6-8116-8a765f033d17,unknown_queued,W14x90,Queued for review (structural_section),system,2026-08-11T09:25:17.715028+00:00
12bf1e8a-bba0-40a6-9bf8-661b06bcde48,unknown_queued,HSS10x10,Queued for review (structural_section),system,2026-08-11T09:25:17.894174+00:00
511a04d6-106a-4d04-b6ee-b0c67fd7c4aa,unknown_queued,W8x40,Queued for review (structural_section),system,2026-08-11T09:25:18.093198+00:00
306cebbc-f565-4edb-9d5c-0dbbda96db8e,unknown_queued,HSS8x8,Queued for review (structural_section),system,2026-08-11T09:25:18.241367+00:00
96b73297-89f9-422c-836f-1a8c367e29be,unknown_queued,W8x48,Queued for review (structural_section),system,2026-08-11T09:25:18.775214+00:00
8e05c7a9-59e1-4189-a50f-d7f6a6011f18,unknown_queued,W8x31,Queued for review (structural_section),system,2026-08-11T09:25:18.871417+00:00
32161b63-90e0-46aa-9232-630d295f3197,unknown_queued,W8x58,Queued for review (structural_section),system,2026-08-11T09:25:18.960409+00:00
45c229ea-8282-4374-8a4d-4cab1fe9fc42,unknown_queued,W8x28,Queued for review (structural_section),system,2026-08-11T09:25:19.073633+00:00
4071afdc-8be5-4c9d-8c34-86cbed74b62d,unknown_queued,W8x35,Queued for review (structural_section),system,2026-08-11T09:25:19.185334+00:00
c5d5f201-cbd6-4648-91c0-369d49b08e95,unknown_queued,W8x24,Queued for review (structural_section),system,2026-08-11T09:25:19.293572+00:00
3a929d97-dc25-4b32-86d2-78593d1f0982,unknown_queued,W21x50,Queued for review (structural_section),system,2026-08-11T09:25:19.414925+00:00
e6398306-5f26-4271-b1a2-7317671a9c75,unknown_queued,W16x31,Queued for review (structural_section),system,2026-08-11T09:25:19.540501+00:00
e8597948-4d6e-40c9-91aa-f3cfde5996c1,unknown_queued,W10x12,Queued for review (structural_section),system,2026-08-11T09:25:19.670638+00:00
14066d9b-b986-4628-af49-2ec3cf441242,unknown_queued,W18x35,Queued for review (structural_section),system,2026-08-11T09:25:19.775359+00:00
f0ea0a8f-eb05-41f7-8ecf-b41f898cee94,unknown_queued,W12x22,Queued for review (structural_section),system,2026-08-11T09:25:20.443795+00:00
1dffffb2-e9a5-49dd-9e81-1e7037397a8f,unknown_queued,HSS10x10x1/2,Queued for review (structural_section),system,2026-08-11T09:25:20.700781+00:00
c71681bc-f437-496e-b3e1-8cd13570a023,unknown_queued,WT16.5x59,Queued for review (structural_section),system,2026-08-11T09:25:21.171321+00:00
42155ebd-9d7e-4a58-90ab-521b9042049c,unknown_queued,HSS 8X8,Queued for review (structural_section),system,2026-08-11T09:25:21.624510+00:00
4a150d87-bb51-4f32-aa3b-9d465ead1206,unknown_queued,HSS12x12x1/2,Queued for review (structural_section),system,2026-08-11T09:25:21.811791+00:00
a09f5931-9126-4877-86a1-d1d8b0316e49,unknown_queued,L6x6x3/4,Queued for review (structural_section),system,2026-08-11T09:25:22.666011+00:00
fd997d22-45d3-4cdf-ba24-f82585ea1429,unknown_queued,W18x40,Queued for review (structural_section),system,2026-08-11T09:25:24.573796+00:00
4182c28b-b9cc-4a8a-8781-9d8cc91f9970,unknown_queued,HSS8x8x3/8,Queued for review (structural_section),system,2026-08-11T09:25:25.257560+00:00
8d7a780c-8b69-4afe-a3ab-39198d13362c,unknown_queued,W10×22.,Queued for review (structural_section),system,2026-08-11T09:25:25.957993+00:00
42d45cc4-2989-4851-83a1-1702f6193a41,unknown_queued,HSS4x4x1/4.,Queued for review (structural_section),system,2026-08-11T09:25:26.077350+00:00
ea5820b2-0fee-499e-93b4-7922a4d2afc0,unknown_queued,W24x84,Queued for review (structural_section),system,2026-08-11T09:25:26.184004+00:00
c9297609-bec9-44ba-92b1-d08a9ea68ba7,unknown_queued,W36x170,Queued for review (structural_section),system,2026-08-11T09:25:26.326349+00:00
1adb750d-2d68-4482-ba27-c3e1a0129e02,unknown_queued,W36x150,Queued for review (structural_section),system,2026-08-11T09:25:26.448023+00:00
59a5e73f-ef25-42c1-b13b-fabdd4cd9082,unknown_queued,W16x50,Queued for review (structural_section),system,2026-08-11T09:25:26.587010+00:00
391f30b0-a4fd-418f-a54f-8d3baa59d01a,unknown_queued,W16x45,Queued for review (structural_section),system,2026-08-11T09:25:26.898297+00:00
1dbba315-b3a2-4fe4-82b4-8a5aaad429f8,unknown_queued,HSS 8X8X3/8,Queued for review (structural_section),system,2026-08-11T09:25:27.018911+00:00
52c6598f-4053-4fc5-a070-10ffd3e9077f,unknown_queued,L2x2x1/4,Queued for review (structural_section),system,2026-08-11T09:25:27.113412+00:00
50cde499-e2f3-46bf-8768-7449e0b6ae12,unknown_queued,L3x3x1/4,Queued for review (structural_section),system,2026-08-11T09:25:27.205604+00:00
3f92e2ed-01e9-4d1b-9a87-d1044f59f783,unknown_queued,L4x4x1/4,Queued for review (structural_section),system,2026-08-11T09:25:27.368618+00:00
d0a77939-c02b-4bc3-9b28-bc12c65f400f,unknown_queued,L5x5x5/16,Queued for review (structural_section),system,2026-08-11T09:25:27.585401+00:00
ea205cd6-46e4-478c-8bae-21198162ce33,unknown_queued,L5x3x1/4,Queued for review (structural_section),system,2026-08-11T09:25:27.738872+00:00
260332c2-61ee-4be6-b74f-586eb3541eeb,unknown_queued,HSS8x8x1/2,Queued for review (structural_section),system,2026-08-11T09:25:27.948300+00:00
04c63104-337f-4256-ae8c-727b2aeffe53,unknown_queued,HSS8x6x1/2,Queued for review (structural_section),system,2026-08-11T09:25:28.136394+00:00
5fae4406-5f8c-4392-bab5-dfe54576222d,unknown_queued,PL 1x9x1'-9,Queued for review (structural_section),system,2026-08-11T09:25:29.759663+00:00
eedd5c82-313a-4b5b-9818-efcd7b782adc,unknown_queued,HSS6x8x1/2,Queued for review (structural_section),system,2026-08-11T09:25:30.036488+00:00
b2b9ccb6-a40b-4e88-b5fd-4759beb8256b,unknown_queued,"HSS3x3,",Queued for review (structural_section),system,2026-08-11T09:25:30.140767+00:00
0872e8b8-7dc3-4983-ad9c-bdb7ff855ce4,unknown_queued,"HSS3x3x1/4,",Queued for review (structural_section),system,2026-08-11T09:25:30.239257+00:00
98fdb333-d3e0-48e1-a137-9a75f8da4b10,token_approved,W16x26,class=W16X26; Approved validation correction: Prediction confidence is critically low (20%),validation_page,2026-08-11T10:16:40.279134+00:00
4f95d7f5-a9bd-4d97-af61-03ec6e4e9737,unknown_queued,W16x26,Queued for review (structural_section),system,2026-08-11T10:32:00.911050+00:00
a38d6336-3e83-4e1b-a7e2-cec0f5eb28fc,unknown_queued,W14x22,Queued for review (structural_section),system,2026-08-11T10:32:01.224221+00:00
f56a1170-c69e-4a16-8fe2-cac457432c57,unknown_queued,W24x55,Queued for review (structural_section),system,2026-08-11T10:32:02.382652+00:00
983fa703-8894-4388-b345-cc6855f7827b,unknown_queued,W18x46,Queued for review (structural_section),system,2026-08-11T10:32:04.024620+00:00
d0e5684d-905d-4f78-a265-cc11f208e7f6,unknown_queued,W12x45,Queued for review (structural_section),system,2026-08-11T10:32:08.694140+00:00
4694908e-3b3c-44ed-a423-bcae2d65f0d2,unknown_queued,W27x84,Queued for review (structural_section),system,2026-08-11T10:32:11.479924+00:00
bff961c0-baf1-44a4-8795-850a41dcf6d6,unknown_queued,W24x68,Queued for review (structural_section),system,2026-08-11T10:32:19.061419+00:00
9495306c-0432-4cf9-97fb-3ae5fde472c8,unknown_queued,W33x130,Queued for review (structural_section),system,2026-08-11T10:32:19.534603+00:00
7a48a341-f939-4955-bc17-4ae3a3066477,unknown_queued,W33x118,Queued for review (structural_section),system,2026-08-11T10:32:20.964021+00:00
a0ce32d1-abca-4b32-a3c5-0a16f4dfbcc1,token_rejected,W14x90,class=W14X90,user,2026-08-11T10:37:07.061111+00:00
ce621ca4-e3bf-4f7d-8162-731a06ee6e65,unknown_queued,L4X3-1/2X5/16,Queued for review (structural_section),system,2026-08-11T11:12:42.217469+00:00
b7af7225-e785-4405-a61c-d776009eafe2,unknown_queued,L6X4X3/8,Queued for review (structural_section),system,2026-08-11T11:12:42.432340+00:00
ee6a779d-4dd2-4530-9b48-ef2beb128791,unknown_queued,W12X16,Queued for review (structural_section),system,2026-08-11T11:12:42.698285+00:00
dd72620e-1c56-4192-836d-132535ba9a48,unknown_queued,W21X44,Queued for review (structural_section),system,2026-08-11T11:12:42.943203+00:00
01313ca9-cb89-4b23-b5c5-cf7339851c08,unknown_queued,W18X50,Queued for review (structural_section),system,2026-08-11T11:12:43.593350+00:00
b19a71e0-3558-44d4-a768-18bd58019bb1,unknown_queued,W10X15,Queued for review (structural_section),system,2026-08-11T11:12:43.906425+00:00
cfdce10a-79de-4cc6-bffc-b71fa4e9b9e0,unknown_queued,W21X55,Queued for review (structural_section),system,2026-08-11T11:12:44.177218+00:00
351515b2-040b-4f86-a611-7460482dbde6,unknown_queued,W12X19,Queued for review (structural_section),system,2026-08-11T11:12:45.764268+00:00
95acca21-8ad7-4a2f-a88a-9b2c5e0db0ad,unknown_queued,W10X19,Queued for review (structural_section),system,2026-08-11T11:12:46.586218+00:00
f4bb7c83-5001-4596-9792-d2b027717381,unknown_queued,HSS10X8X3/8,Queued for review (structural_section),system,2026-08-11T11:12:46.856471+00:00
e3874af4-7825-4328-bef3-5b140ad299d2,unknown_queued,HSS10X6X3/8,Queued for review (structural_section),system,2026-08-11T11:12:47.183897+00:00
43207abf-a272-4ce4-a10d-41da7214b19a,unknown_queued,W16X36,Queued for review (structural_section),system,2026-08-11T11:12:47.430971+00:00
1f0dbd74-c247-427c-bbe5-ede05de194dc,unknown_queued,W12X26,Queued for review (structural_section),system,2026-08-11T11:12:48.737021+00:00
dcd5a3f9-fde8-4848-bf26-710defeb3190,unknown_queued,HSS12X6X3/8,Queued for review (structural_section),system,2026-08-11T11:12:50.938641+00:00
f5fdb17a-fdf5-4fd3-8405-831466e920f0,unknown_queued,W10X22,Queued for review (structural_section),system,2026-08-11T11:12:54.476937+00:00
e777bdc9-84b3-48ec-b68d-048d6c33f2b5,unknown_queued,W12X16.,Queued for review (structural_section),system,2026-08-11T11:12:54.942910+00:00
4e32a559-8b43-4ba1-938f-3e47ce592a8d,unknown_queued,W21X48,Queued for review (structural_section),system,2026-08-11T11:12:57.098725+00:00
5d49740c-0e3c-4a55-b79d-3176d5cddfa0,unknown_queued,W12X30,Queued for review (structural_section),system,2026-08-11T11:12:58.770876+00:00
1b949373-8252-4688-a442-1d2efb328ec0,unknown_queued,W10X30,Queued for review (structural_section),system,2026-08-11T11:13:00.153530+00:00
4e4b7c43-4053-4b02-8d2a-0cd9ad83f55d,unknown_queued,HSS14X6X1/2,Queued for review (structural_section),system,2026-08-11T11:13:00.950175+00:00
891ea58f-6aa1-469c-8339-411131e01226,unknown_queued,W12X40,Queued for review (structural_section),system,2026-08-11T11:13:01.348504+00:00
5be87145-70ab-482d-a8a7-2f0b879f9fc4,unknown_queued,HSS20X8X5/8,Queued for review (structural_section),system,2026-08-11T11:13:01.804477+00:00
ed783c46-e25d-43bb-b37e-e8d7eb777364,unknown_queued,W18X60,Queued for review (structural_section),system,2026-08-11T11:13:02.033802+00:00
ba7da3d3-593e-41a2-a7b3-2020d0579cb7,unknown_queued,W14X26,Queued for review (structural_section),system,2026-08-11T11:13:02.520067+00:00
a12f8c73-fa27-4df7-b37b-a3be4a0b81f1,unknown_queued,HSS14X6X5/8,Queued for review (structural_section),system,2026-08-11T11:13:10.646491+00:00
70fa4caf-c547-42fa-99c9-c3dcf2e6237a,unknown_queued,L4X4X3/8,Queued for review (structural_section),system,2026-08-11T11:13:10.957154+00:00
fcb0e745-d323-4344-8fc7-4e07e3688f76,unknown_queued,L2x2x3/16,Queued for review (structural_section),system,2026-08-11T11:13:11.459640+00:00
e5c91469-f08e-4e03-8a95-bb8e7e22a326,unknown_queued,L3x3x3/16,Queued for review (structural_section),system,2026-08-11T11:13:11.849768+00:00
016bbec7-e127-4ece-8595-781d17fa2a91,unknown_queued,C6 X 8.2,Queued for review (structural_section),system,2026-08-11T11:13:12.460251+00:00
f010d76d-c0cc-4af8-84df-7ffd0af1d30a,unknown_queued,C6 X 10.5,Queued for review (structural_section),system,2026-08-11T11:13:12.734871+00:00
02660eee-d60c-41bc-bfeb-d2ff5a878fc0,unknown_queued,L4X3X3/8,Queued for review (structural_section),system,2026-08-11T11:13:14.434343+00:00
72a891c2-b473-46c8-a2c8-5dd832ec0684,unknown_queued,L3x3x3/8,Queued for review (structural_section),system,2026-08-11T11:13:14.833224+00:00
d74faf51-4dd4-41c8-a5ff-3fec1f8bcbbc,unknown_queued,"L3X3X3/8X0'-6""",Queued for review (structural_section),system,2026-08-11T11:13:15.390899+00:00
a6953700-6a90-450d-9b14-36dd5e166eb3,unknown_queued,W10X33,Queued for review (structural_section),system,2026-08-11T11:13:16.940914+00:00
8759dbfa-0fce-4281-976c-39e524f8b180,unknown_queued,W10X112,Queued for review (structural_section),system,2026-08-11T11:13:18.288548+00:00
6c0b1891-fb48-46c1-9c9a-b282228f8ba3,unknown_queued,W12X106,Queued for review (structural_section),system,2026-08-11T11:13:19.992775+00:00
a8856bc1-b491-45f5-85df-11f24c25c7c7,unknown_queued,W12X120,Queued for review (structural_section),system,2026-08-11T11:13:21.098995+00:00
d170d78c-1a98-4cdf-ba39-c56e0a00bf50,unknown_queued,W12X230,Queued for review (structural_section),system,2026-08-11T11:13:22.295548+00:00
56283333-9453-4e27-ad05-2263bf7524f8,unknown_queued,W12X252,Queued for review (structural_section),system,2026-08-11T11:13:23.382408+00:00
a24759ca-f087-42ce-bb93-dd63d2400be3,unknown_queued,W12X336,Queued for review (structural_section),system,2026-08-11T11:13:24.295248+00:00
4c465b27-eab9-4144-9969-4c1a369dcc36,unknown_queued,W14X43,Queued for review (structural_section),system,2026-08-11T11:13:25.198041+00:00
ec8aebf6-8b0b-49dd-99f3-7beef469a183,unknown_queued,W14X61,Queued for review (structural_section),system,2026-08-11T11:13:25.938957+00:00
82e86eeb-3fa2-486f-afe7-6bb8bc47ea7b,unknown_queued,W14X68,Queued for review (structural_section),system,2026-08-11T11:13:26.730931+00:00
d1580cc6-1de5-49ca-99a9-9573442de585,unknown_queued,W14X82,Queued for review (structural_section),system,2026-08-11T11:13:27.341677+00:00
8d5bf49e-68e6-4322-9e12-5577d733b7fb,unknown_queued,W14X90,Queued for review (structural_section),system,2026-08-11T11:13:27.755543+00:00
e61371e3-154b-42c8-9744-d646475f62dd,unknown_queued,W14X132,Queued for review (structural_section),system,2026-08-11T11:13:28.114940+00:00
d4096f99-153a-4d3b-b326-86cde31a2b38,unknown_queued,W14X145,Queued for review (structural_section),system,2026-08-11T11:13:28.530242+00:00
3e837c94-a627-44d1-be39-f869ee701fd7,unknown_queued,WT7X19,Queued for review (structural_section),system,2026-08-11T11:13:29.139264+00:00
5cf7e5ba-81ef-44f6-bb37-9bbb1dfe928a,unknown_queued,"L3x3x1/4x0'-3"",",Queued for review (structural_section),system,2026-08-11T11:13:29.387625+00:00
6c36452b-38e5-4cfc-8234-5414d71d77e9,unknown_queued,L1x1x1/4,Queued for review (structural_section),system,2026-08-11T11:13:29.678291+00:00
4cdc8d50-9d10-496f-87c5-1a243bd5659c,unknown_queued,2 L1x1x1/4,Queued for review (structural_section),system,2026-08-11T11:13:29.928573+00:00
9540cbd6-76bc-4d53-8ca1-94dd40611513,unknown_queued,"L3X3X5/16,",Queued for review (structural_section),system,2026-08-11T11:13:30.187957+00:00
1d62cab4-543a-4db4-9678-15c179078791,unknown_queued,"L4X4X3/8X0'-8""",Queued for review (structural_section),system,2026-08-11T11:13:30.458144+00:00
c9a60c3b-f257-4d10-8775-fcf1c579e11d,unknown_queued,2L3x3x1/4,Queued for review (structural_section),system,2026-08-11T11:13:30.695606+00:00
848f0b74-d7b9-4f2a-bcd2-385389489697,unknown_queued,"L4x3x1/4x6""",Queued for review (structural_section),system,2026-08-11T11:13:31.346074+00:00
b83ec73b-d3f8-47c7-b207-eb9ae9302a13,unknown_queued,"L4x3x1/4x2'-0""",Queued for review (structural_section),system,2026-08-11T11:13:32.404730+00:00
98b246e0-32f5-41d0-a28e-88ba0ad5a084,unknown_queued,"L4x3x1/4x1'-0""",Queued for review (structural_section),system,2026-08-11T11:13:32.686877+00:00
37bfa89e-a775-419d-a269-8da1c65dafd9,unknown_queued,"L4x4x3/8x0'-6""",Queued for review (structural_section),system,2026-08-11T11:13:33.206869+00:00
ec8630fc-2656-4740-81d4-b2352830e048,unknown_queued,L6x3-1/2x3/8,Queued for review (structural_section),system,2026-08-11T11:13:33.476219+00:00
94fd3e8f-4a78-48ff-a865-2d89554efcfd,unknown_queued,"L4X3X3/8X0'-6""",Queued for review (structural_section),system,2026-08-11T11:13:33.865161+00:00
abc7f018-fbbd-4473-a838-5a07d6fddeb0,unknown_queued,HSS5x3x3/16,Queued for review (structural_section),system,2026-08-11T11:13:34.175857+00:00
5a43cbe9-a177-49ac-8d6f-b623c530cb56,unknown_queued,L7X4X3/8,Queued for review (structural_section),system,2026-08-11T11:13:34.805218+00:00
904e828b-f8d3-4682-8401-000d2f457278,unknown_queued,"L3X3X3/8X0'-10""",Queued for review (structural_section),system,2026-08-11T11:13:35.388228+00:00
5dd52488-377a-43e4-b3b0-65a1855265b6,unknown_queued,HSS6X6X3/8,Queued for review (structural_section),system,2026-08-11T11:13:35.844560+00:00
fafac69d-c859-40ad-9e94-b001a8cdcf2d,unknown_queued,HSS8X6X3/8,Queued for review (structural_section),system,2026-08-11T11:13:36.130334+00:00
6d2e1c56-f657-410f-ac40-f16b61e98042,unknown_queued,HSS6X6X1/2,Queued for review (structural_section),system,2026-08-11T11:13:37.789499+00:00
2adbded1-991e-4fd8-a5b0-b5a43e935072,unknown_queued,W10X54,Queued for review (structural_section),system,2026-08-11T11:13:40.905582+00:00
977492f3-db2a-4a1f-a402-41130a09958c,unknown_queued,HSS10X0.500,Queued for review (structural_section),system,2026-08-11T11:13:41.440854+00:00
033f6f35-0ed4-445f-92ad-510d301c79f3,unknown_queued,W10X49,Queued for review (structural_section),system,2026-08-11T11:13:41.888343+00:00
5fd441e4-7728-41c1-ba57-5d321bdc830b,unknown_queued,W10X60,Queued for review (structural_section),system,2026-08-11T11:13:42.173549+00:00
9fab395b-6ad3-43ba-a022-9a91be355504,unknown_queued,W10X39,Queued for review (structural_section),system,2026-08-11T11:13:42.481489+00:00
eab5c905-a921-4bc7-8fdd-0be05df61dde,unknown_queued,HSS10X0.625,Queued for review (structural_section),system,2026-08-11T11:13:43.079374+00:00
dfdd69fe-3dbd-49ff-9eab-36a83e772873,unknown_queued,A325,Queued for review (uncategorized),system,2026-08-11T11:17:07.228115+00:00
177946af-8fce-4105-8d47-a615da18648f,token_approved,A325,class=W14X132; Approved validation correction: Section W14X132 appears 2 times; verify whether duplicates are intentional members,validation_page,2026-08-11T11:17:21.432517+00:00
6e4b1042-cbf9-4ff5-9ade-67356aaabdc9,unknown_queued,A325,Queued for review (uncategorized),system,2026-08-11T11:17:34.871014+00:00
0a428a11-6076-4d7e-a14a-926449df0dc1,token_approved,A325,class=W14X132; Approved validation correction: Section W14X132 appears 2 times; verify whether duplicates are intentional members,validation_page,2026-08-11T11:17:48.615250+00:00
4edda759-6cdf-480b-a3a0-3a642ac9e06c,token_approved,W10X60,class=W10X60,user,2026-08-11T11:19:14.119583+00:00
0ae2b56e-e50b-4db6-b024-c20f3d2c276f,token_approved,W36x170,class=W36X170,user,2026-08-11T11:20:43.213872+00:00
20b29528-e74e-470f-8adf-df702bf4e90a,token_approved,W12x45,class=W12X45,user,2026-08-11T11:21:00.950889+00:00
20661ab4-e4ff-44f1-87bd-f21e0704c409,token_approved,W18x46,class=W18X46,user,2026-08-11T11:21:12.013621+00:00
a680c2d4-146b-420d-ba98-248a24f4d623,token_approved,W24x55,class=W12X65,user,2026-08-11T11:21:21.552121+00:00
6bdf458e-8cd3-4fcf-9e49-704604b43288,token_approved,W14x22,class=W14X22,user,2026-08-11T11:21:30.771587+00:00
1360bd9a-d5dd-4b43-a748-aa75086220b0,token_approved,W16x26,class=W10X22,user,2026-08-11T11:21:39.376793+00:00
8fdfe7ba-4c6a-4196-b88a-c0b8d211b7c1,token_approved,"HSS3x3x1/4,",class=HSS3X3X1/8,user,2026-08-11T11:21:48.400982+00:00
9a0e9fc7-2b61-4a69-859e-a6a26fac6ac4,token_approved,"HSS3x3,",class=HSS3X3X3/8,user,2026-08-11T11:21:58.070304+00:00
d80c1922-24c4-4285-8ac2-d3b2c7abf451,token_approved,HSS6x8x1/2,class=L8X8X1/2,user,2026-08-11T11:22:08.297235+00:00
bb527273-fe46-491e-96a9-0644b54acbe6,token_approved,PL 1x9x1'-9,class=L3X3X1/4,user,2026-08-11T11:22:17.385500+00:00
0ebb7ca4-a7f5-4f7e-afa4-2c7a445cbe30,token_approved,HSS8x6x1/2,class=HSS8X6X3/16,user,2026-08-11T11:22:26.070705+00:00
61192d5c-03ad-4714-85a6-a8b8256d8e6e,token_approved,HSS8x8x1/2,class=HSS8X8X1/4,user,2026-08-11T11:22:39.929598+00:00
a7fb1f8b-c49d-4225-8186-aad663026d2e,token_approved,L5x3x1/4,class=2L5X3X1/2SLBB,user,2026-08-11T11:22:49.608909+00:00
8b0f7f1f-7cda-4b6a-99d1-3b067a97c692,token_approved,L5x5x5/16,class=L4X3X5/16,user,2026-08-11T11:22:59.340581+00:00
3d2ff21f-1860-4735-8cdd-e1f349b837f4,token_approved,L4x4x1/4,class=L4X4X1/4,user,2026-08-11T11:23:09.042098+00:00
e22573c1-e162-48c8-a938-7299dd021df5,token_approved,L3x3x1/4,class=2L3X3X1/2X3/4,user,2026-08-11T11:23:24.654268+00:00
1eaa7ec2-4a2d-4d3f-b297-51a049499b31,token_approved,L2x2x1/4,class=2L2X2X1/8,user,2026-08-11T11:23:34.450367+00:00
2fa79e91-5877-4b7c-80bc-30f0bf8b1631,token_approved,HSS 8X8X3/8,class=HSS8X8X5/16,user,2026-08-11T11:23:43.124301+00:00
a3e06bea-689f-48dc-8e35-6e573a8262b5,token_approved,W16x45,class=W16X45,user,2026-08-11T11:23:56.637555+00:00
138842e2-2166-4981-8e75-60b914ce7efb,token_approved,W16x50,class=W36X150,user,2026-08-11T11:24:09.762159+00:00
e481b2dc-776a-4696-b12a-4d9c81609949,token_approved,W36x150,class=W36X150,user,2026-08-11T11:24:20.102490+00:00
3c847d26-d83e-4542-ab04-84ae9433e873,token_approved,W24x84,class=W24X84,user,2026-08-11T11:24:34.274361+00:00
a5cffbc6-289d-4858-b434-1aeb2a33db52,token_approved,HSS10X0.625,class=HSS12.000X0.625,user,2026-08-11T12:24:15.951694+00:00
8a0709af-4fc1-4c1f-81f9-39234a63ad92,token_approved,W10X39,class=W10X49,user,2026-08-11T12:24:25.979273+00:00
c88af62e-254e-4ef8-8129-8b1b4562cffd,token_approved,W10X49,class=W10X54,user,2026-08-11T12:24:35.866538+00:00
5e976c37-bdaf-4566-91e4-197cacdf179d,token_approved,HSS10X0.500,class=HSS10.000X0.625,user,2026-08-11T12:24:45.734022+00:00
045c0eed-3b63-404f-8d96-24b86d5a1ac1,token_approved,W10X54,class=W10X54,user,2026-08-11T12:24:58.921074+00:00
33d59172-38b0-4437-8f43-62d04da21a36,token_approved,HSS6X6X1/2,class=HSS6X6X5/8,user,2026-08-11T12:25:10.981734+00:00
32d49209-9d14-403d-a43b-dc72c9971160,token_approved,HSS8X6X3/8,class=HSS8X8X3/8,user,2026-08-11T12:25:20.967229+00:00
d9208dba-6725-4fe8-ba1e-6b5da9722d71,token_approved,HSS6X6X3/8,class=HSS6X6X1/4,user,2026-08-11T12:25:31.895664+00:00
e194f0e5-83b8-4718-8ce5-761221748cda,token_approved,"L3X3X3/8X0'-10""",class=L3X3X3/16,user,2026-08-11T12:26:12.914377+00:00
fbbae581-e377-4e33-880d-91cb27741f69,token_approved,L7X4X3/8,class=L3X3X3/8,user,2026-08-11T12:26:25.124940+00:00
3f6e3f94-9583-4dde-a129-80984e7b3806,token_approved,HSS5x3x3/16,class=L5X3X3/8,user,2026-08-11T12:26:39.173588+00:00
f1fca4cd-7c9d-4396-adc1-d618dde6de43,token_approved,"L4X3X3/8X0'-6""",class=L4X4X3/8,user,2026-08-11T12:26:53.019074+00:00
dce686f0-bf46-45d7-8f7e-c9443a543a2e,token_approved,L6x3-1/2x3/8,class=L6X6X3/8,user,2026-08-11T12:27:05.556715+00:00
51741a42-bde9-4795-a724-c4d16188dde8,token_approved,"L4x4x3/8x0'-6""",class=2L4X4X3/4X3/4,user,2026-08-11T12:27:19.159478+00:00
d380df85-7b17-484d-a242-73ab23d573be,token_approved,"L4x3x1/4x1'-0""",class=L3X3X1/2,user,2026-08-11T12:27:30.042308+00:00
be30832d-3381-4273-8b68-b236fef5622b,token_approved,"L4x3x1/4x2'-0""",class=L3X3X1/2,user,2026-08-11T12:27:42.718734+00:00
38cbf21c-bf32-4852-87cc-2ab780a4fead,token_approved,"L4x3x1/4x6""",class=2L4X3X1/2LLBB,user,2026-08-11T12:27:52.146460+00:00
7d78d1eb-5f18-4627-95f4-165b2f99d27d,token_approved,2L3x3x1/4,class=2L3X3X1/2X3/8,user,2026-08-11T12:28:03.385618+00:00
bc8b211d-1d6b-41c3-90ac-0514a7143344,token_approved,"L4X4X3/8X0'-8""",class=2L4X4X3/4X3/4,user,2026-08-11T12:28:16.324334+00:00
af5f7652-4cb2-42ab-b517-68a8d16d52ab,token_approved,"L3X3X5/16,",class=2L3X3X5/16,user,2026-08-11T12:28:26.268699+00:00
0a1b5bf1-60c4-4912-b720-a0adf682d23e,token_approved,2 L1x1x1/4,class=2L4X4X1/2X3/4,user,2026-08-11T12:28:35.698515+00:00
1ae65f7b-bf38-4788-8b00-c1bd4afa863c,token_approved,L1x1x1/4,class=L6X4X1/2,user,2026-08-11T12:28:44.393619+00:00
ceabbb9a-4537-4b3a-9f86-dc295c2996e5,token_approved,"L3x3x1/4x0'-3"",",class=L3X3X1/4,user,2026-08-11T12:28:53.119933+00:00
0973a391-dc1f-48b6-8516-ce4a4bf018d7,token_approved,WT7X19,class=WT7X19,user,2026-08-11T12:29:01.781733+00:00
393d1519-6d97-458e-a127-6011dbec5b35,token_approved,W14X145,class=W10X15,user,2026-08-11T12:29:10.471563+00:00
40ac80e5-890d-4b3c-9ba1-1b6082fcc561,token_rejected,HSS10x10,class=HSS10X10X5/16,user,2026-08-11T12:44:10.716000+00:00
bfc8db8b-720a-49da-8ccc-a7d06511491e,token_rejected,W8x40,class=W8X24,user,2026-08-11T12:44:11.066713+00:00
baa41cb8-4a7e-47ac-9ee6-98280f1ea3bc,token_rejected,HSS8x8,class=HSS8X8X3/8,user,2026-08-11T12:44:11.256049+00:00
799b193d-bffd-44c9-ac2f-2f14036958c6,token_rejected,W8x48,class=W8X40,user,2026-08-11T12:44:11.437326+00:00
e2957916-acfa-4142-a6eb-3f7ac8571508,token_rejected,W8x31,class=W8X18,user,2026-08-11T12:44:11.572088+00:00
7e458b5d-4ca8-45bd-b4b4-18193d99b5dc,token_rejected,W8x58,class=W8X58,user,2026-08-11T12:44:11.704585+00:00
8414e1c2-0dca-4408-ad00-a731385c5282,token_rejected,W8x28,class=W8X24,user,2026-08-11T12:44:11.832926+00:00
48710b4e-3a6f-4eb4-803b-633d9a4a8cb7,token_rejected,W8x35,class=W18X55,user,2026-08-11T12:44:11.941267+00:00
19dc95d0-2c2b-4472-b18e-314b48b392a7,token_rejected,W8x24,class=W8X24,user,2026-08-11T12:44:12.049873+00:00
cfe64d7c-2892-4c8c-b0ec-bd83b0eefc3e,token_rejected,W21x50,class=W16X50,user,2026-08-11T12:44:12.180549+00:00
93bcdc52-c119-4dd9-b71e-c692747a2c78,token_rejected,W16x31,class=W10X15,user,2026-08-11T12:44:12.369590+00:00
65e3caf9-c540-4c98-83df-19d20be62481,token_rejected,W10x12,class=W10X12,user,2026-08-11T12:44:12.544361+00:00
9690bd9f-7e18-4714-bb74-908ca5e2ef6b,token_rejected,W18x35,class=W18X35,user,2026-08-11T12:44:12.724359+00:00
d0617d48-4868-45cd-b482-5edb454b60ac,token_rejected,W12x22,class=W12X22,user,2026-08-11T12:44:12.855760+00:00
7701f812-c537-4c2c-b307-d11475339afa,token_rejected,HSS10x10x1/2,class=HSS10X10X1/2,user,2026-08-11T12:44:12.983855+00:00
b264298c-e658-4616-b576-76845ae53c4d,token_rejected,WT16.5x59,class=WT16.5X59,user,2026-08-11T12:44:13.143753+00:00
b9416d43-4ce4-4d38-a5a2-4740cdcb249f,token_rejected,HSS 8X8,class=HSS8X8X3/8,user,2026-08-11T12:44:13.305514+00:00
d9de22ac-de19-427e-9e37-e30a9c69e17b,token_rejected,HSS12x12x1/2,class=HSS12X12X1/2,user,2026-08-11T12:44:13.467926+00:00
b6e1fb9e-6fe1-4b9a-bb5e-6d66e1815e74,token_rejected,L6x6x3/4,class=2L6X6X3/8X3/4,user,2026-08-11T12:44:13.606377+00:00
726e1848-059d-4726-a182-afcdf54264db,token_rejected,W18x40,class=W18X40,user,2026-08-11T12:44:13.740741+00:00
401e4bef-d99f-4340-bc1a-9ef8d94f41a4,token_rejected,HSS8x8x3/8,class=HSS8X8X5/16,user,2026-08-11T12:44:13.887862+00:00
27e85a11-9809-4378-8d08-22ecc4575bc3,token_rejected,W10×22.,class=W10X22,user,2026-08-11T12:44:14.089406+00:00
69e03640-b553-43b4-98d4-4fd5c34ecbf8,token_rejected,HSS4x4x1/4.,class=HSS4X4X1/8,user,2026-08-11T12:44:14.234185+00:00
09ce3a5c-f1f3-4921-80ad-9ab6c5708617,token_rejected,W27x84,class=W27X84,user,2026-08-11T12:44:14.375561+00:00
585fa08e-1aae-46ba-a1aa-497cbcc3119f,token_rejected,W24x68,class=W24X68,user,2026-08-11T12:44:14.518764+00:00
62ba0c60-151e-4aba-8d26-3ca3c9dbe011,token_rejected,W33x130,class=W33X169,user,2026-08-11T12:44:14.666067+00:00
f83b8963-a6aa-4e38-9bf3-c246f212ff1c,token_rejected,W33x118,class=W33X118,user,2026-08-11T12:44:14.812918+00:00
c93a3272-9744-4d51-89a3-c43f9188ca72,token_rejected,L4X3-1/2X5/16,class=L4X3X5/16,user,2026-08-11T12:44:15.237464+00:00
1a19ac33-d43c-4902-a5b1-22d85ea946a7,token_rejected,L6X4X3/8,class=L3X3X3/8,user,2026-08-11T12:44:15.415331+00:00
6aacbd38-a4d1-4cf4-9877-b76f4d60ee67,token_rejected,W12X16,class=W12X65,user,2026-08-11T12:44:15.571274+00:00
03a07c08-8bfd-4aa0-a293-307ec280a7cc,token_rejected,W21X44,class=W21X44,user,2026-08-11T12:44:15.720051+00:00
c0105276-5123-4f5b-8586-de14fac03295,token_rejected,W18X50,class=W16X50,user,2026-08-11T12:44:15.866388+00:00
75ee6ce1-41c0-44e5-893c-8aa877cb106b,token_rejected,W10X15,class=W10X15,user,2026-08-11T12:44:16.036105+00:00
61bc34cf-84fc-48f3-8397-14252d5db073,token_rejected,W21X55,class=W21X55,user,2026-08-11T12:44:16.197518+00:00
3a6757b6-aa60-47b7-870a-06199b05a0d0,token_rejected,W12X19,class=W12X19,user,2026-08-11T12:44:16.343192+00:00
61673899-41b7-416f-b12c-b0448ee61c50,token_rejected,W10X19,class=W10X49,user,2026-08-11T12:44:16.491677+00:00
6543f408-e775-4ef8-b9a1-d1ae99f51966,token_rejected,HSS10X8X3/8,class=HSS10X8X5/8,user,2026-08-11T12:44:16.641771+00:00
53fa5de1-703d-4c2d-b376-a759eb43894f,token_rejected,HSS10X6X3/8,class=HSS10X8X3/8,user,2026-08-11T12:44:16.825830+00:00
4c2615bc-ef4d-4521-9f55-2d22087507d1,token_rejected,W16X36,class=W12X336,user,2026-08-11T12:44:16.980302+00:00
b0543960-907c-4aec-978d-2f795cceba55,token_rejected,W12X26,class=W10X26,user,2026-08-11T12:44:17.124575+00:00
ca9ef66e-b9d8-42b7-9766-e8aea65950a7,token_rejected,HSS12X6X3/8,class=HSS6X6X3/8,user,2026-08-11T12:44:17.263323+00:00
d93e969a-06ea-4d93-9184-56020af5a620,token_rejected,W10X22,class=W10X112,user,2026-08-11T12:44:17.403530+00:00
5d0f1bc2-0ee5-485b-b74b-e701debde5bb,token_rejected,W12X16.,class=W12X65,user,2026-08-11T12:44:17.543730+00:00
6a75ae20-e15f-4287-b132-a7c2ccfaaffc,token_rejected,W21X48,class=W21X68,user,2026-08-11T12:44:17.729998+00:00
436722c5-e7a8-4e5b-a369-5fb9646bca1c,token_rejected,W12X30,class=W10X30,user,2026-08-11T12:44:17.872243+00:00
4ddaf3f9-b77d-49d5-8543-5a8866a58d48,token_rejected,W10X30,class=W12X230,user,2026-08-11T12:44:18.014464+00:00
b6d1ac04-76a3-4415-856e-6117ad0e50af,token_rejected,HSS14X6X1/2,class=HSS14X6X3/16,user,2026-08-11T12:44:18.153743+00:00
2c0df5be-57fe-4f3d-be23-8c720e17e8fa,token_rejected,W12X40,class=W12X106,user,2026-08-11T12:44:18.299299+00:00
e317106a-88d5-48a0-8460-fe158bc3da2b,token_rejected,HSS20X8X5/8,class=HSS20X8X5/16,user,2026-08-11T12:44:18.444855+00:00
80209c12-75e6-48de-8089-c80706f3655c,token_rejected,W18X60,class=W18X40,user,2026-08-11T12:44:18.636429+00:00
7d1997ab-2d7a-4dce-8607-6d26af550548,token_rejected,W14X26,class=W14X26,user,2026-08-11T12:44:18.779101+00:00
7890bb05-42b1-4263-bbd0-70f3ee33142c,token_rejected,HSS14X6X5/8,class=HSS10X6X3/8,user,2026-08-11T12:44:18.923095+00:00
070de97a-3acb-4bae-965b-5aa54940877a,token_rejected,L4X4X3/8,class=HSS4X4X3/8,user,2026-08-11T12:44:19.063257+00:00
1bdd14e9-0e27-4627-86ed-2211415c34ea,token_rejected,L2x2x3/16,class=HSS2X2X3/16,user,2026-08-11T12:44:19.199484+00:00
7e5621d1-41be-46cf-aa94-376e0edc43c2,token_rejected,L3x3x3/16,class=L3X3X3/8,user,2026-08-11T12:44:19.342435+00:00
19c5469f-8030-4b11-b825-77cd86daf7e1,token_rejected,C6 X 8.2,class=C8X11.5,user,2026-08-11T12:44:19.531973+00:00
45d6d5b9-b044-4d08-b82c-7be13200459d,token_rejected,C6 X 10.5,class=C6X8.2,user,2026-08-11T12:44:19.669549+00:00
0d37231b-b987-48b7-a144-5a38b5fe0c89,token_rejected,L4X3X3/8,class=L4X3X5/8,user,2026-08-11T12:44:19.780411+00:00
51fe9427-8545-4f8a-9806-8ca1171b4e48,token_rejected,L3x3x3/8,class=L3X3X3/8,user,2026-08-11T12:44:19.893895+00:00
7b16a62b-4189-41f2-b713-90087a5a3b9a,token_rejected,"L3X3X3/8X0'-6""",class=L3X3X3/16,user,2026-08-11T12:44:20.038210+00:00
4e2f435a-8dff-4285-b46d-288c8e19eb68,token_rejected,W10X33,class=W12X336,user,2026-08-11T12:44:20.181851+00:00
2e1ad240-611b-4f5a-a277-5fd08741b452,token_rejected,W10X112,class=W10X22,user,2026-08-11T12:44:20.360704+00:00
017b5d91-a396-47aa-bf5d-b6cbdf7b0ac9,token_rejected,W12X106,class=W12X106,user,2026-08-11T12:44:20.522503+00:00
c1c973a7-5c0f-4d59-aa4d-2f7024564a9b,token_rejected,W12X120,class=W12X230,user,2026-08-11T12:44:20.658668+00:00
8a3d906c-a49f-4116-abbb-d36734858150,token_rejected,W12X230,class=W12X230,user,2026-08-11T12:44:20.793566+00:00
b458e5b7-98aa-49aa-a1e8-b1031aaa435b,token_rejected,W12X252,class=W12X50,user,2026-08-11T12:44:20.934506+00:00
55c76b7c-201b-4612-b5df-48a2d36e157b,token_rejected,W12X336,class=W10X33,user,2026-08-11T12:44:21.064576+00:00
ff8b8dd4-9309-4f43-9cb5-77b94a060cc0,token_rejected,W14X43,class=W14X43,user,2026-08-11T12:44:21.247928+00:00
efb3b5e3-0a95-4459-99a3-5edddf24e48a,token_rejected,W14X61,class=W14X665,user,2026-08-11T12:44:21.387167+00:00
49f997e5-7e31-448a-9dbb-dbb4e48644d1,token_rejected,W14X68,class=W14X26,user,2026-08-11T12:44:21.517200+00:00
22b5cab0-becc-4c4b-b559-e265f9653049,token_rejected,W14X82,class=W14X22,user,2026-08-11T12:44:21.648581+00:00
dc0da9ef-bb64-4093-9415-bf067dd4ce1d,token_rejected,W14X90,class=W14X74,user,2026-08-11T12:44:21.778116+00:00
58a8bdde-e388-47b5-9f3a-ad636d06f1b8,token_rejected,W14X132,class=W14X22,user,2026-08-11T12:44:21.908811+00:00
4a17cff9-215e-42c4-9d77-2a1d8c8780c9,unknown_queued,W27X84,Queued for review (structural_section),system,2026-08-12T11:46:27.419715+00:00
25fd3426-7227-4f72-be6a-33be57f20853,unknown_queued,W18X35,Queued for review (structural_section),system,2026-08-12T11:46:27.606259+00:00
0b5901c2-8240-4fbc-b785-55452f212aeb,unknown_queued,W12X16,Queued for review (structural_section),system,2026-08-12T11:46:27.794558+00:00
2a179555-d4a0-4681-ba8d-288c98b92dd1,unknown_queued,W16X26,Queued for review (structural_section),system,2026-08-12T11:46:27.981853+00:00
a87b39a9-45db-49d4-bf4c-068c91fb9aa8,unknown_queued,HSS10X8X3/8,Queued for review (structural_section),system,2026-08-12T11:46:28.171331+00:00
48d12f34-1ee3-4dea-8173-64ea681633d1,unknown_queued,W18X40,Queued for review (structural_section),system,2026-08-12T11:46:28.457608+00:00
42fd9c0e-b776-4d6d-8b7b-83f6fcc03d08,unknown_queued,W21X55,Queued for review (structural_section),system,2026-08-12T11:46:28.813776+00:00
923cfdf3-374f-4008-8063-8b2a3f8cabc7,unknown_queued,W14X22,Queued for review (structural_section),system,2026-08-12T11:46:29.035635+00:00
35a807f5-0a14-4a17-9d3a-7215b710bd45,unknown_queued,W18X50,Queued for review (structural_section),system,2026-08-12T11:46:29.288197+00:00
07c75d1d-0dad-464b-ae75-92cd5c0bd0ac,unknown_queued,W21X44,Queued for review (structural_section),system,2026-08-12T11:46:30.086495+00:00
4bcbbe6d-4f7d-4a93-9ead-a3d406a5aa60,unknown_queued,W21X50,Queued for review (structural_section),system,2026-08-12T11:46:30.404350+00:00
a767f7c5-ab78-493d-bec2-59330a5c4dad,unknown_queued,W10X19,Queued for review (structural_section),system,2026-08-12T11:46:31.368215+00:00
d344041a-372a-4637-aeeb-cc88c0b7aa11,unknown_queued,W10X15,Queued for review (structural_section),system,2026-08-12T11:46:31.640064+00:00
996f646b-aa23-42ca-8d7b-c42756e53c28,unknown_queued,W16X36,Queued for review (structural_section),system,2026-08-12T11:46:33.948726+00:00
127e959f-6a1c-429a-ad36-ca4a170f78da,unknown_queued,W12X26,Queued for review (structural_section),system,2026-08-12T11:46:34.286549+00:00
37ce6c2a-b865-4200-b5ec-7f09243a2c07,unknown_queued,HSS10X6X3/8,Queued for review (structural_section),system,2026-08-12T11:46:34.577375+00:00
e3bc6de3-b015-480a-b3f4-425a7f2e5d09,unknown_queued,HSS12X6X3/8,Queued for review (structural_section),system,2026-08-12T11:46:36.591289+00:00
a3fcc483-89dd-44b7-9810-5f3d3784f17f,unknown_queued,W10X22,Queued for review (structural_section),system,2026-08-12T11:46:37.959345+00:00
5033b478-7d00-4ad5-a37b-6caecb79f14d,unknown_queued,W12X22,Queued for review (structural_section),system,2026-08-12T11:46:39.037470+00:00
7805a885-0851-4883-b87c-a430478f4832,unknown_queued,W10X30,Queued for review (structural_section),system,2026-08-12T11:46:39.395291+00:00
48b407c0-01cf-4627-a126-985ee4b3b990,unknown_queued,W16X31,Queued for review (structural_section),system,2026-08-12T11:46:40.227490+00:00
72275491-fef5-4f74-b29f-4aefaf9497de,unknown_queued,HSS14X6X1/2,Queued for review (structural_section),system,2026-08-12T11:46:40.453710+00:00
c1b2d10a-c982-4c9d-b354-e2c9f044a3ac,unknown_queued,HSS20X8X5/8,Queued for review (structural_section),system,2026-08-12T11:46:42.693016+00:00
4043f01d-4fd1-4489-9b3c-c70d164c514b,unknown_queued,W30X99,Queued for review (structural_section),system,2026-08-12T11:46:43.029042+00:00
8dfc0a11-6629-418e-a4b0-9688cfb81009,unknown_queued,W18X60,Queued for review (structural_section),system,2026-08-12T11:46:43.221833+00:00
d8d1ea1f-8dbb-4916-9774-d80480356c67,unknown_queued,W8x31,Queued for review (structural_section),system,2026-08-12T11:46:43.527274+00:00
1ef490f3-6709-4726-97bf-e848ee3002c9,unknown_queued,W24X84,Queued for review (structural_section),system,2026-08-12T11:46:44.255563+00:00
588d1933-455c-4d4d-a0c1-1e5c5d437abc,unknown_queued,W8x18,Queued for review (structural_section),system,2026-08-12T11:46:44.689896+00:00
4623b342-bf20-4d94-9d2a-2d16e389bff5,unknown_queued,W14X26,Queued for review (structural_section),system,2026-08-12T11:46:45.002636+00:00
7c8afbc3-2a41-4451-b2df-10241eea7e7d,unknown_queued,HSS14X6X5/8,Queued for review (structural_section),system,2026-08-12T11:46:48.628390+00:00
75d951e5-c618-4ba8-b09b-fe8b0dd368a3,unknown_queued,L4X4X3/8,Queued for review (structural_section),system,2026-08-12T11:46:49.204687+00:00
627dd0ec-b047-40da-849c-b23b6e19a018,unknown_queued,PL 1,Queued for review (structural_section),system,2026-08-12T11:46:49.612081+00:00
e72b47e4-aeb9-42e9-b825-d543a47e45cc,unknown_queued,L3x3x3/16,Queued for review (structural_section),system,2026-08-12T11:46:49.807419+00:00
0ece5e24-762e-4177-9db3-ab2be400dfbf,unknown_queued,L3x3x1/4,Queued for review (structural_section),system,2026-08-12T11:46:50.069489+00:00
da26477d-ff60-44e5-a2a7-a34768121a38,unknown_queued,C6 X 8.2,Queued for review (structural_section),system,2026-08-12T11:46:50.337436+00:00
78893f5d-7678-4a32-bcb3-58c5c0600bd7,unknown_queued,C6 X 10.5,Queued for review (structural_section),system,2026-08-12T11:46:50.533087+00:00
71a3db09-9814-4c3a-aeaa-37932a12070c,unknown_queued,C8x11.5,Queued for review (structural_section),system,2026-08-12T11:46:50.795425+00:00
a09cbde3-82c8-483d-ad26-cf1b67a54e71,unknown_queued,PL 3,Queued for review (structural_section),system,2026-08-12T11:46:50.986429+00:00
4a9f6277-d423-48a1-94e5-1643ac911cd4,unknown_queued,L3X3X3,Queued for review (structural_section),system,2026-08-12T11:46:51.275086+00:00
2e75305f-289f-4c0e-bdbe-12670f7347db,unknown_queued,L4X3X3/8,Queued for review (structural_section),system,2026-08-12T11:46:51.471521+00:00
7196c18c-0867-4d3d-abbd-2cf47e8864a6,unknown_queued,L5x3,Queued for review (structural_section),system,2026-08-12T11:46:51.667977+00:00
404adc2e-c468-485f-966e-896f9b38aeaa,unknown_queued,W10X33,Queued for review (structural_section),system,2026-08-12T11:46:51.892602+00:00
446bd068-d8dd-4670-aeaf-070f7b71fa8f,unknown_queued,W10X112,Queued for review (structural_section),system,2026-08-12T11:46:52.081967+00:00
987fe7ea-3e04-4c80-8ee4-188c425a3b8e,unknown_queued,PL 1 PL11,Queued for review (structural_section),system,2026-08-12T11:46:52.324984+00:00
0050d91c-25da-44b5-ab61-71ec210f5c4c,unknown_queued,L3X3X5/16,Queued for review (structural_section),system,2026-08-12T11:46:52.663791+00:00
7d8bbe29-76dd-4c82-a99b-8a221fd87387,unknown_queued,L4X4X3,Queued for review (structural_section),system,2026-08-12T11:46:52.993062+00:00
b54edb8b-ec72-44eb-8e1e-62a59d2258fd,unknown_queued,L3x3x1,Queued for review (structural_section),system,2026-08-12T11:46:53.193256+00:00
7288f342-f01c-4094-b927-480e6d0faad1,unknown_queued,L4x3x1,Queued for review (structural_section),system,2026-08-12T11:46:53.427914+00:00
3a587d26-c9a4-4be8-ac54-c427f5644a6f,unknown_queued,PL 5,Queued for review (structural_section),system,2026-08-12T11:46:53.693502+00:00
15f3f032-355a-43b7-86e5-964e8716ea99,unknown_queued,L4x4x1/4,Queued for review (structural_section),system,2026-08-12T11:46:53.968469+00:00
2c12e31b-33bf-45bf-ba61-9ec5eb8dd46f,unknown_queued,PL 4,Queued for review (structural_section),system,2026-08-12T11:46:54.155636+00:00
bf90f3b9-e76e-4d2b-b7d4-55d62a3ef467,unknown_queued,2L3x3x1/4,Queued for review (structural_section),system,2026-08-12T11:46:54.519243+00:00
abb98214-941d-490e-b8ab-c7895466c131,unknown_queued,L4X3X3,Queued for review (structural_section),system,2026-08-12T11:46:54.857393+00:00
50c3bc12-ea1b-4e2c-9956-02a5d75f0420,unknown_queued,L6x3,Queued for review (structural_section),system,2026-08-12T11:46:55.066702+00:00
944471af-bf2c-4d24-8634-3d43fe19ed6d,unknown_queued,HSS6X6X3/8,Queued for review (structural_section),system,2026-08-12T11:46:55.402806+00:00
2c6cce47-6560-4a7c-8ffa-3b7b9359e925,unknown_queued,HSS8X6X3/8,Queued for review (structural_section),system,2026-08-12T11:46:55.786294+00:00
6c15c2fd-c87e-4031-99c7-7cfa6aa5018b,unknown_queued,HSS6X6X1/2,Queued for review (structural_section),system,2026-08-12T11:46:56.304607+00:00
c0a019c7-65ec-4987-a132-ffb688c22558,unknown_queued,W10X45,Queued for review (structural_section),system,2026-08-12T11:46:58.058946+00:00
f5e04497-ccfa-41ae-8248-37ee0c91cd15,unknown_queued,HSS10X0.625,Queued for review (structural_section),system,2026-08-12T11:46:59.006712+00:00
fa989dae-9d4b-4427-9343-92f0397fe9fc,unknown_queued,W10X54,Queued for review (structural_section),system,2026-08-12T11:46:59.237367+00:00
94a19225-80bb-43dd-8086-b913a5d300de,unknown_queued,W10X49,Queued for review (structural_section),system,2026-08-12T11:46:59.477611+00:00
ba7c635b-1333-4cd5-b64e-33fcd96d9fcb,unknown_queued,W10X39,Queued for review (structural_section),system,2026-08-12T11:47:00.151679+00:00
4dc225b5-0b31-4130-b1a0-a2e531d7559f,unknown_queued,W10X60,Queued for review (structural_section),system,2026-08-12T11:47:00.634734+00:00
89badc77-19e4-4f0a-b240-7cf502f315c8,unknown_queued,HSS10X0.500,Queued for review (structural_section),system,2026-08-12T11:47:00.867150+00:00
55ec58d7-bb0d-40bf-a171-e925e518a686,unknown_queued,W8X40,Queued for review (structural_section),system,2026-08-12T11:47:02.530005+00:00
7b679332-024b-48f1-acf4-fc5a392b20c7,token_approved,HSS10X6X3/8,class=HSS10X6X3/8; drawing_review:approve,validation_page,2026-08-12T13:03:51.469511+00:00
167ff688-e13c-40f3-bcd6-38552bdf3bce,unknown_queued,HSS10X6X3/8,Queued for review (structural_section),system,2026-08-12T13:04:04.769979+00:00
0e52a5f4-bce0-42a4-b963-bc664fbf1e96,token_approved,HSS10X6X3/8,class=HSS10X6X3/8; drawing_review:correct,validation_page,2026-08-12T13:04:21.914214+00:00
112f9240-67d5-4f1b-8e11-f6ed6671de2f,unknown_queued,HSS10X6X3/8,Queued for review (structural_section),system,2026-08-12T13:04:30.149287+00:00
8ba19309-dad7-4603-8ee3-2d1cdc838631,token_approved,HSS10X6X3/8,class=HSS10X6X3/4; drawing_review:approve,validation_page,2026-08-12T13:04:45.842082+00:00
8927e8c7-d599-485f-b7ed-5289ebc2cea7,unknown_queued,HSS10X6X3/8,Queued for review (structural_section),system,2026-08-12T13:05:07.208222+00:00
9d971257-00c8-458f-b0c5-4171ab66d476,token_approved,HSS10X6X3/8,class=HSS10X6X3/8; drawing_review:approve,validation_page,2026-08-12T13:05:23.821435+00:00
cdd22eab-9f3c-455b-b885-2cbaf3ae8fac,token_rejected,L4X4X3,class=L4X4X3/8,user,2026-08-12T13:07:25.207096+00:00
58d76397-1f08-4ae3-b273-462b931e9fd2,token_approved,W8X40,class=W8X24,user,2026-08-12T13:07:58.374422+00:00
c62ed816-f750-447d-bf9b-aa1d2da3d924,token_approved,HSS10X0.500,class=HSS10.000X0.500,user,2026-08-12T13:08:14.917989+00:00
971b6955-28c7-4d3b-b671-78ac413404cd,token_approved,W10X60,class=W10X60,user,2026-08-12T13:08:30.214730+00:00
c97e3295-46e8-4a94-a831-d40aee5b3fd4,token_approved,W10X39,class=W10X12,user,2026-08-12T13:08:44.895237+00:00
e4fc8790-d30c-4d49-830e-2350d6224a8b,token_approved,W10X49,class=W10X54,user,2026-08-12T13:09:00.006275+00:00
adbaad8d-9554-4a2f-baf7-9b5ebb1f7a6b,token_approved,W10X54,class=W10X54,user,2026-08-12T13:10:36.617286+00:00
2e34f75c-dc83-44e7-9b1b-04f051008f3a,token_approved,HSS10X0.625,class=HSS10.000X0.500,user,2026-08-12T13:11:25.441249+00:00
4128b22d-de03-440a-b34f-8ab6a4e0da30,token_approved,W10X45,class=W12X14,user,2026-08-12T13:12:00.352868+00:00
e33beeca-5d3b-4e97-88f8-83d01404def8,token_approved,HSS6X6X1/2,class=HSS6X6X1/8,user,2026-08-12T13:12:20.550067+00:00
14b3b63d-1490-435a-a9db-06dece5d6571,token_approved,HSS8X6X3/8,class=HSS8X8X3/8,user,2026-08-12T13:12:41.691311+00:00
63179eca-76b1-4e61-a8a3-1d7d5996c6d1,token_approved,HSS6X6X3/8,class=L6X6X3/8,user,2026-08-12T13:13:14.395353+00:00
7175897f-12c3-4325-9db1-9538d31eb85d,token_approved,L6x3,class=L3X3X3/8,user,2026-08-12T13:13:36.228356+00:00
f458ad02-d9ae-428a-8fcf-de8170a8ed84,token_approved,L4X3X3,class=L4X3X3/8,user,2026-08-12T13:13:57.678828+00:00
a416043a-f9dd-4453-b24e-133820a0d9cd,token_approved,2L3x3x1/4,class=L3X3X1/4,user,2026-08-12T13:14:19.773712+00:00
a276edcf-41da-4062-a6ff-1431eeb7747b,token_approved,PL 4,class=L2X2X1/4,user,2026-08-12T13:14:38.992428+00:00
eca951cd-e7c2-47fc-b741-d049cee6e94b,token_approved,L4x4x1/4,class=2L4X4X1/4,user,2026-08-12T13:14:56.178597+00:00
5ed93ac0-3aab-4012-871e-e7b64c682034,token_approved,L4x3x1,class=L4X3X5/16,user,2026-08-12T13:15:13.568881+00:00
0a55fde5-fe40-4eba-b79c-52411280dd66,token_approved,L3x3x1,class=2L3X3X1/2,user,2026-08-12T13:15:35.041669+00:00
83babd81-a542-4011-bb6c-b021d2ecc399,token_approved,L3X3X5/16,class=2L3X3X5/16,user,2026-08-12T13:15:51.230729+00:00
90ceded6-bd65-426e-be6e-06d3d9193723,token_approved,PL 1 PL11,class=2L12X12X1,user,2026-08-12T13:16:06.480041+00:00
3537dd84-9e77-4df4-b61e-0e842ae5ecf6,token_approved,W10X112,class=W10X112,user,2026-08-12T13:16:23.980140+00:00
324f065b-9c01-4756-8c48-c1df3bd41a5b,token_approved,W10X33,class=W10X30,user,2026-08-12T13:16:45.424695+00:00
e4cb8a07-14e4-4e2b-9309-c3d364f83368,token_approved,L5x3,class=L5X5X3/8,user,2026-08-12T13:17:04.068704+00:00
9cbc45bf-12c4-4a86-bd00-355efb487055,token_approved,L4X3X3/8,class=2L4X3X3/8LLBB,user,2026-08-12T13:17:22.079624+00:00
99f9eac1-c8f8-4cb0-9d81-b83e5a706bdd,unknown_queued,W24X68,Queued for review (structural_section),system,2026-08-12T13:17:26.492475+00:00
a8f2cf58-3683-45de-a474-f9825e752e74,unknown_queued,HSS10X6X3/8,Queued for review (structural_section),system,2026-08-12T13:17:26.673639+00:00
97ea4124-2a21-4d67-9355-d149f2cad2bf,unknown_queued,W30X90,Queued for review (structural_section),system,2026-08-12T13:17:27.762683+00:00
0b128602-fbef-4dd7-b2d1-256d6a5fcc98,unknown_queued,W12X30,Queued for review (structural_section),system,2026-08-12T13:17:34.646562+00:00
6dd8ce4c-0e1c-4bef-836d-c3753497eb8b,unknown_queued,W12X40,Queued for review (structural_section),system,2026-08-12T13:17:34.937038+00:00
05bbffd0-6d0d-4f3a-9b22-0dd2f9a81b18,unknown_queued,W21X48,Queued for review (structural_section),system,2026-08-12T13:17:38.658593+00:00
6d1dbf26-6b13-48ee-a139-4c10ae0469c9,unknown_queued,L4X3X3/8,Queued for review (structural_section),system,2026-08-12T13:17:47.640784+00:00
3a69af3b-7842-4dd3-a224-38e7b90036bf,unknown_queued,L5x3,Queued for review (structural_section),system,2026-08-12T13:17:47.848920+00:00
e10ab392-fd11-463c-84c5-410f7a31e467,unknown_queued,W10X112,Queued for review (structural_section),system,2026-08-12T13:17:48.095193+00:00
abef0117-98ef-4987-951d-902259042547,unknown_queued,PL 1 PL11,Queued for review (structural_section),system,2026-08-12T13:17:48.301248+00:00
3e1326e9-7a5d-49bd-b15e-d3b579ce117b,unknown_queued,W14X198,Queued for review (structural_section),system,2026-08-12T13:17:48.627469+00:00
53c30b68-0558-46a9-aacd-28f2488b6ec4,unknown_queued,WT7X19,Queued for review (structural_section),system,2026-08-12T13:17:48.835267+00:00
92dd9a31-955d-4795-9d9d-d05c0ac77853,unknown_queued,L3X3X5/16,Queued for review (structural_section),system,2026-08-12T13:17:49.134289+00:00
fac29100-40a1-4d75-9db0-c2dba0214c4b,unknown_queued,L4X4X3,Queued for review (structural_section),system,2026-08-12T13:17:49.491697+00:00
5a8d00ef-962c-43c4-aeed-6d950b3381a3,unknown_queued,L3x3x1,Queued for review (structural_section),system,2026-08-12T13:17:49.700164+00:00
cef12fe5-40e0-4a1d-a573-e6671d2e8553,unknown_queued,L4x3x1,Queued for review (structural_section),system,2026-08-12T13:17:49.947921+00:00
1438c661-ebd8-45c6-9580-cd8828cd4694,unknown_queued,L4x4x1/4,Queued for review (structural_section),system,2026-08-12T13:17:50.343247+00:00
5491d820-bedb-407d-8c86-fcc42eac18bd,unknown_queued,PL 4,Queued for review (structural_section),system,2026-08-12T13:17:50.550579+00:00
afd2fdb1-fb5d-4c61-b753-cd6a11fa447a,unknown_queued,2L3x3x1/4,Queued for review (structural_section),system,2026-08-12T13:17:50.943001+00:00
d61dd505-9f8a-4200-ae45-019bd6b3f9d6,unknown_queued,L4X3X3,Queued for review (structural_section),system,2026-08-12T13:17:51.305801+00:00
9bd08f68-25fa-4f83-acfd-6c595ed73e37,unknown_queued,L6x3,Queued for review (structural_section),system,2026-08-12T13:17:51.520734+00:00
bb6131b2-c9a0-4566-a269-a13af58d5086,unknown_queued,L4X3,Queued for review (structural_section),system,2026-08-12T13:17:51.877231+00:00
3c06a254-9abc-4959-8446-5ad4187e6338,unknown_queued,HSS6X6X3/8,Queued for review (structural_section),system,2026-08-12T13:17:52.088040+00:00
2e39338c-da22-4e81-8378-136d78712eb9,unknown_queued,HSS8X6X3/8,Queued for review (structural_section),system,2026-08-12T13:17:52.481965+00:00
8ad8780f-3346-4a33-a085-329c02728b03,unknown_queued,HSS6X6X1/2,Queued for review (structural_section),system,2026-08-12T13:17:53.029214+00:00
4fafe104-6b95-4491-ba19-dddba45aa08e,unknown_queued,W10X45,Queued for review (structural_section),system,2026-08-12T13:17:54.527409+00:00
deabb16e-7397-4083-8a4d-f901781b356c,unknown_queued,HSS10X0.625,Queued for review (structural_section),system,2026-08-12T13:17:54.840261+00:00
441fe78a-8651-47d5-84c6-ebfc96c65834,unknown_queued,W10X54,Queued for review (structural_section),system,2026-08-12T13:17:55.099596+00:00
8e63e116-15de-4e66-a904-b6f24063ca0a,unknown_queued,W10X39,Queued for review (structural_section),system,2026-08-12T13:17:55.509155+00:00
8cc72373-bf5d-4366-91c6-d9d9241ec254,unknown_queued,HSS10X0.500,Queued for review (structural_section),system,2026-08-12T13:17:55.946868+00:00
bd274f17-638a-4876-aa11-68b4a938f12b,unknown_queued,W8X40,Queued for review (structural_section),system,2026-08-12T13:17:56.468798+00:00
3b97d569-923e-45c2-8c80-03e5b517034d,unknown_queued,F50/P1/W12x65/190k,Queued for review (structural_section),system,2026-08-13T10:49:03.465108+00:00
963caadb-5f33-47f2-a5a3-68d9fde6817d,unknown_queued,W8x10,Queued for review (structural_section),system,2026-08-13T10:49:03.590313+00:00
73a13859-2a81-416e-82c8-7ee6026fed5a,unknown_queued,W12x19,Queued for review (structural_section),system,2026-08-13T10:49:03.736635+00:00
ed1ca05f-7bdf-4f6d-8bb8-ac67c2fccbd2,unknown_queued,HSS8x4x1/4,Queued for review (structural_section),system,2026-08-13T10:49:03.854884+00:00
74132f97-30e2-46f2-835b-078a092348de,unknown_queued,(A490),Queued for review (structural_section),system,2026-08-13T10:49:03.988101+00:00
60e7f63b-69f0-4d92-b7ec-885ca56a6f57,unknown_queued,(A325),Queued for review (structural_section),system,2026-08-13T10:49:04.105120+00:00
e56185fe-c5b2-46f6-91b7-e493f9879cc3,unknown_queued,A325,Queued for review (structural_section),system,2026-08-13T10:49:04.222806+00:00
0893cf9f-a787-48b9-a69d-56d9c760c130,unknown_queued,P1/HSS12x12x1/2,Queued for review (structural_section),system,2026-08-13T10:49:04.348050+00:00
8c6558b5-ceee-4fe2-a9f7-def3bce28425,unknown_queued,P8/W14x61,Queued for review (structural_section),system,2026-08-13T10:49:04.480819+00:00
2bb5e036-34fc-4efa-aa31-94edef909a1c,unknown_queued,HSS18x6x3/8,Queued for review (structural_section),system,2026-08-13T10:49:04.807822+00:00
c1d86074-60bb-4995-bd37-b2bdbc5b2205,unknown_queued,P8/W14x61/TYP,Queued for review (structural_section),system,2026-08-13T10:49:05.044562+00:00
a8786d04-2267-4379-9b30-8f1f30a0fb4f,unknown_queued,P8/HSS14x14x1/2,Queued for review (structural_section),system,2026-08-13T10:49:05.197843+00:00
aa01a0fa-2aa6-49b4-a8e1-3a01c6941b31,unknown_queued,HSS4x4x3/8,Queued for review (structural_section),system,2026-08-13T10:49:05.329128+00:00
132879e8-65c2-4cc9-aec9-3b8b07ed2c4b,unknown_queued,HSS20x12x1/2,Queued for review (structural_section),system,2026-08-13T10:49:05.677681+00:00
2e7ee23c-e0a2-456c-b3a6-4fc0c91a1ea4,unknown_queued,HSS16x8x3/8,Queued for review (structural_section),system,2026-08-13T10:49:05.760946+00:00
ca37ac24-0a75-44c5-ba0c-37a87161e57a,unknown_queued,HSS8x4x1/2,Queued for review (structural_section),system,2026-08-13T10:49:05.858344+00:00
6053ce76-9f4d-4df1-8323-e16168b877cf,unknown_queued,HSS8x8x1/2,Queued for review (structural_section),system,2026-08-13T10:49:05.948763+00:00
accc6b1a-bfdf-442a-9417-670533c39118,unknown_queued,HSS8x8x5/8,Queued for review (structural_section),system,2026-08-13T10:49:06.018329+00:00
a1cd2180-1528-46ab-9929-dad9cfff9cb6,unknown_queued,HSS20x8x1/2,Queued for review (structural_section),system,2026-08-13T10:49:06.199734+00:00
da80a10f-3312-4b7f-9b07-5563483c8692,unknown_queued,W36x160,Queued for review (structural_section),system,2026-08-13T10:49:06.303015+00:00
c0aaa23f-5715-438c-a4d5-ae6a460f9731,unknown_queued,W36x150,Queued for review (structural_section),system,2026-08-13T10:49:06.414917+00:00
2efdaabe-41ad-44ab-9342-6ff20ee04393,unknown_queued,W36x135,Queued for review (structural_section),system,2026-08-13T10:49:06.526229+00:00
be6dd6bf-3949-46d0-a2d5-2f892f99b4e3,unknown_queued,W36x247,Queued for review (structural_section),system,2026-08-13T10:49:06.602780+00:00
d182a782-0c6e-4715-a5f6-1b43ef7c979a,unknown_queued,HSS 10x10x1/2,Queued for review (structural_section),system,2026-08-13T10:49:06.943624+00:00
0984bab8-c9f2-40bf-955b-e30c4d2914c0,unknown_queued,W36x182,Queued for review (structural_section),system,2026-08-13T10:49:07.089712+00:00
a1d99678-f5f7-441e-bb81-0ad785004381,unknown_queued,W30x124,Queued for review (structural_section),system,2026-08-13T10:49:07.194088+00:00
30da2d11-943e-474c-8d8a-9a480ddec791,unknown_queued,HSS16x4x1/4,Queued for review (structural_section),system,2026-08-13T10:49:07.326313+00:00
32af9dfe-84c6-425e-98e0-b50c311468f1,unknown_queued,W36x210,Queued for review (structural_section),system,2026-08-13T10:49:07.409216+00:00
afd960fb-1aab-4f34-9874-6bc82fc1c1c7,unknown_queued,HSS24x12x1/2,Queued for review (structural_section),system,2026-08-13T10:49:08.404741+00:00
e36607f0-c046-4113-be29-f2c138548f22,unknown_queued,HSS16x8x1/2,Queued for review (structural_section),system,2026-08-13T10:49:08.877786+00:00
6d3ab175-21ad-4896-b468-74f5e5627d23,unknown_queued,HSS14X14X1/2,Queued for review (structural_section),system,2026-08-13T10:49:09.239569+00:00
7cd5b829-53a6-46a7-855d-87a2b83f56b0,unknown_queued,HSS12x6x1/2,Queued for review (structural_section),system,2026-08-13T10:49:09.378744+00:00
eedd896d-5fcf-4f5e-a5d4-14fe7d9afeb3,unknown_queued,W33x130,Queued for review (structural_section),system,2026-08-13T10:49:09.573510+00:00
6a43da50-7eba-429d-84be-f3d867b72b42,unknown_queued,HSS14x0.5,Queued for review (structural_section),system,2026-08-13T10:49:09.698760+00:00
86669d83-90d1-4bac-afcf-396f6cb3de15,unknown_queued,HSS 14x14x1/2,Queued for review (structural_section),system,2026-08-13T10:49:10.144024+00:00
ddcb9b71-3884-49f9-b147-588b0ffa5a6e,unknown_queued,HSS10x10x1/2,Queued for review (structural_section),system,2026-08-13T10:49:10.582301+00:00
0c269fb1-7552-462a-94ca-1d4f65ca5d92,unknown_queued,HSS24x12x5/8,Queued for review (structural_section),system,2026-08-13T10:49:10.700606+00:00
4307d6ca-ed57-4b9d-a625-48cd92b3e7a6,unknown_queued,HSS10x10x3/8,Queued for review (structural_section),system,2026-08-13T10:49:11.945990+00:00
75fe70e8-9c39-479d-ae4d-61524c5d7ace,unknown_queued,W36x231,Queued for review (structural_section),system,2026-08-13T10:49:12.203369+00:00
db2402d0-ef4d-491d-8c73-d2d95c6ba241,unknown_queued,HSS8X6,Queued for review (structural_section),system,2026-08-13T10:49:12.293870+00:00
731a1abc-8dda-490e-bca3-095968ae14f1,unknown_queued,HSS14x14x3/8,Queued for review (structural_section),system,2026-08-13T10:49:12.725199+00:00
18c5a23a-42af-4c5d-8ea3-bf9ce4aac644,unknown_queued,HSS8x8x3/8,Queued for review (structural_section),system,2026-08-13T10:49:13.239996+00:00
8da06587-9b7e-449a-a1cc-13662961a5b7,unknown_queued,"L4x4x1/4x4""",Queued for review (structural_section),system,2026-08-13T10:49:14.012271+00:00
96992af3-a68a-4f2e-8990-e7f6770a3ddd,unknown_queued,"L4x4x3/8"";",Queued for review (structural_section),system,2026-08-13T10:49:14.088830+00:00
7a08ff18-7833-4106-892f-c467793fa546,unknown_queued,L3x3x1/4@8',Queued for review (structural_section),system,2026-08-13T10:49:14.172326+00:00
18baf3e3-4b77-47e2-814b-b2227bc101e1,unknown_queued,"L6x4x5/16x4""",Queued for review (structural_section),system,2026-08-13T10:49:14.262788+00:00
0df8e783-4aa4-4320-b270-8ff904005366,unknown_queued,"L6x4x1/4x4""",Queued for review (structural_section),system,2026-08-13T10:49:14.339305+00:00
6217d380-1453-4108-bd28-20a3ce6a4404,unknown_queued,HSS 5x5x3/8,Queued for review (structural_section),system,2026-08-13T10:49:14.436639+00:00
f6d12ac3-b38a-4797-986b-5ce406f13665,unknown_queued,L4x4,Queued for review (structural_section),system,2026-08-13T10:49:14.547975+00:00
d5f146a8-6fa6-4db3-81ea-1c1fedda0ed0,unknown_queued,"L4x4x1/4x4'-3""",Queued for review (structural_section),system,2026-08-13T10:49:14.624433+00:00
a7ea4a20-0a73-4b03-aba9-de398f378028,unknown_queued,"L4x4x3/8x18""",Queued for review (structural_section),system,2026-08-13T10:49:14.701105+00:00
7f611450-c194-4817-a212-01528a10a87f,unknown_queued,L4x4x5/16,Queued for review (structural_section),system,2026-08-13T10:49:14.783922+00:00
e90082ac-4249-49c6-95e0-b99cfa66f711,unknown_queued,W18x36,Queued for review (structural_section),system,2026-08-13T10:49:14.867978+00:00
82b8636b-8624-4d2e-acb7-685e0e8d8dcf,unknown_queued,"L5x3x3/8x6""",Queued for review (structural_section),system,2026-08-13T10:49:14.951508+00:00
1808413d-273e-4b43-970a-e518bba8df1a,unknown_queued,L2x2x10,Queued for review (structural_section),system,2026-08-13T10:49:15.090675+00:00
644123c3-3ee3-43ce-840c-6029409ae4a0,unknown_queued,L5x3x3/8,Queued for review (structural_section),system,2026-08-13T10:49:15.201959+00:00
1f077fd3-d907-49d1-9b88-518a22e59b92,unknown_queued,"L4x4x3/8""",Queued for review (structural_section),system,2026-08-13T10:49:15.347496+00:00
a758377b-5d62-455b-b938-48ecd75420cf,unknown_queued,"L4x4x1/4""x5""",Queued for review (structural_section),system,2026-08-13T10:49:15.501140+00:00
8e8d98d0-6499-4034-a538-32118be0949d,unknown_queued,L3x3x1/4@4',Queued for review (structural_section),system,2026-08-13T10:49:15.685523+00:00
9be6ee75-ece5-4afe-a28a-3abe523707b0,unknown_queued,HSS8x4x3/8,Queued for review (structural_section),system,2026-08-13T10:49:15.772455+00:00
e360db35-0efc-4d3a-80d4-b40cc5b52512,unknown_queued,L2x2x3/16,Queued for review (structural_section),system,2026-08-13T10:49:15.912529+00:00
a8029606-9551-4098-afec-f03cc9a24e62,unknown_queued,L4x4x1/4@6',Queued for review (structural_section),system,2026-08-13T10:49:16.051443+00:00
a2ab6cdc-eb26-4ac2-8bf8-4ce8e4c6feb7,unknown_queued,"L4x4x1/2x6""",Queued for review (structural_section),system,2026-08-13T10:49:16.210706+00:00
bbaaf21e-0d68-4690-80b7-abbc5da8ccb2,unknown_queued,"L6x4x3/4,",Queued for review (structural_section),system,2026-08-13T10:49:16.440355+00:00
7c222322-a020-42ed-8869-348b674653d8,unknown_queued,"W12x19,",Queued for review (structural_section),system,2026-08-13T10:49:16.551629+00:00
73e974f7-8e23-47a2-8adf-db7a25f36d91,unknown_queued,L6x6x5/16;,Queued for review (structural_section),system,2026-08-13T10:49:16.677398+00:00
dcc9c476-873f-41b2-92a4-0d459d33c015,unknown_queued,C8x11.5@,Queued for review (structural_section),system,2026-08-13T10:49:16.788243+00:00
592790d7-6761-4557-8d5d-45d946d22a4d,unknown_queued,"L8x4x7/16x1'-0"",",Queued for review (structural_section),system,2026-08-13T10:49:16.885671+00:00
2b205a2e-c747-488a-85ea-d22fa4f61c9c,unknown_queued,HSS20x20x1/2,Queued for review (structural_section),system,2026-08-13T10:49:16.969117+00:00
0981f65f-ce87-495b-979e-52c1abf746b7,unknown_queued,HSS3x3x3/8,Queued for review (structural_section),system,2026-08-13T10:49:17.073609+00:00
709dc9d0-31b7-491b-ba8b-bc84660987ba,unknown_queued,HSS8x8,Queued for review (structural_section),system,2026-08-13T10:49:17.170921+00:00
013c8b94-9a24-4338-966e-98365551af50,unknown_queued,2L4x4,Queued for review (structural_section),system,2026-08-13T10:49:17.275473+00:00
9bdcf962-fdb0-4ae6-b861-946e1a4fa6ec,unknown_queued,HSS10x10,Queued for review (structural_section),system,2026-08-13T10:49:17.358991+00:00
97c97e77-707a-4291-ad15-ab5c0dd3fb6f,unknown_queued,L5x5,Queued for review (structural_section),system,2026-08-13T10:49:17.469559+00:00
35cf32f4-77be-4368-9780-50d3f491bdd3,unknown_queued,"L4x4x1/4,",Queued for review (structural_section),system,2026-08-13T10:49:17.692420+00:00
d4338e18-f9b2-4fc6-8621-98672194c900,unknown_queued,"L3x3x1/4""",Queued for review (structural_section),system,2026-08-13T10:49:17.797105+00:00
3d53d8d0-db65-4b60-b88a-5c7592e240c0,unknown_queued,"L5x5x5/16""",Queued for review (structural_section),system,2026-08-13T10:49:17.880482+00:00
f2c16c17-8b37-4b6e-90b7-2a238a43841a,unknown_queued,"L4x4x1/4""@EA",Queued for review (structural_section),system,2026-08-13T10:49:17.964123+00:00
1346e7dc-c26f-43e2-b15b-23ff56370e2c,unknown_queued,"L6x4x3/8""",Queued for review (structural_section),system,2026-08-13T10:49:18.054460+00:00
1e955ea1-6386-45ec-8457-ef949b6baac4,unknown_queued,L7x7x1/2,Queued for review (structural_section),system,2026-08-13T10:49:18.151836+00:00
4c42f19c-ef6c-43ec-a323-bf6331704782,unknown_queued,"L6x6x1/2@2'-0""",Queued for review (structural_section),system,2026-08-13T10:49:18.235377+00:00
c81eba35-069b-4b86-a251-d17b4ed63a98,unknown_queued,HSS14x10,Queued for review (structural_section),system,2026-08-13T10:49:18.332175+00:00
a5f8b7b8-dade-41d9-b1d2-c6490fcd4878,unknown_queued,"L4x4x1/4""@5'",Queued for review (structural_section),system,2026-08-13T10:49:18.416210+00:00
81e0fa61-7585-4150-8afd-8728cc86f68d,unknown_queued,HSS14x14,Queued for review (structural_section),system,2026-08-13T10:49:18.541417+00:00
8df75bcf-cb65-4afd-ad07-a648a7c5cdf4,unknown_queued,W14x90,Queued for review (structural_section),system,2026-08-13T10:49:18.631924+00:00
ab24e5d9-cbce-4d13-a7a3-979142ffa83f,unknown_queued,W14x82,Queued for review (structural_section),system,2026-08-13T10:49:18.729998+00:00
53808add-f70c-4f02-addb-3913acf4df8c,unknown_queued,W12x65,Queued for review (structural_section),system,2026-08-13T10:49:18.840586+00:00
25978a4a-53fe-400c-afc8-e640b104ff33,unknown_queued,HSS12x12x1/2,Queued for review (structural_section),system,2026-08-13T10:49:18.931099+00:00
f14f284a-5c1c-42e4-a18a-aaeeca7f8848,unknown_queued,W12x106,Queued for review (structural_section),system,2026-08-13T10:49:19.515489+00:00
691cb4b5-4e1b-4f68-b0a2-e9c9238f23b6,unknown_queued,W27x102,Queued for review (structural_section),system,2026-08-13T10:49:19.619780+00:00
8488f0f2-0911-4362-91d0-a2054fa213fa,unknown_queued,2L6x6x1/2,Queued for review (structural_section),system,2026-08-13T10:49:19.731658+00:00
67098a63-a0c4-4384-b8c7-244c7f317faa,unknown_queued,HSS12x12x3/8,Queued for review (structural_section),system,2026-08-13T10:49:20.079037+00:00
84ea9e02-e264-4fca-90e4-4b059e4bf883,token_approved,W16X26,class=W16X26; drawing_review:approve,validation_page,2026-08-17T04:46:34.184705+00:00
7b0df604-5fe6-4ae7-8b73-4744fafa4f2f,token_rejected,W27X84,class=W24X84,user,2026-09-01T12:04:49.868772+00:00
d2bbc3a6-6079-4e4c-92d1-f37dca848f5c,token_rejected,W18X35,class=W18X55,user,2026-09-01T12:04:49.868904+00:00
ac0bf96b-55e5-46bc-83c2-ad553ddf9765,token_rejected,W12X16,class=W12X16,user,2026-09-01T12:04:49.868964+00:00
44569873-fe81-4ef6-b5be-06c10da58acd,token_rejected,HSS10X8X3/8,class=W12X16,user,2026-09-01T12:04:49.868999+00:00
897f4862-db8d-460a-8dad-c311aa63060c,token_rejected,W18X40,class=W18X40,user,2026-09-01T12:04:49.869030+00:00
461ec264-95d0-45a2-821b-a7eeedad815a,token_rejected,W21X55,class=W16X50,user,2026-09-01T12:04:49.869061+00:00
06384434-d2e5-41ab-9373-c110f89b5449,token_rejected,W14X22,class=W10X22,user,2026-09-01T12:04:49.869087+00:00
06c78570-e04e-4d6e-8c80-a0539c73e540,token_rejected,W18X50,class=W16X50,user,2026-09-01T12:04:49.869114+00:00
a1c6978d-223a-4a61-8fd0-1a839e012c3d,token_rejected,W21X44,class=W21X44,user,2026-09-01T12:04:49.869141+00:00
eea8a3c9-10aa-43cf-b7b1-f1992407a4b7,token_rejected,W21X50,class=W16X50,user,2026-09-01T12:04:49.869167+00:00
94e37dd0-9c6e-4344-afe7-dac68cf55ef4,token_rejected,W10X19,class=W10X15,user,2026-09-01T12:04:49.869192+00:00
bb638de1-95dd-4508-8a20-f5e23f032a58,token_rejected,W10X15,class=W10X54,user,2026-09-01T12:04:49.869217+00:00
5d0a18b6-18dc-40ed-b19f-688bb70552e6,token_rejected,W16X36,class=W12X336,user,2026-09-01T12:04:49.869243+00:00
4af7c3c5-cce9-4b86-ab76-966d88aa0819,token_rejected,W12X26,class=W10X26,user,2026-09-01T12:04:49.869267+00:00
25e35587-7b62-4ebb-a52a-a5d8b06ec62e,token_rejected,HSS12X6X3/8,class=HSS12X6X5/16,user,2026-09-01T12:04:49.869291+00:00
7a2fe9aa-5c1e-42f7-a469-670941831080,token_rejected,W10X22,class=W10X22,user,2026-09-01T12:04:49.869317+00:00
d7d0c8a2-dd32-46e5-90de-f5d6a770cb0c,token_rejected,W12X22,class=W10X22,user,2026-09-01T12:04:49.869339+00:00
9560bfd3-0ecd-49ce-b2cd-e3a805761aac,token_rejected,W10X30,class=W12X230,user,2026-09-01T12:04:49.869363+00:00
53600834-c7f7-40c7-a149-e0b45fa37117,token_rejected,W16X31,class=W16X31,user,2026-09-01T12:04:49.869386+00:00
2c3ee67d-adfd-43e9-a101-3aaed29901b2,token_rejected,HSS14X6X1/2,class=HSS14X6X1/4,user,2026-09-01T12:04:49.869409+00:00
424f9601-fbda-4771-88d8-33199c040198,token_rejected,HSS20X8X5/8,class=HSS10X8X5/8,user,2026-09-01T12:04:49.869440+00:00
631e4d22-23ce-401c-ae49-2673c62d590c,token_rejected,W30X99,class=W30X99,user,2026-09-01T12:04:49.869466+00:00
a03a9f5a-f45d-4e5e-89d9-420d0512ffcf,token_rejected,W18X60,class=W18X60,user,2026-09-01T12:04:49.869490+00:00
33f4c896-a8ab-45bd-bbf0-adc3b4e2ab52,token_rejected,W8x31,class=W8X13,user,2026-09-01T12:04:49.869515+00:00
7ce35fb0-19d3-4109-aaae-c7a79f2119b9,token_rejected,W24X84,class=W27X84,user,2026-09-01T12:04:49.869538+00:00
e701d958-1465-4e8a-90e0-d86b575fc0b6,token_rejected,W8x18,class=W8X18,user,2026-09-01T12:04:49.869564+00:00
efafd1f9-1094-4f7a-8416-5d1441b30f7c,token_rejected,W14X26,class=W14X26,user,2026-09-01T12:04:49.869592+00:00
402836fd-e4c4-4c5e-a1f0-57df68ca26fc,token_rejected,HSS14X6X5/8,class=HSS14X6X5/8,user,2026-09-01T12:04:49.869626+00:00
93fd3585-4af8-44d3-a03c-f3b84c2816ec,token_rejected,L4X4X3/8,class=2L4X4X3/8,user,2026-09-01T12:04:49.869650+00:00
c355433c-0f29-4203-817a-ea91cc302b99,token_rejected,PL 1,class=L2X2X1/4,user,2026-09-01T12:04:49.869676+00:00
0a49f3be-0a2f-4621-851f-9164c60b985d,token_rejected,L3x3x3/16,class=2L3X3X3/8X3/8,user,2026-09-01T12:04:49.869701+00:00
2a7abfa4-c0a3-46fe-8a95-b7838c22ea31,token_rejected,L3x3x1/4,class=L3X3X1/2,user,2026-09-01T12:04:49.869725+00:00
9630f664-be62-49b3-874b-fa1b710fe120,token_rejected,C6 X 8.2,class=C6X8.2,user,2026-09-01T12:04:49.869818+00:00
f05b8279-9148-44b0-b4eb-cc9cd16aab60,token_rejected,C6 X 10.5,class=C6X8.2,user,2026-09-01T12:04:49.869845+00:00
1122fcd8-9cbb-4e70-9a9e-f8f4130ca5fa,token_rejected,C8x11.5,class=C6X8.2,user,2026-09-01T12:04:49.869868+00:00
4f57b263-19e5-43db-9eac-225c2ec5cb61,token_rejected,PL 3,class=L4X3X3/8,user,2026-09-01T12:04:49.869891+00:00
0e0d983d-34d2-4cac-99b7-1ec103f119cb,token_rejected,L3X3X3,class=L3X3X3/8,user,2026-09-01T12:04:49.869914+00:00
d8926ad4-a971-4958-9239-0013e777ce14,token_rejected,PL 5,class=L4X3X5/16,user,2026-09-01T12:04:49.869938+00:00
969339bc-b744-49cd-89ed-36d7555a3aac,token_rejected,W24X68,class=W24X68,user,2026-09-01T12:04:49.869960+00:00
d3df8a2d-dd17-4682-9dbf-08ca20b4b0e2,token_rejected,HSS10X6X3/8,class=HSS10X6X3/8,user,2026-09-01T12:04:49.869983+00:00
c2587567-dda6-45c8-b5b6-08b95fab17c6,token_rejected,W30X90,class=W30X90,user,2026-09-01T12:04:49.870005+00:00
2ce83cf6-9721-4e19-a0f5-e00df0813428,token_rejected,W12X30,class=W12X30,user,2026-09-01T12:04:49.870028+00:00
9cb1b134-dc67-4b68-8d7a-11d41e420abf,token_rejected,W12X40,class=W12X40,user,2026-09-01T12:04:49.870050+00:00
c89ec9d8-6a24-4d6f-a22e-5801b9b45606,token_rejected,W21X48,class=W21X48,user,2026-09-01T12:04:49.870072+00:00
c2e4f8de-f56c-4ed0-91cb-f5dbc1869d5e,token_rejected,L4X3X3/8,class=L4X3X3/8,user,2026-09-01T12:04:49.870094+00:00
11a2d7ae-8406-4988-ab5a-d5a699001b28,token_rejected,L5x3,class=2L5X3X3/8SLBB,user,2026-09-01T12:04:49.870117+00:00
6afb3d91-cecd-4343-8e39-aaea9dea7f5f,token_rejected,W10X112,class=W10X112,user,2026-09-01T12:04:49.870139+00:00
f13da4be-e202-4c5c-9582-dfd4c8895a2e,token_rejected,PL 1 PL11,class=L8X8X1,user,2026-09-01T12:04:49.870161+00:00
5a1ce8d9-2df4-4dbd-a03d-e99b22e5cfea,token_rejected,W14X198,class=W14X68,user,2026-09-01T12:04:49.870183+00:00
25ee51f6-c374-419d-a6ca-a4d4c19ec754,token_rejected,WT7X19,class=WT7X19,user,2026-09-01T12:04:49.870206+00:00
e753fae6-8831-4a0c-b8d2-ddcff6cddde5,token_rejected,L3X3X5/16,class=L3X3X5/16,user,2026-09-01T12:04:49.870227+00:00
aeab65e6-1f1d-444c-aaee-2c265a2827ff,token_rejected,L4X4X3,class=L4X4X3/8,user,2026-09-01T12:04:49.870251+00:00
5c09988a-05d6-47f0-abd8-5ade8fe33148,token_rejected,L3x3x1,class=L3X3X1/2,user,2026-09-01T12:04:49.870273+00:00
446d7e43-5977-41da-bdac-5d32eedaa5ae,token_rejected,L4x3x1,class=L4X3X1/2,user,2026-09-01T12:04:49.870296+00:00
0ab6d439-5fa7-46be-9076-7d22055b472f,token_rejected,L4x4x1/4,class=L4X4X1/4,user,2026-09-01T12:04:49.870320+00:00
20591c1a-e35e-49e6-8514-62ca6bf35f9b,token_rejected,PL 4,class=L2X2X1/4,user,2026-09-01T12:04:49.870344+00:00
b16144f8-9224-40cc-ad1a-77d93166c291,token_rejected,2L3x3x1/4,class=2L3X3X1/4,user,2026-09-01T12:04:49.870367+00:00
075cbd2a-4d0a-46b0-81f1-8b918aba1185,token_rejected,L4X3X3,class=2L4X3X3/8X3/4LLBB,user,2026-09-01T12:04:49.870389+00:00
8b696a41-4aa6-4942-a387-3d455f2423e7,token_rejected,L6x3,class=L6X4X3/8,user,2026-09-01T12:04:49.870481+00:00
c2611525-df7a-4fdd-a971-496aeca3f01a,token_rejected,L4X3,class=L4X3X3/8,user,2026-09-01T12:04:49.871121+00:00
569885e2-9409-4c8b-b8ba-5098f29cf7f6,token_rejected,HSS6X6X3/8,class=HSS6X6X3/8,user,2026-09-01T12:04:49.871413+00:00
94a18e45-7420-41ff-955c-f9ec3a3bf5b9,token_rejected,HSS8X6X3/8,class=HSS8X6X3/8,user,2026-09-01T12:04:49.871474+00:00
55f6574a-f3d2-4e10-a1aa-677563bfab1f,token_rejected,HSS6X6X1/2,class=HSS6X6X1/2,user,2026-09-01T12:04:49.871510+00:00
739dc348-ca1d-48ab-b705-9fd2f2bd2213,token_rejected,W10X45,class=W10X45,user,2026-09-01T12:04:49.871539+00:00
f41a14dc-c2e7-4fdf-afa0-a1aed763eeee,token_rejected,HSS10X0.625,class=W10X33,user,2026-09-01T12:04:49.871568+00:00
6ef69c2a-24d5-452c-ae98-83f8f3175602,token_rejected,W10X54,class=W10X54,user,2026-09-01T12:04:49.871600+00:00
ba3495c0-c4c4-4c65-bf6a-75e6dc8203b0,token_rejected,W10X39,class=W10X39,user,2026-09-01T12:04:49.871708+00:00
e548a9c1-e5d5-48b3-acf0-616507081264,token_rejected,HSS10X0.500,class=HSS10.000X0.500,user,2026-09-01T12:04:49.871747+00:00
47a35e32-31fc-46d9-be27-c8a638d2661a,token_rejected,W8X40,class=W8X40,user,2026-09-01T12:04:49.871836+00:00
6e47a683-f0e2-496b-ba4b-14dd70cdb249,token_rejected,F50/P1/W12x65/190k,class=W12X65,user,2026-09-01T12:04:49.871876+00:00
e37479f6-d337-4e95-ad6d-9d99dda0a790,token_rejected,W8x10,class=W8X10,user,2026-09-01T12:04:49.871905+00:00
976e6596-1164-4487-81e6-cffb79b42663,token_rejected,W12x19,class=W12X19,user,2026-09-01T12:04:49.871933+00:00
4247f578-d090-4c8b-88d9-962e9957a223,token_rejected,HSS8x4x1/4,class=HSS8X4X1/4,user,2026-09-01T12:04:49.871960+00:00
3bce13ee-3fe4-442f-9d5b-11e6650280d9,token_rejected,(A490),class=W14X90,user,2026-09-01T12:04:49.871986+00:00
1905f2fd-7f23-4337-818e-b6c4c6111df8,token_rejected,(A325),class=W14X132,user,2026-09-01T12:04:49.872013+00:00
5c153550-a0c6-47b6-925f-30ee8a393e64,token_rejected,A325,class=W14X132,user,2026-09-01T12:04:49.872039+00:00
d9a02431-357f-4b3c-84a5-86a32f2f09ad,token_rejected,P1/HSS12x12x1/2,class=HSS12X12X1/2,user,2026-09-01T12:04:49.872065+00:00
841b083e-d516-405a-be65-ccafc12e3255,token_rejected,P8/W14x61,class=W14X61,user,2026-09-01T12:04:49.872092+00:00
47853ae1-1298-4440-9fea-ad0cf5151a97,token_rejected,HSS18x6x3/8,class=HSS18X6X3/8,user,2026-09-01T12:04:49.872119+00:00
d305c70a-3a9d-4e41-994b-bb0d3e6c550f,token_rejected,P8/W14x61/TYP,class=W14X61,user,2026-09-01T12:04:49.872146+00:00
0d006313-d454-4b5c-9122-08120ea4bad6,token_rejected,P8/HSS14x14x1/2,class=HSS14X14X1/2,user,2026-09-01T12:04:49.872172+00:00
988335c9-9787-4740-bacd-41486bdd79be,token_rejected,HSS4x4x3/8,class=HSS4X4X3/8,user,2026-09-01T12:04:49.872200+00:00
3a09f07a-ccbf-4293-82db-51133dbb2e81,token_rejected,HSS20x12x1/2,class=HSS20X12X1/2,user,2026-09-01T12:04:49.872226+00:00
0091467f-441f-4692-97d7-58ba6a130680,token_rejected,HSS16x8x3/8,class=HSS16X8X3/8,user,2026-09-01T12:04:49.872476+00:00
72049676-6e13-4721-9739-ed7ebe237352,token_rejected,HSS8x4x1/2,class=HSS8X4X1/2,user,2026-09-01T12:04:49.872523+00:00
0b7459d1-baab-4642-8a18-e7ca6af4f40b,token_rejected,HSS8x8x1/2,class=HSS8X8X1/2,user,2026-09-01T12:04:49.872558+00:00
831bc510-c843-4ab9-bb77-9b69ceaf3f78,token_rejected,HSS8x8x5/8,class=HSS8X8X5/8,user,2026-09-01T12:04:49.872591+00:00
b13dca1d-cdc5-465c-8c70-39288e35616f,token_rejected,HSS20x8x1/2,class=HSS20X8X1/2,user,2026-09-01T12:04:49.872623+00:00
7db91175-1771-4288-adaf-89fde2dc76f6,token_rejected,W36x160,class=W36X160,user,2026-09-01T12:04:49.872653+00:00
f5d95dcb-ef0b-4a5a-88b4-c63d3e1b94a7,token_rejected,W36x150,class=W36X150,user,2026-09-01T12:04:49.872682+00:00
e130e173-6fc0-42c7-ac5f-7354e44c60db,token_rejected,W36x135,class=W36X135,user,2026-09-01T12:04:49.872718+00:00
59cfe07c-9e90-414c-a15c-6cfbd71da9af,token_rejected,W36x247,class=W36X247,user,2026-09-01T12:04:49.872829+00:00
d89ae9a4-e17d-4cbb-b567-8a92c870a0a8,token_rejected,HSS 10x10x1/2,class=HSS10X10X1/2,user,2026-09-01T12:04:49.872862+00:00
d6999416-b411-495b-bb2b-a6905df444ce,token_rejected,W36x182,class=W36X182,user,2026-09-01T12:04:49.872896+00:00
cf857c04-f19d-4fcf-a41d-67333fb08ac6,token_rejected,W30x124,class=W30X124,user,2026-09-01T12:04:49.872925+00:00
5da5bf65-a0b2-4cb2-bd0a-7b06e1902d98,token_rejected,HSS16x4x1/4,class=HSS16X4X1/4,user,2026-09-01T12:04:49.872954+00:00
c77846b8-01eb-4cde-bc73-d55b7b40c3bf,token_rejected,W36x210,class=W36X210,user,2026-09-01T12:04:49.872984+00:00
91a887da-9821-4a86-9e2b-4e142a7d440d,token_rejected,HSS24x12x1/2,class=HSS24X12X1/2,user,2026-09-01T12:04:49.873013+00:00
5e028ed8-3a32-459b-9fb9-a6200d47aa5d,token_rejected,HSS16x8x1/2,class=HSS16X8X1/2,user,2026-09-01T12:04:49.873041+00:00
234a555f-ba1f-4bf6-817c-ce3d384a3bf8,token_rejected,HSS14X14X1/2,class=HSS14X14X1/2,user,2026-09-01T12:04:49.873070+00:00
5f25115e-521c-4b89-bd0c-aa3e9d1c59ff,token_rejected,HSS12x6x1/2,class=HSS12X6X1/2,user,2026-09-01T12:04:49.873097+00:00
058612e4-cd5a-46d2-afed-2bc4c37ede08,token_rejected,W33x130,class=W33X130,user,2026-09-01T12:04:49.873126+00:00
a107879d-8fa9-4bad-bac4-94d3fb924c79,token_rejected,HSS14x0.5,class=HSS14.000X0.500,user,2026-09-01T12:04:49.873155+00:00
541769be-1f7b-4167-bfab-597e090f0bb8,token_rejected,HSS 14x14x1/2,class=HSS14X14X1/2,user,2026-09-01T12:04:49.873184+00:00
df8e1536-d245-421c-994a-a0321a82142e,token_rejected,HSS10x10x1/2,class=HSS10X10X1/2,user,2026-09-01T12:04:49.873213+00:00
23fb8292-b83c-4309-bf3c-a38f9c876f95,token_rejected,HSS24x12x5/8,class=HSS24X12X5/8,user,2026-09-01T12:04:49.873242+00:00
9985dc56-7d7e-4e72-a54c-115b9ba37f4a,token_rejected,HSS10x10x3/8,class=HSS10X10X3/8,user,2026-09-01T12:04:49.873270+00:00
810fd18b-a82a-4424-8b01-f393b4ceac4a,token_rejected,W36x231,class=W36X231,user,2026-09-01T12:04:49.873298+00:00
01e2f487-670d-4c3f-a22a-dd9d0e2121bc,token_rejected,HSS8X6,class=W14X22,user,2026-09-01T12:04:49.873328+00:00
696725b5-5f3d-4111-9734-dbf1eb87c758,token_rejected,HSS14x14x3/8,class=HSS14X14X3/8,user,2026-09-01T12:04:49.873362+00:00
b7ab205e-3fd7-46c0-a408-05b3682c9e98,token_rejected,HSS8x8x3/8,class=HSS8X8X3/8,user,2026-09-01T12:04:49.873390+00:00
e76f3cc8-ea31-4b99-b483-b46b23600a17,token_rejected,"L4x4x1/4x4""",class=L4X3X1/4,user,2026-09-01T12:04:49.873407+00:00
a0a6ccee-bc8a-4148-a643-234089c0400d,token_rejected,"L4x4x3/8"";",class=L4X4X3/8,user,2026-09-01T12:04:49.873422+00:00
5656b3ac-30c1-4c47-8a7a-15de09d32880,token_rejected,L3x3x1/4@8',class=L3X3X1/4,user,2026-09-01T12:04:49.873438+00:00
9bf2b87c-0dc1-42f3-b712-6ee6665b359f,token_rejected,"L6x4x5/16x4""",class=L6X4X5/8,user,2026-09-01T12:04:49.873453+00:00
fa2015bd-7ae1-4dbc-96b5-73f5c335488e,token_rejected,"L6x4x1/4x4""",class=L4X4X5/16,user,2026-09-01T12:04:49.873468+00:00
4dd1cf13-71be-4124-ba1c-4f7b0b1d6094,token_rejected,HSS 5x5x3/8,class=HSS5X5X3/8,user,2026-09-01T12:04:49.873483+00:00
2ee7b235-6cbd-40e0-9f02-5f0100caecf2,token_rejected,L4x4,class=L4X4X5/16,user,2026-09-01T12:04:49.873499+00:00
f1a66da3-f2a1-46ef-9cec-4db6d1660270,token_rejected,"L4x4x1/4x4'-3""",class=L4X3X1/4,user,2026-09-01T12:04:49.873513+00:00
884bb129-3abd-41c7-9020-013efe5f7256,token_rejected,"L4x4x3/8x18""",class=L4X3X3/8,user,2026-09-01T12:04:49.873527+00:00
2d967d29-85d3-4b38-bffb-b6a7546032d1,token_rejected,L4x4x5/16,class=L4X4X5/16,user,2026-09-01T12:04:49.873543+00:00
4b270543-1034-49dc-a53e-15170d2d281e,token_rejected,W18x36,class=W16X36,user,2026-09-01T12:04:49.873559+00:00
2143e216-f2ca-4d97-adf1-ba1bb6f4abdd,token_rejected,"L5x3x3/8x6""",class=L5X3X5/16,user,2026-09-01T12:04:49.873574+00:00
c1127b69-9cb6-4ffd-8ba2-1533b8bcd3cd,token_rejected,L2x2x10,class=2L2X2X1/4,user,2026-09-01T12:04:49.873589+00:00
54cc09f8-00b0-4f82-bb92-44e16aef1944,token_rejected,L5x3x3/8,class=L5X3X3/8,user,2026-09-01T12:04:49.873604+00:00
a89ee87e-f5a3-4f4b-8a52-e7e7ea69742a,token_rejected,"L4x4x3/8""",class=L4X4X3/8,user,2026-09-01T12:04:49.873619+00:00
ffed7019-2931-4870-8639-2c2bc0505951,token_rejected,"L4x4x1/4""x5""",class=L4X4X1/4,user,2026-09-01T12:04:49.873634+00:00
42bd8440-f7a1-43df-92da-3b9bb4063cbe,token_rejected,L3x3x1/4@4',class=L3X3X1/4,user,2026-09-01T12:04:49.873649+00:00
6ae361c4-c516-434d-ae02-f25fac04ab0e,token_rejected,HSS8x4x3/8,class=HSS8X4X3/8,user,2026-09-01T12:04:49.873664+00:00
de807971-a51b-4d56-a319-d9bea993f46b,token_rejected,L2x2x3/16,class=L2X2X3/16,user,2026-09-01T12:04:49.873683+00:00
0f58af32-4c36-42e9-992e-922f05a6aaa2,token_rejected,L4x4x1/4@6',class=L4X4X1/4,user,2026-09-01T12:04:49.873698+00:00
2d266654-d157-4641-a4e3-afa3c19fa95b,token_rejected,"L4x4x1/2x6""",class=L4X3X1/4,user,2026-09-01T12:04:49.873714+00:00
2159ee3f-8a17-45cb-999f-2ec1a7306c30,token_rejected,"L6x4x3/4,",class=L6X4X3/4,user,2026-09-01T12:04:49.873730+00:00
0e8005ec-ab91-4be9-b30e-d7c3055c0f9c,token_rejected,"W12x19,",class=W12X19,user,2026-09-01T12:04:49.873744+00:00
dc1a1f0b-1685-40b3-87da-9cffcbbf3eb2,token_rejected,L6x6x5/16;,class=L6X6X5/16,user,2026-09-01T12:04:49.873760+00:00
d3580d1a-21d6-4925-a6e6-e45878fba389,token_rejected,C8x11.5@,class=C8X11.5,user,2026-09-01T12:04:49.873774+00:00
f36bcb20-dbbb-43cb-8619-0f8d98d2cb77,token_rejected,"L8x4x7/16x1'-0"",",class=2L8X4X7/16X3/8LLBB,user,2026-09-01T12:04:49.873789+00:00
7bf875d4-fccf-4bb1-9fce-acc3056be8cb,token_rejected,HSS20x20x1/2,class=HSS20X20X1/2,user,2026-09-01T12:04:49.873804+00:00
9b8adf40-9abe-4777-a57c-83871d585293,token_rejected,HSS3x3x3/8,class=HSS3X3X3/8,user,2026-09-01T12:04:49.873818+00:00
9489379b-4084-4876-98cb-a06efa261d5f,token_rejected,HSS8x8,class=HSS8X8X1/8,user,2026-09-01T12:04:49.873833+00:00
80ee333b-112b-4ad1-bcdb-9aaf9386a332,token_rejected,2L4x4,class=2L4X4X5/16X3/8,user,2026-09-01T12:04:49.873847+00:00
acf695cd-70e5-4245-abbd-524ecd4bd629,token_rejected,HSS10x10,class=HSS10X10X5/16,user,2026-09-01T12:04:49.873861+00:00
d14bc64c-ed4c-403f-88d2-6c642264d738,token_rejected,L5x5,class=L5X3X5/16,user,2026-09-01T12:04:49.873876+00:00
b51af43f-d78d-4191-8b29-f2afd9ac6fd2,token_rejected,"L4x4x1/4,",class=L4X4X1/4,user,2026-09-01T12:04:49.873890+00:00
23f02572-cbed-4dd5-9fb7-3e16c06c583c,token_rejected,"L3x3x1/4""",class=L3X3X1/4,user,2026-09-01T12:04:49.873904+00:00
aaa18f05-b7ad-4204-9aae-1d638e16ad58,token_rejected,"L5x5x5/16""",class=L5X5X5/16,user,2026-09-01T12:04:49.873918+00:00
2b214e51-0c00-45ee-aced-28027ec91845,token_rejected,"L4x4x1/4""@EA",class=L4X4X1/4,user,2026-09-01T12:04:49.873933+00:00
7f649445-e52f-40ae-a4b3-226e14e8ba38,token_rejected,"L6x4x3/8""",class=L6X4X3/8,user,2026-09-01T12:04:49.873947+00:00
d0effd8e-0806-4f2f-a8bb-fe249b553f27,token_rejected,L7x7x1/2,class=HSS9X7X1/2,user,2026-09-01T12:04:49.873962+00:00
ea96806b-8f67-4729-bea6-28b8b099e6fe,token_rejected,"L6x6x1/2@2'-0""",class=L6X6X1/2,user,2026-09-01T12:04:49.873977+00:00
bd0cf3cc-26fd-451f-bb85-0e8f3d0a50ca,token_rejected,HSS14x10,class=HSS14X12X1/2,user,2026-09-01T12:04:49.873991+00:00
523db5e1-4d19-4030-874f-01bbc530b646,token_rejected,"L4x4x1/4""@5'",class=L4X4X1/4,user,2026-09-01T12:04:49.874005+00:00
490f4afb-510b-4473-a10f-b76aaa8120dc,token_rejected,HSS14x14,class=HSS14X14X5/16,user,2026-09-01T12:04:49.874020+00:00
b313e688-98a4-4bd6-bd16-06f50b9741dc,token_rejected,W14x90,class=W14X90,user,2026-09-01T12:04:49.874035+00:00
7b02fb7c-682f-4e22-8684-13c769d4efc0,token_rejected,W14x82,class=W14X82,user,2026-09-01T12:04:49.874050+00:00
b0bc8850-1127-4000-8d31-b714898248c7,token_rejected,W12x65,class=W12X65,user,2026-09-01T12:04:49.874065+00:00
45ecd15b-4e82-4b68-abb0-5443d38dbd34,token_rejected,HSS12x12x1/2,class=HSS12X12X1/2,user,2026-09-01T12:04:49.874080+00:00
8a2ef3a8-960d-4fc7-ad49-f739fc0b6a3e,token_rejected,W12x106,class=W12X106,user,2026-09-01T12:04:49.874094+00:00
a0268028-0260-4f0c-8bb5-8e13a00da310,token_rejected,W27x102,class=W27X102,user,2026-09-01T12:04:49.874109+00:00
b84516a0-f2d3-4ef0-b015-82c2c2135079,token_rejected,2L6x6x1/2,class=2L6X6X1/2,user,2026-09-01T12:04:49.874124+00:00
49834752-982b-4ec3-949d-88c633e3ba89,token_rejected,HSS12x12x3/8,class=HSS12X12X3/8,user,2026-09-01T12:04:49.874139+00:00
0074774c-6cc0-4067-addc-b62c2c38cb33,unknown_queued,"1/2""",Queued for review (unknown),system,2026-09-01T12:23:16.818005+00:00
4855da4c-fc85-4a1f-a40a-e88a204cb1ca,unknown_queued,"3/4""",Queued for review (unknown),system,2026-09-01T12:23:17.046907+00:00
d986528a-33d6-4b83-8b30-c2e0afbac3cd,unknown_queued,"1/4"".",Queued for review (unknown),system,2026-09-01T12:23:17.240452+00:00
dfd3b136-290f-4bbe-89ee-b821b138a525,unknown_queued,"12""",Queued for review (unknown),system,2026-09-01T12:23:17.379621+00:00
e48477c8-04da-43af-ac8f-ddd7fffdbd31,unknown_queued,"""S/2""",Queued for review (unknown),system,2026-09-01T12:23:17.611085+00:00
f3a306f4-d3d5-4c4c-98b2-ea020136849f,unknown_queued,F50/P1/W12x65/190k,Queued for review (structural_section),system,2026-09-01T12:23:17.822653+00:00
eadee89d-9bf2-4a29-84ad-00b29a2a5686,unknown_queued,6x6-W2.9xW2.9,Queued for review (unknown),system,2026-09-01T12:23:18.122295+00:00
17c13df7-7d76-43c3-bb6a-a2d1245d0707,unknown_queued,"3/16""",Queued for review (unknown),system,2026-09-01T12:23:18.304258+00:00
ff50f372-74b5-4748-902c-d8b09e60a4ee,unknown_queued,"1-1/4""",Queued for review (unknown),system,2026-09-01T12:23:18.488405+00:00
13c0b59d-0bac-4513-b05c-1d7b854e8c01,unknown_queued,10-3 IN,Queued for review (unknown),system,2026-09-01T12:23:18.725120+00:00
12ad28b8-e7b1-44d9-baaa-35e43e4cd304,unknown_queued,C8x11.5,Queued for review (structural_section),system,2026-09-01T12:23:19.008351+00:00
f5b6bb12-76e2-49ba-8006-00365064a204,unknown_queued,W12x19,Queued for review (structural_section),system,2026-09-01T12:23:19.168131+00:00
9d6300f3-c8bf-44a9-8bd4-0ef919b7ee1f,unknown_queued,HSS8x4x1/4,Queued for review (structural_section),system,2026-09-01T12:23:19.285325+00:00
09201923-2c7c-410a-843e-742db7fc4727,unknown_queued,(A490),Queued for review (structural_section),system,2026-09-01T12:23:19.417692+00:00
90c7b037-acc3-416c-8561-d7e82c2af674,unknown_queued,(A325),Queued for review (structural_section),system,2026-09-01T12:23:19.576299+00:00
1e2b378a-7cb3-4871-a130-eda092e7b653,unknown_queued,A325,Queued for review (structural_section),system,2026-09-01T12:23:19.740758+00:00
15b5a9ac-99c5-4abf-a46a-1cf0db4f0bf2,unknown_queued,P1/HSS12x12x1/2,Queued for review (structural_section),system,2026-09-01T12:23:19.970535+00:00
0df444b7-443f-4467-a6eb-7bc4546e7b64,unknown_queued,P8/W14x61,Queued for review (structural_section),system,2026-09-01T12:23:20.140498+00:00
04f96190-7408-4f7d-aef9-f996c62ce47c,unknown_queued,HSS14X6X5/8,Queued for review (structural_section),system,2026-09-01T12:23:20.373468+00:00
d3c34520-c52f-4baa-89d8-434eafbaf251,unknown_queued,"1/8""",Queued for review (unknown),system,2026-09-01T12:23:20.902935+00:00
d72c75d2-5ada-40b3-9631-dd0baa742dbb,unknown_queued,HSS18x6x3/8,Queued for review (structural_section),system,2026-09-01T12:23:21.186360+00:00
aa59a0f1-fbe0-4f24-9fcd-36494b8385c0,unknown_queued,"5/8""",Queued for review (unknown),system,2026-09-01T12:23:21.834410+00:00
766cbdbe-d7d3-47cf-a26a-5782cb407514,unknown_queued,"1/4""",Queued for review (unknown),system,2026-09-01T12:23:22.046743+00:00
2b39c798-85ca-479a-92ef-823388119142,unknown_queued,P8/HSS14x14x1/2,Queued for review (structural_section),system,2026-09-01T12:23:22.233470+00:00
180f1e34-9317-41a2-af3f-a8a54636443b,unknown_queued,HSS4x4x3/8,Queued for review (structural_section),system,2026-09-01T12:23:22.456874+00:00
87d62ee7-6935-4320-8923-46f8f35c68d3,unknown_queued,L4x4x3/8,Queued for review (structural_section),system,2026-09-01T12:23:23.614941+00:00
90e27270-e474-4fa0-a6c2-36e7268b99d1,unknown_queued,W12x26,Queued for review (structural_section),system,2026-09-01T12:23:24.070630+00:00
97891261-b5b5-4cbe-91de-50f2ef1263e3,unknown_queued,HSS20x12x1/2,Queued for review (structural_section),system,2026-09-01T12:23:24.767300+00:00
22e41441-78f1-48db-a457-cbf3d368b046,unknown_queued,HSS16x8x3/8,Queued for review (structural_section),system,2026-09-01T12:23:24.930580+00:00
ea130ff5-6577-47fe-9a1d-1418afde6e5b,unknown_queued,"c=3/4""",Queued for review (unknown),system,2026-09-01T12:23:25.134130+00:00
07dae859-2516-40b5-9bf0-3b0c62c72648,unknown_queued,HSS8x4x1/2,Queued for review (structural_section),system,2026-09-01T12:23:25.288114+00:00
9da8b8d3-ff12-487d-90a4-f9d1a8e0d131,unknown_queued,HSS8x8x1/2,Queued for review (structural_section),system,2026-09-01T12:23:25.462518+00:00
774b85b6-a5e0-46e8-9674-6ab8ab9cd7d9,unknown_queued,HSS8x8x5/8,Queued for review (structural_section),system,2026-09-01T12:23:25.603530+00:00
196f391b-408b-4800-9d3e-8aff85c21762,unknown_queued,"c=3/4""""",Queued for review (unknown),system,2026-09-01T12:23:25.906094+00:00
9441ce74-154c-45aa-9903-9424a5356b24,unknown_queued,HSS20x8x1/2,Queued for review (structural_section),system,2026-09-01T12:23:26.047259+00:00
0906cf31-6e61-4932-a001-eb31687ac8d0,unknown_queued,W21x50,Queued for review (structural_section),system,2026-09-01T12:23:26.191837+00:00
9d0aade3-4b66-43bd-833d-e91bc7bc9f72,unknown_queued,W36x160,Queued for review (structural_section),system,2026-09-01T12:23:26.421413+00:00
f5f78dcc-29eb-4dad-97c6-0fe54195eb5e,unknown_queued,W36x135,Queued for review (structural_section),system,2026-09-01T12:23:26.765590+00:00
24d4d44a-ad9c-487c-8c5a-bc1c9713b64f,unknown_queued,W36x247,Queued for review (structural_section),system,2026-09-01T12:23:26.889187+00:00
59ada561-b0f6-4ffa-ac0e-9d9eca64ce55,unknown_queued,W33x130,Queued for review (structural_section),system,2026-09-01T12:23:27.514966+00:00
cae103fc-fc8a-478f-8dd1-ff470380ab83,unknown_queued,W36x182,Queued for review (structural_section),system,2026-09-01T12:23:27.993374+00:00
d7709749-1364-4aa3-bfa6-bc85686124ec,unknown_queued,W30x124,Queued for review (structural_section),system,2026-09-01T12:23:28.318285+00:00
317d4dc3-7d9c-4785-8a14-d0721fbe13ff,unknown_queued,HSS16x4x1/4,Queued for review (structural_section),system,2026-09-01T12:23:28.718592+00:00
749f40b4-ee15-44d6-bac4-294ddc82bad8,unknown_queued,W36x210,Queued for review (structural_section),system,2026-09-01T12:23:29.158026+00:00
df6d6c06-a156-4d85-ac69-1ceb49bf0efa,unknown_queued,W8x10,Queued for review (structural_section),system,2026-09-01T12:23:29.713647+00:00
87f7f5e5-126a-44a5-8945-0f53248c88fd,unknown_queued,HSS24x12x1/2,Queued for review (structural_section),system,2026-09-01T12:23:31.029827+00:00
73d321e7-3e3d-4c99-9853-1a93a54eb4d7,unknown_queued,W24x68,Queued for review (structural_section),system,2026-09-01T12:23:31.243222+00:00
b4488aa1-2163-475c-a00e-174e67f17552,unknown_queued,W18x50,Queued for review (structural_section),system,2026-09-01T12:23:31.621321+00:00
01611c79-cad0-4f4d-ae22-c38fb62f30ab,unknown_queued,HSS16x8x1/2,Queued for review (structural_section),system,2026-09-01T12:23:32.452451+00:00
682ed160-f029-4b5e-9965-fb56d62124da,unknown_queued,"7/8""",Queued for review (unknown),system,2026-09-01T12:23:32.651055+00:00
4c51d9e5-abe2-4b41-86d4-e7c596efedba,unknown_queued,HSS14X14X1/2,Queued for review (structural_section),system,2026-09-01T12:23:33.664540+00:00
c82fa72f-f18d-4b78-a4f8-4f2bf68937aa,unknown_queued,HSS12x6x1/2,Queued for review (structural_section),system,2026-09-01T12:23:33.948165+00:00
730e40b7-8527-42bb-8545-6296c67c9084,unknown_queued,HSS14x0.5,Queued for review (structural_section),system,2026-09-01T12:23:34.652722+00:00
2680d997-bc47-426c-b7c6-b80d7ef5c1c3,unknown_queued,HSS10x10x1/2,Queued for review (structural_section),system,2026-09-01T12:23:36.967058+00:00
31f14b58-7648-4d6a-9c96-c0dc85f0eeec,unknown_queued,HSS24x12x5/8,Queued for review (structural_section),system,2026-09-01T12:23:37.285441+00:00
bb036c59-a3ba-4570-9053-32ab7b378c96,unknown_queued,"3/8""",Queued for review (unknown),system,2026-09-01T12:23:37.476799+00:00
e097f53d-6f0f-4dd1-a9b0-72b3d8ee9f98,unknown_queued,HSS10x10x3/8,Queued for review (structural_section),system,2026-09-01T12:23:41.070063+00:00
29d7fe37-67db-44d9-a7eb-5d95cb733372,unknown_queued,W36x231,Queued for review (structural_section),system,2026-09-01T12:23:41.709915+00:00
6f053fb0-9035-4696-a9be-9b75a3a0fab0,unknown_queued,HSS8X6,Queued for review (structural_section),system,2026-09-01T12:23:41.921536+00:00
0df300b1-c953-4ec5-ba91-48d030b87ef6,unknown_queued,HSS14x14x3/8,Queued for review (structural_section),system,2026-09-01T12:23:43.645116+00:00
92efb464-cd0b-4e03-9c17-746969ef2af2,unknown_queued,HSS8x8x3/8,Queued for review (structural_section),system,2026-09-01T12:23:44.827148+00:00
095d304f-c83e-48c5-9714-73f9c56ab49f,unknown_queued,"1/2""W",Queued for review (unknown),system,2026-09-01T12:23:46.427376+00:00
0c6b7b45-0de6-4e02-9995-7fe3d4a30b20,unknown_queued,"L4x4x1/4x4""",Queued for review (structural_section),system,2026-09-01T12:23:46.588891+00:00
ab289974-e88a-4dfd-942e-14957d98183e,unknown_queued,"L4x4x3/8"";",Queued for review (structural_section),system,2026-09-01T12:23:46.739092+00:00
f6a85fa2-5cea-41de-91f9-a798c4566dac,unknown_queued,L3x3x1/4@8',Queued for review (structural_section),system,2026-09-01T12:23:46.893682+00:00
55af71a7-8f3a-44fc-87cd-5153f187cb61,unknown_queued,"L6x4x5/16x4""",Queued for review (structural_section),system,2026-09-01T12:23:47.043037+00:00
3f706513-46c7-449e-95f9-5360e77a9076,unknown_queued,"L6x4x1/4x4""",Queued for review (structural_section),system,2026-09-01T12:23:47.202593+00:00
9c085a62-1554-485a-bde5-98effcb6317b,unknown_queued,"1/4""x1",Queued for review (unknown),system,2026-09-01T12:23:47.434173+00:00
089ab992-2173-494f-883d-d97339fd56cc,unknown_queued,14-2 IN,Queued for review (unknown),system,2026-09-01T12:23:47.695108+00:00
73938290-bff6-498e-984f-8088d3abfa34,unknown_queued,"1/16""",Queued for review (unknown),system,2026-09-01T12:23:47.871340+00:00
74520987-4e85-4299-a85c-3de8a0361534,unknown_queued,"(4)-3/4""",Queued for review (unknown),system,2026-09-01T12:23:48.209844+00:00
b6db534a-4124-40dd-88c0-4db7cfe3c732,unknown_queued,"2""",Queued for review (unknown),system,2026-09-01T12:23:48.324656+00:00
c72c1078-f427-4e25-8db3-3d49857259c8,unknown_queued,"20""",Queued for review (unknown),system,2026-09-01T12:23:48.679168+00:00
06ec7c1f-80cb-4005-9a10-042cc060ca5f,unknown_queued,L3x3x1/4,Queued for review (structural_section),system,2026-09-01T12:23:48.831106+00:00
2aa06003-fe06-4591-8f24-8fcf9efa21c7,unknown_queued,L4x4,Queued for review (structural_section),system,2026-09-01T12:23:49.003469+00:00
c5a130e3-0f09-422f-b416-f770d977ea6c,unknown_queued,"L4x4x1/4x4'-3""",Queued for review (structural_section),system,2026-09-01T12:23:49.133101+00:00
b0a7b95a-f530-49a5-b867-7cf19e2886c6,unknown_queued,"5/8""x24""",Queued for review (unknown),system,2026-09-01T12:23:49.321219+00:00
5e48c34d-0827-4134-97a6-b82bb16f33f1,unknown_queued,"5/16""",Queued for review (unknown),system,2026-09-01T12:23:49.455765+00:00
efda6ba1-95a8-4bd6-be92-ebcd391c1414,unknown_queued,L4x4x5/16,Queued for review (structural_section),system,2026-09-01T12:23:49.655163+00:00
9197ced7-0baf-478c-b997-b3c101ff1ac4,unknown_queued,W18x36,Queued for review (structural_section),system,2026-09-01T12:23:49.814374+00:00
bc141d20-6fd4-4555-a614-5eb47bc34ef6,unknown_queued,"L5x3x3/8x6""",Queued for review (structural_section),system,2026-09-01T12:23:49.947530+00:00
112db3fe-085f-40c4-b057-df1ff5fe32e3,unknown_queued,L5x3,Queued for review (structural_section),system,2026-09-01T12:23:50.087616+00:00
6aeefdbb-fc1a-41e4-84cb-33de1785e4b0,unknown_queued,L2x2x10,Queued for review (structural_section),system,2026-09-01T12:23:50.252135+00:00
175a1010-46c3-4996-929c-445cad7887a0,unknown_queued,L5x3x3/8,Queued for review (structural_section),system,2026-09-01T12:23:50.394157+00:00
a5a32891-5df4-4f67-a2b4-108ac8d7bb6a,unknown_queued,"L4x4x3/8""",Queued for review (structural_section),system,2026-09-01T12:23:50.759305+00:00
f5830dc3-579f-4b44-89bf-26a7f5ead1bb,unknown_queued,"(1/2""",Queued for review (unknown),system,2026-09-01T12:23:50.894746+00:00
29263468-5461-4a6d-9cca-3da781bd5168,unknown_queued,"3/4""PL",Queued for review (unknown),system,2026-09-01T12:23:51.096381+00:00
51eaa5a7-d05b-483e-952d-164f756e1242,unknown_queued,"L4x4x1/4""x5""",Queued for review (structural_section),system,2026-09-01T12:23:51.235348+00:00
006f0fc3-9b2a-4fb2-b7e2-79072cf8cb90,unknown_queued,"3 / 4 """,Queued for review (unknown),system,2026-09-01T12:23:51.333483+00:00
099398e2-67cf-481d-9696-fd3246845744,unknown_queued,L3x3x1/4@4',Queued for review (structural_section),system,2026-09-01T12:23:51.547769+00:00
1e168680-4cd9-46c5-8881-1a482416defd,unknown_queued,"1""",Queued for review (unknown),system,2026-09-01T12:23:51.701339+00:00
7e927e46-6088-4643-81d3-719fe88e08b2,unknown_queued,"(2)3/4""",Queued for review (unknown),system,2026-09-01T12:23:51.912852+00:00
536fc92a-7771-487a-94b3-d08577378b0a,unknown_queued,"±3/4""",Queued for review (unknown),system,2026-09-01T12:23:52.090215+00:00
9289a05a-a4cb-4f07-a00c-47f5fa345e4e,unknown_queued,HSS8x4x3/8,Queued for review (structural_section),system,2026-09-01T12:23:52.245142+00:00
5fffb9c5-d456-49fa-b30f-8298d987347b,unknown_queued,"1/2""x3/8""",Queued for review (unknown),system,2026-09-01T12:23:52.653519+00:00
aa2c09ac-d750-4ee5-b1c2-9f484672c9da,unknown_queued,"1/4""x4""",Queued for review (unknown),system,2026-09-01T12:23:52.899633+00:00
d80ada93-58a1-42c2-b3fe-b76fb3f18193,unknown_queued,"3/8""x6""",Queued for review (unknown),system,2026-09-01T12:23:53.252354+00:00
346e7759-264a-456a-bda0-68e8916a345d,unknown_queued,"L4x4x1/2x6""",Queued for review (structural_section),system,2026-09-01T12:23:53.503928+00:00
d0548580-bb40-472b-8518-65434655df9b,unknown_queued,L4x4x1/4,Queued for review (structural_section),system,2026-09-01T12:23:53.746786+00:00
b7dfa7ac-77b3-4828-9edf-6debb891e8e2,unknown_queued,W8x31,Queued for review (structural_section),system,2026-09-01T12:23:53.927031+00:00
548afaf2-8519-4c8c-925f-099f6577cdd9,unknown_queued,"L6x4x3/4,",Queued for review (structural_section),system,2026-09-01T12:23:54.107776+00:00
d6848c6b-968c-42d4-b926-bfedbbdfbeb6,unknown_queued,"W12x19,",Queued for review (structural_section),system,2026-09-01T12:23:54.453914+00:00
74a25421-40e5-4f14-937a-c317ffb8edf6,unknown_queued,"1/2""x5""x5""",Queued for review (unknown),system,2026-09-01T12:23:54.819977+00:00
2c35519d-f62b-4e79-aa06-d026e617eb1c,unknown_queued,1/2x4x4,Queued for review (unknown),system,2026-09-01T12:23:55.254519+00:00
1bea28a8-a0fb-43b2-aff9-a6c908cfba2a,unknown_queued,L6x6x5/16;,Queued for review (structural_section),system,2026-09-01T12:23:55.556240+00:00
443e6f6c-a6be-47e0-913a-b3adf308ae60,unknown_queued,C8x11.5@,Queued for review (structural_section),system,2026-09-01T12:23:55.774077+00:00
4ee21823-7cd6-40bc-811c-0c8e5345ffbe,unknown_queued,"L8x4x7/16x1'-0"",",Queued for review (structural_section),system,2026-09-01T12:23:56.141251+00:00
7a903ceb-09d8-49bb-9ef1-9cabde2b8a81,unknown_queued,HSS20x20x1/2,Queued for review (structural_section),system,2026-09-01T12:23:56.393400+00:00
aa1ea0f5-f295-4de3-aeb3-9a3d0468e46e,unknown_queued,HSS3x3x3/8,Queued for review (structural_section),system,2026-09-01T12:23:56.609124+00:00
6af68358-a2fa-4540-9cc9-a60b62094e30,unknown_queued,HSS8x8,Queued for review (structural_section),system,2026-09-01T12:23:56.780659+00:00
4f277b93-b97e-4f6c-ba72-3c3b739f9d44,unknown_queued,2L4x4,Queued for review (structural_section),system,2026-09-01T12:23:56.958338+00:00
2461deea-95c8-40b8-bce3-709a7cfeb4cc,unknown_queued,"1/2""x16""x1'-4""",Queued for review (unknown),system,2026-09-01T12:23:57.181158+00:00
1bd34a0c-a871-4388-8724-b211d7d66459,unknown_queued,"3/4""Ø",Queued for review (unknown),system,2026-09-01T12:23:57.341166+00:00
b3388b5f-c471-4d98-88f6-26d6caaf97df,unknown_queued,HSS10x10,Queued for review (structural_section),system,2026-09-01T12:23:57.552833+00:00
031bec45-aff3-485d-b853-e016b349a4ee,unknown_queued,L5x5,Queued for review (structural_section),system,2026-09-01T12:23:57.710526+00:00
2c2fbd6b-ef6a-440e-994b-5b3a18e61499,unknown_queued,"L3x3x1/4""",Queued for review (structural_section),system,2026-09-01T12:23:58.112976+00:00
2fda07e0-6929-43b4-bc23-3ccd0c7f3426,unknown_queued,"L5x5x5/16""",Queued for review (structural_section),system,2026-09-01T12:23:58.259538+00:00
aa891b82-6194-452f-8c25-4dbeaa49eac2,unknown_queued,"L4x4x1/4""@EA",Queued for review (structural_section),system,2026-09-01T12:23:58.449124+00:00
7dc3b263-adaa-4663-b5dc-6e57d3d43061,unknown_queued,"L6x4x3/8""",Queued for review (structural_section),system,2026-09-01T12:23:58.642482+00:00
3e66c327-346c-41c4-9dd9-878af8b3df91,unknown_queued,L7x7x1/2,Queued for review (structural_section),system,2026-09-01T12:23:59.023691+00:00
4dbea23c-2002-47fd-81a6-efc43abbe17c,unknown_queued,"L6x6x1/2@2'-0""",Queued for review (structural_section),system,2026-09-01T12:23:59.425560+00:00
63923c52-7f41-4eca-ae76-b4cd13dbfada,unknown_queued,HSS14x10,Queued for review (structural_section),system,2026-09-01T12:23:59.653340+00:00
fc8f6bca-cb38-451b-9ade-a49434494947,unknown_queued,L6x3,Queued for review (structural_section),system,2026-09-01T12:24:00.043237+00:00
f3596268-5551-405d-8f3e-4f14e21d6663,unknown_queued,HSS14x14,Queued for review (structural_section),system,2026-09-01T12:24:00.387437+00:00
3208eb04-4778-4d99-8d44-729eefcb257b,unknown_queued,W14x90,Queued for review (structural_section),system,2026-09-01T12:24:01.273164+00:00
64d67866-706b-4187-994c-9b433fed309b,unknown_queued,W14x82,Queued for review (structural_section),system,2026-09-01T12:24:01.446597+00:00
4c71a884-1c5c-4cfb-9743-3e66296800a2,unknown_queued,W12x65,Queued for review (structural_section),system,2026-09-01T12:24:01.695738+00:00
c7df0591-993f-4a29-b5c7-150d27ea04ce,unknown_queued,HSS12x12x1/2,Queued for review (structural_section),system,2026-09-01T12:24:01.892546+00:00
f861b2b2-001c-4acf-be1c-13c0a6f30a86,unknown_queued,2L6x6x1/2,Queued for review (structural_section),system,2026-09-01T12:24:02.961069+00:00
dbb6b392-e2f7-403a-8be3-baa4294b5338,unknown_queued,HSS12x12x3/8,Queued for review (structural_section),system,2026-09-01T12:24:03.621690+00:00
662df4c5-f715-473c-887d-c6a88cdd0756,unknown_queued,"3/4""x8""",Queued for review (unknown),system,2026-09-01T12:24:04.410581+00:00
8e0cf248-3713-44ad-b952-d5ddd8ab5b73,unknown_queued,HSS10X6X3/8,Queued for review (structural_section),system,2026-09-01T12:24:04.711436+00:00
d317cee7-c8cc-4f46-bb7a-17409584ead3,unknown_queued,C4X5.4,Queued for review (structural_section),system,2026-09-01T12:24:05.146482+00:00
e6b9f092-55c6-43b0-8b61-7e58f19e3347,unknown_queued,HSS8X4,Queued for review (structural_section),system,2026-09-01T12:24:05.260955+00:00
73e87ab8-dc29-4938-9695-9f4f9dcc844c,unknown_queued,W18X40,Queued for review (structural_section),system,2026-09-01T12:24:05.381051+00:00
3e4db632-5880-439a-9ccc-34b258f9a20b,unknown_queued,W10X12,Queued for review (structural_section),system,2026-09-01T12:24:05.515607+00:00
2695f2b8-b0de-427e-9586-0148ca00162b,unknown_queued,W14X61,Queued for review (structural_section),system,2026-09-01T12:24:05.685156+00:00
a4977766-e9ed-4b83-85b3-0241f2e9facd,unknown_queued,W12X30,Queued for review (structural_section),system,2026-09-01T12:24:05.927727+00:00
c30add59-8f3b-4db9-907f-040fd48ae1b4,unknown_queued,W12X22,Queued for review (structural_section),system,2026-09-01T12:24:06.077841+00:00
207e7fdd-2c51-4ae1-98a4-6f9fddc96df9,unknown_queued,W10X22,Queued for review (structural_section),system,2026-09-01T12:24:06.240885+00:00
e0ed099e-1793-442b-a043-1ed1de9be252,unknown_queued,W12X40,Queued for review (structural_section),system,2026-09-01T12:24:07.041637+00:00
076bef31-b6d0-4079-a8e1-851dbc31c848,unknown_queued,W12X53,Queued for review (structural_section),system,2026-09-01T12:24:07.194309+00:00
4c75a80a-49fb-4fc5-84e0-fdb4a4e15c1d,unknown_queued,W16X31,Queued for review (structural_section),system,2026-09-01T12:24:07.795101+00:00
5e20b3fe-87fe-4fe1-9567-78aacf778bbf,unknown_queued,W30X90,Queued for review (structural_section),system,2026-09-01T12:24:08.317583+00:00
f851e3ea-de6f-438b-a43b-93f386495e5e,unknown_queued,W24X76,Queued for review (structural_section),system,2026-09-01T12:24:08.640245+00:00
ae99dee8-bc32-4bc4-8409-69dc0ceed178,unknown_queued,W30X99,Queued for review (structural_section),system,2026-09-01T12:24:08.834736+00:00
d057752f-3fc9-4fae-b3fa-d6a4231e6d1d,unknown_queued,W24X84,Queued for review (structural_section),system,2026-09-01T12:24:09.079109+00:00
cfb9e3ae-1935-4154-b191-d142f5c30123,unknown_queued,W21X62,Queued for review (structural_section),system,2026-09-01T12:24:09.216770+00:00
9a135e2b-539c-4c39-a8f9-cd12fdb28524,unknown_queued,W27X114,Queued for review (structural_section),system,2026-09-01T12:24:09.450640+00:00
2a95e9fb-0700-4087-ab29-de73db918832,unknown_queued,W33X152,Queued for review (structural_section),system,2026-09-01T12:24:09.696737+00:00
08de7d86-722b-4b89-b988-ed3dbbb2ce3a,unknown_queued,W33X118,Queued for review (structural_section),system,2026-09-01T12:24:09.848379+00:00
63bf49da-f353-4afc-bfff-a29c66aae080,unknown_queued,W21X48,Queued for review (structural_section),system,2026-09-01T12:24:10.647109+00:00
fa26f60d-94bd-46b4-ad9f-2f9842fe4467,unknown_queued,W18X35,Queued for review (structural_section),system,2026-09-01T12:24:10.820797+00:00
1758a5e7-709d-4b8c-9634-97dd47c56b37,unknown_queued,W36X194,Queued for review (structural_section),system,2026-09-01T12:24:11.096714+00:00
b08a1d8e-82c5-4de0-ae3d-fe2ed91642b0,unknown_queued,W30X116,Queued for review (structural_section),system,2026-09-01T12:24:11.540053+00:00
2bc83eb7-b283-4819-87c5-3ba9f15138e9,unknown_queued,W27X84,Queued for review (structural_section),system,2026-09-01T12:24:12.421362+00:00
2d2f095f-999f-4fff-be05-956c380f41ad,unknown_queued,W33X141,Queued for review (structural_section),system,2026-09-01T12:24:12.617886+00:00
1d878e47-fce9-41f4-ae6e-02555ef532d5,unknown_queued,W36X150,Queued for review (structural_section),system,2026-09-01T12:24:13.072418+00:00
7e64c5e2-2f77-4b93-9171-7bdc405fc96c,unknown_queued,W36X170,Queued for review (structural_section),system,2026-09-01T12:24:13.366313+00:00
cfa53677-dc5c-4cc0-af8d-082c4105c7dc,unknown_queued,W24X55,Queued for review (structural_section),system,2026-09-01T12:24:13.810866+00:00
492f0310-7daa-4fa9-8ea7-a83921b0b21c,unknown_queued,W40X183,Queued for review (structural_section),system,2026-09-01T12:24:14.744642+00:00
d0640727-5cf0-458c-a18f-80653ebccb6e,unknown_queued,W16X40,Queued for review (structural_section),system,2026-09-01T12:24:19.250412+00:00
2a293b0b-c2fb-429d-948e-84648af858b0,unknown_queued,W21X55,Queued for review (structural_section),system,2026-09-01T12:24:19.714865+00:00
bac59dc1-aa00-4075-929e-f377a8e6357b,unknown_queued,W18X60,Queued for review (structural_section),system,2026-09-01T12:24:19.953907+00:00
45e84224-1bf0-4fb9-b9e1-bf5d88fb2265,unknown_queued,W21X44,Queued for review (structural_section),system,2026-09-01T12:24:20.521404+00:00
48499cfe-c8a9-4bd9-b615-c58456d8dc8a,unknown_queued,W18X65,Queued for review (structural_section),system,2026-09-01T12:24:20.877493+00:00
28839323-ce79-4988-bc6d-958cbf871144,unknown_queued,W30X108,Queued for review (structural_section),system,2026-09-01T12:24:21.120979+00:00
33369e0d-4438-4ee7-a3bf-39ee493520ec,unknown_queued,W14X22,Queued for review (structural_section),system,2026-09-01T12:24:21.391466+00:00
236ae371-2f6d-4193-869e-307407b28ad6,unknown_queued,W10X33,Queued for review (structural_section),system,2026-09-01T12:24:21.707541+00:00
c6dab27f-b88e-4b4d-9efa-244da0f34fd7,unknown_queued,W24X62,Queued for review (structural_section),system,2026-09-01T12:24:22.066982+00:00
3c72242f-3c92-4f19-8a63-e5f16a12b6fb,unknown_queued,W27X94,Queued for review (structural_section),system,2026-09-01T12:24:26.437426+00:00
15d179fb-3c03-4e85-993d-156030c6955b,unknown_queued,C6X8.2,Queued for review (structural_section),system,2026-09-01T12:24:27.333223+00:00
69dded4d-5c6f-4b0a-a399-68eef1c31bef,unknown_queued,C12X20.7,Queued for review (structural_section),system,2026-09-01T12:24:27.649017+00:00
76e89c93-7c53-42f0-8582-0bf9812751c4,unknown_queued,L6X4X3/4,Queued for review (structural_section),system,2026-09-01T12:24:28.488255+00:00
6fcfdf4c-8932-4b46-849f-f8bf14d59400,unknown_queued,L6X6X5/16,Queued for review (structural_section),system,2026-09-01T12:24:28.910798+00:00
dbd9336a-03ef-401d-8524-f75c2495b7ee,unknown_queued,C6X10.5,Queued for review (structural_section),system,2026-09-01T12:24:29.374729+00:00
0a67b14d-3baf-4b89-ac03-63fec5df6034,unknown_queued,L5X5X5/16,Queued for review (structural_section),system,2026-09-01T12:24:29.757605+00:00
59ff69f0-0550-4294-b422-05e8ba233958,unknown_queued,L6X4X3/8,Queued for review (structural_section),system,2026-09-01T12:24:30.020225+00:00
45db6ba4-71db-4cbb-ac68-7cedc859472c,unknown_queued,L6X6X1/2,Queued for review (structural_section),system,2026-09-01T12:24:30.335194+00:00
2423c90f-0062-4865-9760-508100dfc7d8,unknown_queued,C12X25,Queued for review (structural_section),system,2026-09-01T12:24:30.664599+00:00
8f5d74b2-7c90-4ebc-8965-8394ca6f943c,unknown_queued,W12X106,Queued for review (structural_section),system,2026-09-01T12:24:30.957724+00:00
1993f4c5-63da-4a08-988d-c1bd7451b927,unknown_queued,W12X152,Queued for review (structural_section),system,2026-09-01T12:24:31.121433+00:00
2275a56c-6991-443a-a5bf-8828d6f5a9b5,unknown_queued,W14X159,Queued for review (structural_section),system,2026-09-01T12:24:31.315549+00:00
64ceb1cb-e109-47ec-bc55-27e430766794,unknown_queued,W14X193,Queued for review (structural_section),system,2026-09-01T12:24:31.509791+00:00
91300f9a-1bcc-4c81-a9f0-1d6d6fec965a,unknown_queued,W14X283,Queued for review (structural_section),system,2026-09-01T12:24:31.729304+00:00
a4f5c5b9-b011-4237-8feb-82548c65c294,unknown_queued,W14X211,Queued for review (structural_section),system,2026-09-01T12:24:31.987807+00:00
7bd4d466-1963-40f0-a4d2-1efd47ad3127,unknown_queued,W14X176,Queued for review (structural_section),system,2026-09-01T12:24:32.223835+00:00
2f2becbc-df52-469f-b4c4-0db01135ba99,unknown_queued,W14X109,Queued for review (structural_section),system,2026-09-01T12:24:32.430276+00:00
a24cc8a3-37ef-4378-a8ea-eb422d1986ce,unknown_queued,W18X311,Queued for review (structural_section),system,2026-09-01T12:24:32.772031+00:00
1aca9081-7e36-4b95-8b4f-8360e76f8bf9,unknown_queued,W14X257,Queued for review (structural_section),system,2026-09-01T12:24:33.021747+00:00
07629909-6d80-49ff-99d8-986705166092,unknown_queued,W14X145,Queued for review (structural_section),system,2026-09-01T12:24:33.306845+00:00
fb61ec54-8e03-446e-ad66-c8b4e0856985,unknown_queued,W14X132,Queued for review (structural_section),system,2026-09-01T12:24:33.554521+00:00
4a588db1-2bbc-4e43-8326-69001b343088,unknown_queued,W12X72,Queued for review (structural_section),system,2026-09-01T12:24:34.441676+00:00
c61f4adb-8230-4998-9d84-66774aeb614e,unknown_queued,W12X120,Queued for review (structural_section),system,2026-09-01T12:24:34.849647+00:00
5e550e8b-a965-4a90-9625-2bf15d52c47f,unknown_queued,W12X136,Queued for review (structural_section),system,2026-09-01T12:24:36.785245+00:00
7b9d2427-6f14-41cf-8a76-d2c0176ed2ea,unknown_queued,W12X79,Queued for review (structural_section),system,2026-09-01T12:24:37.589535+00:00
71ab24ff-80ca-4785-9952-43df667f5dd5,unknown_queued,W12X87,Queued for review (structural_section),system,2026-09-01T12:24:37.906773+00:00
c99ac36b-2854-4399-bb24-730e40024a71,unknown_queued,W12X96,Queued for review (structural_section),system,2026-09-01T12:24:38.371286+00:00
5fc74df2-54d2-44d4-a828-5810c1bcfc79,unknown_queued,W12X58,Queued for review (structural_section),system,2026-09-01T12:24:40.310158+00:00
c0b5cda0-9141-41a3-ada3-305f5907c1f5,unknown_queued,W12X45,Queued for review (structural_section),system,2026-09-01T12:24:40.716835+00:00
109abb4f-69c6-444f-83fb-3f8f84413a1c,unknown_queued,W14X43,Queued for review (structural_section),system,2026-09-01T12:24:41.249406+00:00
637cf718-6559-4914-9eb0-47ba637d1c3e,unknown_queued,"5/16"".",Queued for review (unknown),system,2026-09-01T12:52:41.577894+00:00
f575f1c5-64ca-4463-8e7e-1e824060154a,unknown_queued,W8x40,Queued for review (structural_section),system,2026-09-01T12:52:41.946440+00:00
3a4f9a5a-74b7-4de3-b460-c5910dc6eb44,unknown_queued,"3/32""",Queued for review (unknown),system,2026-09-01T12:52:43.337672+00:00
ce0a23bb-4f9e-4b8e-b06e-48b28045bc29,unknown_queued,HSS 8X8 8X8,Queued for review (structural_section),system,2026-09-01T12:52:45.173799+00:00
0f7e1d98-9b2a-4a4d-8295-593f60910363,unknown_queued,L6x6x3/4,Queued for review (structural_section),system,2026-09-01T12:52:46.199072+00:00
2f24f7e4-f80b-4c47-ba83-4f21c224a040,unknown_queued,W16x45,Queued for review (structural_section),system,2026-09-01T12:52:46.689981+00:00
86b45d62-abb6-4fa1-aecb-f2f957a0709c,unknown_queued,HSS8x6x1/2,Queued for review (structural_section),system,2026-09-01T12:52:49.020626+00:00
13451505-ebf8-4145-a17e-7cfba304800b,unknown_queued,W8x35,Queued for review (structural_section),system,2026-09-01T12:52:49.542895+00:00
5562e669-3e8c-4da5-a7b6-47cb6e4bde98,unknown_queued,"(3/4""",Queued for review (unknown),system,2026-09-01T12:52:50.522644+00:00
fb1b727d-fd9e-4fea-8fe2-0bd219b31c51,unknown_queued,1/2x2 1/2x5/16,Queued for review (unknown),system,2026-09-01T12:52:50.694520+00:00
e6c345b7-7226-48c6-93ad-a84981c52c07,unknown_queued,"3/4""⌀A325N",Queued for review (unknown),system,2026-09-01T12:52:50.939502+00:00
7ff7627f-7be0-417b-a6d2-4e842b1bad5d,unknown_queued,HSS6x8x1/2,Queued for review (structural_section),system,2026-09-01T12:52:51.130740+00:00
74262dac-e57d-47d4-91ed-89ea4b8e7c96,unknown_queued,"HSS3x3x1/4,",Queued for review (structural_section),system,2026-09-01T12:52:51.546561+00:00
ed5bb455-927e-4ee9-88d6-ff169e2fb361,unknown_queued,"HSS3x3,",Queued for review (structural_section),system,2026-09-01T12:52:51.791068+00:00
320606ae-b37c-48de-ab48-91a26ce75e72,unknown_queued,L5X3X1/4,Queued for review (structural_section),system,2026-09-01T12:52:51.925688+00:00
3144d7b9-63f1-4bb2-bb43-5a7a26540b44,unknown_queued,W16X26,Queued for review (structural_section),system,2026-09-01T12:52:52.063572+00:00
4dd51734-c4d9-41c3-9f56-73ff0deb422d,unknown_queued,WT16.5X59,Queued for review (structural_section),system,2026-09-01T12:52:52.305376+00:00
c5ee8ddf-b683-4a13-903a-6735aa5d9579,unknown_queued,W8X24,Queued for review (structural_section),system,2026-09-01T12:52:53.314535+00:00
c144c20c-fb52-4967-b9db-e8a899722dbd,unknown_queued,W8X28,Queued for review (structural_section),system,2026-09-01T12:52:53.474589+00:00
e8903c79-8aaf-4fb6-b98c-4db12b989f98,unknown_queued,HSS3X3X1/4,Queued for review (structural_section),system,2026-09-01T12:52:54.314316+00:00
8fbe95a6-90fe-4a07-a36f-97db720fd4f6,token_rejected,"1/2""",class=,user,2026-09-01T13:23:00.103871+00:00
5f21d7a9-0aff-413a-97ee-77ab255ac8da,token_rejected,"3/4""",class=,user,2026-09-01T13:23:00.104023+00:00
6f11589f-c476-4b78-9829-f49198e6c1c1,token_rejected,"1/4"".",class=,user,2026-09-01T13:23:00.104082+00:00
4dcf3c73-43e0-4aa5-99d5-8fadc516e54f,token_rejected,"12""",class=,user,2026-09-01T13:23:00.104119+00:00
73ce3b55-a991-49d2-89f1-1c0d5c5cc869,token_rejected,"""S/2""",class=,user,2026-09-01T13:23:00.104150+00:00
a8b2d067-88f9-4fba-bcc9-48e1610be75e,token_rejected,F50/P1/W12x65/190k,class=W12X65,user,2026-09-01T13:23:00.104295+00:00
06089fe1-daf5-4d93-9826-f7a04b336b89,token_rejected,6x6-W2.9xW2.9,class=,user,2026-09-01T13:23:00.104333+00:00
bb0b92a9-89bc-4c72-a757-ff1f36c150e1,token_rejected,"3/16""",class=,user,2026-09-01T13:23:00.104362+00:00
14ff69a2-1fee-4f88-9296-11ed6e64d2fa,token_rejected,"1-1/4""",class=,user,2026-09-01T13:23:00.104389+00:00
8c6f407a-af0b-4318-ac53-5d0d0c85df39,token_rejected,10-3 IN,class=,user,2026-09-01T13:23:00.104416+00:00
b43b2398-1d9d-454b-9bba-5b65547f20f9,token_rejected,C8x11.5,class=C8X11.5,user,2026-09-01T13:23:00.104442+00:00
c4dfa50c-277c-4e5b-91a1-a200a80f997e,token_rejected,W12x19,class=W12X19,user,2026-09-01T13:23:00.104467+00:00
e255a7c7-2883-4b5b-9a8a-ad4a934c3e85,token_rejected,HSS8x4x1/4,class=HSS8X4X1/4,user,2026-09-01T13:23:00.104495+00:00
83349a1b-c9b7-43c8-9170-10650d77da1f,token_rejected,(A490),class=W14X90,user,2026-09-01T13:23:00.104520+00:00
f8f494c2-b581-4f40-b56c-0d91fe07515e,token_rejected,(A325),class=W14X132,user,2026-09-01T13:23:00.104544+00:00
5a42c443-2330-4734-ab23-dc6867d9364b,token_rejected,A325,class=W14X132,user,2026-09-01T13:23:00.104568+00:00
63a47f51-b71d-423c-97d1-5e0f90fbe1f4,token_rejected,P1/HSS12x12x1/2,class=HSS12X12X1/2,user,2026-09-01T13:23:00.104592+00:00
e0318d3a-d555-4289-966c-2686dce573f7,token_rejected,P8/W14x61,class=W14X61,user,2026-09-01T13:23:00.104617+00:00
5d4d53c1-5d02-4a8c-8eb7-3b701a592a37,token_rejected,HSS14X6X5/8,class=HSS14X6X5/8,user,2026-09-01T13:23:00.104641+00:00
c54c881a-5fc7-499d-9b45-baea6af13e25,token_rejected,"1/8""",class=,user,2026-09-01T13:23:00.104666+00:00
f57d59df-1b94-4bc8-8a84-485e5c44c8f6,token_rejected,HSS18x6x3/8,class=HSS18X6X3/8,user,2026-09-01T13:23:00.104692+00:00
c5cfef52-e56c-433d-a731-b2ce18276bb6,token_rejected,"5/8""",class=,user,2026-09-01T13:23:00.104717+00:00
73bfbb27-a9d0-4419-9ba1-512eb0d970c1,token_rejected,"1/4""",class=,user,2026-09-01T13:23:00.104742+00:00
1a1506e5-70a7-4a70-b35d-00ee1d2209f0,token_rejected,P8/HSS14x14x1/2,class=HSS14X14X1/2,user,2026-09-01T13:23:00.104767+00:00
7d8407ef-9bc5-49e5-b6bc-bc22d5a487cd,token_rejected,HSS4x4x3/8,class=HSS4X4X3/8,user,2026-09-01T13:23:00.104791+00:00
9aee2840-604e-42b2-a6c9-c8c810e490e1,token_rejected,L4x4x3/8,class=L4X4X3/8,user,2026-09-01T13:23:00.104816+00:00
0f2a5c14-9172-4865-9c54-be1d025ae081,token_rejected,W12x26,class=W12X26,user,2026-09-01T13:23:00.104840+00:00
fae64072-101c-4c52-9bd8-6ea6e2e6f240,token_rejected,HSS20x12x1/2,class=HSS20X12X1/2,user,2026-09-01T13:23:00.104865+00:00
63a512b5-1aaa-4278-b0b1-1c3416347c14,token_rejected,HSS16x8x3/8,class=HSS16X8X3/8,user,2026-09-01T13:23:00.104891+00:00
80bd9997-1694-448d-991e-c6225d90cee5,token_rejected,"c=3/4""",class=,user,2026-09-01T13:23:00.105182+00:00
a987da12-3b47-4b2a-a7af-54fb34e86959,token_rejected,HSS8x4x1/2,class=HSS8X4X1/2,user,2026-09-01T13:23:00.105454+00:00
dd784e9d-80b4-47b6-94ed-0415409bf5cc,token_rejected,HSS8x8x1/2,class=HSS8X8X1/2,user,2026-09-01T13:23:00.105492+00:00
624bdef4-212a-4bf2-a215-450fde323c2f,token_rejected,HSS8x8x5/8,class=HSS8X8X5/8,user,2026-09-01T13:23:00.105513+00:00
872eddae-3b3c-402e-9cbf-331fcf8d3828,token_rejected,"c=3/4""""",class=,user,2026-09-01T13:23:00.105617+00:00
66191a85-26e6-4ce9-adb6-9ee1e6afd9a8,token_rejected,HSS20x8x1/2,class=HSS20X8X1/2,user,2026-09-01T13:23:00.105672+00:00
ce9e793b-2ad4-4fea-8202-7abda1b94174,token_rejected,W21x50,class=W21X50,user,2026-09-01T13:23:00.106226+00:00
8dfcf2b0-8c69-4515-a545-4a998d7c245a,token_rejected,W36x160,class=W36X160,user,2026-09-01T13:23:00.106360+00:00
998c5f58-f4ff-49a0-98dd-e012a0c54f5a,token_rejected,W36x135,class=W36X135,user,2026-09-01T13:23:00.106404+00:00
11a49d33-f89d-4927-95d7-f2b1ca7ec273,token_rejected,W36x247,class=W36X247,user,2026-09-01T13:23:00.106434+00:00
5d3d6813-6b37-4ffc-9e06-2a5ccefbb9e1,token_rejected,W33x130,class=W33X130,user,2026-09-01T13:23:00.106462+00:00
64cb9848-1977-4955-a814-2c02d0d1952f,token_rejected,W36x182,class=W36X182,user,2026-09-01T13:23:00.106487+00:00
f34d5532-4756-409c-bd43-d2539ac103fc,token_rejected,W30x124,class=W30X124,user,2026-09-01T13:23:00.106514+00:00
65b2ebcd-eeaa-4b15-b365-21bb2f851312,token_rejected,HSS16x4x1/4,class=HSS16X4X1/4,user,2026-09-01T13:23:00.106540+00:00
011d4389-5139-40af-9c1d-b273314a8c82,token_rejected,W36x210,class=W36X210,user,2026-09-01T13:23:00.106565+00:00
4dce6be3-189a-4a4c-8e7b-bffa3b606b70,token_rejected,W8x10,class=W8X10,user,2026-09-01T13:23:00.106593+00:00
1862ef40-d845-4c80-89e7-7d2c9c5cdfd2,token_rejected,HSS24x12x1/2,class=HSS24X12X1/2,user,2026-09-01T13:23:00.106621+00:00
5e58a91f-5191-4344-a4b3-d2f99d7e1e51,token_rejected,W24x68,class=W24X68,user,2026-09-01T13:23:00.106873+00:00
bd4568ba-cad5-4664-84ff-04820ad32b55,token_rejected,W18x50,class=W18X50,user,2026-09-01T13:23:00.107014+00:00
01b2077d-f247-4b08-bd39-5883abe2b1f6,token_rejected,HSS16x8x1/2,class=HSS16X8X1/2,user,2026-09-01T13:23:00.107049+00:00
9f35c49f-a95b-48af-84ac-df93a35bc518,token_rejected,"7/8""",class=,user,2026-09-01T13:23:00.107081+00:00
aac60bab-088f-40c7-b675-c8a335031216,token_rejected,HSS14X14X1/2,class=HSS14X14X1/2,user,2026-09-01T13:23:00.107266+00:00
1c1d4e25-8883-4b2e-82f3-b9dec7b1bc1f,token_rejected,HSS12x6x1/2,class=HSS12X6X1/2,user,2026-09-01T13:23:00.107323+00:00
3617be63-78b7-4974-aebc-eab63c929cd4,token_rejected,HSS14x0.5,class=HSS14.000X0.500,user,2026-09-01T13:23:00.107365+00:00
57ea2358-ea43-4f5b-8ae7-523d06dacc38,token_rejected,HSS10x10x1/2,class=HSS10X10X1/2,user,2026-09-01T13:23:00.107401+00:00
843af51f-c73f-442f-9850-bcee0e9dfc9a,token_rejected,HSS24x12x5/8,class=HSS24X12X5/8,user,2026-09-01T13:23:00.107435+00:00
13bd38c2-25e6-4851-bf08-ca98980a5c81,token_rejected,"3/8""",class=,user,2026-09-01T13:23:00.107466+00:00
9af198b5-4b6f-443e-86d9-58d192397faf,token_rejected,HSS10x10x3/8,class=HSS10X10X3/8,user,2026-09-01T13:23:00.107529+00:00
1897fe10-82e4-426e-a84f-7a1d8f62a6f7,token_rejected,W36x231,class=W36X231,user,2026-09-01T13:23:00.107577+00:00
210e0296-fca7-42f6-b2da-caf712a9f294,token_rejected,HSS8X6,class=W14X22,user,2026-09-01T13:23:00.107677+00:00
3e01103d-f487-4a0e-a6d7-4a068ccef84d,token_rejected,HSS14x14x3/8,class=HSS14X14X3/8,user,2026-09-01T13:23:00.107713+00:00
3911c1a7-67b5-4ec0-890a-b18f4d8d1bca,token_rejected,HSS8x8x3/8,class=HSS8X8X3/8,user,2026-09-01T13:23:00.107743+00:00
fdaebba5-aa5f-4042-b3ba-4d3258b389c0,token_rejected,"1/2""W",class=,user,2026-09-01T13:23:00.107770+00:00
b6ea7d71-c07f-4436-a47a-a53337f4c938,token_rejected,"L4x4x1/4x4""",class=L4X4X1/4,user,2026-09-01T13:23:00.107802+00:00
f5f8bbb8-6583-4d1a-b771-3b3405aaf2d0,token_rejected,"L4x4x3/8"";",class=L4X4X3/8,user,2026-09-01T13:23:00.107831+00:00
ff753f07-7601-423b-841c-324e0f9f4ba2,token_rejected,L3x3x1/4@8',class=L3X3X1/4,user,2026-09-01T13:23:00.107858+00:00
956fee2c-5443-4e3e-a109-941f437563f0,token_rejected,"L6x4x5/16x4""",class=L6X4X5/16,user,2026-09-01T13:23:00.107887+00:00
ad03ce1c-2168-434a-a1ef-8345d0cf4691,token_rejected,"L6x4x1/4x4""",class=L8X8X1,user,2026-09-01T13:23:00.107916+00:00
b3e0431f-71f5-40ad-9c98-f8f64af5ba87,token_rejected,"1/4""x1",class=,user,2026-09-01T13:23:00.107943+00:00
3c97c828-bd4c-4209-ad28-2880fa6ca187,token_rejected,14-2 IN,class=,user,2026-09-01T13:23:00.107971+00:00
ae5be63a-7916-4c99-bdf5-6df6069cd111,token_rejected,"1/16""",class=,user,2026-09-01T13:23:00.107998+00:00
8fe4449e-56cd-4bb8-8d69-b00a5879becb,token_rejected,"(4)-3/4""",class=,user,2026-09-01T13:23:00.108026+00:00
41c5924d-0859-488b-8c33-8872b333909b,token_rejected,"2""",class=,user,2026-09-01T13:23:00.108052+00:00
3b6b3663-addb-4e3c-9e7b-ba7387ffb2c2,token_rejected,"20""",class=,user,2026-09-01T13:23:00.108717+00:00
5bbc8ec8-b36a-457a-b1b0-a8ca31931850,token_rejected,L3x3x1/4,class=L3X3X1/4,user,2026-09-01T13:23:00.108768+00:00
72d46117-47ee-41a3-b29f-5f8a87848726,token_rejected,L4x4,class=L4X4X5/16,user,2026-09-01T13:23:00.108800+00:00
3b8af701-8e91-48c8-8717-a946f1fb336c,token_rejected,"L4x4x1/4x4'-3""",class=L4X4X1/4,user,2026-09-01T13:23:00.108831+00:00
a12203b4-f5df-4797-b3eb-f31494159305,token_rejected,"5/8""x24""",class=,user,2026-09-01T13:23:00.109676+00:00
0dc055ea-3f13-4146-a821-063553c2ebc0,token_rejected,"5/16""",class=,user,2026-09-01T13:23:00.109914+00:00
05e1880d-3cdd-4bf5-950c-0e06a30890a7,token_rejected,L4x4x5/16,class=L4X4X5/16,user,2026-09-01T13:23:00.109956+00:00
9c65108f-76d3-49cc-8f88-a6b429111c60,token_rejected,W18x36,class=W16X36,user,2026-09-01T13:23:00.109980+00:00
0fd07908-2738-499c-b4d3-d5a427c6082a,token_rejected,"L5x3x3/8x6""",class=L5X3X3/8,user,2026-09-01T13:23:00.109999+00:00
0ef7ab2b-9133-4b66-ba82-4f5fc667855d,token_rejected,L5x3,class=L5X3X1/4,user,2026-09-01T13:23:00.110042+00:00
d116b056-4021-442b-b5a1-60e6e0ad2b4f,token_rejected,L2x2x10,class=2L2X2X1/4,user,2026-09-01T13:23:00.110255+00:00
2ae2cd71-6553-4588-b977-46ba705f0463,token_rejected,L5x3x3/8,class=L5X3X3/8,user,2026-09-01T13:23:00.110304+00:00
4871ebbd-ac91-40ca-a0b5-40f473407276,token_rejected,"L4x4x3/8""",class=L4X4X3/8,user,2026-09-01T13:23:00.110426+00:00
4896120d-f857-4b55-9bee-7f7f9a439bf4,token_rejected,"(1/2""",class=,user,2026-09-01T13:23:00.110466+00:00
9a2f963e-daab-4a6c-9a4e-5ce6678ddbe9,token_rejected,"3/4""PL",class=,user,2026-09-01T13:23:00.110499+00:00
d7e05a0e-9b3b-4c54-b72e-ea29480b91c0,token_rejected,"L4x4x1/4""x5""",class=L4X4X1/4,user,2026-09-01T13:23:00.110542+00:00
bf91c87a-3955-4f63-a92c-dbf1f3d9cbed,token_rejected,"3 / 4 """,class=,user,2026-09-01T13:23:00.110574+00:00
e5432576-6b30-48d6-aba8-58c0fafae1a1,token_rejected,L3x3x1/4@4',class=L3X3X1/4,user,2026-09-01T13:23:00.111033+00:00
6a91fc2c-e237-46e7-976f-1473d2f8958e,token_rejected,"1""",class=,user,2026-09-01T13:23:00.111107+00:00
3b7db39a-ed42-459c-b97a-729c0414481c,token_rejected,"(2)3/4""",class=,user,2026-09-01T13:23:00.111144+00:00
75b5d4d6-929c-4a1a-b071-6f7a444d4462,token_rejected,"±3/4""",class=,user,2026-09-01T13:23:00.111176+00:00
bd3de415-440c-4252-b446-73c564108bd1,token_rejected,HSS8x4x3/8,class=HSS8X4X3/8,user,2026-09-01T13:23:00.111210+00:00
d3bef1c5-0f31-4651-ba73-90f163dad1f9,token_rejected,"1/2""x3/8""",class=,user,2026-09-01T13:23:00.111241+00:00
b58f1f83-9524-4bac-bfbd-262c09238867,token_rejected,"1/4""x4""",class=,user,2026-09-01T13:23:00.111270+00:00
7937b940-8d05-4cdf-b47e-bde61eed8242,token_rejected,"3/8""x6""",class=,user,2026-09-01T13:23:00.111299+00:00
ec04d21e-1184-4926-9cdc-799714ac242c,token_rejected,"L4x4x1/2x6""",class=L4X4X1/2,user,2026-09-01T13:23:00.111328+00:00
cd2d6a75-1918-45e4-85bb-f04cb7c2dd3e,token_rejected,L4x4x1/4,class=L4X4X1/4,user,2026-09-01T13:23:00.111357+00:00
dff62ceb-70d6-4c93-816f-64e3e6915d35,token_rejected,W8x31,class=W8X31,user,2026-09-01T13:23:00.111386+00:00
3d1f1c3e-9a3b-483b-95bb-db595fa3f002,token_rejected,"L6x4x3/4,",class=L6X4X3/4,user,2026-09-01T13:23:00.111415+00:00
92e5ea42-4c61-48a7-85d5-5e8b8326827d,token_rejected,"W12x19,",class=W12X19,user,2026-09-01T13:23:00.111445+00:00
ec6ed936-3b21-4a13-914a-9f6d54273867,token_rejected,"1/2""x5""x5""",class=,user,2026-09-01T13:23:00.111474+00:00
f6b5756b-3952-4501-bf51-cfff4c431dc9,token_rejected,1/2x4x4,class=,user,2026-09-01T13:23:00.111504+00:00
ec53b400-8198-4400-8269-4c2f8256a77e,token_rejected,L6x6x5/16;,class=L6X6X5/16,user,2026-09-01T13:23:00.111534+00:00
9cb79d07-71d3-4524-87b6-49e83489eaf9,token_rejected,C8x11.5@,class=C8X11.5,user,2026-09-01T13:23:00.112556+00:00
e8457d97-9ef6-4832-b96a-459a939b4652,token_rejected,"L8x4x7/16x1'-0"",",class=L8X4X7/16,user,2026-09-01T13:23:00.112655+00:00
c1e35dcc-67b4-4084-b83b-e640a535c998,token_rejected,HSS20x20x1/2,class=HSS20X20X1/2,user,2026-09-01T13:23:00.112694+00:00
0d2f9189-d417-454e-b023-db7d89517294,token_rejected,HSS3x3x3/8,class=HSS3X3X3/8,user,2026-09-01T13:23:00.113082+00:00
ee8c422d-2eb3-42cf-aea7-c1908f45e3c3,token_rejected,HSS8x8,class=HSS8X8X1/2,user,2026-09-01T13:23:00.113718+00:00
bbfb1bd2-ad28-440b-b7f3-a4551a1b0a4a,token_rejected,2L4x4,class=2L4X4X5/16X3/8,user,2026-09-01T13:23:00.113785+00:00
d91c4287-b28e-4c13-afd7-7267e11fb9ec,token_rejected,"1/2""x16""x1'-4""",class=,user,2026-09-01T13:23:00.113951+00:00
3790fc3d-cd9f-499f-b122-0c80942a74dc,token_rejected,"3/4""Ø",class=,user,2026-09-01T13:23:00.113998+00:00
d924cfdf-f8f7-4b10-b5f1-94308348a4f7,token_rejected,HSS10x10,class=HSS10X10X1/2,user,2026-09-01T13:23:00.114045+00:00
2b03fa57-3286-4686-ad9c-a1e551b608e4,token_rejected,L5x5,class=L5X3X5/16,user,2026-09-01T13:23:00.114077+00:00
f7fc0eb2-c4e9-4b8d-8a0d-af35761a3102,token_rejected,"L3x3x1/4""",class=L3X3X1/4,user,2026-09-01T13:23:00.114107+00:00
ebea5d06-f392-40ad-bebe-405ba7d37590,token_rejected,"L5x5x5/16""",class=L5X5X5/16,user,2026-09-01T13:23:00.114137+00:00
be029007-b045-438a-9619-5d7c70f9071d,token_rejected,"L4x4x1/4""@EA",class=L4X4X1/4,user,2026-09-01T13:23:00.114169+00:00
ff3d51b8-807b-4ccb-a484-53176fef9bea,token_rejected,"L6x4x3/8""",class=L6X4X3/8,user,2026-09-01T13:23:00.114199+00:00
5495ea7d-f44f-4596-9061-730ba835a887,token_rejected,L7x7x1/2,class=HSS9X7X1/2,user,2026-09-01T13:23:00.114288+00:00
3fbb8e5b-7960-463f-9d60-590efa09c7f8,token_rejected,"L6x6x1/2@2'-0""",class=L6X6X1/2,user,2026-09-01T13:23:00.114322+00:00
9696e6c3-0d08-41ac-b2a6-66329f2753ce,token_rejected,HSS14x10,class=HSS14X10X1/2,user,2026-09-01T13:23:00.114552+00:00
e1a69b29-8697-40eb-b029-4a995ab87ac9,token_rejected,L6x3,class=L6X4X3/8,user,2026-09-01T13:23:00.114659+00:00
86b1f8ee-e850-4c05-b0eb-b0f6bf76960f,token_rejected,HSS14x14,class=HSS14X14X1,user,2026-09-01T13:23:00.114715+00:00
0c4b6d95-5a37-41a4-ae43-e979fb6b029b,token_rejected,W14x90,class=W14X90,user,2026-09-01T13:23:00.114746+00:00
287e84dd-6c89-42ed-aeb3-37e9fe8505cc,token_rejected,W14x82,class=W14X82,user,2026-09-01T13:23:00.114790+00:00
ae47586a-2aab-4eb4-a392-2c511d2cd062,token_rejected,W12x65,class=W12X65,user,2026-09-01T13:23:00.114854+00:00
16146b53-d390-4849-881a-bd2402484c6c,token_rejected,HSS12x12x1/2,class=HSS12X12X1/2,user,2026-09-01T13:23:00.114892+00:00
c7e524ac-ce42-410c-b222-f94083f20ccd,token_rejected,2L6x6x1/2,class=2L6X6X1/2,user,2026-09-01T13:23:00.115022+00:00
e3724864-6b50-42c4-b6a7-e9deb041478e,token_rejected,HSS12x12x3/8,class=HSS12X12X3/8,user,2026-09-01T13:23:00.115070+00:00
92bdb904-2ee2-4bde-a03c-b972eee2e4b9,token_rejected,"3/4""x8""",class=,user,2026-09-01T13:23:00.115387+00:00
3ca5f63c-cd68-4710-ab03-785bee3dcfe7,token_rejected,HSS10X6X3/8,class=HSS10X6X3/8,user,2026-09-01T13:23:00.115421+00:00
174159b5-b810-429e-91d9-8aeacb0155e9,token_rejected,C4X5.4,class=C4X5.4,user,2026-09-01T13:23:00.115449+00:00
8c093ff9-a291-4b85-bc52-67b785f9caf4,token_rejected,HSS8X4,class=HSS8X4X1/2,user,2026-09-01T13:23:00.115473+00:00
a6d85a1c-c04e-4d6d-92c3-532fb3695511,token_rejected,W18X40,class=W18X40,user,2026-09-01T13:23:00.115635+00:00
9b3f77d9-06f7-4aa2-89de-f99a907919fa,token_rejected,W10X12,class=W10X12,user,2026-09-01T13:23:00.115765+00:00
921ae25e-5129-44b1-805b-5e39439de8a2,token_rejected,W14X61,class=W14X61,user,2026-09-01T13:23:00.115803+00:00
c895b883-ee8a-4447-8882-2487b397e878,token_rejected,W12X30,class=W12X30,user,2026-09-01T13:23:00.115847+00:00
97b060ed-5a08-4c9b-b4a6-4d0bde8bc5b5,token_rejected,W12X22,class=W12X22,user,2026-09-01T13:23:00.115879+00:00
a6a8c28b-59da-48f4-b41d-43942f770c00,token_rejected,W10X22,class=W10X22,user,2026-09-01T13:23:00.115914+00:00
e2dd0472-c2b0-4ae8-90c6-160bf0402da0,token_rejected,W12X40,class=W12X40,user,2026-09-01T13:23:00.115962+00:00
4107ed1f-a471-432d-8206-40f8f6ea3309,token_rejected,W12X53,class=W12X53,user,2026-09-01T13:23:00.115991+00:00
6417d78d-f7b5-4352-b19a-495125bfe656,token_rejected,W16X31,class=W16X31,user,2026-09-01T13:23:00.116009+00:00
96d50e1e-6509-4020-bbdf-ad9cd215c3ad,token_rejected,W30X90,class=W30X90,user,2026-09-01T13:23:00.116025+00:00
e8b4123d-e446-4766-be4a-ce79e6d1235d,token_rejected,W24X76,class=W24X76,user,2026-09-01T13:23:00.116041+00:00
a1cd7a91-d252-4aa0-ade5-d4fba1884bda,token_rejected,W30X99,class=W30X99,user,2026-09-01T13:23:00.116060+00:00
891596f6-bfb7-4373-99a8-4ebf81230adf,token_rejected,W24X84,class=W24X84,user,2026-09-01T13:23:00.116076+00:00
66fc3c2e-b6b0-458a-9622-542286558010,token_rejected,W21X62,class=W21X62,user,2026-09-01T13:23:00.116093+00:00
aed8aa8e-2e2b-4629-8f97-964f29e80745,token_rejected,W27X114,class=W27X114,user,2026-09-01T13:23:00.116567+00:00
23eeee27-595d-4983-acc7-cdeb74d89878,token_rejected,W33X152,class=W33X152,user,2026-09-01T13:23:00.116620+00:00
dd02aa1e-0175-4a5a-b335-2b3a17dc6bc5,token_rejected,W33X118,class=W33X118,user,2026-09-01T13:23:00.116654+00:00
db19d6ca-c939-4a9a-a77f-8ec119b26a7a,token_rejected,W21X48,class=W21X48,user,2026-09-01T13:23:00.116685+00:00
9f244a70-8ad3-42f6-86f4-feada4a7b824,token_rejected,W18X35,class=W18X35,user,2026-09-01T13:23:00.116715+00:00
6102111e-65d1-4373-9007-3d8e0a14c47b,token_rejected,W36X194,class=W36X194,user,2026-09-01T13:23:00.116745+00:00
9d9a23f2-677c-4c2e-9d49-5b3b19108310,token_rejected,W30X116,class=W30X116,user,2026-09-01T13:23:00.116774+00:00
92b002c3-75f0-4dc9-8513-6506f6c89003,token_rejected,W27X84,class=W27X84,user,2026-09-01T13:23:00.116803+00:00
26bd9a50-61e0-4952-a70b-377c3e737f19,token_rejected,W33X141,class=W33X141,user,2026-09-01T13:23:00.116831+00:00
4c456aaa-c041-4f17-8a52-2df6b35d6261,token_rejected,W36X150,class=W36X150,user,2026-09-01T13:23:00.116858+00:00
e5948cb8-d194-416e-b385-a38eb1a5fae6,token_rejected,W36X170,class=W36X170,user,2026-09-01T13:23:00.116885+00:00
0e1cfa45-8f42-4674-80ab-dd11283b60a9,token_rejected,W24X55,class=W24X55,user,2026-09-01T13:23:00.116911+00:00
ece8cc01-7e03-423b-8be7-8870bd086394,token_rejected,W40X183,class=W40X183,user,2026-09-01T13:23:00.116942+00:00
bec0704c-773c-4bce-91e6-3cf27ba4e21e,token_rejected,W16X40,class=W16X40,user,2026-09-01T13:23:00.116973+00:00
4d5be5c0-9e19-4200-8855-8344b83506be,token_rejected,W21X55,class=W21X55,user,2026-09-01T13:23:00.117003+00:00
203a6fe6-e88a-4e6a-be27-a1a23c45ff58,token_rejected,W18X60,class=W18X60,user,2026-09-01T13:23:00.117032+00:00
073c2642-220b-451a-805f-1d85e032b6d9,token_rejected,W21X44,class=W21X44,user,2026-09-01T13:23:00.117062+00:00
99aab779-fdad-4d4c-82a1-a9bc0d33e546,token_rejected,W18X65,class=W18X65,user,2026-09-01T13:23:00.117092+00:00
d558e4a8-d70c-47f5-b6ef-c0476b25fbb9,token_rejected,W30X108,class=W30X108,user,2026-09-01T13:23:00.117122+00:00
ccadf451-c8d7-4e8b-884f-a5b39059447c,token_rejected,W14X22,class=W14X22,user,2026-09-01T13:23:00.117151+00:00
b396b1df-1a61-4c78-a0d2-f4faefeda18f,token_rejected,W10X33,class=W10X33,user,2026-09-01T13:23:00.117181+00:00
00734d30-cc6a-47ac-b566-e2b2509912f1,token_rejected,W24X62,class=W24X62,user,2026-09-01T13:23:00.117211+00:00
5783fdbb-967c-4a9d-a308-deb8ce78eec5,token_rejected,W27X94,class=W27X94,user,2026-09-01T13:23:00.117244+00:00
37c63e52-8235-4f0f-928d-f2a78cfb7167,token_rejected,C6X8.2,class=C6X8.2,user,2026-09-01T13:23:00.117274+00:00
3abdfbe1-6bff-4621-be85-411268622e08,token_rejected,C12X20.7,class=C12X20.7,user,2026-09-01T13:23:00.117304+00:00
4d575468-297b-4e5f-8d36-aef523f691f0,token_rejected,L6X4X3/4,class=L6X4X3/4,user,2026-09-01T13:23:00.117334+00:00
8e6f7c06-46c6-4392-bc09-e96f36b0db02,token_rejected,L6X6X5/16,class=L6X6X5/16,user,2026-09-01T13:23:00.117364+00:00
9546be93-b928-490c-833f-f07a921ce4fb,token_rejected,C6X10.5,class=C6X10.5,user,2026-09-01T13:23:00.117393+00:00
56d502ec-40b1-4953-869a-c75e02af441a,token_rejected,L5X5X5/16,class=L5X5X5/16,user,2026-09-01T13:23:00.117421+00:00
ae37a40d-6c3f-485f-837d-d373a62f34bb,token_rejected,L6X4X3/8,class=L6X4X3/8,user,2026-09-01T13:23:00.117450+00:00
b10c4138-2a12-4b9d-9b99-04b16caa4824,token_rejected,L6X6X1/2,class=L6X6X1/2,user,2026-09-01T13:23:00.117479+00:00
cfa4bd73-66ee-42bb-b288-33990c2fca0c,token_rejected,C12X25,class=C12X25,user,2026-09-01T13:23:00.117509+00:00
8e6c8069-8363-4b22-8a78-7b11da18c1da,token_rejected,W12X106,class=W12X106,user,2026-09-01T13:23:00.117538+00:00
15d11e98-2fb7-4584-a80f-434fb59bdafb,token_rejected,W12X152,class=W12X152,user,2026-09-01T13:23:00.117565+00:00
68057044-01b2-4be3-b3f7-21ed8010de1f,token_rejected,W14X159,class=W14X159,user,2026-09-01T13:23:00.117593+00:00
d54017a7-c4bd-40d2-9b86-80f8abe7cfeb,token_rejected,W14X193,class=W14X193,user,2026-09-01T13:23:00.117621+00:00
e3085999-72c1-4179-b9c3-cd0f7f5c2589,token_rejected,W14X283,class=W14X283,user,2026-09-01T13:23:00.117650+00:00
747739be-cda0-41ea-9060-cc5e93685696,token_rejected,W14X211,class=W14X211,user,2026-09-01T13:23:00.117677+00:00
ef3a30e0-d294-4314-8f7e-11881088de29,token_rejected,W14X176,class=W14X176,user,2026-09-01T13:23:00.117707+00:00
65069c46-f868-49e4-b209-0739825ab4f3,token_rejected,W14X109,class=W14X109,user,2026-09-01T13:23:00.117736+00:00
2ad22fa3-c9b7-4e5c-b623-533fcf57d377,token_rejected,W18X311,class=W18X311,user,2026-09-01T13:23:00.117764+00:00
1004d8e9-ed06-432f-9c7e-8fa7f0d0166c,token_rejected,W14X257,class=W14X257,user,2026-09-01T13:23:00.117794+00:00
6caa9488-1273-433d-bedf-ba03b3ae2581,token_rejected,W14X145,class=W14X145,user,2026-09-01T13:23:00.117823+00:00
f9788500-8d09-4062-87cd-10b5ee53003e,token_rejected,W14X132,class=W14X132,user,2026-09-01T13:23:00.117851+00:00
2d3c89c1-07a8-4b51-8bd0-d38bfadb1aac,token_rejected,W12X72,class=W12X72,user,2026-09-01T13:23:00.117880+00:00
c9946406-9c9b-4ac6-af48-6ece69c5b317,token_rejected,W12X120,class=W12X120,user,2026-09-01T13:23:00.117909+00:00
9a367051-9782-4f66-a5a3-c710708c81f9,token_rejected,W12X136,class=W12X136,user,2026-09-01T13:23:00.117938+00:00
e2ce67e9-7d36-4f24-889a-788d4afb6947,token_rejected,W12X79,class=W12X79,user,2026-09-01T13:23:00.117968+00:00
67bf3666-29ac-4e25-a73b-f6c65b8610f5,token_rejected,W12X87,class=W12X87,user,2026-09-01T13:23:00.117997+00:00
e2e9b0e1-5559-4b11-b3d3-32d6161706de,token_rejected,W12X96,class=W12X96,user,2026-09-01T13:23:00.118027+00:00
3c89cc0b-a72a-4fee-8b68-643c62dc98b5,token_rejected,W12X58,class=W12X58,user,2026-09-01T13:23:00.118056+00:00
9931e7a4-02be-4da9-9a9d-63c83ee87db1,token_rejected,W12X45,class=W12X45,user,2026-09-01T13:23:00.118085+00:00
cbffb12a-c533-45f2-88be-e09912d4efeb,token_rejected,W14X43,class=W14X43,user,2026-09-01T13:23:01.328064+00:00
4f808365-1170-414e-8b4a-953adeb75624,token_rejected,"5/16"".",class=,user,2026-09-01T13:23:01.328150+00:00
09e9ebdf-e4f7-412e-b889-f03ce91b4f0b,token_rejected,W8x40,class=W8X40,user,2026-09-01T13:23:01.328178+00:00
fd5ac4a6-556f-421c-b9a3-ff5b9da3bcc2,token_rejected,"3/32""",class=,user,2026-09-01T13:23:01.328201+00:00
36a7bb2f-87b4-46f9-90cc-5fe1958eb009,token_rejected,HSS 8X8 8X8,class=HSS8X8X3/16,user,2026-09-01T13:23:01.328219+00:00
58275b61-492a-4658-8f32-d84e252e36bf,token_rejected,L6x6x3/4,class=L6X6X3/4,user,2026-09-01T13:23:01.328237+00:00
01a89310-0433-4dae-be43-eace7ed09bf9,token_rejected,W16x45,class=W16X45,user,2026-09-01T13:23:01.328254+00:00
9c9e9ade-d499-425b-90d0-019db5cb1276,token_rejected,HSS8x6x1/2,class=HSS8X6X1/2,user,2026-09-01T13:23:01.328270+00:00
c845af87-98d3-4f82-aefe-e119021955f5,token_rejected,W8x35,class=W8X35,user,2026-09-01T13:23:01.328286+00:00
eda92c71-69dd-4c91-9191-f7f868dcb96d,token_rejected,"(3/4""",class=,user,2026-09-01T13:23:01.328303+00:00
7ae101f8-77de-4c63-8392-dfc21c0b6c87,token_rejected,1/2x2 1/2x5/16,class=,user,2026-09-01T13:23:01.328319+00:00
7a4dbf59-0d62-48d3-b1dd-2587162703f8,token_rejected,"3/4""⌀A325N",class=,user,2026-09-01T13:23:01.328334+00:00
239b40f2-774d-401e-a223-b1af3ec1ed71,token_rejected,HSS6x8x1/2,class=HSS16X8X1/4,user,2026-09-01T13:23:01.328349+00:00
fd8fe4d2-ac3b-4462-b097-1d4abe4d68ff,token_rejected,"HSS3x3x1/4,",class=HSS3X3X1/4,user,2026-09-01T13:23:01.328365+00:00
b2b9961e-76ca-41bf-a03b-af69c190e1d8,token_rejected,"HSS3x3,",class=HSS3X3X1/4,user,2026-09-01T13:23:01.328381+00:00
214ee6aa-88b8-421e-84f7-a9a1e71e22ae,token_rejected,L5X3X1/4,class=L5X3X1/4,user,2026-09-01T13:23:01.328397+00:00
932e0eed-26cf-4ab7-8369-f2fe26d4de3b,token_rejected,W16X26,class=W16X26,user,2026-09-01T13:23:01.328412+00:00
e4cd91cc-f3fb-4c2e-af24-d22f55e6d52f,token_rejected,WT16.5X59,class=WT16.5X59,user,2026-09-01T13:23:01.328428+00:00
672a9e1e-79f8-4e2d-9466-f199920f1d60,token_rejected,W8X24,class=W8X24,user,2026-09-01T13:23:01.328443+00:00
ce823fdc-4c41-42b7-ac19-cfbb172a52a2,token_rejected,W8X28,class=W8X28,user,2026-09-01T13:23:01.328458+00:00
8eea450a-f460-4fbc-a740-4309a52640b0,token_rejected,HSS3X3X1/4,class=HSS3X3X1/4,user,2026-09-01T13:23:01.328473+00:00
a7028b43-509f-4c80-9f03-b2d056e4c305,unknown_queued,"5/16"".",Queued for review (unknown),system,2026-09-01T13:25:14.634007+00:00
30226e61-33ee-47be-bc70-bbae34162a82,unknown_queued,"5/16""",Queued for review (unknown),system,2026-09-01T13:25:14.840487+00:00
fc6ce1e6-f2e0-46d8-8167-64b4af3dc1a9,unknown_queued,W14x90,Queued for review (structural_section),system,2026-09-01T13:25:15.070249+00:00
d06151bb-8976-4a86-bdab-d30e01206ace,unknown_queued,W8x31,Queued for review (structural_section),system,2026-09-01T13:25:15.419611+00:00
f50b19f4-f526-4b68-91ed-5448370573d1,unknown_queued,W8x40,Queued for review (structural_section),system,2026-09-01T13:25:15.644692+00:00
1f096a78-a06c-466c-8cfd-e5c6f91da0e9,unknown_queued,HSS10x10,Queued for review (structural_section),system,2026-09-01T13:25:15.907459+00:00
19530dcc-f381-42a2-a7ac-0a61afc0c952,unknown_queued,HSS8x8,Queued for review (structural_section),system,2026-09-01T13:25:16.206597+00:00
85e1164e-02cf-426e-aa0a-5b770fa5c9e1,unknown_queued,"3/32""",Queued for review (unknown),system,2026-09-01T13:25:17.059044+00:00
24f46485-bcb1-407b-9a62-d99c24714009,unknown_queued,W21x50,Queued for review (structural_section),system,2026-09-01T13:25:18.218962+00:00
91d38603-44cc-4e86-89b6-e1e0a50212e0,unknown_queued,HSS 8X8 8X8,Queued for review (structural_section),system,2026-09-01T13:25:18.461497+00:00
c0d8fb8c-34f1-40dc-bbc2-85dbb8672a4d,unknown_queued,HSS12x12x1/2,Queued for review (structural_section),system,2026-09-01T13:25:18.684956+00:00
c85cc2f2-1e69-4896-9734-1b7d31541380,unknown_queued,L6x6x3/4,Queued for review (structural_section),system,2026-09-01T13:25:19.591049+00:00
1f6a74ac-7524-4c25-b7ce-1758345b6857,unknown_queued,"1/2""",Queued for review (unknown),system,2026-09-01T13:25:20.225285+00:00
993a17cc-9821-436f-ad71-4cc672928d7b,unknown_queued,W24x68,Queued for review (structural_section),system,2026-09-01T13:25:20.434419+00:00
afaf7566-f117-4192-a176-844d14a3e964,unknown_queued,W33x130,Queued for review (structural_section),system,2026-09-01T13:25:21.541510+00:00
4e7799f6-9d7d-4ebb-9cd7-0e3ffa1ba654,unknown_queued,"1/4""",Queued for review (unknown),system,2026-09-01T13:25:21.935451+00:00
208efa4f-496d-4ff6-83ea-2b361deea7ed,unknown_queued,"3/4""",Queued for review (unknown),system,2026-09-01T13:25:22.243373+00:00
ebe87dd7-a9f7-451a-a1f5-b4cd2337d241,unknown_queued,"3/8""",Queued for review (unknown),system,2026-09-01T13:25:22.506778+00:00
59b91200-78d4-45f4-bdeb-d766b0c5f331,unknown_queued,"1""",Queued for review (unknown),system,2026-09-01T13:25:22.704603+00:00
7d0538d0-f430-40b3-9b40-084db9dd6e2b,unknown_queued,L3x3x1/4,Queued for review (structural_section),system,2026-09-01T13:25:23.152583+00:00
d661e294-5944-47d4-9d9a-8eb532ebea1a,unknown_queued,L4x4x1/4,Queued for review (structural_section),system,2026-09-01T13:25:23.358433+00:00
2d7479f9-7ad6-49aa-a39c-426248119577,unknown_queued,"2""",Queued for review (unknown),system,2026-09-01T13:25:23.907666+00:00
c60d7fd4-7f98-4cca-89b6-39ae3af7c881,unknown_queued,HSS8x8x1/2,Queued for review (structural_section),system,2026-09-01T13:25:24.108887+00:00
3ec82b35-48a3-4b15-a3f5-ab72558918be,unknown_queued,HSS8x6x1/2,Queued for review (structural_section),system,2026-09-01T13:25:24.375040+00:00
3a5058b9-9ab1-42f6-9f02-bf9e34c455ea,unknown_queued,W8x35,Queued for review (structural_section),system,2026-09-01T13:25:25.143200+00:00
384c0247-6b17-4c4c-8a28-78f43ed6755d,unknown_queued,HSS10x10x1/2,Queued for review (structural_section),system,2026-09-01T13:25:26.055813+00:00
2d8442cb-2b08-4818-8ca3-54103b25c3a9,unknown_queued,"(3/4""",Queued for review (unknown),system,2026-09-01T13:25:27.078743+00:00
5646db8c-3b82-4223-ac4e-49b519e23401,unknown_queued,1/2x2 1/2x5/16,Queued for review (unknown),system,2026-09-01T13:25:27.362139+00:00
07f2d505-fc85-4b90-8420-41bf46756a9d,unknown_queued,"3/4""⌀A325N",Queued for review (unknown),system,2026-09-01T13:25:27.729925+00:00
e4d094e5-79bc-4a7e-8262-3618884da6e8,unknown_queued,"1/8""",Queued for review (unknown),system,2026-09-01T13:25:27.967615+00:00
58549d7c-4870-43d7-8543-56638beb6e77,unknown_queued,HSS6x8x1/2,Queued for review (structural_section),system,2026-09-01T13:25:28.158042+00:00
3ffcc13e-47c4-4d3c-a8fe-0d583fe7cbfd,unknown_queued,"3/16""",Queued for review (unknown),system,2026-09-01T13:25:28.474751+00:00
b0f06461-e243-4372-8fd6-06797baaac36,unknown_queued,"HSS3x3,",Queued for review (structural_section),system,2026-09-01T13:25:28.979584+00:00
1e02367e-ca2c-4b76-ade2-8a02d7840e92,unknown_queued,L5X3X1/4,Queued for review (structural_section),system,2026-09-01T13:25:29.217303+00:00
12379db3-8ca7-41b7-8e36-8f50eb4c1678,unknown_queued,W16X26,Queued for review (structural_section),system,2026-09-01T13:25:29.456359+00:00
85673b1d-426b-4b57-a577-bd7595404022,unknown_queued,W21X44,Queued for review (structural_section),system,2026-09-01T13:25:29.804441+00:00
b161682b-0835-4f05-92a2-d40d6f7165fe,unknown_queued,WT16.5X59,Queued for review (structural_section),system,2026-09-01T13:25:30.004605+00:00
a9962ca2-6104-4473-9cae-d60f80bbb536,unknown_queued,W16X31,Queued for review (structural_section),system,2026-09-01T13:25:30.207937+00:00
96904403-8407-4da9-ab51-f2a1841d6fd1,unknown_queued,W18X35,Queued for review (structural_section),system,2026-09-01T13:25:30.423028+00:00
b72e2e9a-e20a-40f2-839b-58147ba23624,unknown_queued,W10X12,Queued for review (structural_section),system,2026-09-01T13:25:30.620478+00:00
d6e5fad3-492f-411b-b420-11318584b384,unknown_queued,W12X22,Queued for review (structural_section),system,2026-09-01T13:25:30.829619+00:00
a8ca5ade-16a1-463a-a74e-9257b895b3b2,unknown_queued,W12X45,Queued for review (structural_section),system,2026-09-01T13:25:31.136002+00:00
381dce70-fca3-4d45-89a5-10453765457b,unknown_queued,W14X22,Queued for review (structural_section),system,2026-09-01T13:25:31.408979+00:00
faf2bf69-2c2d-45e1-a40d-85b898836e6e,unknown_queued,W18X40,Queued for review (structural_section),system,2026-09-01T13:25:31.689411+00:00
6795dbc9-aa55-4c5e-94f4-620c65101369,unknown_queued,W8X10,Queued for review (structural_section),system,2026-09-01T13:25:32.212161+00:00
cb34faec-552f-48a0-82ce-1fd5caa77de0,unknown_queued,W16X45,Queued for review (structural_section),system,2026-09-01T13:25:32.452547+00:00
389f4a83-6ae2-4882-8c4d-b358b78c0b28,unknown_queued,W36X170,Queued for review (structural_section),system,2026-09-01T13:25:32.784397+00:00
22550042-df31-47d4-8f49-28940fb8f439,unknown_queued,W36X150,Queued for review (structural_section),system,2026-09-01T13:25:32.985353+00:00
9d234a0c-f14c-421c-9dad-7f4395e8d3f5,unknown_queued,W8X24,Queued for review (structural_section),system,2026-09-01T13:25:33.427426+00:00
354fa91b-325a-47ea-9d03-1c75946ded35,unknown_queued,W8X28,Queued for review (structural_section),system,2026-09-01T13:25:33.712895+00:00
60fd1b11-357b-47a0-b610-87de5235ba4f,unknown_queued,HSS3X3X1/4,Queued for review (structural_section),system,2026-09-01T13:25:34.721386+00:00
b762ae30-5207-447a-b784-c0ca7df96909,unknown_queued,4x4,Queued for review (unknown),system,2026-09-01T13:31:02.593816+00:00
b1c74f83-eb91-4cd2-8929-70c261c69f88,unknown_queued,"(1/16""",Queued for review (unknown),system,2026-09-01T13:31:02.778333+00:00
c1a62da5-4224-4aab-bae7-7c05c5aab696,unknown_queued,A325,Queued for review (structural_section),system,2026-09-01T13:31:02.958059+00:00
2e30220d-6620-42a3-8f13-61137ce68ea3,unknown_queued,"12""",Queued for review (unknown),system,2026-09-01T13:31:03.225487+00:00
4630bcc8-8f82-421d-9961-afaaa9ec38bf,unknown_queued,"5/8""",Queued for review (unknown),system,2026-09-01T13:31:03.402157+00:00
6d5fa2f4-0e51-4819-b9bb-95cc23240b8a,unknown_queued,"3/16""Ø",Queued for review (unknown),system,2026-09-01T13:31:03.687027+00:00
d2c055b7-6273-4460-b79b-5b2d9a452481,unknown_queued,HSS10X8X3/8,Queued for review (structural_section),system,2026-09-01T13:31:03.992555+00:00
6d240cee-9e44-44dd-9685-ffda4f833de5,unknown_queued,W18X50,Queued for review (structural_section),system,2026-09-01T13:31:04.176692+00:00
19a3cf06-3f87-4393-a08a-c3af580e292a,unknown_queued,"1 1/4""",Queued for review (unknown),system,2026-09-01T13:31:04.447191+00:00
4739fe17-762a-4971-8cf0-761be8c679bb,unknown_queued,W10X19,Queued for review (structural_section),system,2026-09-01T13:31:04.752512+00:00
47365e10-d1d0-42e6-aa09-e3c380b07790,unknown_queued,W12X26,Queued for review (structural_section),system,2026-09-01T13:31:05.496205+00:00
cc5b3306-7f3f-4489-86fe-b5e24d76830d,unknown_queued,HSS10X6X3/8,Queued for review (structural_section),system,2026-09-01T13:31:05.731607+00:00
89670a4b-7df9-4b78-95b7-5d9612e90ddb,unknown_queued,W12X19,Queued for review (structural_section),system,2026-09-01T13:31:06.079161+00:00
3e73bcfe-f838-46f4-abca-8fb45cb00d6e,unknown_queued,HSS12X6X3/8,Queued for review (structural_section),system,2026-09-01T13:31:06.616533+00:00
77a66b15-401d-4972-ba55-631184ce959a,unknown_queued,HSS14X6X1/2,Queued for review (structural_section),system,2026-09-01T13:31:07.755888+00:00
fdfd7dd2-5017-4af0-a5db-9313f616902f,unknown_queued,HSS14X6X5/8,Queued for review (structural_section),system,2026-09-01T13:31:11.660703+00:00
a837a224-d980-4628-9be2-9e9361302063,unknown_queued,L4X4X3/8,Queued for review (structural_section),system,2026-09-01T13:31:12.211942+00:00
5ccd4b04-96c9-4d02-8dd1-d12c2c6d0b74,unknown_queued,"5/8""ø",Queued for review (unknown),system,2026-09-01T13:31:12.497064+00:00
0e44d618-3548-4577-879a-d309d7c5338a,unknown_queued,6x6,Queued for review (unknown),system,2026-09-01T13:31:12.683127+00:00
b41f982e-7e02-4c24-98f5-367123412578,unknown_queued,"1-1/2""",Queued for review (unknown),system,2026-09-01T13:31:12.900084+00:00
a913f474-1cb5-4432-a21b-4cfd8df8b781,unknown_queued,"3/4""Ø",Queued for review (unknown),system,2026-09-01T13:31:13.196424+00:00
8c0a5e10-b447-438e-8d47-42faec9f8c60,unknown_queued,"14-2"".",Queued for review (unknown),system,2026-09-01T13:31:13.493041+00:00
a5be0df2-2cb5-417e-b3f3-25fd7d837b32,unknown_queued,"1""⌀STUDS",Queued for review (unknown),system,2026-09-01T13:31:13.866471+00:00
132392ce-8f0e-4b8d-837a-3a9ee16b5a2c,unknown_queued,"7-7/8""",Queued for review (unknown),system,2026-09-01T13:31:14.572183+00:00
1602d671-21e8-44b9-92bf-a828a2ac64de,unknown_queued,"3/16 """,Queued for review (unknown),system,2026-09-01T13:31:14.928214+00:00
d2e716ff-116a-4f8e-87a7-a7b71b382b8a,unknown_queued,"1/4 """,Queued for review (unknown),system,2026-09-01T13:31:15.135358+00:00
72484ee3-ba21-4113-9c3a-24a98a3c739e,unknown_queued,"3/16 ""x",Queued for review (unknown),system,2026-09-01T13:31:15.399189+00:00
9f5d9b35-1fd8-47c3-b05c-95b184a1f740,unknown_queued,"5/16 """,Queued for review (unknown),system,2026-09-01T13:31:15.646757+00:00
1b30d362-14d9-4514-95c6-b14155252924,unknown_queued,"3/8 """,Queued for review (unknown),system,2026-09-01T13:31:15.874387+00:00
d8bb0cfe-e386-4869-977e-0c8cabd1e63f,unknown_queued,L3x3x3/16,Queued for review (structural_section),system,2026-09-01T13:31:16.075704+00:00
0db98956-2530-4453-9aaf-00f37774abff,unknown_queued,"1/2""ø",Queued for review (unknown),system,2026-09-01T13:31:16.347165+00:00
1e868aea-1e3c-4839-9666-c41175a948b0,unknown_queued,"1/2""⌀x",Queued for review (unknown),system,2026-09-01T13:31:16.658548+00:00
5a4303e5-65fc-437c-8c70-55e42c657471,unknown_queued,"3/8""x4""",Queued for review (unknown),system,2026-09-01T13:31:17.145706+00:00
577f02ce-d567-406c-8240-6c8111095b57,unknown_queued,C8x11.5.,Queued for review (structural_section),system,2026-09-01T13:31:17.532133+00:00
4eadda28-96de-4a2c-9379-fe4f5eed1bd3,unknown_queued,"L3X3X3/8X0'-6""",Queued for review (structural_section),system,2026-09-01T13:31:18.141443+00:00
12a763bd-d95b-42b6-8110-82f83ea7f13e,unknown_queued,L3x3x3/8,Queued for review (structural_section),system,2026-09-01T13:31:18.525025+00:00
7d92a293-7300-4fe2-9048-54989bd9501e,unknown_queued,L5x3-1/2x3/8,Queued for review (structural_section),system,2026-09-01T13:31:18.799940+00:00
d0740116-28ec-48b4-bd3e-6a358904e8e0,unknown_queued,W12X252,Queued for review (structural_section),system,2026-09-01T13:31:19.123753+00:00
59462d7d-f3e3-4633-8462-38e5fe3ce8a4,unknown_queued,"L3X3X5/16,",Queued for review (structural_section),system,2026-09-01T13:31:19.735626+00:00
6855a6d9-9351-48ff-bfba-c10e3540ab39,unknown_queued,"L4X4X3/8X0'-8""",Queued for review (structural_section),system,2026-09-01T13:31:20.030708+00:00
5a441f22-1810-4aa2-b5d9-c2fef6e0c1cf,unknown_queued,"L3x3x1/4x0'-3"",",Queued for review (structural_section),system,2026-09-01T13:31:20.248109+00:00
0ca1d39a-7e2c-488d-b713-f6e1d1103d08,unknown_queued,"3/4""⌀x6""",Queued for review (unknown),system,2026-09-01T13:31:20.429184+00:00
48b05329-4f38-4c84-aaae-da7f4c16f85a,unknown_queued,"1/2""@",Queued for review (unknown),system,2026-09-01T13:31:20.659304+00:00
2d784c78-f533-431d-a410-f613a779d231,unknown_queued,"L4x3x1/4x6""",Queued for review (structural_section),system,2026-09-01T13:31:20.889851+00:00
508667fe-da61-46eb-b329-bc9515b8387c,unknown_queued,"L4x3x1/4x1'-0""",Queued for review (structural_section),system,2026-09-01T13:31:21.197735+00:00
4f7290bc-b870-407a-af53-30ea95db274d,unknown_queued,"L4x3x1/4x2'-0""",Queued for review (structural_section),system,2026-09-01T13:31:21.957701+00:00
5e5c18ce-138b-44a0-a0c2-9e556a63c59d,unknown_queued,2L3x3x1/4,Queued for review (structural_section),system,2026-09-01T13:31:22.179578+00:00
06d5a7df-e435-4d7d-9b55-296f0458b8ea,unknown_queued,"L4X3X3/8X0'-6""",Queued for review (structural_section),system,2026-09-01T13:31:22.715343+00:00
1e511c13-72c7-4a96-a46b-7e6b9ddd1809,unknown_queued,L6x3-1/2x3/8,Queued for review (structural_section),system,2026-09-01T13:31:22.966820+00:00
4b48ff70-42b1-4807-95e2-62fbc9f2adc8,unknown_queued,"L3X3X3/8X0'-10""",Queued for review (structural_section),system,2026-09-01T13:31:23.325359+00:00
1fb9f564-351e-4a37-9079-fdcc56f702fa,unknown_queued,L4X3-1/2X5/16,Queued for review (structural_section),system,2026-09-01T13:31:23.529847+00:00
4b444380-ae4b-4299-bbed-a5b353faf42a,unknown_queued,HSS6X6X3/8,Queued for review (structural_section),system,2026-09-01T13:31:23.919086+00:00
3d6f6638-e0c7-4250-8d16-5acd8f3200d7,unknown_queued,HSS8X6X3/8,Queued for review (structural_section),system,2026-09-01T13:31:24.473557+00:00
bac7f5ab-b732-4381-99df-109b0aa2f996,unknown_queued,HSS6X6X1/2,Queued for review (structural_section),system,2026-09-01T13:31:25.012183+00:00
91825e43-b72f-41a6-a13c-6612ce1c1279,unknown_queued,"3/4""x18""x18""",Queued for review (unknown),system,2026-09-01T13:31:26.340190+00:00
0ab5578c-d8e5-4426-ac09-060a2037bda7,unknown_queued,HSS10X0.625,Queued for review (structural_section),system,2026-09-01T13:31:27.676320+00:00
18a7c7c7-8714-4ecb-b965-4adfca879512,unknown_queued,HSS10X0.500,Queued for review (structural_section),system,2026-09-01T13:31:27.968365+00:00
06b972e5-b50c-4091-b05c-6b1e6172e09f,unknown_queued,"5/8"")-H(-1'",Queued for review (unknown),system,2026-09-01T13:31:29.239959+00:00
4a0ea25d-ae5f-4598-a5e9-763b1da3de8c,unknown_queued,"3/4""x16""x16""",Queued for review (unknown),system,2026-09-01T13:31:29.515743+00:00
cd30e51e-4c45-46d1-8842-3526d377e7b4,unknown_queued,W12X106,Queued for review (structural_section),system,2026-09-01T13:31:30.579028+00:00
1001a811-5578-42fa-8aa8-b029c408648c,unknown_queued,W12X120,Queued for review (structural_section),system,2026-09-01T13:31:30.950520+00:00
ff2cac15-a352-48ad-a940-4af41335d725,unknown_queued,W14X61,Queued for review (structural_section),system,2026-09-01T13:31:31.208157+00:00
5582a2c8-31d3-4020-8a1c-7e682bc744c7,unknown_queued,W14X68,Queued for review (structural_section),system,2026-09-01T13:31:32.164341+00:00
3427032e-f8c5-4c59-8736-75768a0f01c0,unknown_queued,W14X82,Queued for review (structural_section),system,2026-09-01T13:31:32.669181+00:00
a1ddcbba-c4be-4a0f-889f-b25826fdf58b,unknown_queued,W14X132,Queued for review (structural_section),system,2026-09-01T13:31:33.018289+00:00
dec753cb-8910-4df1-b2fa-2056467a4ab5,unknown_queued,W14X145,Queued for review (structural_section),system,2026-09-01T13:31:33.266675+00:00
0ada8131-a3bb-493e-b715-5c3a83018e8a,unknown_queued,W14X198,Queued for review (structural_section),system,2026-09-01T13:31:33.484964+00:00
b4804b9a-9147-4cbc-a41a-a8254528e97a,unknown_queued,W27X84,Queued for review (structural_section),system,2026-09-01T13:31:33.654481+00:00
9c67a998-34d3-4708-a9fc-119362390f7e,unknown_queued,W12X16,Queued for review (structural_section),system,2026-09-01T13:31:33.859286+00:00
ef2868ef-9a8f-4a09-8e4b-6fbc2f12fa7d,unknown_queued,W21X55,Queued for review (structural_section),system,2026-09-01T13:31:33.975444+00:00
9acd5a62-2b9b-48bc-bd9d-acf695c0477f,unknown_queued,W16X36,Queued for review (structural_section),system,2026-09-01T13:31:34.504435+00:00
9af8c8e0-d133-4652-a317-702d0217e6b2,unknown_queued,W10X15,Queued for review (structural_section),system,2026-09-01T13:31:34.726649+00:00
cad5feea-3992-4d27-b1e4-4e28421fc312,unknown_queued,W30X90,Queued for review (structural_section),system,2026-09-01T13:31:35.159165+00:00
dcea5046-84f2-4c29-a997-eb9146db67d2,unknown_queued,W10X22,Queued for review (structural_section),system,2026-09-01T13:31:35.740756+00:00
5d354184-c95c-47bf-bc51-d9b5215c1507,unknown_queued,W12X40,Queued for review (structural_section),system,2026-09-01T13:31:36.129370+00:00
09a8c153-2721-4eec-b3a2-c4ef7c4da513,unknown_queued,HSS20X8X5/8,Queued for review (structural_section),system,2026-09-01T13:31:36.685775+00:00
db09339c-679f-487a-bbb2-dccec6e93c39,unknown_queued,W21X48,Queued for review (structural_section),system,2026-09-01T13:31:37.763732+00:00
79743c38-b4f3-4097-9d3a-d7b01884dafc,unknown_queued,W12X30,Queued for review (structural_section),system,2026-09-01T13:31:38.840393+00:00
530ebf7d-e923-4d6f-85ab-bf8697e8c1a9,unknown_queued,C8X11.5,Queued for review (structural_section),system,2026-09-01T13:31:39.145905+00:00
bc0db3c7-1d4f-4c95-889a-5a14a5909762,unknown_queued,W10X33,Queued for review (structural_section),system,2026-09-01T13:31:41.011631+00:00
b7392256-0ed4-4e93-a25f-c8d784ccc03b,unknown_queued,W10X45,Queued for review (structural_section),system,2026-09-01T13:31:41.501722+00:00
13cd024d-8733-4405-856d-c12ef139c7fc,unknown_queued,W10X54,Queued for review (structural_section),system,2026-09-01T13:31:42.366242+00:00
0df839f8-06be-4aad-8d84-75844dade717,unknown_queued,W10X49,Queued for review (structural_section),system,2026-09-01T13:31:42.799170+00:00
f2b6ecc4-15eb-4455-9042-d617293a03cf,unknown_queued,W10X39,Queued for review (structural_section),system,2026-09-01T13:31:43.110525+00:00
1d705320-2829-4e84-92f3-3c0cfb18fc18,unknown_queued,W10X60,Queued for review (structural_section),system,2026-09-01T13:31:43.559442+00:00
ec6787c0-9c61-422e-a4d7-cd9b89bb03a3,token_approved,W10X60,class=W10X60,user,2026-09-01T13:33:18.283361+00:00
c7ffb682-ddba-4869-bb02-d84c56ada0e5,token_approved,W10X39,class=W10X39,user,2026-09-01T13:33:18.290368+00:00
89be9317-ca6d-4110-b483-beca3a0d03f8,token_approved,W10X49,class=W10X49,user,2026-09-01T13:33:18.290510+00:00
2d9af000-5a25-447b-96e2-755cf7a09257,token_approved,W10X54,class=W10X54,user,2026-09-01T13:33:18.290564+00:00
3cbd284d-6f69-4f9d-b9d4-89795d8d8f51,token_approved,W10X45,class=W10X45,user,2026-09-01T13:33:18.290601+00:00
17a9b24d-9b5f-4861-b2f2-c17c35227daa,token_approved,W10X33,class=W10X33,user,2026-09-01T13:33:18.290662+00:00
961b3e33-fe19-457b-abfb-2b9b1bb50fb3,token_approved,C8X11.5,class=C8X11.5,user,2026-09-01T13:33:18.290693+00:00
5755d5f7-6086-4fb2-8871-94128cee9db1,token_approved,W12X30,class=W12X30,user,2026-09-01T13:33:18.290723+00:00
16bb52de-17b1-485c-81b0-967aa93d7740,token_approved,W21X48,class=W21X48,user,2026-09-01T13:33:18.290754+00:00
f06a1ee9-1562-4007-b97d-4e6ff13b8cac,token_approved,HSS20X8X5/8,class=HSS20X8X5/8,user,2026-09-01T13:33:18.290803+00:00
5d658f96-8e48-471e-a6b5-88baa80f43e3,token_approved,W12X40,class=W12X40,user,2026-09-01T13:33:18.290832+00:00
4d9f9924-e06e-41c4-9ea2-92bf02fae94f,token_approved,W10X22,class=W10X22,user,2026-09-01T13:33:18.290861+00:00
6eca1415-0d35-4a1b-a974-8c3d3030bc88,token_approved,W30X90,class=W30X90,user,2026-09-01T13:33:18.290890+00:00
91e4b03c-e966-417a-86c5-aeb96b3d1c6e,token_approved,W10X15,class=W10X15,user,2026-09-01T13:33:18.290918+00:00
a6bf5075-8b7d-4955-bf65-3073f7660067,token_approved,W16X36,class=W16X36,user,2026-09-01T13:33:18.290947+00:00
36748cab-8a2a-4e4d-85e0-89f274b31954,token_approved,W21X55,class=W21X55,user,2026-09-01T13:33:18.290975+00:00
df0c795d-5d34-4ee8-9904-81c15bc116c9,token_approved,W12X16,class=W12X16,user,2026-09-01T13:33:18.291003+00:00
2862b2c7-9ae4-4ea5-b85e-14958299727f,token_approved,W27X84,class=W27X84,user,2026-09-01T13:33:18.291032+00:00
3af89edb-ad5e-46c7-9311-a516ad2e4646,token_approved,W14X198,class=W14X68,user,2026-09-01T13:33:18.291059+00:00
a7fd2d00-ee40-4d78-8071-6f6c92280b6b,token_approved,W14X145,class=W14X145,user,2026-09-01T13:33:18.291087+00:00
c904d5b3-f217-42ef-a003-38ce9d2d36e8,token_approved,W14X132,class=W14X132,user,2026-09-01T13:33:18.291114+00:00
0ea623fb-6403-4fd2-be0a-14d4101e6755,token_approved,W14X82,class=W14X82,user,2026-09-01T13:33:18.291176+00:00
f98279cd-90b6-426e-aca7-9830c5f97e1a,token_approved,W14X68,class=W14X68,user,2026-09-01T13:33:18.291204+00:00
3b1c75a8-de0e-4a74-a747-6d891ddd9b18,token_approved,W14X61,class=W14X61,user,2026-09-01T13:33:18.291230+00:00
1204c3a0-0764-4258-9b75-380ffcf78b2b,token_approved,W12X120,class=W12X120,user,2026-09-01T13:33:18.291256+00:00
9dd740df-11e8-4eb5-9769-adc3fbc4642a,token_approved,W12X106,class=W12X106,user,2026-09-01T13:33:40.481654+00:00
8f63f8c5-78dd-4ed0-b3a2-0642b17a6af2,token_approved,HSS10X0.500,class=HSS10.000X0.500,user,2026-09-01T13:33:40.481808+00:00
b8bf2ef1-8cfa-4e6b-9c5c-24ca9dd8c465,token_approved,HSS10X0.625,class=W10X54,user,2026-09-01T13:33:40.481878+00:00
d8999778-aee5-4ddb-a491-acc89f5aef71,token_approved,HSS6X6X1/2,class=HSS6X6X1/2,user,2026-09-01T13:33:40.481936+00:00
745459a8-8be6-4247-a1dd-cda47555befb,token_approved,HSS8X6X3/8,class=HSS8X6X3/8,user,2026-09-01T13:33:40.481994+00:00
4d7401d4-32bb-436e-a363-7dd7001e96c9,token_approved,HSS6X6X3/8,class=HSS6X6X3/8,user,2026-09-01T13:33:40.482047+00:00
432490c0-8a48-42fa-a7f7-df509ffc4af1,token_approved,L4X3-1/2X5/16,class=L4X3X5/16,user,2026-09-01T13:33:40.482097+00:00
279ce219-782c-4709-ad80-ce07170878db,token_approved,"L3X3X3/8X0'-10""",class=L3X3X3/8,user,2026-09-01T13:33:40.482147+00:00
d5f472e6-28a8-4fcd-a5fe-0adaa2b76770,token_approved,L6x3-1/2x3/8,class=L6X4X3/8,user,2026-09-01T13:33:40.482198+00:00
dcbd879a-1c4a-49ec-9e39-ac7eda16afba,token_approved,"L4X3X3/8X0'-6""",class=L4X3X3/8,user,2026-09-01T13:33:40.482248+00:00
f29155c7-93d6-4af5-a946-1ed15b1b0b81,token_approved,2L3x3x1/4,class=2L3X3X1/4,user,2026-09-01T13:33:40.482299+00:00
f256ccb0-c9d0-401f-a116-1494369f8e73,token_approved,"L4x3x1/4x2'-0""",class=L4X3X1/4,user,2026-09-01T13:33:40.482348+00:00
5a1f99da-552a-4215-ac39-22a0eee2b0f7,token_approved,"L4x3x1/4x1'-0""",class=L4X3X1/4,user,2026-09-01T13:33:40.482396+00:00
c575ffc1-5d5e-4f6d-9522-a1f3a39ca3ef,token_approved,"L4x3x1/4x6""",class=L4X3X1/4,user,2026-09-01T13:33:40.482459+00:00
093e539a-73f9-4f44-90f1-7b073205cb00,token_approved,"L3x3x1/4x0'-3"",",class=L3X3X1/4,user,2026-09-01T13:33:40.482507+00:00
78f01bdd-d538-4c90-907a-01166d941fc6,token_approved,"L4X4X3/8X0'-8""",class=L4X4X3/8,user,2026-09-01T13:33:40.482558+00:00
92e0c647-8164-49d6-8ec4-16567c7bd71d,token_approved,"L3X3X5/16,",class=L3X3X5/16,user,2026-09-01T13:33:40.482606+00:00
897a1bab-2712-48dc-b8e8-1e2e25b2bdc6,token_approved,W12X252,class=W12X252,user,2026-09-01T13:33:40.482654+00:00
7a074a2d-f0c3-4354-98a2-ee59d3789193,token_approved,L5x3-1/2x3/8,class=L5X3X5/16,user,2026-09-01T13:33:40.482700+00:00
d01f0d64-fddd-4a77-acbc-186bbfef93fb,token_approved,L3x3x3/8,class=L3X3X3/8,user,2026-09-01T13:33:40.482749+00:00
46b1ba47-4836-4f53-a7b7-86de2ac1fa57,token_approved,"L3X3X3/8X0'-6""",class=L3X3X3/8,user,2026-09-01T13:33:56.710454+00:00
f4d670f1-637e-4673-99d9-60172c710724,token_approved,C8x11.5.,class=C8X11.5,user,2026-09-01T13:33:56.710590+00:00
fdf3d700-ccfc-4e4d-b5b6-e0642e2e3e34,token_approved,L4X4X3/8,class=L4X4X3/8,user,2026-09-01T13:33:56.710656+00:00
c428d829-0929-41b5-9796-96c2ef1e7ebf,token_approved,HSS14X6X5/8,class=HSS14X6X5/8,user,2026-09-01T13:33:56.710707+00:00
a9925881-db3f-4f1f-9eaa-044cc9c54a2e,token_rejected,"3/4""x16""x16""",class=,user,2026-09-01T13:34:23.727600+00:00
47a95129-955e-485e-b387-38a0c5280719,token_rejected,"5/8"")-H(-1'",class=,user,2026-09-01T13:34:23.727749+00:00
0b9a2370-6127-4a9f-b42c-2030e398d9d0,token_rejected,"3/4""x18""x18""",class=,user,2026-09-01T13:34:23.727800+00:00
064e2996-9ae8-43c2-b09c-37c6af31a875,token_rejected,"1/2""@",class=,user,2026-09-01T13:34:23.727877+00:00
69888607-32ef-4861-be81-d299617c81d2,token_rejected,"3/4""⌀x6""",class=,user,2026-09-01T13:34:23.727919+00:00
a588876e-3e93-46a5-9306-872fc0b055d6,token_rejected,"3/8""x4""",class=,user,2026-09-01T13:34:23.727957+00:00
5f581a25-e95e-4632-87a2-01afb4acb7df,token_rejected,"1/2""⌀x",class=,user,2026-09-01T13:34:23.727993+00:00
28988d73-0dff-4aa3-a850-ab6c02706234,token_rejected,"1/2""ø",class=,user,2026-09-01T13:34:23.728028+00:00
21b11df6-1a7d-41ef-8c9a-55f90b431824,token_rejected,L3x3x3/16,class=L3X3X3/16,user,2026-09-01T13:34:23.728062+00:00
5bc95de7-1e01-49e6-861a-bdaa3c9ca361,token_rejected,"3/8 """,class=,user,2026-09-01T13:34:23.728096+00:00
2bed25b4-ab10-4b9e-9d3c-8117e595ed93,token_rejected,"5/16 """,class=,user,2026-09-01T13:34:23.728129+00:00
c30d2689-472f-4d5f-9a57-852307cc3c96,token_rejected,"3/16 ""x",class=,user,2026-09-01T13:34:23.728162+00:00
f423adc7-a669-4d49-b0f6-960aa4dab4c0,token_rejected,"1/4 """,class=,user,2026-09-01T13:34:23.728196+00:00
8fd312d5-3249-4016-a7c7-196dacb489b7,token_rejected,"3/16 """,class=,user,2026-09-01T13:34:23.728229+00:00
dac22dad-1312-4642-a45b-d871da2e9b66,token_rejected,"7-7/8""",class=,user,2026-09-01T13:34:23.728263+00:00
46c0d566-a3ce-41d8-a0e3-da7b5b7ee165,token_rejected,"1""⌀STUDS",class=,user,2026-09-01T13:34:23.728298+00:00
b31ed480-eb23-471c-a0ed-2e096a6cd035,token_rejected,"14-2"".",class=,user,2026-09-01T13:34:23.728330+00:00
3b931724-925b-4aa5-90cd-7f343d27d7f2,token_rejected,"3/4""Ø",class=,user,2026-09-01T13:34:23.728362+00:00
1e86e943-ed0b-4dc8-8b25-e7cc21c7a68f,token_rejected,"1-1/2""",class=,user,2026-09-01T13:34:23.728392+00:00
16c7c2de-514b-49d4-9019-85bb6b5ba732,token_rejected,6x6,class=,user,2026-09-01T13:34:23.728424+00:00
6115e293-1f90-4bb9-bbd7-27b223706bb1,token_rejected,"5/8""ø",class=,user,2026-09-01T13:34:23.728457+00:00
416f4eb1-db4f-464f-87a9-2c65ffe20af9,token_approved,HSS14X6X1/2,class=HSS14X6X1/2,user,2026-09-01T13:34:40.156940+00:00
3a2ea414-ec46-485b-9a96-d2e2f39e9ccb,token_approved,HSS12X6X3/8,class=HSS12X6X3/8,user,2026-09-01T13:34:40.157121+00:00
f1c5ec13-96f5-4722-b05b-2d352a77662c,token_approved,W12X19,class=W12X19,user,2026-09-01T13:34:40.157206+00:00
67f896f9-05f3-4024-aa7a-20c678ae6dc2,token_approved,HSS10X6X3/8,class=HSS10X6X3/8,user,2026-09-01T13:34:40.157271+00:00
8d4a2ccb-b268-4387-8acb-95e38d49320f,token_approved,W12X26,class=W12X26,user,2026-09-01T13:34:40.157324+00:00
04f64148-ffd2-491e-b11a-32c32fd9619b,token_approved,W10X19,class=W10X19,user,2026-09-01T13:34:40.157377+00:00
e4f9edfe-8e6c-4a5d-94b3-7bc869f8bc6e,token_approved,W18X50,class=W18X50,user,2026-09-01T13:34:40.157530+00:00
7f400515-a351-433e-b05c-5426c6b6e8ca,token_approved,HSS10X8X3/8,class=HSS10X8X3/8,user,2026-09-01T13:34:40.157609+00:00
3d980437-d997-40e6-864b-e78454905588,token_approved,HSS3X3X1/4,class=HSS3X3X1/4,user,2026-09-01T13:34:40.157666+00:00
469a7b52-6092-4e53-8388-97ee2452e3b6,token_approved,W8X28,class=W8X28,user,2026-09-01T13:34:40.157722+00:00
a702c7cf-65e3-495b-a2c8-81f8327d8249,token_approved,W8X24,class=W8X24,user,2026-09-01T13:34:40.157809+00:00
7822a5af-ff05-49a3-be63-46b1a0a08ee7,token_approved,W36X150,class=W36X150,user,2026-09-01T13:34:40.157862+00:00
e2d2180f-c373-4462-a144-afdd38aeeba1,token_approved,W36X170,class=W36X170,user,2026-09-01T13:34:40.157912+00:00
9a5295d6-40d3-414d-8334-068692e232d4,token_approved,W16X45,class=W16X45,user,2026-09-01T13:34:40.157959+00:00
28157d8f-e27e-4e20-968b-427716572ba8,token_approved,W8X10,class=W8X10,user,2026-09-01T13:34:40.158027+00:00
6250ac7c-e900-48f9-9fe7-38271bb9e11a,token_approved,W18X40,class=W18X40,user,2026-09-01T13:34:40.158086+00:00
2c8fd3cc-f0e1-4415-ac2e-15cc7c4cd8a2,token_approved,W14X22,class=W14X22,user,2026-09-01T13:34:40.158138+00:00
104d41b8-1d69-4dd8-bc26-c4f5503a51a0,token_approved,W12X45,class=W12X45,user,2026-09-01T13:34:40.158190+00:00
b904f5fe-5d6f-4d83-bbeb-5995dc9c2a8f,token_approved,W12X22,class=W12X22,user,2026-09-01T13:35:11.317445+00:00
9efa8bd0-c667-4b55-87bb-ee43974f1669,token_approved,W10X12,class=W10X12,user,2026-09-01T13:35:11.317596+00:00
3b4ffca5-fdd9-465f-bd31-6abc13b3e8b1,token_approved,W18X35,class=W18X35,user,2026-09-01T13:35:11.317669+00:00
540c690f-8c6f-4f68-a3f5-731873a46bdb,token_approved,W16X31,class=W16X31,user,2026-09-01T13:35:11.317727+00:00
17c601c0-5798-403e-9443-96dcd29e3973,token_approved,WT16.5X59,class=WT16.5X59,user,2026-09-01T13:35:11.317779+00:00
c0a521f7-385c-4f3c-8f03-b9f94ab521fe,token_approved,W21X44,class=W21X44,user,2026-09-01T13:35:11.317833+00:00
6459563d-c2fa-4306-84dc-efb55e997fb3,token_approved,W16X26,class=W16X26,user,2026-09-01T13:35:11.317884+00:00
3e2cfbe5-2b5b-4e17-96d2-e761f66e4a88,token_approved,L5X3X1/4,class=L5X3X1/4,user,2026-09-01T13:35:11.317937+00:00
a3664a8e-7db9-498b-9862-5c3f2587fd41,token_approved,"HSS3x3,",class=HSS3X3X1/4,user,2026-09-01T13:35:11.318043+00:00
0650a31d-61d3-4917-a38c-329ad7f40a0f,token_approved,HSS6x8x1/2,class=HSS16X8X1/2,user,2026-09-01T13:35:11.318093+00:00
169f7c62-cd2f-46ad-94e7-2e8f6cebe25d,token_approved,HSS10x10x1/2,class=HSS10X10X1/2,user,2026-09-01T13:35:11.318144+00:00
03617512-aaa4-40df-af0b-f7305cc86cb9,token_approved,W8x35,class=W8X35,user,2026-09-01T13:35:11.318195+00:00
d7b256ce-e422-4622-beba-70af0b88f25b,token_approved,HSS8x6x1/2,class=HSS8X6X1/2,user,2026-09-01T13:35:11.318245+00:00
7a8632fd-3b96-4c22-ab2f-5f7683302da7,token_rejected,"1 1/4""",class=,user,2026-09-01T13:35:36.934912+00:00
36755538-0623-4fb7-9c25-b78bb22d51bc,token_rejected,"3/16""Ø",class=,user,2026-09-01T13:35:36.935007+00:00
61583b13-1ddc-4af7-9ee7-78afd890959a,token_rejected,"5/8""",class=,user,2026-09-01T13:35:36.935054+00:00
49ff8a54-f200-4f44-a700-da2020ccaf9a,token_rejected,"12""",class=,user,2026-09-01T13:35:36.935091+00:00
eb4d23e0-79dd-4817-aa7a-274ef568c936,token_rejected,A325,class=W14X132,user,2026-09-01T13:35:36.935125+00:00
b2f7eb7d-0b19-4b2c-bf05-aeb0229413d9,token_rejected,"(1/16""",class=,user,2026-09-01T13:35:36.935161+00:00
dff19fe9-33ed-4b51-b2cd-44e2713725c8,token_rejected,4x4,class=,user,2026-09-01T13:35:36.935193+00:00
1c95f6bc-2a8e-429e-b860-68c4ff6edab4,token_rejected,"3/16""",class=,user,2026-09-01T13:35:36.935225+00:00
98b15ae9-f7f3-4331-be9b-147eef2dd4c8,token_rejected,"1/8""",class=,user,2026-09-01T13:35:36.935295+00:00
7fb78f6b-8e13-443c-8608-6e819469d9df,token_rejected,"3/4""⌀A325N",class=,user,2026-09-01T13:35:36.935329+00:00
b513e3fe-8431-436a-92aa-e19084030747,token_rejected,1/2x2 1/2x5/16,class=,user,2026-09-01T13:35:36.935361+00:00
58a31957-1d0c-459e-9e12-c8887e0bdc82,token_rejected,"(3/4""",class=,user,2026-09-01T13:35:36.935391+00:00
f5abdebb-aa32-4041-afe5-444aeabf863c,token_rejected,"2""",class=,user,2026-09-01T13:35:36.935444+00:00
c696f6d8-4c1c-495b-b60d-f231f8a1f48d,token_rejected,"1""",class=,user,2026-09-01T13:35:36.935503+00:00
2ac39dfb-87f5-45af-8b94-d70909a40450,token_rejected,"3/8""",class=,user,2026-09-01T13:35:36.935537+00:00
70395bd4-be7f-481a-b401-5916a24f1216,token_rejected,"3/4""",class=,user,2026-09-01T13:35:36.935570+00:00
c1a735ac-4672-4687-b478-9344ca374c73,token_rejected,"1/4""",class=,user,2026-09-01T13:35:36.935638+00:00
1c214d8d-2695-41dc-9a75-e40d5e64d6ab,token_rejected,"1/2""",class=,user,2026-09-01T13:35:36.935710+00:00
df4fe129-bd7c-4027-8724-1318adcebd32,token_rejected,"5/16""",class=,user,2026-09-01T13:35:48.115270+00:00
805c7d7a-cd2e-44a2-903b-1c1151bd48c8,token_rejected,"5/16"".",class=,user,2026-09-01T13:35:48.115415+00:00
216009fa-770c-4368-9e76-4cee2afcb845,token_rejected,"3/32""",class=,user,2026-09-01T13:35:48.115469+00:00
8ea1f78c-fd02-4a1c-975d-ae026be998d4,token_approved,W14x90,class=W14X90,user,2026-09-01T13:35:51.737692+00:00
d50cf50d-e5f1-4877-9544-29ec6cebb3c4,token_approved,W8x31,class=W8X31,user,2026-09-01T13:35:51.737875+00:00
1a239650-6d82-4813-b28f-a82c245749d2,token_approved,W8x40,class=W8X40,user,2026-09-01T13:35:51.738299+00:00
22aed893-f3b4-42bb-8b7b-1d4269c64580,token_approved,HSS10x10,class=HSS10X10X1/2,user,2026-09-01T13:35:51.738457+00:00
6b1ad5e5-85a7-477c-ba9f-ec7ff122c5da,token_approved,HSS8x8,class=HSS8X8X1/2,user,2026-09-01T13:35:51.738576+00:00
5b5dd238-eb46-48b0-b068-147be3660434,token_approved,W21x50,class=W21X50,user,2026-09-01T13:35:51.738776+00:00
75843211-cb7d-4580-849b-6d22edcd81f3,token_approved,HSS 8X8 8X8,class=HSS8X6X3/8,user,2026-09-01T13:35:51.738831+00:00
8a0d12e9-5ffa-4b42-84b9-83e09d5ff56e,token_approved,HSS12x12x1/2,class=HSS12X12X1/2,user,2026-09-01T13:35:51.738873+00:00
142aba45-8514-4998-8af7-ff17f3ff248e,token_approved,L6x6x3/4,class=L6X6X3/4,user,2026-09-01T13:35:51.738936+00:00
a26fff60-cd14-48e8-b67b-7123ec25b927,token_approved,W24x68,class=W24X68,user,2026-09-01T13:35:51.738975+00:00
57a8c308-6c05-4869-9aa7-8359f517f5be,token_approved,W33x130,class=W33X130,user,2026-09-01T13:35:51.739009+00:00
7a4e6311-f267-402d-aa5f-d8734a22d8f6,token_approved,L3x3x1/4,class=L3X3X1/4,user,2026-09-01T13:35:51.739040+00:00
1eb1393b-bf9a-4cf2-9280-57dd73546835,token_approved,L4x4x1/4,class=L4X4X1/4,user,2026-09-01T13:35:51.739072+00:00
9ab5c80a-b8f0-4c8e-a29d-1011b7990c86,token_approved,HSS8x8x1/2,class=HSS8X8X1/2,user,2026-09-01T13:35:51.739183+00:00
3bc84116-3e80-4786-9e4c-7d4c0087973e,unknown_queued,"1/2""",Queued for review (unknown),system,2026-09-01T13:41:20.495009+00:00
3d455bcb-14e3-4a46-9d8c-2348cf23e6ce,unknown_queued,"3/4""",Queued for review (unknown),system,2026-09-01T13:41:20.791517+00:00
8b170c6d-f04f-4e83-bbf9-1489d7a6c4d5,unknown_queued,"1/4"".",Queued for review (unknown),system,2026-09-01T13:41:21.056923+00:00
30c8edfa-a9d2-4796-9ad0-55e1b72e1432,unknown_queued,"12""",Queued for review (unknown),system,2026-09-01T13:41:21.259645+00:00
fc7d6d6b-75fd-4444-8d11-c383a01b14f6,unknown_queued,"""S/2""",Queued for review (unknown),system,2026-09-01T13:41:21.486083+00:00
08b9cd0e-d610-4dff-9cd6-255969f29be8,unknown_queued,6x6-W2.9xW2.9,Queued for review (unknown),system,2026-09-01T13:41:21.720539+00:00
32c4262a-265d-4ab3-9aff-cb393b60cc64,unknown_queued,"3/16""",Queued for review (unknown),system,2026-09-01T13:41:21.961926+00:00
03f5b9a6-97ec-4266-819e-87be091339b5,unknown_queued,"1-1/4""",Queued for review (unknown),system,2026-09-01T13:41:22.249040+00:00
81cd2aa1-4f1d-4fb8-aab7-222050b7c51c,unknown_queued,10-3 IN,Queued for review (unknown),system,2026-09-01T13:41:22.479807+00:00
8e613d02-2f59-4644-8f95-719aa0a92cec,unknown_queued,W8x10,Queued for review (structural_section),system,2026-09-01T13:41:22.792568+00:00
cd8d540e-6290-4c0f-a1e2-c8a8e92764fd,unknown_queued,C8x11.5,Queued for review (structural_section),system,2026-09-01T13:41:22.982880+00:00
d30e74bc-e1b5-4001-b467-09e3578634da,unknown_queued,HSS8x4x1/4,Queued for review (structural_section),system,2026-09-01T13:41:23.147977+00:00
7d75f85e-9e80-4d17-9783-f102854939e7,unknown_queued,(A490),Queued for review (structural_section),system,2026-09-01T13:41:23.471799+00:00
fa8e1d15-a14d-41e8-9c1c-989e91d16676,unknown_queued,(A325),Queued for review (structural_section),system,2026-09-01T13:41:23.734435+00:00
6ec65067-f42c-40e7-8f50-7747add19541,unknown_queued,A325,Queued for review (structural_section),system,2026-09-01T13:41:23.930979+00:00
7285f310-e360-4d0a-a907-0d3c86a8571c,unknown_queued,P8/W14x61,Queued for review (structural_section),system,2026-09-01T13:41:24.160050+00:00
ebc159c9-001c-494d-97c7-4cb36792da61,unknown_queued,HSS14X6X5/8,Queued for review (structural_section),system,2026-09-01T13:41:24.449709+00:00
2c51e63d-4016-4f89-9cbb-63cdab38fd80,unknown_queued,"1/8""",Queued for review (unknown),system,2026-09-01T13:41:25.018335+00:00
19e950e6-4593-425c-b5b2-bf9013d0538c,unknown_queued,HSS18x6x3/8,Queued for review (structural_section),system,2026-09-01T13:41:25.259524+00:00
4ff66b1a-612f-4da5-83e8-f634403cb6c6,unknown_queued,"5/8""",Queued for review (unknown),system,2026-09-01T13:41:26.085932+00:00
e5475cc7-4760-4cb8-a931-34abd6072a2d,unknown_queued,"1/4""",Queued for review (unknown),system,2026-09-01T13:41:26.336332+00:00
5228c0d1-8e1a-44ee-bbf5-c1d23586d88f,unknown_queued,W12x26,Queued for review (structural_section),system,2026-09-01T13:41:27.140892+00:00
fefe01de-b91a-4e47-bf0c-618b4c835521,unknown_queued,HSS16x8x3/8,Queued for review (structural_section),system,2026-09-01T13:41:28.001552+00:00
3ea5618e-5558-4339-b320-10d8d07af137,unknown_queued,W18x35,Queued for review (structural_section),system,2026-09-01T13:41:28.265205+00:00
b399d1c5-4a6a-4474-8327-2c998bc2dcaf,unknown_queued,W18x60,Queued for review (structural_section),system,2026-09-01T13:41:28.497120+00:00
825d4e01-1f1e-4ef3-ab66-33f66812d884,unknown_queued,"c=3/4""",Queued for review (unknown),system,2026-09-01T13:41:28.756544+00:00
12dabb91-bfa1-4041-bb22-7c76da5f4705,unknown_queued,W21x55,Queued for review (structural_section),system,2026-09-01T13:41:28.966343+00:00
670df5db-a9cc-4c50-896a-60049d5ad28c,unknown_queued,W24x55,Queued for review (structural_section),system,2026-09-01T13:41:29.152811+00:00
7b452fb1-4de4-4159-a60b-a6737db4488b,unknown_queued,HSS8x4x1/2,Queued for review (structural_section),system,2026-09-01T13:41:29.397104+00:00
32a0fe5e-a6e5-4c60-8820-3fa76a24059b,unknown_queued,HSS8x8x1/2,Queued for review (structural_section),system,2026-09-01T13:41:29.709760+00:00
a98c613b-3d40-4a0b-9060-c9b847a504d9,unknown_queued,HSS8x8x5/8,Queued for review (structural_section),system,2026-09-01T13:41:29.953533+00:00
dd3a9847-968d-44db-8d2a-d80a9248d8de,unknown_queued,W24x62,Queued for review (structural_section),system,2026-09-01T13:41:30.273338+00:00
ec045513-b9e9-4784-9bf6-b8aaf9e3d2d4,unknown_queued,"c=3/4""""",Queued for review (unknown),system,2026-09-01T13:41:30.845202+00:00
54c314f2-1daf-4e88-8b6c-3be1cef14428,unknown_queued,HSS20x8x1/2,Queued for review (structural_section),system,2026-09-01T13:41:31.084458+00:00
1fa5084c-c319-42c2-8865-ac4b15e84a76,unknown_queued,W21x50,Queued for review (structural_section),system,2026-09-01T13:41:31.299122+00:00
b6cee265-4112-411f-b0a4-8306eaf98de3,unknown_queued,W36x160,Queued for review (structural_section),system,2026-09-01T13:41:31.615375+00:00
77406408-72c0-4ff2-8bc6-40ec1cdf1698,unknown_queued,W24x76,Queued for review (structural_section),system,2026-09-01T13:41:32.138003+00:00
3db1692e-918f-4ea6-862a-044d54c915ca,unknown_queued,W24x84,Queued for review (structural_section),system,2026-09-01T13:41:32.410360+00:00
02d68b2c-f1cf-44c1-9379-dfac47cde8a2,unknown_queued,W36x135,Queued for review (structural_section),system,2026-09-01T13:41:32.907996+00:00
cb092773-228a-4331-8213-6d110951bf30,unknown_queued,W36x150,Queued for review (structural_section),system,2026-09-01T13:41:33.317315+00:00
e02e6bb6-c156-45f2-bcf9-07761f11bc6e,unknown_queued,HSS16x4x1/4,Queued for review (structural_section),system,2026-09-01T13:41:34.639208+00:00
8fa644ff-441d-4b62-b745-aef1c04e2a23,unknown_queued,W36x210,Queued for review (structural_section),system,2026-09-01T13:41:34.848225+00:00
29c7ec74-655c-4fa6-be5c-be387fc91d30,unknown_queued,W18x50,Queued for review (structural_section),system,2026-09-01T13:41:36.763814+00:00
f57f272b-0c14-481d-8f5d-7d0aa4aa949b,unknown_queued,"7/8""",Queued for review (unknown),system,2026-09-01T13:41:37.416463+00:00
9c8cbd26-4282-41c9-8889-f380a7fd054d,unknown_queued,W36x194,Queued for review (structural_section),system,2026-09-01T13:41:38.136222+00:00
03ed6f8a-de30-41ea-863d-c8a867b416cc,unknown_queued,HSS12x6x1/2,Queued for review (structural_section),system,2026-09-01T13:41:39.398507+00:00
bd83d68f-d417-45be-bc31-89c7adf39a08,unknown_queued,W30x116,Queued for review (structural_section),system,2026-09-01T13:41:39.647083+00:00
de412317-4bcf-4179-b793-364afe5be489,unknown_queued,W18x65,Queued for review (structural_section),system,2026-09-01T13:41:40.062266+00:00
7b2dd005-a08b-4277-8141-502b240476a9,unknown_queued,HSS14x0.5,Queued for review (structural_section),system,2026-09-01T13:41:40.473135+00:00
63722c4b-dec4-41e6-bb86-b395d19ba925,unknown_queued,HSS10x10x1/2,Queued for review (structural_section),system,2026-09-01T13:41:43.431486+00:00
20a87d8a-d342-4a14-918d-5cb20324a6b9,unknown_queued,"3/8""",Queued for review (unknown),system,2026-09-01T13:41:43.748990+00:00
ff7df5eb-68a8-42b4-99c4-e28465ab7252,unknown_queued,HSS8X6,Queued for review (structural_section),system,2026-09-01T13:41:49.663703+00:00
662f61dc-6380-4799-b684-2aa196b7e6e5,unknown_queued,HSS8x8x3/8,Queued for review (structural_section),system,2026-09-01T13:41:52.376035+00:00
5638f3d6-a10c-43af-a44f-9a4fd1023378,unknown_queued,"1/2""W",Queued for review (unknown),system,2026-09-01T13:41:54.436158+00:00
08340490-53b5-452e-bc62-5773e4fab1dc,unknown_queued,"L4x4x1/4x4""",Queued for review (structural_section),system,2026-09-01T13:41:54.621365+00:00
3ec41fc2-8a50-428a-9229-cf8a1b0eeced,unknown_queued,"L6x4x5/16x4""",Queued for review (structural_section),system,2026-09-01T13:41:54.868851+00:00
128e2410-0d67-4c7c-9c0e-d681dfcf11ec,unknown_queued,"L6x4x1/4x4""",Queued for review (structural_section),system,2026-09-01T13:41:55.102058+00:00
e6a6b0ee-3709-470c-a805-fbd6108ad338,unknown_queued,"1/4""x1",Queued for review (unknown),system,2026-09-01T13:41:55.504369+00:00
c342b288-c1e1-4329-b483-18e25bc05b4f,unknown_queued,C6x8.2,Queued for review (structural_section),system,2026-09-01T13:41:55.832040+00:00
aaba538c-f955-4029-a1c1-e9fd0a9776a7,unknown_queued,14-2 IN,Queued for review (unknown),system,2026-09-01T13:41:56.129375+00:00
0a7a3a17-2f02-4614-942d-e545a44b2c01,unknown_queued,"1/16""",Queued for review (unknown),system,2026-09-01T13:41:56.369782+00:00
68d0b97c-7e70-4ba9-99e8-c1779572046e,unknown_queued,"(4)-3/4""",Queued for review (unknown),system,2026-09-01T13:41:57.078035+00:00
4e54cab2-ed00-4997-857a-f5ba348a00e0,unknown_queued,"2""",Queued for review (unknown),system,2026-09-01T13:41:57.334380+00:00
6bdbeae1-d3f1-48e7-b4cd-cfa59f1b0c05,unknown_queued,"20""",Queued for review (unknown),system,2026-09-01T13:41:57.766964+00:00
84fafc77-2c07-4bb8-a2c2-88d741aa62a5,unknown_queued,L3x3x1/4,Queued for review (structural_section),system,2026-09-01T13:41:57.978411+00:00
74c9a21e-a366-4a86-bbad-a649b4733084,unknown_queued,L4x4,Queued for review (structural_section),system,2026-09-01T13:41:58.160776+00:00
c7fc9859-687f-4354-8bf0-08c52f056c47,unknown_queued,"L4x4x1/4x4'-3""",Queued for review (structural_section),system,2026-09-01T13:41:58.464964+00:00
02a986e0-cb9e-41e5-9997-b463a35766c6,unknown_queued,"5/8""x24""",Queued for review (unknown),system,2026-09-01T13:41:58.787994+00:00
dce70e44-c28a-4b88-8b94-e1a1e3ed4340,unknown_queued,"5/16""",Queued for review (unknown),system,2026-09-01T13:41:59.132871+00:00
5e66201f-3416-492d-86f2-7e228fdd6a1a,unknown_queued,W18x36,Queued for review (structural_section),system,2026-09-01T13:41:59.607756+00:00
c06b3b47-048d-4ca6-af47-e921e2744742,unknown_queued,"L5x3x3/8x6""",Queued for review (structural_section),system,2026-09-01T13:41:59.869450+00:00
0dcce468-e5c9-47b3-ba3c-223427304393,unknown_queued,L5x3,Queued for review (structural_section),system,2026-09-01T13:42:00.113340+00:00
560bf113-bd7e-4fde-b978-b5f8d4ceb407,unknown_queued,L2x2x10,Queued for review (structural_section),system,2026-09-01T13:42:00.370058+00:00
1da561ab-b913-4153-9844-b315f2073cd8,unknown_queued,L5x3x3/8,Queued for review (structural_section),system,2026-09-01T13:42:00.574826+00:00
36cb0366-0b84-462e-b97f-61740d36e93a,unknown_queued,"(1/2""",Queued for review (unknown),system,2026-09-01T13:42:01.036221+00:00
48351411-b507-4da4-a966-b88eb285f0a2,unknown_queued,"3/4""PL",Queued for review (unknown),system,2026-09-01T13:42:01.347466+00:00
1b1fa6a6-b7a7-49d8-bf16-61606c7554e0,unknown_queued,"L4x4x1/4""x5""",Queued for review (structural_section),system,2026-09-01T13:42:01.610789+00:00
e70453d0-34e3-42fc-b76a-ee1190f386fa,unknown_queued,"3 / 4 """,Queued for review (unknown),system,2026-09-01T13:42:01.861022+00:00
680b47c3-9056-4a9b-b3a0-be668b9626b8,unknown_queued,L3x3x1/4@4',Queued for review (structural_section),system,2026-09-01T13:42:02.171088+00:00
dee0fcb0-3fd0-4322-9729-3ce7aea11a11,unknown_queued,"1""",Queued for review (unknown),system,2026-09-01T13:42:02.354331+00:00
ad0f5d63-4ecf-4088-af65-196633616045,unknown_queued,"(2)3/4""",Queued for review (unknown),system,2026-09-01T13:42:02.646459+00:00
b3257818-6267-48bb-b981-06454ef6d8e2,unknown_queued,"±3/4""",Queued for review (unknown),system,2026-09-01T13:42:02.840897+00:00
7129ccbb-dd17-4b75-9b19-8c5b77a10dfa,unknown_queued,HSS8x4x3/8,Queued for review (structural_section),system,2026-09-01T13:42:03.029830+00:00
8cb46cab-65f3-48cc-b56c-80395b0b6efa,unknown_queued,"1/2""x3/8""",Queued for review (unknown),system,2026-09-01T13:42:03.468000+00:00
db5325b2-c70c-43fb-bd9c-210f65dc2d54,unknown_queued,"1/4""x4""",Queued for review (unknown),system,2026-09-01T13:42:03.904957+00:00
674d1afa-37ea-43cf-92b4-ba6d1df34017,unknown_queued,"3/8""x6""",Queued for review (unknown),system,2026-09-01T13:42:04.386637+00:00
dccec3bb-9b26-4462-ae4a-dc66a673e804,unknown_queued,"L4x4x1/2x6""",Queued for review (structural_section),system,2026-09-01T13:42:04.618779+00:00
72f622f5-b133-4523-bf98-ca3f3645a635,unknown_queued,L4x4x1/4,Queued for review (structural_section),system,2026-09-01T13:42:04.898479+00:00
a146e00d-019a-4d20-a0c1-51fafe4d56a5,unknown_queued,W8x31,Queued for review (structural_section),system,2026-09-01T13:42:05.207113+00:00
661ca891-1ce8-4fcf-9c0e-a3acb7fb7ad6,unknown_queued,"L6x4x3/4,",Queued for review (structural_section),system,2026-09-01T13:42:05.532488+00:00
9252f387-c494-4a81-b56b-f062b6e43552,unknown_queued,"1/2""x5""x5""",Queued for review (unknown),system,2026-09-01T13:42:06.298244+00:00
b8e6dfe3-699c-4a7a-9962-e75240799f03,unknown_queued,1/2x4x4,Queued for review (unknown),system,2026-09-01T13:42:06.901607+00:00
d2337142-c202-4d2c-9469-6702f5be1445,unknown_queued,C8x11.5@,Queued for review (structural_section),system,2026-09-01T13:42:07.376317+00:00
422cc8a0-29bc-40fe-9cf3-23c08aedb44e,unknown_queued,"L8x4x7/16x1'-0"",",Queued for review (structural_section),system,2026-09-01T13:42:07.888012+00:00
10df694d-860d-4d71-a3bc-c0a3f3bd0b22,unknown_queued,HSS20x20x1/2,Queued for review (structural_section),system,2026-09-01T13:42:08.094807+00:00
36cb44d8-8d12-430c-9252-1041cdd44547,unknown_queued,HSS3x3x3/8,Queued for review (structural_section),system,2026-09-01T13:42:08.384827+00:00
19eadd84-3fff-4eca-b075-a4d73bb03627,unknown_queued,HSS8x8,Queued for review (structural_section),system,2026-09-01T13:42:08.600329+00:00
82b9c411-e997-4894-8c70-e2a944b334ea,unknown_queued,2L4x4,Queued for review (structural_section),system,2026-09-01T13:42:08.893896+00:00
d8f8b6df-f839-4580-99fc-560f76527258,unknown_queued,"1/2""x16""x1'-4""",Queued for review (unknown),system,2026-09-01T13:42:09.097151+00:00
c82e04a1-e79e-47a4-989b-3195d1366881,unknown_queued,"3/4""Ø",Queued for review (unknown),system,2026-09-01T13:42:09.284129+00:00
61e334cc-27cc-40e7-b20c-5633d5c7bb67,unknown_queued,HSS10x10,Queued for review (structural_section),system,2026-09-01T13:42:09.584289+00:00
3d30b560-d54f-446b-b1b7-bca8fcbcaad0,unknown_queued,L5x5,Queued for review (structural_section),system,2026-09-01T13:42:09.868092+00:00
c78f51a3-7e06-4c84-a109-bc9776e92e60,unknown_queued,"L3x3x1/4""",Queued for review (structural_section),system,2026-09-01T13:42:10.513022+00:00
e534867d-ec0a-451a-b838-0ec6e3beaa18,unknown_queued,"L5x5x5/16""",Queued for review (structural_section),system,2026-09-01T13:42:10.777636+00:00
1492cba6-2ecf-4760-a772-4947d50864cb,unknown_queued,"L4x4x1/4""@EA",Queued for review (structural_section),system,2026-09-01T13:42:11.014966+00:00
89e744b7-1d02-4328-a93c-b06b0e23a97e,unknown_queued,"L6x4x3/8""",Queued for review (structural_section),system,2026-09-01T13:42:11.211416+00:00
f35b4d13-911c-4e95-8355-655af4e825e5,unknown_queued,L7x7x1/2,Queued for review (structural_section),system,2026-09-01T13:42:11.453267+00:00
c8e5216e-7460-4bfd-81aa-0830ab0bd7ef,unknown_queued,"L6x6x1/2@2'-0""",Queued for review (structural_section),system,2026-09-01T13:42:11.623730+00:00
05b5126d-3fe3-4d43-ada1-f7e1d9268168,unknown_queued,HSS14x10,Queued for review (structural_section),system,2026-09-01T13:42:11.809385+00:00
aeddbcd9-e3a4-4de7-9aa2-4f10a361a19e,unknown_queued,L6x3,Queued for review (structural_section),system,2026-09-01T13:42:12.214198+00:00
8237378e-86f2-471d-a773-01c520bbba8b,unknown_queued,HSS14x14,Queued for review (structural_section),system,2026-09-01T13:42:12.532956+00:00
fb6f77cc-1802-4e07-85de-36ce59bb3ad3,unknown_queued,W12x152,Queued for review (structural_section),system,2026-09-01T13:42:12.854350+00:00
03345874-ee09-4349-bf65-64088755d0b0,unknown_queued,W14x82,Queued for review (structural_section),system,2026-09-01T13:42:13.084759+00:00
93731bb1-3b13-4d16-96a0-69c78f8093b8,unknown_queued,2L8x8x5/8,Queued for review (structural_section),system,2026-09-01T13:42:13.382914+00:00
e3bae0dc-1315-4bbe-bba1-2484b404f9fc,unknown_queued,HSS10x10x3/8,Queued for review (structural_section),system,2026-09-01T13:42:13.618227+00:00
441059bc-3837-4a7e-869b-1456ae5b1bcc,unknown_queued,"3/4""x8""",Queued for review (unknown),system,2026-09-01T13:42:14.731576+00:00
40ca82cc-01ba-4875-af74-0345e607ace0,unknown_queued,HSS10X6X3/8,Queued for review (structural_section),system,2026-09-01T13:42:15.149084+00:00
f2eff186-40fb-4cfd-aa25-95864bb89a34,unknown_queued,C4X5.4,Queued for review (structural_section),system,2026-09-01T13:42:15.945088+00:00
2321fd43-b8f2-4575-ac94-299d3f7ac5b2,unknown_queued,HSS8X4,Queued for review (structural_section),system,2026-09-01T13:42:16.112096+00:00
ed566dc2-5817-4fef-b071-2e8ad16808c3,unknown_queued,W12X65,Queued for review (structural_section),system,2026-09-01T13:42:16.341796+00:00
6831684b-e2c5-4143-ac18-d80c37b8ca92,unknown_queued,W18X40,Queued for review (structural_section),system,2026-09-01T13:42:16.647700+00:00
06963564-d632-4428-af48-96e8a3f0d7cb,unknown_queued,W10X12,Queued for review (structural_section),system,2026-09-01T13:42:17.025950+00:00
c1fae478-e809-4775-940e-91e33007f8c4,unknown_queued,W12X19,Queued for review (structural_section),system,2026-09-01T13:42:17.359705+00:00
2d132084-f965-4c9d-9775-442d4f425e6d,unknown_queued,W14X61,Queued for review (structural_section),system,2026-09-01T13:42:17.677035+00:00
0801d196-51ee-41e9-81fe-25b10df061d6,unknown_queued,HSS12X12X1/2,Queued for review (structural_section),system,2026-09-01T13:42:17.886703+00:00
d6a531b0-902c-4ef4-ac83-d927f892e10a,unknown_queued,W12X30,Queued for review (structural_section),system,2026-09-01T13:42:18.452151+00:00
72433124-3a01-4cc0-a72f-811cd72e0059,unknown_queued,W12X22,Queued for review (structural_section),system,2026-09-01T13:42:18.690581+00:00
42779350-c048-4dbb-bb9d-0a82b8fceaf6,unknown_queued,W10X22,Queued for review (structural_section),system,2026-09-01T13:42:19.058722+00:00
8fadf9de-def9-4ec7-b021-55836afe0c31,unknown_queued,W12X40,Queued for review (structural_section),system,2026-09-01T13:42:20.931779+00:00
f08d8d45-ded3-4e5a-8a38-a1feb029b63d,unknown_queued,W12X53,Queued for review (structural_section),system,2026-09-01T13:42:21.155003+00:00
0926821f-5477-4f45-9c45-121abf7c73bd,unknown_queued,W16X31,Queued for review (structural_section),system,2026-09-01T13:42:21.975588+00:00
930b28cc-0932-4b8e-9ff5-d825971a93cc,unknown_queued,HSS20X12X1/2,Queued for review (structural_section),system,2026-09-01T13:42:22.341187+00:00
c017ae17-7506-42c5-8436-f4fdb90135d2,unknown_queued,W30X90,Queued for review (structural_section),system,2026-09-01T13:42:22.605107+00:00
c7c124b5-7e04-488f-83cd-75341a640edf,unknown_queued,W33X130,Queued for review (structural_section),system,2026-09-01T13:42:23.042567+00:00
2bdf3412-4aea-45e2-983e-d6d1153955f0,unknown_queued,W30X99,Queued for review (structural_section),system,2026-09-01T13:42:23.328280+00:00
5f2fefe2-d191-4f83-99a7-1f29e616099f,unknown_queued,W36X247,Queued for review (structural_section),system,2026-09-01T13:42:23.692046+00:00
ea0710a7-0e47-4ca6-a690-ca6fbb324b05,unknown_queued,W21X62,Queued for review (structural_section),system,2026-09-01T13:42:23.960390+00:00
4c63db4c-d566-46d2-b93b-43822153c7e1,unknown_queued,W30X124,Queued for review (structural_section),system,2026-09-01T13:42:24.220579+00:00
cac10fc9-171f-477f-9fac-d5b70a34c511,unknown_queued,W27X114,Queued for review (structural_section),system,2026-09-01T13:42:24.533119+00:00
4408acbf-4902-4ee6-860a-8d1bdab1fcad,unknown_queued,W33X152,Queued for review (structural_section),system,2026-09-01T13:42:24.895348+00:00
7beaa754-a0ba-4540-9334-7ccfdeb81036,unknown_queued,W33X118,Queued for review (structural_section),system,2026-09-01T13:42:25.107536+00:00
99cf1f9f-dd61-4d0c-9dc2-d59dc37335f1,unknown_queued,W21X48,Queued for review (structural_section),system,2026-09-01T13:42:26.436100+00:00
cf64148d-e138-4ea1-8dda-feed9612d493,unknown_queued,HSS14X14X1/2,Queued for review (structural_section),system,2026-09-01T13:42:28.247405+00:00
3fd8a087-a003-4aae-9210-a28e8ed0982c,unknown_queued,W27X84,Queued for review (structural_section),system,2026-09-01T13:42:28.565892+00:00
e794a7bc-2136-4646-9faa-e93b6bf60264,unknown_queued,W33X141,Queued for review (structural_section),system,2026-09-01T13:42:28.898835+00:00
4e76c668-fd31-4e1b-8f6d-7e308515db8f,unknown_queued,W24X68,Queued for review (structural_section),system,2026-09-01T13:42:29.655512+00:00
44ad7da7-9254-4b91-ae19-0e87bba77c64,unknown_queued,W36X170,Queued for review (structural_section),system,2026-09-01T13:42:29.981171+00:00
53d30743-4ce6-4c79-b091-c16de8638bd0,unknown_queued,W40X183,Queued for review (structural_section),system,2026-09-01T13:42:32.533007+00:00
9027357d-4219-4901-ac1b-206e4554d365,unknown_queued,W16X40,Queued for review (structural_section),system,2026-09-01T13:42:32.789109+00:00
c131ea6e-fb6d-4dc8-8e01-423530e84fe4,unknown_queued,W21X44,Queued for review (structural_section),system,2026-09-01T13:42:33.808418+00:00
ef7144a6-dde5-486a-b919-c960c616479e,unknown_queued,W30X108,Queued for review (structural_section),system,2026-09-01T13:42:34.117914+00:00
8676bece-71c8-4bac-9855-2be687d20bd8,unknown_queued,W14X22,Queued for review (structural_section),system,2026-09-01T13:42:34.404032+00:00
3686f15d-4895-41de-aa16-ec2c47c64680,unknown_queued,W10X33,Queued for review (structural_section),system,2026-09-01T13:42:34.744279+00:00
c0981d51-7bda-4863-bf19-0412bdf23217,unknown_queued,W36X231,Queued for review (structural_section),system,2026-09-01T13:42:35.475498+00:00
a84706be-de5f-4450-841c-31e542c7b847,unknown_queued,W27X94,Queued for review (structural_section),system,2026-09-01T13:42:38.868614+00:00
f616ca9a-3ede-47ad-86a3-accb66758da4,unknown_queued,L4X4X3/8,Queued for review (structural_section),system,2026-09-01T13:42:39.836544+00:00
87ff4048-57c8-4ba4-960c-98c7574b4410,unknown_queued,L6X6X5/16,Queued for review (structural_section),system,2026-09-01T13:42:40.460194+00:00
1c2a8ffc-2ff9-4147-96a4-d9e0c34e0a88,unknown_queued,C6X10.5,Queued for review (structural_section),system,2026-09-01T13:42:40.809024+00:00
936b927d-9871-4c77-a3fb-afb7f5e8bb4f,unknown_queued,L5X5X5/16,Queued for review (structural_section),system,2026-09-01T13:42:41.191480+00:00
a4d60281-82ee-4d97-b8f7-beedde17e4ec,unknown_queued,L6X4X3/8,Queued for review (structural_section),system,2026-09-01T13:42:41.491135+00:00
5f663137-de3c-4a90-9c16-9af627d1b21b,unknown_queued,C12X25,Queued for review (structural_section),system,2026-09-01T13:42:41.750553+00:00
0ff87fa6-1667-4f06-bfb7-c823619fa941,unknown_queued,W12X106,Queued for review (structural_section),system,2026-09-01T13:42:41.963850+00:00
a0d9b2fd-c681-4d93-8a6c-db43840c79df,unknown_queued,W14X159,Queued for review (structural_section),system,2026-09-01T13:42:42.204661+00:00
f35ddf73-6c76-46b8-b085-732d098603b3,unknown_queued,W14X193,Queued for review (structural_section),system,2026-09-01T13:42:42.431994+00:00
001bb5b4-8b2d-4c85-87ea-9d0c5e2c3a75,unknown_queued,W14X283,Queued for review (structural_section),system,2026-09-01T13:42:42.636271+00:00
d740b71f-9f4c-4ef8-95fb-09bf877a2609,unknown_queued,W14X211,Queued for review (structural_section),system,2026-09-01T13:42:42.864723+00:00
692f227d-c34e-49ae-98a7-ccfb7f27a408,unknown_queued,W14X176,Queued for review (structural_section),system,2026-09-01T13:42:43.077715+00:00
088a55ad-fb84-40f1-aa86-918d8b22fcf3,unknown_queued,W14X109,Queued for review (structural_section),system,2026-09-01T13:42:43.336307+00:00
c00df411-252d-4983-b0a6-6f76dac86fd5,unknown_queued,W18X311,Queued for review (structural_section),system,2026-09-01T13:42:43.820315+00:00
86c63ec6-e288-4e43-a61b-16170d75e372,unknown_queued,W14X257,Queued for review (structural_section),system,2026-09-01T13:42:44.111381+00:00
605ea0e5-fcb1-4476-b5f5-227499578e3d,unknown_queued,W14X145,Queued for review (structural_section),system,2026-09-01T13:42:44.471489+00:00
207b5f9b-e5a4-4801-8c69-5c352557ccd1,unknown_queued,W14X132,Queued for review (structural_section),system,2026-09-01T13:42:44.776409+00:00
8cb66e04-0eb6-444f-aaef-d0881e0f187d,unknown_queued,W14X90,Queued for review (structural_section),system,2026-09-01T13:42:45.555560+00:00
4d1d90e0-cdb4-4118-8c36-918505544d1d,unknown_queued,W12X72,Queued for review (structural_section),system,2026-09-01T13:42:45.928499+00:00
8bfc451b-66f0-42d3-8f96-c7250452235b,unknown_queued,W12X120,Queued for review (structural_section),system,2026-09-01T13:42:46.323469+00:00
b0a5183c-5434-450c-9ed3-8beb80e548bb,unknown_queued,W12X136,Queued for review (structural_section),system,2026-09-01T13:42:48.201906+00:00
34b83de6-f83d-4c34-844c-474979dba8e3,unknown_queued,W12X79,Queued for review (structural_section),system,2026-09-01T13:42:49.008840+00:00
070292f3-8bf3-4c77-aef5-23d091b3bd27,unknown_queued,W12X87,Queued for review (structural_section),system,2026-09-01T13:42:49.237933+00:00
c1e1a008-032c-4506-8fab-ee830ae69e9f,unknown_queued,W12X96,Queued for review (structural_section),system,2026-09-01T13:42:49.680421+00:00
6f3febb0-dbd9-476a-b01e-d6dbcd09c0ae,unknown_queued,W12X58,Queued for review (structural_section),system,2026-09-01T13:42:51.409922+00:00
0be03b7a-aaf2-432d-9bc6-56e259b3fd9f,unknown_queued,W12X45,Queued for review (structural_section),system,2026-09-01T13:42:51.745449+00:00
6561a87c-aade-4aaf-ad5c-a1767960694e,unknown_queued,W14X43,Queued for review (structural_section),system,2026-09-01T13:42:52.235612+00:00
8efc6535-44e6-4e47-a9a7-84bf07b314a3,token_rejected,"1/2""",class=,user,2026-09-02T06:49:34.369775+00:00
648891f9-5bd4-4407-9c8b-79ad010ca0dd,token_rejected,"3/4""",class=,user,2026-09-02T06:49:34.369927+00:00
c60fbf20-6ea7-45cc-952b-b4e93fc81c31,token_rejected,"1/4"".",class=,user,2026-09-02T06:49:34.369984+00:00
f3277c4c-54b0-4a4b-a77f-b169530b46ef,token_rejected,"12""",class=,user,2026-09-02T06:49:34.370024+00:00
0488a702-bb97-46e9-b48f-d7f3ea9bb455,token_rejected,"""S/2""",class=,user,2026-09-02T06:49:34.370058+00:00
ea36611e-f4f7-4258-a2ff-379acdfa840d,token_rejected,6x6-W2.9xW2.9,class=,user,2026-09-02T06:49:34.370091+00:00
d0d57441-a344-485f-a906-aefc29680cad,token_rejected,"3/16""",class=,user,2026-09-02T06:49:34.370123+00:00
d3c386ca-a667-4d39-8575-0704c033014a,token_rejected,"1-1/4""",class=,user,2026-09-02T06:49:34.370152+00:00
43ec1376-3cce-4c64-8bd6-3471ac0c62ad,token_rejected,10-3 IN,class=,user,2026-09-02T06:49:34.370182+00:00
017c1fac-2078-446f-b6c7-fb7a12824fc3,token_rejected,W8x10,class=W8X10,user,2026-09-02T06:49:34.370211+00:00
a326a63e-ca9b-40b9-8b13-aca67d1ae3df,token_rejected,C8x11.5,class=C8X11.5,user,2026-09-02T06:49:34.370242+00:00
699af296-b767-486d-8f40-172175ef07de,token_rejected,HSS8x4x1/4,class=HSS8X4X1/4,user,2026-09-02T06:49:34.370272+00:00
43038d48-b099-44cf-aca2-e75867516dc5,token_rejected,(A490),class=W14X90,user,2026-09-02T06:49:34.370302+00:00
ec75bfff-2665-4fa8-a3d4-c6a551249a3c,token_rejected,(A325),class=W14X132,user,2026-09-02T06:49:34.370331+00:00
1912d82e-2e39-4eba-92f2-3c945683fb1d,token_rejected,A325,class=W14X132,user,2026-09-02T06:49:34.370358+00:00
c18926bd-f9ec-4857-9d58-f9d41c602fe5,token_rejected,P8/W14x61,class=W14X61,user,2026-09-02T06:49:34.370387+00:00
2cf14395-65f7-4586-ac5c-242501964e4e,token_rejected,HSS14X6X5/8,class=HSS14X6X5/8,user,2026-09-02T06:49:34.370416+00:00
7d7b2126-dbbe-4c72-8224-070055a4be05,token_rejected,"1/8""",class=,user,2026-09-02T06:49:34.370445+00:00
7c8fe5db-bacb-415d-b3a5-ea9b30c5e026,token_rejected,HSS18x6x3/8,class=HSS18X6X3/8,user,2026-09-02T06:49:34.370473+00:00
cf3837b1-4683-4e94-99af-ce2ed93a44b9,token_rejected,"5/8""",class=,user,2026-09-02T06:49:34.370501+00:00
67284a6b-36f6-460f-a04c-b8072bc9d677,token_rejected,"1/4""",class=,user,2026-09-02T06:49:34.370529+00:00
a774a40e-8702-4fbe-a609-14e82dbad83b,token_rejected,W12x26,class=W12X26,user,2026-09-02T06:49:34.370557+00:00
8bd8cb33-9e50-4107-81ff-610cf47f0f14,token_rejected,HSS16x8x3/8,class=HSS16X8X3/8,user,2026-09-02T06:49:34.370584+00:00
193de855-80d4-491a-affc-46a3fe9961f5,token_rejected,W18x35,class=W18X35,user,2026-09-02T06:49:34.370612+00:00
a55d57b4-a7c6-4a93-b4d5-0fadd832e949,token_rejected,W18x60,class=W18X60,user,2026-09-02T06:49:34.370640+00:00
ba2bbb96-d813-45b7-ac1b-c2cc5d843b08,token_rejected,"c=3/4""",class=,user,2026-09-02T06:49:34.370668+00:00
a81aef20-1706-43ec-8046-12a22f4bc481,token_rejected,W21x55,class=W21X55,user,2026-09-02T06:49:34.370696+00:00
07ba5ae0-fb49-42e3-9ad8-bf35834d8ed9,token_rejected,W24x55,class=W24X55,user,2026-09-02T06:49:34.370726+00:00
5e137577-216b-44d6-82ee-39eaff2843b7,token_rejected,HSS8x4x1/2,class=HSS8X4X1/2,user,2026-09-02T06:49:34.370754+00:00
3ab07216-201a-4a18-8737-25519f183708,token_rejected,HSS8x8x1/2,class=HSS8X8X1/2,user,2026-09-02T06:49:34.370782+00:00
f4b60f7b-6d74-4a86-b2fd-74ef2eb772a8,token_rejected,HSS8x8x5/8,class=HSS8X8X5/8,user,2026-09-02T06:49:34.370809+00:00
f4c676d1-4971-48aa-bcf1-72582930e015,token_rejected,W24x62,class=W24X62,user,2026-09-02T06:49:34.370836+00:00
634fa600-47ce-46bd-8ad1-29fb2b944a18,token_rejected,"c=3/4""""",class=,user,2026-09-02T06:49:34.370863+00:00
08ed88cc-8893-4d86-a749-b839d7843dca,token_rejected,HSS20x8x1/2,class=HSS20X8X1/2,user,2026-09-02T06:49:34.370889+00:00
5189de72-4684-419d-b3c5-ec1e7cb73e71,token_rejected,W21x50,class=W21X50,user,2026-09-02T06:49:34.370916+00:00
e5d07dd9-f3af-45ed-a9c0-b3741a94a605,token_rejected,W36x160,class=W36X160,user,2026-09-02T06:49:34.370944+00:00
3b8ccbbb-9966-41be-b428-3b5caf167703,token_rejected,W24x76,class=W24X76,user,2026-09-02T06:49:34.370969+00:00
44e0dc28-d800-4546-82e4-1e5fb2ff0bef,token_rejected,W24x84,class=W24X84,user,2026-09-02T06:49:34.370997+00:00
6fba0054-56f1-4f52-b914-83a0f586e5dd,token_rejected,W36x135,class=W36X135,user,2026-09-02T06:49:34.371024+00:00
b14033b9-1c65-4288-85de-080c286686b0,token_rejected,W36x150,class=W36X150,user,2026-09-02T06:49:34.371051+00:00
e9ea7898-a1a9-445a-b813-30c59a9b274d,token_rejected,HSS16x4x1/4,class=HSS16X4X1/4,user,2026-09-02T06:49:34.371077+00:00
bc4e855a-676e-4c42-9fd4-f5ad55220e0f,token_rejected,W36x210,class=W36X210,user,2026-09-02T06:49:34.371104+00:00
84a61d30-9663-4649-b1c2-1c22ebc1ad13,token_rejected,W18x50,class=W18X50,user,2026-09-02T06:49:34.371133+00:00
92c98cd7-02db-412d-8220-0f2f15573f4a,token_rejected,"7/8""",class=,user,2026-09-02T06:49:34.371159+00:00
6d1473ce-884b-4b97-963b-3382023da931,token_rejected,W36x194,class=W36X194,user,2026-09-02T06:49:34.371186+00:00
d6f57ec7-ae8c-4e44-9b11-833b2d21761f,token_rejected,HSS12x6x1/2,class=HSS12X6X1/2,user,2026-09-02T06:49:34.371211+00:00
92fcb8f3-c828-407d-b2df-3315f2f4e246,token_rejected,W30x116,class=W30X116,user,2026-09-02T06:49:34.371234+00:00
9b6189f5-1459-44bd-80df-a0870bcac184,token_rejected,W18x65,class=W18X65,user,2026-09-02T06:49:34.371294+00:00
1af85934-1b14-4488-8ec1-81a7723acb2d,token_rejected,HSS14x0.5,class=HSS14.000X0.500,user,2026-09-02T06:49:34.371323+00:00
c98a0f58-af30-4f77-b40c-d406c9f06f8b,token_rejected,HSS10x10x1/2,class=HSS10X10X1/2,user,2026-09-02T06:49:34.371348+00:00
45864bbc-b883-44dc-aeb3-4e342831f132,token_rejected,"3/8""",class=,user,2026-09-02T06:49:34.371372+00:00
a5cf49ed-72e9-4c1b-8f4c-7c500884da30,token_rejected,HSS8X6,class=W14X22,user,2026-09-02T06:49:34.371399+00:00
34d726d9-4a78-46b9-9e95-e7a82bf914c9,token_rejected,HSS8x8x3/8,class=HSS8X8X3/8,user,2026-09-02T06:49:34.371425+00:00
ddf9a4af-f4f3-4026-8845-a1fbec16db43,token_rejected,"1/2""W",class=,user,2026-09-02T06:49:34.371452+00:00
08575af9-2dfc-49f7-aebc-e35d7852c4c6,token_rejected,"L4x4x1/4x4""",class=L4X4X1/4,user,2026-09-02T06:49:34.371481+00:00
ff106cfa-225e-44e2-a94b-69216124ac20,token_rejected,"L6x4x5/16x4""",class=L6X4X5/16,user,2026-09-02T06:49:34.371510+00:00
0ab858e6-9499-47e3-9c7d-f2ce054bfd02,token_rejected,"L6x4x1/4x4""",class=L6X4X1/2,user,2026-09-02T06:49:34.371538+00:00
2346e5ac-ec4e-4450-a592-3ab6817f1fd3,token_rejected,"1/4""x1",class=,user,2026-09-02T06:49:34.371567+00:00
b271ca94-b56f-442f-bbd9-b42170f52517,token_rejected,C6x8.2,class=C6X8.2,user,2026-09-02T06:49:34.371597+00:00
4857b35d-4885-41fc-ace9-f2e6a58cd4aa,token_rejected,14-2 IN,class=,user,2026-09-02T06:49:34.371625+00:00
ba7b67f3-0f66-42e0-8f6b-2e1bf9358046,token_rejected,"1/16""",class=,user,2026-09-02T06:49:34.371652+00:00
2d72e26f-7740-4be7-9ce3-11d13009b239,token_rejected,"(4)-3/4""",class=,user,2026-09-02T06:49:34.371679+00:00
51a88588-2ea0-44dc-8468-f4bf071db2a9,token_rejected,"2""",class=,user,2026-09-02T06:49:34.371705+00:00
166aa462-7042-40c9-9124-20cafdef5a38,token_rejected,"20""",class=,user,2026-09-02T06:49:34.371733+00:00
aae52840-a205-4a55-afce-41ccd3974be8,token_rejected,L3x3x1/4,class=L3X3X1/4,user,2026-09-02T06:49:34.371760+00:00
8f2bf0f7-4c9f-44c3-a59f-6b61017cc040,token_rejected,L4x4,class=L4X3X1/4,user,2026-09-02T06:49:34.371790+00:00
53768ec2-e0fa-4372-91d2-5fa9ec2b7227,token_rejected,"L4x4x1/4x4'-3""",class=L4X4X1/4,user,2026-09-02T06:49:34.371819+00:00
54b99b7e-cb8d-4459-8d30-c816e45f3e9e,token_rejected,"5/8""x24""",class=,user,2026-09-02T06:49:34.371846+00:00
ce59e293-37c3-469d-998f-2f87064198ad,token_rejected,"5/16""",class=,user,2026-09-02T06:49:34.371873+00:00
5d34bf02-e0cd-456f-aca9-ccdabc805397,token_rejected,W18x36,class=W16X36,user,2026-09-02T06:49:34.371900+00:00
096cbd64-2da7-445f-940a-a4089d03215b,token_rejected,"L5x3x3/8x6""",class=L5X3X3/8,user,2026-09-02T06:49:34.371927+00:00
6a54410a-cdff-4605-8290-3d97290a475d,token_rejected,L5x3,class=L5X3X1/4,user,2026-09-02T06:49:34.371955+00:00
5522aef1-4c04-49e0-a633-fefdfe329489,token_rejected,L2x2x10,class=L2X2X3/16,user,2026-09-02T06:49:34.371983+00:00
3813336b-e08a-48cf-865f-fc2f2f646e7b,token_rejected,L5x3x3/8,class=L5X3X3/8,user,2026-09-02T06:49:34.372011+00:00
99512eb5-7286-4092-886b-94f4cbdfc7a5,token_rejected,"(1/2""",class=,user,2026-09-02T06:49:34.372092+00:00
8d98349d-f98d-4bfa-87f3-c98117a19669,token_rejected,"3/4""PL",class=,user,2026-09-02T06:49:34.372124+00:00
8a2c9d22-938a-4bd9-b3f5-5a48efb5d81b,token_rejected,"L4x4x1/4""x5""",class=L4X4X1/4,user,2026-09-02T06:49:34.372152+00:00
4f926d84-923d-47a6-a327-79d4cb31eefe,token_rejected,"3 / 4 """,class=,user,2026-09-02T06:49:34.372185+00:00
9ce07430-b12e-4e1e-915f-ac183b1fbdb0,token_rejected,L3x3x1/4@4',class=L3X3X1/4,user,2026-09-02T06:49:34.372214+00:00
8b0b7c33-f359-4123-84f2-4038d98ce6a9,token_rejected,"1""",class=,user,2026-09-02T06:49:34.372242+00:00
a7e1102e-7bbc-4e9f-99c6-aa67e772dee8,token_rejected,"(2)3/4""",class=,user,2026-09-02T06:49:34.372271+00:00
90ba6f6e-796e-417e-90a8-e92b04ad5bd7,token_rejected,"±3/4""",class=,user,2026-09-02T06:49:34.372300+00:00
e7b899c1-74dc-468c-851a-75983e7a8bf2,token_rejected,HSS8x4x3/8,class=HSS8X4X3/8,user,2026-09-02T06:49:34.372328+00:00
0d1bd8fb-c48e-4ec4-a52e-6d305fc13e66,token_rejected,"1/2""x3/8""",class=,user,2026-09-02T06:49:34.372355+00:00
96ae7a0f-cb62-43bf-92f6-327f5e489f80,token_rejected,"1/4""x4""",class=,user,2026-09-02T06:49:34.372384+00:00
8508e7d3-7e4b-46be-977c-edc74a50e00f,token_rejected,"3/8""x6""",class=,user,2026-09-02T06:49:34.372413+00:00
601b2b93-3d4f-4ebd-8087-bde1cc12e7be,token_rejected,"L4x4x1/2x6""",class=L4X4X1/2,user,2026-09-02T06:49:34.372441+00:00
c242d1d9-764f-4ee9-9c02-2f0c201a078b,token_rejected,L4x4x1/4,class=L4X4X1/4,user,2026-09-02T06:49:34.372469+00:00
ecbb5e94-fdb6-4fd2-a905-eb17983c8a7c,token_rejected,W8x31,class=W8X31,user,2026-09-02T06:49:34.372497+00:00
0937c074-6b2b-4719-ae6a-e8607783c859,token_rejected,"L6x4x3/4,",class=L6X4X3/4,user,2026-09-02T06:49:34.372527+00:00
707fdae0-38d2-4934-9b99-4ae673778bd6,token_rejected,"1/2""x5""x5""",class=,user,2026-09-02T06:49:34.372556+00:00
c48830d5-c555-427a-b148-8bc9702d09ea,token_rejected,1/2x4x4,class=,user,2026-09-02T06:49:34.372584+00:00
c00bd882-cb9c-42ac-805c-31d4d34f570f,token_rejected,C8x11.5@,class=C8X11.5,user,2026-09-02T06:49:34.372611+00:00
eb99fef0-c447-4778-982e-ae4576c6f6d2,token_rejected,"L8x4x7/16x1'-0"",",class=L8X4X7/16,user,2026-09-02T06:49:34.372640+00:00
dca094a8-fb35-466b-af7d-7191122d529f,token_rejected,HSS20x20x1/2,class=HSS20X20X1/2,user,2026-09-02T06:49:34.372668+00:00
c8de9fcc-3f43-40ff-bdcc-3920b436d9bb,token_rejected,HSS3x3x3/8,class=HSS3X3X3/8,user,2026-09-02T06:49:34.372696+00:00
893ad0be-abaa-4ad2-ac89-57728787ff60,token_rejected,HSS8x8,class=HSS8X8X1/2,user,2026-09-02T06:49:34.372725+00:00
7b4450f7-2c8f-4e04-8bd5-9e1660fb6f15,token_rejected,2L4x4,class=L4X4X1/4,user,2026-09-02T06:49:34.372754+00:00
c87aff1e-f27d-455a-a547-026fcb7b1279,token_rejected,"1/2""x16""x1'-4""",class=,user,2026-09-02T06:49:34.372782+00:00
c7bee12b-cd69-4d95-86ed-1b0e344138d6,token_rejected,"3/4""Ø",class=,user,2026-09-02T06:49:34.372810+00:00
ea9aba41-3b4b-4063-9fd1-f28095ab7613,token_rejected,HSS10x10,class=HSS10X10X5/8,user,2026-09-02T06:49:34.372838+00:00
6fb23a0c-ffd6-43c0-bc89-cd8143ceaa4e,token_rejected,L5x5,class=L5X3X5/16,user,2026-09-02T06:49:34.372866+00:00
3d2c611e-3560-4762-bdb3-0f5a2680ff3b,token_rejected,"L3x3x1/4""",class=L3X3X1/4,user,2026-09-02T06:49:34.372893+00:00
144040d9-d4c3-4d1a-833a-6d7b5b41448c,token_rejected,"L5x5x5/16""",class=L5X5X5/16,user,2026-09-02T06:49:34.372920+00:00
713cf125-f394-4a13-9d95-8d58230e0e06,token_rejected,"L4x4x1/4""@EA",class=L4X4X1/4,user,2026-09-02T06:49:34.372947+00:00
b1026626-cc18-4978-af2c-4363a0b80240,token_rejected,"L6x4x3/8""",class=L6X4X3/8,user,2026-09-02T06:49:34.372975+00:00
8f263d10-2b52-4673-b4b1-95042721259e,token_rejected,L7x7x1/2,class=L7X4X1/2,user,2026-09-02T06:49:34.373003+00:00
e31238e2-4116-4ea9-b9b3-1e186d0490aa,token_rejected,"L6x6x1/2@2'-0""",class=L6X6X1/2,user,2026-09-02T06:49:34.373031+00:00
dc5f6cca-2fdf-4ab2-83d2-dce3a96680b6,token_rejected,HSS14x10,class=HSS14X10X1/2,user,2026-09-02T06:49:34.373059+00:00
bae92d2b-23e3-4112-b43a-b3b34ae6502c,token_rejected,L6x3,class=L6X4X3/8,user,2026-09-02T06:49:34.373089+00:00
a043b17d-5306-408c-84e1-5a5123436cd0,token_rejected,HSS14x14,class=HSS14X14X1,user,2026-09-02T06:49:34.373116+00:00
ef83c76c-63ca-4464-9b63-de59ee1ba9d6,token_rejected,W12x152,class=W12X152,user,2026-09-02T06:49:34.373142+00:00
5ef6696c-3dc8-4de0-aa47-8179795a49b1,token_rejected,W14x82,class=W14X82,user,2026-09-02T06:49:34.373169+00:00
0aab3e1f-6ddf-49aa-95ea-5025f0995ffe,token_rejected,2L8x8x5/8,class=2L8X8X5/8,user,2026-09-02T06:49:34.373197+00:00
bcf121b3-ab37-4a28-ba60-2022adab8c02,token_rejected,HSS10x10x3/8,class=HSS10X10X3/8,user,2026-09-02T06:49:34.373226+00:00
0a33fbaa-4cbb-49c7-9f3a-989d67f060aa,token_rejected,"3/4""x8""",class=,user,2026-09-02T06:49:34.373253+00:00
f5c49a72-9c25-4a67-ba66-52ecba39be40,token_rejected,HSS10X6X3/8,class=HSS10X6X3/8,user,2026-09-02T06:49:34.373281+00:00
a039c6a5-0d41-4b98-bfa8-8a42e82f68be,token_rejected,C4X5.4,class=C4X5.4,user,2026-09-02T06:49:34.373310+00:00
d0a8359e-8b03-4646-b59b-f353775262f1,token_rejected,HSS8X4,class=HSS8X4X1/2,user,2026-09-02T06:49:34.373337+00:00
35dda0e8-31d0-42cd-af47-09fde2e62024,token_rejected,W12X65,class=W12X65,user,2026-09-02T06:49:34.373363+00:00
5b4cbd4a-5994-49f2-bfc2-2d37107961e2,token_rejected,W18X40,class=W18X40,user,2026-09-02T06:49:34.373391+00:00
5640d132-fd7b-44cf-892a-a998f934ed7d,token_rejected,W10X12,class=W10X12,user,2026-09-02T06:49:34.373420+00:00
9dce9fcf-89a6-4e4e-8caf-63bad34ff0e9,token_rejected,W12X19,class=W12X19,user,2026-09-02T06:49:34.373448+00:00
0a4b1881-bee1-4f3b-a850-129479764637,token_rejected,W14X61,class=W14X61,user,2026-09-02T06:49:34.373476+00:00
3dd9fea4-be9f-4ce6-abe9-bed9cba23b68,token_rejected,HSS12X12X1/2,class=HSS12X12X1/2,user,2026-09-02T06:49:34.373505+00:00
0b0fa280-c601-4561-bf8d-8b22288738b1,token_rejected,W12X30,class=W12X30,user,2026-09-02T06:49:34.373532+00:00
04a39253-e057-4855-b37f-3686decdc8ef,token_rejected,W12X22,class=W12X22,user,2026-09-02T06:49:34.373560+00:00
8ca088ef-ad9b-46ec-95f1-fb97119b6dfe,token_rejected,W10X22,class=W10X22,user,2026-09-02T06:49:34.373672+00:00
66b8a600-61a7-4927-9786-c173be920145,token_rejected,W12X40,class=W12X40,user,2026-09-02T06:49:34.373712+00:00
816a6b6c-fbfe-44f7-b7f4-39e379e131f9,token_rejected,W12X53,class=W12X53,user,2026-09-02T06:49:34.373750+00:00
e83d1542-7089-4110-ba2d-3c2207fed6e8,token_rejected,W16X31,class=W16X31,user,2026-09-02T06:49:34.373781+00:00
fd87c063-a88e-4136-b13a-71550a3aa67e,token_rejected,HSS20X12X1/2,class=HSS20X12X1/2,user,2026-09-02T06:49:34.373810+00:00
788c9b3f-bc83-4883-9e85-c48545300e1a,token_rejected,W30X90,class=W30X90,user,2026-09-02T06:49:34.373839+00:00
5ee7585a-9cb0-49ad-b947-fc803c618573,token_rejected,W33X130,class=W33X130,user,2026-09-02T06:49:34.373868+00:00
fcc17c44-e6e1-4f0d-8abb-7bcb088bee2d,token_rejected,W30X99,class=W30X99,user,2026-09-02T06:49:34.373895+00:00
7fb4a413-98dd-413c-8ee1-f9821b7e367c,token_rejected,W36X247,class=W36X247,user,2026-09-02T06:49:34.373921+00:00
30106805-3422-473a-a483-a6fd1e62c8a8,token_rejected,W21X62,class=W21X62,user,2026-09-02T06:49:34.373948+00:00
ce35cb30-f2d9-40c1-8179-a5c79f3b5f73,token_rejected,W30X124,class=W30X124,user,2026-09-02T06:49:34.373975+00:00
d476760e-924b-4ba5-8438-688679c4273e,token_rejected,W27X114,class=W27X114,user,2026-09-02T06:49:34.374003+00:00
38ddea6e-6f49-4777-891e-8901761f45e5,token_rejected,W33X152,class=W33X152,user,2026-09-02T06:49:34.374030+00:00
eef27fe2-93e2-43fe-9a17-c9dc8616e426,token_rejected,W33X118,class=W33X118,user,2026-09-02T06:49:34.374059+00:00
4c0d014f-04a0-4a0c-ae9e-bc99fbbf57a7,token_rejected,W21X48,class=W21X48,user,2026-09-02T06:49:34.374086+00:00
8765e442-c140-46b7-90fa-595b50b259c9,token_rejected,HSS14X14X1/2,class=HSS14X14X1/2,user,2026-09-02T06:49:34.374114+00:00
b64eb9eb-2dd5-465a-a02e-569eb924eb1b,token_rejected,W27X84,class=W27X84,user,2026-09-02T06:49:34.374142+00:00
0f74a28f-1969-47d6-b111-76c36dfb1117,token_rejected,W33X141,class=W33X141,user,2026-09-02T06:49:34.374168+00:00
9ceb2c19-f4f3-4a30-8f0f-021a8681b486,token_rejected,W24X68,class=W24X68,user,2026-09-02T06:49:34.374195+00:00
f697b956-706d-406e-be47-3d201956cb6c,token_rejected,W36X170,class=W36X170,user,2026-09-02T06:49:34.374223+00:00
286157b7-296a-46f5-be7e-e7573336e7ec,token_rejected,W40X183,class=W40X183,user,2026-09-02T06:49:34.374250+00:00
8408fc69-7d6d-4059-aa7f-d361ffdb7583,token_rejected,W16X40,class=W16X40,user,2026-09-02T06:49:34.374276+00:00
943c9a46-0052-4398-8605-dc0e4fd3527a,token_rejected,W21X44,class=W21X44,user,2026-09-02T06:49:34.374303+00:00
40f2b690-ae99-4a2a-bcb2-c08fcd29e047,token_rejected,W30X108,class=W30X108,user,2026-09-02T06:49:34.374330+00:00
d9db1e7c-b16e-4a6c-96fb-d4d254bbe88e,token_rejected,W14X22,class=W14X22,user,2026-09-02T06:49:34.374356+00:00
967b48ed-6f85-4ba6-98df-b3e9d440f6f0,token_rejected,W10X33,class=W10X33,user,2026-09-02T06:49:34.374382+00:00
9602557a-cb60-4c6d-abeb-b676251201bb,token_rejected,W36X231,class=W36X231,user,2026-09-02T06:49:34.374408+00:00
78c08b50-448c-4154-acf5-93c1f08a9a43,token_rejected,W27X94,class=W27X94,user,2026-09-02T06:49:34.374435+00:00
e4350e35-e324-439b-9b64-9e10e4909b4a,token_rejected,L4X4X3/8,class=L4X4X3/8,user,2026-09-02T06:49:34.374461+00:00
f7fb7269-c633-44d8-8508-20f9a507dce6,token_rejected,L6X6X5/16,class=L6X6X5/16,user,2026-09-02T06:49:34.374487+00:00
e1e96f82-99fc-48d6-912d-f0c1d21b4160,token_rejected,C6X10.5,class=C6X10.5,user,2026-09-02T06:49:34.374514+00:00
7dac86cf-1269-4012-b5a6-e3dea3004736,token_rejected,L5X5X5/16,class=L5X5X5/16,user,2026-09-02T06:49:34.374541+00:00
8df78f7d-a872-4a82-afda-5c9db6952532,token_rejected,L6X4X3/8,class=L6X4X3/8,user,2026-09-02T06:49:34.374566+00:00
70e76a23-3c80-4f76-91f4-f84f93764ee2,token_rejected,C12X25,class=C12X25,user,2026-09-02T06:49:34.374592+00:00
886d2779-4061-41d3-8a38-bb82730b75be,token_rejected,W12X106,class=W12X106,user,2026-09-02T06:49:34.374619+00:00
e003a8cc-5a4e-4d9e-8488-ec54c05321b1,token_rejected,W14X159,class=W14X159,user,2026-09-02T06:49:34.374646+00:00
873cc10c-5f61-4671-a370-cd72f2cd22bc,token_rejected,W14X193,class=W14X193,user,2026-09-02T06:49:34.374671+00:00
ae757d43-fee5-4877-a4ec-bde82e52a6d9,token_rejected,W14X283,class=W14X283,user,2026-09-02T06:49:34.374698+00:00
658b2a70-b013-4215-83a8-b5e27b05a4e2,token_rejected,W14X211,class=W14X211,user,2026-09-02T06:49:34.374725+00:00
2759c116-e90a-4f94-852c-b4f17b95db92,token_rejected,W14X176,class=W14X176,user,2026-09-02T06:49:34.374752+00:00
6e9928bc-725f-4a0f-9370-37014e1e6f72,token_rejected,W14X109,class=W14X109,user,2026-09-02T06:49:34.374778+00:00
42324ff7-e143-4dd1-bd78-4166b5f460a4,token_rejected,W18X311,class=W18X311,user,2026-09-02T06:49:34.374805+00:00
2cfd21c6-cfef-4c7d-8f21-f0127b8a3443,token_rejected,W14X257,class=W14X257,user,2026-09-02T06:49:34.374832+00:00
85fe8471-7e48-4efa-91ef-af44adac362a,token_rejected,W14X145,class=W14X145,user,2026-09-02T06:49:34.374858+00:00
5c404248-aaee-4004-9d5e-bff0a4ded017,token_rejected,W14X132,class=W14X132,user,2026-09-02T06:49:34.374884+00:00
b1a42ded-8012-44a2-8e3f-309683d07674,token_rejected,W14X90,class=W14X90,user,2026-09-02T06:49:34.374911+00:00
9f9ef0de-7a14-4327-89c9-26b688aa71c1,token_rejected,W12X72,class=W12X72,user,2026-09-02T06:49:34.374939+00:00
d521c481-81b8-4ba8-a7da-47f67787025d,token_rejected,W12X120,class=W12X120,user,2026-09-02T06:49:34.374966+00:00
d1c704de-c644-4001-91e5-76b9f45f8f9e,token_rejected,W12X136,class=W12X136,user,2026-09-02T06:49:34.374992+00:00
a2a80f55-9d53-4c7c-bb90-3fb0ef89ebcf,token_rejected,W12X79,class=W12X79,user,2026-09-02T06:49:34.375020+00:00
55a72a8c-60cb-4eff-b905-874fb3204546,token_rejected,W12X87,class=W12X87,user,2026-09-02T06:49:34.375046+00:00
13e2ce3c-2fc0-40c7-8a50-2dd151c1c2f7,token_rejected,W12X96,class=W12X96,user,2026-09-02T06:49:34.375073+00:00
9c348054-5e55-4a6b-b637-e23bf1613cae,token_rejected,W12X58,class=W12X58,user,2026-09-02T06:49:34.375100+00:00
ffec764c-680c-42ec-abd5-6b60ff5f4cb4,token_rejected,W12X45,class=W12X45,user,2026-09-02T06:49:34.375127+00:00
073657a1-e9e1-44bd-af8a-a8e1bfb07270,token_rejected,W14X43,class=W14X43,user,2026-09-02T06:49:34.375152+00:00
0f4196b3-8340-456f-abc5-7e75e48d21f6,unknown_queued,"5/16"".",Queued for review (unknown),system,2026-09-02T06:51:32.413351+00:00
f4e0c684-e6a2-4c42-9172-4f422f63d4f5,unknown_queued,"5/16""",Queued for review (unknown),system,2026-09-02T06:51:32.797784+00:00
e2e43923-5e56-43bf-a10e-21406e1923d0,unknown_queued,W8x31,Queued for review (structural_section),system,2026-09-02T06:51:33.251598+00:00
dc4f2080-46a2-4c61-9fd6-564d3a09342a,unknown_queued,W8x40,Queued for review (structural_section),system,2026-09-02T06:51:33.582732+00:00
d33efcbc-25df-4e61-8838-a716675b3759,unknown_queued,HSS10x10,Queued for review (structural_section),system,2026-09-02T06:51:33.946742+00:00
1c0c8020-c1c4-42a5-8a43-4789ddf3b423,unknown_queued,HSS8x8,Queued for review (structural_section),system,2026-09-02T06:51:34.492648+00:00
c07ce6bb-7f3c-46c9-b4ad-0a04f5232fd9,unknown_queued,"3/32""",Queued for review (unknown),system,2026-09-02T06:51:35.678588+00:00
0e0e5ada-7dc2-4d79-a237-fa7b0b038fc3,unknown_queued,W18x35,Queued for review (structural_section),system,2026-09-02T06:51:36.427564+00:00
d95f09e5-bbc5-4984-bd12-6377cc8cffc7,unknown_queued,W24x55,Queued for review (structural_section),system,2026-09-02T06:51:37.011631+00:00
ddda2400-af0e-4b72-83e9-0d987d39ec35,unknown_queued,W8x10,Queued for review (structural_section),system,2026-09-02T06:51:37.773946+00:00
6d9db0c3-ddc4-4b73-9e92-bc15bc3cb7bf,unknown_queued,W21x50,Queued for review (structural_section),system,2026-09-02T06:51:39.852904+00:00
b13e69b5-8884-44f6-9c2a-b8c5c289acc1,unknown_queued,HSS 8X8 8X8,Queued for review (structural_section),system,2026-09-02T06:51:40.410961+00:00
7a48c691-9eef-4d3f-afa1-823dd130878d,unknown_queued,"1/2""",Queued for review (unknown),system,2026-09-02T06:51:42.979798+00:00
15e1856c-5c23-411f-baa1-11094cf736a1,unknown_queued,W36x150,Queued for review (structural_section),system,2026-09-02T06:51:43.607124+00:00
5a6546e6-d7ba-44a0-88f0-e981ed62e3bb,unknown_queued,W24x84,Queued for review (structural_section),system,2026-09-02T06:51:44.152487+00:00
3bf4dd7d-a186-40d3-ac05-d2d6e8758fb7,unknown_queued,"1/4""",Queued for review (unknown),system,2026-09-02T06:51:44.808693+00:00
62a01fca-ae3c-4af6-b502-40b4ce301569,unknown_queued,"3/4""",Queued for review (unknown),system,2026-09-02T06:51:45.583097+00:00
4bff3171-1a92-4e94-a1ca-e1010244f32d,unknown_queued,"3/8""",Queued for review (unknown),system,2026-09-02T06:51:46.333973+00:00
6195162d-e8da-4fd6-a423-8ac6117d9d11,unknown_queued,"1""",Queued for review (unknown),system,2026-09-02T06:51:46.728088+00:00
36a11d2d-b502-42e5-8bc1-4a2a79f14feb,unknown_queued,L4x4x1/4,Queued for review (structural_section),system,2026-09-02T06:51:47.515737+00:00
9880a385-607a-4f76-a177-ccd6b04b7ca4,unknown_queued,"2""",Queued for review (unknown),system,2026-09-02T06:51:48.674282+00:00
e1aabe75-8f4c-4261-a485-b9ecf40341a7,unknown_queued,HSS8x8x1/2,Queued for review (structural_section),system,2026-09-02T06:51:49.127083+00:00
f8253927-3c3a-4519-b5ae-26fced2cfe39,unknown_queued,W8x35,Queued for review (structural_section),system,2026-09-02T06:51:49.896938+00:00
8fb2781e-f2b0-43f9-8c74-2a7e9338710d,unknown_queued,HSS10x10x1/2,Queued for review (structural_section),system,2026-09-02T06:51:50.776598+00:00
fd4a2e03-e9ff-4112-bbae-14140c17a82d,unknown_queued,"(3/4""",Queued for review (unknown),system,2026-09-02T06:51:51.859270+00:00
74fa0e96-ec9c-4c8d-ae44-01cf396794a3,unknown_queued,1/2x2 1/2x5/16,Queued for review (unknown),system,2026-09-02T06:51:52.435430+00:00
d7ea3009-5ca7-4b26-8f2d-5638e5eed30f,unknown_queued,"3/4""⌀A325N",Queued for review (unknown),system,2026-09-02T06:51:53.169129+00:00
d624157e-d10e-4ad0-8588-047a919f8235,unknown_queued,"1/8""",Queued for review (unknown),system,2026-09-02T06:51:53.588814+00:00
ef4ba69d-8eb0-4879-b80b-e241575af750,unknown_queued,HSS6x8x1/2,Queued for review (structural_section),system,2026-09-02T06:51:53.897251+00:00
4f9046bf-ef78-4c8e-b938-fc28af058640,unknown_queued,"3/16""",Queued for review (unknown),system,2026-09-02T06:51:54.385035+00:00
cbaa24e3-2ffb-45ac-9fa7-0fc8f3e04dd0,unknown_queued,"HSS3x3,",Queued for review (structural_section),system,2026-09-02T06:51:55.289859+00:00
b56f728f-c0dc-43bf-9218-8e66d291aac9,unknown_queued,L5X3X1/4,Queued for review (structural_section),system,2026-09-02T06:51:55.782033+00:00
c52bec3a-4717-4910-b0ca-6eda73e0fcfc,unknown_queued,W14X90,Queued for review (structural_section),system,2026-09-02T06:51:56.103736+00:00
b338a840-3e74-4c8b-8931-faf093ddfb5b,unknown_queued,W16X26,Queued for review (structural_section),system,2026-09-02T06:51:56.441203+00:00
10ba58f4-6c23-4a46-a43d-0c8b10a84b31,unknown_queued,W21X44,Queued for review (structural_section),system,2026-09-02T06:51:56.956961+00:00
36e87019-bb57-49e5-8826-eee8c6d0cdd3,unknown_queued,WT16.5X59,Queued for review (structural_section),system,2026-09-02T06:51:57.407522+00:00
8991aa88-d230-4ff4-bf32-e6546e762d08,unknown_queued,W16X31,Queued for review (structural_section),system,2026-09-02T06:51:57.725842+00:00
3fefda78-49ee-4137-8700-2775dccb43c4,unknown_queued,W10X12,Queued for review (structural_section),system,2026-09-02T06:51:58.237681+00:00
7b789012-1bfa-4d7b-9bb3-b180dc7d8473,unknown_queued,W12X22,Queued for review (structural_section),system,2026-09-02T06:51:58.461022+00:00
5237c9d5-b107-4899-9af0-ed14fbd3b341,unknown_queued,HSS12X12X1/2,Queued for review (structural_section),system,2026-09-02T06:51:58.816147+00:00
8e377fcb-e29b-40b0-9874-dbd52b666f36,unknown_queued,W12X45,Queued for review (structural_section),system,2026-09-02T06:51:59.166234+00:00
fa3d84dd-0cf4-4e1b-bf5e-3c32d7d74820,unknown_queued,W14X22,Queued for review (structural_section),system,2026-09-02T06:51:59.580739+00:00
99438173-8d4f-48f7-a2e5-2cc790f52f7e,unknown_queued,W18X40,Queued for review (structural_section),system,2026-09-02T06:51:59.989205+00:00
aaa829a9-c127-4303-813a-82e2b86fe9bf,unknown_queued,W16X45,Queued for review (structural_section),system,2026-09-02T06:52:00.884380+00:00
6ffd8d36-4a4c-4270-8c49-0444439cac61,unknown_queued,W36X170,Queued for review (structural_section),system,2026-09-02T06:52:01.344602+00:00
0bf7f2f7-df4a-47dc-aa0a-ef25c1e6fb68,unknown_queued,W24X68,Queued for review (structural_section),system,2026-09-02T06:52:01.752141+00:00
1b73cc79-3950-4c20-885a-92a545d157c7,unknown_queued,HSS8X6X1/2,Queued for review (structural_section),system,2026-09-02T06:52:02.157370+00:00
7bdfc40c-f856-4e06-8b20-3dc8f64a6246,unknown_queued,W8X24,Queued for review (structural_section),system,2026-09-02T06:52:02.455395+00:00
ec375c54-d3b0-4619-b522-67359e9d0a94,unknown_queued,W8X28,Queued for review (structural_section),system,2026-09-02T06:52:02.847897+00:00
42849860-05b0-43af-9969-e2f29129cfeb,unknown_queued,HSS3X3X1/4,Queued for review (structural_section),system,2026-09-02T06:52:04.369987+00:00
a0c8c750-5410-4479-9348-24167aaeff49,token_rejected,HSS3X3X1/4,class=HSS3X3X1/4,user,2026-09-02T07:00:55.886624+00:00
294c9fdb-74ed-4521-aa55-5aed8bc21382,token_rejected,W8X28,class=W8X28,user,2026-09-02T07:00:55.887006+00:00
bacfe4cd-778a-414b-862a-dc4d0554b65a,token_rejected,W8X24,class=W8X24,user,2026-09-02T07:00:55.887056+00:00
bb427e0d-0df0-499d-bbbd-061a9cd082b4,token_rejected,HSS8X6X1/2,class=HSS8X6X1/2,user,2026-09-02T07:00:55.887091+00:00
6456eeb2-ffce-4fcc-9c75-f380ba54c006,token_rejected,W24X68,class=W24X68,user,2026-09-02T07:00:55.887123+00:00
6426824e-291c-481e-b264-829a28318e2d,token_rejected,W36X170,class=W36X170,user,2026-09-02T07:00:55.887153+00:00
7fedf34e-5a76-4aad-9872-3acd3aa7c055,token_rejected,W16X45,class=W16X45,user,2026-09-02T07:00:55.887183+00:00
01bc33e9-639b-4af7-9924-b2bb2f041bb7,token_rejected,W18X40,class=W18X40,user,2026-09-02T07:00:55.887212+00:00
ae269744-e31c-4cdf-acca-275e2965aa84,token_rejected,W14X22,class=W14X22,user,2026-09-02T07:00:55.887243+00:00
d134901b-b2b1-4282-b09b-2686920d0994,token_rejected,W12X45,class=W12X45,user,2026-09-02T07:00:55.887273+00:00
190300b5-8b20-47aa-ba8f-27a240b53f11,token_rejected,HSS12X12X1/2,class=HSS12X12X1/2,user,2026-09-02T07:00:55.887302+00:00
9776236a-948d-488c-b34b-561604e89e0c,token_rejected,W12X22,class=W12X22,user,2026-09-02T07:00:55.887331+00:00
e0f1a2de-1404-4a41-952d-0f70164b054d,token_rejected,W10X12,class=W10X12,user,2026-09-02T07:00:55.887358+00:00
89f88310-2ef7-470e-b356-dc5f353bffab,token_rejected,W16X31,class=W16X31,user,2026-09-02T07:00:55.887386+00:00
cd219d85-735f-413a-8baa-fb7005671a28,token_rejected,WT16.5X59,class=WT16.5X59,user,2026-09-02T07:00:55.887414+00:00
523d8f5d-89c9-4b2e-9d44-1d9fb0cf74a4,token_rejected,W21X44,class=W21X44,user,2026-09-02T07:00:55.887443+00:00
c570d826-a578-4670-bd7f-70906af3c751,token_rejected,W16X26,class=W16X26,user,2026-09-02T07:00:55.887471+00:00
b38c78b0-f39a-4754-89e5-b673715f029f,token_rejected,W14X90,class=W14X90,user,2026-09-02T07:00:55.887501+00:00
a1b1f49d-7f38-4e03-a01d-4febe933ac9c,token_rejected,L5X3X1/4,class=L5X3X1/4,user,2026-09-02T07:00:55.887529+00:00
bc9495c2-f96b-4766-a782-6aa65d1f021f,token_approved,W21x50,class=W21X50,user,2026-09-02T07:01:34.512780+00:00
dddf561f-c637-4a5a-bbdb-b95fefe1bbc0,token_approved,HSS 8X8 8X8,class=HSS8X8X3/8,user,2026-09-02T07:01:34.513224+00:00
df57e8fd-d222-4b38-9cf0-6423a85d7012,token_approved,W8x10,class=W8X10,user,2026-09-02T07:01:34.513318+00:00
ca5336d1-7cc9-43fb-8224-ae8d1bdf7a9a,token_approved,W24x55,class=W24X55,user,2026-09-02T07:01:34.513382+00:00
644b5622-ccf3-4dc1-9312-3a21363ed783,token_approved,W18x35,class=W18X35,user,2026-09-02T07:01:34.513438+00:00
d8503446-c4c5-4429-a50c-25a710225a9b,token_approved,W24x84,class=W24X84,user,2026-09-02T07:01:34.513520+00:00
95100b4f-c64d-4da0-b15f-aa0c85b58633,token_approved,W36x150,class=W36X150,user,2026-09-02T07:01:34.516403+00:00
95e21191-912f-4cf3-9520-995964761e7d,token_approved,L4x4x1/4,class=L4X4X1/4,user,2026-09-02T07:01:34.516495+00:00
8ba6bbfa-bb9d-4cfd-a3ee-9dc250de88b2,token_approved,HSS8x8x1/2,class=HSS8X8X1/2,user,2026-09-02T07:01:34.516557+00:00
bef56b14-274c-4983-a4ca-7602195600ff,token_approved,W8x35,class=W8X35,user,2026-09-02T07:01:34.516612+00:00
a8542bcc-9c50-46e5-b64f-bd959edcfcea,token_approved,HSS10x10x1/2,class=HSS10X10X1/2,user,2026-09-02T07:01:34.516664+00:00
4b5c0c5c-00a8-4f35-b0e7-bdf515740530,token_approved,HSS6x8x1/2,class=HSS8X8X1/2,user,2026-09-02T07:01:34.516716+00:00
e39ee721-a224-4721-ab82-0b070c67cd2b,token_approved,"HSS3x3,",class=HSS3X3X1/4,user,2026-09-02T07:01:34.516821+00:00
733c04bc-cc9a-4e10-92a2-895176410bbb,token_approved,HSS8x8,class=HSS8X8X1/2,user,2026-09-02T07:01:54.933559+00:00
bf14ee5c-cc01-40e8-92bf-c6b5575abed1,token_approved,HSS10x10,class=HSS10X10X5/8,user,2026-09-02T07:01:54.933699+00:00
27bdfb63-06fe-4980-963c-07093897be8e,token_approved,W8x40,class=W8X40,user,2026-09-02T07:01:54.933775+00:00
ca9e12da-4fe4-4d7d-80f4-81e6fe5b6d4b,token_approved,W8x31,class=W8X31,user,2026-09-02T07:01:54.933836+00:00
8f9ef8cc-021a-4fb4-aef5-023fec0d0a76,token_rejected,"5/16"".",class=,user,2026-09-02T07:02:03.360831+00:00
2cf6f68e-b3f6-47e9-b3ec-a42ca4ecdae9,token_rejected,"5/16""",class=,user,2026-09-02T07:02:03.366885+00:00
b3f91682-deed-46df-b6c2-1d297ba23cb9,token_rejected,"3/32""",class=,user,2026-09-02T07:02:03.373291+00:00
86cee454-8abc-436d-a339-0870bae034f6,token_rejected,"1/2""",class=,user,2026-09-02T07:02:03.379716+00:00
98aeefd3-594b-4fcf-aa3c-08f6434d0d89,token_rejected,"1/4""",class=,user,2026-09-02T07:02:03.386071+00:00
77ef9f61-d5bf-48e3-89d9-bc0897f7b7b4,token_rejected,"3/4""",class=,user,2026-09-02T07:02:03.386116+00:00
a5d32499-758d-4e7e-b0f3-4c152e1fed99,token_rejected,"3/8""",class=,user,2026-09-02T07:02:03.386148+00:00
1d856f2a-fc06-481d-a7f5-736be3680415,token_rejected,"1""",class=,user,2026-09-02T07:02:03.386178+00:00
984dbd95-207d-4806-b045-f3cb4148436c,token_rejected,"2""",class=,user,2026-09-02T07:02:03.386206+00:00
2c194b98-8fd1-48b1-98f1-799ef12aa83f,token_rejected,"(3/4""",class=,user,2026-09-02T07:02:03.386234+00:00
860a71d9-fadf-4f98-a622-dd057e4fc60b,token_rejected,1/2x2 1/2x5/16,class=,user,2026-09-02T07:02:03.386261+00:00
5da2d923-57b8-4a56-abca-cca663519446,token_rejected,"3/4""⌀A325N",class=,user,2026-09-02T07:02:03.386289+00:00
42c50692-853f-49fd-b64c-f875be5ec866,token_rejected,"1/8""",class=,user,2026-09-02T07:02:03.386315+00:00
dd1b7a17-4e85-4e29-81ee-b64b57d992f6,token_rejected,"3/16""",class=,user,2026-09-02T07:02:03.386343+00:00
01b62df1-adf4-4df7-a018-3451b095d9f4,unknown_queued,"1/8""X2""",Queued for review (unknown),system,2026-09-02T07:03:44.018362+00:00
90dda89a-ab58-48d9-8199-481571d8e0b1,unknown_queued,"1/2""",Queued for review (unknown),system,2026-09-02T07:03:44.214656+00:00
de199c4c-dc4a-4377-9b74-7cee968b8fef,unknown_queued,"1""",Queued for review (unknown),system,2026-09-02T07:03:44.414655+00:00
a880cea3-e866-48fc-9a1e-74ef878432fe,unknown_queued,"2""",Queued for review (unknown),system,2026-09-02T07:03:44.608421+00:00
2b7cd623-195a-4f9f-b6f6-8418f6ff041d,unknown_queued,6X6-W2.0XW2.0,Queued for review (unknown),system,2026-09-02T07:03:44.850770+00:00
d4ab7aee-80b1-4011-b32d-42b7d6ed3c24,unknown_queued,"3/4""",Queued for review (unknown),system,2026-09-02T07:03:45.043663+00:00
7be35543-d8d4-4f7e-a0a5-4fa3984369bd,unknown_queued,"1-1/2""",Queued for review (unknown),system,2026-09-02T07:03:45.241361+00:00
69882c8d-5fec-4d43-b68f-be71c3d89f0c,unknown_queued,W10X24,Queued for review (structural_section),system,2026-09-02T07:03:45.441945+00:00
bc353182-2882-4e73-a509-458d8aaf648c,unknown_queued,"1/8""",Queued for review (unknown),system,2026-09-02T07:03:45.637607+00:00
097f6bb8-da9b-42e6-939a-a339fa69efc1,unknown_queued,"1/4""",Queued for review (unknown),system,2026-09-02T07:03:45.833737+00:00
259c45ed-4d9f-4192-8501-e622a234b543,unknown_queued,2 IN-FIELD,Queued for review (unknown),system,2026-09-02T07:03:46.022635+00:00
37094f05-3d12-410b-a0ff-a10da0ee9329,unknown_queued,L3x2x3/16,Queued for review (structural_section),system,2026-09-02T07:03:46.407917+00:00
11173167-ec2f-4122-acf6-8ceb8a2501e0,unknown_queued,"(2)-1/2""",Queued for review (unknown),system,2026-09-02T07:03:46.584107+00:00
bc665566-677e-4d19-9257-2fdbe238111a,unknown_queued,"3/4""x1/8""",Queued for review (unknown),system,2026-09-02T07:03:46.783324+00:00
46743101-4be5-45fa-b3f8-fd9dc182591a,unknown_queued,4x4,Queued for review (unknown),system,2026-09-02T07:03:47.004595+00:00
8c229cb7-e5dc-45d9-80f9-786c67004d8d,unknown_queued,"3-1/2""",Queued for review (unknown),system,2026-09-02T07:03:47.192149+00:00
d7f57870-57f5-4c15-91d8-f7d95269e640,unknown_queued,"10""",Queued for review (unknown),system,2026-09-02T07:03:47.623516+00:00
3b22d3f5-1350-4703-813d-4874eeace629,unknown_queued,"2-3/4""",Queued for review (unknown),system,2026-09-02T07:03:47.931626+00:00
a1463f66-24de-4304-8d96-2c8a6559fc81,unknown_queued,1/2x2 1/2x3/16,Queued for review (unknown),system,2026-09-02T07:03:48.126688+00:00
edd52803-750b-429c-8f44-eb9579fd94ec,unknown_queued,"L4x4x1/4""x1'-0""",Queued for review (structural_section),system,2026-09-02T07:03:48.359005+00:00
4a850249-ba43-4181-8b13-0f8c6179dbe5,unknown_queued,"2"",",Queued for review (unknown),system,2026-09-02T07:03:48.587183+00:00
ec6f8eed-f661-447c-bdd0-5719f7bef8a7,unknown_queued,"3/16""",Queued for review (unknown),system,2026-09-02T07:03:48.918891+00:00
e07b6678-6c7a-480e-a296-51c8358b2503,unknown_queued,"2"".",Queued for review (unknown),system,2026-09-02T07:03:49.258079+00:00
0a8758c7-b42c-437b-8ea4-a699e8263b55,unknown_queued,"4-1/2""",Queued for review (unknown),system,2026-09-02T07:03:49.474392+00:00
89580884-22ac-4195-a3e1-3bc98dd60dde,unknown_queued,"4-1/2"",",Queued for review (unknown),system,2026-09-02T07:03:49.720198+00:00
42b52135-dce5-46b7-8ea7-a2c26be5d80e,unknown_queued,"12""",Queued for review (unknown),system,2026-09-02T07:03:49.967191+00:00
960c7bf9-695f-4974-a739-b424a63bc405,unknown_queued,"3/16""x1""",Queued for review (unknown),system,2026-09-02T07:03:50.171279+00:00
f3bc0aaa-9ceb-41e9-a0ae-c78bdba326f3,unknown_queued,"L3x3x1/4,",Queued for review (structural_section),system,2026-09-02T07:03:50.499531+00:00
ca9f6ca4-51f9-413f-9a9a-aa31c540d6c9,unknown_queued,L3x3x3/16,Queued for review (structural_section),system,2026-09-02T07:03:50.687307+00:00
d75ba35e-418d-4ea6-a8b7-9049c4d307c3,unknown_queued,"13/16""",Queued for review (unknown),system,2026-09-02T07:03:50.869419+00:00
e0fc5bcb-9baf-4667-944c-850111cb52ad,unknown_queued,"2-1/2""",Queued for review (unknown),system,2026-09-02T07:03:51.291133+00:00
74ceca7d-4161-4dd8-b785-0b0a80da28b1,unknown_queued,L4x3x3/8,Queued for review (structural_section),system,2026-09-02T07:03:51.587357+00:00
182c9fe4-0675-4f5c-990b-8e1fbbaa68b4,unknown_queued,"L6x4x3/8x0'-4""",Queued for review (structural_section),system,2026-09-02T07:03:51.983597+00:00
aeb293d6-e996-4e3e-b49d-3a8c60bd7366,unknown_queued,"L4x3x1/4x1'-6""",Queued for review (structural_section),system,2026-09-02T07:03:52.184306+00:00
f2318cc2-2c1f-46b4-a62b-845e3c24c1ae,unknown_queued,"1/4"",",Queued for review (unknown),system,2026-09-02T07:03:52.397896+00:00
eed79c6c-0186-4990-84d4-5abb2e709f4c,unknown_queued,L4x3x5/16,Queued for review (structural_section),system,2026-09-02T07:03:52.750655+00:00
5adb9417-1892-4069-bf01-fd2403869d66,unknown_queued,"15/16""",Queued for review (unknown),system,2026-09-02T07:03:53.099367+00:00
b08b79d4-26e0-4259-966e-452d89ff2ed1,unknown_queued,"2-1/16""",Queued for review (unknown),system,2026-09-02T07:03:53.305330+00:00
e3f58b39-9618-4dd3-b432-c77fa045e250,unknown_queued,"L4x4x5/16,",Queued for review (structural_section),system,2026-09-02T07:03:53.591841+00:00
b33968a6-e8d3-43b7-92ba-7aa979276c97,unknown_queued,"C6x10.5x1'-8""",Queued for review (structural_section),system,2026-09-02T07:03:53.871715+00:00
ef6dfb90-4d8d-4e15-b151-4fa7d99bc859,unknown_queued,"5/16""",Queued for review (unknown),system,2026-09-02T07:03:54.175989+00:00
7675bb5f-26da-4755-8a5f-30f21f0db890,unknown_queued,"3/8""",Queued for review (unknown),system,2026-09-02T07:03:54.374218+00:00
26476472-30f1-49e3-a9c1-91ff6c1ad2f9,unknown_queued,"3/8"")",Queued for review (unknown),system,2026-09-02T07:03:54.702733+00:00
cd12dce9-4a72-490d-88ef-a7614ad670cb,unknown_queued,L2x2x1/8,Queued for review (structural_section),system,2026-09-02T07:03:55.026021+00:00
993fb0b6-1311-4924-b614-eab836bdefce,unknown_queued,"(4)-1/2""",Queued for review (unknown),system,2026-09-02T07:03:55.487856+00:00
22942c09-4c8d-423f-8f2a-c8b7adc31862,unknown_queued,L6x4x5/16,Queued for review (structural_section),system,2026-09-02T07:03:55.691221+00:00
789def62-f265-4ee8-91b3-b8cb3b2957bd,unknown_queued,L6x4x3/8,Queued for review (structural_section),system,2026-09-02T07:03:56.037344+00:00
57a05375-73e8-4dd0-8e10-2ecd441353ad,unknown_queued,"20""",Queued for review (unknown),system,2026-09-02T07:03:56.458208+00:00
2d114052-1d35-455b-9804-34077c698e25,unknown_queued,"5/8""",Queued for review (unknown),system,2026-09-02T07:03:56.790911+00:00
6667cf70-8b4f-44c9-9c42-dd9bdd363b14,unknown_queued,"(2""",Queued for review (unknown),system,2026-09-02T07:03:57.120637+00:00
c72a4fc5-ea25-4434-afee-dae533c91f98,unknown_queued,"(3/4""",Queued for review (unknown),system,2026-09-02T07:03:57.316950+00:00
737d21ef-d93a-4cd6-abfa-853e8a3f2219,unknown_queued,6x6-W1.4xW1.4,Queued for review (unknown),system,2026-09-02T07:03:57.710382+00:00
12309ff2-6ddd-49c4-b9f7-40f0fd8e2adc,unknown_queued,L3x3x1/4,Queued for review (structural_section),system,2026-09-02T07:03:58.015618+00:00
c3f3e2cd-fdde-4a66-8e08-b83e83ecb785,unknown_queued,[6 x 6,Queued for review (unknown),system,2026-09-02T07:03:58.386542+00:00
7253dce8-6839-4bc2-a65c-9067a313a185,unknown_queued,W18X40,Queued for review (structural_section),system,2026-09-02T07:03:58.585770+00:00
7c7e36b2-cccc-4731-bea2-f829b0cd2a15,unknown_queued,W10X15,Queued for review (structural_section),system,2026-09-02T07:03:58.783993+00:00
442d63bd-001e-4b9a-bdbb-b8a8cc3e0683,unknown_queued,W12X19,Queued for review (structural_section),system,2026-09-02T07:03:58.975632+00:00
ddf94ee6-7c3e-49eb-9a2a-14c3bc86cf32,unknown_queued,W12X14,Queued for review (structural_section),system,2026-09-02T07:03:59.207864+00:00
05e0e455-be72-433c-acd5-acfb043cd698,unknown_queued,HSS14X10X1/4,Queued for review (structural_section),system,2026-09-02T07:03:59.920253+00:00
0aa03b40-2734-4fa3-9af5-67f9f9d98140,unknown_queued,L8X6X1/2,Queued for review (structural_section),system,2026-09-02T07:04:00.326341+00:00
aef5472f-b8f8-403c-b288-ca26a3eaa899,unknown_queued,L6X6X3/8,Queued for review (structural_section),system,2026-09-02T07:04:00.555734+00:00
6dc4418f-d498-4a43-87d7-94ad414a25dd,unknown_queued,L5X3,Queued for review (structural_section),system,2026-09-02T07:04:00.808293+00:00
e4d9bae9-02c2-4696-aa8c-0da4734b0fd0,unknown_queued,L2X2X3/16,Queued for review (structural_section),system,2026-09-02T07:04:01.006793+00:00
f4033da8-2c54-4364-b41d-84310688d1c9,unknown_queued,C8X11.5,Queued for review (structural_section),system,2026-09-02T07:04:01.204216+00:00
17133951-b5a6-406e-bc1a-b6c340520282,unknown_queued,W10X22,Queued for review (structural_section),system,2026-09-02T07:04:01.405302+00:00
73b30dad-2698-403c-8812-42c54c1b3037,unknown_queued,L5X3X5/16,Queued for review (structural_section),system,2026-09-02T07:04:01.605914+00:00
fdfca921-a8a8-4fe8-9e8b-537f60a898b0,unknown_queued,W8X15,Queued for review (structural_section),system,2026-09-02T07:04:01.805472+00:00
74b3ff3d-64e0-41ea-a3d8-83fb945e04d4,unknown_queued,L4X4X1/4,Queued for review (structural_section),system,2026-09-02T07:04:02.000129+00:00
7a04c1d9-a944-43ac-b792-3c39504eeb1e,unknown_queued,W21X44,Queued for review (structural_section),system,2026-09-02T07:04:02.325420+00:00
a4202282-2e65-4444-9c75-b02b932f4b04,unknown_queued,W14X22,Queued for review (structural_section),system,2026-09-02T07:04:02.532548+00:00
89f0542c-0c76-4d47-a71b-f5a5fb2b2b57,unknown_queued,W18X35,Queued for review (structural_section),system,2026-09-02T07:04:02.832689+00:00
78382118-a157-482b-83da-12eb36290d58,unknown_queued,W16X31,Queued for review (structural_section),system,2026-09-02T07:04:03.357835+00:00
2ce6ccb9-9c10-401d-b185-7ceadf58b3fe,unknown_queued,W24X68,Queued for review (structural_section),system,2026-09-02T07:04:03.582787+00:00
5816e48a-1995-41d1-8f5c-e767a6c5caa4,token_approved,W24X68,class=W24X68,user,2026-09-02T07:05:03.152801+00:00
396210af-fda1-4d5c-9cb7-a710940be934,token_approved,W16X31,class=W16X31,user,2026-09-02T07:05:03.152940+00:00
e4924a2f-c4c9-4a0d-b9bf-6f30370ea957,token_approved,W18X35,class=W18X35,user,2026-09-02T07:05:03.153009+00:00
4cd63442-3c15-473e-a299-2c6bca745292,token_approved,W14X22,class=W14X22,user,2026-09-02T07:05:03.153062+00:00
4f09e103-d4b4-4c5a-820f-2cf333ea08ff,token_approved,W21X44,class=W21X44,user,2026-09-02T07:05:03.153117+00:00
ef43be6d-c508-47e9-9111-e3eb2a339d72,token_approved,L4X4X1/4,class=L4X4X1/4,user,2026-09-02T07:05:03.153169+00:00
33656f6c-4dca-4401-a62b-630b9905da35,token_approved,W8X15,class=W8X15,user,2026-09-02T07:05:03.153221+00:00
8b0c1cf1-d462-43ca-a7f4-d369249613b8,token_approved,L5X3X5/16,class=L5X3X5/16,user,2026-09-02T07:05:03.153269+00:00
7163873e-071b-484f-8173-7b194ec4e562,token_approved,W10X22,class=W10X22,user,2026-09-02T07:05:03.153318+00:00
bfe30749-2525-4caa-87b8-e9f18b55831f,token_approved,C8X11.5,class=C8X11.5,user,2026-09-02T07:05:03.153368+00:00
8c3be5cd-37c5-49f1-a3fc-a789ee37cfbe,token_approved,L2X2X3/16,class=L2X2X3/16,user,2026-09-02T07:05:03.153420+00:00
ec9e96cc-57b6-4248-85b3-a349988a739b,token_approved,L5X3,class=L5X3X1/4,user,2026-09-02T07:05:03.153471+00:00
cea431dc-d112-494d-987b-d331263af9bb,token_approved,L6X6X3/8,class=L6X6X3/8,user,2026-09-02T07:05:03.153519+00:00
ee46e008-0ea6-4213-9664-4ba5506384ea,token_approved,L8X6X1/2,class=L8X6X1/2,user,2026-09-02T07:05:03.153569+00:00
484c655d-c9d9-4935-8f5e-92f5210bf10f,token_approved,HSS14X10X1/4,class=HSS14X10X1/4,user,2026-09-02T07:05:03.153618+00:00
bfca7cf8-e040-4cb0-bbd6-65ce286bcb9b,token_approved,W12X14,class=W12X14,user,2026-09-02T07:05:03.153665+00:00
1f6e2068-58a0-4ec5-9acd-dff08213afea,token_approved,W12X19,class=W12X19,user,2026-09-02T07:05:03.153718+00:00
d95a9fea-3ee4-46e6-bc36-7a16bfa275ba,token_approved,W10X15,class=W10X15,user,2026-09-02T07:05:03.153767+00:00
5074b6ab-a298-4111-8d8d-2c784da5eaa3,token_approved,W18X40,class=W18X40,user,2026-09-02T07:05:03.153815+00:00
1c6774f1-3b31-4889-a474-dfcaf280d7e1,token_approved,L3x3x1/4,class=L3X3X1/4,user,2026-09-02T07:05:03.153861+00:00
3b86f547-1094-46e3-ab61-7d8954b4a394,token_approved,L3x3x3/16,class=L3X3X3/16,user,2026-09-02T07:05:28.038129+00:00
1ffd8ae6-e7c4-4c1a-8971-8fe27cb74554,token_approved,L4x3x3/8,class=L4X3X3/8,user,2026-09-02T07:05:28.038309+00:00
ac446a08-392d-42fe-8fa6-c6de9c70f4ee,token_approved,"L6x4x3/8x0'-4""",class=L6X4X3/8,user,2026-09-02T07:05:28.038381+00:00
2c99dc24-346b-4f7e-8b04-38530161542f,token_approved,"L4x3x1/4x1'-6""",class=L4X3X1/4,user,2026-09-02T07:05:28.038459+00:00
93dbb91c-caf7-4a95-859b-d496d553eef9,token_approved,L4x3x5/16,class=L4X3X5/16,user,2026-09-02T07:05:28.038513+00:00
de45f02b-bf80-407c-a062-c053fec25888,token_approved,"L4x4x5/16,",class=L4X4X5/16,user,2026-09-02T07:05:28.038564+00:00
c59a0712-741c-472c-aefe-07b3d2d1306a,token_approved,"C6x10.5x1'-8""",class=C6X10.5,user,2026-09-02T07:05:28.038614+00:00
c9c9311e-209d-43a3-b84b-3ab1ddb81351,token_approved,L2x2x1/8,class=L2X2X1/8,user,2026-09-02T07:05:28.038663+00:00
a4b712f7-8a3e-45a4-8939-515f76cb4d67,token_approved,L6x4x5/16,class=L6X4X5/16,user,2026-09-02T07:05:28.038710+00:00
db0810ef-baf2-436f-a3b4-3ff64f597009,token_approved,L6x4x3/8,class=L6X4X3/8,user,2026-09-02T07:05:28.038972+00:00
ebbda515-acc1-4327-9a2e-36a541d8422e,token_approved,"L3x3x1/4,",class=L3X3X1/4,user,2026-09-02T07:05:45.928304+00:00
7eb71b45-98b0-4546-af5f-1617a6c6a6fd,token_approved,"L4x4x1/4""x1'-0""",class=L4X4X1/4,user,2026-09-02T07:05:45.928472+00:00
cc04db44-8f59-44dd-815e-2f715940f303,token_rejected,[6 x 6,class=,user,2026-09-02T07:05:57.386853+00:00
e863a706-8cc9-4751-b70a-efa58d525693,token_rejected,6x6-W1.4xW1.4,class=,user,2026-09-02T07:05:57.393225+00:00
67201df1-1cd4-401a-a3da-3b26305390f6,token_rejected,"(3/4""",class=,user,2026-09-02T07:05:57.393271+00:00
f6a37b1c-e5a6-4524-8603-40e6db162d15,token_rejected,"(2""",class=,user,2026-09-02T07:05:57.393303+00:00
263e6c2f-8ad3-4475-9c40-273b5acb7d20,token_rejected,"5/8""",class=,user,2026-09-02T07:05:57.393332+00:00
ff053d44-7e8b-4c7f-9037-6645b9d3d0a6,token_rejected,"20""",class=,user,2026-09-02T07:05:57.393360+00:00
08956a0b-db34-4735-840c-9eeb072381a6,token_rejected,"(4)-1/2""",class=,user,2026-09-02T07:05:57.393389+00:00
408caed9-9b56-45d5-a342-bcaa8136b393,token_rejected,"3/8"")",class=,user,2026-09-02T07:05:57.393417+00:00
27fbb946-e5f6-4279-a858-ad7ded715738,token_rejected,"3/8""",class=,user,2026-09-02T07:05:57.393444+00:00
bf420b6f-2b1b-406f-aff4-4bba47b2c0d0,token_rejected,"5/16""",class=,user,2026-09-02T07:05:57.393471+00:00
5a7b5a90-913e-4a1b-aa92-faf24200ef1e,token_rejected,"2-1/16""",class=,user,2026-09-02T07:05:57.393497+00:00
2ca5ea23-f112-4186-bd09-23dcf5610f86,token_rejected,"15/16""",class=,user,2026-09-02T07:05:57.393524+00:00
69652ca0-a552-4721-92e7-94dd72f4fe69,token_rejected,"1/4"",",class=,user,2026-09-02T07:05:57.393550+00:00
61cb5803-4b69-41f0-af4c-ce9cdf1c50c8,token_rejected,"2-1/2""",class=,user,2026-09-02T07:05:57.393576+00:00
d49686ab-d009-47a2-be6e-fd2dd632c550,token_rejected,"13/16""",class=,user,2026-09-02T07:05:57.393602+00:00
4512e658-22f4-48dd-9dcf-a805f870fcc9,token_rejected,"3/16""x1""",class=,user,2026-09-02T07:05:57.393628+00:00
5fa1cf58-236d-4e88-b2bb-0bc7a97ba7bc,token_rejected,"12""",class=,user,2026-09-02T07:05:57.393654+00:00
2b33a0c5-0b84-4c5e-b538-f73992005fd9,token_rejected,"4-1/2"",",class=,user,2026-09-02T07:05:57.393680+00:00
e59128db-8342-4eac-a158-2173bfb6b054,token_rejected,"4-1/2""",class=,user,2026-09-02T07:05:57.393706+00:00
4bc6240c-200a-4a47-b0d3-0ce0a64e352f,token_rejected,"2"".",class=,user,2026-09-02T07:05:57.393731+00:00
de3f188c-919d-47a6-b20f-7794cc352a54,token_rejected,"3/16""",class=,user,2026-09-02T07:05:57.393757+00:00
3cd20a92-546e-433a-a81f-cf8dc391dec1,token_rejected,"2"",",class=,user,2026-09-02T07:05:57.393782+00:00
25d88957-6938-4220-b2ae-37fb57bf5a1b,token_rejected,1/2x2 1/2x3/16,class=,user,2026-09-02T07:05:57.393808+00:00
87813c6e-50e3-422a-9cc5-aae71d2391f8,token_rejected,"2-3/4""",class=,user,2026-09-02T07:05:57.393833+00:00
0ad1b494-02d6-4870-82ff-daa84a7ea467,token_rejected,"10""",class=,user,2026-09-02T07:05:57.393859+00:00
373b87de-c1f8-4154-8c12-a83c42a0baba,token_approved,L3x2x3/16,class=L3X2X3/16,user,2026-09-02T07:06:08.031220+00:00
6746ffdd-16a4-413c-8051-41cd2f1f7e79,token_rejected,"3-1/2""",class=,user,2026-09-02T07:06:21.744579+00:00
166b0e4f-aa77-4b6c-a42e-a0a411728c6b,token_rejected,4x4,class=,user,2026-09-02T07:06:21.744737+00:00
16843d8e-f943-4768-81d7-f9a26236215a,token_rejected,"3/4""x1/8""",class=,user,2026-09-02T07:06:21.744776+00:00
274d1de4-8fbf-4d6e-a3c7-2245c2ed23d7,token_rejected,"(2)-1/2""",class=,user,2026-09-02T07:06:21.744809+00:00
d27ded72-1b5a-48e6-b4fc-3a2682fdc71d,token_rejected,2 IN-FIELD,class=,user,2026-09-02T07:06:21.744842+00:00
ee0850d5-76d4-4d9c-a252-6a74d9065157,token_rejected,"1/4""",class=,user,2026-09-02T07:06:21.744863+00:00
4bf26f1a-115d-4d07-8668-e87892829a7d,token_rejected,"1/8""",class=,user,2026-09-02T07:06:21.744884+00:00
99ddc641-a1bd-4c0e-84d6-82c52da20d79,token_rejected,W10X24,class=W10X45,user,2026-09-02T07:06:21.744905+00:00
319fa033-b60c-4350-90de-14131170541c,token_rejected,"1-1/2""",class=,user,2026-09-02T07:06:21.744925+00:00
3187a22c-b8de-4ecd-8900-d04727cea71b,token_rejected,"3/4""",class=,user,2026-09-02T07:06:21.744944+00:00
ec721b13-9da3-4330-9f26-b53074fddf98,token_rejected,6X6-W2.0XW2.0,class=,user,2026-09-02T07:06:21.744962+00:00
e6ba2af5-01e3-4708-974e-4dab38c885b3,token_rejected,"2""",class=,user,2026-09-02T07:06:21.744981+00:00
c4ca827b-6b29-4aab-b20e-df2dfd433063,token_rejected,"1""",class=,user,2026-09-02T07:06:21.745009+00:00
efaf31b8-cb9e-4daa-8544-253d1734947b,token_rejected,"1/2""",class=,user,2026-09-02T07:06:21.745038+00:00
b937e3aa-2674-482d-ab29-43ff663afeb0,token_rejected,"1/8""X2""",class=,user,2026-09-02T07:06:21.745076+00:00
c1ca8621-d2b5-41e5-8243-ed9d19e55acf,unknown_queued,"3/4""Ø",Queued for review (unknown),system,2026-09-02T07:09:20.276869+00:00
c78d38ac-3a84-4264-9141-c6cb31a2ed0e,unknown_queued,W18x50,Queued for review (structural_section),system,2026-09-02T07:09:20.493614+00:00
fecc0400-fe99-4300-b9ce-afccfbc53f95,unknown_queued,"1/2"")",Queued for review (unknown),system,2026-09-02T07:09:20.718992+00:00
8c38b4e3-bcd3-4ba5-82be-7aa3902f93ef,unknown_queued,"1/2""",Queued for review (unknown),system,2026-09-02T07:09:20.931037+00:00
a5976114-df8f-4ee5-a77b-c4ec86990fc9,unknown_queued,"3/4""",Queued for review (unknown),system,2026-09-02T07:09:21.160828+00:00
73a18a76-4af9-4823-a35e-cf9296e6b21d,unknown_queued,"1-1/2""",Queued for review (unknown),system,2026-09-02T07:09:21.377664+00:00
2b4b1439-3059-4d5a-81b7-047178324e0d,unknown_queued,"1-5/8""",Queued for review (unknown),system,2026-09-02T07:09:21.672440+00:00
5a82aebc-2495-48e3-beb6-21de7ddfabb3,unknown_queued,"5/8""",Queued for review (unknown),system,2026-09-02T07:09:22.023584+00:00
ddd811f6-abb0-481d-a017-f6138413fa9f,unknown_queued,"12""",Queued for review (unknown),system,2026-09-02T07:09:22.285810+00:00
f90c4b1a-c450-4d7d-bd3b-f53e60e9141f,unknown_queued,"30""",Queued for review (unknown),system,2026-09-02T07:09:22.496567+00:00
b3b3c812-8a1e-4257-876d-9af0db22c613,unknown_queued,HSS6X6X3/8,Queued for review (structural_section),system,2026-09-02T07:09:22.826301+00:00
2360190e-8ebd-4f11-ae69-059f78c0ea38,unknown_queued,C15X33.9,Queued for review (structural_section),system,2026-09-02T07:09:23.050816+00:00
57b588ed-cb09-411c-84f2-12194f361493,unknown_queued,W10X19,Queued for review (structural_section),system,2026-09-02T07:09:23.312850+00:00
26eb7aba-41a5-4181-8c66-57e6400a0983,unknown_queued,HSS8X4X3/8,Queued for review (structural_section),system,2026-09-02T07:09:23.572670+00:00
6f35915c-aaf4-4e58-ba89-0517c4c5bbec,unknown_queued,HSS4X4X3/8,Queued for review (structural_section),system,2026-09-02T07:09:23.852394+00:00
d427820e-6d86-4d6f-aa3e-c761b0ddb8d8,unknown_queued,"HSS5x5x3/8,",Queued for review (structural_section),system,2026-09-02T07:09:24.161447+00:00
cfbbec5b-5d02-4e72-ae90-438b072190e0,unknown_queued,W8X40,Queued for review (structural_section),system,2026-09-02T07:09:24.492705+00:00
15f86f11-ac5e-4cbf-974e-26f4a9ea6269,unknown_queued,HSS5x5x3/8,Queued for review (structural_section),system,2026-09-02T07:09:24.718148+00:00
5efffda7-5978-41e5-ac31-08ab10fc180a,unknown_queued,C8X11.5,Queued for review (structural_section),system,2026-09-02T07:09:25.053249+00:00
9dc85df8-6d37-47bf-8f7c-5cfe8b4f671a,unknown_queued,L7X4X3/8,Queued for review (structural_section),system,2026-09-02T07:09:25.803281+00:00
31421247-3ddc-4320-b161-8eaaea6ebedf,unknown_queued,HSS8X6X3/8,Queued for review (structural_section),system,2026-09-02T07:09:26.863363+00:00
bd19c3e4-831a-41e1-826f-39a8ae846355,unknown_queued,HSS4X4X5/16,Queued for review (structural_section),system,2026-09-02T07:09:27.577035+00:00
455e49c0-3e54-4475-89b0-05e3a9b51db2,unknown_queued,HSS6X6X1/4,Queued for review (structural_section),system,2026-09-02T07:09:27.880127+00:00
1d851d26-9981-49d0-a6aa-76ece808bee4,unknown_queued,HSS8X8X5/8,Queued for review (structural_section),system,2026-09-02T07:09:28.497880+00:00
32e9816e-3a2b-4947-9d8b-8185bfc629ae,unknown_queued,C7X9.8,Queued for review (structural_section),system,2026-09-02T07:09:29.192797+00:00
2d8ca849-87cc-45d5-b1ee-78a3a224e340,unknown_queued,W8X15,Queued for review (structural_section),system,2026-09-02T07:09:29.742464+00:00
4ee36673-2bb2-4d73-b2ac-5859ad5841d0,unknown_queued,HSS8X8X3/8,Queued for review (structural_section),system,2026-09-02T07:09:32.510033+00:00
c54d4dbc-f6d8-4aa9-94d7-e6d10782e45e,unknown_queued,6x6-W4.0xW4.0,Queued for review (unknown),system,2026-09-02T07:09:33.641696+00:00
aeba5817-2fe7-4ba5-897b-b62c8cc7750c,unknown_queued,6x6-W1.4xW1.4,Queued for review (unknown),system,2026-09-02T07:09:33.875335+00:00
3afc1d4e-2bb8-46f5-8608-b69da7c1bded,unknown_queued,"1/4""",Queued for review (unknown),system,2026-09-02T07:09:34.288406+00:00
43908091-aaa1-4aba-a086-ca54752eee7f,unknown_queued,W8 x 15,Queued for review (structural_section),system,2026-09-02T07:09:35.239246+00:00
5585066e-8866-4f26-ac6e-b27a02f1d8b9,unknown_queued,WT 8x18 8x18,Queued for review (structural_section),system,2026-09-02T07:09:35.544276+00:00
9e15335a-c870-4a4c-b420-ea37efcb6bd9,unknown_queued,"5/8""Ø",Queued for review (unknown),system,2026-09-02T07:09:35.777265+00:00
bb660e9f-6e3a-4dd5-b041-1a626ffc93f7,unknown_queued,W12X26,Queued for review (structural_section),system,2026-09-02T07:09:36.041574+00:00
cc295077-c181-49ec-b3a5-e7c2eb93744d,unknown_queued,L4x4x3/8,Queued for review (structural_section),system,2026-09-02T07:09:36.273132+00:00
577f29d4-11db-4cb0-8474-f3dcab5b706e,unknown_queued,"8x8x3/8""",Queued for review (unknown),system,2026-09-02T07:09:36.495034+00:00
eb034ec4-2f5d-4d59-8627-45f426420bed,unknown_queued,"5/16""",Queued for review (unknown),system,2026-09-02T07:09:36.881696+00:00
31f9374a-da33-4f88-8149-a093ac563ecd,unknown_queued,"(5/16""",Queued for review (unknown),system,2026-09-02T07:09:37.144590+00:00
29183a9d-17df-4c64-903a-11f9b24b70c4,unknown_queued,"1"")",Queued for review (unknown),system,2026-09-02T07:09:37.518003+00:00
9e0fb8db-79d9-468d-bf06-6023653c6371,unknown_queued,"+1"")",Queued for review (unknown),system,2026-09-02T07:09:37.911854+00:00
bf5e624c-999c-454c-b0ee-766f3b64d410,unknown_queued,"3/16""",Queued for review (unknown),system,2026-09-02T07:09:38.262261+00:00
4ff15365-31f7-44e0-869a-00518ae2801a,unknown_queued,"3/8""",Queued for review (unknown),system,2026-09-02T07:09:39.092151+00:00
beda9052-bca6-4101-8c39-16bae95683d9,unknown_queued,"1/2""Ø",Queued for review (unknown),system,2026-09-02T07:09:39.446613+00:00
66d5d371-2834-4233-846a-a67467d4ac17,unknown_queued,L5x5,Queued for review (structural_section),system,2026-09-02T07:09:39.681535+00:00
3146c6b0-1023-40a2-8de2-7b2d696caeaf,unknown_queued,"0.045""",Queued for review (unknown),system,2026-09-02T07:09:40.165361+00:00
b9e9208a-7336-4086-b105-afba0d2aa004,unknown_queued,"3/6""",Queued for review (unknown),system,2026-09-02T07:09:40.512167+00:00
865ab78c-57a8-4a4e-934d-921e78d8ac02,unknown_queued,24x24,Queued for review (unknown),system,2026-09-02T07:09:40.743480+00:00
b635e035-2063-4f46-99a7-bb78b103eb8a,unknown_queued,24x25,Queued for review (unknown),system,2026-09-02T07:09:41.122306+00:00
2981793f-723b-4e83-8748-c2ea838f1078,unknown_queued,6x6-W2.9xW2.9,Queued for review (unknown),system,2026-09-02T07:09:41.477290+00:00
61c36be7-c53f-4a50-98d7-19a989a53fff,unknown_queued,"L4X4X5/16,",Queued for review (structural_section),system,2026-09-02T07:09:41.698914+00:00
8f052883-1058-4212-b732-ed1586ec8443,unknown_queued,4x4-,Queued for review (unknown),system,2026-09-02T07:09:41.981011+00:00
7a50cbad-e65d-41ff-b297-f50fe0bb498d,unknown_queued,"(L52""x52""x14""T)",Queued for review (unknown),system,2026-09-02T07:09:42.262287+00:00
fd32f49e-dbd2-40e1-89e7-b72bc3051b2e,unknown_queued,"(14""x52"")",Queued for review (unknown),system,2026-09-02T07:09:42.679350+00:00
46e7b925-6a71-43eb-98e9-489f2d7995ac,unknown_queued,"(20""x52"")",Queued for review (unknown),system,2026-09-02T07:09:42.903650+00:00
80bd821b-13a1-40e2-860c-75747c9c6647,unknown_queued,"24""x60""",Queued for review (unknown),system,2026-09-02T07:09:43.211884+00:00
35651293-9d5a-4bd2-9002-10700ae1ec35,unknown_queued,"(24""x30"")",Queued for review (unknown),system,2026-09-02T07:09:43.493883+00:00
370e7ddf-f57d-40fd-9510-e46479e4936d,unknown_queued,"32""x32""",Queued for review (unknown),system,2026-09-02T07:09:43.831266+00:00
e361b8d1-665b-4c2e-942d-7d47aaebce4c,unknown_queued,HSS6X4X3/8,Queued for review (structural_section),system,2026-09-02T07:09:44.289896+00:00
267ca81e-01fb-41db-b445-f694dc2aedfe,unknown_queued,"3/4""⌀THRU-BOLTS",Queued for review (unknown),system,2026-09-02T07:09:44.821650+00:00
fa785c1a-0f95-4ad1-99eb-2d79b38b43e8,unknown_queued,3/8 X 12,Queued for review (unknown),system,2026-09-02T07:09:45.093372+00:00
0dd78ff8-1f3a-4fdc-b2bb-4ac49390f65a,unknown_queued,"C7X9.8,",Queued for review (structural_section),system,2026-09-02T07:09:45.413484+00:00
60801581-4f40-4256-b07c-7f06194ccc24,unknown_queued,"5/8""⌀PUDDLE",Queued for review (unknown),system,2026-09-02T07:09:45.643652+00:00
6c16fa37-8869-43ca-b63f-fb2880ac93b8,unknown_queued,L3X3X1/4,Queued for review (structural_section),system,2026-09-02T07:09:45.875197+00:00
ee6454f3-8910-44bc-8020-8b73504f18fa,unknown_queued,"1""",Queued for review (unknown),system,2026-09-02T07:09:46.262598+00:00
42772385-680e-4c53-a54f-cff20f615ba0,unknown_queued,"3/4""x8""x1'-4""",Queued for review (unknown),system,2026-09-02T07:09:46.485596+00:00
9c707b06-1e42-4371-8d5a-234e83485129,unknown_queued,"3/8""x4""x0'-7""",Queued for review (unknown),system,2026-09-02T07:09:46.962410+00:00
c8cbcf51-8d65-4697-866b-8df8f1f88914,unknown_queued,L18x12x3/8,Queued for review (structural_section),system,2026-09-02T07:09:47.445513+00:00
28e2ba76-4d8d-490b-a95f-48004e4302c8,unknown_queued,HSS5x5,Queued for review (structural_section),system,2026-09-02T07:09:47.991607+00:00
c171f104-c412-423c-832b-5ed5c1cf9bd4,unknown_queued,W10X88,Queued for review (structural_section),system,2026-09-02T07:09:48.506410+00:00
b7791638-deb8-4c4f-81c5-441c120f5db3,unknown_queued,W8X13,Queued for review (structural_section),system,2026-09-02T07:09:49.056571+00:00
4e366c8c-2ea8-4239-8702-df2b95b5e2fc,unknown_queued,HSS10X6X3/8,Queued for review (structural_section),system,2026-09-02T07:09:50.031077+00:00
716c0ca6-0ce4-48fa-af2c-9030d26740ce,unknown_queued,W8X24,Queued for review (structural_section),system,2026-09-02T07:09:50.987236+00:00
1378d70d-c31f-43f3-afc6-230ccd9ee010,unknown_queued,W10X26,Queued for review (structural_section),system,2026-09-02T07:09:51.592268+00:00
a58b6884-11b1-4124-9d5d-7752d3507e65,unknown_queued,WT4X15.5,Queued for review (structural_section),system,2026-09-02T07:09:52.276931+00:00
ac040007-bcaf-458e-967d-49e1458d55df,unknown_queued,L4X3X5/16,Queued for review (structural_section),system,2026-09-02T07:09:52.498873+00:00
b7374dbe-1ce5-4de9-90a3-661ee1dd7b11,unknown_queued,C4X5.4,Queued for review (structural_section),system,2026-09-02T07:09:52.812595+00:00
fe1030a4-0fbd-4b36-a373-a73cf6479783,unknown_queued,C6X8.2,Queued for review (structural_section),system,2026-09-02T07:09:53.041829+00:00
444263d0-f914-44ea-b9d8-d70cd9723943,unknown_queued,W12X19,Queued for review (structural_section),system,2026-09-02T07:09:53.297079+00:00
3f194f29-c4f8-4b1c-b380-6037c79907c1,unknown_queued,HSS8X4X5/16,Queued for review (structural_section),system,2026-09-02T07:09:53.520713+00:00
b197509c-0322-4897-a715-5d354c9f1f7e,unknown_queued,HSS5X4X5/16,Queued for review (structural_section),system,2026-09-02T07:09:53.739904+00:00
f2d60752-6fad-40b5-80a2-08165b923e7b,unknown_queued,W14X193,Queued for review (structural_section),system,2026-09-02T07:09:54.206439+00:00
9960df85-6270-4906-a7ae-3c5e698b3eec,unknown_queued,WT8X50,Queued for review (structural_section),system,2026-09-02T07:09:54.710268+00:00
a9994eb0-0bba-4bfa-8138-fe55f18bd6cd,unknown_queued,W14X233,Queued for review (structural_section),system,2026-09-02T07:09:54.936461+00:00
fb67d1ca-7adf-4a11-8fd3-20ca56975ba6,unknown_queued,L6X6X3/8,Queued for review (structural_section),system,2026-09-02T07:09:55.243154+00:00
78801a8c-1435-4e8e-a685-3fbe13ff41b6,token_approved,L6X6X3/8,class=L6X6X3/8,user,2026-09-02T07:10:39.592417+00:00
60e40d3a-5a5b-415f-bacd-d8eb2f20fd54,token_approved,W14X233,class=W14X233,user,2026-09-02T07:10:39.593324+00:00
79a080c7-6b94-42a5-938a-5e3e1851d782,token_approved,WT8X50,class=WT8X50,user,2026-09-02T07:10:39.593441+00:00
05902b42-0c07-48cb-93bf-673d2d039a94,token_approved,W14X193,class=W14X193,user,2026-09-02T07:10:39.593498+00:00
a66c669a-8feb-40f3-afa1-b623067b8e9f,token_approved,HSS5X4X5/16,class=HSS5X4X5/16,user,2026-09-02T07:10:39.593552+00:00
75caa29a-e0e7-4787-bb57-3fd976c6f932,token_approved,HSS8X4X5/16,class=HSS8X4X5/16,user,2026-09-02T07:10:39.593603+00:00
999480d9-ddf1-48ad-a852-8d2495dacaa3,token_approved,W12X19,class=W12X19,user,2026-09-02T07:10:39.593651+00:00
faf011cc-9a20-4db1-81b7-985dff65a1e1,token_approved,C6X8.2,class=C6X8.2,user,2026-09-02T07:10:39.593700+00:00
c8640346-2bfa-4b2a-86bb-281d8fd3ed28,token_approved,C4X5.4,class=C4X5.4,user,2026-09-02T07:10:39.593750+00:00
898c6d8e-cdf6-42d2-8d33-45c89f6ef14e,token_approved,L4X3X5/16,class=L4X3X5/16,user,2026-09-02T07:10:39.593801+00:00
b5b50438-e898-4588-9903-f68092a337c5,token_approved,WT4X15.5,class=WT4X15.5,user,2026-09-02T07:10:39.593851+00:00
d7b38b2d-4230-44fa-98c3-ca38e73fdd8a,token_approved,W10X26,class=W10X26,user,2026-09-02T07:10:39.593898+00:00
2e8568ab-1cb8-4390-82f2-3b4fed3e0b6b,token_approved,W8X24,class=W8X24,user,2026-09-02T07:10:39.593945+00:00
37f42607-313b-40cf-ab53-9a7880b271e2,token_approved,HSS10X6X3/8,class=HSS10X6X3/8,user,2026-09-02T07:10:39.593993+00:00
fbdae576-d8af-4b18-a3b2-d4e6a5b724a7,token_approved,W8X13,class=W8X13,user,2026-09-02T07:10:39.594043+00:00
ce67f71f-477e-4fb2-a29c-c423851c91c8,token_approved,W10X88,class=W10X88,user,2026-09-02T07:10:39.594093+00:00
9d11061c-c931-4b19-8df0-258e8e7214a4,token_approved,HSS5x5,class=HSS5X5X1/2,user,2026-09-02T07:10:39.594141+00:00
346278d8-0794-43a0-b34a-b9ab8563e73a,token_approved,L3X3X1/4,class=L3X3X1/4,user,2026-09-02T07:10:39.594188+00:00
165f9810-8269-4314-8285-9aa0bb77442f,token_approved,"C7X9.8,",class=C7X9.8,user,2026-09-02T07:10:39.594237+00:00
d31e18ef-1db8-453d-8078-4090e3bc7421,token_rejected,L18x12x3/8,class=HSS12X12X3/4,user,2026-09-02T07:11:12.028704+00:00
793ec382-30a4-4a1f-89b0-a50ecebf4ba4,token_rejected,"3/8""x4""x0'-7""",class=,user,2026-09-02T07:11:12.028801+00:00
1e440c2f-38b4-4fa8-b829-d512894f0a38,token_rejected,"3/4""x8""x1'-4""",class=,user,2026-09-02T07:11:12.028846+00:00
333c9c51-ff9c-437d-b043-c7f28106360e,token_rejected,"1""",class=,user,2026-09-02T07:11:12.028880+00:00
f9f3e9ae-5cc9-4e23-911b-861c677d9eec,token_rejected,"5/8""⌀PUDDLE",class=,user,2026-09-02T07:11:12.028911+00:00
a886925b-e15a-460a-bb36-4a53b809adfb,token_rejected,3/8 X 12,class=,user,2026-09-02T07:11:12.028942+00:00
2145ce3d-3da0-48cb-a764-320c20b96214,token_rejected,"3/4""⌀THRU-BOLTS",class=,user,2026-09-02T07:11:12.028973+00:00
e3b434c8-ec7d-4118-b850-60e1968fc3f5,token_rejected,"32""x32""",class=,user,2026-09-02T07:11:12.029002+00:00
827c14ca-2e1f-4c1a-b90b-3865861a6559,token_rejected,"(24""x30"")",class=,user,2026-09-02T07:11:12.029032+00:00
cf798fa2-5fea-4063-bf5d-0975d0f49772,token_rejected,"24""x60""",class=,user,2026-09-02T07:11:12.029059+00:00
9499acda-6a4b-489e-a5fd-b0d1a3ecff89,token_rejected,"(20""x52"")",class=,user,2026-09-02T07:11:12.029086+00:00
c8c10a4a-dfb2-4535-a63c-f1e312067395,token_rejected,"(14""x52"")",class=,user,2026-09-02T07:11:12.029108+00:00
15d0ce01-d6db-4892-b7df-7b3fe60346cb,token_rejected,"(L52""x52""x14""T)",class=,user,2026-09-02T07:11:12.029132+00:00
c3147f0a-6ae8-41d5-9474-05ca924d4467,token_rejected,4x4-,class=,user,2026-09-02T07:11:12.029156+00:00
e92d7767-f3f0-43f3-993b-bb2d90bd6fdd,token_rejected,"L4X4X5/16,",class=L4X4X5/16,user,2026-09-02T07:11:12.029183+00:00
e29c9a79-2aab-4d83-bab7-b631b524c8ab,token_rejected,6x6-W2.9xW2.9,class=,user,2026-09-02T07:11:12.029213+00:00
bbb5d66e-87ac-4dee-bd3f-926b0f4db203,token_rejected,24x25,class=,user,2026-09-02T07:11:12.029241+00:00
f2b98e2b-232b-477f-b465-5290cc1ba4e8,token_rejected,24x24,class=,user,2026-09-02T07:11:12.029271+00:00
22055497-1e17-49a2-9046-c0b1a9b2e4c0,token_rejected,"3/6""",class=,user,2026-09-02T07:11:12.029297+00:00
b5717fde-b106-4f38-9311-4b63f458c62e,token_rejected,"0.045""",class=,user,2026-09-02T07:11:12.029324+00:00
fd3ea541-6f4d-464e-b4c5-ec3d17f13ffd,token_rejected,L5x5,class=L5X3X5/16,user,2026-09-02T07:11:12.029351+00:00
202383b0-53e8-452c-a781-226df9b15c35,token_rejected,"1/2""Ø",class=,user,2026-09-02T07:11:12.029401+00:00
0743a6d5-1aa6-40d3-afa3-1fd3185a40e8,token_rejected,"3/8""",class=,user,2026-09-02T07:11:12.029425+00:00
3af83741-27a4-4369-9200-f4099c0c106f,token_rejected,"3/16""",class=,user,2026-09-02T07:11:12.029442+00:00
5072c450-24fc-440c-80c3-19b07bb788c4,token_approved,HSS6X4X3/8,class=HSS6X4X3/8,user,2026-09-02T07:11:38.921412+00:00
3ad28519-75d8-400f-91f7-03af551aaad9,token_approved,L4x4x3/8,class=L4X4X3/8,user,2026-09-02T07:11:38.921593+00:00
a0bdfdf8-61b6-4fc8-8a0a-726091565309,token_approved,W12X26,class=W12X26,user,2026-09-02T07:11:38.921665+00:00
82256c8e-4411-49af-96ee-925b99d50a46,token_approved,W8 x 15,class=W8X15,user,2026-09-02T07:11:38.921720+00:00
919f8f39-1474-4ab5-8fd0-535a95b35869,token_approved,HSS8X8X3/8,class=HSS8X8X3/8,user,2026-09-02T07:11:38.921770+00:00
131b3cde-009b-4ca5-9114-9db941166a69,token_approved,W8X15,class=W8X15,user,2026-09-02T07:11:38.921824+00:00
cc63a44b-7fcf-4888-a883-cf54e7d614b0,token_approved,C7X9.8,class=C7X9.8,user,2026-09-02T07:11:38.921875+00:00
9c10dc2a-1d4e-4302-9ae2-5869d32dae0d,token_approved,HSS8X8X5/8,class=HSS8X8X5/8,user,2026-09-02T07:11:38.921991+00:00
f8db0e78-34d9-407e-87ad-76470b542df5,token_approved,HSS6X6X1/4,class=HSS6X6X1/4,user,2026-09-02T07:11:38.922044+00:00
a6a92e1b-d98e-4774-97fd-536555a647b8,token_approved,HSS4X4X5/16,class=HSS4X4X5/16,user,2026-09-02T07:11:38.922092+00:00
26f81787-7658-436e-80b6-325f595f0cdf,token_approved,HSS8X6X3/8,class=HSS8X6X3/8,user,2026-09-02T07:11:38.922140+00:00
06de3740-b5f9-42bd-96d5-dc42e8ed63e1,token_approved,L7X4X3/8,class=L7X4X3/8,user,2026-09-02T07:11:38.922190+00:00
d89dffa5-7630-402f-acc7-f9ec19d7df72,token_approved,C8X11.5,class=C8X11.5,user,2026-09-02T07:11:38.922242+00:00
17569aad-38db-42e8-b1d6-3df0593220ef,token_approved,HSS5x5x3/8,class=HSS5X5X3/8,user,2026-09-02T07:11:38.922293+00:00
801ad4be-ff03-48a5-9122-a7ddf315ffe9,token_approved,W8X40,class=W8X40,user,2026-09-02T07:11:38.922342+00:00
c0bd249d-e6b7-44c2-ad2c-37818e996c7f,token_approved,W18x50,class=W18X50,user,2026-09-02T07:12:05.515956+00:00
ce7c6b83-8c8e-4589-9e4c-de785fe1f4fe,token_approved,"HSS5x5x3/8,",class=HSS5X5X3/8,user,2026-09-02T07:12:05.516079+00:00
8d9fd853-a896-46de-9466-e98fad34487e,token_approved,HSS4X4X3/8,class=HSS4X4X3/8,user,2026-09-02T07:12:05.516214+00:00
ce9b113e-6f8b-4948-a968-77259a10c922,token_approved,HSS8X4X3/8,class=HSS8X4X3/8,user,2026-09-02T07:12:05.516296+00:00
c1e93d11-7c70-4d0b-8eff-584eabd8ec05,token_approved,W10X19,class=W10X19,user,2026-09-02T07:12:05.516354+00:00
78d8dde3-6053-4ca8-97af-b600b6395ee1,token_approved,C15X33.9,class=C15X33.9,user,2026-09-02T07:12:05.516409+00:00
da227c85-adfa-4350-b71e-c3fc61301191,token_approved,HSS6X6X3/8,class=HSS6X6X3/8,user,2026-09-02T07:12:05.516521+00:00
ec92e1cb-cc64-4d11-a3c2-41d7fc12ed45,token_rejected,"+1"")",class=,user,2026-09-02T07:12:16.999254+00:00
bf69a254-5e3d-43e9-ab5e-4a605c18e0b1,token_rejected,"1"")",class=,user,2026-09-02T07:12:16.999396+00:00
5a74d18f-876a-4392-b2ea-2a25e6335568,token_rejected,"(5/16""",class=,user,2026-09-02T07:12:16.999440+00:00
28e56384-b163-4dca-80f6-34cf2ee5fa3b,token_rejected,"5/16""",class=,user,2026-09-02T07:12:16.999477+00:00
d65ea9b1-eab5-4e51-88a0-3f7d3c2f7442,token_rejected,"8x8x3/8""",class=,user,2026-09-02T07:12:16.999513+00:00
48f737f2-5274-418c-8dfc-a69db819b33e,token_rejected,"5/8""Ø",class=,user,2026-09-02T07:12:16.999546+00:00
ce2e19b0-70e7-457d-a042-495dad75fbe1,token_rejected,WT 8x18 8x18,class=WT8X18,user,2026-09-02T07:12:16.999579+00:00
34f7b2fc-12af-4f5f-a52f-251a7bd5ada3,token_rejected,"1/4""",class=,user,2026-09-02T07:12:16.999611+00:00
3762ab65-25b3-4a42-bda6-339389a077d0,token_rejected,6x6-W1.4xW1.4,class=,user,2026-09-02T07:12:16.999643+00:00
705d308d-6ccf-4359-9e40-ca0fa87896d7,token_rejected,6x6-W4.0xW4.0,class=,user,2026-09-02T07:12:16.999675+00:00
74d54c59-1799-49e8-b54f-741153044982,token_rejected,"30""",class=,user,2026-09-02T07:12:16.999707+00:00
f510ce02-64e9-495c-89a3-371eb81e28ef,token_rejected,"12""",class=,user,2026-09-02T07:12:16.999740+00:00
73bc74bd-5809-4312-b3a6-02c8a9f92a44,token_rejected,"5/8""",class=,user,2026-09-02T07:12:16.999772+00:00
f68094f5-a96e-4117-b5c9-67ccc0dd1b9e,token_rejected,"1-5/8""",class=,user,2026-09-02T07:12:16.999802+00:00
e2f21b92-cd40-42b8-9897-eea599da0b5f,token_rejected,"1-1/2""",class=,user,2026-09-02T07:12:16.999831+00:00
fa21f9a6-4950-4bef-bd91-50aed092bf74,token_rejected,"3/4""",class=,user,2026-09-02T07:12:16.999861+00:00
59dad2a6-7ed8-4401-a427-ccfc528572f8,token_rejected,"1/2""",class=,user,2026-09-02T07:12:16.999890+00:00
80fec902-a1bf-4f54-8127-dad415fe6510,token_rejected,"1/2"")",class=,user,2026-09-02T07:12:16.999920+00:00
1f4e59bd-bbd5-4033-ad1f-54bf240b9cab,token_rejected,"3/4""Ø",class=,user,2026-09-02T07:12:16.999951+00:00
91d87aef-916c-4240-9505-77954a340d03,unknown_queued,"1/2""",Queued for review (unknown),system,2026-09-02T07:17:05.532888+00:00
7a94c0a6-5cf6-4c67-b53c-e94e4b066ee9,unknown_queued,"3/4""",Queued for review (unknown),system,2026-09-02T07:17:05.751521+00:00
a3b9a9cf-adcf-465d-86c9-86232de4bb6f,unknown_queued,"1/4"".",Queued for review (unknown),system,2026-09-02T07:17:05.927742+00:00
2e799178-7142-4ee1-b846-fc271497dd58,unknown_queued,"12""",Queued for review (unknown),system,2026-09-02T07:17:06.133170+00:00
98e870f6-4a76-49a8-8367-00fcee1d2a82,unknown_queued,"""S/2""",Queued for review (unknown),system,2026-09-02T07:17:06.369103+00:00
94e20d1d-7ac1-4fcd-83ca-ef284c9c243a,unknown_queued,6x6-W2.9xW2.9,Queued for review (unknown),system,2026-09-02T07:17:06.701858+00:00
f757d161-f892-428f-bbe3-d38a2b68a865,unknown_queued,"3/16""",Queued for review (unknown),system,2026-09-02T07:17:06.926812+00:00
ff182590-ba16-49c5-bef2-f311b28883fd,unknown_queued,"1-1/4""",Queued for review (unknown),system,2026-09-02T07:17:07.142744+00:00
e109cc3b-ff13-47c9-9d70-fac3d6f6ea06,unknown_queued,10-3 IN,Queued for review (unknown),system,2026-09-02T07:17:07.353768+00:00
463d62b4-7eeb-42b2-8e22-9e4cdb3478e9,unknown_queued,W16x26,Queued for review (structural_section),system,2026-09-02T07:17:07.658715+00:00
5bf4981f-720a-444f-a8b0-e082165cc279,unknown_queued,C8x11.5,Queued for review (structural_section),system,2026-09-02T07:17:07.894963+00:00
b4bfbd99-edaa-485d-8cd7-7ae6480b6d38,unknown_queued,HSS8x4x1/4,Queued for review (structural_section),system,2026-09-02T07:17:08.103364+00:00
8890ab1f-3d4f-4280-8f51-a10e80e549f0,unknown_queued,(A490),Queued for review (structural_section),system,2026-09-02T07:17:08.326432+00:00
4dc7e40e-003b-4312-adf4-5854074d9ccc,unknown_queued,(A325),Queued for review (structural_section),system,2026-09-02T07:17:08.550377+00:00
77d1e3ea-994b-405a-bffd-b39e088566b7,unknown_queued,A325,Queued for review (structural_section),system,2026-09-02T07:17:08.766636+00:00
21900be0-9c0b-441e-963c-0499e1f9b23b,unknown_queued,P1/HSS12x12x1/2,Queued for review (structural_section),system,2026-09-02T07:17:09.086450+00:00
86d19f02-9852-404d-9e81-dc19d7c42725,unknown_queued,P8/W14x61,Queued for review (structural_section),system,2026-09-02T07:17:09.300977+00:00
dbc323c1-d345-41d2-b84c-798b3f2576f8,unknown_queued,"1/8""",Queued for review (unknown),system,2026-09-02T07:17:09.936424+00:00
53dd1d27-074f-4912-b3bb-ceb4137ef84d,unknown_queued,HSS18x6x3/8,Queued for review (structural_section),system,2026-09-02T07:17:10.262025+00:00
60037488-5443-40ae-8f61-64a69d4bb1aa,unknown_queued,"5/8""",Queued for review (unknown),system,2026-09-02T07:17:11.053223+00:00
49f1c73c-1238-419e-b623-6ade192bdc78,unknown_queued,"1/4""",Queued for review (unknown),system,2026-09-02T07:17:11.325728+00:00
175ece47-98f6-4ed2-985e-bdc27dcba6c9,unknown_queued,P8/HSS14x14x1/2,Queued for review (structural_section),system,2026-09-02T07:17:11.624324+00:00
d028c8dc-be4f-419f-8141-994feb0096a8,unknown_queued,HSS4x4x3/8,Queued for review (structural_section),system,2026-09-02T07:17:11.836728+00:00
bedbad1c-27f4-41ef-b8f2-eb558f007e62,unknown_queued,L4x4x3/8,Queued for review (structural_section),system,2026-09-02T07:17:12.477531+00:00
a39fc73a-80c4-4cff-a9dc-3146f6b6452f,unknown_queued,W12x26,Queued for review (structural_section),system,2026-09-02T07:17:12.898893+00:00
8ffac56c-bb1a-4fd0-bde4-a0dce0b6988c,unknown_queued,"c=3/4""",Queued for review (unknown),system,2026-09-02T07:17:14.170078+00:00
df82c9d5-f86e-44a7-a7e1-59c660082d41,unknown_queued,HSS8x8x5/8,Queued for review (structural_section),system,2026-09-02T07:17:14.512032+00:00
2997628c-069b-4732-90a8-93bb50e3d07d,unknown_queued,HSS8x4x1/2,Queued for review (structural_section),system,2026-09-02T07:17:14.830746+00:00
50800228-7e4d-44ad-9115-e269b24d8161,unknown_queued,W30x99,Queued for review (structural_section),system,2026-09-02T07:17:15.134157+00:00
ee02d926-e450-4227-ae7a-2e6a4592c5df,unknown_queued,"c=3/4""""",Queued for review (unknown),system,2026-09-02T07:17:15.446335+00:00
5e0e3d06-6ba9-457c-8700-9e90dc02710f,unknown_queued,W21x50,Queued for review (structural_section),system,2026-09-02T07:17:15.699946+00:00
c76a0666-748f-45e0-99cd-17f29e4bd9ee,unknown_queued,W36x247,Queued for review (structural_section),system,2026-09-02T07:17:16.903959+00:00
d7b1830e-2e4d-4013-8eaa-a5d320b7a650,unknown_queued,W18x35,Queued for review (structural_section),system,2026-09-02T07:17:18.875802+00:00
689315e2-69a8-4baf-a121-d2fb326102ee,unknown_queued,HSS16x4x1/4,Queued for review (structural_section),system,2026-09-02T07:17:19.975695+00:00
58dd88c1-4b93-4f56-9a0a-b77fe4ba06f6,unknown_queued,W36x210,Queued for review (structural_section),system,2026-09-02T07:17:20.187585+00:00
d30d70d5-716d-4a38-aacf-a009f74f5c6b,unknown_queued,W24x68,Queued for review (structural_section),system,2026-09-02T07:17:22.154365+00:00
e537f542-816f-4479-8e08-9c573e2d37c1,unknown_queued,W18x50,Queued for review (structural_section),system,2026-09-02T07:17:22.676844+00:00
45443acd-9ed0-46f2-bf0c-66bf436f1b8f,unknown_queued,HSS16x8x1/2,Queued for review (structural_section),system,2026-09-02T07:17:23.429299+00:00
d7c07bee-f4af-48e3-bd18-78b710d1107f,unknown_queued,"7/8""",Queued for review (unknown),system,2026-09-02T07:17:23.662547+00:00
5dffb031-cddf-44f5-b137-e61e4e00f79c,unknown_queued,HSS14X14X1/2,Queued for review (structural_section),system,2026-09-02T07:17:24.928745+00:00
b3b34ee4-4d78-439a-a795-cc35ecb2dd85,unknown_queued,HSS14x0.5,Queued for review (structural_section),system,2026-09-02T07:17:25.841501+00:00
894ff537-143b-4ac5-852c-7ca23d7a21fa,unknown_queued,HSS24x12x5/8,Queued for review (structural_section),system,2026-09-02T07:17:27.902300+00:00
4a95ff79-fe05-4256-a54d-3adf309d186a,unknown_queued,"3/8""",Queued for review (unknown),system,2026-09-02T07:17:28.130380+00:00
78a121e1-34c9-46f7-bb43-207be684532a,unknown_queued,HSS8X6,Queued for review (structural_section),system,2026-09-02T07:17:32.326864+00:00
401884b9-9288-4d80-8e43-614fc9cd3f26,unknown_queued,HSS8x8x3/8,Queued for review (structural_section),system,2026-09-02T07:17:34.977757+00:00
2c69fff6-b0f8-4b1a-aaef-02e1c78459ec,unknown_queued,"1/2""W",Queued for review (unknown),system,2026-09-02T07:17:37.612720+00:00
b0a2171b-9ca3-42cb-b7fd-2dcbd1bf14fd,unknown_queued,"L4x4x1/4x4""",Queued for review (structural_section),system,2026-09-02T07:17:37.819104+00:00
4f316048-2cfd-4a6f-a549-9737712dffd3,unknown_queued,"L4x4x3/8"";",Queued for review (structural_section),system,2026-09-02T07:17:38.029956+00:00
b7cdef2e-b7c9-490d-b549-9e74a8c6d256,unknown_queued,L3x3x1/4@8',Queued for review (structural_section),system,2026-09-02T07:17:38.244866+00:00
41641558-7c67-4ff1-a04b-8ff9ccfa50d8,unknown_queued,"L6x4x5/16x4""",Queued for review (structural_section),system,2026-09-02T07:17:38.454523+00:00
3e7e6541-4211-4024-8b05-a354bafe8e61,unknown_queued,"L6x4x1/4x4""",Queued for review (structural_section),system,2026-09-02T07:17:38.676393+00:00
fc809486-cd49-42e4-ab23-3d5348e6975e,unknown_queued,"1/4""x1",Queued for review (unknown),system,2026-09-02T07:17:39.011560+00:00
f7bf76e2-efa3-4e93-9b3c-4d382edc6e4a,unknown_queued,14-2 IN,Queued for review (unknown),system,2026-09-02T07:17:39.381315+00:00
3d6cedc5-8291-47c8-a486-180b8f30cd48,unknown_queued,"1/16""",Queued for review (unknown),system,2026-09-02T07:17:39.636716+00:00
0a4c6a94-867f-42d6-93ea-1e884591e7ce,unknown_queued,"(4)-3/4""",Queued for review (unknown),system,2026-09-02T07:17:40.197981+00:00
bbfd72d6-4cfa-447f-9eaa-defb53a21395,unknown_queued,"2""",Queued for review (unknown),system,2026-09-02T07:17:40.505791+00:00
00d4dffa-b908-41d9-abbe-c22086491e21,unknown_queued,"20""",Queued for review (unknown),system,2026-09-02T07:17:41.086113+00:00
3941068e-76d0-4590-b76a-d0e14e97ea80,unknown_queued,L3x3x1/4,Queued for review (structural_section),system,2026-09-02T07:17:41.392981+00:00
a9beed1c-9671-4fd0-a943-034235473428,unknown_queued,L4x4,Queued for review (structural_section),system,2026-09-02T07:17:41.734656+00:00
bddfe544-dbab-44cd-baa8-3e9db52ae8d1,unknown_queued,"L4x4x1/4x4'-3""",Queued for review (structural_section),system,2026-09-02T07:17:41.979797+00:00
ba6f8a44-eabb-4237-a968-45f9201729f9,unknown_queued,"5/8""x24""",Queued for review (unknown),system,2026-09-02T07:17:42.459453+00:00
ada2cf70-0e1b-4d14-83a7-44b1a3ae4b8d,unknown_queued,"5/16""",Queued for review (unknown),system,2026-09-02T07:17:42.686952+00:00
5f25002b-8b5c-47bb-a91f-eb034cf2fd06,unknown_queued,L4x4x5/16,Queued for review (structural_section),system,2026-09-02T07:17:43.043975+00:00
ba0d8cf2-99b0-4b61-9b2c-ed51764ac9b9,unknown_queued,W18x36,Queued for review (structural_section),system,2026-09-02T07:17:43.315887+00:00
bca71718-cde2-45c9-b059-461a9c2726c9,unknown_queued,"L5x3x3/8x6""",Queued for review (structural_section),system,2026-09-02T07:17:43.549936+00:00
4c50753c-b0ea-4fff-9006-922c7ce70e58,unknown_queued,L5x3,Queued for review (structural_section),system,2026-09-02T07:17:43.761017+00:00
a56727d9-fb87-4fbd-9a4a-9d46356db07c,unknown_queued,L2x2x10,Queued for review (structural_section),system,2026-09-02T07:17:44.010474+00:00
41b9a9eb-cf19-409c-b340-3dbf3f7d2887,unknown_queued,"L4x4x3/8""",Queued for review (structural_section),system,2026-09-02T07:17:44.537623+00:00
ae3d30ef-415c-4065-b3e5-0a077cf5dabd,unknown_queued,"(1/2""",Queued for review (unknown),system,2026-09-02T07:17:44.731526+00:00
de2680f5-bffc-490c-a98e-35507f9e69db,unknown_queued,"3/4""PL",Queued for review (unknown),system,2026-09-02T07:17:45.061288+00:00
64a87c34-5eea-47d4-aa21-cc7a1cfd711a,unknown_queued,"L4x4x1/4""x5""",Queued for review (structural_section),system,2026-09-02T07:17:45.310750+00:00
e12a87a7-27ec-4ade-85b6-997abc513b73,unknown_queued,"3 / 4 """,Queued for review (unknown),system,2026-09-02T07:17:45.527122+00:00
88b23bb7-9dfb-4b8a-be6d-64d7c66780da,unknown_queued,L3x3x1/4@4',Queued for review (structural_section),system,2026-09-02T07:17:45.911081+00:00
acb29417-38f1-4323-b4e7-fc55e2f71d46,unknown_queued,"1""",Queued for review (unknown),system,2026-09-02T07:17:46.109920+00:00
04070783-cb5c-49fe-9e5e-269503445ff6,unknown_queued,"(2)3/4""",Queued for review (unknown),system,2026-09-02T07:17:46.403516+00:00
8d35a55a-208e-4adf-97b2-fd4c48d46fbc,unknown_queued,"±3/4""",Queued for review (unknown),system,2026-09-02T07:17:46.643853+00:00
01d55b5d-2379-437e-9a88-bdbbeac8c409,unknown_queued,HSS8x4x3/8,Queued for review (structural_section),system,2026-09-02T07:17:46.861605+00:00
ce699be5-fc8f-4c4f-8763-dd79dc4c2423,unknown_queued,"1/2""x3/8""",Queued for review (unknown),system,2026-09-02T07:17:47.419396+00:00
b136de57-3bf7-42e4-bfea-939373c01893,unknown_queued,"1/4""x4""",Queued for review (unknown),system,2026-09-02T07:17:47.884125+00:00
3c9632e8-16d2-40da-aae9-a98cdd641fe2,unknown_queued,"3/8""x6""",Queued for review (unknown),system,2026-09-02T07:17:48.379391+00:00
0beb5719-68f6-4fc0-89dd-a04dd8ef1392,unknown_queued,"L4x4x1/2x6""",Queued for review (structural_section),system,2026-09-02T07:17:48.643425+00:00
c855c845-a33e-47a4-b49c-cb61cdb3cb33,unknown_queued,L4x4x1/4,Queued for review (structural_section),system,2026-09-02T07:17:48.998512+00:00
5df9bd0c-dca3-48d9-9673-4bcace0242b3,unknown_queued,W8x31,Queued for review (structural_section),system,2026-09-02T07:17:49.248779+00:00
ac3c6a08-fa11-4449-9f59-e8a75cabfc92,unknown_queued,"L6x4x3/4,",Queued for review (structural_section),system,2026-09-02T07:17:49.580696+00:00
386b8ead-953c-4f10-80cc-5ae967e7ae7a,unknown_queued,"1/2""x5""x5""",Queued for review (unknown),system,2026-09-02T07:17:50.806735+00:00
e0d4c9ea-1845-4613-9a2b-58a54729aaf0,unknown_queued,1/2x4x4,Queued for review (unknown),system,2026-09-02T07:17:51.497044+00:00
4264205c-2c2d-4694-84dc-940f15b22e1f,unknown_queued,C8x11.5@,Queued for review (structural_section),system,2026-09-02T07:17:51.869048+00:00
9455ece0-bb11-448e-89ac-1462fabe7643,unknown_queued,"L8x4x7/16x1'-0"",",Queued for review (structural_section),system,2026-09-02T07:17:52.464973+00:00
d3cdede7-68b1-4435-9b6c-f656ea599e08,unknown_queued,HSS3x3x3/8,Queued for review (structural_section),system,2026-09-02T07:17:52.811732+00:00
f2b3d0b3-0993-4a6f-b875-62c3489faf52,unknown_queued,HSS8x8,Queued for review (structural_section),system,2026-09-02T07:17:53.038778+00:00
db57d3cb-c13d-418c-9cf3-451689e132f5,unknown_queued,2L4x4,Queued for review (structural_section),system,2026-09-02T07:17:53.296245+00:00
05671920-a3b6-4825-a030-a2a13cc9bc0d,unknown_queued,"1/2""x16""x1'-4""",Queued for review (unknown),system,2026-09-02T07:17:53.517945+00:00
319ecf09-884b-4799-89c1-6c7252c2a441,unknown_queued,"3/4""Ø",Queued for review (unknown),system,2026-09-02T07:17:53.743647+00:00
2ee9ac83-bc2d-426b-816d-b754e90a695f,unknown_queued,HSS10x10,Queued for review (structural_section),system,2026-09-02T07:17:53.957834+00:00
679bd28a-5744-4647-b760-e11fdeec9857,unknown_queued,L5x5,Queued for review (structural_section),system,2026-09-02T07:17:54.202778+00:00
a12cb44f-7acc-48d2-9027-1b523029beec,unknown_queued,"L3x3x1/4""",Queued for review (structural_section),system,2026-09-02T07:17:54.870639+00:00
d8a1e5fe-293c-432f-bac3-e5ccb5120925,unknown_queued,"L4x4x1/4""@EA",Queued for review (structural_section),system,2026-09-02T07:17:55.183024+00:00
3e197f8f-798b-4fff-9888-0965b23be50e,unknown_queued,"L6x4x3/8""",Queued for review (structural_section),system,2026-09-02T07:17:55.393804+00:00
858516da-2384-4f79-b0c3-b0191dd78a1b,unknown_queued,L7x7x1/2,Queued for review (structural_section),system,2026-09-02T07:17:55.634672+00:00
6439b2d2-c147-4891-9f91-47f2a84ab9de,unknown_queued,HSS14x10,Queued for review (structural_section),system,2026-09-02T07:17:55.844624+00:00
bd856b98-100d-4049-8d62-405b81f4ba64,unknown_queued,L6x3,Queued for review (structural_section),system,2026-09-02T07:17:56.170175+00:00
100f6a80-81e3-4af9-bac6-f511bee107f4,unknown_queued,HSS14x14,Queued for review (structural_section),system,2026-09-02T07:17:56.471409+00:00
ec3f491f-303e-4ba1-b862-0e45188a991b,unknown_queued,W14x82,Queued for review (structural_section),system,2026-09-02T07:17:56.769827+00:00
3206e681-61cf-4881-85b4-4ba3d3a7f274,unknown_queued,HSS12x12x1/2,Queued for review (structural_section),system,2026-09-02T07:17:56.992168+00:00
549de786-ab45-4b99-b604-933246884695,unknown_queued,W12x79,Queued for review (structural_section),system,2026-09-02T07:17:57.284012+00:00
22a64ae4-7ba2-47cd-bf70-9b943fffce9e,unknown_queued,2L8x8x5/8,Queued for review (structural_section),system,2026-09-02T07:17:57.956724+00:00
4fcefa63-ae24-44bb-aa06-61c094b13a8a,unknown_queued,W18x311,Queued for review (structural_section),system,2026-09-02T07:17:58.282134+00:00
e4ba0c2d-0d58-474f-aef0-fc06b99bad4a,unknown_queued,HSS12x12x3/8,Queued for review (structural_section),system,2026-09-02T07:17:58.668122+00:00
ea9d008b-aa90-4300-89c2-33b80687bd0d,unknown_queued,"3/4""x8""",Queued for review (unknown),system,2026-09-02T07:17:59.413924+00:00
c249d8dd-6d43-43be-af80-613541e77fe5,unknown_queued,C4X5.4,Queued for review (structural_section),system,2026-09-02T07:18:00.202852+00:00
0a15559f-d0f5-4d37-96ef-3a42b7c88045,unknown_queued,HSS8X4,Queued for review (structural_section),system,2026-09-02T07:18:00.415963+00:00
8ff8eeb5-3b51-4365-8189-1667701bb711,unknown_queued,W12X65,Queued for review (structural_section),system,2026-09-02T07:18:00.631636+00:00
28964adb-a0fa-473f-84e0-584eba8cdfb1,unknown_queued,W18X40,Queued for review (structural_section),system,2026-09-02T07:18:00.846656+00:00
881d2eb9-4147-4d00-b4b6-2295438de2f3,unknown_queued,W8X10,Queued for review (structural_section),system,2026-09-02T07:18:01.053513+00:00
8269ac43-4306-41c5-9965-788dc2cc0d53,unknown_queued,W10X12,Queued for review (structural_section),system,2026-09-02T07:18:01.263008+00:00
ed3c4b83-0312-4106-a573-6577a8be0cfc,unknown_queued,W12X19,Queued for review (structural_section),system,2026-09-02T07:18:01.480855+00:00
6ea4478c-3ed7-4e97-9f3f-7c32e415892b,unknown_queued,W14X61,Queued for review (structural_section),system,2026-09-02T07:18:01.693097+00:00
8f3f5b81-52bb-4839-8b4b-baa21755f114,unknown_queued,HSS14X6X5/8,Queued for review (structural_section),system,2026-09-02T07:18:01.945329+00:00
40ca2635-548d-4db9-b01c-205fe6426f98,unknown_queued,W12X30,Queued for review (structural_section),system,2026-09-02T07:18:02.217735+00:00
a539533d-65e0-4d89-bcd1-08d77007b63f,unknown_queued,W12X22,Queued for review (structural_section),system,2026-09-02T07:18:02.402173+00:00
2361ff43-a37a-486c-9b21-45e8415fea4c,unknown_queued,W10X22,Queued for review (structural_section),system,2026-09-02T07:18:02.643831+00:00
fbeb9b46-c134-4425-b2ce-07233e423cf9,unknown_queued,W12X40,Queued for review (structural_section),system,2026-09-02T07:18:03.912747+00:00
b0b433dd-9f4e-4090-8310-53f036b4ef3f,unknown_queued,W12X53,Queued for review (structural_section),system,2026-09-02T07:18:04.119425+00:00
48c2d5fa-42ee-4eca-a247-28dfccb91470,unknown_queued,W16X31,Queued for review (structural_section),system,2026-09-02T07:18:04.921103+00:00
91c9cc8d-fc33-4e34-a222-f174451c581e,unknown_queued,HSS8X8X1/2,Queued for review (structural_section),system,2026-09-02T07:18:05.130157+00:00
53670110-d84b-4c39-bcb7-e852eac50ae3,unknown_queued,HSS20X12X1/2,Queued for review (structural_section),system,2026-09-02T07:18:05.461757+00:00
77c8643b-cafb-40a3-88be-6c38dbead55b,unknown_queued,W30X90,Queued for review (structural_section),system,2026-09-02T07:18:05.845477+00:00
d8e9b1b3-a0d6-4c56-961b-415dad15182e,unknown_queued,W36X135,Queued for review (structural_section),system,2026-09-02T07:18:06.059504+00:00
16670198-d145-45cf-ae4d-c7a2adcaa035,unknown_queued,W33X130,Queued for review (structural_section),system,2026-09-02T07:18:06.250579+00:00
03e2c10b-3020-43f4-8409-92c4462635d8,unknown_queued,W24X76,Queued for review (structural_section),system,2026-09-02T07:18:06.444092+00:00
07dca4f6-c09a-472a-b495-4127144823bb,unknown_queued,W24X84,Queued for review (structural_section),system,2026-09-02T07:18:06.846714+00:00
90507c69-eae0-4ed9-9c5b-5563ab26b48e,unknown_queued,W21X62,Queued for review (structural_section),system,2026-09-02T07:18:07.061772+00:00
32bd4f0e-ac64-4d11-96b5-5a0f3b6186b3,unknown_queued,W30X124,Queued for review (structural_section),system,2026-09-02T07:18:07.309869+00:00
7e3b3c44-cb1b-43f5-ad08-4d46808946b2,unknown_queued,W27X114,Queued for review (structural_section),system,2026-09-02T07:18:07.529730+00:00
88dcc389-bb9d-4777-b3aa-a20b83c13eaf,unknown_queued,W33X152,Queued for review (structural_section),system,2026-09-02T07:18:07.869999+00:00
6ced7cb1-6d9b-402d-ace6-b437e3987844,unknown_queued,W33X118,Queued for review (structural_section),system,2026-09-02T07:18:08.187818+00:00
fa18498b-fae5-443f-826a-97d6fcfe096a,unknown_queued,W21X48,Queued for review (structural_section),system,2026-09-02T07:18:09.020023+00:00
1c776657-7a9e-4754-a823-f78902ea24d2,unknown_queued,W36X194,Queued for review (structural_section),system,2026-09-02T07:18:09.305026+00:00
c1434ab6-8514-4b5c-b6d0-72072c3cd755,unknown_queued,W30X116,Queued for review (structural_section),system,2026-09-02T07:18:09.903132+00:00
046fadad-95ab-4e45-8bf8-4274bc72ea41,unknown_queued,W27X84,Queued for review (structural_section),system,2026-09-02T07:18:11.079383+00:00
6794b1e3-5195-47ff-985f-a8b5107a2e7b,unknown_queued,W33X141,Queued for review (structural_section),system,2026-09-02T07:18:11.445595+00:00
60319cb9-ff36-45fe-b680-5e861fe151bf,unknown_queued,W36X150,Queued for review (structural_section),system,2026-09-02T07:18:12.137414+00:00
89110d69-a12b-4217-b1cc-cda07077041a,unknown_queued,W36X170,Queued for review (structural_section),system,2026-09-02T07:18:12.484699+00:00
2049155e-781c-4e7a-9b71-21afc773f6d7,unknown_queued,HSS10X10X1/2,Queued for review (structural_section),system,2026-09-02T07:18:12.898064+00:00
4267b9ce-5aa1-4813-b882-0ebda27a9b33,unknown_queued,HSS20X8X1/2,Queued for review (structural_section),system,2026-09-02T07:18:13.111374+00:00
985d0056-bbbe-41f2-bfd4-1908341fe259,unknown_queued,W24X55,Queued for review (structural_section),system,2026-09-02T07:18:13.440311+00:00
1a00b233-5a4a-4cbe-a456-fc53a8132e96,unknown_queued,W40X183,Queued for review (structural_section),system,2026-09-02T07:18:14.861480+00:00
3e4d7d59-19d9-4310-9ffb-e43f565eaaa7,unknown_queued,W16X40,Queued for review (structural_section),system,2026-09-02T07:18:15.127332+00:00
ed1c6038-bfdc-4ba2-b2ce-5d1ac5e1a909,unknown_queued,W21X55,Queued for review (structural_section),system,2026-09-02T07:18:15.513777+00:00
fbccb7e7-5075-41ee-ad72-8112b871352c,unknown_queued,W18X60,Queued for review (structural_section),system,2026-09-02T07:18:15.741641+00:00
d97e87f9-f501-4494-b8f5-6806905b3238,unknown_queued,W21X44,Queued for review (structural_section),system,2026-09-02T07:18:16.348950+00:00
5d882159-dedc-422d-b759-0c6cbb0fb8e1,unknown_queued,W18X65,Queued for review (structural_section),system,2026-09-02T07:18:16.620279+00:00
530a1bf3-4e01-4bf1-873b-4c4d72516157,unknown_queued,W30X108,Queued for review (structural_section),system,2026-09-02T07:18:16.885270+00:00
f76ad79f-5a15-4087-9a32-af27c6c4301b,unknown_queued,W14X22,Queued for review (structural_section),system,2026-09-02T07:18:17.212112+00:00
8d79c0de-28b1-4350-b4c1-ac6bbc0a2391,unknown_queued,W10X33,Queued for review (structural_section),system,2026-09-02T07:18:17.526159+00:00
8aae013f-ab30-4858-9367-a69bcfdfa855,unknown_queued,W24X62,Queued for review (structural_section),system,2026-09-02T07:18:17.794334+00:00
ac9ac73a-ccc2-4612-923b-f71f80313e84,unknown_queued,W36X231,Queued for review (structural_section),system,2026-09-02T07:18:18.498331+00:00
05ec4e37-cb31-40ac-b4fd-0c41c275ee55,unknown_queued,W27X94,Queued for review (structural_section),system,2026-09-02T07:18:21.530313+00:00
91ab3d7b-b889-439f-99cb-6a2ab3c7d074,unknown_queued,L6X6X5/16,Queued for review (structural_section),system,2026-09-02T07:18:22.863269+00:00
8f95e628-d90e-4fc7-a692-d1ce52a2d7f3,unknown_queued,C6X10.5,Queued for review (structural_section),system,2026-09-02T07:18:23.203263+00:00
aee4eb8c-797a-4018-ab5a-6da0e3bbcfdf,unknown_queued,L5X5X5/16,Queued for review (structural_section),system,2026-09-02T07:18:23.513541+00:00
e67b1dc7-fe87-4b61-8598-9b0d97d00d4e,unknown_queued,L6X4X3/8,Queued for review (structural_section),system,2026-09-02T07:18:23.732175+00:00
b4845b8c-b4b9-4fa5-9929-72b378c2baf4,unknown_queued,C12X25,Queued for review (structural_section),system,2026-09-02T07:18:23.976988+00:00
2408c016-7f74-4164-afb4-882710638568,unknown_queued,W12X106,Queued for review (structural_section),system,2026-09-02T07:18:24.187553+00:00
8ece44e3-1d42-4960-b169-8de6403fc4b2,unknown_queued,W12X152,Queued for review (structural_section),system,2026-09-02T07:18:24.401798+00:00
88384688-075b-42e9-8a3c-db8954fca359,unknown_queued,W14X159,Queued for review (structural_section),system,2026-09-02T07:18:24.614080+00:00
e7985a9a-0060-415e-92e0-8502a488758e,unknown_queued,W14X193,Queued for review (structural_section),system,2026-09-02T07:18:24.828337+00:00
de06a9e7-b3a6-43d3-94c2-4800b9a7d800,unknown_queued,W14X283,Queued for review (structural_section),system,2026-09-02T07:18:25.039545+00:00
ad627da9-6b8c-4bfa-a0e9-715a4a9ddba1,unknown_queued,W14X211,Queued for review (structural_section),system,2026-09-02T07:18:25.286297+00:00
484a494e-4ce6-45e3-b53e-4396daea5c35,unknown_queued,W14X176,Queued for review (structural_section),system,2026-09-02T07:18:25.533861+00:00
55b69515-2344-4111-84cc-33bd546a0095,unknown_queued,W14X109,Queued for review (structural_section),system,2026-09-02T07:18:25.744261+00:00
71fe70cb-598a-4148-9606-743007b7f66f,unknown_queued,W14X257,Queued for review (structural_section),system,2026-09-02T07:18:26.197994+00:00
8b2455e8-45d6-4049-9eaa-7910cbac1eea,unknown_queued,W14X145,Queued for review (structural_section),system,2026-09-02T07:18:26.494411+00:00
c23065c7-1c36-48a5-855b-e57a1df1dc42,unknown_queued,W14X132,Queued for review (structural_section),system,2026-09-02T07:18:26.766056+00:00
66dd4603-f3b3-4304-a961-e05b521ab810,unknown_queued,W14X90,Queued for review (structural_section),system,2026-09-02T07:18:27.476804+00:00
260b455b-bd39-435a-8ab3-53edadb8fb53,unknown_queued,W12X72,Queued for review (structural_section),system,2026-09-02T07:18:27.765688+00:00
d3ca25d7-15e0-4f45-beaa-4c55b435ad22,unknown_queued,W12X120,Queued for review (structural_section),system,2026-09-02T07:18:28.148286+00:00
f8a09492-bfaa-4840-9021-6665e43b3ff5,unknown_queued,HSS10X10X3/8,Queued for review (structural_section),system,2026-09-02T07:18:28.818693+00:00
1da2bbd4-2423-4791-af87-339bf913adeb,unknown_queued,W12X136,Queued for review (structural_section),system,2026-09-02T07:18:30.253107+00:00
3a771a29-e9c5-43f4-9b84-0c71d0029607,unknown_queued,W12X87,Queued for review (structural_section),system,2026-09-02T07:18:31.046324+00:00
9328eee9-6c4a-475e-9b51-cd2dc65e8180,unknown_queued,W12X96,Queued for review (structural_section),system,2026-09-02T07:18:31.447549+00:00
0052e9bb-a58c-4519-81a4-36cc6b5a30d2,unknown_queued,W12X58,Queued for review (structural_section),system,2026-09-02T07:18:32.964800+00:00
bba1bbbf-ecdd-4e17-8393-2f24fc48896b,unknown_queued,W12X45,Queued for review (structural_section),system,2026-09-02T07:18:33.282785+00:00
412fa0e0-24bf-4f5b-ba92-7250bef1612a,unknown_queued,W14X43,Queued for review (structural_section),system,2026-09-02T07:18:33.799272+00:00
1edb7025-be27-45a7-9edc-ce9ca1a4eb6a,unknown_queued,HSS10X6X3/8,Queued for review (structural_section),system,2026-09-02T07:18:34.083858+00:00
5afdae8b-42b7-4d47-aef2-41b24610e4f7,token_approved,HSS10X6X3/8,class=HSS10X6X3/8,user,2026-09-02T07:22:28.783230+00:00
5a96d3d7-75a2-4518-bb50-da4366bb9ae4,token_approved,W14X43,class=W14X43,user,2026-09-02T07:22:28.783900+00:00
d8ad050a-16db-4f6b-a6a0-ba556b668a8f,token_approved,W12X45,class=W12X45,user,2026-09-02T07:22:28.783999+00:00
418f6451-d5a7-416c-b19d-df80555c2b27,token_approved,W12X58,class=W12X58,user,2026-09-02T07:22:28.784051+00:00
ca6bc499-1712-4211-9fb8-dec15dc09fee,token_approved,W12X96,class=W12X96,user,2026-09-02T07:22:28.784139+00:00
cdc07336-ecba-436b-9018-830ee5b3326d,token_approved,W12X87,class=W12X87,user,2026-09-02T07:22:28.784188+00:00
92110c84-7d4a-4307-beac-77b94f869234,token_approved,W12X136,class=W12X136,user,2026-09-02T07:22:28.784235+00:00
a1b24089-252a-41ed-9627-960d0f48b705,token_approved,HSS10X10X3/8,class=HSS10X10X3/8,user,2026-09-02T07:22:28.784281+00:00
b423df30-bc73-4ad1-9ea0-275d52060d22,token_approved,W12X120,class=W12X120,user,2026-09-02T07:22:28.784355+00:00
613a7df6-5bde-48ec-85bf-4ebcdcd28c81,token_approved,W12X72,class=W12X72,user,2026-09-02T07:22:28.784403+00:00
f7630cc7-366f-4ca1-882d-332b955d93eb,token_approved,W14X90,class=W14X90,user,2026-09-02T07:22:28.784470+00:00
61d5a344-192c-4481-b262-3146228d3e79,token_approved,W14X132,class=W14X132,user,2026-09-02T07:22:28.784516+00:00
88f0dbd2-fa7f-44e9-8e3d-dce0dc811838,token_approved,W14X145,class=W14X145,user,2026-09-02T07:22:28.784543+00:00
7138bc90-5dd0-4d7d-b9ed-b12cb95a4436,token_approved,W14X257,class=W14X257,user,2026-09-02T07:22:28.784568+00:00
aecfe3b0-2ea0-4f61-b53c-7274216aa094,token_approved,W14X109,class=W14X109,user,2026-09-02T07:22:28.784592+00:00
cca9903a-0865-49ff-9677-15f475c4b438,token_approved,W14X176,class=W14X176,user,2026-09-02T07:22:28.785579+00:00
95134b6b-5704-48d2-857d-c7d6b53a6946,token_approved,W14X211,class=W14X211,user,2026-09-02T07:22:28.785706+00:00
1c9d8d6f-ecb8-40ff-ac6e-a6f4582e960b,token_approved,W14X283,class=W14X283,user,2026-09-02T07:22:28.785761+00:00
955210ca-38b5-4eb0-a400-a494a19a6c9d,token_approved,W14X193,class=W14X193,user,2026-09-02T07:22:28.785841+00:00
c522f3e4-ac10-4f96-9ca1-2e75cec287fb,token_approved,W14X159,class=W14X159,user,2026-09-02T07:22:28.785890+00:00
e4570ef8-d076-4fe5-ad0e-8c526ad5ce27,token_approved,W12X152,class=W12X152,user,2026-09-02T07:22:28.786013+00:00
7f687c71-602b-42a1-b3e6-8d7872dddc2f,token_approved,W12X106,class=W12X106,user,2026-09-02T07:22:28.786061+00:00
35605c09-4e26-46d0-a8d7-c60151aafaa2,token_approved,C12X25,class=C12X25,user,2026-09-02T07:22:28.786132+00:00
98d453db-0b05-416b-b739-6969acb7ad31,token_approved,L6X4X3/8,class=L6X4X3/8,user,2026-09-02T07:22:28.786178+00:00
2f56e4c4-4498-434f-bc6f-4b3a3aa477f5,token_approved,L5X5X5/16,class=L5X5X5/16,user,2026-09-02T07:22:28.786220+00:00
8eb2085b-7f72-4fd2-8ddd-6badca6995e4,token_approved,C6X10.5,class=C6X10.5,user,2026-09-02T07:22:40.932238+00:00
f48d8a12-3d3a-4e69-a1c0-2b300bac63f5,token_approved,L6X6X5/16,class=L6X6X5/16,user,2026-09-02T07:22:40.932378+00:00
e5cb7334-34cf-421a-b5e3-44671caeb4a3,token_approved,W27X94,class=W27X94,user,2026-09-02T07:22:40.932421+00:00
bb79136b-2af9-4af2-964f-0743fcc790ee,token_approved,W36X231,class=W36X231,user,2026-09-02T07:22:40.932455+00:00
57077a38-2924-4f89-8150-c862f0f09c59,token_approved,W24X62,class=W24X62,user,2026-09-02T07:22:40.932484+00:00
4a626e91-68e5-4980-9b2b-7b5a249b9306,token_approved,W10X33,class=W10X33,user,2026-09-02T07:22:40.932512+00:00
d8da244d-1f7c-413c-be96-1eaf31926850,token_approved,W14X22,class=W14X22,user,2026-09-02T07:22:40.932539+00:00
8c27aa9d-fac8-4f8c-b4b2-557175d2ce32,token_approved,W30X108,class=W30X108,user,2026-09-02T07:22:40.932565+00:00
63968571-ac40-417b-a53f-a96dfd1b0e95,token_approved,W18X65,class=W18X65,user,2026-09-02T07:22:40.932592+00:00
240caefc-6ccb-4f4b-8cc8-fd098be69c58,token_approved,W21X44,class=W21X44,user,2026-09-02T07:22:40.932620+00:00
f5688022-9377-4b15-9cec-b0b04c1ab423,token_approved,W18X60,class=W18X60,user,2026-09-02T07:22:40.932647+00:00
94fc22f2-60f6-49b2-a3f1-6b72d5c7e0c3,token_approved,W21X55,class=W21X55,user,2026-09-02T07:22:40.932673+00:00
23f189f5-2048-4f68-9ab9-1a3c08b8cc89,token_approved,W16X40,class=W16X40,user,2026-09-02T07:22:40.932699+00:00
ba62d743-dd99-4a7a-95cd-d6c12cf00131,token_approved,W40X183,class=W40X183,user,2026-09-02T07:22:40.932745+00:00
43b2daeb-4b86-4486-ab6c-e7848940e0bf,token_approved,W24X55,class=W24X55,user,2026-09-02T07:22:40.932773+00:00
069efebe-1fd6-4a4d-8dc6-72836b5a94bb,token_approved,HSS20X8X1/2,class=HSS20X8X1/2,user,2026-09-02T07:22:40.932836+00:00
d20493d8-2cb5-4a4a-bfb3-37d7a5eefb11,token_approved,HSS10X10X1/2,class=HSS10X10X1/2,user,2026-09-02T07:22:40.932882+00:00
1363e36c-cf32-465a-b6f6-38645e5027af,token_approved,W36X170,class=W36X170,user,2026-09-02T07:22:40.932909+00:00
a186c180-8bfd-4c6f-b86a-836a2509b00b,token_approved,W36X150,class=W36X150,user,2026-09-02T07:22:40.932952+00:00
7928a986-84d4-4156-a800-95f75a070c86,token_approved,W33X141,class=W33X141,user,2026-09-02T07:22:40.932977+00:00
4c52f4ab-b233-4240-aabe-c3b9e874b05e,token_approved,W27X84,class=W27X84,user,2026-09-02T07:22:40.933015+00:00
ff77c6d8-786d-45b6-859d-98a27cdf3d39,token_approved,W30X116,class=W30X116,user,2026-09-02T07:22:40.933042+00:00
20e52d5e-5989-4bac-93be-18f5a998f493,token_approved,W36X194,class=W36X194,user,2026-09-02T07:22:40.933072+00:00
9befd6f4-be32-43f1-a502-6cfa6e652f00,token_approved,W21X48,class=W21X48,user,2026-09-02T07:22:40.934708+00:00
841f95d1-2c7f-4f1c-a5e8-c7139f697bd5,token_approved,W33X118,class=W33X118,user,2026-09-02T07:22:40.934769+00:00
46ed93fd-21be-4781-93c7-e4129b771d0b,token_approved,W33X152,class=W33X152,user,2026-09-02T07:22:54.543034+00:00
d5104601-4243-47d6-b0fa-2721d7325cc6,token_approved,W27X114,class=W27X114,user,2026-09-02T07:22:54.543156+00:00
a38f40f7-9cb0-4dc9-ae5a-48fc404585ff,token_approved,W30X124,class=W30X124,user,2026-09-02T07:22:54.543201+00:00
44a0d52a-2239-4b84-9cc3-957a2109482a,token_approved,W21X62,class=W21X62,user,2026-09-02T07:22:54.543236+00:00
c7a121ff-0d03-4c70-9f92-1c631a08f030,token_approved,W24X84,class=W24X84,user,2026-09-02T07:22:54.543268+00:00
5b096529-238f-439a-bb45-d6679920e0d0,token_approved,W24X76,class=W24X76,user,2026-09-02T07:22:54.543296+00:00
e6511080-68db-43f2-8932-7a711deb7a45,token_approved,W33X130,class=W33X130,user,2026-09-02T07:22:54.543327+00:00
7e326276-044b-43f0-a247-94df2612104b,token_approved,W36X135,class=W36X135,user,2026-09-02T07:22:54.543354+00:00
c6c15946-8458-4df7-8487-a77263bbbf8d,token_approved,W30X90,class=W30X90,user,2026-09-02T07:22:54.543383+00:00
3dbb7b98-b371-471d-bd07-60c26fa0ca33,token_approved,HSS20X12X1/2,class=HSS20X12X1/2,user,2026-09-02T07:22:54.543409+00:00
75a7e6d0-67f0-4d11-9681-a084a98a1c28,token_approved,HSS8X8X1/2,class=HSS8X8X1/2,user,2026-09-02T07:22:54.543439+00:00
eee2fd3f-0607-426c-b4f5-52737332ee83,token_approved,W16X31,class=W16X31,user,2026-09-02T07:22:54.543502+00:00
ef0312b3-1be0-42b6-9233-969f4c9116ed,token_approved,W12X53,class=W12X53,user,2026-09-02T07:22:54.543558+00:00
fbbf59d8-a3c7-4925-99fe-093ca14c0663,token_approved,W12X40,class=W12X40,user,2026-09-02T07:22:54.543584+00:00
f0b48234-fc27-40a9-bed3-a1a6603086bd,token_approved,W10X22,class=W10X22,user,2026-09-02T07:22:54.543654+00:00
a2e0fee3-9859-414b-bd24-7190044186f7,token_approved,W12X22,class=W12X22,user,2026-09-02T07:22:54.543681+00:00
03ac2e60-a418-401d-90a5-5e6d2d363504,token_approved,W12X30,class=W12X30,user,2026-09-02T07:22:54.543710+00:00
9f16c896-9b34-4dab-a534-98666955c184,token_approved,HSS14X6X5/8,class=HSS14X6X5/8,user,2026-09-02T07:22:54.543738+00:00
2c2dd5d0-639f-47a4-9da2-7a80ddeec30f,token_approved,W14X61,class=W14X61,user,2026-09-02T07:22:54.543768+00:00
d334d3e2-5aba-46f9-89c0-e2d689631afa,token_approved,W12X19,class=W12X19,user,2026-09-02T07:22:54.543799+00:00
21d828bb-c8b6-4409-85ac-c3b49257960b,token_approved,W10X12,class=W10X12,user,2026-09-02T07:22:54.543829+00:00
cae09746-3843-479f-a98f-58197d81c206,token_approved,W8X10,class=W8X10,user,2026-09-02T07:22:54.543858+00:00
efe87d69-79f4-4574-8d84-e737cfc70167,token_approved,W18X40,class=W18X40,user,2026-09-02T07:22:54.543898+00:00
33dfbc6d-9bad-4228-92df-7417a17e5307,token_approved,W12X65,class=W12X65,user,2026-09-02T07:22:54.543934+00:00
84facd23-acb6-4711-af0e-1601dd7f075e,token_approved,HSS8X4,class=HSS8X4X5/8,user,2026-09-02T07:22:54.544780+00:00
5d635920-0ead-4379-b0f3-f1a083ed31dc,token_approved,C4X5.4,class=C4X5.4,user,2026-09-02T07:23:23.568263+00:00
ec457e55-5d91-440b-80b5-7a4a8e7df05f,token_approved,HSS12x12x3/8,class=HSS12X12X3/8,user,2026-09-02T07:23:23.568384+00:00
5a918205-125d-403f-9b09-88503ac873e4,token_approved,W18x311,class=W18X311,user,2026-09-02T07:23:23.568425+00:00
4d29c7a2-7823-4ace-83d1-b9f426d4c755,token_approved,2L8x8x5/8,class=2L8X8X5/8,user,2026-09-02T07:23:23.568458+00:00
94c1ae53-1afb-4aa8-812d-d079a4074375,token_approved,W12x79,class=W12X79,user,2026-09-02T07:23:23.568487+00:00
bacc7b1b-30b8-44c6-b1d5-17707e769528,token_approved,HSS12x12x1/2,class=HSS12X12X1/2,user,2026-09-02T07:23:23.568515+00:00
aeffe587-d3b2-440e-9789-a367f4e5e49f,token_approved,W14x82,class=W14X82,user,2026-09-02T07:23:23.568543+00:00
59f88fca-0fee-460e-874f-51595aa16506,token_approved,HSS14x14,class=HSS14X14X5/8,user,2026-09-02T07:23:23.568570+00:00
c34ca048-0c3b-4045-a7e4-22c8315e9f69,token_approved,L6x3,class=L6X4X3/8,user,2026-09-02T07:23:23.568597+00:00
9b6cefad-8e24-4a41-8884-797e95099c03,token_approved,HSS14x10,class=HSS14X10X1/2,user,2026-09-02T07:23:23.568623+00:00
665e020e-5715-4acd-90c2-d08584272276,token_approved,L7x7x1/2,class=L7X4X1/2,user,2026-09-02T07:23:23.568649+00:00
6e21a7c7-1663-41c3-b0ad-c38cf35c61db,token_approved,"L6x4x3/8""",class=L6X4X3/8,user,2026-09-02T07:23:23.568674+00:00
2c80ac24-818c-4159-8e28-181c3dd5f0d4,token_approved,"L4x4x1/4""@EA",class=L4X4X1/4,user,2026-09-02T07:23:23.568700+00:00
1a7b8e2d-2fa1-4a62-9bd1-7a996052eab3,token_approved,"L3x3x1/4""",class=L3X3X1/4,user,2026-09-02T07:23:23.568724+00:00
5fb38708-5abb-4642-be46-db629cfc8944,token_approved,L5x5,class=L5X3X5/16,user,2026-09-02T07:23:23.568749+00:00
9cdaaae2-ad41-4f49-9cdb-d86ad8896524,token_approved,HSS10x10,class=HSS10X10X1/2,user,2026-09-02T07:23:23.568775+00:00
e869bb60-7aa6-4821-a1e4-e05f2045798b,token_approved,2L4x4,class=2L4X4X1/4,user,2026-09-02T07:23:23.568800+00:00
6930cc40-77ce-46bf-92bd-fa303e773a15,token_approved,HSS8x8,class=HSS8X8X1/2,user,2026-09-02T07:23:23.568825+00:00
f57b0a46-8a2b-4309-b67d-8e4f6f652a4e,token_approved,HSS3x3x3/8,class=HSS3X3X3/8,user,2026-09-02T07:23:23.568909+00:00
dbbc7ab1-c367-4627-892c-0e2071f0e69a,token_approved,"L8x4x7/16x1'-0"",",class=L8X4X7/16,user,2026-09-02T07:23:23.568935+00:00
2c2fee63-38b1-425c-9a49-1c8a941e9f27,token_approved,C8x11.5@,class=C8X11.5,user,2026-09-02T07:23:23.568967+00:00
bd33ce96-f522-434b-b228-a6702a97fdc6,token_rejected,"3/4""x8""",class=,user,2026-09-02T07:23:54.761124+00:00
5ff7fecc-1d9c-4069-b028-3a92a8413c3c,token_rejected,"3/4""Ø",class=,user,2026-09-02T07:23:54.761263+00:00
cefb406e-b238-4484-9b6a-4f0bbbe0b4a4,token_rejected,"1/2""x16""x1'-4""",class=,user,2026-09-02T07:23:54.761392+00:00
e443bf71-ed8d-40a7-94c6-7db14aa11a1b,token_rejected,1/2x4x4,class=,user,2026-09-02T07:23:54.761436+00:00
548499e4-479f-4434-8d92-88525344d1db,token_rejected,"1/2""x5""x5""",class=,user,2026-09-02T07:23:54.761748+00:00
1d76b5ae-1e1e-481d-b64d-1a29915cc82c,token_rejected,"3/8""x6""",class=,user,2026-09-02T07:23:54.761850+00:00
79dd387e-4758-4be4-9821-6a9a92f0dae4,token_rejected,"1/4""x4""",class=,user,2026-09-02T07:23:54.761911+00:00
cbd57250-0cb5-45ba-a237-a64ba32a4c3e,token_rejected,"1/2""x3/8""",class=,user,2026-09-02T07:23:54.762094+00:00
5299cacb-9c9e-465d-8cbc-c391f6f97215,token_rejected,"±3/4""",class=,user,2026-09-02T07:23:54.762171+00:00
78f5a134-e268-4e1b-b038-d9779e61f886,token_rejected,"(2)3/4""",class=,user,2026-09-02T07:23:54.762215+00:00
b75e66a9-ca44-4a14-a964-c45b124019ba,token_rejected,"1""",class=,user,2026-09-02T07:23:54.762540+00:00
16b6b9eb-e7c2-4da9-bf97-3f717ae540f2,token_rejected,"3 / 4 """,class=,user,2026-09-02T07:23:54.762704+00:00
2614f2f5-db88-4cb8-8410-54dd372aba73,token_rejected,"3/4""PL",class=,user,2026-09-02T07:23:54.762739+00:00
441c2128-33a6-49e3-b6a7-62c8e99280c7,token_rejected,"(1/2""",class=,user,2026-09-02T07:23:54.762766+00:00
3cfabdb0-e857-465a-8cf8-7e521bd77373,token_rejected,L2x2x10,class=L2X2X1/4,user,2026-09-02T07:23:54.762793+00:00
4db0005a-377f-4b48-b884-ff4b3b1f8602,token_rejected,L5x3,class=L5X3X1/4,user,2026-09-02T07:23:54.762821+00:00
c0a53098-2067-4c20-8510-742d6cceed34,token_approved,"L6x4x3/4,",class=L6X4X3/4,user,2026-09-02T07:24:19.887186+00:00
ee4253e2-f080-4300-beab-bd9f85c55472,token_approved,W8x31,class=W8X31,user,2026-09-02T07:24:19.887347+00:00
a3c23d57-f3dc-4a5e-af11-aaf881ceba55,token_approved,L4x4x1/4,class=L4X4X1/4,user,2026-09-02T07:24:19.887423+00:00
f235f449-a454-4a5d-8ec5-4cd294c1d3d5,token_approved,"L4x4x1/2x6""",class=L4X4X1/2,user,2026-09-02T07:24:19.887483+00:00
52b7e495-fedf-47ad-9192-db2007bc9989,token_approved,HSS8x4x3/8,class=HSS8X4X3/8,user,2026-09-02T07:24:19.887536+00:00
a97207d3-0249-4480-98f6-7967bd7d8f45,token_approved,L3x3x1/4@4',class=L3X3X1/4,user,2026-09-02T07:24:19.887588+00:00
0dd4daab-532b-4961-aad4-f7036f2117e3,token_approved,"L4x4x1/4""x5""",class=L4X4X1/4,user,2026-09-02T07:24:19.887644+00:00
24689fd1-94d7-4751-8d8c-e8cd2bd01a8c,token_approved,"L4x4x3/8""",class=L4X4X3/8,user,2026-09-02T07:24:19.887699+00:00
e97629a8-876f-490d-8795-d7a0a8847812,token_approved,"L5x3x3/8x6""",class=L5X3X3/8,user,2026-09-02T07:24:19.887752+00:00
0b43af49-2aa7-4e3e-9b73-bdf6900c3d28,token_approved,L4x4x5/16,class=L4X4X5/16,user,2026-09-02T07:24:19.887803+00:00
5003335c-728d-4e6d-937f-52081aef44df,token_approved,"L4x4x1/4x4'-3""",class=L4X4X1/4,user,2026-09-02T07:24:19.887856+00:00
433c7fe0-2a50-4bb0-ab4a-47f0b7604e8f,token_approved,L3x3x1/4,class=L3X3X1/4,user,2026-09-02T07:24:19.887909+00:00
ede5632c-b469-47dd-a7c5-1c4fab4ebdef,token_approved,"L6x4x5/16x4""",class=L6X4X5/16,user,2026-09-02T07:24:19.887962+00:00
e9019e31-f3fb-49f2-93e6-45bcff2be75e,token_approved,L3x3x1/4@8',class=L3X3X1/4,user,2026-09-02T07:24:19.888013+00:00
6c43d47a-bd71-456c-9785-52061b48adff,token_rejected,W18x36,class=W16X36,user,2026-09-02T07:24:45.338189+00:00
892f2baa-f8d7-48c2-ab2e-324cee40d4a3,token_rejected,"5/16""",class=,user,2026-09-02T07:24:45.338262+00:00
c66c03af-947f-4446-a9d0-b8b6ba8bbb34,token_rejected,"5/8""x24""",class=,user,2026-09-02T07:24:45.338287+00:00
522748c3-d17c-4464-89e4-b83ae6c5f585,token_rejected,L4x4,class=L4X3X1/4,user,2026-09-02T07:24:45.338305+00:00
a195aa9a-4d1b-41ed-80e7-e367262c5839,token_rejected,"20""",class=,user,2026-09-02T07:24:45.338321+00:00
fe1612ea-7df4-4083-8350-367faa928bb8,token_rejected,"2""",class=,user,2026-09-02T07:24:45.338337+00:00
f259ff06-d3af-481a-bdf2-12be299070a0,token_rejected,"(4)-3/4""",class=,user,2026-09-02T07:24:45.338351+00:00
9a017f33-d348-4d01-8f43-9de1703afe35,token_rejected,"1/16""",class=,user,2026-09-02T07:24:45.338366+00:00
8a490ce0-6fb3-4aff-8772-3edced02c5cf,token_rejected,14-2 IN,class=,user,2026-09-02T07:24:45.338380+00:00
89562441-3e94-432c-9e56-95986e14b0d1,token_rejected,"1/4""x1",class=,user,2026-09-02T07:24:45.338394+00:00
aa44b5d3-95f6-4bb3-bda3-5632ac32c2c6,token_rejected,"L6x4x1/4x4""",class=L6X4X5/16,user,2026-09-02T07:24:45.338410+00:00
680ca761-cb40-4640-b0a5-8ff134fa0112,token_rejected,"1/2""W",class=,user,2026-09-02T07:24:45.338424+00:00
690f9bfa-87fe-4494-90ba-22ce8b045600,token_rejected,HSS8X6,class=W14X22,user,2026-09-02T07:24:45.338439+00:00
478256da-374f-4172-8560-fc9ee7fdd854,token_rejected,"3/8""",class=,user,2026-09-02T07:24:45.338454+00:00
07e0d2d7-1e9a-424b-9261-27b490fcafa3,token_rejected,"7/8""",class=,user,2026-09-02T07:24:45.338468+00:00
58c0f8c1-48a9-4017-b565-7348a84c9c2e,token_approved,"L4x4x3/8"";",class=L4X4X3/8,user,2026-09-02T07:24:56.793340+00:00
9592ed51-a42b-42d0-88be-dd0118458400,token_approved,"L4x4x1/4x4""",class=L4X4X1/4,user,2026-09-02T07:24:56.794463+00:00
1b5281f8-635f-4417-9373-0cda72e88e79,token_approved,HSS8x8x3/8,class=HSS8X8X3/8,user,2026-09-02T07:24:56.794539+00:00
90687bcc-68b3-47b5-bd32-11a4a020cddb,token_approved,HSS24x12x5/8,class=HSS24X12X5/8,user,2026-09-02T07:24:56.794596+00:00
c193ee28-61d7-4e97-8998-2fa98f145a92,token_approved,HSS14x0.5,class=HSS14.000X0.500,user,2026-09-02T07:24:56.794649+00:00
a5b5e5c4-9d3b-415a-9a0a-d3ede8fa4b8d,token_approved,HSS14X14X1/2,class=HSS14X14X1/2,user,2026-09-02T07:24:56.794701+00:00
2f1b404d-797c-4a05-831b-e3e9c01aa7d1,token_approved,HSS16x8x1/2,class=HSS16X8X1/2,user,2026-09-02T07:24:56.794750+00:00
490d0d8e-2b92-4f59-972b-fc0f185ed6f6,token_approved,W18x50,class=W18X50,user,2026-09-02T07:24:56.794800+00:00
68000bc6-7c06-4659-8b6c-faec22541a60,token_approved,W24x68,class=W24X68,user,2026-09-02T07:24:56.794850+00:00
18a44337-2184-4c37-8d3c-3adeb1462c94,token_approved,W36x210,class=W36X210,user,2026-09-02T07:24:56.794899+00:00
10f6680e-b12e-4c35-8a7a-e08207eedbe8,token_approved,HSS16x4x1/4,class=HSS16X4X1/4,user,2026-09-02T07:24:56.794947+00:00
7cd65edd-4b8e-48b3-af96-e0cea1974582,token_approved,W18x35,class=W18X35,user,2026-09-02T07:24:56.794998+00:00
579cb32d-f15c-419d-b35a-8284b46534bd,token_approved,W36x247,class=W36X247,user,2026-09-02T07:24:56.795046+00:00
b917f390-43d3-4eff-a9ee-e7050a6638ea,token_approved,W21x50,class=W21X50,user,2026-09-02T07:24:56.795095+00:00
bcaba24a-3794-402f-8ef3-287f40bd0e54,token_approved,W30x99,class=W30X99,user,2026-09-02T07:24:56.795153+00:00
fdd01e47-6d6c-439e-8d48-8f419e10c3d4,token_approved,HSS8x4x1/2,class=HSS8X4X1/2,user,2026-09-02T07:24:56.795204+00:00
e2bb72ea-8708-4e13-826c-22a0d8beac23,token_approved,HSS8x8x5/8,class=HSS8X8X5/8,user,2026-09-02T07:24:56.795254+00:00
5e73a5db-879d-46f5-b098-b8b261d50c5a,token_approved,W12x26,class=W12X26,user,2026-09-02T07:24:56.795311+00:00
ab50f53c-b72e-446f-b305-9bb976b93c8d,token_approved,L4x4x3/8,class=L4X4X3/8,user,2026-09-02T07:24:56.795361+00:00
b4856064-9171-49f2-bc0d-6aa69de7cf44,token_approved,HSS4x4x3/8,class=HSS4X4X3/8,user,2026-09-02T07:24:56.795408+00:00
4da2d7b9-daa3-44e2-a098-d90edc6e071b,token_approved,P8/HSS14x14x1/2,class=HSS14X14X1/2,user,2026-09-02T07:24:56.795453+00:00
9d5286f1-ef6f-498a-98b5-ad9fb40b74c7,token_approved,HSS18x6x3/8,class=HSS18X6X3/8,user,2026-09-02T07:25:17.020134+00:00
56ef3c36-1a33-4f11-bf11-8fe3c338d09c,token_approved,P8/W14x61,class=W14X61,user,2026-09-02T07:25:17.020285+00:00
9c645650-661a-4b9a-ab05-75752af40436,token_approved,P1/HSS12x12x1/2,class=HSS12X12X1/2,user,2026-09-02T07:25:17.020362+00:00
3c1dab7c-9285-4926-a928-35afafe1a66a,token_approved,HSS8x4x1/4,class=HSS8X4X1/4,user,2026-09-02T07:25:17.020450+00:00
8104dc72-81e0-48db-ac18-8f85239aeca6,token_approved,C8x11.5,class=C8X11.5,user,2026-09-02T07:25:17.020525+00:00
18fd91db-f811-4a35-a915-fa91a1200691,token_approved,W16x26,class=W16X26,user,2026-09-02T07:25:17.020565+00:00
6ad54413-11f3-49c7-aeb6-7160c37dce88,token_rejected,"c=3/4""""",class=,user,2026-09-02T07:25:26.752347+00:00
b7906317-acf4-4cee-b76a-c6f67450e703,token_rejected,"c=3/4""",class=,user,2026-09-02T07:25:26.752484+00:00
d2b19c51-b3d2-42a5-b49c-376d732fd4c2,token_rejected,"1/4""",class=,user,2026-09-02T07:25:26.752602+00:00
284b384d-cb83-4618-aae4-aea6203b0c65,token_rejected,"5/8""",class=,user,2026-09-02T07:25:26.752652+00:00
3c5ebc63-c2e1-4e85-a896-3ffce502b5d8,token_rejected,"1/8""",class=,user,2026-09-02T07:25:26.752685+00:00
87ace12c-4b7d-4425-b426-ace746dce042,token_rejected,A325,class=W14X132,user,2026-09-02T07:25:26.752713+00:00
13e9a024-6e78-4ace-bbc8-4d5e46bd272f,token_rejected,(A325),class=W14X132,user,2026-09-02T07:25:26.752741+00:00
a54076c1-d197-4cf5-b881-1a498a60d53f,token_rejected,(A490),class=W14X90,user,2026-09-02T07:25:26.752767+00:00
80585387-e0d7-41da-9f94-5c4d4c26df83,token_rejected,10-3 IN,class=,user,2026-09-02T07:25:26.752793+00:00
164dafcd-a7ef-4a7b-adf8-53857a268979,token_rejected,"1-1/4""",class=,user,2026-09-02T07:25:26.752820+00:00
93c9b6c2-af80-43c6-817d-557dbf776bc1,token_rejected,"3/16""",class=,user,2026-09-02T07:25:26.752845+00:00
62bf94a3-66b1-45f9-af3f-95fd9d51eefa,token_rejected,6x6-W2.9xW2.9,class=,user,2026-09-02T07:25:26.752871+00:00
2ff18f61-fb25-435d-b41d-bb3773460980,token_rejected,"""S/2""",class=,user,2026-09-02T07:25:26.752896+00:00
a6086ebf-5192-4f2f-9704-09d2f0409b09,token_rejected,"12""",class=,user,2026-09-02T07:25:26.752921+00:00
d79b72eb-d334-4949-8cd1-07894b59e492,token_rejected,"1/4"".",class=,user,2026-09-02T07:25:26.752946+00:00
a1414a25-61d8-4def-ac65-11cc9b461a8e,token_rejected,"3/4""",class=,user,2026-09-02T07:25:26.752970+00:00
fc919bd8-3e7f-49a9-a560-a764eeb5dbd3,token_rejected,"1/2""",class=,user,2026-09-02T07:25:26.752995+00:00
e49adf91-9131-46a0-9c6b-aa748281a41a,continuous_learning_completed,,"{""family_version"": ""family_classifier_20260902_073935"", ""exact_version"": ""exact_section_20260902_073947"", ""promotion"": {""family_classifier"": ""promoted"", ""exact_section"": ""promoted"", ""geometry"": ""prepared"", ""graph"": ""prepared"", ""fusion"": ""prepared""}}",user,2026-09-02T07:39:57.588339+00:00
e143089e-26fe-4504-9039-712d4c8f0513,unknown_queued,4x4,Queued for review (unknown),system,2026-09-02T09:00:19.304601+00:00
64f7e77f-aa20-4be1-8510-8172ae350e13,unknown_queued,"(1/16""",Queued for review (unknown),system,2026-09-02T09:00:19.707282+00:00
d6cf52e8-41d2-4f9f-b933-9d0aca14b437,unknown_queued,A325,Queued for review (structural_section),system,2026-09-02T09:00:19.999215+00:00
de7fac71-1214-4db6-b53e-c488f542f103,unknown_queued,"3/8""",Queued for review (unknown),system,2026-09-02T09:00:20.260723+00:00
132eec7d-892e-4272-9f9e-61e19bd33b5c,unknown_queued,"3/4""",Queued for review (unknown),system,2026-09-02T09:00:20.514512+00:00
4e011faa-fddc-4a78-b746-02769968a9f7,unknown_queued,"12""",Queued for review (unknown),system,2026-09-02T09:00:20.860103+00:00
97c6aa08-32bb-4e95-b862-fe5b49d7eb2c,unknown_queued,"5/8""",Queued for review (unknown),system,2026-09-02T09:00:21.217946+00:00
bf03a8a7-c516-452b-9c65-19342377c9f1,unknown_queued,"3/16""Ø",Queued for review (unknown),system,2026-09-02T09:00:21.483488+00:00
e43eac40-6d4a-4605-9217-0e48ff8c79df,unknown_queued,"1""",Queued for review (unknown),system,2026-09-02T09:00:21.730861+00:00
5464093d-3563-416a-acfe-31b133a2f5ea,unknown_queued,"1/2""",Queued for review (unknown),system,2026-09-02T09:00:22.041498+00:00
90555eb5-4b04-4860-b91c-3df39949ccd1,unknown_queued,"1/8""",Queued for review (unknown),system,2026-09-02T09:00:22.300840+00:00
7ba82855-e3e4-43b9-a89d-3cfb66aef312,unknown_queued,W18X50,Queued for review (structural_section),system,2026-09-02T09:00:22.543872+00:00
2ba76731-cf01-4ae5-b17d-a50bed4c8ce7,unknown_queued,W21X50,Queued for review (structural_section),system,2026-09-02T09:00:22.848014+00:00
97891d88-360d-42e4-aa09-cfb97eb3873b,unknown_queued,"1 1/4""",Queued for review (unknown),system,2026-09-02T09:00:23.101339+00:00
fc8c88c8-ab8d-4831-ad45-e39d8355b092,unknown_queued,"1/4""",Queued for review (unknown),system,2026-09-02T09:00:23.362933+00:00
8ea33b03-f4e5-4b56-b03a-1542652f14a7,unknown_queued,W10X19,Queued for review (structural_section),system,2026-09-02T09:00:23.657423+00:00
fe047557-27ea-4f2d-a739-218749fc0030,unknown_queued,W12X26,Queued for review (structural_section),system,2026-09-02T09:00:24.460750+00:00
2163caa6-c15c-4c70-ac47-5b2f60f4cb13,unknown_queued,W12X30,Queued for review (structural_section),system,2026-09-02T09:00:26.535786+00:00
814f6d34-5a9c-435d-9dea-528dbc4a3c06,unknown_queued,HSS14X6X1/2,Queued for review (structural_section),system,2026-09-02T09:00:26.969448+00:00
f06f19e9-0801-4787-a208-ca561846c4c5,unknown_queued,HSS20X8X5/8,Queued for review (structural_section),system,2026-09-02T09:00:27.857246+00:00
8a54c544-ca85-446d-b869-66ce29b34dae,unknown_queued,W8x31,Queued for review (structural_section),system,2026-09-02T09:00:28.524802+00:00
8658c4de-480d-417f-894e-a56c7383eb63,unknown_queued,W14X22,Queued for review (structural_section),system,2026-09-02T09:00:29.808559+00:00
264d8449-da05-4aa3-a0ad-9606bce2a276,unknown_queued,HSS14X6X5/8,Queued for review (structural_section),system,2026-09-02T09:00:30.702925+00:00
67e6ee05-1727-4134-934c-b3b786ba987c,unknown_queued,L4X4X3/8,Queued for review (structural_section),system,2026-09-02T09:00:31.385415+00:00
97026ed6-a655-4d7a-a991-c7d2f672f55d,unknown_queued,"5/8""ø",Queued for review (unknown),system,2026-09-02T09:00:31.915030+00:00
a2803575-b975-446b-8be9-fcf8b1c14be2,unknown_queued,6x6,Queued for review (unknown),system,2026-09-02T09:00:32.158630+00:00
d1df45d5-fab1-4ac0-bbab-e858282f7c97,unknown_queued,"1-1/2""",Queued for review (unknown),system,2026-09-02T09:00:32.470872+00:00
fececf36-15ec-447e-b35b-d5c109be2df9,unknown_queued,"3/4""Ø",Queued for review (unknown),system,2026-09-02T09:00:32.829089+00:00
b3cd3632-9ca5-49ff-936e-d17776ee0121,unknown_queued,"14-2"".",Queued for review (unknown),system,2026-09-02T09:00:33.136087+00:00
949fffb5-d4a5-4476-a8a2-ca6a09822544,unknown_queued,"5/16""",Queued for review (unknown),system,2026-09-02T09:00:33.398537+00:00
e3063768-ddd0-4429-8bf2-0d20517f5d00,unknown_queued,"1""⌀STUDS",Queued for review (unknown),system,2026-09-02T09:00:33.701311+00:00
f1a1d8c7-581c-455a-9613-f7a2dbf9734c,unknown_queued,"7-7/8""",Queued for review (unknown),system,2026-09-02T09:00:34.008456+00:00
160339c2-3fe5-4fd0-b47e-355ccdaf7dbd,unknown_queued,"3/16 """,Queued for review (unknown),system,2026-09-02T09:00:34.403796+00:00
dfc6a0ad-8b9f-40bf-9790-012c01f133c3,unknown_queued,"1/4 """,Queued for review (unknown),system,2026-09-02T09:00:34.664495+00:00
517b705d-e4e9-414a-a6c7-430e2143710f,unknown_queued,"5/16 """,Queued for review (unknown),system,2026-09-02T09:00:34.917994+00:00
ef32afdf-3822-420d-9c2e-d66475e61fc6,unknown_queued,"3/8 """,Queued for review (unknown),system,2026-09-02T09:00:35.169442+00:00
5cde87f5-ed9c-48bb-a9be-31a375ad1983,unknown_queued,"1/2""ø",Queued for review (unknown),system,2026-09-02T09:00:35.470359+00:00
651f1dc9-15d3-4b3e-991b-8d9d5f3edc07,unknown_queued,"1/2""⌀x",Queued for review (unknown),system,2026-09-02T09:00:35.773201+00:00
3cd5ee59-a570-47aa-ae21-f27ac058fecb,unknown_queued,L3x3x1/4,Queued for review (structural_section),system,2026-09-02T09:00:36.035229+00:00
e9e23f5c-c5b8-451f-bddb-32f53b177e08,unknown_queued,"3/8""x4""",Queued for review (unknown),system,2026-09-02T09:00:36.381715+00:00
289d40f3-3675-49c4-a74c-bee4f2f3d436,unknown_queued,"L3X3X3/8X0'-6""",Queued for review (structural_section),system,2026-09-02T09:00:36.905355+00:00
737746b6-70eb-4045-9952-e335b5341fa2,unknown_queued,L5x3-1/2x3/8,Queued for review (structural_section),system,2026-09-02T09:00:37.307888+00:00
3429f884-7070-4994-9fd6-aaadfd4f01e0,unknown_queued,W12X252,Queued for review (structural_section),system,2026-09-02T09:00:37.641360+00:00
ae2012ff-c82c-4c08-aea0-ff8c01635c46,unknown_queued,W14X43,Queued for review (structural_section),system,2026-09-02T09:00:38.092039+00:00
9d7ab480-3f0c-44ec-bd5b-ab7791c4f4f3,unknown_queued,"L3X3X5/16,",Queued for review (structural_section),system,2026-09-02T09:00:39.335948+00:00
691bc336-3fa9-4d88-aa44-4cbf66d95279,unknown_queued,"L4X4X3/8X0'-8""",Queued for review (structural_section),system,2026-09-02T09:00:39.610045+00:00
f6cbfce0-f318-49c9-93e0-5b4bb50a2ec5,unknown_queued,"L3x3x1/4x0'-3"",",Queued for review (structural_section),system,2026-09-02T09:00:39.890164+00:00
bcabfb76-f892-4936-9b5d-3124c0c6d58e,unknown_queued,"3/4""⌀x6""",Queued for review (unknown),system,2026-09-02T09:00:40.201190+00:00
fd931bd1-4c6b-4153-b6d9-f8cca0e36984,unknown_queued,"1/2""@",Queued for review (unknown),system,2026-09-02T09:00:40.582060+00:00
22f6c5ad-b8ed-41ae-9912-9d754f5ce3af,unknown_queued,"L4x3x1/4x6""",Queued for review (structural_section),system,2026-09-02T09:00:41.021930+00:00
53f37b6a-d8f1-49e5-ba1f-1075644a8523,unknown_queued,"L4x3x1/4x1'-0""",Queued for review (structural_section),system,2026-09-02T09:00:41.302254+00:00
5c061ab2-9d7d-4f20-9de9-fffb3ec663e8,unknown_queued,"L4x3x1/4x2'-0""",Queued for review (structural_section),system,2026-09-02T09:00:42.064206+00:00
1a5fee84-9395-4654-8a11-8115c6280a5d,unknown_queued,2L3x3x1/4,Queued for review (structural_section),system,2026-09-02T09:00:42.386440+00:00
0a985ad3-1e20-4000-8d9c-102850a27a12,unknown_queued,"L4X3X3/8X0'-6""",Queued for review (structural_section),system,2026-09-02T09:00:43.164856+00:00
0b2ea8c2-10d2-47b9-a4d7-b41373e086c1,unknown_queued,L6x3-1/2x3/8,Queued for review (structural_section),system,2026-09-02T09:00:43.441892+00:00
8a006fad-38f9-4366-9bdc-ac4b16a13ce0,unknown_queued,"L3X3X3/8X0'-10""",Queued for review (structural_section),system,2026-09-02T09:00:43.836693+00:00
88823cdb-204d-48eb-b877-2cda5f41dada,unknown_queued,L4X3-1/2X5/16,Queued for review (structural_section),system,2026-09-02T09:00:44.090731+00:00
f8555a65-168a-40d7-ac79-65b28af7e415,unknown_queued,HSS6X6X3/8,Queued for review (structural_section),system,2026-09-02T09:00:44.486916+00:00
3ba47975-ed9e-4365-970b-436a38aca43c,unknown_queued,HSS8X6X3/8,Queued for review (structural_section),system,2026-09-02T09:00:44.970847+00:00
a51df010-d91f-48f4-9fd8-e0547611ee1e,unknown_queued,HSS6X6X1/2,Queued for review (structural_section),system,2026-09-02T09:00:45.633321+00:00
a4fc8393-269d-45e7-8b7b-e1b522e9c0f5,unknown_queued,"3/4""x18""x18""",Queued for review (unknown),system,2026-09-02T09:00:47.634533+00:00
6b8840e6-414e-4286-8489-ad3d8d11cf96,unknown_queued,HSS10X0.625,Queued for review (structural_section),system,2026-09-02T09:00:48.391811+00:00
af82cc9f-5a57-4e5b-8151-582bb046c03a,unknown_queued,W10X60,Queued for review (structural_section),system,2026-09-02T09:00:48.655100+00:00
75f61800-4536-4fb8-a044-940bd92e1ce2,unknown_queued,HSS10X0.500,Queued for review (structural_section),system,2026-09-02T09:00:49.038362+00:00
c9a65386-5e5d-457f-9111-a0667a5e29b6,unknown_queued,W8X40,Queued for review (structural_section),system,2026-09-02T09:00:49.866056+00:00
332f0914-e498-47c7-a2f8-9849df59cea6,unknown_queued,"5/8"")-H(-1'",Queued for review (unknown),system,2026-09-02T09:00:50.172743+00:00
312f2b76-148f-44b8-9a9a-a65a38739023,unknown_queued,"3/4""x16""x16""",Queued for review (unknown),system,2026-09-02T09:00:50.498116+00:00
c8a4e45a-1a2f-4657-8733-8511e5f494c7,unknown_queued,W12X106,Queued for review (structural_section),system,2026-09-02T09:00:50.808807+00:00
8385e7c2-eb84-4bba-9120-d83c831a8210,unknown_queued,W12X120,Queued for review (structural_section),system,2026-09-02T09:00:51.072787+00:00
e09d6c59-cc38-4413-ac79-d03556e84887,unknown_queued,W14X61,Queued for review (structural_section),system,2026-09-02T09:00:51.335298+00:00
a1007f1a-43a3-460d-b28c-d1836713084e,unknown_queued,W14X68,Queued for review (structural_section),system,2026-09-02T09:00:51.588129+00:00
2e901296-7fb3-4be4-89bf-1d3cf25d0838,unknown_queued,W14X82,Queued for review (structural_section),system,2026-09-02T09:00:51.951590+00:00
242d81ac-c174-4360-a071-1e85562aef58,unknown_queued,W14X90,Queued for review (structural_section),system,2026-09-02T09:00:52.239106+00:00
7e1ddfc9-b669-4146-822e-70cabec7480e,unknown_queued,W14X132,Queued for review (structural_section),system,2026-09-02T09:00:52.516581+00:00
58917ea1-590a-4aa7-9bc8-5bbd4deeb406,unknown_queued,W14X145,Queued for review (structural_section),system,2026-09-02T09:00:52.770230+00:00
55bbfce6-5d6a-410e-ad32-3cfd02a74372,unknown_queued,W14X198,Queued for review (structural_section),system,2026-09-02T09:00:52.998949+00:00
5a7ddf87-2895-40d7-8d8f-acfc8e6fd91f,unknown_queued,W18X35,Queued for review (structural_section),system,2026-09-02T09:00:53.226851+00:00
0c788171-46c1-49c2-a415-2315648e774e,unknown_queued,W12X16,Queued for review (structural_section),system,2026-09-02T09:00:53.484624+00:00
9cc7f93e-eb2f-4c12-ad0e-d30d737f2309,unknown_queued,W16X26,Queued for review (structural_section),system,2026-09-02T09:00:53.738922+00:00
b8b38056-cea2-4b3e-83ac-66df5be3e97c,unknown_queued,HSS10X8X3/8,Queued for review (structural_section),system,2026-09-02T09:00:54.000193+00:00
5aa1087a-97af-413e-ab30-1e3a59a692cf,unknown_queued,W16X31,Queued for review (structural_section),system,2026-09-02T09:00:54.270890+00:00
537c244b-a506-4df2-94a3-e33a131551e2,unknown_queued,W18X40,Queued for review (structural_section),system,2026-09-02T09:00:54.702528+00:00
9fe2ca29-ff15-43b5-a737-f5ed9025442b,unknown_queued,W12X22,Queued for review (structural_section),system,2026-09-02T09:00:55.232233+00:00
879cac45-e5b8-4ecf-87c6-8bdb784df842,unknown_queued,W10X30,Queued for review (structural_section),system,2026-09-02T09:00:55.657325+00:00
087f84fb-8816-4263-afd8-50d185e61bdf,unknown_queued,W10X15,Queued for review (structural_section),system,2026-09-02T09:00:55.943014+00:00
32cb1b87-cbbc-4ae2-935f-47ca9b088716,unknown_queued,W21X44,Queued for review (structural_section),system,2026-09-02T09:00:56.266272+00:00
3786567a-f8a3-4566-b2a7-b2706a5742ff,unknown_queued,W12X40,Queued for review (structural_section),system,2026-09-02T09:00:56.684637+00:00
c499471c-fc52-4db3-83cd-be0996e93548,unknown_queued,L4X4X1/4,Queued for review (structural_section),system,2026-09-02T09:00:57.883912+00:00
c553ab81-4aa4-44a3-a322-201cfbf165a9,unknown_queued,W10X33,Queued for review (structural_section),system,2026-09-02T09:00:59.218677+00:00
1177c159-a24c-445b-ab09-d3fa6837507e,unknown_queued,W10X45,Queued for review (structural_section),system,2026-09-02T09:00:59.889891+00:00
c95683f5-fe3d-411b-b7d2-e030e7904879,unknown_queued,W10X54,Queued for review (structural_section),system,2026-09-02T09:01:01.309026+00:00
e49e786f-99e5-49f6-ba7f-a7d1126a2168,unknown_queued,W10X49,Queued for review (structural_section),system,2026-09-02T09:01:01.642178+00:00
99010446-ef94-4824-9912-76bbd2af6d4e,unknown_queued,W10X39,Queued for review (structural_section),system,2026-09-02T09:01:02.618078+00:00
b0fd1e88-978b-46c0-a472-73f770e00155,unknown_queued,HSS10x10,Queued for review (structural_section),system,2026-09-04T08:37:25.234065+00:00
8f006c87-a979-4738-a312-7dca533611c7,unknown_queued,HSS8x8,Queued for review (structural_section),system,2026-09-04T08:37:26.060631+00:00
2308ae95-89d4-4656-b549-b4262544dc4a,unknown_queued,"3/32""",Queued for review (unknown),system,2026-09-04T08:37:27.812064+00:00
70400719-2597-4d8f-9423-9b79a83ac586,unknown_queued,HSS 8X8 8X8,Queued for review (structural_section),system,2026-09-04T08:37:30.669110+00:00
1f1ac070-190a-402a-a306-9e3d1c5418b9,unknown_queued,HSS12x12x1/2,Queued for review (structural_section),system,2026-09-04T08:37:31.217943+00:00
4884beec-0b70-49cc-91e4-91ff68de3b1a,unknown_queued,L6x6x3/4,Queued for review (structural_section),system,2026-09-04T08:37:34.017109+00:00
d89a3228-1d99-4216-a72f-f6bc11a611d0,unknown_queued,"2""",Queued for review (unknown),system,2026-09-04T08:37:37.593028+00:00
7b22adce-3ee5-4caf-8771-5d927010cbe4,unknown_queued,HSS8x8x1/2,Queued for review (structural_section),system,2026-09-04T08:37:38.267242+00:00
e0df436f-4548-4a7b-b81b-1c4c778a8de4,unknown_queued,HSS8x6x1/2,Queued for review (structural_section),system,2026-09-04T08:37:39.779790+00:00
78a2ff96-bb03-408a-888e-5f1ae3edab4c,unknown_queued,W8x35,Queued for review (structural_section),system,2026-09-04T08:37:42.236306+00:00
e753adcf-00ca-4977-9376-cfceb3dc6b36,unknown_queued,W8x58,Queued for review (structural_section),system,2026-09-04T08:37:45.761801+00:00
007437dc-e374-49aa-b4c7-dd1104759a5c,unknown_queued,"HSS3x3x1/4,",Queued for review (structural_section),system,2026-09-04T08:37:46.254575+00:00
aaf58310-e89c-4621-800f-3fcebaf6b4ee,unknown_queued,"HSS3x3,",Queued for review (structural_section),system,2026-09-04T08:37:47.443739+00:00
9f01b593-8fe8-409c-a604-b246cb647fe5,unknown_queued,WT16.5X59,Queued for review (structural_section),system,2026-09-04T08:37:48.350586+00:00
32b7f74c-349a-49a1-b789-f7d1476009af,unknown_queued,W24X55,Queued for review (structural_section),system,2026-09-04T08:37:49.399417+00:00
3cd0afac-57b8-4c63-83db-649786ec9a84,unknown_queued,W12X45,Queued for review (structural_section),system,2026-09-04T08:37:50.584893+00:00
d136b04c-5036-48ca-a827-b64e3121b2a2,unknown_queued,W8X28,Queued for review (structural_section),system,2026-09-04T08:37:55.335552+00:00
dbc7f86b-aa3a-4876-a518-db1571aa15ec,unknown_queued,HSS10X10X1/2,Queued for review (structural_section),system,2026-09-04T08:37:56.454815+00:00
c6f3adb4-5ed0-40cc-83cf-5aaa74d8125d,unknown_queued,W8X24,Queued for review (structural_section),system,2026-09-04T08:37:57.138030+00:00
2fc0259c-91a8-4a58-b781-d836f8fec94c,unknown_queued,HSS3X3X1/4,Queued for review (structural_section),system,2026-09-04T08:37:58.100218+00:00
cbafaa5a-7ae6-4553-bcb0-eb252431d762,token_rejected,4x4,class=,user,2026-09-04T08:41:28.335395+00:00
58a30074-8624-4a1f-afb8-3ef7510e285a,token_rejected,"(1/16""",class=,user,2026-09-04T08:41:28.335522+00:00
1670aa2c-5a64-47a3-bb4a-b47eeea80720,token_rejected,A325,class=W14X132,user,2026-09-04T08:41:28.335570+00:00
4e8146aa-b6a8-4156-9567-12ba09dc27b5,token_rejected,"3/8""",class=,user,2026-09-04T08:41:28.335607+00:00
8ccc7e48-9970-424f-b56d-203cc3614bb4,token_rejected,"3/4""",class=,user,2026-09-04T08:41:28.335638+00:00
0cd219d8-2ec5-42f3-a600-5883f228ebf2,token_rejected,"12""",class=,user,2026-09-04T08:41:28.335667+00:00
921c7a22-a9a7-435a-8838-f3066779d41e,token_rejected,"5/8""",class=,user,2026-09-04T08:41:28.335697+00:00
bc02f6ca-df27-4a49-8344-639f8705e294,token_rejected,"3/16""Ø",class=,user,2026-09-04T08:41:28.335728+00:00
f8a677a3-c3b4-45e1-b865-c52e21e05ed7,token_rejected,"1""",class=,user,2026-09-04T08:41:28.335757+00:00
bfc6e235-b62b-456c-9160-f0826164b26c,token_rejected,"1/2""",class=,user,2026-09-04T08:41:28.335786+00:00
e525206a-430a-42a1-8830-91aa68b16bb8,token_rejected,"1/8""",class=,user,2026-09-04T08:41:28.335815+00:00
b0b88265-c3fb-4d48-9eac-5fa2ea3e5032,token_rejected,W18X50,class=W18X50,user,2026-09-04T08:41:28.335843+00:00
03dee1cc-5d37-44c9-afc1-07263713a3f2,token_rejected,W21X50,class=W21X50,user,2026-09-04T08:41:28.335871+00:00
4406d8a2-57d5-42da-8e73-5f1c7da902c2,token_rejected,"1 1/4""",class=,user,2026-09-04T08:41:28.335900+00:00
01b2147d-bf6c-4e3a-a186-2c80764bdcb8,token_rejected,"1/4""",class=,user,2026-09-04T08:41:28.335928+00:00
44e7da33-097d-42dd-97db-4a84bd1f40fb,token_rejected,W10X19,class=W10X19,user,2026-09-04T08:41:28.335957+00:00
add9d33c-8981-498d-b686-17135633263c,token_rejected,W12X26,class=W12X26,user,2026-09-04T08:41:28.335987+00:00
06b83464-17a2-4c14-a85f-5c5d16242ec2,token_rejected,W12X30,class=W12X30,user,2026-09-04T08:41:28.336017+00:00
7ad9dc00-6604-4a43-a71f-76a02db7abc0,token_rejected,HSS14X6X1/2,class=HSS14X6X1/2,user,2026-09-04T08:41:28.336045+00:00
32c644ef-dafc-444c-b6aa-e044d53ccab6,token_rejected,HSS20X8X5/8,class=HSS20X8X5/8,user,2026-09-04T08:41:28.336073+00:00
1b839381-8464-4079-9993-1a971f90990f,token_rejected,W8x31,class=W8X31,user,2026-09-04T08:41:28.336100+00:00
98bb683f-f203-44fe-97ae-6dd844e34453,token_rejected,W14X22,class=W14X22,user,2026-09-04T08:41:28.336144+00:00
8caf2663-93a5-4256-bae2-a18690003384,token_rejected,HSS14X6X5/8,class=HSS14X6X5/8,user,2026-09-04T08:41:28.336280+00:00
98409047-2fbd-4848-bb69-479fd17a37e3,token_rejected,L4X4X3/8,class=L4X4X3/8,user,2026-09-04T08:41:28.336318+00:00
f44c71d8-a3fb-4ac4-9441-d983c9763062,token_rejected,"5/8""ø",class=,user,2026-09-04T08:41:28.336348+00:00
77a6e237-566e-4e42-ab75-b46c2a1fba5b,token_rejected,6x6,class=,user,2026-09-04T08:41:28.336379+00:00
afff579b-3880-449a-b123-00d9dd91f643,token_rejected,"1-1/2""",class=,user,2026-09-04T08:41:28.336408+00:00
1fa0a423-3eb2-452c-8672-b0014c598b24,token_rejected,"3/4""Ø",class=,user,2026-09-04T08:41:28.336436+00:00
12127ecf-b248-45ab-821d-90bfa922c6d8,token_rejected,"14-2"".",class=,user,2026-09-04T08:41:28.336463+00:00
66c72f3e-6d19-45a9-9379-f4cd88c2419c,token_rejected,"5/16""",class=,user,2026-09-04T08:41:28.336489+00:00
4759c6d1-a74c-42bf-9646-b65dc4047429,token_rejected,"1""⌀STUDS",class=,user,2026-09-04T08:41:28.336516+00:00
b284d565-ef52-4225-a8f3-501ba72ede3d,token_rejected,"7-7/8""",class=,user,2026-09-04T08:41:28.336542+00:00
5736880a-ebb8-4bee-9431-81219d2887a5,token_rejected,"3/16 """,class=,user,2026-09-04T08:41:28.336569+00:00
483233b6-9195-485f-96da-cf946df482fc,token_rejected,"1/4 """,class=,user,2026-09-04T08:41:28.336596+00:00
6c7b964b-91ca-4e59-9756-7a92b4972998,token_rejected,"5/16 """,class=,user,2026-09-04T08:41:28.336624+00:00
7cf67012-685c-4206-90c0-2fd8b899fa3d,token_rejected,"3/8 """,class=,user,2026-09-04T08:41:28.336652+00:00
f618ca2d-1853-4ef2-8d5d-9791b93c3967,token_rejected,"1/2""ø",class=,user,2026-09-04T08:41:28.336678+00:00
c86dd738-f28d-40b1-87cf-f0e59b6d80e0,token_rejected,"1/2""⌀x",class=,user,2026-09-04T08:41:28.336704+00:00
89489a70-d8b3-4e12-a6fd-7a83fd9603c8,token_rejected,L3x3x1/4,class=L3X3X1/4,user,2026-09-04T08:41:28.336732+00:00
0d5eecab-0f9c-4245-b0d0-7598a3ba20a6,token_rejected,"3/8""x4""",class=,user,2026-09-04T08:41:28.336759+00:00
204e1a32-6d9e-4758-8040-142a27bacba7,token_rejected,"L3X3X3/8X0'-6""",class=L3X3X3/8,user,2026-09-04T08:41:28.336787+00:00
a4d5fe53-9b2f-4955-8608-4d41f0588b35,token_rejected,L5x3-1/2x3/8,class=L5X3X3/8,user,2026-09-04T08:41:28.336815+00:00
7b2dde76-1925-4f80-b231-334039a6abdd,token_rejected,W12X252,class=W12X252,user,2026-09-04T08:41:28.336843+00:00
fc0a9919-7ce9-4b5b-aaca-b19d06e53be9,token_rejected,W14X43,class=W14X43,user,2026-09-04T08:41:28.336871+00:00
e066633e-daba-49f4-8772-700ea7a8791e,token_rejected,"L3X3X5/16,",class=L3X3X5/16,user,2026-09-04T08:41:28.336898+00:00
a1c6e283-599a-4f26-aca5-d06b581f68dc,token_rejected,"L4X4X3/8X0'-8""",class=L4X4X3/8,user,2026-09-04T08:41:28.336926+00:00
2a66b291-01de-4d33-ba02-10f20a7ae9e0,token_rejected,"L3x3x1/4x0'-3"",",class=L3X3X1/4,user,2026-09-04T08:41:28.336954+00:00
8296d39e-02b6-40a0-9372-50451781a778,token_rejected,"3/4""⌀x6""",class=,user,2026-09-04T08:41:28.336982+00:00
6d2e0f50-fa28-46e6-9fe0-290183b22775,token_rejected,"1/2""@",class=,user,2026-09-04T08:41:28.337009+00:00
f8a7b127-9f1f-46a2-a653-bd6b5f9595e4,token_rejected,"L4x3x1/4x6""",class=L4X3X1/4,user,2026-09-04T08:41:28.337036+00:00
4fda07e2-4eb5-4f88-bd9d-7375595a6ba9,token_rejected,"L4x3x1/4x1'-0""",class=L4X3X1/4,user,2026-09-04T08:41:28.337062+00:00
fd86715b-d99c-46a8-8203-e5865aaa1c28,token_rejected,"L4x3x1/4x2'-0""",class=L4X3X1/4,user,2026-09-04T08:41:28.337090+00:00
2c19860d-9122-40c5-b4c7-06f2c26ed72c,token_rejected,2L3x3x1/4,class=2L3X3X1/4,user,2026-09-04T08:41:28.337115+00:00
50be2ba6-8ba7-41aa-a36f-7b7bc026c5d8,token_rejected,"L4X3X3/8X0'-6""",class=L4X3X3/8,user,2026-09-04T08:41:28.337138+00:00
31801339-f659-4b17-ae36-1aa4d52fcd33,token_rejected,L6x3-1/2x3/8,class=L6X4X3/8,user,2026-09-04T08:41:28.337158+00:00
b8353071-3280-4017-b082-ef7fe6a39ecb,token_rejected,"L3X3X3/8X0'-10""",class=L3X3X3/8,user,2026-09-04T08:41:28.337178+00:00
18b6fcfd-a402-44f8-9b3e-fba6488a2703,token_rejected,L4X3-1/2X5/16,class=L4X3X5/16,user,2026-09-04T08:41:28.337196+00:00
9435b151-fb01-49ed-8a2c-fecf54a8933c,token_rejected,HSS6X6X3/8,class=HSS6X6X3/8,user,2026-09-04T08:41:28.337291+00:00
6d49eb9a-9834-44d4-ae0c-599d355d2017,token_rejected,HSS8X6X3/8,class=HSS8X6X3/8,user,2026-09-04T08:41:28.337323+00:00
84dc5acf-7421-4b8d-b500-e2633f014188,token_rejected,HSS6X6X1/2,class=HSS6X6X1/2,user,2026-09-04T08:41:28.337351+00:00
9b37437d-7e01-41af-9298-79e7e2ef03db,token_rejected,"3/4""x18""x18""",class=,user,2026-09-04T08:41:28.337378+00:00
6af2042c-80ce-4d0d-9bbc-bf17e1fa41ba,token_rejected,HSS10X0.625,class=W10X54,user,2026-09-04T08:41:28.337405+00:00
82d3d86a-a809-4f5d-baf2-37cd6aaa8b8a,token_rejected,W10X60,class=W10X60,user,2026-09-04T08:41:28.337433+00:00
b2543ecb-4a7f-47ba-a568-fb66b91870d0,token_rejected,HSS10X0.500,class=HSS10.000X0.500,user,2026-09-04T08:41:28.337460+00:00
423f575e-a0d5-4494-8599-e75745eaf3ae,token_rejected,W8X40,class=W8X40,user,2026-09-04T08:41:28.337486+00:00
661fdeec-fe74-4611-96c7-3360348f854d,token_rejected,"5/8"")-H(-1'",class=,user,2026-09-04T08:41:28.337514+00:00
b9b3bb80-3943-4005-8920-7c10438dacfa,token_rejected,"3/4""x16""x16""",class=,user,2026-09-04T08:41:28.337542+00:00
9d6f8a3d-16e0-4f15-bfcd-e406439a2984,token_rejected,W12X106,class=W12X106,user,2026-09-04T08:41:28.337570+00:00
4362c121-9246-41bb-b308-48e81e30e511,token_rejected,W12X120,class=W12X120,user,2026-09-04T08:41:28.339913+00:00
079acf7d-e67a-4b82-9958-797efae1bfd0,token_rejected,W14X61,class=W14X61,user,2026-09-04T08:41:28.339985+00:00
a16b3592-b6bd-4a06-96ac-6e9e438c04f5,token_rejected,W14X68,class=W14X68,user,2026-09-04T08:41:28.340027+00:00
74cd4429-4897-40d3-a8d9-366bdc1dfa6d,token_rejected,W14X82,class=W14X82,user,2026-09-04T08:41:28.340065+00:00
611f216c-be5f-449d-a883-7f94ec47754b,token_rejected,W14X90,class=W14X90,user,2026-09-04T08:41:28.340341+00:00
56fea210-dec8-4d60-a2a0-4602ba61fd2d,token_rejected,W14X132,class=W14X132,user,2026-09-04T08:41:28.340381+00:00
29efb2ec-bf99-458f-9c69-213b7cf425b9,token_rejected,W14X145,class=W14X145,user,2026-09-04T08:41:28.340415+00:00
13e52a1b-b2d6-4811-9e89-303b1274f5a2,token_rejected,W14X198,class=W14X68,user,2026-09-04T08:41:28.340445+00:00
b970170c-b851-412b-b939-25e42a3d5588,token_rejected,W18X35,class=W18X35,user,2026-09-04T08:41:28.340473+00:00
44603bb7-dcf3-47a4-a561-714413a57f24,token_rejected,W12X16,class=W12X16,user,2026-09-04T08:41:28.340509+00:00
cc8f0bdf-a739-4834-a4df-89df8167279e,token_rejected,W16X26,class=W16X26,user,2026-09-04T08:41:28.340541+00:00
3c7ea8e5-ae8e-44af-a5ff-7576e792c446,token_rejected,HSS10X8X3/8,class=HSS10X8X3/8,user,2026-09-04T08:41:28.340570+00:00
d28767bd-88b3-465f-865e-38a95ff4d21c,token_rejected,W16X31,class=W16X31,user,2026-09-04T08:41:28.340605+00:00
e6b0ceb3-cf62-4932-8aa0-c9ee832555a7,token_rejected,W18X40,class=W18X40,user,2026-09-04T08:41:28.340635+00:00
2e392856-fc4b-4625-9d7a-bdedf611d5e1,token_rejected,W12X22,class=W12X22,user,2026-09-04T08:41:28.340665+00:00
e7ec924d-c192-4eed-9ea6-e84dc02c1308,token_rejected,W10X30,class=W10X30,user,2026-09-04T08:41:28.340692+00:00
3ee67fd1-69ea-49a9-993a-72ecbc74057a,token_rejected,W10X15,class=W10X15,user,2026-09-04T08:41:28.340720+00:00
e1aaa30d-6d4c-4926-9127-ade9dece5dd9,token_rejected,W21X44,class=W21X44,user,2026-09-04T08:41:28.340748+00:00
e4da13c2-82a8-475e-ab9c-8216dc18bf45,token_rejected,W12X40,class=W12X40,user,2026-09-04T08:41:28.340778+00:00
2c0e4cc3-5c0f-45bf-a4d3-4aecc8e134be,token_rejected,L4X4X1/4,class=L4X4X1/4,user,2026-09-04T08:41:28.340806+00:00
16502a1f-7326-40d8-a4b0-6509b2c851a8,token_rejected,W10X33,class=W10X33,user,2026-09-04T08:41:28.340837+00:00
2d5ba872-3b2f-471c-85d3-e9c113efb5ba,token_rejected,W10X45,class=W10X45,user,2026-09-04T08:41:28.340866+00:00
c2cc7d36-54c3-4d76-8adf-98addc84e804,token_rejected,W10X54,class=W10X54,user,2026-09-04T08:41:28.340896+00:00
bc4c61d2-ed0a-413a-a034-ab5baf205123,token_rejected,W10X49,class=W10X49,user,2026-09-04T08:41:28.340928+00:00
8a6e73f8-5c43-4a54-b100-8e96dbbb0905,token_rejected,W10X39,class=W10X39,user,2026-09-04T08:41:28.340956+00:00
654fe445-2623-4f8f-9ecb-8b82564d4527,token_rejected,HSS10x10,class=HSS10X10X1/2,user,2026-09-04T08:41:28.340987+00:00
7c92f1cb-ffcd-4587-8d74-2c1f22701d16,token_rejected,HSS8x8,class=HSS8X8X1/2,user,2026-09-04T08:41:28.341544+00:00
de7210f5-c262-40a6-946a-2bae7243a625,token_rejected,"3/32""",class=,user,2026-09-04T08:41:28.341595+00:00
a05e317f-5467-4d0b-89b0-39678457bca0,token_rejected,HSS 8X8 8X8,class=HSS8X8X5/16,user,2026-09-04T08:41:28.341676+00:00
4fa5f4ee-9728-4a52-b47d-4919fe9bbbc1,token_rejected,HSS12x12x1/2,class=HSS12X12X1/2,user,2026-09-04T08:41:28.341708+00:00
ec2d6d9f-7711-4d9e-a517-41b4c3d486b8,token_rejected,L6x6x3/4,class=L6X6X3/4,user,2026-09-04T08:41:28.341735+00:00
39d5a281-0e6b-4800-ab3b-c9f97f8e0b9e,token_rejected,"2""",class=,user,2026-09-04T08:41:28.341758+00:00
94ccfa25-cc52-451a-80d9-0130333c763f,token_rejected,HSS8x8x1/2,class=HSS8X8X1/2,user,2026-09-04T08:41:28.341781+00:00
069763eb-2d53-4dc0-8f1a-5bcf4131746d,token_rejected,HSS8x6x1/2,class=HSS8X6X1/2,user,2026-09-04T08:41:28.341807+00:00
917090b2-1662-4890-a178-baad53052554,token_rejected,W8x35,class=W8X35,user,2026-09-04T08:41:28.341835+00:00
a476bb22-d3ab-463c-bf0b-5b9c8dc9be61,token_rejected,W8x58,class=W8X58,user,2026-09-04T08:41:28.341861+00:00
470f899d-8c43-4d24-a66d-f3891b138184,token_rejected,"HSS3x3x1/4,",class=HSS3X3X1/4,user,2026-09-04T08:41:28.341883+00:00
1d89baf6-4393-4c6e-a302-7c1dc5c321c3,token_rejected,"HSS3x3,",class=HSS3X3X1/4,user,2026-09-04T08:41:28.341909+00:00
f1acd4e0-8717-42db-99b6-c4c3eb773ad1,token_rejected,WT16.5X59,class=WT16.5X59,user,2026-09-04T08:41:28.341934+00:00
454c0c7d-7269-43f3-9230-ed462200ac4b,token_rejected,W24X55,class=W24X55,user,2026-09-04T08:41:28.341962+00:00
16220b8b-2581-409d-8a0d-1e444dc7687a,token_rejected,W12X45,class=W12X45,user,2026-09-04T08:41:28.341987+00:00
d17fd7d3-8628-4273-a006-d496df29f30a,token_rejected,W8X28,class=W8X28,user,2026-09-04T08:41:28.342022+00:00
b032b42a-5048-45db-8f99-cf1c6e192fa7,token_rejected,HSS10X10X1/2,class=HSS10X10X1/2,user,2026-09-04T08:41:28.342051+00:00
64127c4f-f87a-4cd7-9892-b386350cfcac,token_rejected,W8X24,class=W8X24,user,2026-09-04T08:41:28.342078+00:00
438a042d-76c8-4b64-85a9-b9533e54e10c,token_rejected,HSS3X3X1/4,class=HSS3X3X1/4,user,2026-09-04T08:41:28.342106+00:00
a9ed0547-ce70-4b0a-9d8b-4af710486424,unknown_queued,HSS8X8X1/2,Queued for review (structural_section),system,2026-09-04T09:31:20.184934+00:00
7c862eb2-7b9f-4cd8-9cf6-1feb1533555f,unknown_queued,"1/2""",Queued for review (unknown),system,2026-09-04T09:44:30.270836+00:00
79abe958-9e84-4698-8ebf-47afe31f91d8,unknown_queued,"1/8""",Queued for review (unknown),system,2026-09-04T09:44:30.579198+00:00
208c7f50-0d20-49d6-b0a0-b8d46952c89f,unknown_queued,"3/4""",Queued for review (unknown),system,2026-09-04T09:44:30.954598+00:00
d8a92b39-3f22-4ed1-aa4c-ed1824e633a7,unknown_queued,W21X50,Queued for review (structural_section),system,2026-09-04T09:44:31.391088+00:00
b3430400-2198-4cf9-963d-4b1a5708361d,unknown_queued,W12X26,Queued for review (structural_section),system,2026-09-04T09:44:31.722816+00:00
0600d5bb-059c-4f31-a980-c433571b9a4f,unknown_queued,W18X50,Queued for review (structural_section),system,2026-09-04T09:44:32.537644+00:00
ad27c1ce-f2db-4398-bb56-afba319ba9b2,unknown_queued,W10X19,Queued for review (structural_section),system,2026-09-04T09:44:32.863469+00:00
b07f5338-84d4-4747-9531-f5110405ff59,unknown_queued,W12X30,Queued for review (structural_section),system,2026-09-04T09:44:33.661563+00:00
3b85f745-d24b-41e1-9d3f-e6c23cb07dd7,unknown_queued,HSS14X6X1/2,Queued for review (structural_section),system,2026-09-04T09:44:34.077239+00:00
02f1105a-a09c-425c-846a-4eb194edb48c,unknown_queued,HSS20X8X5/8,Queued for review (structural_section),system,2026-09-04T09:44:35.039423+00:00
7524e374-6cf7-4eb1-b31d-ea7330f5baa2,unknown_queued,W8x31,Queued for review (structural_section),system,2026-09-04T09:44:35.622133+00:00
1212d7d8-4453-489f-9a70-4ab8f0478f15,unknown_queued,W14X22,Queued for review (structural_section),system,2026-09-04T09:44:36.977977+00:00
45d86e48-ce31-4549-86c9-4a5bd49481d7,unknown_queued,HSS14X6X5/8,Queued for review (structural_section),system,2026-09-04T09:44:37.854639+00:00
eaf19fa0-8c32-4ab4-9e2f-44cbd6b569c3,unknown_queued,L4X4X3/8,Queued for review (structural_section),system,2026-09-04T09:44:38.410502+00:00
ac117ff8-db91-41b2-ab2c-cfbcb22f291d,unknown_queued,"1-1/2""",Queued for review (unknown),system,2026-09-04T09:44:38.807809+00:00
9cf66ede-ba1b-4534-944b-8455449057df,unknown_queued,"3/4""Ø",Queued for review (unknown),system,2026-09-04T09:44:39.193703+00:00
c6fdcb3f-a78a-41c5-a573-b8f21a5c076c,unknown_queued,"12""",Queued for review (unknown),system,2026-09-04T09:44:39.487450+00:00
41739984-0df2-46ec-a585-3ed660c9ae8d,unknown_queued,"14-2"".",Queued for review (unknown),system,2026-09-04T09:44:39.789755+00:00
0246bf12-01c6-48c0-821f-4b63eecd07d6,unknown_queued,"5/16""",Queued for review (unknown),system,2026-09-04T09:44:40.057876+00:00
dc330fa7-1668-41c8-9ad6-466ee77a515a,unknown_queued,"1""⌀STUDS",Queued for review (unknown),system,2026-09-04T09:44:40.371056+00:00
3105b30e-b76e-4de5-9f1b-e3abf0e77012,unknown_queued,"1""",Queued for review (unknown),system,2026-09-04T09:44:40.627783+00:00
0b332b82-c568-4ca6-bff3-51b647f85eef,unknown_queued,"7-7/8""",Queued for review (unknown),system,2026-09-04T09:44:40.913448+00:00
9cc94de5-6302-4ca6-ba00-9acbd4e41c4c,unknown_queued,"3/16 """,Queued for review (unknown),system,2026-09-04T09:44:41.422093+00:00
0f381b9f-97fb-4b86-9303-e5500d97ed9a,unknown_queued,"1/4 """,Queued for review (unknown),system,2026-09-04T09:44:41.670464+00:00
e95df248-43e8-4a43-ac4a-fb4643f4f34a,unknown_queued,"5/16 """,Queued for review (unknown),system,2026-09-04T09:44:41.919425+00:00
df3992e1-fbb9-46ad-ba7f-3734e2a8a442,unknown_queued,"3/8 """,Queued for review (unknown),system,2026-09-04T09:44:42.146013+00:00
cb9a0e46-67f3-43eb-a701-65fea13f4699,unknown_queued,"1/4""",Queued for review (unknown),system,2026-09-04T09:44:42.435705+00:00
e340fd82-9cce-4bfd-bcda-da0cffbe14d7,unknown_queued,"1/2""ø",Queued for review (unknown),system,2026-09-04T09:44:42.689308+00:00
5b8da95d-588a-45b2-814b-d4975f07ebad,unknown_queued,"1/2""⌀x",Queued for review (unknown),system,2026-09-04T09:44:43.009606+00:00
966b4bef-5ceb-45ba-9e70-274a4e8890c8,unknown_queued,L3x3x1/4,Queued for review (structural_section),system,2026-09-04T09:44:43.361362+00:00
e2badd96-7e6f-40db-951d-ccdcb1715522,unknown_queued,"3/8""",Queued for review (unknown),system,2026-09-04T09:44:43.626416+00:00
80230ef6-7986-4e0d-96c6-c78592a80c2c,unknown_queued,"3/8""x4""",Queued for review (unknown),system,2026-09-04T09:44:43.940301+00:00
3ab0c567-9ec2-4afd-a010-a6e0032542c5,unknown_queued,"L3X3X5/16,",Queued for review (structural_section),system,2026-09-04T09:44:44.460179+00:00
d26c1c57-db68-4180-9ed3-e39b215dd2ed,unknown_queued,"L4X4X3/8X0'-8""",Queued for review (structural_section),system,2026-09-04T09:44:44.756136+00:00
8cd5cb56-bbbd-4bc2-80ee-a4755c3030cc,unknown_queued,"L3x3x1/4x0'-3"",",Queued for review (structural_section),system,2026-09-04T09:44:45.035729+00:00
1f2ecb79-c875-4e04-8e0a-28ab04c081f9,unknown_queued,"3/4""⌀x6""",Queued for review (unknown),system,2026-09-04T09:44:45.307711+00:00
2d171078-4fda-4cba-a7be-e6bed53d9e87,unknown_queued,"1/2""@",Queued for review (unknown),system,2026-09-04T09:44:45.668124+00:00
e7041087-9882-453f-b717-d446f0350d7a,unknown_queued,L4X3-1/2X5/16,Queued for review (structural_section),system,2026-09-04T09:44:45.974422+00:00
cd3b68fc-51d0-4a8e-bc44-08727505978f,unknown_queued,HSS6X6X3/8,Queued for review (structural_section),system,2026-09-04T09:44:46.493358+00:00
c4aae7a8-33ec-4bdd-9a59-71c5f5d78f5a,unknown_queued,HSS8X6X3/8,Queued for review (structural_section),system,2026-09-04T09:44:47.472573+00:00
bcab9dd0-f09e-4209-a62a-c937616d004a,unknown_queued,HSS6X6X1/2,Queued for review (structural_section),system,2026-09-04T09:44:48.653449+00:00
82b0a762-7c71-4ab0-8e5e-09daeec12fc4,unknown_queued,"3/4""x18""x18""",Queued for review (unknown),system,2026-09-04T09:44:51.006885+00:00
c14fb77d-3cd1-4592-b2f6-1ae6bd485333,unknown_queued,HSS10X0.625,Queued for review (structural_section),system,2026-09-04T09:44:51.956099+00:00
5440c426-5c5a-49dc-a994-bee5fdb56787,unknown_queued,W10X60,Queued for review (structural_section),system,2026-09-04T09:44:52.212752+00:00
4354dcba-3047-4955-becd-887535763e53,unknown_queued,HSS10X0.500,Queued for review (structural_section),system,2026-09-04T09:44:52.527784+00:00
566bfa46-3a15-4352-ad30-914097ce43a7,unknown_queued,W8X40,Queued for review (structural_section),system,2026-09-04T09:44:53.578876+00:00
d70bd218-ef1e-4f91-a785-fdd015830637,unknown_queued,"5/8"")-H(-1'",Queued for review (unknown),system,2026-09-04T09:44:53.871327+00:00
e0c3003f-9482-42a0-9672-e4a909ce2b2f,unknown_queued,"3/4""x16""x16""",Queued for review (unknown),system,2026-09-04T09:44:54.220631+00:00
a38c6128-eb0e-401a-9b6b-3d74b0238f15,unknown_queued,W16X31,Queued for review (structural_section),system,2026-09-04T09:44:54.570723+00:00
832c093e-3d24-4e9c-9631-1b4f52cdc410,unknown_queued,W12X16,Queued for review (structural_section),system,2026-09-04T09:44:55.271350+00:00
6784c6bb-9ee6-4f95-a6d0-a17c409040f2,unknown_queued,W12X22,Queued for review (structural_section),system,2026-09-04T09:44:55.758557+00:00
30506e30-55f5-4090-87be-164159f69b86,unknown_queued,W10X30,Queued for review (structural_section),system,2026-09-04T09:44:56.226301+00:00
b435e34d-a8bb-4b81-80ee-765ea66293d7,unknown_queued,W10X15,Queued for review (structural_section),system,2026-09-04T09:44:56.508200+00:00
a94ab6d7-df99-4617-a96f-3abc62c61f57,unknown_queued,W21X44,Queued for review (structural_section),system,2026-09-04T09:44:56.847719+00:00
bf61bf0f-27e7-44b1-a0e2-ffa862c0b187,unknown_queued,W16X26,Queued for review (structural_section),system,2026-09-04T09:44:57.120437+00:00
651e083d-c532-4980-a933-13a80265ecc6,unknown_queued,W12X40,Queued for review (structural_section),system,2026-09-04T09:44:57.396100+00:00
74cfd39c-990d-4a86-b47b-f64c94795e51,unknown_queued,W18X35,Queued for review (structural_section),system,2026-09-04T09:44:57.780086+00:00
94b5cc13-88b0-434e-8649-f3b1618933e0,unknown_queued,W18X40,Queued for review (structural_section),system,2026-09-04T09:44:58.368754+00:00
cd0ecf3e-8d67-4aca-bc90-0ee6eb353037,unknown_queued,W10X33,Queued for review (structural_section),system,2026-09-04T09:44:59.963363+00:00
af7d6c1f-d984-4ad0-9184-a097e3b20d30,unknown_queued,W10X45,Queued for review (structural_section),system,2026-09-04T09:45:00.658987+00:00
c7054add-3d3f-4667-be73-d279acf8db5f,unknown_queued,W10X54,Queued for review (structural_section),system,2026-09-04T09:45:02.324793+00:00
b003b9db-4831-47b1-8295-5216a3f3f666,unknown_queued,W10X49,Queued for review (structural_section),system,2026-09-04T09:45:02.651621+00:00
9a0d7191-83d8-4772-af83-dbb8dc7d2d5d,unknown_queued,W10X39,Queued for review (structural_section),system,2026-09-04T09:45:03.561665+00:00
a88bd60c-c217-426a-a89b-84f060d93919,token_rejected,"3/4""x18""x18""",class=,user,2026-09-04T09:50:19.496600+00:00
9ef2659a-a26b-4db6-9796-a689250e8c68,token_approved,W10X39,class=W10X39,user,2026-09-04T09:50:28.016075+00:00
8231458d-a82f-45fa-a65b-269cf2c18af5,token_approved,W10X49,class=W10X49,user,2026-09-04T09:50:28.016837+00:00
0ffbf862-b723-4dbd-bc7b-e09b4ee30776,token_approved,W10X54,class=W10X54,user,2026-09-04T09:50:28.017045+00:00
7a4d2f0d-db6d-4831-80db-9c87ad6a1e13,token_approved,W10X45,class=W10X45,user,2026-09-04T09:50:28.017153+00:00
f2d55878-7b5a-4cb3-8f15-d399f5335f71,token_approved,W10X33,class=W10X33,user,2026-09-04T09:50:28.017243+00:00
91500f00-8dbf-4f59-ba8b-926daab3199e,token_approved,W18X40,class=W18X40,user,2026-09-04T09:50:28.017312+00:00
3188abd9-9992-41be-8db8-3c82091e9a5d,token_approved,W18X35,class=W18X35,user,2026-09-04T09:50:28.017364+00:00
084f2aa5-8c99-4215-a91d-56b3f7e8e35c,token_approved,W12X40,class=W12X40,user,2026-09-04T09:50:28.017413+00:00
0f4196e9-309a-4935-8a7f-aa05cfa3d0b0,token_approved,W16X26,class=W16X26,user,2026-09-04T09:50:28.017463+00:00
41be82c8-9693-4684-9e03-ff613a51b902,token_approved,W21X44,class=W21X44,user,2026-09-04T09:50:28.017513+00:00
70aa6b35-258f-4ec1-8ade-3b903785dbc6,token_approved,W10X15,class=W10X15,user,2026-09-04T09:50:28.017863+00:00
991faaf2-731e-42da-9d0b-5a536baf1279,token_approved,W10X30,class=W10X30,user,2026-09-04T09:50:28.018337+00:00
d0974221-6c66-4fa0-88c4-a8d644cada2b,token_approved,W12X22,class=W12X22,user,2026-09-04T09:50:28.018411+00:00
f51c5782-78ff-4416-9d38-eb260ed1b954,token_approved,W12X16,class=W12X16,user,2026-09-04T09:50:28.018497+00:00
c15915de-72a9-48a0-9b73-2568d069719f,token_approved,W16X31,class=W16X31,user,2026-09-04T09:50:28.018549+00:00
a7cd534e-ce0f-489c-b731-17596442b81a,token_approved,W8X40,class=W8X40,user,2026-09-04T09:50:28.018615+00:00
f1a50bb3-504c-49e2-aab5-e5808b280838,token_approved,HSS10X0.500,class=HSS10.000X0.500,user,2026-09-04T09:50:28.018670+00:00
2afeeb48-ae63-443a-9415-666de3e8858b,token_approved,W10X60,class=W10X60,user,2026-09-04T09:50:28.018724+00:00
18f80e14-0246-4fe0-b3ba-bfb3f6ee3983,token_approved,HSS10X0.625,class=W10X54,user,2026-09-04T09:50:28.018821+00:00
563fbc44-fb4d-4292-8858-d51ac1cfb627,token_approved,HSS6X6X1/2,class=HSS6X6X1/2,user,2026-09-04T09:50:28.018873+00:00
c26454ec-082f-4943-b5f3-64b000eb9d11,token_approved,HSS8X6X3/8,class=HSS8X6X3/8,user,2026-09-04T09:50:28.018925+00:00
a7349fda-cbf7-417b-ae91-eea2eec0254a,token_approved,HSS6X6X3/8,class=HSS6X6X3/8,user,2026-09-04T09:50:28.018968+00:00
90cec804-2952-4d23-9d11-18576746b39b,token_approved,L4X3-1/2X5/16,class=L4X3X5/16,user,2026-09-04T09:50:28.019054+00:00
a1425639-700e-44ff-a1cc-39d8659e9b67,token_rejected,"3/4""x16""x16""",class=,user,2026-09-04T09:50:50.842342+00:00
4e70ccbd-18af-4af4-b390-08d3144d3f5d,token_rejected,"5/8"")-H(-1'",class=,user,2026-09-04T09:50:50.842631+00:00
995a3d59-fe80-4c70-994f-5d8d15dac5d9,token_rejected,"1/2""@",class=,user,2026-09-04T09:50:50.842684+00:00
125a1132-187c-4bf7-b563-f73d82d6ccc5,token_rejected,"3/4""⌀x6""",class=,user,2026-09-04T09:50:50.842720+00:00
88a9c89d-5cf2-4092-90ff-b5d3676f7ccc,token_rejected,"3/8""x4""",class=,user,2026-09-04T09:50:50.842754+00:00
8e1718aa-9e6c-43fa-aa08-04c8680f047a,token_rejected,"3/8""",class=,user,2026-09-04T09:50:50.845489+00:00
3ca6cf88-4f9b-4d4a-b67b-74fa415afab5,token_rejected,"1/2""⌀x",class=,user,2026-09-04T09:50:50.847596+00:00
fc5e9bcd-b707-4730-8777-356c3b9ed55b,token_rejected,"1/2""ø",class=,user,2026-09-04T09:50:50.847675+00:00
5a76e61e-e1ea-48c4-8d65-676bbadf1907,token_rejected,"1/4""",class=,user,2026-09-04T09:50:50.847715+00:00
16fa2da4-32bf-4ab9-ac82-0cd5dd5ae1f2,token_rejected,"3/8 """,class=,user,2026-09-04T09:50:50.847750+00:00
fff6af10-21e9-471f-96ea-42239745d643,token_rejected,"5/16 """,class=,user,2026-09-04T09:50:50.847782+00:00
44714bb5-4117-4eb9-9e27-740b58dbf43f,token_rejected,"1/4 """,class=,user,2026-09-04T09:50:50.847813+00:00
9058d8af-3e4e-440f-9c1e-32703640ecfc,token_rejected,"3/16 """,class=,user,2026-09-04T09:50:50.847842+00:00
b07b9c3b-cf46-478a-8b0e-a546caff4dd9,token_rejected,"7-7/8""",class=,user,2026-09-04T09:50:50.847869+00:00
140cc88a-3e46-4e76-a605-68bd731178cf,token_rejected,"1""",class=,user,2026-09-04T09:50:50.847897+00:00
25e933ec-56f3-43f9-bdd0-95b998c65522,token_rejected,"1""⌀STUDS",class=,user,2026-09-04T09:50:50.847927+00:00
b1846cd0-e7df-4855-a36b-dababa41c591,token_rejected,"5/16""",class=,user,2026-09-04T09:50:50.847955+00:00
d5643829-4030-4569-be72-21ae9731458f,token_rejected,"14-2"".",class=,user,2026-09-04T09:50:50.847980+00:00
9258eb56-af2b-4f06-a060-e84139fae7d6,token_rejected,"12""",class=,user,2026-09-04T09:50:50.848047+00:00
b217b855-6e7e-449b-ba0e-c187c8596cb4,token_rejected,"3/4""Ø",class=,user,2026-09-04T09:50:50.848081+00:00
44742f50-86f7-4089-a736-16ad81b1ac40,token_rejected,"1-1/2""",class=,user,2026-09-04T09:50:50.848108+00:00
25d779c5-c8b1-4159-8a6d-9798de8d4b37,token_approved,"L3x3x1/4x0'-3"",",class=L3X3X1/4,user,2026-09-04T09:51:09.872890+00:00
940105d7-6d29-41b3-b23b-823d53768066,token_approved,"L4X4X3/8X0'-8""",class=L4X4X3/8,user,2026-09-04T09:51:09.873013+00:00
1003c7f7-7ef3-4daa-ac7c-e9bf529fdcb8,token_approved,"L3X3X5/16,",class=L3X3X5/16,user,2026-09-04T09:51:09.873057+00:00
d899a696-e671-4aff-99ec-a3d6cea539c2,token_approved,L3x3x1/4,class=L3X3X1/4,user,2026-09-04T09:51:09.882881+00:00
9180f511-a454-4e32-a03c-076e72290d74,token_approved,L4X4X3/8,class=L4X4X3/8,user,2026-09-04T09:51:09.882971+00:00
732a8882-6f26-4016-8ff5-d01bf16715cb,token_approved,HSS14X6X5/8,class=HSS14X6X5/8,user,2026-09-04T09:51:09.883033+00:00
2cbafde5-aa9a-4129-9d15-19e4676faacf,token_approved,W14X22,class=W14X22,user,2026-09-04T09:51:09.896461+00:00
9958d988-b209-4438-a42a-b1178f89a49b,token_approved,W8x31,class=W8X31,user,2026-09-04T09:51:09.896547+00:00
be29fede-827e-4ec2-b3da-76074394ec55,token_approved,HSS20X8X5/8,class=HSS20X8X5/8,user,2026-09-04T09:51:09.896601+00:00
b0b1d549-46d6-4235-9767-c4bc3d2bcb28,token_approved,HSS14X6X1/2,class=HSS14X6X1/2,user,2026-09-04T09:51:09.896656+00:00
f08e25c6-d2b8-4f9c-bf8e-69aa472d77dc,token_approved,W12X30,class=W12X30,user,2026-09-04T09:51:09.896706+00:00
35b39969-61f3-45dc-9ab6-924c4e2eb0f5,token_approved,W10X19,class=W10X19,user,2026-09-04T09:51:09.896754+00:00
076b232f-48d3-4df4-83f4-d9d6f50e0d2c,token_approved,W18X50,class=W18X50,user,2026-09-04T09:51:09.896800+00:00
ab0f2448-cf0d-4c4b-b6f3-bdf9da126711,token_approved,W12X26,class=W12X26,user,2026-09-04T09:51:09.896848+00:00
1958e4dd-28b3-4f6a-a70f-03319e7c1d5d,token_approved,W21X50,class=W21X50,user,2026-09-04T09:51:09.896898+00:00
be39d732-10f0-4851-a14c-ea7e2c8ba66e,token_approved,HSS8X8X1/2,class=HSS8X8X1/2,user,2026-09-04T09:51:09.896947+00:00
5d35d302-dc51-422a-b6c3-324ec1435c64,token_rejected,"1/2""",class=,user,2026-09-04T09:51:20.641360+00:00
7f2a9b42-0d29-42bd-b6b6-151b5ac9c47d,token_rejected,"1/8""",class=,user,2026-09-04T09:51:20.646298+00:00
f346157f-28f1-416d-8df2-3bc38d88a0ca,token_rejected,"3/4""",class=,user,2026-09-04T09:51:20.653129+00:00
d9411383-a8fe-42b7-849d-8355a1425bf2,unknown_queued,"1/2""",Queued for review (unknown),system,2026-09-04T09:55:49.624229+00:00
8a136228-1eee-4700-a0b0-4a19a0ff7776,unknown_queued,"1/8""",Queued for review (unknown),system,2026-09-04T09:55:51.473354+00:00
d1eee2eb-809c-47bd-93e2-9053e68c0fab,unknown_queued,"3/4""",Queued for review (unknown),system,2026-09-04T09:55:53.699443+00:00
ed024220-a061-4fda-b693-8ed51bf961f8,unknown_queued,W12X19,Queued for review (structural_section),system,2026-09-04T09:55:56.712625+00:00
b66d85b9-3ab6-490d-b748-32451c18359d,unknown_queued,W12X16,Queued for review (structural_section),system,2026-09-04T09:55:59.122402+00:00
825f37e6-4aa0-49a3-a198-1dc626222ec0,unknown_queued,W21X50,Queued for review (structural_section),system,2026-09-04T09:56:02.341131+00:00
1855f6e3-8997-4847-ab12-6633cdbbcb13,unknown_queued,W12X26,Queued for review (structural_section),system,2026-09-04T09:56:06.206108+00:00
df7a180e-2a93-42fb-9c99-e97f24aaee35,unknown_queued,HSS12X6X3/8,Queued for review (structural_section),system,2026-09-04T09:56:10.857955+00:00
9c25c44a-5e28-40d6-906a-541c35bb335f,unknown_queued,W18X50,Queued for review (structural_section),system,2026-09-04T09:56:17.084134+00:00
cd2b0393-d0ae-425c-bfaf-ee7e14309faf,unknown_queued,W10X19,Queued for review (structural_section),system,2026-09-04T09:56:21.902991+00:00
2e73dbaf-e21a-4d6c-92f5-452398d5cdfb,unknown_queued,W10X22,Queued for review (structural_section),system,2026-09-04T09:56:23.976889+00:00
a22f6c63-99a1-4c41-8a0f-a88f84c355f3,unknown_queued,W12X22,Queued for review (structural_section),system,2026-09-04T09:56:26.435391+00:00
fd34a728-727d-456a-a8c2-902e380cbfdc,unknown_queued,W16X31,Queued for review (structural_section),system,2026-09-04T09:56:27.503821+00:00
2e575ebc-255a-441d-9e47-2c59127a55b1,unknown_queued,W12X30,Queued for review (structural_section),system,2026-09-04T09:56:28.324557+00:00
7ac973f1-2852-405a-8082-9d616768bc6d,unknown_queued,W10X30,Queued for review (structural_section),system,2026-09-04T09:56:28.929393+00:00
b96d99ff-9197-46e9-af80-5fc5528ceb10,unknown_queued,HSS14X6X1/2,Queued for review (structural_section),system,2026-09-04T09:56:30.690661+00:00
086802d1-39a8-4fbb-8504-41d37db51b46,unknown_queued,HSS20X8X5/8,Queued for review (structural_section),system,2026-09-04T09:56:33.886066+00:00
6c6fd1fb-9fe3-41a8-af9e-0a09c4e75276,unknown_queued,W8x31,Queued for review (structural_section),system,2026-09-04T09:56:34.889200+00:00
c177d823-745d-4f0a-8194-2aa3a2c248cd,unknown_queued,W14X22,Queued for review (structural_section),system,2026-09-04T09:56:39.834894+00:00
2f37bee3-2d35-469b-8019-7f6529f96163,unknown_queued,HSS14X6X5/8,Queued for review (structural_section),system,2026-09-04T09:56:45.538946+00:00
2c626c9b-3c15-4804-87f9-6c8900038638,unknown_queued,L4X4X3/8,Queued for review (structural_section),system,2026-09-04T09:56:46.769633+00:00
eee96c40-1ee0-4ea2-9ecc-68f1be3bcc6f,unknown_queued,"1-1/2""",Queued for review (unknown),system,2026-09-04T09:56:47.954348+00:00
ac1de6ce-7e19-43a9-b9f3-42d0f733c044,unknown_queued,"3/4""Ø",Queued for review (unknown),system,2026-09-04T09:56:49.095071+00:00
35c862bf-1c5a-49f2-9903-fe0f62ccc05b,unknown_queued,"12""",Queued for review (unknown),system,2026-09-04T09:56:49.627637+00:00
41749dcd-e507-422c-9a23-363d945a1242,unknown_queued,"14-2"".",Queued for review (unknown),system,2026-09-04T09:56:50.145176+00:00
0ff54362-086f-4579-828d-28111a497223,unknown_queued,"5/16""",Queued for review (unknown),system,2026-09-04T09:56:50.644273+00:00
9ad7a11b-1c2a-40d3-9cea-f5d26e84bf6f,unknown_queued,"1""⌀STUDS",Queued for review (unknown),system,2026-09-04T09:56:51.233059+00:00
35624c46-710d-4718-9fb7-d1f523be53c3,unknown_queued,"1""",Queued for review (unknown),system,2026-09-04T09:56:51.743314+00:00
72b801d6-297d-4096-a0a4-0fe64ae2d433,unknown_queued,"7-7/8""",Queued for review (unknown),system,2026-09-04T09:56:52.216326+00:00
d0f92980-9a80-4296-933b-72f7476700ab,unknown_queued,"3/16 """,Queued for review (unknown),system,2026-09-04T09:56:52.984106+00:00
775ac52a-59af-41e1-8676-bb900f9b8b23,unknown_queued,"1/4 """,Queued for review (unknown),system,2026-09-04T09:56:53.486132+00:00
eae1cded-22e3-4147-ba42-82454cd3bf3e,unknown_queued,"5/16 """,Queued for review (unknown),system,2026-09-04T09:56:53.992917+00:00
403979c1-7eb0-4c5c-a370-35905dec0da9,unknown_queued,"3/8 """,Queued for review (unknown),system,2026-09-04T09:56:54.505094+00:00
c40827c7-310b-4569-aa00-96839d0f7c8a,unknown_queued,"1/4""",Queued for review (unknown),system,2026-09-04T09:56:55.003889+00:00
f0a6f7fa-9d7d-4505-a35a-7ff5c3c65606,unknown_queued,"1/2""ø",Queued for review (unknown),system,2026-09-04T09:56:55.528053+00:00
1dc44197-b4c4-468b-aab6-5bf9c5897804,unknown_queued,"1/2""⌀x",Queued for review (unknown),system,2026-09-04T09:56:56.223850+00:00
ec2a5dc3-3120-4c45-bb7a-1718e8fb3ef1,unknown_queued,L3x3x1/4,Queued for review (structural_section),system,2026-09-04T09:56:56.744819+00:00
4ab1e191-203f-4171-a0de-150dfa46b1cf,unknown_queued,"3/8""",Queued for review (unknown),system,2026-09-04T09:56:57.245048+00:00
7fe87abd-4d73-43c1-b807-1b7d626d7a7a,unknown_queued,"3/8""x4""",Queued for review (unknown),system,2026-09-04T09:56:57.943512+00:00
a5305343-806b-430e-a2fb-dd006cf164f0,unknown_queued,C8x11.5.,Queued for review (structural_section),system,2026-09-04T09:56:58.522808+00:00
6c1575a8-ba22-4bbc-882b-bef52d52bd20,unknown_queued,"L3X3X5/16,",Queued for review (structural_section),system,2026-09-04T09:56:59.354945+00:00
cb10f531-2868-49b7-adff-8df290f96462,unknown_queued,"L4X4X3/8X0'-8""",Queued for review (structural_section),system,2026-09-04T09:56:59.792123+00:00
c917059a-1345-455b-a529-eb5966cc12e7,unknown_queued,"L3x3x1/4x0'-3"",",Queued for review (structural_section),system,2026-09-04T09:57:00.281812+00:00
61fb6b77-f5c3-46ce-8354-378d6a8c2bc3,unknown_queued,"3/4""⌀x6""",Queued for review (unknown),system,2026-09-04T09:57:00.776604+00:00
45c92b92-1f66-4664-8edb-d4e1d3c8efb1,unknown_queued,"1/2""@",Queued for review (unknown),system,2026-09-04T09:57:01.470436+00:00
2aa2c3e5-691e-4ddf-83a6-3ffece09c805,unknown_queued,L4X3-1/2X5/16,Queued for review (structural_section),system,2026-09-04T09:57:01.943699+00:00
59d1ca3c-602c-4a92-ac70-ba85196708d1,unknown_queued,HSS6X6X3/8,Queued for review (structural_section),system,2026-09-04T09:57:02.717126+00:00
38774427-a683-43cf-b276-30911c6e85f3,unknown_queued,HSS8X6X3/8,Queued for review (structural_section),system,2026-09-04T09:57:03.683245+00:00
cce805b5-9b00-4b2e-9cd5-39c7ce626ad3,unknown_queued,HSS6X6X1/2,Queued for review (structural_section),system,2026-09-04T09:57:05.149338+00:00
28ba0fd6-d274-4819-b0a8-4e0b5c85ac6f,unknown_queued,W10X33,Queued for review (structural_section),system,2026-09-04T09:57:09.290875+00:00
23f3eccb-3a3c-4dea-99f5-18eeda4dbcf1,unknown_queued,"3/4""x18""x18""",Queued for review (unknown),system,2026-09-04T09:57:12.219815+00:00
eb9defe3-94b8-41c2-83ae-91f086b2db32,unknown_queued,HSS10X0.625,Queued for review (structural_section),system,2026-09-04T09:57:13.702573+00:00
960c218c-a786-410b-b5d1-90c08e62ed97,unknown_queued,W10X49,Queued for review (structural_section),system,2026-09-04T09:57:14.228842+00:00
26071965-2dae-46c7-89ac-f2faa1823102,unknown_queued,W10X39,Queued for review (structural_section),system,2026-09-04T09:57:15.657278+00:00
4c2b414c-b513-4c16-aa13-8d63c19fa388,unknown_queued,HSS10X0.500,Queued for review (structural_section),system,2026-09-04T09:57:16.713635+00:00
e7b76763-1ba7-475d-b20c-c1beffa4f667,unknown_queued,W8X40,Queued for review (structural_section),system,2026-09-04T09:57:21.456410+00:00
6c0cdde7-28c0-447d-be7f-c7b329afe9c4,unknown_queued,"5/8"")-H(-1'",Queued for review (unknown),system,2026-09-04T09:57:23.108776+00:00
2c6ddc4c-ad31-4e58-8b1e-e50a78575e76,unknown_queued,"3/4""x16""x16""",Queued for review (unknown),system,2026-09-04T09:57:23.730871+00:00
8258b4e0-dc91-4713-bf13-71e893c6bb7b,unknown_queued,W10X15,Queued for review (structural_section),system,2026-09-04T09:57:25.045901+00:00
dd460622-851c-4ac0-8f6c-3173db7e7b93,unknown_queued,W21X44,Queued for review (structural_section),system,2026-09-04T09:57:25.671728+00:00
28cadb4d-2725-4286-806a-985816670c11,unknown_queued,W16X26,Queued for review (structural_section),system,2026-09-04T09:57:26.253487+00:00
8486accd-66be-4dae-b0a0-a927577ba236,unknown_queued,W12X40,Queued for review (structural_section),system,2026-09-04T09:57:26.793652+00:00
3cf2e3b2-6c53-408e-a6d1-878441621832,unknown_queued,W18X35,Queued for review (structural_section),system,2026-09-04T09:57:27.669088+00:00
5f6a88f2-3744-4b64-a1fb-c20848ac816e,unknown_queued,W18X40,Queued for review (structural_section),system,2026-09-04T09:57:28.859961+00:00
95db9aa4-458e-464f-9922-31a7cd5e1e9b,unknown_queued,W10X45,Queued for review (structural_section),system,2026-09-04T09:57:32.478563+00:00
8794712e-4d9f-4cf4-8598-b5fed21f0847,unknown_queued,W10X54,Queued for review (structural_section),system,2026-09-04T09:57:34.907300+00:00
c6b30134-7a6b-4279-a09c-931f4cb4b86b,unknown_queued,W10X60,Queued for review (structural_section),system,2026-09-04T09:57:37.738749+00:00
28dddaec-9499-42ee-be16-bdd2bdb9745b,token_approved,W10X60,class=W10X60,user,2026-09-04T10:00:09.633315+00:00
f1c9ae89-baf4-4c2a-84e6-6c2696bcf321,token_approved,W10X54,class=W10X54,user,2026-09-04T10:00:09.634369+00:00
deb453b1-22ab-43d7-b200-9a401970ea45,token_approved,W10X45,class=W10X45,user,2026-09-04T10:00:09.636186+00:00
06e4b757-fb29-49b7-8e6a-89a4404ada86,token_approved,W18X40,class=W18X40,user,2026-09-04T10:00:09.636286+00:00
e16aeab7-3012-4f31-ae6a-23317f2fb215,token_approved,W18X35,class=W18X35,user,2026-09-04T10:00:09.636350+00:00
2d13242a-8644-4608-b7fc-fc22c3d96afb,token_approved,W12X40,class=W12X40,user,2026-09-04T10:00:09.636408+00:00
30b4d090-c0e8-4fe3-86df-9e320f526aa7,token_approved,W16X26,class=W16X26,user,2026-09-04T10:00:09.636518+00:00
f1750858-b2cd-413a-a639-8c414b0c2786,token_approved,W21X44,class=W21X44,user,2026-09-04T10:00:09.636604+00:00
7e02e55e-a411-48af-b7ec-37baa6fbfcde,token_approved,W10X15,class=W10X15,user,2026-09-04T10:00:09.636671+00:00
9df3bc22-54e5-4d3a-b910-7bb7c5d77065,token_approved,W8X40,class=W8X40,user,2026-09-04T10:00:09.636733+00:00
7a756ad0-e02e-469b-aae6-2c43fd26089c,token_approved,HSS10X0.500,class=HSS10.000X0.500,user,2026-09-04T10:00:09.636790+00:00
08ab82fa-273a-4d49-b395-a85f7ef6850e,token_approved,W10X39,class=W10X39,user,2026-09-04T10:00:09.636845+00:00
86dd2400-e951-4842-8e33-28757ab0edbb,token_approved,W10X49,class=W10X49,user,2026-09-04T10:00:09.636900+00:00
4f539377-6f21-4ab0-a4bb-e8005cf9bb81,token_approved,HSS10X0.625,class=W10X54,user,2026-09-04T10:00:09.636958+00:00
8a1f5147-b2ce-4ae8-b4c1-df0ecdf3c31c,token_approved,W10X33,class=W10X33,user,2026-09-04T10:00:09.637018+00:00
ee24991c-ebfa-477a-841c-4c38f9e56090,token_approved,HSS6X6X1/2,class=HSS6X6X1/2,user,2026-09-04T10:00:09.637072+00:00
b3f6a320-ea34-422c-a014-de3fcd4db82d,token_approved,HSS8X6X3/8,class=HSS8X6X3/8,user,2026-09-04T10:00:09.637169+00:00
f737c655-d3d3-41e9-bb9d-b67edf599acf,token_approved,HSS6X6X3/8,class=HSS6X6X3/8,user,2026-09-04T10:00:09.637226+00:00
c3cec976-19a7-4712-9ed9-53f5edd1810b,token_approved,L4X3-1/2X5/16,class=L4X3X5/16,user,2026-09-04T10:00:09.637284+00:00
e98e794a-893b-413a-88ce-5c7aa7fba95c,token_approved,"L3x3x1/4x0'-3"",",class=L3X3X1/4,user,2026-09-04T10:00:09.637340+00:00
c4aa5ebf-35aa-430b-935e-a5883236477f,token_rejected,"3/4""x16""x16""",class=,user,2026-09-04T10:00:29.575353+00:00
72c89306-b458-47c9-8948-3dcb292f537b,token_rejected,"5/8"")-H(-1'",class=,user,2026-09-04T10:00:29.575478+00:00
11a563c2-36e0-43e4-a1d7-18a06d43c3bd,token_rejected,"3/4""x18""x18""",class=,user,2026-09-04T10:00:29.575528+00:00
bf60b065-5d82-4e3e-bc29-bd5fba3dbad8,token_rejected,"1/2""@",class=,user,2026-09-04T10:00:29.575627+00:00
f6e143ae-c139-4767-8ebc-7a46a1ca6aff,token_rejected,"3/4""⌀x6""",class=,user,2026-09-04T10:00:29.575665+00:00
3a04b2df-12ca-48af-bc9d-4dc506a0e29f,token_rejected,"3/8""x4""",class=,user,2026-09-04T10:00:29.575699+00:00
29ea5287-42cc-41e8-beb1-94df3e1390a3,token_rejected,"3/8""",class=,user,2026-09-04T10:00:29.575734+00:00
9e614fbc-fdec-415a-9b21-f097acd9e3e6,token_rejected,"1/2""⌀x",class=,user,2026-09-04T10:00:29.575766+00:00
63ce7987-7ac5-4f21-aa0d-104d4c2aa0c7,token_rejected,"1/2""ø",class=,user,2026-09-04T10:00:29.575799+00:00
e10b8910-aeeb-4a95-9cf5-4b5ae3bd3160,token_rejected,"1/4""",class=,user,2026-09-04T10:00:29.575831+00:00
21db79d9-5722-47e1-934f-b1f97e382bdc,token_rejected,"3/8 """,class=,user,2026-09-04T10:00:29.575861+00:00
4000c88d-f79a-4f27-a9e2-5da61fc96cc4,token_rejected,"5/16 """,class=,user,2026-09-04T10:00:29.575891+00:00
a93e3223-febf-4f28-af2f-bfb966c9b616,token_rejected,"1/4 """,class=,user,2026-09-04T10:00:29.575919+00:00
6f3cf015-32ea-4286-af0f-fcc9258a7ccf,token_rejected,"3/16 """,class=,user,2026-09-04T10:00:29.575947+00:00
e0d46d02-3d67-4b3d-b916-ca9cb68f1a07,token_rejected,"7-7/8""",class=,user,2026-09-04T10:00:29.575976+00:00
9d29c2af-72ae-416b-996c-a9540f41af17,token_rejected,"1""",class=,user,2026-09-04T10:00:29.576005+00:00
87860317-0ee7-4a96-92cb-18a178ff5ba6,token_rejected,"1""⌀STUDS",class=,user,2026-09-04T10:00:29.576036+00:00
a33aa7b6-dc57-46d6-8ec3-8dbfe998aedf,token_rejected,"5/16""",class=,user,2026-09-04T10:00:29.576064+00:00
3dc4f9f9-ab85-4552-8595-c770ce3ffaf4,token_rejected,"14-2"".",class=,user,2026-09-04T10:00:29.576092+00:00
c3dbe8bb-8de6-4c57-a36a-3868910473e3,token_rejected,"12""",class=,user,2026-09-04T10:00:29.576124+00:00
21e493e4-29bd-4212-a65f-0faaab688262,token_rejected,"3/4""Ø",class=,user,2026-09-04T10:00:29.576152+00:00
68d808ab-c6c0-4b29-96a7-71c9dd2d856b,token_approved,"L4X4X3/8X0'-8""",class=L4X4X3/8,user,2026-09-04T10:00:47.784814+00:00
be10cd9a-88a4-4fc8-aa22-306a8fd1f835,token_approved,"L3X3X5/16,",class=L3X3X5/16,user,2026-09-04T10:00:47.784951+00:00
c306f0a3-2ae2-4ca2-86d8-b47f096b0dc4,token_approved,C8x11.5.,class=C8X11.5,user,2026-09-04T10:00:47.785080+00:00
0ff276d7-7f76-4849-a7c7-7bd39ff6498d,token_approved,L3x3x1/4,class=L3X3X1/4,user,2026-09-04T10:00:47.785188+00:00
e68b9882-fea6-4897-b7de-0a0ac7d74aed,token_approved,L4X4X3/8,class=L4X4X3/8,user,2026-09-04T10:00:47.785251+00:00
aab25bca-62cc-4b12-9d5c-90f98f1e88d0,token_approved,HSS14X6X5/8,class=HSS14X6X5/8,user,2026-09-04T10:00:47.785306+00:00
20b104e0-99e2-41fb-9357-8cfa57f242a9,token_approved,W14X22,class=W14X22,user,2026-09-04T10:00:47.785361+00:00
67e50e70-1229-4bab-9f36-68c723a420be,token_approved,W8x31,class=W8X31,user,2026-09-04T10:00:47.785443+00:00
e79b0170-8abc-4f2f-9556-a4f2273a21b9,token_approved,HSS20X8X5/8,class=HSS20X8X5/8,user,2026-09-04T10:00:47.785498+00:00
670aebf7-e702-434d-bb71-6bfe96524cd3,token_approved,HSS14X6X1/2,class=HSS14X6X1/2,user,2026-09-04T10:00:47.785550+00:00
5c2136ab-9504-4d88-911f-55ff5e333bf2,token_approved,W10X30,class=W10X30,user,2026-09-04T10:00:47.785601+00:00
d532d8e6-3f82-4691-8412-d68762f402af,token_approved,W12X30,class=W12X30,user,2026-09-04T10:00:47.785653+00:00
d82cea07-8435-4b02-89fd-f2cb786ae01e,token_approved,W16X31,class=W16X31,user,2026-09-04T10:00:47.785756+00:00
b0ab256e-7846-4e19-a1f9-0156b6469eb5,token_approved,W12X22,class=W12X22,user,2026-09-04T10:00:47.785809+00:00
6b75e16e-dca2-49d7-8b49-2478a2256f25,token_approved,W10X22,class=W10X22,user,2026-09-04T10:00:47.785861+00:00
3aa6f006-0b68-4798-b16a-8d0a75592945,token_approved,W10X19,class=W10X19,user,2026-09-04T10:00:47.785938+00:00
3e8f3188-50fc-4238-86cf-6f5b1547496c,token_approved,W18X50,class=W18X50,user,2026-09-04T10:00:47.786057+00:00
6b37802b-47a8-4df0-8085-a872d49dd862,token_approved,HSS12X6X3/8,class=HSS12X6X3/8,user,2026-09-04T10:00:47.791207+00:00
56298634-cf2b-4eee-96d7-8072bd9ca0fa,token_approved,W12X26,class=W12X26,user,2026-09-04T10:00:47.791314+00:00
31843f88-bb46-4bd2-b4ba-cb30f6b1aceb,token_approved,W21X50,class=W21X50,user,2026-09-04T10:00:47.791382+00:00
573abebc-f635-4618-bf81-5e348fcdde9a,token_approved,W12X16,class=W12X16,user,2026-09-04T10:00:47.791441+00:00
df005c6c-88b5-457d-9f0e-00e42a9c6932,token_approved,W12X19,class=W12X19,user,2026-09-04T10:00:47.791497+00:00
f15421ba-5cfe-4e30-baee-73df0f990a4f,token_rejected,"1/2""",class=,user,2026-09-04T10:00:55.893181+00:00
5fc96ac1-9997-4276-acc0-c7f8f3c7f854,token_rejected,"1/8""",class=,user,2026-09-04T10:00:55.920089+00:00
79b48c07-711b-4001-8d65-ca95184a1f25,token_rejected,"3/4""",class=,user,2026-09-04T10:00:55.920240+00:00
f9d17fc5-526e-4c6d-ad80-f463215d1acb,token_rejected,"1-1/2""",class=,user,2026-09-04T10:00:55.920272+00:00
6b3332e4-08f3-43c8-8fbf-4018fd8bc444,unknown_queued,"1/2""",Queued for review (unknown),system,2026-09-04T10:12:40.623726+00:00
0a416389-b134-4b5b-ad05-f7be5ada5a3d,unknown_queued,"1/8""",Queued for review (unknown),system,2026-09-04T10:12:40.952564+00:00
def8ab52-5806-4d8e-8cfe-cf28141b8d19,unknown_queued,"3/4""",Queued for review (unknown),system,2026-09-04T10:12:41.277324+00:00
6d730066-49ba-4f82-82a7-42c75b2651b3,unknown_queued,W12X19,Queued for review (structural_section),system,2026-09-04T10:12:41.889645+00:00
be805e17-7eb9-4304-beeb-8d58cd3035ab,unknown_queued,W12X16,Queued for review (structural_section),system,2026-09-04T10:12:42.287445+00:00
0774dd40-b885-4a61-b424-445aa670d738,unknown_queued,W21X50,Queued for review (structural_section),system,2026-09-04T10:12:42.721168+00:00
878fd586-2dd1-44ff-ab1c-2c7acd2a69c0,unknown_queued,W12X26,Queued for review (structural_section),system,2026-09-04T10:12:43.273629+00:00
4f21741b-5fb5-485b-a6d7-3559e62511d5,unknown_queued,HSS12X6X3/8,Queued for review (structural_section),system,2026-09-04T10:12:43.886215+00:00
0fc25527-6046-4d48-aa83-b046c1252687,unknown_queued,W18X50,Queued for review (structural_section),system,2026-09-04T10:12:44.749747+00:00
058551c5-c6f2-4488-92cf-3359ce1b3ea3,unknown_queued,W10X19,Queued for review (structural_section),system,2026-09-04T10:12:45.282900+00:00
f7d96455-82ec-4dea-b17f-1e28e469ef72,unknown_queued,W10X22,Queued for review (structural_section),system,2026-09-04T10:12:46.005253+00:00
9e3f3929-a75f-43b4-82c2-447d315078a1,unknown_queued,W12X22,Queued for review (structural_section),system,2026-09-04T10:12:48.251221+00:00
9e05f8cb-b8a2-46e1-af1c-ce6b58c47e3c,unknown_queued,W16X31,Queued for review (structural_section),system,2026-09-04T10:12:49.246202+00:00
1422c4ad-749b-4777-b36d-554051f5e688,unknown_queued,W12X30,Queued for review (structural_section),system,2026-09-04T10:12:49.786871+00:00
841b0378-16cf-4fc5-8bd5-e09b74551bf2,unknown_queued,W10X30,Queued for review (structural_section),system,2026-09-04T10:12:50.202932+00:00
23c2e25c-c4a4-4f6c-a68a-0cf4999c28b3,unknown_queued,HSS14X6X1/2,Queued for review (structural_section),system,2026-09-04T10:12:51.872676+00:00
c3bd391f-a7fa-41f1-bc94-62e1910c7e97,unknown_queued,HSS20X8X5/8,Queued for review (structural_section),system,2026-09-04T10:12:53.680824+00:00
d86061e5-adae-488e-b9aa-3a9947e1ad1e,unknown_queued,W8x31,Queued for review (structural_section),system,2026-09-04T10:12:54.338286+00:00
9b4c2cd4-395b-461c-bf7f-fd84ccd38297,unknown_queued,W14X22,Queued for review (structural_section),system,2026-09-04T10:12:56.354011+00:00
182421e8-4dc1-474c-a438-0b2c81d4f354,unknown_queued,HSS14X6X5/8,Queued for review (structural_section),system,2026-09-04T10:12:57.632530+00:00
d87fd538-136d-4655-a57e-52b3f77be50a,unknown_queued,L4X4X3/8,Queued for review (structural_section),system,2026-09-04T10:12:58.348512+00:00
5e5aa18c-7afd-4db8-a327-caa7fe511ec0,unknown_queued,"1-1/2""",Queued for review (unknown),system,2026-09-04T10:12:59.007530+00:00
aa8d61e1-d339-44e0-8abc-0144860cad86,unknown_queued,"3/4""Ø",Queued for review (unknown),system,2026-09-04T10:12:59.465011+00:00
468b8513-c85a-4882-9565-90e11b078fdb,unknown_queued,"12""",Queued for review (unknown),system,2026-09-04T10:12:59.807633+00:00
092e7a63-e447-4967-80c8-7517631b548a,unknown_queued,"14-2"".",Queued for review (unknown),system,2026-09-04T10:13:00.201428+00:00
ad4b6558-8cfe-4ba3-870e-0e68ea4f7a20,unknown_queued,"5/16""",Queued for review (unknown),system,2026-09-04T10:13:00.575556+00:00
a236c3d0-505e-4c77-9ecc-2b2660688a1c,unknown_queued,"1""⌀STUDS",Queued for review (unknown),system,2026-09-04T10:13:00.968993+00:00
dced4ef6-b99c-4c75-94a6-b812207388d2,unknown_queued,"1""",Queued for review (unknown),system,2026-09-04T10:13:01.291119+00:00
462dc26b-170c-4bcc-a859-74c4963411eb,unknown_queued,"7-7/8""",Queued for review (unknown),system,2026-09-04T10:13:01.668109+00:00
7cbcecf7-c63f-478f-b3c2-0317abcb8431,unknown_queued,"3/16 """,Queued for review (unknown),system,2026-09-04T10:13:02.171830+00:00
9465ffe0-9ff8-4efc-bda7-9d160c625e1c,unknown_queued,"1/4 """,Queued for review (unknown),system,2026-09-04T10:13:02.528339+00:00
78367487-b796-4705-914d-976cdf7ea910,unknown_queued,"5/16 """,Queued for review (unknown),system,2026-09-04T10:13:02.867486+00:00
6dd03d3c-43af-4b01-8803-d2a9641482a3,unknown_queued,"3/8 """,Queued for review (unknown),system,2026-09-04T10:13:03.239566+00:00
b6ce23ad-53ee-4ece-a9b9-a2792d4edbec,unknown_queued,"1/4""",Queued for review (unknown),system,2026-09-04T10:13:03.582219+00:00
4590331b-26e9-4195-8632-3f6cf4ffd566,unknown_queued,"1/2""ø",Queued for review (unknown),system,2026-09-04T10:13:03.911200+00:00
5327f0ba-1bf7-446d-930e-e6658a9646fe,unknown_queued,"1/2""⌀x",Queued for review (unknown),system,2026-09-04T10:13:04.298876+00:00
5c6d236f-e1a1-467a-ae72-550325ac1ca9,unknown_queued,L3x3x1/4,Queued for review (structural_section),system,2026-09-04T10:13:04.723489+00:00
5d47b6ac-12f7-4576-aa19-e884d74ec074,unknown_queued,"3/8""",Queued for review (unknown),system,2026-09-04T10:13:05.272334+00:00
ec98e981-f4c8-41cb-a171-5b11166a377d,unknown_queued,"3/8""x4""",Queued for review (unknown),system,2026-09-04T10:13:06.282220+00:00
2ecb169b-ab0e-41db-8c93-27f66268ddb8,unknown_queued,C8x11.5.,Queued for review (structural_section),system,2026-09-04T10:13:07.015668+00:00
3a4437ec-0cc6-4f89-9115-6848f3fc0932,unknown_queued,"L3X3X5/16,",Queued for review (structural_section),system,2026-09-04T10:13:07.954167+00:00
6a058242-f696-4511-bf23-b1c44bb81e0b,unknown_queued,"L4X4X3/8X0'-8""",Queued for review (structural_section),system,2026-09-04T10:13:08.685208+00:00
6d5c14a3-670b-46a5-908d-b714b03afb7b,unknown_queued,"L3x3x1/4x0'-3"",",Queued for review (structural_section),system,2026-09-04T10:13:09.054472+00:00
4c7cabc3-9999-43f2-b077-9dba5ea6ed90,unknown_queued,"3/4""⌀x6""",Queued for review (unknown),system,2026-09-04T10:13:09.460214+00:00
460dda9c-d025-443c-a178-8c1eef0fbca6,unknown_queued,"1/2""@",Queued for review (unknown),system,2026-09-04T10:13:09.936560+00:00
59027545-2404-41fa-8c9d-d19b710b9033,unknown_queued,L4X3-1/2X5/16,Queued for review (structural_section),system,2026-09-04T10:13:10.305241+00:00
9dc9ccfc-9410-4b0d-82c3-3f762c46aae1,unknown_queued,HSS6X6X3/8,Queued for review (structural_section),system,2026-09-04T10:13:10.845099+00:00
97e5df2b-4d82-4dd1-a49e-77a67a2574db,unknown_queued,HSS8X6X3/8,Queued for review (structural_section),system,2026-09-04T10:13:11.488283+00:00
90542479-50f4-420c-8018-68faac2b8acd,unknown_queued,HSS6X6X1/2,Queued for review (structural_section),system,2026-09-04T10:13:12.351521+00:00
c32e3a86-23bd-4383-a1f9-7864d603f873,unknown_queued,W10X33,Queued for review (structural_section),system,2026-09-04T10:13:14.617230+00:00
d9b04224-034b-49ce-a03b-3f6510a1518c,unknown_queued,"3/4""x18""x18""",Queued for review (unknown),system,2026-09-04T10:13:17.144498+00:00
b6b99b15-4a79-40ad-9280-903f19247421,unknown_queued,HSS10X0.625,Queued for review (structural_section),system,2026-09-04T10:13:18.062466+00:00
4ee4b911-8bc4-4b59-8268-df77570e7a5e,unknown_queued,W10X49,Queued for review (structural_section),system,2026-09-04T10:13:18.384988+00:00
a000b815-a8da-4424-bc73-532db8997c54,unknown_queued,W10X39,Queued for review (structural_section),system,2026-09-04T10:13:19.172787+00:00
3f3ee914-3940-4902-9d0b-2cd4e214e80d,unknown_queued,HSS10X0.500,Queued for review (structural_section),system,2026-09-04T10:13:19.615268+00:00
592b498e-8136-46d3-9d23-73826b769cf1,unknown_queued,W8X40,Queued for review (structural_section),system,2026-09-04T10:13:22.872599+00:00
6e210834-2b50-4958-9dfa-6ed541dd758b,unknown_queued,"5/8"")-H(-1'",Queued for review (unknown),system,2026-09-04T10:13:24.054705+00:00
c58ba46d-fd0b-4b97-b752-dd9ca6e21723,unknown_queued,"3/4""x16""x16""",Queued for review (unknown),system,2026-09-04T10:13:24.453234+00:00
c966871d-6513-4622-9450-af278333b186,unknown_queued,W10X15,Queued for review (structural_section),system,2026-09-04T10:13:25.284262+00:00
382c292a-4693-4789-b123-3c29ba592d91,unknown_queued,W21X44,Queued for review (structural_section),system,2026-09-04T10:13:25.683953+00:00
3a31e6f5-e1ce-4dfa-bd92-a55abfe1d21f,unknown_queued,W16X26,Queued for review (structural_section),system,2026-09-04T10:13:26.030301+00:00
cbb6da2d-d326-486d-9756-abc3ba34cd29,unknown_queued,W12X40,Queued for review (structural_section),system,2026-09-04T10:13:26.361549+00:00
56997d55-2657-441e-927a-9f94262baf0a,unknown_queued,W18X35,Queued for review (structural_section),system,2026-09-04T10:13:26.923639+00:00
135f46fb-f566-41bc-bc03-b5910b2ea216,unknown_queued,W18X40,Queued for review (structural_section),system,2026-09-04T10:13:27.734047+00:00
c1d13baa-c6c5-4aa8-bfdc-da9b31d6fd7c,unknown_queued,W10X45,Queued for review (structural_section),system,2026-09-04T10:13:30.077462+00:00
76cd1787-62a0-4470-9b07-998cb6e28533,unknown_queued,W10X54,Queued for review (structural_section),system,2026-09-04T10:13:31.535448+00:00
bf73eb5e-081b-46bc-ade0-de7f009dd56a,unknown_queued,W10X60,Queued for review (structural_section),system,2026-09-04T10:13:33.220243+00:00
c853ca4d-7136-4b49-9359-a83b05fe24fe,token_approved,W12X19,class=W12X19,user,2026-09-04T10:17:03.741666+00:00
6c07385b-6a68-4811-b00d-11130de74a8f,token_approved,W12X16,class=W12X16,user,2026-09-04T10:17:03.742157+00:00
ecafaacd-8cbf-4904-95f3-1bc4da33eaef,token_approved,W21X50,class=W21X50,user,2026-09-04T10:17:03.742236+00:00
15cf7168-5eb8-42a0-8d2d-ea90abf87116,token_approved,W12X26,class=W12X26,user,2026-09-04T10:17:03.742274+00:00
0f6e1372-522d-47f8-88ba-aa2b6cf2a9f6,token_approved,HSS12X6X3/8,class=HSS12X6X3/8,user,2026-09-04T10:17:03.742305+00:00
22341b5d-3642-4cb0-9b57-b44b305b1675,token_approved,W18X50,class=W18X50,user,2026-09-04T10:17:03.742336+00:00
ea019234-1d31-4080-9b8c-78212c541098,token_approved,W10X19,class=W10X19,user,2026-09-04T10:17:03.742365+00:00
f0b12555-98a0-49af-abcf-1cebe196de1c,token_approved,W10X22,class=W10X22,user,2026-09-04T10:17:03.742394+00:00
e937c3ab-e9e1-4640-af4b-affa9a06b063,token_approved,W12X22,class=W12X22,user,2026-09-04T10:17:03.742421+00:00
3bf7b29d-9883-4d2d-bd95-2a7140039cff,token_approved,W16X31,class=W16X31,user,2026-09-04T10:17:03.742484+00:00
45b74d84-b42d-422e-8abd-60d519b0c382,token_approved,W12X30,class=W12X30,user,2026-09-04T10:17:03.742516+00:00
49ae251b-1ad5-4910-8cc7-bf0eab58eaaa,token_approved,W10X30,class=W10X30,user,2026-09-04T10:17:03.742546+00:00
558176ff-2c34-467e-9e2f-0f180381f5ee,token_approved,HSS14X6X1/2,class=HSS14X6X1/2,user,2026-09-04T10:17:03.742577+00:00
4bbc8c3b-590a-42fc-aa3c-865cb0cf5b1d,token_approved,HSS20X8X5/8,class=HSS20X8X5/8,user,2026-09-04T10:17:03.742606+00:00
dd7fb1a6-2f52-4435-b38c-c4ff5ceddc5e,token_approved,W8x31,class=W8X31,user,2026-09-04T10:17:03.742636+00:00
515febfb-960d-4a7d-9eee-6868c720e4b9,token_approved,W14X22,class=W14X22,user,2026-09-04T10:17:03.742681+00:00
876407f1-d788-4003-a4f7-386549932039,token_approved,HSS14X6X5/8,class=HSS14X6X5/8,user,2026-09-04T10:17:03.742708+00:00
d01e80d0-626d-4c51-9146-a02dedebc08c,token_approved,L4X4X3/8,class=L4X4X3/8,user,2026-09-04T10:17:03.742735+00:00
a38cdedb-2600-4935-a3dc-3d6c9b84a900,token_approved,L3x3x1/4,class=L3X3X1/4,user,2026-09-04T10:17:03.742792+00:00
8662d4c3-8752-4a55-950b-fcb140691505,token_approved,C8x11.5.,class=C8X11.5,user,2026-09-04T10:17:03.742825+00:00
1a13e06f-585a-4d9b-a3ff-b0913c311638,token_approved,"L3X3X5/16,",class=L3X3X5/16,user,2026-09-04T10:17:03.742853+00:00
ce7c2685-368e-41ff-b61f-979e6f7a695d,token_approved,"L4X4X3/8X0'-8""",class=L4X4X3/8,user,2026-09-04T10:17:03.742897+00:00
daa992fe-e532-46c7-b313-30a75dce18f3,token_approved,"L3x3x1/4x0'-3"",",class=L3X3X1/4,user,2026-09-04T10:17:03.742924+00:00
b40b571f-3215-4dd9-a0b0-59b4d8373b43,token_approved,L4X3-1/2X5/16,class=L4X3X5/16,user,2026-09-04T10:17:03.742958+00:00
6043596d-2fdd-48ba-9a0d-d5b06968dc26,token_approved,HSS6X6X3/8,class=HSS6X6X3/8,user,2026-09-04T10:17:03.743001+00:00
9c5df81b-3aca-4e31-9e3f-87a2d88fb6c9,token_approved,HSS8X6X3/8,class=HSS8X6X3/8,user,2026-09-04T10:17:03.743028+00:00
e345cb3e-3f8a-4902-9a5d-8d6e619f6b1a,token_approved,HSS6X6X1/2,class=HSS6X6X1/2,user,2026-09-04T10:17:03.743081+00:00
025054ff-6574-4153-b236-2fe305631a56,token_approved,W10X33,class=W10X33,user,2026-09-04T10:17:03.743123+00:00
74cef9fb-6c86-45b0-b329-21e5c88162cf,token_approved,HSS10X0.625,class=W10X54,user,2026-09-04T10:17:03.743153+00:00
6f220aea-8159-41a9-9de8-588745f5b03c,token_approved,W10X49,class=W10X49,user,2026-09-04T10:17:03.743181+00:00
8168545a-cc3b-4898-83ef-c93533a122da,token_approved,W10X39,class=W10X39,user,2026-09-04T10:17:03.743208+00:00
af26ad14-48a4-4b4a-beaf-172233c2e33a,token_approved,HSS10X0.500,class=HSS10.000X0.500,user,2026-09-04T10:17:03.743234+00:00
0fd7e1bb-d716-4b36-ac31-f53f122c4cc6,token_approved,W8X40,class=W8X40,user,2026-09-04T10:17:03.743286+00:00
9b6e3ed8-dc7d-4a43-aca7-a80435aa3fa1,token_approved,W10X15,class=W10X15,user,2026-09-04T10:17:03.743320+00:00
10c89663-0ec0-4b25-b283-bb8cf6dba1b4,token_approved,W21X44,class=W21X44,user,2026-09-04T10:17:03.743372+00:00
0ed1f379-6fce-4902-9f54-6008ed2b167d,token_approved,W16X26,class=W16X26,user,2026-09-04T10:17:03.743397+00:00
41ef4ecf-8e94-4b4c-8594-5dfdf10237f2,token_approved,W12X40,class=W12X40,user,2026-09-04T10:17:03.743450+00:00
73299f8e-6b73-4030-a4d8-fe24ee70a2e7,token_approved,W18X35,class=W18X35,user,2026-09-04T10:17:03.743477+00:00
96b6f0f8-66de-4839-a914-3e372f9770ec,token_approved,W18X40,class=W18X40,user,2026-09-04T10:17:03.743503+00:00
da8ad03a-86ad-4523-9655-f321bbc473ad,token_approved,W10X45,class=W10X45,user,2026-09-04T10:17:03.743529+00:00
99037421-b40d-42c7-b315-c50c95fc65da,token_approved,W10X54,class=W10X54,user,2026-09-04T10:17:03.743578+00:00
64242da3-6409-451a-9645-9590e8a7cdb4,token_approved,W10X60,class=W10X60,user,2026-09-04T10:17:03.743634+00:00
e4716744-f967-4671-9966-774a8cecbdc5,token_rejected,"1/2""",class=,user,2026-09-04T10:17:17.745234+00:00
ad0f471a-fb69-440a-b51a-d0106fdc3aef,token_rejected,"1/8""",class=,user,2026-09-04T10:17:17.745344+00:00
390d3ac3-eff2-45fb-9f0b-d0c35238246e,token_rejected,"3/4""",class=,user,2026-09-04T10:17:17.745376+00:00
1173d22c-3400-48da-9bd5-811dd85e6852,token_rejected,"1-1/2""",class=,user,2026-09-04T10:17:17.745398+00:00
256e3743-37b1-40c0-8a88-22e39dbd22af,token_rejected,"3/4""Ø",class=,user,2026-09-04T10:17:17.745431+00:00
153b07ed-6005-4669-a8d7-05d34ede6237,token_rejected,"12""",class=,user,2026-09-04T10:17:17.745450+00:00
930f69bf-dec9-4916-9fd5-40b297ae358c,token_rejected,"14-2"".",class=,user,2026-09-04T10:17:17.745477+00:00
6b8aac17-a1fb-4cd1-8c28-6b8d19d43b00,token_rejected,"5/16""",class=,user,2026-09-04T10:17:17.745506+00:00
88591236-c616-4c77-a3c9-596e5ffba64c,token_rejected,"1""⌀STUDS",class=,user,2026-09-04T10:17:17.745528+00:00
526582ac-6785-4571-b392-ac06e341d967,token_rejected,"1""",class=,user,2026-09-04T10:17:17.745545+00:00
2b34b644-f6b8-47b1-b5fd-5b7179139a3b,token_rejected,"7-7/8""",class=,user,2026-09-04T10:17:17.745561+00:00
ba01255f-c86f-447c-b97e-7c2d15f94055,token_rejected,"3/16 """,class=,user,2026-09-04T10:17:17.745582+00:00
78bfff1e-5fa0-4a14-8d81-64d32a4b61d2,token_rejected,"1/4 """,class=,user,2026-09-04T10:17:17.745598+00:00
b814c7ec-9fd2-42b0-ad99-a70bc90c44c9,token_rejected,"5/16 """,class=,user,2026-09-04T10:17:17.745614+00:00
ab7b3b8a-7c04-4d67-95cc-ed34678f8aa4,token_rejected,"3/8 """,class=,user,2026-09-04T10:17:17.745630+00:00
2f196c0c-135a-4589-a1cd-5e925949fec8,token_rejected,"1/4""",class=,user,2026-09-04T10:17:17.745646+00:00
d7b018ee-85ed-436f-8e4b-eace636f3125,token_rejected,"1/2""ø",class=,user,2026-09-04T10:17:17.745692+00:00
c9bcfdc9-592c-49c4-aa7c-358251650bee,token_rejected,"1/2""⌀x",class=,user,2026-09-04T10:17:17.745707+00:00
463a7dd4-84c6-410e-beaa-05aa3775c26b,token_rejected,"3/8""",class=,user,2026-09-04T10:17:17.745723+00:00
8123d730-68d3-45b5-a0aa-0fdfed7115a9,token_rejected,"3/8""x4""",class=,user,2026-09-04T10:17:17.745753+00:00
8d4988d4-6fc0-45ac-a849-71c61cad6de7,token_rejected,"3/4""⌀x6""",class=,user,2026-09-04T10:17:17.745770+00:00
b4b3acf6-c9ab-4615-875d-082ed9ba1d81,token_rejected,"1/2""@",class=,user,2026-09-04T10:17:17.745788+00:00
3c15f2db-0a87-4bb7-818c-3c45e9e69cc2,token_rejected,"3/4""x18""x18""",class=,user,2026-09-04T10:17:17.745805+00:00
3c51dc48-10c3-437a-9ce1-a35f03ed379a,token_rejected,"5/8"")-H(-1'",class=,user,2026-09-04T10:17:17.745821+00:00
abe57884-2952-4759-b947-16f080173687,token_rejected,"3/4""x16""x16""",class=,user,2026-09-04T10:17:17.745836+00:00
7e47102f-e3d3-47d8-82d8-4a2515519de2,unknown_queued,"1/2""",Queued for review (unknown),system,2026-09-04T10:29:48.803350+00:00
c0f192a8-5eb3-4304-ad3e-cd91b2d490a8,unknown_queued,"1/8""",Queued for review (unknown),system,2026-09-04T10:29:49.050532+00:00
f02abd55-45a5-48ed-bd44-dbe67d9202bd,unknown_queued,W18X35,Queued for review (structural_section),system,2026-09-04T10:29:49.292250+00:00
9089cb1c-7f48-432b-89ba-795494f4ee38,unknown_queued,W18X50,Queued for review (structural_section),system,2026-09-04T10:29:49.618730+00:00
804617d9-5133-4774-8fb2-4fef768ba006,unknown_queued,W21X44,Queued for review (structural_section),system,2026-09-04T10:29:50.038737+00:00
2872e6ac-3855-4402-b08f-239dde32be01,unknown_queued,W21X50,Queued for review (structural_section),system,2026-09-04T10:29:50.342221+00:00
d9f8b35a-4953-4e3c-9236-9f399ba96d8d,unknown_queued,"1 1/4""",Queued for review (unknown),system,2026-09-04T10:29:50.588694+00:00
cfe90d5d-6ffc-4d07-987a-38c8a84d6627,unknown_queued,"1/4""",Queued for review (unknown),system,2026-09-04T10:29:50.844199+00:00
8e55c5cc-b448-46a7-a374-088fe4c37fac,unknown_queued,W10X19,Queued for review (structural_section),system,2026-09-04T10:29:51.172480+00:00
185d916d-78c5-4de2-96d8-b4282b781a41,unknown_queued,"3/4""",Queued for review (unknown),system,2026-09-04T10:29:51.428685+00:00
237a16f9-d835-4283-80f5-b326608c30cf,unknown_queued,W12X26,Queued for review (structural_section),system,2026-09-04T10:29:52.326331+00:00
df1ee2e1-8bc5-4bb4-9e0b-ea83692d96ba,unknown_queued,W21X48,Queued for review (structural_section),system,2026-09-04T10:29:56.186511+00:00
e67665f5-589f-4ee5-941f-ea91a3f8fa0f,unknown_queued,HSS20X8X5/8,Queued for review (structural_section),system,2026-09-04T10:29:56.540350+00:00
b129522c-a184-412a-a543-7b7371dbe0d4,unknown_queued,W8x31,Queued for review (structural_section),system,2026-09-04T10:29:57.077839+00:00
7eaa3a0f-61a4-4acf-a431-5c323db8583a,unknown_queued,W24X55,Queued for review (structural_section),system,2026-09-04T10:29:57.327067+00:00
352e0336-e48c-4e87-bbb0-07fc8098d53d,unknown_queued,W24X84,Queued for review (structural_section),system,2026-09-04T10:29:57.860198+00:00
0fb411af-7c46-4808-95ff-5a908fa45eef,unknown_queued,HSS14X6X5/8,Queued for review (structural_section),system,2026-09-04T10:29:59.920606+00:00
b495ad9b-3be6-4325-a560-360ad07d1da8,unknown_queued,L4X4X3/8,Queued for review (structural_section),system,2026-09-04T10:30:00.402468+00:00
01c90651-bc1f-4e7e-8b69-60b3e8f53c12,unknown_queued,"1-1/2""",Queued for review (unknown),system,2026-09-04T10:30:00.943618+00:00
1585ad53-0c38-4f50-a050-5025aa8d60cb,unknown_queued,"3/4""Ø",Queued for review (unknown),system,2026-09-04T10:30:01.295308+00:00
53cb30c8-b935-42e6-b4b9-35ce6ae6fc10,unknown_queued,"12""",Queued for review (unknown),system,2026-09-04T10:30:01.498700+00:00
3f7d58de-3ee4-45c3-8481-be9f334b942c,unknown_queued,"14-2"".",Queued for review (unknown),system,2026-09-04T10:30:02.045636+00:00
c5d757f8-5aaf-497d-8a46-45b25bd776ee,unknown_queued,"5/16""",Queued for review (unknown),system,2026-09-04T10:30:02.391950+00:00
1da48c2a-278e-4d33-9500-6228f4c32a9c,unknown_queued,"1""⌀STUDS",Queued for review (unknown),system,2026-09-04T10:30:02.766111+00:00
7eeb9b1e-baef-4174-aae4-8ee9a2e608a1,unknown_queued,"1""",Queued for review (unknown),system,2026-09-04T10:30:03.026700+00:00
56df700a-3330-47aa-83ea-0b540b3e0537,unknown_queued,"7-7/8""",Queued for review (unknown),system,2026-09-04T10:30:03.322571+00:00
3f2c6bc8-f04e-484f-8b38-fa29dbe6d2ac,unknown_queued,"3/16 """,Queued for review (unknown),system,2026-09-04T10:30:03.803383+00:00
6e65a3e5-e85b-455b-b622-78cf23a76452,unknown_queued,"1/4 """,Queued for review (unknown),system,2026-09-04T10:30:04.069932+00:00
57ba2a00-75b3-4ae7-9c42-5b30ab388339,unknown_queued,"5/16 """,Queued for review (unknown),system,2026-09-04T10:30:04.354411+00:00
4e551f85-f06b-4438-b152-24dfb5317f8c,unknown_queued,"3/8 """,Queued for review (unknown),system,2026-09-04T10:30:04.641466+00:00
58d1d50b-3ab4-4e8b-9ba1-5dc59a962739,unknown_queued,L3x3x3/16,Queued for review (structural_section),system,2026-09-04T10:30:04.941205+00:00
5bc8395e-e221-423c-b987-9a82b9091a0a,unknown_queued,"1/2""ø",Queued for review (unknown),system,2026-09-04T10:30:05.284059+00:00
d69e4bf9-7936-4af7-858e-d1e4914c52f6,unknown_queued,"1/2""⌀x",Queued for review (unknown),system,2026-09-04T10:30:05.603822+00:00
16820f50-9db5-42c9-a106-7dc9b6dd14c1,unknown_queued,"3/8""",Queued for review (unknown),system,2026-09-04T10:30:05.878284+00:00
9e497051-1806-49df-bac7-56c0ce54d4da,unknown_queued,"3/8""x4""",Queued for review (unknown),system,2026-09-04T10:30:06.159875+00:00
57bcf015-fb08-4e15-b692-c875e88481c0,unknown_queued,W12X252,Queued for review (structural_section),system,2026-09-04T10:30:06.568729+00:00
e0fb21d0-8b0e-43ae-998c-94ee057bd883,unknown_queued,W14X43,Queued for review (structural_section),system,2026-09-04T10:30:06.808384+00:00
6b1aa77f-57ed-471d-802f-4a622042e2bc,unknown_queued,"L3X3X5/16,",Queued for review (structural_section),system,2026-09-04T10:30:07.559138+00:00
26ab9ea9-9ea4-4bb0-bde9-9e669e447862,unknown_queued,"L4X4X3/8X0'-8""",Queued for review (structural_section),system,2026-09-04T10:30:07.819471+00:00
1ef44018-3f8b-4d96-953f-109b1b9c0985,unknown_queued,"L3x3x1/4x0'-3"",",Queued for review (structural_section),system,2026-09-04T10:30:08.057332+00:00
8632c315-c304-4cce-ac02-91c2d03ed63f,unknown_queued,"3/4""⌀x6""",Queued for review (unknown),system,2026-09-04T10:30:08.311588+00:00
b2fab44c-5d94-47b8-8cf0-e23e5c1f34d2,unknown_queued,"1/2""@",Queued for review (unknown),system,2026-09-04T10:30:08.659958+00:00
50326023-b3bf-4ac7-a996-63a3f93b6a99,unknown_queued,A325,Queued for review (structural_section),system,2026-09-04T10:30:08.944381+00:00
1854e057-6027-4be4-87be-325a6d616666,unknown_queued,"L4X3X3/8X0'-6""",Queued for review (structural_section),system,2026-09-04T10:30:09.291778+00:00
3da87750-4c41-42db-9017-843f2345dae6,unknown_queued,L6x3-1/2x3/8,Queued for review (structural_section),system,2026-09-04T10:30:09.593562+00:00
2485e809-efd1-43fb-9f21-c5a3ea11ddb7,unknown_queued,"L3X3X3/8X0'-10""",Queued for review (structural_section),system,2026-09-04T10:30:09.942851+00:00
28b2153b-9141-4f21-be6e-5070890a78e0,unknown_queued,L4X3-1/2X5/16,Queued for review (structural_section),system,2026-09-04T10:30:10.244759+00:00
30cb1674-c6b9-411b-a2c3-8dad33f9d613,unknown_queued,HSS6X6X3/8,Queued for review (structural_section),system,2026-09-04T10:30:10.619113+00:00
9146bd02-74c1-4567-a3f9-5b6cc9d8c7d5,unknown_queued,HSS8X6X3/8,Queued for review (structural_section),system,2026-09-04T10:30:11.084889+00:00
c695d6d7-7e86-420c-a437-86ef391e3b0e,unknown_queued,HSS6X6X1/2,Queued for review (structural_section),system,2026-09-04T10:30:11.761121+00:00
55860533-e6a6-4693-9bbe-27b21819ea9c,unknown_queued,"3/4""x18""x18""",Queued for review (unknown),system,2026-09-04T10:30:13.850614+00:00
2fcb61d8-abfe-468e-8fd9-fc8c9beabe0e,unknown_queued,HSS10X0.625,Queued for review (structural_section),system,2026-09-04T10:30:14.675369+00:00
d3610e7a-465e-48d0-acf5-1cb7ed9d1f69,unknown_queued,HSS10X0.500,Queued for review (structural_section),system,2026-09-04T10:30:15.133514+00:00
04431f6e-8ccf-4b30-b004-f10ad4bcb6d5,unknown_queued,W8X40,Queued for review (structural_section),system,2026-09-04T10:30:16.002947+00:00
818805de-ad68-4606-a9db-ca09741ad741,unknown_queued,"5/8"")-H(-1'",Queued for review (unknown),system,2026-09-04T10:30:16.289567+00:00
c9c7469b-c506-4675-812a-7d6bce5f65a0,unknown_queued,"3/4""x16""x16""",Queued for review (unknown),system,2026-09-04T10:30:16.586576+00:00
85c6dc33-77a3-474e-a274-51ec0400cd4a,unknown_queued,W12X106,Queued for review (structural_section),system,2026-09-04T10:30:16.904313+00:00
dc696c5d-89ae-43a7-af6e-f6b50de961c7,unknown_queued,W12X120,Queued for review (structural_section),system,2026-09-04T10:30:17.160186+00:00
969c5fd9-d0c1-4757-9eb7-26887ec4c52e,unknown_queued,W14X61,Queued for review (structural_section),system,2026-09-04T10:30:17.423839+00:00
cead6b35-453a-45eb-ac2e-0017d8326352,unknown_queued,W14X68,Queued for review (structural_section),system,2026-09-04T10:30:17.735891+00:00
7519b096-c2c3-4a90-936f-6bfc61b195ff,unknown_queued,W14X82,Queued for review (structural_section),system,2026-09-04T10:30:18.013281+00:00
097ed74b-9a1a-47e2-ad89-1aa136b3d5df,unknown_queued,W14X90,Queued for review (structural_section),system,2026-09-04T10:30:18.280299+00:00
88a94091-e4dd-4942-b106-e54d458171d2,unknown_queued,W14X132,Queued for review (structural_section),system,2026-09-04T10:30:18.544512+00:00
99c54711-1630-41cd-9a46-9d3c8c88b0de,unknown_queued,W14X145,Queued for review (structural_section),system,2026-09-04T10:30:18.795722+00:00
760be9ea-3cb6-4e18-82c3-0bebbd9000d4,unknown_queued,W14X198,Queued for review (structural_section),system,2026-09-04T10:30:19.042258+00:00
28c5af81-1b0e-491b-896d-7fc7a65ea1a6,unknown_queued,W12X16,Queued for review (structural_section),system,2026-09-04T10:30:19.353953+00:00
af83cfb6-bc02-481d-8d9c-b1e230d23d8b,unknown_queued,W16X26,Queued for review (structural_section),system,2026-09-04T10:30:19.593517+00:00
fd9d1e7b-d4b5-484e-a6ee-67d92e33179c,unknown_queued,HSS10X8X3/8,Queued for review (structural_section),system,2026-09-04T10:30:19.808693+00:00
46b7c636-80c1-4031-887a-ad2b5fd76bee,unknown_queued,W16X31,Queued for review (structural_section),system,2026-09-04T10:30:20.061674+00:00
8fd60fe9-21d4-47ee-af89-dce465df0dd8,unknown_queued,W18X40,Queued for review (structural_section),system,2026-09-04T10:30:20.456344+00:00
073afd58-5daf-4ffa-8753-1591d69f17d1,unknown_queued,W14X22,Queued for review (structural_section),system,2026-09-04T10:30:20.796823+00:00
0e5d792e-955f-42e0-89f0-c6e482cdda04,unknown_queued,W12X22,Queued for review (structural_section),system,2026-09-04T10:30:21.128023+00:00
8e0d6589-4804-4f8a-a828-dfc4fb136d8e,unknown_queued,W10X30,Queued for review (structural_section),system,2026-09-04T10:30:21.511702+00:00
2a7e36c1-7b93-4c03-bf5b-cf45582e8989,unknown_queued,W10X15,Queued for review (structural_section),system,2026-09-04T10:30:21.760890+00:00
8d287399-9270-49df-9aeb-b208a157be38,unknown_queued,W12X40,Queued for review (structural_section),system,2026-09-04T10:30:22.151289+00:00
1b436790-1f18-447f-a99e-9859d1c83ef8,unknown_queued,HSS14X6X1/2,Queued for review (structural_section),system,2026-09-04T10:30:22.438423+00:00
0498e48f-2aef-418d-a77c-ea1a9d8baaee,unknown_queued,W10X33,Queued for review (structural_section),system,2026-09-04T10:30:24.538724+00:00
ae73508e-ca97-404b-b61a-d4bb113c1b59,unknown_queued,W10X45,Queued for review (structural_section),system,2026-09-04T10:30:25.222489+00:00
36d7799b-017a-400c-9eb4-c6c93ebe5f42,unknown_queued,W10X54,Queued for review (structural_section),system,2026-09-04T10:30:26.519888+00:00
ade62e12-9673-487f-af01-bde44306bf9f,unknown_queued,W10X49,Queued for review (structural_section),system,2026-09-04T10:30:26.800544+00:00
f620ad5e-df4d-4803-aba5-8383ee750dd7,unknown_queued,W10X39,Queued for review (structural_section),system,2026-09-04T10:30:27.577862+00:00
971a0af7-1bc9-403d-abb7-0381d4324064,unknown_queued,W10X60,Queued for review (structural_section),system,2026-09-04T10:30:28.121630+00:00
fd99a955-5698-42e3-b28f-8d66a5057def,token_approved,W10X60,class=W10X60,user,2026-09-04T12:49:56.925266+00:00
1e7ea93c-4059-4bda-9ca6-5e0e7b6331fc,token_approved,W10X39,class=W10X39,user,2026-09-04T12:49:56.927436+00:00
befdc7b6-5563-4d4e-a3a7-f1b6ab08e065,token_approved,W10X49,class=W10X49,user,2026-09-04T12:49:56.927575+00:00
0fa28a79-bcdf-4209-bd7a-e7f2c5a91a8e,token_approved,W10X54,class=W10X54,user,2026-09-04T12:49:56.927647+00:00
84e1cf57-02fa-4b33-afaa-3f0c3d981af0,token_approved,W10X45,class=W10X45,user,2026-09-04T12:49:56.927704+00:00
b281141c-915a-4111-bd4f-3488bae0ba28,token_approved,W10X33,class=W10X33,user,2026-09-04T12:49:56.927757+00:00
bbaf3f0f-51aa-4b0d-a547-a83c39192356,token_approved,HSS14X6X1/2,class=HSS14X6X1/2,user,2026-09-04T12:49:56.927805+00:00
473b8b50-3164-45de-a7db-7d602cb9dc87,token_approved,W12X40,class=W12X40,user,2026-09-04T12:49:56.927878+00:00
eef2da26-1681-45ec-8c0c-4805374f4d98,token_approved,W10X15,class=W10X15,user,2026-09-04T12:49:56.927925+00:00
9f6991bf-4e6f-4ca2-9c49-4dd5c5bd5cfb,token_approved,W10X30,class=W10X30,user,2026-09-04T12:49:56.927977+00:00
6635152c-b2c3-48d5-9352-ae7d35b68140,token_approved,W12X22,class=W12X22,user,2026-09-04T12:49:56.928024+00:00
0a591dbc-4ea4-4d90-886b-b1f023f4b875,token_approved,W14X22,class=W14X22,user,2026-09-04T12:49:56.928071+00:00
633dec94-22c3-4e07-af6b-7c2d52a71790,token_approved,W18X40,class=W18X40,user,2026-09-04T12:49:56.928161+00:00
9ed66a68-1b59-4b9e-96df-7fad12261a80,token_approved,W16X31,class=W16X31,user,2026-09-04T12:49:56.928221+00:00
16a52f4e-d14e-439c-88b0-b4184531c901,token_approved,HSS10X8X3/8,class=HSS10X8X3/8,user,2026-09-04T12:49:56.928271+00:00
afa549f2-84cd-4fb5-8ff1-5322a39a4a36,token_approved,W16X26,class=W16X26,user,2026-09-04T12:49:56.928324+00:00
ddae622a-d1a4-4b84-a826-20dcbcb92266,token_approved,W12X16,class=W12X16,user,2026-09-04T12:49:56.928368+00:00
75b923d5-27f7-4f63-b940-0fde71a3f44a,token_approved,W14X198,class=W14X68,user,2026-09-04T12:49:56.928410+00:00
fe81f42d-9211-4b33-8b78-00da6fe7fe7c,token_approved,W14X145,class=W14X145,user,2026-09-04T12:49:56.928452+00:00
7f04a8c6-7b70-4f70-a5f7-56e6660346e9,token_approved,W14X132,class=W14X132,user,2026-09-04T12:49:56.928494+00:00
aaaf9b31-2950-4cea-9e86-90b42ccd701e,token_approved,W14X90,class=W14X90,user,2026-09-04T12:49:56.928535+00:00
52ec3984-d837-4e78-acf6-6f877184eed4,token_approved,W14X82,class=W14X82,user,2026-09-04T12:49:56.928576+00:00
cbe9881e-2186-45d3-a057-e992a2597ba9,token_approved,W14X68,class=W14X68,user,2026-09-04T12:49:56.928624+00:00
d282d87a-1360-4c77-9242-922dfc659bbf,token_approved,W14X61,class=W14X61,user,2026-09-04T12:49:56.928670+00:00
7af022e5-0b34-4240-a414-63b2c0e6e5a5,token_approved,W12X120,class=W12X120,user,2026-09-04T12:49:56.928711+00:00
a2b9f724-09c6-41c9-a5e0-602ba816dede,token_approved,W12X106,class=W12X106,user,2026-09-04T12:50:20.380022+00:00
d37a2e8c-1fa5-4d02-8f27-4bbd7e2d491e,token_approved,W8X40,class=W8X40,user,2026-09-04T12:50:20.380150+00:00
97fd7560-5216-40d1-9c45-5281d840f451,token_approved,HSS10X0.500,class=HSS10.000X0.500,user,2026-09-04T12:50:20.380197+00:00
60ecdbee-0a98-4a5c-94bd-155aafdc708d,token_approved,HSS10X0.625,class=W10X54,user,2026-09-04T12:50:20.380236+00:00
619a1da4-6154-41a8-a715-ef1cd556ed62,token_approved,HSS6X6X1/2,class=HSS6X6X1/2,user,2026-09-04T12:50:20.380277+00:00
657c5fa2-3827-427d-a3d9-1e88485198e8,token_approved,HSS8X6X3/8,class=HSS8X6X3/8,user,2026-09-04T12:50:20.380310+00:00
83a1166a-cb9f-4890-9a59-ce9e9be790b9,token_approved,HSS6X6X3/8,class=HSS6X6X3/8,user,2026-09-04T12:50:20.380340+00:00
e3aa02aa-e357-4d74-a5b8-d1b92b519afe,token_approved,L4X3-1/2X5/16,class=L4X3X5/16,user,2026-09-04T12:50:20.380369+00:00
a9299431-8d47-4b46-86f4-5aff07b40151,token_approved,"L3X3X3/8X0'-10""",class=L3X3X3/8,user,2026-09-04T12:50:20.380398+00:00
210eec59-e95f-49f5-a25e-81f48e7a817f,token_approved,L6x3-1/2x3/8,class=L6X4X3/8,user,2026-09-04T12:50:20.380426+00:00
07e06768-68e6-4608-940f-06b53c65b662,token_approved,"L4X3X3/8X0'-6""",class=L4X3X3/8,user,2026-09-04T12:50:20.380455+00:00
4e7231d5-0e17-4035-aca2-76b3a7780f29,token_approved,"L3x3x1/4x0'-3"",",class=L3X3X1/4,user,2026-09-04T12:50:20.380485+00:00
4d0b34d4-e8a3-4ee3-8d16-9d230f54b7fe,token_approved,"L4X4X3/8X0'-8""",class=L4X4X3/8,user,2026-09-04T12:50:20.380513+00:00
06028451-1c3c-42b0-abef-b14824bdd65b,token_approved,"L3X3X5/16,",class=L3X3X5/16,user,2026-09-04T12:50:20.380542+00:00
71ea7ec7-c509-49b5-a960-7bf4574df5b3,token_approved,W14X43,class=W14X43,user,2026-09-04T12:50:20.380570+00:00
1142c26a-865d-4b50-a950-17c013c5245d,token_approved,W12X252,class=W12X252,user,2026-09-04T12:50:20.380598+00:00
6eabd776-6082-4e22-b801-0496229ffc16,token_rejected,"3/4""x16""x16""",class=,user,2026-09-04T12:50:33.708695+00:00
31dc3ce7-fe5d-4bec-87af-815714f63595,token_rejected,"5/8"")-H(-1'",class=,user,2026-09-04T12:50:33.708778+00:00
b5373ef9-4f68-4b59-ab49-0ba246a346c6,token_rejected,"3/4""x18""x18""",class=,user,2026-09-04T12:50:33.708808+00:00
e5c906f5-c032-42dc-9b32-d0802a0aef48,token_rejected,A325,class=W14X132,user,2026-09-04T12:50:33.708832+00:00
c85863a6-b431-4d97-81eb-d4d22b577d8c,token_rejected,"1/2""@",class=,user,2026-09-04T12:50:33.708853+00:00
71a0b63e-541f-46cb-a918-811c33e6c5e2,token_rejected,"3/4""⌀x6""",class=,user,2026-09-04T12:50:33.708872+00:00
14fe7b05-8456-46f7-8b54-91714328b2bb,token_rejected,"3/8""x4""",class=,user,2026-09-04T12:50:33.708890+00:00
7f18861c-002e-4705-ab76-2cde7840014a,token_rejected,"3/8""",class=,user,2026-09-04T12:50:33.708911+00:00
2959c204-1bec-4c81-a53e-1032afc80c1e,token_rejected,"1/2""⌀x",class=,user,2026-09-04T12:50:33.708937+00:00
769551af-1fbd-49f8-bd8b-402f4a6112ec,token_rejected,"1/2""ø",class=,user,2026-09-04T12:50:33.708968+00:00
6e724b06-c8ab-4c4c-81d8-09ec26a06be7,token_rejected,L3x3x3/16,class=L3X3X3/16,user,2026-09-04T12:50:33.709005+00:00
dd28c827-40bd-4967-a47f-4efffefb459c,token_rejected,"3/8 """,class=,user,2026-09-04T12:50:33.709075+00:00
690c3fe2-0a15-4bd3-a0eb-5e8a503517e8,token_rejected,"5/16 """,class=,user,2026-09-04T12:50:33.709136+00:00
bbda9ecf-735b-4f23-a1ee-70431906a2b3,token_rejected,"1/4 """,class=,user,2026-09-04T12:50:33.709416+00:00
f1b57516-c036-4acb-a3de-93716a8d6ce8,token_rejected,"3/16 """,class=,user,2026-09-04T12:50:33.709470+00:00
416a3131-d9a2-47d8-9d13-beb370a1e557,token_rejected,"7-7/8""",class=,user,2026-09-04T12:50:33.709505+00:00
b3d99d71-6730-4db7-b209-5dd13b1a8679,token_rejected,"1""",class=,user,2026-09-04T12:50:33.709541+00:00
10ab8b94-8bb6-450b-b880-e14974f29723,token_rejected,"1""⌀STUDS",class=,user,2026-09-04T12:50:33.709570+00:00
06d121f9-5911-4902-a3b9-2eaa1b0e3394,token_rejected,"5/16""",class=,user,2026-09-04T12:50:33.709602+00:00
7555c7cf-2ebd-4bf5-aa0d-70d9b08ee185,token_rejected,"14-2"".",class=,user,2026-09-04T12:50:33.709659+00:00
7a6152a9-a779-4658-9f2c-846759753660,token_rejected,"12""",class=,user,2026-09-04T12:50:33.709687+00:00
ef8d10d6-f8f9-45bb-bcf4-4de0f9fd2f43,token_rejected,"3/4""Ø",class=,user,2026-09-04T12:50:33.709714+00:00
cf9a58c6-9334-41da-a921-8d3c80ffc348,token_rejected,"1-1/2""",class=,user,2026-09-04T12:50:33.709740+00:00
afa977da-db0d-4c5c-a798-b7f157c175ac,token_approved,L4X4X3/8,class=L4X4X3/8,user,2026-09-04T12:50:52.601313+00:00
ee01639c-9d23-4ca4-850b-87c3a8b59fd0,token_approved,HSS14X6X5/8,class=HSS14X6X5/8,user,2026-09-04T12:50:52.601453+00:00
1a7a5a38-d60a-49e1-b513-cfced8a1a0fa,token_approved,W24X84,class=W24X84,user,2026-09-04T12:50:52.601510+00:00
2dae330e-2134-4401-8ec3-3493c9c2823a,token_approved,W24X55,class=W24X55,user,2026-09-04T12:50:52.601555+00:00
337ccf91-bb27-4a80-a2be-5a42fc0d75af,token_approved,W8x31,class=W8X31,user,2026-09-04T12:50:52.601598+00:00
84c77c3d-03b9-49a5-b7f2-ec91c688e3ac,token_approved,HSS20X8X5/8,class=HSS20X8X5/8,user,2026-09-04T12:50:52.601640+00:00
27aa33ce-c75e-42dc-8e58-383c35aadada,token_approved,W21X48,class=W21X48,user,2026-09-04T12:50:52.601681+00:00
327feb63-a334-48b1-aae8-10a188c97c11,token_approved,W12X26,class=W12X26,user,2026-09-04T12:50:52.601721+00:00
8d26ec8b-f925-49d8-9e33-5a0cb93be024,token_approved,W10X19,class=W10X19,user,2026-09-04T12:50:52.601910+00:00
aff7acc0-281f-4a9e-871f-da51330a2528,token_approved,W21X50,class=W21X50,user,2026-09-04T12:50:52.601964+00:00
4b7165ce-a188-4a1a-8d2a-43c2d05c8eb4,token_approved,W21X44,class=W21X44,user,2026-09-04T12:50:52.602013+00:00
dda4e9ce-1772-497c-ba5c-7c410ae43a1c,token_approved,W18X50,class=W18X50,user,2026-09-04T12:50:52.602058+00:00
651b9164-5227-4214-89a7-e8a75233ced4,token_approved,W18X35,class=W18X35,user,2026-09-04T12:50:52.602108+00:00
6bb2684a-1660-407b-9b7e-4974a4adb36e,token_rejected,"1/2""",class=,user,2026-09-04T12:50:59.531007+00:00
e61bc9d5-9f76-4f30-a1fe-807ae2184e37,token_rejected,"1/8""",class=,user,2026-09-04T12:50:59.531121+00:00
1e42244e-69db-4a9e-8e42-8bd0cfa1d237,token_rejected,"1 1/4""",class=,user,2026-09-04T12:50:59.531162+00:00
bfe0c6da-310a-4917-aeef-b5c688e3a8dd,token_rejected,"1/4""",class=,user,2026-09-04T12:50:59.531192+00:00
501d327a-9bfd-4625-8084-a5f15b23f7c7,token_rejected,"3/4""",class=,user,2026-09-04T12:50:59.531220+00:00
42fcb71b-3b6c-4f83-b76b-91be261b4ade,unknown_queued,HSS8X8X1/2,Queued for review (structural_section),system,2026-09-04T13:47:30.236632+00:00
42b6de93-e391-406d-8805-0ec43aab1c68,unknown_queued,HSS10X8X3/8,Queued for review (structural_section),system,2026-09-04T14:02:08.333664+00:00
1115d676-a918-4a54-b5d4-26f01760e4bb,unknown_queued,W12X16,Queued for review (structural_section),system,2026-09-04T14:02:08.807378+00:00
d8ed292c-e72d-4d1e-85b3-47c57b3c1b79,unknown_queued,W18X40,Queued for review (structural_section),system,2026-09-04T14:02:09.138905+00:00
72c7a978-6248-4c9c-82f7-12c64f55be4c,unknown_queued,W16X26,Queued for review (structural_section),system,2026-09-04T14:02:09.547539+00:00
8b52e733-4055-4be1-9ae2-e39812e27453,unknown_queued,W18X50,Queued for review (structural_section),system,2026-09-04T14:02:09.821737+00:00
b0d3f77a-2b8e-43ea-b937-4f31f248f6c3,unknown_queued,W21X50,Queued for review (structural_section),system,2026-09-04T14:02:10.928336+00:00
ce22fdd5-688d-4e16-93d6-a4a5b9e19d00,unknown_queued,W10X19,Queued for review (structural_section),system,2026-09-04T14:02:11.747835+00:00
0811df59-f6b6-41c5-b8e2-7ffafe8f943b,unknown_queued,W10X15,Queued for review (structural_section),system,2026-09-04T14:02:12.116026+00:00
9af8004d-4cb2-4597-b3fe-cb411b48e9f0,unknown_queued,W12X26,Queued for review (structural_section),system,2026-09-04T14:02:13.529624+00:00
6c586598-d932-433a-8959-ec1277a9613f,unknown_queued,HSS10X6X3/8,Queued for review (structural_section),system,2026-09-04T14:02:13.983121+00:00
1a608942-a91b-423c-bde8-c63aa49129e5,unknown_queued,HSS12X6X3/8,Queued for review (structural_section),system,2026-09-04T14:02:15.146623+00:00
ca562187-4a07-4bf4-9386-c39f167557c8,unknown_queued,W10X22,Queued for review (structural_section),system,2026-09-04T14:02:16.034118+00:00
faf96d21-1fd4-41e5-b933-bcd4b4602407,unknown_queued,W10X30,Queued for review (structural_section),system,2026-09-04T14:02:17.180408+00:00
2fe6b2aa-e4a2-4155-b941-174277215aac,unknown_queued,HSS20X8X5/8,Queued for review (structural_section),system,2026-09-04T14:02:19.694328+00:00
7a7ea394-fd4e-4f27-b481-3696057e687d,unknown_queued,W8x31,Queued for review (structural_section),system,2026-09-04T14:02:20.159682+00:00
731dab70-80d2-4362-94b8-f3c9bf2490a1,unknown_queued,W14X26,Queued for review (structural_section),system,2026-09-04T14:02:21.779609+00:00
6343c5f1-f8b3-49a4-bc18-600e0cc616f5,unknown_queued,HSS14X6X5/8,Queued for review (structural_section),system,2026-09-04T14:02:24.028589+00:00
c476eacd-c0cc-4361-a603-146deca28c74,unknown_queued,W10X112,Queued for review (structural_section),system,2026-09-04T14:02:24.993170+00:00
297f8144-6aae-43ee-9139-9f449d43835d,unknown_queued,W12X252,Queued for review (structural_section),system,2026-09-04T14:02:25.279351+00:00
013cb3f2-e380-49b5-a3eb-60ffb8bb7d82,unknown_queued,"L4X4X3/8X0'-8""",Queued for review (structural_section),system,2026-09-04T14:02:25.597078+00:00
3b2b80a8-e96b-4ee2-a1fb-73f03b19ac06,unknown_queued,"L3x3x1/4x0'-3"",",Queued for review (structural_section),system,2026-09-04T14:02:25.916575+00:00
61d59a17-fa33-44ee-aeef-bdd530617c54,unknown_queued,A325,Queued for review (structural_section),system,2026-09-04T14:02:26.248341+00:00
0d4d9ae4-6270-4927-8f08-dfe474503c90,unknown_queued,"L4X3X3/8X0'-6""",Queued for review (structural_section),system,2026-09-04T14:02:26.556081+00:00
e72b95c4-586f-41e1-86fa-047928482a35,unknown_queued,L6x3-1/2x3/8,Queued for review (structural_section),system,2026-09-04T14:02:26.848153+00:00
9006b9e3-180f-4db4-8ba6-72c84a2b6c02,unknown_queued,"L3X3X3/8X0'-10""",Queued for review (structural_section),system,2026-09-04T14:02:27.174456+00:00
49dd447a-f50d-44ff-91b8-a0bd8c02ab2b,unknown_queued,L4X3-1/2X5/16,Queued for review (structural_section),system,2026-09-04T14:02:27.507414+00:00
4a1d4450-f4a6-46c2-a220-7fc68d68a0c2,unknown_queued,HSS6X6X3/8,Queued for review (structural_section),system,2026-09-04T14:02:27.850250+00:00
d03a261f-4022-4087-a0a1-d17da7889d25,unknown_queued,HSS8X6X3/8,Queued for review (structural_section),system,2026-09-04T14:02:28.588361+00:00
f6e6733f-9dc9-4b26-a56f-c466625f5239,unknown_queued,HSS6X6X1/2,Queued for review (structural_section),system,2026-09-04T14:02:29.380748+00:00
e4cc3cd0-6e1c-4947-9614-88191fd91dd0,unknown_queued,W10X45,Queued for review (structural_section),system,2026-09-04T14:02:31.500780+00:00
c0f557ba-07a4-4353-903a-f40c638a797d,unknown_queued,HSS10X0.625,Queued for review (structural_section),system,2026-09-04T14:02:31.958797+00:00
d0b7bee0-af99-4daf-897d-35e386b5b691,unknown_queued,W10X49,Queued for review (structural_section),system,2026-09-04T14:02:32.380604+00:00
04d08ec4-5481-41fc-841d-188be4e768f2,unknown_queued,HSS10X0.500,Queued for review (structural_section),system,2026-09-04T14:02:32.999396+00:00
22eb12fc-455a-4e70-95f1-660a5f718f22,unknown_queued,W8X40,Queued for review (structural_section),system,2026-09-04T14:02:33.680549+00:00
5d27748b-e385-43fe-8ee8-b5bbd184a598,unknown_queued,W12X106,Queued for review (structural_section),system,2026-09-04T14:02:34.267742+00:00
e8728ae3-152f-4311-b521-4aa45779f0c5,unknown_queued,W12X120,Queued for review (structural_section),system,2026-09-04T14:02:34.614820+00:00
c6789c75-8ef6-4fe4-a466-a89423f670b6,unknown_queued,W14X61,Queued for review (structural_section),system,2026-09-04T14:02:34.944881+00:00
0d278f47-01ab-4b92-8f3e-3cd2ab8285e5,unknown_queued,W14X68,Queued for review (structural_section),system,2026-09-04T14:02:35.230911+00:00
2693b252-dbca-4417-8d1f-f210dd47fcf1,unknown_queued,W14X82,Queued for review (structural_section),system,2026-09-04T14:02:35.525924+00:00
961b2b03-e482-418b-bd81-5566dc69d150,unknown_queued,W14X90,Queued for review (structural_section),system,2026-09-04T14:02:35.812052+00:00
b44660f7-e26b-4252-b2fc-53d6ce95975a,unknown_queued,W14X132,Queued for review (structural_section),system,2026-09-04T14:02:36.041937+00:00
63eb9fdf-5f49-477a-a17e-98a279f93ac9,unknown_queued,W14X145,Queued for review (structural_section),system,2026-09-04T14:02:36.299519+00:00
514071d0-86e2-4366-87d4-7523b6db80ef,unknown_queued,W14X198,Queued for review (structural_section),system,2026-09-04T14:02:36.592178+00:00
f971401e-8c33-447c-ba55-7b7f60495eef,unknown_queued,W18X35,Queued for review (structural_section),system,2026-09-04T14:02:36.993857+00:00
84a0d773-6abc-4270-975c-ed918f8eb3f2,unknown_queued,W16X31,Queued for review (structural_section),system,2026-09-04T14:02:37.524392+00:00
143d3d08-7bf9-4985-ae2f-be2785980786,unknown_queued,W14X22,Queued for review (structural_section),system,2026-09-04T14:02:38.140067+00:00
de3a6158-399e-4ff1-9d46-36a045f53959,unknown_queued,W12X22,Queued for review (structural_section),system,2026-09-04T14:02:38.529639+00:00
a6094d7d-19c2-4f1b-9ade-e5d19cc47a84,unknown_queued,W21X44,Queued for review (structural_section),system,2026-09-04T14:02:39.096071+00:00
a79522f7-eb82-4b70-8f26-3bfda8689a5a,unknown_queued,W12X40,Queued for review (structural_section),system,2026-09-04T14:02:39.439947+00:00
60a64899-e8e6-4e54-9ebe-5cb0f9a0ac86,unknown_queued,HSS14X6X1/2,Queued for review (structural_section),system,2026-09-04T14:02:39.779343+00:00
3cb19eea-5340-41b8-8162-59d3d891d089,unknown_queued,L4X4X3/8,Queued for review (structural_section),system,2026-09-04T14:02:40.775807+00:00
267df6e3-3a2b-4240-a8da-3d0928d5f6a7,unknown_queued,W10X33,Queued for review (structural_section),system,2026-09-04T14:02:42.074275+00:00
dc5bc816-969b-4022-9211-4515794db185,unknown_queued,W10X54,Queued for review (structural_section),system,2026-09-04T14:02:43.904595+00:00
f4006b55-8dbd-4ade-83ec-41f163839961,unknown_queued,W10X39,Queued for review (structural_section),system,2026-09-04T14:02:44.989514+00:00
b67cce6e-fcab-4e57-9a5b-46295e4cbdcc,unknown_queued,W10X60,Queued for review (structural_section),system,2026-09-04T14:02:45.685410+00:00
b412725a-a63a-4f8c-a199-572aad1058ba,token_approved,W10X60,class=W10X60,user,2026-09-04T14:04:44.970515+00:00
dd1a39e5-c6f5-42c4-b79d-131ab35b008d,token_approved,W10X39,class=W10X39,user,2026-09-04T14:04:44.970802+00:00
fdf75bc1-6b57-452a-b855-0fe26a837dde,token_approved,W10X54,class=W10X54,user,2026-09-04T14:04:44.970892+00:00
bf362c24-b786-43bd-970e-b238b754f5c4,token_approved,W10X33,class=W10X33,user,2026-09-04T14:04:44.970953+00:00
1a997fc6-fa95-4167-b981-0203186c1f81,token_approved,L4X4X3/8,class=L4X4X3/8,user,2026-09-04T14:04:44.971006+00:00
c792b649-f207-49e4-be7a-e172c07bd6ff,token_approved,HSS14X6X1/2,class=HSS14X6X1/2,user,2026-09-04T14:04:44.971064+00:00
252f2560-22a2-407c-a1a2-be254b620209,token_approved,W12X40,class=W12X40,user,2026-09-04T14:04:44.971117+00:00
c46605f9-8687-4861-bf2e-ee3ecc76e5f0,token_approved,W21X44,class=W21X44,user,2026-09-04T14:04:44.971166+00:00
ae40eac5-a150-4d5c-82a2-3a8c3f13baf0,token_approved,W12X22,class=W12X22,user,2026-09-04T14:04:44.971213+00:00
2192365d-637e-4f72-9614-bb6cf49ef58b,token_approved,W14X22,class=W14X22,user,2026-09-04T14:04:44.971260+00:00
d7c538f4-6a6d-4a79-8536-0d4b7f6947c2,token_approved,W16X31,class=W16X31,user,2026-09-04T14:04:44.971309+00:00
78bf48b9-3c0a-4422-ba2e-2664b96846db,token_approved,W18X35,class=W18X35,user,2026-09-04T14:04:44.971357+00:00
d79839d5-3ad4-4829-b1bc-1d7640ab9021,token_approved,W14X198,class=W14X68,user,2026-09-04T14:04:44.971405+00:00
6d93f60a-7bad-46e9-a14e-3ee3f7bcaf08,token_approved,W14X145,class=W14X145,user,2026-09-04T14:04:44.971452+00:00
13809a5d-e56c-4df8-85d6-52e6c4af5002,token_approved,W14X132,class=W14X132,user,2026-09-04T14:04:44.971497+00:00
d28a60a2-3e50-467b-80e0-0d72d41ce757,token_approved,W14X90,class=W14X90,user,2026-09-04T14:04:44.971541+00:00
6cc6a022-c107-4a02-9121-19375d5f4cac,token_approved,W14X82,class=W14X82,user,2026-09-04T14:04:44.971588+00:00
f90e0c1e-1d79-4441-b98a-9c03baea3f82,token_approved,W14X68,class=W14X68,user,2026-09-04T14:04:44.971635+00:00
18f56ba0-c710-40ac-9cbe-70976d976132,token_approved,W14X61,class=W14X61,user,2026-09-04T14:04:44.971682+00:00
1c92d032-78ff-45ed-a754-711df360c1fa,token_approved,W12X120,class=W12X120,user,2026-09-04T14:04:44.971731+00:00
83d5ecbb-c306-4de6-bbaa-be3f921942bc,token_approved,W12X106,class=W12X106,user,2026-09-04T14:04:44.971780+00:00
fa7c7df6-5e06-4454-8f8f-6d12f6f1e9b6,token_approved,W8X40,class=W8X40,user,2026-09-04T14:04:44.971823+00:00
4d2f2995-26c8-4e32-8a37-0242374d887e,token_approved,HSS10X0.500,class=HSS10.000X0.500,user,2026-09-04T14:04:44.971870+00:00
2ccdcc1d-d2a9-4fcc-aef0-1329cf358b42,token_approved,W10X49,class=W10X49,user,2026-09-04T14:04:44.971920+00:00
ddc9244c-e468-48d0-803f-6a7a60a2301e,token_approved,HSS10X0.625,class=W10X54,user,2026-09-04T14:04:44.971968+00:00
011b62f0-4754-4143-bc67-241b9a82688c,token_approved,W10X45,class=W10X45,user,2026-09-04T14:05:00.528031+00:00
788044b4-d8b1-49fb-83ec-beb70289e1fb,token_approved,HSS6X6X1/2,class=HSS6X6X1/2,user,2026-09-04T14:05:00.529118+00:00
2eb13bce-06fd-46bd-93fa-baa79b16381e,token_approved,HSS8X6X3/8,class=HSS8X6X3/8,user,2026-09-04T14:05:00.529237+00:00
965eaf93-b7cc-4f11-8bf5-a1c6a5eb67bb,token_approved,HSS6X6X3/8,class=HSS6X6X3/8,user,2026-09-04T14:05:00.529524+00:00
56b166f9-bd1f-4964-bf13-3f08c978970f,token_approved,L4X3-1/2X5/16,class=L4X3X5/16,user,2026-09-04T14:05:00.529604+00:00
a7c313fb-1310-40dd-964a-dc05dbc805f6,token_approved,"L3X3X3/8X0'-10""",class=L3X3X3/8,user,2026-09-04T14:05:00.529673+00:00
1bbfe4c9-c95c-4526-9c47-fa91c0310d6c,token_approved,L6x3-1/2x3/8,class=L3X3X3/8,user,2026-09-04T14:05:00.529739+00:00
f73fd998-8038-45ab-a073-3c91a424e725,token_approved,"L4X3X3/8X0'-6""",class=L4X3X3/8,user,2026-09-04T14:05:00.529800+00:00
5b227502-7720-4dc5-b92c-9830b11f3c7e,token_approved,A325,class=W14X132,user,2026-09-04T14:05:00.529860+00:00
b7dff013-4684-4951-a767-834d1baf9100,token_approved,"L3x3x1/4x0'-3"",",class=L3X3X1/4,user,2026-09-04T14:05:00.529920+00:00
aa7c7b6d-7026-4b01-9896-0ee42c7d72e2,token_approved,"L4X4X3/8X0'-8""",class=L4X4X3/8,user,2026-09-04T14:05:00.530007+00:00
0c0e72c9-9161-4fed-8dea-10df61d55a63,token_approved,W12X252,class=W12X252,user,2026-09-04T14:05:00.530068+00:00
494b0a28-a5ba-4ad2-a15c-8b8762cf4729,token_approved,W10X112,class=W10X112,user,2026-09-04T14:05:00.530128+00:00
26d9a5bf-5fd1-41d3-bb26-586ed50518d8,token_approved,HSS14X6X5/8,class=HSS14X6X5/8,user,2026-09-04T14:05:00.530186+00:00
b692e41a-f8fb-4602-ba45-97aac8171361,token_approved,W14X26,class=W14X26,user,2026-09-04T14:05:00.530244+00:00
0c76e09f-4e59-4983-b290-3e48be932740,token_approved,W8x31,class=W8X31,user,2026-09-04T14:05:00.530305+00:00
ed7e123f-9e6b-491f-909b-483ba3849165,token_approved,HSS20X8X5/8,class=HSS20X8X5/8,user,2026-09-04T14:05:00.530366+00:00
de7c34a3-78e4-414b-858d-c3570df95ca9,token_approved,W10X30,class=W10X30,user,2026-09-04T14:05:00.530425+00:00
0f5205a3-399b-4e02-a385-c4f699cefd4d,token_approved,W10X22,class=W10X22,user,2026-09-04T14:05:00.530482+00:00
f0989145-f7cf-4f2d-a7f8-21ce041bc815,token_approved,HSS12X6X3/8,class=HSS12X6X3/8,user,2026-09-04T14:05:00.530538+00:00
9e3e22ad-5bd4-4259-b77c-264599e49bde,token_approved,HSS10X6X3/8,class=HSS10X6X3/8,user,2026-09-04T14:05:00.530598+00:00
7219f522-4f38-47c0-a310-79eda4b32597,token_approved,W12X26,class=W12X26,user,2026-09-04T14:05:00.530658+00:00
3fae32f3-b045-4d83-b3bb-c9406a2870e9,token_approved,W10X15,class=W10X15,user,2026-09-04T14:05:00.530716+00:00
cf982ee8-d327-4830-b4d7-28c2830f7e8c,token_approved,W10X19,class=W10X19,user,2026-09-04T14:05:00.530772+00:00
e5f170d9-38a8-4420-bcba-a36e796345fa,token_approved,W21X50,class=W21X50,user,2026-09-04T14:05:00.530827+00:00
06ea91f7-fff8-4c41-9701-cec49fe895bf,token_approved,W18X50,class=W18X50,user,2026-09-04T14:05:12.668750+00:00
9cf3937b-12fd-4913-b7a2-75a03c06af31,token_approved,W16X26,class=W16X26,user,2026-09-04T14:05:12.668943+00:00
8f746dbb-a9de-4991-9bd4-1df04f44f174,token_approved,W18X40,class=W18X40,user,2026-09-04T14:05:12.669008+00:00
ae459fdd-288f-4ed7-8c38-23ce3efbb94d,token_approved,W12X16,class=W12X16,user,2026-09-04T14:05:12.669060+00:00
5eb7d753-c657-4451-86da-c0c8e359dd79,token_approved,HSS10X8X3/8,class=HSS10X8X3/8,user,2026-09-04T14:05:12.669108+00:00
806a8bc1-cc13-44fa-8086-31c311178f82,token_approved,HSS8X8X1/2,class=HSS8X8X1/2,user,2026-09-04T14:05:12.669156+00:00
c5405c87-6262-4cd4-89af-171df667344e,unknown_queued,W10X24,Queued for review (structural_section),system,2026-09-07T06:25:48.642070+00:00
b2e7518a-9a9f-4bc3-9270-627c68269446,unknown_queued,L3x2x3/16,Queued for review (structural_section),system,2026-09-07T06:25:48.836283+00:00
b1993366-2a87-4dc3-9da9-ffb03c5be64c,unknown_queued,L6x4x3/8,Queued for review (structural_section),system,2026-09-07T06:25:49.026479+00:00
99e01976-2fab-404a-a2c5-af27fe5602d3,unknown_queued,W10X15,Queued for review (structural_section),system,2026-09-07T06:25:49.226594+00:00
d9fafa40-8206-4f00-b7eb-ef23996425ce,unknown_queued,W18X40,Queued for review (structural_section),system,2026-09-07T06:25:49.409838+00:00
586b831c-1d7f-4340-8c86-4051ceef9bef,unknown_queued,W10X33,Queued for review (structural_section),system,2026-09-07T06:25:50.397207+00:00
157a154e-d861-4ea7-a47c-3dde4d0eeb1f,unknown_queued,W30X108,Queued for review (structural_section),system,2026-09-07T06:25:51.069703+00:00
8812c7e2-c3c6-4a68-a81f-80e6514dd0d8,unknown_queued,HSS14X10X1/4,Queued for review (structural_section),system,2026-09-07T06:25:51.455702+00:00
0b203a1e-4fad-4b0c-b9d9-1c5f6a06dc9b,unknown_queued,L8X6X1/2,Queued for review (structural_section),system,2026-09-07T06:25:51.876578+00:00
ecb56afc-9e10-47e4-9951-a54db6242a8a,unknown_queued,L6X6X3/8,Queued for review (structural_section),system,2026-09-07T06:25:52.050571+00:00
e1aa0a60-ec75-4169-8565-e2c6414eb3ee,unknown_queued,L5X3,Queued for review (structural_section),system,2026-09-07T06:25:52.251870+00:00
7a107504-f27d-4e2d-891e-73cd092a44dc,unknown_queued,W10X22,Queued for review (structural_section),system,2026-09-07T06:25:52.455748+00:00
3b6ab168-04ce-4e43-b6c4-210544fdb787,unknown_queued,L5X3X5/16,Queued for review (structural_section),system,2026-09-07T06:25:52.656181+00:00
ca864675-b6fc-45e0-8495-dad0c29f195e,unknown_queued,W8X15,Queued for review (structural_section),system,2026-09-07T06:25:52.861742+00:00
79174828-3439-460e-aae6-1f75f55e006f,unknown_queued,W21X44,Queued for review (structural_section),system,2026-09-07T06:25:53.105083+00:00
ce2758f1-bebd-4cf2-9931-b5acd7582b74,unknown_queued,W14X22,Queued for review (structural_section),system,2026-09-07T06:25:53.349264+00:00
46a15d3f-19e8-4a75-aa84-a4ee26d8e92c,unknown_queued,W18X35,Queued for review (structural_section),system,2026-09-07T06:25:53.922546+00:00
cef5c9eb-b7f7-4a3e-96db-0e99a3e172b9,unknown_queued,W21X55,Queued for review (structural_section),system,2026-09-07T06:25:54.123630+00:00
0562fa12-f743-41c0-ad91-d9f338f9dcc6,unknown_queued,W16X31,Queued for review (structural_section),system,2026-09-07T06:25:54.409352+00:00
da9ccbe9-8157-44da-bc44-7b6e2d61fc7c,unknown_queued,W16X26,Queued for review (structural_section),system,2026-09-07T06:25:54.697540+00:00
a81ca67f-80fc-48b9-87ca-b3e557a2a294,unknown_queued,W24X68,Queued for review (structural_section),system,2026-09-07T06:25:55.306011+00:00
185c9170-8460-41ee-bb41-799a5a87eb5e,token_rejected,W10X24,class=W10X12,user,2026-09-07T06:29:17.604163+00:00
0926ff3e-ffa1-4e94-9174-f9e5d0179ee0,token_approved,W24X68,class=W24X68,user,2026-09-07T06:29:26.006938+00:00
e01d19a5-2b56-497c-b583-b40f5db7a93d,token_approved,W16X26,class=W16X26,user,2026-09-07T06:29:26.009304+00:00
b06bd822-fc1f-4a80-b22d-9f3b18c663b9,token_approved,W16X31,class=W16X31,user,2026-09-07T06:29:26.009380+00:00
e236dac6-b9b3-48b2-81af-4777784805e4,token_approved,W21X55,class=W21X55,user,2026-09-07T06:29:26.009417+00:00
5c4a8bc1-3bd9-4c45-8fda-6889d35f0c48,token_approved,W18X35,class=W18X35,user,2026-09-07T06:29:26.009447+00:00
bdc92351-2ff0-4ea5-b0a2-a0823e2ffb53,token_approved,W14X22,class=W14X22,user,2026-09-07T06:29:26.009495+00:00
6911175f-b360-41e8-ab89-9c10a3ea7ae2,token_approved,W21X44,class=W21X44,user,2026-09-07T06:29:26.009523+00:00
3aa8f0d2-c504-44b6-85a3-6551a064d193,token_approved,W8X15,class=W8X15,user,2026-09-07T06:29:26.009580+00:00
d20566b2-afcc-43e7-859d-7af6ff7e0b4a,token_approved,L5X3X5/16,class=L5X3X5/16,user,2026-09-07T06:29:26.009608+00:00
55234afc-df76-4c7c-8406-1b210d3173c3,token_approved,W10X22,class=W10X22,user,2026-09-07T06:29:26.009644+00:00
98f9a9da-c16d-4f18-a2d4-de5c917e4e48,token_approved,L5X3,class=L5X3X1/2,user,2026-09-07T06:29:26.009673+00:00
6349227f-865d-406c-8f6c-9ed1d26c7779,token_approved,L6X6X3/8,class=L6X6X3/8,user,2026-09-07T06:29:26.009728+00:00
861ca4c6-7da2-4010-b769-6c33cf2fc665,token_approved,L8X6X1/2,class=L8X6X1/2,user,2026-09-07T06:29:26.009755+00:00
20b0fbc4-7802-4d25-bb58-aab94dd2f3a7,token_approved,HSS14X10X1/4,class=HSS14X10X1/4,user,2026-09-07T06:29:26.009782+00:00
9dc8e75b-aa5f-4c77-b2d2-de5b87bdfa77,token_approved,W30X108,class=W30X108,user,2026-09-07T06:29:26.009809+00:00
85ad2812-ae7f-43bf-9527-4432bd70bca5,token_approved,W10X33,class=W10X33,user,2026-09-07T06:29:26.009834+00:00
3afedcbb-918c-4ac8-bbf2-5466e1356e0c,token_approved,W18X40,class=W18X40,user,2026-09-07T06:29:26.009889+00:00
413cc1fa-bffe-48f3-a710-e566e9abd178,token_approved,W10X15,class=W10X15,user,2026-09-07T06:29:26.009942+00:00
0efe9e71-8a80-4baf-89d3-0cea6d84464b,token_approved,L6x4x3/8,class=L6X4X3/8,user,2026-09-07T06:29:26.009969+00:00
95e488cc-ae7d-4ad6-ae50-1331c551196a,token_approved,L3x2x3/16,class=L3X2X3/16,user,2026-09-07T06:29:26.009997+00:00
4c57d889-8074-41fa-b247-6798aa44cf5d,unknown_queued,W12X16,Queued for review (structural_section),system,2026-09-07T07:15:54.875993+00:00
fc0bf2ad-4dc0-4565-8743-9898adaa2f73,unknown_queued,HSS10X8X3/8,Queued for review (structural_section),system,2026-09-07T07:15:55.261152+00:00
3736c50a-96c2-4811-87b8-2fb47c57fa91,unknown_queued,W18X50,Queued for review (structural_section),system,2026-09-07T07:15:56.341896+00:00
53af67f0-4320-47aa-932d-ce6e9f174303,unknown_queued,W21X44,Queued for review (structural_section),system,2026-09-07T07:15:57.259876+00:00
cf564bce-1372-484b-9ff1-941302ba6974,unknown_queued,W21X50,Queued for review (structural_section),system,2026-09-07T07:15:57.721399+00:00
84ced903-a175-410f-ad4c-803223bc45bb,unknown_queued,W10X19,Queued for review (structural_section),system,2026-09-07T07:15:58.262048+00:00
6caad14e-5854-4403-ade9-ba617a48a47b,unknown_queued,W10X15,Queued for review (structural_section),system,2026-09-07T07:15:58.696023+00:00
0f8419f5-539b-498c-a139-ebb3715e3d47,unknown_queued,W12X26,Queued for review (structural_section),system,2026-09-07T07:16:00.035154+00:00
6f0c7add-fb0b-499b-8e67-856051201bdd,unknown_queued,W12X19,Queued for review (structural_section),system,2026-09-07T07:16:01.045627+00:00
e8d3a194-5249-4429-9968-1483f3b716e5,unknown_queued,W10X22,Queued for review (structural_section),system,2026-09-07T07:16:02.640770+00:00
8d8c0e8e-b95d-4044-b177-4472f657ab15,unknown_queued,W12X30,Queued for review (structural_section),system,2026-09-07T07:16:04.025427+00:00
2dc47e0a-6b84-472c-b9c9-e308ead92a43,unknown_queued,W10X30,Queued for review (structural_section),system,2026-09-07T07:16:04.339357+00:00
bc5e2b59-9c48-4f61-ba47-75924914d026,unknown_queued,W21X48,Queued for review (structural_section),system,2026-09-07T07:16:06.356899+00:00
695777ce-51e8-4cfc-999f-de3f61752bd5,unknown_queued,HSS20X8X5/8,Queued for review (structural_section),system,2026-09-07T07:16:07.419148+00:00
bf7b9886-8d70-4758-be3a-daeb3a966ce8,unknown_queued,W8x31,Queued for review (structural_section),system,2026-09-07T07:16:07.904346+00:00
464d3086-7237-48e0-bad0-d3ecf84665d9,unknown_queued,W24X84,Queued for review (structural_section),system,2026-09-07T07:16:08.567350+00:00
bbcbfb05-e98b-4c2c-a924-9975011ed431,unknown_queued,HSS14X6X5/8,Queued for review (structural_section),system,2026-09-07T07:16:11.189810+00:00
e9e1b2c7-3159-4210-9320-fb5ff000c6e5,unknown_queued,W12X252,Queued for review (structural_section),system,2026-09-07T07:16:11.927494+00:00
2ea59d93-7864-40e5-a4b7-5ebbac5da02b,unknown_queued,"L4X4X3/8X0'-8""",Queued for review (structural_section),system,2026-09-07T07:16:12.215310+00:00
a7f49be6-c8e8-475b-ad23-d0054dfcb20e,unknown_queued,"L3x3x1/4x0'-3"",",Queued for review (structural_section),system,2026-09-07T07:16:12.496339+00:00
55706df0-1d57-4e09-9897-fe631107a063,unknown_queued,A325,Queued for review (structural_section),system,2026-09-07T07:16:12.774025+00:00
2b1ede6c-5325-47e0-982d-3db78f9bfabe,unknown_queued,"L4X3X3/8X0'-6""",Queued for review (structural_section),system,2026-09-07T07:16:13.055129+00:00
b7664884-379b-4896-9d27-8e7a17d1c3e0,unknown_queued,L6x3-1/2x3/8,Queued for review (structural_section),system,2026-09-07T07:16:13.336298+00:00
d793fc7f-66cc-4628-8460-f2bc69c427a4,unknown_queued,"L3X3X3/8X0'-10""",Queued for review (structural_section),system,2026-09-07T07:16:13.634911+00:00
bfad97a7-b970-4dc8-aa6c-613474c49082,unknown_queued,L4X3-1/2X5/16,Queued for review (structural_section),system,2026-09-07T07:16:13.919629+00:00
9fef4c5f-d106-4dac-b5b8-bece482de295,unknown_queued,HSS6X6X3/8,Queued for review (structural_section),system,2026-09-07T07:16:14.172347+00:00
1ab7784b-50b8-4c66-a193-0ffec8a2c98d,unknown_queued,HSS8X6X3/8,Queued for review (structural_section),system,2026-09-07T07:16:14.757022+00:00
5cdef8cf-4e47-4de6-99be-2ccaa3dfc9fe,unknown_queued,HSS6X6X1/2,Queued for review (structural_section),system,2026-09-07T07:16:15.819115+00:00
8b169981-bb3b-43a7-9e9c-2270d6cab8ba,unknown_queued,HSS10X0.625,Queued for review (structural_section),system,2026-09-07T07:16:18.282887+00:00
d7ea2937-ca86-4b68-8c6f-7a155e532245,unknown_queued,W10X33,Queued for review (structural_section),system,2026-09-07T07:16:18.656798+00:00
f434aeff-e234-4a83-8d00-582c19532dc8,unknown_queued,W10X60,Queued for review (structural_section),system,2026-09-07T07:16:19.008616+00:00
25655fca-8c4b-4cca-91fa-2bd7bed22ea2,unknown_queued,HSS10X0.500,Queued for review (structural_section),system,2026-09-07T07:16:19.356647+00:00
979d9797-b063-4ae8-a334-779ad434830d,unknown_queued,W8X40,Queued for review (structural_section),system,2026-09-07T07:16:19.973237+00:00
823ccd89-f5f9-44ee-8840-fdef3556948d,unknown_queued,W12X106,Queued for review (structural_section),system,2026-09-07T07:16:20.360822+00:00
a6949ddb-461c-4b33-9957-a4215ba2a77f,unknown_queued,W12X120,Queued for review (structural_section),system,2026-09-07T07:16:20.652331+00:00
cd74ce2a-a584-413f-9ff1-bbb474e72e42,unknown_queued,W14X61,Queued for review (structural_section),system,2026-09-07T07:16:20.929484+00:00
163b5aaf-0d8c-47b8-9499-9d4f80f80b97,unknown_queued,W14X68,Queued for review (structural_section),system,2026-09-07T07:16:21.286960+00:00
5aa7c6af-db6b-4ae7-8a1a-34c4c071eb03,unknown_queued,W14X82,Queued for review (structural_section),system,2026-09-07T07:16:21.574808+00:00
fbdcbfec-018a-4c49-8cf0-31ddfa92389c,unknown_queued,W14X90,Queued for review (structural_section),system,2026-09-07T07:16:21.895666+00:00
00534819-fc34-4769-965f-248699a0d0a9,unknown_queued,W14X132,Queued for review (structural_section),system,2026-09-07T07:16:22.209157+00:00
c5e7982a-debe-415e-bee3-0e9c3397f74a,unknown_queued,W14X145,Queued for review (structural_section),system,2026-09-07T07:16:22.500804+00:00
f4e3a1f2-7c4a-4861-a077-1244760ae751,unknown_queued,W14X198,Queued for review (structural_section),system,2026-09-07T07:16:22.782501+00:00
dafa00b7-d3a0-41ee-b622-ea4190a4e19f,unknown_queued,W18X35,Queued for review (structural_section),system,2026-09-07T07:16:23.071180+00:00
666eb2f4-c1d6-4aaa-a6e2-5a5312b0927d,unknown_queued,W16X26,Queued for review (structural_section),system,2026-09-07T07:16:23.494371+00:00
f9aa937c-d81c-4ba5-9d1f-f2c4a49d7fa8,unknown_queued,W16X31,Queued for review (structural_section),system,2026-09-07T07:16:23.989234+00:00
5a441730-dac6-45ac-97d7-2ef5a6a2f2a3,unknown_queued,W18X40,Queued for review (structural_section),system,2026-09-07T07:16:24.577428+00:00
c2bd0278-1c8e-439d-84c9-d5400aafc7a8,unknown_queued,W14X22,Queued for review (structural_section),system,2026-09-07T07:16:25.058453+00:00
17394a86-c073-46e0-ab4b-2a079a941d41,unknown_queued,W12X22,Queued for review (structural_section),system,2026-09-07T07:16:25.454233+00:00
7fa6c0a4-cdc4-470d-8985-07297ee55966,unknown_queued,W12X40,Queued for review (structural_section),system,2026-09-07T07:16:26.152954+00:00
69307c49-a8ed-4041-91bd-df007497d196,unknown_queued,HSS14X6X1/2,Queued for review (structural_section),system,2026-09-07T07:16:26.490466+00:00
31fbedf6-fe76-4181-a8b3-84332609cfd6,unknown_queued,L4X4X3/8,Queued for review (structural_section),system,2026-09-07T07:16:27.572422+00:00
c84aede4-6832-4349-aa20-a8019c50a37a,unknown_queued,W10X45,Queued for review (structural_section),system,2026-09-07T07:16:29.602858+00:00
dc7082d6-4f6c-4ada-a843-466ebddac18a,unknown_queued,W10X54,Queued for review (structural_section),system,2026-09-07T07:16:31.110443+00:00
2ab290ee-eea1-43a3-9013-02c0cab5b0e7,unknown_queued,W10X49,Queued for review (structural_section),system,2026-09-07T07:16:31.451222+00:00
ebcb33dd-9266-4411-aa44-9e8cf4c03377,unknown_queued,W10X39,Queued for review (structural_section),system,2026-09-07T07:16:33.007132+00:00
9e57ff07-71a5-4447-885f-e8169483e281,token_approved,W10X39,class=W10X39,user,2026-09-07T07:18:41.145085+00:00
c7704cad-6283-46de-a153-b7901b685381,token_approved,W10X49,class=W10X49,user,2026-09-07T07:18:41.145918+00:00
c5c5ab28-6901-420a-91fa-cd1f13f06572,token_approved,W10X54,class=W10X54,user,2026-09-07T07:18:41.146041+00:00
7d7d6f75-28b4-4073-9796-08baf11e57f9,token_approved,W10X45,class=W10X45,user,2026-09-07T07:18:41.146107+00:00
329e4d11-73fb-4ce6-90b2-702665cecdab,token_approved,L4X4X3/8,class=L4X4X3/8,user,2026-09-07T07:18:41.146159+00:00
71bded44-d198-4fff-ac64-9b88e816a124,token_approved,HSS14X6X1/2,class=HSS14X6X1/2,user,2026-09-07T07:18:41.146223+00:00
36e12d9c-864e-42d3-9943-7ce09c5ceaf3,token_approved,W12X40,class=W12X40,user,2026-09-07T07:18:41.146276+00:00
23477b27-8972-4a73-84b0-65acc667e904,token_approved,W12X22,class=W12X22,user,2026-09-07T07:18:41.146327+00:00
f322325c-10af-44d2-a059-7e1389d16d87,token_approved,W14X22,class=W14X22,user,2026-09-07T07:18:41.146378+00:00
137e8103-e286-476f-b969-0e1481bd8b85,token_approved,W18X40,class=W18X40,user,2026-09-07T07:18:41.146427+00:00
f651db65-c79d-4b09-b72e-9ba7910c29ed,token_approved,W16X31,class=W16X31,user,2026-09-07T07:18:41.146476+00:00
67fb4a28-0740-4d44-9e4f-25ede0d4a6f0,token_approved,W16X26,class=W16X26,user,2026-09-07T07:18:41.146557+00:00
748c5357-aa29-40fb-8abe-187039fa8395,token_approved,W18X35,class=W18X35,user,2026-09-07T07:18:41.146609+00:00
31ff13b2-e165-4951-bf91-d5de01a2520c,token_approved,W14X198,class=W14X68,user,2026-09-07T07:18:41.146658+00:00
f3f3ff99-aab4-407a-8d77-90cca468d409,token_approved,W14X145,class=W14X145,user,2026-09-07T07:18:41.146706+00:00
7565b3f3-872e-4156-8966-cc74b9665a0e,token_approved,W14X132,class=W14X132,user,2026-09-07T07:18:41.146763+00:00
6f0270ad-0868-4acf-b2da-faa211fbac91,token_approved,W14X90,class=W14X90,user,2026-09-07T07:18:41.146837+00:00
9585a80f-4857-43cb-b78f-cde0ae11e9b5,token_approved,W14X82,class=W14X82,user,2026-09-07T07:18:41.146885+00:00
0f1197c0-e2a1-45b9-90bf-e69fbfd53aef,token_approved,W14X68,class=W14X68,user,2026-09-07T07:18:41.147066+00:00
826d4086-84c3-4f51-8a73-ff5e1090fa50,token_approved,W14X61,class=W14X61,user,2026-09-07T07:18:41.147139+00:00
28f80f37-72b7-458b-a632-720b54527f98,token_approved,W12X120,class=W12X120,user,2026-09-07T07:18:41.147195+00:00
c8e58099-5a64-421c-a69b-f90e198a6fbf,token_approved,W12X106,class=W12X106,user,2026-09-07T07:18:41.147245+00:00
b38ef381-559d-4d8a-afba-87b86eb171eb,token_approved,W8X40,class=W8X40,user,2026-09-07T07:18:41.147291+00:00
911d8dd0-8f07-47ad-9568-82c52af52eb3,token_approved,HSS10X0.500,class=HSS10.000X0.500,user,2026-09-07T07:18:41.147387+00:00
3bb6d3a5-a3e9-4552-8653-0091911320a8,token_approved,W10X60,class=W10X60,user,2026-09-07T07:18:41.147441+00:00
88bf6518-d892-44d5-b67a-7b0975c23371,token_rejected,L6x3-1/2x3/8,class=L3X3X3/8,user,2026-09-07T07:19:02.699734+00:00
b6c2f548-9292-4a96-8301-1e68a70474c6,token_rejected,A325,class=W14X132,user,2026-09-07T07:19:02.699869+00:00
3ecd6794-9471-46dd-bc66-fef3983bdc33,token_approved,W10X33,class=W10X33,user,2026-09-07T07:19:17.587636+00:00
2ce572fc-d4b7-4318-96ef-8e71917e33fb,token_approved,HSS10X0.625,class=W10X54,user,2026-09-07T07:19:17.587858+00:00
df102de8-d5e0-48cb-ab50-fefe6414ca8d,token_approved,HSS6X6X1/2,class=HSS6X6X1/2,user,2026-09-07T07:19:17.587932+00:00
0d039f73-57da-4f91-a5f9-efc709f14181,token_approved,HSS8X6X3/8,class=HSS8X6X3/8,user,2026-09-07T07:19:17.587988+00:00
e8895774-df98-425b-84b7-f0e983db9708,token_approved,HSS6X6X3/8,class=HSS6X6X3/8,user,2026-09-07T07:19:17.588038+00:00
63db1c65-b96b-474a-a81e-0a4846cc9f29,token_approved,L4X3-1/2X5/16,class=L4X3X5/16,user,2026-09-07T07:19:17.588085+00:00
0e3d6232-0c4d-48df-aa3c-a6b5f98dc054,token_approved,"L3X3X3/8X0'-10""",class=L3X3X3/8,user,2026-09-07T07:19:17.588131+00:00
46c1d3a1-2962-4c3f-8e8d-71a75494b817,token_approved,"L4X3X3/8X0'-6""",class=L4X3X3/8,user,2026-09-07T07:19:17.588176+00:00
d66f70cb-bb0c-40d0-9fdc-2224c9324c5a,token_approved,"L3x3x1/4x0'-3"",",class=L3X3X1/4,user,2026-09-07T07:19:17.588225+00:00
b6a5dbce-313c-463f-9e36-893cbd8c8f23,token_approved,"L4X4X3/8X0'-8""",class=L4X4X3/8,user,2026-09-07T07:19:17.588270+00:00
b0c6c7b4-5ab6-459f-bdef-5ba978f5696f,token_approved,W12X252,class=W12X252,user,2026-09-07T07:19:17.588314+00:00
a25e7506-6b16-4834-af64-f498ed8828ba,token_approved,HSS14X6X5/8,class=HSS14X6X5/8,user,2026-09-07T07:19:17.588358+00:00
9204ce7e-2dc5-4419-982a-8a4ef734314c,token_approved,W24X84,class=W24X84,user,2026-09-07T07:19:17.588402+00:00
45890c7e-9af2-4342-8a0c-bbaa5857ec9b,token_approved,W8x31,class=W8X31,user,2026-09-07T07:19:17.588446+00:00
1f9654fc-4a62-48e2-813d-e9ecde9bc10c,token_approved,HSS20X8X5/8,class=HSS20X8X5/8,user,2026-09-07T07:19:17.588491+00:00
efdc6b13-13f1-4074-84af-ddc585700e53,token_approved,W21X48,class=W21X48,user,2026-09-07T07:19:17.588534+00:00
5aabaabc-6f15-4759-98d2-3ab5183fe86a,token_approved,W10X30,class=W10X30,user,2026-09-07T07:19:17.588578+00:00
dc559b87-94e6-4a60-b53c-d2f73565e5b4,token_approved,W12X30,class=W12X30,user,2026-09-07T07:19:17.588622+00:00
2c453a0e-075f-4b59-94b1-3f8f03f145f7,token_approved,W10X22,class=W10X22,user,2026-09-07T07:19:17.588663+00:00
08ffb3fa-9241-4bb2-82c9-aaa44485466c,token_approved,W12X19,class=W12X19,user,2026-09-07T07:19:17.588704+00:00
4ea368f8-c8c7-4977-9ddb-ab081def7ae1,token_approved,W12X26,class=W12X26,user,2026-09-07T07:19:17.588919+00:00
7011e781-dced-4dba-80d2-d4261e459f7d,token_approved,W10X15,class=W10X15,user,2026-09-07T07:19:17.588982+00:00
9daede69-dcb7-459b-8152-a6932d745c3b,token_approved,W10X19,class=W10X19,user,2026-09-07T07:19:17.589032+00:00
1098f18e-0b26-447f-96e6-da530de4ff05,token_approved,W21X50,class=W21X50,user,2026-09-07T07:19:17.589078+00:00
4773c334-d9ad-4edd-84d9-9e0c5ad08dcf,token_approved,W21X44,class=W21X44,user,2026-09-07T07:19:17.589124+00:00
2394cd18-328d-4c64-994a-150a286ab121,token_approved,W12X16,class=W12X16,user,2026-09-07T07:19:27.671919+00:00
a85fdb05-0c4b-4a66-b3a1-9d5b22531e99,token_approved,HSS10X8X3/8,class=HSS10X8X3/8,user,2026-09-07T07:19:27.677168+00:00
7c14d54f-83b1-460e-861e-26feb1f56971,token_approved,W18X50,class=W18X50,user,2026-09-07T07:19:27.686127+00:00
e58880f5-3aac-4a59-ace6-5262202b34db,unknown_queued,W8x24(E),Queued for review (structural_section),system,2026-09-07T08:34:57.267149+00:00
d06228e7-e5ac-4b44-b04c-36764f8e45cd,unknown_queued,HSS12X4,Queued for review (structural_section),system,2026-09-07T08:34:57.587240+00:00
a6e1d0f3-39ac-4b5d-b98b-d8be8f9b6e51,unknown_queued,W12X19,Queued for review (structural_section),system,2026-09-07T08:34:58.136604+00:00
59b4d492-2c64-4d62-92ab-5351597d7a2c,unknown_queued,W16X50,Queued for review (structural_section),system,2026-09-07T08:34:58.438140+00:00
adc353b1-1e3f-45b3-a651-c04eae4f2775,unknown_queued,W12X26,Queued for review (structural_section),system,2026-09-07T08:34:58.861848+00:00
2ab563b2-2079-4cf6-986a-77b2f96d06f2,unknown_queued,W10X22,Queued for review (structural_section),system,2026-09-07T08:34:59.328482+00:00
d50e88b5-31b9-4951-9c38-42e037fe3da6,unknown_queued,W21X50,Queued for review (structural_section),system,2026-09-07T08:35:00.044402+00:00
1c7093bb-3b3b-43a5-bd81-5efc8d9d2ea5,unknown_queued,W8X21,Queued for review (structural_section),system,2026-09-07T08:35:00.482422+00:00
04e1e333-b7cb-4bb9-894a-06f754901768,unknown_queued,W8X48,Queued for review (structural_section),system,2026-09-07T08:35:01.203745+00:00
2c324286-4979-4159-8fc1-ff6e78b05db1,unknown_queued,HSS8X6,Queued for review (structural_section),system,2026-09-07T08:35:02.502400+00:00
78b5c511-737c-444c-b570-0bb07c0e7924,unknown_queued,C8X13.7,Queued for review (structural_section),system,2026-09-07T08:35:03.324148+00:00
7a022f05-3b47-4c3e-a3b3-ee1c439eb266,unknown_queued,W 4X4 4X4,Queued for review (structural_section),system,2026-09-07T08:35:03.672920+00:00
4176a91c-45c4-437c-8509-439045ac9188,unknown_queued,HSS16X4X1/2,Queued for review (structural_section),system,2026-09-07T08:35:04.638265+00:00
588118e5-130b-4701-8af7-1e3ea7932ad9,unknown_queued,HSS8X6X3/8,Queued for review (structural_section),system,2026-09-07T08:35:04.994629+00:00
aaa6cae3-a537-4463-8f9d-b59c557081fc,unknown_queued,HSS6X6X3/8,Queued for review (structural_section),system,2026-09-07T08:35:05.476006+00:00
547949cb-33bc-431f-aeb4-6ee509d8a96a,unknown_queued,HSS10X6X5/8,Queued for review (structural_section),system,2026-09-07T08:35:05.770202+00:00
72f030ac-cd1b-4db8-8a3e-9f3eaf1d7881,unknown_queued,HSS12X6X5/8,Queued for review (structural_section),system,2026-09-07T08:35:06.104120+00:00
30c6bfdb-f716-4a4b-822a-a8dba7eec53f,unknown_queued,HSS8X8X3/8,Queued for review (structural_section),system,2026-09-07T08:35:06.554997+00:00
e4048497-119f-41c8-aaa9-79030be9497f,unknown_queued,HSS14X6X5/8,Queued for review (structural_section),system,2026-09-07T08:35:06.895849+00:00
53910119-ff81-4298-a217-a188ef5bb4b7,unknown_queued,W8X18,Queued for review (structural_section),system,2026-09-07T08:35:07.358347+00:00
8b753b13-79a3-4adb-a850-3cd884effccf,unknown_queued,W8X24,Queued for review (structural_section),system,2026-09-07T08:35:07.652762+00:00
c9ed7480-244c-4da6-a182-1bb082a3b9d9,unknown_queued,HSS14X6X3/8,Queued for review (structural_section),system,2026-09-07T08:35:07.944022+00:00
60df6bf9-e1ca-4b62-9306-0b944eb050fa,unknown_queued,W27X84,Queued for review (structural_section),system,2026-09-07T08:35:08.649182+00:00
a3b61080-ebf9-44b0-a2fa-5b6084dbf324,unknown_queued,W18X50,Queued for review (structural_section),system,2026-09-07T08:35:09.069374+00:00
12bf01e5-216d-4f0f-81d2-ced2748fb32d,unknown_queued,HSS6x6,Queued for review (structural_section),system,2026-09-07T08:35:10.299596+00:00
f39c71bd-334f-4637-8970-ba7cda3d618c,unknown_queued,W14X82,Queued for review (structural_section),system,2026-09-07T08:35:11.009865+00:00
f697a11c-0625-49cf-b352-8289999b18d2,unknown_queued,W14X90,Queued for review (structural_section),system,2026-09-07T08:35:11.321897+00:00
3a78dcb3-beee-47d0-95f4-c4ea2311cca3,unknown_queued,HSS10X8X5/8,Queued for review (structural_section),system,2026-09-07T08:35:12.466150+00:00
a348315a-6670-4c37-bf4c-452cab4bb31b,unknown_queued,W8X31,Queued for review (structural_section),system,2026-09-07T08:35:12.956654+00:00
b92c3843-4065-4753-aefd-9a3d773ace33,unknown_queued,HSS8X8X1/2,Queued for review (structural_section),system,2026-09-07T08:35:13.438203+00:00
0dbde5dc-97b5-4cf7-aa09-ff518f9d6c04,unknown_queued,W12X50,Queued for review (structural_section),system,2026-09-07T08:35:13.703201+00:00
415ad556-5b6d-4e60-89c0-874e2a515bc8,unknown_queued,W8X40,Queued for review (structural_section),system,2026-09-07T08:35:14.351661+00:00
ce1f9777-1a86-468e-9539-9caed2d048f8,unknown_queued,HSS10X0.500,Queued for review (structural_section),system,2026-09-07T08:35:14.817272+00:00
3fd8ff7a-78be-413c-8fda-2d2ca0d9264c,unknown_queued,W10X49,Queued for review (structural_section),system,2026-09-07T08:35:15.257048+00:00
f3cf5e68-568d-4290-bc10-612fa376d3c4,unknown_queued,W10X68,Queued for review (structural_section),system,2026-09-07T08:35:15.765860+00:00
6caa8903-1f17-4c0e-a87b-09b7e46f415a,unknown_queued,W10X77,Queued for review (structural_section),system,2026-09-07T08:35:16.107664+00:00
c3e36490-08fa-4ab1-a5fc-3a5f03b1f81c,unknown_queued,W8X35,Queued for review (structural_section),system,2026-09-07T08:35:16.845534+00:00
31e432bd-b5e3-4016-95b4-3be93adec889,unknown_queued,W16X26,Queued for review (structural_section),system,2026-09-07T08:35:17.205388+00:00
ff47798b-efab-4858-8128-4e3594f685ab,unknown_queued,W16X40,Queued for review (structural_section),system,2026-09-07T08:35:17.919741+00:00
7ac1ce02-9c32-4742-8f22-3055e94c9c0b,unknown_queued,W16X31,Queued for review (structural_section),system,2026-09-07T08:35:18.270236+00:00
3d91b2fa-e1c7-4a20-987a-22c6babf8e37,unknown_queued,W14X22,Queued for review (structural_section),system,2026-09-07T08:35:18.623053+00:00
bb23124f-b391-4680-866a-30cd7dff7253,unknown_queued,L3X3X3/8,Queued for review (structural_section),system,2026-09-07T08:35:18.871998+00:00
f4ed23ac-bad6-47a6-af17-874867157aec,unknown_queued,W12X16,Queued for review (structural_section),system,2026-09-07T08:35:19.221254+00:00
fe136723-f2f1-4996-9f02-81707967a3d7,unknown_queued,WT6X11,Queued for review (structural_section),system,2026-09-07T08:35:19.672393+00:00
effe5c55-eeca-4bf8-a498-63879df18f60,unknown_queued,WT4X14,Queued for review (structural_section),system,2026-09-07T08:35:19.977366+00:00
c3740d70-547e-4685-aabb-9812844c4f3a,unknown_queued,W18X40,Queued for review (structural_section),system,2026-09-07T08:35:20.770418+00:00
ec30e7c9-83a5-4b89-adce-e0192899ab66,unknown_queued,W18X55,Queued for review (structural_section),system,2026-09-07T08:35:21.172911+00:00
4b23ebda-30eb-4f2b-b625-943fbff11303,unknown_queued,W21X44,Queued for review (structural_section),system,2026-09-07T08:35:21.476585+00:00
50b3a6d3-aaac-481b-8e71-c7422ac13f5e,unknown_queued,W21X55,Queued for review (structural_section),system,2026-09-07T08:35:21.872720+00:00
dba6eff9-65e8-481d-a0ac-42d6afa98b3f,unknown_queued,HSS6X3X3/8,Queued for review (structural_section),system,2026-09-07T08:35:23.685094+00:00
db3b4ee5-98f5-4b54-b8b3-7603aaa12c65,unknown_queued,W18X35,Queued for review (structural_section),system,2026-09-07T08:35:24.187312+00:00
466cde0f-ecfc-4ec8-a0c8-07ce448700db,unknown_queued,W8X13,Queued for review (structural_section),system,2026-09-07T08:35:25.072492+00:00
e9005636-d499-4238-ba8c-5b0967d0becc,unknown_queued,W14X26,Queued for review (structural_section),system,2026-09-07T08:35:26.453093+00:00
690cc8b0-164e-47e9-a174-62039edd45a4,unknown_queued,L3X3X1/4,Queued for review (structural_section),system,2026-09-07T08:35:26.840057+00:00
ac67542b-0e13-4928-b18d-37f01c528033,unknown_queued,HSS8X6X5/16,Queued for review (structural_section),system,2026-09-07T08:35:27.399203+00:00
1e8e0f31-d7b3-43ee-87db-a302b9a1c7f3,unknown_queued,W16X36,Queued for review (structural_section),system,2026-09-07T08:35:27.895889+00:00
1194de4d-40f4-4108-984f-7e6121fa0944,unknown_queued,W12X22,Queued for review (structural_section),system,2026-09-07T08:35:28.614960+00:00
16ed6d2f-ce8f-4d96-9869-e55edfdbaf59,unknown_queued,W14X34,Queued for review (structural_section),system,2026-09-07T08:35:28.927624+00:00
e0f7769b-a2d6-44e8-8d1a-c12cdb12027a,unknown_queued,HSS12X6X1/2,Queued for review (structural_section),system,2026-09-07T08:35:29.135508+00:00
0cd0648b-408a-49b4-8a0c-545bcb7452e4,unknown_queued,W24X55,Queued for review (structural_section),system,2026-09-07T08:35:29.635046+00:00
4116bc66-f827-43c9-b6d7-861841402259,unknown_queued,W14X120,Queued for review (structural_section),system,2026-09-07T08:35:30.022138+00:00
0599b7e4-bd35-4070-a29b-364cc1ea73f6,unknown_queued,W14X132,Queued for review (structural_section),system,2026-09-07T08:35:30.382575+00:00
31e6e82d-f37e-4d27-b0a1-808eab887fdc,unknown_queued,W14X68,Queued for review (structural_section),system,2026-09-07T08:35:31.121096+00:00
9a3a7d07-d32f-4d23-ba36-d13ba010e824,unknown_queued,W12X65,Queued for review (structural_section),system,2026-09-07T08:35:32.371426+00:00
5d500716-fb6f-4a0f-b0e9-5dc71b7fe250,unknown_queued,W10X45,Queued for review (structural_section),system,2026-09-07T08:35:33.384586+00:00
ae58017c-c1b6-4d25-9bb5-be916f7b59a2,unknown_queued,W10X54,Queued for review (structural_section),system,2026-09-07T08:35:33.927303+00:00
453270fe-ea3f-4288-b7b7-14e92e8c6ca8,unknown_queued,W10X60,Queued for review (structural_section),system,2026-09-07T08:35:34.322580+00:00
3f6d60ed-c41f-4789-8393-b73e65ee2e5b,token_approved,W10X60,class=W10X60,user,2026-09-07T08:40:16.872777+00:00
c8111bb9-b8f1-4b81-a888-3bb407acab57,token_approved,W10X54,class=W10X54,user,2026-09-07T08:40:16.881672+00:00
62713e95-55aa-4676-923f-efb4083ae6b1,token_approved,W10X45,class=W10X45,user,2026-09-07T08:40:16.881785+00:00
b24b1b56-3b99-4158-be1a-9e7442a9dbc3,token_approved,W12X65,class=W12X65,user,2026-09-07T08:40:16.881847+00:00
bb1d1c5a-57fa-468a-a60e-c31a9018342d,token_approved,W14X68,class=W14X68,user,2026-09-07T08:40:16.881900+00:00
56cf3f13-131d-45ca-ac0b-4daa47e9f9e2,token_approved,W14X132,class=W14X132,user,2026-09-07T08:40:16.881947+00:00
8deb8d2d-3f36-455c-86ee-23bdd9b0e93f,token_approved,W14X120,class=W14X120,user,2026-09-07T08:40:16.882324+00:00
0eb828d9-e983-4b26-a7d2-c527479a3a23,token_approved,W24X55,class=W24X55,user,2026-09-07T08:40:16.882461+00:00
20460c14-e547-4886-bd6f-8e7279c5774f,token_approved,HSS12X6X1/2,class=HSS12X6X1/2,user,2026-09-07T08:40:16.882509+00:00
8d139807-ee2f-4636-9e5c-686ae67d0dc0,token_approved,W14X34,class=W14X34,user,2026-09-07T08:40:16.882553+00:00
14935449-3ec9-49d4-b71e-37ccdc02f1c7,token_approved,W12X22,class=W12X22,user,2026-09-07T08:40:16.882594+00:00
8802678c-f189-4efc-a30a-c1550ff2f971,token_approved,W16X36,class=W16X36,user,2026-09-07T08:40:16.882631+00:00
b95be4a6-00c0-47e7-8882-abadbad927e2,token_approved,HSS8X6X5/16,class=HSS8X6X5/16,user,2026-09-07T08:40:16.882670+00:00
fe84db4c-08a3-47cd-b4ce-b72839ebd54f,token_approved,L3X3X1/4,class=L3X3X1/4,user,2026-09-07T08:40:16.882708+00:00
65445874-e7a4-49a0-9d8a-cbfb2dc31d1a,token_approved,W14X26,class=W14X26,user,2026-09-07T08:40:16.882746+00:00
d9828ad7-20c6-4c4e-a332-852adfb3cf13,token_approved,W8X13,class=W8X13,user,2026-09-07T08:40:16.882784+00:00
07992b69-b948-4019-9075-c87c8b4632ae,token_approved,W18X35,class=W18X35,user,2026-09-07T08:40:16.882821+00:00
4bee7d61-0286-4ae8-bc6e-e0a906cf8da4,token_approved,HSS6X3X3/8,class=HSS6X3X3/8,user,2026-09-07T08:40:16.882860+00:00
cee49342-93f3-48af-8caa-ddcc23419c07,token_approved,W21X55,class=W21X55,user,2026-09-07T08:40:16.882899+00:00
8427aa12-7dea-42cd-aeda-e3bf1b572553,token_approved,W21X44,class=W21X44,user,2026-09-07T08:40:16.882937+00:00
1f4a3eba-62be-4700-9ade-0105c7c41f1c,token_approved,W18X55,class=W18X55,user,2026-09-07T08:40:16.882973+00:00
186a673b-4540-4c38-8da0-52736960af99,token_approved,W18X40,class=W18X40,user,2026-09-07T08:40:16.883011+00:00
629d5d77-ad89-49b2-a32b-3b488003c6a2,token_approved,WT4X14,class=WT4X14,user,2026-09-07T08:40:16.883047+00:00
02e36f94-2423-4c42-80d3-ae4034043725,token_approved,WT6X11,class=WT6X11,user,2026-09-07T08:40:16.883085+00:00
b649da23-0408-4821-86ae-042dacdb12fc,token_approved,W12X16,class=W12X16,user,2026-09-07T08:40:16.883122+00:00
2d5d136b-7615-4b41-9272-ee093deede10,token_approved,L3X3X3/8,class=L3X3X3/8,user,2026-09-07T08:40:37.318650+00:00
90c026f1-1d08-4e27-a846-911f63af2887,token_approved,W14X22,class=W14X22,user,2026-09-07T08:40:37.318829+00:00
10f2f0c6-8bfd-4ec0-b047-013e8ea3c0f4,token_approved,W16X31,class=W16X31,user,2026-09-07T08:40:37.318903+00:00
31d74f45-b1af-47ab-8d83-634f96df19ce,token_approved,W16X40,class=W16X40,user,2026-09-07T08:40:37.318961+00:00
e45e5c67-79c5-45ab-9c9a-4ce38ae73e07,token_approved,W16X26,class=W16X26,user,2026-09-07T08:40:37.319017+00:00
70acd7d0-e7f9-4f55-9a2f-8f4186ca39a7,token_approved,W8X35,class=W8X35,user,2026-09-07T08:40:37.319071+00:00
234cd5f8-687f-4f79-912b-e78bff0a9407,token_approved,W10X77,class=W10X77,user,2026-09-07T08:40:37.319122+00:00
78a07fd9-565c-42f9-b0d6-575ec463b0a8,token_approved,W10X68,class=W10X68,user,2026-09-07T08:40:37.319170+00:00
2e5aa903-dca8-494d-ba13-fc0234673489,token_approved,W10X49,class=W10X49,user,2026-09-07T08:40:37.319222+00:00
9b1812b7-b8e0-437b-b8c5-c11bb6001529,token_approved,HSS10X0.500,class=HSS10.000X0.500,user,2026-09-07T08:40:37.319275+00:00
fc0f2a4d-e118-453e-ae5f-8a611ef277cb,token_approved,W8X40,class=W8X40,user,2026-09-07T08:40:37.319329+00:00
61a3f28d-2077-4f12-b08f-8c12eb65c1ea,token_approved,W12X50,class=W12X50,user,2026-09-07T08:40:37.319383+00:00
453bc292-3da3-4de2-8d42-41de3944ec02,token_approved,HSS8X8X1/2,class=HSS8X8X1/2,user,2026-09-07T08:40:37.319434+00:00
22d8f6da-4806-43e8-bb12-49fa00234782,token_approved,W8X31,class=W8X31,user,2026-09-07T08:40:37.319487+00:00
fe6f666d-9153-4852-b3d9-78c113f223dc,token_approved,HSS10X8X5/8,class=HSS10X8X5/8,user,2026-09-07T08:40:37.319538+00:00
5abe9a6f-0eec-4bdd-b626-99726f864b44,token_approved,W14X90,class=W14X90,user,2026-09-07T08:40:37.319589+00:00
cf74fd12-c104-4b6c-843e-d2d056da0689,token_approved,W14X82,class=W14X82,user,2026-09-07T08:40:37.319638+00:00
e4d8463e-2981-4c85-903f-94542d17e3fc,token_approved,HSS6x6,class=HSS6X6X1/2,user,2026-09-07T08:40:37.319685+00:00
ee9b172a-3196-4151-9219-9704bdb3da23,token_approved,W18X50,class=W18X50,user,2026-09-07T08:40:37.319732+00:00
9149be4f-3119-4ef8-a4a9-3fcaabf70567,token_approved,W27X84,class=W27X84,user,2026-09-07T08:40:37.319796+00:00
c4bd9271-7cc2-46dc-874a-e66a823c5875,token_approved,HSS14X6X3/8,class=HSS14X6X3/8,user,2026-09-07T08:40:37.319844+00:00
0e3f3396-b3c8-4f6d-bc1a-4e1ac60eeb34,token_approved,W8X24,class=W8X24,user,2026-09-07T08:40:37.319902+00:00
2a9edbdb-5cd4-4da2-80bf-828256f3b322,token_approved,W8X18,class=W8X18,user,2026-09-07T08:40:37.319953+00:00
bff78bcc-d52e-4f3f-84ea-0ef97e3aec58,token_approved,HSS14X6X5/8,class=HSS14X6X5/8,user,2026-09-07T08:40:37.320001+00:00
0c01f83d-d1bf-4827-94c6-cdbe5057879d,token_approved,HSS8X8X3/8,class=HSS8X8X3/8,user,2026-09-07T08:40:37.320048+00:00
2ebc0af7-2d70-468e-b3e0-f577dbd9e89c,token_rejected,W 4X4 4X4,class=W14X43,user,2026-09-07T08:41:16.141696+00:00
449e7f77-5ac0-4964-8c8f-bf3b80bd9353,token_rejected,HSS8X6,class=W8X21,user,2026-09-07T08:41:16.141761+00:00
fca9efb8-47b5-4a05-b06b-495cb62b03a9,token_rejected,HSS12X4,class=W16X40,user,2026-09-07T08:41:16.141790+00:00
b1a4f869-784c-44d7-850d-635ebb942eb3,token_approved,W8x24(E),class=W8X24,user,2026-09-07T08:41:19.961622+00:00
bcd036fa-e213-4db1-846b-af76bc79b81f,token_approved,W12X19,class=W12X19,user,2026-09-07T08:41:19.961796+00:00
0ddc2006-cbfc-47a1-8d36-997b0ffaad38,token_approved,W16X50,class=W16X50,user,2026-09-07T08:41:19.961868+00:00
72d0529b-e461-47c2-a39e-256ef7b13a38,token_approved,W12X26,class=W12X26,user,2026-09-07T08:41:19.961923+00:00
52b5a8bd-4107-4424-87f1-bd91ba53e17e,token_approved,W10X22,class=W10X22,user,2026-09-07T08:41:19.961973+00:00
4a592a97-1e05-4be6-ba7e-c73cffda339f,token_approved,W21X50,class=W21X50,user,2026-09-07T08:41:19.962019+00:00
f5a78039-50c2-4e76-8b6a-070602c1a2f5,token_approved,W8X21,class=W8X21,user,2026-09-07T08:41:19.962066+00:00
5681cc09-a9b2-45d5-bfc7-d991c6933616,token_approved,W8X48,class=W8X48,user,2026-09-07T08:41:19.962112+00:00
9e47dc89-7d2f-4a97-b76e-cb10c56c076d,token_approved,C8X13.7,class=C8X13.75,user,2026-09-07T08:41:19.962157+00:00
8a931ea8-9c97-4bf9-8ed3-2686e069ebed,token_approved,HSS16X4X1/2,class=HSS16X4X1/2,user,2026-09-07T08:41:19.962203+00:00
ae3c460e-52bd-4235-9afa-6db16b8d6bd2,token_approved,HSS8X6X3/8,class=HSS8X6X3/8,user,2026-09-07T08:41:19.962248+00:00
42966e77-cbbd-4ff8-9bdc-91f6fe3fc29e,token_approved,HSS6X6X3/8,class=HSS6X6X3/8,user,2026-09-07T08:41:19.962291+00:00
89358835-3095-4a7d-96ee-4b244d39cb63,token_approved,HSS10X6X5/8,class=HSS10X6X5/8,user,2026-09-07T08:41:19.962338+00:00
e29d8a9e-dcc0-4bc1-9f3f-8368cdb94d60,token_approved,HSS12X6X5/8,class=HSS12X6X5/8,user,2026-09-07T08:41:19.962384+00:00
ad31ea41-b582-44ec-93b6-2fe6ccf1aa44,unknown_queued,W18X50,Queued for review (structural_section),system,2026-09-07T09:56:19.351833+00:00
312a293d-b001-4ce6-af15-4f9f48386be1,unknown_queued,W21X44,Queued for review (structural_section),system,2026-09-07T09:56:19.732712+00:00
f41fbcb0-1fb2-4fc3-8e8b-17d335cccfec,unknown_queued,W21X50,Queued for review (structural_section),system,2026-09-07T09:56:20.299972+00:00
2265f67f-6e11-464c-97a9-044f2114c606,unknown_queued,W10X19,Queued for review (structural_section),system,2026-09-07T09:56:20.714549+00:00
13318b37-8465-49ec-bae8-c7cf2e12d555,unknown_queued,W12X26,Queued for review (structural_section),system,2026-09-07T09:56:21.639206+00:00
3c40d003-c695-4d90-9dbb-a153de0ca63d,unknown_queued,HSS10X6X3/8,Queued for review (structural_section),system,2026-09-07T09:56:21.950757+00:00
6adc8176-7623-488d-8f7c-69e9b95876c2,unknown_queued,HSS12X6X3/8,Queued for review (structural_section),system,2026-09-07T09:56:22.788987+00:00
39e5302d-d2e2-4db1-a49c-a3f46859b254,unknown_queued,W10X30,Queued for review (structural_section),system,2026-09-07T09:56:24.191842+00:00
f4cd0ba7-8004-4f24-be6a-accb04f7cc52,unknown_queued,W12X40,Queued for review (structural_section),system,2026-09-07T09:56:24.499365+00:00
01fa281a-62ae-47e5-9d0d-9fb90f91238c,unknown_queued,W10X15,Queued for review (structural_section),system,2026-09-07T09:56:24.863827+00:00
492521fb-190e-4d0e-baec-f5e75381a5ec,unknown_queued,HSS20X8X5/8,Queued for review (structural_section),system,2026-09-07T09:56:26.908528+00:00
38a35efa-a25e-49bf-90c7-20e9c11aaac4,unknown_queued,W8x31,Queued for review (structural_section),system,2026-09-07T09:56:27.440935+00:00
dab9caae-5ff4-43cf-9835-32c963a154ba,unknown_queued,W24X84,Queued for review (structural_section),system,2026-09-07T09:56:27.951611+00:00
81f5216a-b8ad-4965-acbe-8d4d8b299225,unknown_queued,HSS14X6X5/8,Queued for review (structural_section),system,2026-09-07T09:56:30.902108+00:00
8e42e70b-9e0e-47e5-90d4-4d81950002bd,unknown_queued,A325,Queued for review (structural_section),system,2026-09-07T09:56:31.905745+00:00
b52e5e0a-8f3b-402e-8beb-e30016b278db,unknown_queued,L6x3-1/2x3/8,Queued for review (structural_section),system,2026-09-07T09:56:32.209224+00:00
7460b878-d7c5-49e1-999b-8ec2f0d22001,unknown_queued,L4X3-1/2X5/16,Queued for review (structural_section),system,2026-09-07T09:56:32.507581+00:00
61597dae-c84e-420c-9bc6-7b3068174dcf,unknown_queued,HSS6X6X3/8,Queued for review (structural_section),system,2026-09-07T09:56:32.804619+00:00
04790e5c-c9c1-403d-9d53-67a62cc598c8,unknown_queued,HSS8X6X3/8,Queued for review (structural_section),system,2026-09-07T09:56:33.376108+00:00
19516f6e-9591-4530-99ad-af836f15a6af,unknown_queued,HSS6X6X1/2,Queued for review (structural_section),system,2026-09-07T09:56:34.384368+00:00
916c6bbf-4a27-4933-94ed-bcae2f513173,unknown_queued,HSS10X0.625,Queued for review (structural_section),system,2026-09-07T09:56:36.820221+00:00
dbd90392-0a31-4e1e-a0e2-811d34e96a9d,unknown_queued,W10X39,Queued for review (structural_section),system,2026-09-07T09:56:37.120057+00:00
33893557-e39b-497f-8c4b-9b9b52a9920c,unknown_queued,HSS10X0.500,Queued for review (structural_section),system,2026-09-07T09:56:37.540523+00:00
e429df86-782a-4194-83aa-16bb54f641d2,unknown_queued,W8X40,Queued for review (structural_section),system,2026-09-07T09:56:38.204787+00:00
b830e09b-485f-45cb-ba90-6d9b7f24f2cf,unknown_queued,W18X35,Queued for review (structural_section),system,2026-09-07T09:56:38.590445+00:00
8a0a869f-639b-43e0-ac8a-9467f3adb8a6,unknown_queued,W12X16,Queued for review (structural_section),system,2026-09-07T09:56:38.980020+00:00
4414084f-60c1-4b71-9c49-a9ee7589afe7,unknown_queued,W16X26,Queued for review (structural_section),system,2026-09-07T09:56:39.368356+00:00
0053433a-196a-4e31-bc75-f15da3c6862c,unknown_queued,HSS10X8X3/8,Queued for review (structural_section),system,2026-09-07T09:56:39.843312+00:00
3d646110-6aa6-4c74-8335-183bb5fb96b0,unknown_queued,W16X31,Queued for review (structural_section),system,2026-09-07T09:56:40.215478+00:00
6fb0834a-2e44-4cab-8080-8035a9fc25a4,unknown_queued,W18X40,Queued for review (structural_section),system,2026-09-07T09:56:40.709394+00:00
22ab089c-edd1-4647-b59b-4dd7afdabc83,unknown_queued,W14X22,Queued for review (structural_section),system,2026-09-07T09:56:41.134921+00:00
6ff7b216-abb4-4c6b-ac6a-8377ba0330fc,unknown_queued,W12X22,Queued for review (structural_section),system,2026-09-07T09:56:41.543338+00:00
90bafe42-3cdc-41e4-a0a9-b376bd976dfa,unknown_queued,HSS14X6X1/2,Queued for review (structural_section),system,2026-09-07T09:56:42.423848+00:00
f8ee4e14-2343-48cc-a82b-30c745579f82,unknown_queued,L4X4X3/8,Queued for review (structural_section),system,2026-09-07T09:56:43.553236+00:00
cbf4babf-a587-44a6-bbd5-927a4f3fbd7e,unknown_queued,W10X33,Queued for review (structural_section),system,2026-09-07T09:56:45.104182+00:00
ac48fe52-6a5a-40d9-85e0-81384bbdb799,unknown_queued,W10X45,Queued for review (structural_section),system,2026-09-07T09:56:45.953265+00:00
82632eea-c8ea-4b34-89e9-f9263dad7faa,unknown_queued,W10X54,Queued for review (structural_section),system,2026-09-07T09:56:47.539144+00:00
e959c664-7cff-4ca5-af29-f44fb449e39d,unknown_queued,W10X49,Queued for review (structural_section),system,2026-09-07T09:56:47.855787+00:00
546c517b-3234-409f-97f7-31909c38545a,unknown_queued,W10X60,Queued for review (structural_section),system,2026-09-07T09:56:49.417004+00:00
b7c7f705-0ba3-4d40-b010-aa1e3d1646c6,token_rejected,L4X3-1/2X5/16,class=L4X3X5/16,user,2026-09-07T09:58:26.097639+00:00
53708e82-7833-493d-a1e0-2ee8b457ff33,token_rejected,L6x3-1/2x3/8,class=L6X4X3/8,user,2026-09-07T09:58:26.097920+00:00
bf973665-1ac3-480e-a0e2-dc873266c407,token_rejected,A325,class=W14X132,user,2026-09-07T09:58:26.097976+00:00
ddd3fe75-e051-448d-a081-7e4a72f77f6d,token_approved,W10X60,class=W10X60,user,2026-09-07T09:58:33.574032+00:00
dff93c75-4ce1-46d0-a4bf-061266d832ce,token_approved,W10X49,class=W10X49,user,2026-09-07T09:58:33.574871+00:00
19584d10-3d23-4d8a-a341-7ed303f85647,token_approved,W10X54,class=W10X54,user,2026-09-07T09:58:33.575024+00:00
0b70eb5a-6420-4403-9461-cbfa9c0f6671,token_approved,W10X45,class=W10X45,user,2026-09-07T09:58:33.575100+00:00
dc4a8216-cf4d-4a7a-98cb-ce9414a88276,token_approved,W10X33,class=W10X33,user,2026-09-07T09:58:33.575156+00:00
a97e80d6-27d3-47c7-b61a-281eda4bc23b,token_approved,L4X4X3/8,class=L4X4X3/8,user,2026-09-07T09:58:33.575250+00:00
138663c2-ce11-4a2f-8ac2-29384e8ce715,token_approved,HSS14X6X1/2,class=HSS14X6X1/2,user,2026-09-07T09:58:33.575311+00:00
26f8e3a2-c574-4b8f-906e-6c1196130be5,token_approved,W12X22,class=W12X22,user,2026-09-07T09:58:33.575359+00:00
d5bc359e-ee57-4a4d-a3a1-14d33a2483ac,token_approved,W14X22,class=W14X22,user,2026-09-07T09:58:33.575406+00:00
0068f75c-8a43-4069-b458-db6801c10c05,token_approved,W18X40,class=W18X40,user,2026-09-07T09:58:33.575453+00:00
f4e6f120-f962-4363-9ea7-485f57ba21bc,token_approved,W16X31,class=W16X31,user,2026-09-07T09:58:33.576629+00:00
eef68a8f-ee2b-4e36-b877-ae8a7f98389e,token_approved,HSS10X8X3/8,class=HSS10X8X3/8,user,2026-09-07T09:58:33.576836+00:00
0f7b940c-c96b-4c47-b450-479c2a548a09,token_approved,W16X26,class=W16X26,user,2026-09-07T09:58:33.576912+00:00
e85003de-a24c-4ed4-9233-0b61abc854de,token_approved,W12X16,class=W12X16,user,2026-09-07T09:58:33.576979+00:00
6767b007-3698-4d18-968f-17d17bc761ca,token_approved,W18X35,class=W18X35,user,2026-09-07T09:58:33.577043+00:00
b401345b-0ef7-4f62-ba0e-7bcb9b9dd349,token_approved,W8X40,class=W8X40,user,2026-09-07T09:58:33.577089+00:00
c09be708-03b9-4c90-8628-3ae28d116907,token_approved,HSS10X0.500,class=HSS10.000X0.500,user,2026-09-07T09:58:33.577134+00:00
05b3eb8a-d636-42db-b2ed-85125fb16a78,token_approved,W10X39,class=W10X39,user,2026-09-07T09:58:33.577179+00:00
d0d9fdf4-8315-48c9-8ac1-e51b2a5bfc66,token_approved,HSS10X0.625,class=W10X54,user,2026-09-07T09:58:33.577223+00:00
ec6c3f7d-9e44-426f-a42b-289d61172f7c,token_approved,HSS6X6X1/2,class=HSS6X6X1/2,user,2026-09-07T09:58:33.577265+00:00
f515025c-7aa9-4ed3-b380-c566485276d9,token_approved,HSS8X6X3/8,class=HSS8X6X3/8,user,2026-09-07T09:58:33.577309+00:00
ff7fd1e0-aa69-4ca6-82c5-b5f2764b41dd,token_approved,HSS6X6X3/8,class=HSS6X6X3/8,user,2026-09-07T09:58:33.577353+00:00
54a6aff1-3c89-4bfe-9038-2454a332d8ca,token_approved,HSS14X6X5/8,class=HSS14X6X5/8,user,2026-09-07T09:58:33.577648+00:00
fe597123-6ef5-46e8-abe9-cb4a03691fc4,token_approved,W24X84,class=W24X84,user,2026-09-07T09:58:33.577715+00:00
5eebf539-8122-4041-bcd7-94c0d05f67da,token_approved,W8x31,class=W8X31,user,2026-09-07T09:58:33.577838+00:00
cfbff3f9-b85c-48bf-b289-654d50a7f657,token_approved,HSS20X8X5/8,class=HSS20X8X5/8,user,2026-09-07T09:58:41.721274+00:00
bdb06673-1336-4c6e-8b94-f1eba73fb80c,token_approved,W10X15,class=W10X15,user,2026-09-07T09:58:41.721450+00:00
1c8212e0-67d1-4ddc-8fbf-66ddaca14967,token_approved,W12X40,class=W12X40,user,2026-09-07T09:58:41.721532+00:00
6067563a-4ba3-4456-a876-3dab7cbdf575,token_approved,W10X30,class=W10X30,user,2026-09-07T09:58:41.721591+00:00
badb62af-7f2a-4b20-a19a-3bfc430b7bdd,token_approved,HSS12X6X3/8,class=HSS12X6X3/8,user,2026-09-07T09:58:41.721641+00:00
820a4806-5d78-4bda-b1f3-1118574b84e5,token_approved,HSS10X6X3/8,class=HSS10X6X3/8,user,2026-09-07T09:58:41.721693+00:00
917b8475-3ec5-4fd5-bdb4-bf8d06f8c784,token_approved,W12X26,class=W12X26,user,2026-09-07T09:58:41.721745+00:00
ca5801db-851f-4fde-896e-8a0d8819eab2,token_approved,W10X19,class=W10X19,user,2026-09-07T09:58:41.721796+00:00
7a467afd-b654-4c8b-b7fa-a0444d6c85a3,token_approved,W21X50,class=W21X50,user,2026-09-07T09:58:41.721846+00:00
3dd43e9d-68aa-43fc-a9b3-c96239b61ada,token_approved,W21X44,class=W21X44,user,2026-09-07T09:58:41.721899+00:00
65e1fa6f-5fd5-42ea-b9d5-839be6483832,token_approved,W18X50,class=W18X50,user,2026-09-07T09:58:41.721958+00:00
5775e540-194b-414e-b734-77add472a116,unknown_queued,HSS10X8X3/8,Queued for review (structural_section),system,2026-09-07T10:14:12.548872+00:00
5086ff69-6d31-447e-ad6d-1bb1d5913c85,unknown_queued,W21X55,Queued for review (structural_section),system,2026-09-07T10:14:12.869140+00:00
d2484489-b492-4306-9add-f6bcc2815119,unknown_queued,W18X50,Queued for review (structural_section),system,2026-09-07T10:14:13.176993+00:00
fc994b5d-046d-4452-aaa2-dc9b8022f762,unknown_queued,W21X50,Queued for review (structural_section),system,2026-09-07T10:14:13.612048+00:00
32e78c0b-3341-42db-9097-4de422686e89,unknown_queued,W10X19,Queued for review (structural_section),system,2026-09-07T10:14:13.976908+00:00
73f2d5fb-dd77-44ce-974a-641fca34f754,unknown_queued,W12X26,Queued for review (structural_section),system,2026-09-07T10:14:14.700721+00:00
3a400025-86ec-4261-9e0b-f7c08c41ed04,unknown_queued,HSS10X6X3/8,Queued for review (structural_section),system,2026-09-07T10:14:15.068745+00:00
d220cfc4-fa7d-4583-a6bd-e20a12b3fca3,unknown_queued,HSS20X8X5/8,Queued for review (structural_section),system,2026-09-07T10:14:17.267605+00:00
047dcd6a-d18d-45fc-86ed-b17e1b66ea31,unknown_queued,W8x31,Queued for review (structural_section),system,2026-09-07T10:14:17.748942+00:00
57d069eb-7107-4d4a-bb75-70d7a15b676b,unknown_queued,W24X55,Queued for review (structural_section),system,2026-09-07T10:14:20.186919+00:00
77b83e21-7710-4472-9a89-ff3e03f86f20,unknown_queued,L4X4X3/8,Queued for review (structural_section),system,2026-09-07T10:14:20.560663+00:00
6657d1a5-e359-4ecd-8225-c9a24ce5a7f0,unknown_queued,A325,Queued for review (structural_section),system,2026-09-07T10:14:21.134623+00:00
0114c71f-51a4-44a7-af5e-7a4a2148422e,unknown_queued,L6x3-1/2x3/8,Queued for review (structural_section),system,2026-09-07T10:14:21.437056+00:00
a4b2fb5a-4a20-4e34-9dbe-de7e87fba8d5,unknown_queued,L4X3-1/2X5/16,Queued for review (structural_section),system,2026-09-07T10:14:21.912415+00:00
a945a745-ebe7-4c3f-b236-3a9bef7345cc,unknown_queued,HSS6X6X3/8,Queued for review (structural_section),system,2026-09-07T10:14:22.226529+00:00
4d0d1abe-2603-4125-9194-e9331372f013,unknown_queued,HSS8X6X3/8,Queued for review (structural_section),system,2026-09-07T10:14:22.809145+00:00
6b0ee837-fe35-4d46-b42a-85b9149d9ed3,unknown_queued,HSS6X6X1/2,Queued for review (structural_section),system,2026-09-07T10:14:23.598646+00:00
fa685662-7bd1-48b9-a22e-4d6c0e121c18,unknown_queued,W10X33,Queued for review (structural_section),system,2026-09-07T10:14:25.697835+00:00
05cbf05d-8278-4b35-a916-5abebcd43198,unknown_queued,HSS10X0.625,Queued for review (structural_section),system,2026-09-07T10:14:27.659766+00:00
1cfc8080-74d4-40a5-b140-4ce4be3ff345,unknown_queued,W10X60,Queued for review (structural_section),system,2026-09-07T10:14:28.425288+00:00
0fb329d6-dece-488a-9681-0678a9b84cd8,unknown_queued,HSS10X0.500,Queued for review (structural_section),system,2026-09-07T10:14:28.880177+00:00
809c08b3-2af3-4098-abd2-9805ef804566,unknown_queued,W8X40,Queued for review (structural_section),system,2026-09-07T10:14:31.108636+00:00
b033ad44-84f1-4a14-a431-c34ea363a0b7,unknown_queued,W18X35,Queued for review (structural_section),system,2026-09-07T10:14:32.052109+00:00
bed3b6e9-4ae7-4496-91bc-c206ae017f65,unknown_queued,W12X16,Queued for review (structural_section),system,2026-09-07T10:14:32.346339+00:00
7970073d-30b0-4c56-96fb-7338e36df1b3,unknown_queued,W16X26,Queued for review (structural_section),system,2026-09-07T10:14:32.640802+00:00
b92fbe45-f644-46d6-887b-36ff3540163d,unknown_queued,W16X31,Queued for review (structural_section),system,2026-09-07T10:14:32.978507+00:00
5e9731eb-583c-4a08-bf90-773f6953c680,unknown_queued,W18X40,Queued for review (structural_section),system,2026-09-07T10:14:33.508855+00:00
951cd16c-2957-4afa-a842-c90d9c206a95,unknown_queued,W14X22,Queued for review (structural_section),system,2026-09-07T10:14:33.853987+00:00
b946723a-9f91-40ee-9db3-07912038e080,unknown_queued,W12X22,Queued for review (structural_section),system,2026-09-07T10:14:34.260524+00:00
ecede98f-3163-41d2-9a38-da37e00c6d4a,unknown_queued,W10X30,Queued for review (structural_section),system,2026-09-07T10:14:34.718799+00:00
a4da5c28-20f1-478d-aa29-40f410e0221d,unknown_queued,W10X15,Queued for review (structural_section),system,2026-09-07T10:14:35.032170+00:00
8bddb048-b7a8-4418-8bbd-71afb3e5f6b8,unknown_queued,W21X44,Queued for review (structural_section),system,2026-09-07T10:14:35.368673+00:00
ef57faca-ece1-417f-b3cf-7974b902e994,unknown_queued,W12X40,Queued for review (structural_section),system,2026-09-07T10:14:35.726939+00:00
242ae33b-9eaa-4d8f-912b-85772c5d0641,unknown_queued,HSS14X6X1/2,Queued for review (structural_section),system,2026-09-07T10:14:36.077143+00:00
ad9ded76-67f3-424e-9eb1-e76e56b10531,unknown_queued,W10X45,Queued for review (structural_section),system,2026-09-07T10:14:38.603149+00:00
6c4453ac-ff4b-483a-9a23-ceacc6021904,unknown_queued,W10X54,Queued for review (structural_section),system,2026-09-07T10:14:40.131497+00:00
3265879a-3a5b-4f94-b05e-bd907bca743f,unknown_queued,W10X49,Queued for review (structural_section),system,2026-09-07T10:14:40.469905+00:00
ce0924b6-1e70-45a9-9fd8-d7f1f3cc1f3f,unknown_queued,W10X39,Queued for review (structural_section),system,2026-09-07T10:14:41.381940+00:00
bd558068-c790-4c1f-bf07-4a6a1584f15f,token_rejected,L4X3-1/2X5/16,class=L4X3X5/16,user,2026-09-07T10:16:02.616174+00:00
0c2475c9-aaee-4eea-b5e2-280517f4ac71,token_rejected,HSS10X0.625,class=W10X54,user,2026-09-07T10:16:02.616273+00:00
3f3885fd-73f3-4a64-948a-7f62da53e07d,token_approved,W10X39,class=W10X39,user,2026-09-07T10:16:11.219976+00:00
5317cef8-95b0-45e4-ae10-6efbd683d753,token_approved,W10X49,class=W10X49,user,2026-09-07T10:16:11.220132+00:00
8cec6dac-32e6-4e9e-b85e-252df01bdaf5,token_approved,W10X54,class=W10X54,user,2026-09-07T10:16:11.220183+00:00
a169e8b6-ce93-475a-a954-3e5b2135714c,token_approved,W10X45,class=W10X45,user,2026-09-07T10:16:11.220218+00:00
de6b575c-087d-4e35-97da-a4d29f7b5f50,token_approved,HSS14X6X1/2,class=HSS14X6X1/2,user,2026-09-07T10:16:11.220249+00:00
cfbfd3e6-6135-4180-a76b-f9af5802a0bb,token_approved,W12X40,class=W12X40,user,2026-09-07T10:16:11.220279+00:00
652b88dd-d0b8-4a2d-8be3-9072a07bf7f8,token_approved,W21X44,class=W21X44,user,2026-09-07T10:16:11.220308+00:00
f5c1488c-b91c-447f-8a9b-0cf3179ed4a8,token_approved,W10X15,class=W10X15,user,2026-09-07T10:16:11.220334+00:00
a5d9b876-8116-4c67-b08c-bab8ca06766e,token_approved,W10X30,class=W10X30,user,2026-09-07T10:16:11.220361+00:00
28a817f7-bbbc-4af8-8f3b-801a1aaf27a6,token_approved,W12X22,class=W12X22,user,2026-09-07T10:16:11.220389+00:00
e7e95fe1-de74-4a5c-af33-dca487ca81cc,token_approved,W14X22,class=W14X22,user,2026-09-07T10:16:11.220416+00:00
0f44de3b-6ca7-48b3-abd5-d6247a9bc476,token_approved,W18X40,class=W18X40,user,2026-09-07T10:16:11.220442+00:00
f8cdd95d-41be-4102-a96c-dc1c566a064c,token_approved,W16X31,class=W16X31,user,2026-09-07T10:16:11.220470+00:00
94b9c9d9-e734-4837-9551-d362da514015,token_approved,W16X26,class=W16X26,user,2026-09-07T10:16:11.220496+00:00
f1268442-4d07-4aaa-bd2d-32e3fc90e65b,token_approved,W12X16,class=W12X16,user,2026-09-07T10:16:11.220523+00:00
529d60f5-7c5e-406f-b4eb-fc5ff233f7d6,token_approved,W18X35,class=W18X35,user,2026-09-07T10:16:11.220549+00:00
c728673f-bf67-43dc-a3c8-654977dd754f,token_approved,W8X40,class=W8X40,user,2026-09-07T10:16:11.220576+00:00
23e2ad1b-636b-4a15-bc3c-18be20e953e4,token_approved,HSS10X0.500,class=HSS10.000X0.500,user,2026-09-07T10:16:11.220603+00:00
15f8127c-6fdc-4a36-9a80-111ce8351f69,token_approved,W10X60,class=W10X60,user,2026-09-07T10:16:11.220630+00:00
62ee394b-2343-4927-ba9d-7c0df016bb06,token_approved,W10X33,class=W10X33,user,2026-09-07T10:16:11.220656+00:00
f7452895-a77b-4f2a-b49b-e5d6fa365e39,token_approved,HSS6X6X1/2,class=HSS6X6X1/2,user,2026-09-07T10:16:11.220682+00:00
050af49e-c8e5-44ce-bbe8-48c4ab962fb3,token_approved,HSS8X6X3/8,class=HSS8X6X3/8,user,2026-09-07T10:16:11.220708+00:00
0e931926-1e04-48b0-b8c2-704b4a39547e,token_approved,HSS6X6X3/8,class=HSS6X6X3/8,user,2026-09-07T10:16:11.220800+00:00
5fd4b2a7-78ec-4a44-b644-04a0cf155918,token_rejected,L6x3-1/2x3/8,class=L6X4X3/8,user,2026-09-07T10:16:20.963426+00:00
503637e6-0ce3-4bbb-b43a-063c3318f1cc,token_rejected,A325,class=W14X132,user,2026-09-07T10:16:20.963511+00:00
640d79e3-850d-4402-99d5-e2cc713884e9,token_approved,L4X4X3/8,class=L4X4X3/8,user,2026-09-07T10:16:30.615529+00:00
a0198fad-6f84-4627-acd0-cf3839321497,token_approved,W24X55,class=W24X55,user,2026-09-07T10:16:30.615668+00:00
2db3378b-33ad-4129-a108-94d4fd98a429,token_approved,W8x31,class=W8X31,user,2026-09-07T10:16:30.615713+00:00
cbf58f54-4ad5-4bcd-8907-8a20a10d3f09,token_approved,HSS20X8X5/8,class=HSS20X8X5/8,user,2026-09-07T10:16:30.615748+00:00
ffbe424f-2e68-46e8-a1b8-9918841b5ff8,token_approved,HSS10X6X3/8,class=HSS10X6X3/8,user,2026-09-07T10:16:30.615781+00:00
39dde9f0-6498-4f4e-bf4b-b5f1e46ba5aa,token_approved,W12X26,class=W12X26,user,2026-09-07T10:16:30.615812+00:00
90da06f5-5300-4469-8a55-3fdf7973414c,token_approved,W10X19,class=W10X19,user,2026-09-07T10:16:30.615842+00:00
3886f48a-38aa-468d-bcc4-b35dda75ce7e,token_approved,W21X50,class=W21X50,user,2026-09-07T10:16:30.615871+00:00
6eccd383-eff6-4481-8781-67149d76aa08,token_approved,W18X50,class=W18X50,user,2026-09-07T10:16:30.615900+00:00
314578bf-a8b2-46fe-b785-9bb29df61b5b,token_approved,W21X55,class=W21X55,user,2026-09-07T10:16:30.615928+00:00
730a7feb-42cf-4def-91f9-fc47700b0f98,token_approved,HSS10X8X3/8,class=HSS10X8X3/8,user,2026-09-07T10:16:30.615955+00:00
6e39820c-5829-4258-a725-990eacf421a8,unknown_queued,W18X35,Queued for review (structural_section),system,2026-09-07T11:02:43.803814+00:00
e8df21c5-fa65-4c45-8472-9d9c9c34393f,unknown_queued,HSS10X8X3/8,Queued for review (structural_section),system,2026-09-07T11:02:44.117471+00:00
bc3548fe-a99a-402e-905a-31520cf4399c,unknown_queued,W18X50,Queued for review (structural_section),system,2026-09-07T11:02:44.489248+00:00
f95d5618-75e3-469a-a12d-05887ee9c808,unknown_queued,W21X50,Queued for review (structural_section),system,2026-09-07T11:02:45.011093+00:00
796d5be2-4f43-4a44-89ae-c5414864a930,unknown_queued,W10X19,Queued for review (structural_section),system,2026-09-07T11:02:45.855898+00:00
2f690270-ca7a-4997-921e-442e752f5154,unknown_queued,W21X55,Queued for review (structural_section),system,2026-09-07T11:02:46.556599+00:00
abe6d9c7-3167-4901-9ee5-c46f6ecc1309,unknown_queued,W12X26,Queued for review (structural_section),system,2026-09-07T11:02:47.150558+00:00
4f4e806d-eba2-4828-ace1-af96153a3f9a,unknown_queued,HSS10X6X3/8,Queued for review (structural_section),system,2026-09-07T11:02:47.594823+00:00
296020dd-b07b-43c7-865f-2967ed6a31d9,unknown_queued,HSS14X6X1/2,Queued for review (structural_section),system,2026-09-07T11:02:50.285135+00:00
dd4a45f9-222a-4e77-a0e3-b9e85e14fc8f,unknown_queued,HSS20X8X5/8,Queued for review (structural_section),system,2026-09-07T11:02:52.488896+00:00
72a6f065-374d-4823-ad6e-7a62d1a0a777,unknown_queued,W8x31,Queued for review (structural_section),system,2026-09-07T11:02:52.900348+00:00
89d56aa0-ff87-4a7c-aae4-09549a93b1d9,unknown_queued,HSS14X6X5/8,Queued for review (structural_section),system,2026-09-07T11:02:55.884496+00:00
116f5aed-143a-4296-ba57-5d4461a61547,unknown_queued,L4X4X3/8,Queued for review (structural_section),system,2026-09-07T11:02:56.771404+00:00
4f7debb4-a501-4e13-93a9-d79838d0ad66,unknown_queued,HSS6X6X3/8,Queued for review (structural_section),system,2026-09-07T11:02:57.529082+00:00
0133cc8e-2dbf-4c1c-b76c-99730eeb9339,unknown_queued,HSS8X6X3/8,Queued for review (structural_section),system,2026-09-07T11:02:58.114942+00:00
68bc4b0d-e7a2-41d9-b2e0-821b324357e0,unknown_queued,HSS6X6X1/2,Queued for review (structural_section),system,2026-09-07T11:02:58.968917+00:00
a8ee87b4-667d-4176-906d-c584c0365e93,unknown_queued,W10X60,Queued for review (structural_section),system,2026-09-07T11:03:01.187389+00:00
eee77d7a-0cc8-493f-bfb0-a8383a6ace31,unknown_queued,W8X40,Queued for review (structural_section),system,2026-09-07T11:03:01.565717+00:00
3d5cda42-29b8-43b1-b55a-0542788b60c8,unknown_queued,W12X16,Queued for review (structural_section),system,2026-09-07T11:03:01.968264+00:00
89ec3b2c-fc93-4fa1-9816-92c7faa774cb,unknown_queued,W16X26,Queued for review (structural_section),system,2026-09-07T11:03:02.293830+00:00
6681a483-5d20-4a55-bfa7-5f098293288d,unknown_queued,W16X31,Queued for review (structural_section),system,2026-09-07T11:03:02.670577+00:00
54291e0d-29c5-4cf3-8275-23a98e617f8e,unknown_queued,W18X40,Queued for review (structural_section),system,2026-09-07T11:03:03.182031+00:00
80935625-4ca9-4833-92f7-5852f9a1cbfb,unknown_queued,W14X22,Queued for review (structural_section),system,2026-09-07T11:03:03.652226+00:00
32406402-49b6-4f73-887c-679fe65ca149,unknown_queued,W12X22,Queued for review (structural_section),system,2026-09-07T11:03:04.093699+00:00
9e0e18fc-7d8c-4660-b1d2-6b621aa1cb51,unknown_queued,W10X30,Queued for review (structural_section),system,2026-09-07T11:03:04.637066+00:00
879c17c7-a975-4c3a-8165-e499c1487b21,unknown_queued,W10X15,Queued for review (structural_section),system,2026-09-07T11:03:04.972262+00:00
f732f8e0-ff60-44d3-b90d-8252bb37809e,unknown_queued,W21X44,Queued for review (structural_section),system,2026-09-07T11:03:05.326466+00:00
778a65f8-dd90-41ec-835c-f43b8e278865,unknown_queued,W12X40,Queued for review (structural_section),system,2026-09-07T11:03:05.642850+00:00
27cd0bdc-67fa-4543-bb4f-09162dd0cf83,unknown_queued,W10X33,Queued for review (structural_section),system,2026-09-07T11:03:08.053222+00:00
5d1cd1d8-1f50-40fb-bbd0-ff075094bc8f,unknown_queued,W10X45,Queued for review (structural_section),system,2026-09-07T11:03:08.786283+00:00
f3990808-b329-4d58-ae57-aebd72555e32,unknown_queued,W10X54,Queued for review (structural_section),system,2026-09-07T11:03:10.263771+00:00
62e572d1-6d08-417e-a437-70d18c49c4bc,unknown_queued,W10X49,Queued for review (structural_section),system,2026-09-07T11:03:10.618331+00:00
74475056-533d-4cce-a88c-8b76a2009e23,unknown_queued,W10X39,Queued for review (structural_section),system,2026-09-07T11:03:11.585684+00:00
b27887c3-40f3-4d5e-8b28-290c8a46affd,token_approved,W10X39,class=W10X39,user,2026-09-07T11:37:05.320989+00:00
67a5ed27-35c1-4ec9-9967-4d370fbac6f9,token_approved,W10X49,class=W10X49,user,2026-09-07T11:37:05.321304+00:00
7146fdde-d90c-4c4e-92a3-b8c52485c942,token_approved,W10X54,class=W10X54,user,2026-09-07T11:37:05.321386+00:00
3cd944ea-77fe-4224-af88-314f15a86a01,token_approved,W10X45,class=W10X45,user,2026-09-07T11:37:05.321446+00:00
a93e5ffa-8634-45d3-b33b-b20bbabe2d27,token_approved,W10X33,class=W10X33,user,2026-09-07T11:37:05.321516+00:00
a7394280-9717-4717-923e-9319ee128e29,token_approved,W12X40,class=W12X40,user,2026-09-07T11:37:05.321645+00:00
f7aeaf8e-051d-4c16-8a23-6efc37531cc0,token_approved,W21X44,class=W21X44,user,2026-09-07T11:37:05.321769+00:00
02970399-4eab-4187-a788-a436231cd2bd,token_approved,W10X15,class=W10X15,user,2026-09-07T11:37:05.321827+00:00
6b6e33ad-b029-409e-9732-bc56f7503bf8,token_approved,W10X30,class=W10X30,user,2026-09-07T11:37:05.321879+00:00
8e111ee2-865e-49da-9cc6-51f361e845f5,token_approved,W12X22,class=W12X22,user,2026-09-07T11:37:05.321930+00:00
5966795a-fca4-4a3e-8790-70ba6f92b3c5,token_approved,W14X22,class=W14X22,user,2026-09-07T11:37:05.321978+00:00
a3c47894-13f8-4939-b63d-4e7908149449,token_approved,W18X40,class=W18X40,user,2026-09-07T11:37:05.322025+00:00
d9ba2ef3-96f4-41f2-b94e-51d530f9fec3,token_approved,W16X31,class=W16X31,user,2026-09-07T11:37:05.322074+00:00
9c01d4a9-ada7-4d45-9731-015d074f185a,token_approved,W16X26,class=W16X26,user,2026-09-07T11:37:05.322120+00:00
80a7a66c-7ab8-45fa-b756-015a79143947,token_approved,W12X16,class=W12X16,user,2026-09-07T11:37:05.322170+00:00
22c41d46-6ff5-4702-956d-88df6663fd2f,token_approved,W8X40,class=W8X40,user,2026-09-07T11:37:05.322213+00:00
8fbe4f80-ab31-4f9d-9b63-fba7342c35d7,token_approved,W10X60,class=W10X60,user,2026-09-07T11:37:05.322258+00:00
ebf1f626-4bde-4c8d-9e83-2853bd71f1b7,token_approved,HSS6X6X1/2,class=HSS6X6X1/2,user,2026-09-07T11:37:05.322307+00:00
8096d744-bf8b-45a0-8fa4-14168d059b90,token_approved,HSS8X6X3/8,class=HSS8X6X3/8,user,2026-09-07T11:37:05.322356+00:00
9efdfefe-021b-4f7a-b32b-d4babd0abdb8,token_approved,HSS6X6X3/8,class=HSS6X6X3/8,user,2026-09-07T11:37:05.322401+00:00
e63fa6dd-39ff-44d8-976e-77348e370e4c,token_approved,L4X4X3/8,class=L4X4X3/8,user,2026-09-07T11:37:05.322448+00:00
9aa8705e-a02f-4f71-b2fb-68b2beaed682,token_approved,HSS14X6X5/8,class=HSS14X6X5/8,user,2026-09-07T11:37:05.322497+00:00
ccdabb3c-78c2-46c2-8a0c-170909924807,token_approved,W8x31,class=W8X31,user,2026-09-07T11:37:05.322546+00:00
a3b580e4-3047-42e7-9215-d995e500d614,token_approved,HSS20X8X5/8,class=HSS20X8X5/8,user,2026-09-07T11:37:05.322593+00:00
64929633-57ec-4185-b0c0-33ba201a7d19,token_approved,HSS14X6X1/2,class=HSS14X6X1/2,user,2026-09-07T11:37:05.322641+00:00
b09845a8-7a25-4f72-84d2-11a10be95bea,token_approved,HSS10X6X3/8,class=HSS10X6X3/8,user,2026-09-07T11:37:13.136260+00:00
996ab660-f3ce-4220-a1e0-c0de5591bed2,token_approved,W12X26,class=W12X26,user,2026-09-07T11:37:13.136434+00:00
9e052b10-dfc6-43cf-adf2-13cdfccc5268,token_approved,W21X55,class=W21X55,user,2026-09-07T11:37:13.136510+00:00
daad42eb-5a6d-4542-9333-45506b6fe644,token_approved,W10X19,class=W10X19,user,2026-09-07T11:37:13.136615+00:00
b047e21f-34a2-4e49-8f1e-8bb82e2f8f56,token_approved,W21X50,class=W21X50,user,2026-09-07T11:37:13.136687+00:00
3358574b-33c3-4235-b51b-cb8e7e26ba74,token_approved,W18X50,class=W18X50,user,2026-09-07T11:37:13.136741+00:00
a1540b23-3d54-49d3-b58f-0001755e313f,token_approved,HSS10X8X3/8,class=HSS10X8X3/8,user,2026-09-07T11:37:13.136785+00:00
f6f4ac95-ce55-4dfb-a0c6-23861fe04fa2,token_approved,W18X35,class=W18X35,user,2026-09-07T11:37:13.136830+00:00
9ee8b1b8-3cc9-4ebf-aa0a-165b6a00e4fb,unknown_queued,W18X40,Queued for review (structural_section),system,2026-09-07T11:40:07.994976+00:00
dee3698f-4104-486a-be84-a03b35bbfb00,unknown_queued,W21X55,Queued for review (structural_section),system,2026-09-07T11:40:08.349013+00:00
a6669bfb-263d-4625-9c60-a77c7cadc0f1,unknown_queued,W18X50,Queued for review (structural_section),system,2026-09-07T11:40:08.722849+00:00
e0232ed3-c8f6-464a-b0f7-1bf6aa47f300,unknown_queued,W21X50,Queued for review (structural_section),system,2026-09-07T11:40:09.268623+00:00
7b2b98e6-2c11-4ef5-9acf-664cd59bebae,unknown_queued,W10X19,Queued for review (structural_section),system,2026-09-07T11:40:09.911361+00:00
45be4f3d-8ea6-4ed2-b035-0e95d66facd6,unknown_queued,W12X26,Queued for review (structural_section),system,2026-09-07T11:40:10.757216+00:00
a0852d13-c5b9-49dc-adf4-e2bf3d7c8eb4,unknown_queued,HSS10X6X3/8,Queued for review (structural_section),system,2026-09-07T11:40:11.109852+00:00
b3998348-8cf7-446e-bb17-82c981471b15,unknown_queued,HSS14X6X1/2,Queued for review (structural_section),system,2026-09-07T11:40:13.443476+00:00
761ac17a-27ad-49a3-bf5f-bae659a6e25e,unknown_queued,HSS20X8X5/8,Queued for review (structural_section),system,2026-09-07T11:40:15.708850+00:00
995a5665-1417-45ee-9639-6a217464be24,unknown_queued,W8x31,Queued for review (structural_section),system,2026-09-07T11:40:16.492494+00:00
c39a82e0-2ddc-47a9-9b19-61f281ddab85,unknown_queued,W24X84,Queued for review (structural_section),system,2026-09-07T11:40:17.157323+00:00
640a8f3e-6b38-46bf-9bf8-93832b654e3f,unknown_queued,W14X26,Queued for review (structural_section),system,2026-09-07T11:40:18.619412+00:00
f4a90c7a-9f8c-4937-962f-2d631af22764,unknown_queued,W21X48,Queued for review (structural_section),system,2026-09-07T11:40:19.328157+00:00
9f4b4a5a-dbfa-466f-9181-751a82698dda,unknown_queued,HSS14X6X5/8,Queued for review (structural_section),system,2026-09-07T11:40:20.885450+00:00
7c578cfa-54c7-40c2-9db8-93a36b90a3aa,unknown_queued,W24X55,Queued for review (structural_section),system,2026-09-07T11:40:21.662892+00:00
3e5113cb-d105-4636-ba3a-d5827085db59,unknown_queued,L4X4X3/8,Queued for review (structural_section),system,2026-09-07T11:40:22.141914+00:00
6ae7c2c6-c4bd-4bae-ba10-18ae56dcaa15,unknown_queued,HSS6X6X3/8,Queued for review (structural_section),system,2026-09-07T11:40:23.136410+00:00
3c4b80eb-c473-4ff8-bc56-5b61cce2e020,unknown_queued,HSS8X6X3/8,Queued for review (structural_section),system,2026-09-07T11:40:23.785399+00:00
16296935-e4dd-4dee-a44b-ffd66c685766,unknown_queued,HSS6X6X1/2,Queued for review (structural_section),system,2026-09-07T11:40:24.603706+00:00
2823df94-d47d-4eaa-b384-2f43811facc1,unknown_queued,W10X54,Queued for review (structural_section),system,2026-09-07T11:40:27.033242+00:00
3f6159eb-7721-4227-b9b6-68aeeef0b97f,unknown_queued,W10X60,Queued for review (structural_section),system,2026-09-07T11:40:27.759765+00:00
d7aa4605-ac5c-4bef-9ff3-e8115c9338f0,unknown_queued,W8X40,Queued for review (structural_section),system,2026-09-07T11:40:28.179864+00:00
c291c2dd-80ca-4750-abef-036490725214,unknown_queued,W18X35,Queued for review (structural_section),system,2026-09-07T11:40:28.655788+00:00
79f233fe-9b4c-4d73-96de-adfa1df08e7e,unknown_queued,W12X16,Queued for review (structural_section),system,2026-09-07T11:40:28.909553+00:00
79dd5777-08de-4ddf-9f16-e6ac0d067b4f,unknown_queued,W16X26,Queued for review (structural_section),system,2026-09-07T11:40:29.319526+00:00
5440ea24-24ca-46d0-9deb-339000d00508,unknown_queued,HSS10X8X3/8,Queued for review (structural_section),system,2026-09-07T11:40:29.685905+00:00
d28ac80a-25cd-48d6-b34c-4901eddad2cf,unknown_queued,W16X31,Queued for review (structural_section),system,2026-09-07T11:40:30.049561+00:00
c59d4858-3769-4fdb-87f2-e9a4172e348c,unknown_queued,W14X22,Queued for review (structural_section),system,2026-09-07T11:40:30.809051+00:00
0c61880b-70b6-4600-addd-95b1943205fb,unknown_queued,W12X22,Queued for review (structural_section),system,2026-09-07T11:40:31.294003+00:00
b35bb2a7-ddca-48f5-a928-0c1ac6397515,unknown_queued,W10X30,Queued for review (structural_section),system,2026-09-07T11:40:31.845874+00:00
0274df0e-99c5-41c2-b340-d563a9a3eeaf,unknown_queued,W10X15,Queued for review (structural_section),system,2026-09-07T11:40:32.192624+00:00
67e4ed54-4a5c-46b1-b613-4968e5c5442e,unknown_queued,W21X44,Queued for review (structural_section),system,2026-09-07T11:40:32.627332+00:00
b2c73540-cf97-413f-9185-3379c4c1dbde,unknown_queued,W12X40,Queued for review (structural_section),system,2026-09-07T11:40:33.044627+00:00
3f6009f5-9ee2-4508-aca6-6dd4355e8cb4,unknown_queued,W10X33,Queued for review (structural_section),system,2026-09-07T11:40:35.707717+00:00
774be158-d3b5-48cb-8d9d-213b6e7899c4,unknown_queued,W10X45,Queued for review (structural_section),system,2026-09-07T11:40:36.702873+00:00
a434e063-7289-46d9-a4e0-ca0650c37b06,unknown_queued,W10X49,Queued for review (structural_section),system,2026-09-07T11:40:38.569569+00:00
08b8255e-e267-4a91-af39-922e61520591,unknown_queued,W10X39,Queued for review (structural_section),system,2026-09-07T11:40:39.586283+00:00
f39f248c-88f8-4d6b-bf54-0eae0f3dbaf3,token_approved,W10X39,class=W10X39,user,2026-09-07T11:43:38.696987+00:00
e62324f6-bdd8-420c-946d-201907c446de,token_approved,W10X49,class=W10X49,user,2026-09-07T11:43:38.697411+00:00
ba7c97ba-545e-4ca5-a352-b0a5898ae45d,token_approved,W10X45,class=W10X45,user,2026-09-07T11:43:38.697471+00:00
4d4f3fae-a3f6-4e25-93b2-c9c079e19cb9,token_approved,W10X33,class=W10X33,user,2026-09-07T11:43:38.697516+00:00
68b05443-92c4-41f0-967d-39ae9fc4bd48,token_approved,W12X40,class=W12X40,user,2026-09-07T11:43:38.697631+00:00
0d242661-d9f0-4d71-84d6-7dcc3269bd5b,token_approved,W21X44,class=W21X44,user,2026-09-07T11:43:38.697691+00:00
0c871d98-4530-4abf-af28-dc97d187c99e,token_approved,W10X15,class=W10X15,user,2026-09-07T11:43:38.697744+00:00
e462d26b-7346-47d7-b57d-016e41e340bb,token_approved,W10X30,class=W10X30,user,2026-09-07T11:43:38.697797+00:00
6fc9d93c-653c-416a-84ea-5c5dcd5e94e5,token_approved,W12X22,class=W12X22,user,2026-09-07T11:43:38.697846+00:00
bd983e9b-42b1-40c0-8233-ec9468b2f4e1,token_approved,W14X22,class=W14X22,user,2026-09-07T11:43:38.697895+00:00
d2dacbe3-ba04-49e7-a9f9-b74d85717194,token_approved,W16X31,class=W16X31,user,2026-09-07T11:43:38.697945+00:00
57de1b71-4153-4a66-9db9-3bdcc8efe45e,token_approved,HSS10X8X3/8,class=HSS10X8X3/8,user,2026-09-07T11:43:38.697999+00:00
584f4454-4b14-4196-ba0b-1005e9cf56eb,token_approved,W16X26,class=W16X26,user,2026-09-07T11:43:38.698052+00:00
dd19c572-338d-4c11-a2d6-99a6bce571f1,token_approved,W12X16,class=W12X16,user,2026-09-07T11:43:38.698107+00:00
63e0b924-c2e9-401a-866b-8db4a33a6bf5,token_approved,W18X35,class=W18X35,user,2026-09-07T11:43:38.698233+00:00
9607481f-e73c-4572-8d11-ec1982179d68,token_approved,W8X40,class=W8X40,user,2026-09-07T11:43:38.698346+00:00
8f67ab49-c445-457b-a722-2922fa9b5141,token_approved,W10X60,class=W10X60,user,2026-09-07T11:43:38.698433+00:00
b982d684-54e2-46ce-8c83-d55e1466c2a1,token_approved,W10X54,class=W10X54,user,2026-09-07T11:43:38.698523+00:00
86ff2133-c11d-483c-95bc-abcf565d678f,token_approved,HSS6X6X1/2,class=HSS6X6X1/2,user,2026-09-07T11:43:38.698591+00:00
c02ca808-67fc-47bb-bb12-d99c06256666,token_approved,HSS8X6X3/8,class=HSS8X6X3/8,user,2026-09-07T11:43:38.698640+00:00
e58a0f5f-cf1e-4cec-9fc6-5f518dca3f5f,token_approved,HSS6X6X3/8,class=HSS6X6X3/8,user,2026-09-07T11:43:38.698694+00:00
5e89a56c-5208-4c91-8a69-f3a79a5104fc,token_approved,L4X4X3/8,class=L4X4X3/8,user,2026-09-07T11:43:38.698794+00:00
57e04780-623c-4468-b327-1aeaa8ecce34,token_approved,W24X55,class=W24X55,user,2026-09-07T11:43:38.698849+00:00
0c1814b0-06a3-4873-85c8-d9f5d37e70db,token_approved,HSS14X6X5/8,class=HSS14X6X5/8,user,2026-09-07T11:43:38.698906+00:00
da0956f8-2421-4fa4-9044-b958097e9294,token_approved,W21X48,class=W21X48,user,2026-09-07T11:43:38.698956+00:00
098e8a56-0822-481c-9832-9095b3ca0f77,token_approved,W14X26,class=W14X26,user,2026-09-07T11:43:50.911978+00:00
3d5a8847-e820-4372-b600-271cf20739a9,token_approved,W24X84,class=W24X84,user,2026-09-07T11:43:50.918426+00:00
b96e263c-7c2c-47c5-979d-867bcf4fd465,token_approved,W8x31,class=W8X31,user,2026-09-07T11:43:50.918498+00:00
d168a395-20d1-47a8-bce4-f3e7a3ba5a72,token_approved,HSS20X8X5/8,class=HSS20X8X5/8,user,2026-09-07T11:43:50.918549+00:00
36a35c28-c996-4641-b428-f71db545322d,token_approved,HSS14X6X1/2,class=HSS14X6X1/2,user,2026-09-07T11:43:50.918592+00:00
03221f90-ceb8-4f71-9f80-9d6dce1e52e8,token_approved,HSS10X6X3/8,class=HSS10X6X3/8,user,2026-09-07T11:43:50.918636+00:00
fb474805-09e4-48c5-8d0c-4cbde99b9afc,token_approved,W12X26,class=W12X26,user,2026-09-07T11:43:50.918677+00:00
c41191b6-fa22-4daa-8ee2-bd01e46d3cf7,token_approved,W10X19,class=W10X19,user,2026-09-07T11:43:50.918719+00:00
41d1b177-74b5-4cb9-a539-77ef1a4d1c87,token_approved,W21X50,class=W21X50,user,2026-09-07T11:43:50.918766+00:00
33df9066-5826-4e4f-9c79-93f60c2b502b,token_approved,W18X50,class=W18X50,user,2026-09-07T11:43:50.918810+00:00
052e2183-246c-447e-acb6-f3310f6c08c7,token_approved,W21X55,class=W21X55,user,2026-09-07T11:43:50.918849+00:00
079c5ad2-badd-4c89-96a9-c035ec15e4c0,token_approved,W18X40,class=W18X40,user,2026-09-07T11:43:50.918891+00:00
3e7775de-f33e-4b1f-9cbc-efe4a8b438ad,unknown_queued,W18X40,Queued for review (structural_section),system,2026-09-07T12:09:35.649549+00:00
504cc3c1-0c13-48c8-98fe-8545d3da95d6,unknown_queued,W21X55,Queued for review (structural_section),system,2026-09-07T12:09:35.974875+00:00
fcf19a73-1ab6-4488-92e5-a4b2aa9d1f4f,unknown_queued,W18X50,Queued for review (structural_section),system,2026-09-07T12:09:36.301870+00:00
06f78aa4-313c-4330-b50f-b162574fac02,unknown_queued,W21X50,Queued for review (structural_section),system,2026-09-07T12:09:36.813079+00:00
dbd17f4e-e8f1-43ab-8e0c-e18e2ef1ecc5,unknown_queued,W10X19,Queued for review (structural_section),system,2026-09-07T12:09:37.436696+00:00
68b01aa8-2867-4cd5-8bf1-81f4803dad23,unknown_queued,W12X26,Queued for review (structural_section),system,2026-09-07T12:09:38.275313+00:00
6718ea10-62fc-45c6-9ec0-4bff5da0b05b,unknown_queued,HSS10X6X3/8,Queued for review (structural_section),system,2026-09-07T12:09:38.640747+00:00
f7e095fd-b540-430d-b911-7ad9d63ad938,unknown_queued,HSS14X6X1/2,Queued for review (structural_section),system,2026-09-07T12:09:40.545503+00:00
570aadd7-c76c-4245-94f6-bd51042bc592,unknown_queued,HSS20X8X5/8,Queued for review (structural_section),system,2026-09-07T12:09:42.848345+00:00
94415c62-af41-4264-b31f-b86ee5c1b36a,unknown_queued,W8x31,Queued for review (structural_section),system,2026-09-07T12:09:43.353095+00:00
9b1d1456-ef87-4357-a80e-31698608069a,unknown_queued,W24X84,Queued for review (structural_section),system,2026-09-07T12:09:43.937939+00:00
7d612578-4eba-4f3e-ae5d-c1c1761d3064,unknown_queued,W14X26,Queued for review (structural_section),system,2026-09-07T12:09:45.557431+00:00
b427d23a-fb7a-4629-80c2-46f5c0a195d2,unknown_queued,W21X48,Queued for review (structural_section),system,2026-09-07T12:09:46.004767+00:00
30512f4e-16f2-426d-9513-f8ff8be028f3,unknown_queued,HSS14X6X5/8,Queued for review (structural_section),system,2026-09-07T12:09:47.382267+00:00
9eaffcf8-b01a-4694-b83b-ee6f0bf322bb,unknown_queued,W24X55,Queued for review (structural_section),system,2026-09-07T12:09:48.131762+00:00
8f07d817-85b3-45f4-8611-b79da9dd756f,unknown_queued,L4X4X3/8,Queued for review (structural_section),system,2026-09-07T12:09:48.474590+00:00
2cf92e4a-213f-4d1a-be72-b4bfea139732,unknown_queued,HSS6X6X3/8,Queued for review (structural_section),system,2026-09-07T12:09:49.417380+00:00
7970ed42-e102-49aa-8b9c-cf110e18c0b1,unknown_queued,HSS8X6X3/8,Queued for review (structural_section),system,2026-09-07T12:09:50.061347+00:00
1c915d7c-1f7c-4d91-8671-09df7004b849,unknown_queued,HSS6X6X1/2,Queued for review (structural_section),system,2026-09-07T12:09:50.941242+00:00
3073abd8-a489-455a-883a-37ee5614e1b7,unknown_queued,W10X54,Queued for review (structural_section),system,2026-09-07T12:09:53.216615+00:00
6fc33f22-b61b-4851-9c2f-b02e18d5b6ce,unknown_queued,W10X60,Queued for review (structural_section),system,2026-09-07T12:09:53.948435+00:00
c2fbe3e7-897a-4da0-b97b-327de9fb909c,unknown_queued,W8X40,Queued for review (structural_section),system,2026-09-07T12:09:54.335740+00:00
62e06d4d-067b-401a-9dc8-dfd46521edb1,unknown_queued,W18X35,Queued for review (structural_section),system,2026-09-07T12:09:54.784369+00:00
4010a570-276d-4709-82f4-7aab620d844f,unknown_queued,W12X16,Queued for review (structural_section),system,2026-09-07T12:09:55.131709+00:00
a3446249-7d26-4092-9a54-ec6029ec018e,unknown_queued,W16X26,Queued for review (structural_section),system,2026-09-07T12:09:55.459733+00:00
6ea7944b-2781-48e4-89d6-da915813de49,unknown_queued,HSS10X8X3/8,Queued for review (structural_section),system,2026-09-07T12:09:55.794901+00:00
ec219464-1067-4c1e-a645-b9bcd0ae1469,unknown_queued,W16X31,Queued for review (structural_section),system,2026-09-07T12:09:56.166080+00:00
9770e104-fc76-4e14-99bd-86456ba8603c,unknown_queued,W14X22,Queued for review (structural_section),system,2026-09-07T12:09:56.908120+00:00
fb808e2a-0b52-4f70-ba25-a23174eb5a96,unknown_queued,W12X22,Queued for review (structural_section),system,2026-09-07T12:09:57.354630+00:00
519a55ad-9e70-47b6-94b0-cd6b682814c6,unknown_queued,W10X30,Queued for review (structural_section),system,2026-09-07T12:09:57.783182+00:00
6a77de18-e33c-4bde-827a-f5958ee31b34,unknown_queued,W10X15,Queued for review (structural_section),system,2026-09-07T12:09:58.103617+00:00
8534ccc6-5465-480e-ae4f-9cdb55df7cd1,unknown_queued,W21X44,Queued for review (structural_section),system,2026-09-07T12:09:58.485131+00:00
cca38217-28cb-4bcf-b373-b71adcfceb57,unknown_queued,W12X40,Queued for review (structural_section),system,2026-09-07T12:09:58.870653+00:00
9e9acb6f-a44e-4ce7-8922-ccee4eb849fa,unknown_queued,W10X33,Queued for review (structural_section),system,2026-09-07T12:10:01.591398+00:00
62874f2a-fdd0-497e-bd69-e4dba22ed4ff,unknown_queued,W10X45,Queued for review (structural_section),system,2026-09-07T12:10:02.369777+00:00
fb7d630b-e342-4375-9cb8-afb3cb12535d,unknown_queued,W10X49,Queued for review (structural_section),system,2026-09-07T12:10:04.167010+00:00
54ae3611-a9fb-405a-b006-8f2123a23f7f,unknown_queued,W10X39,Queued for review (structural_section),system,2026-09-07T12:10:05.199102+00:00
1bb545ed-e634-4636-a242-4dd2ed6740d4,unknown_queued,W16X36,Queued for review (structural_section),system,2026-09-08T11:13:01.481185+00:00
c703ff43-3439-4532-ab28-cf3b86db05c2,unknown_queued,W30X90,Queued for review (structural_section),system,2026-09-08T11:13:03.478230+00:00
a767a6ac-0098-4631-926f-b25d210de98e,token_approved,W30X90,class=W30X90,user,2026-09-08T11:17:15.986651+00:00
13754757-5f36-4c2d-ba72-4e313f35a2cd,token_approved,W16X36,class=W16X36,user,2026-09-08T11:17:15.987409+00:00
ab81a2fd-a7e4-468e-915b-1cfcf1b6b90e,token_approved,W10X39,class=W10X39,user,2026-09-08T11:17:15.987518+00:00
0235874d-efc0-4fd6-aad5-6a408f4031ae,token_approved,W10X49,class=W10X49,user,2026-09-08T11:17:15.987590+00:00
1754a8e9-5c09-4a5f-8a72-b8f7cc819b08,token_approved,W10X45,class=W10X45,user,2026-09-08T11:17:15.987654+00:00
c3ab73c6-2458-4935-8601-59d5a530b266,token_approved,W10X33,class=W10X33,user,2026-09-08T11:17:15.987711+00:00
92d68466-9693-41a6-a7eb-cdd729bb6b2a,token_approved,W12X40,class=W12X40,user,2026-09-08T11:17:15.987769+00:00
92fa9cc5-675b-4b60-b884-d4aeb3f1e4ff,token_approved,W21X44,class=W21X44,user,2026-09-08T11:17:15.987855+00:00
3d955682-67b6-448e-af2c-14258807d235,token_approved,W10X15,class=W10X15,user,2026-09-08T11:17:15.987947+00:00
82cb4f49-1dd8-44c8-8a4b-41be1137e708,token_approved,W10X30,class=W10X30,user,2026-09-08T11:17:15.988004+00:00
a44893e8-2a03-478c-b6dd-645fdaaaca99,token_approved,W12X22,class=W12X22,user,2026-09-08T11:17:15.988091+00:00
d19d74f7-eda2-4aee-bf45-56c6a62d4135,token_approved,W14X22,class=W14X22,user,2026-09-08T11:17:15.988329+00:00
9916701e-a8ab-4cff-b2ac-4684b0ec070c,token_approved,W16X31,class=W16X31,user,2026-09-08T11:17:15.988440+00:00
7eb4dfd8-784f-40dc-9514-cfc66fa9dcbe,token_approved,HSS10X8X3/8,class=HSS10X8X3/8,user,2026-09-08T11:17:15.988526+00:00
f1bffa2f-c247-43a6-b212-cb448c63fb27,token_approved,W16X26,class=W16X26,user,2026-09-08T11:17:15.988620+00:00
a2f622fa-c1b0-417b-8728-46f4a334d8c6,token_approved,W12X16,class=W12X16,user,2026-09-08T11:17:15.988716+00:00
c9d27ab1-c315-486a-a8ef-4a68d56564d1,token_approved,W18X35,class=W18X35,user,2026-09-08T11:17:15.988774+00:00
c0936b36-2c89-4e11-81dc-f6c175122e89,token_approved,W8X40,class=W8X40,user,2026-09-08T11:17:15.988854+00:00
e722673d-b501-4bcd-a620-ce6003c9805a,token_approved,W10X60,class=W10X60,user,2026-09-08T11:17:15.988935+00:00
14f9790a-b943-4ba1-9ecb-98d9df5ce766,token_approved,W10X54,class=W10X54,user,2026-09-08T11:17:15.988989+00:00
23581729-75c4-4ea5-a4ca-3ad0ddad3b30,token_approved,HSS6X6X1/2,class=HSS6X6X1/2,user,2026-09-08T11:17:15.989044+00:00
d19f352a-e8ff-46ce-98a1-c88a79365657,token_approved,HSS8X6X3/8,class=HSS8X6X3/8,user,2026-09-08T11:17:15.989101+00:00
47848b44-6ba9-4e25-9b9a-efc777a0d9c2,token_approved,HSS6X6X3/8,class=HSS6X6X3/8,user,2026-09-08T11:17:15.989157+00:00
ce1042bb-3dea-4185-9b02-0c9751e79683,token_approved,L4X4X3/8,class=L4X4X3/8,user,2026-09-08T11:17:15.989211+00:00
37836fd8-f67a-4295-ad81-d8ba5b5db24e,token_approved,W24X55,class=W24X55,user,2026-09-08T11:17:15.989342+00:00
41326ecd-b623-47c2-a67c-6ce47a5ae739,token_approved,HSS14X6X5/8,class=HSS14X6X5/8,user,2026-09-08T11:17:26.687364+00:00
e4079f55-9c1c-4c93-a6e5-410726327eb3,token_approved,W21X48,class=W21X48,user,2026-09-08T11:17:26.689742+00:00
ca986b40-7f74-428c-89c9-af096f950a46,token_approved,W14X26,class=W14X26,user,2026-09-08T11:17:26.689824+00:00
b95e79fe-745f-46c4-a6cd-46bfac65ba0b,token_approved,W24X84,class=W24X84,user,2026-09-08T11:17:26.689937+00:00
c92ce1d7-fced-48ff-a117-9a90d3140c9d,token_approved,W8x31,class=W8X31,user,2026-09-08T11:17:26.690065+00:00
7dbf0d09-56d2-4020-9467-86e671956ed4,token_approved,HSS20X8X5/8,class=HSS20X8X5/8,user,2026-09-08T11:17:26.690140+00:00
d9b3e2a6-5d03-4ac3-92f7-0630f906cb61,token_approved,HSS14X6X1/2,class=HSS14X6X1/2,user,2026-09-08T11:17:26.690198+00:00
b47f5987-003a-4789-a173-c746f9869393,token_approved,HSS10X6X3/8,class=HSS10X6X3/8,user,2026-09-08T11:17:26.690251+00:00
f7558498-7fb3-4a02-974a-4e17582fd92a,token_approved,W12X26,class=W12X26,user,2026-09-08T11:17:26.690304+00:00
a27d33df-a454-4781-a578-7f4d20db0ebf,token_approved,W10X19,class=W10X19,user,2026-09-08T11:17:26.690356+00:00
a2917a89-dc19-4a61-ad43-73f57add3b10,token_approved,W21X50,class=W21X50,user,2026-09-08T11:17:26.690454+00:00
fa5056b0-1b1b-4367-b2c2-eaca40bbcdbc,token_approved,W18X50,class=W18X50,user,2026-09-08T11:17:26.692036+00:00
e152a0de-4ece-43ea-a2b7-cf831c1d3f25,token_approved,W21X55,class=W21X55,user,2026-09-08T11:17:26.692103+00:00
24d4ec5f-53cb-4f2a-90f1-b21fb1e2d488,token_approved,W18X40,class=W18X40,user,2026-09-08T11:17:26.692162+00:00
f9c11f9c-177e-4e25-9c3e-cea795eb1ff3,unknown_queued,W18X50,Queued for review (structural_section),system,2026-09-08T11:29:34.297107+00:00
fb125293-e967-4e5c-bd9a-3e4397812ab8,unknown_queued,W21X50,Queued for review (structural_section),system,2026-09-08T11:29:35.120170+00:00
c003bd85-c69c-423a-bf1a-7aaee26cf81f,unknown_queued,W18X35,Queued for review (structural_section),system,2026-09-08T11:29:35.637841+00:00
166a49fe-3ea4-42b3-be74-b3b5e00097e4,unknown_queued,W10X19,Queued for review (structural_section),system,2026-09-08T11:29:36.364864+00:00
77503045-427a-4362-affc-a14915622da8,unknown_queued,W12X16,Queued for review (structural_section),system,2026-09-08T11:29:37.567180+00:00
5cc79cea-6691-4bde-904f-02a8118ae1b5,unknown_queued,W10X15,Queued for review (structural_section),system,2026-09-08T11:29:38.375128+00:00
2ca5c333-badc-46c2-934c-bebe785b8669,unknown_queued,W21X44,Queued for review (structural_section),system,2026-09-08T11:29:38.930478+00:00
f8b7d290-b4e2-4edf-af35-e8350c4b74b0,unknown_queued,W16X36,Queued for review (structural_section),system,2026-09-08T11:29:39.761018+00:00
4f580185-511d-46b6-b941-bc7dfcf299ad,unknown_queued,W12X26,Queued for review (structural_section),system,2026-09-08T11:29:40.567915+00:00
f5c5795b-0ea3-4a60-806a-1130e48824bb,unknown_queued,W21X55,Queued for review (structural_section),system,2026-09-08T11:29:41.349581+00:00
78b1a67f-0bb3-4c44-88dd-fb4dfb247f1f,unknown_queued,HSS10X6X3/8,Queued for review (structural_section),system,2026-09-08T11:29:42.093165+00:00
609d1cdb-bcaf-474b-bad8-5909e5b5644a,unknown_queued,W30X90,Queued for review (structural_section),system,2026-09-08T11:29:43.166781+00:00
fe0d8ade-1e79-4e8b-acb7-4038564fa4cf,unknown_queued,W16X26,Queued for review (structural_section),system,2026-09-08T11:29:43.759066+00:00
8259f578-aee7-44ba-821d-ad8eed69d269,unknown_queued,W14X22,Queued for review (structural_section),system,2026-09-08T11:29:44.265556+00:00
3f27d71e-2ade-40b8-853e-5e8a404c213b,unknown_queued,W18X40,Queued for review (structural_section),system,2026-09-08T11:29:44.875670+00:00
c059498d-fac9-4f66-b3fb-ec1aaceb0ae5,unknown_queued,W21X48,Queued for review (structural_section),system,2026-09-08T11:29:48.748387+00:00
91c7b40f-e761-40a2-a4b5-47efbf1077d6,unknown_queued,HSS20X8X5/8,Queued for review (structural_section),system,2026-09-08T11:29:53.208540+00:00
88e1a6c5-2aeb-43c2-af1d-a2161b83e42c,unknown_queued,W8x31,Queued for review (structural_section),system,2026-09-08T11:29:54.310751+00:00
9d181384-27bb-4529-858d-c1851f8fd7e9,unknown_queued,W24X55,Queued for review (structural_section),system,2026-09-08T11:29:55.019350+00:00
7fd8d80b-5102-485a-af37-b77d2d930bd4,unknown_queued,HSS6X6X3/8,Queued for review (structural_section),system,2026-09-08T11:30:04.419776+00:00
aa5796ad-3f47-4417-bc8a-8281df0d4412,unknown_queued,HSS8X6X3/8,Queued for review (structural_section),system,2026-09-08T11:30:05.810255+00:00
5edfee6e-7f4f-4620-a978-43a4201bb25c,unknown_queued,HSS6X6X1/2,Queued for review (structural_section),system,2026-09-08T11:30:07.169380+00:00
d26bf5ad-2ab2-4fbe-9314-bb3e2d281f6a,unknown_queued,W8X40,Queued for review (structural_section),system,2026-09-08T11:30:11.039907+00:00
e0dde26c-6cd4-4253-8c06-dd1b5c0a5f2d,unknown_queued,WT16.5x59,Queued for review (structural_section),system,2026-09-08T11:35:56.459693+00:00
b72b78c5-c4db-43d4-9129-94cc75b2c322,unknown_queued,W16x31,Queued for review (structural_section),system,2026-09-08T11:35:57.055492+00:00
e705bcff-6a23-4fed-bc23-9f86f7df4bcb,unknown_queued,W8x10,Queued for review (structural_section),system,2026-09-08T11:35:58.099868+00:00
2c494a88-f894-4a39-8518-d46f6e3cca24,unknown_queued,W12x45,Queued for review (structural_section),system,2026-09-08T11:35:59.775739+00:00
29f33fcd-5209-418f-8a80-e9359fee4af6,unknown_queued,HSS12x12x1/2,Queued for review (structural_section),system,2026-09-08T11:36:01.231969+00:00
ed3bef07-d24f-477c-a76f-8fde9eb96751,unknown_queued,W24x68,Queued for review (structural_section),system,2026-09-08T11:36:04.099463+00:00
cecf99c6-5039-4c3c-a81b-9cebb1861a55,unknown_queued,W16x45,Queued for review (structural_section),system,2026-09-08T11:36:04.873990+00:00
0d303159-c605-44f3-aa07-dd019518baef,unknown_queued,HSS8x8x1/2,Queued for review (structural_section),system,2026-09-08T11:36:05.589412+00:00
0fd2c237-8e98-41d7-8850-be6f0405db16,unknown_queued,W8x35,Queued for review (structural_section),system,2026-09-08T11:36:06.789707+00:00
0e699226-c753-4da4-8b5e-3b3dd7a40d0d,token_approved,W8x35,class=W8X35,user,2026-09-08T11:39:32.295803+00:00
7b4af25f-e3c6-4bfe-abf3-9218f2ecc61a,token_approved,HSS8x8x1/2,class=HSS8X8X1/2,user,2026-09-08T11:39:32.297683+00:00
52de8468-c1db-45a9-89a5-e49ce9749666,token_approved,W16x45,class=W16X45,user,2026-09-08T11:39:32.298179+00:00
a006bf6a-01d3-4f12-9174-aeb6aec1f584,token_approved,W24x68,class=W24X68,user,2026-09-08T11:39:32.298288+00:00
3f386b49-691b-4eed-8268-5a62f996a707,token_approved,HSS12x12x1/2,class=HSS12X12X1/2,user,2026-09-08T11:39:32.298354+00:00
73285ebd-267f-4d29-8ffd-8ea1101eb486,token_approved,W12x45,class=W12X45,user,2026-09-08T11:39:32.298412+00:00
405f8761-1222-478d-96a7-44e984d4c024,token_approved,W8x10,class=W8X10,user,2026-09-08T11:39:32.298462+00:00
6974763b-c18f-443f-a79f-4125b18777ac,token_approved,W16x31,class=W16X31,user,2026-09-08T11:39:32.298514+00:00
43ca0e19-5785-49a5-8c2a-3979912bf6a7,token_approved,WT16.5x59,class=WT16.5X59,user,2026-09-08T11:39:32.298569+00:00
5b3f0c5a-004e-48f6-9d44-17d5f9ed73b0,token_approved,W8X40,class=W8X40,user,2026-09-08T11:39:32.298622+00:00
3a7e26b3-a652-4f9d-90bc-423f67d7aaae,token_approved,HSS6X6X1/2,class=HSS6X6X1/2,user,2026-09-08T11:39:32.298676+00:00
1c04592e-7677-46bb-bb67-0513be9c1c6f,token_approved,HSS8X6X3/8,class=HSS8X6X3/8,user,2026-09-08T11:39:32.298724+00:00
609edbf8-8238-412b-9ccb-9533da1d220a,token_approved,HSS6X6X3/8,class=HSS6X6X3/8,user,2026-09-08T11:39:32.298770+00:00
6a1210a6-f7e4-4fa8-a635-459e0ae05664,token_approved,W24X55,class=W24X55,user,2026-09-08T11:39:32.298816+00:00
5305226a-6282-4d4c-a930-65c8d62df563,token_approved,W8x31,class=W8X31,user,2026-09-08T11:39:32.298865+00:00
813cce22-1804-4ce3-9fa4-297081321816,token_approved,HSS20X8X5/8,class=HSS20X8X5/8,user,2026-09-08T11:39:32.298917+00:00
2b58eb28-2240-41b7-bec7-771d3dbc2749,token_approved,W21X48,class=W21X48,user,2026-09-08T11:39:32.298969+00:00
fdfe3737-ac62-4fd2-91cf-3b29e8f53108,token_approved,W18X40,class=W18X40,user,2026-09-08T11:39:32.299021+00:00
e7d8ec6f-40cc-47ae-96de-24f2a4741b6d,token_approved,W14X22,class=W14X22,user,2026-09-08T11:39:32.299069+00:00
0909b0ce-83f1-45bb-ad75-3d6712063034,token_approved,W16X26,class=W16X26,user,2026-09-08T11:39:32.299119+00:00
d5ed5c82-b96b-49dc-9601-622e2684405c,token_approved,W30X90,class=W30X90,user,2026-09-08T11:39:32.299163+00:00
33f01f76-d866-45ab-bde6-126c38b36e50,token_approved,HSS10X6X3/8,class=HSS10X6X3/8,user,2026-09-08T11:39:32.299199+00:00
788a71fa-ad74-49c9-b129-caf385f0747d,token_approved,W21X55,class=W21X55,user,2026-09-08T11:39:32.299228+00:00
d5d85c7d-d3fe-4c11-bf38-7df9ec4f921c,token_approved,W12X26,class=W12X26,user,2026-09-08T11:39:32.299375+00:00
96e83a6d-4888-43df-81b6-ff861c84723a,token_approved,W16X36,class=W16X36,user,2026-09-08T11:39:32.299463+00:00
aeb8e051-e96a-485d-a624-28bcf8c32d35,token_approved,W21X44,class=W21X44,user,2026-09-08T11:39:41.502942+00:00
16501227-ca29-43d7-8521-5bb34b746b83,token_approved,W10X15,class=W10X15,user,2026-09-08T11:39:41.503077+00:00
a13fdb39-f8fc-4142-8538-e8bc021127d0,token_approved,W12X16,class=W12X16,user,2026-09-08T11:39:41.503124+00:00
51469f81-8caf-45fb-a591-1c696e73f751,token_approved,W10X19,class=W10X19,user,2026-09-08T11:39:41.503188+00:00
bdba6d00-e978-411d-9fbd-7cc48f52d1d8,token_approved,W18X35,class=W18X35,user,2026-09-08T11:39:41.503225+00:00
970e6400-f569-4361-bb1d-1b3feffff429,token_approved,W21X50,class=W21X50,user,2026-09-08T11:39:41.503258+00:00
ed4b7d2e-ce4f-4ad3-8fc8-55630b950948,token_approved,W18X50,class=W18X50,user,2026-09-08T11:39:41.503289+00:00
3569fcb6-7820-4a13-bda2-b750dec13758,unknown_queued,HSS8X6X3/8,Queued for review (structural_section),system,2026-09-08T11:45:18.116778+00:00
f7b15621-e44a-45f6-8923-927166948926,unknown_queued,W18X50,Queued for review (structural_section),system,2026-09-08T11:45:18.697937+00:00
0c313afd-f36f-465d-8652-006d8ff096ce,unknown_queued,W21X50,Queued for review (structural_section),system,2026-09-08T11:45:19.481222+00:00
115f35c6-1222-4009-9e38-4eec6313a82b,unknown_queued,W18X60,Queued for review (structural_section),system,2026-09-08T11:45:20.907983+00:00
47588626-7cb0-4c37-90e7-41c59e71ff5f,unknown_queued,W16X31,Queued for review (structural_section),system,2026-09-08T11:45:21.598437+00:00
2ca18a02-5f81-491b-b535-5def48028234,unknown_queued,W18X35,Queued for review (structural_section),system,2026-09-08T11:45:22.211008+00:00
47da7dd1-b53c-4d76-ae54-d73ece5638fa,unknown_queued,W18X40,Queued for review (structural_section),system,2026-09-08T11:45:22.867983+00:00
e8f1ebc1-1701-4477-a190-51a2b752c02e,unknown_queued,W18X71,Queued for review (structural_section),system,2026-09-08T11:45:23.489873+00:00
7bb28635-7a45-4d08-b810-1c34c4daef50,unknown_queued,W18X86,Queued for review (structural_section),system,2026-09-08T11:45:24.423712+00:00
7b0e1490-7ec0-4d86-b67b-b7e09001d2ad,unknown_queued,W21X44,Queued for review (structural_section),system,2026-09-08T11:45:26.223675+00:00
8b551c2b-2585-4ec7-8615-0ff56b040e7e,unknown_queued,W12X26,Queued for review (structural_section),system,2026-09-08T11:45:26.991230+00:00
b9b838e3-10c0-4859-bf51-80fe92ef39f2,unknown_queued,W21X68,Queued for review (structural_section),system,2026-09-08T11:45:27.692316+00:00
f72ee0ef-8ab9-4ceb-bb0a-f2c9fd3039a8,unknown_queued,W18X46,Queued for review (structural_section),system,2026-09-08T11:45:28.959162+00:00
96f3fbf7-c6a2-4259-b0aa-ebfefb69581b,unknown_queued,W12X16.,Queued for review (structural_section),system,2026-09-08T11:45:30.713439+00:00
fa69cf13-c64d-4cf6-a219-878a49ad8448,unknown_queued,W14X22,Queued for review (structural_section),system,2026-09-08T11:45:32.772835+00:00
b5348d8a-e815-4c39-8115-d6298cd7641b,unknown_queued,W16X26,Queued for review (structural_section),system,2026-09-08T11:45:33.392200+00:00
4db9b679-e0ac-45dc-aabe-42eb629eb8d0,unknown_queued,W24X68,Queued for review (structural_section),system,2026-09-08T11:45:36.213801+00:00
04fc203f-06d1-41eb-8e1e-f9b30fa91f81,unknown_queued,W24X84,Queued for review (structural_section),system,2026-09-08T11:45:37.608758+00:00
92dff784-20de-4d0c-a57c-5aa1f46492ce,unknown_queued,HSS6X6X3/8,Queued for review (structural_section),system,2026-09-08T11:45:39.375729+00:00
f2b0b608-d6ea-4b38-9518-c8bf8b7b45f2,unknown_queued,HSS6X6X1/2,Queued for review (structural_section),system,2026-09-08T11:45:40.242535+00:00
7a6792f3-96f0-4db2-8486-4af4750c5026,unknown_queued,HSS8X8X3/8,Queued for review (structural_section),system,2026-09-08T11:45:41.516666+00:00
931cd569-fd22-4074-b5ac-c2812812f5b3,unknown_queued,HSS6X6X5/8,Queued for review (structural_section),system,2026-09-08T11:45:42.103487+00:00
214dd8d4-acba-4cd3-97dc-20fd9291258b,token_approved,HSS6X6X5/8,class=HSS6X6X5/8,user,2026-09-08T11:50:36.141857+00:00
4638cab6-d4a8-4d6f-afce-ef463d3b92bc,token_approved,HSS8X8X3/8,class=HSS8X8X3/8,user,2026-09-08T11:50:36.142025+00:00
df8d0749-b6d3-475a-a6ec-fb65051129e6,token_approved,HSS6X6X1/2,class=HSS6X6X1/2,user,2026-09-08T11:50:36.142099+00:00
af4d35fb-c33d-4b1a-9ba6-2959985cc052,token_approved,HSS6X6X3/8,class=HSS6X6X3/8,user,2026-09-08T11:50:36.142160+00:00
08846e97-27c3-4cc4-8bed-85781d77c53e,token_approved,W24X84,class=W24X84,user,2026-09-08T11:50:36.142216+00:00
127cb813-c490-492a-b58d-99254f14af6a,token_approved,W24X68,class=W24X68,user,2026-09-08T11:50:36.142273+00:00
28cc1106-3ad4-464e-b3cc-7504ad0c95c2,token_approved,W16X26,class=W16X26,user,2026-09-08T11:50:36.142326+00:00
15fe3c5b-f8c9-4159-b3ee-86f18a440607,token_approved,W14X22,class=W14X22,user,2026-09-08T11:50:36.142382+00:00
fb862dd2-055d-4c15-84e6-d4978d36026d,token_approved,W12X16.,class=W12X16,user,2026-09-08T11:50:36.142432+00:00
a63c3760-a171-410d-8bf7-eb1f9765c38f,token_approved,W18X46,class=W18X46,user,2026-09-08T11:50:36.142485+00:00
f54d1c85-e936-410b-bf8f-9c3d4517d43a,token_approved,W21X68,class=W21X68,user,2026-09-08T11:50:36.142538+00:00
d35c2ef5-d8be-4cee-b203-62b30f41d7b1,token_approved,W12X26,class=W12X26,user,2026-09-08T11:50:36.142589+00:00
b6b1ba12-ab41-4270-8e28-419aa7d0f606,token_approved,W21X44,class=W21X44,user,2026-09-08T11:50:36.142639+00:00
9dc8d408-64a3-4807-9da4-435770532d0e,token_approved,W18X86,class=W18X86,user,2026-09-08T11:50:36.142691+00:00
62776549-4b65-4100-8d2e-30cd8556b827,token_approved,W18X71,class=W18X71,user,2026-09-08T11:50:36.142741+00:00
d8793d57-6f60-4700-89b2-7bbcf1f49143,token_approved,W18X40,class=W18X40,user,2026-09-08T11:50:36.142794+00:00
82f840c5-54bf-447b-9487-0e83c3170f44,token_approved,W18X35,class=W18X35,user,2026-09-08T11:50:36.142842+00:00
a12e69fd-4ea1-47ac-a3df-edb1f3066a6e,token_approved,W16X31,class=W16X31,user,2026-09-08T11:50:36.142890+00:00
697da086-407b-46fc-9d91-cc08169a9a18,token_approved,W18X60,class=W18X60,user,2026-09-08T11:50:36.142940+00:00
30f014e3-dd25-44a4-9477-8f5d3959b3ac,token_approved,W21X50,class=W21X50,user,2026-09-08T11:50:36.142990+00:00
3db6c22b-935f-45fa-b184-58ac88fb0980,token_approved,W18X50,class=W18X50,user,2026-09-08T11:50:36.143037+00:00
fb4e989f-d762-4efd-8927-17ba26ba54c7,token_approved,HSS8X6X3/8,class=HSS8X6X3/8,user,2026-09-08T11:50:36.143089+00:00
0adbfa88-d004-4ec5-b7ed-95596ebf3f4b,unknown_queued,W18X50,Queued for review (structural_section),system,2026-09-09T08:22:50.346640+00:00
2709d74c-5da8-446b-9f40-dec8d0b26d29,unknown_queued,W21X50,Queued for review (structural_section),system,2026-09-09T08:22:50.972440+00:00
f93132a5-b5a6-4290-82ea-39155810869b,unknown_queued,W18X35,Queued for review (structural_section),system,2026-09-09T08:22:51.404238+00:00
f9f6a3e4-2190-4bf2-a8d7-3b66aa4bca92,unknown_queued,W10X19,Queued for review (structural_section),system,2026-09-09T08:22:52.034916+00:00
691fcda7-072b-4a72-a1f9-9934e6876884,unknown_queued,W12X16,Queued for review (structural_section),system,2026-09-09T08:22:53.071670+00:00
e9d236dd-e9a5-4712-b867-53509d0d0f55,unknown_queued,W10X15,Queued for review (structural_section),system,2026-09-09T08:22:53.522935+00:00
a34c142f-aabf-4687-8fa8-3bbe490cb0d3,unknown_queued,W21X44,Queued for review (structural_section),system,2026-09-09T08:22:53.907228+00:00
058a0495-8527-4a6f-9262-2eb5268ccbb2,unknown_queued,W16X36,Queued for review (structural_section),system,2026-09-09T08:22:54.328744+00:00
19800897-de48-49a3-a82e-af586a4625da,unknown_queued,W12X26,Queued for review (structural_section),system,2026-09-09T08:22:54.918080+00:00
df8d960d-efa2-419d-9468-42cc63dc304a,unknown_queued,W21X55,Queued for review (structural_section),system,2026-09-09T08:22:55.510309+00:00
4566f3f8-994d-48e4-b708-58e5df921fd7,unknown_queued,HSS10X6X3/8,Queued for review (structural_section),system,2026-09-09T08:22:55.891523+00:00
e8b43fa3-fca8-443a-8ec3-d5b2a21f0529,unknown_queued,W30X90,Queued for review (structural_section),system,2026-09-09T08:22:56.471182+00:00
716602f5-4f6b-4301-946e-3935cdc15943,unknown_queued,W16X26,Queued for review (structural_section),system,2026-09-09T08:22:56.851174+00:00
51924dcd-0c82-4124-b6b9-a71a01c84720,unknown_queued,W14X22,Queued for review (structural_section),system,2026-09-09T08:22:57.224795+00:00
b0745f55-74f9-4a6f-97fd-ce0b3210070a,unknown_queued,W18X40,Queued for review (structural_section),system,2026-09-09T08:22:57.678767+00:00
83651bb7-5807-4629-a6b9-36d1faf37dc1,unknown_queued,W21X48,Queued for review (structural_section),system,2026-09-09T08:23:00.517666+00:00
d908734c-5658-482c-a092-cc40d90b6183,unknown_queued,HSS20X8X5/8,Queued for review (structural_section),system,2026-09-09T08:23:03.039584+00:00
128b577f-b734-48ad-afad-c99fe14bf7a7,unknown_queued,W8x31,Queued for review (structural_section),system,2026-09-09T08:23:03.738072+00:00
4fa62388-7a37-488b-aacf-5ad7a4105e63,unknown_queued,W24X55,Queued for review (structural_section),system,2026-09-09T08:23:04.100948+00:00
16efa529-9e5b-4c75-a058-3c3c2540e237,unknown_queued,HSS6X6X3/8,Queued for review (structural_section),system,2026-09-09T08:23:09.843729+00:00
b1a90695-b186-4b76-b867-3b4e466bb88a,unknown_queued,HSS8X6X3/8,Queued for review (structural_section),system,2026-09-09T08:23:10.702524+00:00
2b53f0e7-26f7-486f-bbcd-accac5b16505,unknown_queued,HSS6X6X1/2,Queued for review (structural_section),system,2026-09-09T08:23:11.726629+00:00
025d4259-0744-4b4b-b457-3b7aa8e4f038,unknown_queued,W8X40,Queued for review (structural_section),system,2026-09-09T08:23:14.543562+00:00
149059c2-1083-48cf-9852-2f28879ee4f3,unknown_queued,W18X60,Queued for review (structural_section),system,2026-09-09T08:30:39.127298+00:00
a87cd81f-0434-430c-b0f8-45068f8c18f5,unknown_queued,W16X31,Queued for review (structural_section),system,2026-09-09T08:30:39.656093+00:00
240d2a60-34fe-4465-ad5b-8965ab40b578,unknown_queued,W18X71,Queued for review (structural_section),system,2026-09-09T08:30:40.212545+00:00
3fb7db13-125e-4735-9144-25e26146f22e,unknown_queued,W18X86,Queued for review (structural_section),system,2026-09-09T08:30:40.789061+00:00
d79f7d68-acd5-4ace-9e17-b1b7750e61a4,unknown_queued,W21X68,Queued for review (structural_section),system,2026-09-09T08:30:42.420456+00:00
41b80938-5fb6-4325-8bf4-d176d3c87646,unknown_queued,W18X46,Queued for review (structural_section),system,2026-09-09T08:30:43.446670+00:00
df002999-6272-47a9-b7cb-1b0f8b766b75,unknown_queued,W12X16.,Queued for review (structural_section),system,2026-09-09T08:30:44.804381+00:00
6fe8f67c-325a-4630-9568-dff12550550d,unknown_queued,W24X68,Queued for review (structural_section),system,2026-09-09T08:30:47.815638+00:00
a77f76ea-8b04-41d3-b5de-09dfb6f63e77,unknown_queued,W24X84,Queued for review (structural_section),system,2026-09-09T08:30:48.833476+00:00
95016f5f-6374-4acd-b981-ae5c105849c3,unknown_queued,HSS8X8X3/8,Queued for review (structural_section),system,2026-09-09T08:30:51.112349+00:00
cebf8628-246b-4b9b-afb3-6bfcad0c0f40,unknown_queued,HSS6X6X5/8,Queued for review (structural_section),system,2026-09-09T08:30:51.561620+00:00
920c31fd-2206-4c2c-ad1f-da9eb16f6ae6,unknown_queued,WT16.5x59,Queued for review (structural_section),system,2026-09-09T08:38:10.385445+00:00
48fc32b4-8b89-4146-9bc6-6aa5b12524fd,unknown_queued,W8x10,Queued for review (structural_section),system,2026-09-09T08:38:10.954446+00:00
0d863807-f0e1-40c9-9ce2-c528752f30dc,unknown_queued,W12x45,Queued for review (structural_section),system,2026-09-09T08:38:11.996869+00:00
bd52b3c5-9b8a-4aa1-af81-243d6d0d72b7,unknown_queued,HSS12x12x1/2,Queued for review (structural_section),system,2026-09-09T08:38:12.860995+00:00
7e70bc65-f998-4c4f-b108-9629df30f587,unknown_queued,W16x45,Queued for review (structural_section),system,2026-09-09T08:38:14.692146+00:00
155ac70e-eb1a-4012-ad10-376361a2d668,unknown_queued,HSS8x8x1/2,Queued for review (structural_section),system,2026-09-09T08:38:15.110899+00:00
0abce34a-08e6-4384-be0f-15eb91c7e2cb,unknown_queued,W8x35,Queued for review (structural_section),system,2026-09-09T08:38:15.755199+00:00
a945345a-6efd-4452-91be-d88d53c6e62e,unknown_queued,1/2X 2 1/2X1/4 1/2X1,Queued for review (plate),system,2026-09-09T08:42:47.223538+00:00
824e730f-ef6f-47cd-9b3c-d69371be2a15,unknown_queued,L6x4x3/8,Queued for review (structural_section),system,2026-09-09T08:42:47.573559+00:00
0b25bb36-c802-4ad8-a658-36f61bf19256,unknown_queued,L8X6X1/2,Queued for review (structural_section),system,2026-09-09T08:42:47.915693+00:00
a0b0ea69-8225-4eda-916b-ad968ff44287,unknown_queued,L6X6X3/8,Queued for review (structural_section),system,2026-09-09T08:42:48.239265+00:00
e9d48600-0ad2-4065-8d30-8fe322730fb9,unknown_queued,W10X22,Queued for review (structural_section),system,2026-09-09T08:42:48.585257+00:00
14ca83a7-a436-4951-bbb6-3c46d8b06890,unknown_queued,L5X3X5/16,Queued for review (structural_section),system,2026-09-09T08:42:48.943672+00:00
2fcc53c9-946e-48e6-ba48-90177b55b0be,token_approved,L5X3X5/16,class=L5X3X5/16,user,2026-09-09T09:22:17.552848+00:00
3683709d-96ae-463c-90a9-3f356a75dc39,token_approved,W10X22,class=W10X22,user,2026-09-09T09:22:17.553082+00:00
e71de22f-fa5f-4ad1-85de-5f64c20641f2,token_approved,L6X6X3/8,class=L6X6X3/8,user,2026-09-09T09:22:17.553139+00:00
0ce47326-8a53-4c26-86bc-59b8c0f4fa02,token_approved,L8X6X1/2,class=L8X6X1/2,user,2026-09-09T09:22:17.553177+00:00
c2856ba0-19c0-4df8-afaa-49395f1e4b42,token_approved,L6x4x3/8,class=L6X4X3/8,user,2026-09-09T09:22:17.553210+00:00
4946099d-5333-4978-969a-933442500848,token_approved,W8x35,class=W8X35,user,2026-09-09T09:22:17.553249+00:00
169bdf5c-7138-451a-a766-8f1eeed35985,token_approved,HSS8x8x1/2,class=HSS8X8X1/2,user,2026-09-09T09:22:17.553285+00:00
a6587ea6-75eb-42f7-afd5-df74e171718b,token_approved,W16x45,class=W16X45,user,2026-09-09T09:22:17.553313+00:00
8ce10ce1-b5fe-4f15-a807-168525675018,token_approved,HSS12x12x1/2,class=HSS12X12X1/2,user,2026-09-09T09:22:17.553342+00:00
824b767d-bec2-4f16-a74a-a3704217b8f0,token_approved,W12x45,class=W12X45,user,2026-09-09T09:22:17.553369+00:00
61158625-0d69-4a91-b721-a406525db93f,token_approved,W8x10,class=W8X10,user,2026-09-09T09:22:17.553396+00:00
27af4611-2fe4-4536-85b7-9034be931c6c,token_approved,WT16.5x59,class=WT16.5X59,user,2026-09-09T09:22:17.553423+00:00
b45af9c4-ef86-4615-bd08-76864288ee1c,token_approved,HSS6X6X5/8,class=HSS6X6X5/8,user,2026-09-09T09:22:17.553450+00:00
df5b63e9-e6f2-42fd-97c7-e187567186b4,token_approved,HSS8X8X3/8,class=HSS8X8X3/8,user,2026-09-09T09:22:17.553475+00:00
ce0bba2d-2d8d-402c-a50b-b442f9de344f,token_approved,W24X84,class=W24X84,user,2026-09-09T09:22:17.553501+00:00
4d6e40d2-0bcd-4805-8949-70618092df22,token_approved,W24X68,class=W24X68,user,2026-09-09T09:22:17.553526+00:00
8d00e326-94dd-4579-b55f-ae3e5aea8faf,token_approved,W12X16.,class=W12X16,user,2026-09-09T09:22:17.553551+00:00
a762fdf7-1fd1-45af-a275-6e9c702eb421,token_approved,W18X46,class=W18X46,user,2026-09-09T09:22:17.553576+00:00
98fef778-df09-4dcd-ade9-a4131eb6450e,token_approved,W21X68,class=W21X68,user,2026-09-09T09:22:17.553601+00:00
70e5d19c-3e81-44bb-b894-973952792426,token_approved,W18X86,class=W18X86,user,2026-09-09T09:22:17.553626+00:00
684501e4-54d0-41ed-95d2-97016ea664d8,token_approved,W18X71,class=W18X71,user,2026-09-09T09:22:17.553651+00:00
7838e359-6c44-4ab9-a96f-b264b97d5c83,token_approved,W16X31,class=W16X31,user,2026-09-09T09:22:17.553676+00:00
e2fdcc1f-83fb-4b9b-9124-693684ef60fd,token_approved,W18X60,class=W18X60,user,2026-09-09T09:22:17.553701+00:00
a44f4c67-c099-4dbc-a862-0324a104bda1,token_approved,W8X40,class=W8X40,user,2026-09-09T09:22:17.553728+00:00
eed5bb5a-a445-4bb7-91fb-912ce27a7a81,token_approved,W18X50,class=W18X50,user,2026-09-09T09:22:28.891963+00:00
75ccf4a6-654a-44cb-80a7-b41f80982945,token_approved,W21X50,class=W21X50,user,2026-09-09T09:22:28.892117+00:00
215bc1b4-4160-47f3-853a-40aa4f153ef7,token_approved,W18X35,class=W18X35,user,2026-09-09T09:22:28.892188+00:00
56bc820a-00f3-4e0c-9a94-5e92de29990c,token_approved,W10X19,class=W10X19,user,2026-09-09T09:22:28.892253+00:00
413a524c-3e12-473d-8f43-b0d7f64239f9,token_approved,W12X16,class=W12X16,user,2026-09-09T09:22:28.892516+00:00
95f69e64-8b05-44e4-b445-4dc0a4ee260b,token_approved,W10X15,class=W10X15,user,2026-09-09T09:22:28.892685+00:00
4923e27c-a9cd-45c8-8b93-202b0d14e4d4,token_approved,W21X44,class=W21X44,user,2026-09-09T09:22:28.892766+00:00
ad308339-19e5-4dfa-aad2-d5db319e057b,token_approved,W16X36,class=W16X36,user,2026-09-09T09:22:28.892834+00:00
721caf24-343b-40fa-ad38-f5123ad6fda6,token_approved,W12X26,class=W12X26,user,2026-09-09T09:22:28.892897+00:00
4c720c02-56ed-47ac-ba37-5f49f0827e3b,token_approved,W21X55,class=W21X55,user,2026-09-09T09:22:28.892958+00:00
5d483361-8715-4758-89b4-8b1798867039,token_approved,HSS10X6X3/8,class=HSS10X6X3/8,user,2026-09-09T09:22:28.899321+00:00
51cfce34-66f0-4800-8ac0-953d4203376d,token_approved,W30X90,class=W30X90,user,2026-09-09T09:22:28.905205+00:00
390caf18-5414-421e-87de-c233293fc7e3,token_approved,W16X26,class=W16X26,user,2026-09-09T09:22:28.911719+00:00
27e66d0a-9384-4fba-88ec-3e643cbb1d98,token_approved,W14X22,class=W14X22,user,2026-09-09T09:22:28.918157+00:00
e5e69aa2-e0a8-4374-8059-de223191eebc,token_approved,W18X40,class=W18X40,user,2026-09-09T09:22:28.927216+00:00
2699de2c-65b1-4a07-bad2-51b2d630140e,token_approved,W21X48,class=W21X48,user,2026-09-09T09:22:28.933671+00:00
ed17884d-e2f8-4b9c-9004-36709e8079c6,token_approved,HSS20X8X5/8,class=HSS20X8X5/8,user,2026-09-09T09:22:28.943648+00:00
90cdbddf-2faa-43c1-94dc-611a4dd1397e,token_approved,W8x31,class=W8X31,user,2026-09-09T09:22:28.948993+00:00
32d85d8c-84b2-486e-9dae-94c23ce3ad5e,token_approved,W24X55,class=W24X55,user,2026-09-09T09:22:28.949185+00:00
88bbf4eb-7739-4c93-9bd4-6c318af2cdeb,token_approved,HSS6X6X3/8,class=HSS6X6X3/8,user,2026-09-09T09:22:28.949289+00:00
ec33a62f-6535-497a-aa35-0e8892b2557b,token_approved,HSS8X6X3/8,class=HSS8X6X3/8,user,2026-09-09T09:22:28.949364+00:00
20b474b9-868b-4abd-9389-526a56b0129a,token_approved,HSS6X6X1/2,class=HSS6X6X1/2,user,2026-09-09T09:22:28.949415+00:00
bd46ad69-5aa7-4d81-8134-ecb3ee170daf,token_rejected,1/2X 2 1/2X1/4 1/2X1,class=,user,2026-09-09T09:22:42.439995+00:00
eb3df572-bd5e-4d30-84f0-16bc7ad0fffa,unknown_queued,W18X50,Queued for review (structural_section),system,2026-09-09T09:25:20.554680+00:00
5721aed4-8347-42f3-9972-83e6d249c70c,unknown_queued,W21X50,Queued for review (structural_section),system,2026-09-09T09:25:21.258763+00:00
0943c914-0322-4e92-97c4-71326c94aba7,unknown_queued,W18X35,Queued for review (structural_section),system,2026-09-09T09:25:21.794389+00:00
67c5baca-aa5c-4484-aacb-6436a904eccd,unknown_queued,W10X19,Queued for review (structural_section),system,2026-09-09T09:25:22.398334+00:00
a3f50c75-c58d-468a-8be4-02dcf4817d22,unknown_queued,W12X16,Queued for review (structural_section),system,2026-09-09T09:25:23.312179+00:00
a907b3f3-9ee8-4a42-ae0d-8724331004c9,unknown_queued,W10X15,Queued for review (structural_section),system,2026-09-09T09:25:23.705136+00:00
e7b00e81-c83f-439c-9bba-874db4dce5e4,unknown_queued,W21X44,Queued for review (structural_section),system,2026-09-09T09:25:24.161366+00:00
d5dd7f13-34d9-48db-8935-6e32df761db6,unknown_queued,W16X36,Queued for review (structural_section),system,2026-09-09T09:25:24.782151+00:00
4419fe34-1489-4346-b6bf-0ccb6fa693bb,unknown_queued,W12X26,Queued for review (structural_section),system,2026-09-09T09:25:25.490427+00:00
eaac8800-8242-4b66-823a-914b1812032e,unknown_queued,W21X55,Queued for review (structural_section),system,2026-09-09T09:25:26.181635+00:00
f8304766-ef14-4855-bbc6-ba174fc3089a,unknown_queued,HSS10X6X3/8,Queued for review (structural_section),system,2026-09-09T09:25:26.653602+00:00
333efefa-eeea-48ae-aeec-00c118d13266,unknown_queued,W30X90,Queued for review (structural_section),system,2026-09-09T09:25:27.361554+00:00
cc93bd57-53a2-4ded-969f-4b80ecc10cc4,unknown_queued,W16X26,Queued for review (structural_section),system,2026-09-09T09:25:27.809634+00:00
33a3c599-c99d-43e4-84f0-599bc8328df3,unknown_queued,W14X22,Queued for review (structural_section),system,2026-09-09T09:25:28.331947+00:00
5d02b793-659d-432a-84bc-38d97d98d747,unknown_queued,W18X40,Queued for review (structural_section),system,2026-09-09T09:25:28.888690+00:00
65914715-4ba2-4818-9f37-2d951a21ddff,unknown_queued,W21X48,Queued for review (structural_section),system,2026-09-09T09:25:31.868490+00:00
5b6877cf-ca73-47ea-b942-df5b6b0b26a4,unknown_queued,HSS20X8X5/8,Queued for review (structural_section),system,2026-09-09T09:25:34.519180+00:00
d1d52636-22e6-4268-bd01-610973b78ece,unknown_queued,W8x31,Queued for review (structural_section),system,2026-09-09T09:25:35.233922+00:00
6015ad65-9811-441c-80b7-d2140c51688c,unknown_queued,W24X55,Queued for review (structural_section),system,2026-09-09T09:25:35.680132+00:00
f89c697a-6a85-447f-b0ee-362d20cf1336,unknown_queued,HSS6X6X3/8,Queued for review (structural_section),system,2026-09-09T09:25:42.094871+00:00
c8561c09-35c3-4af7-ba5d-493c6c3f1271,unknown_queued,HSS8X6X3/8,Queued for review (structural_section),system,2026-09-09T09:25:42.887805+00:00
e595a216-f250-4c7c-bf2e-f8202283036a,unknown_queued,HSS6X6X1/2,Queued for review (structural_section),system,2026-09-09T09:25:43.975793+00:00
ecd0e716-03c3-4cb3-8d20-36c0ebe88329,unknown_queued,W8X40,Queued for review (structural_section),system,2026-09-09T09:25:46.847629+00:00
b155cc4e-9601-4e5e-99f7-c39a6be50071,unknown_queued,W18X60,Queued for review (structural_section),system,2026-09-09T09:29:33.140420+00:00
3df0c234-2ef1-4a72-a2f0-17aef772d816,unknown_queued,W16X31,Queued for review (structural_section),system,2026-09-09T09:29:33.789953+00:00
66abb14d-a00f-433e-a865-58b99f7b951e,unknown_queued,W18X71,Queued for review (structural_section),system,2026-09-09T09:29:34.697426+00:00
2d059d8f-d891-42fe-b2aa-0108604529d6,unknown_queued,W18X86,Queued for review (structural_section),system,2026-09-09T09:29:35.374834+00:00
cda36c26-4f53-418e-8514-e6d4ef8e1cdd,unknown_queued,W21X68,Queued for review (structural_section),system,2026-09-09T09:29:37.176613+00:00
33d58e4f-6699-44cc-8b02-6012eb8f2943,unknown_queued,W18X46,Queued for review (structural_section),system,2026-09-09T09:29:38.359483+00:00
b5c7becd-0808-4781-98a9-1dd541443fe6,unknown_queued,W12X16.,Queued for review (structural_section),system,2026-09-09T09:29:39.806030+00:00
490f2252-0822-4a9b-b524-30b50bd63818,unknown_queued,W24X68,Queued for review (structural_section),system,2026-09-09T09:29:43.077370+00:00
27752d9d-6612-4124-8eec-40e9f8a12ce3,unknown_queued,W24X84,Queued for review (structural_section),system,2026-09-09T09:29:44.262462+00:00
94e2a602-532a-4e31-8f85-f92ecebdb7bc,unknown_queued,HSS6X6X5/8,Queued for review (structural_section),system,2026-09-09T09:29:46.698269+00:00
1ef0b50b-ef94-4459-b425-152305469047,unknown_queued,HSS8X8X3/8,Queued for review (structural_section),system,2026-09-09T09:29:47.261793+00:00
1c95118f-1214-4fa9-9902-3915d76baa30,token_rejected,W18X50,class=W18X50,user,2026-09-09T11:49:19.357351+00:00
d918753f-a5f5-43ef-9cc0-3e5a6756898d,token_rejected,W21X50,class=W21X50,user,2026-09-09T11:49:19.357549+00:00
3d7bcf9a-391d-44cc-a510-cc21a6923355,token_rejected,W18X35,class=W18X35,user,2026-09-09T11:49:19.357608+00:00
52373be5-6027-4b51-ab39-f130544072bc,token_rejected,W10X19,class=W10X19,user,2026-09-09T11:49:19.357650+00:00
301d94c2-6baf-43b4-8676-7f39ba2808be,token_rejected,W12X16,class=W12X16,user,2026-09-09T11:49:19.357689+00:00
5b2711af-9899-4764-ac6f-3a56d16bfb39,token_rejected,W10X15,class=W10X15,user,2026-09-09T11:49:19.357726+00:00
bc20b0a2-3a24-4929-a979-1a1e00ea2960,token_rejected,W21X44,class=W21X44,user,2026-09-09T11:49:19.357761+00:00
5cc4061f-6308-459a-a210-4e0f98186092,token_rejected,W16X36,class=W16X36,user,2026-09-09T11:49:19.357796+00:00
73e74a5d-fae8-40fd-b723-c4a48fc9c5a6,token_rejected,W12X26,class=W12X26,user,2026-09-09T11:49:19.357829+00:00
f22b66f9-4412-48e5-a921-7d573970a1ab,token_rejected,W21X55,class=W21X55,user,2026-09-09T11:49:19.357863+00:00
e3c84efd-d878-4b67-89af-f18e5b9088b4,token_rejected,HSS10X6X3/8,class=HSS10X6X3/8,user,2026-09-09T11:49:19.357895+00:00
87d0a0d8-ceed-471b-bb08-855674dfc26c,token_rejected,W30X90,class=W30X90,user,2026-09-09T11:49:19.357929+00:00
902c5b25-3d93-4e19-a64a-c18b79d0f7d1,token_rejected,W16X26,class=W16X26,user,2026-09-09T11:49:19.357963+00:00
acd7bfb8-f331-44ca-b4b2-11069aad7557,token_rejected,W14X22,class=W14X22,user,2026-09-09T11:49:19.357997+00:00
cc41d1ff-81de-4a73-a029-77718cff114c,token_rejected,W18X40,class=W18X40,user,2026-09-09T11:49:19.358030+00:00
e0d8d7d5-fe6a-4b2f-84f7-6e686d5916b8,token_rejected,W21X48,class=W21X48,user,2026-09-09T11:49:19.358063+00:00
ff2883a8-a1cb-4591-ba61-0b5ab1bf7ab6,token_rejected,HSS20X8X5/8,class=HSS20X8X5/8,user,2026-09-09T11:49:19.358094+00:00
e708c1f3-8d73-4bb5-8bab-67d587942d55,token_rejected,W8x31,class=W8X31,user,2026-09-09T11:49:19.358127+00:00
4d7fbe1e-e0d1-45d5-a527-75887dab95d5,token_rejected,W24X55,class=W24X55,user,2026-09-09T11:49:19.358159+00:00
6938e240-b954-41d2-8fa3-4cf69412b647,token_rejected,HSS6X6X3/8,class=HSS6X6X3/8,user,2026-09-09T11:49:19.358192+00:00
6549ac16-9fc0-4389-82b6-36be03f3a8f8,token_rejected,HSS8X6X3/8,class=HSS8X6X3/8,user,2026-09-09T11:49:19.358224+00:00
1c650acc-5ced-4159-b9dd-83ba02ed4997,token_rejected,HSS6X6X1/2,class=HSS6X6X1/2,user,2026-09-09T11:49:19.358257+00:00
08f3335c-38da-467c-9b1f-91bf3bc3c429,token_rejected,W8X40,class=W8X40,user,2026-09-09T11:49:19.358289+00:00
19a89541-14fa-4275-972f-f9d0e61797e7,token_rejected,W18X60,class=W18X60,user,2026-09-09T11:49:19.358327+00:00
55444efe-66b5-434a-ba0a-4452603f20e8,token_rejected,W16X31,class=W16X31,user,2026-09-09T11:49:19.358359+00:00
e63f91df-0955-4fe5-89a7-10f503321f86,token_rejected,W18X71,class=W18X71,user,2026-09-09T11:49:19.358392+00:00
91e8406f-25d7-48e8-b860-fa97a0b0b566,token_rejected,W18X86,class=W18X86,user,2026-09-09T11:49:19.358424+00:00
a73f7185-ed57-4023-94f9-26473b0e68a7,token_rejected,W21X68,class=W21X68,user,2026-09-09T11:49:19.358457+00:00
a0c232e2-32ca-4771-92c0-ce1c0e68de57,token_rejected,W18X46,class=W18X46,user,2026-09-09T11:49:19.358489+00:00
850fda13-2bd0-413d-aaa5-23aec3603465,token_rejected,W12X16.,class=W12X16,user,2026-09-09T11:49:19.358523+00:00
100a5a51-e30a-49a5-b64c-cde3de4c2455,token_rejected,W24X68,class=W24X68,user,2026-09-09T11:49:19.358554+00:00
5550368a-c887-48df-b350-beafbbfda75a,token_rejected,W24X84,class=W24X84,user,2026-09-09T11:49:19.358587+00:00
8dec23f4-0e56-49eb-9d89-60bc2762809b,token_rejected,HSS6X6X5/8,class=HSS6X6X5/8,user,2026-09-09T11:49:19.358619+00:00
db67d22b-6723-4cf4-afb5-613529fee542,token_rejected,HSS8X8X3/8,class=HSS8X8X3/8,user,2026-09-09T11:49:19.358651+00:00
12f03ac2-93b5-4646-86ce-350fe269c4bf,unknown_queued,W18X50,Queued for review (structural_section),system,2026-09-09T11:52:53.655539+00:00
fde8b10e-7359-410f-acc0-1e25f310a828,unknown_queued,W21X50,Queued for review (structural_section),system,2026-09-09T11:52:54.434083+00:00
0f3530fa-1b2b-4e27-ab2f-9f53db2b0b30,unknown_queued,W18X35,Queued for review (structural_section),system,2026-09-09T11:52:55.056016+00:00
c113a79e-a9f2-44b1-91ed-0d1ce205780c,unknown_queued,W10X19,Queued for review (structural_section),system,2026-09-09T11:52:55.844562+00:00
00624315-9688-474d-ba1d-9fd8ff7179f6,unknown_queued,W12X16,Queued for review (structural_section),system,2026-09-09T11:52:57.118888+00:00
03c00273-3b2f-424e-a8b4-d748517dd178,unknown_queued,W10X15,Queued for review (structural_section),system,2026-09-09T11:52:57.660432+00:00
ae9862d4-6990-4957-a03c-99065208fc1b,unknown_queued,W21X44,Queued for review (structural_section),system,2026-09-09T11:52:58.193889+00:00
6027db58-69c5-4a2f-9227-9a07246d75b1,unknown_queued,W16X36,Queued for review (structural_section),system,2026-09-09T11:52:58.903262+00:00
46894096-1c3f-4f2f-abb4-ea77bddfdc0e,unknown_queued,W12X26,Queued for review (structural_section),system,2026-09-09T11:52:59.692710+00:00
182226b4-9a33-4a35-a538-947c1eece092,unknown_queued,W21X55,Queued for review (structural_section),system,2026-09-09T11:53:00.468924+00:00
1bb130e1-c413-4f85-a09d-53b7243f2e47,unknown_queued,HSS10X6X3/8,Queued for review (structural_section),system,2026-09-09T11:53:00.990534+00:00
84bfde43-c1c1-41cf-8fcf-78c8195f8610,unknown_queued,W30X90,Queued for review (structural_section),system,2026-09-09T11:53:01.771860+00:00
ed67ac7b-184c-4164-8c53-c491451e3ffc,unknown_queued,W16X26,Queued for review (structural_section),system,2026-09-09T11:53:02.295185+00:00
8e5dd878-514b-44a5-90c4-60901e23ea8d,unknown_queued,W14X22,Queued for review (structural_section),system,2026-09-09T11:53:02.811202+00:00
589b7eb3-18a3-4753-95ab-41b8fa054361,unknown_queued,W18X40,Queued for review (structural_section),system,2026-09-09T11:53:03.423467+00:00
ea983e2c-e2f9-4c81-a092-58e3ee27e941,unknown_queued,W21X48,Queued for review (structural_section),system,2026-09-09T11:53:07.172699+00:00
0a813b1a-d3c4-4e47-a59a-41b65b9e3963,unknown_queued,HSS20X8X5/8,Queued for review (structural_section),system,2026-09-09T11:53:10.464144+00:00
90964919-0183-4f40-a3b7-1d2349f69c3e,unknown_queued,W8x31,Queued for review (structural_section),system,2026-09-09T11:53:11.341010+00:00
ab8ffaee-2ec2-4fd8-9964-09aadd94ccd2,unknown_queued,W24X55,Queued for review (structural_section),system,2026-09-09T11:53:11.872110+00:00
de87f5a1-f7bb-44f3-b64e-7c64c4e3751a,unknown_queued,HSS6X6X3/8,Queued for review (structural_section),system,2026-09-09T11:53:20.012256+00:00
2f4e2ef5-b5c3-46d0-a424-99f19021f72a,unknown_queued,HSS8X6X3/8,Queued for review (structural_section),system,2026-09-09T11:53:21.065741+00:00
4b636e54-af69-4347-9db9-7bf4566a692f,unknown_queued,HSS6X6X1/2,Queued for review (structural_section),system,2026-09-09T11:53:22.394133+00:00
96a01e86-9b23-4c2f-a8c5-695fddddd221,unknown_queued,W8X40,Queued for review (structural_section),system,2026-09-09T11:53:26.102910+00:00
