id,token,category,prediction,model_probability,overall_confidence,confidence_level,uncertain,source_file,regex_suggested,status,reviewed_category,reviewed_class,notes,created_at,updated_at
cfd6295d,WF18X40,,W,0.2395,0.4085,Low,True,test.pdf,WF\d+X\d+,approved,,W,,2026-07-22T10:32:26.336326+00:00,2026-07-22T10:32:26.362786+00:00
5b5c62a7,HSSCUSTOM99,,HSS,0.9995,0.7997,Medium,False,,HSSCUSTOM\d+,approved,,HSS,,2026-07-22T10:35:52.647238+00:00,2026-07-22T10:42:12.160426+00:00
f949a1b0,A1064,,C,0.241,0.4092,Low,True,ST - Springhill Lake.pdf,A\d+,approved,,A,,2026-07-22T10:38:19.501557+00:00,2026-07-22T10:40:07.782289+00:00
20f0e3a5,A108,,C,0.241,0.4092,Low,True,ST - Springhill Lake.pdf,A\d+,approved,,A,,2026-07-22T10:38:19.552742+00:00,2026-07-22T10:40:12.451664+00:00
a7593937,A2,,C,0.2518,0.4147,Low,True,ST - Springhill Lake.pdf,A\d+,approved,,A,,2026-07-22T10:38:19.591209+00:00,2026-07-22T10:42:12.991574+00:00
ba489706,A3,,C,0.2518,0.4147,Low,True,ST - Springhill Lake.pdf,A\d+,approved,,A,,2026-07-22T10:38:19.638977+00:00,2026-07-22T10:42:14.733340+00:00
165a9c86,A307,,C,0.2518,0.4147,Low,True,ST - Springhill Lake.pdf,A\d+,approved,,A,,2026-07-22T10:38:19.679519+00:00,2026-07-22T10:42:15.236675+00:00
e1e3e995,A325,,C,0.4681,0.5228,Low,True,ST - Springhill Lake.pdf,A\d+,approved,,A,,2026-07-22T10:38:19.728578+00:00,2026-07-22T10:42:15.600129+00:00
18d51ab5,A36,,C,0.2518,0.4147,Low,True,ST - Springhill Lake.pdf,A\d+,approved,,A,,2026-07-22T10:38:19.778633+00:00,2026-07-22T10:42:15.887155+00:00
47950ffe,A500,,C,0.2518,0.4147,Low,True,ST - Springhill Lake.pdf,A\d+,approved,,A,,2026-07-22T10:38:19.822095+00:00,2026-07-22T10:42:16.143144+00:00
f98dda4b,A53,,C,0.2518,0.4147,Low,True,ST - Springhill Lake.pdf,A\d+,approved,,A,,2026-07-22T10:38:19.869232+00:00,2026-07-22T10:42:16.447200+00:00
10c044cf,A568,,C,0.2518,0.4147,Low,True,ST - Springhill Lake.pdf,A\d+,approved,,A,,2026-07-22T10:38:19.912900+00:00,2026-07-22T10:42:16.761212+00:00
8086460d,A572,,C,0.2518,0.4147,Low,True,ST - Springhill Lake.pdf,A\d+,approved,,A,,2026-07-22T10:38:19.962924+00:00,2026-07-22T10:42:17.068717+00:00
4e768be2,A588,,C,0.2518,0.4147,Low,True,ST - Springhill Lake.pdf,A\d+,approved,,A,,2026-07-22T10:38:20.007276+00:00,2026-07-22T10:42:17.359716+00:00
884a11a0,A6,,C,0.2518,0.4147,Low,True,ST - Springhill Lake.pdf,A\d+,approved,,A,,2026-07-22T10:38:20.051378+00:00,2026-07-22T10:42:17.697106+00:00
bf05289c,A615,,C,0.2807,0.4291,Low,True,ST - Springhill Lake.pdf,A\d+,approved,,A,,2026-07-22T10:38:20.091334+00:00,2026-07-22T10:42:18.010219+00:00
162958c5,A653,,C,0.2518,0.4147,Low,True,ST - Springhill Lake.pdf,A\d+,approved,,A,,2026-07-22T10:38:20.127954+00:00,2026-07-22T10:42:18.207323+00:00
d1956b0b,A706,,C,0.2518,0.4147,Low,True,ST - Springhill Lake.pdf,A\d+,approved,,A,,2026-07-22T10:38:20.170527+00:00,2026-07-22T10:42:18.498516+00:00
c25116d7,A913,,C,0.5388,0.5581,Medium,True,ST - Springhill Lake.pdf,A\d+,approved,,A,,2026-07-22T10:38:20.206942+00:00,2026-07-22T10:42:18.820197+00:00
457f5f0a,A970,,C,0.2518,0.4147,Low,True,ST - Springhill Lake.pdf,A\d+,approved,,A,,2026-07-22T10:38:20.245923+00:00,2026-07-22T10:42:19.151713+00:00
ae46f744,A992,,C,0.2518,0.4147,Low,True,ST - Springhill Lake.pdf,A\d+,approved,,A,,2026-07-22T10:38:20.284731+00:00,2026-07-22T10:42:19.476586+00:00
208ce62c,HSS10X0,,HSS,0.9992,0.7996,Medium,False,ST - Springhill Lake.pdf,HSS\d+X\d+,approved,,HSS,,2026-07-22T10:38:20.322195+00:00,2026-07-22T10:42:19.676348+00:00
c5a5c0b2,HSS16X0,,HSS,0.9992,0.7996,Medium,False,ST - Springhill Lake.pdf,HSS\d+X\d+,approved,,HSS,,2026-07-22T10:38:20.390298+00:00,2026-07-22T10:42:19.991844+00:00
7abce840,HSS18X0,,HSS,0.9992,0.7996,Medium,False,ST - Springhill Lake.pdf,HSS\d+X\d+,approved,,HSS,,2026-07-22T10:38:20.466243+00:00,2026-07-22T10:42:20.346748+00:00
ce0f3877,L1x1x1/4,,L,0.9961,0.7981,Medium,False,ST - Springhill Lake.pdf,L\d+(?:X\d+(?:X\d+(?:(?:\-\d+/\d+|/\d+))?|\-\d+/\d+X\d+/\d+)|\-\d+/\d+X\d+(?:\-\d+/\d+X\d+/\d+|X\d+/\d+)),approved,,L,,2026-07-22T10:38:20.665469+00:00,2026-07-22T10:42:20.515556+00:00
e5c183b8,L4X3,,L,0.5329,0.5665,Medium,True,ST - Springhill Lake.pdf,L\d+X\d+,approved,,L,,2026-07-22T10:38:20.787655+00:00,2026-07-22T10:42:21.945646+00:00
018cb43b,L4x4,,L,0.2623,0.4311,Low,True,ST - Springhill Lake.pdf,L\d+X\d+,approved,,L,,2026-07-22T10:38:20.920082+00:00,2026-07-22T10:42:22.145126+00:00
573c93ca,L5X3,,C,0.4735,0.5255,Low,True,ST - Springhill Lake.pdf,L\d+X\d+,approved,,C,,2026-07-22T10:38:20.978607+00:00,2026-07-22T10:42:22.364542+00:00
b41e36d0,L6X3,,L,0.3881,0.4941,Low,True,ST - Springhill Lake.pdf,L\d+X\d+,approved,,L,,2026-07-22T10:38:21.048689+00:00,2026-07-22T10:42:22.692810+00:00
89ba915d,S-001,,C,0.2518,0.4147,Low,True,ST - Springhill Lake.pdf,S\-\d+,approved,,S,,2026-07-22T10:38:21.137196+00:00,2026-07-22T10:42:23.011437+00:00
5720b3ee,S-002,,C,0.2518,0.4147,Low,True,ST - Springhill Lake.pdf,S\-\d+,approved,,S,,2026-07-22T10:38:21.180096+00:00,2026-07-22T10:42:24.007299+00:00
7a636c3d,S-003,,C,0.2518,0.4147,Low,True,ST - Springhill Lake.pdf,S\-\d+,approved,,S,,2026-07-22T10:38:21.237323+00:00,2026-07-22T10:42:24.267215+00:00
6d038903,S-004,,C,0.2518,0.4147,Low,True,ST - Springhill Lake.pdf,S\-\d+,approved,,S,,2026-07-22T10:38:21.290798+00:00,2026-07-22T10:42:24.559306+00:00
815cbf6f,S-111,,L,0.4632,0.5316,Low,True,ST - Springhill Lake.pdf,S\-\d+,approved,,S,,2026-07-22T10:38:21.343278+00:00,2026-07-22T10:42:24.722613+00:00
4e426b1c,S-112,,L,0.4623,0.5312,Low,True,ST - Springhill Lake.pdf,S\-\d+,approved,,S,,2026-07-22T10:38:21.393870+00:00,2026-07-22T10:42:24.869477+00:00
4b21f295,S-113,,C,0.3758,0.4766,Low,True,ST - Springhill Lake.pdf,S\-\d+,approved,,S,,2026-07-22T10:38:21.439432+00:00,2026-07-22T10:42:25.066111+00:00
7481b537,S-201,,C,0.3437,0.4606,Low,True,ST - Springhill Lake.pdf,S\-\d+,approved,,S,,2026-07-22T10:38:21.486531+00:00,2026-07-22T10:42:25.216098+00:00
7bb396b7,S-202,,C,0.3437,0.4606,Low,True,ST - Springhill Lake.pdf,S\-\d+,approved,,S,,2026-07-22T10:38:21.536272+00:00,2026-07-22T10:42:25.399018+00:00
19e73553,S-203,,C,0.3437,0.4606,Low,True,ST - Springhill Lake.pdf,S\-\d+,approved,,S,,2026-07-22T10:38:21.584557+00:00,2026-07-22T10:42:25.727968+00:00
2ff574d5,S-204,,C,0.3437,0.4606,Low,True,ST - Springhill Lake.pdf,S\-\d+,approved,,S,,2026-07-22T10:38:21.643056+00:00,2026-07-22T10:42:25.920727+00:00
22da513c,S-205,,C,0.3437,0.4606,Low,True,ST - Springhill Lake.pdf,S\-\d+,approved,,S,,2026-07-22T10:38:21.690214+00:00,2026-07-22T10:42:26.118244+00:00
eaed5214,S-206,,C,0.3437,0.4606,Low,True,ST - Springhill Lake.pdf,S\-\d+,approved,,S,,2026-07-22T10:38:21.739121+00:00,2026-07-22T10:42:26.426995+00:00
28c1a644,S-301,,C,0.2518,0.4147,Low,True,ST - Springhill Lake.pdf,S\-\d+,approved,,S,,2026-07-22T10:38:21.784912+00:00,2026-07-22T10:42:26.693705+00:00
0820e24e,S-311,,C,0.2518,0.4147,Low,True,ST - Springhill Lake.pdf,S\-\d+,approved,,S,,2026-07-22T10:38:21.832852+00:00,2026-07-22T10:42:26.961842+00:00
cc4ed7c8,S-312,,C,0.251,0.4143,Low,True,ST - Springhill Lake.pdf,S\-\d+,approved,,S,,2026-07-22T10:38:21.877776+00:00,2026-07-22T10:42:27.158870+00:00
6ccb77f1,S-321,,C,0.2518,0.4147,Low,True,ST - Springhill Lake.pdf,S\-\d+,approved,,S,,2026-07-22T10:38:21.925522+00:00,2026-07-22T10:42:27.340259+00:00
ac48f858,S-322,,C,0.2518,0.4147,Low,True,ST - Springhill Lake.pdf,S\-\d+,approved,,S,,2026-07-22T10:38:21.970365+00:00,2026-07-22T10:42:27.506518+00:00
1d4f8f04,S-401,,C,0.2518,0.4147,Low,True,ST - Springhill Lake.pdf,S\-\d+,approved,,S,,2026-07-22T10:38:22.019669+00:00,2026-07-22T10:42:27.825685+00:00
e50641df,S-402,,C,0.2518,0.4147,Low,True,ST - Springhill Lake.pdf,S\-\d+,approved,,S,,2026-07-22T10:38:22.063579+00:00,2026-07-22T10:42:27.998755+00:00
7cdca397,S-403,,C,0.2518,0.4147,Low,True,ST - Springhill Lake.pdf,S\-\d+,approved,,S,,2026-07-22T10:38:22.108679+00:00,2026-07-22T10:42:28.190434+00:00
6545c14f,S-404,,C,0.2518,0.4147,Low,True,ST - Springhill Lake.pdf,S\-\d+,approved,,S,,2026-07-22T10:38:22.282451+00:00,2026-07-22T10:42:28.367704+00:00
a3430ece,S-501,,C,0.2518,0.4147,Low,True,ST - Springhill Lake.pdf,S\-\d+,approved,,S,,2026-07-22T10:38:22.325994+00:00,2026-07-22T10:42:28.728639+00:00
eddbee84,S-502,,C,0.2518,0.4147,Low,True,ST - Springhill Lake.pdf,S\-\d+,approved,,S,,2026-07-22T10:38:22.372360+00:00,2026-07-22T10:42:28.924363+00:00
64899be0,S-601,,C,0.2518,0.4147,Low,True,ST - Springhill Lake.pdf,S\-\d+,approved,,S,,2026-07-22T10:38:22.418368+00:00,2026-07-22T10:42:29.076701+00:00
55aa935c,A123,,A,0.6535,0.6043,Medium,True,ST.pdf,A\d+,rejected,,,,2026-07-22T10:43:29.981663+00:00,2026-07-22T10:46:13.827248+00:00
ea6af1ee,A205,,A,0.5589,0.5569,Medium,True,ST.pdf,A\d+,approved,,A,,2026-07-22T10:43:30.031095+00:00,2026-07-22T10:46:22.334004+00:00
a66630f3,A5,,A,0.9583,0.7566,Medium,False,ST.pdf,A\d+,approved,,A,,2026-07-22T10:43:30.141380+00:00,2026-07-22T10:46:23.498269+00:00
97f1c910,HSS10x10,,HSS,0.9985,0.7993,Medium,False,ST.pdf,(?:HSS(?:\d+(?:X\d+(?:X\d+(?:/\d+)?|\-\d+/\d+X\d+/\d+)|\-\d+/\d+X\d+(?:\-\d+/\d+X\d+/\d+|X\d+/\d+))|\d+(?:\.\d+)?X\d+(?:\.\d+)?)|HSSCUSTOM\d+),approved,,HSS,,2026-07-22T10:43:30.243583+00:00,2026-07-22T10:46:29.218115+00:00
d81bce6a,HSS3x3,,HSS,0.999,0.7995,Medium,False,ST.pdf,(?:HSS(?:\d+(?:X\d+(?:X\d+(?:/\d+)?|\-\d+/\d+X\d+/\d+)|\-\d+/\d+X\d+(?:\-\d+/\d+X\d+/\d+|X\d+/\d+))|\d+(?:\.\d+)?X\d+(?:\.\d+)?)|HSSCUSTOM\d+),approved,,HSS,,2026-07-22T10:43:30.322714+00:00,2026-07-22T10:46:30.051040+00:00
bbc42c9c,HSS6x8x1/2,,HSS,0.9995,0.7998,Medium,False,ST.pdf,(?:HSS(?:\d+(?:X\d+(?:X\d+(?:/\d+)?|\-\d+/\d+X\d+/\d+)|\-\d+/\d+X\d+(?:\-\d+/\d+X\d+/\d+|X\d+/\d+))|\d+(?:\.\d+)?X\d+(?:\.\d+)?)|HSSCUSTOM\d+),approved,,HSS,,2026-07-22T10:43:30.392612+00:00,2026-07-22T10:46:30.735137+00:00
aec23a96,HSS8X8,,HSS,0.9991,0.7996,Medium,False,ST.pdf,(?:HSS(?:\d+(?:X\d+(?:X\d+(?:/\d+)?|\-\d+/\d+X\d+/\d+)|\-\d+/\d+X\d+(?:\-\d+/\d+X\d+/\d+|X\d+/\d+))|\d+(?:\.\d+)?X\d+(?:\.\d+)?)|HSSCUSTOM\d+),approved,,HSS,,2026-07-22T10:43:30.444825+00:00,2026-07-22T10:46:32.639116+00:00
3c8357d8,A2280,,A,0.6518,0.6034,Medium,True,1200 K_Permit_Bid_Dwgs - Structural.pdf,A\d+,approved,,A,,2026-07-22T10:44:32.591627+00:00,2026-07-22T10:46:37.273064+00:00
d2725a1d,A29,,A,0.6518,0.6034,Medium,True,1200 K_Permit_Bid_Dwgs - Structural.pdf,A\d+,approved,,A,,2026-07-22T10:44:32.644180+00:00,2026-07-22T10:46:38.521679+00:00
02e0b033,A416,,A,0.6518,0.6034,Medium,True,1200 K_Permit_Bid_Dwgs - Structural.pdf,A\d+,approved,,A,,2026-07-22T10:44:32.761052+00:00,2026-07-22T10:46:39.652187+00:00
7f3d2601,A446,,A,0.6518,0.6034,Medium,True,1200 K_Permit_Bid_Dwgs - Structural.pdf,A\d+,approved,,A,,2026-07-22T10:44:32.813183+00:00,2026-07-22T10:46:40.493522+00:00
e76ca4dd,A490,,A,0.6518,0.6034,Medium,True,1200 K_Permit_Bid_Dwgs - Structural.pdf,A\d+,approved,,A,,2026-07-22T10:44:32.873092+00:00,2026-07-22T10:46:41.314923+00:00
f8bcfc9a,A563,,A,0.9661,0.7606,Medium,False,1200 K_Permit_Bid_Dwgs - Structural.pdf,A\d+,approved,,A,,2026-07-22T10:47:35.009415+00:00,2026-07-22T10:48:02.648220+00:00
80fb611c,A959,,A,0.686,0.6205,Medium,True,1200 K_Permit_Bid_Dwgs - Structural.pdf,A\d+,approved,,A,,2026-07-22T10:47:35.156749+00:00,2026-07-22T10:48:06.378661+00:00
2580418b,HSS5x5,,HSS,0.9991,0.7995,Medium,False,1200 K_Permit_Bid_Dwgs - Structural.pdf,(?:HSS(?:\d+(?:X\d+(?:X\d+(?:/\d+)?|\-\d+/\d+X\d+/\d+)|\-\d+/\d+X\d+(?:\-\d+/\d+X\d+/\d+|X\d+/\d+))|\d+(?:\.\d+)?X\d+(?:\.\d+)?)|HSSCUSTOM\d+),approved,,HSS,,2026-07-22T10:47:35.319394+00:00,2026-07-22T10:48:07.142994+00:00
b5536f4d,L18x12x3/8,,L,0.9962,0.7981,Medium,False,1200 K_Permit_Bid_Dwgs - Structural.pdf,L\d+(?:X\d+(?:(?:X\d+(?:(?:\-\d+/\d+|/\d+))?|\-\d+/\d+X\d+/\d+))?|\-\d+/\d+X\d+(?:\-\d+/\d+X\d+/\d+|X\d+/\d+)),approved,,L,,2026-07-22T10:47:35.514503+00:00,2026-07-22T10:48:07.813937+00:00
b983ff00,L5x5,,C,0.5791,0.582,Medium,True,1200 K_Permit_Bid_Dwgs - Structural.pdf,(?:C|L)\d+X\d+(?:\.\d+)?,rejected,,,,2026-07-22T10:47:35.658019+00:00,2026-07-22T10:48:08.724374+00:00
d67a9453,S-101,,S,0.9568,0.7709,Medium,False,Burrville ES - ST.pdf,S(?:\d+X\d+(?:\.\d+)?|\-\d+),approved,,S,,2026-07-22T10:49:11.601596+00:00,2026-07-22T10:49:29.901538+00:00
4b7646bd,S-102,,S,0.9568,0.7709,Medium,False,Burrville ES - ST.pdf,S(?:\d+X\d+(?:\.\d+)?|\-\d+),approved,,S,,2026-07-22T10:49:11.656460+00:00,2026-07-22T10:49:33.563194+00:00
c3d8a74b,S-103,,S,0.9568,0.7709,Medium,False,Burrville ES - ST.pdf,S(?:\d+X\d+(?:\.\d+)?|\-\d+),approved,,S,,2026-07-22T10:49:11.706066+00:00,2026-07-22T10:49:39.107587+00:00
aa2f244b,S-104,,S,0.9568,0.7709,Medium,False,Burrville ES - ST.pdf,S(?:\d+X\d+(?:\.\d+)?|\-\d+),approved,,S,,2026-07-22T10:49:11.762291+00:00,2026-07-22T10:49:39.934810+00:00
77a33aa7,S-207,,S,0.9894,0.7872,Medium,False,Burrville ES - ST.pdf,S(?:\d+X\d+(?:\.\d+)?|\-\d+),approved,,S,,2026-07-22T10:49:11.934986+00:00,2026-07-22T10:49:40.654950+00:00
5afdd9d7,S-208,,S,0.9894,0.7872,Medium,False,Burrville ES - ST.pdf,S(?:\d+X\d+(?:\.\d+)?|\-\d+),approved,,S,,2026-07-22T10:49:11.988233+00:00,2026-07-22T10:49:41.509446+00:00
c65eadf2,W14X198,,W,0.9985,0.7955,Medium,False,Burrville ES - ST.pdf,(?:W|WF)\d+X\d+(?:\.\d+)?,approved,,W,,2026-07-22T10:49:12.485707+00:00,2026-07-22T10:49:48.470911+00:00
82fd2233,A153,,A,0.7046,0.6298,Medium,False,GCDC Building 4 - ST1.pdf,A\d+,approved,,A,,2026-07-22T10:50:36.878190+00:00,2026-07-22T10:50:53.332578+00:00
10982610,A496,,A,0.6436,0.5993,Medium,True,GCDC Building 4 - ST1.pdf,A\d+,approved,,A,,2026-07-22T10:50:36.982875+00:00,2026-07-22T10:50:54.596449+00:00
915c6db6,A525,,A,0.9622,0.7586,Medium,False,GCDC Building 4 - ST1.pdf,A\d+,approved,,A,,2026-07-22T10:50:37.070033+00:00,2026-07-22T10:50:55.381137+00:00
9cf7275b,A775,,A,0.6436,0.5993,Medium,True,GCDC Building 4 - ST1.pdf,A\d+,approved,,A,,2026-07-22T10:50:37.178752+00:00,2026-07-22T10:50:56.137642+00:00
475f1a64,A780,,A,0.6436,0.5993,Medium,True,GCDC Building 4 - ST1.pdf,A\d+,approved,,A,,2026-07-22T10:50:37.228592+00:00,2026-07-22T10:50:57.217278+00:00
42fc9952,HSS12x12,,HSS,0.9986,0.7993,Medium,False,GCDC Building 4 - ST1.pdf,(?:HSS(?:\d+(?:X\d+(?:X\d+(?:/\d+)?|\-\d+/\d+X\d+/\d+)|\-\d+/\d+X\d+(?:\-\d+/\d+X\d+/\d+|X\d+/\d+))|\d+(?:\.\d+)?X\d+(?:\.\d+)?)|HSSCUSTOM\d+),approved,,HSS,,2026-07-22T10:50:37.394654+00:00,2026-07-22T10:51:02.443922+00:00
28ecad3b,HSS14x0,,HSS,0.9992,0.7996,Medium,False,GCDC Building 4 - ST1.pdf,(?:HSS(?:\d+(?:X\d+(?:X\d+(?:/\d+)?|\-\d+/\d+X\d+/\d+)|\-\d+/\d+X\d+(?:\-\d+/\d+X\d+/\d+|X\d+/\d+))|\d+(?:\.\d+)?X\d+(?:\.\d+)?)|HSSCUSTOM\d+),approved,,HSS,,2026-07-22T10:50:37.504980+00:00,2026-07-22T10:51:03.098885+00:00
7b690acb,HSS14x10,,HSS,0.9982,0.7991,Medium,False,GCDC Building 4 - ST1.pdf,(?:HSS(?:\d+(?:X\d+(?:X\d+(?:/\d+)?|\-\d+/\d+X\d+/\d+)|\-\d+/\d+X\d+(?:\-\d+/\d+X\d+/\d+|X\d+/\d+))|\d+(?:\.\d+)?X\d+(?:\.\d+)?)|HSSCUSTOM\d+),approved,,HSS,,2026-07-22T10:50:37.555839+00:00,2026-07-22T10:51:03.771511+00:00
4c0b6d51,HSS14x14,,HSS,0.9991,0.7996,Medium,False,GCDC Building 4 - ST1.pdf,(?:HSS(?:\d+(?:X\d+(?:X\d+(?:/\d+)?|\-\d+/\d+X\d+/\d+)|\-\d+/\d+X\d+(?:\-\d+/\d+X\d+/\d+|X\d+/\d+))|\d+(?:\.\d+)?X\d+(?:\.\d+)?)|HSSCUSTOM\d+),approved,,HSS,,2026-07-22T10:50:37.621651+00:00,2026-07-22T10:51:04.634309+00:00
690316da,HSS6x6,,HSS,0.9995,0.7997,Medium,False,GCDC Building 4 - ST1.pdf,(?:HSS(?:\d+(?:X\d+(?:X\d+(?:/\d+)?|\-\d+/\d+X\d+/\d+)|\-\d+/\d+X\d+(?:\-\d+/\d+X\d+/\d+|X\d+/\d+))|\d+(?:\.\d+)?X\d+(?:\.\d+)?)|HSSCUSTOM\d+),approved,,HSS,,2026-07-22T10:50:37.845240+00:00,2026-07-22T10:51:05.537045+00:00
d5849361,HSS8X6,,HSS,0.999,0.7995,Medium,False,GCDC Building 4 - ST1.pdf,(?:HSS(?:\d+(?:X\d+(?:X\d+(?:/\d+)?|\-\d+/\d+X\d+/\d+)|\-\d+/\d+X\d+(?:\-\d+/\d+X\d+/\d+|X\d+/\d+))|\d+(?:\.\d+)?X\d+(?:\.\d+)?)|HSSCUSTOM\d+),approved,,HSS,,2026-07-22T10:50:37.907145+00:00,2026-07-22T10:51:06.196835+00:00
65c405e0,HSS8x4,,HSS,0.9991,0.7996,Medium,False,GCDC Building 4 - ST1.pdf,(?:HSS(?:\d+(?:X\d+(?:X\d+(?:/\d+)?|\-\d+/\d+X\d+/\d+)|\-\d+/\d+X\d+(?:\-\d+/\d+X\d+/\d+|X\d+/\d+))|\d+(?:\.\d+)?X\d+(?:\.\d+)?)|HSSCUSTOM\d+),approved,,HSS,,2026-07-22T10:50:37.956178+00:00,2026-07-22T10:51:07.366619+00:00
5077df1e,L2x2x10,,S,0.2512,0.4181,Low,True,GCDC Building 4 - ST1.pdf,L\d+X\d+X\d+,rejected,,,,2026-07-22T10:50:38.113583+00:00,2026-07-22T10:51:11.249254+00:00
e9ece82c,L6x4x1/4,,L,0.9965,0.7982,Medium,False,GCDC Building 4 - ST1.pdf,L\d+(?:X\d+(?:(?:X\d+(?:(?:\-\d+/\d+|/\d+))?|\-\d+/\d+X\d+/\d+))?|\-\d+/\d+X\d+(?:\-\d+/\d+X\d+/\d+|X\d+/\d+)),approved,,L,,2026-07-22T10:50:38.629922+00:00,2026-07-22T10:51:15.563528+00:00
5e912be4,L7x7x1/2,,L,0.7066,0.6533,Medium,False,GCDC Building 4 - ST1.pdf,L\d+(?:X\d+(?:(?:X\d+(?:(?:\-\d+/\d+|/\d+))?|\-\d+/\d+X\d+/\d+))?|\-\d+/\d+X\d+(?:\-\d+/\d+X\d+/\d+|X\d+/\d+)),approved,,L,,2026-07-22T10:50:38.745225+00:00,2026-07-22T10:51:16.125267+00:00
32341fff,W18x36,,W,0.9967,0.7946,Medium,False,GCDC Building 4 - ST1.pdf,(?:W|WF)\d+X\d+(?:\.\d+)?,approved,,W,,2026-07-22T10:50:39.355995+00:00,2026-07-22T10:51:16.682079+00:00
21302e9d,S-000,,S,0.9856,0.7853,Medium,False,ST.pdf,S(?:\d+X\d+(?:\.\d+)?|\-\d+),approved,,S,,2026-07-22T10:54:09.630460+00:00,2026-07-22T10:54:39.758503+00:00
e0c61231,S-005,,S,0.9856,0.7853,Medium,False,ST.pdf,S(?:\d+X\d+(?:\.\d+)?|\-\d+),approved,,S,,2026-07-22T10:54:09.756409+00:00,2026-07-22T10:54:40.961895+00:00
8c488f38,S-100,,S,0.994,0.7895,Medium,False,ST.pdf,S(?:\d+X\d+(?:\.\d+)?|\-\d+),approved,,S,,2026-07-22T10:54:09.807847+00:00,2026-07-22T10:54:41.541707+00:00
956b6519,S-105,,S,0.9937,0.7894,Medium,False,ST.pdf,S(?:\d+X\d+(?:\.\d+)?|\-\d+),approved,,S,,2026-07-22T10:54:09.969657+00:00,2026-07-22T10:54:41.914374+00:00
c8ecf86f,S-200,,S,0.9856,0.7853,Medium,False,ST.pdf,S(?:\d+X\d+(?:\.\d+)?|\-\d+),approved,,S,,2026-07-22T10:54:10.024201+00:00,2026-07-22T10:54:42.105601+00:00
eafe4d63,S-300,,S,0.9856,0.7853,Medium,False,ST.pdf,S(?:\d+X\d+(?:\.\d+)?|\-\d+),approved,,S,,2026-07-22T10:54:10.079230+00:00,2026-07-22T10:54:42.603637+00:00
60a2a3d6,S-302,,S,0.9856,0.7853,Medium,False,ST.pdf,S(?:\d+X\d+(?:\.\d+)?|\-\d+),approved,,S,,2026-07-22T10:54:10.128837+00:00,2026-07-22T10:54:43.097923+00:00
4b0d0cb3,S-400,,S,0.9839,0.7844,Medium,False,ST.pdf,S(?:\d+X\d+(?:\.\d+)?|\-\d+),approved,,S,,2026-07-22T10:54:10.183241+00:00,2026-07-22T10:54:43.313137+00:00
4ec9c250,S-500,,S,0.9856,0.7853,Medium,False,ST.pdf,S(?:\d+X\d+(?:\.\d+)?|\-\d+),approved,,S,,2026-07-22T10:54:10.232558+00:00,2026-07-22T10:54:43.601218+00:00
b350ea90,S-600,,S,0.9856,0.7853,Medium,False,ST.pdf,S(?:\d+X\d+(?:\.\d+)?|\-\d+),approved,,S,,2026-07-22T10:54:10.303232+00:00,2026-07-22T10:54:43.915717+00:00
4156c923,S-700,,A,0.7622,0.6586,Medium,False,ST.pdf,S\-\d+,approved,,S,,2026-07-22T10:54:10.352669+00:00,2026-07-22T10:54:44.070979+00:00
f3bb196e,S-701,,S,0.9856,0.7853,Medium,False,ST.pdf,S(?:\d+X\d+(?:\.\d+)?|\-\d+),approved,,S,,2026-07-22T10:54:10.419190+00:00,2026-07-22T10:54:44.383285+00:00
6c7a655b,S-710,,S,0.9882,0.7866,Medium,False,ST.pdf,S(?:\d+X\d+(?:\.\d+)?|\-\d+),approved,,S,,2026-07-22T10:54:10.469444+00:00,2026-07-22T10:54:44.551774+00:00
f3e0441d,S-711,,S,0.9856,0.7853,Medium,False,ST.pdf,S(?:\d+X\d+(?:\.\d+)?|\-\d+),approved,,S,,2026-07-22T10:54:10.524434+00:00,2026-07-22T10:54:45.285567+00:00
ebec8837,S-800,,A,0.7622,0.6586,Medium,False,ST.pdf,S\-\d+,approved,,S,,2026-07-22T10:54:10.574643+00:00,2026-07-22T10:54:46.333112+00:00
7633cf1d,HSS12X4,,HSS,0.9896,0.7948,Medium,False,03 - SFSLS_251029_ISSUED FOR BID_2A_STRUCTURAL complied thru add 2.pdf,(?:HSS(?:\d+(?:X\d+(?:X\d+(?:/\d+)?|\-\d+/\d+X\d+/\d+)|\-\d+/\d+X\d+(?:\-\d+/\d+X\d+/\d+|X\d+/\d+))|\d+(?:\.\d+)?X\d+(?:\.\d+)?)|HSSCUSTOM\d+),approved,,HSS,,2026-07-22T10:55:26.430927+00:00,2026-07-22T10:56:14.850977+00:00
44e5e6a1,HSS4x0,,HSS,0.9993,0.7996,Medium,False,03 - SFSLS_251029_ISSUED FOR BID_2A_STRUCTURAL complied thru add 2.pdf,(?:HSS(?:\d+(?:X\d+(?:X\d+(?:/\d+)?|\-\d+/\d+X\d+/\d+)|\-\d+/\d+X\d+(?:\-\d+/\d+X\d+/\d+|X\d+/\d+))|\d+(?:\.\d+)?X\d+(?:\.\d+)?)|HSSCUSTOM\d+),approved,,HSS,,2026-07-22T10:58:32.559926+00:00,2026-07-22T10:58:54.276418+00:00
ed80baac,HSS6X0,,HSS,0.9993,0.7996,Medium,False,03 - SFSLS_251029_ISSUED FOR BID_2A_STRUCTURAL complied thru add 2.pdf,(?:HSS(?:\d+(?:X\d+(?:X\d+(?:/\d+)?|\-\d+/\d+X\d+/\d+)|\-\d+/\d+X\d+(?:\-\d+/\d+X\d+/\d+|X\d+/\d+))|\d+(?:\.\d+)?X\d+(?:\.\d+)?)|HSSCUSTOM\d+),approved,,HSS,,2026-07-22T10:58:32.649209+00:00,2026-07-22T10:59:07.319738+00:00
971e7ce3,L5x5x1/4,,L,0.8862,0.7431,Medium,False,03 - SFSLS_251029_ISSUED FOR BID_2A_STRUCTURAL complied thru add 2.pdf,L\d+(?:X\d+(?:(?:X\d+(?:(?:\-\d+/\d+|/\d+))?|\-\d+/\d+X\d+/\d+))?|\-\d+/\d+X\d+(?:\-\d+/\d+X\d+/\d+|X\d+/\d+)),approved,,L,,2026-07-22T10:58:33.168602+00:00,2026-07-22T10:59:07.812651+00:00
910b722c,S-121,,S,0.9829,0.7839,Medium,False,03 - SFSLS_251029_ISSUED FOR BID_2A_STRUCTURAL complied thru add 2.pdf,S(?:\d+X\d+(?:\.\d+)?|\-\d+),approved,,S,,2026-07-22T10:58:33.409131+00:00,2026-07-22T10:59:08.242998+00:00
b3ff63ce,S-122,,S,0.9829,0.7839,Medium,False,03 - SFSLS_251029_ISSUED FOR BID_2A_STRUCTURAL complied thru add 2.pdf,S(?:\d+X\d+(?:\.\d+)?|\-\d+),approved,,S,,2026-07-22T10:58:33.463987+00:00,2026-07-22T10:59:08.660005+00:00
b85060a0,S-123,,S,0.9851,0.785,Medium,False,03 - SFSLS_251029_ISSUED FOR BID_2A_STRUCTURAL complied thru add 2.pdf,S(?:\d+X\d+(?:\.\d+)?|\-\d+),approved,,S,,2026-07-22T10:58:33.513081+00:00,2026-07-22T10:59:09.035467+00:00
93b583d1,S-124,,S,0.9829,0.7839,Medium,False,03 - SFSLS_251029_ISSUED FOR BID_2A_STRUCTURAL complied thru add 2.pdf,S(?:\d+X\d+(?:\.\d+)?|\-\d+),approved,,S,,2026-07-22T10:58:33.570726+00:00,2026-07-22T10:59:09.495441+00:00
b01c47c7,S-131,,S,0.9788,0.7819,Medium,False,03 - SFSLS_251029_ISSUED FOR BID_2A_STRUCTURAL complied thru add 2.pdf,S(?:\d+X\d+(?:\.\d+)?|\-\d+),approved,,S,,2026-07-22T10:58:33.625288+00:00,2026-07-22T10:59:09.887433+00:00
f44d49e6,S-132,,S,0.9813,0.7832,Medium,False,03 - SFSLS_251029_ISSUED FOR BID_2A_STRUCTURAL complied thru add 2.pdf,S(?:\d+X\d+(?:\.\d+)?|\-\d+),approved,,S,,2026-07-22T10:58:33.684795+00:00,2026-07-22T10:59:10.358301+00:00
41f44f78,S-141,,S,0.9803,0.7826,Medium,False,03 - SFSLS_251029_ISSUED FOR BID_2A_STRUCTURAL complied thru add 2.pdf,S(?:\d+X\d+(?:\.\d+)?|\-\d+),approved,,S,,2026-07-22T10:58:33.747929+00:00,2026-07-22T10:59:10.777503+00:00
9ea9e115,S-142,,S,0.9803,0.7826,Medium,False,03 - SFSLS_251029_ISSUED FOR BID_2A_STRUCTURAL complied thru add 2.pdf,S(?:\d+X\d+(?:\.\d+)?|\-\d+),approved,,S,,2026-07-22T10:58:33.799368+00:00,2026-07-22T10:59:11.218233+00:00
8675a6ec,S-209,,S,0.9828,0.7839,Medium,False,03 - SFSLS_251029_ISSUED FOR BID_2A_STRUCTURAL complied thru add 2.pdf,S(?:\d+X\d+(?:\.\d+)?|\-\d+),approved,,S,,2026-07-22T10:58:34.029646+00:00,2026-07-22T10:59:12.239596+00:00
c0928292,S-313,,S,0.9813,0.7832,Medium,False,03 - SFSLS_251029_ISSUED FOR BID_2A_STRUCTURAL complied thru add 2.pdf,S(?:\d+X\d+(?:\.\d+)?|\-\d+),approved,,S,,2026-07-22T10:58:34.159133+00:00,2026-07-22T10:59:13.409824+00:00
f134aba2-a0ca-4030-8930-82b6afd28919,WF99X99,structural_section,A,0.397041916847229,0.4632709584236145,Low,true,restore-test.pdf,WF\d+X\d+,approved,material,A,,2026-07-22T13:36:21.508525+00:00,2026-07-22T14:06:33.273003+00:00
9b01bee2-6a50-4b21-8988-54f921ee6269,A992,material,A992,0.9180033206939697,0.7147516603469848,Medium,false,,A\d+,approved,material,A992,,2026-07-22T13:37:19.868758+00:00,2026-07-22T14:06:37.469644+00:00
4de4737c-5ecf-40f1-a65e-f013f7489f1e,A123,material,A123,0.7346367835998535,0.6230683917999267,Medium,false,ST.pdf,A\d+,approved,material,A123,,2026-07-22T13:37:21.939422+00:00,2026-07-22T14:06:47.211264+00:00
6faf3985-fa82-4834-9807-607f65884467,A205,material,A205,0.917160153388977,0.7143300766944884,Medium,false,ST.pdf,A\d+,approved,material,A205,,2026-07-22T13:37:21.958807+00:00,2026-07-22T14:06:52.597739+00:00
854d5446-f2fb-444e-92ba-ee5a90d63232,A307,bolt,A307,0.9530477523803711,0.7322738761901855,Medium,false,ST.pdf,A\d+,approved,bolt,A307,,2026-07-22T13:37:21.991259+00:00,2026-07-23T08:33:14.958803+00:00
29ce9b9a-529c-49be-a524-8e94586cabfc,A325,bolt,A325,0.942307710647583,0.7269038553237914,Medium,false,ST.pdf,A\d+,approved,bolt,A325,,2026-07-22T13:37:22.010283+00:00,2026-07-23T08:33:23.037405+00:00
9f7473b1-8866-4379-9c1a-3daaa042f44b,A36,material,A36,0.9530477523803711,0.7322738761901855,Medium,false,ST.pdf,A\d+,approved,material,A36,,2026-07-22T13:37:22.044787+00:00,2026-07-23T08:33:32.892940+00:00
3d584bd3-3c54-4a37-b5ce-22e761c9cde9,A5,structural_section,A,0.9711573719978333,0.6790786859989166,Medium,false,ST.pdf,WF\d+X\d+,approved,material,A,,2026-07-22T13:37:22.074122+00:00,2026-07-23T08:34:08.590112+00:00
0e0e9370-f05e-4636-9e88-fbdb94eff806,A572,material,A572,0.9711573719978333,0.7413286859989165,Medium,false,ST.pdf,A\d+,approved,material,A572,,2026-07-22T13:37:22.103266+00:00,2026-07-23T08:34:17.446124+00:00
4fddfc69-f2e9-47cf-acb2-3f0903343e13,A615,material,A615,0.709954559803009,0.6107272799015044,Medium,false,ST.pdf,A\d+,approved,bolt,A615,,2026-07-22T13:37:22.129702+00:00,2026-07-23T10:23:02.646476+00:00
6207b4ac-0f35-425e-93ff-c38e10d61634,HSS10x10,structural_section,HSS,0.9988738894462585,0.7871369447231292,Medium,false,ST.pdf,HSS\d+X\d+X\d+/\d+,approved,structural_section,HSS,,2026-07-22T13:37:22.186727+00:00,2026-07-23T08:34:34.702985+00:00
0a1a0d88-0415-45de-834b-3498fc1d0739,HSS3x3,structural_section,HSS,0.9991340041160583,0.7839370020580292,Medium,false,ST.pdf,HSS\d+X\d+X\d+/\d+,approved,structural_section,HSS,,2026-07-22T13:37:22.239586+00:00,2026-07-23T08:34:38.373084+00:00
16584a94-05df-418c-9c0e-06a72a64b0c8,HSS6x8x1/2,structural_section,HSS,0.9988741278648376,0.7838070639324188,Medium,false,ST.pdf,HSS\d+X\d+X\d+/\d+,approved,structural_section,HSS,,2026-07-22T13:37:22.289540+00:00,2026-07-23T08:34:45.004627+00:00
62a8b5d5-28a5-4d14-b722-1bebc87fc353,HSS8X8,structural_section,HSS,0.9991815686225891,0.7839607843112946,Medium,false,ST.pdf,HSS\d+X\d+X\d+/\d+,approved,structural_section,HSS,,2026-07-22T13:37:22.309666+00:00,2026-07-23T08:34:47.894980+00:00
450f9954-6bed-4fe4-aa8c-a407f6a75485,S-000,structural_section,S,0.9913739562034607,0.7791269781017303,Medium,false,ST.pdf,S\d+X\d+(?:\.\d+)?,approved,structural_section,S,,2026-07-22T13:37:22.473159+00:00,2026-07-23T10:23:05.422064+00:00
e5d738b3-68a6-4636-998d-e8bc07e3fb61,S-001,structural_section,S,0.9913739562034607,0.7792469781017304,Medium,false,ST.pdf,S\d+X\d+(?:\.\d+)?,approved,structural_section,S,,2026-07-22T13:37:22.492912+00:00,2026-07-23T10:23:10.572598+00:00
7851958c-4d5f-49cc-91da-b03b3900500f,S-002,structural_section,S,0.9913739562034607,0.7792469781017304,Medium,false,ST.pdf,S\d+X\d+(?:\.\d+)?,approved,structural_section,S,,2026-07-22T13:37:22.512610+00:00,2026-07-23T10:23:15.570246+00:00
25026dd6-d817-4626-8528-97c25f57ea0d,S-003,structural_section,S,0.9913739562034607,0.7792469781017304,Medium,false,ST.pdf,S\d+X\d+(?:\.\d+)?,approved,structural_section,S,,2026-07-22T13:37:22.539420+00:00,2026-07-23T10:23:18.556486+00:00
aa50e641-ca73-4578-8446-9d4c7abc9211,S-004,structural_section,S,0.9913739562034607,0.7792469781017304,Medium,false,ST.pdf,S\d+X\d+(?:\.\d+)?,approved,structural_section,S,,2026-07-22T13:37:22.559469+00:00,2026-07-23T10:23:20.985080+00:00
38ecbf86-752a-45d9-8c27-3005f271db26,S-005,structural_section,S,0.9913739562034607,0.7792469781017304,Medium,false,ST.pdf,S\d+X\d+(?:\.\d+)?,approved,structural_section,S,,2026-07-22T13:37:22.588198+00:00,2026-07-23T10:23:28.322324+00:00
217a81d5-25f5-4df2-a802-d7b2b1a32a68,S-100,structural_section,S,0.9931568503379822,0.7801384251689911,Medium,false,ST.pdf,S\d+X\d+(?:\.\d+)?,approved,structural_section,S,,2026-07-22T13:37:22.608902+00:00,2026-07-23T10:23:31.248503+00:00
44fcadbd-d5d2-4707-8c0e-ed413eba7ba9,S-101,structural_section,S,0.9931568503379822,0.7801384251689911,Medium,false,ST.pdf,S\d+X\d+(?:\.\d+)?,approved,structural_section,S,,2026-07-22T13:37:22.639306+00:00,2026-07-23T10:23:35.834952+00:00
d41bd25e-509c-464d-af95-a73165221dff,S-102,structural_section,S,0.9931568503379822,0.7801384251689911,Medium,false,ST.pdf,S\d+X\d+(?:\.\d+)?,approved,,S,,2026-07-22T13:37:22.659036+00:00,2026-07-23T11:12:52.010266+00:00
c8477e67-1c47-4a57-b172-c07030bcee4f,S-103,structural_section,S,0.9931568503379822,0.7801384251689911,Medium,false,ST.pdf,S\d+X\d+(?:\.\d+)?,approved,,S,,2026-07-22T13:37:22.688939+00:00,2026-07-23T11:12:52.059626+00:00
25994525-1431-410d-9610-f953316de83a,S-104,structural_section,S,0.9931568503379822,0.7801384251689911,Medium,false,ST.pdf,S\d+X\d+(?:\.\d+)?,approved,,S,,2026-07-22T13:37:22.709437+00:00,2026-07-23T11:12:52.100401+00:00
bc2b3121-4794-469d-a992-a041b40fcb54,S-105,structural_section,S,0.9931568503379822,0.7801384251689911,Medium,false,ST.pdf,S\d+X\d+(?:\.\d+)?,approved,,S,,2026-07-22T13:37:22.738885+00:00,2026-07-23T11:12:52.136986+00:00
9dc2ab04-e468-4659-88df-3dcef195488f,S-200,structural_section,S,0.9913739562034607,0.7792469781017304,Medium,false,ST.pdf,S\d+X\d+(?:\.\d+)?,approved,,S,,2026-07-22T13:37:22.759185+00:00,2026-07-23T11:12:52.191444+00:00
7d8106d3-ba94-440c-a0e8-ee80e86bd2db,S-300,structural_section,S,0.9913739562034607,0.7792469781017304,Medium,false,ST.pdf,S\d+X\d+(?:\.\d+)?,approved,,S,,2026-07-22T13:37:22.789722+00:00,2026-07-23T11:12:52.227508+00:00
234ef8fe-1c26-4702-93fa-ce7dc5f44cf4,S-302,structural_section,S,0.9913739562034607,0.7792469781017304,Medium,false,ST.pdf,S\d+X\d+(?:\.\d+)?,approved,,S,,2026-07-22T13:37:22.810138+00:00,2026-07-23T11:12:52.270014+00:00
c34946d4-6350-4034-92e5-2ee5a96c5c69,S-400,structural_section,S,0.9903210997581482,0.7787205498790741,Medium,false,ST.pdf,S\d+X\d+(?:\.\d+)?,approved,,S,,2026-07-22T13:37:22.838985+00:00,2026-07-23T11:12:52.304988+00:00
e46a1c40-fa8a-45a1-b3fb-0c15073364e2,S-500,structural_section,S,0.9913739562034607,0.7792469781017304,Medium,false,ST.pdf,S\d+X\d+(?:\.\d+)?,approved,,S,,2026-07-22T13:37:22.859593+00:00,2026-07-23T11:12:52.333301+00:00
c91b3aa8-f705-4e6c-97cc-b6e221bddd68,S-501,structural_section,S,0.9913739562034607,0.7792469781017304,Medium,false,ST.pdf,S\d+X\d+(?:\.\d+)?,approved,,S,,2026-07-22T13:37:22.889231+00:00,2026-07-23T11:12:52.368743+00:00
4d2fc51e-04b2-4378-a0ca-dc03a19f7e02,S-600,structural_section,S,0.9913739562034607,0.7792469781017304,Medium,false,ST.pdf,S\d+X\d+(?:\.\d+)?,approved,,S,,2026-07-22T13:37:22.910097+00:00,2026-07-23T11:12:52.399489+00:00
dd82ec74-fdf3-4598-b872-5e8731ba5609,S-700,structural_section,S,0.9913739562034607,0.7792469781017304,Medium,false,ST.pdf,S\d+X\d+(?:\.\d+)?,approved,,S,,2026-07-22T13:37:22.939022+00:00,2026-07-23T11:12:52.423785+00:00
c05a2b70-67c7-4524-8c23-f359a09fa74b,S-701,structural_section,S,0.9913739562034607,0.7792469781017304,Medium,false,ST.pdf,S\d+X\d+(?:\.\d+)?,approved,,S,,2026-07-22T13:37:22.960244+00:00,2026-07-23T11:12:52.452610+00:00
db7e0843-9b44-42f8-98f8-1812870fe508,S-710,structural_section,S,0.992123544216156,0.779621772108078,Medium,false,ST.pdf,S\d+X\d+(?:\.\d+)?,approved,,S,,2026-07-22T13:37:22.989789+00:00,2026-07-23T11:12:52.482992+00:00
cd701ce5-e5be-4014-ba58-0222f81490c3,S-711,structural_section,S,0.9913739562034607,0.7792469781017304,Medium,false,ST.pdf,S\d+X\d+(?:\.\d+)?,approved,,S,,2026-07-22T13:37:23.010603+00:00,2026-07-23T11:12:52.507735+00:00
26dfddf9-5604-44e2-a225-8ce34b0bd04b,S-800,structural_section,S,0.9913739562034607,0.7792469781017304,Medium,false,ST.pdf,S\d+X\d+(?:\.\d+)?,approved,,S,,2026-07-22T13:37:23.039137+00:00,2026-07-23T11:12:52.532222+00:00
f15e9b70-f07f-472f-a708-379cff9442b8,A1064,material,A1064,0.7472970485687256,0.6293985242843627,Medium,false,1200 K_Permit_Bid_Dwgs - Structural.pdf,A\d+,approved,bolt,A1064,,2026-07-22T14:05:14.788404+00:00,2026-07-23T11:12:09.414953+00:00
68a5f122-11aa-4648-b4f3-7fefe1f78736,A108,material,A108,0.731221079826355,0.6213605399131774,Medium,false,1200 K_Permit_Bid_Dwgs - Structural.pdf,A\d+,approved,,A108,,2026-07-22T14:05:14.811315+00:00,2026-07-23T11:12:52.554381+00:00
8256e2e2-7760-4716-803a-23d7f97b4969,A2280,material,A2280,0.917160153388977,0.7143300766944884,Medium,false,1200 K_Permit_Bid_Dwgs - Structural.pdf,A\d+,approved,,A2280,,2026-07-22T14:05:14.842935+00:00,2026-07-23T11:12:52.575300+00:00
0ac0612b-eb62-4b92-9287-d8caefe87e9f,A29,material,A29,0.917160153388977,0.7143300766944884,Medium,false,1200 K_Permit_Bid_Dwgs - Structural.pdf,A\d+,approved,,A29,,2026-07-22T14:05:14.864686+00:00,2026-07-23T11:12:52.605533+00:00
c03fee92-7fa4-4e2b-ad05-b6d038dc7bc0,A416,material,A416,0.9552232027053833,0.7333616013526916,Medium,false,1200 K_Permit_Bid_Dwgs - Structural.pdf,A\d+,approved,,A416,,2026-07-22T14:05:14.921673+00:00,2026-07-23T11:12:52.625036+00:00
8f5541af-5a05-4574-9018-2ebe389d49e5,A446,material,A446,0.9522213339805603,0.7318606669902801,Medium,false,1200 K_Permit_Bid_Dwgs - Structural.pdf,A\d+,approved,,A446,,2026-07-22T14:05:14.945687+00:00,2026-07-23T11:12:52.648792+00:00
b319d839-39b7-4b7a-933b-ec1262ea8a21,A490,bolt,A490,0.9522213339805603,0.7318606669902801,Medium,false,1200 K_Permit_Bid_Dwgs - Structural.pdf,A\d+,approved,,A490,,2026-07-22T14:05:14.966832+00:00,2026-07-23T11:12:52.797139+00:00
284ae0e0-e860-4e9c-ae1d-e67bbc8d2f30,A500,material,A500,0.9711573719978333,0.7413286859989165,Medium,false,1200 K_Permit_Bid_Dwgs - Structural.pdf,A\d+,approved,,A500,,2026-07-22T14:05:15.004690+00:00,2026-07-23T11:12:52.872962+00:00
f3c78aa6-917e-4ea9-b9aa-4ffaa57b3a9c,A53,material,A53,0.9711573719978333,0.7413286859989165,Medium,false,1200 K_Permit_Bid_Dwgs - Structural.pdf,A\d+,approved,,A53,,2026-07-22T14:05:15.033840+00:00,2026-07-23T11:12:52.903426+00:00
84da5b2e-3997-4510-a03b-ef2e7e7324bf,A563,bolt,A563,0.9711573719978333,0.7413286859989165,Medium,false,1200 K_Permit_Bid_Dwgs - Structural.pdf,A\d+,approved,,A563,,2026-07-22T14:05:15.055582+00:00,2026-07-23T11:12:52.930300+00:00
2ad62109-082d-4386-841f-be704d8a035a,A653,material,A653,0.7350616455078125,0.6232808227539062,Medium,false,1200 K_Permit_Bid_Dwgs - Structural.pdf,A\d+,approved,,A653,,2026-07-22T14:05:15.105950+00:00,2026-07-23T11:12:52.958337+00:00
42be89b2-ddcd-4fc3-b7da-177e5d54399d,A706,material,A706,0.9125134944915771,0.7120067472457885,Medium,false,1200 K_Permit_Bid_Dwgs - Structural.pdf,A\d+,approved,,A706,,2026-07-22T14:05:15.140927+00:00,2026-07-23T11:12:52.990355+00:00
350ba069-a72e-442e-ba5a-5008da7662c4,A913,material,A913,0.9036372303962708,0.7075686151981353,Medium,false,1200 K_Permit_Bid_Dwgs - Structural.pdf,A\d+,approved,,A913,,2026-07-22T14:05:15.161789+00:00,2026-07-23T11:12:53.016003+00:00
83a00fb5-49f6-44c5-b087-2cc4ce1d7de5,A959,material,A959,0.9180033206939697,0.7147516603469848,Medium,false,1200 K_Permit_Bid_Dwgs - Structural.pdf,A\d+,approved,,A959,,2026-07-22T14:05:15.195596+00:00,2026-07-23T11:12:53.035758+00:00
1e0ec9fd-2a54-457e-8982-88482d9e1263,HSS5x5,structural_section,HSS,0.9986587762832642,0.7836993881416321,Medium,false,1200 K_Permit_Bid_Dwgs - Structural.pdf,HSS\d+X\d+X\d+/\d+,approved,,HSS,,2026-07-22T14:05:15.337806+00:00,2026-07-23T11:12:53.059860+00:00
18d2192e-bdf4-4b16-93e7-06993c6e09a0,L18x12x3/8,structural_section,L,0.9935919642448425,0.7144159821224213,Medium,false,1200 K_Permit_Bid_Dwgs - Structural.pdf,L\d+X\d+X\d+/\d+,approved,,L,,2026-07-22T14:05:15.477574+00:00,2026-07-23T11:12:53.082675+00:00
df361bea-fccb-4918-9f39-e47042962f23,L5x5,structural_section,C,0.7106286287307739,0.642714314365387,Medium,false,1200 K_Permit_Bid_Dwgs - Structural.pdf,(?:C|L)\d+X\d+(?:\.\d+)?,approved,,C,,2026-07-22T14:05:15.602823+00:00,2026-07-23T11:12:53.107168+00:00
41f7585a-acc1-4ae3-8be0-6dc8f0860422,A123,material,A123,0.9797757027691837,0.7336978513845918,Medium,false,GCDC Building 4 - ST1.pdf,A\d+,approved,,A123,,2026-07-23T08:31:50.535600+00:00,2026-07-23T11:12:53.126383+00:00
94bff9f0-045a-452d-930a-19e560fabd64,A153,material,A153,0.9463073399704945,0.7289036699852472,Medium,false,GCDC Building 4 - ST1.pdf,A\d+,approved,,A153,,2026-07-23T08:31:50.561032+00:00,2026-07-23T11:12:53.152275+00:00
96fac8c1-8b0b-4e75-969f-97dd2e887508,A496,material,A496,0.9758564999387381,0.743678249969369,Medium,false,GCDC Building 4 - ST1.pdf,A\d+,approved,,A496,,2026-07-23T08:31:50.644899+00:00,2026-07-23T11:12:53.172936+00:00
2be84ed3-6c36-4dde-8617-1bb55ceb4990,A525,material,A525,0.9811229864306795,0.7463114932153397,Medium,false,GCDC Building 4 - ST1.pdf,A\d+,approved,,A525,,2026-07-23T08:31:50.703787+00:00,2026-07-23T11:12:53.191444+00:00
8c73af66-dafd-44ee-8131-f1c19785ad10,A775,material,A775,0.9731332418889487,0.7423166209444743,Medium,false,GCDC Building 4 - ST1.pdf,A\d+,approved,,A775,,2026-07-23T08:31:50.780962+00:00,2026-07-23T11:12:53.214550+00:00
ecc6f476-e3b2-4bb4-8d12-ceb2cb6bfff6,A780,material,A780,0.9451498202734223,0.7283249101367111,Medium,false,GCDC Building 4 - ST1.pdf,A\d+,approved,,A780,,2026-07-23T08:31:50.807167+00:00,2026-07-23T11:12:53.229991+00:00
cf88606c-8e61-41a7-8ed1-dff217c2e1bc,A992,material,A992,0.5724192391410602,0.53001961957053,Low,true,GCDC Building 4 - ST1.pdf,A\d+,approved,,A992,,2026-07-23T08:31:50.836329+00:00,2026-07-23T11:12:53.251051+00:00
520c1f32-053e-4734-957e-666f9a63d326,HSS12x12,structural_section,HSS,0.9940786068180811,0.7814093034090406,Medium,false,GCDC Building 4 - ST1.pdf,HSS\d+X\d+X\d+/\d+,approved,,HSS,,2026-07-23T08:31:50.941833+00:00,2026-07-23T11:12:53.269222+00:00
d0ccd004-1c32-417d-87b8-3dbbc853431d,HSS14x0,structural_section,HSS,0.9959932908871819,0.7823666454435909,Medium,false,GCDC Building 4 - ST1.pdf,HSS\d+X\d+X\d+/\d+,approved,,HSS,,2026-07-23T08:31:51.046330+00:00,2026-07-23T11:12:53.286695+00:00
ed001eb9-3cce-4943-96ff-5e25500a124d,HSS14x10,structural_section,HSS,0.9965236654751773,0.7826318327375886,Medium,false,GCDC Building 4 - ST1.pdf,HSS\d+X\d+X\d+/\d+,approved,,HSS,,2026-07-23T08:31:51.069596+00:00,2026-07-23T11:12:53.305726+00:00
6185d47c-1fd4-48c6-afcf-8d9b08d0a4ea,HSS14x14,structural_section,HSS,0.9963020074706351,0.7825210037353175,Medium,false,GCDC Building 4 - ST1.pdf,HSS\d+X\d+X\d+/\d+,approved,,HSS,,2026-07-23T08:31:51.111820+00:00,2026-07-23T11:12:53.323030+00:00
620927cf-f096-481b-bd1f-4d6d6a7e0f44,HSS6x6,structural_section,HSS,0.9947670567374219,0.7817535283687109,Medium,false,GCDC Building 4 - ST1.pdf,HSS\d+X\d+X\d+/\d+,approved,,HSS,,2026-07-23T08:31:51.389594+00:00,2026-07-23T11:12:53.340783+00:00
30f567f6-f760-424f-94d7-024c80e62dd3,HSS8X6,structural_section,HSS,0.9939597998708871,0.7813498999354436,Medium,false,GCDC Building 4 - ST1.pdf,HSS\d+X\d+X\d+/\d+,approved,,HSS,,2026-07-23T08:31:51.421696+00:00,2026-07-23T11:12:53.359362+00:00
b00cd730-b4a7-4e21-941b-1c34e56ff430,HSS8x4,structural_section,HSS,0.9946650855933882,0.781702542796694,Medium,false,GCDC Building 4 - ST1.pdf,HSS\d+X\d+X\d+/\d+,approved,,HSS,,2026-07-23T08:31:51.443524+00:00,2026-07-23T11:12:53.376719+00:00
7b769dc9-ec16-4b41-8487-946cc6b97a03,L2x2x10,structural_section,L,0.9824565995407109,0.7250782997703554,Medium,false,GCDC Building 4 - ST1.pdf,L\d+X\d+X\d+/\d+,approved,,L,,2026-07-23T08:31:51.665147+00:00,2026-07-23T11:12:53.393436+00:00
729cdd36-6ce1-4ba6-92fd-2d7de282dc1d,L4x4,structural_section,L,0.9904176218791555,0.7504188109395777,Medium,false,GCDC Building 4 - ST1.pdf,L\d+X\d+X\d+/\d+,approved,,L,,2026-07-23T08:31:51.742191+00:00,2026-07-23T11:12:53.414676+00:00
9e1a82d8-8d7c-4543-80ab-4e8c0cc9f379,L5x3,structural_section,L,0.6379246817494745,0.5681723408747372,Medium,true,GCDC Building 4 - ST1.pdf,L\d+X\d+X\d+/\d+,approved,,L,,2026-07-23T08:31:51.832681+00:00,2026-07-23T11:12:53.434328+00:00
ea5e1bae-7147-42c4-b013-a668f4a57570,L6x3,structural_section,L,0.9921864848697863,0.7453032424348931,Medium,false,GCDC Building 4 - ST1.pdf,L\d+X\d+X\d+/\d+,approved,,L,,2026-07-23T08:31:51.931589+00:00,2026-07-23T11:12:53.456446+00:00
21d896e8-2ac8-47d6-9823-54802d1deffd,L6x4x1/4,structural_section,L,0.9947511519994495,0.7465855759997247,Medium,false,GCDC Building 4 - ST1.pdf,L\d+X\d+X\d+/\d+,approved,,L,,2026-07-23T08:31:51.955010+00:00,2026-07-23T11:12:53.482984+00:00
3105879e-e581-4c49-846e-0159a90e70dc,L7x7x1/2,structural_section,L,0.9851932695141459,0.7418066347570729,Medium,false,GCDC Building 4 - ST1.pdf,L\d+X\d+X\d+/\d+,approved,,L,,2026-07-23T08:31:52.059513+00:00,2026-07-23T11:12:53.511917+00:00
e41d8e0e-c407-4eb0-84ee-6904d37beb10,W18x36,structural_section,W,0.9945779023759593,0.7861889511879796,Medium,false,GCDC Building 4 - ST1.pdf,W\d+X\d+,approved,,W,,2026-07-23T08:31:52.802322+00:00,2026-07-23T11:12:53.534405+00:00
ec40e958-cb30-40f7-b2ea-11bd2cbc4eab,A123,material,A123,0.9797757027691837,0.7426378513845918,Medium,false,ST.pdf,A\d+,approved,bolt,A123,,2026-07-23T11:20:34.715952+00:00,2026-07-23T11:21:28.447728+00:00
c28bdee9-383b-4360-ba93-3550471f6227,A205,material,A205,0.9731793186983255,0.7303996593491627,Medium,false,ST.pdf,A\d+,approved,bolt,A205,,2026-07-23T11:20:34.741441+00:00,2026-07-23T11:21:38.560934+00:00
6f5789ce-7b25-4702-94b1-5ce1757a316b,A307,bolt,A307,0.9339925729629911,0.7108062864814955,Medium,false,ST.pdf,A\d+,approved,bolt,A307,,2026-07-23T11:20:34.769286+00:00,2026-07-23T11:21:42.522078+00:00
d55f2e09-e84c-46d1-88a3-0f897a42beef,A325,bolt,A325,0.8988509528654548,0.6932354764327273,Medium,false,ST.pdf,A\d+,approved,bolt,A325,,2026-07-23T11:20:34.793442+00:00,2026-07-23T11:21:43.933110+00:00
51cde580-f259-4383-8832-fdadf8a420e9,A36,material,A36,0.9014249647726477,0.6945224823863239,Medium,false,ST.pdf,A\d+,approved,bolt,A36,,2026-07-23T11:20:34.825257+00:00,2026-07-23T11:21:50.716543+00:00
e84d97a1-2e4a-46d5-9a6a-6458d4d3340d,A5,structural_section,A,0.9827245400004441,0.771292270000222,Medium,false,ST.pdf,A\d+,approved,bolt,A,,2026-07-23T11:20:34.860060+00:00,2026-07-23T11:21:58.083855+00:00
415b627a-b9e7-4ef4-8248-96bd23f84909,A572,material,A572,0.9666548080096593,0.7271374040048296,Medium,false,ST.pdf,A\d+,approved,bolt,A572,,2026-07-23T11:20:34.899541+00:00,2026-07-23T11:22:50.678660+00:00
7f6ae59b-e247-4072-80af-995615de4085,A615,material,A615,0.9680486436050194,0.7278343218025096,Medium,false,ST.pdf,A\d+,approved,bolt,A615,,2026-07-23T11:20:34.936634+00:00,2026-07-23T11:22:58.904326+00:00
235cc976-8eb5-4227-a4c3-763381232e1e,A992,material,A992,0.5724192391410602,0.5389596195705301,Low,true,ST.pdf,A\d+,approved,material,A992,,2026-07-23T11:20:34.971472+00:00,2026-07-23T11:22:34.551101+00:00
89105acf-5206-411c-bd9f-d19a0d77b57f,HSS10x10,structural_section,HSS,0.9962847462011863,0.7858423731005931,Medium,false,ST.pdf,HSS\d+X\d+X\d+/\d+,approved,structural_section,HSS,,2026-07-23T11:20:35.007316+00:00,2026-07-23T11:22:07.989112+00:00
673b1279-f5a4-4c98-9ea2-7ed2f33c4130,HSS3x3,structural_section,HSS,0.9947276159315145,0.7817338079657572,Medium,false,ST.pdf,HSS\d+X\d+X\d+/\d+,approved,structural_section,HSS,,2026-07-23T11:20:35.085150+00:00,2026-07-23T11:22:09.844433+00:00
fa0bad9b-8796-4664-b8ee-e31367a666bf,HSS6x8x1/2,structural_section,HSS,0.9961798500705324,0.7824599250352662,Medium,false,ST.pdf,HSS\d+X\d+X\d+/\d+,approved,structural_section,HSS,,2026-07-23T11:20:35.155246+00:00,2026-07-23T11:22:12.143386+00:00
97627c82-0278-44d1-90f6-c1827ef38c82,HSS8X8,structural_section,HSS,0.9941841420064298,0.7814620710032149,Medium,false,ST.pdf,HSS\d+X\d+X\d+/\d+,approved,structural_section,HSS,,2026-07-23T11:20:35.190998+00:00,2026-07-23T11:22:14.552569+00:00
14314066-9009-4cbd-ba41-5efe6bdc4695,S-000,structural_section,S,0.993881243590582,0.741380621795291,Medium,false,ST.pdf,S\-\d+,approved,structural_section,S,,2026-07-23T11:20:35.528373+00:00,2026-07-23T11:22:19.167072+00:00
6bf32894-2233-42ed-890d-50f687edfd48,S-001,structural_section,S,0.9934398188164514,0.7411599094082257,Medium,false,ST.pdf,S\-\d+,approved,structural_section,S,,2026-07-23T11:20:35.567851+00:00,2026-07-23T11:22:20.425392+00:00
a9b6b644-fe16-41e7-8ef2-68b823309948,S-002,structural_section,S,0.9932848738767514,0.7410824369383757,Medium,false,ST.pdf,S\-\d+,approved,structural_section,S,,2026-07-23T11:20:35.600202+00:00,2026-07-23T11:22:21.802580+00:00
a6523dde-cb29-456c-8026-5c6e8ef13bb3,S-003,structural_section,S,0.9928630421772775,0.7408715210886387,Medium,false,ST.pdf,S\-\d+,approved,structural_section,S,,2026-07-23T11:20:35.636364+00:00,2026-07-23T11:22:23.033728+00:00
6d45ef20-0310-48a1-ac12-f9c432e52dee,S-004,structural_section,S,0.9929465205555935,0.7409132602777968,Medium,false,ST.pdf,S\-\d+,approved,structural_section,S,,2026-07-23T11:20:35.672688+00:00,2026-07-23T11:22:23.747337+00:00
612ba5b1-883d-4c17-a55e-9d2e58c8b165,S-005,structural_section,S,0.9931126842083997,0.7409963421041998,Medium,false,ST.pdf,S\-\d+,approved,structural_section,S,,2026-07-23T11:20:35.707585+00:00,2026-07-23T11:22:24.527211+00:00
feda0939-d8c3-429f-b0eb-39406fb3a36a,S-100,structural_section,S,0.994188438713182,0.741534219356591,Medium,false,ST.pdf,S\-\d+,approved,structural_section,S,,2026-07-23T11:20:35.751414+00:00,2026-07-23T11:22:25.131866+00:00
43b091b2-a3f9-4752-9a17-907e069ca548,S-101,structural_section,S,0.9934488356737123,0.7411644178368562,Medium,false,ST.pdf,S\-\d+,approved,structural_section,S,,2026-07-23T11:20:35.789022+00:00,2026-07-23T11:22:26.156497+00:00
ada2665a-f67e-4f05-ab6e-26eab6967be7,S-102,structural_section,S,0.9931120266577497,0.7409960133288749,Medium,false,ST.pdf,S\-\d+,approved,structural_section,S,,2026-07-23T11:20:35.823209+00:00,2026-07-23T11:22:26.654856+00:00
e84a8840-5dc7-4240-b935-88a4ace8ec75,S-103,structural_section,S,0.9917153982369832,0.7402976991184915,Medium,false,ST.pdf,S\-\d+,approved,structural_section,S,,2026-07-23T11:20:35.857628+00:00,2026-07-23T11:22:27.219459+00:00
a75306c7-3224-477d-8fcf-933388bc4ff5,S-104,structural_section,S,0.991568211285077,0.7402241056425385,Medium,false,ST.pdf,S\-\d+,approved,structural_section,S,,2026-07-23T11:20:35.889337+00:00,2026-07-23T11:22:28.188183+00:00
67d3badc-fddd-4721-8315-07923352c98d,S-105,structural_section,S,0.9935132167387118,0.741196608369356,Medium,false,ST.pdf,S\-\d+,approved,structural_section,S,,2026-07-23T11:20:35.922527+00:00,2026-07-23T11:22:28.703551+00:00
c038d8c8-21e8-4620-af5e-9feb2a4552b7,S-200,structural_section,S,0.9942916879059958,0.7415858439529979,Medium,false,ST.pdf,S\-\d+,approved,structural_section,S,,2026-07-23T11:20:35.960319+00:00,2026-07-23T11:22:29.305399+00:00
fe274f0e-a0b7-4b8e-a56b-f8c3651e6cd6,S-300,structural_section,S,0.9906715452271806,0.7397757726135903,Medium,false,ST.pdf,S\-\d+,approved,structural_section,S,,2026-07-23T11:20:35.992627+00:00,2026-07-23T11:22:29.807806+00:00
f1a1de05-eecd-4cff-bca4-23078905e3b5,S-302,structural_section,S,0.9894901138760673,0.7391850569380336,Medium,false,ST.pdf,S\-\d+,approved,structural_section,S,,2026-07-23T11:20:36.028958+00:00,2026-07-23T11:22:30.341436+00:00
b5efd2bd-fb3b-46e4-b2fb-1b7b2044b3c4,S-400,structural_section,S,0.9922143791434967,0.7405471895717484,Medium,false,ST.pdf,S\-\d+,approved,structural_section,S,,2026-07-23T11:20:36.069077+00:00,2026-07-23T11:22:30.804755+00:00
c7cc7bb4-7ad3-47bd-a343-3a4e9ff96913,S-500,structural_section,S,0.9933148035099126,0.7410974017549563,Medium,false,ST.pdf,S\-\d+,approved,structural_section,S,,2026-07-23T11:20:36.101321+00:00,2026-07-23T11:22:31.295240+00:00
0a5b1c6e-4594-4324-a182-09e15395b04b,S-501,structural_section,S,0.9926550377675664,0.7407675188837832,Medium,false,ST.pdf,S\-\d+,approved,structural_section,S,,2026-07-23T11:20:36.136074+00:00,2026-07-23T11:22:31.824315+00:00
151b0a31-d8a7-4cbd-9717-7bb1dd0d690d,S-600,structural_section,S,0.9906261565509231,0.7397530782754616,Medium,false,ST.pdf,S\-\d+,approved,structural_section,S,,2026-07-23T11:20:36.170256+00:00,2026-07-23T11:22:32.280045+00:00
c1b6fbaf-0a79-4fb3-91ed-e1945e7088f5,S-700,structural_section,S,0.9924115441853569,0.7406457720926785,Medium,false,ST.pdf,S\-\d+,approved,structural_section,S,,2026-07-23T11:20:36.205628+00:00,2026-07-23T11:22:36.377565+00:00
38348a9f-83bd-4c9b-8fe9-9fe049f8b1ba,S-701,structural_section,S,0.9922874957233546,0.7405837478616772,Medium,false,ST.pdf,S\-\d+,approved,structural_section,S,,2026-07-23T11:20:36.242199+00:00,2026-07-23T11:22:38.289176+00:00
8591532f-a445-4002-9c27-a316ce4e9893,S-710,structural_section,S,0.9918537117979048,0.7403668558989525,Medium,false,ST.pdf,S\-\d+,approved,structural_section,S,,2026-07-23T11:20:36.277086+00:00,2026-07-23T11:22:39.159903+00:00
ac051007-0f5d-4a71-9065-709c56e0b126,S-711,structural_section,S,0.9917830669209587,0.7403315334604794,Medium,false,ST.pdf,S\-\d+,approved,structural_section,S,,2026-07-23T11:20:36.316950+00:00,2026-07-23T11:22:39.754883+00:00
6e5230be-1b2f-42ad-8900-afca4609609c,S-800,structural_section,S,0.9892039013788736,0.7390419506894368,Medium,false,ST.pdf,S\-\d+,approved,structural_section,S,,2026-07-23T11:20:36.350008+00:00,2026-07-23T11:22:40.480830+00:00
3c62dc25-75e1-4f2f-8574-80f8052b944e,A1064,material,A1064,0.9444751477624341,0.7160475738812171,Medium,false,03 - SFSLS_251029_ISSUED FOR BID_2A_STRUCTURAL complied thru add 2.pdf,A\d+,rejected,,,,2026-07-23T11:26:02.025357+00:00,2026-07-23T11:26:52.762651+00:00
6bff9fcc-7532-4780-b141-614494412d84,A2,structural_section,A,0.9846747512908557,0.7723873756454278,Medium,false,03 - SFSLS_251029_ISSUED FOR BID_2A_STRUCTURAL complied thru add 2.pdf,A\d+,rejected,,,,2026-07-23T11:26:02.068932+00:00,2026-07-23T11:26:56.213513+00:00
65c00385-94ec-4f24-9974-d18edec873eb,A3,structural_section,A,0.6724245168264398,0.6162622584132198,Medium,true,03 - SFSLS_251029_ISSUED FOR BID_2A_STRUCTURAL complied thru add 2.pdf,A\d+,rejected,,,,2026-07-23T11:26:02.108984+00:00,2026-07-23T11:26:57.328145+00:00
c132c753-6d9e-4f29-b9c1-91a4633c3935,A307,bolt,A307,0.9339925729629911,0.7197462864814955,Medium,false,03 - SFSLS_251029_ISSUED FOR BID_2A_STRUCTURAL complied thru add 2.pdf,A\d+,approved,bolt,A307,,2026-07-23T11:26:02.146322+00:00,2026-07-23T11:26:59.524622+00:00
ac128088-8f6b-4c8f-b146-c90efd0f61a5,A325,bolt,A325,0.8988509528654548,0.7021754764327274,Medium,false,03 - SFSLS_251029_ISSUED FOR BID_2A_STRUCTURAL complied thru add 2.pdf,A\d+,approved,bolt,A325,,2026-07-23T11:26:02.190056+00:00,2026-07-23T11:27:00.615123+00:00
94889c49-a44f-44ba-9e78-a379c0987e8a,A36,material,A36,0.9014249647726477,0.7034624823863238,Medium,false,03 - SFSLS_251029_ISSUED FOR BID_2A_STRUCTURAL complied thru add 2.pdf,A\d+,approved,bolt,A36,,2026-07-23T11:26:02.228087+00:00,2026-07-23T11:27:13.451639+00:00
36e572f5-5ff1-4fe2-8170-15fdac3bb4ad,A500,material,A500,0.5594064243606841,0.5235132121803421,Low,true,03 - SFSLS_251029_ISSUED FOR BID_2A_STRUCTURAL complied thru add 2.pdf,A\d+,approved,bolt,A500,,2026-07-23T11:26:02.270579+00:00,2026-07-23T11:27:22.967857+00:00
70ebaa83-4674-4c14-a2df-cbd83ec2b0c2,A53,material,A53,0.8955514122950207,0.6915857061475104,Medium,false,03 - SFSLS_251029_ISSUED FOR BID_2A_STRUCTURAL complied thru add 2.pdf,A\d+,approved,bolt,A53,,2026-07-23T11:26:02.305073+00:00,2026-07-23T11:29:02.186335+00:00
06044f27-1e3a-4685-b055-c213fbe71e94,A568,material,A568,0.9574046430355677,0.7344523215177838,Medium,false,03 - SFSLS_251029_ISSUED FOR BID_2A_STRUCTURAL complied thru add 2.pdf,A\d+,approved,bolt,A568,,2026-07-23T11:26:02.341724+00:00,2026-07-23T11:29:06.748914+00:00
98135ddb-34d3-4588-8916-ca7641f969ed,A572,material,A572,0.9666548080096593,0.7360774040048297,Medium,false,03 - SFSLS_251029_ISSUED FOR BID_2A_STRUCTURAL complied thru add 2.pdf,A\d+,approved,bolt,A572,,2026-07-23T11:26:02.380835+00:00,2026-07-23T11:29:11.554462+00:00
54025436-8288-4979-8f34-e0dc25caa86a,A588,material,A588,0.7647606139074755,0.6381303069537377,Medium,false,03 - SFSLS_251029_ISSUED FOR BID_2A_STRUCTURAL complied thru add 2.pdf,A\d+,approved,bolt,A588,,2026-07-23T11:26:02.423601+00:00,2026-07-23T11:29:17.504494+00:00
66009aca-34e2-4b15-ae10-e84b301121d6,A6,structural_section,A,0.9473125584701317,0.7537062792350658,Medium,false,03 - SFSLS_251029_ISSUED FOR BID_2A_STRUCTURAL complied thru add 2.pdf,A\d+,rejected,,,,2026-07-23T11:26:02.461475+00:00,2026-07-23T11:27:28.929145+00:00
cec30b3f-badc-4c95-b230-b8001f04d612,A615,material,A615,0.9680486436050194,0.7367743218025097,Medium,false,03 - SFSLS_251029_ISSUED FOR BID_2A_STRUCTURAL complied thru add 2.pdf,A\d+,approved,bolt,A615,,2026-07-23T11:26:02.501374+00:00,2026-07-23T11:29:22.534878+00:00
9d78637e-e7fa-4d8d-80f1-068996108e91,A653,material,A653,0.9459736590125362,0.7167968295062681,Medium,false,03 - SFSLS_251029_ISSUED FOR BID_2A_STRUCTURAL complied thru add 2.pdf,A\d+,approved,material,A653,,2026-07-23T11:26:02.539165+00:00,2026-07-23T11:28:30.645243+00:00
013c5da0-b6b7-4f63-acd7-cf2419133228,A913,material,A913,0.9090812574852628,0.6983506287426313,Medium,false,03 - SFSLS_251029_ISSUED FOR BID_2A_STRUCTURAL complied thru add 2.pdf,A\d+,approved,material,A913,,2026-07-23T11:26:02.587936+00:00,2026-07-23T11:28:30.070285+00:00
f8b48d85-195c-4130-8802-13a9b07cae50,A970,material,A970,0.746939198496562,0.629219599248281,Medium,false,03 - SFSLS_251029_ISSUED FOR BID_2A_STRUCTURAL complied thru add 2.pdf,A\d+,approved,material,A970,,2026-07-23T11:26:02.625672+00:00,2026-07-23T11:28:28.475680+00:00
93346462-14f3-4d58-83a2-9c4b401b6cd3,A992,material,A992,0.5724192391410602,0.5478696195705302,Low,true,03 - SFSLS_251029_ISSUED FOR BID_2A_STRUCTURAL complied thru add 2.pdf,A\d+,approved,material,A992,,2026-07-23T11:26:02.673555+00:00,2026-07-23T11:28:27.666389+00:00
754c6d95-f4e6-4667-aea8-b01c6b85a887,HSS10X0,structural_section,HSS,0.9960350189950629,0.7857175094975314,Medium,false,03 - SFSLS_251029_ISSUED FOR BID_2A_STRUCTURAL complied thru add 2.pdf,HSS\d+X\d+X\d+/\d+,approved,structural_section,HSS,,2026-07-23T11:26:02.715889+00:00,2026-07-23T11:27:38.640069+00:00
3744a1bd-adc9-4cea-9faa-ff00171f131d,HSS12X4,structural_section,HSS,0.9891788671800025,0.7789594335900012,Medium,false,03 - SFSLS_251029_ISSUED FOR BID_2A_STRUCTURAL complied thru add 2.pdf,HSS\d+X\d+X\d+/\d+,approved,structural_section,HSS,,2026-07-23T11:26:02.793413+00:00,2026-07-23T11:27:33.961936+00:00
524fc732-28cd-4f60-ac36-64be975752ae,HSS4x0,structural_section,HSS,0.9941879106691126,0.7814639553345563,Medium,false,03 - SFSLS_251029_ISSUED FOR BID_2A_STRUCTURAL complied thru add 2.pdf,HSS\d+X\d+X\d+/\d+,approved,structural_section,HSS,,2026-07-23T11:26:03.063678+00:00,2026-07-23T11:27:35.100318+00:00
b70b60ee-05a1-491e-916c-38542e5c1390,HSS6X0,structural_section,HSS,0.9943200722275126,0.7815300361137563,Medium,false,03 - SFSLS_251029_ISSUED FOR BID_2A_STRUCTURAL complied thru add 2.pdf,HSS\d+X\d+X\d+/\d+,approved,structural_section,HSS,,2026-07-23T11:26:03.169781+00:00,2026-07-23T11:27:36.857361+00:00
a1f774dd-4442-42c4-9cc7-bbde6371d5f9,HSS6x6,structural_section,HSS,0.9947670567374219,0.7817535283687109,Medium,false,03 - SFSLS_251029_ISSUED FOR BID_2A_STRUCTURAL complied thru add 2.pdf,HSS\d+X\d+X\d+/\d+,approved,structural_section,HSS,,2026-07-23T11:26:03.303904+00:00,2026-07-23T11:27:41.058126+00:00
69f8f923-3e8d-46fe-9fb5-7d5d6aa0f2c9,HSS8X6,structural_section,HSS,0.9939597998708871,0.7813498999354436,Medium,false,03 - SFSLS_251029_ISSUED FOR BID_2A_STRUCTURAL complied thru add 2.pdf,HSS\d+X\d+X\d+/\d+,approved,structural_section,HSS,,2026-07-23T11:26:03.359961+00:00,2026-07-23T11:27:42.428335+00:00
eca11c08-79ef-4841-934c-0c7dfe173bda,L1x1x1/4,structural_section,L,0.9897104038719369,0.7287052019359684,Medium,false,03 - SFSLS_251029_ISSUED FOR BID_2A_STRUCTURAL complied thru add 2.pdf,L\d+X\d+X\d+/\d+,approved,structural_section,L,,2026-07-23T11:26:03.519033+00:00,2026-07-23T11:27:44.505426+00:00
5a585cb4-d052-481b-8651-889d3f09b114,L4X3,structural_section,L,0.9912800909397528,0.7508500454698763,Medium,false,03 - SFSLS_251029_ISSUED FOR BID_2A_STRUCTURAL complied thru add 2.pdf,L\d+X\d+X\d+/\d+,approved,structural_section,L,,2026-07-23T11:26:03.750997+00:00,2026-07-23T11:27:45.569117+00:00
11db8e17-f51e-4b3a-b248-2d49fd7eef14,L5X3,structural_section,L,0.6379246817494745,0.5681723408747372,Medium,true,03 - SFSLS_251029_ISSUED FOR BID_2A_STRUCTURAL complied thru add 2.pdf,L\d+X\d+X\d+/\d+,approved,structural_section,L,,2026-07-23T11:26:03.971956+00:00,2026-07-23T11:27:46.624875+00:00
99f7027a-4bdc-4590-aa2c-c5da8e0baab6,L5x5x1/4,structural_section,L,0.990382291103054,0.7444011455515269,Medium,false,03 - SFSLS_251029_ISSUED FOR BID_2A_STRUCTURAL complied thru add 2.pdf,L\d+X\d+X\d+/\d+,approved,structural_section,L,,2026-07-23T11:26:04.010687+00:00,2026-07-23T11:27:47.717512+00:00
253a71bd-620b-43e1-9d67-5b6e84d346fb,S-001,structural_section,S,0.9934398188164514,0.7449699094082257,Medium,false,03 - SFSLS_251029_ISSUED FOR BID_2A_STRUCTURAL complied thru add 2.pdf,S\-\d+,approved,structural_section,S,,2026-07-23T11:26:04.105534+00:00,2026-07-23T11:27:48.925839+00:00
37452dee-375e-4d47-8d8d-b70a847ee57f,S-002,structural_section,S,0.9932848738767514,0.7448924369383757,Medium,false,03 - SFSLS_251029_ISSUED FOR BID_2A_STRUCTURAL complied thru add 2.pdf,S\-\d+,approved,structural_section,S,,2026-07-23T11:26:04.153229+00:00,2026-07-23T11:27:50.702817+00:00
e6141483-ff17-4418-8556-c31c0fbb16d4,S-003,structural_section,S,0.9928630421772775,0.7446815210886387,Medium,false,03 - SFSLS_251029_ISSUED FOR BID_2A_STRUCTURAL complied thru add 2.pdf,S\-\d+,approved,structural_section,S,,2026-07-23T11:26:04.192189+00:00,2026-07-23T11:27:51.889049+00:00
79f3b7ab-ee17-42b5-819d-c078e048d49c,S-004,structural_section,S,0.9929465205555935,0.7447232602777968,Medium,false,03 - SFSLS_251029_ISSUED FOR BID_2A_STRUCTURAL complied thru add 2.pdf,S\-\d+,approved,structural_section,S,,2026-07-23T11:26:04.238100+00:00,2026-07-23T11:27:52.603800+00:00
b5b88179-c846-437e-afb1-8b078a51facc,S-005,structural_section,S,0.9931126842083997,0.7448063421041998,Medium,false,03 - SFSLS_251029_ISSUED FOR BID_2A_STRUCTURAL complied thru add 2.pdf,S\-\d+,approved,structural_section,S,,2026-07-23T11:26:04.277389+00:00,2026-07-23T11:27:53.907903+00:00
2fe3cf6f-f8d8-48a6-8993-f172f358b7e9,S-111,structural_section,S,0.9905003094613537,0.7435001547306769,Medium,false,03 - SFSLS_251029_ISSUED FOR BID_2A_STRUCTURAL complied thru add 2.pdf,S\-\d+,approved,structural_section,S,,2026-07-23T11:26:04.313670+00:00,2026-07-23T11:27:54.567610+00:00
e0934936-3315-48cd-a6c0-09742b03c03c,S-112,structural_section,S,0.9914820811201842,0.7439910405600921,Medium,false,03 - SFSLS_251029_ISSUED FOR BID_2A_STRUCTURAL complied thru add 2.pdf,S\-\d+,approved,structural_section,S,,2026-07-23T11:26:04.350952+00:00,2026-07-23T11:27:55.500816+00:00
431af408-cb42-41e4-8ba1-cd9df6d315c3,S-113,structural_section,S,0.9916419855310932,0.7440709927655466,Medium,false,03 - SFSLS_251029_ISSUED FOR BID_2A_STRUCTURAL complied thru add 2.pdf,S\-\d+,approved,structural_section,S,,2026-07-23T11:26:04.389044+00:00,2026-07-23T11:27:56.971623+00:00
66deb596-82ab-48a7-b4f7-a6fdfb1f23a4,S-121,structural_section,S,0.9938424173493251,0.7451712086746626,Medium,false,03 - SFSLS_251029_ISSUED FOR BID_2A_STRUCTURAL complied thru add 2.pdf,S\-\d+,approved,structural_section,S,,2026-07-23T11:26:04.428448+00:00,2026-07-23T11:27:58.212691+00:00
9655f4d9-85dc-4c25-bacb-25738ccfb469,S-122,structural_section,S,0.9930540731644406,0.7447770365822203,Medium,false,03 - SFSLS_251029_ISSUED FOR BID_2A_STRUCTURAL complied thru add 2.pdf,S\-\d+,approved,structural_section,S,,2026-07-23T11:26:04.469501+00:00,2026-07-23T11:27:59.117533+00:00
06f53588-a7d9-4327-8a2e-29c796cc3c3c,S-123,structural_section,S,0.9924061357340843,0.7444530678670421,Medium,false,03 - SFSLS_251029_ISSUED FOR BID_2A_STRUCTURAL complied thru add 2.pdf,S\-\d+,approved,structural_section,S,,2026-07-23T11:26:04.509887+00:00,2026-07-23T11:27:59.820467+00:00
85b3a769-a916-4996-a170-215eb0d5f720,S-124,structural_section,S,0.9927223118262569,0.7446111559131284,Medium,false,03 - SFSLS_251029_ISSUED FOR BID_2A_STRUCTURAL complied thru add 2.pdf,S\-\d+,approved,structural_section,S,,2026-07-23T11:26:04.556185+00:00,2026-07-23T11:28:00.539377+00:00
41265ed1-06c0-48b0-b96f-e6b4eab75664,S-131,structural_section,S,0.9920782414029431,0.7442891207014716,Medium,false,03 - SFSLS_251029_ISSUED FOR BID_2A_STRUCTURAL complied thru add 2.pdf,S\-\d+,approved,structural_section,S,,2026-07-23T11:26:04.604531+00:00,2026-07-23T11:28:01.243526+00:00
972eda8d-9080-41f2-8850-7ee5f8e3902f,S-132,structural_section,S,0.9921828826024517,0.7443414413012258,Medium,false,03 - SFSLS_251029_ISSUED FOR BID_2A_STRUCTURAL complied thru add 2.pdf,S\-\d+,approved,structural_section,S,,2026-07-23T11:26:04.640156+00:00,2026-07-23T11:28:01.942985+00:00
85ed84bb-b505-4ad8-a0ad-806826b11cb8,S-141,structural_section,S,0.9902300304023305,0.7433650152011653,Medium,false,03 - SFSLS_251029_ISSUED FOR BID_2A_STRUCTURAL complied thru add 2.pdf,S\-\d+,approved,structural_section,S,,2026-07-23T11:26:04.681125+00:00,2026-07-23T11:28:02.618905+00:00
5197a4ab-eed3-4bad-9a93-e130588124e3,S-142,structural_section,S,0.9905875416229425,0.7435437708114713,Medium,false,03 - SFSLS_251029_ISSUED FOR BID_2A_STRUCTURAL complied thru add 2.pdf,S\-\d+,approved,structural_section,S,,2026-07-23T11:26:04.722506+00:00,2026-07-23T11:28:03.265775+00:00
e7d96394-8c19-41b0-8dfd-d84f53f276e6,S-200,structural_section,S,0.9942916879059958,0.7453958439529978,Medium,false,03 - SFSLS_251029_ISSUED FOR BID_2A_STRUCTURAL complied thru add 2.pdf,S\-\d+,approved,structural_section,S,,2026-07-23T11:26:04.761005+00:00,2026-07-23T11:28:03.947556+00:00
ff01a520-ddcf-4c14-928c-9d780fdf38ba,S-201,structural_section,S,0.9938677374382777,0.7451838687191389,Medium,false,03 - SFSLS_251029_ISSUED FOR BID_2A_STRUCTURAL complied thru add 2.pdf,S\-\d+,approved,structural_section,S,,2026-07-23T11:26:04.802827+00:00,2026-07-23T11:28:04.804157+00:00
45bd98ac-4fbd-47c8-ad66-6c3a56d80d38,S-202,structural_section,S,0.9940020952856489,0.7452510476428245,Medium,false,03 - SFSLS_251029_ISSUED FOR BID_2A_STRUCTURAL complied thru add 2.pdf,S\-\d+,approved,structural_section,S,,2026-07-23T11:26:04.841056+00:00,2026-07-23T11:28:05.620561+00:00
bd001f02-9a19-4cbb-8887-d1a523ab6045,S-203,structural_section,S,0.9934905105460015,0.7449952552730007,Medium,false,03 - SFSLS_251029_ISSUED FOR BID_2A_STRUCTURAL complied thru add 2.pdf,S\-\d+,approved,structural_section,S,,2026-07-23T11:26:04.878134+00:00,2026-07-23T11:28:06.286710+00:00
a28cffff-a477-4c9d-9fc7-4ad042aa736b,S-204,structural_section,S,0.9936506510018978,0.7450753255009489,Medium,false,03 - SFSLS_251029_ISSUED FOR BID_2A_STRUCTURAL complied thru add 2.pdf,S\-\d+,approved,structural_section,S,,2026-07-23T11:26:04.921824+00:00,2026-07-23T11:28:06.976696+00:00
30ca0e32-09c8-44bb-aa2d-4a4aee8ce68d,S-205,structural_section,S,0.9923517883401498,0.7444258941700749,Medium,false,03 - SFSLS_251029_ISSUED FOR BID_2A_STRUCTURAL complied thru add 2.pdf,S\-\d+,approved,structural_section,S,,2026-07-23T11:26:04.967177+00:00,2026-07-23T11:28:12.334399+00:00
ca6d55f2-4fd4-4c15-9a4e-5d0ce922915e,S-206,structural_section,S,0.9930040792349545,0.7447520396174773,Medium,false,03 - SFSLS_251029_ISSUED FOR BID_2A_STRUCTURAL complied thru add 2.pdf,S\-\d+,approved,structural_section,S,,2026-07-23T11:26:05.004504+00:00,2026-07-23T11:28:13.622370+00:00
076689a7-e0bb-4baa-bfff-d4f5a72292a9,S-207,structural_section,S,0.9932603492729418,0.7448801746364709,Medium,false,03 - SFSLS_251029_ISSUED FOR BID_2A_STRUCTURAL complied thru add 2.pdf,S\-\d+,approved,structural_section,S,,2026-07-23T11:26:05.044413+00:00,2026-07-23T11:28:18.191144+00:00
312efb8f-1ee6-4458-ac74-410b1b829059,S-208,structural_section,S,0.993039108377911,0.7447695541889555,Medium,false,03 - SFSLS_251029_ISSUED FOR BID_2A_STRUCTURAL complied thru add 2.pdf,S\-\d+,approved,structural_section,S,,2026-07-23T11:26:05.089041+00:00,2026-07-23T11:28:18.936039+00:00
c5d41503-5511-4b25-9852-2b215b36f3d0,S-209,structural_section,S,0.9933644339961267,0.7449322169980633,Medium,false,03 - SFSLS_251029_ISSUED FOR BID_2A_STRUCTURAL complied thru add 2.pdf,S\-\d+,approved,structural_section,S,,2026-07-23T11:26:05.127342+00:00,2026-07-23T11:28:19.800629+00:00
923e5b16-b97b-489a-9abc-71ef99fa77a8,S-301,structural_section,S,0.9889971924645645,0.7427485962322823,Medium,false,03 - SFSLS_251029_ISSUED FOR BID_2A_STRUCTURAL complied thru add 2.pdf,S\-\d+,approved,structural_section,S,,2026-07-23T11:26:05.163910+00:00,2026-07-23T11:28:20.639534+00:00
cc45a645-ca65-493c-8991-11ce7410bff0,S-302,structural_section,S,0.9894901138760673,0.7429950569380337,Medium,false,03 - SFSLS_251029_ISSUED FOR BID_2A_STRUCTURAL complied thru add 2.pdf,S\-\d+,approved,structural_section,S,,2026-07-23T11:26:05.214314+00:00,2026-07-23T11:28:22.141766+00:00
60a0d91c-288c-4aa9-9297-39abf7e000b8,S-311,structural_section,S,0.9925684605864168,0.7445342302932084,Medium,false,03 - SFSLS_251029_ISSUED FOR BID_2A_STRUCTURAL complied thru add 2.pdf,S\-\d+,approved,structural_section,S,,2026-07-23T11:26:05.252961+00:00,2026-07-23T11:28:22.785176+00:00
a7ea6996-bffb-4299-8806-bc26d4a5b714,S-312,structural_section,S,0.9931266266679902,0.7448133133339951,Medium,false,03 - SFSLS_251029_ISSUED FOR BID_2A_STRUCTURAL complied thru add 2.pdf,S\-\d+,approved,structural_section,S,,2026-07-23T11:26:05.290680+00:00,2026-07-23T11:28:23.379565+00:00
7aa6ba40-c205-434b-bacc-567c7e834ccf,S-313,structural_section,S,0.9929755212377066,0.7447377606188533,Medium,false,03 - SFSLS_251029_ISSUED FOR BID_2A_STRUCTURAL complied thru add 2.pdf,S\-\d+,approved,structural_section,S,,2026-07-23T11:26:05.335621+00:00,2026-07-23T11:28:23.953117+00:00
9aa0a901-baf6-4814-8b7b-5689cac55e84,S-321,structural_section,S,0.9917589966160247,0.7441294983080123,Medium,false,03 - SFSLS_251029_ISSUED FOR BID_2A_STRUCTURAL complied thru add 2.pdf,S\-\d+,approved,structural_section,S,,2026-07-23T11:26:05.385605+00:00,2026-07-23T11:28:24.508926+00:00
03576fc9-e32e-4d85-a7a2-f0d6c83a99e3,S-322,structural_section,S,0.9922996158848001,0.7443998079424,Medium,false,03 - SFSLS_251029_ISSUED FOR BID_2A_STRUCTURAL complied thru add 2.pdf,S\-\d+,approved,structural_section,S,,2026-07-23T11:26:05.426657+00:00,2026-07-23T11:28:25.056227+00:00
16f04535-b6cd-4920-be2f-75a00d86e620,S-401,structural_section,S,0.9914823906687812,0.7439911953343906,Medium,false,03 - SFSLS_251029_ISSUED FOR BID_2A_STRUCTURAL complied thru add 2.pdf,S\-\d+,approved,structural_section,S,,2026-07-23T11:26:05.469244+00:00,2026-07-23T11:28:25.687538+00:00
edec7fea-f5ed-49d7-aefb-03c09fa68998,S-402,structural_section,S,0.9914785718984599,0.74398928594923,Medium,false,03 - SFSLS_251029_ISSUED FOR BID_2A_STRUCTURAL complied thru add 2.pdf,S\-\d+,approved,structural_section,S,,2026-07-23T11:26:05.506383+00:00,2026-07-23T11:28:26.208590+00:00
a23b2bd4-bae1-490d-9bd1-d6e6f0c00dd5,S-403,structural_section,S,0.9890691329921811,0.7427845664960906,Medium,false,03 - SFSLS_251029_ISSUED FOR BID_2A_STRUCTURAL complied thru add 2.pdf,S\-\d+,approved,structural_section,S,,2026-07-23T11:26:05.545243+00:00,2026-07-23T11:28:26.956887+00:00
d515a991-e5b1-4c01-8ee3-b42f4451930f,S-404,structural_section,S,0.9898327881191684,0.7431663940595842,Medium,false,03 - SFSLS_251029_ISSUED FOR BID_2A_STRUCTURAL complied thru add 2.pdf,S\-\d+,approved,structural_section,S,,2026-07-23T11:26:05.591563+00:00,2026-07-23T11:28:34.063071+00:00
6eb300ae-1d11-41a0-8087-a3e9075381bd,S-501,structural_section,S,0.9926550377675664,0.7445775188837832,Medium,false,03 - SFSLS_251029_ISSUED FOR BID_2A_STRUCTURAL complied thru add 2.pdf,S\-\d+,approved,structural_section,S,,2026-07-23T11:26:05.628655+00:00,2026-07-23T11:28:35.951444+00:00
2e1e9e3f-2f5e-428d-8b3f-afdb4c3c4065,S-502,structural_section,S,0.9924178904698792,0.7444589452349396,Medium,false,03 - SFSLS_251029_ISSUED FOR BID_2A_STRUCTURAL complied thru add 2.pdf,S\-\d+,approved,structural_section,S,,2026-07-23T11:26:05.661181+00:00,2026-07-23T11:28:37.787072+00:00
e64df2ad-7b74-42be-9462-58607ac01230,S-601,structural_section,S,0.9909129834211363,0.7437064917105681,Medium,false,03 - SFSLS_251029_ISSUED FOR BID_2A_STRUCTURAL complied thru add 2.pdf,S\-\d+,approved,structural_section,S,,2026-07-23T11:26:05.695772+00:00,2026-07-23T11:28:39.274821+00:00
31c70872-9c80-4635-84db-cf20c670a46c,W14X198,structural_section,W,0.9944535182482749,0.7861267591241374,Medium,false,03 - SFSLS_251029_ISSUED FOR BID_2A_STRUCTURAL complied thru add 2.pdf,W\d+X\d+,approved,structural_section,W,,2026-07-23T11:26:06.293250+00:00,2026-07-23T11:28:41.887383+00:00
3e7f61d1-de51-4f8b-9e29-8da1c7f480e9,Beam W18X35,structural_section,W,0.9990512728691101,0.785065636434555,Medium,false,pipeline-check,W\d+X\d+,approved,structural_section,W,,2026-07-24T07:12:01.617486+00:00,2026-07-24T07:25:34.798648+00:00
7a523688-7c56-441b-a1be-ac6c7c501391,A1064,material,A1064,0.9905396699905396,0.7390798349952697,Medium,false,1200 K_Permit_Bid_Dwgs - Structural.pdf,A\d+,approved,bolt,A1064,,2026-07-24T07:25:59.678525+00:00,2026-07-24T07:26:36.054217+00:00
f2c0698b-d68d-4fa8-a453-6294d415f5d9,A108,material,A108,0.9887762665748596,0.7381981332874298,Medium,false,1200 K_Permit_Bid_Dwgs - Structural.pdf,A\d+,approved,bolt,A108,,2026-07-24T07:25:59.747350+00:00,2026-07-24T07:26:43.470313+00:00
eb0b4170-e5a2-4bd4-9c48-0f485e9e495e,A2280,material,A2280,0.9927050471305847,0.7401625235652923,Medium,false,1200 K_Permit_Bid_Dwgs - Structural.pdf,A\d+,approved,bolt,A2280,,2026-07-24T07:25:59.822204+00:00,2026-07-24T07:26:49.501325+00:00
281a05e8-ebf6-4920-9e3d-6abddf24b27f,A29,material,A29,0.9875796437263489,0.7375998218631744,Medium,false,1200 K_Permit_Bid_Dwgs - Structural.pdf,A\d+,rejected,,,,2026-07-24T07:25:59.883802+00:00,2026-07-24T07:28:07.066142+00:00
81ebd6ea-fdea-4502-a40b-23667516793b,A307,bolt,A307,0.9903308153152466,0.7568254076576233,Medium,false,1200 K_Permit_Bid_Dwgs - Structural.pdf,A\d+,approved,bolt,A307,,2026-07-24T07:25:59.980647+00:00,2026-07-24T07:27:44.212628+00:00
bd236194-3d6f-416b-bbf3-38e06de8a0d6,A325,bolt,A325,0.9903308153152466,0.7568254076576233,Medium,false,1200 K_Permit_Bid_Dwgs - Structural.pdf,A\d+,approved,bolt,A325,,2026-07-24T07:26:00.130955+00:00,2026-07-24T07:27:45.776362+00:00
f6842779-5d21-4365-a640-4efdff3871b0,A36,material,A36,0.9902693033218384,0.7567946516609192,Medium,false,1200 K_Permit_Bid_Dwgs - Structural.pdf,A\d+,rejected,,,,2026-07-24T07:26:00.239366+00:00,2026-07-24T07:28:07.108413+00:00
d30bdcaa-4630-4aaa-bed0-9fe55e31ffc0,A416,material,A416,0.9903308153152466,0.7389754076576233,Medium,false,1200 K_Permit_Bid_Dwgs - Structural.pdf,A\d+,rejected,,,,2026-07-24T07:26:00.315160+00:00,2026-07-24T07:28:07.139719+00:00
09862890-fc50-4262-b1f9-b39e6221d74d,A446,material,A446,0.9903308153152466,0.7389754076576233,Medium,false,1200 K_Permit_Bid_Dwgs - Structural.pdf,A\d+,rejected,,,,2026-07-24T07:26:00.384354+00:00,2026-07-24T07:28:07.173608+00:00
e763633e-0fc0-429c-9975-65d6be0b7d65,A490,bolt,A490,0.9903308153152466,0.7389754076576233,Medium,false,1200 K_Permit_Bid_Dwgs - Structural.pdf,A\d+,approved,bolt,A490,,2026-07-24T07:26:00.458037+00:00,2026-07-24T07:27:48.569975+00:00
a02b1878-2bfe-4976-afc3-49e7e92d004c,A5,structural_section,A,0.9914433360099792,0.7757716680049895,Medium,false,1200 K_Permit_Bid_Dwgs - Structural.pdf,A\d+,approved,bolt,A,,2026-07-24T07:26:00.530783+00:00,2026-07-24T07:27:11.823978+00:00
0111d45a-6425-45a7-875c-a31fb757f443,A500,material,A500,0.9908966422080994,0.7481983211040497,Medium,false,1200 K_Permit_Bid_Dwgs - Structural.pdf,A\d+,rejected,,,,2026-07-24T07:26:00.607071+00:00,2026-07-24T07:28:07.212315+00:00
4305b58a-0f6f-4eae-a100-2f6d76f59594,A53,material,A53,0.9908387064933777,0.7481693532466889,Medium,false,1200 K_Permit_Bid_Dwgs - Structural.pdf,A\d+,rejected,,,,2026-07-24T07:26:00.677333+00:00,2026-07-24T07:28:07.240687+00:00
253c77a2-b422-4555-9d25-c832277841c4,A563,bolt,A563,0.9908966422080994,0.7392583211040497,Medium,false,1200 K_Permit_Bid_Dwgs - Structural.pdf,A\d+,approved,bolt,A563,,2026-07-24T07:26:00.750899+00:00,2026-07-24T07:27:53.626249+00:00
c0d7792a-b5da-4cbf-bf97-1949fe788053,A572,material,A572,0.9908966422080994,0.7571083211040497,Medium,false,1200 K_Permit_Bid_Dwgs - Structural.pdf,A\d+,rejected,,,,2026-07-24T07:26:00.824036+00:00,2026-07-24T07:28:07.276606+00:00
cfa5d826-9d60-4dfd-b4ef-b19c9d231184,A615,material,A615,0.9903308153152466,0.7568254076576233,Medium,false,1200 K_Permit_Bid_Dwgs - Structural.pdf,A\d+,rejected,,,,2026-07-24T07:26:00.898815+00:00,2026-07-24T07:28:07.309721+00:00
3ffff7d8-2cc7-436f-a9dc-127a2b5ae92f,A653,material,A653,0.9903308153152466,0.7479154076576233,Medium,false,1200 K_Permit_Bid_Dwgs - Structural.pdf,A\d+,rejected,,,,2026-07-24T07:26:00.974034+00:00,2026-07-24T07:28:07.341376+00:00
8316e92b-6e9c-44d1-8eef-ccfb4e2d8254,A706,material,A706,0.9903308153152466,0.7389754076576233,Medium,false,1200 K_Permit_Bid_Dwgs - Structural.pdf,A\d+,rejected,,,,2026-07-24T07:26:01.047831+00:00,2026-07-24T07:28:07.373319+00:00
b9998115-9bc4-4f4b-847a-fa356ff8a349,A913,material,A913,0.9878344535827637,0.7466672267913819,Medium,false,1200 K_Permit_Bid_Dwgs - Structural.pdf,A\d+,rejected,,,,2026-07-24T07:26:01.342691+00:00,2026-07-24T07:28:07.407270+00:00
558efe46-f976-4120-99ea-08fdde96e037,A959,material,A959,0.9901184439659119,0.7388692219829559,Medium,false,1200 K_Permit_Bid_Dwgs - Structural.pdf,A\d+,rejected,,,,2026-07-24T07:26:01.411868+00:00,2026-07-24T07:28:07.433623+00:00
3d143df3-2593-4c24-877e-79b87a35451d,A992,material,A992,0.49876365065574646,0.5199818253278732,Low,true,1200 K_Permit_Bid_Dwgs - Structural.pdf,A\d+,rejected,,,,2026-07-24T07:26:01.477137+00:00,2026-07-24T07:28:07.467570+00:00
47a631d0-9da0-41bc-a182-b7af4b4fdd80,HSS5x5,structural_section,HSS,0.999846339225769,0.7876231696128845,Medium,false,1200 K_Permit_Bid_Dwgs - Structural.pdf,HSS\d+X\d+X\d+/\d+,approved,structural_section,HSS,,2026-07-24T07:26:01.889969+00:00,2026-07-24T07:27:28.452383+00:00
c41c22c9-daa0-4b31-a2a2-42ae0b4f2f9c,L18x12x3/8,structural_section,L,0.9996863603591919,0.733693180179596,Medium,false,1200 K_Permit_Bid_Dwgs - Structural.pdf,L\d+X\d+X\d+/\d+,approved,structural_section,L,,2026-07-24T07:26:02.468031+00:00,2026-07-24T07:27:34.974326+00:00
ccde616f-31ca-4a3a-a8ff-48c4e2ec101c,L5x5,structural_section,L,0.8756982088088989,0.6930591044044494,Medium,false,1200 K_Permit_Bid_Dwgs - Structural.pdf,L\d+X\d+X\d+/\d+,approved,structural_section,L,,2026-07-24T07:26:02.909568+00:00,2026-07-24T07:27:37.950403+00:00
903e7fa5-7e26-4bdd-807b-f861cf03a86e,A1064,material,A1064,0.965386152267456,0.7354430761337281,Medium,false,Burrville ES - ST.pdf,A\d+,approved,,A1064,,2026-07-24T08:21:33.476211+00:00,2026-07-24T08:22:31.437537+00:00
8834c813-0f09-4919-a2b8-7ecda77c4b0a,A2,structural_section,A,0.9634132981300354,0.7619066490650177,Medium,false,Burrville ES - ST.pdf,A\d+,approved,,A,,2026-07-24T08:21:33.559476+00:00,2026-07-24T08:22:31.500517+00:00
d63f862e-6d32-49ba-af70-05db75fffc72,A3,structural_section,A,0.9667473435401917,0.7635736717700958,Medium,false,Burrville ES - ST.pdf,A\d+,approved,,A,,2026-07-24T08:21:33.650575+00:00,2026-07-24T08:22:31.564976+00:00
2789bfbf-7029-432b-ba39-d2d34554548e,A307,bolt,A307,0.755892276763916,0.648546138381958,Medium,false,Burrville ES - ST.pdf,A\d+,approved,,A307,,2026-07-24T08:21:33.727757+00:00,2026-07-24T08:22:31.633655+00:00
5206f969-141b-44f4-92c4-4f73d20f7959,A325,bolt,A325,0.5998783111572266,0.5705391555786132,Medium,true,Burrville ES - ST.pdf,A\d+,approved,,A325,,2026-07-24T08:21:33.792001+00:00,2026-07-24T08:22:31.693819+00:00
40d16e3e-cca4-4150-a9f8-96b90dc4f58c,A36,material,A36,0.8277620077133179,0.6755410038566589,Medium,false,Burrville ES - ST.pdf,A\d+,approved,,A36,,2026-07-24T08:21:33.860294+00:00,2026-07-24T08:22:31.744356+00:00
9fa94e76-2b03-46c7-aee0-9a8f98a73cdb,A500,material,A500,0.7016684412956238,0.6035842206478119,Medium,false,Burrville ES - ST.pdf,A\d+,approved,,A500,,2026-07-24T08:21:33.947042+00:00,2026-07-24T08:22:31.802093+00:00
d35029b2-34ac-41c5-875f-f5e19b0ca312,A53,material,A53,0.8870463967323303,0.6962731983661652,Medium,false,Burrville ES - ST.pdf,A\d+,approved,,A53,,2026-07-24T08:21:34.028583+00:00,2026-07-24T08:22:31.855311+00:00
cf97b743-2a75-4247-a36a-c2fbf69d93c1,A568,material,A568,0.7108041644096375,0.5992120822048187,Medium,false,Burrville ES - ST.pdf,A\d+,approved,,A568,,2026-07-24T08:21:34.112343+00:00,2026-07-24T08:22:31.916582+00:00
9bc1f5a4-be3d-40cf-b44b-d006e7962955,A572,material,A572,0.8526678681373596,0.6879939340686798,Medium,false,Burrville ES - ST.pdf,A\d+,approved,,A572,,2026-07-24T08:21:34.189742+00:00,2026-07-24T08:22:31.964246+00:00
29cb1f2e-cd0e-49d5-ae3f-bc93f4c7c1eb,A588,material,A588,0.8425397276878357,0.6650798638439178,Medium,false,Burrville ES - ST.pdf,A\d+,approved,,A588,,2026-07-24T08:21:34.277980+00:00,2026-07-24T08:22:32.000342+00:00
0dba085b-1340-4c2b-b584-dc0587f3c4dd,A6,structural_section,A,0.981101393699646,0.770750696849823,Medium,false,Burrville ES - ST.pdf,A\d+,approved,,A,,2026-07-24T08:21:34.361648+00:00,2026-07-24T08:22:32.037704+00:00
90990d04-a6f7-4791-ae11-ef439a7f4965,A615,material,A615,0.9344021081924438,0.7288610540962219,Medium,false,Burrville ES - ST.pdf,A\d+,approved,,A615,,2026-07-24T08:21:34.444204+00:00,2026-07-24T08:22:32.077097+00:00
9b1f27c6-9cc5-4c6a-8461-ef5b42cceb92,A653,material,A653,0.4792461693286896,0.49237308466434476,Low,true,Burrville ES - ST.pdf,A\d+,approved,,A653,,2026-07-24T08:21:34.534630+00:00,2026-07-24T08:22:32.130458+00:00
af08f7d6-4a41-4556-9ff5-784e1dbca20b,A706,material,A706,0.4865821897983551,0.4871010948991775,Low,true,Burrville ES - ST.pdf,A\d+,approved,,A706,,2026-07-24T08:21:34.633159+00:00,2026-07-24T08:22:32.170249+00:00
0dd848c6-2d14-4c6c-ba7e-b5ae627f1616,A913,material,A913,0.8208117485046387,0.6631558742523194,Medium,false,Burrville ES - ST.pdf,A\d+,approved,,A913,,2026-07-24T08:21:34.715643+00:00,2026-07-24T08:22:32.205381+00:00
608c2aa1-676f-493a-9d9f-dabbf508886f,A970,material,A970,0.9298167824745178,0.7087183912372589,Medium,false,Burrville ES - ST.pdf,A\d+,approved,,A970,,2026-07-24T08:21:34.801096+00:00,2026-07-24T08:22:32.240070+00:00
2422fc8d-a766-435a-b603-0ba4291e2183,A992,material,A992,0.9629535675048828,0.7520767837524414,Medium,false,Burrville ES - ST.pdf,A\d+,approved,,A992,,2026-07-24T08:21:34.892862+00:00,2026-07-24T08:22:32.274053+00:00
e053161d-a53b-4011-8ede-6c8eae42014f,HSS10X0,structural_section,HSS,0.9998966455459595,0.7876483227729797,Medium,false,Burrville ES - ST.pdf,HSS\d+X\d+X\d+/\d+,approved,,HSS,,2026-07-24T08:21:35.018456+00:00,2026-07-24T08:22:32.307550+00:00
6ea53984-e978-4fc4-bba6-1cddfd12d545,L1x1x1/4,structural_section,L,0.9997535347938538,0.7337267673969269,Medium,false,Burrville ES - ST.pdf,L\d+X\d+X\d+/\d+,approved,,L,,2026-07-24T08:21:35.676646+00:00,2026-07-24T08:22:32.341868+00:00
1d1b4986-d849-4225-8c7c-ce882f8dd86a,L4X3,structural_section,L,0.9888134598731995,0.7496167299365997,Medium,false,Burrville ES - ST.pdf,L\d+X\d+X\d+/\d+,approved,,L,,2026-07-24T08:21:36.148947+00:00,2026-07-24T08:22:32.374949+00:00
faff3403-d39a-4d5b-bf8e-4b1c68cdff01,L5X3,structural_section,C,0.6368913650512695,0.6069256825256348,Medium,true,Burrville ES - ST.pdf,(?:C|L)\d+X\d+(?:\.\d+)?,approved,,C,,2026-07-24T08:21:36.538099+00:00,2026-07-24T08:22:32.408519+00:00
a444f39e-04b1-4401-87ea-2dd708d55942,L6x3,structural_section,L,0.9882729649543762,0.743346482477188,Medium,false,Burrville ES - ST.pdf,L\d+X\d+X\d+/\d+,approved,,L,,2026-07-24T08:21:36.689152+00:00,2026-07-24T08:22:32.443124+00:00
64695bca-ed3c-4a72-a372-2030fd130689,S-001,structural_section,S,0.9994256496429443,0.7479628248214721,Medium,false,Burrville ES - ST.pdf,S\-\d+,approved,,S,,2026-07-24T08:21:36.838236+00:00,2026-07-24T08:22:32.476862+00:00
85fbb1b0-92e5-473c-abe0-a129f9833a6e,S-002,structural_section,S,0.9994256496429443,0.7479628248214721,Medium,false,Burrville ES - ST.pdf,S\-\d+,approved,,S,,2026-07-24T08:21:36.923533+00:00,2026-07-24T08:22:32.522193+00:00
14fd6e13-a2ec-421c-89be-4904461ba1f6,S-003,structural_section,S,0.9994256496429443,0.7479628248214721,Medium,false,Burrville ES - ST.pdf,S\-\d+,approved,,S,,2026-07-24T08:21:37.013684+00:00,2026-07-24T08:22:32.560058+00:00
7b51fa9b-bad6-4278-ae3d-79d8896f626a,S-004,structural_section,S,0.9994256496429443,0.7479628248214721,Medium,false,Burrville ES - ST.pdf,S\-\d+,approved,,S,,2026-07-24T08:21:37.103260+00:00,2026-07-24T08:22:32.597686+00:00
0718e9c6-3bcc-4131-817d-6410cab668f3,S-101,structural_section,S,0.9993910789489746,0.7479455394744873,Medium,false,Burrville ES - ST.pdf,S\-\d+,approved,,S,,2026-07-24T08:21:37.187741+00:00,2026-07-24T08:22:32.632642+00:00
17b69b3b-9b15-4996-84b6-7031089dc7e7,S-102,structural_section,S,0.9993910789489746,0.7479455394744873,Medium,false,Burrville ES - ST.pdf,S\-\d+,approved,,S,,2026-07-24T08:21:37.266464+00:00,2026-07-24T08:22:32.666146+00:00
567120d0-841d-4830-b3e0-c0007d683718,S-103,structural_section,S,0.9993910789489746,0.7479455394744873,Medium,false,Burrville ES - ST.pdf,S\-\d+,approved,,S,,2026-07-24T08:21:37.354932+00:00,2026-07-24T08:22:32.700190+00:00
4cf39f52-3a0d-4746-92b5-9a0d8cbb96af,S-104,structural_section,S,0.9993910789489746,0.7479455394744873,Medium,false,Burrville ES - ST.pdf,S\-\d+,approved,,S,,2026-07-24T08:21:37.434022+00:00,2026-07-24T08:22:32.735344+00:00
09960ce7-218a-4f0f-bf12-3d92b63dd8e6,S-201,structural_section,S,0.9994083642959595,0.7479541821479797,Medium,false,Burrville ES - ST.pdf,S\-\d+,approved,,S,,2026-07-24T08:21:37.517391+00:00,2026-07-24T08:22:32.770845+00:00
28727600-4cd1-4371-a826-9137593876b7,S-202,structural_section,S,0.9994083642959595,0.7479541821479797,Medium,false,Burrville ES - ST.pdf,S\-\d+,approved,,S,,2026-07-24T08:21:37.603169+00:00,2026-07-24T08:22:32.805626+00:00
689e0d56-8065-48ff-8485-34c387ebec83,S-203,structural_section,S,0.9994083642959595,0.7479541821479797,Medium,false,Burrville ES - ST.pdf,S\-\d+,approved,,S,,2026-07-24T08:21:37.692969+00:00,2026-07-24T08:22:32.841366+00:00
09de7f8c-735d-4db3-82f6-b2d444e32e22,S-204,structural_section,S,0.9994083642959595,0.7479541821479797,Medium,false,Burrville ES - ST.pdf,S\-\d+,approved,,S,,2026-07-24T08:21:37.780700+00:00,2026-07-24T08:22:32.877122+00:00
eb0a48d6-24f7-4349-919d-3264b5474820,S-205,structural_section,S,0.999406099319458,0.747953049659729,Medium,false,Burrville ES - ST.pdf,S\-\d+,approved,,S,,2026-07-24T08:21:37.866517+00:00,2026-07-24T08:22:32.911709+00:00
85edf1d9-dfa5-4e48-9f41-bda624012a00,S-206,structural_section,S,0.9994146823883057,0.7479573411941528,Medium,false,Burrville ES - ST.pdf,S\-\d+,approved,,S,,2026-07-24T08:21:37.960596+00:00,2026-07-24T08:22:32.945687+00:00
d42aa843-acdd-4132-8aaf-1994d3b75217,S-207,structural_section,S,0.9994083642959595,0.7479541821479797,Medium,false,Burrville ES - ST.pdf,S\-\d+,approved,,S,,2026-07-24T08:21:38.058068+00:00,2026-07-24T08:22:32.980668+00:00
4e93b230-2af0-4a1e-b5d4-a0c0aef5797c,S-208,structural_section,S,0.9994168281555176,0.7479584140777588,Medium,false,Burrville ES - ST.pdf,S\-\d+,approved,,S,,2026-07-24T08:21:38.142697+00:00,2026-07-24T08:22:33.017122+00:00
cf5a410b-8271-476b-bd8c-ff0fb24c6270,S-301,structural_section,S,0.9994586110115051,0.7479793055057525,Medium,false,Burrville ES - ST.pdf,S\-\d+,approved,,S,,2026-07-24T08:21:38.226194+00:00,2026-07-24T08:22:33.053204+00:00
8bcbb55c-483c-41b8-b737-8cb8b3b0757a,S-311,structural_section,S,0.9993987083435059,0.7479493541717529,Medium,false,Burrville ES - ST.pdf,S\-\d+,approved,,S,,2026-07-24T08:21:38.312657+00:00,2026-07-24T08:22:33.096969+00:00
0a5ad646-7106-4921-9781-7e7a5f6c5563,S-321,structural_section,S,0.9993987083435059,0.7479493541717529,Medium,false,Burrville ES - ST.pdf,S\-\d+,approved,,S,,2026-07-24T08:21:38.399594+00:00,2026-07-24T08:22:33.129435+00:00
3a1f5dd5-596a-45e9-9455-df8511ee53ae,S-322,structural_section,S,0.9993987083435059,0.7479493541717529,Medium,false,Burrville ES - ST.pdf,S\-\d+,approved,,S,,2026-07-24T08:21:38.488766+00:00,2026-07-24T08:22:33.159001+00:00
e608af57-3a1e-45f4-8126-e8b6789e8024,S-401,structural_section,S,0.9993987083435059,0.7479493541717529,Medium,false,Burrville ES - ST.pdf,S\-\d+,approved,,S,,2026-07-24T08:21:38.578610+00:00,2026-07-24T08:22:33.186041+00:00
93cdf72b-6f5d-4e5d-9c97-9dc62c10ddfc,S-402,structural_section,S,0.9993987083435059,0.7479493541717529,Medium,false,Burrville ES - ST.pdf,S\-\d+,approved,,S,,2026-07-24T08:21:38.661533+00:00,2026-07-24T08:22:33.217148+00:00
cf81f7c0-77fd-49eb-bf77-1eaf92d42cc9,S-501,structural_section,S,0.9993985891342163,0.7479492945671081,Medium,false,Burrville ES - ST.pdf,S\-\d+,approved,,S,,2026-07-24T08:21:38.759401+00:00,2026-07-24T08:22:33.246900+00:00
b91ef503-c1a3-4993-9d41-28553ee8199d,S-502,structural_section,S,0.9993985891342163,0.7479492945671081,Medium,false,Burrville ES - ST.pdf,S\-\d+,approved,,S,,2026-07-24T08:21:38.845851+00:00,2026-07-24T08:22:33.279166+00:00
2b537cd8-c7ee-47b3-b545-056f05b32fb4,W14X198,structural_section,W,0.999790608882904,0.788795304441452,Medium,false,Burrville ES - ST.pdf,W\d+X\d+,approved,structural_section,W,,2026-07-24T08:21:40.170777+00:00,2026-07-24T08:21:52.064013+00:00
7c0a1363-a805-44d1-bcca-3833f5a342d7,A1064,material,A1064,0.965386152267456,0.744353076133728,Medium,false,GCDC Building 4 - ST1.pdf,A\d+,approved,,A1064,,2026-07-24T10:35:42.735747+00:00,2026-07-24T10:39:48.375036+00:00
6d746579-8922-4f48-9fe4-e3b1c46940d6,A123,material,A123,0.7773979306221008,0.6503589653110504,Medium,false,GCDC Building 4 - ST1.pdf,A\d+,approved,,A123,,2026-07-24T10:35:42.838980+00:00,2026-07-24T10:39:48.341297+00:00
09e5ff18-ea31-4a3e-ba2b-69321ff73cf2,A153,material,A153,0.49035632610321045,0.4889881630516052,Low,true,GCDC Building 4 - ST1.pdf,A\d+,rejected,,,,2026-07-24T10:35:42.940102+00:00,2026-07-24T10:39:12.074396+00:00
6f817d91-9c47-4f4a-b810-ee4c276db698,A325,bolt,A325,0.5998783111572266,0.5767491555786133,Medium,true,GCDC Building 4 - ST1.pdf,A\d+,approved,,A325,,2026-07-24T10:35:43.081180+00:00,2026-07-24T10:39:48.307518+00:00
d8124ec9-814d-40b1-8547-a9fd2f8d83a8,A36,material,A36,0.8277620077133179,0.6844810038566589,Medium,false,GCDC Building 4 - ST1.pdf,A\d+,approved,,A36,,2026-07-24T10:35:43.202802+00:00,2026-07-24T10:39:48.265551+00:00
2b242993-e4cb-439e-9a98-9b382b5e863e,A490,bolt,A490,0.5087490081787109,0.5071245040893555,Low,true,GCDC Building 4 - ST1.pdf,A\d+,approved,,A490,,2026-07-24T10:35:43.289250+00:00,2026-07-24T10:39:48.231953+00:00
1f408ceb-8073-41a8-9590-6097f0e446c4,A496,material,A496,0.775500476360321,0.6315602381801605,Medium,false,GCDC Building 4 - ST1.pdf,A\d+,approved,,A496,,2026-07-24T10:35:43.369543+00:00,2026-07-24T10:39:48.199077+00:00
b645b3c4-47e2-4ca6-89db-3359c72a5ae1,A5,structural_section,A,0.9624860882759094,0.7617730441379547,Medium,false,GCDC Building 4 - ST1.pdf,A\d+,approved,,A,,2026-07-24T10:35:43.458778+00:00,2026-07-24T10:39:48.165670+00:00
39cfb717-fa19-420d-8141-f815067e1ddb,A500,material,A500,0.7016684412956238,0.6124942206478119,Medium,false,GCDC Building 4 - ST1.pdf,A\d+,approved,,A500,,2026-07-24T10:35:43.552988+00:00,2026-07-24T10:39:48.131006+00:00
f6b8553e-e7b6-4a8e-9938-50aefc470bf2,A525,material,A525,0.7932252287864685,0.6404226143932342,Medium,false,GCDC Building 4 - ST1.pdf,A\d+,approved,,A525,,2026-07-24T10:35:43.644063+00:00,2026-07-24T10:39:48.095246+00:00
d8129950-8358-42f8-8e6d-15567f13fa43,A572,material,A572,0.8526678681373596,0.6969339340686798,Medium,false,GCDC Building 4 - ST1.pdf,A\d+,approved,,A572,,2026-07-24T10:35:43.895348+00:00,2026-07-24T10:39:48.059253+00:00
bb2d6ca8-48d0-40b4-a0fc-c2924c1316ed,A615,material,A615,0.9344021081924438,0.7378010540962219,Medium,false,GCDC Building 4 - ST1.pdf,A\d+,approved,,A615,,2026-07-24T10:35:44.075571+00:00,2026-07-24T10:39:48.027720+00:00
702ef43c-cf8e-466a-894a-3a635377b15c,A653,material,A653,0.4792461693286896,0.5012830846643448,Low,true,GCDC Building 4 - ST1.pdf,A\d+,approved,,A653,,2026-07-24T10:35:44.305676+00:00,2026-07-24T10:39:47.978448+00:00
b7dc11b9-34dd-4929-83cc-58ff8707d884,A775,material,A775,0.9267426133155823,0.7071813066577911,Medium,false,GCDC Building 4 - ST1.pdf,A\d+,approved,,A775,,2026-07-24T10:35:44.468249+00:00,2026-07-24T10:39:47.912724+00:00
8ec45a39-0812-4bb6-b658-36f1d00c542b,A780,material,A780,0.7391911745071411,0.6134055872535705,Medium,false,GCDC Building 4 - ST1.pdf,A\d+,approved,,A780,,2026-07-24T10:35:44.626084+00:00,2026-07-24T10:39:47.823188+00:00
3905acb0-74b1-407f-bfc7-852b68660850,A992,material,A992,0.9629535675048828,0.7582867837524414,Medium,false,GCDC Building 4 - ST1.pdf,A\d+,approved,,A992,,2026-07-24T10:35:44.852479+00:00,2026-07-24T10:39:47.723682+00:00
4e7c801a-73df-4b11-923a-4641db80533f,HSS10x10,structural_section,HSS,0.9998996257781982,0.7876498128890991,Medium,false,GCDC Building 4 - ST1.pdf,HSS\d+X\d+X\d+/\d+,approved,,HSS,,2026-07-24T10:35:45.160780+00:00,2026-07-24T10:37:56.143786+00:00
87ab610f-4587-40f9-8f66-2b07b44b8c3a,HSS12x12,structural_section,HSS,0.9999035596847534,0.7843217798423767,Medium,false,GCDC Building 4 - ST1.pdf,HSS\d+X\d+X\d+/\d+,approved,,HSS,,2026-07-24T10:35:45.496285+00:00,2026-07-24T10:37:56.105855+00:00
20ee40c8-0c08-49bc-9f05-fc9bcda454a0,HSS14x0,structural_section,HSS,0.9998965263366699,0.784318263168335,Medium,false,GCDC Building 4 - ST1.pdf,HSS\d+X\d+X\d+/\d+,approved,,HSS,,2026-07-24T10:35:46.153337+00:00,2026-07-24T10:37:56.061230+00:00
64517caa-45d5-4741-b750-2ae9df3e26ee,HSS14x10,structural_section,HSS,0.9998995065689087,0.7843197532844544,Medium,false,GCDC Building 4 - ST1.pdf,HSS\d+X\d+X\d+/\d+,approved,,HSS,,2026-07-24T10:35:46.340390+00:00,2026-07-24T10:37:56.015269+00:00
1e157cbc-31f0-46e0-b38f-00f5d6fe454c,HSS14x14,structural_section,HSS,0.9998997449874878,0.7843198724937439,Medium,false,GCDC Building 4 - ST1.pdf,HSS\d+X\d+X\d+/\d+,approved,,HSS,,2026-07-24T10:35:46.576810+00:00,2026-07-24T10:37:55.934724+00:00
3e2b6a84-8b90-444e-801b-33e15f07cf12,HSS6x6,structural_section,HSS,0.9998946189880371,0.7843173094940186,Medium,false,GCDC Building 4 - ST1.pdf,HSS\d+X\d+X\d+/\d+,approved,,HSS,,2026-07-24T10:35:47.481116+00:00,2026-07-24T10:37:55.849089+00:00
9ca7af11-38c2-4f84-832b-3ceae5f7151f,HSS8X6,structural_section,HSS,0.9998946189880371,0.7843173094940186,Medium,false,GCDC Building 4 - ST1.pdf,HSS\d+X\d+X\d+/\d+,approved,,HSS,,2026-07-24T10:35:47.649834+00:00,2026-07-24T10:37:55.776420+00:00
13a689b9-3453-4715-a7f8-5c7ec80b4ef8,HSS8x4,structural_section,HSS,0.9998949766159058,0.7843174883079529,Medium,false,GCDC Building 4 - ST1.pdf,HSS\d+X\d+X\d+/\d+,approved,,HSS,,2026-07-24T10:35:47.756594+00:00,2026-07-24T10:37:55.693578+00:00
10010824-a441-4d54-b46e-dad6b3e0b946,HSS8x8,structural_section,HSS,0.9998949766159058,0.7843174883079529,Medium,false,GCDC Building 4 - ST1.pdf,HSS\d+X\d+X\d+/\d+,approved,,HSS,,2026-07-24T10:35:48.057666+00:00,2026-07-24T10:37:55.599370+00:00
b2477cfe-63e0-4e9a-8bb2-fa7ce3e3448a,L2x2x10,structural_section,L,0.9996706247329712,0.7336853123664856,Medium,false,GCDC Building 4 - ST1.pdf,L\d+X\d+X\d+/\d+,approved,structural_section,L,,2026-07-24T10:35:48.395021+00:00,2026-07-24T10:37:40.190138+00:00
c5954ac5-edfb-497e-b961-69c5d6e44888,L4x4,structural_section,L,0.9912290573120117,0.7508245286560058,Medium,false,GCDC Building 4 - ST1.pdf,L\d+X\d+X\d+/\d+,approved,structural_section,L,,2026-07-24T10:35:48.691696+00:00,2026-07-24T10:37:38.541316+00:00
0c156165-3fab-4bdd-88b2-8cd84136e741,L5x3,structural_section,C,0.6368913650512695,0.6069256825256348,Medium,true,GCDC Building 4 - ST1.pdf,(?:C|L)\d+X\d+(?:\.\d+)?,rejected,,,,2026-07-24T10:35:49.034105+00:00,2026-07-24T10:37:34.647920+00:00
7e5bf12e-9d45-40b2-acaf-1a51cccc9a78,L5x5,structural_section,L,0.8711154460906982,0.684767723045349,Medium,false,GCDC Building 4 - ST1.pdf,L\d+X\d+X\d+/\d+,approved,structural_section,L,,2026-07-24T10:35:49.258595+00:00,2026-07-24T10:37:18.759151+00:00
3d93134d-95ae-4dc8-9657-5df51872faf2,L6x3,structural_section,L,0.9882729649543762,0.743346482477188,Medium,false,GCDC Building 4 - ST1.pdf,L\d+X\d+X\d+/\d+,approved,structural_section,L,,2026-07-24T10:35:49.490205+00:00,2026-07-24T10:37:17.146137+00:00
b65fb0c0-c5ce-497c-8cda-92b6d52b6bda,L6x4x1/4,structural_section,L,0.9997535347938538,0.7490867673969268,Medium,false,GCDC Building 4 - ST1.pdf,L\d+X\d+X\d+/\d+,approved,structural_section,L,,2026-07-24T10:35:49.589179+00:00,2026-07-24T10:37:15.366062+00:00
6c8e63ac-7566-4e3c-bb94-55421fd30f00,L7x7x1/2,structural_section,L,0.9997535347938538,0.7490867673969268,Medium,false,GCDC Building 4 - ST1.pdf,L\d+X\d+X\d+/\d+,approved,structural_section,L,,2026-07-24T10:35:50.008316+00:00,2026-07-24T10:37:12.293325+00:00
5779bf74-7e41-4290-bfa6-f9a2f98f779a,W18x36,structural_section,W,0.9997578263282776,0.7887789131641387,Medium,false,GCDC Building 4 - ST1.pdf,W\d+X\d+,approved,structural_section,W,,2026-07-24T10:35:53.069996+00:00,2026-07-24T10:36:25.045850+00:00
76cf26dd-d41d-47c6-8b6d-f02c3c0a4379,A1064,material,A1064,0.965386152267456,0.753293076133728,Medium,false,03 - SFSLS_251029_ISSUED FOR BID_2A_STRUCTURAL complied thru add 2.pdf,A\d+,approved,,A1064,,2026-07-24T10:44:46.754560+00:00,2026-07-24T10:48:17.030258+00:00
590c5fe8-dc0e-4147-b35c-99b3e5480027,A2,structural_section,A,0.9634132981300354,0.7623266490650177,Medium,false,03 - SFSLS_251029_ISSUED FOR BID_2A_STRUCTURAL complied thru add 2.pdf,A\d+,approved,,A,,2026-07-24T10:44:46.853235+00:00,2026-07-24T10:48:16.997727+00:00
8ab4d63c-b316-4b05-ac27-2d42293717dd,A3,structural_section,A,0.9667473435401917,0.7639936717700958,Medium,false,03 - SFSLS_251029_ISSUED FOR BID_2A_STRUCTURAL complied thru add 2.pdf,A\d+,approved,,A,,2026-07-24T10:44:46.969437+00:00,2026-07-24T10:48:16.967943+00:00
f6c6906b-c6b0-4fa2-9ede-74877b8e8ce3,A307,bolt,A307,0.755892276763916,0.654756138381958,Medium,false,03 - SFSLS_251029_ISSUED FOR BID_2A_STRUCTURAL complied thru add 2.pdf,A\d+,approved,,A307,,2026-07-24T10:44:47.097200+00:00,2026-07-24T10:48:16.938678+00:00
0716c41e-4adb-43b0-aa4f-a6f34d327c93,A325,bolt,A325,0.5998783111572266,0.5793891555786133,Medium,true,03 - SFSLS_251029_ISSUED FOR BID_2A_STRUCTURAL complied thru add 2.pdf,A\d+,approved,,A325,,2026-07-24T10:44:47.194015+00:00,2026-07-24T10:48:16.908655+00:00
f3f15dc7-153c-4262-b3e5-6f46c5fb18ac,A36,material,A36,0.8277620077133179,0.6906910038566589,Medium,false,03 - SFSLS_251029_ISSUED FOR BID_2A_STRUCTURAL complied thru add 2.pdf,A\d+,approved,,A36,,2026-07-24T10:44:47.332167+00:00,2026-07-24T10:48:16.878733+00:00
ae0c78fb-a2df-4df8-a1f4-159118281095,A500,material,A500,0.7016684412956238,0.6214342206478118,Medium,false,03 - SFSLS_251029_ISSUED FOR BID_2A_STRUCTURAL complied thru add 2.pdf,A\d+,approved,,A500,,2026-07-24T10:44:47.476843+00:00,2026-07-24T10:48:16.848145+00:00
62451ef5-48f1-468f-8061-3b746a141a08,A53,material,A53,0.8870463967323303,0.7051831983661652,Medium,false,03 - SFSLS_251029_ISSUED FOR BID_2A_STRUCTURAL complied thru add 2.pdf,A\d+,approved,,A53,,2026-07-24T10:44:47.582211+00:00,2026-07-24T10:48:16.813530+00:00
385407e3-0628-42c7-8a38-cec872416e9f,A568,material,A568,0.7108041644096375,0.6081520822048188,Medium,false,03 - SFSLS_251029_ISSUED FOR BID_2A_STRUCTURAL complied thru add 2.pdf,A\d+,approved,,A568,,2026-07-24T10:44:47.696219+00:00,2026-07-24T10:48:16.777699+00:00
cf707ff2-b014-4a38-84bb-03aaf3a6eff8,A572,material,A572,0.8526678681373596,0.7031439340686798,Medium,false,03 - SFSLS_251029_ISSUED FOR BID_2A_STRUCTURAL complied thru add 2.pdf,A\d+,approved,,A572,,2026-07-24T10:44:47.784573+00:00,2026-07-24T10:48:16.739823+00:00
bc967d8f-5006-4419-890b-75449c80ed1c,A588,material,A588,0.8425397276878357,0.6740198638439179,Medium,false,03 - SFSLS_251029_ISSUED FOR BID_2A_STRUCTURAL complied thru add 2.pdf,A\d+,approved,,A588,,2026-07-24T10:44:47.871429+00:00,2026-07-24T10:48:16.701706+00:00
35ed1042-b117-4140-9673-3ca3dbc07f92,A6,structural_section,A,0.981101393699646,0.771170696849823,Medium,false,03 - SFSLS_251029_ISSUED FOR BID_2A_STRUCTURAL complied thru add 2.pdf,A\d+,rejected,,,,2026-07-24T10:44:47.951477+00:00,2026-07-24T10:46:58.627977+00:00
fc5836dd-ab7e-49ed-adea-5b0d8ebfed93,A615,material,A615,0.9344021081924438,0.7440110540962219,Medium,false,03 - SFSLS_251029_ISSUED FOR BID_2A_STRUCTURAL complied thru add 2.pdf,A\d+,approved,,A615,,2026-07-24T10:44:48.028693+00:00,2026-07-24T10:48:16.667127+00:00
7468c293-ec81-4e01-a742-87d7c70bcb85,A653,material,A653,0.4792461693286896,0.5102230846643447,Low,true,03 - SFSLS_251029_ISSUED FOR BID_2A_STRUCTURAL complied thru add 2.pdf,A\d+,approved,,A653,,2026-07-24T10:44:48.115936+00:00,2026-07-24T10:48:16.625541+00:00
dad2bc32-c9ff-41d9-aa32-b0aa0e827d27,A913,material,A913,0.8208117485046387,0.6720658742523193,Medium,false,03 - SFSLS_251029_ISSUED FOR BID_2A_STRUCTURAL complied thru add 2.pdf,A\d+,approved,,A913,,2026-07-24T10:44:48.215321+00:00,2026-07-24T10:48:16.564141+00:00
ddb4c34f-ccb1-4ec2-88d8-4c94d57ee080,A970,material,A970,0.9298167824745178,0.7176583912372589,Medium,false,03 - SFSLS_251029_ISSUED FOR BID_2A_STRUCTURAL complied thru add 2.pdf,A\d+,approved,,A970,,2026-07-24T10:44:48.317658+00:00,2026-07-24T10:48:16.444009+00:00
86a33a99-d109-4889-b4c2-2e2e61a5b009,A992,material,A992,0.9629535675048828,0.7609267837524414,Medium,false,03 - SFSLS_251029_ISSUED FOR BID_2A_STRUCTURAL complied thru add 2.pdf,A\d+,approved,,A992,,2026-07-24T10:44:48.429495+00:00,2026-07-24T10:48:16.349595+00:00
f8eb6ea4-22c5-4ad2-9961-8562ef4ea0bc,HSS10X0,structural_section,HSS,0.9998966455459595,0.7876483227729797,Medium,false,03 - SFSLS_251029_ISSUED FOR BID_2A_STRUCTURAL complied thru add 2.pdf,HSS\d+X\d+X\d+/\d+,approved,,HSS,,2026-07-24T10:44:48.536942+00:00,2026-07-24T10:46:24.868760+00:00
22e9fc9f-c901-46f3-9deb-f096c605843a,HSS12X4,structural_section,HSS,0.999901294708252,0.784320647354126,Medium,false,03 - SFSLS_251029_ISSUED FOR BID_2A_STRUCTURAL complied thru add 2.pdf,HSS\d+X\d+X\d+/\d+,approved,,HSS,,2026-07-24T10:44:48.769494+00:00,2026-07-24T10:46:24.832820+00:00
1f4220ba-55ac-43db-bbde-112b9f954dae,HSS4x0,structural_section,HSS,0.9998947381973267,0.7843173690986633,Medium,false,03 - SFSLS_251029_ISSUED FOR BID_2A_STRUCTURAL complied thru add 2.pdf,HSS\d+X\d+X\d+/\d+,approved,,HSS,,2026-07-24T10:44:49.311552+00:00,2026-07-24T10:46:24.796801+00:00
867fc13a-d957-479d-8e74-72fae4565ff5,HSS6X0,structural_section,HSS,0.9998949766159058,0.7843174883079529,Medium,false,03 - SFSLS_251029_ISSUED FOR BID_2A_STRUCTURAL complied thru add 2.pdf,HSS\d+X\d+X\d+/\d+,approved,,HSS,,2026-07-24T10:44:49.605660+00:00,2026-07-24T10:46:24.760963+00:00
6b668f05-5553-4b0c-be4a-272a68a073c6,HSS6x6,structural_section,HSS,0.9998946189880371,0.7843173094940186,Medium,false,03 - SFSLS_251029_ISSUED FOR BID_2A_STRUCTURAL complied thru add 2.pdf,HSS\d+X\d+X\d+/\d+,approved,,HSS,,2026-07-24T10:44:50.100726+00:00,2026-07-24T10:46:24.720925+00:00
d1bf4cea-128b-419d-abdc-41a709f90f37,HSS8X6,structural_section,HSS,0.9998946189880371,0.7843173094940186,Medium,false,03 - SFSLS_251029_ISSUED FOR BID_2A_STRUCTURAL complied thru add 2.pdf,HSS\d+X\d+X\d+/\d+,approved,,HSS,,2026-07-24T10:44:50.250077+00:00,2026-07-24T10:46:24.684954+00:00
99bc50cd-1163-493c-ae70-519b1d40f0e7,L1x1x1/4,structural_section,L,0.9997535347938538,0.7337267673969269,Medium,false,03 - SFSLS_251029_ISSUED FOR BID_2A_STRUCTURAL complied thru add 2.pdf,L\d+X\d+X\d+/\d+,approved,,L,,2026-07-24T10:44:50.716400+00:00,2026-07-24T10:46:24.648191+00:00
1e0ea52d-447b-4401-b662-64d74792fb56,L4X3,structural_section,L,0.9888134598731995,0.7496167299365997,Medium,false,03 - SFSLS_251029_ISSUED FOR BID_2A_STRUCTURAL complied thru add 2.pdf,L\d+X\d+X\d+/\d+,approved,,L,,2026-07-24T10:44:51.312963+00:00,2026-07-24T10:46:24.604505+00:00
29bca43f-977e-4168-9d7d-7cc85f54ac61,L5X3,structural_section,C,0.6368913650512695,0.6069256825256348,Medium,true,03 - SFSLS_251029_ISSUED FOR BID_2A_STRUCTURAL complied thru add 2.pdf,(?:C|L)\d+X\d+(?:\.\d+)?,approved,structural_section,L,,2026-07-24T10:44:51.961791+00:00,2026-07-24T10:46:51.551683+00:00
2218841a-e36e-48ff-9c4a-7b2f737d13b0,L5x5x1/4,structural_section,L,0.9989542961120605,0.7486871480560302,Medium,false,03 - SFSLS_251029_ISSUED FOR BID_2A_STRUCTURAL complied thru add 2.pdf,L\d+X\d+X\d+/\d+,approved,,L,,2026-07-24T10:44:52.052162+00:00,2026-07-24T10:46:24.569754+00:00
317f99f9-1594-408d-8a3b-bf0a25e90fdc,S-001,structural_section,S,0.9994256496429443,0.7479628248214721,Medium,false,03 - SFSLS_251029_ISSUED FOR BID_2A_STRUCTURAL complied thru add 2.pdf,S\-\d+,approved,,S,,2026-07-24T10:44:52.344728+00:00,2026-07-24T10:46:24.535540+00:00
ac43c2c2-f2c4-42aa-a621-0b955f02ccd1,S-002,structural_section,S,0.9994256496429443,0.7479628248214721,Medium,false,03 - SFSLS_251029_ISSUED FOR BID_2A_STRUCTURAL complied thru add 2.pdf,S\-\d+,approved,,S,,2026-07-24T10:44:52.439504+00:00,2026-07-24T10:46:24.504878+00:00
e556cc85-bbee-42a7-8d4b-66e9279328f5,S-003,structural_section,S,0.9994256496429443,0.7479628248214721,Medium,false,03 - SFSLS_251029_ISSUED FOR BID_2A_STRUCTURAL complied thru add 2.pdf,S\-\d+,approved,,S,,2026-07-24T10:44:52.546893+00:00,2026-07-24T10:46:24.475102+00:00
a27d4280-ac11-4ccb-97be-04ed48691897,S-004,structural_section,S,0.9994256496429443,0.7479628248214721,Medium,false,03 - SFSLS_251029_ISSUED FOR BID_2A_STRUCTURAL complied thru add 2.pdf,S\-\d+,approved,,S,,2026-07-24T10:44:52.651546+00:00,2026-07-24T10:46:24.445291+00:00
46c60f92-8b74-4d15-a817-5c750e8296c4,S-005,structural_section,S,0.9994256496429443,0.7479628248214721,Medium,false,03 - SFSLS_251029_ISSUED FOR BID_2A_STRUCTURAL complied thru add 2.pdf,S\-\d+,approved,,S,,2026-07-24T10:44:52.761683+00:00,2026-07-24T10:46:24.413976+00:00
cd223776-a518-475e-92f8-dfa0d3b9527d,S-111,structural_section,S,0.9993987083435059,0.7479493541717529,Medium,false,03 - SFSLS_251029_ISSUED FOR BID_2A_STRUCTURAL complied thru add 2.pdf,S\-\d+,approved,,S,,2026-07-24T10:44:52.864002+00:00,2026-07-24T10:46:24.382112+00:00
ec50eb49-3332-4f2b-921f-36ce6120cb61,S-112,structural_section,S,0.9994561076164246,0.7479780538082123,Medium,false,03 - SFSLS_251029_ISSUED FOR BID_2A_STRUCTURAL complied thru add 2.pdf,S\-\d+,approved,,S,,2026-07-24T10:44:52.970655+00:00,2026-07-24T10:46:24.351581+00:00
f95f84b9-1852-4da8-909a-407feefa794d,S-113,structural_section,S,0.9994086027145386,0.7479543013572693,Medium,false,03 - SFSLS_251029_ISSUED FOR BID_2A_STRUCTURAL complied thru add 2.pdf,S\-\d+,approved,,S,,2026-07-24T10:44:53.080406+00:00,2026-07-24T10:46:24.319287+00:00
eef9db98-24ab-43f1-a3ef-9fa755cb1c14,S-121,structural_section,S,0.9994561076164246,0.7479780538082123,Medium,false,03 - SFSLS_251029_ISSUED FOR BID_2A_STRUCTURAL complied thru add 2.pdf,S\-\d+,approved,,S,,2026-07-24T10:44:53.181233+00:00,2026-07-24T10:46:24.284506+00:00
8e38cca3-2c34-497b-bf40-87f3980a148a,S-122,structural_section,S,0.9994561076164246,0.7479780538082123,Medium,false,03 - SFSLS_251029_ISSUED FOR BID_2A_STRUCTURAL complied thru add 2.pdf,S\-\d+,approved,,S,,2026-07-24T10:44:53.289149+00:00,2026-07-24T10:46:24.251632+00:00
e2e67035-79ed-4a73-8340-65b4232f1394,S-123,structural_section,S,0.9994608759880066,0.7479804379940033,Medium,false,03 - SFSLS_251029_ISSUED FOR BID_2A_STRUCTURAL complied thru add 2.pdf,S\-\d+,approved,,S,,2026-07-24T10:44:53.397385+00:00,2026-07-24T10:46:24.206273+00:00
da448a1a-5e51-44ba-8adb-e35cc8b30a3b,S-124,structural_section,S,0.9994505047798157,0.7479752523899078,Medium,false,03 - SFSLS_251029_ISSUED FOR BID_2A_STRUCTURAL complied thru add 2.pdf,S\-\d+,approved,,S,,2026-07-24T10:44:53.506162+00:00,2026-07-24T10:46:24.104983+00:00
ca3f4d89-157c-48ae-bb6d-21315b951bf7,S-131,structural_section,S,0.9994086027145386,0.7479543013572693,Medium,false,03 - SFSLS_251029_ISSUED FOR BID_2A_STRUCTURAL complied thru add 2.pdf,S\-\d+,approved,,S,,2026-07-24T10:44:53.610706+00:00,2026-07-24T10:46:24.022059+00:00
461b34dc-9681-4d66-a0cb-9be66b06ebf0,S-132,structural_section,S,0.9994086027145386,0.7479543013572693,Medium,false,03 - SFSLS_251029_ISSUED FOR BID_2A_STRUCTURAL complied thru add 2.pdf,S\-\d+,approved,,S,,2026-07-24T10:44:53.681235+00:00,2026-07-24T10:46:23.938856+00:00
84a23718-7bac-49ed-b7e5-27e5e6722714,S-141,structural_section,S,0.9994049072265625,0.7479524536132812,Medium,false,03 - SFSLS_251029_ISSUED FOR BID_2A_STRUCTURAL complied thru add 2.pdf,S\-\d+,approved,,S,,2026-07-24T10:44:53.760804+00:00,2026-07-24T10:46:23.838681+00:00
88bf3c6c-faea-438c-88ca-0d0e6b3c4f4b,S-142,structural_section,S,0.9993987083435059,0.7479493541717529,Medium,false,03 - SFSLS_251029_ISSUED FOR BID_2A_STRUCTURAL complied thru add 2.pdf,S\-\d+,approved,,S,,2026-07-24T10:44:53.849661+00:00,2026-07-24T10:45:42.467865+00:00
7df6c6e2-00fa-41cc-a984-de23b25092fc,S-200,structural_section,S,0.9994334578514099,0.7479667289257049,Medium,false,03 - SFSLS_251029_ISSUED FOR BID_2A_STRUCTURAL complied thru add 2.pdf,S\-\d+,approved,,S,,2026-07-24T10:44:53.956269+00:00,2026-07-24T10:45:42.427371+00:00
495767e7-bde4-4b1a-9fd6-0c5e7c5d62fc,S-201,structural_section,S,0.9994083642959595,0.7479541821479797,Medium,false,03 - SFSLS_251029_ISSUED FOR BID_2A_STRUCTURAL complied thru add 2.pdf,S\-\d+,approved,,S,,2026-07-24T10:44:54.068636+00:00,2026-07-24T10:45:42.386339+00:00
600df6d6-a935-4278-91a0-35a9952f340e,S-202,structural_section,S,0.9994083642959595,0.7479541821479797,Medium,false,03 - SFSLS_251029_ISSUED FOR BID_2A_STRUCTURAL complied thru add 2.pdf,S\-\d+,approved,,S,,2026-07-24T10:44:54.178763+00:00,2026-07-24T10:45:42.350898+00:00
8c00ee0a-f673-4fdd-bb8c-ce6e757da31d,S-203,structural_section,S,0.9994083642959595,0.7479541821479797,Medium,false,03 - SFSLS_251029_ISSUED FOR BID_2A_STRUCTURAL complied thru add 2.pdf,S\-\d+,approved,,S,,2026-07-24T10:44:54.295341+00:00,2026-07-24T10:45:42.312282+00:00
37494799-9714-43c7-a37d-0ff901ebf44e,S-204,structural_section,S,0.9994083642959595,0.7479541821479797,Medium,false,03 - SFSLS_251029_ISSUED FOR BID_2A_STRUCTURAL complied thru add 2.pdf,S\-\d+,approved,,S,,2026-07-24T10:44:54.403339+00:00,2026-07-24T10:45:42.275778+00:00
8e753433-66ac-4065-bf68-fe2b83e34c86,S-205,structural_section,S,0.999406099319458,0.747953049659729,Medium,false,03 - SFSLS_251029_ISSUED FOR BID_2A_STRUCTURAL complied thru add 2.pdf,S\-\d+,approved,,S,,2026-07-24T10:44:54.512928+00:00,2026-07-24T10:45:42.234149+00:00
9c16a03a-b37b-481f-a35f-156c607d04c0,S-206,structural_section,S,0.9994146823883057,0.7479573411941528,Medium,false,03 - SFSLS_251029_ISSUED FOR BID_2A_STRUCTURAL complied thru add 2.pdf,S\-\d+,approved,,S,,2026-07-24T10:44:54.617500+00:00,2026-07-24T10:45:42.197287+00:00
35a891e7-ad46-4e51-ab56-503aded22b5a,S-207,structural_section,S,0.9994083642959595,0.7479541821479797,Medium,false,03 - SFSLS_251029_ISSUED FOR BID_2A_STRUCTURAL complied thru add 2.pdf,S\-\d+,approved,,S,,2026-07-24T10:44:54.732593+00:00,2026-07-24T10:45:42.162077+00:00
339b2d05-e3e4-44b8-8db0-deb98d3ddf47,S-208,structural_section,S,0.9994168281555176,0.7479584140777588,Medium,false,03 - SFSLS_251029_ISSUED FOR BID_2A_STRUCTURAL complied thru add 2.pdf,S\-\d+,approved,,S,,2026-07-24T10:44:54.852724+00:00,2026-07-24T10:45:42.126766+00:00
e5dc570f-4070-4020-9b9d-0d5ef579c429,S-209,structural_section,S,0.9994083642959595,0.7479541821479797,Medium,false,03 - SFSLS_251029_ISSUED FOR BID_2A_STRUCTURAL complied thru add 2.pdf,S\-\d+,approved,,S,,2026-07-24T10:44:54.962387+00:00,2026-07-24T10:45:42.087752+00:00
5e945c10-954e-4e20-b188-172f7df201ba,S-301,structural_section,S,0.9994586110115051,0.7479793055057525,Medium,false,03 - SFSLS_251029_ISSUED FOR BID_2A_STRUCTURAL complied thru add 2.pdf,S\-\d+,approved,,S,,2026-07-24T10:44:55.072963+00:00,2026-07-24T10:45:42.051600+00:00
3d03ffda-c66e-4e0c-9c07-9086178157ee,S-302,structural_section,S,0.9994586110115051,0.7479793055057525,Medium,false,03 - SFSLS_251029_ISSUED FOR BID_2A_STRUCTURAL complied thru add 2.pdf,S\-\d+,approved,,S,,2026-07-24T10:44:55.216307+00:00,2026-07-24T10:45:42.015114+00:00
6d1ed657-1ffc-4fb5-84b6-7ac6a2c2957a,S-311,structural_section,S,0.9993987083435059,0.7479493541717529,Medium,false,03 - SFSLS_251029_ISSUED FOR BID_2A_STRUCTURAL complied thru add 2.pdf,S\-\d+,approved,,S,,2026-07-24T10:44:55.365423+00:00,2026-07-24T10:45:41.979233+00:00
beac3268-7eca-4127-a8af-bed219e0b7a4,S-312,structural_section,S,0.9994561076164246,0.7479780538082123,Medium,false,03 - SFSLS_251029_ISSUED FOR BID_2A_STRUCTURAL complied thru add 2.pdf,S\-\d+,approved,,S,,2026-07-24T10:44:55.482975+00:00,2026-07-24T10:45:41.942715+00:00
59af1f41-375e-4eb2-828f-4d46340b66f4,S-313,structural_section,S,0.9994086027145386,0.7479543013572693,Medium,false,03 - SFSLS_251029_ISSUED FOR BID_2A_STRUCTURAL complied thru add 2.pdf,S\-\d+,approved,,S,,2026-07-24T10:44:55.588763+00:00,2026-07-24T10:45:41.906091+00:00
428841c2-6997-4999-a1e2-c3eb7b64ad29,S-321,structural_section,S,0.9993987083435059,0.7479493541717529,Medium,false,03 - SFSLS_251029_ISSUED FOR BID_2A_STRUCTURAL complied thru add 2.pdf,S\-\d+,approved,,S,,2026-07-24T10:44:55.712286+00:00,2026-07-24T10:45:41.869550+00:00
789acffa-93ae-4058-88e7-0ba947b18f64,S-322,structural_section,S,0.9993987083435059,0.7479493541717529,Medium,false,03 - SFSLS_251029_ISSUED FOR BID_2A_STRUCTURAL complied thru add 2.pdf,S\-\d+,approved,,S,,2026-07-24T10:44:55.823441+00:00,2026-07-24T10:45:41.831590+00:00
f697bca5-b067-4f1a-97bc-fb229ee7bb6f,S-401,structural_section,S,0.9993987083435059,0.7479493541717529,Medium,false,03 - SFSLS_251029_ISSUED FOR BID_2A_STRUCTURAL complied thru add 2.pdf,S\-\d+,approved,,S,,2026-07-24T10:44:55.934648+00:00,2026-07-24T10:45:41.789629+00:00
b72ececb-9d2c-453e-a1d1-fd3a78323e9c,S-402,structural_section,S,0.9993987083435059,0.7479493541717529,Medium,false,03 - SFSLS_251029_ISSUED FOR BID_2A_STRUCTURAL complied thru add 2.pdf,S\-\d+,approved,,S,,2026-07-24T10:44:56.063891+00:00,2026-07-24T10:45:41.754471+00:00
12c03d84-8b57-484a-bcf2-f27e3b9874ce,S-403,structural_section,S,0.9993987083435059,0.7479493541717529,Medium,false,03 - SFSLS_251029_ISSUED FOR BID_2A_STRUCTURAL complied thru add 2.pdf,S\-\d+,approved,,S,,2026-07-24T10:44:56.183718+00:00,2026-07-24T10:45:41.711386+00:00
f0229763-514d-4f11-ae02-d53731290462,S-404,structural_section,S,0.9993987083435059,0.7479493541717529,Medium,false,03 - SFSLS_251029_ISSUED FOR BID_2A_STRUCTURAL complied thru add 2.pdf,S\-\d+,approved,,S,,2026-07-24T10:44:56.311175+00:00,2026-07-24T10:45:41.660492+00:00
be97d65f-3be4-4669-93ef-0d530d456613,S-501,structural_section,S,0.9993985891342163,0.7479492945671081,Medium,false,03 - SFSLS_251029_ISSUED FOR BID_2A_STRUCTURAL complied thru add 2.pdf,S\-\d+,approved,,S,,2026-07-24T10:44:56.422236+00:00,2026-07-24T10:45:41.457229+00:00
26f9211f-e2c3-47cf-9179-d46d1cfbf778,S-502,structural_section,S,0.9993985891342163,0.7479492945671081,Medium,false,03 - SFSLS_251029_ISSUED FOR BID_2A_STRUCTURAL complied thru add 2.pdf,S\-\d+,approved,,S,,2026-07-24T10:44:56.539788+00:00,2026-07-24T10:45:41.336463+00:00
f904a027-28a3-4ed8-8e8b-a51db828ee04,S-601,structural_section,S,0.9993987083435059,0.7479493541717529,Medium,false,03 - SFSLS_251029_ISSUED FOR BID_2A_STRUCTURAL complied thru add 2.pdf,S\-\d+,approved,,S,,2026-07-24T10:44:56.647962+00:00,2026-07-24T10:45:41.260638+00:00
1a75391d-2d20-4022-a7e9-35881224707a,W14X198,structural_section,W,0.999790608882904,0.788795304441452,Medium,false,03 - SFSLS_251029_ISSUED FOR BID_2A_STRUCTURAL complied thru add 2.pdf,W\d+X\d+,approved,structural_section,W,,2026-07-24T10:44:58.513226+00:00,2026-07-24T10:45:11.986606+00:00
3508334b-776e-46e8-8ba7-b6ee636d2dad,A1064,material,A1064,0.965386152267456,0.759503076133728,Medium,false,ST - Springhill Lake.pdf,A\d+,approved,,A1064,,2026-07-24T10:52:14.440236+00:00,2026-07-24T10:53:59.316841+00:00
92c26e22-fa5c-4bd4-8382-0696764195db,A108,material,A108,0.9384356737136841,0.7219678368568421,Medium,false,ST - Springhill Lake.pdf,A\d+,approved,,A108,,2026-07-24T10:52:14.540293+00:00,2026-07-24T10:53:59.275736+00:00
4ac4088f-5db1-4490-951a-8af8df646241,A2,structural_section,A,0.9634132981300354,0.7625066490650176,Medium,false,ST - Springhill Lake.pdf,A\d+,approved,,A,,2026-07-24T10:52:14.648062+00:00,2026-07-24T10:53:59.234484+00:00
f8fafaad-f678-4026-9487-e702644f73ab,A3,structural_section,A,0.9667473435401917,0.7641736717700958,Medium,false,ST - Springhill Lake.pdf,A\d+,approved,,A,,2026-07-24T10:52:14.758464+00:00,2026-07-24T10:53:59.194078+00:00
2d41c12a-80c2-45af-92d3-9dedf1a4decf,A307,bolt,A307,0.755892276763916,0.657396138381958,Medium,false,ST - Springhill Lake.pdf,A\d+,approved,,A307,,2026-07-24T10:52:14.866728+00:00,2026-07-24T10:53:59.151400+00:00
62c82467-6ed3-4225-afb5-71e1591d48ec,A325,bolt,A325,0.5998783111572266,0.5820291555786132,Medium,true,ST - Springhill Lake.pdf,A\d+,approved,,A325,,2026-07-24T10:52:14.972224+00:00,2026-07-24T10:53:59.108592+00:00
4580ca0a-2201-4b40-b537-9f4990c1ed4c,A36,material,A36,0.8277620077133179,0.6933310038566589,Medium,false,ST - Springhill Lake.pdf,A\d+,approved,,A36,,2026-07-24T10:52:15.085014+00:00,2026-07-24T10:53:59.066920+00:00
6d10e3da-165a-43b2-ab09-18611d294662,A500,material,A500,0.7016684412956238,0.6276442206478119,Medium,false,ST - Springhill Lake.pdf,A\d+,approved,,A500,,2026-07-24T10:52:15.189630+00:00,2026-07-24T10:53:59.024282+00:00
44570f6b-4614-4332-b9fe-7879d26f993d,A53,material,A53,0.8870463967323303,0.7141231983661651,Medium,false,ST - Springhill Lake.pdf,A\d+,approved,,A53,,2026-07-24T10:52:15.272891+00:00,2026-07-24T10:53:58.978282+00:00
4434ec5b-fff1-4c71-afee-411f6cffb865,A568,material,A568,0.7108041644096375,0.6170620822048187,Medium,false,ST - Springhill Lake.pdf,A\d+,approved,,A568,,2026-07-24T10:52:15.346272+00:00,2026-07-24T10:53:58.923901+00:00
eee19b02-6e48-4582-95c7-994e645f4445,A572,material,A572,0.8526678681373596,0.7057839340686798,Medium,false,ST - Springhill Lake.pdf,A\d+,approved,,A572,,2026-07-24T10:52:15.426117+00:00,2026-07-24T10:53:58.881492+00:00
25e753eb-54e5-4fdd-b550-b77c7d4e7048,A588,material,A588,0.8425397276878357,0.6829298638439179,Medium,false,ST - Springhill Lake.pdf,A\d+,approved,,A588,,2026-07-24T10:52:15.518375+00:00,2026-07-24T10:53:58.839223+00:00
62817707-0042-45f9-8a4e-329d8dc52c27,A6,structural_section,A,0.981101393699646,0.7713506968498229,Medium,false,ST - Springhill Lake.pdf,A\d+,approved,,A,,2026-07-24T10:52:15.625909+00:00,2026-07-24T10:53:58.797317+00:00
387bd3fc-746c-4f94-a369-bd2d4c845c16,A615,material,A615,0.9344021081924438,0.7466510540962219,Medium,false,ST - Springhill Lake.pdf,A\d+,approved,,A615,,2026-07-24T10:52:15.719039+00:00,2026-07-24T10:53:58.754381+00:00
ca2a4378-cb7f-43c0-b32a-e412af4a753a,A653,material,A653,0.4792461693286896,0.5164330846643448,Low,true,ST - Springhill Lake.pdf,A\d+,approved,,A653,,2026-07-24T10:52:15.835811+00:00,2026-07-24T10:53:58.711735+00:00
23ae7418-d65a-4ac3-a2ad-80883f07556c,A706,material,A706,0.4865821897983551,0.4960410948991775,Low,true,ST - Springhill Lake.pdf,A\d+,approved,,A706,,2026-07-24T10:52:15.939272+00:00,2026-07-24T10:53:58.672549+00:00
4946353c-9f65-4b0c-8c5d-cd649df7cae7,A913,material,A913,0.8208117485046387,0.6810058742523193,Medium,false,ST - Springhill Lake.pdf,A\d+,approved,,A913,,2026-07-24T10:52:16.043719+00:00,2026-07-24T10:53:58.594574+00:00
84b3434f-7798-4de3-a157-295055056569,A970,material,A970,0.9298167824745178,0.7265683912372589,Medium,false,ST - Springhill Lake.pdf,A\d+,approved,,A970,,2026-07-24T10:52:16.154672+00:00,2026-07-24T10:53:58.473633+00:00
363f7855-1715-4415-ac7a-337f732e991f,A992,material,A992,0.9629535675048828,0.7635667837524414,Medium,false,ST - Springhill Lake.pdf,A\d+,approved,,A992,,2026-07-24T10:52:16.258762+00:00,2026-07-24T10:53:58.375001+00:00
f8005bc5-878c-4ad5-a272-00eb96176550,HSS10X0,structural_section,HSS,0.9998966455459595,0.7876483227729797,Medium,false,ST - Springhill Lake.pdf,HSS\d+X\d+X\d+/\d+,approved,,HSS,,2026-07-24T10:52:16.363531+00:00,2026-07-24T10:53:24.322446+00:00
d5d917e6-91a6-4c92-9381-d6456537fa2e,HSS16X0,structural_section,HSS,0.9998797178268433,0.7843098589134216,Medium,false,ST - Springhill Lake.pdf,HSS\d+X\d+X\d+/\d+,approved,,HSS,,2026-07-24T10:52:16.593237+00:00,2026-07-24T10:53:24.283912+00:00
44035000-99a0-48ea-8b6b-96906eb6c4b9,HSS18X0,structural_section,HSS,0.999896764755249,0.7843183823776245,Medium,false,ST - Springhill Lake.pdf,HSS\d+X\d+X\d+/\d+,approved,,HSS,,2026-07-24T10:52:16.822265+00:00,2026-07-24T10:53:24.226805+00:00
9df23341-8a55-4d1a-85ed-09b9fff6e6d1,L1x1x1/4,structural_section,L,0.9997535347938538,0.7337267673969269,Medium,false,ST - Springhill Lake.pdf,L\d+X\d+X\d+/\d+,approved,,L,,2026-07-24T10:52:17.759725+00:00,2026-07-24T10:53:24.103353+00:00
0301d9a9-df15-4968-acde-9e7d62bce498,L4X3,structural_section,L,0.9888134598731995,0.7496167299365997,Medium,false,ST - Springhill Lake.pdf,L\d+X\d+X\d+/\d+,approved,,L,,2026-07-24T10:52:18.205557+00:00,2026-07-24T10:53:24.008471+00:00
118dc0fb-3b67-4eca-8d8c-27732d4f5420,L4x4,structural_section,L,0.9912290573120117,0.7448245286560058,Medium,false,ST - Springhill Lake.pdf,L\d+X\d+X\d+/\d+,approved,,L,,2026-07-24T10:52:18.687582+00:00,2026-07-24T10:53:23.885308+00:00
6aa3ee63-2190-4b93-9c5e-7fcca15f3382,L5X3,structural_section,C,0.6368913650512695,0.6069256825256348,Medium,true,ST - Springhill Lake.pdf,(?:C|L)\d+X\d+(?:\.\d+)?,rejected,,,,2026-07-24T10:52:18.846192+00:00,2026-07-24T10:53:29.492363+00:00
07889b56-c648-4b55-88a6-c5dcb96c2692,L6X3,structural_section,L,0.9882729649543762,0.743346482477188,Medium,false,ST - Springhill Lake.pdf,L\d+X\d+X\d+/\d+,approved,,L,,2026-07-24T10:52:19.085028+00:00,2026-07-24T10:53:23.760590+00:00
fb2e4381-ca45-42fc-9aaf-9e9561c2cf60,S-001,structural_section,S,0.9994256496429443,0.7479628248214721,Medium,false,ST - Springhill Lake.pdf,S\-\d+,approved,,S,,2026-07-24T10:52:19.438424+00:00,2026-07-24T10:53:11.380766+00:00
64f21fc5-ed68-4c3c-8d95-915c10b252bb,S-002,structural_section,S,0.9994256496429443,0.7479628248214721,Medium,false,ST - Springhill Lake.pdf,S\-\d+,approved,,S,,2026-07-24T10:52:19.546962+00:00,2026-07-24T10:53:11.341211+00:00
d2e5cd7f-3858-4e9d-a2b7-1c3cb4076d9b,S-003,structural_section,S,0.9994256496429443,0.7479628248214721,Medium,false,ST - Springhill Lake.pdf,S\-\d+,approved,,S,,2026-07-24T10:52:19.663320+00:00,2026-07-24T10:53:11.301530+00:00
4b2a5a71-011a-4df9-9430-d3c16ae03009,S-004,structural_section,S,0.9994256496429443,0.7479628248214721,Medium,false,ST - Springhill Lake.pdf,S\-\d+,approved,,S,,2026-07-24T10:52:19.770710+00:00,2026-07-24T10:53:11.265422+00:00
166acc77-9f71-4463-a90f-3ef8c50a47d4,S-111,structural_section,S,0.9993987083435059,0.7479493541717529,Medium,false,ST - Springhill Lake.pdf,S\-\d+,approved,,S,,2026-07-24T10:52:19.892205+00:00,2026-07-24T10:53:11.231945+00:00
6740f638-5cab-4bc8-b25b-ffb1b93628f7,S-112,structural_section,S,0.9994561076164246,0.7479780538082123,Medium,false,ST - Springhill Lake.pdf,S\-\d+,approved,,S,,2026-07-24T10:52:20.016149+00:00,2026-07-24T10:53:11.195653+00:00
d59404f0-1584-4969-b508-bcee90b4aa39,S-113,structural_section,S,0.9994086027145386,0.7479543013572693,Medium,false,ST - Springhill Lake.pdf,S\-\d+,approved,,S,,2026-07-24T10:52:20.117779+00:00,2026-07-24T10:53:11.160127+00:00
8d218e9b-1ced-44d0-a5f2-8a5dee82f234,S-201,structural_section,S,0.9994083642959595,0.7479541821479797,Medium,false,ST - Springhill Lake.pdf,S\-\d+,approved,,S,,2026-07-24T10:52:20.225097+00:00,2026-07-24T10:53:11.125808+00:00
da2370b9-754c-404e-94b0-9df916025948,S-202,structural_section,S,0.9994083642959595,0.7479541821479797,Medium,false,ST - Springhill Lake.pdf,S\-\d+,approved,,S,,2026-07-24T10:52:20.336371+00:00,2026-07-24T10:53:11.093187+00:00
0f2d9552-209b-45b7-be3a-fdd54117890d,S-203,structural_section,S,0.9994083642959595,0.7479541821479797,Medium,false,ST - Springhill Lake.pdf,S\-\d+,approved,,S,,2026-07-24T10:52:20.446919+00:00,2026-07-24T10:53:11.061413+00:00
1179e2c8-0650-4925-a928-4e8fb0a963d0,S-204,structural_section,S,0.9994083642959595,0.7479541821479797,Medium,false,ST - Springhill Lake.pdf,S\-\d+,approved,,S,,2026-07-24T10:52:20.557452+00:00,2026-07-24T10:53:11.027827+00:00
30ca4a1a-d994-4aaf-997c-4c32fa1aa45a,S-205,structural_section,S,0.999406099319458,0.747953049659729,Medium,false,ST - Springhill Lake.pdf,S\-\d+,approved,,S,,2026-07-24T10:52:20.671345+00:00,2026-07-24T10:53:10.989508+00:00
cb153368-ec80-46e9-bdc9-6e37faf2f2c2,S-206,structural_section,S,0.9994146823883057,0.7479573411941528,Medium,false,ST - Springhill Lake.pdf,S\-\d+,approved,,S,,2026-07-24T10:52:20.791468+00:00,2026-07-24T10:53:10.950226+00:00
a7424c4b-1136-43fe-ba9e-12483bcd3b51,S-301,structural_section,S,0.9994586110115051,0.7479793055057525,Medium,false,ST - Springhill Lake.pdf,S\-\d+,approved,,S,,2026-07-24T10:52:20.909589+00:00,2026-07-24T10:53:10.910309+00:00
21ba6641-eb22-48c3-ad17-17adc1f07f5a,S-311,structural_section,S,0.9993987083435059,0.7479493541717529,Medium,false,ST - Springhill Lake.pdf,S\-\d+,approved,,S,,2026-07-24T10:52:21.022474+00:00,2026-07-24T10:53:10.870663+00:00
2308a016-2a30-457a-acef-adf6a1e54d5b,S-312,structural_section,S,0.9994561076164246,0.7479780538082123,Medium,false,ST - Springhill Lake.pdf,S\-\d+,approved,,S,,2026-07-24T10:52:21.107654+00:00,2026-07-24T10:53:10.826958+00:00
c6660de0-624c-431f-93d7-efec2b5aca85,S-321,structural_section,S,0.9993987083435059,0.7479493541717529,Medium,false,ST - Springhill Lake.pdf,S\-\d+,approved,,S,,2026-07-24T10:52:21.186967+00:00,2026-07-24T10:53:10.786217+00:00
95494762-edbd-4a5e-97a3-07452a7a2d62,S-322,structural_section,S,0.9993987083435059,0.7479493541717529,Medium,false,ST - Springhill Lake.pdf,S\-\d+,approved,,S,,2026-07-24T10:52:21.270633+00:00,2026-07-24T10:53:10.745383+00:00
aac558ee-61cb-4278-b7a3-91c033508209,S-401,structural_section,S,0.9993987083435059,0.7479493541717529,Medium,false,ST - Springhill Lake.pdf,S\-\d+,approved,,S,,2026-07-24T10:52:21.376924+00:00,2026-07-24T10:53:10.703730+00:00
b02f6646-e9fd-4578-bc0d-a3177e6494eb,S-402,structural_section,S,0.9993987083435059,0.7479493541717529,Medium,false,ST - Springhill Lake.pdf,S\-\d+,approved,,S,,2026-07-24T10:52:21.506433+00:00,2026-07-24T10:53:10.667718+00:00
77947f31-89f9-4ed9-8e8c-e751073d854c,S-403,structural_section,S,0.9993987083435059,0.7479493541717529,Medium,false,ST - Springhill Lake.pdf,S\-\d+,approved,,S,,2026-07-24T10:52:21.620519+00:00,2026-07-24T10:53:10.610020+00:00
7b4ea215-7c1c-4e8d-bb56-4ee04b63a102,S-404,structural_section,S,0.9993987083435059,0.7479493541717529,Medium,false,ST - Springhill Lake.pdf,S\-\d+,approved,,S,,2026-07-24T10:52:21.739553+00:00,2026-07-24T10:53:10.528422+00:00
8ebc4ad0-10ef-45f8-8605-0a66b4993eb7,S-501,structural_section,S,0.9993985891342163,0.7479492945671081,Medium,false,ST - Springhill Lake.pdf,S\-\d+,approved,,S,,2026-07-24T10:52:21.853648+00:00,2026-07-24T10:53:10.409772+00:00
292705c4-0195-4c9d-9ecc-d0c04da46b48,S-502,structural_section,S,0.9993985891342163,0.7479492945671081,Medium,false,ST - Springhill Lake.pdf,S\-\d+,approved,,S,,2026-07-24T10:52:21.971441+00:00,2026-07-24T10:53:10.325215+00:00
aaae049b-96b3-494e-be1f-33515be39a05,S-601,structural_section,S,0.9993987083435059,0.7479493541717529,Medium,false,ST - Springhill Lake.pdf,S\-\d+,approved,,S,,2026-07-24T10:52:22.089947+00:00,2026-07-24T10:53:10.205188+00:00
15d2a5f2-d543-4dd7-97b8-27015cc9134c,A1064,material,A1064,0.965386152267456,0.762143076133728,Medium,false,Burrville ES - ST.pdf,A\d+,approved,,A1064,,2026-07-27T10:10:59.904982+00:00,2026-07-27T10:13:58.088164+00:00
438b5084-eb91-4d26-94cc-969ea0a25264,A2,structural_section,A,0.9634132981300354,0.7627766490650176,Medium,false,Burrville ES - ST.pdf,A\d+,rejected,,,,2026-07-27T10:11:00.037354+00:00,2026-07-27T10:13:42.514948+00:00
94221e96-86bd-4653-bf3c-f3a234546cce,A3,structural_section,A,0.9667473435401917,0.7644436717700958,Medium,false,Burrville ES - ST.pdf,A\d+,rejected,,,,2026-07-27T10:11:00.164656+00:00,2026-07-27T10:13:39.986076+00:00
cebfe221-bcba-4644-8a0e-b6cd726ffe92,A307,bolt,A307,0.755892276763916,0.660036138381958,Medium,false,Burrville ES - ST.pdf,A\d+,approved,,A307,,2026-07-27T10:11:00.266320+00:00,2026-07-27T10:13:58.195903+00:00
1586978b-f941-477a-becc-721c3a631df5,A325,bolt,A325,0.5998783111572266,0.5846391555786132,Medium,true,Burrville ES - ST.pdf,A\d+,approved,,A325,,2026-07-27T10:11:00.370772+00:00,2026-07-27T10:13:58.319323+00:00
db94a26e-52b5-46f3-b5dd-020e8d39d9dc,A36,material,A36,0.8277620077133179,0.6959710038566589,Medium,false,Burrville ES - ST.pdf,A\d+,approved,,A36,,2026-07-27T10:11:00.482565+00:00,2026-07-27T10:13:58.407254+00:00
32cda67d-ede1-4eae-99e4-94673a901a37,A500,material,A500,0.7016684412956238,0.6302842206478119,Medium,false,Burrville ES - ST.pdf,A\d+,approved,,A500,,2026-07-27T10:11:00.703510+00:00,2026-07-27T10:13:58.460853+00:00
faec09e6-db12-4d3c-8d8f-c1a361bbad05,A53,material,A53,0.8870463967323303,0.7203331983661652,Medium,false,Burrville ES - ST.pdf,A\d+,approved,,A53,,2026-07-27T10:11:00.841062+00:00,2026-07-27T10:13:58.525335+00:00
a7781e5c-3a0c-4c1b-b5f0-a7c6d5071287,A568,material,A568,0.7108041644096375,0.6260020822048187,Medium,false,Burrville ES - ST.pdf,A\d+,approved,,A568,,2026-07-27T10:11:00.985479+00:00,2026-07-27T10:13:58.587552+00:00
2ebed316-b627-4092-9175-8decc1f531d3,A572,material,A572,0.8526678681373596,0.7084239340686798,Medium,false,Burrville ES - ST.pdf,A\d+,approved,,A572,,2026-07-27T10:11:01.113944+00:00,2026-07-27T10:13:58.645897+00:00
e6a7abea-3c52-45cd-a720-ff3638d985fe,A588,material,A588,0.8425397276878357,0.6918698638439178,Medium,false,Burrville ES - ST.pdf,A\d+,approved,,A588,,2026-07-27T10:11:01.213330+00:00,2026-07-27T10:13:58.708041+00:00
815040d2-1c33-4466-aef0-1cf6024b63b6,A6,structural_section,A,0.981101393699646,0.7716206968498229,Medium,false,Burrville ES - ST.pdf,A\d+,rejected,,,,2026-07-27T10:11:01.485054+00:00,2026-07-27T10:13:34.882353+00:00
72083010-b9d5-4d85-baaf-3b01f3c7abda,A615,material,A615,0.9344021081924438,0.7492910540962219,Medium,false,Burrville ES - ST.pdf,A\d+,approved,,A615,,2026-07-27T10:11:01.588928+00:00,2026-07-27T10:13:58.772954+00:00
9f3ea476-9f0d-4892-987b-10aca39a8260,A653,material,A653,0.4792461693286896,0.5190730846643448,Low,true,Burrville ES - ST.pdf,A\d+,approved,,A653,,2026-07-27T10:11:01.682552+00:00,2026-07-27T10:13:58.835440+00:00
4180c1f4-ec65-4ff6-8a6d-d667987626e6,A706,material,A706,0.4865821897983551,0.5049510948991776,Low,true,Burrville ES - ST.pdf,A\d+,approved,,A706,,2026-07-27T10:11:01.757884+00:00,2026-07-27T10:13:58.893439+00:00
6d8dc315-cbe3-43f5-9f18-0f7985acb750,A913,material,A913,0.8208117485046387,0.6872158742523193,Medium,false,Burrville ES - ST.pdf,A\d+,approved,,A913,,2026-07-27T10:11:01.839561+00:00,2026-07-27T10:13:58.955740+00:00
40266431-a1d1-4917-8821-1293b28d792f,A970,material,A970,0.9298167824745178,0.7355083912372589,Medium,false,Burrville ES - ST.pdf,A\d+,approved,,A970,,2026-07-27T10:11:01.937233+00:00,2026-07-27T10:13:59.018067+00:00
fc95e0eb-e38d-4e5f-b751-8af38fe0175c,A992,material,A992,0.9629535675048828,0.7661767837524414,Medium,false,Burrville ES - ST.pdf,A\d+,approved,,A992,,2026-07-27T10:11:02.041096+00:00,2026-07-27T10:13:59.077440+00:00
d2b0a69c-50bc-46e6-a63c-99577bc4dc8c,HSS10X0,structural_section,HSS,0.9998966455459595,0.7876483227729797,Medium,false,Burrville ES - ST.pdf,HSS\d+X\d+X\d+/\d+,approved,structural_section,HSS,,2026-07-27T10:11:02.135600+00:00,2026-07-27T10:12:54.082576+00:00
76e10b06-6e48-4e5c-8246-9c0cbb524399,L1x1x1/4,structural_section,L,0.9997535347938538,0.7337267673969269,Medium,false,Burrville ES - ST.pdf,L\d+X\d+X\d+/\d+,approved,structural_section,L,,2026-07-27T10:11:02.822545+00:00,2026-07-27T10:12:51.466400+00:00
8b3e6096-8491-4288-b50d-8c182f4f5a4e,L4X3,structural_section,L,0.9888134598731995,0.7496167299365997,Medium,false,Burrville ES - ST.pdf,L\d+X\d+X\d+/\d+,approved,structural_section,L,,2026-07-27T10:11:03.371955+00:00,2026-07-27T10:12:49.812715+00:00
66ee5cb6-907f-4ca8-a065-ec51d67c2ab2,L5X3,structural_section,C,0.6368913650512695,0.6069256825256348,Medium,true,Burrville ES - ST.pdf,(?:C|L)\d+X\d+(?:\.\d+)?,rejected,,,,2026-07-27T10:11:03.818838+00:00,2026-07-27T10:12:40.609365+00:00
d030804a-92bb-4042-bc1c-a5da199988f5,L6x3,structural_section,L,0.9882729649543762,0.743346482477188,Medium,false,Burrville ES - ST.pdf,L\d+X\d+X\d+/\d+,approved,,L,,2026-07-27T10:11:04.039799+00:00,2026-07-27T10:12:25.794021+00:00
2bc2b89b-5cd6-4c77-add6-0558930c8e70,S-001,structural_section,S,0.9994256496429443,0.7479628248214721,Medium,false,Burrville ES - ST.pdf,S\-\d+,approved,,S,,2026-07-27T10:11:04.196631+00:00,2026-07-27T10:12:25.747609+00:00
d5578310-b12e-4e04-837a-0f10c48c2dde,S-002,structural_section,S,0.9994256496429443,0.7479628248214721,Medium,false,Burrville ES - ST.pdf,S\-\d+,approved,,S,,2026-07-27T10:11:04.306469+00:00,2026-07-27T10:12:25.703816+00:00
92a322e9-8976-450a-8912-f097516a0257,S-003,structural_section,S,0.9994256496429443,0.7479628248214721,Medium,false,Burrville ES - ST.pdf,S\-\d+,approved,,S,,2026-07-27T10:11:04.422258+00:00,2026-07-27T10:12:25.660722+00:00
24923b00-cdc7-4997-9028-2dd7b6439c55,S-004,structural_section,S,0.9994256496429443,0.7479628248214721,Medium,false,Burrville ES - ST.pdf,S\-\d+,approved,,S,,2026-07-27T10:11:04.532858+00:00,2026-07-27T10:12:25.610553+00:00
792e50eb-45b6-4603-b30f-0bb9fb49d925,S-101,structural_section,S,0.9993910789489746,0.7479455394744873,Medium,false,Burrville ES - ST.pdf,S\-\d+,approved,,S,,2026-07-27T10:11:04.618928+00:00,2026-07-27T10:12:25.564889+00:00
af1ab23d-b876-4055-bd4b-38195fa25fc8,S-102,structural_section,S,0.9993910789489746,0.7479455394744873,Medium,false,Burrville ES - ST.pdf,S\-\d+,approved,,S,,2026-07-27T10:11:04.707155+00:00,2026-07-27T10:12:25.522171+00:00
0262de68-8623-47a8-84fa-1fb426b9c719,S-103,structural_section,S,0.9993910789489746,0.7479455394744873,Medium,false,Burrville ES - ST.pdf,S\-\d+,approved,,S,,2026-07-27T10:11:04.816551+00:00,2026-07-27T10:12:25.476521+00:00
6d3b4acf-a51f-4038-b6c8-1b426830add2,S-104,structural_section,S,0.9993910789489746,0.7479455394744873,Medium,false,Burrville ES - ST.pdf,S\-\d+,approved,,S,,2026-07-27T10:11:04.925146+00:00,2026-07-27T10:12:25.432650+00:00
68a549ae-bc8f-4657-aaef-4033043d13af,S-201,structural_section,S,0.9994083642959595,0.7479541821479797,Medium,false,Burrville ES - ST.pdf,S\-\d+,approved,,S,,2026-07-27T10:11:05.033905+00:00,2026-07-27T10:12:25.389628+00:00
ee8dca5b-3868-42d8-ad62-bf1ec516d332,S-202,structural_section,S,0.9994083642959595,0.7479541821479797,Medium,false,Burrville ES - ST.pdf,S\-\d+,approved,,S,,2026-07-27T10:11:05.147253+00:00,2026-07-27T10:12:25.347108+00:00
0e3e68ca-df11-4c7a-bb68-26ddc547a42d,S-203,structural_section,S,0.9994083642959595,0.7479541821479797,Medium,false,Burrville ES - ST.pdf,S\-\d+,approved,,S,,2026-07-27T10:11:05.256291+00:00,2026-07-27T10:12:25.305591+00:00
340d3cad-e8d9-4254-a767-394e28edcb47,S-204,structural_section,S,0.9994083642959595,0.7479541821479797,Medium,false,Burrville ES - ST.pdf,S\-\d+,approved,,S,,2026-07-27T10:11:05.367945+00:00,2026-07-27T10:12:25.266246+00:00
7c5bd4d3-19b1-4a83-81e8-adf8a1924f1b,S-205,structural_section,S,0.999406099319458,0.747953049659729,Medium,false,Burrville ES - ST.pdf,S\-\d+,approved,,S,,2026-07-27T10:11:05.470879+00:00,2026-07-27T10:12:25.228358+00:00
7c3ec7ec-9f2d-4409-b135-aa81b331177b,S-206,structural_section,S,0.9994146823883057,0.7479573411941528,Medium,false,Burrville ES - ST.pdf,S\-\d+,approved,,S,,2026-07-27T10:11:05.575445+00:00,2026-07-27T10:12:25.190113+00:00
6308c05e-fa56-4539-8226-47632518cd26,S-207,structural_section,S,0.9994083642959595,0.7479541821479797,Medium,false,Burrville ES - ST.pdf,S\-\d+,approved,,S,,2026-07-27T10:11:05.683373+00:00,2026-07-27T10:12:25.152250+00:00
63e0c1f4-29eb-48c0-84eb-f8b928de3177,S-208,structural_section,S,0.9994168281555176,0.7479584140777588,Medium,false,Burrville ES - ST.pdf,S\-\d+,approved,,S,,2026-07-27T10:11:05.784682+00:00,2026-07-27T10:12:25.110760+00:00
39acd3fb-018d-4fe7-9979-5f8d1bdf84c4,S-301,structural_section,S,0.9994586110115051,0.7479793055057525,Medium,false,Burrville ES - ST.pdf,S\-\d+,approved,,S,,2026-07-27T10:11:05.898884+00:00,2026-07-27T10:12:25.072196+00:00
5772947f-b723-4079-8ac3-52586bee9943,S-311,structural_section,S,0.9993987083435059,0.7479493541717529,Medium,false,Burrville ES - ST.pdf,S\-\d+,approved,,S,,2026-07-27T10:11:05.991914+00:00,2026-07-27T10:12:25.022990+00:00
597e2ca2-f671-48cf-ad9d-d8334ebcfd7f,S-321,structural_section,S,0.9993987083435059,0.7479493541717529,Medium,false,Burrville ES - ST.pdf,S\-\d+,approved,,S,,2026-07-27T10:11:06.114184+00:00,2026-07-27T10:12:24.969788+00:00
8ac93064-e34e-4b77-becf-fba6b8dcdd02,S-322,structural_section,S,0.9993987083435059,0.7479493541717529,Medium,false,Burrville ES - ST.pdf,S\-\d+,approved,,S,,2026-07-27T10:11:06.234125+00:00,2026-07-27T10:12:24.923791+00:00
0e7eebd7-1429-4610-860a-70957445b56b,S-401,structural_section,S,0.9993987083435059,0.7479493541717529,Medium,false,Burrville ES - ST.pdf,S\-\d+,approved,,S,,2026-07-27T10:11:06.340077+00:00,2026-07-27T10:12:24.883247+00:00
89c38d3b-9b0e-406d-ace8-bdf1bb3383b3,S-402,structural_section,S,0.9993987083435059,0.7479493541717529,Medium,false,Burrville ES - ST.pdf,S\-\d+,approved,,S,,2026-07-27T10:11:06.443149+00:00,2026-07-27T10:12:24.787164+00:00
03c3f45a-b48b-4d04-aa5c-2b2272d04f9b,S-501,structural_section,S,0.9993985891342163,0.7479492945671081,Medium,false,Burrville ES - ST.pdf,S\-\d+,approved,,S,,2026-07-27T10:11:06.557005+00:00,2026-07-27T10:12:24.657437+00:00
76db451d-1e48-4768-9b8d-59fcbad5c040,S-502,structural_section,S,0.9993985891342163,0.7479492945671081,Medium,false,Burrville ES - ST.pdf,S\-\d+,approved,,S,,2026-07-27T10:11:06.668327+00:00,2026-07-27T10:12:24.563325+00:00
246cf7b9-6fda-4420-8bcf-9adeb41b942c,W14X198,structural_section,W,0.999790608882904,0.788795304441452,Medium,false,Burrville ES - ST.pdf,W\d+X\d+,approved,structural_section,W,,2026-07-27T10:11:08.068466+00:00,2026-07-27T10:11:37.062408+00:00
074813e7-77c5-4482-86b6-75f4fef4a6f5,A1,structural_section,A,0.9801339507102966,0.7711369753551482,Medium,false,Structure - Copy.pdf,A\d+,rejected,,,,2026-07-27T10:32:58.751728+00:00,2026-07-27T10:33:41.694072+00:00
c533c631-ffdd-4f4e-b37e-f4ef0d9953ad,A1064,material,A1064,0.965386152267456,0.764783076133728,Medium,false,Structure - Copy.pdf,A\d+,approved,,A1064,,2026-07-27T10:32:58.886694+00:00,2026-07-27T10:33:49.010526+00:00
4f1293dc-a0a8-44d7-8b7e-e11ed02d68be,A22,material,A22,0.800673246383667,0.6560866231918334,Medium,false,Structure - Copy.pdf,A\d+,approved,,A22,,2026-07-27T10:32:59.021152+00:00,2026-07-27T10:33:48.954733+00:00
0f726ffc-41d9-4c0f-a062-84bf25d0d9c3,A307,bolt,A307,0.755892276763916,0.662646138381958,Medium,false,Structure - Copy.pdf,A\d+,approved,,A307,,2026-07-27T10:32:59.148962+00:00,2026-07-27T10:33:48.904813+00:00
2bbee201-2490-4e38-8324-0c4d9d70fb71,A36,material,A36,0.8277620077133179,0.6985810038566589,Medium,false,Structure - Copy.pdf,A\d+,approved,,A36,,2026-07-27T10:32:59.353431+00:00,2026-07-27T10:33:48.857824+00:00
0351dc4a-362c-405f-965a-afb9e8a8052b,A500,material,A500,0.7016684412956238,0.6329242206478118,Medium,false,Structure - Copy.pdf,A\d+,approved,,A500,,2026-07-27T10:32:59.481245+00:00,2026-07-27T10:33:48.807549+00:00
0cc0f9b2-2524-4828-89e4-3c0c4a2c3622,A615,material,A615,0.9344021081924438,0.7519010540962219,Medium,false,Structure - Copy.pdf,A\d+,approved,,A615,,2026-07-27T10:32:59.615272+00:00,2026-07-27T10:33:48.755314+00:00
d3e06645-0c84-422d-a6fa-8c07cf63f2c3,A706,material,A706,0.4865821897983551,0.5138910948991775,Low,true,Structure - Copy.pdf,A\d+,approved,,A706,,2026-07-27T10:32:59.742657+00:00,2026-07-27T10:33:48.704440+00:00
b727e800-10b6-48df-adfa-9bc2abdad585,A775,material,A775,0.9267426133155823,0.7161213066577912,Medium,false,Structure - Copy.pdf,A\d+,approved,,A775,,2026-07-27T10:32:59.868113+00:00,2026-07-27T10:33:48.628223+00:00
e49f182b-ce11-4e45-a221-e8104ca9ddd9,A992,material,A992,0.9629535675048828,0.7661767837524414,Medium,false,Structure - Copy.pdf,A\d+,approved,,A992,,2026-07-27T10:32:59.987737+00:00,2026-07-27T10:33:48.472765+00:00
74644e49-8558-401c-9754-63254e18499b,L5x3,structural_section,C,0.6368913650512695,0.6069256825256348,Medium,true,Structure - Copy.pdf,(?:C|L)\d+X\d+(?:\.\d+)?,rejected,,,,2026-07-27T10:33:00.842753+00:00,2026-07-27T10:33:34.384445+00:00
19e7d048-200e-472f-b4c2-b85560c215b5,W10X24,structural_section,W,0.9997758269309998,0.7887879134654998,Medium,false,Structure - Copy.pdf,W\d+X\d+,approved,structural_section,W,,2026-07-27T10:33:01.392245+00:00,2026-07-27T10:33:29.322810+00:00
94b5ebba-c8d9-425f-9bb1-fbfc7d7c3cdf,A1064,material,A1064,0.965386152267456,0.764783076133728,Medium,false,1200 K_Permit_Bid_Dwgs - Structural.pdf,A\d+,approved,,A1064,,2026-07-27T11:01:23.193218+00:00,2026-07-27T11:03:37.094112+00:00
5d893599-939f-42cd-8fb9-2991c804f543,A108,material,A108,0.9384356737136841,0.730877836856842,Medium,false,1200 K_Permit_Bid_Dwgs - Structural.pdf,A\d+,approved,,A108,,2026-07-27T11:01:23.545703+00:00,2026-07-27T11:03:37.222009+00:00
82e28289-a93b-4d5a-bfb9-34184b511a3e,A2280,material,A2280,0.48125171661376953,0.49337585830688474,Low,true,1200 K_Permit_Bid_Dwgs - Structural.pdf,A\d+,approved,,A2280,,2026-07-27T11:01:23.685254+00:00,2026-07-27T11:03:37.367144+00:00
2f6b001f-c138-42e0-91d9-a1a05c8cb45a,A29,material,A29,0.5196818113327026,0.5036509056663513,Low,true,1200 K_Permit_Bid_Dwgs - Structural.pdf,A\d+,approved,,A29,,2026-07-27T11:01:23.818565+00:00,2026-07-27T11:03:37.455797+00:00
a1651fda-cdea-4a7a-b472-83848f75a967,A307,bolt,A307,0.755892276763916,0.662646138381958,Medium,false,1200 K_Permit_Bid_Dwgs - Structural.pdf,A\d+,approved,,A307,,2026-07-27T11:01:23.967439+00:00,2026-07-27T11:03:37.537982+00:00
f0932b12-3cf9-4cab-8b85-9c3c87a9619b,A325,bolt,A325,0.5998783111572266,0.5846391555786132,Medium,true,1200 K_Permit_Bid_Dwgs - Structural.pdf,A\d+,approved,,A325,,2026-07-27T11:01:24.108276+00:00,2026-07-27T11:03:37.619928+00:00
98b66890-d0e0-481e-ab11-c7ac3c40db7d,A36,material,A36,0.8277620077133179,0.6985810038566589,Medium,false,1200 K_Permit_Bid_Dwgs - Structural.pdf,A\d+,approved,,A36,,2026-07-27T11:01:24.251508+00:00,2026-07-27T11:03:37.701252+00:00
7c593d74-1048-49fd-a476-4efa264efe84,A416,material,A416,0.6696356534957886,0.5786278267478943,Medium,true,1200 K_Permit_Bid_Dwgs - Structural.pdf,A\d+,approved,,A416,,2026-07-27T11:01:24.386869+00:00,2026-07-27T11:03:37.782854+00:00
e883fe81-02f8-4260-afa5-19b969980be9,A446,material,A446,0.7266309857368469,0.6071254928684234,Medium,false,1200 K_Permit_Bid_Dwgs - Structural.pdf,A\d+,approved,,A446,,2026-07-27T11:01:24.540206+00:00,2026-07-27T11:03:37.866580+00:00
a744609b-56d4-4c8f-b12c-b1a4e4f23f62,A490,bolt,A490,0.5087490081787109,0.5160345040893555,Low,true,1200 K_Permit_Bid_Dwgs - Structural.pdf,A\d+,approved,,A490,,2026-07-27T11:01:24.678562+00:00,2026-07-27T11:03:37.952462+00:00
92e38095-4c6e-4b27-9434-d82b6579424f,A5,structural_section,A,0.9624860882759094,0.7623130441379546,Medium,false,1200 K_Permit_Bid_Dwgs - Structural.pdf,A\d+,approved,,A,,2026-07-27T11:01:24.822010+00:00,2026-07-27T11:03:38.043254+00:00
47c3a3b1-c402-4ecc-a8a0-820cf37f9115,A500,material,A500,0.7016684412956238,0.6329242206478118,Medium,false,1200 K_Permit_Bid_Dwgs - Structural.pdf,A\d+,approved,,A500,,2026-07-27T11:01:24.936397+00:00,2026-07-27T11:03:38.130566+00:00
3b7ff66a-65ab-4db6-b071-e82badff3cec,A53,material,A53,0.8870463967323303,0.7229731983661651,Medium,false,1200 K_Permit_Bid_Dwgs - Structural.pdf,A\d+,approved,,A53,,2026-07-27T11:01:25.072966+00:00,2026-07-27T11:03:38.208760+00:00
529f4227-34f1-4ca8-a230-e3a2f8d7242e,A563,bolt,A563,0.8988465666770935,0.7021732833385468,Medium,false,1200 K_Permit_Bid_Dwgs - Structural.pdf,A\d+,approved,,A563,,2026-07-27T11:01:25.191305+00:00,2026-07-27T11:03:38.308508+00:00
be057d70-580f-4b20-836f-88e41ed2042d,A572,material,A572,0.8526678681373596,0.7110339340686798,Medium,false,1200 K_Permit_Bid_Dwgs - Structural.pdf,A\d+,approved,,A572,,2026-07-27T11:01:25.332219+00:00,2026-07-27T11:03:38.391185+00:00
13476cb1-c442-41da-bcaf-06852817fd0c,A615,material,A615,0.9344021081924438,0.7519010540962219,Medium,false,1200 K_Permit_Bid_Dwgs - Structural.pdf,A\d+,approved,,A615,,2026-07-27T11:01:25.475228+00:00,2026-07-27T11:03:38.482512+00:00
7143e906-55a9-4039-9008-f19c6f7ed041,A653,material,A653,0.4792461693286896,0.5217130846643447,Low,true,1200 K_Permit_Bid_Dwgs - Structural.pdf,A\d+,approved,,A653,,2026-07-27T11:01:25.625547+00:00,2026-07-27T11:03:38.559538+00:00
aee1d7b8-6d33-41b5-8555-91534f15f344,A706,material,A706,0.4865821897983551,0.5138910948991775,Low,true,1200 K_Permit_Bid_Dwgs - Structural.pdf,A\d+,approved,,A706,,2026-07-27T11:01:25.771612+00:00,2026-07-27T11:03:38.648202+00:00
684b1bed-3907-4a81-85c5-55e30d7c160a,A913,material,A913,0.8208117485046387,0.6898558742523193,Medium,false,1200 K_Permit_Bid_Dwgs - Structural.pdf,A\d+,approved,,A913,,2026-07-27T11:01:25.925173+00:00,2026-07-27T11:03:38.734552+00:00
00db9989-e0b0-496b-85bf-f6eecb9e0af5,A959,material,A959,0.6693360209465027,0.5784780104732513,Medium,true,1200 K_Permit_Bid_Dwgs - Structural.pdf,A\d+,approved,,A959,,2026-07-27T11:01:26.060259+00:00,2026-07-27T11:03:38.836545+00:00
c55738a5-f532-4103-8e39-eb3840ad3a15,A992,material,A992,0.9629535675048828,0.7661767837524414,Medium,false,1200 K_Permit_Bid_Dwgs - Structural.pdf,A\d+,approved,,A992,,2026-07-27T11:01:26.195052+00:00,2026-07-27T11:03:38.922724+00:00
15d9d1f5-79a5-4a55-91c8-f6d48cea27cd,HSS5x5,structural_section,HSS,0.9998890161514282,0.7876445080757141,Medium,false,1200 K_Permit_Bid_Dwgs - Structural.pdf,HSS\d+X\d+X\d+/\d+,approved,structural_section,HSS,,2026-07-27T11:01:26.928412+00:00,2026-07-27T11:03:20.859903+00:00
1f357042-8850-4546-a371-d34d0eedb056,L18x12x3/8,structural_section,L,0.9997654557228088,0.7337327278614044,Medium,false,1200 K_Permit_Bid_Dwgs - Structural.pdf,L\d+X\d+X\d+/\d+,approved,structural_section,L,,2026-07-27T11:01:27.903606+00:00,2026-07-27T11:03:19.708513+00:00
286c7821-fbec-46a5-9739-84c4b319f3db,L5x5,structural_section,L,0.8711154460906982,0.6907677230453491,Medium,false,1200 K_Permit_Bid_Dwgs - Structural.pdf,L\d+X\d+X\d+/\d+,approved,structural_section,L,,2026-07-27T11:01:28.668335+00:00,2026-07-27T11:03:17.782981+00:00
68cfc280-b6c9-40d2-9f19-3b74a7585083,w16x64,structural_section,W,0.9997472167015076,0.7887736083507537,Medium,false,,W\d+X\d+,approved,structural_section,W,,2026-07-27T11:02:09.701270+00:00,2026-07-27T11:03:04.664046+00:00
4eaf6682-cc58-4487-bf31-f325dc5564e7,A1064,material,A1064,0.9730628132820129,0.7712314066410064,Medium,false,ST - Springhill Lake.pdf,A\d+,approved,,A1064,,2026-07-28T10:52:01.457851+00:00,2026-07-28T10:54:49.199658+00:00
fcd1886d-7121-48eb-a0fc-b7747fc7c8f4,A108,material,A108,0.9497281908988953,0.7454640954494476,Medium,false,ST - Springhill Lake.pdf,A\d+,approved,,A108,,2026-07-28T10:52:01.846131+00:00,2026-07-28T10:54:49.144635+00:00
5366fe63-c338-430b-b30b-352c29ce0d54,A2,structural_section,A,0.9799590110778809,0.7711095055389404,Medium,false,ST - Springhill Lake.pdf,A\d+,rejected,,,,2026-07-28T10:52:01.948142+00:00,2026-07-28T10:54:43.059768+00:00
d062fbc1-f576-4b2e-8d7c-2fbe2671a743,A3,structural_section,A,0.9842320680618286,0.7732460340309143,Medium,false,ST - Springhill Lake.pdf,A\d+,rejected,,,,2026-07-28T10:52:02.059844+00:00,2026-07-28T10:54:40.471659+00:00
b9d16663-ddb6-40b2-9c77-f2689109df80,A307,bolt,A307,0.7342689633369446,0.6518344816684722,Medium,false,ST - Springhill Lake.pdf,A\d+,approved,,A307,,2026-07-28T10:52:02.206493+00:00,2026-07-28T10:54:49.088719+00:00
cdcf9b9c-0502-4467-9f53-0d77a8e6c6c1,A325,bolt,A325,0.8349806666374207,0.7021903333187103,Medium,false,ST - Springhill Lake.pdf,A\d+,approved,,A325,,2026-07-28T10:52:02.349244+00:00,2026-07-28T10:54:49.034324+00:00
391d3dfc-187f-45cc-bb4f-2cce0be57ae5,A36,material,A36,0.8517696261405945,0.7105848130702972,Medium,false,ST - Springhill Lake.pdf,A\d+,approved,,A36,,2026-07-28T10:52:02.495949+00:00,2026-07-28T10:54:48.979626+00:00
ebe1f784-8b3f-4025-afd3-bf65bf78add6,A500,material,A500,0.5195097327232361,0.544454866361618,Low,true,ST - Springhill Lake.pdf,A\d+,approved,,A500,,2026-07-28T10:52:02.641645+00:00,2026-07-28T10:54:48.923778+00:00
576913b4-ba02-434d-95de-6c4b7fbe5af2,A53,material,A53,0.9149889945983887,0.7395844972991943,Medium,false,ST - Springhill Lake.pdf,A\d+,approved,,A53,,2026-07-28T10:52:02.779578+00:00,2026-07-28T10:54:48.870264+00:00
49fbf30c-b5a3-4929-9eaa-204471f4dfbd,A568,material,A568,0.8961455821990967,0.7248827910995483,Medium,false,ST - Springhill Lake.pdf,A\d+,approved,,A568,,2026-07-28T10:52:02.923817+00:00,2026-07-28T10:54:48.815103+00:00
2cad9ee9-bac3-4907-8c79-9fdec8cee78f,A572,material,A572,0.8949097394943237,0.7321548697471618,Medium,false,ST - Springhill Lake.pdf,A\d+,approved,,A572,,2026-07-28T10:52:03.058890+00:00,2026-07-28T10:54:48.758448+00:00
542400d8-8b08-4566-a055-d80217679c0c,A588,material,A588,0.793652355670929,0.6736361778354645,Medium,false,ST - Springhill Lake.pdf,A\d+,approved,,A588,,2026-07-28T10:52:03.195381+00:00,2026-07-28T10:54:48.700576+00:00
2d74d982-fea7-44c7-a67c-c49ef05c4e7c,A6,structural_section,A,0.9815627336502075,0.7719113668251038,Medium,false,ST - Springhill Lake.pdf,A\d+,approved,,A,,2026-07-28T10:52:03.343434+00:00,2026-07-28T10:54:48.644510+00:00
0e2a79d2-efbd-439e-8403-11203b079d08,A615,material,A615,0.4901241362094879,0.5297620681047439,Low,true,ST - Springhill Lake.pdf,A\d+,approved,,A615,,2026-07-28T10:52:03.474740+00:00,2026-07-28T10:54:48.587892+00:00
b4c43ac3-1c27-4c1c-821f-50def7017ff1,A653,material,A653,0.5016574859619141,0.535528742980957,Low,true,ST - Springhill Lake.pdf,A\d+,approved,,A653,,2026-07-28T10:52:03.610411+00:00,2026-07-28T10:54:48.529981+00:00
aec18a3d-581d-45e6-9152-184edb563961,A706,material,A706,0.9386664032936096,0.7487832016468048,Medium,false,ST - Springhill Lake.pdf,A\d+,approved,,A706,,2026-07-28T10:52:03.750483+00:00,2026-07-28T10:54:48.470752+00:00
5d37e3f3-1be7-43d6-8e94-4ca74dfdec0e,A913,material,A913,0.6586524248123169,0.6114162124061584,Medium,true,ST - Springhill Lake.pdf,A\d+,approved,,A913,,2026-07-28T10:52:03.893545+00:00,2026-07-28T10:54:48.388163+00:00
f92b34ce-c6dc-41d3-a968-92a0d047bace,A970,material,A970,0.4646909832954407,0.5091554916477203,Low,true,ST - Springhill Lake.pdf,A\d+,approved,,A970,,2026-07-28T10:52:04.042343+00:00,2026-07-28T10:54:48.270021+00:00
8b42018d-b359-4f0d-8686-c9187805c03c,A992,material,A992,0.7395862340927124,0.6544931170463562,Medium,false,ST - Springhill Lake.pdf,A\d+,approved,,A992,,2026-07-28T10:52:04.188262+00:00,2026-07-28T10:54:48.135106+00:00
a327d8a4-6ec3-4aca-bd74-989ce329cfbd,HSS10X0,structural_section,HSS,0.9998759031295776,0.7876379515647888,Medium,false,ST - Springhill Lake.pdf,HSS\d+X\d+X\d+/\d+,approved,,HSS,,2026-07-28T10:52:04.329260+00:00,2026-07-28T10:53:50.737134+00:00
e64e5b35-8475-4911-aabd-32281477baed,HSS16X0,structural_section,HSS,0.9998743534088135,0.7843071767044067,Medium,false,ST - Springhill Lake.pdf,HSS\d+X\d+X\d+/\d+,approved,,HSS,,2026-07-28T10:52:04.665279+00:00,2026-07-28T10:53:50.680066+00:00
d79f3211-08fd-47b4-8f1c-4d2f52d113f3,HSS18X0,structural_section,HSS,0.9998759031295776,0.7843079515647888,Medium,false,ST - Springhill Lake.pdf,HSS\d+X\d+X\d+/\d+,approved,,HSS,,2026-07-28T10:52:05.005918+00:00,2026-07-28T10:53:50.623081+00:00
2e6487eb-6034-465d-97e6-ee36eab53bf5,L1x1x1/4,structural_section,L,0.999728262424469,0.7337141312122345,Medium,false,ST - Springhill Lake.pdf,L\d+X\d+X\d+/\d+,approved,,L,,2026-07-28T10:52:05.901364+00:00,2026-07-28T10:53:50.517757+00:00
f119d68c-6a77-485b-91d9-235bc6b50636,L4X3,structural_section,L,0.9988829493522644,0.7546514746761321,Medium,false,ST - Springhill Lake.pdf,L\d+X\d+X\d+/\d+,approved,,L,,2026-07-28T10:52:06.430986+00:00,2026-07-28T10:53:50.389332+00:00
ed286c94-b5a1-4c99-84f7-2e2fe3ceba78,L4x4,structural_section,L,0.9988585710525513,0.7486392855262756,Medium,false,ST - Springhill Lake.pdf,L\d+X\d+X\d+/\d+,approved,,L,,2026-07-28T10:52:07.018685+00:00,2026-07-28T10:53:50.270762+00:00
338b2aba-9794-4708-be81-71ceac9ff88a,L5X3,structural_section,L,0.9900885224342346,0.7442542612171172,Medium,false,ST - Springhill Lake.pdf,L\d+X\d+X\d+/\d+,approved,,L,,2026-07-28T10:52:07.227176+00:00,2026-07-28T10:53:50.120974+00:00
e572a920-1e78-42c9-9487-ec88879a79f8,L6X3,structural_section,L,0.9988253712654114,0.7486226856327056,Medium,false,ST - Springhill Lake.pdf,L\d+X\d+X\d+/\d+,approved,,L,,2026-07-28T10:52:07.487101+00:00,2026-07-28T10:53:37.055001+00:00
b1e53c6b-fa56-4b02-8dde-28f20816c25f,S-001,structural_section,S,0.9993057250976562,0.7479028625488281,Medium,false,ST - Springhill Lake.pdf,S\-\d+,approved,,S,,2026-07-28T10:52:07.943865+00:00,2026-07-28T10:53:36.998855+00:00
ea22f33e-f964-42a4-8fba-038a2cb208c9,S-002,structural_section,S,0.9993057250976562,0.7479028625488281,Medium,false,ST - Springhill Lake.pdf,S\-\d+,approved,,S,,2026-07-28T10:52:08.077829+00:00,2026-07-28T10:53:36.942985+00:00
e2a915e1-8b13-4870-91d3-0ac74b8d3344,S-003,structural_section,S,0.9993057250976562,0.7479028625488281,Medium,false,ST - Springhill Lake.pdf,S\-\d+,approved,,S,,2026-07-28T10:52:08.215823+00:00,2026-07-28T10:53:36.888180+00:00
bd148922-e804-4788-9afb-3dc76968f7f1,S-004,structural_section,S,0.9993057250976562,0.7479028625488281,Medium,false,ST - Springhill Lake.pdf,S\-\d+,approved,,S,,2026-07-28T10:52:08.324471+00:00,2026-07-28T10:53:36.831646+00:00
1953b2f1-9c75-477c-9bc2-7705a31fc5d5,S-111,structural_section,S,0.9992930889129639,0.7478965444564819,Medium,false,ST - Springhill Lake.pdf,S\-\d+,approved,,S,,2026-07-28T10:52:08.428434+00:00,2026-07-28T10:53:36.775327+00:00
f10da543-6a1d-4371-9f09-281c4f7d24c6,S-112,structural_section,S,0.9994024038314819,0.7479512019157409,Medium,false,ST - Springhill Lake.pdf,S\-\d+,approved,,S,,2026-07-28T10:52:08.543433+00:00,2026-07-28T10:53:36.719555+00:00
b3d968c3-575e-42f9-b5e3-923198b8c448,S-113,structural_section,S,0.9992930889129639,0.7478965444564819,Medium,false,ST - Springhill Lake.pdf,S\-\d+,approved,,S,,2026-07-28T10:52:08.686690+00:00,2026-07-28T10:53:36.655817+00:00
47ebcd87-6744-4229-a345-9901eaacb570,S-201,structural_section,S,0.9992930889129639,0.7478965444564819,Medium,false,ST - Springhill Lake.pdf,S\-\d+,approved,,S,,2026-07-28T10:52:08.825568+00:00,2026-07-28T10:53:36.599376+00:00
8c4ffbf0-fd3b-4bc7-8825-a10fa68eb8e9,S-202,structural_section,S,0.9992930889129639,0.7478965444564819,Medium,false,ST - Springhill Lake.pdf,S\-\d+,approved,,S,,2026-07-28T10:52:08.961157+00:00,2026-07-28T10:53:36.543518+00:00
7fb6ab7f-19a1-4bb1-97d4-6d37f5a38319,S-203,structural_section,S,0.9992930889129639,0.7478965444564819,Medium,false,ST - Springhill Lake.pdf,S\-\d+,approved,,S,,2026-07-28T10:52:09.099414+00:00,2026-07-28T10:53:36.488183+00:00
b7757e67-5b33-4333-864a-4933c68834e8,S-204,structural_section,S,0.9992930889129639,0.7478965444564819,Medium,false,ST - Springhill Lake.pdf,S\-\d+,approved,,S,,2026-07-28T10:52:09.236669+00:00,2026-07-28T10:53:36.431428+00:00
63e8765b-0a1e-466e-ae4a-a17c80be46ed,S-205,structural_section,S,0.9992930889129639,0.7478965444564819,Medium,false,ST - Springhill Lake.pdf,S\-\d+,approved,,S,,2026-07-28T10:52:09.377672+00:00,2026-07-28T10:53:36.376118+00:00
dbe65918-8900-4603-bf34-6f9c1f2a0cb8,S-206,structural_section,S,0.9993040561676025,0.7479020280838012,Medium,false,ST - Springhill Lake.pdf,S\-\d+,approved,,S,,2026-07-28T10:52:09.523750+00:00,2026-07-28T10:53:36.320589+00:00
2b56bca3-38bc-441e-a11b-2f21bae53a80,S-301,structural_section,S,0.9992930889129639,0.7478965444564819,Medium,false,ST - Springhill Lake.pdf,S\-\d+,approved,,S,,2026-07-28T10:52:09.670720+00:00,2026-07-28T10:53:36.261471+00:00
9aad324a-43ed-442b-8d0e-896462a40ffa,S-311,structural_section,S,0.9992930889129639,0.7478965444564819,Medium,false,ST - Springhill Lake.pdf,S\-\d+,approved,,S,,2026-07-28T10:52:09.808683+00:00,2026-07-28T10:53:36.206107+00:00
014431bc-f7c0-432e-8428-382d84cc6070,S-312,structural_section,S,0.9994024038314819,0.7479512019157409,Medium,false,ST - Springhill Lake.pdf,S\-\d+,approved,,S,,2026-07-28T10:52:09.953945+00:00,2026-07-28T10:53:36.144892+00:00
cd8902c2-a9b6-420e-babf-6dea6a93fddf,S-321,structural_section,S,0.9993053674697876,0.7479026837348938,Medium,false,ST - Springhill Lake.pdf,S\-\d+,approved,,S,,2026-07-28T10:52:10.099993+00:00,2026-07-28T10:53:36.079775+00:00
6837b3da-7b84-4dd1-bc41-09f16a700bfe,S-322,structural_section,S,0.9992989301681519,0.7478994650840759,Medium,false,ST - Springhill Lake.pdf,S\-\d+,approved,,S,,2026-07-28T10:52:10.239313+00:00,2026-07-28T10:53:36.021843+00:00
1e3c8a60-7540-4ae4-85ee-616f99312b3b,S-401,structural_section,S,0.9992930889129639,0.7478965444564819,Medium,false,ST - Springhill Lake.pdf,S\-\d+,approved,,S,,2026-07-28T10:52:10.387491+00:00,2026-07-28T10:53:35.963973+00:00
74c76086-6812-419b-8173-806cf3afa160,S-402,structural_section,S,0.9992930889129639,0.7478965444564819,Medium,false,ST - Springhill Lake.pdf,S\-\d+,approved,,S,,2026-07-28T10:52:10.523763+00:00,2026-07-28T10:53:35.873818+00:00
72cd6fc4-a856-4cf1-907c-b07fc204d0f1,S-403,structural_section,S,0.9992930889129639,0.7478965444564819,Medium,false,ST - Springhill Lake.pdf,S\-\d+,approved,,S,,2026-07-28T10:52:10.663094+00:00,2026-07-28T10:53:35.748134+00:00
46fd792c-1e8e-43a5-a021-44994847e57b,S-404,structural_section,S,0.9992930889129639,0.7478965444564819,Medium,false,ST - Springhill Lake.pdf,S\-\d+,approved,,S,,2026-07-28T10:52:10.804233+00:00,2026-07-28T10:53:35.626724+00:00
9caf6386-37b8-4c04-b93a-c0e52aad05a9,S-501,structural_section,S,0.9992930889129639,0.7478965444564819,Medium,false,ST - Springhill Lake.pdf,S\-\d+,approved,,S,,2026-07-28T10:52:10.943744+00:00,2026-07-28T10:53:35.479345+00:00
4d139e4b-7fb2-459f-a011-5818b4a55c20,S-502,structural_section,S,0.9992930889129639,0.7478965444564819,Medium,false,ST - Springhill Lake.pdf,S\-\d+,approved,,S,,2026-07-28T10:52:11.081545+00:00,2026-07-28T10:53:35.359289+00:00
11858973-d884-4304-a5e6-54d2beacfe51,S-601,structural_section,S,0.9992930889129639,0.7478965444564819,Medium,false,ST - Springhill Lake.pdf,S\-\d+,approved,structural_section,S,,2026-07-28T10:52:11.226143+00:00,2026-07-28T10:53:03.886524+00:00
3ca9ccf0-98f7-495d-9c88-1452c4a86601,A1064,material,A1064,0.9730628132820129,0.7712314066410064,Medium,false,ST - Springhill Lake.pdf,A\d+,rejected,,,,2026-07-28T11:41:24.552111+00:00,2026-07-29T07:46:18.831716+00:00
1d9ee0c3-63ac-40d9-ba11-de52eebad315,A108,material,A108,0.9497281908988953,0.7516740954494476,Medium,false,ST - Springhill Lake.pdf,A\d+,rejected,,,,2026-07-28T11:41:25.292580+00:00,2026-07-29T07:46:18.952602+00:00
54026365-ac87-4b05-a560-48fcdf3aa10f,A2,structural_section,A,0.9799590110778809,0.7711995055389405,Medium,false,ST - Springhill Lake.pdf,A\d+,rejected,,,,2026-07-28T11:41:25.886651+00:00,2026-07-29T07:46:19.035347+00:00
60ab3114-403a-434d-b5f3-cf686288788e,A3,structural_section,A,0.9842320680618286,0.7733360340309143,Medium,false,ST - Springhill Lake.pdf,A\d+,rejected,,,,2026-07-28T11:41:26.525666+00:00,2026-07-29T07:46:19.118977+00:00
0368a5a6-2a24-45dd-bf39-03e887cc7531,A307,bolt,A307,0.7342689633369446,0.6518344816684722,Medium,false,ST - Springhill Lake.pdf,A\d+,rejected,,,,2026-07-28T11:41:27.368875+00:00,2026-07-29T07:46:19.233915+00:00
b57235fd-6cb6-402e-b549-d3b862826451,A325,bolt,A325,0.8349806666374207,0.7021903333187103,Medium,false,ST - Springhill Lake.pdf,A\d+,rejected,,,,2026-07-28T11:41:27.940041+00:00,2026-07-29T07:46:19.395645+00:00
8f592a8e-65e6-471e-935c-a4747b474ad7,A36,material,A36,0.8517696261405945,0.7105848130702972,Medium,false,ST - Springhill Lake.pdf,A\d+,rejected,,,,2026-07-28T11:41:28.657253+00:00,2026-07-29T07:46:19.466119+00:00
94a3e7de-bc35-4355-956e-8cdbe3caa483,A500,material,A500,0.5195097327232361,0.544454866361618,Low,true,ST - Springhill Lake.pdf,A\d+,rejected,,,,2026-07-28T11:41:29.393696+00:00,2026-07-29T07:46:19.543682+00:00
718d887b-b727-42bc-b94d-679a1694ae65,A53,material,A53,0.9149889945983887,0.7421944972991943,Medium,false,ST - Springhill Lake.pdf,A\d+,rejected,,,,2026-07-28T11:41:30.364801+00:00,2026-07-29T07:46:19.594662+00:00
91047afd-8515-454b-810b-c2011aadba17,A568,material,A568,0.8961455821990967,0.7275227910995483,Medium,false,ST - Springhill Lake.pdf,A\d+,rejected,,,,2026-07-28T11:41:33.077641+00:00,2026-07-29T07:46:19.655636+00:00
be2c0423-3acd-43aa-a7b6-8983d2b6cb9f,A572,material,A572,0.8949097394943237,0.7321548697471618,Medium,false,ST - Springhill Lake.pdf,A\d+,rejected,,,,2026-07-28T11:41:33.915872+00:00,2026-07-29T07:46:19.706124+00:00
403a1ccc-8286-46eb-a96e-1e9520d30f07,A588,material,A588,0.793652355670929,0.6762761778354645,Medium,false,ST - Springhill Lake.pdf,A\d+,rejected,,,,2026-07-28T11:41:34.564735+00:00,2026-07-29T07:46:19.758476+00:00
21437404-eb0f-40df-993e-890d320c66c4,A6,structural_section,A,0.9815627336502075,0.7720013668251038,Medium,false,ST - Springhill Lake.pdf,A\d+,rejected,,,,2026-07-28T11:41:35.322706+00:00,2026-07-29T07:46:19.808480+00:00
c36f285b-2d2b-45f6-83fa-54b58a72409a,A615,material,A615,0.4901241362094879,0.5297620681047439,Low,true,ST - Springhill Lake.pdf,A\d+,rejected,,,,2026-07-28T11:41:36.219253+00:00,2026-07-29T07:46:19.858572+00:00
5b34e0dd-dba9-48c6-aa87-9e1600772f06,A653,material,A653,0.5016574859619141,0.535528742980957,Low,true,ST - Springhill Lake.pdf,A\d+,rejected,,,,2026-07-28T11:41:36.926776+00:00,2026-07-29T07:46:19.915326+00:00
f3672610-9625-4476-ab17-82ed9fa07d93,A706,material,A706,0.9386664032936096,0.7514232016468048,Medium,false,ST - Springhill Lake.pdf,A\d+,rejected,,,,2026-07-28T11:41:37.950505+00:00,2026-07-29T07:46:19.973508+00:00
e4e035fb-8f06-4a19-8a9f-587b8e82d174,A913,material,A913,0.6586524248123169,0.6140262124061584,Medium,true,ST - Springhill Lake.pdf,A\d+,rejected,,,,2026-07-28T11:41:38.803024+00:00,2026-07-29T07:46:20.028117+00:00
2c58c21e-7129-456a-aa84-b12c60c0c7c2,A970,material,A970,0.4646909832954407,0.5117954916477203,Low,true,ST - Springhill Lake.pdf,A\d+,rejected,,,,2026-07-28T11:41:39.556602+00:00,2026-07-29T07:46:20.077698+00:00
db616ceb-ad99-4780-8fc2-06422035f89d,A992,material,A992,0.7395862340927124,0.6544931170463562,Medium,false,ST - Springhill Lake.pdf,A\d+,rejected,,,,2026-07-28T11:41:40.372894+00:00,2026-07-29T07:46:20.128845+00:00
4a440c88-18a5-4c73-b23f-6168514cf77b,HSS10X0,structural_section,HSS,0.9998759031295776,0.7876379515647888,Medium,false,ST - Springhill Lake.pdf,HSS\d+X\d+X\d+/\d+,rejected,,,,2026-07-28T11:41:41.149771+00:00,2026-07-29T07:46:20.188654+00:00
4162fc27-9989-4cf1-92f0-3a453eb6b318,HSS16X0,structural_section,HSS,0.9998743534088135,0.7843071767044067,Medium,false,ST - Springhill Lake.pdf,HSS\d+X\d+X\d+/\d+,rejected,,,,2026-07-28T11:41:43.170129+00:00,2026-07-29T07:46:20.236357+00:00
c44a08bf-b1ba-4a2e-83dc-8285399a0d87,HSS18X0,structural_section,HSS,0.9998759031295776,0.7843079515647888,Medium,false,ST - Springhill Lake.pdf,HSS\d+X\d+X\d+/\d+,rejected,,,,2026-07-28T11:41:44.896609+00:00,2026-07-29T07:46:20.286535+00:00
503684f6-fefd-426d-92cf-450b6c65bbb9,L1x1x1/4,structural_section,L,0.999728262424469,0.7337141312122345,Medium,false,ST - Springhill Lake.pdf,L\d+X\d+X\d+/\d+,rejected,,,,2026-07-28T11:41:51.126790+00:00,2026-07-29T07:46:20.334044+00:00
608ca8bd-b072-40a0-89ad-facaf39904ac,L4X3,structural_section,L,0.9988829493522644,0.7546514746761321,Medium,false,ST - Springhill Lake.pdf,L\d+X\d+X\d+/\d+,rejected,,,,2026-07-28T11:41:55.156383+00:00,2026-07-29T07:46:20.383571+00:00
44cf1bac-e6d8-47e2-b286-337e56b3b2e9,L4x4,structural_section,L,0.9988585710525513,0.7486392855262756,Medium,false,ST - Springhill Lake.pdf,L\d+X\d+X\d+/\d+,rejected,,,,2026-07-28T11:41:58.740750+00:00,2026-07-29T07:46:20.433921+00:00
447ef2be-cb90-482c-a55b-11053663be48,L5X3,structural_section,L,0.9900885224342346,0.7442542612171172,Medium,false,ST - Springhill Lake.pdf,L\d+X\d+X\d+/\d+,rejected,,,,2026-07-28T11:42:00.175910+00:00,2026-07-29T07:46:20.482133+00:00
004ba0d5-29d4-42f2-b97a-94630357d141,L6X3,structural_section,L,0.9988253712654114,0.7486226856327056,Medium,false,ST - Springhill Lake.pdf,L\d+X\d+X\d+/\d+,rejected,,,,2026-07-28T11:42:02.078273+00:00,2026-07-29T07:46:20.529194+00:00
2e58b71f-dc9e-497b-bbfc-b28b5b519470,S-001,structural_section,S,0.9993057250976562,0.7479028625488281,Medium,false,ST - Springhill Lake.pdf,S\-\d+,rejected,,,,2026-07-28T11:42:04.908615+00:00,2026-07-29T07:46:20.591479+00:00
b1a4f800-287f-4908-b5ee-a79bc5d36a31,S-002,structural_section,S,0.9993057250976562,0.7479028625488281,Medium,false,ST - Springhill Lake.pdf,S\-\d+,rejected,,,,2026-07-28T11:42:06.015150+00:00,2026-07-29T07:46:20.664853+00:00
96698a9a-5e70-48c0-a57a-20f3c254ef35,S-003,structural_section,S,0.9993057250976562,0.7479028625488281,Medium,false,ST - Springhill Lake.pdf,S\-\d+,rejected,,,,2026-07-28T11:42:06.669089+00:00,2026-07-29T07:46:20.715380+00:00
c44e76e4-f695-46e6-b795-74f7dc86de2d,S-004,structural_section,S,0.9993057250976562,0.7479028625488281,Medium,false,ST - Springhill Lake.pdf,S\-\d+,rejected,,,,2026-07-28T11:42:08.069365+00:00,2026-07-29T07:46:20.763389+00:00
d101aa70-5e64-40be-b28d-8b0892662f5d,S-111,structural_section,S,0.9992930889129639,0.7478965444564819,Medium,false,ST - Springhill Lake.pdf,S\-\d+,rejected,,,,2026-07-28T11:42:09.166628+00:00,2026-07-29T07:46:20.812871+00:00
05b60469-a81b-4f3e-9bb7-28d276227dc1,S-112,structural_section,S,0.9994024038314819,0.7479512019157409,Medium,false,ST - Springhill Lake.pdf,S\-\d+,rejected,,,,2026-07-28T11:42:10.016426+00:00,2026-07-29T07:46:20.860190+00:00
8bd78795-aacb-4000-b543-b995016fb3b4,S-113,structural_section,S,0.9992930889129639,0.7478965444564819,Medium,false,ST - Springhill Lake.pdf,S\-\d+,rejected,,,,2026-07-28T11:42:10.623332+00:00,2026-07-29T07:46:20.906070+00:00
23b84ddf-fdac-4e0a-aa55-32f9633fa527,S-201,structural_section,S,0.9992930889129639,0.7478965444564819,Medium,false,ST - Springhill Lake.pdf,S\-\d+,rejected,,,,2026-07-28T11:42:12.009027+00:00,2026-07-29T07:46:20.952963+00:00
7bca11fa-25d5-448a-8190-49b4f88a72d7,S-202,structural_section,S,0.9992930889129639,0.7478965444564819,Medium,false,ST - Springhill Lake.pdf,S\-\d+,rejected,,,,2026-07-28T11:42:13.105073+00:00,2026-07-29T07:46:21.008197+00:00
55bbcc77-fa75-4732-b88a-8afe2bf8a2d8,S-203,structural_section,S,0.9992930889129639,0.7478965444564819,Medium,false,ST - Springhill Lake.pdf,S\-\d+,rejected,,,,2026-07-28T11:42:14.416670+00:00,2026-07-29T07:46:21.052852+00:00
7ed87c1c-7c73-4457-8d3f-1d2713f3b053,S-204,structural_section,S,0.9992930889129639,0.7478965444564819,Medium,false,ST - Springhill Lake.pdf,S\-\d+,rejected,,,,2026-07-28T11:42:16.145194+00:00,2026-07-29T07:46:21.108440+00:00
262f9007-dd1b-4a98-8ae0-82ae52e7768a,S-205,structural_section,S,0.9992930889129639,0.7478965444564819,Medium,false,ST - Springhill Lake.pdf,S\-\d+,rejected,,,,2026-07-28T11:42:18.174592+00:00,2026-07-29T07:46:21.159659+00:00
eac6b034-69d7-4a51-83c3-834e2b815c9d,S-206,structural_section,S,0.9993040561676025,0.7479020280838012,Medium,false,ST - Springhill Lake.pdf,S\-\d+,rejected,,,,2026-07-28T11:42:19.707507+00:00,2026-07-29T07:46:21.197199+00:00
e8229628-9859-4a81-b4d0-10b40bb9778e,S-301,structural_section,S,0.9992930889129639,0.7478965444564819,Medium,false,ST - Springhill Lake.pdf,S\-\d+,rejected,,,,2026-07-28T11:42:21.006354+00:00,2026-07-29T07:46:21.232395+00:00
9e33d786-48b6-4267-8d79-d2eed0cbd59f,S-311,structural_section,S,0.9992930889129639,0.7478965444564819,Medium,false,ST - Springhill Lake.pdf,S\-\d+,rejected,,,,2026-07-28T11:42:21.930509+00:00,2026-07-29T07:46:21.269815+00:00
c7a42656-47ce-40f5-addd-cbb050680a4a,S-312,structural_section,S,0.9994024038314819,0.7479512019157409,Medium,false,ST - Springhill Lake.pdf,S\-\d+,rejected,,,,2026-07-28T11:42:23.026252+00:00,2026-07-29T07:46:21.314346+00:00
91d531cd-1b4a-4a57-a265-805bd6b3a378,S-321,structural_section,S,0.9993053674697876,0.7479026837348938,Medium,false,ST - Springhill Lake.pdf,S\-\d+,rejected,,,,2026-07-28T11:42:23.985002+00:00,2026-07-29T07:46:21.361235+00:00
b07b817d-92a6-46e3-a63c-fb05f55c2500,S-322,structural_section,S,0.9992989301681519,0.7478994650840759,Medium,false,ST - Springhill Lake.pdf,S\-\d+,rejected,,,,2026-07-28T11:42:25.185210+00:00,2026-07-29T07:46:21.410353+00:00
c802c7e8-fb0f-44b6-b220-834938262ca7,S-401,structural_section,S,0.9992930889129639,0.7478965444564819,Medium,false,ST - Springhill Lake.pdf,S\-\d+,rejected,,,,2026-07-28T11:42:25.887009+00:00,2026-07-29T07:46:21.456290+00:00
f2a7ec1b-37a9-4837-adf0-2e2be8f215e0,S-402,structural_section,S,0.9992930889129639,0.7478965444564819,Medium,false,ST - Springhill Lake.pdf,S\-\d+,rejected,,,,2026-07-28T11:42:26.726319+00:00,2026-07-29T07:46:21.502072+00:00
265e0a89-0028-4245-93bb-4dd178381011,S-403,structural_section,S,0.9992930889129639,0.7478965444564819,Medium,false,ST - Springhill Lake.pdf,S\-\d+,rejected,,,,2026-07-28T11:42:27.627043+00:00,2026-07-29T07:46:21.547395+00:00
7a3d757b-20bd-4e14-8f60-ef200fd333d4,S-404,structural_section,S,0.9992930889129639,0.7478965444564819,Medium,false,ST - Springhill Lake.pdf,S\-\d+,rejected,,,,2026-07-28T11:42:28.827240+00:00,2026-07-29T07:46:21.593734+00:00
5504f3af-82f9-402d-8caa-bb5e73735044,S-501,structural_section,S,0.9992930889129639,0.7478965444564819,Medium,false,ST - Springhill Lake.pdf,S\-\d+,rejected,,,,2026-07-28T11:42:29.686332+00:00,2026-07-29T07:46:21.648453+00:00
fbb3cc8e-efa2-487e-bbd7-5e06f1faad78,S-502,structural_section,S,0.9992930889129639,0.7478965444564819,Medium,false,ST - Springhill Lake.pdf,S\-\d+,rejected,,,,2026-07-28T11:42:30.726041+00:00,2026-07-29T07:46:21.695515+00:00
d63f9b61-53b3-4381-860a-66fa7cc3ea2d,S-601,structural_section,S,0.9992930889129639,0.7478965444564819,Medium,false,ST - Springhill Lake.pdf,S\-\d+,rejected,,,,2026-07-28T11:42:31.544567+00:00,2026-07-29T07:46:21.741140+00:00
1907bca7-e74b-4531-91fe-8454896fcd91,S-101,structural_section,S,0.9992930889129639,0.7478965444564819,Medium,false,Burrville ES - ST.pdf,S\-\d+,rejected,,,,2026-07-28T13:42:16.697139+00:00,2026-07-29T07:46:21.789282+00:00
51951bdb-9057-4a33-9ebc-6e611cf1bfc0,S-102,structural_section,S,0.9992930889129639,0.7478965444564819,Medium,false,Burrville ES - ST.pdf,S\-\d+,rejected,,,,2026-07-28T13:42:16.822307+00:00,2026-07-29T07:46:21.848398+00:00
b7b53fe6-e249-4a86-a19e-cc00d9367528,S-103,structural_section,S,0.9992930889129639,0.7478965444564819,Medium,false,Burrville ES - ST.pdf,S\-\d+,rejected,,,,2026-07-28T13:42:16.933632+00:00,2026-07-29T07:46:21.896441+00:00
cecb0433-95c1-405c-839f-669d5e1cde0c,S-104,structural_section,S,0.9992930889129639,0.7478965444564819,Medium,false,Burrville ES - ST.pdf,S\-\d+,rejected,,,,2026-07-28T13:42:17.051580+00:00,2026-07-29T07:46:21.948179+00:00
e863da19-5eca-4e45-8dfb-f496adede6fa,S-207,structural_section,S,0.9992930889129639,0.7478965444564819,Medium,false,Burrville ES - ST.pdf,S\-\d+,rejected,,,,2026-07-28T13:42:17.576469+00:00,2026-07-29T07:46:21.997833+00:00
37038acf-56de-4d0e-bfb4-83010708e14c,S-208,structural_section,S,0.9992930889129639,0.7478965444564819,Medium,false,Burrville ES - ST.pdf,S\-\d+,rejected,,,,2026-07-28T13:42:17.710679+00:00,2026-07-29T07:46:22.047103+00:00
d935e8aa-29f3-45c9-a65a-46665d73497f,W14X198,structural_section,W,0.9998375177383423,0.7888187588691711,Medium,false,Burrville ES - ST.pdf,W\d+X\d+,rejected,,,,2026-07-28T13:42:19.625305+00:00,2026-07-29T07:46:22.093175+00:00
05fd3b74-47c6-4c36-a14d-35b0371f7a26,A2280,material,A2280,0.8237572312355042,0.6735386156177521,Medium,false,1200 K_Permit_Bid_Dwgs - Structural.pdf,A\d+,rejected,,,,2026-07-28T14:18:20.224030+00:00,2026-07-29T07:46:22.139330+00:00
d23ba415-5905-4b4c-b8c7-ec06fd5b4ca9,A29,material,A29,0.5186498165130615,0.5120749082565308,Low,true,1200 K_Permit_Bid_Dwgs - Structural.pdf,A\d+,rejected,,,,2026-07-28T14:18:20.379937+00:00,2026-07-29T07:46:22.185180+00:00
ddf12cb3-6963-4c1a-8564-21a4c9f26a4c,A416,material,A416,0.7812613844871521,0.6433806922435761,Medium,false,1200 K_Permit_Bid_Dwgs - Structural.pdf,A\d+,rejected,,,,2026-07-28T14:18:20.928644+00:00,2026-07-29T07:46:22.230519+00:00
be80645e-3876-4a6a-b913-ff9e709abd1d,A446,material,A446,0.5294458270072937,0.5174729135036469,Low,true,1200 K_Permit_Bid_Dwgs - Structural.pdf,A\d+,rejected,,,,2026-07-28T14:18:21.077127+00:00,2026-07-29T07:46:22.274827+00:00
00c663f3-4b3a-4e7e-bf1f-a5892a837e13,A490,bolt,A490,0.9418742656707764,0.7415371328353881,Medium,false,1200 K_Permit_Bid_Dwgs - Structural.pdf,A\d+,rejected,,,,2026-07-28T14:18:21.268426+00:00,2026-07-29T07:46:22.320863+00:00
7f7aa4d1-1760-4ced-879f-060aed160d4b,A5,structural_section,A,0.9818751215934753,0.7721575607967377,Medium,false,1200 K_Permit_Bid_Dwgs - Structural.pdf,A\d+,rejected,,,,2026-07-28T14:18:21.843622+00:00,2026-07-29T07:46:22.367144+00:00
202dfd64-98dd-4178-b457-93d5c8861a8f,A563,bolt,A563,0.9323524236679077,0.7278362118339539,Medium,false,1200 K_Permit_Bid_Dwgs - Structural.pdf,A\d+,rejected,,,,2026-07-28T14:18:22.216480+00:00,2026-07-29T07:46:22.414855+00:00
f3938707-8fb1-4262-8401-a55e0dd28496,A959,material,A959,0.7452033162117004,0.6253516581058502,Medium,false,1200 K_Permit_Bid_Dwgs - Structural.pdf,A\d+,rejected,,,,2026-07-28T14:18:22.796035+00:00,2026-07-29T07:46:22.465128+00:00
3deb0a52-4dd8-4361-8dd6-113803d8818f,HSS5x5,structural_section,HSS,0.9997568726539612,0.7842484363269806,Medium,false,1200 K_Permit_Bid_Dwgs - Structural.pdf,HSS\d+X\d+X\d+/\d+,rejected,,,,2026-07-28T14:18:23.510445+00:00,2026-07-29T07:46:22.511966+00:00
5d6e0481-6b87-4fc1-986c-d1ab5c30f099,L18x12x3/8,structural_section,L,0.9997639060020447,0.7490919530010223,Medium,false,1200 K_Permit_Bid_Dwgs - Structural.pdf,L\d+X\d+X\d+/\d+,rejected,,,,2026-07-28T14:18:24.348632+00:00,2026-07-29T07:46:22.558373+00:00
2d08c5fe-5cbc-4ae5-9660-7a6b29f81772,L5x5,structural_section,L,0.5125361084938049,0.5054780542469024,Low,true,1200 K_Permit_Bid_Dwgs - Structural.pdf,L\d+X\d+X\d+/\d+,rejected,,,,2026-07-28T14:18:25.114039+00:00,2026-07-29T07:46:22.605756+00:00
3475e1c6-b249-44b8-8cd7-87c4c9f7df28,F1554,structural_section,A,0.9666865468025208,0.7598532734012604,Medium,false,Burrville ES - ST.pdf,(?:A|F)\d+,rejected,,,,2026-07-29T06:41:23.685038+00:00,2026-07-29T07:46:22.669156+00:00
6ba2c32b-18af-4526-943c-3f30bd4c89ff,HSS10X0.500,structural_section,HSS,0.9999185800552368,0.7876592900276184,Medium,false,Burrville ES - ST.pdf,HSS\d+X\d+X\d+/\d+,rejected,,,,2026-07-29T06:41:23.836435+00:00,2026-07-29T07:46:22.719993+00:00
16f6e912-a410-420a-a3a0-c4dce43eceb1,HSS10X0.625,structural_section,HSS,0.9999188184738159,0.784329409236908,Medium,false,Burrville ES - ST.pdf,HSS\d+X\d+X\d+/\d+,rejected,,,,2026-07-29T06:41:23.971719+00:00,2026-07-29T07:46:22.767136+00:00
492d181d-e014-4d9d-b8b1-735c2acb426b,L3X3X1,structural_section,L,0.999656081199646,0.7490380405998229,Medium,false,Burrville ES - ST.pdf,L\d+X\d+X\d+/\d+,rejected,,,,2026-07-29T06:41:24.933266+00:00,2026-07-29T07:46:22.815289+00:00
5ed4c8f8-a993-4652-a180-9e53111e1ff6,L3X3X3,structural_section,L,0.999656081199646,0.7490380405998229,Medium,false,Burrville ES - ST.pdf,L\d+X\d+X\d+/\d+,rejected,,,,2026-07-29T06:41:25.139085+00:00,2026-07-29T07:46:22.861684+00:00
c8264932-6242-4ee9-8d13-b18ca02d2e10,L4X3X1,structural_section,L,0.999656081199646,0.7490380405998229,Medium,false,Burrville ES - ST.pdf,L\d+X\d+X\d+/\d+,rejected,,,,2026-07-29T06:41:25.518267+00:00,2026-07-29T07:46:22.909780+00:00
19a9dc76-c939-451e-8f47-c53199cb4433,L4X3X3,structural_section,L,0.999656081199646,0.7490380405998229,Medium,false,Burrville ES - ST.pdf,L\d+X\d+X\d+/\d+,rejected,,,,2026-07-29T06:41:25.613773+00:00,2026-07-29T07:46:22.959639+00:00
daf6f6bc-7df5-4b56-8856-b0bfb4c2f02e,L4X4X3,structural_section,L,0.999656081199646,0.7490380405998229,Medium,false,Burrville ES - ST.pdf,L\d+X\d+X\d+/\d+,rejected,,,,2026-07-29T06:41:25.787480+00:00,2026-07-29T07:46:23.002489+00:00
ecbea567-795c-4fa4-a77b-fa19f0fa6d83,PIPE1,pipe,PIPE,0.9982207417488098,0.7527303708744049,Medium,false,Burrville ES - ST.pdf,PIPE\d+(?:STD|XS|XXS),rejected,,,,2026-07-29T06:41:26.255286+00:00,2026-07-29T07:46:23.041998+00:00
0d2b08b1-d743-4239-8adf-19815eb40d53,PL1,plate,PL,0.9875504374504089,0.7525252187252045,Medium,false,Burrville ES - ST.pdf,PL\d+,rejected,,,,2026-07-29T06:41:26.389983+00:00,2026-07-29T07:46:23.079653+00:00
18f7dafe-0f00-4e05-98d5-f1eb6d5e7294,PL3,plate,PL,0.9875504374504089,0.7396852187252044,Medium,false,Burrville ES - ST.pdf,PL\d+,rejected,,,,2026-07-29T06:41:26.517890+00:00,2026-07-29T07:46:23.115949+00:00
cfda9566-8d2b-4533-8ebc-66ccb9696b15,PL4,plate,PL,0.9875504374504089,0.7396852187252044,Medium,false,Burrville ES - ST.pdf,PL\d+,rejected,,,,2026-07-29T06:41:26.638291+00:00,2026-07-29T07:46:23.151764+00:00
e3948e48-abfb-4ac2-92d5-6708b270b715,PL5,plate,PL,0.987218976020813,0.7395194880104065,Medium,false,Burrville ES - ST.pdf,PL\d+,rejected,,,,2026-07-29T06:41:26.835498+00:00,2026-07-29T07:46:23.187740+00:00
a98ceaa3-a876-450f-89bf-7073e4dc4d1b,A307,bolt,A,0.7342689633369446,0.7489382743358611,Medium,true,Structure - Copy.pdf,(?:A|F|PL)\d+,rejected,,,,2026-07-29T08:45:56.277676+00:00,2026-07-31T12:35:30.558885+00:00
785be613-b656-43f0-bd46-d226fe2556c7,A500,material,A,0.5195097327232361,0.5986068129062652,Medium,true,Structure - Copy.pdf,(?:A|F|PL)\d+,rejected,,,,2026-07-29T08:45:56.429266+00:00,2026-07-31T12:35:31.988295+00:00
82efdec6-7a10-418e-9ae3-5e4d5ea00e6b,A615,material,A615,0.4901241362094879,0.5803368953466415,Medium,true,Structure - Copy.pdf,A\d+,rejected,,,,2026-07-29T08:45:56.547027+00:00,2026-07-31T12:35:33.244919+00:00
e51c2488-6d53-4b68-91f9-b3841c8071f3,A992,material,A992,0.7395862340927124,0.7549603638648986,Medium,true,Structure - Copy.pdf,A\d+,rejected,,,,2026-07-29T08:45:56.731440+00:00,2026-07-31T12:35:34.490001+00:00
3ddac1ce-c649-4961-bc15-f689f372996e,PL8X4X3,plate,A,0.6001330614089966,0.6508431429862975,Medium,true,Structure - Copy.pdf,(?:A|F|PL)\d+,rejected,,,,2026-07-29T08:45:58.878504+00:00,2026-07-31T12:35:35.638751+00:00
b78ea17d-d8b8-4e5b-b143-3e63bcb41c67,W18 X 35,structural_section,W18X35,0.9081640000000002,0.6977,Medium,true,drawing.pdf,,rejected,,,,2026-07-29T12:28:39.201453+00:00,2026-07-31T12:35:36.870280+00:00
a65d32c7-d90e-41f0-8bc6-15bf7dc5c262,S-101,structural_section,W21X101,0.49719607389450077,0.6606,Medium,true,drawing.pdf,,rejected,,,,2026-07-29T12:28:39.791941+00:00,2026-07-31T12:35:38.070388+00:00
192d5592-9225-4cfe-9f90-3c46af0c0315,A706,structural_section,S206,0.3099878808736802,0.3821,Low,true,1200 K_Permit_Bid_Dwgs - Structural.pdf,,rejected,,,,2026-07-29T12:30:34.222135+00:00,2026-07-31T12:35:39.303166+00:00
048a4bfc-8ea9-41ec-b9e4-515863827803,A1064,structural_section,W18X106,0.39526470808982855,0.4496,Low,true,1200 K_Permit_Bid_Dwgs - Structural.pdf,,rejected,,,,2026-07-29T12:30:34.285883+00:00,2026-07-31T12:35:40.478747+00:00
9e535110-b408-4ab4-b450-076462b7a1ad,A416,structural_section,W33X141,0.29658518879413615,0.4185,Low,true,1200 K_Permit_Bid_Dwgs - Structural.pdf,,rejected,,,,2026-07-29T12:30:34.344161+00:00,2026-07-31T12:35:41.683718+00:00
f3a328e0-f87c-4c33-a601-c345b0ddaac1,A572,structural_section,HP10X57,0.3975424032592774,0.4931,Low,true,1200 K_Permit_Bid_Dwgs - Structural.pdf,,rejected,,,,2026-07-29T12:30:34.402702+00:00,2026-07-31T12:35:42.868144+00:00
e4766f0e-623f-4d9c-9f04-2e99d90a750a,A913,structural_section,W30X391,0.28748310250282294,0.4225,Low,true,1200 K_Permit_Bid_Dwgs - Structural.pdf,,rejected,,,,2026-07-29T12:30:34.457649+00:00,2026-07-31T12:35:44.071577+00:00
1e1b6551-d4b5-4b25-92fa-39bedf3927c1,A446,structural_section,W18X46,0.3307544869565964,0.4797,Low,true,1200 K_Permit_Bid_Dwgs - Structural.pdf,,rejected,,,,2026-07-29T12:30:34.536526+00:00,2026-07-31T12:35:45.148904+00:00
d8349d1b-bb43-485e-9f70-63ce25211ad2,A325,structural_section,S322,0.29839511040687566,0.4318,Low,true,1200 K_Permit_Bid_Dwgs - Structural.pdf,,rejected,,,,2026-07-29T12:30:34.593796+00:00,2026-07-31T12:35:46.372013+00:00
d0436020-d68b-4e40-b4be-3badf1ae80b7,A490,structural_section,S24X90,0.3079003662252427,0.4712,Low,true,1200 K_Permit_Bid_Dwgs - Structural.pdf,,rejected,,,,2026-07-29T12:30:34.654090+00:00,2026-07-31T12:35:47.481729+00:00
d171b5db-4a25-4e26-bee3-28db5b968ee0,F1852,structural_section,W18X65,0.368026545085907,0.4914,Low,true,1200 K_Permit_Bid_Dwgs - Structural.pdf,,rejected,,,,2026-07-29T12:30:34.711984+00:00,2026-07-31T12:35:48.635050+00:00
caae6ff1-58e0-4342-88fa-a59002645eb4,A2280,structural_section,HSS6.000X0.280,0.34324529961586003,0.4867,Low,true,1200 K_Permit_Bid_Dwgs - Structural.pdf,,rejected,,,,2026-07-29T12:30:34.774742+00:00,2026-07-31T12:35:50.116852+00:00
22472778-4f1a-4b1e-8117-ae1a8dc1f084,F1554,structural_section,W10X54,0.32469900015831,0.4777,Low,true,1200 K_Permit_Bid_Dwgs - Structural.pdf,,rejected,,,,2026-07-29T12:30:34.843071+00:00,2026-07-31T12:35:51.320723+00:00
8b815b36-cb19-47f7-99aa-189021180c64,A563,structural_section,HSS5.563X0.500,0.3267171897077561,0.4815,Low,true,1200 K_Permit_Bid_Dwgs - Structural.pdf,,rejected,,,,2026-07-29T12:30:34.906759+00:00,2026-07-31T12:35:52.455735+00:00
21f8b704-21f3-463e-bd1f-f5440837ba77,F436,structural_section,WT7X436.5,0.3169897746229173,0.4753,Low,true,1200 K_Permit_Bid_Dwgs - Structural.pdf,,rejected,,,,2026-07-29T12:30:34.964269+00:00,2026-07-31T12:35:53.656372+00:00
e2969bb8-9279-4207-8344-a942e83cd198,A959,structural_section,W14X159,0.29554816011428836,0.4686,Low,true,1200 K_Permit_Bid_Dwgs - Structural.pdf,,rejected,,,,2026-07-29T12:30:35.022712+00:00,2026-07-31T12:35:54.714683+00:00
b448d763-6cc2-49b3-821f-61d1f857329e,A108,structural_section,W30X108,0.4084066439056397,0.5041,Low,true,1200 K_Permit_Bid_Dwgs - Structural.pdf,,rejected,,,,2026-07-29T12:30:35.082660+00:00,2026-07-31T12:35:55.900446+00:00
658383ed-5cf0-47c5-a973-842a43aee938,A653,structural_section,W18X65,0.32441992056846625,0.4673,Low,true,1200 K_Permit_Bid_Dwgs - Structural.pdf,,rejected,,,,2026-07-29T12:30:35.139311+00:00,2026-07-31T12:35:57.042758+00:00
3b965c1b-c155-4638-abf5-827223de3e44,HSS8X4X3/8,structural_section,HSS8X4X3/8,0.8434540000000001,0.6226,Medium,true,1200 K_Permit_Bid_Dwgs - Structural.pdf,,rejected,,,,2026-07-29T12:30:35.205736+00:00,2026-07-31T12:35:58.259151+00:00
01aad428-fc86-4f74-b0bb-3f58361f14f4,HSS4X4X3/8,structural_section,HSS4X4X3/8,0.8259580000000002,0.5879,Medium,true,1200 K_Permit_Bid_Dwgs - Structural.pdf,,rejected,,,,2026-07-29T12:30:35.266584+00:00,2026-07-31T12:35:59.476164+00:00
c59a06d6-6af4-4b7f-8803-6994a0ad06c4,HSS6X6X3/8,structural_section,HSS6X6X3/8,0.8366640000000001,0.6156,Medium,true,1200 K_Permit_Bid_Dwgs - Structural.pdf,,rejected,,,,2026-07-29T12:30:35.358703+00:00,2026-07-31T12:36:00.689448+00:00
2231d141-c06a-45af-a704-64f5c35c16d9,HSS6X4X3,structural_section,HSS6X4X3/8,0.7493747943305971,0.6438,Medium,true,1200 K_Permit_Bid_Dwgs - Structural.pdf,,rejected,,,,2026-07-29T12:30:35.415001+00:00,2026-07-31T12:36:01.755925+00:00
226784d5-5992-4696-ac65-b0b60536d3bf,HSS 6X4X3/8,structural_section,HSS6X4X3/8,0.8696400000000001,0.681,Medium,true,1200 K_Permit_Bid_Dwgs - Structural.pdf,,rejected,,,,2026-07-29T12:30:35.481372+00:00,2026-07-31T12:36:02.943688+00:00
e79a8f76-6f53-4e66-bb83-16f19c458509,L7X4X3/8,structural_section,L7X4X3/8,0.85416,0.6383,Medium,true,1200 K_Permit_Bid_Dwgs - Structural.pdf,,rejected,,,,2026-07-29T12:30:35.575407+00:00,2026-07-31T12:36:04.066752+00:00
2acc4100-df49-4e79-8cb8-1ed2d8b9fa62,HSS10X6X3/8,structural_section,HSS10X6X3/8,0.8676100000000002,0.6704,Medium,true,1200 K_Permit_Bid_Dwgs - Structural.pdf,,rejected,,,,2026-07-29T12:30:35.738684+00:00,2026-07-31T12:36:05.206481+00:00
c54ecc93-9f8b-4cfe-aaa0-3cfcef6defdb,HSS8X8X5/8,structural_section,HSS8X8X5/8,0.8308000000000002,0.5975,Medium,true,1200 K_Permit_Bid_Dwgs - Structural.pdf,,rejected,,,,2026-07-29T12:30:35.820082+00:00,2026-07-31T12:36:06.289837+00:00
26647c71-79b6-4d3a-b61e-3784aab20246,HSS8X6X3/8,structural_section,HSS8X6X3/8,0.8129400000000001,0.5686,Medium,true,1200 K_Permit_Bid_Dwgs - Structural.pdf,,rejected,,,,2026-07-29T12:30:35.884657+00:00,2026-07-31T12:36:07.514179+00:00
efaf74c7-85b7-4b5d-b0f2-c4e0f0715034,PIPE 8,pipe,PIPE8,0.8246758241758243,0.4966,Low,true,1200 K_Permit_Bid_Dwgs - Structural.pdf,,rejected,,,,2026-07-29T12:30:35.966350+00:00,2026-07-31T12:36:08.588760+00:00
59ee323d-7c9d-4b22-bf76-af24dce83b5a,HSS6X6X1/4,structural_section,HSS6X6X1/4,0.8433060000000001,0.6387,Medium,true,1200 K_Permit_Bid_Dwgs - Structural.pdf,,rejected,,,,2026-07-29T12:30:36.020196+00:00,2026-07-31T12:36:09.788723+00:00
5d89643d-ccc7-4fc3-a97e-4b39479b83a0,W8X15,structural_section,W8X15,0.9098200000000002,0.6821,Medium,true,1200 K_Permit_Bid_Dwgs - Structural.pdf,,rejected,,,,2026-07-29T12:30:36.072615+00:00,2026-07-31T12:36:10.881212+00:00
8a2eab8e-065c-4c2b-9885-4c4228053a03,W12X19,structural_section,W12X19,0.8502520000000001,0.5685,Medium,true,1200 K_Permit_Bid_Dwgs - Structural.pdf,,rejected,,,,2026-07-29T12:30:36.132939+00:00,2026-07-31T12:36:12.051121+00:00
622cfae1-3965-4d23-9e1e-b025b6065fae,W14X26,structural_section,W14X26,0.9064840000000002,0.6836,Medium,true,1200 K_Permit_Bid_Dwgs - Structural.pdf,,rejected,,,,2026-07-29T12:30:36.189817+00:00,2026-07-31T12:36:13.189570+00:00
8c8b732d-1429-4f13-b193-1655830ee5a7,W12X22,structural_section,W12X22,0.8348800000000002,0.5543,Medium,true,1200 K_Permit_Bid_Dwgs - Structural.pdf,,rejected,,,,2026-07-29T12:30:36.253520+00:00,2026-07-31T12:36:14.346229+00:00
a6799c3a-1a08-4e70-977f-f51c6af5d9ae,W12X40,structural_section,W12X40,0.8594320000000001,0.6092,Medium,true,1200 K_Permit_Bid_Dwgs - Structural.pdf,,rejected,,,,2026-07-29T12:30:36.313374+00:00,2026-07-31T12:36:15.419706+00:00
03c06ec2-16b2-4417-9c14-8cac6392b3a5,W14X22,structural_section,W14X22,0.9081760000000001,0.6833,Medium,true,1200 K_Permit_Bid_Dwgs - Structural.pdf,,rejected,,,,2026-07-29T12:30:36.374144+00:00,2026-07-31T12:36:16.614552+00:00
bc7db8cf-773c-4431-9af1-0821ab62afe6,W10X15,structural_section,W10X15,0.8933260000000002,0.6575,Medium,true,1200 K_Permit_Bid_Dwgs - Structural.pdf,,rejected,,,,2026-07-29T12:30:36.424421+00:00,2026-07-31T12:36:17.640185+00:00
f479157d-73a2-4135-91ec-c567f33b1cd6,W12X50,structural_section,W12X50,0.8249800000000002,0.5409,Low,true,1200 K_Permit_Bid_Dwgs - Structural.pdf,,rejected,,,,2026-07-29T12:30:36.474893+00:00,2026-07-31T12:36:18.844875+00:00
8218810c-6fcd-4ee1-a8e8-ed4694ad9c3c,W14X43,structural_section,W14X43,0.8684730000000002,0.6312,Medium,true,1200 K_Permit_Bid_Dwgs - Structural.pdf,,rejected,,,,2026-07-29T12:30:36.525220+00:00,2026-07-31T12:36:20.466530+00:00
b3f8df20-55eb-43cb-b48e-99dbe9598548,W12X16,structural_section,W12X16,0.8591800000000002,0.5862,Medium,true,1200 K_Permit_Bid_Dwgs - Structural.pdf,,rejected,,,,2026-07-29T12:30:36.574681+00:00,2026-07-31T12:36:21.595191+00:00
4b59076d-d41b-4522-8b2e-f4fdb81da789,HSS8X4X5,structural_section,HSS8X4X5/8,0.8000016296157837,0.7694,Medium,true,1200 K_Permit_Bid_Dwgs - Structural.pdf,,rejected,,,,2026-07-29T12:30:36.705278+00:00,2026-07-31T12:36:22.513853+00:00
d4b479d0-abfd-407b-843d-1dbe9996adeb,W8X24,structural_section,W8X24,0.8928220000000001,0.6679,Medium,true,1200 K_Permit_Bid_Dwgs - Structural.pdf,,rejected,,,,2026-07-29T12:30:36.773107+00:00,2026-07-31T12:36:23.694405+00:00
97afdda8-7be2-42f9-bdc7-8f1268ee6d6b,PL 3,structural_section,L3X3X1,0.3805206248960496,0.5592,Medium,true,1200 K_Permit_Bid_Dwgs - Structural.pdf,,rejected,,,,2026-07-29T12:30:36.844816+00:00,2026-07-31T12:36:24.695141+00:00
cf37dd25-f29c-438d-9a86-19cc54580c4e,PL 1,structural_section,L10X10X1,0.3474454490833283,0.5299,Low,true,1200 K_Permit_Bid_Dwgs - Structural.pdf,,rejected,,,,2026-07-29T12:30:36.911342+00:00,2026-07-31T12:36:25.890507+00:00
4a53224c-ebf6-44f9-a62b-8a9e9c48907c,PLATE 1,pipe,PIPE1,0.47593594314003,0.594,Medium,true,1200 K_Permit_Bid_Dwgs - Structural.pdf,,rejected,,,,2026-07-29T12:30:36.981816+00:00,2026-07-31T12:36:26.939717+00:00
d4401620-a48c-4cf1-913f-d1b4b43240d2,WT 8x18,structural_section,WT8X18,0.8875714285714287,0.6944,Medium,true,1200 K_Permit_Bid_Dwgs - Structural.pdf,,rejected,,,,2026-07-29T12:30:37.026610+00:00,2026-07-31T12:36:28.084915+00:00
d3cfed56-54cd-4e2c-a673-308cbfb2a5d1,WT8x18,structural_section,WT8X18,0.8575780000000002,0.6655,Medium,true,1200 K_Permit_Bid_Dwgs - Structural.pdf,,rejected,,,,2026-07-29T12:30:37.090288+00:00,2026-07-31T12:36:29.085868+00:00
6c6f9bae-175f-49d6-bf3f-a2fe1f6b8ebc,HSS 3 x 3 x 1/4,structural_section,HSS3X3X1/4,0.8846920000000001,0.6971,Medium,true,1200 K_Permit_Bid_Dwgs - Structural.pdf,,rejected,,,,2026-07-29T12:30:37.138755+00:00,2026-07-31T12:36:30.244038+00:00
7a20dbd3-e2be-4f5e-97b8-f3d27a80eaf9,L5x5x5/16,structural_section,L5X5X5/16,0.8798879120879122,0.6897,Medium,true,1200 K_Permit_Bid_Dwgs - Structural.pdf,,rejected,,,,2026-07-29T12:30:37.191562+00:00,2026-07-31T12:36:31.289146+00:00
f22992b5-4d38-4e0a-9470-97c0168e7c45,L5x5,structural_section,L5X5,0.8435260000000002,0.5999,Medium,true,1200 K_Permit_Bid_Dwgs - Structural.pdf,,rejected,,,,2026-07-29T12:30:37.239721+00:00,2026-07-31T12:36:32.460011+00:00
1ad2c074-479f-4034-8e2a-c69e4d376ebc,L 3 x 3 x 1/4,structural_section,L3X3X1/4,0.8767900000000002,0.6676,Medium,true,1200 K_Permit_Bid_Dwgs - Structural.pdf,,rejected,,,,2026-07-29T12:30:37.303224+00:00,2026-07-31T12:36:33.401723+00:00
ba9f168c-a8ae-4bf7-8d0a-68cd06d7df05,L 5 x 3 x 5/16,structural_section,L5X3X5/16,0.8204285714285716,0.5245,Low,true,1200 K_Permit_Bid_Dwgs - Structural.pdf,,rejected,,,,2026-07-29T12:30:37.365897+00:00,2026-07-31T12:36:34.555882+00:00
1cd043d1-7637-46bb-856e-6bd61d30106d,L 5 x 3,structural_section,L5X3,0.870936,0.6274,Medium,true,1200 K_Permit_Bid_Dwgs - Structural.pdf,,rejected,,,,2026-07-29T12:30:37.415527+00:00,2026-07-31T12:36:35.572348+00:00
9a1a2786-0833-416f-a1d3-0fd895ce5ea1,L 4 x 3 x 1/4,structural_section,L4X3X1/4,0.8864920000000002,0.6869,Medium,true,1200 K_Permit_Bid_Dwgs - Structural.pdf,,rejected,,,,2026-07-29T12:30:37.476243+00:00,2026-07-31T12:36:36.687260+00:00
43cd7588-8a08-496e-9290-fa7f80ca4c68,L4X3X1,structural_section,L4X3X1,0.8941600000000002,0.6678,Medium,true,1200 K_Permit_Bid_Dwgs - Structural.pdf,,rejected,,,,2026-07-29T12:30:37.525447+00:00,2026-07-31T12:36:37.680110+00:00
0b3e76c7-a28e-42bd-a057-909f672a030f,L7 x 4 x 3/8,structural_section,L7X4X3/8,0.8893626373626374,0.6803,Medium,true,1200 K_Permit_Bid_Dwgs - Structural.pdf,,rejected,,,,2026-07-29T12:30:37.585242+00:00,2026-07-31T12:36:38.870145+00:00
0faf822c-971c-4f4f-857c-d68d05b105de,L7X4X3,structural_section,L7X4X3,0.8893626373626374,0.6405,Medium,true,1200 K_Permit_Bid_Dwgs - Structural.pdf,,rejected,,,,2026-07-29T12:30:37.634207+00:00,2026-07-31T12:36:39.902444+00:00
4f37680a-e095-4cca-9111-11db6295965d,HSS8X4X5/16,structural_section,HSS8X4X5/16,0.8683660000000002,0.6719,Medium,true,1200 K_Permit_Bid_Dwgs - Structural.pdf,,rejected,,,,2026-07-29T12:30:37.704115+00:00,2026-07-31T12:36:41.081272+00:00
82c2545e-9069-421e-be11-5a1a0fcc9a12,L6X4X3/8,structural_section,L6X4X3/8,0.8827362637362639,0.6958,Medium,true,1200 K_Permit_Bid_Dwgs - Structural.pdf,,rejected,,,,2026-07-29T12:30:37.754523+00:00,2026-07-31T12:36:42.143300+00:00
98a59d60-7571-4e70-be12-2d96e0998883,HSS4X4X5/16,structural_section,HSS4X4X5/16,0.8203020000000001,0.5832,Medium,true,1200 K_Permit_Bid_Dwgs - Structural.pdf,,rejected,,,,2026-07-29T12:30:37.820379+00:00,2026-07-31T12:36:43.264748+00:00
ce20b905-ac00-41a9-a0c6-a8a9172fe1c2,HSS8X3X1,structural_section,HSS8X3X1/8,0.8134997853355409,0.7323,Medium,true,1200 K_Permit_Bid_Dwgs - Structural.pdf,,rejected,,,,2026-07-29T12:30:37.887502+00:00,2026-07-31T12:36:44.311169+00:00
2ab61326-2131-46a6-81f6-f857b31533e6,L18x12x3/8,structural_section,L18X12X3/8,0.8606759594688417,0.6349,Medium,true,1200 K_Permit_Bid_Dwgs - Structural.pdf,,rejected,,,,2026-07-29T12:30:37.942575+00:00,2026-07-31T12:36:45.473978+00:00
6cfdfb50-da16-424e-a1b9-fd70fd7151b4,PL 10,structural_section,L10X10X1,0.5185167353057862,0.6733,Medium,true,1200 K_Permit_Bid_Dwgs - Structural.pdf,,rejected,,,,2026-07-29T12:30:37.996784+00:00,2026-07-31T12:36:46.425948+00:00
71a6a6dc-a268-4116-b35a-8648584b00ce,L5x5x3/8,structural_section,L5X5X3/8,0.8395440000000001,0.6318,Medium,true,1200 K_Permit_Bid_Dwgs - Structural.pdf,,rejected,,,,2026-07-29T12:30:38.045970+00:00,2026-07-31T12:36:47.602877+00:00
17843117-d2b7-4b12-bf0a-8a76dde36818,HSS8X8X1/2,structural_section,HSS6X6X1/2,0.4363176884059906,0.5699,Medium,true,drawing.pdf,,rejected,,,,2026-07-29T13:07:12.102007+00:00,2026-07-31T12:36:48.605677+00:00
313dc6ff-fe5f-4eb3-b8dc-257365ac4200,L4X4X3/8,structural_section,L4X4X3/8,0.675409886054221,0.6754,Medium,true,upload_smoke.pdf,,rejected,,,,2026-07-29T22:07:37.605456+00:00,2026-07-31T12:36:50.361202+00:00
7b265acb-9793-4556-a0f3-9a52f5eabf1b,L4X4X3,structural_section,L4X4X3,0.6754099057553102,0.6754,Medium,true,upload_smoke.pdf,,rejected,,,,2026-07-29T22:07:37.676922+00:00,2026-07-31T12:36:51.564298+00:00
9a27a32c-7826-4443-a4f8-11a96ce3c766,HSS5x5x3/8,structural_section,HSS5X5X3/8,0.6932964020935565,0.6933,Medium,true,1200 K_Permit_Bid_Dwgs - Structural.pdf,,rejected,,,,2026-07-29T22:07:58.799192+00:00,2026-07-31T12:36:52.586037+00:00
db3ec199-8214-4776-b753-253d48240e46,HSS 8x4x1/4,structural_section,HSS8X4X1/4,0.6854088831420396,0.6854,Medium,true,1200 K_Permit_Bid_Dwgs - Structural.pdf,,rejected,,,,2026-07-29T22:07:58.945306+00:00,2026-07-31T12:36:53.782818+00:00
dcbb2a80-18a2-4b74-838e-fa59c33ad946,L3 x 3,structural_section,L3X3X3,0.6687781659214025,0.6688,Medium,true,1200 K_Permit_Bid_Dwgs - Structural.pdf,,rejected,,,,2026-07-29T22:07:59.282025+00:00,2026-07-31T12:36:54.750393+00:00
45593321-7a03-411f-bc02-3fa6ab4a0e6a,L2 x 2,structural_section,L2X2X1/4,0.6769190688947014,0.6769,Medium,true,1200 K_Permit_Bid_Dwgs - Structural.pdf,,rejected,,,,2026-07-29T22:07:59.419116+00:00,2026-07-31T12:36:55.863373+00:00
5005018a-19ec-4552-b5f4-b639e8524b30,HSS 3 x 3,structural_section,S3X3,0.6150744516783022,0.6151,Medium,true,1200 K_Permit_Bid_Dwgs - Structural.pdf,,rejected,,,,2026-07-29T22:07:59.459251+00:00,2026-07-31T12:36:56.876366+00:00
5ec6c9f6-7838-4dc3-94cd-ada5a9cc786a,L 3 x 3,structural_section,L3X3X3,0.5664391460825625,0.5664,Medium,true,1200 K_Permit_Bid_Dwgs - Structural.pdf,,rejected,,,,2026-07-29T22:07:59.526476+00:00,2026-07-31T12:36:58.048296+00:00
8d355822-8efc-4e9a-872a-4a11d41b209f,L 4 x 3,structural_section,L4X3,0.6948755114794206,0.6949,Medium,true,1200 K_Permit_Bid_Dwgs - Structural.pdf,,rejected,,,,2026-07-29T22:07:59.646429+00:00,2026-07-31T12:36:59.054596+00:00
f8a43c69-106d-41ab-b761-c3c8ae0e0f69,L3 x 3 x 3/16,structural_section,L3X3X3/16,0.6737634856925911,0.6738,Medium,true,1200 K_Permit_Bid_Dwgs - Structural.pdf,,rejected,,,,2026-07-29T22:07:59.724346+00:00,2026-07-31T12:37:00.288194+00:00
4ca72033-bd71-4c94-8fc2-5f97645d3747,S-004,structural_section,S,0.3956346072187818,0.3956,Low,true,burrville_es.pdf,,rejected,,,,2026-07-29T22:25:28.011607+00:00,2026-07-31T12:37:01.248341+00:00
ce88100e-7598-4130-86f4-4007db7fead7,A588,material,A588,0.6449674709596968,0.645,Medium,true,burrville_es.pdf,,rejected,,,,2026-07-29T22:25:28.096152+00:00,2026-07-31T12:37:02.427389+00:00
f472a35a-88b9-4107-99fe-9754430e5089,A970,material,A970,0.46528435027664933,0.4653,Low,true,burrville_es.pdf,,rejected,,,,2026-07-29T22:25:28.176264+00:00,2026-07-31T12:37:03.413042+00:00
2312d7c4-dde3-4297-8bed-069f30503dee,S-002,structural_section,S,0.38570104913826564,0.3857,Low,true,burrville_es.pdf,,rejected,,,,2026-07-29T22:25:28.242091+00:00,2026-07-31T12:37:04.534259+00:00
9ac2500f-faac-44a3-bc64-7150e2db2bc4,L4X3,structural_section,L4X3,0.6682732307768968,0.6683,Medium,true,burrville_es.pdf,,rejected,,,,2026-07-29T22:25:28.288707+00:00,2026-07-31T12:37:05.527006+00:00
eadfbcb3-1010-4d09-8e8f-873694f14437,L5X3,structural_section,L5X3,0.6710982907449888,0.6711,Medium,true,burrville_es.pdf,,rejected,,,,2026-07-29T22:25:28.339500+00:00,2026-07-31T12:37:06.708809+00:00
aa257691-4dfe-41de-b224-cdd8235d5834,L3x3x1/4,structural_section,L3X3X1/4,0.6366425883642122,0.6366,Medium,true,burrville_es.pdf,,approved,,L3X3X1/4,Approved validation correction: Extraction quality is SUSPICIOUS (62%),2026-07-29T22:25:28.400173+00:00,2026-07-31T12:10:50.042361+00:00
fce580a9-984c-4625-8947-6b6b737cb971,L3x3x1,structural_section,L3X3X1,0.6469677491447908,0.647,Medium,true,burrville_es.pdf,,rejected,,,,2026-07-29T22:25:28.453069+00:00,2026-07-31T12:37:07.623432+00:00
2add5264-fe13-46ac-82ec-c9191a796795,A568,material,A568,0.6015741430521782,0.6016,Medium,true,burrville_es.pdf,,rejected,,,,2026-07-29T22:25:28.504592+00:00,2026-07-31T12:37:08.795265+00:00
9964a404-73a5-43d0-a9aa-83fa53ef1bc9,S-401,structural_section,S,0.6519370509251996,0.6519,Medium,true,burrville_es.pdf,,rejected,,,,2026-07-29T22:25:28.554706+00:00,2026-07-31T12:37:09.768225+00:00
2334695c-3402-4d41-809e-770ccd3a9158,S-301,structural_section,S,0.6027468196558498,0.6027,Medium,true,burrville_es.pdf,,rejected,,,,2026-07-29T22:25:28.627434+00:00,2026-07-31T12:37:10.929971+00:00
6d0648b6-98f2-460e-be7d-f3af2ed6eeb9,S-402,structural_section,S402,0.587235427785005,0.5872,Medium,true,burrville_es.pdf,,rejected,,,,2026-07-29T22:25:28.888741+00:00,2026-07-31T12:37:11.914763+00:00
c4041466-a2f7-43d0-88f8-b323eb00363c,W16X31,structural_section,W16X31,0.6538305121142357,0.6538,Medium,true,burrville_es.pdf,,rejected,,,,2026-07-29T22:25:29.336358+00:00,2026-07-31T12:37:13.048162+00:00
57034a42-18e9-4cd9-9575-525e88af6399,W21X44,structural_section,W21X44,0.6662645510814199,0.6663,Medium,true,burrville_es.pdf,,rejected,,,,2026-07-29T22:25:29.500773+00:00,2026-07-31T12:37:14.009949+00:00
2fdf7d0a-1d82-47cc-9989-fd9719581132,S-311,structural_section,S,0.6629132024939027,0.6629,Medium,true,burrville_es.pdf,,rejected,,,,2026-07-29T22:25:30.047442+00:00,2026-07-31T12:37:15.172840+00:00
9ff7846c-af10-443f-abe5-bf85aee007c8,S-321,structural_section,S,0.5988497340663258,0.5988,Medium,true,burrville_es.pdf,,rejected,,,,2026-07-29T22:25:30.381668+00:00,2026-07-31T12:37:16.721646+00:00
b1ee9c46-e9f9-43f5-a6ed-005d1a6c3e8a,W18X35,structural_section,W18X35,0.6945220264434596,0.6945,Medium,true,burrville_es.pdf,,rejected,,,,2026-07-29T22:25:30.532055+00:00,2026-07-31T12:37:17.856412+00:00
49b47c96-c7ac-44dc-8889-edc55f5f619f,W10X19,structural_section,W10X19,0.6987580442006723,0.6988,Medium,true,burrville_es.pdf,,rejected,,,,2026-07-29T22:25:30.729035+00:00,2026-07-31T12:37:19.062114+00:00
82912a87-e1da-4a92-be40-ee6cac2a3440,W18X50,structural_section,W18X50,0.6956931806704685,0.6957,Medium,true,burrville_es.pdf,,rejected,,,,2026-07-29T22:25:30.831286+00:00,2026-07-31T12:37:19.996498+00:00
b15ce9a2-5eaf-45b3-8f05-4cbe2391b283,W16X26,structural_section,W16X26,0.6462683173642236,0.6463,Medium,true,burrville_es.pdf,,rejected,,,,2026-07-29T22:25:31.062339+00:00,2026-07-31T12:37:21.224256+00:00
3de4d03a-f5a4-476a-a0b0-ec812cef3329,W12X30,structural_section,W12X30,0.6914036785348352,0.6914,Medium,true,burrville_es.pdf,,rejected,,,,2026-07-29T22:25:31.200522+00:00,2026-07-31T12:37:22.343278+00:00
a077f89f-1f8b-457e-9717-8998f503b2a9,S-322,structural_section,S,0.701551598648109,0.7016,Medium,true,burrville_es.pdf,,rejected,,,,2026-07-29T22:25:31.336895+00:00,2026-07-31T12:37:23.485625+00:00
e6bf3690-15b4-4fd9-8876-802027a9cd75,HSS14X6X1/2,structural_section,HSS14X6X1/2,0.6675443553748056,0.6675,Medium,true,burrville_es.pdf,,rejected,,,,2026-07-29T22:25:31.563776+00:00,2026-07-31T12:37:24.463021+00:00
64a7aee1-09ed-4d69-a2c4-07aec61c34e1,HSS20X8X5/8,structural_section,HSS20X8X5/8,0.6907789998244449,0.6908,Medium,true,burrville_es.pdf,,rejected,,,,2026-07-29T22:25:31.910692+00:00,2026-07-31T12:37:25.594948+00:00
19bc21b0-22b7-4abe-8bb5-27ac709cbf55,S-104,structural_section,S104,0.42109385766465474,0.4211,Low,true,burrville_es.pdf,,rejected,,,,2026-07-29T22:25:32.647629+00:00,2026-07-31T12:37:26.525804+00:00
212bed2a-463d-4f2e-8a61-d7cbf9fa2f40,S-201,structural_section,S201,0.403684552813381,0.4037,Low,true,burrville_es.pdf,,rejected,,,,2026-07-29T22:25:32.730224+00:00,2026-07-31T12:37:27.695482+00:00
45117ec4-c9e9-4219-8064-067aabf9eebb,S-202,structural_section,S202,0.45851444693947707,0.4585,Low,true,burrville_es.pdf,,rejected,,,,2026-07-29T22:25:32.837940+00:00,2026-07-31T12:37:28.623194+00:00
195b20d8-ecf0-4a2e-b229-3e42d21c93c1,L2x2x3/16,structural_section,L2X2X3/16,0.6999875159806191,0.7,Medium,true,burrville_es.pdf,,rejected,,,,2026-07-29T22:25:32.919962+00:00,2026-07-31T12:37:29.799889+00:00
228b47c6-b1bb-46ec-824c-09e1adcbe070,S-203,structural_section,S203,0.3965758171095151,0.3966,Low,true,burrville_es.pdf,,rejected,,,,2026-07-29T22:25:33.007338+00:00,2026-07-31T12:37:30.852788+00:00
fdd28133-b53d-45a3-8e9c-157f79560195,L4X3X3/8,structural_section,L4X3X3/8,0.6987815546384927,0.6988,Medium,true,burrville_es.pdf,,rejected,,,,2026-07-29T22:25:33.073984+00:00,2026-07-31T12:37:31.940084+00:00
8e31e702-2450-4efa-92d6-c35fcdf94fdc,S-204,structural_section,S204,0.4101957603614832,0.4102,Low,true,burrville_es.pdf,,rejected,,,,2026-07-29T22:25:33.186247+00:00,2026-07-31T12:37:32.930616+00:00
d64a3f76-f26a-4711-bfe1-155e268ec11f,PL11,structural_section,L10X10X1,0.7090307871397762,0.709,Medium,true,burrville_es.pdf,,rejected,,,,2026-07-29T22:25:33.353112+00:00,2026-07-31T12:37:34.089240+00:00
e7918448-49ff-486c-876b-09a4240b2121,S-205,structural_section,S205,0.4422220897389643,0.4422,Low,true,burrville_es.pdf,,rejected,,,,2026-07-29T22:25:33.459788+00:00,2026-07-31T12:37:35.003216+00:00
340bb05f-b1d0-4c29-8a71-cbeee52bc1e3,S-206,structural_section,S206,0.44655072311899463,0.4466,Low,true,burrville_es.pdf,,rejected,,,,2026-07-29T22:25:33.569395+00:00,2026-07-31T12:37:36.132743+00:00
6e4ac144-ff34-444f-99c6-bc515ca9e7d7,PL 5,structural_section,L5X3,0.6163289552577069,0.6163,Medium,true,burrville_es.pdf,,rejected,,,,2026-07-29T22:25:33.625211+00:00,2026-07-31T12:37:37.172973+00:00
a6371c7a-6c8a-44a6-8fa2-3f78f22b36ce,PL3,structural_section,L,0.7561304788134017,0.7561,Medium,true,burrville_es.pdf,,rejected,,,,2026-07-29T22:25:33.682442+00:00,2026-07-31T12:37:38.270679+00:00
22a38e11-2cab-4d38-aae0-05461c119e2c,PL1,structural_section,L,0.6262990406968576,0.6263,Medium,true,burrville_es.pdf,,rejected,,,,2026-07-29T22:25:33.736920+00:00,2026-07-31T12:37:39.263113+00:00
51ffd4aa-cb6e-41d3-b842-1492e8180ca8,L4x4x1/4,structural_section,L4X4X1/4,0.6913286941171306,0.6913,Medium,true,burrville_es.pdf,,rejected,,,,2026-07-29T22:25:33.793293+00:00,2026-07-31T12:37:40.170294+00:00
e3e6ffc0-c905-4223-ad81-ebfbca079b58,PL43,structural_section,L4X3,0.7090191223441779,0.709,Medium,true,burrville_es.pdf,,rejected,,,,2026-07-29T22:25:33.940077+00:00,2026-07-31T12:37:41.632658+00:00
e441cdb8-6add-4327-bac8-662f254f9bef,S-207,structural_section,S207,0.4194275671259182,0.4194,Low,true,burrville_es.pdf,,rejected,,,,2026-07-29T22:25:34.000857+00:00,2026-07-31T12:37:43.105639+00:00
ef560f26-2507-41db-9586-a33e38a97251,S-208,structural_section,S208,0.4452781567030781,0.4453,Low,true,burrville_es.pdf,,rejected,,,,2026-07-29T22:25:34.080372+00:00,2026-07-31T12:37:44.395224+00:00
a192db92-3403-4126-8fa0-2e54a97d71d1,HSS5x3x3,structural_section,HSS5X3X3/8,0.6351539805075547,0.6352,Medium,true,burrville_es.pdf,,rejected,,,,2026-07-29T22:25:34.649813+00:00,2026-07-31T12:37:46.125387+00:00
33893ad3-2552-42ca-a18a-84286ccd26b3,W10X45,structural_section,W10X45,0.689610281720172,0.6896,Medium,true,burrville_es.pdf,,rejected,,,,2026-07-29T22:25:35.318451+00:00,2026-07-31T12:37:47.849649+00:00
12dd3e5f-c031-4443-995e-ace4cf632084,W10X33,structural_section,W10X33,0.6821036985647602,0.6821,Medium,true,burrville_es.pdf,,rejected,,,,2026-07-29T22:25:35.430809+00:00,2026-07-31T12:37:49.106583+00:00
7a4d37bc-459c-4a7c-9d9e-7acd2134e01f,HSS10X0.500,structural_section,HSS10X0.500,0.6906809535790438,0.6907,Medium,true,burrville_es.pdf,,rejected,,,,2026-07-29T22:25:35.546410+00:00,2026-07-31T12:37:50.208016+00:00
7d56d334-0485-46c0-ac15-ac0283b4bbdb,W10X39,structural_section,W10X39,0.6941631163646583,0.6942,Medium,true,burrville_es.pdf,,rejected,,,,2026-07-29T22:25:35.627019+00:00,2026-07-31T12:37:51.849689+00:00
f040d96c-3f99-47dd-b822-4f09838cd298,HSS10X0.625,structural_section,HSS10X0.625,0.6886167024174533,0.6886,Medium,true,burrville_es.pdf,,rejected,,,,2026-07-29T22:25:35.711522+00:00,2026-07-31T12:37:52.815949+00:00
99738eca-cf13-46b9-aff7-b38c196c22d6,S-501,structural_section,S,0.3940057314446082,0.394,Low,true,burrville_es.pdf,,rejected,,,,2026-07-29T22:25:35.824176+00:00,2026-07-31T12:37:53.633397+00:00
0041d954-027b-4093-be60-ca572990c005,W10X49,structural_section,W10X49,0.6750511965047494,0.6751,Medium,true,burrville_es.pdf,,rejected,,,,2026-07-29T22:25:35.916319+00:00,2026-07-31T12:37:54.858754+00:00
4f9ba098-1523-4810-a752-fcaa5d63324d,W8X40,structural_section,W8X40,0.6838911050808933,0.6839,Medium,true,burrville_es.pdf,,rejected,,,,2026-07-29T22:25:36.098262+00:00,2026-07-31T12:37:55.979290+00:00
612a6907-a93c-41a0-9134-63a58f9691ae,S-502,structural_section,S,0.394141154648413,0.3941,Low,true,burrville_es.pdf,,rejected,,,,2026-07-29T22:25:36.207690+00:00,2026-07-31T12:37:57.174330+00:00
c010594f-3511-4ec4-aedd-f0fcee6081d8,A775,material,A775,0.6639323959753168,0.6639,Medium,true,Structure - Copy.pdf,,rejected,,,,2026-07-29T23:26:22.184080+00:00,2026-07-31T12:37:57.953437+00:00
7ee749cf-d590-4955-a5e4-49a1114cc6d0,F3125,bolt,A325,0.6354256592804688,0.6354,Medium,true,Structure - Copy.pdf,,rejected,,,,2026-07-29T23:26:22.264982+00:00,2026-07-31T12:37:58.599069+00:00
72a79ed5-12f7-4bd3-951c-8cb854192410,PL 8,structural_section,L,0.7150492044898633,0.715,Medium,true,Structure - Copy.pdf,,rejected,,,,2026-07-29T23:26:22.338448+00:00,2026-07-31T12:37:59.915451+00:00
81b7e063-bd22-494d-b7cb-09ea77a95b82,PL 8 X 4,structural_section,L8X4X1,0.6023334322217564,0.6023,Medium,true,Structure - Copy.pdf,,rejected,,,,2026-07-29T23:26:22.395877+00:00,2026-07-31T12:38:01.214696+00:00
fe4a58cf-aed4-4c1e-be15-3655c9de0860,PL 8 X 4 X 3,structural_section,L8X4X3/4,0.6214599440231268,0.6215,Medium,true,Structure - Copy.pdf,,rejected,,,,2026-07-29T23:26:22.459058+00:00,2026-07-31T12:38:02.573359+00:00
0980f754-e5f1-4d28-a008-cd82f60fe567,L2X2X1/4,structural_section,L2X2X1/4,0.6309559337957575,0.631,Medium,true,Structure - Copy.pdf,,rejected,,,,2026-07-29T23:26:22.542235+00:00,2026-07-31T12:38:04.104370+00:00
de1ac777-ae20-40af-8cfa-5ebe2aeb60e1,WT3X4.5,structural_section,WT3X4.5,0.6694651835675386,0.6695,Medium,true,Structure - Copy.pdf,,rejected,,,,2026-07-29T23:26:22.646879+00:00,2026-07-31T12:38:05.977445+00:00
a9894e3f-0265-4c5c-92ed-d1e28b4ea46a,W10X24,structural_section,W10X22,0.46801307520578933,0.468,Low,true,Structure - Copy.pdf,,rejected,,,,2026-07-29T23:26:22.733844+00:00,2026-07-31T12:38:07.244877+00:00
34d49d16-d7dd-4a18-950d-8fc54d269fb4,L6x4x5/16,structural_section,L6X4X5/16,0.6818794500807049,0.6819,Medium,true,Structure - Copy.pdf,,rejected,,,,2026-07-29T23:26:22.873044+00:00,2026-07-31T12:38:08.907384+00:00
ed566f70-3664-4935-8485-61d2f2f3c482,L6x4x5,structural_section,L6X4X5/8,0.5858127861238526,0.5858,Medium,true,Structure - Copy.pdf,,rejected,,,,2026-07-29T23:26:22.940143+00:00,2026-07-31T12:38:10.442485+00:00
bf0c42c0-d4a9-48e8-931c-de5aa8ff47b1,L6x4x3,structural_section,L6X4X3/8,0.6372433666087887,0.6372,Medium,true,Structure - Copy.pdf,,rejected,,,,2026-07-29T23:26:23.057238+00:00,2026-07-31T12:38:11.460524+00:00
5d3c40ea-0ea4-4666-a1f7-b146833558af,L3x3x3/16,structural_section,L3X3X3/16,0.6798229419596852,0.6798,Medium,true,Structure - Copy.pdf,,rejected,,,,2026-07-29T23:26:23.144127+00:00,2026-07-31T12:38:12.574735+00:00
f3466d53-4d3e-4d30-8c3a-108c2d5d6c2d,L3x3x3,structural_section,L3X3X3,0.6874009419596852,0.6874,Medium,true,Structure - Copy.pdf,,rejected,,,,2026-07-29T23:26:23.207096+00:00,2026-07-31T12:38:13.762813+00:00
7de54901-1e4a-4429-a40b-3b51e4343ed3,C6x10,structural_section,C6X10.5,0.6533359853236665,0.6533,Medium,true,Structure - Copy.pdf,,rejected,,,,2026-07-29T23:26:23.273572+00:00,2026-07-31T12:38:14.956548+00:00
14e0b2cb-b09b-46bf-9ebb-72d37c28663e,L2x2x1/8,structural_section,L2X2X1/8,0.662881946831492,0.6629,Medium,true,Structure - Copy.pdf,,rejected,,,,2026-07-29T23:26:23.360116+00:00,2026-07-31T12:38:15.729418+00:00
d58fc03e-3e9e-4ca9-a852-a1eb928cda60,HSS 5x2,structural_section,HSS5X2X3/8,0.6476247825340024,0.6476,Medium,true,Structure - Copy.pdf,,rejected,,,,2026-07-29T23:26:23.428308+00:00,2026-07-31T12:38:16.489948+00:00
75c0864e-7f23-4a15-9371-f736935ed8f0,L5x3x5/16,structural_section,L5X3X5/16,0.6961494366509529,0.6961,Medium,true,Structure - Copy.pdf,,rejected,,,,2026-07-29T23:26:23.529878+00:00,2026-07-31T12:38:17.248554+00:00
43628968-6026-4506-b1c4-187a570306a2,W24X68,structural_section,W24X68,0.6828555185598137,0.6829,Medium,true,Structure - Copy.pdf,,rejected,,,,2026-07-29T23:26:23.623231+00:00,2026-07-31T12:38:17.948550+00:00
9f56b7cd-81ce-4a01-9f3f-68000d3a41cb,W21X55,structural_section,W21X55,0.6688769740951499,0.6689,Medium,true,Structure - Copy.pdf,,rejected,,,,2026-07-29T23:26:23.755308+00:00,2026-07-31T12:38:18.669057+00:00
c70587ee-be95-41c1-82d3-84aca570a63c,W30X90,structural_section,W30X90,0.6870298282475167,0.687,Medium,true,Structure - Copy.pdf,,rejected,,,,2026-07-29T23:26:23.909874+00:00,2026-07-31T12:38:19.406807+00:00
fea77803-e0c9-4542-beed-d1f4852ddc22,W27X84,structural_section,W27X84,0.7172013091873043,0.7172,Medium,true,Structure - Copy.pdf,,rejected,,,,2026-07-29T23:26:23.981348+00:00,2026-07-31T12:38:20.099687+00:00
73f33687-9bb4-4f70-a315-a8536519937b,W30X108,structural_section,W30X108,0.682988384673307,0.683,Medium,true,Structure - Copy.pdf,,rejected,,,,2026-07-29T23:26:24.059425+00:00,2026-07-31T12:38:20.902830+00:00
fc180ec4-d2ba-4e68-86ef-ad4e7c513f99,W21X48,structural_section,W21X48,0.6800263860540801,0.68,Medium,true,Structure - Copy.pdf,,rejected,,,,2026-07-29T23:26:24.238352+00:00,2026-07-31T12:38:21.767718+00:00
4f85cf12-e836-4cc9-ada4-72dde8a8af00,A205,structural_section,S205,0.7777327414951665,0.7777,Medium,true,ST.pdf,,rejected,,,,2026-07-30T00:04:33.771704+00:00,2026-07-31T12:38:22.488364+00:00
a22dba4a-4466-4c8e-ada0-5c4547c7c674,S-003,structural_section,S,0.7338780642199069,0.7339,Medium,true,ST.pdf,,rejected,,,,2026-07-30T00:04:33.835419+00:00,2026-07-31T12:38:23.248618+00:00
71f98ffb-574a-4d05-8dc3-ed16a366ede9,S-005,structural_section,S,0.47912753936836483,0.4791,Low,true,ST.pdf,,rejected,,,,2026-07-30T00:04:33.907291+00:00,2026-07-31T12:38:24.078809+00:00
1a2bf072-aa6f-429d-a699-9de139696644,F1249,structural_section,W12X19,0.6131818935924879,0.6132,Medium,true,ST.pdf,,rejected,,,,2026-07-30T00:04:33.960540+00:00,2026-07-31T12:38:25.214496+00:00
cc0fccaf-5a11-47d6-9984-42be57df9fb2,A123,material,A123,0.6335990428980963,0.6336,Medium,true,ST.pdf,,rejected,,,,2026-07-30T00:04:34.079300+00:00,2026-07-31T12:38:26.004119+00:00
8258fc15-172b-473e-9c59-850fafac84bc,S-302,structural_section,S,0.5604747981320594,0.5605,Medium,true,ST.pdf,,rejected,,,,2026-07-30T00:04:34.134737+00:00,2026-07-31T12:38:26.748175+00:00
4a8c9949-4c22-4a7d-81f1-be609f95f004,S-102,structural_section,S,0.43158007128931075,0.4316,Low,true,ST.pdf,,rejected,,,,2026-07-30T00:04:34.249179+00:00,2026-07-31T12:38:28.687112+00:00
003c4377-d100-4fa4-a3c2-02a3938eadc9,S-400,structural_section,S,0.6923550392461073,0.6924,Medium,true,ST.pdf,,rejected,,,,2026-07-30T00:04:34.301928+00:00,2026-07-31T12:38:29.439009+00:00
192305e0-80be-49b5-8710-e99f4b174fbd,S-700,structural_section,S,0.5562052923722168,0.5562,Medium,true,ST.pdf,,rejected,,,,2026-07-30T00:04:34.359287+00:00,2026-07-31T12:38:30.674758+00:00
029090a8-ae41-4084-bdf4-d7f446680c52,S-200,structural_section,S,0.6537419162970736,0.6537,Medium,true,ST.pdf,,rejected,,,,2026-07-30T00:04:34.417619+00:00,2026-07-31T12:38:32.067370+00:00
bb4540d7-3191-4fe9-b750-82723729c750,S-500,structural_section,S,0.6284538301259102,0.6285,Medium,true,ST.pdf,,rejected,,,,2026-07-30T00:04:34.470013+00:00,2026-07-31T12:38:33.618590+00:00
29806737-bcac-4d38-9834-67c91f54f6f5,HSS10x10,structural_section,HSS10X10X1/2,0.6518788465207741,0.6519,Medium,true,ST.pdf,,rejected,,,,2026-07-30T00:04:34.522333+00:00,2026-07-31T12:38:35.364460+00:00
0502bdcc-e812-4359-87f9-207a2d83c71c,S-800,structural_section,S,0.6338275946170914,0.6338,Medium,true,ST.pdf,,rejected,,,,2026-07-30T00:04:34.603799+00:00,2026-07-31T12:35:22.132992+00:00
468257ec-ff25-4406-8016-f6117ef11ced,HSS8x8,structural_section,HSS,0.7058284378567821,0.7058,Medium,true,ST.pdf,,rejected,,,,2026-07-30T00:04:34.685053+00:00,2026-07-31T12:38:36.948969+00:00
536dc2ea-d209-491e-b853-1d7f90e5a26c,S-100,structural_section,S,0.35354770097768057,0.3535,Low,true,ST.pdf,,rejected,,,,2026-07-30T00:04:34.826323+00:00,2026-07-31T12:38:38.339353+00:00
5185742a-4662-4025-bd64-aa55159f10a3,S-701,structural_section,S,0.5430469124793553,0.543,Low,true,ST.pdf,,rejected,,,,2026-07-30T00:04:35.137708+00:00,2026-07-31T12:38:39.199075+00:00
39df8001-64c0-4a2b-8ddf-04d1bdb91619,WT16.5x59,structural_section,WT16.5X59,0.6823457999244062,0.6823,Medium,true,ST.pdf,,rejected,,,,2026-07-30T00:04:35.213159+00:00,2026-07-31T12:38:39.995046+00:00
3ecabdb6-a9d5-441d-af85-9abe5da5198e,S-300,structural_section,S,0.6965494979078467,0.6965,Medium,true,ST.pdf,,rejected,,,,2026-07-30T00:04:35.348608+00:00,2026-07-31T12:38:40.919709+00:00
dab93e4d-309b-460a-99b3-545ab39d7aad,HSS 8X8,structural_section,HSS8X8X1/4,0.6030003595418584,0.603,Medium,true,ST.pdf,,rejected,,,,2026-07-30T00:04:35.424802+00:00,2026-07-31T12:38:41.902401+00:00
b0b3bb16-c967-425c-8385-12730cf5721e,W8x10,structural_section,W8X10,0.690345680424458,0.6903,Medium,true,ST.pdf,,rejected,,,,2026-07-30T00:04:35.661354+00:00,2026-07-31T12:38:42.754580+00:00
4de04d7b-36ba-4355-b4c4-44a156fb5847,W21x50,structural_section,W21X50,0.6748029912750163,0.6748,Medium,true,ST.pdf,,rejected,,,,2026-07-30T00:04:35.742874+00:00,2026-07-31T12:38:43.606273+00:00
ebc2dd98-d810-4218-975d-5e19adfe77dc,W18x40,structural_section,W18X40,0.6924391733018431,0.6924,Medium,true,ST.pdf,,rejected,,,,2026-07-30T00:04:35.824956+00:00,2026-07-31T12:38:44.382789+00:00
d376c39b-8a3b-4268-8dfa-7e577c2d55db,HSS8x8x3/8,structural_section,HSS8X8X3/8,0.6771632608758645,0.6772,Medium,true,ST.pdf,,rejected,,,,2026-07-30T00:04:35.906844+00:00,2026-07-31T12:38:45.231998+00:00
0b8846d9-e426-4ffd-80b8-c987849b2022,HSS10x10x1/2,structural_section,HSS10X10X1/2,0.6085781600116885,0.6086,Medium,true,ST.pdf,,rejected,,,,2026-07-30T00:04:36.005320+00:00,2026-07-31T12:38:45.992869+00:00
50da1cdd-00a4-486f-8636-ea548b4e7cf1,S-710,structural_section,S,0.3958969367891973,0.3959,Low,true,ST.pdf,,rejected,,,,2026-07-30T00:04:36.210653+00:00,2026-07-31T12:34:54.860472+00:00
0f47d82b-bce5-473a-82d1-2717e21c5e71,S-600,structural_section,S,0.538925505099657,0.5389,Low,true,ST.pdf,,rejected,,,,2026-07-30T00:04:36.317674+00:00,2026-07-31T12:34:47.226525+00:00
7a52891c-192c-42b1-abb3-8c36059ea99e,W36x150,structural_section,W36X150,0.6838667956985692,0.6839,Medium,true,ST.pdf,,approved,,W36X150,,2026-07-30T00:04:36.413918+00:00,2026-07-31T12:34:07.352209+00:00
8cda6b2c-0531-4848-b881-3e41c336d387,W16x45,structural_section,W16X45,0.6725742692944843,0.6726,Medium,true,ST.pdf,,approved,,W16X45,,2026-07-30T00:04:36.521631+00:00,2026-07-31T12:34:06.017210+00:00
b252f9bd-f46e-4d3c-bcaa-144a678dcf6f,PLATE 3,material,A36,0.7550724592117651,0.7551,Medium,true,ST.pdf,,rejected,,,,2026-07-30T00:04:36.712200+00:00,2026-07-31T12:38:46.783540+00:00
0f8bd264-e22d-43e9-aa31-8da96db6a486,L5x3x1,structural_section,L5X3X1/2,0.7287827779984053,0.7288,Medium,true,ST.pdf,,approved,,L5X3X1/2,,2026-07-30T00:04:36.824936+00:00,2026-07-31T12:34:04.958175+00:00
c30a3833-7943-46ae-be83-721b44fbc12e,S-711,structural_section,S,0.6456885094102688,0.6457,Medium,true,ST.pdf,,rejected,,,,2026-07-30T00:04:37.007635+00:00,2026-07-31T12:38:47.583506+00:00
f4bcbf3a-022a-4479-bf03-feb4a84e6510,PL 1x9x1,structural_section,C9X15,0.6410300564116302,0.641,Medium,true,ST.pdf,,rejected,,,,2026-07-30T00:04:37.475587+00:00,2026-07-31T12:38:48.296630+00:00
b9ed747e-05a4-413c-baa7-9dd874022b04,HSS6x8x1/2,structural_section,HSS,0.684487984521713,0.6845,Medium,true,ST.pdf,,rejected,,,,2026-07-30T00:04:37.545895+00:00,2026-07-31T12:32:15.044090+00:00
fb619d1f-a852-414f-86ba-5447ac3c34db,HSS3x3,structural_section,S3X3,0.7209696388030884,0.721,Medium,true,ST.pdf,,rejected,,,,2026-07-30T00:04:37.619339+00:00,2026-07-31T12:31:38.631305+00:00
0903b2f1-27aa-4136-b1f4-6e4ae4d7dc49,W8x31,structural_section,W8X31,0.6541391618016819,0.6541,Medium,true,ST.pdf,,approved,,W8X31,,2026-07-30T00:04:37.823407+00:00,2026-07-31T12:34:03.640614+00:00
1e6c011c-3971-43a5-86f5-3f35f69ccf0e,W8x35,structural_section,W8X35,0.6244194972020808,0.6244,Medium,true,ST.pdf,,approved,,W8X35,,2026-07-30T00:04:37.878683+00:00,2026-07-31T12:34:02.351432+00:00
fd4e1e4a-301c-407b-b570-c0cbb61cb5ba,W8x28,structural_section,W8X28,0.6230449372020808,0.623,Medium,true,ST.pdf,,approved,structural_section,W8X28,,2026-07-30T00:04:37.947776+00:00,2026-07-31T08:31:00.765604+00:00
2e396fd6-4e4a-4926-ac85-542eb5618957,W8x58,structural_section,W8X58,0.6874295695537693,0.6874,Medium,true,ST__0bfc2d61245d.pdf,,approved,,W8X58,,2026-07-31T08:35:46.305507+00:00,2026-07-31T12:34:01.228364+00:00
077b79fb-0a48-45cf-b996-582ae815f624,W8x28,structural_section,W8X28,0.6230449372020808,0.623,Medium,true,ST__0bfc2d61245d.pdf,,approved,,W8X28,,2026-07-31T08:35:46.485114+00:00,2026-07-31T12:33:59.935025+00:00
dfa66af5-3760-458d-9867-5c1b59bc3ef8,L3X31,structural_section,W33X318,0.5350672144612376,0.5351,Low,true,Structure - Copy__9414716bffc6.pdf,,approved,,W33X318,,2026-07-31T09:52:54.369838+00:00,2026-07-31T12:33:58.655915+00:00
4c9a69af-49d8-45c9-b771-876b94f4999b,L 6 X 3,structural_section,L6X3,0.6554805145570587,0.6555,Medium,true,Structure - Copy__9414716bffc6.pdf,,approved,,L6X3,,2026-07-31T09:52:54.500073+00:00,2026-07-31T12:33:57.430799+00:00
ab02393c-5fe3-4cfe-bb3c-a4cb8f7a0973,L 4 X 4,structural_section,L4X4,0.6389141880475251,0.6389,Medium,true,Structure - Copy__9414716bffc6.pdf,,approved,,L4X4,,2026-07-31T09:52:54.613308+00:00,2026-07-31T12:33:56.094313+00:00
141d5666-79bb-4788-a3f5-a5578f5d913d,L 4 X 4 X 5/16,structural_section,L4X4X5/16,0.6372184669327546,0.6372,Medium,true,Structure - Copy__9414716bffc6.pdf,,approved,,L4X4X5/16,,2026-07-31T09:52:54.710989+00:00,2026-07-31T12:33:54.865254+00:00
25b34e21-cf97-4c19-af85-c32ddcdb15ff,L 6 X 4,structural_section,L6X4X1/2,0.46926653363080656,0.4693,Low,true,Structure - Copy__9414716bffc6.pdf,,approved,,L6X4X1/2,,2026-07-31T09:52:54.801821+00:00,2026-07-31T12:33:53.624160+00:00
885c2db9-2ae9-4582-8135-700714a755fc,L 6 X 4 X 3/8,structural_section,L6X4X3/8,0.6569910174369543,0.657,Medium,true,Structure - Copy__9414716bffc6.pdf,,approved,,L6X4X3/8,,2026-07-31T09:52:54.894235+00:00,2026-07-31T12:33:52.328867+00:00
92b43993-f9d2-4911-aee4-2b6122f0f680,L 5 X 3 X 1/4,structural_section,L5X3X1/4,0.6624095225119687,0.6624,Medium,true,Structure - Copy__9414716bffc6.pdf,,approved,,L5X3X1/4,,2026-07-31T09:52:55.027199+00:00,2026-07-31T12:33:51.063886+00:00
ab7710ca-be2b-458b-852d-9204d00768d0,L 5 X 5,structural_section,L5X5,0.6626541880025507,0.6627,Medium,true,Structure - Copy__9414716bffc6.pdf,,approved,,L5X5,,2026-07-31T09:52:55.149160+00:00,2026-07-31T12:33:50.111086+00:00
3bc00a09-c3d9-43f7-965c-f023abb03091,L 5 X 5 X 5/16,structural_section,L5X5X5/16,0.6545018657083855,0.6545,Medium,true,Structure - Copy__9414716bffc6.pdf,,approved,,L5X5X5/16,,2026-07-31T09:52:55.246109+00:00,2026-07-31T12:33:48.840673+00:00
430544fa-e048-4dfa-843d-bd3f159b53bb,L 5 X 5 X 3/8,structural_section,L5X5X3/8,0.650913347494035,0.6509,Medium,true,Structure - Copy__9414716bffc6.pdf,,approved,,L5X5X3/8,,2026-07-31T09:52:55.341602+00:00,2026-07-31T12:33:47.626248+00:00
a020a7f9-21dd-4f8a-baa7-467036e1a234,W12X14,structural_section,W12X14,0.6735497215355815,0.6735,Medium,true,Structure - Copy__9414716bffc6.pdf,,approved,,W12X14,,2026-07-31T09:52:55.762046+00:00,2026-07-31T12:33:46.344635+00:00
94c59e73-7a80-49b2-8666-2f3dc191d526,W18X46,structural_section,W18X46,0.6973721175268355,0.6974,Medium,true,Structure - Copy__9414716bffc6.pdf,,approved,structural_section,W18X46,,2026-07-31T09:52:57.268729+00:00,2026-07-31T09:58:29.631015+00:00
a9f5db11-907b-4802-a3bb-3619e64bd7ac,W18X86,structural_section,W18X86,0.6662689552245326,0.6663,Medium,true,ST - Springhill Lake__f6ddc4a7e233.pdf,,approved,,W18X86,,2026-07-31T12:05:02.775670+00:00,2026-07-31T12:33:44.971864+00:00
9511f0c1-4abb-45c5-9893-5c92c4047210,W18X60,structural_section,W18X60,0.656756607432096,0.6568,Medium,true,ST - Springhill Lake__f6ddc4a7e233.pdf,,approved,,W18X60,,2026-07-31T12:05:02.959169+00:00,2026-07-31T12:33:43.231035+00:00
ff6f286b-3af2-4941-a61d-4b59282b528c,W18X97,structural_section,W18X97,0.6871522406014703,0.6872,Medium,true,ST - Springhill Lake__f6ddc4a7e233.pdf,,approved,,W18X97,,2026-07-31T12:05:03.064151+00:00,2026-07-31T12:30:51.469203+00:00
f34fb5f4-72c0-45ef-b995-99e60587eee2,W18X46,structural_section,W18X46,0.678869034803757,0.6789,Medium,true,ST - Springhill Lake__f6ddc4a7e233.pdf,,approved,,W18X46,,2026-07-31T12:05:03.242550+00:00,2026-07-31T12:30:50.092397+00:00
3754110c-2e99-4e60-ac12-3b9ca3f11f2e,W18X65,structural_section,W18X65,0.6484473569762597,0.6484,Medium,true,ST - Springhill Lake__f6ddc4a7e233.pdf,,approved,structural_section,W18X65,,2026-07-31T12:05:03.393658+00:00,2026-07-31T12:12:23.094614+00:00
fe594ab2-4670-4331-8ad0-614fcb54a225,W18X55,structural_section,W18X55,0.6478130369762596,0.6478,Medium,true,ST - Springhill Lake__f6ddc4a7e233.pdf,,approved,,W18X55,,2026-07-31T12:05:03.496994+00:00,2026-07-31T12:30:49.211605+00:00
5ae8fce3-df9b-4c7b-b552-97a3e96828e0,HSS14X10X3/8,structural_section,HSS14X10X3/8,0.6041464259641062,0.6041,Medium,true,ST - Springhill Lake__f6ddc4a7e233.pdf,,approved,,HSS14X10X3/8,,2026-07-31T12:05:03.813555+00:00,2026-07-31T12:30:46.906939+00:00
e84d3106-7ddd-43b4-8488-ae4b7923fee8,W14X30,structural_section,W14X30,0.6424152675821404,0.6424,Medium,true,ST - Springhill Lake__f6ddc4a7e233.pdf,,approved,,W14X30,,2026-07-31T12:05:04.082963+00:00,2026-07-31T12:30:45.480751+00:00
b458f13d-0c9b-43cd-b378-8fbb7776e219,W16X50,structural_section,W16X50,0.6747322322364572,0.6747,Medium,true,ST - Springhill Lake__f6ddc4a7e233.pdf,,approved,,W16X50,,2026-07-31T12:05:04.348119+00:00,2026-07-31T12:30:42.290375+00:00
365a03aa-8d66-4053-a399-b0ad4cbda3f4,W16X40,structural_section,W16X40,0.687796842063881,0.6878,Medium,true,ST - Springhill Lake__f6ddc4a7e233.pdf,,approved,,W16X40,,2026-07-31T12:05:04.455348+00:00,2026-07-31T12:30:38.725510+00:00
d5030ed4-8435-4135-bea9-e17bd21ac08a,W8X18,structural_section,W8X18,0.6801397657990075,0.6801,Medium,true,ST - Springhill Lake__f6ddc4a7e233.pdf,,approved,,W8X18,,2026-07-31T12:05:04.676796+00:00,2026-07-31T12:30:35.856545+00:00
2a0d5385-fac9-48a9-a7b8-268566213790,W18X71,structural_section,W18X71,0.6594924645577904,0.6595,Medium,true,ST - Springhill Lake__f6ddc4a7e233.pdf,,approved,,W18X71,,2026-07-31T12:05:05.144440+00:00,2026-07-31T12:30:32.053205+00:00
40fff393-3869-41c2-b4d7-d470a1aa1a3b,W18X76,structural_section,W18X76,0.6506946918819678,0.6507,Medium,true,ST - Springhill Lake__f6ddc4a7e233.pdf,,approved,,W18X76,,2026-07-31T12:05:05.292900+00:00,2026-07-31T12:30:30.335960+00:00
130b4c20-d779-4d92-976a-066ad786c7bd,W21X62,structural_section,W21X62,0.6979102050151121,0.6979,Medium,true,ST - Springhill Lake__f6ddc4a7e233.pdf,,approved,,W21X62,,2026-07-31T12:05:05.709185+00:00,2026-07-31T12:30:28.469878+00:00
c16def53-9225-48a0-b41d-122c0bf3e907,L4X3X5/16,structural_section,L4X3X5/16,0.6799827880038665,0.68,Medium,true,ST - Springhill Lake__f6ddc4a7e233.pdf,,approved,,L4X3X5/16,,2026-07-31T12:05:05.984342+00:00,2026-07-31T12:30:26.779789+00:00
2c77ec73-6147-4101-8542-2abef7294723,L4X3X5,structural_section,L4X3X5/8,0.5633317577149969,0.5633,Medium,true,ST - Springhill Lake__f6ddc4a7e233.pdf,,approved,,L4X3X5/8,,2026-07-31T12:05:06.096784+00:00,2026-07-31T12:30:07.374100+00:00
2bc68752-80f0-49b9-819e-b658c08ffa3e,W24X62,structural_section,W24X62,0.686841243351644,0.6868,Medium,true,ST - Springhill Lake__f6ddc4a7e233.pdf,,approved,,W24X62,,2026-07-31T12:05:06.434389+00:00,2026-07-31T12:30:09.208887+00:00
a24ad597-0f53-4a40-b58a-e0f4b3f5e523,W16X36,structural_section,W16X36,0.6997919744577827,0.6998,Medium,true,ST - Springhill Lake__f6ddc4a7e233.pdf,,approved,,W16X36,,2026-07-31T12:05:06.641406+00:00,2026-07-31T12:30:14.343943+00:00
5bce87a6-1f8f-428e-8c31-56c28b31f325,L4x4,structural_section,L4X4,0.6091342310060385,0.6091,Medium,true,ST - Springhill Lake__f6ddc4a7e233.pdf,,approved,,L4X4,,2026-07-31T12:05:06.947458+00:00,2026-07-31T12:30:10.992323+00:00
1e449bc7-44d0-4ddb-82e9-d44cecf063d3,W12X26,structural_section,W12X26,0.6900201233198782,0.69,Medium,true,ST - Springhill Lake__f6ddc4a7e233.pdf,,approved,,W12X26,,2026-07-31T12:05:07.739954+00:00,2026-07-31T12:30:23.843516+00:00
825d57a5-4b92-4c0b-b3e0-81b05a840142,HSS16X0.5,structural_section,HSS16X0.5,0.6895359655803327,0.6895,Medium,true,ST - Springhill Lake__f6ddc4a7e233.pdf,,approved,,HSS16X0.5,,2026-07-31T12:05:08.132169+00:00,2026-07-31T12:30:20.684187+00:00
831db791-ca98-4db4-8fca-b4088a709bc2,HSS6x2x5/16,structural_section,HSS6X2X5/16,0.6807639770288443,0.6808,Medium,true,ST - Springhill Lake__f6ddc4a7e233.pdf,,approved,,HSS6X2X5/16,,2026-07-31T12:05:08.247218+00:00,2026-07-31T12:30:17.920865+00:00
08a17e06-200a-4c36-95dd-67e580274b54,L8X8X1,structural_section,L8X8X1,0.6829381722744361,0.6829,Medium,true,ST - Springhill Lake__f6ddc4a7e233.pdf,,approved,,L8X8X1,,2026-07-31T12:05:08.343064+00:00,2026-07-31T12:30:06.304277+00:00
fb11ec5a-7583-4718-a310-9f1272b45250,WT3X8,structural_section,WT3X8,0.6957319992643247,0.6957,Medium,true,ST - Springhill Lake__f6ddc4a7e233.pdf,,approved,,WT3X8,,2026-07-31T12:05:08.443028+00:00,2026-07-31T12:30:04.993454+00:00
cbfe1eaf-fb71-470c-9c32-851066a91226,L6X3,structural_section,L6X3,0.681758497483062,0.6818,Medium,true,ST - Springhill Lake__f6ddc4a7e233.pdf,,approved,,L6X3,,2026-07-31T12:05:08.562882+00:00,2026-07-31T12:30:03.904136+00:00
7fb301e7-592e-4873-8f3b-28e3806f9582,HSS6X4X3/8,structural_section,HSS6X4X3/8,0.6830058938081074,0.683,Medium,true,ST - Springhill Lake__f6ddc4a7e233.pdf,,approved,,HSS6X4X3/8,,2026-07-31T12:05:08.645795+00:00,2026-07-31T12:30:02.888602+00:00
c66d0539-82eb-4402-be08-e3cb8e00fde4,L3X3X3/8,structural_section,L3X3X3/8,0.6982383054516482,0.6982,Medium,true,ST - Springhill Lake__f6ddc4a7e233.pdf,,approved,,L3X3X3/8,,2026-07-31T12:05:08.737391+00:00,2026-07-31T12:30:01.777802+00:00
ff08c888-ea9f-491b-9481-fe036fb6a50e,W12X65,structural_section,W12X65,0.6900201233198782,0.69,Medium,true,ST - Springhill Lake__f6ddc4a7e233.pdf,,approved,,W12X65,,2026-07-31T12:05:09.343667+00:00,2026-07-31T12:29:59.773725+00:00
7ff99272-b06c-4998-a322-bbf5147ebef4,HSS18X0.500,structural_section,HSS18X0.500,0.6756324820957613,0.6756,Medium,true,ST - Springhill Lake__f6ddc4a7e233.pdf,,approved,structural_section,HSS18X0.500,,2026-07-31T12:05:09.845557+00:00,2026-07-31T12:12:09.610736+00:00
4c4744d9-bb1c-4b61-91c1-3c7fb59faac8,L3x3x1/4,,L3X3X1/4,0.6674,0.6674,High,false,doc_f6ddc4a7e233ffb0,,approved,,L3X3X1/4,Approved validation correction: Prediction confidence is moderate (67%),2026-07-31T12:11:01.981968+00:00,2026-07-31T12:11:02.062194+00:00
f25b446e-1f46-4797-9d34-88b10709c61f,L3x3x1/4,,L3X3X1/4,,,High,false,doc_f6ddc4a7e233ffb0,,approved,,L3X3X1/4,Approved validation correction: Extraction quality is SUSPICIOUS (62%),2026-07-31T12:11:23.356525+00:00,2026-07-31T12:11:23.475899+00:00
958bdb4f-d7f6-4497-a570-c19de30ca6b1,HSS10x10,structural_section,HSS10X10X1/2,0.7079620083348378,0.708,Medium,true,ST__0bfc2d61245d.pdf,,approved,,HSS10X10X1/2,,2026-08-03T10:25:26.396162+00:00,2026-08-03T10:35:45.464118+00:00
321ef712-dbfa-4a02-919b-4d01445fb439,W8x40,structural_section,W8X24,0.74221876287586,0.7422,Medium,true,ST__0bfc2d61245d.pdf,,approved,,W8X24,,2026-08-03T10:25:26.610493+00:00,2026-08-03T10:35:44.711620+00:00
bc0fb3c6-d7c6-47b3-914c-654dc2fb4e9d,W8x48,structural_section,W8X40,0.6979528455063924,0.698,Medium,true,ST__0bfc2d61245d.pdf,,approved,,W8X40,,2026-08-03T10:25:26.769780+00:00,2026-08-03T10:35:43.924318+00:00
270a06c9-68af-4fdb-be86-c31e952e8a4c,W8x31,structural_section,W8X18,0.6684967470693788,0.6685,Medium,true,ST__0bfc2d61245d.pdf,,approved,,W8X18,,2026-08-03T10:25:26.891550+00:00,2026-08-03T10:35:43.150425+00:00
bd1d4b17-9d3a-4c6b-b04c-ef32c62e3d7a,W8x28,structural_section,W8X28,0.6878899470693788,0.6879,Medium,true,ST__0bfc2d61245d.pdf,,approved,,W8X28,,2026-08-03T10:25:27.025995+00:00,2026-08-03T10:35:42.199128+00:00
8d6d16aa-f939-43c5-8646-a3a17899ee66,W8x35,structural_section,W8X31,0.6684967470693788,0.6685,Medium,true,ST__0bfc2d61245d.pdf,,approved,,W8X31,,2026-08-03T10:25:27.143944+00:00,2026-08-03T10:35:41.409388+00:00
28a3c0f4-13c4-44be-8da0-be45e95129d6,W24x55,structural_section,W24X55,0.6445813911277202,0.6446,Medium,true,ST__0bfc2d61245d.pdf,,approved,,W24X55,,2026-08-03T10:25:27.261967+00:00,2026-08-03T10:35:40.643465+00:00
b703f42b-4ac0-452d-841d-751f7d009286,W21x50,structural_section,W16X50,0.6833581709349261,0.6834,Medium,true,ST__0bfc2d61245d.pdf,,approved,,W16X50,,2026-08-03T10:25:27.419584+00:00,2026-08-03T10:35:39.823828+00:00
2320494c-bc51-4d5d-95e0-93de26dc044c,W8x10,structural_section,W8X10,0.6623974048436908,0.6624,Medium,true,ST__0bfc2d61245d.pdf,,approved,,W8X10,,2026-08-03T10:25:27.570631+00:00,2026-08-03T10:35:39.025645+00:00
29fb6713-59b6-44fd-8000-381a28964426,W18x35,structural_section,W18X35,0.6458986732295733,0.6459,Medium,true,ST__0bfc2d61245d.pdf,,approved,,W18X35,,2026-08-03T10:25:27.708489+00:00,2026-08-03T10:35:38.054382+00:00
9526f5a4-0abc-4e20-80f0-5abbe8de2e0b,W16x31,structural_section,W16X31,0.6885497475309533,0.6885,Medium,true,ST__0bfc2d61245d.pdf,,approved,,W16X31,,2026-08-03T10:25:27.942335+00:00,2026-08-03T10:36:29.506745+00:00
726fe61a-fce1-4380-9ba0-cf25a2f8431c,W18x46,structural_section,W18X46,0.6332874294717062,0.6333,Medium,true,ST__0bfc2d61245d.pdf,,approved,,W18X46,,2026-08-03T10:25:28.119577+00:00,2026-08-03T10:36:28.795985+00:00
c5b7ebd9-8878-4799-9c5d-44ea1369f294,W21x44,structural_section,W21X44,0.6420118698977781,0.642,Medium,true,ST__0bfc2d61245d.pdf,,approved,,W21X44,,2026-08-03T10:25:28.399039+00:00,2026-08-03T10:36:28.035607+00:00
42c47a0f-ee42-4d14-9328-5b1875272e67,HSS8x8,structural_section,HSS8X8,0.6655474495070725,0.6655,Medium,true,ST__0bfc2d61245d.pdf,,approved,,HSS8X8,,2026-08-03T10:25:28.936847+00:00,2026-08-03T10:36:27.275326+00:00
ffec3339-a3d6-47f3-832b-28b32122a717,WT16.5x59,structural_section,WT16.5X59,0.6816732074864308,0.6817,Medium,true,ST__0bfc2d61245d.pdf,,approved,,WT16.5X59,,2026-08-03T10:25:29.154894+00:00,2026-08-03T10:36:26.554315+00:00
a9aa4e88-6cbf-4ba0-ba94-d0c7392b7acb,W16x26,structural_section,W16X26,0.6685076624140323,0.6685,Medium,true,ST__0bfc2d61245d.pdf,,approved,,W16X26,,2026-08-03T10:25:29.745214+00:00,2026-08-03T10:36:25.773328+00:00
1351fda2-6abc-471a-93d0-b94053c4be7d,W27x84,structural_section,W27X84,0.6861920078567415,0.6862,Medium,true,ST__0bfc2d61245d.pdf,,approved,,W27X84,,2026-08-03T10:25:30.106357+00:00,2026-08-03T10:36:25.018452+00:00
c9fdc6a1-2d53-4bdf-ba5a-5a6e93eb7a3b,W14x22,structural_section,W14X22,0.684455839456632,0.6845,Medium,true,ST__0bfc2d61245d.pdf,,approved,,W14X22,,2026-08-03T10:25:30.816880+00:00,2026-08-03T10:36:24.296952+00:00
669249c6-47a6-4f06-ace2-10f45ca1e951,W18x40,structural_section,W18X40,0.6790803382131653,0.6791,Medium,true,ST__0bfc2d61245d.pdf,,approved,,W18X40,,2026-08-03T10:25:31.192998+00:00,2026-08-03T10:36:23.529734+00:00
ed1dc98f-1067-4abc-843b-8b32ae7c65f0,HSS8x8x3/8,structural_section,HSS8X6X3/8,0.691909926530495,0.6919,Medium,true,ST__0bfc2d61245d.pdf,,approved,,HSS8X6X3/8,,2026-08-03T10:25:31.375259+00:00,2026-08-03T10:36:22.721163+00:00
780a59bc-4187-4b98-9975-1c11ddacb0f9,HSS8x8x3,structural_section,HSS8X8X3/8,0.6926950213179758,0.6927,Medium,true,ST__0bfc2d61245d.pdf,,approved,,HSS8X8X3/8,,2026-08-03T10:25:31.541939+00:00,2026-08-03T10:36:21.995707+00:00
818890de-338f-466e-a001-eda028d8688b,HSS10x10x1/2,structural_section,HSS10X10X1/2,0.6517440332194844,0.6517,Medium,true,ST__0bfc2d61245d.pdf,,approved,,HSS10X10X1/2,,2026-08-03T10:25:32.308470+00:00,2026-08-03T10:36:21.224846+00:00
9f7a8611-3e22-40dd-9cdd-343f71ab7791,W16x45,structural_section,W16X45,0.6364726294717062,0.6365,Medium,true,ST__0bfc2d61245d.pdf,,approved,,W16X45,,2026-08-03T10:25:32.716587+00:00,2026-08-03T10:36:20.351654+00:00
5bf78676-2a3b-431f-8aa2-a208f7a1badd,W24x68,structural_section,W24X68,0.6942476593319092,0.6942,Medium,true,ST__0bfc2d61245d.pdf,,approved,,W24X68,,2026-08-03T10:25:32.837453+00:00,2026-08-03T10:36:19.586665+00:00
e956e3cc-d524-4379-a3dc-a3534ff49966,W33x130,structural_section,W33X130,0.683514148912915,0.6835,Medium,true,ST__0bfc2d61245d.pdf,,approved,,W33X130,,2026-08-03T10:25:32.965967+00:00,2026-08-03T10:36:18.595762+00:00
de516c00-414d-4e39-94d7-dd37b0c0deed,W24x84,structural_section,W24X84,0.684864040574815,0.6849,Medium,true,ST__0bfc2d61245d.pdf,,approved,,W24X84,,2026-08-03T10:25:33.126874+00:00,2026-08-03T10:36:17.847083+00:00
50767afc-16c5-4d94-8b6b-b10842502e88,W36x150,structural_section,W36X150,0.660592247363303,0.6606,Medium,true,ST__0bfc2d61245d.pdf,,approved,,W36X150,,2026-08-03T10:25:33.398352+00:00,2026-08-03T10:36:17.089437+00:00
1da86169-a242-4621-8cdf-fa91db81ecc2,HSS 8X8X3/8,structural_section,HSS8X6X3/8,0.8356260332812506,0.8356,High,true,ST__0bfc2d61245d.pdf,,approved,,HSS8X6X3/8,,2026-08-03T10:25:33.811879+00:00,2026-08-03T10:36:16.310946+00:00
3065623d-b12b-4db7-8ece-68f84a6ae5da,L2x2x1/4,structural_section,L2X2X1/4,0.6466014732662488,0.6466,Medium,true,ST__0bfc2d61245d.pdf,,approved,,L2X2X1/4,,2026-08-03T10:25:33.942938+00:00,2026-08-03T10:36:15.520786+00:00
be8bf46d-5b14-4552-b0b0-05301ee1768f,L3x3x1/4,structural_section,L3X3X1/4,0.6183923583920724,0.6184,Medium,true,ST__0bfc2d61245d.pdf,,approved,,L3X3X1/4,,2026-08-03T10:25:34.057539+00:00,2026-08-03T10:36:14.742781+00:00
3a470a1e-382a-4348-b4a1-3767a16e500c,L4x4x1/4,structural_section,L4X4X1/4,0.6456604332662489,0.6457,Medium,true,ST__0bfc2d61245d.pdf,,approved,,L4X4X1/4,,2026-08-03T10:25:34.186586+00:00,2026-08-03T10:36:13.948054+00:00
e4a491a1-1318-4e27-8e85-ee5de6b15aeb,L5x5x5/16,structural_section,L5X5X5/16,0.6460470349181138,0.646,Medium,true,ST__0bfc2d61245d.pdf,,approved,,L5X5X5/16,,2026-08-03T10:25:34.297569+00:00,2026-08-03T10:36:13.145105+00:00
2e4a6504-6baa-4ab7-bddc-4f8403d6888e,L3x3x1,structural_section,L3X3X1/2,0.7305852415402982,0.7306,Medium,true,ST__0bfc2d61245d.pdf,,approved,,L3X3X1/2,,2026-08-03T10:25:34.412159+00:00,2026-08-03T10:36:12.345812+00:00
a763d437-b0ea-41bb-84ee-8a573cec97b3,HSS8x8x1/2,structural_section,HSS8X8X1/2,0.6694931532983704,0.6695,Medium,true,ST__0bfc2d61245d.pdf,,approved,structural_section,HSS8X8X1/2,,2026-08-03T10:25:34.526067+00:00,2026-08-03T10:35:19.930613+00:00
3cbe29a7-7818-4352-a941-c26a414425ae,PL 1x9x1,structural_section,C9X15,0.6359250524298837,0.6359,Medium,true,ST__0bfc2d61245d.pdf,,rejected,,,,2026-08-03T10:25:35.057432+00:00,2026-08-03T10:35:55.437621+00:00
7e55b113-806b-4229-b95c-9b87f6f7dfa5,HSS6x8x1/2,structural_section,HSS8X8X1/2,0.8510068885493931,0.851,High,true,ST__0bfc2d61245d.pdf,,approved,structural_section,HSS8X8X1/2,,2026-08-03T10:25:35.210832+00:00,2026-08-03T10:35:12.460675+00:00
dc5ca6a6-4c63-4ee7-ba4c-8de8c3829a8c,HSS3x3,structural_section,HSS,0.7605228984645112,0.7605,Medium,true,ST__0bfc2d61245d.pdf,,rejected,,,,2026-08-03T10:25:35.336256+00:00,2026-08-03T10:35:03.319350+00:00
4d5624fa-85d6-4513-9428-2bbd1c63e844,W8x58,structural_section,W8X58,0.638152606056197,0.6382,Medium,true,ST__0bfc2d61245d.pdf,,approved,,W8X58,,2026-08-03T10:25:35.470835+00:00,2026-08-03T10:36:11.161324+00:00
6c22f251-17f0-41e5-bd8a-696018cdbb60,W8x24,structural_section,W8X24,0.6173927952391245,0.6174,Medium,true,ST__0bfc2d61245d.pdf,,approved,structural_section,W8X24,,2026-08-03T10:25:35.698819+00:00,2026-08-03T10:34:54.911812+00:00
6684f73c-0ab8-40ce-94d9-461db62e3356,W16x26,,W16X26,,,High,false,doc_0bfc2d61245dbce2,,approved,,W16X26,Approved validation correction: Extraction quality is SUSPICIOUS (62%),2026-08-03T10:47:12.560281+00:00,2026-08-03T10:47:12.690161+00:00
e3426105-0213-44c9-af73-0e0fd9d725aa,W16x26,,W16X26,,,High,false,doc_0bfc2d61245dbce2,,approved,,W16X26,Approved validation correction: Extraction quality is SUSPICIOUS (62%),2026-08-03T10:47:30.497808+00:00,2026-08-03T10:47:30.570562+00:00
ac82fae5-981e-4b5c-a7a8-f4d6785c5add,HSS10x10,structural_section,HSS10X10X1/2,0.7639672037616603,0.764,Medium,true,ST__0bfc2d61245d.pdf,,approved,,HSS10X10X1/2,,2026-08-03T13:18:52.900098+00:00,2026-08-03T14:25:11.375657+00:00
c02facfb-fcbd-4417-adc3-c06154c2bc57,HSS8x8,structural_section,HSS8X8X3/8,0.691409249373372,0.6914,Medium,true,ST__0bfc2d61245d.pdf,,approved,,HSS8X8X3/8,,2026-08-03T13:18:53.519217+00:00,2026-08-03T14:25:11.545219+00:00
65164e07-b6f1-4879-b262-146ffab98bcf,HSS10x10x1/2,structural_section,HSS10X10X1/2,0.7663308931746676,0.7663,Medium,true,ST__0bfc2d61245d.pdf,,approved,,HSS10X10X1/2,,2026-08-03T13:18:53.627811+00:00,2026-08-03T14:25:11.815184+00:00
1f6a0f01-7952-426b-a1a5-e316cdb954dd,HSS8x8x3/8,structural_section,HSS8X8X3/8,0.7571815404435247,0.7572,Medium,true,ST__0bfc2d61245d.pdf,,approved,,HSS8X8X3/8,,2026-08-03T13:18:53.746504+00:00,2026-08-03T14:25:11.964051+00:00
8395d8a7-5319-4c8d-88df-36bf52d1c65a,L2x2x1/4,structural_section,L2X2X1/4,0.6956546650197138,0.6957,Medium,true,ST__0bfc2d61245d.pdf,,approved,,L2X2X1/4,,2026-08-03T13:18:54.103422+00:00,2026-08-03T14:25:12.103146+00:00
c2693165-5393-424e-9469-9eff545806db,L3x3x1/4,structural_section,L3X3X1/4,0.6945725050197138,0.6946,Medium,true,ST__0bfc2d61245d.pdf,,approved,,L3X3X1/4,,2026-08-03T13:18:54.191081+00:00,2026-08-03T14:25:12.236118+00:00
91f15c75-a329-42ef-98f6-9b3ab3d85b30,L4x4x1/4,structural_section,L4X4X1/4,0.6946648250197138,0.6947,Medium,true,ST__0bfc2d61245d.pdf,,approved,,L4X4X1/4,,2026-08-03T13:18:54.291997+00:00,2026-08-03T14:25:12.362217+00:00
11b457e4-d8bd-4bc2-be8e-4962c041a406,L5x5x5/16,structural_section,L5X5X5/16,0.6947598736092773,0.6948,Medium,true,ST__0bfc2d61245d.pdf,,approved,,L5X5X5/16,,2026-08-03T13:18:54.404503+00:00,2026-08-03T14:25:12.491866+00:00
7f63def4-e8f4-40c1-8145-33fb253f6a00,L5x3x1/4,structural_section,L3X3X1/2,0.6953226934408326,0.6953,Medium,true,ST__0bfc2d61245d.pdf,,approved,,L3X3X1/2,,2026-08-03T13:18:54.623718+00:00,2026-08-03T14:25:12.611113+00:00
48e07b94-5e70-415a-9599-99b18f7aacf7,PL,structural_section,L8X8X1,0.6548215438131499,0.6548,Medium,true,ST__0bfc2d61245d.pdf,,approved,,L8X8X1,,2026-08-03T13:18:54.828193+00:00,2026-08-03T14:25:12.720073+00:00
9b51d9c4-5993-47f1-8fe1-7ce81abc0935,HSS6x8x1/2,structural_section,HSS8X8X1/2,0.8548172690271075,0.8548,High,true,ST__0bfc2d61245d.pdf,,approved,,HSS8X8X1/2,,2026-08-03T13:18:54.979845+00:00,2026-08-03T14:25:12.843156+00:00
ec1baa26-f31a-431f-8568-5ec5417e5a69,"HSS3x3,",structural_section,HSS3X3X3/8,0.7621739567758289,0.7622,Medium,true,ST__0bfc2d61245d.pdf,,approved,,HSS3X3X3/8,,2026-08-03T13:18:55.107243+00:00,2026-08-03T14:25:12.973401+00:00
7ba13bb5-c3e5-4925-b3e7-6aee185c990f,W8x58,structural_section,W8X58,0.6725335414924037,0.6725,Medium,true,ST__0bfc2d61245d.pdf,,approved,,W8X58,,2026-08-03T13:18:55.223928+00:00,2026-08-03T14:25:13.105123+00:00
10932a5a-1359-49c8-92bc-ef2f60601622,W8x40,structural_section,W8X24,0.6485081548498162,0.6485,Medium,true,ST__0bfc2d61245d.pdf,,approved,,W8X24,,2026-08-03T13:18:55.326925+00:00,2026-08-03T14:25:13.242059+00:00
9f2517fa-460a-467b-b779-e5e025fec123,W8x31,structural_section,W8X18,0.6381091541938544,0.6381,Medium,true,ST__0bfc2d61245d.pdf,,approved,,W8X18,,2026-08-03T13:18:55.454479+00:00,2026-08-03T14:25:13.375218+00:00
3f9e6d53-5ecd-4c20-831b-8fb0947057b4,W8x35,structural_section,W8X31,0.6242015143341417,0.6242,Medium,true,ST__0bfc2d61245d.pdf,,approved,,W8X31,,2026-08-03T13:18:55.557718+00:00,2026-08-03T14:25:13.521700+00:00
0e6c24e0-cfdf-4d74-aa35-e956b4922e08,W8x28,structural_section,W8X28,0.6420457543341417,0.642,Medium,true,ST__0bfc2d61245d.pdf,,approved,,W8X28,,2026-08-03T13:18:55.694428+00:00,2026-08-03T14:25:13.661335+00:00
91b292d8-5f7d-4d3b-b114-91a12a3d547d,W8x24,structural_section,W8X24,0.6982703188206769,0.6983,Medium,true,ST__0bfc2d61245d.pdf,,approved,,W8X24,,2026-08-03T13:18:55.808969+00:00,2026-08-03T14:25:13.796538+00:00
b6266842-7d3e-407e-b337-220dd55f7015,HSS8X8X1/2,structural_section,HSS8X8X1/2,0.638608498809329,0.6386,Medium,true,drawing.pdf,,approved,,HSS8X8X1/2,,2026-08-03T13:38:03.022219+00:00,2026-08-03T14:25:13.927771+00:00
c9278857-037c-4333-b322-34bea0bccdfb,WT16.5x59,structural_section,WT16.5X59,0.6928744416735163,0.6929,Medium,true,ST__0bfc2d61245d.pdf,,approved,,WT16.5X59,,2026-08-03T13:42:04.255361+00:00,2026-08-03T14:25:14.061888+00:00
c7ed4ba6-76c2-48b3-b47b-9ea4f1238ed9,W16x26,structural_section,W16X26,0.6993414415594408,0.6993,Medium,true,ST__0bfc2d61245d.pdf,,approved,,W16X26,,2026-08-03T13:42:04.331876+00:00,2026-08-03T14:25:14.207344+00:00
b603f23e-a5e2-4553-a13d-d76272d6acfb,W16x31,structural_section,W16X31,0.6990622110452511,0.6991,Medium,true,ST__0bfc2d61245d.pdf,,approved,,W16X31,,2026-08-03T13:42:04.415729+00:00,2026-08-03T14:25:14.363917+00:00
92aca52b-e92a-4a7c-b409-ec8bb56a4891,W27x84,structural_section,W27X84,0.7018269998095744,0.7018,Medium,true,ST__0bfc2d61245d.pdf,,approved,,W27X84,,2026-08-03T13:42:04.512167+00:00,2026-08-03T14:25:14.507221+00:00
b2dca9eb-4e17-4b4e-95d5-563fb68950d1,W18x35,structural_section,W18X35,0.6980747934650433,0.6981,Medium,true,ST__0bfc2d61245d.pdf,,approved,,W18X35,,2026-08-03T13:42:04.620055+00:00,2026-08-03T14:25:14.656369+00:00
3f3f2ae9-fa60-4ba4-84e1-2a0b48f40de5,W36x150,structural_section,W36X150,0.6957831583487724,0.6958,Medium,true,ST__0bfc2d61245d.pdf,,approved,,W36X150,,2026-08-03T13:42:04.981603+00:00,2026-08-03T14:25:14.781718+00:00
cc5f6f30-86f4-42b2-ac1e-86749516f286,W16x45,structural_section,W16X45,0.6764012654573631,0.6764,Medium,true,ST__0bfc2d61245d.pdf,,approved,,W16X45,,2026-08-03T13:42:05.070431+00:00,2026-08-03T14:25:14.925099+00:00
38a694f1-2f5f-4e00-be21-591c5e24e866,L4X3-1/2X5/16,structural_section,L4X3X5/8,0.6652254641659423,0.6652,Medium,true,ST - Springhill Lake__f6ddc4a7e233.pdf,,approved,,L4X3X5/8,,2026-08-03T14:21:22.725087+00:00,2026-08-03T14:25:15.058920+00:00
76cdec87-56af-4ace-ac63-58130fb1d0d8,L5X3-1/2X5/16,structural_section,L5X3X1/2,0.6730673815719035,0.6731,Medium,true,ST - Springhill Lake__f6ddc4a7e233.pdf,,approved,,L5X3X1/2,,2026-08-03T14:21:22.840448+00:00,2026-08-03T14:25:15.206936+00:00
deb014f5-7f27-44eb-b7ab-02a8daf10fdb,HSS8X6X3/8,structural_section,HSS10X6X3/8,0.6969383240786933,0.6969,Medium,true,ST - Springhill Lake__f6ddc4a7e233.pdf,,approved,,HSS10X6X3/8,,2026-08-03T14:21:22.945135+00:00,2026-08-03T14:25:15.346795+00:00
82dbb67d-e0f8-4e37-ab33-f888fc11b6cd,L4x4,structural_section,L4X4X3/8,0.5469332444753346,0.5469,Low,true,ST - Springhill Lake__f6ddc4a7e233.pdf,,approved,,L4X4X3/8,,2026-08-03T14:21:23.075205+00:00,2026-08-03T14:25:15.495220+00:00
984824dc-eeb4-45b2-8a92-f14086f986c8,L4X4X3/8,structural_section,L4X4X3/8,0.7802955759940389,0.7803,Medium,true,ST - Springhill Lake__f6ddc4a7e233.pdf,,approved,,L4X4X3/8,,2026-08-03T14:21:23.276760+00:00,2026-08-03T14:25:15.654274+00:00
c889c918-f317-4b65-9173-2b5aa480fc4b,L2x2x3/16,structural_section,L2X2X3/8,0.7001580171433367,0.7002,Medium,true,ST - Springhill Lake__f6ddc4a7e233.pdf,,approved,,L2X2X3/8,,2026-08-03T14:21:23.606964+00:00,2026-08-03T14:25:15.777361+00:00
6233b38a-fbec-4a2e-a564-3840ce05e176,L3x3x3/16,structural_section,2L3X3X3/8,0.7380212502906645,0.738,Medium,true,ST - Springhill Lake__f6ddc4a7e233.pdf,,approved,,2L3X3X3/8,,2026-08-03T14:21:23.802430+00:00,2026-08-03T14:25:15.910540+00:00
13a9d5f1-dec8-414d-876f-f2bb3daa2a9f,L1x1x1/4,structural_section,L2X2X1/4,0.6408418830824311,0.6408,Medium,true,ST - Springhill Lake__f6ddc4a7e233.pdf,,approved,,L2X2X1/4,,2026-08-03T14:21:24.026442+00:00,2026-08-03T14:25:16.157620+00:00
5bebf1c5-db4a-4990-b1ba-1add76a7f888,2 L1x1x1/4,structural_section,HSS2X1X1/8,0.6245748894014976,0.6246,Medium,true,ST - Springhill Lake__f6ddc4a7e233.pdf,,approved,,HSS2X1X1/8,,2026-08-03T14:21:24.233419+00:00,2026-08-03T14:25:16.355506+00:00
be76f1b2-6aee-4e4e-ba15-c6db879a9666,"L3x3x1/4x0'-3"",",structural_section,L3X3X1/2,0.7141643344071663,0.7142,Medium,true,ST - Springhill Lake__f6ddc4a7e233.pdf,,approved,,L3X3X1/2,,2026-08-03T14:21:24.475523+00:00,2026-08-03T14:25:16.507674+00:00
e5672714-0b8e-45a1-b566-f4d830ee989b,"L4x3x1/4x6""",structural_section,L4X3X5/16,0.7309709413851677,0.731,Medium,true,ST - Springhill Lake__f6ddc4a7e233.pdf,,approved,,L4X3X5/16,,2026-08-03T14:21:24.769247+00:00,2026-08-03T14:25:16.660446+00:00
33d9bc99-ee49-49b5-95c1-feaed06bbe41,"L4x3x1/4x1'-0""",structural_section,L4X3X5/16,0.7106223722339304,0.7106,Medium,true,ST - Springhill Lake__f6ddc4a7e233.pdf,,approved,,L4X3X5/16,,2026-08-03T14:21:24.905638+00:00,2026-08-03T14:25:16.799264+00:00
7de78468-7121-4527-98e6-8fd0d1507083,C8X13.7,structural_section,C8X13.75,0.7230222289967381,0.723,Medium,true,ST - Springhill Lake__f6ddc4a7e233.pdf,,approved,,C8X13.75,,2026-08-03T14:21:25.078804+00:00,2026-08-03T14:25:16.957632+00:00
a1564bd7-f966-42c5-ad49-5f3687adce73,"L4X4X5/16X0'-5""",structural_section,L4X4X5/16,0.6783205997091306,0.6783,Medium,true,ST - Springhill Lake__f6ddc4a7e233.pdf,,approved,,L4X4X5/16,,2026-08-03T14:21:25.259777+00:00,2026-08-03T14:25:17.094070+00:00
336a0e9d-aada-4308-80d5-9b06a37fdfd2,HSS16X0.5,structural_section,HSS10X10X1/2,0.6623702998339859,0.6624,Medium,true,ST - Springhill Lake__f6ddc4a7e233.pdf,,approved,,HSS10X10X1/2,,2026-08-03T14:21:25.394871+00:00,2026-08-03T14:25:17.243272+00:00
e71101bf-5d35-4749-93a5-33f0417dbeb9,L6X3,structural_section,L6X4X3/8,0.6717515018077529,0.6718,Medium,true,ST - Springhill Lake__f6ddc4a7e233.pdf,,approved,,L6X4X3/8,,2026-08-03T14:21:25.544079+00:00,2026-08-03T14:25:17.377458+00:00
46aa9c9a-75f1-4532-93a3-1f069737d074,HSS6X4X3/8,structural_section,HSS6X4X3/8,0.7257471693806895,0.7257,Medium,true,ST - Springhill Lake__f6ddc4a7e233.pdf,,approved,,HSS6X4X3/8,,2026-08-03T14:21:25.660359+00:00,2026-08-03T14:25:17.515735+00:00
7fdc500a-1cff-4265-a84b-efe29634a816,"L7X4X3/8X0'-11""",structural_section,L7X4X3/8,0.7537112462476502,0.7537,Medium,true,ST - Springhill Lake__f6ddc4a7e233.pdf,,approved,,L7X4X3/8,,2026-08-03T14:21:26.007009+00:00,2026-08-03T14:25:17.656859+00:00
f5e29522-10c3-4730-b1a6-6a57b4dbe41a,"L5X3X3/8X0'-5""",structural_section,L5X3X3/8,0.6868234603517636,0.6868,Medium,true,ST - Springhill Lake__f6ddc4a7e233.pdf,,approved,,L5X3X3/8,,2026-08-03T14:21:26.119175+00:00,2026-08-03T14:25:17.806270+00:00
09246475-59c6-41c2-a5c1-75c6d1af4aa5,"L4X4X3/8X0'-4""",structural_section,L4X4X3/8,0.7616724705567296,0.7617,Medium,true,ST - Springhill Lake__f6ddc4a7e233.pdf,,approved,,L4X4X3/8,,2026-08-03T14:21:26.228864+00:00,2026-08-03T14:25:17.944562+00:00
4bfd9db4-8006-45cd-9db5-34e226a15fb0,A325,structural_section,W14X132,0.536506215532591,0.5365,Low,true,ST - Springhill Lake__f6ddc4a7e233.pdf,,approved,,W14X132,,2026-08-03T14:21:26.342680+00:00,2026-08-03T14:25:18.081694+00:00
d7851f69-dccd-42ab-ae08-571d7abff4f3,"L4X3X3/8X0'-8""",structural_section,L4X3X3/8,0.666751502155389,0.6668,Medium,true,ST - Springhill Lake__f6ddc4a7e233.pdf,,approved,,L4X3X3/8,,2026-08-03T14:21:26.461077+00:00,2026-08-03T14:25:18.230023+00:00
2996712d-aa0f-4b57-afa6-555802290cd1,L4X3X1/4,structural_section,L4X3X5/16,0.7836668965897732,0.7837,Medium,true,ST - Springhill Lake__f6ddc4a7e233.pdf,,approved,,L4X3X5/16,,2026-08-03T14:21:26.601024+00:00,2026-08-03T14:25:18.375884+00:00
6d2a350b-653f-45e5-9562-3a73d58a81bc,HSS10X0.500,structural_section,HSS10.000X0.500,0.7436949414204401,0.7437,Medium,true,ST - Springhill Lake__f6ddc4a7e233.pdf,,approved,structural_section,HSS10.000X0.500,,2026-08-03T14:21:26.752917+00:00,2026-08-03T14:24:41.188544+00:00
dddf8e37-0153-4d80-bacf-08deed70c191,HSS18X0.375,structural_section,HSS18.000X0.375,0.7605439563106037,0.7605,Medium,true,ST - Springhill Lake__f6ddc4a7e233.pdf,,approved,structural_section,HSS18.000X0.375,,2026-08-03T14:21:26.869917+00:00,2026-08-03T14:24:38.907992+00:00
f5e49973-5bac-4441-8158-f871bb598b4d,HSS10X0.625,structural_section,HSS10.000X0.625,0.7603232160911823,0.7603,Medium,true,ST - Springhill Lake__f6ddc4a7e233.pdf,,approved,structural_section,HSS10.000X0.625,,2026-08-03T14:21:27.019214+00:00,2026-08-03T14:24:24.239676+00:00
8edb3adf-2f5e-4432-84d6-ad5e31062462,L3x3x1/4,,L3X3X1/4,,,High,false,doc_f6ddc4a7e233ffb0,,approved,,L3X3X1/4,Approved validation correction: Section L3X3X1/4 appears 5 times; verify whether duplicates are intentional members,2026-08-03T14:30:58.722706+00:00,2026-08-03T14:30:58.861761+00:00
2d429ae3-123a-4f7e-b6d8-5a67a652ec40,L3x3x1/4,,L3X3X1/4,,,High,false,doc_f6ddc4a7e233ffb0,,approved,,L3X3X1/4,Approved validation correction: Geometry evidence conflicts with the predicted section (10%),2026-08-03T14:31:11.830334+00:00,2026-08-03T14:31:11.947132+00:00
48882777-9c9d-4cd1-b0a9-e3ed0b9a85d5,A A325,structural_section,W14X132,0.1986246407032013,0.1986,Low,true,Burrville ES - ST__0d910a43b4a0.pdf,,approved,,W14X132,,2026-08-04T14:59:51.048172+00:00,2026-08-05T13:42:18.416853+00:00
6e621f6a-b007-4ac5-8a43-0e1db8f68bcc,L4X3-1/2X5/16,structural_section,L4X3X5/8,0.4821425974369049,0.4821,Low,true,Burrville ES - ST__0d910a43b4a0.pdf,,approved,,L4X3X5/8,,2026-08-04T14:59:51.169223+00:00,2026-08-05T13:42:18.678264+00:00
b8ec9892-d349-41f3-85ed-8ce195e6142f,L5X3-1/2X5/16,structural_section,L5X3X1/4,0.20214372873306274,0.2021,Low,true,Burrville ES - ST__0d910a43b4a0.pdf,,approved,,L5X3X1/4,,2026-08-04T14:59:51.378235+00:00,2026-08-05T13:42:18.879365+00:00
5d0176db-0884-499c-aa46-d05d7cfe105a,L6X4X3/8,structural_section,L4X4X3/8,0.2610418200492859,0.261,Low,true,Burrville ES - ST__0d910a43b4a0.pdf,,approved,,L4X4X3/8,,2026-08-04T14:59:51.537751+00:00,2026-08-05T13:42:19.059594+00:00
84cdd8ed-41df-41bf-a29b-00a7afad1f88,L3x3x1/4,structural_section,2L3X3X1/4,0.08997627347707748,0.09,Low,true,Burrville ES - ST__0d910a43b4a0.pdf,,approved,,2L3X3X1/4,,2026-08-04T14:59:51.632835+00:00,2026-08-05T13:42:19.220203+00:00
09c00232-08dd-4c5e-9e18-212db1995c73,W12X16,structural_section,W12X16,0.5635160207748413,0.5635,Medium,true,Burrville ES - ST__0d910a43b4a0.pdf,,approved,,W12X16,,2026-08-04T14:59:51.751048+00:00,2026-08-05T13:42:19.384302+00:00
259038db-ef67-40ce-9d0a-613a71148659,W18X40,structural_section,W16X40,0.2512628138065338,0.2513,Low,true,Burrville ES - ST__0d910a43b4a0.pdf,,approved,,W16X40,,2026-08-04T14:59:51.855315+00:00,2026-08-05T13:42:19.550892+00:00
c883022c-098c-4502-bce5-d39c34161b8c,W21X50,structural_section,W16X50,0.49317267537117004,0.4932,Low,true,Burrville ES - ST__0d910a43b4a0.pdf,,approved,,W16X50,,2026-08-04T14:59:51.950547+00:00,2026-08-05T13:42:19.719067+00:00
d99d7fb7-1cb1-4afe-bccf-9f83523ea1e6,W18X50,structural_section,W12X50,0.1556248664855957,0.1556,Low,true,Burrville ES - ST__0d910a43b4a0.pdf,,approved,,W12X50,,2026-08-04T14:59:52.098907+00:00,2026-08-05T13:42:19.882682+00:00
93d2823d-3c93-4dad-89b3-6d8ab23c65c7,W10X15,structural_section,W10X15,0.4055425822734833,0.4055,Low,true,Burrville ES - ST__0d910a43b4a0.pdf,,approved,,W10X15,,2026-08-04T14:59:52.215336+00:00,2026-08-05T13:42:20.049591+00:00
f0288d3f-3f0a-4dc8-bbc0-92c5c2fc7bc6,W21X55,structural_section,W21X55,0.540169894695282,0.5402,Low,true,Burrville ES - ST__0d910a43b4a0.pdf,,approved,,W21X55,,2026-08-04T14:59:52.343825+00:00,2026-08-05T13:42:20.218755+00:00
12dddeb2-6d6e-4b01-b871-e6a1be5e6ba4,W21X44,structural_section,W21X44,0.6785735487937927,0.6786,Medium,true,Burrville ES - ST__0d910a43b4a0.pdf,,approved,,W21X44,,2026-08-04T14:59:52.462346+00:00,2026-08-05T13:42:20.393492+00:00
bb3213dc-a8a1-4c31-bb45-f1a82d7fd29b,W10X19,structural_section,W10X15,0.4450787901878357,0.4451,Low,true,Burrville ES - ST__0d910a43b4a0.pdf,,approved,,W10X15,,2026-08-04T14:59:52.585261+00:00,2026-08-05T13:42:20.570906+00:00
3dc331cd-e75e-474d-b133-068a533fbc4b,W14X22,structural_section,W14X22,0.6772294640541077,0.6772,Medium,true,Burrville ES - ST__0d910a43b4a0.pdf,,approved,,W14X22,,2026-08-04T14:59:52.933430+00:00,2026-08-05T13:42:20.759692+00:00
56d82ce1-1ce2-4b02-87e6-556fc69bfb94,W16X26,structural_section,W14X132,0.2575713098049164,0.2576,Low,true,Burrville ES - ST__0d910a43b4a0.pdf,,approved,,W14X132,,2026-08-04T14:59:53.062103+00:00,2026-08-05T13:42:20.945781+00:00
13ff47fb-97e5-4397-a3e3-cf80b5b8f095,HSS10X8X3/8,structural_section,HSS10X8X3/8,0.24309253692626953,0.2431,Low,true,Burrville ES - ST__0d910a43b4a0.pdf,,approved,,HSS10X8X3/8,,2026-08-04T14:59:53.551316+00:00,2026-08-05T13:42:21.219026+00:00
4250ca93-4c4e-4aea-94f8-b05a9822f148,HSS10X6X3/8,structural_section,HSS10X6X3/8,0.3082650303840637,0.3083,Low,true,Burrville ES - ST__0d910a43b4a0.pdf,,approved,,HSS10X6X3/8,,2026-08-04T14:59:53.697636+00:00,2026-08-05T13:42:21.469913+00:00
a4218290-da24-45aa-975b-6b34d8d98eec,W16X36,structural_section,W16X36,0.483442485332489,0.4834,Low,true,Burrville ES - ST__0d910a43b4a0.pdf,,approved,,W16X36,,2026-08-04T14:59:53.894794+00:00,2026-08-05T13:42:21.662677+00:00
522f1ed8-fb82-465d-9ee8-89937ecc8d15,W12X26,structural_section,W10X26,0.30780625343322754,0.3078,Low,true,Burrville ES - ST__0d910a43b4a0.pdf,,approved,,W10X26,,2026-08-04T14:59:54.401327+00:00,2026-08-05T13:42:21.867435+00:00
df45c5a6-17b9-4995-bb53-5f4ff26b2512,HSS12X6X3/8,structural_section,HSS12X6X3/8,0.3963068425655365,0.3963,Low,true,Burrville ES - ST__0d910a43b4a0.pdf,,approved,,HSS12X6X3/8,,2026-08-04T14:59:55.285600+00:00,2026-08-05T13:42:22.082210+00:00
c053f52f-d73c-4bec-9448-220b7683034f,W10X22,structural_section,W10X22,0.3033657968044281,0.3034,Low,true,Burrville ES - ST__0d910a43b4a0.pdf,,approved,,W10X22,,2026-08-04T14:59:56.782599+00:00,2026-08-05T13:42:22.301054+00:00
e991d3c7-a0df-488c-8a91-bd9280adf91c,W12X16.,structural_section,W12X16,0.5639216899871826,0.5639,Medium,true,Burrville ES - ST__0d910a43b4a0.pdf,,approved,,W12X16,,2026-08-04T14:59:56.985633+00:00,2026-08-05T13:42:22.508211+00:00
a504ae08-18e3-4d9c-bcaf-422290b03bf1,W12X22,structural_section,W12X22,0.5,0.5,Low,true,Burrville ES - ST__0d910a43b4a0.pdf,,approved,,W12X22,,2026-08-04T14:59:58.134960+00:00,2026-08-05T13:42:22.710901+00:00
83494e18-f354-4217-a19c-15ac6cdfe898,W10X30,structural_section,W10X30,0.22377625107765198,0.2238,Low,true,Burrville ES - ST__0d910a43b4a0.pdf,,approved,,W10X30,,2026-08-04T14:59:58.318145+00:00,2026-08-05T13:42:22.930282+00:00
f372ad6b-4987-437b-9d35-9f6b77e78ac0,HSS14X6X1/2,structural_section,HSS14X6X1/2,0.6149746775627136,0.615,Medium,true,Burrville ES - ST__0d910a43b4a0.pdf,,approved,,HSS14X6X1/2,,2026-08-04T14:59:58.703121+00:00,2026-08-05T13:42:23.161979+00:00
668449c0-1400-4b0d-a6ed-24e685ee2e21,W12X40,structural_section,W12X40,0.2245175540447235,0.2245,Low,true,Burrville ES - ST__0d910a43b4a0.pdf,,approved,,W12X40,,2026-08-04T14:59:58.801263+00:00,2026-08-05T13:42:23.368714+00:00
57206d30-ad62-4dd6-b9fd-f86966974f27,W14X26,structural_section,W14X26,0.6227632164955139,0.6228,Medium,true,Burrville ES - ST__0d910a43b4a0.pdf,,approved,,W14X26,,2026-08-04T14:59:59.037886+00:00,2026-08-05T13:42:23.578105+00:00
0b18fd0a-97e3-46e1-b9d3-5d7f667acee6,W24X84,structural_section,W24X84,0.5069601535797119,0.507,Low,true,Burrville ES - ST__0d910a43b4a0.pdf,,approved,,W24X84,,2026-08-04T14:59:59.316714+00:00,2026-08-05T13:42:23.800808+00:00
58bb7d4e-9b53-40ed-a402-5cc79ac4b666,W8x31,structural_section,W8X18,0.47454458475112915,0.4745,Low,true,Burrville ES - ST__0d910a43b4a0.pdf,,approved,,W8X18,,2026-08-04T15:00:00.386758+00:00,2026-08-05T13:42:24.015954+00:00
0e438bcb-9372-4aa1-9eb5-e303091282ba,HSS14X6X5/8,structural_section,HSS14X6X5/8,0.6073811650276184,0.6074,Medium,true,Burrville ES - ST__0d910a43b4a0.pdf,,approved,,HSS14X6X5/8,,2026-08-04T15:00:02.236806+00:00,2026-08-05T13:42:24.198859+00:00
7cefade5-cdee-48f7-9e7e-62a75850b09e,L4X4X3/8,structural_section,L4X4X3/8,0.31441962718963623,0.3144,Low,true,Burrville ES - ST__0d910a43b4a0.pdf,,approved,,L4X4X3/8,,2026-08-04T15:00:02.339593+00:00,2026-08-05T13:42:24.351065+00:00
194a88e0-f616-474b-a9ca-14211a91c663,L2x2x3/16,structural_section,L2X2X3/8,0.6629245281219482,0.6629,Medium,true,Burrville ES - ST__0d910a43b4a0.pdf,,approved,,L2X2X3/8,,2026-08-04T15:00:02.566507+00:00,2026-08-05T13:42:24.560492+00:00
a25e450e-e8f9-4159-8a60-b27b3dacaab4,L3x3x3/16,structural_section,2L3X3X3/16,0.1359667032957077,0.136,Low,true,Burrville ES - ST__0d910a43b4a0.pdf,,approved,,2L3X3X3/16,,2026-08-04T15:00:02.686809+00:00,2026-08-05T13:42:24.766159+00:00
e820a5ad-520f-4581-92f9-2ce35f64a1e8,C6 X 8.2,structural_section,C6X8.2,0.5090886950492859,0.5091,Low,true,Burrville ES - ST__0d910a43b4a0.pdf,,approved,,C6X8.2,,2026-08-04T15:00:02.962832+00:00,2026-08-05T13:42:24.969065+00:00
03ec58b9-7706-4ff4-a51b-e50b95e01a28,C6 X 10.5,structural_section,WT4X10.5,0.07507593929767609,0.0751,Low,true,Burrville ES - ST__0d910a43b4a0.pdf,,approved,,WT4X10.5,,2026-08-04T15:00:03.087891+00:00,2026-08-05T13:42:25.166988+00:00
d735353e-bc11-4c12-94cb-e12cb0046eb1,L2X2X1/4,structural_section,2L2X2X1/4,0.17487046122550964,0.1749,Low,true,Burrville ES - ST__0d910a43b4a0.pdf,,approved,,2L2X2X1/4,,2026-08-04T15:00:03.204811+00:00,2026-08-05T13:42:25.455278+00:00
d38b4075-ac5e-459c-94d4-0f23765d301c,L4X3X3/8,structural_section,L4X3X3/8,0.3916541337966919,0.3917,Low,true,Burrville ES - ST__0d910a43b4a0.pdf,,approved,,L4X3X3/8,,2026-08-04T15:00:03.323879+00:00,2026-08-05T13:42:25.654456+00:00
b2a069a0-e7a7-4922-896f-4e8b2d10a76e,L3x3x3/8,structural_section,HSS3X3X3/8,0.09691614657640457,0.0969,Low,true,Burrville ES - ST__0d910a43b4a0.pdf,,approved,,HSS3X3X3/8,,2026-08-04T15:00:03.422721+00:00,2026-08-05T13:42:25.861786+00:00
ba9f6818-6b93-43ae-bca4-7aedb181d848,L5x3-1/2x3/8,structural_section,L5X3X1/2,0.18885618448257446,0.1889,Low,true,Burrville ES - ST__0d910a43b4a0.pdf,,approved,,L5X3X1/2,,2026-08-04T15:00:03.534014+00:00,2026-08-05T13:42:26.053536+00:00
1ce9f54f-9762-4c7d-a137-800286f2aff2,"L3X3X3/8X0'-6""",structural_section,2L3X3X1/4,0.08115851879119873,0.0812,Low,true,Burrville ES - ST__0d910a43b4a0.pdf,,approved,,2L3X3X1/4,,2026-08-04T15:00:03.653674+00:00,2026-08-05T13:42:26.245609+00:00
90b86211-ef01-4ed9-b201-7b78f9890e6d,W10X33,structural_section,W10X33,0.6126487851142883,0.6126,Medium,true,Burrville ES - ST__0d910a43b4a0.pdf,,approved,,W10X33,,2026-08-04T15:00:03.768545+00:00,2026-08-05T13:42:26.450305+00:00
7823fbf4-c082-4fa2-a4a9-fe88e58b118e,W10X112,structural_section,W10X112,0.3609144985675812,0.3609,Low,true,Burrville ES - ST__0d910a43b4a0.pdf,,approved,,W10X112,,2026-08-04T15:00:03.881874+00:00,2026-08-05T13:42:26.649872+00:00
e1b9a67b-5384-4f7a-9d69-ff0b3b73c4de,W12X106,structural_section,W12X106,0.4944150745868683,0.4944,Low,true,Burrville ES - ST__0d910a43b4a0.pdf,,approved,,W12X106,,2026-08-04T15:00:04.014245+00:00,2026-08-05T13:42:26.844363+00:00
d9cfa16a-9d63-41b0-af52-6ea15b569baf,W12X230,structural_section,W12X230,0.42019322514533997,0.4202,Low,true,Burrville ES - ST__0d910a43b4a0.pdf,,approved,,W12X230,,2026-08-04T15:00:04.121170+00:00,2026-08-05T13:42:27.044873+00:00
5992e8c3-25a1-4323-b39c-ca07ddf10a4e,W12X252,structural_section,W12X22,0.34852930903434753,0.3485,Low,true,Burrville ES - ST__0d910a43b4a0.pdf,,approved,,W12X22,,2026-08-04T15:00:04.220871+00:00,2026-08-05T13:42:27.244988+00:00
1d745723-0715-419f-b5a1-16efe61d9d04,W12X336,structural_section,W12X336,0.20380638539791107,0.2038,Low,true,Burrville ES - ST__0d910a43b4a0.pdf,,approved,,W12X336,,2026-08-04T15:00:04.330900+00:00,2026-08-05T13:42:27.436641+00:00
29d28def-55ec-4327-90e6-24343031e1cf,W14X43,structural_section,W14X30,0.31839555501937866,0.3184,Low,true,Burrville ES - ST__0d910a43b4a0.pdf,,approved,,W14X30,,2026-08-04T15:00:04.430887+00:00,2026-08-05T13:42:27.628795+00:00
2836c8bf-e6bb-48ff-ad5a-60dcc784d1ad,W14X61,structural_section,W14X26,0.21535232663154602,0.2154,Low,true,Burrville ES - ST__0d910a43b4a0.pdf,,approved,,W14X26,,2026-08-04T15:00:04.552845+00:00,2026-08-05T13:42:27.833706+00:00
b22b057e-ac83-4c42-8bbe-03ac1932508b,W14X68,structural_section,W14X68,0.44394317269325256,0.4439,Low,true,Burrville ES - ST__0d910a43b4a0.pdf,,approved,,W14X68,,2026-08-04T15:00:04.654783+00:00,2026-08-05T13:42:28.178201+00:00
8add5bed-7f16-46e4-a10f-4c7e1804da51,W14X82,structural_section,W14X22,0.2538997530937195,0.2539,Low,true,Burrville ES - ST__0d910a43b4a0.pdf,,approved,,W14X22,,2026-08-04T15:00:04.761438+00:00,2026-08-05T13:42:28.412124+00:00
f0d06d98-1bf7-449f-a7c5-95d974ade9b3,W14X132,structural_section,W14X132,0.3701988756656647,0.3702,Low,true,Burrville ES - ST__0d910a43b4a0.pdf,,approved,,W14X132,,2026-08-04T15:00:04.866126+00:00,2026-08-05T13:42:28.617470+00:00
9c77359a-f2a4-4f2e-9e0d-d4524ba92498,W14X198,structural_section,W8X18,0.4402390420436859,0.4402,Low,true,Burrville ES - ST__0d910a43b4a0.pdf,,approved,,W8X18,,2026-08-04T15:00:04.969416+00:00,2026-08-05T13:42:28.912855+00:00
8950d390-cf99-43e6-b85d-f887f9009a2e,L4X4X1/4,structural_section,L4X4X1/4,0.9982662796974182,0.9983,High,true,Burrville ES - ST__0d910a43b4a0.pdf,,approved,,L4X4X1/4,,2026-08-04T15:00:05.086513+00:00,2026-08-05T13:42:29.103063+00:00
0cba5406-402e-4548-ade0-6c9df49414fc,"L3x3x1/4x0'-3"",",structural_section,2L3X3X1/4,0.09210940450429916,0.0921,Low,true,Burrville ES - ST__0d910a43b4a0.pdf,,approved,,2L3X3X1/4,,2026-08-04T15:00:05.204212+00:00,2026-08-05T13:42:29.307779+00:00
0b519077-d8bf-450c-aa07-ba88349e8c07,L1x1x1/4,structural_section,L2X2X1/4,0.25657975673675537,0.2566,Low,true,Burrville ES - ST__0d910a43b4a0.pdf,,approved,,L2X2X1/4,,2026-08-04T15:00:05.315777+00:00,2026-08-05T13:42:29.508133+00:00
4a2c14f6-d5b3-4a68-b03a-053255d55583,2 L1x1x1/4,structural_section,2L3X3X3/8,0.9950355291366577,0.995,High,true,Burrville ES - ST__0d910a43b4a0.pdf,,approved,,2L3X3X3/8,,2026-08-04T15:00:05.417427+00:00,2026-08-05T13:42:29.710712+00:00
e9013558-06d3-449f-87c0-2f3fae8be94c,"L3X3X5/16,",structural_section,HSS3X3X5/16,0.1323637068271637,0.1324,Low,true,Burrville ES - ST__0d910a43b4a0.pdf,,approved,,HSS3X3X5/16,,2026-08-04T15:00:05.503958+00:00,2026-08-05T13:42:30.152622+00:00
41fcca70-0bed-41c7-acad-0a07f1decd5c,"L4X4X3/8X0'-8""",structural_section,L4X4X3/8,0.9568254351615906,0.9568,High,true,Burrville ES - ST__0d910a43b4a0.pdf,,approved,,L4X4X3/8,,2026-08-04T15:00:05.599958+00:00,2026-08-05T13:42:30.304728+00:00
6fca34c3-aa98-494c-a81c-e956ed0f1f94,2L3x3x1/4,structural_section,2L3X3X1/2X3/4,0.16131868958473206,0.1613,Low,true,Burrville ES - ST__0d910a43b4a0.pdf,,approved,,2L3X3X1/2X3/4,,2026-08-04T15:00:05.710997+00:00,2026-08-05T13:42:30.502564+00:00
58e48d96-9f5e-4f51-bec7-09e36e1d8e80,"L4x3x1/4x6""",structural_section,L4X3X5/16,0.7058021426200867,0.7058,Medium,true,Burrville ES - ST__0d910a43b4a0.pdf,,approved,,L4X3X5/16,,2026-08-04T15:00:05.814243+00:00,2026-08-05T13:42:30.704372+00:00
ccf91bff-212f-45e5-97cf-8822a28f28f3,"L4x3x1/4x2'-0""",structural_section,L4X3X5/16,0.5592255592346191,0.5592,Medium,true,Burrville ES - ST__0d910a43b4a0.pdf,,approved,,L4X3X5/16,,2026-08-04T15:00:05.983674+00:00,2026-08-05T13:42:30.911772+00:00
d187588a-79cf-43f3-85f6-d45f8f56ff07,"L4x3x1/4x1'-0""",structural_section,L4X3X5/16,0.3812086582183838,0.3812,Low,true,Burrville ES - ST__0d910a43b4a0.pdf,,approved,,L4X3X5/16,,2026-08-04T15:00:06.116391+00:00,2026-08-05T13:42:31.130519+00:00
8fbc1e9a-a333-4695-8874-8fbf0c0ca947,"L4x4x3/8x0'-6""",structural_section,L4X4X3/8,0.8850839734077454,0.8851,High,true,Burrville ES - ST__0d910a43b4a0.pdf,,approved,,L4X4X3/8,,2026-08-04T15:00:06.316837+00:00,2026-08-05T13:42:31.344188+00:00
6380cf94-c080-44ff-9ffc-a80991cc3966,L6x3-1/2x3/8,structural_section,L3X3X1/4,0.16670095920562744,0.1667,Low,true,Burrville ES - ST__0d910a43b4a0.pdf,,approved,,L3X3X1/4,,2026-08-04T15:00:06.421644+00:00,2026-08-05T13:42:31.565656+00:00
66200105-d7ab-4629-9bad-f2e5c1d7ca5f,"L4X3X3/8X0'-6""",structural_section,L4X3X3/8,0.49130722880363464,0.4913,Low,true,Burrville ES - ST__0d910a43b4a0.pdf,,approved,,L4X3X3/8,,2026-08-04T15:00:06.578909+00:00,2026-08-05T13:42:31.750666+00:00
6536096b-ea47-4b98-a216-c91225506027,A325,structural_section,W14X132,0.17733676731586456,0.1773,Low,true,Burrville ES - ST__0d910a43b4a0.pdf,,approved,,W14X132,,2026-08-04T15:00:06.681542+00:00,2026-08-05T13:42:31.927333+00:00
baa28702-a87e-4ff4-9e6c-7ebe9b97bb82,HSS5x3x3/16,structural_section,HSS5X3X3/16,0.4920569658279419,0.4921,Low,true,Burrville ES - ST__0d910a43b4a0.pdf,,approved,,HSS5X3X3/16,,2026-08-04T15:00:06.784955+00:00,2026-08-05T13:42:32.116251+00:00
1ec09329-583a-46ba-9cf4-2a28b19e9b27,L7X4X3/8,structural_section,L4X4X3/8,0.3837025463581085,0.3837,Low,true,Burrville ES - ST__0d910a43b4a0.pdf,,approved,,L4X4X3/8,,2026-08-04T15:00:06.962282+00:00,2026-08-05T13:42:32.295652+00:00
63ff8074-2e9e-4c1a-b887-8f3c3a8507a1,"L3X3X3/8X0'-10""",structural_section,2L3X3X1/4,0.08092892169952393,0.0809,Low,true,Burrville ES - ST__0d910a43b4a0.pdf,,approved,,2L3X3X1/4,,2026-08-04T15:00:07.152827+00:00,2026-08-05T13:42:32.481357+00:00
45def984-6cf2-4d35-8e40-24e7231f5654,HSS6X6X3/8,structural_section,HSS10X6X3/8,0.4568302631378174,0.4568,Low,true,Burrville ES - ST__0d910a43b4a0.pdf,,approved,,HSS10X6X3/8,,2026-08-04T15:00:07.343331+00:00,2026-08-05T13:42:32.666274+00:00
6ef7ee28-8b1c-400d-9b10-2be9aae5b981,HSS8X6X3/8,structural_section,HSS10X6X3/8,0.2779906094074249,0.278,Low,true,Burrville ES - ST__0d910a43b4a0.pdf,,approved,,HSS10X6X3/8,,2026-08-04T15:00:07.484192+00:00,2026-08-05T13:42:32.848036+00:00
2292d9ac-7d70-4fc0-86e6-a376cc7f91ef,HSS6X6X1/2,structural_section,HSS14X6X1/2,0.30498018860816956,0.305,Low,true,Burrville ES - ST__0d910a43b4a0.pdf,,approved,,HSS14X6X1/2,,2026-08-04T15:00:08.168712+00:00,2026-08-05T13:42:33.054366+00:00
c3ce665b-99e5-44b4-90dc-ac68c0424b1f,W10X54,structural_section,W12X14,0.1395355761051178,0.1395,Low,true,Burrville ES - ST__0d910a43b4a0.pdf,,approved,,W12X14,,2026-08-04T15:00:09.204911+00:00,2026-08-05T13:42:33.310394+00:00
1f813fe1-fa92-4303-9946-3687b91bbbef,HSS10X0.500,structural_section,HSS10.000X0.500,0.496549516916275,0.4965,Low,true,Burrville ES - ST__0d910a43b4a0.pdf,,approved,,HSS10.000X0.500,,2026-08-04T15:00:09.353656+00:00,2026-08-05T13:42:33.502938+00:00
ea8dc994-2a20-4eb1-9cbb-9e7ef2cecf1a,W10X49,structural_section,W10X49,0.4368526041507721,0.4369,Low,true,Burrville ES - ST__0d910a43b4a0.pdf,,approved,,W10X49,,2026-08-04T15:00:09.485540+00:00,2026-08-05T13:42:33.695286+00:00
c004a31d-c3b2-4cee-960e-f665c228d7c2,HSS10X0.625,structural_section,HSS10.000X0.625,0.9991036057472229,0.9991,High,true,Burrville ES - ST__0d910a43b4a0.pdf,,approved,,HSS10.000X0.625,,2026-08-04T15:00:09.698988+00:00,2026-08-05T13:42:33.893148+00:00
796f239b-70df-4322-ba38-d73b92b625f6,W8X40,structural_section,W8X24,0.4984395503997803,0.4984,Low,true,Burrville ES - ST__0d910a43b4a0.pdf,,approved,,W8X24,,2026-08-04T15:00:10.200353+00:00,2026-08-05T13:42:34.092082+00:00
cc17d384-b393-4731-bd33-51ec25d6a07b,HSS6X4X3/8,structural_section,HSS6X4X3/8,0.6886709332466125,0.6887,Medium,true,ST - Springhill Lake__f6ddc4a7e233.pdf,,approved,,HSS6X4X3/8,,2026-08-05T11:39:24.906385+00:00,2026-08-05T13:42:34.294519+00:00
0925789b-0f88-45fe-bf80-92d1369837f1,W18X86,structural_section,W8X28,0.19838954508304596,0.1984,Low,true,ST - Springhill Lake__f6ddc4a7e233.pdf,,approved,,W8X28,,2026-08-05T11:39:25.045598+00:00,2026-08-05T13:42:34.496213+00:00
73860b09-92cd-48f8-83cb-3b9d15cc6f5f,W18X71,structural_section,W18X71,0.3983185589313507,0.3983,Low,true,ST - Springhill Lake__f6ddc4a7e233.pdf,,approved,,W18X71,,2026-08-05T11:39:25.167319+00:00,2026-08-05T13:42:34.698848+00:00
4280a5b5-9091-4b0a-ab59-fe84d8f417e9,W18X46,structural_section,W18X46,0.36339351534843445,0.3634,Low,true,ST - Springhill Lake__f6ddc4a7e233.pdf,,approved,,W18X46,,2026-08-05T11:39:25.400702+00:00,2026-08-05T13:42:34.897290+00:00
8617d197-4543-42dc-892e-44379c8c52e8,W18X65,structural_section,W18X65,0.2960943579673767,0.2961,Low,true,ST - Springhill Lake__f6ddc4a7e233.pdf,,approved,,W18X65,,2026-08-05T11:39:25.640284+00:00,2026-08-05T13:42:35.113383+00:00
746b2c6f-e090-4ee7-bd49-45394b15698f,W18X55,structural_section,W18X65,0.27381449937820435,0.2738,Low,true,ST - Springhill Lake__f6ddc4a7e233.pdf,,approved,,W18X65,,2026-08-05T11:39:25.756516+00:00,2026-08-05T13:42:35.314229+00:00
439c04c3-8689-4940-a991-bcb9d667b8bc,W16X50,structural_section,W16X50,0.4947904050350189,0.4948,Low,true,ST - Springhill Lake__f6ddc4a7e233.pdf,,approved,,W16X50,,2026-08-05T11:39:26.482599+00:00,2026-08-05T13:42:35.529350+00:00
90367436-d5f6-430e-9f76-6e3223579c54,W16X40,structural_section,W16X40,0.4288058578968048,0.4288,Low,true,ST - Springhill Lake__f6ddc4a7e233.pdf,,approved,,W16X40,,2026-08-05T11:39:26.632511+00:00,2026-08-05T13:42:35.762352+00:00
e6b3d83c-9bb1-4504-9339-d5601222fbec,W18X76,structural_section,W18X46,0.19892627000808716,0.1989,Low,true,ST - Springhill Lake__f6ddc4a7e233.pdf,,approved,,W18X46,,2026-08-05T11:39:27.114665+00:00,2026-08-05T13:42:35.960646+00:00
2b3172bf-e1fb-4aec-afc5-5bae083ae2bb,W8X24,structural_section,W8X24,0.34253206849098206,0.3425,Low,true,ST - Springhill Lake__f6ddc4a7e233.pdf,,approved,,W8X24,,2026-08-05T11:39:27.674466+00:00,2026-08-05T13:42:36.161858+00:00
9615fcf6-4859-4e4b-8283-47a493e1ad12,W24X62,structural_section,W24X62,0.5092515349388123,0.5093,Low,true,ST - Springhill Lake__f6ddc4a7e233.pdf,,approved,,W24X62,,2026-08-05T11:39:27.894175+00:00,2026-08-05T13:42:36.363745+00:00
685dd986-aba0-47a4-99e1-f9a79bc46f29,W21X68,structural_section,W21X68,0.517856776714325,0.5179,Low,true,ST - Springhill Lake__f6ddc4a7e233.pdf,,approved,,W21X68,,2026-08-05T11:39:28.132992+00:00,2026-08-05T13:42:36.582290+00:00
d059893d-faca-4582-bfdd-65996b3c0c5b,HSS16X8X3/8,structural_section,HSS16X8X3/8,0.4502231478691101,0.4502,Low,true,ST - Springhill Lake__f6ddc4a7e233.pdf,,approved,,HSS16X8X3/8,,2026-08-05T11:39:28.868152+00:00,2026-08-05T13:42:36.780896+00:00
3fa14ff0-40a8-4bf5-bee1-00b412623be9,C8X11.5,structural_section,C8X11.5,0.4779568910598755,0.478,Low,true,ST - Springhill Lake__f6ddc4a7e233.pdf,,approved,,C8X11.5,,2026-08-05T11:39:29.258640+00:00,2026-08-05T13:42:36.995595+00:00
9b7496a1-90fb-4337-9574-92077b543068,L5X5X1/2,structural_section,L5X5X1/2,0.38081806898117065,0.3808,Low,true,ST - Springhill Lake__f6ddc4a7e233.pdf,,approved,,L5X5X1/2,,2026-08-05T11:39:29.931680+00:00,2026-08-05T13:42:37.203201+00:00
3bc329f9-a011-4bfd-aa06-0eef70c9153e,L4x4,structural_section,L4X4X3/8,0.4449943006038666,0.445,Low,true,ST - Springhill Lake__f6ddc4a7e233.pdf,,approved,,L4X4X3/8,,2026-08-05T11:39:30.643063+00:00,2026-08-05T13:42:37.409893+00:00
4cf41454-b362-41fa-9587-4c75e80412fe,W21X73,structural_section,W14X30,0.4818156063556671,0.4818,Low,true,ST - Springhill Lake__f6ddc4a7e233.pdf,,approved,,W14X30,,2026-08-05T11:39:31.076271+00:00,2026-08-05T13:42:37.610078+00:00
3a9015bb-a52d-43d8-81e2-1f8f43884e80,HSS20X12X1/2,structural_section,HSS20X12X1/2,0.5605161786079407,0.5605,Medium,true,ST - Springhill Lake__f6ddc4a7e233.pdf,,approved,,HSS20X12X1/2,,2026-08-05T11:39:31.182662+00:00,2026-08-05T13:42:37.800090+00:00
5b90828c-0b0e-4776-b03e-57584f27492a,L4X3X1/4,structural_section,L4X3X1/4,0.37215426564216614,0.3722,Low,true,ST - Springhill Lake__f6ddc4a7e233.pdf,,approved,,L4X3X1/4,,2026-08-05T11:39:32.502863+00:00,2026-08-05T13:42:37.997280+00:00
f4c01029-c1e6-4782-9062-09ccf5f680dc,L4X3,structural_section,L4X3X5/16,0.999935507774353,0.9999,High,true,ST - Springhill Lake__f6ddc4a7e233.pdf,,approved,,L4X3X5/16,,2026-08-05T11:39:32.628959+00:00,2026-08-05T13:42:38.193839+00:00
d9805159-852e-49b7-9c6c-2dda4d099cdc,HSS4X3X5/16,structural_section,HSS4X3X5/16,0.33502742648124695,0.335,Low,true,ST - Springhill Lake__f6ddc4a7e233.pdf,,approved,,HSS4X3X5/16,,2026-08-05T11:39:33.023978+00:00,2026-08-05T13:42:38.386304+00:00
95396995-8cd2-4197-8c30-802a940c4b38,HSS4X4X5/16,structural_section,HSS4X4X5/16,0.3307245671749115,0.3307,Low,true,ST - Springhill Lake__f6ddc4a7e233.pdf,,approved,,HSS4X4X5/16,,2026-08-05T11:39:33.135417+00:00,2026-08-05T13:42:38.601386+00:00
251a39e7-43ca-4913-a510-abc1922c71bb,C8X13.7,structural_section,C8X13.75,0.9999997615814209,1.0,High,true,ST - Springhill Lake__f6ddc4a7e233.pdf,,approved,,C8X13.75,,2026-08-05T11:39:33.400880+00:00,2026-08-05T13:42:38.808801+00:00
166ac932-05e5-43d9-b9a1-2dd55bb06444,"L4X4X5/16X0'-5""",structural_section,L4X4X5/16,0.7385563254356384,0.7386,Medium,true,ST - Springhill Lake__f6ddc4a7e233.pdf,,approved,,L4X4X5/16,,2026-08-05T11:39:33.559668+00:00,2026-08-05T13:42:39.004238+00:00
e340b9be-230f-4d1c-8af2-9dd42a73e7e4,HSS16X0.5,structural_section,HSS10X10X1/2,0.17262139916419983,0.1726,Low,true,ST - Springhill Lake__f6ddc4a7e233.pdf,,approved,,HSS10X10X1/2,,2026-08-05T11:39:33.715574+00:00,2026-08-05T13:42:39.213489+00:00
aa6d0cf7-ef02-4952-8394-397afcf950c7,HSS6x2x5/16,structural_section,HSS6X2X5/16,0.22613675892353058,0.2261,Low,true,ST - Springhill Lake__f6ddc4a7e233.pdf,,approved,,HSS6X2X5/16,,2026-08-05T11:39:33.852948+00:00,2026-08-05T13:42:39.414332+00:00
695378e7-bc9e-47a7-8bc4-ef2c24d5b57a,L8X6X1/2X1',structural_section,L8X8X1,0.15682709217071533,0.1568,Low,true,ST - Springhill Lake__f6ddc4a7e233.pdf,,approved,,L8X8X1,,2026-08-05T11:39:33.978290+00:00,2026-08-05T13:42:39.617961+00:00
618199c7-7d49-4d29-91da-66a7e35e79e5,L8X8X1/2X1',structural_section,2L8X8X1,0.3057284951210022,0.3057,Low,true,ST - Springhill Lake__f6ddc4a7e233.pdf,,approved,,2L8X8X1,,2026-08-05T11:39:34.091379+00:00,2026-08-05T13:42:39.824361+00:00
11ff0eba-b4b6-4ab3-8106-4cb941c40443,WT6X15,structural_section,WT6X11,0.12261524051427841,0.1226,Low,true,ST - Springhill Lake__f6ddc4a7e233.pdf,,approved,,WT6X11,,2026-08-05T11:39:34.201475+00:00,2026-08-05T13:42:40.020141+00:00
efdad92a-3fbd-44dc-82e4-b29772af455c,L6X3,structural_section,L6X4X3/8,0.19999508559703827,0.2,Low,true,ST - Springhill Lake__f6ddc4a7e233.pdf,,approved,,L6X4X3/8,,2026-08-05T11:39:34.329678+00:00,2026-08-05T13:42:40.231042+00:00
95f98596-ab00-4027-92b1-223e4f3316a0,"L7X4X3/8X0'-11""",structural_section,L7X4X3/8,0.573692262172699,0.5737,Medium,true,ST - Springhill Lake__f6ddc4a7e233.pdf,,approved,,L7X4X3/8,,2026-08-05T11:39:34.513619+00:00,2026-08-05T13:42:40.443344+00:00
c2d045f3-b88b-4566-9532-6f0c8cbe29dc,"L5X3X3/8X0'-5""",structural_section,2L5X3X3/8SLBB,0.08466075360774994,0.0847,Low,true,ST - Springhill Lake__f6ddc4a7e233.pdf,,approved,,2L5X3X3/8SLBB,,2026-08-05T11:39:34.626334+00:00,2026-08-05T13:42:40.653691+00:00
75284e01-141b-4f67-ba12-97a3ca1a485d,"L4X4X3/8X0'-4""",structural_section,L4X4X3/8,0.8638332486152649,0.8638,High,true,ST - Springhill Lake__f6ddc4a7e233.pdf,,approved,,L4X4X3/8,,2026-08-05T11:39:34.842435+00:00,2026-08-05T13:42:40.861662+00:00
aa087af0-5125-4e26-84e7-165e14df41bc,"L3X3X3/8,",structural_section,HSS3X3X3/8,0.09676913172006607,0.0968,Low,true,ST - Springhill Lake__f6ddc4a7e233.pdf,,approved,,HSS3X3X3/8,,2026-08-05T11:39:34.979026+00:00,2026-08-05T13:42:41.026398+00:00
d6ec68fb-b5db-4945-a9c7-29eaf088c99f,"L4X3X3/8X0'-8""",structural_section,L4X3X3/8,0.49147963523864746,0.4915,Low,true,ST - Springhill Lake__f6ddc4a7e233.pdf,,approved,,L4X3X3/8,,2026-08-05T11:39:35.093000+00:00,2026-08-05T13:42:41.203723+00:00
cfa9980d-55af-4c5d-8845-851ddaf63210,HSS4X4X3/8,structural_section,HSS4X4X3/8,0.4223102033138275,0.4223,Low,true,ST - Springhill Lake__f6ddc4a7e233.pdf,,approved,,HSS4X4X3/8,,2026-08-05T11:39:35.305025+00:00,2026-08-05T11:41:55.419871+00:00
f7bc71b6-640e-4a4e-83ad-4ab28377c495,HSS6X6X5/8,structural_section,HSS6X6X3/8,0.33980733156204224,0.3398,Low,true,ST - Springhill Lake__f6ddc4a7e233.pdf,,approved,,HSS6X6X3/8,,2026-08-05T11:39:35.531262+00:00,2026-08-05T11:41:55.318100+00:00
f1c88383-26dc-47dc-aa88-721258ffdf1c,HSS8X8X3/8,structural_section,HSS8X6X3/8,0.40373292565345764,0.4037,Low,true,ST - Springhill Lake__f6ddc4a7e233.pdf,,approved,,HSS8X6X3/8,,2026-08-05T11:39:35.766041+00:00,2026-08-05T11:41:55.101456+00:00
af089236-f1f7-4f65-8e5e-368b6fbcbad2,HSS18X0.375,structural_section,HSS18.000X0.375,0.9999287128448486,0.9999,High,true,ST - Springhill Lake__f6ddc4a7e233.pdf,,approved,,HSS18.000X0.375,,2026-08-05T11:39:36.349908+00:00,2026-08-05T11:41:55.218225+00:00
03573454-b1c5-4fc3-9c54-0096177f934d,HSS12.750X0.375,structural_section,HSS12.750X0.375,0.5817199945449829,0.5817,Medium,true,ST - Springhill Lake__f6ddc4a7e233.pdf,,approved,,HSS12.750X0.375,,2026-08-05T11:39:36.464435+00:00,2026-08-05T11:41:54.834463+00:00
7dd91f8e-1067-4ae8-ac7f-394e11b97a98,C15X33.9,structural_section,WT8X33.5,0.1014755591750145,0.1015,Low,true,1200 K_Permit_Bid_Dwgs - Structural__240bd2541fbc.pdf,,approved,,WT8X33.5,,2026-08-05T11:48:50.663212+00:00,2026-08-05T13:42:41.403836+00:00
846928fe-8f0d-4bc6-9630-60efd08f35f1,HSS 8x4x1/4,structural_section,HSS4X4X1/4,0.3378916382789612,0.3379,Low,true,1200 K_Permit_Bid_Dwgs - Structural__240bd2541fbc.pdf,,approved,,HSS4X4X1/4,,2026-08-05T11:48:50.864905+00:00,2026-08-05T13:42:41.602285+00:00
227851eb-06f1-48e7-86dd-edd795a5bc36,HSS8X4X3/8,structural_section,HSS6X4X3/8,0.295382022857666,0.2954,Low,true,1200 K_Permit_Bid_Dwgs - Structural__240bd2541fbc.pdf,,approved,,HSS6X4X3/8,,2026-08-05T11:48:51.038539+00:00,2026-08-05T13:42:41.800152+00:00
17ac8c00-2ebf-4512-bd06-121fe7dbe532,HSS4X4X3/8,structural_section,HSS4X4X3/8,0.4216481149196625,0.4216,Low,true,1200 K_Permit_Bid_Dwgs - Structural__240bd2541fbc.pdf,,approved,,HSS4X4X3/8,,2026-08-05T11:48:51.388814+00:00,2026-08-05T13:42:41.980757+00:00
4edf0d75-5036-4b72-a743-624a9e8912a0,W8X13,structural_section,W8X13,0.4999638795852661,0.5,Low,true,1200 K_Permit_Bid_Dwgs - Structural__240bd2541fbc.pdf,,approved,,W8X13,,2026-08-05T11:48:51.690355+00:00,2026-08-05T13:42:10.799492+00:00
e218ae53-b6e9-4e32-8317-d2f24dc3c7b2,HSS5x5x3/8,structural_section,HSS5X5X3/8,0.4354582726955414,0.4355,Low,true,1200 K_Permit_Bid_Dwgs - Structural__240bd2541fbc.pdf,,approved,,HSS5X5X3/8,,2026-08-05T11:48:52.110922+00:00,2026-08-05T13:42:10.696872+00:00
92d55fec-8ece-4364-b7e5-650ea6f13cee,"HSS5x5x3/8,",structural_section,HSS5X5X3/8,0.4470999836921692,0.4471,Low,true,1200 K_Permit_Bid_Dwgs - Structural__240bd2541fbc.pdf,,approved,,HSS5X5X3/8,,2026-08-05T11:48:52.259492+00:00,2026-08-05T13:42:10.591672+00:00
543ab208-6f9e-4ce2-8274-5d5d99e39ffa,HSS,structural_section,HSS6X4X3/8,0.9129596948623657,0.913,High,true,1200 K_Permit_Bid_Dwgs - Structural__240bd2541fbc.pdf,,approved,,HSS6X4X3/8,,2026-08-05T11:48:52.754316+00:00,2026-08-05T13:42:10.499769+00:00
caf3bcde-ac75-490a-90c2-d32207c67ee8,HSS6X6X3/8 HSS6X6X3/8,structural_section,HSS10X6X3/8,0.48681628704071045,0.4868,Low,true,1200 K_Permit_Bid_Dwgs - Structural__240bd2541fbc.pdf,,approved,,HSS10X6X3/8,,2026-08-05T11:48:53.178407+00:00,2026-08-05T13:42:10.409389+00:00
e00f14a9-286f-4b7b-a343-1d0cf9fb8ec6,HSS8X8X5/8,structural_section,HSS8X8X3/8,0.4545828402042389,0.4546,Low,true,1200 K_Permit_Bid_Dwgs - Structural__240bd2541fbc.pdf,,approved,,HSS8X8X3/8,,2026-08-05T11:48:53.627930+00:00,2026-08-05T13:42:10.312240+00:00
9fa749e3-48c3-4aa8-98e6-cd9aff0c62da,HSS6X6X1/4,structural_section,HSS6X6X1/4,0.3187929093837738,0.3188,Low,true,1200 K_Permit_Bid_Dwgs - Structural__240bd2541fbc.pdf,,approved,,HSS6X6X1/4,,2026-08-05T11:48:53.890279+00:00,2026-08-05T13:42:10.201973+00:00
5c7a286d-7848-4e22-9ec1-64bf6dee21ba,W8X15,structural_section,W8X15,0.5537737011909485,0.5538,Medium,true,1200 K_Permit_Bid_Dwgs - Structural__240bd2541fbc.pdf,,approved,,W8X15,,2026-08-05T11:48:53.983839+00:00,2026-08-05T13:42:10.090795+00:00
84d660ea-b3eb-46af-9632-0897d10d1f2e,HSS18X6X5/16,structural_section,HSS18X6X5/16,0.6459364295005798,0.6459,Medium,true,1200 K_Permit_Bid_Dwgs - Structural__240bd2541fbc.pdf,,approved,,HSS18X6X5/16,,2026-08-05T11:48:55.803450+00:00,2026-08-05T13:42:09.986631+00:00
6e7a6c40-794e-4cce-8fa6-08b61b0eca66,HSS8X6X1/2,structural_section,HSS8X6X1/2,0.49362924695014954,0.4936,Low,true,1200 K_Permit_Bid_Dwgs - Structural__240bd2541fbc.pdf,,approved,,HSS8X6X1/2,,2026-08-05T11:48:55.953020+00:00,2026-08-05T13:42:09.884681+00:00
20b1643c-f36a-4cb7-a6f4-f91b84695272,W10X26,structural_section,W12X26,0.3356592357158661,0.3357,Low,true,1200 K_Permit_Bid_Dwgs - Structural__240bd2541fbc.pdf,,approved,,W12X26,,2026-08-05T11:48:56.069991+00:00,2026-08-05T13:42:09.780377+00:00
742afac5-aa42-45a9-9c2b-020ce986cdad,HSS8X8X3/8,structural_section,HSS8X6X3/8,0.3431645631790161,0.3432,Low,true,1200 K_Permit_Bid_Dwgs - Structural__240bd2541fbc.pdf,,approved,,HSS8X6X3/8,,2026-08-05T11:48:56.783849+00:00,2026-08-05T13:42:09.672668+00:00
f6b2675f-4444-427c-818e-fd9a0e4597b3,HSS8X3X1/4,structural_section,HSS8X3X1/4,0.6661440134048462,0.6661,Medium,true,1200 K_Permit_Bid_Dwgs - Structural__240bd2541fbc.pdf,,approved,,HSS8X3X1/4,,2026-08-05T11:48:57.388533+00:00,2026-08-05T13:42:09.559937+00:00
d19b0af8-ec78-446d-9044-190145ed3746,L3 x 3,structural_section,2L3X3X5/16,0.07529598474502563,0.0753,Low,true,1200 K_Permit_Bid_Dwgs - Structural__240bd2541fbc.pdf,,approved,,2L3X3X5/16,,2026-08-05T11:48:58.204017+00:00,2026-08-05T13:42:09.450959+00:00
e71e91f7-af08-4e6e-94db-2ac7c0895045,L3 x 3 x 1/4 x,structural_section,L3X3X1/2,0.12181317806243896,0.1218,Low,true,1200 K_Permit_Bid_Dwgs - Structural__240bd2541fbc.pdf,,approved,,L3X3X1/2,,2026-08-05T11:48:58.465233+00:00,2026-08-05T13:42:09.345335+00:00
25bcd248-2797-47bc-967e-9347ed0c098f,L3 x 3 x x,structural_section,2L3X3X1/4,0.08823104947805405,0.0882,Low,true,1200 K_Permit_Bid_Dwgs - Structural__240bd2541fbc.pdf,,approved,,2L3X3X1/4,,2026-08-05T11:48:58.619947+00:00,2026-08-05T13:42:09.240598+00:00
f4e2a2e6-a8a6-4015-befc-a393c0b3e9ba,L3x3x5/16,structural_section,L4X3X5/16,0.13275831937789917,0.1328,Low,true,1200 K_Permit_Bid_Dwgs - Structural__240bd2541fbc.pdf,,approved,,L4X3X5/16,,2026-08-05T11:48:58.744505+00:00,2026-08-05T13:42:09.130650+00:00
1570a852-b5ea-4234-8830-86d66fb29dbe,WT4x15.5,structural_section,WT4X15.5,0.4988701343536377,0.4989,Low,true,1200 K_Permit_Bid_Dwgs - Structural__240bd2541fbc.pdf,,approved,,WT4X15.5,,2026-08-05T11:48:58.903832+00:00,2026-08-05T13:42:08.991846+00:00
0a2a5124-c1da-4aaa-87b8-fa6fa9caab8c,W8 x 15,structural_section,W8X15,0.6269713044166565,0.627,Medium,true,1200 K_Permit_Bid_Dwgs - Structural__240bd2541fbc.pdf,,approved,,W8X15,,2026-08-05T11:48:59.042486+00:00,2026-08-05T13:42:08.886734+00:00
675d54ff-589c-4801-bf6c-dd1c2a59603a,L4 x 4 x,structural_section,L4X4X3/8,0.4085770547389984,0.4086,Low,true,1200 K_Permit_Bid_Dwgs - Structural__240bd2541fbc.pdf,,approved,,L4X4X3/8,,2026-08-05T11:48:59.436285+00:00,2026-08-05T13:42:08.779580+00:00
12e164df-14fd-4d8e-a2d1-4be6d1aeb45b,L2 x 2 x,structural_section,2L2X2X3/16,0.10129209607839584,0.1013,Low,true,1200 K_Permit_Bid_Dwgs - Structural__240bd2541fbc.pdf,,approved,,2L2X2X3/16,,2026-08-05T11:48:59.694752+00:00,2026-08-05T13:42:08.674264+00:00
0fab6855-b24a-42ed-a1a2-072a834d0a6e,HSS 3 x 3 x 1/4,structural_section,HSS3X3X1/4,0.3665417730808258,0.3665,Low,true,1200 K_Permit_Bid_Dwgs - Structural__240bd2541fbc.pdf,,approved,,HSS3X3X1/4,,2026-08-05T11:48:59.842391+00:00,2026-08-05T13:42:08.566462+00:00
95b5568a-1e4d-4e87-a757-2db124f7abc4,L4 x 4,structural_section,L4X4X3/8,0.45811840891838074,0.4581,Low,true,1200 K_Permit_Bid_Dwgs - Structural__240bd2541fbc.pdf,,approved,,L4X4X3/8,,2026-08-05T11:49:00.177505+00:00,2026-08-05T13:42:08.430146+00:00
f60c621f-92dd-4177-bbae-f8f5ccc3ae53,L4 x 4 x x,structural_section,L4X4X1/4,0.998747706413269,0.9987,High,true,1200 K_Permit_Bid_Dwgs - Structural__240bd2541fbc.pdf,,approved,,L4X4X1/4,,2026-08-05T11:49:00.294208+00:00,2026-08-05T13:42:08.147868+00:00
3a8a3301-c64c-477c-a6f8-cca3c4e291bf,L5x5x5/16,structural_section,L4X3X5/16,0.09097042679786682,0.091,Low,true,1200 K_Permit_Bid_Dwgs - Structural__240bd2541fbc.pdf,,approved,,L4X3X5/16,,2026-08-05T11:49:00.433695+00:00,2026-08-05T13:42:07.842715+00:00
19061a90-e7bd-4798-b4ad-865ba9d15acf,L5x5,structural_section,L5X5X5/8,0.11876628547906876,0.1188,Low,true,1200 K_Permit_Bid_Dwgs - Structural__240bd2541fbc.pdf,,approved,,L5X5X5/8,,2026-08-05T11:49:00.644374+00:00,2026-08-05T13:41:57.919557+00:00
abada826-5a33-4c3a-a797-7f92dba3a3a4,3 x 3,structural_section,HSS3X3X3/8,0.46817347407341003,0.4682,Low,true,1200 K_Permit_Bid_Dwgs - Structural__240bd2541fbc.pdf,,approved,,HSS3X3X3/8,,2026-08-05T11:49:00.916150+00:00,2026-08-05T13:41:57.817678+00:00
6756dedb-8db8-4447-a3af-134fddb9b62b,L 4 x 4 x,structural_section,L4X4X3/8,0.4420337378978729,0.442,Low,true,1200 K_Permit_Bid_Dwgs - Structural__240bd2541fbc.pdf,,approved,,L4X4X3/8,,2026-08-05T11:49:01.069753+00:00,2026-08-05T13:41:57.717218+00:00
dc60c474-75e8-494d-9426-36009ba1b7a6,L 3 x 3,structural_section,2L3X3X5/16,0.06594216823577881,0.0659,Low,true,1200 K_Permit_Bid_Dwgs - Structural__240bd2541fbc.pdf,,approved,,2L3X3X5/16,,2026-08-05T11:49:01.220755+00:00,2026-08-05T13:41:57.612145+00:00
90c14897-73e8-40e4-8728-650ab91b1c68,L 3 x 3 x 1/4,structural_section,L3X3X1/2,0.10415631532669067,0.1042,Low,true,1200 K_Permit_Bid_Dwgs - Structural__240bd2541fbc.pdf,,approved,,L3X3X1/2,,2026-08-05T11:49:01.358466+00:00,2026-08-05T13:41:57.511710+00:00
cb9af23e-4900-4bff-aff6-7df01b387190,L 3 x 3 x,structural_section,L4X3X3/8,0.07549415528774261,0.0755,Low,true,1200 K_Permit_Bid_Dwgs - Structural__240bd2541fbc.pdf,,approved,,L4X3X3/8,,2026-08-05T11:49:01.554204+00:00,2026-08-05T13:41:56.719997+00:00
e2851e6f-7458-4ce4-ae8b-734198cd6ef2,L 5 x 3 x,structural_section,L5X3X1/2,0.2540396451950073,0.254,Low,true,1200 K_Permit_Bid_Dwgs - Structural__240bd2541fbc.pdf,,approved,,L5X3X1/2,,2026-08-05T11:49:01.830148+00:00,2026-08-05T13:41:57.410547+00:00
ec57f057-5777-4c43-bfa9-fef9a292da55,L 5 x 3 x 5/16,structural_section,HSS5X3X5/16,0.08581029623746872,0.0858,Low,true,1200 K_Permit_Bid_Dwgs - Structural__240bd2541fbc.pdf,,approved,,HSS5X3X5/16,,2026-08-05T11:49:01.954334+00:00,2026-08-05T13:41:57.310801+00:00
316216e3-0cfe-43fc-bdca-5441da4118e4,L 5 x 3,structural_section,L5X3X1/4,0.2005923092365265,0.2006,Low,true,1200 K_Permit_Bid_Dwgs - Structural__240bd2541fbc.pdf,,approved,,L5X3X1/4,,2026-08-05T11:49:02.077111+00:00,2026-08-05T13:41:57.213123+00:00
5523bf89-48bc-43c8-9e07-2c98cf2e6267,L 4 x 3 x 1/4,structural_section,L4X3X1/4,0.39701488614082336,0.397,Low,true,1200 K_Permit_Bid_Dwgs - Structural__240bd2541fbc.pdf,,approved,,L4X3X1/4,,2026-08-05T11:49:02.335252+00:00,2026-08-05T13:41:56.913295+00:00
2089407f-d63b-42e2-a21a-05020cde8fe7,L4x3x1/4 x,structural_section,L4X3X1/4,0.46624282002449036,0.4662,Low,true,1200 K_Permit_Bid_Dwgs - Structural__240bd2541fbc.pdf,,approved,,L4X3X1/4,,2026-08-05T11:49:02.570185+00:00,2026-08-05T13:41:56.816333+00:00
515ba511-9ddb-4f22-aa26-3119c7a90652,L7 x 4 x,structural_section,L7X4X1/2,0.1638508439064026,0.1639,Low,true,1200 K_Permit_Bid_Dwgs - Structural__240bd2541fbc.pdf,,approved,,L7X4X1/2,,2026-08-05T11:49:02.701477+00:00,2026-08-05T13:41:57.113323+00:00
f52c1693-c9ca-448a-b6e6-20a4f48ce85c,L7 x 4 x 3/8 x,structural_section,L4X4X3/8,0.48531273007392883,0.4853,Low,true,1200 K_Permit_Bid_Dwgs - Structural__240bd2541fbc.pdf,,approved,,L4X4X3/8,,2026-08-05T11:49:02.835502+00:00,2026-08-05T13:41:57.012314+00:00
d1154c20-13a9-411e-a884-b414e5675144,L7 x 4 x x,structural_section,L7X4X3/8,0.6172139048576355,0.6172,Medium,true,1200 K_Permit_Bid_Dwgs - Structural__240bd2541fbc.pdf,,approved,,L7X4X3/8,,2026-08-05T11:49:02.942979+00:00,2026-08-05T13:41:56.619144+00:00
138de885-df63-422e-a108-c989afe57a6d,L3 x 3 x,structural_section,2L3X3X3/16,0.15859302878379822,0.1586,Low,true,1200 K_Permit_Bid_Dwgs - Structural__240bd2541fbc.pdf,,approved,,2L3X3X3/16,,2026-08-05T11:49:03.073642+00:00,2026-08-05T13:41:56.514467+00:00
deafa577-0990-470a-bd4c-c65e0909f33a,C4X5.4,structural_section,C8X13.75,0.47556617856025696,0.4756,Low,true,1200 K_Permit_Bid_Dwgs - Structural__240bd2541fbc.pdf,,approved,,C8X13.75,,2026-08-05T11:49:03.258816+00:00,2026-08-05T13:41:56.415754+00:00
341277a1-3fc6-4375-99af-4abc661cfeb0,HSS 6x6x3/8,structural_section,HSS10X6X3/8,0.4231972396373749,0.4232,Low,true,1200 K_Permit_Bid_Dwgs - Structural__240bd2541fbc.pdf,,approved,,HSS10X6X3/8,,2026-08-05T11:49:03.487097+00:00,2026-08-05T13:41:56.308632+00:00
8d0a35f3-d2a8-4efa-8a00-9849bf951c82,W14X233,structural_section,W14X233,0.5007028579711914,0.5007,Low,true,1200 K_Permit_Bid_Dwgs - Structural__240bd2541fbc.pdf,,approved,,W14X233,,2026-08-05T11:49:04.441148+00:00,2026-08-05T13:41:56.198702+00:00
3f8d4ddc-5933-4e99-ac58-cc94f56a7593,L18x12x3/8,structural_section,L2X2X3/8,0.16699351370334625,0.167,Low,true,1200 K_Permit_Bid_Dwgs - Structural__240bd2541fbc.pdf,,approved,,L2X2X3/8,,2026-08-05T11:49:04.742215+00:00,2026-08-05T13:41:56.090812+00:00
768b2fab-d24d-4732-b6ca-233e98d13c22,L5x5x3/8,structural_section,L5X3X3/8,0.11544230580329895,0.1154,Low,true,1200 K_Permit_Bid_Dwgs - Structural__240bd2541fbc.pdf,,approved,,L5X3X3/8,,2026-08-05T11:49:04.898793+00:00,2026-08-05T13:41:55.968837+00:00
4d60aa73-7a9a-4c6a-9db7-e852f7c7ea89,HSS5x5,structural_section,HSS6X4X3/8,0.1820572316646576,0.1821,Low,true,1200 K_Permit_Bid_Dwgs - Structural__240bd2541fbc.pdf,,approved,,HSS6X4X3/8,,2026-08-05T11:49:05.020424+00:00,2026-08-05T13:41:55.853893+00:00
12b59107-e55f-4b9f-9ee2-b1ef1d6cc107,L6x6x3/8,structural_section,2L6X6X3/8X3/4,0.10924669355154037,0.1092,Low,true,1200 K_Permit_Bid_Dwgs - Structural__240bd2541fbc.pdf,,approved,,2L6X6X3/8X3/4,,2026-08-05T11:49:05.210426+00:00,2026-08-05T13:41:55.739177+00:00
dff2b24b-7fc0-4cb7-9103-101b96a6e8df,HSS6X6X5/8,structural_section,HSS6X6X3/8,0.33980733156204224,0.3398,Low,true,ST - Springhill Lake__f6ddc4a7e233.pdf,,approved,,HSS6X6X3/8,,2026-08-05T13:38:02.449818+00:00,2026-08-05T13:41:55.602367+00:00
b51c9aa4-8aa0-4234-a687-91fab6bb91fd,HSS18X0.375,structural_section,HSS18.000X0.375,0.9857974648475647,0.9858,High,true,ST - Springhill Lake__f6ddc4a7e233.pdf,,approved,,HSS18.000X0.375,,2026-08-05T13:38:03.361117+00:00,2026-08-05T13:41:55.372275+00:00
f6f5a3b0-e1c2-4be6-8380-e7022de69f1e,HSS12.750X0.375,structural_section,HSS12.750X0.375,0.5817199945449829,0.5817,Medium,true,ST - Springhill Lake__f6ddc4a7e233.pdf,,approved,,HSS12.750X0.375,,2026-08-05T13:38:03.493923+00:00,2026-08-05T13:41:55.118903+00:00
22e7620c-6322-4161-98f3-709bb3711000,A A325,structural_section,C8X11.5,0.20029427111148834,0.2003,Low,true,Burrville ES - ST__0d910a43b4a0.pdf,,rejected,,,,2026-08-06T09:40:05.013269+00:00,2026-08-06T10:00:07.666792+00:00
4559439d-e686-4e7d-b938-6ba1f34a8996,L5X3-1/2X5/16,structural_section,L5X5X3/8,0.19906112551689148,0.1991,Low,true,Burrville ES - ST__0d910a43b4a0.pdf,,rejected,,,,2026-08-06T09:40:05.223603+00:00,2026-08-06T10:00:07.842436+00:00
5a2ecddd-c09e-447f-a02d-642111a823c8,L6X4X3/8,structural_section,L4X4X3/8,0.26180365681648254,0.2618,Low,true,Burrville ES - ST__0d910a43b4a0.pdf,,rejected,,,,2026-08-06T09:40:05.407714+00:00,2026-08-06T10:00:08.080552+00:00
21d0d7d9-0a5d-417d-aeec-8affce201840,L3x3x1/4,structural_section,2L3X3X1/4,0.1090996116399765,0.1091,Low,true,Burrville ES - ST__0d910a43b4a0.pdf,,rejected,,,,2026-08-06T09:40:05.589441+00:00,2026-08-06T10:00:08.225901+00:00
a75e0c1c-08c6-4f87-acad-bb93ae734b10,W12X16,structural_section,W12X16,0.5562648773193359,0.5563,Medium,true,Burrville ES - ST__0d910a43b4a0.pdf,,rejected,,,,2026-08-06T09:40:05.797984+00:00,2026-08-06T10:00:08.353431+00:00
856b6623-0735-4281-b279-1e58a22a32ab,W18X40,structural_section,W12X40,0.2503895163536072,0.2504,Low,true,Burrville ES - ST__0d910a43b4a0.pdf,,rejected,,,,2026-08-06T09:40:05.988051+00:00,2026-08-06T10:00:08.479346+00:00
896a1b92-417d-4950-ab0b-7779469f9405,W21X50,structural_section,W16X50,0.4746200740337372,0.4746,Low,true,Burrville ES - ST__0d910a43b4a0.pdf,,rejected,,,,2026-08-06T09:40:06.289797+00:00,2026-08-06T10:00:08.604348+00:00
dabafcf4-27e1-442f-ba41-e36b144c1f7a,W18X50,structural_section,W12X50,0.25445765256881714,0.2545,Low,true,Burrville ES - ST__0d910a43b4a0.pdf,,rejected,,,,2026-08-06T09:40:06.520472+00:00,2026-08-06T10:00:08.718410+00:00
972c08a2-2a2f-49a9-9b3b-dfe65a75c642,W10X15,structural_section,W10X15,0.5495337247848511,0.5495,Low,true,Burrville ES - ST__0d910a43b4a0.pdf,,rejected,,,,2026-08-06T09:40:06.790113+00:00,2026-08-06T10:00:08.836942+00:00
05150041-66f6-4b38-a87c-f9620a199577,W21X55,structural_section,W21X55,0.6637411713600159,0.6637,Medium,true,Burrville ES - ST__0d910a43b4a0.pdf,,rejected,,,,2026-08-06T09:40:07.081550+00:00,2026-08-06T10:00:08.941782+00:00
e93a2bd2-a355-49aa-b47f-4858c353f91f,W24X68,structural_section,W24X68,0.637283205986023,0.6373,Medium,true,Burrville ES - ST__0d910a43b4a0.pdf,,rejected,,,,2026-08-06T09:40:07.385630+00:00,2026-08-06T10:00:09.054824+00:00
e6e77f58-2d69-40c6-ac9a-416743eab744,W16X26,structural_section,W10X26,0.2527988851070404,0.2528,Low,true,Burrville ES - ST__0d910a43b4a0.pdf,,rejected,,,,2026-08-06T09:40:08.122096+00:00,2026-08-06T10:00:09.160813+00:00
a6205af0-2645-4fa0-9dce-27cfe2d8cb1b,W14X22,structural_section,W14X22,0.48598214983940125,0.486,Low,true,Burrville ES - ST__0d910a43b4a0.pdf,,rejected,,,,2026-08-06T09:40:08.447197+00:00,2026-08-06T10:00:09.268995+00:00
86d507df-fba7-4c16-b8ac-398e56947e30,W10X19,structural_section,W10X15,0.34621208906173706,0.3462,Low,true,Burrville ES - ST__0d910a43b4a0.pdf,,rejected,,,,2026-08-06T09:40:09.820221+00:00,2026-08-06T10:00:09.376948+00:00
28e6706a-3788-4736-9280-7798b4b89496,HSS10X8X3/8,structural_section,HSS10X8X3/8,0.18993742763996124,0.1899,Low,true,Burrville ES - ST__0d910a43b4a0.pdf,,rejected,,,,2026-08-06T09:40:10.498274+00:00,2026-08-06T10:00:09.482771+00:00
fc7c77d6-3d3a-44df-8afb-60221cad7bd7,HSS10X6X3/8,structural_section,HSS10X6X3/8,0.23942875862121582,0.2394,Low,true,Burrville ES - ST__0d910a43b4a0.pdf,,rejected,,,,2026-08-06T09:40:12.005427+00:00,2026-08-06T10:00:09.586128+00:00
f578bdc6-381c-4125-a968-ef9cc0bf180c,W16X36,structural_section,W16X36,0.5360330939292908,0.536,Low,true,Burrville ES - ST__0d910a43b4a0.pdf,,rejected,,,,2026-08-06T09:40:12.382993+00:00,2026-08-06T10:00:09.695507+00:00
6c5e2801-2999-473e-bb53-ff8524c9ef1d,W12X26,structural_section,W10X26,0.3819149434566498,0.3819,Low,true,Burrville ES - ST__0d910a43b4a0.pdf,,rejected,,,,2026-08-06T09:40:13.273122+00:00,2026-08-06T10:00:09.800494+00:00
dcc2da71-4f51-452f-8126-c5123388fd5a,HSS12X6X3/8,structural_section,HSS12X6X3/8,0.3931114077568054,0.3931,Low,true,Burrville ES - ST__0d910a43b4a0.pdf,,rejected,,,,2026-08-06T09:40:14.454919+00:00,2026-08-06T10:00:09.907882+00:00
aa647559-feee-4f89-99c8-f9afca1d51f7,W10X22,structural_section,W10X22,0.2579604387283325,0.258,Low,true,Burrville ES - ST__0d910a43b4a0.pdf,,rejected,,,,2026-08-06T09:40:17.110916+00:00,2026-08-06T10:00:10.038620+00:00
af0ae274-4bf0-4cce-9a34-9a418174b8f4,W12X16.,structural_section,W12X16,0.5568901300430298,0.5569,Medium,true,Burrville ES - ST__0d910a43b4a0.pdf,,rejected,,,,2026-08-06T09:40:17.571935+00:00,2026-08-06T10:00:10.179523+00:00
9d3263e0-5f1b-4679-b38d-a5854750ec47,W12X22,structural_section,W12X22,0.4922257661819458,0.4922,Low,true,Burrville ES - ST__0d910a43b4a0.pdf,,rejected,,,,2026-08-06T09:40:19.905561+00:00,2026-08-06T10:00:10.312438+00:00
ceec4dde-11fc-4807-974b-39ef10915997,W10X30,structural_section,W10X30,0.34207597374916077,0.3421,Low,true,Burrville ES - ST__0d910a43b4a0.pdf,,rejected,,,,2026-08-06T09:40:20.315559+00:00,2026-08-06T10:00:10.438959+00:00
db19887c-5a88-463e-b0b9-5b2fde6b98e9,HSS14X6X1/2,structural_section,HSS14X6X1/2,0.6117849946022034,0.6118,Medium,true,Burrville ES - ST__0d910a43b4a0.pdf,,rejected,,,,2026-08-06T09:40:21.538148+00:00,2026-08-06T10:00:10.592560+00:00
ea9de512-3ad4-48f1-bf39-b7f69e6b2a3a,W12X40,structural_section,W12X40,0.21895118057727814,0.219,Low,true,Burrville ES - ST__0d910a43b4a0.pdf,,rejected,,,,2026-08-06T09:40:21.781314+00:00,2026-08-06T10:00:10.802271+00:00
41361983-3ef8-41d7-adf3-4894d8a6b2c6,W14X26,structural_section,W14X26,0.5662040710449219,0.5662,Medium,true,Burrville ES - ST__0d910a43b4a0.pdf,,rejected,,,,2026-08-06T09:40:22.562921+00:00,2026-08-06T10:00:10.925384+00:00
71c34197-63ec-43b3-94b4-33119063a4f0,W8x31,structural_section,W8X18,0.48272135853767395,0.4827,Low,true,Burrville ES - ST__0d910a43b4a0.pdf,,rejected,,,,2026-08-06T09:40:24.866843+00:00,2026-08-06T10:00:11.051343+00:00
4526040a-db14-48a1-9cac-53728e9c48cc,HSS14X6X5/8,structural_section,HSS14X6X5/8,0.6893830895423889,0.6894,Medium,true,Burrville ES - ST__0d910a43b4a0.pdf,,rejected,,,,2026-08-06T09:40:27.450048+00:00,2026-08-06T10:00:11.161717+00:00
eb2dc2a4-945a-4c31-9ba9-36188774a3d2,L4X4X3/8,structural_section,L4X4X3/8,0.3076351284980774,0.3076,Low,true,Burrville ES - ST__0d910a43b4a0.pdf,,rejected,,,,2026-08-06T09:40:27.692037+00:00,2026-08-06T10:00:11.274024+00:00
05ddeb95-c27d-478b-9ad7-2e38b1ef9a0a,L2x2x3/16,structural_section,L2X2X3/8,0.6651826500892639,0.6652,Medium,true,Burrville ES - ST__0d910a43b4a0.pdf,,rejected,,,,2026-08-06T09:40:28.004502+00:00,2026-08-06T10:00:11.392376+00:00
5a86a7f4-56d1-405a-a63e-0d75905378f0,L3x3x3/16,structural_section,2L3X3X3/16,0.1351315677165985,0.1351,Low,true,Burrville ES - ST__0d910a43b4a0.pdf,,rejected,,,,2026-08-06T09:40:28.169159+00:00,2026-08-06T10:00:11.527079+00:00
48a68fdf-5e61-4f55-9007-c8642cd37eb5,C8x11.5.,structural_section,C6X8.2,0.4590141177177429,0.459,Low,true,Burrville ES - ST__0d910a43b4a0.pdf,,rejected,,,,2026-08-06T09:40:28.673855+00:00,2026-08-06T10:00:11.660019+00:00
700f3f8b-b8a4-412d-9efa-321cd54a5ff0,C6 X 10.5,structural_section,WT4X10.5,0.06596233695745468,0.066,Low,true,Burrville ES - ST__0d910a43b4a0.pdf,,rejected,,,,2026-08-06T09:40:28.931758+00:00,2026-08-06T10:00:11.792044+00:00
89587b47-c9da-45a8-a5e3-2fa867664f49,L2X2X1/4,structural_section,2L2X2X1/4,0.16613923013210297,0.1661,Low,true,Burrville ES - ST__0d910a43b4a0.pdf,,rejected,,,,2026-08-06T09:40:29.132084+00:00,2026-08-06T10:00:11.916593+00:00
d72fef70-7192-449e-96b6-a94c7d063834,L4X3X3/8,structural_section,L4X3X3/8,0.39025911688804626,0.3903,Low,true,Burrville ES - ST__0d910a43b4a0.pdf,,rejected,,,,2026-08-06T09:40:29.382161+00:00,2026-08-06T10:00:12.048186+00:00
a70a7e32-c501-41db-8838-2649f7d5abfe,L3x3x3/8,structural_section,HSS3X3X3/8,0.09700470417737961,0.097,Low,true,Burrville ES - ST__0d910a43b4a0.pdf,,rejected,,,,2026-08-06T09:40:29.570315+00:00,2026-08-06T10:00:12.178685+00:00
32a60098-f35b-441d-9862-a84b2507069b,L5x3-1/2x3/8,structural_section,L5X3X1/4,0.1877117156982422,0.1877,Low,true,Burrville ES - ST__0d910a43b4a0.pdf,,rejected,,,,2026-08-06T09:40:29.756426+00:00,2026-08-06T10:00:12.311896+00:00
669b39b8-cce2-4cef-a5c3-bdafd822a0bf,"L3X3X3/8X0'-6""",structural_section,2L3X3X1/4,0.0810268446803093,0.081,Low,true,Burrville ES - ST__0d910a43b4a0.pdf,,rejected,,,,2026-08-06T09:40:29.940483+00:00,2026-08-06T10:00:12.448833+00:00
49a98a4f-7cc5-421d-82cf-8639e07331f3,W10X33,structural_section,W10X33,0.5123149156570435,0.5123,Low,true,Burrville ES - ST__0d910a43b4a0.pdf,,rejected,,,,2026-08-06T09:40:30.123259+00:00,2026-08-06T10:00:12.599145+00:00
db9fda97-2f57-4151-9b54-830c31e8f65f,W10X112,structural_section,W10X112,0.33556094765663147,0.3356,Low,true,Burrville ES - ST__0d910a43b4a0.pdf,,rejected,,,,2026-08-06T09:40:30.363511+00:00,2026-08-06T10:00:12.721751+00:00
8e380162-bb23-403a-9a54-7bf324654408,W12X106,structural_section,W12X106,0.5,0.5,Low,true,Burrville ES - ST__0d910a43b4a0.pdf,,rejected,,,,2026-08-06T09:40:30.601162+00:00,2026-08-06T10:00:12.852747+00:00
ca8ca706-5ade-4108-af3a-db412a9b1071,W12X230,structural_section,W12X230,0.4363762438297272,0.4364,Low,true,Burrville ES - ST__0d910a43b4a0.pdf,,rejected,,,,2026-08-06T09:40:30.805685+00:00,2026-08-06T10:00:12.966875+00:00
43e0f26b-5926-4631-be32-ff1be034d5ea,W12X252,structural_section,W12X22,0.4999827742576599,0.5,Low,true,Burrville ES - ST__0d910a43b4a0.pdf,,rejected,,,,2026-08-06T09:40:30.983825+00:00,2026-08-06T10:00:13.103965+00:00
efd1ef89-e00d-4f8c-aeda-b7b760737db3,W12X336,structural_section,W12X336,0.2538571357727051,0.2539,Low,true,Burrville ES - ST__0d910a43b4a0.pdf,,rejected,,,,2026-08-06T09:40:31.216854+00:00,2026-08-06T10:00:13.226134+00:00
e4fdd281-546b-4af7-8da7-5c6fc50b20c7,W14X43,structural_section,W14X30,0.46362119913101196,0.4636,Low,true,Burrville ES - ST__0d910a43b4a0.pdf,,rejected,,,,2026-08-06T09:40:31.401170+00:00,2026-08-06T10:00:13.354216+00:00
4e239cda-d35d-44c5-bb0e-803794156bf0,W14X61,structural_section,W14X26,0.33207300305366516,0.3321,Low,true,Burrville ES - ST__0d910a43b4a0.pdf,,rejected,,,,2026-08-06T09:40:31.689764+00:00,2026-08-06T10:00:13.469950+00:00
72450b53-a835-4d85-8aaa-398121695699,W14X82,structural_section,W14X22,0.2537862956523895,0.2538,Low,true,Burrville ES - ST__0d910a43b4a0.pdf,,rejected,,,,2026-08-06T09:40:31.874342+00:00,2026-08-06T10:00:13.598564+00:00
4d615fb4-2f89-4c7f-8a97-d80752f56f73,L4X4X1/4,structural_section,L4X4X1/4,0.998137354850769,0.9981,High,true,Burrville ES - ST__0d910a43b4a0.pdf,,rejected,,,,2026-08-06T09:40:32.136196+00:00,2026-08-06T10:00:13.720408+00:00
fe578a0a-e59e-4016-80f0-7c6e28130fd3,"L3x3x1/4x0'-3"",",structural_section,2L3X3X1/4,0.09208724647760391,0.0921,Low,true,Burrville ES - ST__0d910a43b4a0.pdf,,rejected,,,,2026-08-06T09:40:32.606134+00:00,2026-08-06T10:00:13.852728+00:00
aa1ac3f3-de10-4388-98c3-b6cc5f90aba8,L1x1x1/4,structural_section,L2X2X1/4,0.21375659108161926,0.2138,Low,true,Burrville ES - ST__0d910a43b4a0.pdf,,rejected,,,,2026-08-06T09:40:32.824375+00:00,2026-08-06T10:00:13.969065+00:00
e24c2ce4-4944-414d-b230-0e8c634f4bac,2 L1x1x1/4,structural_section,2L2X2X1/4,0.38301610946655273,0.383,Low,true,Burrville ES - ST__0d910a43b4a0.pdf,,rejected,,,,2026-08-06T09:40:33.065470+00:00,2026-08-06T10:00:14.090993+00:00
aa4b7ff5-4fa4-49a1-b1fd-152c47244d6c,"L3X3X5/16,",structural_section,HSS3X3X5/16,0.13276110589504242,0.1328,Low,true,Burrville ES - ST__0d910a43b4a0.pdf,,rejected,,,,2026-08-06T09:40:33.273439+00:00,2026-08-06T10:00:14.212698+00:00
68781b2b-ad30-4fc7-be04-260a0ab8d986,"L4X4X3/8X0'-8""",structural_section,L4X4X3/8,0.9572067856788635,0.9572,High,true,Burrville ES - ST__0d910a43b4a0.pdf,,rejected,,,,2026-08-06T09:40:33.462239+00:00,2026-08-06T10:00:14.334124+00:00
0138d3fb-972c-409d-a0c1-694818f2bbd4,2L3x3x1/4,structural_section,2L3X3X1/2X3/4,0.1590254008769989,0.159,Low,true,Burrville ES - ST__0d910a43b4a0.pdf,,rejected,,,,2026-08-06T09:40:33.715831+00:00,2026-08-06T10:00:14.458381+00:00
4a1133b1-39ff-4e3d-99d0-78d049ee047f,"L4x3x1/4x6""",structural_section,L4X3X5/16,0.68853759765625,0.6885,Medium,true,Burrville ES - ST__0d910a43b4a0.pdf,,rejected,,,,2026-08-06T09:40:33.974082+00:00,2026-08-06T10:00:14.583109+00:00
7316acbe-6879-48db-8b73-06b662a88f40,"L4x3x1/4x2'-0""",structural_section,L4X3X5/16,0.5538164377212524,0.5538,Medium,true,Burrville ES - ST__0d910a43b4a0.pdf,,rejected,,,,2026-08-06T09:40:34.399942+00:00,2026-08-06T10:00:14.717657+00:00
09fd4f68-aba6-4e0f-9996-90343511575a,"L4x3x1/4x1'-0""",structural_section,L4X3X5/16,0.3692740499973297,0.3693,Low,true,Burrville ES - ST__0d910a43b4a0.pdf,,rejected,,,,2026-08-06T09:40:34.591100+00:00,2026-08-06T10:00:14.824018+00:00
09b7d5a4-29ec-459a-9093-3c02af5f0ba5,"L4x4x3/8x0'-6""",structural_section,L4X4X3/8,0.8789900541305542,0.879,High,true,Burrville ES - ST__0d910a43b4a0.pdf,,rejected,,,,2026-08-06T09:40:35.023605+00:00,2026-08-06T10:00:14.916889+00:00
7855aaf2-6f64-454a-8071-96c4370e33dd,L6x3-1/2x3/8,structural_section,L4X3X3/8,0.2000339776277542,0.2,Low,true,Burrville ES - ST__0d910a43b4a0.pdf,,rejected,,,,2026-08-06T09:40:35.222398+00:00,2026-08-06T10:00:15.012404+00:00
128bdfb5-9a40-4e5e-943b-ef950c707009,"L4X3X3/8X0'-6""",structural_section,L4X3X3/8,0.49143168330192566,0.4914,Low,true,Burrville ES - ST__0d910a43b4a0.pdf,,rejected,,,,2026-08-06T09:40:35.663705+00:00,2026-08-06T10:00:15.133520+00:00
9916e46a-f1bc-4c3d-bf90-d19367f96afb,A325,structural_section,W18X50,0.20132166147232056,0.2013,Low,true,Burrville ES - ST__0d910a43b4a0.pdf,,rejected,,,,2026-08-06T09:40:35.876018+00:00,2026-08-06T10:00:15.257724+00:00
25e37c7c-1e37-4a27-bdeb-974cc39d1c34,HSS5x3x3/16,structural_section,HSS5X3X3/16,0.4296242296695709,0.4296,Low,true,Burrville ES - ST__0d910a43b4a0.pdf,,rejected,,,,2026-08-06T09:40:36.005950+00:00,2026-08-06T10:00:15.384089+00:00
8facf810-ef20-409e-becf-649ccbdf7709,L7X4X3/8,structural_section,L4X4X3/8,0.40263402462005615,0.4026,Low,true,Burrville ES - ST__0d910a43b4a0.pdf,,rejected,,,,2026-08-06T09:40:36.374948+00:00,2026-08-06T10:00:15.519918+00:00
7766430b-5459-4633-bb02-61655a01ded4,"L3X3X3/8X0'-10""",structural_section,2L3X3X1/4,0.08096958696842194,0.081,Low,true,Burrville ES - ST__0d910a43b4a0.pdf,,rejected,,,,2026-08-06T09:40:36.764108+00:00,2026-08-06T10:00:15.660898+00:00
80fc2b66-4105-486b-a618-ec27a2b39110,HSS6X6X3/8,structural_section,HSS10X6X3/8,0.44788336753845215,0.4479,Low,true,Burrville ES - ST__0d910a43b4a0.pdf,,rejected,,,,2026-08-06T09:40:37.147414+00:00,2026-08-06T10:00:15.790261+00:00
07b45f84-1ff0-4491-a3f4-7f57a793f6f5,HSS8X6X3/8,structural_section,HSS10X6X3/8,0.27547523379325867,0.2755,Low,true,Burrville ES - ST__0d910a43b4a0.pdf,,rejected,,,,2026-08-06T09:40:37.371117+00:00,2026-08-06T10:00:15.917368+00:00
d9a7b944-7d92-4c6c-9010-65c72f4d9799,HSS6X6X1/2,structural_section,HSS14X6X1/2,0.30164453387260437,0.3016,Low,true,Burrville ES - ST__0d910a43b4a0.pdf,,rejected,,,,2026-08-06T09:40:38.226741+00:00,2026-08-06T10:00:16.047767+00:00
2242cc01-3419-449a-91d9-8358380891fc,W10X54,structural_section,W10X49,0.45681166648864746,0.4568,Low,true,Burrville ES - ST__0d910a43b4a0.pdf,,rejected,,,,2026-08-06T09:40:40.429543+00:00,2026-08-06T10:00:16.203648+00:00
6d1b45eb-9121-4bb6-88e8-cb8b9b57807f,HSS10X0.500,structural_section,HSS10.000X0.500,0.49627748131752014,0.4963,Low,true,Burrville ES - ST__0d910a43b4a0.pdf,,rejected,,,,2026-08-06T09:40:40.859015+00:00,2026-08-06T10:00:16.409291+00:00
08081a49-5769-4994-a035-201ece12e24f,HSS10X0.625,structural_section,HSS10.000X0.625,0.9986839890480042,0.9987,High,true,Burrville ES - ST__0d910a43b4a0.pdf,,rejected,,,,2026-08-06T09:40:41.484593+00:00,2026-08-06T10:00:16.520289+00:00
67910dbf-b6c8-4072-b50d-6f2817a318af,W8X40,structural_section,W8X24,0.49823030829429626,0.4982,Low,true,Burrville ES - ST__0d910a43b4a0.pdf,,rejected,,,,2026-08-06T09:40:42.758884+00:00,2026-08-06T10:00:16.639075+00:00
06b39c70-8069-4783-bfca-8b4ab264d264,HSS10x10,structural_section,HSS10X10X1/2,0.9165101051330566,0.9165,High,true,ST__0bfc2d61245d.pdf,,approved,structural_section,HSS10X10X1/2,,2026-08-06T09:50:36.997450+00:00,2026-08-06T10:00:01.613193+00:00
072f1774-21a1-420c-94cb-a170e2e5658b,W8x48,structural_section,W8X40,0.4739517271518707,0.474,Low,true,ST__0bfc2d61245d.pdf,,rejected,,,,2026-08-06T09:50:37.305914+00:00,2026-08-06T10:00:16.766769+00:00
5c6939fc-3c29-4f35-a1c9-430a9a6583a3,W8x58,structural_section,W8X58,0.2398063689470291,0.2398,Low,true,ST__0bfc2d61245d.pdf,,rejected,,,,2026-08-06T09:50:37.477556+00:00,2026-08-06T10:00:16.901836+00:00
f05b0f8e-6fea-4529-a081-2b84f17cfe16,W8x28,structural_section,W8X28,0.33278149366378784,0.3328,Low,true,ST__0bfc2d61245d.pdf,,rejected,,,,2026-08-06T09:50:37.730944+00:00,2026-08-06T10:00:17.033586+00:00
d87d27f5-f8d7-45d4-99d2-aa2da634b7e7,W8x35,structural_section,W8X31,0.26633939146995544,0.2663,Low,true,ST__0bfc2d61245d.pdf,,rejected,,,,2026-08-06T09:50:37.903549+00:00,2026-08-06T10:00:17.185540+00:00
fb859e45-1ea2-4438-a239-cb8c1c78ad0f,W18x46,structural_section,W18X46,0.5135497450828552,0.5135,Low,true,ST__0bfc2d61245d.pdf,,rejected,,,,2026-08-06T09:50:38.084588+00:00,2026-08-06T10:00:17.298998+00:00
964e54b4-2860-499e-873e-6b7b5f25a071,HSS10x10x1/2,structural_section,HSS10X10X1/2,0.9783716201782227,0.9784,High,true,ST__0bfc2d61245d.pdf,,rejected,,,,2026-08-06T09:50:38.666590+00:00,2026-08-06T10:00:17.408753+00:00
509d9d8f-fd25-4148-9262-84cc6b5a2cc3,HSS12x12x1/2,structural_section,HSS12X12X1/2,0.59184330701828,0.5918,Medium,true,ST__0bfc2d61245d.pdf,,rejected,,,,2026-08-06T09:50:38.901215+00:00,2026-08-06T10:00:17.519193+00:00
01ce1b62-aba9-4454-8a0c-b2adc27e8522,L6x6x3/4,structural_section,L6X6X3/4,0.4450462758541107,0.445,Low,true,ST__0bfc2d61245d.pdf,,rejected,,,,2026-08-06T09:50:39.964341+00:00,2026-08-06T10:00:17.724285+00:00
d5d076e7-6f82-47cb-a33c-ccd0146a7e09,HSS8x8x3/8,structural_section,HSS8X6X3/8,0.44634148478507996,0.4463,Low,true,ST__0bfc2d61245d.pdf,,rejected,,,,2026-08-06T09:50:41.488814+00:00,2026-08-06T10:00:17.867901+00:00
86cace69-5e60-42b2-8a98-426acf9bd1e1,W10×22.,structural_section,W10X22,0.49346762895584106,0.4935,Low,true,ST__0bfc2d61245d.pdf,,rejected,,,,2026-08-06T09:50:42.365541+00:00,2026-08-06T10:00:17.977172+00:00
9f79a9a1-4f4d-4ba8-85d4-cc24a4e5704e,W24x84,structural_section,W24X84,0.6611107587814331,0.6611,Medium,true,ST__0bfc2d61245d.pdf,,rejected,,,,2026-08-06T09:50:42.502498+00:00,2026-08-06T10:00:18.119238+00:00
f094513c-481f-42e5-aa0b-f4c2b700e83d,W36x150,structural_section,W36X150,0.5208422541618347,0.5208,Low,true,ST__0bfc2d61245d.pdf,,rejected,,,,2026-08-06T09:50:42.660852+00:00,2026-08-06T10:00:18.227462+00:00
ae630f21-2acb-44e4-871e-74873781d299,W16x50,structural_section,W16X50,0.6684169173240662,0.6684,Medium,true,ST__0bfc2d61245d.pdf,,rejected,,,,2026-08-06T09:50:42.795500+00:00,2026-08-06T10:00:18.336587+00:00
635bba30-b6b9-4ced-a27c-ff93eb7a3847,HSS 8X8X3/8,structural_section,HSS8X6X3/8,0.4297536313533783,0.4298,Low,true,ST__0bfc2d61245d.pdf,,rejected,,,,2026-08-06T09:50:43.063674+00:00,2026-08-06T10:00:18.429744+00:00
d29b4e4a-a622-450f-9aa7-69304cb64c33,HSS,structural_section,HSS8X8X3/8,0.3461216986179352,0.3461,Low,true,ST__0bfc2d61245d.pdf,,rejected,,,,2026-08-06T09:50:43.203578+00:00,2026-08-06T10:00:18.530856+00:00
cfad0ed1-e51b-4f1f-ba97-e0d58de33dfd,L5x5x5/16,structural_section,L4X4X5/16,0.09088840335607529,0.0909,Low,true,ST__0bfc2d61245d.pdf,,rejected,,,,2026-08-06T09:50:43.382604+00:00,2026-08-06T10:00:18.645989+00:00
bb325938-32be-4f66-8276-7a6272e8aa5b,L5x3x1/4,structural_section,2L5X3X1/4LLBB,0.07297200709581375,0.073,Low,true,ST__0bfc2d61245d.pdf,,rejected,,,,2026-08-06T09:50:43.549811+00:00,2026-08-06T10:00:18.762837+00:00
2d9a66d2-3c7e-4199-aa5d-94b5183a0dc8,HSS8x8x1/2,structural_section,HSS8X8X1/4,0.21519331634044647,0.2152,Low,true,ST__0bfc2d61245d.pdf,,rejected,,,,2026-08-06T09:50:43.782930+00:00,2026-08-06T10:00:18.895430+00:00
802f7d3b-3b40-4191-aec9-909abe47ea4f,W8x24,structural_section,W8X24,0.37486910820007324,0.3749,Low,true,ST__0bfc2d61245d.pdf,,rejected,,,,2026-08-06T09:50:43.923403+00:00,2026-08-06T10:00:19.019511+00:00
167d346e-8ee4-4faf-99f6-3b4841e6742e,HSS8x6x1/2,structural_section,HSS8X6X1/2,0.4682859182357788,0.4683,Low,true,ST__0bfc2d61245d.pdf,,rejected,,,,2026-08-06T09:50:44.142836+00:00,2026-08-06T10:00:19.129115+00:00
87344690-25f9-4f16-8150-3e324ef28ee8,PL,structural_section,L8X8X1,0.12553897500038147,0.1255,Low,true,ST__0bfc2d61245d.pdf,,rejected,,,,2026-08-06T09:50:45.682930+00:00,2026-08-06T10:00:19.241783+00:00
e22dc8b6-4b5a-443c-9c34-800ccd82d711,HSS6x8x1/2,structural_section,HSS8X8X1/2,0.9872009754180908,0.9872,High,true,ST__0bfc2d61245d.pdf,,approved,structural_section,HSS8X8X1/2,,2026-08-06T09:50:45.990648+00:00,2026-08-06T09:59:54.607803+00:00
ca051332-9a17-4073-9a9c-f2c4f3e2a51d,"HSS3x3,",structural_section,HSS3X3X1/4,0.1399345099925995,0.1399,Low,true,ST__0bfc2d61245d.pdf,,rejected,,,,2026-08-06T09:50:46.135410+00:00,2026-08-06T10:00:19.363869+00:00
301ba0b5-5a5e-45b1-8a8f-343b7ab7d8a7,"HSS3x3x1/4,",structural_section,HSS3X3X1/4,0.3890663683414459,0.3891,Low,true,ST__0bfc2d61245d.pdf,,rejected,,,,2026-08-06T09:50:46.268405+00:00,2026-08-06T10:00:19.503580+00:00
998ffabc-5639-4c98-9862-50416d89027f,A325,structural_section,,0.0,0.0,Low,true,Burrville ES - ST__0d910a43b4a0.pdf,,rejected,,,,2026-08-10T08:57:52.834855+00:00,2026-08-10T09:05:31.245773+00:00
a9847114-b87b-4f0d-84f4-76092ee23a81,L5X3-1/2X5/16,structural_section,L5X5X3/8,0.19445665180683136,0.1945,Low,true,Burrville ES - ST__0d910a43b4a0.pdf,,rejected,,,,2026-08-10T08:57:52.999971+00:00,2026-08-10T09:05:31.533747+00:00
54f85cc4-538a-40c3-ad95-90d333c85235,L6X4X3/8,structural_section,L4X4X3/8,0.25863558053970337,0.2586,Low,true,Burrville ES - ST__0d910a43b4a0.pdf,,rejected,,,,2026-08-10T08:57:53.183196+00:00,2026-08-10T09:05:31.742655+00:00
273b227b-6239-44c0-ba20-787bd99695f3,L3x3x1/4,structural_section,2L3X3X1/4,0.10919351130723953,0.1092,Low,true,Burrville ES - ST__0d910a43b4a0.pdf,,rejected,,,,2026-08-10T08:57:53.346860+00:00,2026-08-10T09:05:31.860449+00:00
2a48087b-6fe1-4e11-80ed-c1e1b9bcf307,W12X16,structural_section,W12X16,0.6044986844062805,0.6045,Medium,true,Burrville ES - ST__0d910a43b4a0.pdf,,rejected,,,,2026-08-10T08:57:53.548080+00:00,2026-08-10T09:05:31.972052+00:00
ea0002b2-96ca-49e8-aa9e-9f94b3e2fdf1,W18X40,structural_section,W16X40,0.2503417134284973,0.2503,Low,true,Burrville ES - ST__0d910a43b4a0.pdf,,rejected,,,,2026-08-10T08:57:53.715082+00:00,2026-08-10T09:05:32.079543+00:00
a61ac1aa-1627-4e44-9c3c-e11ad40870b2,W21X50,structural_section,W16X50,0.4697766900062561,0.4698,Low,true,Burrville ES - ST__0d910a43b4a0.pdf,,rejected,,,,2026-08-10T08:57:53.894037+00:00,2026-08-10T09:05:32.191634+00:00
80e0bc5d-4b37-4276-8d4b-84c0e5fa9669,W18X50,structural_section,W12X50,0.2565586268901825,0.2566,Low,true,Burrville ES - ST__0d910a43b4a0.pdf,,rejected,,,,2026-08-10T08:57:54.142917+00:00,2026-08-10T09:05:32.314002+00:00
a5b205d2-77d2-4989-a51c-e6eb8fed8d42,W10X15,structural_section,W10X15,0.43395882844924927,0.434,Low,true,Burrville ES - ST__0d910a43b4a0.pdf,,rejected,,,,2026-08-10T08:57:54.337822+00:00,2026-08-10T09:05:32.430511+00:00
bc9bc241-dd80-45b5-b26b-1441ba55327d,W21X55,structural_section,W21X55,0.4202207028865814,0.4202,Low,true,Burrville ES - ST__0d910a43b4a0.pdf,,rejected,,,,2026-08-10T08:57:54.540168+00:00,2026-08-10T09:05:32.536468+00:00
5f57792d-e746-411f-871a-285175c00382,W24X68,structural_section,W24X68,0.59134840965271,0.5913,Medium,true,Burrville ES - ST__0d910a43b4a0.pdf,,rejected,,,,2026-08-10T08:57:54.712830+00:00,2026-08-10T09:05:32.633803+00:00
15d03a50-7383-4877-8342-d628fdcbe696,W16X26,structural_section,W10X22,0.2072746902704239,0.2073,Low,true,Burrville ES - ST__0d910a43b4a0.pdf,,rejected,,,,2026-08-10T08:57:55.591788+00:00,2026-08-10T09:05:32.721366+00:00
d5d97b86-7839-44af-847d-08c479e17f2a,W14X22,structural_section,W14X22,0.5585333704948425,0.5585,Medium,true,Burrville ES - ST__0d910a43b4a0.pdf,,rejected,,,,2026-08-10T08:57:55.793741+00:00,2026-08-10T09:05:32.808682+00:00
f237a1ec-6b06-44f7-9a48-820d4868cf93,W10X19,structural_section,W10X15,0.36702775955200195,0.367,Low,true,Burrville ES - ST__0d910a43b4a0.pdf,,rejected,,,,2026-08-10T08:57:56.553685+00:00,2026-08-10T09:05:32.915921+00:00
a5c97de3-56b9-4d2d-8e1e-2a9e9b488689,HSS10X8X3/8,structural_section,HSS10X8X3/8,0.19780515134334564,0.1978,Low,true,Burrville ES - ST__0d910a43b4a0.pdf,,rejected,,,,2026-08-10T08:57:56.790451+00:00,2026-08-10T09:05:33.037648+00:00
d5f8c707-265a-44fa-8815-55ecbcda6434,HSS10X6X3/8,structural_section,HSS10X6X3/8,0.2836417555809021,0.2836,Low,true,Burrville ES - ST__0d910a43b4a0.pdf,,rejected,,,,2026-08-10T08:57:57.168734+00:00,2026-08-10T09:05:33.153279+00:00
a79c6151-07ad-4235-9e8e-92b530378d7f,W16X36,structural_section,W16X36,0.5437715649604797,0.5438,Low,true,Burrville ES - ST__0d910a43b4a0.pdf,,rejected,,,,2026-08-10T08:57:57.384317+00:00,2026-08-10T09:05:33.301579+00:00
a5adf031-8ed9-4cd4-be33-687ea5b3d4a1,W12X26,structural_section,W10X26,0.27245229482650757,0.2725,Low,true,Burrville ES - ST__0d910a43b4a0.pdf,,rejected,,,,2026-08-10T08:57:58.337908+00:00,2026-08-10T09:05:33.416753+00:00
e9977ba3-dab1-4132-93b4-c82edd8473e0,W30X90,structural_section,W30X90,0.6232404708862305,0.6232,Medium,true,Burrville ES - ST__0d910a43b4a0.pdf,,rejected,,,,2026-08-10T08:57:58.852169+00:00,2026-08-10T09:05:33.539020+00:00
fb0316c4-27e1-4d82-8874-4e3b269b0da2,HSS12X6X3/8,structural_section,HSS12X6X3/8,0.27708396315574646,0.2771,Low,true,Burrville ES - ST__0d910a43b4a0.pdf,,rejected,,,,2026-08-10T08:57:59.617729+00:00,2026-08-10T09:05:33.649627+00:00
f2e0926b-b57d-44fe-9871-d89fdb259934,W10X22,structural_section,W10X22,0.2873418927192688,0.2873,Low,true,Burrville ES - ST__0d910a43b4a0.pdf,,rejected,,,,2026-08-10T08:58:01.944025+00:00,2026-08-10T09:05:33.755278+00:00
49908739-e59d-4eee-921b-bfaba09df337,W12X16.,structural_section,W12X16,0.6303715109825134,0.6304,Medium,true,Burrville ES - ST__0d910a43b4a0.pdf,,rejected,,,,2026-08-10T08:58:02.258375+00:00,2026-08-10T09:05:33.856720+00:00
9a3ee3a4-688d-4f7b-a0ec-98bb20ce9389,W12X22,structural_section,W12X22,0.4988916218280792,0.4989,Low,true,Burrville ES - ST__0d910a43b4a0.pdf,,rejected,,,,2026-08-10T08:58:04.308106+00:00,2026-08-10T09:05:33.960914+00:00
eb279711-b469-4867-919b-096f97ea65df,W10X30,structural_section,W10X30,0.3734739124774933,0.3735,Low,true,Burrville ES - ST__0d910a43b4a0.pdf,,rejected,,,,2026-08-10T08:58:04.606017+00:00,2026-08-10T09:05:34.060791+00:00
3614b1f5-db15-4077-b097-b531710a8540,HSS14X6X1/2,structural_section,HSS14X6X1/2,0.5974482893943787,0.5974,Medium,true,Burrville ES - ST__0d910a43b4a0.pdf,,rejected,,,,2026-08-10T08:58:05.118277+00:00,2026-08-10T09:05:34.203688+00:00
14880ce7-0a5d-4b11-aafe-6de37265f7e5,W12X40,structural_section,W12X40,0.1858615279197693,0.1859,Low,true,Burrville ES - ST__0d910a43b4a0.pdf,,rejected,,,,2026-08-10T08:58:05.266072+00:00,2026-08-10T09:05:34.320737+00:00
bcd54dea-f48e-4c6d-a55c-a4f4cb284086,W14X26,structural_section,W14X26,0.6042540073394775,0.6043,Medium,true,Burrville ES - ST__0d910a43b4a0.pdf,,rejected,,,,2026-08-10T08:58:05.684027+00:00,2026-08-10T09:05:34.428519+00:00
9d7c9079-d4f4-419a-ae55-4ebe752f7e7b,W24X84,structural_section,W24X84,0.44090113043785095,0.4409,Low,true,Burrville ES - ST__0d910a43b4a0.pdf,,rejected,,,,2026-08-10T08:58:06.417184+00:00,2026-08-10T09:05:34.528154+00:00
dc464a16-c49b-4602-b400-c8c8e2659fca,W8x31,structural_section,W8X18,0.4970731735229492,0.4971,Low,true,Burrville ES - ST__0d910a43b4a0.pdf,,rejected,,,,2026-08-10T08:58:07.991877+00:00,2026-08-10T09:05:34.627212+00:00
4334c5f6-1013-42d1-9fc8-478f1154e6bc,HSS14X6X5/8,structural_section,W18X35,0.6885860562324524,0.6886,Medium,true,Burrville ES - ST__0d910a43b4a0.pdf,,rejected,,,,2026-08-10T08:58:10.460814+00:00,2026-08-10T09:05:34.728650+00:00
3d7e5a31-bf42-47cd-8c31-a3f12c44ec13,L4X4X3/8,structural_section,L4X4X3/8,0.312055379152298,0.3121,Low,true,Burrville ES - ST__0d910a43b4a0.pdf,,rejected,,,,2026-08-10T08:58:10.624360+00:00,2026-08-10T09:05:34.829198+00:00
8dbd4fa0-df80-482d-91f5-5a501a499c82,L2x2x3/16,structural_section,L2X2X3/8,0.6598234176635742,0.6598,Medium,true,Burrville ES - ST__0d910a43b4a0.pdf,,rejected,,,,2026-08-10T08:58:10.904000+00:00,2026-08-10T09:05:34.932350+00:00
f0c98cf0-6a86-4a1b-bdfd-0985cae468bb,L3x3x3/16,structural_section,2L3X3X3/16,0.13513563573360443,0.1351,Low,true,Burrville ES - ST__0d910a43b4a0.pdf,,rejected,,,,2026-08-10T08:58:11.057875+00:00,2026-08-10T09:05:35.033466+00:00
b2f975b4-0bd8-481f-a098-356a7b93950f,C8x11.5.,structural_section,C6X8.2,0.46131858229637146,0.4613,Low,true,Burrville ES - ST__0d910a43b4a0.pdf,,rejected,,,,2026-08-10T08:58:11.386357+00:00,2026-08-10T09:05:35.131966+00:00
202e7e5a-cd18-4a28-af39-99ecfaf2a59e,C6 X 8.2,structural_section,C6X8.2,0.59126216173172,0.5913,Medium,true,Burrville ES - ST__0d910a43b4a0.pdf,,rejected,,,,2026-08-10T08:58:11.581530+00:00,2026-08-10T09:05:35.248180+00:00
fd6bff3d-16f5-465c-b764-3fb38bc0b5c2,C6 X 10.5,structural_section,WT4X10.5,0.08102414757013321,0.081,Low,true,Burrville ES - ST__0d910a43b4a0.pdf,,rejected,,,,2026-08-10T08:58:11.850857+00:00,2026-08-10T09:05:35.386585+00:00
25944181-c092-4dba-bb04-7a1074bd2676,L2X2X1/4,structural_section,2L2X2X1/4,0.1932353377342224,0.1932,Low,true,Burrville ES - ST__0d910a43b4a0.pdf,,approved,,2L2X2X1/4,Approved validation correction: Section 2L2X2X1/4 appears 3 times; verify whether duplicates are intentional members,2026-08-10T08:58:12.052120+00:00,2026-08-10T09:02:51.596067+00:00
c6639b80-c42f-4830-9193-9b26c9bd5353,L4X3X3/8,structural_section,L4X3X3/8,0.3621577024459839,0.3622,Low,true,Burrville ES - ST__0d910a43b4a0.pdf,,rejected,,,,2026-08-10T08:58:12.265468+00:00,2026-08-10T09:05:35.505010+00:00
69463c59-4836-465a-a45b-295c508fba4d,L3x3x3/8,structural_section,HSS3X3X3/8,0.09646415710449219,0.0965,Low,true,Burrville ES - ST__0d910a43b4a0.pdf,,rejected,,,,2026-08-10T08:58:12.452693+00:00,2026-08-10T09:05:35.606685+00:00
d516698c-3a52-4b61-a0d9-0ba966f84453,L5x3-1/2x3/8,structural_section,L5X5X3/8,0.1785254329442978,0.1785,Low,true,Burrville ES - ST__0d910a43b4a0.pdf,,rejected,,,,2026-08-10T08:58:12.856272+00:00,2026-08-10T09:05:35.711145+00:00
c5147d55-956b-49e9-9bf6-c36404d436fb,"L3X3X3/8X0'-6""",structural_section,2L3X3X1/4,0.0801326259970665,0.0801,Low,true,Burrville ES - ST__0d910a43b4a0.pdf,,rejected,,,,2026-08-10T08:58:13.150816+00:00,2026-08-10T09:05:35.804001+00:00
d49ad0f0-7388-421f-9b2f-d63ded225b21,W10X112,structural_section,W10X112,0.3677658140659332,0.3678,Low,true,Burrville ES - ST__0d910a43b4a0.pdf,,rejected,,,,2026-08-10T08:58:13.498665+00:00,2026-08-10T09:05:35.889752+00:00
4e961c6f-e086-4643-b757-6168613e915c,W12X106,structural_section,W12X106,0.5,0.5,Low,true,Burrville ES - ST__0d910a43b4a0.pdf,,rejected,,,,2026-08-10T08:58:13.913316+00:00,2026-08-10T09:05:35.980014+00:00
776b1e79-f5db-4f5d-b3e5-5f414dfbf229,W12X230,structural_section,W12X230,0.40033283829689026,0.4003,Low,true,Burrville ES - ST__0d910a43b4a0.pdf,,rejected,,,,2026-08-10T08:58:14.162178+00:00,2026-08-10T09:05:36.075041+00:00
9a4af61a-0454-4534-b5b2-c0e0d60531b9,W12X252,structural_section,W12X22,0.29143285751342773,0.2914,Low,true,Burrville ES - ST__0d910a43b4a0.pdf,,rejected,,,,2026-08-10T08:58:14.463650+00:00,2026-08-10T09:05:36.180053+00:00
eee0527f-372f-450e-b7f9-90f231ee87fb,W12X336,structural_section,W12X336,0.204423725605011,0.2044,Low,true,Burrville ES - ST__0d910a43b4a0.pdf,,rejected,,,,2026-08-10T08:58:14.655850+00:00,2026-08-10T09:05:36.282654+00:00
a38e92a4-ff69-47cb-913c-b03d6f21f47f,W14X43,structural_section,W14X43,0.4731062948703766,0.4731,Low,true,Burrville ES - ST__0d910a43b4a0.pdf,,rejected,,,,2026-08-10T08:58:14.961889+00:00,2026-08-10T09:05:36.387704+00:00
ae4123b4-da77-42de-80a3-0a676160992c,W14X61,structural_section,W14X26,0.29742228984832764,0.2974,Low,true,Burrville ES - ST__0d910a43b4a0.pdf,,rejected,,,,2026-08-10T08:58:15.224764+00:00,2026-08-10T09:05:36.490066+00:00
a24f31c8-665e-4c2c-a968-b31447386269,W14X68,structural_section,W14X68,0.4615981876850128,0.4616,Low,true,Burrville ES - ST__0d910a43b4a0.pdf,,rejected,,,,2026-08-10T08:58:15.389630+00:00,2026-08-10T09:05:36.595946+00:00
0be080c1-d2f8-4fda-876e-9ebd92db5c7a,W14X82,structural_section,W14X22,0.25608330965042114,0.2561,Low,true,Burrville ES - ST__0d910a43b4a0.pdf,,rejected,,,,2026-08-10T08:58:15.555638+00:00,2026-08-10T09:05:36.698965+00:00
5152ca60-47f3-47f3-a478-c2d65d157c57,W14X132,structural_section,W14X132,0.3860782980918884,0.3861,Low,true,Burrville ES - ST__0d910a43b4a0.pdf,,rejected,,,,2026-08-10T08:58:15.728628+00:00,2026-08-10T09:05:36.797754+00:00
00da5942-8868-43fa-9da5-4f8460090e9a,L4X4X1/4,structural_section,L4X4X1/4,0.9973586201667786,0.9974,High,true,Burrville ES - ST__0d910a43b4a0.pdf,,rejected,,,,2026-08-10T08:58:15.959520+00:00,2026-08-10T09:05:36.901974+00:00
08a8941d-c577-4af7-bfef-681c76e9f6ed,"L3x3x1/4x0'-3"",",structural_section,2L3X3X1/2X3/4,0.08390068262815475,0.0839,Low,true,Burrville ES - ST__0d910a43b4a0.pdf,,rejected,,,,2026-08-10T08:58:16.227004+00:00,2026-08-10T09:05:37.009060+00:00
7c621545-6bf8-4273-9435-6a1fc2b72408,L1x1x1/4,structural_section,L2X2X1/4,0.22534090280532837,0.2253,Low,true,Burrville ES - ST__0d910a43b4a0.pdf,,rejected,,,,2026-08-10T08:58:16.404640+00:00,2026-08-10T09:05:37.112945+00:00
f3cce716-e8f1-4c3f-89ac-7c435be74822,2 L1x1x1/4,structural_section,2L2X2X1/4,0.40407606959342957,0.4041,Low,true,Burrville ES - ST__0d910a43b4a0.pdf,,rejected,,,,2026-08-10T08:58:16.576658+00:00,2026-08-10T09:05:37.218435+00:00
5256655d-0211-4041-be7d-cd321174d662,"L3X3X5/16,",structural_section,HSS3X3X5/16,0.13131563365459442,0.1313,Low,true,Burrville ES - ST__0d910a43b4a0.pdf,,rejected,,,,2026-08-10T08:58:16.868181+00:00,2026-08-10T09:05:37.318863+00:00
c489e1c9-3e07-43b4-9f19-3e7b214aca48,"L4X4X3/8X0'-8""",structural_section,L4X4X3/8,0.907620370388031,0.9076,High,true,Burrville ES - ST__0d910a43b4a0.pdf,,rejected,,,,2026-08-10T08:58:17.039121+00:00,2026-08-10T09:05:37.424160+00:00
5f7023ff-6bbd-408f-8d4b-d87f904ce053,2L3x3x1/4,structural_section,L3X3X1/2,0.16815462708473206,0.1682,Low,true,Burrville ES - ST__0d910a43b4a0.pdf,,rejected,,,,2026-08-10T08:58:17.223792+00:00,2026-08-10T09:05:37.528653+00:00
0d7d67cd-3a4a-4c3d-9b9a-4a7168bfbefa,"L4x3x1/4x6""",structural_section,L4X3X5/16,0.755949854850769,0.7559,Medium,true,Burrville ES - ST__0d910a43b4a0.pdf,,rejected,,,,2026-08-10T08:58:17.383919+00:00,2026-08-10T09:05:37.629652+00:00
5f13484b-8183-42fa-8dd4-0b2116014e98,"L4x3x1/4x2'-0""",structural_section,L4X3X5/16,0.5537854433059692,0.5538,Medium,true,Burrville ES - ST__0d910a43b4a0.pdf,,rejected,,,,2026-08-10T08:58:17.626264+00:00,2026-08-10T09:05:37.734533+00:00
dd645161-21bb-4d8d-8c79-0bfc6b174bf2,"L4x3x1/4x1'-0""",structural_section,L4X3X5/16,0.4091182053089142,0.4091,Low,true,Burrville ES - ST__0d910a43b4a0.pdf,,rejected,,,,2026-08-10T08:58:17.789798+00:00,2026-08-10T09:05:37.835863+00:00
9e938f0a-b433-42ff-9832-2205401523c9,"L4x4x3/8x0'-6""",structural_section,L4X4X3/8,0.8889415264129639,0.8889,High,true,Burrville ES - ST__0d910a43b4a0.pdf,,rejected,,,,2026-08-10T08:58:18.105123+00:00,2026-08-10T09:05:37.938056+00:00
8e101e33-6afb-4425-879c-7b4274f3aee7,L6x3-1/2x3/8,structural_section,L4X3X3/8,0.2003857046365738,0.2004,Low,true,Burrville ES - ST__0d910a43b4a0.pdf,,rejected,,,,2026-08-10T08:58:18.282387+00:00,2026-08-10T09:05:38.044368+00:00
7e6144de-2f37-4b7c-b02b-857ed5e3a918,"L4X3X3/8X0'-6""",structural_section,L4X3X3/8,0.49239611625671387,0.4924,Low,true,Burrville ES - ST__0d910a43b4a0.pdf,,rejected,,,,2026-08-10T08:58:18.535974+00:00,2026-08-10T09:05:38.144288+00:00
3fa04ebf-7b92-4219-9a89-8b87a34aced2,HSS5x3x3/16,structural_section,L4X4X3/8,0.5063305497169495,0.5063,Low,true,Burrville ES - ST__0d910a43b4a0.pdf,,rejected,,,,2026-08-10T08:58:18.700361+00:00,2026-08-10T09:05:38.242085+00:00
4a0ebbd7-9d66-441e-ae27-50cfdaaadfc4,L7X4X3/8,structural_section,L4X4X3/8,0.40813061594963074,0.4081,Low,true,Burrville ES - ST__0d910a43b4a0.pdf,,rejected,,,,2026-08-10T08:58:18.979502+00:00,2026-08-10T09:05:38.342544+00:00
80eecbdf-acd9-49d1-972f-0f0a5e992e06,"L3X3X3/8X0'-10""",structural_section,2L3X3X1/4,0.08080370724201202,0.0808,Low,true,Burrville ES - ST__0d910a43b4a0.pdf,,rejected,,,,2026-08-10T08:58:19.316241+00:00,2026-08-10T09:05:38.446617+00:00
6a1ea309-f92d-4148-8c4a-76cecec85653,HSS6X6X3/8,structural_section,HSS10X6X3/8,0.4261769652366638,0.4262,Low,true,Burrville ES - ST__0d910a43b4a0.pdf,,rejected,,,,2026-08-10T08:58:19.550918+00:00,2026-08-10T09:05:38.551372+00:00
0b9ca268-c458-4899-8f81-89725ee3b673,HSS8X6X3/8,structural_section,HSS10X6X3/8,0.2718154191970825,0.2718,Low,true,Burrville ES - ST__0d910a43b4a0.pdf,,rejected,,,,2026-08-10T08:58:19.748377+00:00,2026-08-10T09:05:38.651612+00:00
ece4a285-6da3-4e6e-a535-cf54e1138d93,HSS6X6X1/2,structural_section,HSS14X6X1/2,0.261258065700531,0.2613,Low,true,Burrville ES - ST__0d910a43b4a0.pdf,,rejected,,,,2026-08-10T08:58:20.545584+00:00,2026-08-10T09:05:38.742272+00:00
81de7a63-5e25-4763-a220-e459fd8c88ac,W10X54,structural_section,HSS10.000X0.625,0.1423880159854889,0.1424,Low,true,Burrville ES - ST__0d910a43b4a0.pdf,,approved,structural_section,W10X54,,2026-08-10T08:58:21.508979+00:00,2026-08-10T09:05:18.174178+00:00
d5b7f99a-c867-43d7-8785-5dc7a883d1d3,HSS10X0.500,structural_section,HSS10.000X0.500,0.4986088275909424,0.4986,Low,true,Burrville ES - ST__0d910a43b4a0.pdf,,approved,,HSS10.000X0.500,,2026-08-10T08:58:21.754457+00:00,2026-08-10T09:04:31.272667+00:00
36914f59-a452-4ac1-a276-f0659e5ff23a,HSS10X0.625,structural_section,HSS10.000X0.625,0.9996212720870972,0.9996,High,true,Burrville ES - ST__0d910a43b4a0.pdf,,approved,,HSS10.000X0.625,,2026-08-10T08:58:22.023103+00:00,2026-08-10T09:04:22.865549+00:00
4cc07aab-60b3-480f-8f25-25435c1d5b73,W10X33,structural_section,W10X33,0.6730278134346008,0.673,Medium,true,Burrville ES - ST__0d910a43b4a0.pdf,,approved,structural_section,W10X33,,2026-08-10T08:58:22.328564+00:00,2026-08-10T09:03:45.945207+00:00
095ffa1b-9c0c-41ec-b0fd-517e26c3f485,W8X40,structural_section,HSS10.000X0.625,0.4976368844509125,0.4976,Low,true,Burrville ES - ST__0d910a43b4a0.pdf,,rejected,,,,2026-08-10T08:58:22.692880+00:00,2026-08-10T09:03:40.592081+00:00
3156c3c7-01ba-4557-9040-96ab9b786075,L3x3x1/4,structural_section,L3X3X1/4,0.11002498865127563,0.11,Low,true,ST - Springhill Lake__f6ddc4a7e233.pdf,,rejected,,,,2026-08-10T10:59:12.320201+00:00,2026-08-10T11:59:41.335883+00:00
e81a13d1-5c12-4a56-b974-952467853ccc,L4X3-1/2X5/16,structural_section,L4X4X1/4,0.18724733591079712,0.1872,Low,true,ST - Springhill Lake__f6ddc4a7e233.pdf,,rejected,,,,2026-08-10T10:59:12.574079+00:00,2026-08-10T11:59:41.577988+00:00
15ecdd87-2244-4179-ba38-bbbe64d887bf,L5X3-1/2X5/16,structural_section,L5X3X1/4,0.2970813512802124,0.2971,Low,true,ST - Springhill Lake__f6ddc4a7e233.pdf,,rejected,,,,2026-08-10T10:59:12.741062+00:00,2026-08-10T11:59:41.822809+00:00
11df13fb-ec5a-43b9-a3ae-a626b191cc73,HSS8X6X5/16,structural_section,HSS8X6X5/16,0.11232123523950577,0.1123,Low,true,ST - Springhill Lake__f6ddc4a7e233.pdf,,rejected,,,,2026-08-10T10:59:13.091334+00:00,2026-08-10T11:59:41.931192+00:00
532e0f56-ce6f-4d2b-a51d-20acd919a3c9,HSS6X4X3/8,structural_section,HSS6X4X3/8,0.2336413562297821,0.2336,Low,true,ST - Springhill Lake__f6ddc4a7e233.pdf,,rejected,,,,2026-08-10T10:59:13.519213+00:00,2026-08-10T11:59:42.034107+00:00
66e89f2d-cd8b-4425-a37b-f8e1e8f2c68f,W12X16,structural_section,W12X120,0.09311666339635849,0.0931,Low,true,ST - Springhill Lake__f6ddc4a7e233.pdf,,rejected,,,,2026-08-10T10:59:13.671335+00:00,2026-08-10T11:59:42.293105+00:00
a3573b73-6a89-494b-b0c3-08c824fa57d2,W21X44,structural_section,W21X44,0.5672064423561096,0.5672,Medium,true,ST - Springhill Lake__f6ddc4a7e233.pdf,,rejected,,,,2026-08-10T10:59:13.823089+00:00,2026-08-10T11:59:42.385723+00:00
ce82702b-b9f7-4cfd-bea4-4585669f8e89,W18X50,structural_section,W12X50,0.28456979990005493,0.2846,Low,true,ST - Springhill Lake__f6ddc4a7e233.pdf,,rejected,,,,2026-08-10T10:59:14.047589+00:00,2026-08-10T11:59:42.484396+00:00
7ccd70a7-942b-4bb8-8250-9c35bc1ff392,W18X35,structural_section,W18X35,0.4482399523258209,0.4482,Low,true,ST - Springhill Lake__f6ddc4a7e233.pdf,,rejected,,,,2026-08-10T10:59:14.192184+00:00,2026-08-10T11:59:42.580640+00:00
da310680-3af8-4d1b-ba5e-32cac78fcfb9,W18X40,structural_section,W18X40,0.3172818720340729,0.3173,Low,true,ST - Springhill Lake__f6ddc4a7e233.pdf,,rejected,,,,2026-08-10T10:59:14.417867+00:00,2026-08-10T11:59:42.676077+00:00
7cc11587-43e5-4086-971f-a18a449b9da0,W18X97,structural_section,W18X97,0.2634715139865875,0.2635,Low,true,ST - Springhill Lake__f6ddc4a7e233.pdf,,rejected,,,,2026-08-10T10:59:14.767129+00:00,2026-08-10T11:59:42.775036+00:00
a47f5a14-c856-4ebe-a250-cbb2f19777b2,W18X46,structural_section,W18X46,0.2513502836227417,0.2514,Low,true,ST - Springhill Lake__f6ddc4a7e233.pdf,,rejected,,,,2026-08-10T10:59:14.918533+00:00,2026-08-10T11:59:42.876432+00:00
a1b98f3b-b409-4a8b-96c7-aeab9c122860,W16X26,structural_section,W10X26,0.0772172212600708,0.0772,Low,true,ST - Springhill Lake__f6ddc4a7e233.pdf,,rejected,,,,2026-08-10T10:59:15.216133+00:00,2026-08-10T11:59:42.972040+00:00
eb839efa-e395-4d8e-83e0-beaf27af11df,W18X65,structural_section,W18X55,0.46065905690193176,0.4607,Low,true,ST - Springhill Lake__f6ddc4a7e233.pdf,,rejected,,,,2026-08-10T10:59:15.468033+00:00,2026-08-10T11:59:43.071306+00:00
8e12fe9b-1be1-4077-a642-7c16b08eb14e,W18X55,structural_section,W18X55,0.576775312423706,0.5768,Medium,true,ST - Springhill Lake__f6ddc4a7e233.pdf,,rejected,,,,2026-08-10T10:59:15.632594+00:00,2026-08-10T11:59:43.168769+00:00
c62bccc5-ba90-4ee6-a0ab-38d310ab62a3,W24X68,structural_section,W21X68,0.41716912388801575,0.4172,Low,true,ST - Springhill Lake__f6ddc4a7e233.pdf,,rejected,,,,2026-08-10T10:59:16.254929+00:00,2026-08-10T11:59:43.276465+00:00
441094be-ef21-495d-9f21-1431c8d3de2b,HSS14X10X3/8,structural_section,HSS14X10X1/4,0.12515603005886078,0.1252,Low,true,ST - Springhill Lake__f6ddc4a7e233.pdf,,rejected,,,,2026-08-10T10:59:16.593342+00:00,2026-08-10T11:59:43.452752+00:00
00d54029-af90-437e-9bb8-f2cc8c56d40e,W16X45,structural_section,W16X45,0.6779533624649048,0.678,Medium,true,ST - Springhill Lake__f6ddc4a7e233.pdf,,rejected,,,,2026-08-10T10:59:16.743381+00:00,2026-08-10T11:59:43.539189+00:00
e9f92b14-5ad5-46ba-876b-1743ab650c29,W14X30,structural_section,W14X30,0.3384331464767456,0.3384,Low,true,ST - Springhill Lake__f6ddc4a7e233.pdf,,rejected,,,,2026-08-10T10:59:17.010344+00:00,2026-08-10T11:59:43.631756+00:00
eb6f9763-d20f-4db8-8557-9f566b987725,HSS8X6X3/8,structural_section,HSS8X8X3/8,0.1434243619441986,0.1434,Low,true,ST - Springhill Lake__f6ddc4a7e233.pdf,,rejected,,,,2026-08-10T10:59:17.624270+00:00,2026-08-10T11:59:43.739048+00:00
efcf4aed-7a3b-4f6e-8ff0-16cb784834d3,W16X50,structural_section,W16X50,0.37280037999153137,0.3728,Low,true,ST - Springhill Lake__f6ddc4a7e233.pdf,,rejected,,,,2026-08-10T10:59:17.770221+00:00,2026-08-10T11:59:43.845247+00:00
ecba2180-f98b-4c03-89b3-99794007f253,W16X40,structural_section,W12X40,0.2588687241077423,0.2589,Low,true,ST - Springhill Lake__f6ddc4a7e233.pdf,,rejected,,,,2026-08-10T10:59:17.909285+00:00,2026-08-10T11:59:43.952938+00:00
cc02ec7e-f10e-40b0-807d-592fc6877742,W12X19,structural_section,W12X120,0.11153753846883774,0.1115,Low,true,ST - Springhill Lake__f6ddc4a7e233.pdf,,rejected,,,,2026-08-10T10:59:18.060382+00:00,2026-08-10T11:59:44.058386+00:00
51f5a71a-445d-4433-8702-108d71fdd8fb,W21X50,structural_section,W16X50,0.2858309745788574,0.2858,Low,true,ST - Springhill Lake__f6ddc4a7e233.pdf,,rejected,,,,2026-08-10T10:59:18.290800+00:00,2026-08-10T11:59:44.163124+00:00
db5ec86e-6883-423e-880a-68c6e148eaae,W18X76,structural_section,W18X76,0.48139646649360657,0.4814,Low,true,ST - Springhill Lake__f6ddc4a7e233.pdf,,rejected,,,,2026-08-10T10:59:18.451538+00:00,2026-08-10T11:59:44.269562+00:00
750a5d9b-3640-47ee-b1f1-0bf91e1e9b3f,W16X36,structural_section,W16X36,0.5141479969024658,0.5141,Low,true,ST - Springhill Lake__f6ddc4a7e233.pdf,,rejected,,,,2026-08-10T10:59:19.008649+00:00,2026-08-10T11:59:44.409698+00:00
917e8bbe-df2d-40ce-b9fc-b40c11ac7f32,W8X24,structural_section,W8X24,0.49265000224113464,0.4927,Low,true,ST - Springhill Lake__f6ddc4a7e233.pdf,,rejected,,,,2026-08-10T10:59:19.487028+00:00,2026-08-10T11:59:44.572193+00:00
cdbd7f4e-a75a-40a0-a1c6-005a0e1b458b,W24X62,structural_section,W24X62,0.6550859212875366,0.6551,Medium,true,ST - Springhill Lake__f6ddc4a7e233.pdf,,rejected,,,,2026-08-10T10:59:19.776373+00:00,2026-08-10T11:59:44.687570+00:00
0b985497-4ce8-42b4-a75d-764011dad01d,W12X26,structural_section,W12X16,0.09784626960754395,0.0978,Low,true,ST - Springhill Lake__f6ddc4a7e233.pdf,,rejected,,,,2026-08-10T10:59:20.072729+00:00,2026-08-10T11:59:44.812571+00:00
ab53cf4f-fd74-4bfa-912c-0d0fe3a34ba8,W21X62,structural_section,W24X62,0.48563352227211,0.4856,Low,true,ST - Springhill Lake__f6ddc4a7e233.pdf,,rejected,,,,2026-08-10T10:59:20.349191+00:00,2026-08-10T11:59:44.935070+00:00
57543c55-fbd5-409c-ba4c-099a55996029,L4X3-1/2X3/8,structural_section,L4X3X3/8,0.1835520714521408,0.1836,Low,true,ST - Springhill Lake__f6ddc4a7e233.pdf,,rejected,,,,2026-08-10T10:59:21.032994+00:00,2026-08-10T11:59:45.049464+00:00
d435beb8-a4a9-4620-977c-16198fdd60f7,HSS12X6X1/2,structural_section,HSS8X6X1/2,0.12505699694156647,0.1251,Low,true,ST - Springhill Lake__f6ddc4a7e233.pdf,,rejected,,,,2026-08-10T10:59:21.448163+00:00,2026-08-10T11:59:45.221614+00:00
4139eeec-e58c-4d9b-824f-ea6f42737064,HSS16X8X3/8,structural_section,HSS6X4X3/8,0.1112479493021965,0.1112,Low,true,ST - Springhill Lake__f6ddc4a7e233.pdf,,rejected,,,,2026-08-10T10:59:21.839584+00:00,2026-08-10T11:59:45.407547+00:00
bf23eaba-f934-485d-8f3e-8c3404bc631c,HSS6X6X3/8,structural_section,HSS6X6X1/2,0.09092257171869278,0.0909,Low,true,ST - Springhill Lake__f6ddc4a7e233.pdf,,rejected,,,,2026-08-10T10:59:22.037018+00:00,2026-08-10T11:59:45.530611+00:00
4f4a0400-bf62-4b84-9d1c-6a95574fd6ae,HSS16X4X1/2,structural_section,HSS16X4X1/4,0.21956239640712738,0.2196,Low,true,ST - Springhill Lake__f6ddc4a7e233.pdf,,rejected,,,,2026-08-10T10:59:22.767662+00:00,2026-08-10T11:59:45.641756+00:00
e1028d22-5c1e-4dbc-87e5-b9b6877eaba2,W12X16.,structural_section,W12X19,0.13490600883960724,0.1349,Low,true,ST - Springhill Lake__f6ddc4a7e233.pdf,,rejected,,,,2026-08-10T10:59:22.946389+00:00,2026-08-10T11:59:45.761828+00:00
a622e12e-e2e6-402e-8353-60ce2c2b6290,L4X3X5/16,structural_section,2L4X3X5/16LLBB,0.08372926712036133,0.0837,Low,true,ST - Springhill Lake__f6ddc4a7e233.pdf,,rejected,,,,2026-08-10T10:59:23.119422+00:00,2026-08-10T11:59:45.883329+00:00
ee8c98d0-f144-4334-aaaf-a6c2cf90c3b8,L5X5X1/2,structural_section,L5X5X1/2,0.1392519623041153,0.1393,Low,true,ST - Springhill Lake__f6ddc4a7e233.pdf,,rejected,,,,2026-08-10T10:59:24.254206+00:00,2026-08-10T11:59:46.002217+00:00
9d2008a2-1bdb-44a7-8085-01014f9c91ca,L4x4,structural_section,L4X3X1/4,0.683407187461853,0.6834,Medium,true,ST - Springhill Lake__f6ddc4a7e233.pdf,,rejected,,,,2026-08-10T10:59:25.459981+00:00,2026-08-10T11:59:46.110992+00:00
fbc75923-382c-4d43-a579-06cd0ded50f6,W21X48,structural_section,W21X68,0.20712321996688843,0.2071,Low,true,ST - Springhill Lake__f6ddc4a7e233.pdf,,rejected,,,,2026-08-10T10:59:26.187425+00:00,2026-08-10T11:59:46.224294+00:00
3eb4d0b1-93cb-470b-ba88-eb2bceb55ec3,HSS20X12X1/2,structural_section,HSS10X10X1/2,0.12506626546382904,0.1251,Low,true,ST - Springhill Lake__f6ddc4a7e233.pdf,,rejected,,,,2026-08-10T10:59:26.458659+00:00,2026-08-10T11:59:46.339453+00:00
c7177471-193c-4746-bc31-b1aed66eb8a5,L4x4x3/8,structural_section,L4X3X3/8,0.11646243184804916,0.1165,Low,true,ST - Springhill Lake__f6ddc4a7e233.pdf,,rejected,,,,2026-08-10T10:59:28.506373+00:00,2026-08-10T11:59:46.469123+00:00
062f6cef-9302-4224-a77b-599051dfd9d0,L4X3X1/4,structural_section,L3X3X1/2,0.08544422686100006,0.0854,Low,true,ST - Springhill Lake__f6ddc4a7e233.pdf,,rejected,,,,2026-08-10T10:59:28.800864+00:00,2026-08-10T11:59:46.552674+00:00
0a84a6b9-af6a-47c3-8f49-cc18b5dd2ac0,L4X3 1/2X3/8,structural_section,L4X3X1/4,0.9509479999542236,0.9509,High,true,ST - Springhill Lake__f6ddc4a7e233.pdf,,rejected,,,,2026-08-10T10:59:28.966613+00:00,2026-08-10T11:59:46.642126+00:00
600adee5-188c-4f9d-a408-4c0c842e595d,L2x2x3/16,structural_section,2L2X2X3/16X3/4,0.1296176165342331,0.1296,Low,true,ST - Springhill Lake__f6ddc4a7e233.pdf,,rejected,,,,2026-08-10T10:59:29.106050+00:00,2026-08-10T11:59:46.742968+00:00
07e041e8-7f17-4c7e-b4af-e12d0a9dbe64,L3x3x3/16,structural_section,2L3X3X3/8X3/8,0.10154614597558975,0.1015,Low,true,ST - Springhill Lake__f6ddc4a7e233.pdf,,rejected,,,,2026-08-10T10:59:29.283357+00:00,2026-08-10T11:59:46.840202+00:00
44353aca-43fe-40f3-99ef-16cf9e261c55,L1x1x1/4,structural_section,L2X2X1/4,0.24917174875736237,0.2492,Low,true,ST - Springhill Lake__f6ddc4a7e233.pdf,,rejected,,,,2026-08-10T10:59:29.687551+00:00,2026-08-10T11:59:46.938206+00:00
0f95c6d2-a176-4adf-b8eb-f522edc9465e,2 L1x1x1/4,structural_section,2L2X2X1/4,0.45570656657218933,0.4557,Low,true,ST - Springhill Lake__f6ddc4a7e233.pdf,,rejected,,,,2026-08-10T10:59:30.016446+00:00,2026-08-10T11:59:47.039722+00:00
64bb2bfa-c15e-4fbf-a328-721824aa65b8,L2X2X1/4,structural_section,L2X2X1/4,0.1388145536184311,0.1388,Low,true,ST - Springhill Lake__f6ddc4a7e233.pdf,,rejected,,,,2026-08-10T10:59:30.190594+00:00,2026-08-10T11:59:47.136909+00:00
9b08990c-ef05-4531-9e67-f0c6122eb43c,"L3x3x1/4x0'-3"",",structural_section,2L3X3X1/2X3/8,0.08626218885183334,0.0863,Low,true,ST - Springhill Lake__f6ddc4a7e233.pdf,,rejected,,,,2026-08-10T10:59:30.370357+00:00,2026-08-10T11:59:47.234384+00:00
615855a5-1210-456e-84e3-898e98938e26,L4X4X1/4,structural_section,L4X4X1/2,0.08555435389280319,0.0856,Low,true,ST - Springhill Lake__f6ddc4a7e233.pdf,,rejected,,,,2026-08-10T10:59:30.568228+00:00,2026-08-10T11:59:47.331831+00:00
09f76121-a6e4-4b6d-87fa-c161147d352b,HSS4X3X5/16,structural_section,HSS4X4X5/16,0.12167771905660629,0.1217,Low,true,ST - Springhill Lake__f6ddc4a7e233.pdf,,rejected,,,,2026-08-10T10:59:30.822465+00:00,2026-08-10T11:59:47.428731+00:00
0c12126a-af43-4d79-97d0-42309ce28c14,HSS4X4X5/16,structural_section,HSS6X2X5/16,0.08349038660526276,0.0835,Low,true,ST - Springhill Lake__f6ddc4a7e233.pdf,,rejected,,,,2026-08-10T10:59:31.070769+00:00,2026-08-10T11:59:47.529821+00:00
104eeaf9-ef12-4928-b7d5-5569b1f01541,"L4x3x1/4x6""",structural_section,L3X3X1/2,0.11043544858694077,0.1104,Low,true,ST - Springhill Lake__f6ddc4a7e233.pdf,,rejected,,,,2026-08-10T10:59:31.360644+00:00,2026-08-10T11:59:47.626484+00:00
4b7a8a01-77a3-451f-87c5-074dcdd2912d,"L4x3x1/4x1'-0""",structural_section,L4X4X1/4,0.11396351456642151,0.114,Low,true,ST - Springhill Lake__f6ddc4a7e233.pdf,,rejected,,,,2026-08-10T10:59:32.193378+00:00,2026-08-10T11:59:47.731379+00:00
58bf3cb0-6b76-4e63-83c0-25f1a4a04b7b,C8X13.7,structural_section,C8X13.75,0.28285664319992065,0.2829,Low,true,ST - Springhill Lake__f6ddc4a7e233.pdf,,rejected,,,,2026-08-10T10:59:32.944545+00:00,2026-08-10T11:59:47.855290+00:00
4f56255a-b92e-4296-a6f8-caf97ffd78e6,"L4X4X5/16X0'-5""",structural_section,L4X4X3/8,0.10651390254497528,0.1065,Low,true,ST - Springhill Lake__f6ddc4a7e233.pdf,,rejected,,,,2026-08-10T10:59:33.373906+00:00,2026-08-10T11:59:47.982499+00:00
0bc04017-79f7-4037-bda9-b6cb32d28c14,HSS16X0.5,structural_section,HSS12.750X0.375,0.19312411546707153,0.1931,Low,true,ST - Springhill Lake__f6ddc4a7e233.pdf,,rejected,,,,2026-08-10T10:59:33.869372+00:00,2026-08-10T11:59:48.095413+00:00
c27c962b-5abd-400d-8674-c827fc7dd690,HSS6x2x5/16,structural_section,HSS6X2X1/4,0.1426418572664261,0.1426,Low,true,ST - Springhill Lake__f6ddc4a7e233.pdf,,rejected,,,,2026-08-10T10:59:34.298142+00:00,2026-08-10T11:59:48.205142+00:00
3989e1f8-1864-4a8d-8d31-de4798d9c447,L8X6X1/2X1',structural_section,L8X6X1,0.43718332052230835,0.4372,Low,true,ST - Springhill Lake__f6ddc4a7e233.pdf,,rejected,,,,2026-08-10T10:59:34.596472+00:00,2026-08-10T11:59:48.315515+00:00
6ee3f476-c616-4803-8285-378a5205e0b8,L6X3 1/2X5/16,structural_section,L5X3X1/4,0.2503317594528198,0.2503,Low,true,ST - Springhill Lake__f6ddc4a7e233.pdf,,rejected,,,,2026-08-10T10:59:34.968053+00:00,2026-08-10T11:59:48.425633+00:00
02ae0c64-5c8f-4e96-a64c-55dd2878e3d4,"L7X4X3/8X0'-11""",structural_section,L6X4X3/8,0.08343049883842468,0.0834,Low,true,ST - Springhill Lake__f6ddc4a7e233.pdf,,rejected,,,,2026-08-10T10:59:35.499847+00:00,2026-08-10T11:59:48.538521+00:00
c8706110-efbd-499e-a170-d81bea5fb721,"L5X3X3/8X0'-5""",structural_section,2L5X3X3/8LLBB,0.08397860080003738,0.084,Low,true,ST - Springhill Lake__f6ddc4a7e233.pdf,,rejected,,,,2026-08-10T10:59:35.781128+00:00,2026-08-10T11:59:48.667260+00:00
b886864d-9489-45cb-a517-6d506a96ec08,L3X3X3/8,structural_section,2L3X3X3/16X3/4,0.09267488867044449,0.0927,Low,true,ST - Springhill Lake__f6ddc4a7e233.pdf,,rejected,,,,2026-08-10T10:59:35.973662+00:00,2026-08-10T11:59:48.787856+00:00
442a84b1-bc16-4a93-a1bc-6df432e27d7f,"L4X4X3/8X0'-4""",structural_section,L4X4X3/8,0.6083829998970032,0.6084,Medium,true,ST - Springhill Lake__f6ddc4a7e233.pdf,,rejected,,,,2026-08-10T10:59:36.157030+00:00,2026-08-10T11:59:48.898016+00:00
f6c1e2df-5bb4-493f-8bfc-3a7fe878777b,"L3X3X3/8,",structural_section,2L3X3X3/16X3/8,0.09675022214651108,0.0968,Low,true,ST - Springhill Lake__f6ddc4a7e233.pdf,,rejected,,,,2026-08-10T10:59:36.359956+00:00,2026-08-10T11:24:47.598905+00:00
c19299ac-5ba2-438f-9db5-6ccb829f8f7d,"L4X3X3/8X0'-8""",structural_section,2L4X3X3/8LLBB,0.09375903010368347,0.0938,Low,true,ST - Springhill Lake__f6ddc4a7e233.pdf,,rejected,,,,2026-08-10T10:59:36.730500+00:00,2026-08-10T11:59:49.007358+00:00
3c22db10-5239-4b93-bd15-9aa4eebeafa0,HSS4X4X3/8,structural_section,HSS4X4X3/8,0.08612267673015594,0.0861,Low,true,ST - Springhill Lake__f6ddc4a7e233.pdf,,rejected,,,,2026-08-10T10:59:37.408221+00:00,2026-08-10T11:59:49.119243+00:00
e6cd6c73-d584-4518-af12-4762545da332,HSS6X6X5/8,structural_section,HSS14X6X5/8,0.10018633306026459,0.1002,Low,true,ST - Springhill Lake__f6ddc4a7e233.pdf,,rejected,,,,2026-08-10T10:59:38.957787+00:00,2026-08-10T11:59:49.227970+00:00
86c14ff9-5bd3-4358-9d61-ea93b4ad109b,HSS8X8X3/8,structural_section,HSS8X6X3/8,0.41097140312194824,0.411,Low,true,ST - Springhill Lake__f6ddc4a7e233.pdf,,rejected,,,,2026-08-10T10:59:39.708049+00:00,2026-08-10T11:59:49.338871+00:00
c500e560-3245-4b1c-b35f-fb59256740d1,HSS6X6X1/2,structural_section,HSS8X6X1/2,0.10008251667022705,0.1001,Low,true,ST - Springhill Lake__f6ddc4a7e233.pdf,,rejected,,,,2026-08-10T10:59:40.260216+00:00,2026-08-10T11:59:49.444398+00:00
7a61cdf0-483e-47f2-8b72-3c2a9dfe0b89,W10X45,structural_section,W10X22,0.20163631439208984,0.2016,Low,true,ST - Springhill Lake__f6ddc4a7e233.pdf,,rejected,,,,2026-08-10T10:59:41.337361+00:00,2026-08-10T11:59:49.561335+00:00
99a5b0dc-c7c0-44df-a549-56ab58560b0b,W10X33,structural_section,W12X336,0.27085721492767334,0.2709,Low,true,ST - Springhill Lake__f6ddc4a7e233.pdf,,rejected,,,,2026-08-10T10:59:41.558617+00:00,2026-08-10T11:59:49.675767+00:00
e3f1c9e8-57e0-4e22-ac68-85dd4985fe4b,W10X39,structural_section,W10X22,0.2953518331050873,0.2954,Low,true,ST - Springhill Lake__f6ddc4a7e233.pdf,,approved,structural_section,W10X49,,2026-08-10T10:59:41.777067+00:00,2026-08-10T11:24:10.068856+00:00
85976e92-c91f-409b-b837-6563cfc4b80d,W10X49,structural_section,W10X49,0.3447429835796356,0.3447,Low,true,ST - Springhill Lake__f6ddc4a7e233.pdf,,rejected,,,,2026-08-10T10:59:42.270836+00:00,2026-08-10T11:59:49.816582+00:00
ab447aaf-6c13-4d5f-96a5-86fd38d27246,W10X54,structural_section,W10X54,0.2691558599472046,0.2692,Low,true,ST - Springhill Lake__f6ddc4a7e233.pdf,,rejected,,,,2026-08-10T10:59:43.237317+00:00,2026-08-10T11:59:49.929068+00:00
686192d7-f2ec-4365-b4b7-cf8dbd660ac3,W12X65,structural_section,W12X65,0.18252357840538025,0.1825,Low,true,ST - Springhill Lake__f6ddc4a7e233.pdf,,rejected,,,,2026-08-10T10:59:45.090220+00:00,2026-08-10T11:59:50.045608+00:00
e80c0042-478f-4d81-bdbc-3559366a08ad,HSS10X0.500,structural_section,HSS10.000X0.500,0.49866408109664917,0.4987,Low,true,ST - Springhill Lake__f6ddc4a7e233.pdf,,rejected,,,,2026-08-10T10:59:50.366430+00:00,2026-08-10T11:59:50.158236+00:00
569c3b75-fcce-46b1-98c1-d5c38575aa03,HSS18X0.500,structural_section,HSS18.000X0.375,0.2011532336473465,0.2012,Low,true,ST - Springhill Lake__f6ddc4a7e233.pdf,,rejected,,,,2026-08-10T10:59:51.882399+00:00,2026-08-10T11:59:50.263701+00:00
28082be9-d0a1-4400-96c2-822f6636c7f6,HSS18X0.375,structural_section,HSS12.750X0.375,0.1251540631055832,0.1252,Low,true,ST - Springhill Lake__f6ddc4a7e233.pdf,,rejected,,,,2026-08-10T10:59:54.072300+00:00,2026-08-10T11:59:50.376411+00:00
e2adb4b5-14d5-49ee-9276-418954e18940,HSS12.750X0.375,structural_section,HSS10.000X0.500,0.12510459125041962,0.1251,Low,true,ST - Springhill Lake__f6ddc4a7e233.pdf,,rejected,,,,2026-08-10T10:59:55.917150+00:00,2026-08-10T11:59:50.491753+00:00
3751b226-01db-46f6-8688-03044ff1823f,W18 X 35,structural_section,W18X35,0.5690321922302246,0.569,Medium,true,drawing.pdf,,approved,structural_section,W18X35,,2026-08-10T11:09:22.383511+00:00,2026-08-10T11:25:00.475571+00:00
99a0c5fa-2db8-4a20-9d20-59557613bc09,HSS8X8X1/2,structural_section,HSS8X8X1/2,0.37198469042778015,0.372,Low,true,drawing.pdf,,rejected,,,,2026-08-10T11:09:22.517625+00:00,2026-08-10T11:59:50.604182+00:00
54b584d6-4fa9-4afa-a84d-d0bfbce69e4a,W18x50,structural_section,W18X55,0.14201106131076813,0.142,Low,true,1200 K_Permit_Bid_Dwgs - Structural__240bd2541fbc.pdf,,approved,,W18X55,,2026-08-10T13:01:55.082427+00:00,2026-08-10T13:07:55.379302+00:00
3bca468b-de52-4618-b593-a9dc76ccdb20,C15X33.9,structural_section,C8X11.5,0.11114197969436646,0.1111,Low,true,1200 K_Permit_Bid_Dwgs - Structural__240bd2541fbc.pdf,,approved,,C8X11.5,,2026-08-10T13:01:55.341563+00:00,2026-08-10T13:08:08.046085+00:00
874b5391-b937-4f03-b20c-eac2584a4b14,HSS6X6X3/8,structural_section,HSS10X6X3/8,0.31957077980041504,0.3196,Low,true,1200 K_Permit_Bid_Dwgs - Structural__240bd2541fbc.pdf,,approved,,HSS10X6X3/8,,2026-08-10T13:01:55.505066+00:00,2026-08-10T13:08:21.242443+00:00
84bea2a0-46a6-4711-af92-ead790a360fe,W10X19,structural_section,W10X49,0.14677096903324127,0.1468,Low,true,1200 K_Permit_Bid_Dwgs - Structural__240bd2541fbc.pdf,,approved,,W10X49,,2026-08-10T13:01:55.699615+00:00,2026-08-10T13:08:34.215484+00:00
ae2df4c2-b6b8-43e9-912b-eb135939578f,HSS 8x4x1/4,structural_section,HSS4X4X1/4,0.4797835648059845,0.4798,Low,true,1200 K_Permit_Bid_Dwgs - Structural__240bd2541fbc.pdf,,approved,,HSS4X4X1/4,,2026-08-10T13:01:55.857301+00:00,2026-08-10T13:08:49.270127+00:00
137bb8f0-304e-4fec-81dc-dd790e8b07c8,HSS8X4X3/8,structural_section,HSS6X4X3/8,0.4644507169723511,0.4645,Low,true,1200 K_Permit_Bid_Dwgs - Structural__240bd2541fbc.pdf,,approved,,HSS6X4X3/8,,2026-08-10T13:01:56.054438+00:00,2026-08-10T13:09:03.013754+00:00
1ad14664-ed6d-4710-a0b4-b85900b50c20,HSS4X4X3/8,structural_section,L4X4X3/8,0.09266841411590576,0.0927,Low,true,1200 K_Permit_Bid_Dwgs - Structural__240bd2541fbc.pdf,,approved,,L4X4X3/8,,2026-08-10T13:01:56.237842+00:00,2026-08-10T13:09:17.242226+00:00
a0e08130-c0a9-4a6e-8b6a-a5605756a21a,W14X34,structural_section,W14X132,0.14438284933567047,0.1444,Low,true,1200 K_Permit_Bid_Dwgs - Structural__240bd2541fbc.pdf,,approved,,W14X132,,2026-08-10T13:01:56.543933+00:00,2026-08-10T13:09:31.984806+00:00
f95b2736-b01e-43c8-baa0-e885a6e5b46b,W8X13,structural_section,W8X13,0.4967535734176636,0.4968,Low,true,1200 K_Permit_Bid_Dwgs - Structural__240bd2541fbc.pdf,,approved,,W8X13,,2026-08-10T13:01:56.701831+00:00,2026-08-10T13:09:46.036322+00:00
6674c4e4-3cf7-468f-973b-c7df89ed635b,C8X11.5,structural_section,C8X11.5,0.40109625458717346,0.4011,Low,true,1200 K_Permit_Bid_Dwgs - Structural__240bd2541fbc.pdf,,approved,,C8X11.5,,2026-08-10T13:01:57.130930+00:00,2026-08-10T13:10:01.410029+00:00
0622affa-51e0-41e9-bb95-36fdc5fc8243,W8X40,structural_section,W8X31,0.07694303244352341,0.0769,Low,true,1200 K_Permit_Bid_Dwgs - Structural__240bd2541fbc.pdf,,approved,,W8X31,,2026-08-10T13:01:57.341173+00:00,2026-08-10T13:10:15.498843+00:00
ee443729-5c02-478a-a551-42d5fb1c7480,HSS5x5x3/8,structural_section,HSS4X4X3/8,0.14986054599285126,0.1499,Low,true,1200 K_Permit_Bid_Dwgs - Structural__240bd2541fbc.pdf,,approved,,HSS4X4X3/8,,2026-08-10T13:01:57.815401+00:00,2026-08-10T13:10:29.834644+00:00
40e42507-7d8a-4e43-bac7-9fe0128436ea,"HSS5x5x3/8,",structural_section,HSS4X4X3/8,0.15860992670059204,0.1586,Low,true,1200 K_Permit_Bid_Dwgs - Structural__240bd2541fbc.pdf,,approved,,HSS4X4X3/8,,2026-08-10T13:01:58.091825+00:00,2026-08-10T13:10:58.457752+00:00
9f248b4c-0ea0-4e35-88b3-86b3d173ef1e,HSS 6X4X3/8,structural_section,HSS6X4X3/8,0.6669915914535522,0.667,Medium,true,1200 K_Permit_Bid_Dwgs - Structural__240bd2541fbc.pdf,,approved,,HSS6X4X3/8,,2026-08-10T13:01:58.622880+00:00,2026-08-10T13:11:09.771169+00:00
14bedeaa-9dd7-4511-89c2-726a4876235e,L7X4X3/8,structural_section,2L7X4X3/8X3/4LLBB,0.07835428416728973,0.0784,Low,true,1200 K_Permit_Bid_Dwgs - Structural__240bd2541fbc.pdf,,approved,,2L7X4X3/8X3/4LLBB,,2026-08-10T13:01:59.149206+00:00,2026-08-10T13:11:21.083897+00:00
d2831e3a-37da-4c25-91fc-0cb24416210c,HSS8X6X3/8,structural_section,HSS10X6X3/8,0.15042561292648315,0.1504,Low,true,1200 K_Permit_Bid_Dwgs - Structural__240bd2541fbc.pdf,,approved,,HSS10X6X3/8,,2026-08-10T13:01:59.933988+00:00,2026-08-10T13:11:32.039139+00:00
d15b9c25-5ea4-405c-9012-4a954ede1d03,HSS10X6X3/8,structural_section,HSS10X6X3/8,0.3795025646686554,0.3795,Low,true,1200 K_Permit_Bid_Dwgs - Structural__240bd2541fbc.pdf,,approved,,HSS10X6X3/8,,2026-08-10T13:02:00.250339+00:00,2026-08-10T13:11:42.433070+00:00
faa04148-6cb1-462f-9e5b-e9dd0db37e1d,HSS8X8X5/8,structural_section,HSS8X8X1/2,0.11538972705602646,0.1154,Low,true,1200 K_Permit_Bid_Dwgs - Structural__240bd2541fbc.pdf,,approved,,HSS8X8X1/2,,2026-08-10T13:02:00.674983+00:00,2026-08-10T13:11:54.826638+00:00
0c691f31-7ac7-414d-b73a-b14c80c2a47a,HSS4X4X5/16,structural_section,HSS4X3X5/16,0.12812626361846924,0.1281,Low,true,1200 K_Permit_Bid_Dwgs - Structural__240bd2541fbc.pdf,,approved,,HSS4X3X5/16,,2026-08-10T13:02:01.325559+00:00,2026-08-10T13:12:12.067902+00:00
26000139-2917-47fe-bd70-88bc66be8682,HSS6X6X1/4,structural_section,HSS14X6X1/2,0.17204269766807556,0.172,Low,true,1200 K_Permit_Bid_Dwgs - Structural__240bd2541fbc.pdf,,approved,,HSS14X6X1/2,,2026-08-10T13:02:01.541901+00:00,2026-08-10T13:12:32.445768+00:00
4be73f46-0de5-491d-942d-616675809382,W8X15,structural_section,W8X15,0.496405690908432,0.4964,Low,true,1200 K_Permit_Bid_Dwgs - Structural__240bd2541fbc.pdf,,approved,,W8X15,,2026-08-10T13:02:01.716650+00:00,2026-08-10T13:12:48.109261+00:00
4f8d61c5-8f63-422b-b427-ef6c80bcac26,W12X19,structural_section,W12X190,0.18816950917243958,0.1882,Low,true,1200 K_Permit_Bid_Dwgs - Structural__240bd2541fbc.pdf,,approved,,W12X190,,2026-08-10T13:02:01.898837+00:00,2026-08-10T13:13:10.118531+00:00
b8bdb2f5-f032-4afd-a058-6753ce8d0606,W14X26,structural_section,W10X26,0.1857154667377472,0.1857,Low,true,1200 K_Permit_Bid_Dwgs - Structural__240bd2541fbc.pdf,,approved,,W10X26,,2026-08-10T13:02:02.090605+00:00,2026-08-10T13:13:29.380983+00:00
bbd02cba-d9da-45f2-80e9-86f61e8d4441,W12X16,structural_section,W12X26,0.09096331894397736,0.091,Low,true,1200 K_Permit_Bid_Dwgs - Structural__240bd2541fbc.pdf,,approved,,W12X26,,2026-08-10T13:02:02.336197+00:00,2026-08-10T13:13:46.489901+00:00
2669998e-1ae1-4674-a53e-17036dc9fcef,W12X22,structural_section,W10X26,0.10208669304847717,0.1021,Low,true,1200 K_Permit_Bid_Dwgs - Structural__240bd2541fbc.pdf,,approved,,W10X26,,2026-08-10T13:02:02.505128+00:00,2026-08-10T13:14:05.566695+00:00
8cdfb244-087b-449f-91a3-cde75fe99da3,W12X40,structural_section,W12X40,0.48071983456611633,0.4807,Low,true,1200 K_Permit_Bid_Dwgs - Structural__240bd2541fbc.pdf,,approved,,W12X40,,2026-08-10T13:02:02.719031+00:00,2026-08-10T13:14:22.074844+00:00
06bd70cb-3328-4649-8725-fa261702f143,HSS14X6X5/8,structural_section,HSS10X6X3/8,0.12505222856998444,0.1251,Low,true,1200 K_Permit_Bid_Dwgs - Structural__240bd2541fbc.pdf,,approved,,HSS10X6X3/8,,2026-08-10T13:02:02.966720+00:00,2026-08-10T13:14:38.815798+00:00
867b04f0-b328-4800-8dc0-5e1041d7aa72,HSS14X6X1/2,structural_section,HSS14X6X3/16,0.12506213784217834,0.1251,Low,true,1200 K_Permit_Bid_Dwgs - Structural__240bd2541fbc.pdf,,approved,,HSS14X6X3/16,,2026-08-10T13:02:03.166637+00:00,2026-08-10T13:14:56.375438+00:00
e3370f80-6ce4-42c0-8697-15f25b185379,W14X30,structural_section,W14X30,0.6877155303955078,0.6877,Medium,true,1200 K_Permit_Bid_Dwgs - Structural__240bd2541fbc.pdf,,approved,,W14X30,,2026-08-10T13:02:03.351689+00:00,2026-08-10T13:15:18.191197+00:00
3e73524c-bae9-4bdb-88b9-0bdece341108,W10X15,structural_section,W8X15,0.33114248514175415,0.3311,Low,true,1200 K_Permit_Bid_Dwgs - Structural__240bd2541fbc.pdf,,approved,,W8X15,,2026-08-10T13:02:03.517616+00:00,2026-08-10T13:15:34.907265+00:00
91c1a68c-a1cf-47f7-8fb7-c9d4422e397d,W14X22,structural_section,W14X22,0.6084075570106506,0.6084,Medium,true,1200 K_Permit_Bid_Dwgs - Structural__240bd2541fbc.pdf,,approved,,W14X22,,2026-08-10T13:02:03.857951+00:00,2026-08-10T13:15:50.791588+00:00
a719ad07-1a42-437d-a935-61dcfbe9c4dc,W12X50,structural_section,W12X30,0.09754493087530136,0.0975,Low,true,1200 K_Permit_Bid_Dwgs - Structural__240bd2541fbc.pdf,,approved,,W12X30,,2026-08-10T13:02:04.507817+00:00,2026-08-10T13:16:09.490681+00:00
680acbb5-9376-4e5c-9f28-9056af17a95e,HSS20X8X5/8,structural_section,HSS20X8X5/8,0.5847744345664978,0.5848,Medium,true,1200 K_Permit_Bid_Dwgs - Structural__240bd2541fbc.pdf,,approved,,HSS20X8X5/8,,2026-08-10T13:02:05.359363+00:00,2026-08-10T13:16:29.908986+00:00
a7ce2fa5-32ea-4363-bafa-031f3bf01e90,HSS18X6X5/16,structural_section,HSS14X6X5/8,0.12967705726623535,0.1297,Low,true,1200 K_Permit_Bid_Dwgs - Structural__240bd2541fbc.pdf,,approved,,HSS14X6X5/8,,2026-08-10T13:02:07.353443+00:00,2026-08-10T13:16:43.768315+00:00
6f65c1f4-3a59-4dc9-943a-c53f25fb7bfc,C7X9.8,structural_section,C8X11.5,0.32272908091545105,0.3227,Low,true,1200 K_Permit_Bid_Dwgs - Structural__240bd2541fbc.pdf,,approved,,C8X11.5,,2026-08-10T13:02:07.522234+00:00,2026-08-10T13:16:57.358364+00:00
5268f84c-9a3e-425c-a28a-32352e714952,HSS5X4X5/16,structural_section,HSS5X4X3/16,0.1250312626361847,0.125,Low,true,1200 K_Permit_Bid_Dwgs - Structural__240bd2541fbc.pdf,,approved,,HSS5X4X3/16,,2026-08-10T13:02:07.803107+00:00,2026-08-10T13:17:10.975409+00:00
132e8f42-a42b-4be0-bcd0-73c782ecb61f,W10X26,structural_section,W10X26,0.2935308814048767,0.2935,Low,true,1200 K_Permit_Bid_Dwgs - Structural__240bd2541fbc.pdf,,approved,,W10X26,,2026-08-10T13:02:08.365865+00:00,2026-08-10T13:17:24.487269+00:00
a323c18e-03a4-410a-b219-219ae22057ac,W8X24,structural_section,W8X24,0.4419589340686798,0.442,Low,true,1200 K_Permit_Bid_Dwgs - Structural__240bd2541fbc.pdf,,approved,,W8X24,,2026-08-10T13:02:08.533915+00:00,2026-08-10T13:17:38.327642+00:00
4a811129-9397-45be-8ed1-eeb1a824c00c,HSS8X8X3/8,structural_section,HSS8X6X3/8,0.26857107877731323,0.2686,Low,true,1200 K_Permit_Bid_Dwgs - Structural__240bd2541fbc.pdf,,approved,,HSS8X6X3/8,,2026-08-10T13:02:09.806823+00:00,2026-08-10T13:17:52.721427+00:00
d8045808-96e4-4ac5-81a2-649bacc7696b,HSS8X6X1/2,structural_section,HSS8X6X3/8,0.1164751946926117,0.1165,Low,true,1200 K_Permit_Bid_Dwgs - Structural__240bd2541fbc.pdf,,approved,,HSS8X6X3/8,,2026-08-10T13:02:11.221241+00:00,2026-08-10T13:18:07.685666+00:00
75a2feb5-f073-47e0-98cd-84d37a934865,HSS8X3X1/4,structural_section,HSS8X3X1/2,0.1868576556444168,0.1869,Low,true,1200 K_Permit_Bid_Dwgs - Structural__240bd2541fbc.pdf,,approved,,HSS8X3X1/2,,2026-08-10T13:02:11.441290+00:00,2026-08-10T13:18:23.939157+00:00
a2a4ca1f-c3bd-41a4-a2e3-87ef8c4a7226,L3 x 3,structural_section,L3X3X3/8,0.10916927456855774,0.1092,Low,true,1200 K_Permit_Bid_Dwgs - Structural__240bd2541fbc.pdf,,approved,,L3X3X3/8,,2026-08-10T13:02:12.687131+00:00,2026-08-10T13:18:41.088513+00:00
46a9bc7f-d694-4722-90cd-7f3e94e2a458,L3 x 3 x 1/4,structural_section,L3X3X1/4,0.08498252928256989,0.085,Low,true,1200 K_Permit_Bid_Dwgs - Structural__240bd2541fbc.pdf,,approved,,L3X3X1/4,,2026-08-10T13:02:12.842096+00:00,2026-08-10T13:18:58.542776+00:00
67bd906d-5360-46a1-b72b-3d9f416fa33b,L4x3x5/16,structural_section,2L4X3X5/16SLBB,0.09312759339809418,0.0931,Low,true,1200 K_Permit_Bid_Dwgs - Structural__240bd2541fbc.pdf,,approved,,2L4X3X5/16SLBB,,2026-08-10T13:02:13.124522+00:00,2026-08-10T13:19:16.839446+00:00
d880c0bc-c3af-4170-bac2-11bf7e46408f,L3x3x5/16,structural_section,L4X3X5/16,0.1339760571718216,0.134,Low,true,1200 K_Permit_Bid_Dwgs - Structural__240bd2541fbc.pdf,,approved,,L4X3X5/16,,2026-08-10T13:02:13.289492+00:00,2026-08-10T13:19:35.083547+00:00
dfb4c2c2-0723-4809-9141-cf8299cf467e,L4x4x3/8,structural_section,HSS4X4X3/8,0.08529634773731232,0.0853,Low,true,1200 K_Permit_Bid_Dwgs - Structural__240bd2541fbc.pdf,,approved,,HSS4X4X3/8,,2026-08-10T13:02:13.457862+00:00,2026-08-10T13:19:51.808172+00:00
f2027684-b5d8-4690-b0e6-d351c818fed5,W12X26,structural_section,W14X22,0.09147413074970245,0.0915,Low,true,1200 K_Permit_Bid_Dwgs - Structural__240bd2541fbc.pdf,,approved,,W14X22,,2026-08-10T13:02:13.626131+00:00,2026-08-10T13:20:08.239262+00:00
37e8a615-2a7e-4718-a31b-59ee6f84a84e,WT4x15.5,structural_section,WT4X15.5,0.6917916536331177,0.6918,Medium,true,1200 K_Permit_Bid_Dwgs - Structural__240bd2541fbc.pdf,,approved,,WT4X15.5,,2026-08-10T13:02:13.870444+00:00,2026-08-10T13:20:23.171611+00:00
22743a9d-c7d1-4818-b052-258afaa95ffa,WT 8x18,structural_section,WT8X18,0.18594536185264587,0.1859,Low,true,1200 K_Permit_Bid_Dwgs - Structural__240bd2541fbc.pdf,,approved,,WT8X18,,2026-08-10T13:02:14.015544+00:00,2026-08-10T13:20:37.578231+00:00
fb86311d-dad9-489d-85f4-7b21af0b53b0,WT8x18,structural_section,WT8X18,0.20105168223381042,0.2011,Low,true,1200 K_Permit_Bid_Dwgs - Structural__240bd2541fbc.pdf,,approved,,WT8X18,,2026-08-10T13:02:14.169809+00:00,2026-08-10T13:21:00.888176+00:00
c46d2d5d-ad61-4ba0-8178-7f033c4ae928,W8 x 15,structural_section,W8X15,0.5191664695739746,0.5192,Low,true,1200 K_Permit_Bid_Dwgs - Structural__240bd2541fbc.pdf,,approved,,W8X15,,2026-08-10T13:02:14.326146+00:00,2026-08-10T13:21:24.990729+00:00
c97a0ef9-c0ba-4224-ad75-eaab8410a9e9,L4 x 4,structural_section,L4X4X3/8,0.22611922025680542,0.2261,Low,true,1200 K_Permit_Bid_Dwgs - Structural__240bd2541fbc.pdf,,approved,,L4X4X3/8,,2026-08-10T13:02:14.490712+00:00,2026-08-10T13:21:45.407146+00:00
170b7bdc-a533-4d2e-bc59-c60493aff1bb,"L4 x 4 x 1/4""",structural_section,2L4X4X1/2X3/4,0.0912320613861084,0.0912,Low,true,1200 K_Permit_Bid_Dwgs - Structural__240bd2541fbc.pdf,,approved,,2L4X4X1/2X3/4,,2026-08-10T13:02:14.657384+00:00,2026-08-10T13:21:58.997369+00:00
c5ccd08b-8c79-445d-af99-7c116d25d980,L2 x 2,structural_section,2L2X2X3/8X3/4,0.10155513137578964,0.1016,Low,true,1200 K_Permit_Bid_Dwgs - Structural__240bd2541fbc.pdf,,approved,,2L2X2X3/8X3/4,,2026-08-10T13:02:14.820208+00:00,2026-08-10T13:22:12.726347+00:00
de7b955d-4c8e-4f68-825c-ee42ec5e7105,"L2 x 2 x 3/16""",structural_section,L2X2X3/16,0.25216659903526306,0.2522,Low,true,1200 K_Permit_Bid_Dwgs - Structural__240bd2541fbc.pdf,,approved,,L2X2X3/16,,2026-08-10T13:02:14.970763+00:00,2026-08-10T13:22:25.573536+00:00
3beec7c6-54dc-4065-aa7f-3b5ea52906a6,HSS 3 x 3,structural_section,HSS3X3X5/16,0.14770132303237915,0.1477,Low,true,1200 K_Permit_Bid_Dwgs - Structural__240bd2541fbc.pdf,,approved,,HSS3X3X5/16,,2026-08-10T13:02:15.139249+00:00,2026-08-10T13:22:36.237756+00:00
4acd1076-804c-49ba-935a-f6b1c9c245ea,HSS 3 x 3 x 1/4,structural_section,L3X3X1/2,0.10187222063541412,0.1019,Low,true,1200 K_Permit_Bid_Dwgs - Structural__240bd2541fbc.pdf,,approved,,L3X3X1/2,,2026-08-10T13:02:15.305198+00:00,2026-08-10T13:22:47.388588+00:00
4cd436d2-4e2e-4ca1-ac16-7cbd896310c6,L4 x 4 x 1/4,structural_section,L4X4X5/16,0.09102283418178558,0.091,Low,true,1200 K_Permit_Bid_Dwgs - Structural__240bd2541fbc.pdf,,approved,,L4X4X5/16,,2026-08-10T13:02:15.491832+00:00,2026-08-10T13:22:57.802658+00:00
facb7114-1774-40dd-b6ec-ecf3a43bb2ba,L5x5x5/16,structural_section,2L5X5X5/8X3/8,0.09296862035989761,0.093,Low,true,1200 K_Permit_Bid_Dwgs - Structural__240bd2541fbc.pdf,,approved,,2L5X5X5/8X3/8,,2026-08-10T13:02:15.654645+00:00,2026-08-10T13:23:14.322066+00:00
b870c80a-e117-465c-9fa6-471bfb97fcc2,L5x5,structural_section,L5X5X1/2,0.21361054480075836,0.2136,Low,true,1200 K_Permit_Bid_Dwgs - Structural__240bd2541fbc.pdf,,approved,,L5X5X1/2,,2026-08-10T13:02:15.849197+00:00,2026-08-10T13:23:27.596419+00:00
efc6d930-873d-411a-9c27-1823313416b4,L's 3 x 3,structural_section,HSS3X3X1/8,0.16907604038715363,0.1691,Low,true,1200 K_Permit_Bid_Dwgs - Structural__240bd2541fbc.pdf,,approved,,HSS3X3X1/8,,2026-08-10T13:02:16.004837+00:00,2026-08-10T13:23:46.280305+00:00
7c1b9cad-b4e7-4f75-b4fc-1b96c272fef9,L 4 x 4,structural_section,L4X3X1/4,0.19973687827587128,0.1997,Low,true,1200 K_Permit_Bid_Dwgs - Structural__240bd2541fbc.pdf,,approved,,L4X3X1/4,,2026-08-10T13:02:16.138391+00:00,2026-08-10T13:24:01.606145+00:00
e55841c7-8ebf-4cc9-b0cb-889d3016855d,L 4 x 4 x 5/16,structural_section,2L4X4X5/16,0.09264541417360306,0.0926,Low,true,1200 K_Permit_Bid_Dwgs - Structural__240bd2541fbc.pdf,,approved,,2L4X4X5/16,,2026-08-10T13:02:16.290967+00:00,2026-08-10T13:24:16.864948+00:00
bfe54bd3-99b1-401c-bb08-91ce29185725,L 3 x 3,structural_section,L3X3X3/8,0.10428187251091003,0.1043,Low,true,1200 K_Permit_Bid_Dwgs - Structural__240bd2541fbc.pdf,,approved,,L3X3X3/8,,2026-08-10T13:02:16.455451+00:00,2026-08-10T13:24:30.987050+00:00
0dfc29d0-0fd5-4055-b271-0c7f363b3dc2,L 3 x 3 x 1/4,structural_section,L3X3X1/4,0.0848487913608551,0.0848,Low,true,1200 K_Permit_Bid_Dwgs - Structural__240bd2541fbc.pdf,,approved,,L3X3X1/4,,2026-08-10T13:02:16.616309+00:00,2026-08-10T13:24:38.843625+00:00
67a435b8-2aaf-439f-9469-e82b9b293757,L2x2x3/16.,structural_section,L2X2X3/16,0.21679866313934326,0.2168,Low,true,1200 K_Permit_Bid_Dwgs - Structural__240bd2541fbc.pdf,,approved,,L2X2X3/16,,2026-08-10T13:02:16.893437+00:00,2026-08-10T13:24:46.590449+00:00
73969dfb-9b43-4630-97fd-dd9d49f673ee,L 5 x 3 x 5/16,structural_section,L5X3X5/16,0.13070158660411835,0.1307,Low,true,1200 K_Permit_Bid_Dwgs - Structural__240bd2541fbc.pdf,,approved,,L5X3X5/16,,2026-08-10T13:02:17.066567+00:00,2026-08-10T13:24:54.381664+00:00
9016205d-a6b2-44c7-846c-c8f87be4fdf9,L 4 x 3,structural_section,L4X3X1/4,0.16810353100299835,0.1681,Low,true,1200 K_Permit_Bid_Dwgs - Structural__240bd2541fbc.pdf,,approved,,L4X3X1/4,,2026-08-10T13:02:17.232128+00:00,2026-08-10T13:25:01.892567+00:00
11e28592-f2d6-4cf4-8bbe-96e7c80e7126,L 4 x 3 x 1/4,structural_section,2L4X3X1/4X3/4SLBB,0.07742148637771606,0.0774,Low,true,1200 K_Permit_Bid_Dwgs - Structural__240bd2541fbc.pdf,,approved,,2L4X3X1/4X3/4SLBB,,2026-08-10T13:02:17.402669+00:00,2026-08-10T13:25:08.932221+00:00
1aa8d45f-c8a7-459f-a043-b11cd47888fc,L4x3x1/4,structural_section,2L4X3X1/4X3/4SLBB,0.07734323292970657,0.0773,Low,true,1200 K_Permit_Bid_Dwgs - Structural__240bd2541fbc.pdf,,approved,,2L4X3X1/4X3/4SLBB,,2026-08-10T13:02:17.538096+00:00,2026-08-10T13:25:16.530856+00:00
96a5e8d9-a40d-4ba6-b9b8-c4d8b30cfeaa,C6x8.2,structural_section,C6X13,0.10119780898094177,0.1012,Low,true,1200 K_Permit_Bid_Dwgs - Structural__240bd2541fbc.pdf,,approved,,C6X13,,2026-08-10T13:02:17.659259+00:00,2026-08-10T13:25:23.858265+00:00
55103619-6f0e-4b67-905e-6a2d7388e134,L7 x 4,structural_section,2L7X4X1/2X3/8LLBB,0.09184388071298599,0.0918,Low,true,1200 K_Permit_Bid_Dwgs - Structural__240bd2541fbc.pdf,,approved,,2L7X4X1/2X3/8LLBB,,2026-08-10T13:02:17.821480+00:00,2026-08-10T13:25:31.041559+00:00
045835d4-4ae9-44c1-a2c9-9b0aa3e6a498,"L3 x 3 x 3/16"")",structural_section,HSS3X3X3/8,0.10499375313520432,0.105,Low,true,1200 K_Permit_Bid_Dwgs - Structural__240bd2541fbc.pdf,,approved,,HSS3X3X3/8,,2026-08-10T13:02:18.008486+00:00,2026-08-10T13:25:41.097311+00:00
141d2235-82d5-4ad5-abf5-8e763a09b0e0,"L4X4X5/16,",structural_section,2L4X4X5/16,0.09248817712068558,0.0925,Low,true,1200 K_Permit_Bid_Dwgs - Structural__240bd2541fbc.pdf,,approved,,2L4X4X5/16,,2026-08-10T13:02:18.236049+00:00,2026-08-10T13:25:58.838838+00:00
dcd12377-3a05-4942-81f0-3d2d0885d5f4,HSS 6x6x3/8,structural_section,HSS10X6X3/8,0.315517783164978,0.3155,Low,true,1200 K_Permit_Bid_Dwgs - Structural__240bd2541fbc.pdf,,approved,,HSS10X6X3/8,,2026-08-10T13:02:18.618408+00:00,2026-08-10T13:26:13.552503+00:00
f74650f9-aab9-4026-bfa2-cd2f4ba74a31,HSS6X4X3/8,structural_section,HSS6X4X3/16,0.14151017367839813,0.1415,Low,true,1200 K_Permit_Bid_Dwgs - Structural__240bd2541fbc.pdf,,approved,,HSS6X4X3/16,,2026-08-10T13:02:18.874098+00:00,2026-08-10T13:26:27.206336+00:00
417de97d-f6f3-4c35-8e23-d59b7142b086,"C7X9.8,",structural_section,C6X8.2,0.26284217834472656,0.2628,Low,true,1200 K_Permit_Bid_Dwgs - Structural__240bd2541fbc.pdf,,approved,,C6X8.2,,2026-08-10T13:02:19.257864+00:00,2026-08-10T13:26:39.015026+00:00
755def83-5437-4817-9ba5-9d06a7e6a594,L3X3X1/4,structural_section,2L3X3X1/2,0.08336054533720016,0.0834,Low,true,1200 K_Permit_Bid_Dwgs - Structural__240bd2541fbc.pdf,,approved,,2L3X3X1/2,,2026-08-10T13:02:19.499782+00:00,2026-08-10T13:26:46.485283+00:00
39ccb1b8-199c-40bc-893d-18a4536b2f0c,L6X4X3/8,structural_section,L4X4X3/8,0.390009343624115,0.39,Low,true,1200 K_Permit_Bid_Dwgs - Structural__240bd2541fbc.pdf,,approved,,L4X4X3/8,,2026-08-10T13:02:19.671164+00:00,2026-08-10T13:26:55.060810+00:00
eca85ac4-ff74-410f-9196-1345c895f020,W14X233,structural_section,W10X33,0.25115102529525757,0.2512,Low,true,1200 K_Permit_Bid_Dwgs - Structural__240bd2541fbc.pdf,,approved,,W10X33,,2026-08-10T13:02:20.441408+00:00,2026-08-10T13:27:07.938844+00:00
78a12101-6dfc-4e22-a017-e11a2da6df04,W14X193,structural_section,W14X193,0.31087762117385864,0.3109,Low,true,1200 K_Permit_Bid_Dwgs - Structural__240bd2541fbc.pdf,,approved,,W14X193,,2026-08-10T13:02:20.602787+00:00,2026-08-10T13:27:18.051825+00:00
29387e93-30cd-4bec-8287-566d99e736b9,WT8x50,structural_section,WT8X50,0.502566933631897,0.5026,Low,true,1200 K_Permit_Bid_Dwgs - Structural__240bd2541fbc.pdf,,approved,structural_section,WT8X50,,2026-08-10T13:02:20.820318+00:00,2026-08-10T13:07:30.882236+00:00
52e2fa9b-bb2a-4620-aaa6-8a1c846d8b3c,L18x12x3/8,structural_section,HSS12X12X3/16,0.0637020394206047,0.0637,Low,true,1200 K_Permit_Bid_Dwgs - Structural__240bd2541fbc.pdf,,rejected,,,,2026-08-10T13:02:21.257120+00:00,2026-08-10T13:06:46.664687+00:00
bcf80484-69c3-4bd0-87f3-afaadd0a5a99,L5x5x3/8,structural_section,L5X5X3/8,0.3506833612918854,0.3507,Low,true,1200 K_Permit_Bid_Dwgs - Structural__240bd2541fbc.pdf,,approved,,L5X5X3/8,,2026-08-10T13:02:21.456610+00:00,2026-08-10T13:27:25.629741+00:00
adb97bef-e36c-4c03-8ff6-a91db6f47862,HSS5x5,structural_section,HSS5X3X5/16,0.12676365673542023,0.1268,Low,true,1200 K_Permit_Bid_Dwgs - Structural__240bd2541fbc.pdf,,approved,,HSS5X3X5/16,,2026-08-10T13:02:21.635941+00:00,2026-08-10T13:27:33.059116+00:00
b918d6d9-7e8b-458f-ad6d-4d7ecfb2b29d,L6x6x3/8,structural_section,L6X6X3/8,0.5428250432014465,0.5428,Low,true,1200 K_Permit_Bid_Dwgs - Structural__240bd2541fbc.pdf,,approved,,L6X6X3/8,,2026-08-10T13:02:21.924207+00:00,2026-08-10T13:27:40.030802+00:00
d81de354-2740-4b7c-8236-cab56b47979b,W27X84,structural_section,W12X14,0.4548531770706177,0.4549,Low,true,Burrville ES - ST__0d910a43b4a0.pdf,,rejected,,,,2026-08-10T13:15:50.260467+00:00,2026-08-11T07:13:50.390069+00:00
e2067ae7-1b62-4db1-9c8a-3c786d7f6754,L4X3-1/2X5/16,structural_section,L4X3X3/8,0.16941845417022705,0.1694,Low,true,Burrville ES - ST__0d910a43b4a0.pdf,,rejected,,,,2026-08-10T13:15:50.589955+00:00,2026-08-11T07:13:50.677356+00:00
589eadf5-b202-4642-ac1e-81e0cdd9aee3,L5X3-1/2X5/16,structural_section,L5X3X3/8,0.15780355036258698,0.1578,Low,true,Burrville ES - ST__0d910a43b4a0.pdf,,rejected,,,,2026-08-10T13:16:09.011314+00:00,2026-08-11T07:13:50.913198+00:00
89178ad7-3f26-4c09-80a9-15776a6fe7c8,W12X16,structural_section,W12X26,0.12810806930065155,0.1281,Low,true,Burrville ES - ST__0d910a43b4a0.pdf,,rejected,,,,2026-08-10T13:16:43.396074+00:00,2026-08-11T07:13:51.169379+00:00
f2a9d786-81ea-4267-95eb-ff86bd1fcfe7,W18X35,structural_section,W18X35,0.16806969046592712,0.1681,Low,true,Burrville ES - ST__0d910a43b4a0.pdf,,rejected,,,,2026-08-10T13:16:43.656824+00:00,2026-08-11T07:13:51.299717+00:00
31c48c3f-a5ce-49f3-97e9-a1b5b3222f60,W21X44,structural_section,W10X49,0.14105767011642456,0.1411,Low,true,Burrville ES - ST__0d910a43b4a0.pdf,,rejected,,,,2026-08-10T13:16:57.200285+00:00,2026-08-11T07:13:51.425176+00:00
5bbfbe0b-4077-4f98-90c1-a475c150dba6,W18X40,structural_section,W16X40,0.1985832154750824,0.1986,Low,true,Burrville ES - ST__0d910a43b4a0.pdf,,rejected,,,,2026-08-10T13:17:10.821912+00:00,2026-08-11T07:13:51.550894+00:00
7af35b88-9c48-4ab1-a1f5-c58a2234aedb,W21X50,structural_section,W12X50,0.2516478896141052,0.2516,Low,true,Burrville ES - ST__0d910a43b4a0.pdf,,rejected,,,,2026-08-10T13:17:24.288075+00:00,2026-08-11T07:13:51.714605+00:00
70240213-faf8-44d3-ae11-7c18f1b77e2f,W18X50,structural_section,W12X50,0.4804525375366211,0.4805,Low,true,Burrville ES - ST__0d910a43b4a0.pdf,,rejected,,,,2026-08-10T13:18:23.722921+00:00,2026-08-11T07:13:51.853056+00:00
57710f83-6b37-4d21-bf1e-c8bdca7ce82a,W10X15,structural_section,W10X54,0.36810633540153503,0.3681,Low,true,Burrville ES - ST__0d910a43b4a0.pdf,,rejected,,,,2026-08-10T13:18:58.309102+00:00,2026-08-11T07:13:51.992052+00:00
cdd2c8a8-cff6-4623-a366-bd2d9bff3a16,W21X55,structural_section,W21X55,0.2780279517173767,0.278,Low,true,Burrville ES - ST__0d910a43b4a0.pdf,,rejected,,,,2026-08-10T13:19:34.877513+00:00,2026-08-11T07:13:52.299508+00:00
cb09ef29-9c68-4b5b-888b-c5cf39901517,W24X68,structural_section,W24X68,0.2809654474258423,0.281,Low,true,Burrville ES - ST__0d910a43b4a0.pdf,,rejected,,,,2026-08-10T13:19:51.637476+00:00,2026-08-11T07:13:52.437237+00:00
40f4777b-db4e-4a4b-850a-e235b7ff195f,W16X26,structural_section,W16X26,0.2657639682292938,0.2658,Low,true,Burrville ES - ST__0d910a43b4a0.pdf,,rejected,,,,2026-08-10T13:23:46.034583+00:00,2026-08-11T07:13:52.575155+00:00
f08d2b89-9b92-4bb7-87d7-73c4df783417,W14X22,structural_section,W14X26,0.13566355407238007,0.1357,Low,true,Burrville ES - ST__0d910a43b4a0.pdf,,rejected,,,,2026-08-10T13:24:01.479610+00:00,2026-08-11T07:13:52.704839+00:00
3a40c05e-7afc-40a0-a89e-c8a0d179053b,W12X19,structural_section,W12X190,0.2408728450536728,0.2409,Low,true,Burrville ES - ST__0d910a43b4a0.pdf,,rejected,,,,2026-08-10T13:24:46.490301+00:00,2026-08-11T07:13:52.842091+00:00
a470abd1-b079-42c5-a74c-c4f4e778ccca,W10X19,structural_section,W12X190,0.22506564855575562,0.2251,Low,true,Burrville ES - ST__0d910a43b4a0.pdf,,rejected,,,,2026-08-10T13:25:40.740651+00:00,2026-08-11T07:13:52.973954+00:00
4d2f5a42-3985-4311-9c35-a6b34abf7e2c,HSS10X8X3/8,structural_section,HSS20X8X3/8,0.11332350224256516,0.1133,Low,true,Burrville ES - ST__0d910a43b4a0.pdf,,rejected,,,,2026-08-10T13:26:13.393590+00:00,2026-08-11T07:13:53.112813+00:00
11ac2ae6-c742-4dac-8688-13193f91e9fb,HSS10X6X3/8,structural_section,HSS10X6X3/8,0.48486876487731934,0.4849,Low,true,Burrville ES - ST__0d910a43b4a0.pdf,,rejected,,,,2026-08-10T13:26:38.935361+00:00,2026-08-11T07:13:53.236869+00:00
877eec88-06bb-4fb1-b628-a7fd0173a515,W16X36,structural_section,W16X36,0.5431162118911743,0.5431,Low,true,Burrville ES - ST__0d910a43b4a0.pdf,,rejected,,,,2026-08-10T13:26:54.631127+00:00,2026-08-11T07:13:53.347495+00:00
8870e8d7-ed31-4f1b-b61e-25d222a3749c,L3x3x1/4,structural_section,2L3X3X1/2X3/4,0.08368762582540512,0.0837,Low,true,ST - Springhill Lake__f6ddc4a7e233.pdf,,rejected,,,,2026-08-11T07:26:57.859416+00:00,2026-08-11T07:31:58.725882+00:00
b6cf9015-1bf6-40ce-91cd-6d1402a1e72b,L5X3-1/2X5/16,structural_section,L5X3X1/4,0.23876701295375824,0.2388,Low,true,ST - Springhill Lake__f6ddc4a7e233.pdf,,rejected,,,,2026-08-11T07:26:57.978150+00:00,2026-08-11T07:31:59.072846+00:00
77a8ca14-1917-4963-9245-4aa77105f985,L6X4X5/16,structural_section,L4X3X5/16,0.07145984470844269,0.0715,Low,true,ST - Springhill Lake__f6ddc4a7e233.pdf,,rejected,,,,2026-08-11T07:26:58.120486+00:00,2026-08-11T07:31:59.253892+00:00
71af6d7f-90a3-4298-a9da-5a06e3ac97e5,HSS8X4X5/16,structural_section,HSS4X4X5/16,0.16570667922496796,0.1657,Low,true,ST - Springhill Lake__f6ddc4a7e233.pdf,,rejected,,,,2026-08-11T07:26:58.269586+00:00,2026-08-11T07:31:59.401780+00:00
36e219f4-3605-40c4-b271-ab8870c52c8c,HSS8X6X5/16,structural_section,HSS18X6X5/16,0.10154824703931808,0.1015,Low,true,ST - Springhill Lake__f6ddc4a7e233.pdf,,rejected,,,,2026-08-11T07:26:58.484641+00:00,2026-08-11T07:31:59.572522+00:00
df80306a-96fe-4dab-92b5-35ba10a2a118,HSS6X4X3/8,structural_section,HSS4X4X3/8,0.15764732658863068,0.1576,Low,true,ST - Springhill Lake__f6ddc4a7e233.pdf,,rejected,,,,2026-08-11T07:26:58.703134+00:00,2026-08-11T07:31:59.776319+00:00
3bed1757-0b43-4c42-bb3f-9dd4d09dd131,W18X86,structural_section,W18X86,0.2754020690917969,0.2754,Low,true,ST - Springhill Lake__f6ddc4a7e233.pdf,,rejected,,,,2026-08-11T07:26:59.300776+00:00,2026-08-11T07:32:00.136424+00:00
7dd40aad-41fd-44f5-a53f-5714b910c333,W18X60,structural_section,W18X60,0.19129616022109985,0.1913,Low,true,ST - Springhill Lake__f6ddc4a7e233.pdf,,rejected,,,,2026-08-11T07:26:59.767360+00:00,2026-08-11T07:32:00.351777+00:00
035f5bdf-09d1-4588-aad0-0889f030240f,W18X71,structural_section,W18X97,0.48263096809387207,0.4826,Low,true,ST - Springhill Lake__f6ddc4a7e233.pdf,,rejected,,,,2026-08-11T07:27:00.251907+00:00,2026-08-11T07:32:00.533627+00:00
2b9c1664-f1a1-4159-90df-1c17f94bde7e,W18X50,structural_section,W12X50,0.3284234404563904,0.3284,Low,true,ST - Springhill Lake__f6ddc4a7e233.pdf,,rejected,,,,2026-08-11T07:27:00.544843+00:00,2026-08-11T07:32:00.700447+00:00
35ca720f-2f28-4f66-9851-1ebef3d1ecd2,W18X35,structural_section,W18X35,0.4354763925075531,0.4355,Low,true,ST - Springhill Lake__f6ddc4a7e233.pdf,,rejected,,,,2026-08-11T07:27:00.862732+00:00,2026-08-11T07:32:00.905921+00:00
510abe60-002e-488a-9eda-fba98226b32a,W18X40,structural_section,W18X40,0.3276422619819641,0.3276,Low,true,ST - Springhill Lake__f6ddc4a7e233.pdf,,rejected,,,,2026-08-11T07:27:01.168399+00:00,2026-08-11T07:32:01.199184+00:00
4f443c62-1d4e-4818-b95e-1fefe3b44910,W16X26,structural_section,W14X22,0.18776656687259674,0.1878,Low,true,ST - Springhill Lake__f6ddc4a7e233.pdf,,rejected,,,,2026-08-11T07:27:01.901208+00:00,2026-08-11T07:32:01.485746+00:00
46b715df-4efc-400f-807a-914be5e498e7,W18X65,structural_section,W18X35,0.19737839698791504,0.1974,Low,true,ST - Springhill Lake__f6ddc4a7e233.pdf,,rejected,,,,2026-08-11T07:27:02.396862+00:00,2026-08-11T07:32:01.813638+00:00
27919ccd-ae82-4d4f-9f5a-6b6ac0a1681e,HSS14X10X3/8,structural_section,HSS14X10X3/8,0.5055387020111084,0.5055,Low,true,ST - Springhill Lake__f6ddc4a7e233.pdf,,rejected,,,,2026-08-11T07:27:03.618807+00:00,2026-08-11T07:32:02.060791+00:00
04580df5-81b1-496a-a133-ada0498ab171,W16X45,structural_section,W10X15,0.18171249330043793,0.1817,Low,true,ST - Springhill Lake__f6ddc4a7e233.pdf,,rejected,,,,2026-08-11T07:27:03.865343+00:00,2026-08-11T07:32:02.308516+00:00
4935d2c2-6c64-4da6-af49-f19fc3cfee27,W14X30,structural_section,W10X30,0.30450889468193054,0.3045,Low,true,ST - Springhill Lake__f6ddc4a7e233.pdf,,rejected,,,,2026-08-11T07:27:04.584279+00:00,2026-08-11T07:32:02.750987+00:00
025b1c23-d3f7-4d5b-a9e9-de04b93ea95c,W16X31,structural_section,W16X31,0.29455822706222534,0.2946,Low,true,ST - Springhill Lake__f6ddc4a7e233.pdf,,rejected,,,,2026-08-11T07:27:05.016877+00:00,2026-08-11T07:32:02.924350+00:00
045e03ef-a8f7-4053-afd6-6682ddac87b4,HSS8X6X3/8,structural_section,HSS8X6X1/4,0.10218844562768936,0.1022,Low,true,ST - Springhill Lake__f6ddc4a7e233.pdf,,rejected,,,,2026-08-11T07:27:05.871810+00:00,2026-08-11T07:32:03.109703+00:00
b05c1b1e-0ca1-4fe9-a62b-6c9ba810af53,W16X50,structural_section,W16X50,0.33294877409935,0.3329,Low,true,ST - Springhill Lake__f6ddc4a7e233.pdf,,rejected,,,,2026-08-11T07:27:06.139657+00:00,2026-08-11T07:32:03.273250+00:00
12217527-ff5f-4129-900a-8f140de4b5f0,W16X40,structural_section,W16X40,0.5057408809661865,0.5057,Low,true,ST - Springhill Lake__f6ddc4a7e233.pdf,,rejected,,,,2026-08-11T07:27:06.368731+00:00,2026-08-11T07:32:03.442652+00:00
ce2abeb3-386f-4602-9563-e3b6cb3d4a85,W21X50,structural_section,W16X50,0.479250431060791,0.4793,Low,true,ST - Springhill Lake__f6ddc4a7e233.pdf,,rejected,,,,2026-08-11T07:27:06.703585+00:00,2026-08-11T07:32:03.756309+00:00
74518689-412f-402a-b80f-84ec1722243c,W18X76,structural_section,W18X76,0.2027386724948883,0.2027,Low,true,ST - Springhill Lake__f6ddc4a7e233.pdf,,rejected,,,,2026-08-11T07:27:06.952936+00:00,2026-08-11T07:32:03.913940+00:00
5bfe4076-c1d4-449f-9135-a615888647e5,W8X18,structural_section,W8X58,0.44960203766822815,0.4496,Low,true,ST - Springhill Lake__f6ddc4a7e233.pdf,,rejected,,,,2026-08-11T07:27:07.932396+00:00,2026-08-11T07:32:04.064729+00:00
5da14542-02e3-4e69-bd27-4b61e00cbbfb,W16X36,structural_section,W12X336,0.33994194865226746,0.3399,Low,true,ST - Springhill Lake__f6ddc4a7e233.pdf,,rejected,,,,2026-08-11T07:27:08.319824+00:00,2026-08-11T07:32:04.208753+00:00
815b3695-4fc1-4a4c-a162-89a5be99bb67,W16X57,structural_section,W16X57,0.5075618028640747,0.5076,Low,true,ST - Springhill Lake__f6ddc4a7e233.pdf,,rejected,,,,2026-08-11T07:27:08.772758+00:00,2026-08-11T07:32:04.360676+00:00
8ead711f-5f93-4335-a0a3-de1175f1ca1c,W8X24,structural_section,W8X24,0.2125771939754486,0.2126,Low,true,ST - Springhill Lake__f6ddc4a7e233.pdf,,rejected,,,,2026-08-11T07:27:09.650871+00:00,2026-08-11T07:32:04.520463+00:00
e3130e7d-8de9-4627-8578-baa61253784e,W24X94,structural_section,W21X44,0.24998167157173157,0.25,Low,true,ST - Springhill Lake__f6ddc4a7e233.pdf,,rejected,,,,2026-08-11T07:27:10.234966+00:00,2026-08-11T07:32:04.705645+00:00
5cb105fd-130e-4b81-9985-ef4c07cfa0fb,W12X26,structural_section,W10X26,0.22625042498111725,0.2263,Low,true,ST - Springhill Lake__f6ddc4a7e233.pdf,,rejected,,,,2026-08-11T07:27:10.689334+00:00,2026-08-11T07:32:04.914478+00:00
b81958e5-c505-4dee-bcdf-5eb3541e2292,W21X68,structural_section,W21X68,0.4076935052871704,0.4077,Low,true,ST - Springhill Lake__f6ddc4a7e233.pdf,,rejected,,,,2026-08-11T07:27:11.085466+00:00,2026-08-11T07:32:05.554879+00:00
eb018d39-f992-4fce-957e-5a92411d753b,W21X62,structural_section,W24X62,0.33838316798210144,0.3384,Low,true,ST - Springhill Lake__f6ddc4a7e233.pdf,,rejected,,,,2026-08-11T07:27:11.532481+00:00,2026-08-11T07:32:05.926728+00:00
80e7afaa-3b5b-4b98-aacc-609a4a1e8659,W12X19,structural_section,W12X19,0.6356053948402405,0.6356,Medium,true,ST - Springhill Lake__f6ddc4a7e233.pdf,,rejected,,,,2026-08-11T07:27:12.485242+00:00,2026-08-11T07:32:06.325518+00:00
f7c4cf9f-0b2e-4a1d-8002-655281c5751a,L4X3-1/2X3/8,structural_section,L4X3X1/4,0.4846559166908264,0.4847,Low,true,ST - Springhill Lake__f6ddc4a7e233.pdf,,rejected,,,,2026-08-11T07:27:12.919532+00:00,2026-08-11T07:32:07.193440+00:00
c4f1037a-3343-4a32-a0ea-877649dd5f7c,HSS12X6X1/2,structural_section,HSS14X6X1/2,0.14031758904457092,0.1403,Low,true,ST - Springhill Lake__f6ddc4a7e233.pdf,,rejected,,,,2026-08-11T07:27:13.282883+00:00,2026-08-11T07:32:07.685552+00:00
873142c1-f66d-4e82-82fb-26d409877e28,HSS16X8X3/8,structural_section,HSS6X4X3/8,0.11134567111730576,0.1113,Low,true,ST - Springhill Lake__f6ddc4a7e233.pdf,,rejected,,,,2026-08-11T07:27:13.840260+00:00,2026-08-11T07:32:07.932828+00:00
50e481ca-23b3-4650-a155-13541df1c9c7,HSS6X6X3/8,structural_section,HSS6X6X1/8,0.10026797652244568,0.1003,Low,true,ST - Springhill Lake__f6ddc4a7e233.pdf,,rejected,,,,2026-08-11T07:27:14.115505+00:00,2026-08-11T07:32:08.269033+00:00
29847426-30d6-4d6e-972a-e8608bfe98d6,HSS16X4X1/2,structural_section,HSS16X4X5/16,0.12506091594696045,0.1251,Low,true,ST - Springhill Lake__f6ddc4a7e233.pdf,,rejected,,,,2026-08-11T07:27:15.516728+00:00,2026-08-11T07:32:08.439997+00:00
fffcfedb-e3b2-4f03-b30f-b9326950ebea,C8X11.5,structural_section,WT10.5X111.5,0.09094227850437164,0.0909,Low,true,ST - Springhill Lake__f6ddc4a7e233.pdf,,rejected,,,,2026-08-11T07:27:15.715001+00:00,2026-08-11T07:32:08.635332+00:00
3a883fdb-3f43-466c-9752-9b0c7de5ed77,L4X3X5/16,structural_section,L5X5X5/16,0.0833926722407341,0.0834,Low,true,ST - Springhill Lake__f6ddc4a7e233.pdf,,rejected,,,,2026-08-11T07:27:16.048443+00:00,2026-08-11T07:32:09.258748+00:00
e48961e7-5cb7-4888-a3b4-3a15d5bcbb44,L5X5X1/2,structural_section,L3X3X1/2,0.12519726157188416,0.1252,Low,true,ST - Springhill Lake__f6ddc4a7e233.pdf,,rejected,,,,2026-08-11T07:27:17.939981+00:00,2026-08-11T07:32:09.702862+00:00
6b32f1d2-5bab-430c-a537-bf60d7b5bb92,L4x4,structural_section,L4X3X1/4,0.5607150197029114,0.5607,Medium,true,ST - Springhill Lake__f6ddc4a7e233.pdf,,rejected,,,,2026-08-11T07:27:20.387843+00:00,2026-08-11T07:32:09.911127+00:00
f00b9353-6b7c-485c-9495-33796cb6b454,WT7X19,structural_section,WT7X199,0.4057486355304718,0.4057,Low,true,ST - Springhill Lake__f6ddc4a7e233.pdf,,rejected,,,,2026-08-11T07:27:20.803831+00:00,2026-08-11T07:32:10.164699+00:00
1f013e53-1f28-4b43-93cb-983fdffd4ec0,W24X84,structural_section,W24X84,0.6371821761131287,0.6372,Medium,true,ST - Springhill Lake__f6ddc4a7e233.pdf,,rejected,,,,2026-08-11T07:27:21.419827+00:00,2026-08-11T07:32:10.342003+00:00
8799f425-2fdd-4644-8898-cfc5ba214db7,W21X48,structural_section,W10X49,0.25567010045051575,0.2557,Low,true,ST - Springhill Lake__f6ddc4a7e233.pdf,,rejected,,,,2026-08-11T07:27:23.101815+00:00,2026-08-11T07:32:10.561956+00:00
10b4e27d-1283-4752-bde8-7482094e044b,HSS20X12X1/2,structural_section,HSS20X12X1,0.1274873912334442,0.1275,Low,true,ST - Springhill Lake__f6ddc4a7e233.pdf,,rejected,,,,2026-08-11T07:27:23.429286+00:00,2026-08-11T07:32:11.012662+00:00
faa77cd0-bf5a-4322-adbc-0e1e4fac5d65,W18X55,structural_section,W18X55,0.5684050917625427,0.5684,Medium,true,ST - Springhill Lake__f6ddc4a7e233.pdf,,rejected,,,,2026-08-11T07:27:25.847970+00:00,2026-08-11T07:32:11.566118+00:00
68094170-37d0-4178-bb7b-84f3932ed427,L4x4x3/8,structural_section,L4X4X3/8,0.4920107424259186,0.492,Low,true,ST - Springhill Lake__f6ddc4a7e233.pdf,,rejected,,,,2026-08-11T07:27:26.872976+00:00,2026-08-11T07:32:11.831027+00:00
70584815-6d62-410d-bcd6-623521daba21,L4X3X1/4,structural_section,L4X3X1/4,0.23053735494613647,0.2305,Low,true,ST - Springhill Lake__f6ddc4a7e233.pdf,,rejected,,,,2026-08-11T07:27:27.416881+00:00,2026-08-11T07:32:12.355475+00:00
95248a5e-a935-431c-9e55-e686b44628c5,L4X3 1/2X3/8,structural_section,L4X3X1/4,0.9999822378158569,1.0,High,true,ST - Springhill Lake__f6ddc4a7e233.pdf,,rejected,,,,2026-08-11T07:27:27.705399+00:00,2026-08-11T07:32:12.674685+00:00
37cb915f-13d7-486a-adbb-4af3c64f6431,L2x2x3/16,structural_section,L2X2X3/16,0.4409739673137665,0.441,Low,true,ST - Springhill Lake__f6ddc4a7e233.pdf,,rejected,,,,2026-08-11T07:27:27.983896+00:00,2026-08-11T07:32:12.880993+00:00
9e075651-1b45-4ad5-9661-fec599df8869,L3x3x3/16,structural_section,L3X3X3/16,0.11601947247982025,0.116,Low,true,ST - Springhill Lake__f6ddc4a7e233.pdf,,rejected,,,,2026-08-11T07:27:28.249343+00:00,2026-08-11T07:32:13.122871+00:00
1b5c2d94-6fac-4604-8409-fa3184b1cfa6,2 L1x1x1/4,structural_section,HSS2X1X1/8,0.143312469124794,0.1433,Low,true,ST - Springhill Lake__f6ddc4a7e233.pdf,,rejected,,,,2026-08-11T07:27:28.972846+00:00,2026-08-11T07:32:13.471177+00:00
7306f562-8d95-403e-845b-a684ab0dad68,C6 X 8.2,structural_section,C6X8.2,0.507935106754303,0.5079,Low,true,ST - Springhill Lake__f6ddc4a7e233.pdf,,rejected,,,,2026-08-11T07:27:29.217246+00:00,2026-08-11T07:32:13.775219+00:00
39a62d4f-e4ac-4c01-a8e0-a3d9b54aa33c,L2X2X1/4,structural_section,L3X3X1/4,0.09424223005771637,0.0942,Low,true,ST - Springhill Lake__f6ddc4a7e233.pdf,,rejected,,,,2026-08-11T07:27:29.506884+00:00,2026-08-11T07:32:14.052194+00:00
024c9615-0be9-44af-90b7-8a1ff7785aec,C6x8.2;,structural_section,C6X8.2,0.42762166261672974,0.4276,Low,true,ST - Springhill Lake__f6ddc4a7e233.pdf,,rejected,,,,2026-08-11T07:27:29.783107+00:00,2026-08-11T07:32:14.385670+00:00
f6dc5161-8192-473e-a5dc-bce1c92fab35,C8x11.5;,structural_section,ST4X11.5,0.10004422068595886,0.1,Low,true,ST - Springhill Lake__f6ddc4a7e233.pdf,,rejected,,,,2026-08-11T07:27:30.033418+00:00,2026-08-11T07:32:14.590751+00:00
101c848e-e510-473b-889e-fae69a4a5740,"L3x3x1/4x0'-3"",",structural_section,2L3X3X3/8,0.07704763859510422,0.077,Low,true,ST - Springhill Lake__f6ddc4a7e233.pdf,,rejected,,,,2026-08-11T07:27:30.280226+00:00,2026-08-11T07:32:14.919204+00:00
e262c9f6-1aef-4f45-be8d-924fc4b837e1,L4X4X1/4,structural_section,L4X4X1/4,0.7042726874351501,0.7043,Medium,true,ST - Springhill Lake__f6ddc4a7e233.pdf,,rejected,,,,2026-08-11T07:27:30.523588+00:00,2026-08-11T07:32:15.176469+00:00
04af0547-37a3-40f3-90f0-17110e30716c,HSS4X3X5/16,structural_section,HSS3X3X5/16,0.07695703953504562,0.077,Low,true,ST - Springhill Lake__f6ddc4a7e233.pdf,,rejected,,,,2026-08-11T07:27:30.872171+00:00,2026-08-11T07:32:15.602172+00:00
34cabace-fa3e-468e-9f51-8eddecc6121f,HSS4X4X5/16,structural_section,HSS4X3X5/16,0.12198856472969055,0.122,Low,true,ST - Springhill Lake__f6ddc4a7e233.pdf,,rejected,,,,2026-08-11T07:27:31.147389+00:00,2026-08-11T07:32:15.771075+00:00
f9601dcb-36eb-4ccf-9083-fe586eee9179,"L4x3x1/4x6""",structural_section,L4X3X5/16,0.37691396474838257,0.3769,Low,true,ST - Springhill Lake__f6ddc4a7e233.pdf,,rejected,,,,2026-08-11T07:27:31.347021+00:00,2026-08-11T07:32:15.958273+00:00
fa6bffbf-e50d-419c-a634-8e8a87b6908a,"L4x3x1/4x1'-0""",structural_section,L4X3X5/16,0.36112651228904724,0.3611,Low,true,ST - Springhill Lake__f6ddc4a7e233.pdf,,rejected,,,,2026-08-11T07:27:31.752530+00:00,2026-08-11T07:32:16.105307+00:00
76be44b6-d2d3-4035-8122-9c6c0d08b2d2,C8X13.7,structural_section,C6X13,0.1499447226524353,0.1499,Low,true,ST - Springhill Lake__f6ddc4a7e233.pdf,,rejected,,,,2026-08-11T07:27:32.252482+00:00,2026-08-11T07:32:16.226008+00:00
d6732bf4-c3b4-4ba8-b9c8-cf070d2c3e88,"L4X4X5/16X0'-5""",structural_section,L4X4X5/8,0.8307421207427979,0.8307,High,true,ST - Springhill Lake__f6ddc4a7e233.pdf,,rejected,,,,2026-08-11T07:27:32.568582+00:00,2026-08-11T07:32:16.350960+00:00
2a6122ae-8f05-4f1e-a8a0-68897a9d61c8,HSS16X0.5,structural_section,HSS12.750X0.375,0.07861123234033585,0.0786,Low,true,ST - Springhill Lake__f6ddc4a7e233.pdf,,rejected,,,,2026-08-11T07:27:32.902122+00:00,2026-08-11T07:32:16.486779+00:00
84ef1d93-8d68-4556-a52d-994f1f1c4857,HSS6x2x5/16,structural_section,HSS6X2X3/16,0.11157297343015671,0.1116,Low,true,ST - Springhill Lake__f6ddc4a7e233.pdf,,rejected,,,,2026-08-11T07:27:33.215476+00:00,2026-08-11T07:32:16.635792+00:00
f49bf1fb-48db-43d2-a475-195a8a0aa862,L8X6X1/2X1',structural_section,L3X3X1/2,0.11681614816188812,0.1168,Low,true,ST - Springhill Lake__f6ddc4a7e233.pdf,,rejected,,,,2026-08-11T07:27:33.468098+00:00,2026-08-11T07:32:16.784303+00:00
2669b038-2508-400d-923a-451dad83896d,L8X8X1/2X1',structural_section,2L8X8X1/2X3/8,0.1462845653295517,0.1463,Low,true,ST - Springhill Lake__f6ddc4a7e233.pdf,,rejected,,,,2026-08-11T07:27:33.749478+00:00,2026-08-11T07:32:16.933453+00:00
d340d399-7544-45bd-9e63-8a55ae90a720,"WT3X8,",structural_section,WT3X8,0.45085158944129944,0.4509,Low,true,ST - Springhill Lake__f6ddc4a7e233.pdf,,rejected,,,,2026-08-11T07:27:33.985737+00:00,2026-08-11T07:32:17.076540+00:00
fc96cd26-e5ab-4ee8-baf9-c71d5df4a233,L4X3-1/2X5/16,structural_section,L4X3X1/4,0.5725737810134888,0.5726,Medium,true,ST - Springhill Lake__f6ddc4a7e233.pdf,,rejected,,,,2026-08-11T07:27:34.234033+00:00,2026-08-11T07:32:17.221756+00:00
ad4ec8a3-bc29-4450-945e-55f6c99764fc,L6X3,structural_section,L6X4X3/8,0.2768622934818268,0.2769,Low,true,ST - Springhill Lake__f6ddc4a7e233.pdf,,rejected,,,,2026-08-11T07:27:34.516257+00:00,2026-08-11T07:32:17.367175+00:00
aee3a007-6373-4040-a934-593f1ffae935,"L7X4X3/8X0'-11""",structural_section,2L7X4X3/4SLBB,0.08364847302436829,0.0836,Low,true,ST - Springhill Lake__f6ddc4a7e233.pdf,,rejected,,,,2026-08-11T07:27:34.912332+00:00,2026-08-11T07:32:17.540541+00:00
19278ff8-dabb-4d12-be50-ec6100c7ae2c,"L5X3X3/8X0'-5""",structural_section,2L5X3X3/8X3/8SLBB,0.08091454207897186,0.0809,Low,true,ST - Springhill Lake__f6ddc4a7e233.pdf,,rejected,,,,2026-08-11T07:27:35.265839+00:00,2026-08-11T07:32:17.685219+00:00
bdbf9e4b-ed48-4156-9b81-f617e387856e,L3X3X3/8,structural_section,2L3X3X3/16X3/4,0.09315556287765503,0.0932,Low,true,ST - Springhill Lake__f6ddc4a7e233.pdf,,rejected,,,,2026-08-11T07:27:35.619687+00:00,2026-08-11T07:32:17.835800+00:00
9182c1c5-927d-4867-9204-9a2888abc666,"L4X4X3/8X0'-4""",structural_section,L4X4X3/8,0.9898237586021423,0.9898,High,true,ST - Springhill Lake__f6ddc4a7e233.pdf,,rejected,,,,2026-08-11T07:27:35.857193+00:00,2026-08-11T07:32:17.973440+00:00
52469568-3ae9-4295-bcc3-d9a3dfa97aa7,"L3X3X3/8,",structural_section,2L3X3X3/8X3/8,0.09172540158033371,0.0917,Low,true,ST - Springhill Lake__f6ddc4a7e233.pdf,,rejected,,,,2026-08-11T07:27:36.271081+00:00,2026-08-11T07:32:18.118611+00:00
61443760-1416-4dce-bd6a-981849283b98,"L4X3X3/8X0'-8""",structural_section,L4X3X3/8,0.12009754776954651,0.1201,Low,true,ST - Springhill Lake__f6ddc4a7e233.pdf,,rejected,,,,2026-08-11T07:27:36.655344+00:00,2026-08-11T07:32:18.276411+00:00
ab351e6c-4217-4ba8-bbfb-d044f64f8d4e,HSS4X4X3/8,structural_section,HSS4X4X1/2,0.09824171662330627,0.0982,Low,true,ST - Springhill Lake__f6ddc4a7e233.pdf,,rejected,,,,2026-08-11T07:27:37.206327+00:00,2026-08-11T07:32:18.426444+00:00
591ea96e-4fe9-47ed-902f-d2dbc5cd17cc,HSS6X6X5/8,structural_section,HSS6X4X3/8,0.09556550532579422,0.0956,Low,true,ST - Springhill Lake__f6ddc4a7e233.pdf,,rejected,,,,2026-08-11T07:27:37.881606+00:00,2026-08-11T07:32:18.568784+00:00
0ee0ad1b-a141-494c-8446-4beef4730389,HSS8X8X3/8,structural_section,HSS10X8X3/8,0.09097202867269516,0.091,Low,true,ST - Springhill Lake__f6ddc4a7e233.pdf,,rejected,,,,2026-08-11T07:27:38.448289+00:00,2026-08-11T07:32:18.712275+00:00
38a28397-be0c-40fa-ac24-b952d2f7f535,HSS6X6X1/2,structural_section,HSS6X6X3/8,0.10165655612945557,0.1017,Low,true,ST - Springhill Lake__f6ddc4a7e233.pdf,,rejected,,,,2026-08-11T07:27:39.063426+00:00,2026-08-11T07:32:18.866525+00:00
b47b16d9-c205-4897-af11-ba52d2687e23,W10X45,structural_section,W10X45,0.43900325894355774,0.439,Low,true,ST - Springhill Lake__f6ddc4a7e233.pdf,,rejected,,,,2026-08-11T07:27:41.179044+00:00,2026-08-11T07:32:19.012047+00:00
8964114c-262d-4474-81a2-fb82e43480b0,W10X39,structural_section,W10X39,0.498706191778183,0.4987,Low,true,ST - Springhill Lake__f6ddc4a7e233.pdf,,rejected,,,,2026-08-11T07:27:41.356700+00:00,2026-08-11T07:32:19.162333+00:00
05f4f768-d471-470a-ac94-ca81d6045197,W10X49,structural_section,HSS18.000X0.500,0.36590445041656494,0.3659,Low,true,ST - Springhill Lake__f6ddc4a7e233.pdf,,rejected,,,,2026-08-11T07:27:41.587999+00:00,2026-08-11T07:32:19.361152+00:00
e81f55e7-9ba3-436c-a514-dd5b491ff538,W12X65,structural_section,W12X65,0.20351746678352356,0.2035,Low,true,ST - Springhill Lake__f6ddc4a7e233.pdf,,rejected,,,,2026-08-11T07:27:42.339560+00:00,2026-08-11T07:32:19.583813+00:00
025a1e09-1dfb-4dd5-a0b3-c3773d6bc8a1,HSS10X0.500,structural_section,W10X33,0.3022412657737732,0.3022,Low,true,ST - Springhill Lake__f6ddc4a7e233.pdf,,rejected,,,,2026-08-11T07:27:43.532450+00:00,2026-08-11T07:32:19.851630+00:00
3e56d197-ad54-4781-ad61-fb8fcaa291f7,HSS18X0.375,structural_section,HSS18.000X0.375,0.5376152396202087,0.5376,Low,true,ST - Springhill Lake__f6ddc4a7e233.pdf,,rejected,,,,2026-08-11T07:27:44.181391+00:00,2026-08-11T07:32:20.236748+00:00
d7e79791-0ead-4a62-b0a7-a862a51c4bc4,HSS10X0.625,structural_section,W10X33,0.14290152490139008,0.1429,Low,true,ST - Springhill Lake__f6ddc4a7e233.pdf,,rejected,,,,2026-08-11T07:27:47.937186+00:00,2026-08-11T07:32:20.464939+00:00
61110625-5572-4871-bd9a-ce6fccabfffb,W16x26,structural_section,W14X22,0.20343540608882904,0.2034,Low,true,ST__0bfc2d61245d.pdf,,approved,,W16X26,Approved validation correction: Prediction confidence is critically low (20%),2026-08-11T09:25:17.345629+00:00,2026-08-11T10:16:25.967073+00:00
6efa67a6-b2b4-447c-b807-08b51da2371a,W14x90,structural_section,W14X90,0.41826745867729187,0.4183,Low,true,ST__0bfc2d61245d.pdf,,rejected,,,,2026-08-11T09:25:17.571959+00:00,2026-08-11T10:37:06.934501+00:00
03689da0-e835-4b36-ab1e-99039bde1510,HSS10x10,structural_section,HSS10X10X5/16,0.12726834416389465,0.1273,Low,true,ST__0bfc2d61245d.pdf,,rejected,,,,2026-08-11T09:25:17.839616+00:00,2026-08-11T12:44:10.586744+00:00
bbe7046a-2852-4094-92fb-9bc98cc3bd9e,W8x40,structural_section,W8X24,0.4967060983181,0.4967,Low,true,ST__0bfc2d61245d.pdf,,rejected,,,,2026-08-11T09:25:18.041718+00:00,2026-08-11T12:44:10.935966+00:00
ab3d8d7a-ab7c-4d0e-846e-5d2d7c1cf325,HSS8x8,structural_section,HSS8X8X3/8,0.3805733323097229,0.3806,Low,true,ST__0bfc2d61245d.pdf,,rejected,,,,2026-08-11T09:25:18.193746+00:00,2026-08-11T12:44:11.184964+00:00
ec3e2c39-77d3-4aa6-a1c8-6581242d816e,W8x48,structural_section,W8X40,0.2202085554599762,0.2202,Low,true,ST__0bfc2d61245d.pdf,,rejected,,,,2026-08-11T09:25:18.686760+00:00,2026-08-11T12:44:11.337245+00:00
bfc69bac-2e07-42df-84cf-a8112a67ca24,W8x31,structural_section,W8X18,0.28996026515960693,0.29,Low,true,ST__0bfc2d61245d.pdf,,rejected,,,,2026-08-11T09:25:18.823475+00:00,2026-08-11T12:44:11.517962+00:00
f0fc763c-ebde-4b3a-92e5-335e53db2920,W8x58,structural_section,W8X58,0.2571337819099426,0.2571,Low,true,ST__0bfc2d61245d.pdf,,rejected,,,,2026-08-11T09:25:18.914969+00:00,2026-08-11T12:44:11.649469+00:00
3e2896a0-c8e1-43ba-9ddc-6b954e2a7bae,W8x28,structural_section,W8X24,0.09398872405290604,0.094,Low,true,ST__0bfc2d61245d.pdf,,rejected,,,,2026-08-11T09:25:19.026654+00:00,2026-08-11T12:44:11.782374+00:00
645ff11c-9224-4195-adde-b905ab4bf967,W8x35,structural_section,W18X55,0.18781940639019012,0.1878,Low,true,ST__0bfc2d61245d.pdf,,rejected,,,,2026-08-11T09:25:19.133478+00:00,2026-08-11T12:44:11.897209+00:00
ec949900-65e9-4784-a74a-5f177b2f5903,W8x24,structural_section,W8X24,0.22135011851787567,0.2214,Low,true,ST__0bfc2d61245d.pdf,,rejected,,,,2026-08-11T09:25:19.240631+00:00,2026-08-11T12:44:12.006417+00:00
7710177a-4774-47a9-a612-fc0de1aff256,W21x50,structural_section,W16X50,0.4941054582595825,0.4941,Low,true,ST__0bfc2d61245d.pdf,,rejected,,,,2026-08-11T09:25:19.360234+00:00,2026-08-11T12:44:12.123253+00:00
526b2df9-deb9-4374-a43b-2fefefc9f8bd,W16x31,structural_section,W10X15,0.1474139392375946,0.1474,Low,true,ST__0bfc2d61245d.pdf,,rejected,,,,2026-08-11T09:25:19.472348+00:00,2026-08-11T12:44:12.300201+00:00
238bef69-41fa-4542-9f00-bd6f0b99d40f,W10x12,structural_section,W10X12,0.5632712841033936,0.5633,Medium,true,ST__0bfc2d61245d.pdf,,rejected,,,,2026-08-11T09:25:19.614851+00:00,2026-08-11T12:44:12.466892+00:00
2b4c3452-af1b-44ab-a18f-c648472844b9,W18x35,structural_section,W18X35,0.5386412143707275,0.5386,Low,true,ST__0bfc2d61245d.pdf,,rejected,,,,2026-08-11T09:25:19.730832+00:00,2026-08-11T12:44:12.666636+00:00
4327a763-38b0-477a-8bc8-af3ff72ebb76,W12x22,structural_section,W12X22,0.4999973773956299,0.5,Low,true,ST__0bfc2d61245d.pdf,,rejected,,,,2026-08-11T09:25:20.391615+00:00,2026-08-11T12:44:12.806807+00:00
57246e35-297d-46bd-9e43-27207f0407ab,HSS10x10x1/2,structural_section,HSS10X10X1/2,0.13081927597522736,0.1308,Low,true,ST__0bfc2d61245d.pdf,,rejected,,,,2026-08-11T09:25:20.636645+00:00,2026-08-11T12:44:12.933046+00:00
416889dc-1c8f-467c-9675-d4282b16bfba,WT16.5x59,structural_section,WT16.5X59,0.5525332093238831,0.5525,Medium,true,ST__0bfc2d61245d.pdf,,rejected,,,,2026-08-11T09:25:21.075456+00:00,2026-08-11T12:44:13.055429+00:00
0d3c8c31-770c-416f-8f5d-83178e7fa4ff,HSS 8X8,structural_section,HSS8X8X3/8,0.41722211241722107,0.4172,Low,true,ST__0bfc2d61245d.pdf,,rejected,,,,2026-08-11T09:25:21.566124+00:00,2026-08-11T12:44:13.244411+00:00
94c3b5bc-9013-4443-a1e3-e5ca2142f731,HSS12x12x1/2,structural_section,HSS12X12X1/2,0.3508257269859314,0.3508,Low,true,ST__0bfc2d61245d.pdf,,rejected,,,,2026-08-11T09:25:21.728073+00:00,2026-08-11T12:44:13.412244+00:00
e8cfde57-9f8d-4b6e-b0d2-14180b57f6d9,L6x6x3/4,structural_section,2L6X6X3/8X3/4,0.11799967288970947,0.118,Low,true,ST__0bfc2d61245d.pdf,,rejected,,,,2026-08-11T09:25:22.618847+00:00,2026-08-11T12:44:13.548288+00:00
e5015d55-e194-4430-8c1b-75778694bf5e,W18x40,structural_section,W18X40,0.492493599653244,0.4925,Low,true,ST__0bfc2d61245d.pdf,,rejected,,,,2026-08-11T09:25:24.494905+00:00,2026-08-11T12:44:13.684039+00:00
fa3a8c91-d0f9-4487-bb14-be66a292db2c,HSS8x8x3/8,structural_section,HSS8X8X5/16,0.12666954100131989,0.1267,Low,true,ST__0bfc2d61245d.pdf,,rejected,,,,2026-08-11T09:25:25.202561+00:00,2026-08-11T12:44:13.826681+00:00
8a668436-251e-46ab-96ac-c6085bfb717c,W10×22.,structural_section,W10X22,0.49998581409454346,0.5,Low,true,ST__0bfc2d61245d.pdf,,rejected,,,,2026-08-11T09:25:25.889479+00:00,2026-08-11T12:44:14.011256+00:00
4874a527-45b2-424c-9653-7f0e506114e7,HSS4x4x1/4.,structural_section,HSS4X4X1/8,0.1010991707444191,0.1011,Low,true,ST__0bfc2d61245d.pdf,,rejected,,,,2026-08-11T09:25:26.021105+00:00,2026-08-11T12:44:14.174893+00:00
cce77c57-13b4-4470-9e87-34171bf062ae,W24x84,structural_section,W24X84,0.5803115963935852,0.5803,Medium,true,ST__0bfc2d61245d.pdf,,approved,,W24X84,,2026-08-11T09:25:26.130647+00:00,2026-08-11T11:24:20.268528+00:00
9e899ffd-6cb5-43b9-9b55-7c98de8476d1,W36x170,structural_section,W36X170,0.5263675451278687,0.5264,Low,true,ST__0bfc2d61245d.pdf,,approved,structural_section,W36X170,,2026-08-11T09:25:26.260787+00:00,2026-08-11T11:20:28.563786+00:00
5945fb1f-99e4-4236-a9ea-d2b6ddd4d7c5,W36x150,structural_section,W36X150,0.38554149866104126,0.3855,Low,true,ST__0bfc2d61245d.pdf,,approved,,W36X150,,2026-08-11T09:25:26.389749+00:00,2026-08-11T11:24:09.849890+00:00
19fe7af7-0e5e-4613-8164-02991a406300,W16x50,structural_section,W36X150,0.34280043840408325,0.3428,Low,true,ST__0bfc2d61245d.pdf,,approved,,W36X150,,2026-08-11T09:25:26.526959+00:00,2026-08-11T11:23:56.741121+00:00
0f8d237c-ff05-4502-aa0f-d2f9050e5221,W16x45,structural_section,W16X45,0.25085389614105225,0.2509,Low,true,ST__0bfc2d61245d.pdf,,approved,,W16X45,,2026-08-11T09:25:26.824519+00:00,2026-08-11T11:23:43.218511+00:00
420ddbe8-0008-43e3-8a3b-3ee23b4c71c3,HSS 8X8X3/8,structural_section,HSS8X8X5/16,0.12660163640975952,0.1266,Low,true,ST__0bfc2d61245d.pdf,,approved,,HSS8X8X5/16,,2026-08-11T09:25:26.972423+00:00,2026-08-11T11:23:34.527998+00:00
0b760790-1fb5-4add-baef-b6ee1cb575cd,L2x2x1/4,structural_section,2L2X2X1/8,0.09572858363389969,0.0957,Low,true,ST__0bfc2d61245d.pdf,,approved,,2L2X2X1/8,,2026-08-11T09:25:27.065594+00:00,2026-08-11T11:23:24.789048+00:00
ec8ecc0c-a322-4bf4-a191-cae5f6060be9,L3x3x1/4,structural_section,2L3X3X1/2X3/4,0.08364563435316086,0.0836,Low,true,ST__0bfc2d61245d.pdf,,approved,,2L3X3X1/2X3/4,,2026-08-11T09:25:27.161707+00:00,2026-08-11T11:23:09.123697+00:00
77948ff0-4ba5-4e62-8425-d3f590af390d,L4x4x1/4,structural_section,L4X4X1/4,0.2205372452735901,0.2205,Low,true,ST__0bfc2d61245d.pdf,,approved,,L4X4X1/4,,2026-08-11T09:25:27.259337+00:00,2026-08-11T11:22:59.416965+00:00
f0565ee7-5cd4-452d-88bd-7565733f0aa9,L5x5x5/16,structural_section,L4X3X5/16,0.1006222516298294,0.1006,Low,true,ST__0bfc2d61245d.pdf,,approved,,L4X3X5/16,,2026-08-11T09:25:27.468066+00:00,2026-08-11T11:22:49.698834+00:00
4458e7ee-65f8-4305-a2cd-ba363581a6a1,L5x3x1/4,structural_section,2L5X3X1/2SLBB,0.07708435505628586,0.0771,Low,true,ST__0bfc2d61245d.pdf,,approved,,2L5X3X1/2SLBB,,2026-08-11T09:25:27.683628+00:00,2026-08-11T11:22:40.013492+00:00
bee7f869-4550-440a-a652-629d25aedcad,HSS8x8x1/2,structural_section,HSS8X8X1/4,0.13112427294254303,0.1311,Low,true,ST__0bfc2d61245d.pdf,,approved,,HSS8X8X1/4,,2026-08-11T09:25:27.894516+00:00,2026-08-11T11:22:26.152237+00:00
986ae070-53c9-41b5-a29d-a0c89b669fc4,HSS8x6x1/2,structural_section,HSS8X6X3/16,0.10319153219461441,0.1032,Low,true,ST__0bfc2d61245d.pdf,,approved,,HSS8X6X3/16,,2026-08-11T09:25:28.080184+00:00,2026-08-11T11:22:17.454600+00:00
5c8bcb6a-d72a-4894-a272-66932501812e,PL 1x9x1'-9,structural_section,L3X3X1/4,0.125757098197937,0.1258,Low,true,ST__0bfc2d61245d.pdf,,approved,,L3X3X1/4,,2026-08-11T09:25:29.710458+00:00,2026-08-11T11:22:08.369869+00:00
64bf0722-6e76-4b80-b9dd-e37d129fb944,HSS6x8x1/2,structural_section,L8X8X1/2,0.10178796947002411,0.1018,Low,true,ST__0bfc2d61245d.pdf,,approved,,L8X8X1/2,,2026-08-11T09:25:29.983772+00:00,2026-08-11T11:21:58.177407+00:00
b7c3e3e5-2c66-437f-a312-6b0e94faa8e3,"HSS3x3,",structural_section,HSS3X3X3/8,0.246979221701622,0.247,Low,true,ST__0bfc2d61245d.pdf,,approved,,HSS3X3X3/8,,2026-08-11T09:25:30.086267+00:00,2026-08-11T11:21:48.472448+00:00
c1c4ae39-6f22-4cbf-a2b2-2f22b5f45151,"HSS3x3x1/4,",structural_section,HSS3X3X1/8,0.11704334616661072,0.117,Low,true,ST__0bfc2d61245d.pdf,,approved,,HSS3X3X1/8,,2026-08-11T09:25:30.190132+00:00,2026-08-11T11:21:39.446305+00:00
593a6f26-6ac3-4ce4-9a79-94651a90af18,W16x26,structural_section,W10X22,0.16902151703834534,0.169,Low,true,ST__0bfc2d61245d.pdf,,approved,,W10X22,,2026-08-11T10:32:00.818761+00:00,2026-08-11T11:21:30.844885+00:00
4308c067-a004-4924-9d09-c1892a6917b6,W14x22,structural_section,W14X22,0.24988389015197754,0.2499,Low,true,ST__0bfc2d61245d.pdf,,approved,,W14X22,,2026-08-11T10:32:01.150690+00:00,2026-08-11T11:21:21.634782+00:00
b49dc56c-b6d8-4892-a5f2-4c8706606d0a,W24x55,structural_section,W12X65,0.204111248254776,0.2041,Low,true,ST__0bfc2d61245d.pdf,,approved,,W12X65,,2026-08-11T10:32:02.294545+00:00,2026-08-11T11:21:12.102655+00:00
34b08105-c5f4-4e83-8ab3-74824e4dc995,W18x46,structural_section,W18X46,0.2145283967256546,0.2145,Low,true,ST__0bfc2d61245d.pdf,,approved,,W18X46,,2026-08-11T10:32:03.933688+00:00,2026-08-11T11:21:01.078348+00:00
87425864-cb3a-4a1a-a403-e77b63eb37be,W12x45,structural_section,W12X45,0.37598901987075806,0.376,Low,true,ST__0bfc2d61245d.pdf,,approved,,W12X45,,2026-08-11T10:32:08.558477+00:00,2026-08-11T11:20:49.586565+00:00
5c6a9bd5-6c79-4cb9-a78f-72e67e831f7d,W27x84,structural_section,W27X84,0.5282799601554871,0.5283,Low,true,ST__0bfc2d61245d.pdf,,rejected,,,,2026-08-11T10:32:11.138031+00:00,2026-08-11T12:44:14.319557+00:00
a04440af-1838-4632-95f2-442d0a18ba25,W24x68,structural_section,W24X68,0.33714789152145386,0.3371,Low,true,ST__0bfc2d61245d.pdf,,rejected,,,,2026-08-11T10:32:18.876260+00:00,2026-08-11T12:44:14.463459+00:00
c3a89eaa-4374-473b-b79b-f9c857812349,W33x130,structural_section,W33X169,0.1297842115163803,0.1298,Low,true,ST__0bfc2d61245d.pdf,,rejected,,,,2026-08-11T10:32:19.348144+00:00,2026-08-11T12:44:14.606126+00:00
20a4d5d0-44ae-49bd-94d6-6ed3915de5d4,W33x118,structural_section,W33X118,0.5036262273788452,0.5036,Low,true,ST__0bfc2d61245d.pdf,,rejected,,,,2026-08-11T10:32:20.802381+00:00,2026-08-11T12:44:14.752662+00:00
68a86d37-c5f1-4896-8456-2768a8dc96a0,L4X3-1/2X5/16,structural_section,L4X3X5/16,0.18011239171028137,0.1801,Low,true,Burrville ES - ST__0d910a43b4a0.pdf,,rejected,,,,2026-08-11T11:12:42.118997+00:00,2026-08-11T12:44:14.935648+00:00
859dc7fc-3aba-400a-be97-fa84253d52b0,L6X4X3/8,structural_section,L3X3X3/8,0.08342606574296951,0.0834,Low,true,Burrville ES - ST__0d910a43b4a0.pdf,,rejected,,,,2026-08-11T11:12:42.336849+00:00,2026-08-11T12:44:15.345960+00:00
4504f3de-f216-4e0f-b822-88de53f1d669,W12X16,structural_section,W12X65,0.18910521268844604,0.1891,Low,true,Burrville ES - ST__0d910a43b4a0.pdf,,rejected,,,,2026-08-11T11:12:42.607222+00:00,2026-08-11T12:44:15.505746+00:00
a50633b5-913c-4131-8cf7-5ff98f727d44,W21X44,structural_section,W21X44,0.13232165575027466,0.1323,Low,true,Burrville ES - ST__0d910a43b4a0.pdf,,rejected,,,,2026-08-11T11:12:42.855439+00:00,2026-08-11T12:44:15.657996+00:00
c1c051b3-b692-469e-896a-40558d6dee0b,W18X50,structural_section,W16X50,0.16602306067943573,0.166,Low,true,Burrville ES - ST__0d910a43b4a0.pdf,,rejected,,,,2026-08-11T11:12:43.500692+00:00,2026-08-11T12:44:15.803842+00:00
740d4b59-12f4-4103-952b-51068aeefe0b,W10X15,structural_section,W10X15,0.532421886920929,0.5324,Low,true,Burrville ES - ST__0d910a43b4a0.pdf,,rejected,,,,2026-08-11T11:12:43.813968+00:00,2026-08-11T12:44:15.981470+00:00
686ea5e9-56fd-4a05-837a-c2835abd488d,W21X55,structural_section,W21X55,0.6230030059814453,0.623,Medium,true,Burrville ES - ST__0d910a43b4a0.pdf,,rejected,,,,2026-08-11T11:12:44.095169+00:00,2026-08-11T12:44:16.108759+00:00
b4b9bdde-d290-4914-95b1-504e3d5bccc4,W12X19,structural_section,W12X19,0.45630133152008057,0.4563,Low,true,Burrville ES - ST__0d910a43b4a0.pdf,,rejected,,,,2026-08-11T11:12:45.659862+00:00,2026-08-11T12:44:16.284808+00:00
e3b0cffd-e132-4738-94fa-7965ee8e1dcc,W10X19,structural_section,W10X49,0.26145681738853455,0.2615,Low,true,Burrville ES - ST__0d910a43b4a0.pdf,,rejected,,,,2026-08-11T11:12:46.490092+00:00,2026-08-11T12:44:16.432634+00:00
b58bf54f-f22d-495b-b571-ea86eb94de98,HSS10X8X3/8,structural_section,HSS10X8X5/8,0.12517394125461578,0.1252,Low,true,Burrville ES - ST__0d910a43b4a0.pdf,,rejected,,,,2026-08-11T11:12:46.769848+00:00,2026-08-11T12:44:16.582270+00:00
608bf7d9-ec13-4ec4-b03a-1b4023158eea,HSS10X6X3/8,structural_section,HSS10X8X3/8,0.12695463001728058,0.127,Low,true,Burrville ES - ST__0d910a43b4a0.pdf,,rejected,,,,2026-08-11T11:12:47.098538+00:00,2026-08-11T12:44:16.728826+00:00
ca2e0adc-bc62-4297-98f6-3c1c2d6209ab,W16X36,structural_section,W12X336,0.09236038476228714,0.0924,Low,true,Burrville ES - ST__0d910a43b4a0.pdf,,rejected,,,,2026-08-11T11:12:47.339041+00:00,2026-08-11T12:44:16.923742+00:00
03c7bc41-51c8-4be0-9207-23477e5a32a7,W12X26,structural_section,W10X26,0.19261199235916138,0.1926,Low,true,Burrville ES - ST__0d910a43b4a0.pdf,,rejected,,,,2026-08-11T11:12:48.649345+00:00,2026-08-11T12:44:17.067431+00:00
5fb38ed7-e80c-4cc3-a31b-08921243e626,HSS12X6X3/8,structural_section,HSS6X6X3/8,0.11118854582309723,0.1112,Low,true,Burrville ES - ST__0d910a43b4a0.pdf,,rejected,,,,2026-08-11T11:12:50.852372+00:00,2026-08-11T12:44:17.204511+00:00
40d9928f-5dbf-4206-bfd1-135c3190d9ac,W10X22,structural_section,W10X112,0.13720163702964783,0.1372,Low,true,Burrville ES - ST__0d910a43b4a0.pdf,,rejected,,,,2026-08-11T11:12:54.387908+00:00,2026-08-11T12:44:17.345916+00:00
214081e7-28c4-4190-b03a-77951f8591e8,W12X16.,structural_section,W12X65,0.26252439618110657,0.2625,Low,true,Burrville ES - ST__0d910a43b4a0.pdf,,rejected,,,,2026-08-11T11:12:54.857251+00:00,2026-08-11T12:44:17.486476+00:00
9727f473-419a-420c-9890-4c576ce561db,W21X48,structural_section,W21X68,0.21162834763526917,0.2116,Low,true,Burrville ES - ST__0d910a43b4a0.pdf,,rejected,,,,2026-08-11T11:12:56.931343+00:00,2026-08-11T12:44:17.628862+00:00
115dc7d8-5c8b-4a91-a845-70c8e05d20cf,W12X30,structural_section,W10X30,0.08685610443353653,0.0869,Low,true,Burrville ES - ST__0d910a43b4a0.pdf,,rejected,,,,2026-08-11T11:12:58.680237+00:00,2026-08-11T12:44:17.814453+00:00
bd01f786-2674-425f-b319-adff7444f90b,W10X30,structural_section,W12X230,0.24723120033740997,0.2472,Low,true,Burrville ES - ST__0d910a43b4a0.pdf,,rejected,,,,2026-08-11T11:13:00.068469+00:00,2026-08-11T12:44:17.951154+00:00
68235fe8-e0dc-4f41-acb6-1849e4054394,HSS14X6X1/2,structural_section,HSS14X6X3/16,0.12522071599960327,0.1252,Low,true,Burrville ES - ST__0d910a43b4a0.pdf,,rejected,,,,2026-08-11T11:13:00.865077+00:00,2026-08-11T12:44:18.097016+00:00
457eaee7-b68b-4846-ba5c-178c67c501fc,W12X40,structural_section,W12X106,0.12413180619478226,0.1241,Low,true,Burrville ES - ST__0d910a43b4a0.pdf,,rejected,,,,2026-08-11T11:13:01.249136+00:00,2026-08-11T12:44:18.241116+00:00
7ff534d2-21a6-4c41-95d8-fa0580f5f06b,HSS20X8X5/8,structural_section,HSS20X8X5/16,0.1283128708600998,0.1283,Low,true,Burrville ES - ST__0d910a43b4a0.pdf,,rejected,,,,2026-08-11T11:13:01.706685+00:00,2026-08-11T12:44:18.386052+00:00
a80ead70-433f-4468-a8be-6c59e98c528f,W18X60,structural_section,W18X40,0.18843267858028412,0.1884,Low,true,Burrville ES - ST__0d910a43b4a0.pdf,,rejected,,,,2026-08-11T11:13:01.950932+00:00,2026-08-11T12:44:18.576604+00:00
7723e2df-5998-4099-8dc2-6c452f1a9207,W14X26,structural_section,W14X26,0.554941713809967,0.5549,Medium,true,Burrville ES - ST__0d910a43b4a0.pdf,,rejected,,,,2026-08-11T11:13:02.438351+00:00,2026-08-11T12:44:18.723041+00:00
947d7ec6-2c99-4da1-8cf3-d3bbf29c1a38,HSS14X6X5/8,structural_section,HSS10X6X3/8,0.1250220239162445,0.125,Low,true,Burrville ES - ST__0d910a43b4a0.pdf,,rejected,,,,2026-08-11T11:13:10.491649+00:00,2026-08-11T12:44:18.860025+00:00
823e3d3c-687b-40b6-9e7f-d55e04ef28f5,L4X4X3/8,structural_section,HSS4X4X3/8,0.08340303599834442,0.0834,Low,true,Burrville ES - ST__0d910a43b4a0.pdf,,rejected,,,,2026-08-11T11:13:10.822989+00:00,2026-08-11T12:44:19.003651+00:00
7f203329-c477-4e31-a118-debd10e0eebb,L2x2x3/16,structural_section,HSS2X2X3/16,0.11116475611925125,0.1112,Low,true,Burrville ES - ST__0d910a43b4a0.pdf,,rejected,,,,2026-08-11T11:13:11.353410+00:00,2026-08-11T12:44:19.143361+00:00
4949947b-4663-4f00-900e-e93526f3afc9,L3x3x3/16,structural_section,L3X3X3/8,0.10588705539703369,0.1059,Low,true,Burrville ES - ST__0d910a43b4a0.pdf,,rejected,,,,2026-08-11T11:13:11.643147+00:00,2026-08-11T12:44:19.284514+00:00
2137e43b-c031-4e29-9f3b-e9282c885a70,C6 X 8.2,structural_section,C8X11.5,0.10172998905181885,0.1017,Low,true,Burrville ES - ST__0d910a43b4a0.pdf,,rejected,,,,2026-08-11T11:13:12.375951+00:00,2026-08-11T12:44:19.472138+00:00
bee0c788-244a-46af-a8be-890e5ccf9f6b,C6 X 10.5,structural_section,C6X8.2,0.23492644727230072,0.2349,Low,true,Burrville ES - ST__0d910a43b4a0.pdf,,rejected,,,,2026-08-11T11:13:12.598729+00:00,2026-08-11T12:44:19.614691+00:00
12d1fe8e-9bbd-453e-8f5a-2eb88360d548,L4X3X3/8,structural_section,L4X3X5/8,0.08032407611608505,0.0803,Low,true,Burrville ES - ST__0d910a43b4a0.pdf,,rejected,,,,2026-08-11T11:13:14.001896+00:00,2026-08-11T12:44:19.735209+00:00
29d1cfce-ee1f-4939-a190-15abc712f457,L3x3x3/8,structural_section,L3X3X3/8,0.2015714943408966,0.2016,Low,true,Burrville ES - ST__0d910a43b4a0.pdf,,rejected,,,,2026-08-11T11:13:14.688969+00:00,2026-08-11T12:44:19.848613+00:00
bf964d65-2555-442d-8c10-94875e1e938b,"L3X3X3/8X0'-6""",structural_section,L3X3X3/16,0.3747139275074005,0.3747,Low,true,Burrville ES - ST__0d910a43b4a0.pdf,,rejected,,,,2026-08-11T11:13:15.026817+00:00,2026-08-11T12:44:19.979296+00:00
6b9ec0f6-f1ce-4066-aa12-e7cdecece332,W10X33,structural_section,W12X336,0.12985029816627502,0.1299,Low,true,Burrville ES - ST__0d910a43b4a0.pdf,,rejected,,,,2026-08-11T11:13:15.991615+00:00,2026-08-11T12:44:20.125161+00:00
d6f37035-3a18-4a10-aa81-9c26b44445ba,W10X112,structural_section,W10X22,0.33711689710617065,0.3371,Low,true,Burrville ES - ST__0d910a43b4a0.pdf,,rejected,,,,2026-08-11T11:13:17.503248+00:00,2026-08-11T12:44:20.288179+00:00
41c525b4-e136-498a-8f63-1b3eef3da594,W12X106,structural_section,W12X106,0.17267923057079315,0.1727,Low,true,Burrville ES - ST__0d910a43b4a0.pdf,,rejected,,,,2026-08-11T11:13:19.323917+00:00,2026-08-11T12:44:20.456595+00:00
4af6dc79-7c98-4652-b673-b3e463fe4b8d,W12X120,structural_section,W12X230,0.33365777134895325,0.3337,Low,true,Burrville ES - ST__0d910a43b4a0.pdf,,rejected,,,,2026-08-11T11:13:20.555927+00:00,2026-08-11T12:44:20.601467+00:00
30c4b386-ea72-4b4b-9bda-c1661f0253e3,W12X230,structural_section,W12X230,0.34399035573005676,0.344,Low,true,Burrville ES - ST__0d910a43b4a0.pdf,,rejected,,,,2026-08-11T11:13:21.621408+00:00,2026-08-11T12:44:20.738698+00:00
5ce6261b-9caf-49ef-8ede-d061ead75b39,W12X252,structural_section,W12X50,0.13641111552715302,0.1364,Low,true,Burrville ES - ST__0d910a43b4a0.pdf,,rejected,,,,2026-08-11T11:13:22.938060+00:00,2026-08-11T12:44:20.876158+00:00
adaecb2b-2b78-4c89-b045-be226581c8ae,W12X336,structural_section,W10X33,0.3170482814311981,0.317,Low,true,Burrville ES - ST__0d910a43b4a0.pdf,,rejected,,,,2026-08-11T11:13:23.855877+00:00,2026-08-11T12:44:21.009027+00:00
c41f1db6-f132-4c05-b186-48070632b3ab,W14X43,structural_section,W14X43,0.5641735792160034,0.5642,Medium,true,Burrville ES - ST__0d910a43b4a0.pdf,,rejected,,,,2026-08-11T11:13:24.741524+00:00,2026-08-11T12:44:21.175483+00:00
0b78d8f1-52b2-432d-89c8-ffdd61849357,W14X61,structural_section,W14X665,0.10467206686735153,0.1047,Low,true,Burrville ES - ST__0d910a43b4a0.pdf,,rejected,,,,2026-08-11T11:13:25.573890+00:00,2026-08-11T12:44:21.332014+00:00
ac0c8837-c4be-4eb2-ae41-e0ec66375874,W14X68,structural_section,W14X26,0.15977740287780762,0.1598,Low,true,Burrville ES - ST__0d910a43b4a0.pdf,,rejected,,,,2026-08-11T11:13:26.320166+00:00,2026-08-11T12:44:21.464113+00:00
f8fcb098-329b-46ed-bc06-e33a1d57466b,W14X82,structural_section,W14X22,0.2500583231449127,0.2501,Low,true,Burrville ES - ST__0d910a43b4a0.pdf,,rejected,,,,2026-08-11T11:13:27.075729+00:00,2026-08-11T12:44:21.592656+00:00
dcf3f1c0-7a37-4a5f-8215-7b9d099ef822,W14X90,structural_section,W14X74,0.0789574459195137,0.079,Low,true,Burrville ES - ST__0d910a43b4a0.pdf,,rejected,,,,2026-08-11T11:13:27.539386+00:00,2026-08-11T12:44:21.724338+00:00
cd777c69-97ae-4e90-a994-7c96738203ce,W14X132,structural_section,W14X22,0.2499966323375702,0.25,Low,true,Burrville ES - ST__0d910a43b4a0.pdf,,rejected,,,,2026-08-11T11:13:27.925393+00:00,2026-08-11T12:44:21.856428+00:00
6d80ab6b-3a98-4bfb-b922-b4ef23d89d2b,W14X145,structural_section,W10X15,0.12409882247447968,0.1241,Low,true,Burrville ES - ST__0d910a43b4a0.pdf,,approved,,W10X15,,2026-08-11T11:13:28.306002+00:00,2026-08-11T12:29:01.852183+00:00
d25e954d-fa7f-4fc2-a0ae-1a0caceb7667,WT7X19,structural_section,WT7X19,0.5248208045959473,0.5248,Low,true,Burrville ES - ST__0d910a43b4a0.pdf,,approved,,WT7X19,,2026-08-11T11:13:28.915405+00:00,2026-08-11T12:28:53.189697+00:00
31e6e9fe-0460-40ad-8240-18e44eb91de8,"L3x3x1/4x0'-3"",",structural_section,L3X3X1/4,0.5677025318145752,0.5677,Medium,true,Burrville ES - ST__0d910a43b4a0.pdf,,approved,,L3X3X1/4,,2026-08-11T11:13:29.275811+00:00,2026-08-11T12:28:44.464833+00:00
187ca5ad-9353-42b7-a5ae-c56349239ed6,L1x1x1/4,structural_section,L6X4X1/2,0.10000711679458618,0.1,Low,true,Burrville ES - ST__0d910a43b4a0.pdf,,approved,,L6X4X1/2,,2026-08-11T11:13:29.539360+00:00,2026-08-11T12:28:35.771639+00:00
73943076-7233-4fbd-a14f-cb499cdd18db,2 L1x1x1/4,structural_section,2L4X4X1/2X3/4,0.14286458492279053,0.1429,Low,true,Burrville ES - ST__0d910a43b4a0.pdf,,approved,,2L4X4X1/2X3/4,,2026-08-11T11:13:29.812922+00:00,2026-08-11T12:28:26.353657+00:00
09273994-64fc-4000-ba1e-4c1b4d01969f,"L3X3X5/16,",structural_section,2L3X3X5/16,0.14585983753204346,0.1459,Low,true,Burrville ES - ST__0d910a43b4a0.pdf,,approved,,2L3X3X5/16,,2026-08-11T11:13:30.059478+00:00,2026-08-11T12:28:16.403159+00:00
3b56703e-7b66-4427-943d-9285a5d5df1f,"L4X4X3/8X0'-8""",structural_section,2L4X4X3/4X3/4,0.09122574329376221,0.0912,Low,true,Burrville ES - ST__0d910a43b4a0.pdf,,approved,,2L4X4X3/4X3/4,,2026-08-11T11:13:30.319253+00:00,2026-08-11T12:28:03.504411+00:00
bc66d685-e04e-4316-ae05-98395ab6bef4,2L3x3x1/4,structural_section,2L3X3X1/2X3/8,0.1433219462633133,0.1433,Low,true,Burrville ES - ST__0d910a43b4a0.pdf,,approved,,2L3X3X1/2X3/8,,2026-08-11T11:13:30.587338+00:00,2026-08-11T12:27:52.223288+00:00
084a09bd-893f-423c-b813-11dbea6f1913,"L4x3x1/4x6""",structural_section,2L4X3X1/2LLBB,0.10008107870817184,0.1001,Low,true,Burrville ES - ST__0d910a43b4a0.pdf,,approved,,2L4X3X1/2LLBB,,2026-08-11T11:13:30.879312+00:00,2026-08-11T12:27:42.816420+00:00
f627aa19-5a4a-47cc-94ea-32e6e1dcebd5,"L4x3x1/4x2'-0""",structural_section,L3X3X1/2,0.10014831274747849,0.1001,Low,true,Burrville ES - ST__0d910a43b4a0.pdf,,approved,,L3X3X1/2,,2026-08-11T11:13:32.212761+00:00,2026-08-11T12:27:30.113128+00:00
8cf8f05f-525f-447b-9ae4-f85af63206ab,"L4x3x1/4x1'-0""",structural_section,L3X3X1/2,0.10017149895429611,0.1002,Low,true,Burrville ES - ST__0d910a43b4a0.pdf,,approved,,L3X3X1/2,,2026-08-11T11:13:32.548307+00:00,2026-08-11T12:27:19.235760+00:00
79bcd611-d335-4f7b-98f0-db19ca3c332f,"L4x4x3/8x0'-6""",structural_section,2L4X4X3/4X3/4,0.0912075936794281,0.0912,Low,true,Burrville ES - ST__0d910a43b4a0.pdf,,approved,,2L4X4X3/4X3/4,,2026-08-11T11:13:33.073150+00:00,2026-08-11T12:27:05.636259+00:00
f2a33f2b-069e-4ba8-a6f6-f236b0313fa7,L6x3-1/2x3/8,structural_section,L6X6X3/8,0.24286963045597076,0.2429,Low,true,Burrville ES - ST__0d910a43b4a0.pdf,,approved,,L6X6X3/8,,2026-08-11T11:13:33.346248+00:00,2026-08-11T12:26:53.094766+00:00
b019280b-1371-40ad-a2f6-14b242369f7f,"L4X3X3/8X0'-6""",structural_section,L4X4X3/8,0.2134498506784439,0.2134,Low,true,Burrville ES - ST__0d910a43b4a0.pdf,,approved,,L4X4X3/8,,2026-08-11T11:13:33.756565+00:00,2026-08-11T12:26:39.472841+00:00
0d23b9cf-ba3f-4441-9237-4829064d2e9f,HSS5x3x3/16,structural_section,L5X3X3/8,0.10028759390115738,0.1003,Low,true,Burrville ES - ST__0d910a43b4a0.pdf,,approved,,L5X3X3/8,,2026-08-11T11:13:33.995889+00:00,2026-08-11T12:26:25.304526+00:00
3ed0fc74-a3a3-4338-a70a-f8966f89a33b,L7X4X3/8,structural_section,L3X3X3/8,0.06669694930315018,0.0667,Low,true,Burrville ES - ST__0d910a43b4a0.pdf,,approved,,L3X3X3/8,,2026-08-11T11:13:34.673650+00:00,2026-08-11T12:26:13.791491+00:00
565f6258-d9cb-4e15-8fe9-093512123800,"L3X3X3/8X0'-10""",structural_section,L3X3X3/16,0.4532702565193176,0.4533,Low,true,Burrville ES - ST__0d910a43b4a0.pdf,,approved,,L3X3X3/16,,2026-08-11T11:13:35.180529+00:00,2026-08-11T12:25:31.976328+00:00
de434232-95b6-4f08-9128-00e533666fc5,HSS6X6X3/8,structural_section,HSS6X6X1/4,0.08585330098867416,0.0859,Low,true,Burrville ES - ST__0d910a43b4a0.pdf,,approved,,HSS6X6X1/4,,2026-08-11T11:13:35.722288+00:00,2026-08-11T12:25:21.045310+00:00
e1ec7022-6581-43c6-80f5-0f9c1e95a4ef,HSS8X6X3/8,structural_section,HSS8X8X3/8,0.09213054180145264,0.0921,Low,true,Burrville ES - ST__0d910a43b4a0.pdf,,approved,,HSS8X8X3/8,,2026-08-11T11:13:36.023232+00:00,2026-08-11T12:25:11.060371+00:00
25724281-244f-4eb7-8038-21429f33baf6,HSS6X6X1/2,structural_section,HSS6X6X5/8,0.10053664445877075,0.1005,Low,true,Burrville ES - ST__0d910a43b4a0.pdf,,approved,,HSS6X6X5/8,,2026-08-11T11:13:37.643004+00:00,2026-08-11T12:24:59.036403+00:00
6f6caaf7-7a5f-49c7-99a1-2c191069de59,W10X54,structural_section,W10X54,0.3479415476322174,0.3479,Low,true,Burrville ES - ST__0d910a43b4a0.pdf,,approved,,W10X54,,2026-08-11T11:13:40.786796+00:00,2026-08-11T12:24:45.809507+00:00
7d614cb1-f81a-4420-857f-f1e9b5af375e,HSS10X0.500,structural_section,HSS10.000X0.625,0.14288821816444397,0.1429,Low,true,Burrville ES - ST__0d910a43b4a0.pdf,,approved,,HSS10.000X0.625,,2026-08-11T11:13:41.253993+00:00,2026-08-11T12:24:35.990563+00:00
da838a59-5b25-411a-bcc3-14f3ff4cd800,W10X49,structural_section,W10X54,0.2642793357372284,0.2643,Low,true,Burrville ES - ST__0d910a43b4a0.pdf,,approved,,W10X54,,2026-08-11T11:13:41.759842+00:00,2026-08-11T12:24:26.058381+00:00
a18712f6-33b2-47d8-b653-ee842f30aa4f,W10X60,structural_section,W10X60,0.3151772618293762,0.3152,Low,true,Burrville ES - ST__0d910a43b4a0.pdf,,approved,structural_section,W10X60,,2026-08-11T11:13:42.060858+00:00,2026-08-11T11:19:03.316740+00:00
3734f525-00b9-4f7c-a218-297772098724,W10X39,structural_section,W10X49,0.2194228172302246,0.2194,Low,true,Burrville ES - ST__0d910a43b4a0.pdf,,approved,,W10X49,,2026-08-11T11:13:42.361599+00:00,2026-08-11T12:24:16.060003+00:00
dd80318a-7c25-48e2-a335-70b9966c5dc0,HSS10X0.625,structural_section,HSS12.000X0.625,0.14306560158729553,0.1431,Low,true,Burrville ES - ST__0d910a43b4a0.pdf,,approved,,HSS12.000X0.625,,2026-08-11T11:13:42.958339+00:00,2026-08-11T12:24:06.123033+00:00
0b693cde-cb28-42b4-ae91-c49eb41cf936,A325,,W14X132,,,High,false,doc_0d910a43b4a021e3,,approved,,W14X132,Approved validation correction: Section W14X132 appears 2 times; verify whether duplicates are intentional members,2026-08-11T11:17:07.120623+00:00,2026-08-11T11:17:07.328700+00:00
bdf5f8ab-5274-492b-998c-619191b53000,A325,,W14X132,,,High,false,doc_0d910a43b4a021e3,,approved,,W14X132,Approved validation correction: Section W14X132 appears 2 times; verify whether duplicates are intentional members,2026-08-11T11:17:34.691162+00:00,2026-08-11T11:17:35.025570+00:00
ffd3dcd4-0203-406f-af19-83963d74b404,W27X84,structural_section,W24X84,0.0,0.0,Low,true,Burrville ES - ST__0d910a43b4a0.pdf,,rejected,,,,2026-08-12T11:46:27.325763+00:00,2026-09-01T12:04:49.868772+00:00
c2fab6c5-9238-40e9-baab-abb6cbaf8539,W18X35,structural_section,W18X55,0.0,0.0,Low,true,Burrville ES - ST__0d910a43b4a0.pdf,,rejected,,,,2026-08-12T11:46:27.513931+00:00,2026-09-01T12:04:49.868904+00:00
a7173815-6f01-4730-bae1-adeda3c4595e,W12X16,structural_section,W12X16,0.6097949147224426,0.6098,Medium,true,Burrville ES - ST__0d910a43b4a0.pdf,,rejected,,,,2026-08-12T11:46:27.702578+00:00,2026-09-01T12:04:49.868964+00:00
1eb1a831-5458-43f9-8142-2a8299bb5eea,W16X26,structural_section,W16X26,0.6833826303482056,0.6834,Medium,true,Burrville ES - ST__0d910a43b4a0.pdf,,approved,structural_section,W16X26,drawing_review:approve,2026-08-12T11:46:27.891918+00:00,2026-08-17T04:46:30.033468+00:00
aaf63b77-0190-4a64-8cef-208ab9d16725,HSS10X8X3/8,structural_section,W12X16,0.0,0.0,Low,true,Burrville ES - ST__0d910a43b4a0.pdf,,rejected,,,,2026-08-12T11:46:28.078293+00:00,2026-09-01T12:04:49.868999+00:00
f2b80f75-6e69-4d25-8a18-affbc3d2b47e,W18X40,structural_section,W18X40,0.3948248624801636,0.3948,Low,true,Burrville ES - ST__0d910a43b4a0.pdf,,rejected,,,,2026-08-12T11:46:28.369328+00:00,2026-09-01T12:04:49.869030+00:00
c28adacc-8e6c-44e3-8d2b-cf2d2227c935,W21X55,structural_section,W16X50,0.0,0.0,Low,true,Burrville ES - ST__0d910a43b4a0.pdf,,rejected,,,,2026-08-12T11:46:28.724637+00:00,2026-09-01T12:04:49.869061+00:00
5a9d5b5c-e59d-4e29-ac54-60ff2d09ad18,W14X22,structural_section,W10X22,0.0,0.0,Low,true,Burrville ES - ST__0d910a43b4a0.pdf,,rejected,,,,2026-08-12T11:46:28.942331+00:00,2026-09-01T12:04:49.869087+00:00
15d4cde1-ac78-457c-be93-33c116326514,W18X50,structural_section,W16X50,0.0,0.0,Low,true,Burrville ES - ST__0d910a43b4a0.pdf,,rejected,,,,2026-08-12T11:46:29.198441+00:00,2026-09-01T12:04:49.869114+00:00
22a71cf0-0c12-47b0-95b0-ae6f8f3dc839,W21X44,structural_section,W21X44,0.5255162715911865,0.5255,Low,true,Burrville ES - ST__0d910a43b4a0.pdf,,rejected,,,,2026-08-12T11:46:29.928326+00:00,2026-09-01T12:04:49.869141+00:00
d5693129-533d-4ae4-b2b7-43ffd4befb61,W21X50,structural_section,W16X50,0.0,0.0,Low,true,Burrville ES - ST__0d910a43b4a0.pdf,,rejected,,,,2026-08-12T11:46:30.283531+00:00,2026-09-01T12:04:49.869167+00:00
bface13e-4f2e-4477-98b4-4928fc82ce79,W10X19,structural_section,W10X15,0.0,0.0,Low,true,Burrville ES - ST__0d910a43b4a0.pdf,,rejected,,,,2026-08-12T11:46:31.258325+00:00,2026-09-01T12:04:49.869192+00:00
3966a3e5-c151-498b-a9df-13f7f8740393,W10X15,structural_section,W10X54,0.0,0.0,Low,true,Burrville ES - ST__0d910a43b4a0.pdf,,rejected,,,,2026-08-12T11:46:31.474042+00:00,2026-09-01T12:04:49.869217+00:00
26c28550-c439-4b08-9ed4-9763ec18bdf9,W16X36,structural_section,W12X336,0.0,0.0,Low,true,Burrville ES - ST__0d910a43b4a0.pdf,,rejected,,,,2026-08-12T11:46:33.859292+00:00,2026-09-01T12:04:49.869243+00:00
c5515955-e017-468e-8209-c47edc91e72a,W12X26,structural_section,W10X26,0.0,0.0,Low,true,Burrville ES - ST__0d910a43b4a0.pdf,,rejected,,,,2026-08-12T11:46:34.188696+00:00,2026-09-01T12:04:49.869267+00:00
91c7757d-cb33-43b2-bd2a-419dc0df22af,HSS10X6X3/8,structural_section,HSS10X8X3/8,0.0,0.0,Low,true,Burrville ES - ST__0d910a43b4a0.pdf,,approved,structural_section,HSS10X6X3/8,drawing_review:approve,2026-08-12T11:46:34.486717+00:00,2026-08-12T13:03:34.475724+00:00
e39dc22a-5ac7-4ef9-8250-07ffb8019dec,HSS12X6X3/8,structural_section,HSS12X6X5/16,0.0,0.0,Low,true,Burrville ES - ST__0d910a43b4a0.pdf,,rejected,,,,2026-08-12T11:46:36.497931+00:00,2026-09-01T12:04:49.869291+00:00
66b7d668-95da-4255-8c58-363f61fb21f2,W10X22,structural_section,W10X22,0.34270673990249634,0.3427,Low,true,Burrville ES - ST__0d910a43b4a0.pdf,,rejected,,,,2026-08-12T11:46:37.863284+00:00,2026-09-01T12:04:49.869317+00:00
f9033e86-c02f-4cdf-9f7a-5b3124164ff6,W12X22,structural_section,W10X22,0.0,0.0,Low,true,Burrville ES - ST__0d910a43b4a0.pdf,,rejected,,,,2026-08-12T11:46:38.939292+00:00,2026-09-01T12:04:49.869339+00:00
05e83ee8-90b2-405a-a4f0-5ddefccd7e77,W10X30,structural_section,W12X230,0.0,0.0,Low,true,Burrville ES - ST__0d910a43b4a0.pdf,,rejected,,,,2026-08-12T11:46:39.306566+00:00,2026-09-01T12:04:49.869363+00:00
caf4f4ba-4921-4350-a215-ae148944c66b,W16X31,structural_section,W16X31,0.6821029186248779,0.6821,Medium,true,Burrville ES - ST__0d910a43b4a0.pdf,,rejected,,,,2026-08-12T11:46:40.139085+00:00,2026-09-01T12:04:49.869386+00:00
52fce314-6b6d-48d4-87d6-41ae5ee31e0b,HSS14X6X1/2,structural_section,HSS14X6X1/4,0.0,0.0,Low,true,Burrville ES - ST__0d910a43b4a0.pdf,,rejected,,,,2026-08-12T11:46:40.359323+00:00,2026-09-01T12:04:49.869409+00:00
4ba72669-2d99-484d-986c-1bfcc3f08a88,HSS20X8X5/8,structural_section,HSS10X8X5/8,0.0,0.0,Low,true,Burrville ES - ST__0d910a43b4a0.pdf,,rejected,,,,2026-08-12T11:46:42.600546+00:00,2026-09-01T12:04:49.869440+00:00
9bf17760-e3bb-402d-bedf-89981e4018e4,W30X99,structural_section,W30X99,0.4894355833530426,0.4894,Low,true,Burrville ES - ST__0d910a43b4a0.pdf,,rejected,,,,2026-08-12T11:46:42.925278+00:00,2026-09-01T12:04:49.869466+00:00
edae5cd4-e2f7-4db3-a0be-e496da0158f9,W18X60,structural_section,W18X60,0.27376410365104675,0.2738,Low,true,Burrville ES - ST__0d910a43b4a0.pdf,,rejected,,,,2026-08-12T11:46:43.125886+00:00,2026-09-01T12:04:49.869490+00:00
15d74807-fbe5-4b3d-855e-4cb3cd37d8b6,W8x31,structural_section,W8X13,0.0,0.0,Low,true,Burrville ES - ST__0d910a43b4a0.pdf,,rejected,,,,2026-08-12T11:46:43.433109+00:00,2026-09-01T12:04:49.869515+00:00
d27538da-8d30-4d7e-b078-dfd991317d6e,W24X84,structural_section,W27X84,0.0,0.0,Low,true,Burrville ES - ST__0d910a43b4a0.pdf,,rejected,,,,2026-08-12T11:46:44.155978+00:00,2026-09-01T12:04:49.869538+00:00
bf8a55c8-cbac-4cd0-93a2-900e5af16be8,W8x18,structural_section,W8X18,0.8607516288757324,0.8608,High,true,Burrville ES - ST__0d910a43b4a0.pdf,,rejected,,,,2026-08-12T11:46:44.594140+00:00,2026-09-01T12:04:49.869564+00:00
faad34df-789a-4cba-81cf-119d2a5d2e29,W14X26,structural_section,W14X26,0.3561176657676697,0.3561,Low,true,Burrville ES - ST__0d910a43b4a0.pdf,,rejected,,,,2026-08-12T11:46:44.907857+00:00,2026-09-01T12:04:49.869592+00:00
4fbad774-9293-43c4-9590-f17185a4a3e3,HSS14X6X5/8,structural_section,HSS14X6X5/8,0.5310280919075012,0.531,Low,true,Burrville ES - ST__0d910a43b4a0.pdf,,rejected,,,,2026-08-12T11:46:48.537063+00:00,2026-09-01T12:04:49.869626+00:00
b4899736-9a1e-49bd-8a3f-1502534925ca,L4X4X3/8,structural_section,2L4X4X3/8,0.0,0.0,Low,true,Burrville ES - ST__0d910a43b4a0.pdf,,rejected,,,,2026-08-12T11:46:49.104831+00:00,2026-09-01T12:04:49.869650+00:00
8b7ae20d-aeec-45cf-8341-dfbfef9c878b,PL 1,structural_section,L2X2X1/4,0.14290550351142883,0.1429,Low,true,Burrville ES - ST__0d910a43b4a0.pdf,,rejected,,,,2026-08-12T11:46:49.522258+00:00,2026-09-01T12:04:49.869676+00:00
2027ac24-15d3-4baf-9829-bd5b58253275,L3x3x3/16,structural_section,2L3X3X3/8X3/8,0.0,0.0,Low,true,Burrville ES - ST__0d910a43b4a0.pdf,,rejected,,,,2026-08-12T11:46:49.710183+00:00,2026-09-01T12:04:49.869701+00:00
cdb666d7-709d-4d79-b43e-355d8b1e6d5c,L3x3x1/4,structural_section,L3X3X1/2,0.0,0.0,Low,true,Burrville ES - ST__0d910a43b4a0.pdf,,rejected,,,,2026-08-12T11:46:49.975503+00:00,2026-09-01T12:04:49.869725+00:00
dea1ac0b-176d-4135-aef8-8de1a53de4f1,C6 X 8.2,structural_section,C6X8.2,0.4992010295391083,0.4992,Low,true,Burrville ES - ST__0d910a43b4a0.pdf,,rejected,,,,2026-08-12T11:46:50.240382+00:00,2026-09-01T12:04:49.869818+00:00
d79a4943-03b7-4a0a-99e6-bd086aa286a4,C6 X 10.5,structural_section,C6X8.2,0.0,0.0,Low,true,Burrville ES - ST__0d910a43b4a0.pdf,,rejected,,,,2026-08-12T11:46:50.432347+00:00,2026-09-01T12:04:49.869845+00:00
93885a78-7019-4f7f-9d63-bc8ba5dd4bdc,C8x11.5,structural_section,C6X8.2,0.0,0.0,Low,true,Burrville ES - ST__0d910a43b4a0.pdf,,rejected,,,,2026-08-12T11:46:50.704645+00:00,2026-09-01T12:04:49.869868+00:00
0558f100-105c-45d7-8be3-a2fcb928e879,PL 3,structural_section,L4X3X3/8,0.2000342607498169,0.2,Low,true,Burrville ES - ST__0d910a43b4a0.pdf,,rejected,,,,2026-08-12T11:46:50.892449+00:00,2026-09-01T12:04:49.869891+00:00
53552bcd-46af-4e50-b094-91ae16d58102,L3X3X3,structural_section,L3X3X3/8,0.21389299631118774,0.2139,Low,true,Burrville ES - ST__0d910a43b4a0.pdf,,rejected,,,,2026-08-12T11:46:51.178825+00:00,2026-09-01T12:04:49.869914+00:00
8928ad69-6af1-4af4-8ed7-872db4214580,L4X3X3/8,structural_section,2L4X3X3/8LLBB,0.0,0.0,Low,true,Burrville ES - ST__0d910a43b4a0.pdf,,approved,,2L4X3X3/8LLBB,,2026-08-12T11:46:51.373046+00:00,2026-08-12T13:17:04.233461+00:00
14d9c441-d95b-441f-9d9b-06f6da4d721b,L5x3,structural_section,L5X5X3/8,0.0,0.0,Low,true,Burrville ES - ST__0d910a43b4a0.pdf,,approved,,L5X5X3/8,,2026-08-12T11:46:51.572203+00:00,2026-08-12T13:16:45.747124+00:00
1893c8dc-b4a8-4a5e-9492-a4ba713dfe95,W10X33,structural_section,W10X30,0.0,0.0,Low,true,Burrville ES - ST__0d910a43b4a0.pdf,,approved,,W10X30,,2026-08-12T11:46:51.797029+00:00,2026-08-12T13:16:24.483711+00:00
c711d166-5ae1-4390-9f5d-0754f182408d,W10X112,structural_section,W10X112,0.2948637306690216,0.2949,Low,true,Burrville ES - ST__0d910a43b4a0.pdf,,approved,,W10X112,,2026-08-12T11:46:51.987725+00:00,2026-08-12T13:16:06.694756+00:00
45b08fee-a574-4fe5-8a6b-fed13ba4b13b,PL 1 PL11,structural_section,2L12X12X1,0.1677318960428238,0.1677,Low,true,Burrville ES - ST__0d910a43b4a0.pdf,,approved,,2L12X12X1,,2026-08-12T11:46:52.192034+00:00,2026-08-12T13:15:51.481611+00:00
6e434939-d2d2-4f21-b6d6-7b8da5bdf4db,L3X3X5/16,structural_section,2L3X3X5/16,0.0,0.0,Low,true,Burrville ES - ST__0d910a43b4a0.pdf,,approved,,2L3X3X5/16,,2026-08-12T11:46:52.571918+00:00,2026-08-12T13:15:35.302673+00:00
09a9e09d-f977-4ac7-b275-b9770680f0c2,L4X4X3,structural_section,L4X4X3/8,0.9505041837692261,0.9505,High,true,Burrville ES - ST__0d910a43b4a0.pdf,,rejected,,,,2026-08-12T11:46:52.903690+00:00,2026-08-12T13:07:25.055634+00:00
2d0717c0-a370-46cc-bf21-90e4d8d35ff1,L3x3x1,structural_section,2L3X3X1/2,0.31384673714637756,0.3138,Low,true,Burrville ES - ST__0d910a43b4a0.pdf,,approved,,2L3X3X1/2,,2026-08-12T11:46:53.095917+00:00,2026-08-12T13:15:13.825304+00:00
cc6beae0-2506-4bc0-9f21-201d841a4379,L4x3x1,structural_section,L4X3X5/16,0.9953881502151489,0.9954,High,true,Burrville ES - ST__0d910a43b4a0.pdf,,approved,,L4X3X5/16,,2026-08-12T11:46:53.325479+00:00,2026-08-12T13:14:56.404242+00:00
adef1455-b585-4627-a093-6639ba0d871f,PL 5,structural_section,L4X3X5/16,0.33420050144195557,0.3342,Low,true,Burrville ES - ST__0d910a43b4a0.pdf,,rejected,,,,2026-08-12T11:46:53.596349+00:00,2026-09-01T12:04:49.869938+00:00
dacc9164-fc9c-44f3-bf78-c12b3847e9c0,L4x4x1/4,structural_section,2L4X4X1/4,0.0,0.0,Low,true,Burrville ES - ST__0d910a43b4a0.pdf,,approved,,2L4X4X1/4,,2026-08-12T11:46:53.873440+00:00,2026-08-12T13:14:39.242974+00:00
7fb2f1d7-3007-4597-8053-702d59372381,PL 4,structural_section,L2X2X1/4,0.20094339549541473,0.2009,Low,true,Burrville ES - ST__0d910a43b4a0.pdf,,approved,,L2X2X1/4,,2026-08-12T11:46:54.060819+00:00,2026-08-12T13:14:20.088955+00:00
52d05f17-05f9-4602-b2a0-21f2d61b694c,2L3x3x1/4,structural_section,L3X3X1/4,0.0,0.0,Low,true,Burrville ES - ST__0d910a43b4a0.pdf,,approved,,L3X3X1/4,,2026-08-12T11:46:54.424613+00:00,2026-08-12T13:13:58.036727+00:00
deed7797-c7ad-4baf-9437-1c09306221de,L4X3X3,structural_section,L4X3X3/8,0.0,0.0,Low,true,Burrville ES - ST__0d910a43b4a0.pdf,,approved,,L4X3X3/8,,2026-08-12T11:46:54.762288+00:00,2026-08-12T13:13:36.493878+00:00
36904b17-b895-48f8-ade1-32d80b98ec0e,L6x3,structural_section,L3X3X3/8,0.0,0.0,Low,true,Burrville ES - ST__0d910a43b4a0.pdf,,approved,,L3X3X3/8,,2026-08-12T11:46:54.957222+00:00,2026-08-12T13:13:14.678868+00:00
34281c3e-1049-4ab1-af0a-66d981c47783,HSS6X6X3/8,structural_section,L6X6X3/8,0.0,0.0,Low,true,Burrville ES - ST__0d910a43b4a0.pdf,,approved,,L6X6X3/8,,2026-08-12T11:46:55.308430+00:00,2026-08-12T13:12:42.092696+00:00
1876717b-cf16-44b1-b129-d41a912b85cf,HSS8X6X3/8,structural_section,HSS8X8X3/8,0.0,0.0,Low,true,Burrville ES - ST__0d910a43b4a0.pdf,,approved,,HSS8X8X3/8,,2026-08-12T11:46:55.692215+00:00,2026-08-12T13:12:20.777209+00:00
ae7dc493-b141-4854-864f-c4d1c736424a,HSS6X6X1/2,structural_section,HSS6X6X1/8,0.0,0.0,Low,true,Burrville ES - ST__0d910a43b4a0.pdf,,approved,,HSS6X6X1/8,,2026-08-12T11:46:56.208965+00:00,2026-08-12T13:12:00.691334+00:00
5e7f30e0-96f4-4c5f-b68d-c856f4fc7835,W10X45,structural_section,W12X14,0.0,0.0,Low,true,Burrville ES - ST__0d910a43b4a0.pdf,,approved,,W12X14,,2026-08-12T11:46:57.948030+00:00,2026-08-12T13:11:26.227587+00:00
7831ab8f-8adf-4264-ba1a-6e66cfc7abf0,HSS10X0.625,structural_section,HSS10.000X0.500,0.0,0.0,Low,true,Burrville ES - ST__0d910a43b4a0.pdf,,approved,,HSS10.000X0.500,,2026-08-12T11:46:58.902110+00:00,2026-08-12T13:10:37.779967+00:00
bb6ee649-161c-492e-9766-a563c7dd7cca,W10X54,structural_section,W10X54,0.5253593325614929,0.5254,Low,true,Burrville ES - ST__0d910a43b4a0.pdf,,approved,,W10X54,,2026-08-12T11:46:59.141155+00:00,2026-08-12T13:09:00.154959+00:00
9f783eb2-c724-4e7f-bb6b-4f8cab386be7,W10X49,structural_section,W10X54,0.0,0.0,Low,true,Burrville ES - ST__0d910a43b4a0.pdf,,approved,,W10X54,,2026-08-12T11:46:59.373566+00:00,2026-08-12T13:08:45.033408+00:00
8c5736a0-1746-45d3-9f90-95167eab8e6f,W10X39,structural_section,W10X12,0.0,0.0,Low,true,Burrville ES - ST__0d910a43b4a0.pdf,,approved,,W10X12,,2026-08-12T11:47:00.055909+00:00,2026-08-12T13:08:30.366427+00:00
bdebf19a-6dfc-4593-aba5-b86f5935413b,W10X60,structural_section,W10X60,0.35684674978256226,0.3568,Low,true,Burrville ES - ST__0d910a43b4a0.pdf,,approved,,W10X60,,2026-08-12T11:47:00.540486+00:00,2026-08-12T13:08:15.063542+00:00
32701a5f-d4c6-4134-a33e-89906524c59d,HSS10X0.500,structural_section,HSS10.000X0.500,0.0,0.0,Low,true,Burrville ES - ST__0d910a43b4a0.pdf,,approved,,HSS10.000X0.500,,2026-08-12T11:47:00.769355+00:00,2026-08-12T13:07:58.531184+00:00
602d3cc7-4602-4d16-bc82-4da5dd4d3fb6,W8X40,structural_section,W8X24,0.0,0.0,Low,true,Burrville ES - ST__0d910a43b4a0.pdf,,approved,,W8X24,,2026-08-12T11:47:02.385460+00:00,2026-08-12T13:07:41.568072+00:00
896fff40-99c2-490f-bf94-4d9bc85f6710,HSS10X6X3/8,structural_section,HSS10X6X3/8,0.2174,0.2174,High,false,doc_0d910a43b4a021e3,,approved,structural_section,HSS10X6X3/8,drawing_review:correct,2026-08-12T13:04:04.648509+00:00,2026-08-12T13:04:04.886351+00:00
353e66b6-1dcc-4335-aed2-55f877fce64e,HSS10X6X3/8,structural_section,HSS10X6X3/4,0.2174,0.2174,High,false,doc_0d910a43b4a021e3,,approved,structural_section,HSS10X6X3/4,drawing_review:approve,2026-08-12T13:04:30.032478+00:00,2026-08-12T13:04:30.290096+00:00
422a085d-21a4-4f96-9149-de50a0e17ce5,HSS10X6X3/8,structural_section,HSS10X6X3/8,0.2174,0.2174,High,false,doc_0d910a43b4a021e3,,approved,structural_section,HSS10X6X3/8,drawing_review:approve,2026-08-12T13:05:06.993737+00:00,2026-08-12T13:05:07.318241+00:00
ffd4032e-5be0-4dda-9db9-6cbd8e9641bf,W24X68,structural_section,W24X68,0.3997109830379486,0.3997,Low,true,Burrville ES - ST__0d910a43b4a0.pdf,,rejected,,,,2026-08-12T13:17:26.380951+00:00,2026-09-01T12:04:49.869960+00:00
721b1de9-6616-470d-88d7-8cee1fbac94a,HSS10X6X3/8,structural_section,HSS10X6X3/8,0.14308083057403564,0.1431,Low,true,Burrville ES - ST__0d910a43b4a0.pdf,,rejected,,,,2026-08-12T13:17:26.576131+00:00,2026-09-01T12:04:49.869983+00:00
009f1cb2-d1ad-4fb0-a4e2-daaf5351f4d7,W30X90,structural_section,W30X90,0.48669224977493286,0.4867,Low,true,Burrville ES - ST__0d910a43b4a0.pdf,,rejected,,,,2026-08-12T13:17:27.671815+00:00,2026-09-01T12:04:49.870005+00:00
e9577ca7-2e72-4870-ba5c-7c77d2a9ed76,W12X30,structural_section,W12X30,0.24916760623455048,0.2492,Low,true,Burrville ES - ST__0d910a43b4a0.pdf,,rejected,,,,2026-08-12T13:17:34.534785+00:00,2026-09-01T12:04:49.870028+00:00
916743c6-f2f7-43e6-a203-6fe8afef0136,W12X40,structural_section,W12X40,0.15376637876033783,0.1538,Low,true,Burrville ES - ST__0d910a43b4a0.pdf,,rejected,,,,2026-08-12T13:17:34.835734+00:00,2026-09-01T12:04:49.870050+00:00
eca749ec-3b5b-43f2-9b24-894625ede65a,W21X48,structural_section,W21X48,0.5844935178756714,0.5845,Medium,true,Burrville ES - ST__0d910a43b4a0.pdf,,rejected,,,,2026-08-12T13:17:38.555239+00:00,2026-09-01T12:04:49.870072+00:00
40537c7f-9b60-41c5-a0d8-6430737cacd3,L4X3X3/8,structural_section,L4X3X3/8,0.07203130424022675,0.072,Low,true,Burrville ES - ST__0d910a43b4a0.pdf,,rejected,,,,2026-08-12T13:17:47.539280+00:00,2026-09-01T12:04:49.870094+00:00
db4c0912-cf52-4550-8a28-e1dbe217394f,L5x3,structural_section,2L5X3X3/8SLBB,0.0,0.0,Low,true,Burrville ES - ST__0d910a43b4a0.pdf,,rejected,,,,2026-08-12T13:17:47.744999+00:00,2026-09-01T12:04:49.870117+00:00
ef7370f8-6659-4a50-bf19-a255ec5133fb,W10X112,structural_section,W10X112,0.13685522973537445,0.1369,Low,true,Burrville ES - ST__0d910a43b4a0.pdf,,rejected,,,,2026-08-12T13:17:47.997666+00:00,2026-09-01T12:04:49.870139+00:00
87e5e652-8619-4ad3-9963-2c17e8708cc6,PL 1 PL11,structural_section,L8X8X1,0.16748256981372833,0.1675,Low,true,Burrville ES - ST__0d910a43b4a0.pdf,,rejected,,,,2026-08-12T13:17:48.201722+00:00,2026-09-01T12:04:49.870161+00:00
4765f1dd-32f5-4127-82eb-ba0cc591aaca,W14X198,structural_section,W14X68,0.6075083613395691,0.6075,Medium,true,Burrville ES - ST__0d910a43b4a0.pdf,,rejected,,,,2026-08-12T13:17:48.526115+00:00,2026-09-01T12:04:49.870183+00:00
c06fa967-b456-4703-b729-c12322e1c4b1,WT7X19,structural_section,WT7X19,0.11679869145154953,0.1168,Low,true,Burrville ES - ST__0d910a43b4a0.pdf,,rejected,,,,2026-08-12T13:17:48.733698+00:00,2026-09-01T12:04:49.870206+00:00
c90597e8-c8ba-483f-98fe-fcc3cffa24b4,L3X3X5/16,structural_section,L3X3X5/16,0.1257094293832779,0.1257,Low,true,Burrville ES - ST__0d910a43b4a0.pdf,,rejected,,,,2026-08-12T13:17:49.022661+00:00,2026-09-01T12:04:49.870227+00:00
e5c8e7a2-fee7-4759-8246-523675500298,L4X4X3,structural_section,L4X4X3/8,0.0,0.0,Low,true,Burrville ES - ST__0d910a43b4a0.pdf,,rejected,,,,2026-08-12T13:17:49.391886+00:00,2026-09-01T12:04:49.870251+00:00
46fe4301-0fa1-4df9-9a55-01f17705c470,L3x3x1,structural_section,L3X3X1/2,0.4336748719215393,0.4337,Low,true,Burrville ES - ST__0d910a43b4a0.pdf,,rejected,,,,2026-08-12T13:17:49.598663+00:00,2026-09-01T12:04:49.870273+00:00
bab0a70b-67a2-40b2-b012-070f6a113306,L4x3x1,structural_section,L4X3X1/2,0.0,0.0,Low,true,Burrville ES - ST__0d910a43b4a0.pdf,,rejected,,,,2026-08-12T13:17:49.848787+00:00,2026-09-01T12:04:49.870296+00:00
1bfc0a02-6302-4c86-bc94-6121b316fc84,L4x4x1/4,structural_section,L4X4X1/4,0.3124903440475464,0.3125,Low,true,Burrville ES - ST__0d910a43b4a0.pdf,,rejected,,,,2026-08-12T13:17:50.244249+00:00,2026-09-01T12:04:49.870320+00:00
02afe14f-5ed4-4e00-ab29-80090fbe2396,PL 4,structural_section,L2X2X1/4,0.20004074275493622,0.2,Low,true,Burrville ES - ST__0d910a43b4a0.pdf,,rejected,,,,2026-08-12T13:17:50.449892+00:00,2026-09-01T12:04:49.870344+00:00
15a31e23-39dc-44cb-a74b-86865c8fdeb8,2L3x3x1/4,structural_section,2L3X3X1/4,0.1854192018508911,0.1854,Low,true,Burrville ES - ST__0d910a43b4a0.pdf,,rejected,,,,2026-08-12T13:17:50.844804+00:00,2026-09-01T12:04:49.870367+00:00
05271eaf-ce0f-4226-bb9f-04ed1e942ad1,L4X3X3,structural_section,2L4X3X3/8X3/4LLBB,0.0,0.0,Low,true,Burrville ES - ST__0d910a43b4a0.pdf,,rejected,,,,2026-08-12T13:17:51.207769+00:00,2026-09-01T12:04:49.870389+00:00
9dacd26f-a9cb-445a-bb6b-43624b5d29ec,L6x3,structural_section,L6X4X3/8,0.44847792387008667,0.4485,Low,true,Burrville ES - ST__0d910a43b4a0.pdf,,rejected,,,,2026-08-12T13:17:51.415563+00:00,2026-09-01T12:04:49.870481+00:00
8d235c0d-93db-4a29-bebb-109341500ec0,L4X3,structural_section,L4X3X3/8,0.0,0.0,Low,true,Burrville ES - ST__0d910a43b4a0.pdf,,rejected,,,,2026-08-12T13:17:51.776928+00:00,2026-09-01T12:04:49.871121+00:00
f4d9caa5-f257-4bfc-9090-1540f536ea3f,HSS6X6X3/8,structural_section,HSS6X6X3/8,0.1004025936126709,0.1004,Low,true,Burrville ES - ST__0d910a43b4a0.pdf,,rejected,,,,2026-08-12T13:17:51.986372+00:00,2026-09-01T12:04:49.871413+00:00
fd49f60b-a13e-43af-860a-f2c725aabcb6,HSS8X6X3/8,structural_section,HSS8X6X3/8,0.10061227530241013,0.1006,Low,true,Burrville ES - ST__0d910a43b4a0.pdf,,rejected,,,,2026-08-12T13:17:52.384246+00:00,2026-09-01T12:04:49.871474+00:00
5a1a8cdb-1acb-48a7-b238-16211dcccfd0,HSS6X6X1/2,structural_section,HSS6X6X1/2,0.10010350495576859,0.1001,Low,true,Burrville ES - ST__0d910a43b4a0.pdf,,rejected,,,,2026-08-12T13:17:52.930841+00:00,2026-09-01T12:04:49.871510+00:00
ffbbbe49-e807-4d79-8a29-accf7b9c4600,W10X45,structural_section,W10X45,0.20076410472393036,0.2008,Low,true,Burrville ES - ST__0d910a43b4a0.pdf,,rejected,,,,2026-08-12T13:17:54.411998+00:00,2026-09-01T12:04:49.871539+00:00
1ed88526-9777-4735-bd58-f9a6d16cb49e,HSS10X0.625,structural_section,W10X33,0.5118943452835083,0.5119,Low,true,Burrville ES - ST__0d910a43b4a0.pdf,,rejected,,,,2026-08-12T13:17:54.742074+00:00,2026-09-01T12:04:49.871568+00:00
32d1e172-02a7-45c8-98b2-d79e98a4538c,W10X54,structural_section,W10X54,0.3356376886367798,0.3356,Low,true,Burrville ES - ST__0d910a43b4a0.pdf,,rejected,,,,2026-08-12T13:17:54.986399+00:00,2026-09-01T12:04:49.871600+00:00
03b63f59-4b73-4b19-864e-285919721337,W10X39,structural_section,W10X39,0.3361940085887909,0.3362,Low,true,Burrville ES - ST__0d910a43b4a0.pdf,,rejected,,,,2026-08-12T13:17:55.397979+00:00,2026-09-01T12:04:49.871708+00:00
a7cf20cf-03d1-4452-9efa-0c0ac576bc47,HSS10X0.500,structural_section,HSS10.000X0.500,0.4600154459476471,0.46,Low,true,Burrville ES - ST__0d910a43b4a0.pdf,,rejected,,,,2026-08-12T13:17:55.856914+00:00,2026-09-01T12:04:49.871747+00:00
a2cea416-9b8b-4465-afed-fb7b5b68ea2b,W8X40,structural_section,W8X40,0.19891178607940674,0.1989,Low,true,Burrville ES - ST__0d910a43b4a0.pdf,,rejected,,,,2026-08-12T13:17:56.363688+00:00,2026-09-01T12:04:49.871836+00:00
2024e6a9-a5f5-414f-b055-2643d90157bc,F50/P1/W12x65/190k,structural_section,W12X65,0.87,0.87,High,true,GCDC Building 4 - ST1__47dc7ef27f6e.pdf,,rejected,,,,2026-08-13T10:49:03.402667+00:00,2026-09-01T12:04:49.871876+00:00
9046ba58-c588-4e99-b942-85c0c70f4764,W8x10,structural_section,W8X10,0.87,0.87,High,true,GCDC Building 4 - ST1__47dc7ef27f6e.pdf,,rejected,,,,2026-08-13T10:49:03.528155+00:00,2026-09-01T12:04:49.871905+00:00
ac5da961-86f0-44c7-b9c6-4a3e3fd7f3a6,W12x19,structural_section,W12X19,0.87,0.87,High,true,GCDC Building 4 - ST1__47dc7ef27f6e.pdf,,rejected,,,,2026-08-13T10:49:03.673829+00:00,2026-09-01T12:04:49.871933+00:00
8bacec7a-49c7-4599-b49e-e951830fa5d6,HSS8x4x1/4,structural_section,HSS8X4X1/4,0.87,0.87,High,true,GCDC Building 4 - ST1__47dc7ef27f6e.pdf,,rejected,,,,2026-08-13T10:49:03.799248+00:00,2026-09-01T12:04:49.871960+00:00
1b5b4cb8-8c32-48e9-82da-22f25a9ec98b,(A490),structural_section,W14X90,0.0,0.0,Low,true,GCDC Building 4 - ST1__47dc7ef27f6e.pdf,,rejected,,,,2026-08-13T10:49:03.917565+00:00,2026-09-01T12:04:49.871986+00:00
01e0481f-ab94-4889-97d0-3fb1295620de,(A325),structural_section,W14X132,0.0,0.0,Low,true,GCDC Building 4 - ST1__47dc7ef27f6e.pdf,,rejected,,,,2026-08-13T10:49:04.049607+00:00,2026-09-01T12:04:49.872013+00:00
ad9aa345-a196-4409-98fa-a969bbde8743,A325,structural_section,W14X132,0.0,0.0,Low,true,GCDC Building 4 - ST1__47dc7ef27f6e.pdf,,rejected,,,,2026-08-13T10:49:04.161360+00:00,2026-09-01T12:04:49.872039+00:00
2953df23-707b-4673-9f07-bd2f55c5d6e4,P1/HSS12x12x1/2,structural_section,HSS12X12X1/2,0.87,0.87,High,true,GCDC Building 4 - ST1__47dc7ef27f6e.pdf,,rejected,,,,2026-08-13T10:49:04.280232+00:00,2026-09-01T12:04:49.872065+00:00
00362155-3f61-4dd9-b789-e5fc6169bc24,P8/W14x61,structural_section,W14X61,0.87,0.87,High,true,GCDC Building 4 - ST1__47dc7ef27f6e.pdf,,rejected,,,,2026-08-13T10:49:04.417603+00:00,2026-09-01T12:04:49.872092+00:00
217b19ca-0635-4e74-a5fb-97e16e21d973,HSS18x6x3/8,structural_section,HSS18X6X3/8,0.87,0.87,High,true,GCDC Building 4 - ST1__47dc7ef27f6e.pdf,,rejected,,,,2026-08-13T10:49:04.739415+00:00,2026-09-01T12:04:49.872119+00:00
e8bb9055-cce8-4b09-be15-9431d256d678,P8/W14x61/TYP,structural_section,W14X61,0.87,0.87,High,true,GCDC Building 4 - ST1__47dc7ef27f6e.pdf,,rejected,,,,2026-08-13T10:49:04.968052+00:00,2026-09-01T12:04:49.872146+00:00
2b5df071-f8f4-4231-8554-fe5612383d83,P8/HSS14x14x1/2,structural_section,HSS14X14X1/2,0.87,0.87,High,true,GCDC Building 4 - ST1__47dc7ef27f6e.pdf,,rejected,,,,2026-08-13T10:49:05.135109+00:00,2026-09-01T12:04:49.872172+00:00
02483909-3a60-4090-87b5-aa5a168fd1e0,HSS4x4x3/8,structural_section,HSS4X4X3/8,0.87,0.87,High,true,GCDC Building 4 - ST1__47dc7ef27f6e.pdf,,rejected,,,,2026-08-13T10:49:05.281085+00:00,2026-09-01T12:04:49.872200+00:00
484b8c2f-66bd-46fc-a350-47c54ebdeae0,HSS20x12x1/2,structural_section,HSS20X12X1/2,0.87,0.87,High,true,GCDC Building 4 - ST1__47dc7ef27f6e.pdf,,rejected,,,,2026-08-13T10:49:05.629559+00:00,2026-09-01T12:04:49.872226+00:00
37cacc53-d2b6-4ca7-a334-b76a96137cc5,HSS16x8x3/8,structural_section,HSS16X8X3/8,0.87,0.87,High,true,GCDC Building 4 - ST1__47dc7ef27f6e.pdf,,rejected,,,,2026-08-13T10:49:05.719192+00:00,2026-09-01T12:04:49.872476+00:00
04aa7456-bf31-4c44-b85d-29be7c741054,HSS8x4x1/2,structural_section,HSS8X4X1/2,0.87,0.87,High,true,GCDC Building 4 - ST1__47dc7ef27f6e.pdf,,rejected,,,,2026-08-13T10:49:05.823686+00:00,2026-09-01T12:04:49.872523+00:00
cb5a2536-e60d-4b36-852c-68905e8a6387,HSS8x8x1/2,structural_section,HSS8X8X1/2,0.87,0.87,High,true,GCDC Building 4 - ST1__47dc7ef27f6e.pdf,,rejected,,,,2026-08-13T10:49:05.900048+00:00,2026-09-01T12:04:49.872558+00:00
05af90c0-d633-4d07-aba3-3a731ee5dce8,HSS8x8x5/8,structural_section,HSS8X8X5/8,0.87,0.87,High,true,GCDC Building 4 - ST1__47dc7ef27f6e.pdf,,rejected,,,,2026-08-13T10:49:05.983527+00:00,2026-09-01T12:04:49.872591+00:00
fe979868-a4ac-40b1-a67a-b8882e4f9653,HSS20x8x1/2,structural_section,HSS20X8X1/2,0.87,0.87,High,true,GCDC Building 4 - ST1__47dc7ef27f6e.pdf,,rejected,,,,2026-08-13T10:49:06.157589+00:00,2026-09-01T12:04:49.872623+00:00
2e933c4e-3c2c-492a-bdb8-f5c84cd1ba7e,W36x160,structural_section,W36X160,0.87,0.87,High,true,GCDC Building 4 - ST1__47dc7ef27f6e.pdf,,rejected,,,,2026-08-13T10:49:06.261861+00:00,2026-09-01T12:04:49.872653+00:00
077b5737-7206-4f38-96d8-dc414af4b641,W36x150,structural_section,W36X150,0.87,0.87,High,true,GCDC Building 4 - ST1__47dc7ef27f6e.pdf,,rejected,,,,2026-08-13T10:49:06.373196+00:00,2026-09-01T12:04:49.872682+00:00
4914279e-413b-46d0-8a39-4f89bac93a1e,W36x135,structural_section,W36X135,0.87,0.87,High,true,GCDC Building 4 - ST1__47dc7ef27f6e.pdf,,rejected,,,,2026-08-13T10:49:06.484450+00:00,2026-09-01T12:04:49.872718+00:00
c0356239-d81c-41b2-87aa-07ab1746c07e,W36x247,structural_section,W36X247,0.87,0.87,High,true,GCDC Building 4 - ST1__47dc7ef27f6e.pdf,,rejected,,,,2026-08-13T10:49:06.561102+00:00,2026-09-01T12:04:49.872829+00:00
43a5320b-2224-47cc-815e-b8352779c33f,HSS 10x10x1/2,structural_section,HSS10X10X1/2,0.87,0.87,High,true,GCDC Building 4 - ST1__47dc7ef27f6e.pdf,,rejected,,,,2026-08-13T10:49:06.908322+00:00,2026-09-01T12:04:49.872862+00:00
5d282653-9119-4e62-b09d-011ac8713a74,W36x182,structural_section,W36X182,0.87,0.87,High,true,GCDC Building 4 - ST1__47dc7ef27f6e.pdf,,rejected,,,,2026-08-13T10:49:07.049440+00:00,2026-09-01T12:04:49.872896+00:00
a9c1b16c-4bc4-4511-921b-8d79e4064400,W30x124,structural_section,W30X124,0.87,0.87,High,true,GCDC Building 4 - ST1__47dc7ef27f6e.pdf,,rejected,,,,2026-08-13T10:49:07.152371+00:00,2026-09-01T12:04:49.872925+00:00
b33f02eb-cfde-4e3f-a3f9-d58ad15bada9,HSS16x4x1/4,structural_section,HSS16X4X1/4,0.87,0.87,High,true,GCDC Building 4 - ST1__47dc7ef27f6e.pdf,,rejected,,,,2026-08-13T10:49:07.291462+00:00,2026-09-01T12:04:49.872954+00:00
21af937f-620d-43cd-be4b-f387c06f39b2,W36x210,structural_section,W36X210,0.87,0.87,High,true,GCDC Building 4 - ST1__47dc7ef27f6e.pdf,,rejected,,,,2026-08-13T10:49:07.368083+00:00,2026-09-01T12:04:49.872984+00:00
409ebd1b-08ef-4b20-9513-4ecc03da95c9,HSS24x12x1/2,structural_section,HSS24X12X1/2,0.87,0.87,High,true,GCDC Building 4 - ST1__47dc7ef27f6e.pdf,,rejected,,,,2026-08-13T10:49:08.369899+00:00,2026-09-01T12:04:49.873013+00:00
0b4bbaa1-a79f-475e-b5fd-de1b10c34ad4,HSS16x8x1/2,structural_section,HSS16X8X1/2,0.87,0.87,High,true,GCDC Building 4 - ST1__47dc7ef27f6e.pdf,,rejected,,,,2026-08-13T10:49:08.843011+00:00,2026-09-01T12:04:49.873041+00:00
6f2de857-eebd-4858-b3e1-9a0b25731143,HSS14X14X1/2,structural_section,HSS14X14X1/2,0.87,0.87,High,true,GCDC Building 4 - ST1__47dc7ef27f6e.pdf,,rejected,,,,2026-08-13T10:49:09.197769+00:00,2026-09-01T12:04:49.873070+00:00
bdf3314e-70a0-4c56-9a6c-7bfd2b97a77f,HSS12x6x1/2,structural_section,HSS12X6X1/2,0.87,0.87,High,true,GCDC Building 4 - ST1__47dc7ef27f6e.pdf,,rejected,,,,2026-08-13T10:49:09.337032+00:00,2026-09-01T12:04:49.873097+00:00
42e45ee7-e2e5-4b7f-997c-a794bef3c0c4,W33x130,structural_section,W33X130,0.87,0.87,High,true,GCDC Building 4 - ST1__47dc7ef27f6e.pdf,,rejected,,,,2026-08-13T10:49:09.538713+00:00,2026-09-01T12:04:49.873126+00:00
091f1bd5-1af1-4161-a77d-25769216be57,HSS14x0.5,structural_section,HSS14.000X0.500,0.09156695008277893,0.0916,Low,true,GCDC Building 4 - ST1__47dc7ef27f6e.pdf,,rejected,,,,2026-08-13T10:49:09.663380+00:00,2026-09-01T12:04:49.873155+00:00
53220dcf-51fe-43aa-97a8-df7457d2519b,HSS 14x14x1/2,structural_section,HSS14X14X1/2,0.87,0.87,High,true,GCDC Building 4 - ST1__47dc7ef27f6e.pdf,,rejected,,,,2026-08-13T10:49:10.102350+00:00,2026-09-01T12:04:49.873184+00:00
88c1b521-4e09-4d4a-ad81-1983680d8555,HSS10x10x1/2,structural_section,HSS10X10X1/2,0.87,0.87,High,true,GCDC Building 4 - ST1__47dc7ef27f6e.pdf,,rejected,,,,2026-08-13T10:49:10.547578+00:00,2026-09-01T12:04:49.873213+00:00
b7ba540f-63d0-4988-9453-3b7cb33f3bc9,HSS24x12x5/8,structural_section,HSS24X12X5/8,0.87,0.87,High,true,GCDC Building 4 - ST1__47dc7ef27f6e.pdf,,rejected,,,,2026-08-13T10:49:10.658802+00:00,2026-09-01T12:04:49.873242+00:00
4f18d782-f33c-4b6a-8b8a-c241a6cd2482,HSS10x10x3/8,structural_section,HSS10X10X3/8,0.87,0.87,High,true,GCDC Building 4 - ST1__47dc7ef27f6e.pdf,,rejected,,,,2026-08-13T10:49:11.910580+00:00,2026-09-01T12:04:49.873270+00:00
e17a35e1-ee1a-469b-864c-20a75eedb86e,W36x231,structural_section,W36X231,0.87,0.87,High,true,GCDC Building 4 - ST1__47dc7ef27f6e.pdf,,rejected,,,,2026-08-13T10:49:12.168569+00:00,2026-09-01T12:04:49.873298+00:00
88c195c1-5862-47fc-b702-eb1b79fcd126,HSS8X6,structural_section,W14X22,0.0,0.0,Low,true,GCDC Building 4 - ST1__47dc7ef27f6e.pdf,,rejected,,,,2026-08-13T10:49:12.258999+00:00,2026-09-01T12:04:49.873328+00:00
12cf357d-3cdc-4f81-a100-9ff2a7e183e8,HSS14x14x3/8,structural_section,HSS14X14X3/8,0.87,0.87,High,true,GCDC Building 4 - ST1__47dc7ef27f6e.pdf,,rejected,,,,2026-08-13T10:49:12.690381+00:00,2026-09-01T12:04:49.873362+00:00
8c9c3c3b-6108-402a-869c-f6755f1c40f0,HSS8x8x3/8,structural_section,HSS8X8X3/8,0.87,0.87,High,true,GCDC Building 4 - ST1__47dc7ef27f6e.pdf,,rejected,,,,2026-08-13T10:49:13.205173+00:00,2026-09-01T12:04:49.873390+00:00
238b6e48-f70c-482a-9a54-728f24b4a1ba,"L4x4x1/4x4""",structural_section,L4X3X1/4,0.0,0.0,Low,true,GCDC Building 4 - ST1__47dc7ef27f6e.pdf,,rejected,,,,2026-08-13T10:49:13.971621+00:00,2026-09-01T12:04:49.873407+00:00
d1a85a3d-e998-4cb5-bc7d-17abbf0138ef,"L4x4x3/8"";",structural_section,L4X4X3/8,0.87,0.87,High,true,GCDC Building 4 - ST1__47dc7ef27f6e.pdf,,rejected,,,,2026-08-13T10:49:14.054154+00:00,2026-09-01T12:04:49.873422+00:00
4cbb77c2-eac6-46d3-ac33-5eef74e2c89e,L3x3x1/4@8',structural_section,L3X3X1/4,0.87,0.87,High,true,GCDC Building 4 - ST1__47dc7ef27f6e.pdf,,rejected,,,,2026-08-13T10:49:14.136934+00:00,2026-09-01T12:04:49.873438+00:00
2cee4d65-aa58-4e4b-b937-14f0e0d0cbd8,"L6x4x5/16x4""",structural_section,L6X4X5/8,0.0,0.0,Low,true,GCDC Building 4 - ST1__47dc7ef27f6e.pdf,,rejected,,,,2026-08-13T10:49:14.220919+00:00,2026-09-01T12:04:49.873453+00:00
efa19253-e6c6-4496-adb5-eea1b02d59a6,"L6x4x1/4x4""",structural_section,L4X4X5/16,0.0,0.0,Low,true,GCDC Building 4 - ST1__47dc7ef27f6e.pdf,,rejected,,,,2026-08-13T10:49:14.304300+00:00,2026-09-01T12:04:49.873468+00:00
58c05298-5c9d-4127-87e0-4e36e2cbc584,HSS 5x5x3/8,structural_section,HSS5X5X3/8,0.87,0.87,High,true,GCDC Building 4 - ST1__47dc7ef27f6e.pdf,,rejected,,,,2026-08-13T10:49:14.394996+00:00,2026-09-01T12:04:49.873483+00:00
95b31c66-e0ee-4cb8-8373-407704b8955f,L4x4,structural_section,L4X4X5/16,0.0,0.0,Low,true,GCDC Building 4 - ST1__47dc7ef27f6e.pdf,,rejected,,,,2026-08-13T10:49:14.506271+00:00,2026-09-01T12:04:49.873499+00:00
8e6adadb-10e0-4b1a-a58b-86055a7a0a3e,"L4x4x1/4x4'-3""",structural_section,L4X3X1/4,0.0,0.0,Low,true,GCDC Building 4 - ST1__47dc7ef27f6e.pdf,,rejected,,,,2026-08-13T10:49:14.582747+00:00,2026-09-01T12:04:49.873513+00:00
262a2cac-7d60-4228-9805-fe1386f8c99c,"L4x4x3/8x18""",structural_section,L4X3X3/8,0.0,0.0,Low,true,GCDC Building 4 - ST1__47dc7ef27f6e.pdf,,rejected,,,,2026-08-13T10:49:14.659259+00:00,2026-09-01T12:04:49.873527+00:00
1b9fd06c-e4a8-4a9e-b302-b4d1cadf4300,L4x4x5/16,structural_section,L4X4X5/16,0.87,0.87,High,true,GCDC Building 4 - ST1__47dc7ef27f6e.pdf,,rejected,,,,2026-08-13T10:49:14.742771+00:00,2026-09-01T12:04:49.873543+00:00
55d57d94-5d13-40d4-96dc-200d00ece9cb,W18x36,structural_section,W16X36,0.0,0.0,Low,true,GCDC Building 4 - ST1__47dc7ef27f6e.pdf,,rejected,,,,2026-08-13T10:49:14.833220+00:00,2026-09-01T12:04:49.873559+00:00
9d22ce56-e7da-45d8-a12f-9fa2f70e8f28,"L5x3x3/8x6""",structural_section,L5X3X5/16,0.0,0.0,Low,true,GCDC Building 4 - ST1__47dc7ef27f6e.pdf,,rejected,,,,2026-08-13T10:49:14.909734+00:00,2026-09-01T12:04:49.873574+00:00
936caa35-6b2c-40fd-9fed-da859f32aae3,L2x2x10,structural_section,2L2X2X1/4,0.0,0.0,Low,true,GCDC Building 4 - ST1__47dc7ef27f6e.pdf,,rejected,,,,2026-08-13T10:49:15.048948+00:00,2026-09-01T12:04:49.873589+00:00
d8bcc3b0-6316-432d-995f-d454561ceb2e,L5x3x3/8,structural_section,L5X3X3/8,0.87,0.87,High,true,GCDC Building 4 - ST1__47dc7ef27f6e.pdf,,rejected,,,,2026-08-13T10:49:15.146570+00:00,2026-09-01T12:04:49.873604+00:00
4be1e64d-a88c-46e1-a072-246396f11e16,"L4x4x3/8""",structural_section,L4X4X3/8,0.87,0.87,High,true,GCDC Building 4 - ST1__47dc7ef27f6e.pdf,,rejected,,,,2026-08-13T10:49:15.285479+00:00,2026-09-01T12:04:49.873619+00:00
4befb961-febf-41d4-a72b-b5e9bab181d6,"L4x4x1/4""x5""",structural_section,L4X4X1/4,0.87,0.87,High,true,GCDC Building 4 - ST1__47dc7ef27f6e.pdf,,rejected,,,,2026-08-13T10:49:15.438466+00:00,2026-09-01T12:04:49.873634+00:00
bf4fc372-02e8-414e-b406-16e8500d5136,L3x3x1/4@4',structural_section,L3X3X1/4,0.87,0.87,High,true,GCDC Building 4 - ST1__47dc7ef27f6e.pdf,,rejected,,,,2026-08-13T10:49:15.639665+00:00,2026-09-01T12:04:49.873649+00:00
8d6a8fd8-9525-4af6-864b-764bf9dc316c,HSS8x4x3/8,structural_section,HSS8X4X3/8,0.87,0.87,High,true,GCDC Building 4 - ST1__47dc7ef27f6e.pdf,,rejected,,,,2026-08-13T10:49:15.731240+00:00,2026-09-01T12:04:49.873664+00:00
a9632365-30d7-4567-a8d6-0e60f6ad2941,L2x2x3/16,structural_section,L2X2X3/16,0.87,0.87,High,true,GCDC Building 4 - ST1__47dc7ef27f6e.pdf,,rejected,,,,2026-08-13T10:49:15.863559+00:00,2026-09-01T12:04:49.873683+00:00
3c04e1e0-e141-426b-b776-509f3853c701,L4x4x1/4@6',structural_section,L4X4X1/4,0.87,0.87,High,true,GCDC Building 4 - ST1__47dc7ef27f6e.pdf,,rejected,,,,2026-08-13T10:49:15.987478+00:00,2026-09-01T12:04:49.873698+00:00
803bfd96-82ef-46cb-9b7c-7df906f44943,"L4x4x1/2x6""",structural_section,L4X3X1/4,0.0,0.0,Low,true,GCDC Building 4 - ST1__47dc7ef27f6e.pdf,,rejected,,,,2026-08-13T10:49:16.141431+00:00,2026-09-01T12:04:49.873714+00:00
18e7ef5b-c934-4e83-bc88-44e7c0f17f64,"L6x4x3/4,",structural_section,L6X4X3/4,0.87,0.87,High,true,GCDC Building 4 - ST1__47dc7ef27f6e.pdf,,rejected,,,,2026-08-13T10:49:16.398609+00:00,2026-09-01T12:04:49.873730+00:00
7e42fcab-c7d1-4f6d-81c8-66c77261b2a7,"W12x19,",structural_section,W12X19,0.87,0.87,High,true,GCDC Building 4 - ST1__47dc7ef27f6e.pdf,,rejected,,,,2026-08-13T10:49:16.516290+00:00,2026-09-01T12:04:49.873744+00:00
69e6172f-1470-4ed8-aea3-a6685d4fd9e6,L6x6x5/16;,structural_section,L6X6X5/16,0.87,0.87,High,true,GCDC Building 4 - ST1__47dc7ef27f6e.pdf,,rejected,,,,2026-08-13T10:49:16.635215+00:00,2026-09-01T12:04:49.873760+00:00
8cd887ec-59d6-4f6e-848d-e38c42be40d1,C8x11.5@,structural_section,C8X11.5,0.87,0.87,High,true,GCDC Building 4 - ST1__47dc7ef27f6e.pdf,,rejected,,,,2026-08-13T10:49:16.746502+00:00,2026-09-01T12:04:49.873774+00:00
6299ac0d-a4a1-472b-a847-5f2fa4bb622a,"L8x4x7/16x1'-0"",",structural_section,2L8X4X7/16X3/8LLBB,0.0,0.0,Low,true,GCDC Building 4 - ST1__47dc7ef27f6e.pdf,,rejected,,,,2026-08-13T10:49:16.843878+00:00,2026-09-01T12:04:49.873789+00:00
9bdc4e22-913f-4e60-9d34-abc95d14deaf,HSS20x20x1/2,structural_section,HSS20X20X1/2,0.87,0.87,High,true,GCDC Building 4 - ST1__47dc7ef27f6e.pdf,,rejected,,,,2026-08-13T10:49:16.927325+00:00,2026-09-01T12:04:49.873804+00:00
ac81b0a3-bfb2-4523-b0ed-90d2b1a51a0a,HSS3x3x3/8,structural_section,HSS3X3X3/8,0.87,0.87,High,true,GCDC Building 4 - ST1__47dc7ef27f6e.pdf,,rejected,,,,2026-08-13T10:49:17.024870+00:00,2026-09-01T12:04:49.873818+00:00
d906f025-4c84-4643-ae5c-d2b768d8a004,HSS8x8,structural_section,HSS8X8X1/8,0.0,0.0,Low,true,GCDC Building 4 - ST1__47dc7ef27f6e.pdf,,rejected,,,,2026-08-13T10:49:17.121593+00:00,2026-09-01T12:04:49.873833+00:00
14366e85-e35e-4af8-8d6b-00be23b1c75f,2L4x4,structural_section,2L4X4X5/16X3/8,0.0,0.0,Low,true,GCDC Building 4 - ST1__47dc7ef27f6e.pdf,,rejected,,,,2026-08-13T10:49:17.219603+00:00,2026-09-01T12:04:49.873847+00:00
73dfcac3-8c5e-4ee8-b44a-a54877fd902b,HSS10x10,structural_section,HSS10X10X5/16,0.0,0.0,Low,true,GCDC Building 4 - ST1__47dc7ef27f6e.pdf,,rejected,,,,2026-08-13T10:49:17.317010+00:00,2026-09-01T12:04:49.873861+00:00
d9b88a07-afb0-4c99-ad12-8ee9b902a2c5,L5x5,structural_section,L5X3X5/16,0.0,0.0,Low,true,GCDC Building 4 - ST1__47dc7ef27f6e.pdf,,rejected,,,,2026-08-13T10:49:17.414321+00:00,2026-09-01T12:04:49.873876+00:00
491dc161-873e-46e5-baef-68bbd628aedb,"L4x4x1/4,",structural_section,L4X4X1/4,0.87,0.87,High,true,GCDC Building 4 - ST1__47dc7ef27f6e.pdf,,rejected,,,,2026-08-13T10:49:17.643954+00:00,2026-09-01T12:04:49.873890+00:00
1dad61cd-ada9-4cde-85a9-bb2157edaaeb,"L3x3x1/4""",structural_section,L3X3X1/4,0.87,0.87,High,true,GCDC Building 4 - ST1__47dc7ef27f6e.pdf,,rejected,,,,2026-08-13T10:49:17.748295+00:00,2026-09-01T12:04:49.873904+00:00
84859e2d-d34f-48d7-b645-a87b04e1e74d,"L5x5x5/16""",structural_section,L5X5X5/16,0.87,0.87,High,true,GCDC Building 4 - ST1__47dc7ef27f6e.pdf,,rejected,,,,2026-08-13T10:49:17.838750+00:00,2026-09-01T12:04:49.873918+00:00
e402f361-0ce8-4280-8f0e-5b0be1d49444,"L4x4x1/4""@EA",structural_section,L4X4X1/4,0.87,0.87,High,true,GCDC Building 4 - ST1__47dc7ef27f6e.pdf,,rejected,,,,2026-08-13T10:49:17.922248+00:00,2026-09-01T12:04:49.873933+00:00
516076f2-8808-4f67-b590-b96968dca3be,"L6x4x3/8""",structural_section,L6X4X3/8,0.87,0.87,High,true,GCDC Building 4 - ST1__47dc7ef27f6e.pdf,,rejected,,,,2026-08-13T10:49:18.012630+00:00,2026-09-01T12:04:49.873947+00:00
bf162596-7ca8-4bf2-9e33-af90ddf91041,L7x7x1/2,structural_section,HSS9X7X1/2,0.0,0.0,Low,true,GCDC Building 4 - ST1__47dc7ef27f6e.pdf,,rejected,,,,2026-08-13T10:49:18.103318+00:00,2026-09-01T12:04:49.873962+00:00
073ac051-49d3-4d3d-bb00-4df58a373137,"L6x6x1/2@2'-0""",structural_section,L6X6X1/2,0.87,0.87,High,true,GCDC Building 4 - ST1__47dc7ef27f6e.pdf,,rejected,,,,2026-08-13T10:49:18.187131+00:00,2026-09-01T12:04:49.873977+00:00
13a79774-624b-4e74-b417-3fe9cd6a0105,HSS14x10,structural_section,HSS14X12X1/2,0.0,0.0,Low,true,GCDC Building 4 - ST1__47dc7ef27f6e.pdf,,rejected,,,,2026-08-13T10:49:18.277083+00:00,2026-09-01T12:04:49.873991+00:00
cc1bd8d7-c79d-40da-bb0a-f1271d15c9a6,"L4x4x1/4""@5'",structural_section,L4X4X1/4,0.87,0.87,High,true,GCDC Building 4 - ST1__47dc7ef27f6e.pdf,,rejected,,,,2026-08-13T10:49:18.374540+00:00,2026-09-01T12:04:49.874005+00:00
aa8ed8d7-f254-48c7-81b4-630a46ddf610,HSS14x14,structural_section,HSS14X14X5/16,0.0,0.0,Low,true,GCDC Building 4 - ST1__47dc7ef27f6e.pdf,,rejected,,,,2026-08-13T10:49:18.499133+00:00,2026-09-01T12:04:49.874020+00:00
2d3b347c-2d6e-4766-a7d3-8daf2150af1e,W14x90,structural_section,W14X90,0.87,0.87,High,true,GCDC Building 4 - ST1__47dc7ef27f6e.pdf,,rejected,,,,2026-08-13T10:49:18.590110+00:00,2026-09-01T12:04:49.874035+00:00
93716ad9-89b2-47d7-818b-6e42cec45828,W14x82,structural_section,W14X82,0.87,0.87,High,true,GCDC Building 4 - ST1__47dc7ef27f6e.pdf,,rejected,,,,2026-08-13T10:49:18.680569+00:00,2026-09-01T12:04:49.874050+00:00
fafc59c8-8d1e-4ce1-b184-2af26cb89ff3,W12x65,structural_section,W12X65,0.87,0.87,High,true,GCDC Building 4 - ST1__47dc7ef27f6e.pdf,,rejected,,,,2026-08-13T10:49:18.798914+00:00,2026-09-01T12:04:49.874065+00:00
a583cd13-7b46-4d05-9b1b-b4849636c1e2,HSS12x12x1/2,structural_section,HSS12X12X1/2,0.87,0.87,High,true,GCDC Building 4 - ST1__47dc7ef27f6e.pdf,,rejected,,,,2026-08-13T10:49:18.896305+00:00,2026-09-01T12:04:49.874080+00:00
d3fa4129-a97b-4c66-8ce9-042d998f3e0f,W12x106,structural_section,W12X106,0.87,0.87,High,true,GCDC Building 4 - ST1__47dc7ef27f6e.pdf,,rejected,,,,2026-08-13T10:49:19.473972+00:00,2026-09-01T12:04:49.874094+00:00
2c218ad6-7b3f-4bf7-a41d-ae4edbaea29d,W27x102,structural_section,W27X102,0.87,0.87,High,true,GCDC Building 4 - ST1__47dc7ef27f6e.pdf,,rejected,,,,2026-08-13T10:49:19.578098+00:00,2026-09-01T12:04:49.874109+00:00
881e82a7-0dcc-4794-89d7-532f83ce288b,2L6x6x1/2,structural_section,2L6X6X1/2,0.87,0.87,High,true,GCDC Building 4 - ST1__47dc7ef27f6e.pdf,,rejected,,,,2026-08-13T10:49:19.689444+00:00,2026-09-01T12:04:49.874124+00:00
26093de2-ac7c-4d27-9793-5bb0d22e192d,HSS12x12x3/8,structural_section,HSS12X12X3/8,0.87,0.87,High,true,GCDC Building 4 - ST1__47dc7ef27f6e.pdf,,rejected,,,,2026-08-13T10:49:20.044229+00:00,2026-09-01T12:04:49.874139+00:00
3e18b497-b63e-45f1-8031-5bd9df6ecab9,"1/2""",unknown,,0.0,0.0,Low,true,GCDC Building 4 - ST1__47dc7ef27f6e.pdf,,rejected,,,,2026-09-01T12:23:16.643237+00:00,2026-09-01T13:23:00.103871+00:00
aa8a9d4f-cf7c-4205-bbe6-8a7b999575d2,"3/4""",unknown,,0.0,0.0,Low,true,GCDC Building 4 - ST1__47dc7ef27f6e.pdf,,rejected,,,,2026-09-01T12:23:16.893984+00:00,2026-09-01T13:23:00.104023+00:00
bcd6edf3-50f4-4055-923c-c5740ccf76e7,"1/4"".",unknown,,0.0,0.0,Low,true,GCDC Building 4 - ST1__47dc7ef27f6e.pdf,,rejected,,,,2026-09-01T12:23:17.166511+00:00,2026-09-01T13:23:00.104082+00:00
d0850d37-dcfa-4b1b-be01-49823f9e6a2b,"12""",unknown,,0.0,0.0,Low,true,GCDC Building 4 - ST1__47dc7ef27f6e.pdf,,rejected,,,,2026-09-01T12:23:17.311989+00:00,2026-09-01T13:23:00.104119+00:00
719e7586-54dd-41c4-a46f-7c68011b7764,"""S/2""",unknown,,0.0,0.0,Low,true,GCDC Building 4 - ST1__47dc7ef27f6e.pdf,,rejected,,,,2026-09-01T12:23:17.512322+00:00,2026-09-01T13:23:00.104150+00:00
a4181a3a-321e-4cbb-b45e-f07726cca360,F50/P1/W12x65/190k,structural_section,W12X65,0.87,0.87,High,true,GCDC Building 4 - ST1__47dc7ef27f6e.pdf,,rejected,,,,2026-09-01T12:23:17.727813+00:00,2026-09-01T13:23:00.104295+00:00
49382bde-befd-4dff-8550-6731fe0450a8,6x6-W2.9xW2.9,unknown,,0.0,0.0,Low,true,GCDC Building 4 - ST1__47dc7ef27f6e.pdf,,rejected,,,,2026-09-01T12:23:18.033864+00:00,2026-09-01T13:23:00.104333+00:00
b371649f-ac0e-466d-88b6-2e277ecad0ed,"3/16""",unknown,,0.0,0.0,Low,true,GCDC Building 4 - ST1__47dc7ef27f6e.pdf,,rejected,,,,2026-09-01T12:23:18.208325+00:00,2026-09-01T13:23:00.104362+00:00
6664611f-2acd-4c08-aa55-040822be364c,"1-1/4""",unknown,,0.0,0.0,Low,true,GCDC Building 4 - ST1__47dc7ef27f6e.pdf,,rejected,,,,2026-09-01T12:23:18.408768+00:00,2026-09-01T13:23:00.104389+00:00
15ac88df-2a2c-44df-bc53-242c2d86bdb4,10-3 IN,unknown,,0.0,0.0,Low,true,GCDC Building 4 - ST1__47dc7ef27f6e.pdf,,rejected,,,,2026-09-01T12:23:18.577641+00:00,2026-09-01T13:23:00.104416+00:00
eac26fc9-f1a5-4c77-8789-52a856adafd1,C8x11.5,structural_section,C8X11.5,0.87,0.87,High,true,GCDC Building 4 - ST1__47dc7ef27f6e.pdf,,rejected,,,,2026-09-01T12:23:18.923430+00:00,2026-09-01T13:23:00.104442+00:00
7bb95fa7-9fd9-44dc-b6cf-67886bf0f847,W12x19,structural_section,W12X19,0.87,0.87,High,true,GCDC Building 4 - ST1__47dc7ef27f6e.pdf,,rejected,,,,2026-09-01T12:23:19.104487+00:00,2026-09-01T13:23:00.104467+00:00
6ed907f9-0c38-42af-8b4c-a88a7c9a67b2,HSS8x4x1/4,structural_section,HSS8X4X1/4,0.87,0.87,High,true,GCDC Building 4 - ST1__47dc7ef27f6e.pdf,,rejected,,,,2026-09-01T12:23:19.228579+00:00,2026-09-01T13:23:00.104495+00:00
5882c8dd-68b5-4193-be71-c7d28bb08f2e,(A490),structural_section,W14X90,0.0,0.0,Low,true,GCDC Building 4 - ST1__47dc7ef27f6e.pdf,,rejected,,,,2026-09-01T12:23:19.344495+00:00,2026-09-01T13:23:00.104520+00:00
9d6afe30-0044-4b10-945e-0809c4d669cf,(A325),structural_section,W14X132,0.0,0.0,Low,true,GCDC Building 4 - ST1__47dc7ef27f6e.pdf,,rejected,,,,2026-09-01T12:23:19.496817+00:00,2026-09-01T13:23:00.104544+00:00
43299603-3c20-4209-8405-057441d4f7ac,A325,structural_section,W14X132,0.0,0.0,Low,true,GCDC Building 4 - ST1__47dc7ef27f6e.pdf,,rejected,,,,2026-09-01T12:23:19.658775+00:00,2026-09-01T13:23:00.104568+00:00
1160bfe2-27ff-4258-828b-e2191b53f96e,P1/HSS12x12x1/2,structural_section,HSS12X12X1/2,0.87,0.87,High,true,GCDC Building 4 - ST1__47dc7ef27f6e.pdf,,rejected,,,,2026-09-01T12:23:19.883086+00:00,2026-09-01T13:23:00.104592+00:00
60b61cba-ad45-4ba3-b058-ca43262f6c54,P8/W14x61,structural_section,W14X61,0.87,0.87,High,true,GCDC Building 4 - ST1__47dc7ef27f6e.pdf,,rejected,,,,2026-09-01T12:23:20.060584+00:00,2026-09-01T13:23:00.104617+00:00
f07ba210-b74c-4d1f-b2ee-0e78be543fb1,HSS14X6X5/8,structural_section,HSS14X6X5/8,0.87,0.87,High,true,GCDC Building 4 - ST1__47dc7ef27f6e.pdf,,rejected,,,,2026-09-01T12:23:20.285596+00:00,2026-09-01T13:23:00.104641+00:00
77a40c77-afdf-4c0b-8273-323b56a4a584,"1/8""",unknown,,0.0,0.0,Low,true,GCDC Building 4 - ST1__47dc7ef27f6e.pdf,,rejected,,,,2026-09-01T12:23:20.831851+00:00,2026-09-01T13:23:00.104666+00:00
9fde940a-2b77-428b-a3ef-e398ac80db61,HSS18x6x3/8,structural_section,HSS18X6X3/8,0.87,0.87,High,true,GCDC Building 4 - ST1__47dc7ef27f6e.pdf,,rejected,,,,2026-09-01T12:23:21.105207+00:00,2026-09-01T13:23:00.104692+00:00
e170472f-62dd-4add-8578-3c3b82cb5e20,"5/8""",unknown,,0.0,0.0,Low,true,GCDC Building 4 - ST1__47dc7ef27f6e.pdf,,rejected,,,,2026-09-01T12:23:21.773402+00:00,2026-09-01T13:23:00.104717+00:00
313c7fbf-d55e-4499-ac85-9c47d1cd9b8a,"1/4""",unknown,,0.0,0.0,Low,true,GCDC Building 4 - ST1__47dc7ef27f6e.pdf,,rejected,,,,2026-09-01T12:23:21.970868+00:00,2026-09-01T13:23:00.104742+00:00
53a9d639-9640-4923-a1d6-f5956f954079,P8/HSS14x14x1/2,structural_section,HSS14X14X1/2,0.87,0.87,High,true,GCDC Building 4 - ST1__47dc7ef27f6e.pdf,,rejected,,,,2026-09-01T12:23:22.163077+00:00,2026-09-01T13:23:00.104767+00:00
74277174-4347-4385-9b19-edbb315ad588,HSS4x4x3/8,structural_section,HSS4X4X3/8,0.87,0.87,High,true,GCDC Building 4 - ST1__47dc7ef27f6e.pdf,,rejected,,,,2026-09-01T12:23:22.362380+00:00,2026-09-01T13:23:00.104791+00:00
5a72c547-dcdb-40ad-b6af-6bd1606d511c,L4x4x3/8,structural_section,L4X4X3/8,0.87,0.87,High,true,GCDC Building 4 - ST1__47dc7ef27f6e.pdf,,rejected,,,,2026-09-01T12:23:23.533519+00:00,2026-09-01T13:23:00.104816+00:00
a3a569b8-074e-4707-91a9-ea0f417cf12e,W12x26,structural_section,W12X26,0.87,0.87,High,true,GCDC Building 4 - ST1__47dc7ef27f6e.pdf,,rejected,,,,2026-09-01T12:23:23.997875+00:00,2026-09-01T13:23:00.104840+00:00
98ee5388-5905-49b0-a9c3-04f2e829aa22,HSS20x12x1/2,structural_section,HSS20X12X1/2,0.87,0.87,High,true,GCDC Building 4 - ST1__47dc7ef27f6e.pdf,,rejected,,,,2026-09-01T12:23:24.686172+00:00,2026-09-01T13:23:00.104865+00:00
c739705b-f6f5-4528-ae5b-cf11a24abc25,HSS16x8x3/8,structural_section,HSS16X8X3/8,0.87,0.87,High,true,GCDC Building 4 - ST1__47dc7ef27f6e.pdf,,rejected,,,,2026-09-01T12:23:24.854355+00:00,2026-09-01T13:23:00.104891+00:00
d1e50a4d-37c0-492a-8cd0-f0c11ba77d52,"c=3/4""",unknown,,0.0,0.0,Low,true,GCDC Building 4 - ST1__47dc7ef27f6e.pdf,,rejected,,,,2026-09-01T12:23:25.057939+00:00,2026-09-01T13:23:00.105182+00:00
5829aa55-e24f-49ee-baf0-1917dbae1753,HSS8x4x1/2,structural_section,HSS8X4X1/2,0.87,0.87,High,true,GCDC Building 4 - ST1__47dc7ef27f6e.pdf,,rejected,,,,2026-09-01T12:23:25.213629+00:00,2026-09-01T13:23:00.105454+00:00
e7e5d262-44d4-4b5d-ae8a-544accdda8e8,HSS8x8x1/2,structural_section,HSS8X8X1/2,0.87,0.87,High,true,GCDC Building 4 - ST1__47dc7ef27f6e.pdf,,rejected,,,,2026-09-01T12:23:25.386547+00:00,2026-09-01T13:23:00.105492+00:00
929dcb44-a192-426b-bfb0-ec68663278ec,HSS8x8x5/8,structural_section,HSS8X8X5/8,0.87,0.87,High,true,GCDC Building 4 - ST1__47dc7ef27f6e.pdf,,rejected,,,,2026-09-01T12:23:25.532441+00:00,2026-09-01T13:23:00.105513+00:00
13b14bb8-e84c-4664-a4d4-0a6b7f7b690e,"c=3/4""""",unknown,,0.0,0.0,Low,true,GCDC Building 4 - ST1__47dc7ef27f6e.pdf,,rejected,,,,2026-09-01T12:23:25.838455+00:00,2026-09-01T13:23:00.105617+00:00
e9e3bba1-5169-4039-b5d6-8700ed7dafd8,HSS20x8x1/2,structural_section,HSS20X8X1/2,0.87,0.87,High,true,GCDC Building 4 - ST1__47dc7ef27f6e.pdf,,rejected,,,,2026-09-01T12:23:25.975761+00:00,2026-09-01T13:23:00.105672+00:00
27c16d33-2883-4f76-b5d2-42b5ee7e78b8,W21x50,structural_section,W21X50,0.87,0.87,High,true,GCDC Building 4 - ST1__47dc7ef27f6e.pdf,,rejected,,,,2026-09-01T12:23:26.124045+00:00,2026-09-01T13:23:00.106226+00:00
fc1ba043-b88d-4621-8c23-e1c72e512247,W36x160,structural_section,W36X160,0.87,0.87,High,true,GCDC Building 4 - ST1__47dc7ef27f6e.pdf,,rejected,,,,2026-09-01T12:23:26.347009+00:00,2026-09-01T13:23:00.106360+00:00
69060368-e4d0-4ccc-af77-52cd7890d690,W36x135,structural_section,W36X135,0.87,0.87,High,true,GCDC Building 4 - ST1__47dc7ef27f6e.pdf,,rejected,,,,2026-09-01T12:23:26.714196+00:00,2026-09-01T13:23:00.106404+00:00
a400fa83-3af5-43ad-9934-cfd772403c72,W36x247,structural_section,W36X247,0.87,0.87,High,true,GCDC Building 4 - ST1__47dc7ef27f6e.pdf,,rejected,,,,2026-09-01T12:23:26.817845+00:00,2026-09-01T13:23:00.106434+00:00
29c5fe85-06e5-4956-bddc-4a5898bb8a5e,W33x130,structural_section,W33X130,0.87,0.87,High,true,GCDC Building 4 - ST1__47dc7ef27f6e.pdf,,rejected,,,,2026-09-01T12:23:27.440476+00:00,2026-09-01T13:23:00.106462+00:00
f1d80729-bfd7-4740-a55b-f539c0378824,W36x182,structural_section,W36X182,0.87,0.87,High,true,GCDC Building 4 - ST1__47dc7ef27f6e.pdf,,rejected,,,,2026-09-01T12:23:27.918303+00:00,2026-09-01T13:23:00.106487+00:00
6c03bfd4-6974-41cf-bcc1-05b3951d3b3b,W30x124,structural_section,W30X124,0.87,0.87,High,true,GCDC Building 4 - ST1__47dc7ef27f6e.pdf,,rejected,,,,2026-09-01T12:23:28.225884+00:00,2026-09-01T13:23:00.106514+00:00
55bb823d-11ff-4ec7-8089-8d8250671d43,HSS16x4x1/4,structural_section,HSS16X4X1/4,0.87,0.87,High,true,GCDC Building 4 - ST1__47dc7ef27f6e.pdf,,rejected,,,,2026-09-01T12:23:28.582282+00:00,2026-09-01T13:23:00.106540+00:00
d4722f8c-c671-4ceb-9f49-9d9bd042bbd0,W36x210,structural_section,W36X210,0.87,0.87,High,true,GCDC Building 4 - ST1__47dc7ef27f6e.pdf,,rejected,,,,2026-09-01T12:23:28.838908+00:00,2026-09-01T13:23:00.106565+00:00
7495b2be-1694-4e89-b71a-eea69f7c31da,W8x10,structural_section,W8X10,0.87,0.87,High,true,GCDC Building 4 - ST1__47dc7ef27f6e.pdf,,rejected,,,,2026-09-01T12:23:29.615614+00:00,2026-09-01T13:23:00.106593+00:00
2474c01c-c7da-4435-81ad-b20a2478a971,HSS24x12x1/2,structural_section,HSS24X12X1/2,0.87,0.87,High,true,GCDC Building 4 - ST1__47dc7ef27f6e.pdf,,rejected,,,,2026-09-01T12:23:30.896677+00:00,2026-09-01T13:23:00.106621+00:00
7d8084da-d65f-4394-b9be-88d26bed130f,W24x68,structural_section,W24X68,0.87,0.87,High,true,GCDC Building 4 - ST1__47dc7ef27f6e.pdf,,rejected,,,,2026-09-01T12:23:31.163998+00:00,2026-09-01T13:23:00.106873+00:00
df9be304-a9e4-4971-a748-5bba5c63732b,W18x50,structural_section,W18X50,0.87,0.87,High,true,GCDC Building 4 - ST1__47dc7ef27f6e.pdf,,rejected,,,,2026-09-01T12:23:31.548872+00:00,2026-09-01T13:23:00.107014+00:00
145b0736-4b37-4c17-aed6-f1d25f384735,HSS16x8x1/2,structural_section,HSS16X8X1/2,0.87,0.87,High,true,GCDC Building 4 - ST1__47dc7ef27f6e.pdf,,rejected,,,,2026-09-01T12:23:32.381624+00:00,2026-09-01T13:23:00.107049+00:00
094c558e-98c1-4b85-b5fb-cbdc3d687416,"7/8""",unknown,,0.0,0.0,Low,true,GCDC Building 4 - ST1__47dc7ef27f6e.pdf,,rejected,,,,2026-09-01T12:23:32.572508+00:00,2026-09-01T13:23:00.107081+00:00
ffe38aff-efd9-4734-b287-f89dca317780,HSS14X14X1/2,structural_section,HSS14X14X1/2,0.87,0.87,High,true,GCDC Building 4 - ST1__47dc7ef27f6e.pdf,,rejected,,,,2026-09-01T12:23:33.583816+00:00,2026-09-01T13:23:00.107266+00:00
0d644d6c-baef-406d-9510-12e9edbeccee,HSS12x6x1/2,structural_section,HSS12X6X1/2,0.87,0.87,High,true,GCDC Building 4 - ST1__47dc7ef27f6e.pdf,,rejected,,,,2026-09-01T12:23:33.877009+00:00,2026-09-01T13:23:00.107323+00:00
19a9d8ac-a196-4173-a3d7-03f917ee3d25,HSS14x0.5,structural_section,HSS14.000X0.500,0.0915990099310875,0.0916,Low,true,GCDC Building 4 - ST1__47dc7ef27f6e.pdf,,rejected,,,,2026-09-01T12:23:34.574651+00:00,2026-09-01T13:23:00.107365+00:00
9f87fef1-740f-400f-bea6-157575605126,HSS10x10x1/2,structural_section,HSS10X10X1/2,0.87,0.87,High,true,GCDC Building 4 - ST1__47dc7ef27f6e.pdf,,rejected,,,,2026-09-01T12:23:36.878919+00:00,2026-09-01T13:23:00.107401+00:00
a33ccd0e-8775-4e84-9562-7b1e3cd528ab,HSS24x12x5/8,structural_section,HSS24X12X5/8,0.87,0.87,High,true,GCDC Building 4 - ST1__47dc7ef27f6e.pdf,,rejected,,,,2026-09-01T12:23:37.209731+00:00,2026-09-01T13:23:00.107435+00:00
cc8bf22a-169c-45be-a8a9-5aaef84ccca1,"3/8""",unknown,,0.0,0.0,Low,true,GCDC Building 4 - ST1__47dc7ef27f6e.pdf,,rejected,,,,2026-09-01T12:23:37.389988+00:00,2026-09-01T13:23:00.107466+00:00
9b7b8d33-183c-43c6-be95-62d9fd345519,HSS10x10x3/8,structural_section,HSS10X10X3/8,0.87,0.87,High,true,GCDC Building 4 - ST1__47dc7ef27f6e.pdf,,rejected,,,,2026-09-01T12:23:40.989282+00:00,2026-09-01T13:23:00.107529+00:00
d864d8e1-87a7-4048-9a75-86b80fbd6ac4,W36x231,structural_section,W36X231,0.87,0.87,High,true,GCDC Building 4 - ST1__47dc7ef27f6e.pdf,,rejected,,,,2026-09-01T12:23:41.651653+00:00,2026-09-01T13:23:00.107577+00:00
760f83ce-871d-4ab5-a39c-3b0bf6111a57,HSS8X6,structural_section,W14X22,0.0,0.0,Low,true,GCDC Building 4 - ST1__47dc7ef27f6e.pdf,,rejected,,,,2026-09-01T12:23:41.830835+00:00,2026-09-01T13:23:00.107677+00:00
38a58662-1194-4cda-a17b-64c5422ec0a1,HSS14x14x3/8,structural_section,HSS14X14X3/8,0.87,0.87,High,true,GCDC Building 4 - ST1__47dc7ef27f6e.pdf,,rejected,,,,2026-09-01T12:23:43.577481+00:00,2026-09-01T13:23:00.107713+00:00
0b9031ea-95a7-43b3-8ff4-638a35700b85,HSS8x8x3/8,structural_section,HSS8X8X3/8,0.87,0.87,High,true,GCDC Building 4 - ST1__47dc7ef27f6e.pdf,,rejected,,,,2026-09-01T12:23:44.765863+00:00,2026-09-01T13:23:00.107743+00:00
442bfda7-d53e-4d29-9053-11616765d3d6,"1/2""W",unknown,,0.0,0.0,Low,true,GCDC Building 4 - ST1__47dc7ef27f6e.pdf,,rejected,,,,2026-09-01T12:23:46.315470+00:00,2026-09-01T13:23:00.107770+00:00
7ab60e9f-d9b3-45d7-848f-2ecf740f2052,"L4x4x1/4x4""",structural_section,L4X4X1/4,0.87,0.87,High,true,GCDC Building 4 - ST1__47dc7ef27f6e.pdf,,rejected,,,,2026-09-01T12:23:46.515402+00:00,2026-09-01T13:23:00.107802+00:00
ff04bdc7-306d-457e-a5fb-bf31fc2d5677,"L4x4x3/8"";",structural_section,L4X4X3/8,0.87,0.87,High,true,GCDC Building 4 - ST1__47dc7ef27f6e.pdf,,rejected,,,,2026-09-01T12:23:46.656762+00:00,2026-09-01T13:23:00.107831+00:00
81ab0f2c-e5d2-4af6-9819-7a40ce7aabcf,L3x3x1/4@8',structural_section,L3X3X1/4,0.87,0.87,High,true,GCDC Building 4 - ST1__47dc7ef27f6e.pdf,,rejected,,,,2026-09-01T12:23:46.820187+00:00,2026-09-01T13:23:00.107858+00:00
3e48e9e4-40ac-4073-87bd-666570541d40,"L6x4x5/16x4""",structural_section,L6X4X5/16,0.87,0.87,High,true,GCDC Building 4 - ST1__47dc7ef27f6e.pdf,,rejected,,,,2026-09-01T12:23:46.974721+00:00,2026-09-01T13:23:00.107887+00:00
945652b4-3dec-4488-a32b-133d21ab4f9d,"L6x4x1/4x4""",structural_section,L8X8X1,0.0,0.0,Low,true,GCDC Building 4 - ST1__47dc7ef27f6e.pdf,,rejected,,,,2026-09-01T12:23:47.128426+00:00,2026-09-01T13:23:00.107916+00:00
a1c3407c-3bb3-44dd-83fe-da5a72ebb6b8,"1/4""x1",unknown,,0.0,0.0,Low,true,GCDC Building 4 - ST1__47dc7ef27f6e.pdf,,rejected,,,,2026-09-01T12:23:47.346708+00:00,2026-09-01T13:23:00.107943+00:00
a3a86b68-1214-4543-b966-1af08f0e31c1,14-2 IN,unknown,,0.0,0.0,Low,true,GCDC Building 4 - ST1__47dc7ef27f6e.pdf,,rejected,,,,2026-09-01T12:23:47.622893+00:00,2026-09-01T13:23:00.107971+00:00
5552fa8d-df2a-4482-a680-40a25a066471,"1/16""",unknown,,0.0,0.0,Low,true,GCDC Building 4 - ST1__47dc7ef27f6e.pdf,,rejected,,,,2026-09-01T12:23:47.794668+00:00,2026-09-01T13:23:00.107998+00:00
981985f2-c5fb-4fec-8db4-ab9489f14134,"(4)-3/4""",unknown,,0.0,0.0,Low,true,GCDC Building 4 - ST1__47dc7ef27f6e.pdf,,rejected,,,,2026-09-01T12:23:48.162958+00:00,2026-09-01T13:23:00.108026+00:00
6eae8f5e-1147-4dc9-84f1-105474ab2abf,"2""",unknown,,0.0,0.0,Low,true,GCDC Building 4 - ST1__47dc7ef27f6e.pdf,,rejected,,,,2026-09-01T12:23:48.278389+00:00,2026-09-01T13:23:00.108052+00:00
937676ca-fc30-4e69-bd47-ab6098ce192a,"20""",unknown,,0.0,0.0,Low,true,GCDC Building 4 - ST1__47dc7ef27f6e.pdf,,rejected,,,,2026-09-01T12:23:48.616762+00:00,2026-09-01T13:23:00.108717+00:00
aa7b591a-2d7e-4a86-8cd8-ccef1b6de8b8,L3x3x1/4,structural_section,L3X3X1/4,0.87,0.87,High,true,GCDC Building 4 - ST1__47dc7ef27f6e.pdf,,rejected,,,,2026-09-01T12:23:48.768123+00:00,2026-09-01T13:23:00.108768+00:00
4b13ce46-bd9c-4dbe-8794-dbdce35b9b70,L4x4,structural_section,L4X4X5/16,0.0,0.0,Low,true,GCDC Building 4 - ST1__47dc7ef27f6e.pdf,,rejected,,,,2026-09-01T12:23:48.941643+00:00,2026-09-01T13:23:00.108800+00:00
9f66129c-2a7c-4db5-9f71-cfe11259b4f1,"L4x4x1/4x4'-3""",structural_section,L4X4X1/4,0.87,0.87,High,true,GCDC Building 4 - ST1__47dc7ef27f6e.pdf,,rejected,,,,2026-09-01T12:23:49.068957+00:00,2026-09-01T13:23:00.108831+00:00
880325a0-0ca1-4b3f-a3b1-61cc0534953e,"5/8""x24""",unknown,,0.0,0.0,Low,true,GCDC Building 4 - ST1__47dc7ef27f6e.pdf,,rejected,,,,2026-09-01T12:23:49.250734+00:00,2026-09-01T13:23:00.109676+00:00
fc4ed7f1-a4ac-4847-a962-e9cf848d1ab5,"5/16""",unknown,,0.0,0.0,Low,true,GCDC Building 4 - ST1__47dc7ef27f6e.pdf,,rejected,,,,2026-09-01T12:23:49.391140+00:00,2026-09-01T13:23:00.109914+00:00
71824d93-9a83-4092-9c02-053d15880a3b,L4x4x5/16,structural_section,L4X4X5/16,0.87,0.87,High,true,GCDC Building 4 - ST1__47dc7ef27f6e.pdf,,rejected,,,,2026-09-01T12:23:49.588702+00:00,2026-09-01T13:23:00.109956+00:00
19e813f7-0dc0-4e59-b005-fe972ecea440,W18x36,structural_section,W16X36,0.0,0.0,Low,true,GCDC Building 4 - ST1__47dc7ef27f6e.pdf,,rejected,,,,2026-09-01T12:23:49.746124+00:00,2026-09-01T13:23:00.109980+00:00
6d404529-919f-4d35-8e08-47c6996fb90d,"L5x3x3/8x6""",structural_section,L5X3X3/8,0.87,0.87,High,true,GCDC Building 4 - ST1__47dc7ef27f6e.pdf,,rejected,,,,2026-09-01T12:23:49.883190+00:00,2026-09-01T13:23:00.109999+00:00
9de00f62-139e-4a3f-8918-573fb1b7adbc,L5x3,structural_section,L5X3X1/4,0.0,0.0,Low,true,GCDC Building 4 - ST1__47dc7ef27f6e.pdf,,rejected,,,,2026-09-01T12:23:50.015951+00:00,2026-09-01T13:23:00.110042+00:00
2a23e7a4-71de-4d41-8dde-67bc222397d2,L2x2x10,structural_section,2L2X2X1/4,0.0,0.0,Low,true,GCDC Building 4 - ST1__47dc7ef27f6e.pdf,,rejected,,,,2026-09-01T12:23:50.184798+00:00,2026-09-01T13:23:00.110255+00:00
227b3544-e488-4a93-9203-0b44369f125d,L5x3x3/8,structural_section,L5X3X3/8,0.87,0.87,High,true,GCDC Building 4 - ST1__47dc7ef27f6e.pdf,,rejected,,,,2026-09-01T12:23:50.325307+00:00,2026-09-01T13:23:00.110304+00:00
69061830-6d82-4f21-85e8-d6556fd581b0,"L4x4x3/8""",structural_section,L4X4X3/8,0.87,0.87,High,true,GCDC Building 4 - ST1__47dc7ef27f6e.pdf,,rejected,,,,2026-09-01T12:23:50.646892+00:00,2026-09-01T13:23:00.110426+00:00
96a3e423-17e7-4ed4-aba4-49b3ca444238,"(1/2""",unknown,,0.0,0.0,Low,true,GCDC Building 4 - ST1__47dc7ef27f6e.pdf,,rejected,,,,2026-09-01T12:23:50.829841+00:00,2026-09-01T13:23:00.110466+00:00
598f6ff5-4d93-4731-a53d-373eb09ca01b,"3/4""PL",unknown,,0.0,0.0,Low,true,GCDC Building 4 - ST1__47dc7ef27f6e.pdf,,rejected,,,,2026-09-01T12:23:51.028011+00:00,2026-09-01T13:23:00.110499+00:00
cb6bb405-7458-4d65-a0ea-5706af5c0ac5,"L4x4x1/4""x5""",structural_section,L4X4X1/4,0.87,0.87,High,true,GCDC Building 4 - ST1__47dc7ef27f6e.pdf,,rejected,,,,2026-09-01T12:23:51.181829+00:00,2026-09-01T13:23:00.110542+00:00
68140113-8df9-4a29-a1f8-22c80a8d7f35,"3 / 4 """,unknown,,0.0,0.0,Low,true,GCDC Building 4 - ST1__47dc7ef27f6e.pdf,,rejected,,,,2026-09-01T12:23:51.286268+00:00,2026-09-01T13:23:00.110574+00:00
29241e52-92ce-40e4-86cc-2b146b048133,L3x3x1/4@4',structural_section,L3X3X1/4,0.87,0.87,High,true,GCDC Building 4 - ST1__47dc7ef27f6e.pdf,,rejected,,,,2026-09-01T12:23:51.471296+00:00,2026-09-01T13:23:00.111033+00:00
18890770-3b3e-407a-958b-1d2c55b05a28,"1""",unknown,,0.0,0.0,Low,true,GCDC Building 4 - ST1__47dc7ef27f6e.pdf,,rejected,,,,2026-09-01T12:23:51.622240+00:00,2026-09-01T13:23:00.111107+00:00
c05905be-b546-4aed-b953-9e521121d35e,"(2)3/4""",unknown,,0.0,0.0,Low,true,GCDC Building 4 - ST1__47dc7ef27f6e.pdf,,rejected,,,,2026-09-01T12:23:51.833764+00:00,2026-09-01T13:23:00.111144+00:00
99996e80-45e2-4fb4-b3c9-0ae635fa413d,"±3/4""",unknown,,0.0,0.0,Low,true,GCDC Building 4 - ST1__47dc7ef27f6e.pdf,,rejected,,,,2026-09-01T12:23:52.016732+00:00,2026-09-01T13:23:00.111176+00:00
9855a226-9886-4f33-9f32-69f1285cb920,HSS8x4x3/8,structural_section,HSS8X4X3/8,0.87,0.87,High,true,GCDC Building 4 - ST1__47dc7ef27f6e.pdf,,rejected,,,,2026-09-01T12:23:52.167686+00:00,2026-09-01T13:23:00.111210+00:00
351566a8-4bf9-4774-ad0e-6ad3536c6ac6,"1/2""x3/8""",unknown,,0.0,0.0,Low,true,GCDC Building 4 - ST1__47dc7ef27f6e.pdf,,rejected,,,,2026-09-01T12:23:52.577870+00:00,2026-09-01T13:23:00.111241+00:00
32d5b8c3-2444-4cad-98f3-ccd8d217d0ff,"1/4""x4""",unknown,,0.0,0.0,Low,true,GCDC Building 4 - ST1__47dc7ef27f6e.pdf,,rejected,,,,2026-09-01T12:23:52.826196+00:00,2026-09-01T13:23:00.111270+00:00
0ab55038-fe53-4f49-b46d-a8c1845544db,"3/8""x6""",unknown,,0.0,0.0,Low,true,GCDC Building 4 - ST1__47dc7ef27f6e.pdf,,rejected,,,,2026-09-01T12:23:53.178633+00:00,2026-09-01T13:23:00.111299+00:00
aa2007cc-5353-41a0-8f79-268c7519afae,"L4x4x1/2x6""",structural_section,L4X4X1/2,0.87,0.87,High,true,GCDC Building 4 - ST1__47dc7ef27f6e.pdf,,rejected,,,,2026-09-01T12:23:53.424880+00:00,2026-09-01T13:23:00.111328+00:00
ade24c06-0027-4117-bc3b-f8c1e63fa4b7,L4x4x1/4,structural_section,L4X4X1/4,0.87,0.87,High,true,GCDC Building 4 - ST1__47dc7ef27f6e.pdf,,rejected,,,,2026-09-01T12:23:53.672550+00:00,2026-09-01T13:23:00.111357+00:00
58ca6377-849a-469a-accc-ffb7324d80f0,W8x31,structural_section,W8X31,0.87,0.87,High,true,GCDC Building 4 - ST1__47dc7ef27f6e.pdf,,rejected,,,,2026-09-01T12:23:53.851443+00:00,2026-09-01T13:23:00.111386+00:00
702fc26b-eff3-41ff-b5e9-bc44f100ea65,"L6x4x3/4,",structural_section,L6X4X3/4,0.87,0.87,High,true,GCDC Building 4 - ST1__47dc7ef27f6e.pdf,,rejected,,,,2026-09-01T12:23:54.030548+00:00,2026-09-01T13:23:00.111415+00:00
c762587a-331c-4246-9163-c8890f76c612,"W12x19,",structural_section,W12X19,0.87,0.87,High,true,GCDC Building 4 - ST1__47dc7ef27f6e.pdf,,rejected,,,,2026-09-01T12:23:54.371797+00:00,2026-09-01T13:23:00.111445+00:00
9962e598-c7b7-4a77-a3c8-0682ffe48abe,"1/2""x5""x5""",unknown,,0.0,0.0,Low,true,GCDC Building 4 - ST1__47dc7ef27f6e.pdf,,rejected,,,,2026-09-01T12:23:54.769454+00:00,2026-09-01T13:23:00.111474+00:00
5293f0c9-b624-43b3-86e4-d9926f4e3d6a,1/2x4x4,unknown,,0.0,0.0,Low,true,GCDC Building 4 - ST1__47dc7ef27f6e.pdf,,rejected,,,,2026-09-01T12:23:55.183105+00:00,2026-09-01T13:23:00.111504+00:00
ea6cd846-7163-4b8b-9931-a3b6b36b3bc1,L6x6x5/16;,structural_section,L6X6X5/16,0.87,0.87,High,true,GCDC Building 4 - ST1__47dc7ef27f6e.pdf,,rejected,,,,2026-09-01T12:23:55.481690+00:00,2026-09-01T13:23:00.111534+00:00
89923f8e-59ea-4843-a5a2-995c31b3fc77,C8x11.5@,structural_section,C8X11.5,0.87,0.87,High,true,GCDC Building 4 - ST1__47dc7ef27f6e.pdf,,rejected,,,,2026-09-01T12:23:55.690174+00:00,2026-09-01T13:23:00.112556+00:00
0b3965a0-36aa-4167-a6d0-a8df86aa6ee5,"L8x4x7/16x1'-0"",",structural_section,L8X4X7/16,0.87,0.87,High,true,GCDC Building 4 - ST1__47dc7ef27f6e.pdf,,rejected,,,,2026-09-01T12:23:56.068957+00:00,2026-09-01T13:23:00.112655+00:00
c2b67070-45d3-4b20-bd9c-270dc1ed49a3,HSS20x20x1/2,structural_section,HSS20X20X1/2,0.87,0.87,High,true,GCDC Building 4 - ST1__47dc7ef27f6e.pdf,,rejected,,,,2026-09-01T12:23:56.315206+00:00,2026-09-01T13:23:00.112694+00:00
21de1563-3caa-4d4b-b074-59c34ede7741,HSS3x3x3/8,structural_section,HSS3X3X3/8,0.87,0.87,High,true,GCDC Building 4 - ST1__47dc7ef27f6e.pdf,,rejected,,,,2026-09-01T12:23:56.533909+00:00,2026-09-01T13:23:00.113082+00:00
a40a2e83-e296-406d-8674-5addefda7cbf,HSS8x8,structural_section,HSS8X8X1/2,0.0,0.0,Low,true,GCDC Building 4 - ST1__47dc7ef27f6e.pdf,,rejected,,,,2026-09-01T12:23:56.694953+00:00,2026-09-01T13:23:00.113718+00:00
915c4b00-08d9-4be6-bf3c-50d43b8b0abf,2L4x4,structural_section,2L4X4X5/16X3/8,0.0,0.0,Low,true,GCDC Building 4 - ST1__47dc7ef27f6e.pdf,,rejected,,,,2026-09-01T12:23:56.881764+00:00,2026-09-01T13:23:00.113785+00:00
bcb1f9cd-0f47-421f-8604-340d256719c8,"1/2""x16""x1'-4""",unknown,,0.0,0.0,Low,true,GCDC Building 4 - ST1__47dc7ef27f6e.pdf,,rejected,,,,2026-09-01T12:23:57.102966+00:00,2026-09-01T13:23:00.113951+00:00
10b80644-aac8-4787-bca0-ab94b15ae6db,"3/4""Ø",unknown,,0.0,0.0,Low,true,GCDC Building 4 - ST1__47dc7ef27f6e.pdf,,rejected,,,,2026-09-01T12:23:57.264002+00:00,2026-09-01T13:23:00.113998+00:00
4f936a26-5304-4c77-b228-73d864127271,HSS10x10,structural_section,HSS10X10X1/2,0.0,0.0,Low,true,GCDC Building 4 - ST1__47dc7ef27f6e.pdf,,rejected,,,,2026-09-01T12:23:57.456656+00:00,2026-09-01T13:23:00.114045+00:00
fd44b4e7-4cd8-439c-ab62-5b37fca0515d,L5x5,structural_section,L5X3X5/16,0.0,0.0,Low,true,GCDC Building 4 - ST1__47dc7ef27f6e.pdf,,rejected,,,,2026-09-01T12:23:57.630328+00:00,2026-09-01T13:23:00.114077+00:00
f20a9161-726b-4330-9274-02d9e68890e0,"L3x3x1/4""",structural_section,L3X3X1/4,0.87,0.87,High,true,GCDC Building 4 - ST1__47dc7ef27f6e.pdf,,rejected,,,,2026-09-01T12:23:58.066196+00:00,2026-09-01T13:23:00.114107+00:00
743dc4b7-e8ef-4729-9a07-9f7f0553be71,"L5x5x5/16""",structural_section,L5X5X5/16,0.87,0.87,High,true,GCDC Building 4 - ST1__47dc7ef27f6e.pdf,,rejected,,,,2026-09-01T12:23:58.182304+00:00,2026-09-01T13:23:00.114137+00:00
125c9be4-e930-4b6f-ba9b-ac2d4859afd7,"L4x4x1/4""@EA",structural_section,L4X4X1/4,0.87,0.87,High,true,GCDC Building 4 - ST1__47dc7ef27f6e.pdf,,rejected,,,,2026-09-01T12:23:58.367295+00:00,2026-09-01T13:23:00.114169+00:00
4f86b985-ca0c-4fcd-b57d-d45a2a500f67,"L6x4x3/8""",structural_section,L6X4X3/8,0.87,0.87,High,true,GCDC Building 4 - ST1__47dc7ef27f6e.pdf,,rejected,,,,2026-09-01T12:23:58.536388+00:00,2026-09-01T13:23:00.114199+00:00
d02cce8c-8792-4259-9a93-dc158a6eb1ec,L7x7x1/2,structural_section,HSS9X7X1/2,0.0,0.0,Low,true,GCDC Building 4 - ST1__47dc7ef27f6e.pdf,,rejected,,,,2026-09-01T12:23:58.943550+00:00,2026-09-01T13:23:00.114288+00:00
0036de00-9b70-4e29-8d7f-cd12b008e7f3,"L6x6x1/2@2'-0""",structural_section,L6X6X1/2,0.87,0.87,High,true,GCDC Building 4 - ST1__47dc7ef27f6e.pdf,,rejected,,,,2026-09-01T12:23:59.131753+00:00,2026-09-01T13:23:00.114322+00:00
89864bc1-c9bd-4608-a5a1-62a4d9b7cc2d,HSS14x10,structural_section,HSS14X10X1/2,0.0,0.0,Low,true,GCDC Building 4 - ST1__47dc7ef27f6e.pdf,,rejected,,,,2026-09-01T12:23:59.517362+00:00,2026-09-01T13:23:00.114552+00:00
9c14e819-df94-4a42-9d1b-0f8a1922e3a0,L6x3,structural_section,L6X4X3/8,0.0,0.0,Low,true,GCDC Building 4 - ST1__47dc7ef27f6e.pdf,,rejected,,,,2026-09-01T12:23:59.938744+00:00,2026-09-01T13:23:00.114659+00:00
281ecae1-fb14-4701-b037-15d70025523d,HSS14x14,structural_section,HSS14X14X1,0.0,0.0,Low,true,GCDC Building 4 - ST1__47dc7ef27f6e.pdf,,rejected,,,,2026-09-01T12:24:00.242140+00:00,2026-09-01T13:23:00.114715+00:00
8d3d958b-7b25-4a33-865b-8ffb40ba8b84,W14x90,structural_section,W14X90,0.87,0.87,High,true,GCDC Building 4 - ST1__47dc7ef27f6e.pdf,,rejected,,,,2026-09-01T12:24:01.184985+00:00,2026-09-01T13:23:00.114746+00:00
4a4f5916-d41c-47d3-ba0f-f7f47309bb3c,W14x82,structural_section,W14X82,0.87,0.87,High,true,GCDC Building 4 - ST1__47dc7ef27f6e.pdf,,rejected,,,,2026-09-01T12:24:01.362675+00:00,2026-09-01T13:23:00.114790+00:00
f27562a7-d113-48ee-b13e-0e0ce7a72385,W12x65,structural_section,W12X65,0.87,0.87,High,true,GCDC Building 4 - ST1__47dc7ef27f6e.pdf,,rejected,,,,2026-09-01T12:24:01.622662+00:00,2026-09-01T13:23:00.114854+00:00
067b9e31-081e-44a9-9f03-783999123ae8,HSS12x12x1/2,structural_section,HSS12X12X1/2,0.87,0.87,High,true,GCDC Building 4 - ST1__47dc7ef27f6e.pdf,,rejected,,,,2026-09-01T12:24:01.807453+00:00,2026-09-01T13:23:00.114892+00:00
0c6f514c-fbbb-45e5-b372-73d37f7c9cbc,2L6x6x1/2,structural_section,2L6X6X1/2,0.87,0.87,High,true,GCDC Building 4 - ST1__47dc7ef27f6e.pdf,,rejected,,,,2026-09-01T12:24:02.887419+00:00,2026-09-01T13:23:00.115022+00:00
a617f2de-0350-4db1-a379-9e70825c7e5f,HSS12x12x3/8,structural_section,HSS12X12X3/8,0.87,0.87,High,true,GCDC Building 4 - ST1__47dc7ef27f6e.pdf,,rejected,,,,2026-09-01T12:24:03.551599+00:00,2026-09-01T13:23:00.115070+00:00
da840691-b66d-4aec-b38d-585fc680f99d,"3/4""x8""",unknown,,0.0,0.0,Low,true,GCDC Building 4 - ST1__47dc7ef27f6e.pdf,,rejected,,,,2026-09-01T12:24:04.337225+00:00,2026-09-01T13:23:00.115387+00:00
26771e4d-08ff-47c5-8720-c83027e66cd0,HSS10X6X3/8,structural_section,HSS10X6X3/8,0.87,0.87,High,true,GCDC Building 4 - ST1__47dc7ef27f6e.pdf,,rejected,,,,2026-09-01T12:24:04.624949+00:00,2026-09-01T13:23:00.115421+00:00
e2023dde-7cd3-4f5a-a5e4-62869f31b7a7,C4X5.4,structural_section,C4X5.4,0.62,0.62,Medium,true,GCDC Building 4 - ST1__47dc7ef27f6e.pdf,,rejected,,,,2026-09-01T12:24:05.063593+00:00,2026-09-01T13:23:00.115449+00:00
83537443-382b-48b8-896f-67dbef08997a,HSS8X4,structural_section,HSS8X4X1/2,0.0,0.0,Low,true,GCDC Building 4 - ST1__47dc7ef27f6e.pdf,,rejected,,,,2026-09-01T12:24:05.213048+00:00,2026-09-01T13:23:00.115473+00:00
2021103e-b50b-4479-b9ea-eaad3de922e5,W18X40,structural_section,W18X40,0.7801931123563014,0.7802,Medium,true,GCDC Building 4 - ST1__47dc7ef27f6e.pdf,,rejected,,,,2026-09-01T12:24:05.328128+00:00,2026-09-01T13:23:00.115635+00:00
94dc3f0c-e494-4cb9-934b-acd6aadb5211,W10X12,structural_section,W10X12,0.9992675185203552,0.9993,High,true,GCDC Building 4 - ST1__47dc7ef27f6e.pdf,,rejected,,,,2026-09-01T12:24:05.447544+00:00,2026-09-01T13:23:00.115765+00:00
53df0ca7-9ffb-47df-af20-76b7bc10b8d3,W14X61,structural_section,W14X61,0.68990659903903,0.6899,Medium,true,GCDC Building 4 - ST1__47dc7ef27f6e.pdf,,rejected,,,,2026-09-01T12:24:05.613287+00:00,2026-09-01T13:23:00.115803+00:00
f09154aa-d950-41a7-9d12-34ff869383fa,W12X30,structural_section,W12X30,0.9987866282463074,0.9988,High,true,GCDC Building 4 - ST1__47dc7ef27f6e.pdf,,rejected,,,,2026-09-01T12:24:05.860400+00:00,2026-09-01T13:23:00.115847+00:00
1a2e2770-1464-4fb8-b3f3-47f564041835,W12X22,structural_section,W12X22,0.7843142995013376,0.7843,Medium,true,GCDC Building 4 - ST1__47dc7ef27f6e.pdf,,rejected,,,,2026-09-01T12:24:05.995688+00:00,2026-09-01T13:23:00.115879+00:00
30ac9a3a-4cee-4cf1-9413-a976dfc603e9,W10X22,structural_section,W10X22,0.6956330467684227,0.6956,Medium,true,GCDC Building 4 - ST1__47dc7ef27f6e.pdf,,rejected,,,,2026-09-01T12:24:06.167443+00:00,2026-09-01T13:23:00.115914+00:00
61d9dad4-2d14-4c48-a9f9-04c0fbb089ed,W12X40,structural_section,W12X40,0.839975,0.84,High,true,GCDC Building 4 - ST1__47dc7ef27f6e.pdf,,rejected,,,,2026-09-01T12:24:06.963758+00:00,2026-09-01T13:23:00.115962+00:00
89615182-0f39-4468-8399-a2b742b75fb5,W12X53,structural_section,W12X53,0.9683310389518738,0.9683,High,true,GCDC Building 4 - ST1__47dc7ef27f6e.pdf,,rejected,,,,2026-09-01T12:24:07.125406+00:00,2026-09-01T13:23:00.115991+00:00
25e36f5a-eb3a-4d27-aa5c-bec8eadab543,W16X31,structural_section,W16X31,0.7138125000000002,0.7138,Medium,true,GCDC Building 4 - ST1__47dc7ef27f6e.pdf,,rejected,,,,2026-09-01T12:24:07.718024+00:00,2026-09-01T13:23:00.116009+00:00
1d95a7ee-2cd0-4ca4-8b0a-96ea634c5aba,W30X90,structural_section,W30X90,0.9643223285675049,0.9643,High,true,GCDC Building 4 - ST1__47dc7ef27f6e.pdf,,rejected,,,,2026-09-01T12:24:08.166490+00:00,2026-09-01T13:23:00.116025+00:00
a69a4bbb-94a9-4fb1-ad49-b065cacdb3ad,W24X76,structural_section,W24X76,0.8192999999999995,0.8193,High,true,GCDC Building 4 - ST1__47dc7ef27f6e.pdf,,rejected,,,,2026-09-01T12:24:08.523122+00:00,2026-09-01T13:23:00.116041+00:00
c450a4a8-906d-4392-a183-7a991b56a95d,W30X99,structural_section,W30X99,0.8322624999999999,0.8323,High,true,GCDC Building 4 - ST1__47dc7ef27f6e.pdf,,rejected,,,,2026-09-01T12:24:08.767561+00:00,2026-09-01T13:23:00.116060+00:00
5c939e02-1696-4f6c-9c4b-2074dccaa805,W24X84,structural_section,W24X84,0.9995860457420349,0.9996,High,true,GCDC Building 4 - ST1__47dc7ef27f6e.pdf,,rejected,,,,2026-09-01T12:24:09.015337+00:00,2026-09-01T13:23:00.116076+00:00
c8182b62-4acd-4bcf-ad93-922058cf5ed2,W21X62,structural_section,W21X62,0.9996144771575928,0.9996,High,true,GCDC Building 4 - ST1__47dc7ef27f6e.pdf,,rejected,,,,2026-09-01T12:24:09.145964+00:00,2026-09-01T13:23:00.116093+00:00
7400889c-c208-4e80-9697-9a2a043537c6,W27X114,structural_section,W27X114,0.9981720447540283,0.9982,High,true,GCDC Building 4 - ST1__47dc7ef27f6e.pdf,,rejected,,,,2026-09-01T12:24:09.376394+00:00,2026-09-01T13:23:00.116567+00:00
f55d395e-8ece-4cf6-8af6-19c4e8d8f7d9,W33X152,structural_section,W33X152,0.8339249999999999,0.8339,High,true,GCDC Building 4 - ST1__47dc7ef27f6e.pdf,,rejected,,,,2026-09-01T12:24:09.621912+00:00,2026-09-01T13:23:00.116620+00:00
f1acfe6a-8213-41d0-9a7a-49c23deb73f9,W33X118,structural_section,W33X118,0.7979117380665279,0.7979,Medium,true,GCDC Building 4 - ST1__47dc7ef27f6e.pdf,,rejected,,,,2026-09-01T12:24:09.778640+00:00,2026-09-01T13:23:00.116654+00:00
70c91f08-6cc1-4d8a-a04a-00c20fd5a5eb,W21X48,structural_section,W21X48,0.7574500000000001,0.7575,Medium,true,GCDC Building 4 - ST1__47dc7ef27f6e.pdf,,rejected,,,,2026-09-01T12:24:10.535439+00:00,2026-09-01T13:23:00.116685+00:00
de5d064f-b0a0-456e-9b7f-16d9cb3007b3,W18X35,structural_section,W18X35,0.699325,0.6993,Medium,true,GCDC Building 4 - ST1__47dc7ef27f6e.pdf,,rejected,,,,2026-09-01T12:24:10.743012+00:00,2026-09-01T13:23:00.116715+00:00
ec42400c-69a9-4ea0-9541-cc029b26a22e,W36X194,structural_section,W36X194,0.7913874999999999,0.7914,Medium,true,GCDC Building 4 - ST1__47dc7ef27f6e.pdf,,rejected,,,,2026-09-01T12:24:11.011059+00:00,2026-09-01T13:23:00.116745+00:00
b860dd20-599a-40f7-88ef-e43b2ddfbc26,W30X116,structural_section,W30X116,0.9999977350234985,1.0,High,true,GCDC Building 4 - ST1__47dc7ef27f6e.pdf,,rejected,,,,2026-09-01T12:24:11.463437+00:00,2026-09-01T13:23:00.116774+00:00
8188bf11-aed7-4fe1-8b34-4bbbb018af71,W27X84,structural_section,W27X84,0.822799801826477,0.8228,High,true,GCDC Building 4 - ST1__47dc7ef27f6e.pdf,,rejected,,,,2026-09-01T12:24:12.369157+00:00,2026-09-01T13:23:00.116803+00:00
8a263d5a-4f4c-44db-b385-9f9eb4717478,W33X141,structural_section,W33X141,0.7745128063427311,0.7745,Medium,true,GCDC Building 4 - ST1__47dc7ef27f6e.pdf,,rejected,,,,2026-09-01T12:24:12.534132+00:00,2026-09-01T13:23:00.116831+00:00
1631719c-08e8-4053-83ba-da39e0eda4ad,W36X150,structural_section,W36X150,0.828725,0.8287,High,true,GCDC Building 4 - ST1__47dc7ef27f6e.pdf,,rejected,,,,2026-09-01T12:24:12.995807+00:00,2026-09-01T13:23:00.116858+00:00
4e94fa29-4cce-44a7-beb5-c577b6752126,W36X170,structural_section,W36X170,0.9976650476455688,0.9977,High,true,GCDC Building 4 - ST1__47dc7ef27f6e.pdf,,rejected,,,,2026-09-01T12:24:13.285797+00:00,2026-09-01T13:23:00.116885+00:00
a401879c-4a2e-47f0-ace8-fc26fc023922,W24X55,structural_section,W24X55,0.9997178912162781,0.9997,High,true,GCDC Building 4 - ST1__47dc7ef27f6e.pdf,,rejected,,,,2026-09-01T12:24:13.730288+00:00,2026-09-01T13:23:00.116911+00:00
be608c2c-de62-4a9b-8851-09840d2c2aff,W40X183,structural_section,W40X183,0.6768375,0.6768,Medium,true,GCDC Building 4 - ST1__47dc7ef27f6e.pdf,,rejected,,,,2026-09-01T12:24:14.679385+00:00,2026-09-01T13:23:00.116942+00:00
dbcd2b44-06bb-4b79-8396-c7eaf6e02f66,W16X40,structural_section,W16X40,0.7106452363345623,0.7106,Medium,true,GCDC Building 4 - ST1__47dc7ef27f6e.pdf,,rejected,,,,2026-09-01T12:24:14.843673+00:00,2026-09-01T13:23:00.116973+00:00
4f94171a-6fe5-4f81-9259-8b756b94d553,W21X55,structural_section,W21X55,0.9932141304016113,0.9932,High,true,GCDC Building 4 - ST1__47dc7ef27f6e.pdf,,rejected,,,,2026-09-01T12:24:19.517143+00:00,2026-09-01T13:23:00.117003+00:00
cff05b8d-66b6-489f-9772-a7f1db92b550,W18X60,structural_section,W18X60,0.8325125,0.8325,High,true,GCDC Building 4 - ST1__47dc7ef27f6e.pdf,,rejected,,,,2026-09-01T12:24:19.835041+00:00,2026-09-01T13:23:00.117032+00:00
e44ba1ea-03f7-4a2f-9cfb-91f4aaadb7ef,W21X44,structural_section,W21X44,0.6822874999999999,0.6823,Medium,true,GCDC Building 4 - ST1__47dc7ef27f6e.pdf,,rejected,,,,2026-09-01T12:24:20.407257+00:00,2026-09-01T13:23:00.117062+00:00
5619495d-fbf4-4721-8092-7df5f325ff68,W18X65,structural_section,W18X65,0.6972874999999998,0.6973,Medium,true,GCDC Building 4 - ST1__47dc7ef27f6e.pdf,,rejected,,,,2026-09-01T12:24:20.671584+00:00,2026-09-01T13:23:00.117092+00:00
09f3efb1-1014-4124-a151-888124c9a73f,W30X108,structural_section,W30X108,0.7961250000000001,0.7961,Medium,true,GCDC Building 4 - ST1__47dc7ef27f6e.pdf,,rejected,,,,2026-09-01T12:24:21.030805+00:00,2026-09-01T13:23:00.117122+00:00
f3d77bbe-3266-4b81-97b3-ed9b2339283b,W14X22,structural_section,W14X22,0.8081,0.8081,High,true,GCDC Building 4 - ST1__47dc7ef27f6e.pdf,,rejected,,,,2026-09-01T12:24:21.281941+00:00,2026-09-01T13:23:00.117151+00:00
ae65c16d-6f41-4bc9-85ed-2c1230d8848a,W10X33,structural_section,W10X33,0.9571391940116882,0.9571,High,true,GCDC Building 4 - ST1__47dc7ef27f6e.pdf,,rejected,,,,2026-09-01T12:24:21.590886+00:00,2026-09-01T13:23:00.117181+00:00
71dcbe82-a10b-46f8-bafa-b457abfcd320,W24X62,structural_section,W24X62,0.8260499999999996,0.826,High,true,GCDC Building 4 - ST1__47dc7ef27f6e.pdf,,rejected,,,,2026-09-01T12:24:21.867094+00:00,2026-09-01T13:23:00.117211+00:00
8f720f53-d77d-46a4-8667-249ff181902b,W27X94,structural_section,W27X94,0.9769431352615356,0.9769,High,true,GCDC Building 4 - ST1__47dc7ef27f6e.pdf,,rejected,,,,2026-09-01T12:24:26.287060+00:00,2026-09-01T13:23:00.117244+00:00
4fb21783-e9b3-46d7-b79d-060f041f35fa,C6X8.2,structural_section,C6X8.2,0.9969786405563354,0.997,High,true,GCDC Building 4 - ST1__47dc7ef27f6e.pdf,,rejected,,,,2026-09-01T12:24:27.221806+00:00,2026-09-01T13:23:00.117274+00:00
920b9010-4265-4b19-84e4-81d5ea314135,C12X20.7,structural_section,C12X20.7,0.9937263131141663,0.9937,High,true,GCDC Building 4 - ST1__47dc7ef27f6e.pdf,,rejected,,,,2026-09-01T12:24:27.551635+00:00,2026-09-01T13:23:00.117304+00:00
02691e46-13ef-4374-9f43-7f97bd495af1,L6X4X3/4,structural_section,L6X4X3/4,0.6826499999999999,0.6826,Medium,true,GCDC Building 4 - ST1__47dc7ef27f6e.pdf,,rejected,,,,2026-09-01T12:24:28.391517+00:00,2026-09-01T13:23:00.117334+00:00
90083533-c19b-4a26-993d-47827e0d1a8c,L6X6X5/16,structural_section,L6X6X5/16,0.6693250000000001,0.6693,Medium,true,GCDC Building 4 - ST1__47dc7ef27f6e.pdf,,rejected,,,,2026-09-01T12:24:28.804780+00:00,2026-09-01T13:23:00.117364+00:00
2f7de78d-ce68-4ef1-bbc0-576971152979,C6X10.5,structural_section,C6X10.5,0.85,0.85,High,true,GCDC Building 4 - ST1__47dc7ef27f6e.pdf,,rejected,,,,2026-09-01T12:24:29.135102+00:00,2026-09-01T13:23:00.117393+00:00
395857c4-827b-4e10-b08d-be29c462e193,L5X5X5/16,structural_section,L5X5X5/16,0.665525,0.6655,Medium,true,GCDC Building 4 - ST1__47dc7ef27f6e.pdf,,rejected,,,,2026-09-01T12:24:29.658855+00:00,2026-09-01T13:23:00.117421+00:00
674fa51a-dc09-4aef-b8f5-8d0e03e66ac6,L6X4X3/8,structural_section,L6X4X3/8,0.6052249999999998,0.6052,Medium,true,GCDC Building 4 - ST1__47dc7ef27f6e.pdf,,rejected,,,,2026-09-01T12:24:29.919949+00:00,2026-09-01T13:23:00.117450+00:00
9a20aaca-f186-4ee6-9c9c-cfc99224b901,L6X6X1/2,structural_section,L6X6X1/2,0.7055250000000001,0.7055,Medium,true,GCDC Building 4 - ST1__47dc7ef27f6e.pdf,,rejected,,,,2026-09-01T12:24:30.132916+00:00,2026-09-01T13:23:00.117479+00:00
6d0fb697-d82d-475e-83cd-30b71a253858,C12X25,structural_section,C12X25,0.9999977350234985,1.0,High,true,GCDC Building 4 - ST1__47dc7ef27f6e.pdf,,rejected,,,,2026-09-01T12:24:30.497771+00:00,2026-09-01T13:23:00.117509+00:00
77477897-5717-40b4-ae1c-2945f5279a2f,W12X106,structural_section,W12X106,0.8116249999999999,0.8116,High,true,GCDC Building 4 - ST1__47dc7ef27f6e.pdf,,rejected,,,,2026-09-01T12:24:30.863943+00:00,2026-09-01T13:23:00.117538+00:00
ecb8fd93-f24a-41fb-986e-a0dfaaf1d0fd,W12X152,structural_section,W12X152,0.8116374999999999,0.8116,High,true,GCDC Building 4 - ST1__47dc7ef27f6e.pdf,,rejected,,,,2026-09-01T12:24:31.037683+00:00,2026-09-01T13:23:00.117565+00:00
bf0a8ec6-0375-4b5c-a87d-e82ae9b7dd4e,W14X159,structural_section,W14X159,0.8116374999999999,0.8116,High,true,GCDC Building 4 - ST1__47dc7ef27f6e.pdf,,rejected,,,,2026-09-01T12:24:31.218017+00:00,2026-09-01T13:23:00.117593+00:00
db6a4971-cd19-4b44-a867-c01bc18d99ae,W14X193,structural_section,W14X193,0.9865645170211792,0.9866,High,true,GCDC Building 4 - ST1__47dc7ef27f6e.pdf,,rejected,,,,2026-09-01T12:24:31.413771+00:00,2026-09-01T13:23:00.117621+00:00
7a5acbf8-702c-414f-bed4-006a6bd8108f,W14X283,structural_section,W14X283,0.8116499999999996,0.8116,High,true,GCDC Building 4 - ST1__47dc7ef27f6e.pdf,,rejected,,,,2026-09-01T12:24:31.617334+00:00,2026-09-01T13:23:00.117650+00:00
3a44b158-7a6c-4633-9877-6fe7fdcd453f,W14X211,structural_section,W14X211,0.8116499999999996,0.8116,High,true,GCDC Building 4 - ST1__47dc7ef27f6e.pdf,,rejected,,,,2026-09-01T12:24:31.873390+00:00,2026-09-01T13:23:00.117677+00:00
f55c1b57-29b4-4fcd-a3ad-41a7a53eaba6,W14X176,structural_section,W14X176,0.8116499999999996,0.8116,High,true,GCDC Building 4 - ST1__47dc7ef27f6e.pdf,,rejected,,,,2026-09-01T12:24:32.123376+00:00,2026-09-01T13:23:00.117707+00:00
db019c96-3ef0-4c9a-a6ec-cbb622201298,W14X109,structural_section,W14X109,0.8116499999999996,0.8116,High,true,GCDC Building 4 - ST1__47dc7ef27f6e.pdf,,rejected,,,,2026-09-01T12:24:32.330445+00:00,2026-09-01T13:23:00.117736+00:00
976488d9-4a04-4ad8-84f7-120d6bd66316,W18X311,structural_section,W18X311,0.8116375000000005,0.8116,High,true,GCDC Building 4 - ST1__47dc7ef27f6e.pdf,,rejected,,,,2026-09-01T12:24:32.676476+00:00,2026-09-01T13:23:00.117764+00:00
aa76656c-2d1a-4045-89a5-1cda1510f3c6,W14X257,structural_section,W14X257,0.9751936793327332,0.9752,High,true,GCDC Building 4 - ST1__47dc7ef27f6e.pdf,,rejected,,,,2026-09-01T12:24:32.919216+00:00,2026-09-01T13:23:00.117794+00:00
f0d957c6-f347-4323-bffd-9ecdf3fb65b6,W14X145,structural_section,W14X145,0.8116374999999999,0.8116,High,true,GCDC Building 4 - ST1__47dc7ef27f6e.pdf,,rejected,,,,2026-09-01T12:24:33.215354+00:00,2026-09-01T13:23:00.117823+00:00
5d4c0b6f-7272-4ad6-bb23-f3fb31e5ddd2,W14X132,structural_section,W14X132,0.8321125,0.8321,High,true,GCDC Building 4 - ST1__47dc7ef27f6e.pdf,,rejected,,,,2026-09-01T12:24:33.457875+00:00,2026-09-01T13:23:00.117851+00:00
e59d4de3-7efd-4d0a-b815-650b8db258d5,W12X72,structural_section,W12X72,0.9989493489265442,0.9989,High,true,GCDC Building 4 - ST1__47dc7ef27f6e.pdf,,rejected,,,,2026-09-01T12:24:34.298891+00:00,2026-09-01T13:23:00.117880+00:00
854cdd8a-2cad-49be-a95a-05502c0d28f8,W12X120,structural_section,W12X120,0.8116374999999999,0.8116,High,true,GCDC Building 4 - ST1__47dc7ef27f6e.pdf,,rejected,,,,2026-09-01T12:24:34.735113+00:00,2026-09-01T13:23:00.117909+00:00
1a12555d-2150-4a33-a80c-f7bcf05f93f3,W12X136,structural_section,W12X136,0.8145749999999998,0.8146,High,true,GCDC Building 4 - ST1__47dc7ef27f6e.pdf,,rejected,,,,2026-09-01T12:24:36.663994+00:00,2026-09-01T13:23:00.117938+00:00
0a01b64e-6927-4798-a2fa-05d749216d5c,W12X79,structural_section,W12X79,0.9999891519546509,1.0,High,true,GCDC Building 4 - ST1__47dc7ef27f6e.pdf,,rejected,,,,2026-09-01T12:24:37.475279+00:00,2026-09-01T13:23:00.117968+00:00
907203ad-4f4f-4694-900d-e454b519354b,W12X87,structural_section,W12X87,0.8145749999999998,0.8146,High,true,GCDC Building 4 - ST1__47dc7ef27f6e.pdf,,rejected,,,,2026-09-01T12:24:37.705926+00:00,2026-09-01T13:23:00.117997+00:00
f293fb3d-6905-4619-aad5-e61a239a53ec,W12X96,structural_section,W12X96,0.8145749999999998,0.8146,High,true,GCDC Building 4 - ST1__47dc7ef27f6e.pdf,,rejected,,,,2026-09-01T12:24:38.255890+00:00,2026-09-01T13:23:00.118027+00:00
22515274-904f-499e-9e2d-09eb69f25b65,W12X58,structural_section,W12X58,0.9971532821655273,0.9972,High,true,GCDC Building 4 - ST1__47dc7ef27f6e.pdf,,rejected,,,,2026-09-01T12:24:40.200075+00:00,2026-09-01T13:23:00.118056+00:00
0b74f6dc-a6a3-4e06-a0ff-fa356e29f8cd,W12X45,structural_section,W12X45,0.8145749999999998,0.8146,High,true,GCDC Building 4 - ST1__47dc7ef27f6e.pdf,,rejected,,,,2026-09-01T12:24:40.639040+00:00,2026-09-01T13:23:00.118085+00:00
2f344f24-a9b6-4e79-8be1-8dbd86b1a533,W14X43,structural_section,W14X43,0.7317125,0.7317,Medium,true,GCDC Building 4 - ST1__47dc7ef27f6e.pdf,,rejected,,,,2026-09-01T12:24:41.133718+00:00,2026-09-01T13:23:01.328064+00:00
1854a1fc-93a8-42f1-b562-f198812c8c54,"5/16"".",unknown,,0.0,0.0,Low,true,ST.pdf,,rejected,,,,2026-09-01T12:52:41.397536+00:00,2026-09-01T13:23:01.328150+00:00
eb385ee8-669d-4cd8-b197-f826c25bc291,W8x40,structural_section,W8X40,0.87,0.87,High,true,ST.pdf,,rejected,,,,2026-09-01T12:52:41.845134+00:00,2026-09-01T13:23:01.328178+00:00
d8d9ffe1-bd9b-44b6-aedf-2d9e51131364,"3/32""",unknown,,0.0,0.0,Low,true,ST.pdf,,rejected,,,,2026-09-01T12:52:43.191482+00:00,2026-09-01T13:23:01.328201+00:00
dc956063-7cc7-479c-b68b-0244104558e2,HSS 8X8 8X8,structural_section,HSS8X8X3/16,0.0,0.0,Low,true,ST.pdf,,rejected,,,,2026-09-01T12:52:45.059789+00:00,2026-09-01T13:23:01.328219+00:00
a8387198-cb77-48db-9c16-60b4d84b9e20,L6x6x3/4,structural_section,L6X6X3/4,0.87,0.87,High,true,ST.pdf,,rejected,,,,2026-09-01T12:52:46.131554+00:00,2026-09-01T13:23:01.328237+00:00
d12f7283-2acd-4627-a698-5d1c1bd348ac,W16x45,structural_section,W16X45,0.87,0.87,High,true,ST.pdf,,rejected,,,,2026-09-01T12:52:46.628521+00:00,2026-09-01T13:23:01.328254+00:00
afc93295-3d1b-4d6b-927a-921b8d584f70,HSS8x6x1/2,structural_section,HSS8X6X1/2,0.87,0.87,High,true,ST.pdf,,rejected,,,,2026-09-01T12:52:48.962044+00:00,2026-09-01T13:23:01.328270+00:00
7ac4da35-f4b8-4264-b7aa-b18e5f828e65,W8x35,structural_section,W8X35,0.87,0.87,High,true,ST.pdf,,rejected,,,,2026-09-01T12:52:49.482032+00:00,2026-09-01T13:23:01.328286+00:00
14b3f94d-3acd-4335-b961-e9a627bf4cf7,"(3/4""",unknown,,0.0,0.0,Low,true,ST.pdf,,rejected,,,,2026-09-01T12:52:50.461929+00:00,2026-09-01T13:23:01.328303+00:00
04d90a35-d383-4a12-a245-1201047df7c0,1/2x2 1/2x5/16,unknown,,0.0,0.0,Low,true,ST.pdf,,rejected,,,,2026-09-01T12:52:50.626939+00:00,2026-09-01T13:23:01.328319+00:00
decfeee8-268c-46b3-af81-deaa33b461d2,"3/4""⌀A325N",unknown,,0.0,0.0,Low,true,ST.pdf,,rejected,,,,2026-09-01T12:52:50.875766+00:00,2026-09-01T13:23:01.328334+00:00
a176be81-bbcc-4547-b48d-dc7c035147c4,HSS6x8x1/2,structural_section,HSS16X8X1/4,0.0,0.0,Low,true,ST.pdf,,rejected,,,,2026-09-01T12:52:51.068811+00:00,2026-09-01T13:23:01.328349+00:00
c6063571-4a4f-4cf8-a35c-1bcc50a722a4,"HSS3x3x1/4,",structural_section,HSS3X3X1/4,0.87,0.87,High,true,ST.pdf,,rejected,,,,2026-09-01T12:52:51.491658+00:00,2026-09-01T13:23:01.328365+00:00
6485f2c7-f09a-47c4-8d68-605f885876e9,"HSS3x3,",structural_section,HSS3X3X1/4,0.0,0.0,Low,true,ST.pdf,,rejected,,,,2026-09-01T12:52:51.727865+00:00,2026-09-01T13:23:01.328381+00:00
6c7902f6-4c27-40a9-8be5-c1b2853be97d,L5X3X1/4,structural_section,L5X3X1/4,0.72,0.72,Medium,true,ST.pdf,,rejected,,,,2026-09-01T12:52:51.869807+00:00,2026-09-01T13:23:01.328397+00:00
d699002a-7377-4fd3-9a43-631e83c7c1dd,W16X26,structural_section,W16X26,0.5583499999999992,0.5583,Medium,true,ST.pdf,,rejected,,,,2026-09-01T12:52:52.005848+00:00,2026-09-01T13:23:01.328412+00:00
3b321f5c-a511-4f8b-bcd4-fce48818d8ef,WT16.5X59,structural_section,WT16.5X59,0.9996718168258667,0.9997,High,true,ST.pdf,,rejected,,,,2026-09-01T12:52:52.241175+00:00,2026-09-01T13:23:01.328428+00:00
87bf1753-c6b9-489c-9964-9f1a9f71fece,W8X24,structural_section,W8X24,0.7533124999999999,0.7533,Medium,true,ST.pdf,,rejected,,,,2026-09-01T12:52:53.257055+00:00,2026-09-01T13:23:01.328443+00:00
dd5831d3-82f5-4ba4-b24d-42166968a7bd,W8X28,structural_section,W8X28,0.7664125000000002,0.7664,Medium,true,ST.pdf,,rejected,,,,2026-09-01T12:52:53.419167+00:00,2026-09-01T13:23:01.328458+00:00
d467a322-a127-4995-9890-92c0f641879c,HSS3X3X1/4,structural_section,HSS3X3X1/4,0.7178418324506578,0.7178,Medium,true,ST.pdf,,rejected,,,,2026-09-01T12:52:54.258201+00:00,2026-09-01T13:23:01.328473+00:00
3cf5fa29-53f9-4251-bb4c-507229ac4bdc,"5/16"".",unknown,,0.0,0.0,Low,true,ST__0bfc2d61245d.pdf,,rejected,,,,2026-09-01T13:25:14.528358+00:00,2026-09-01T13:35:48.115415+00:00
d0df03be-de76-4752-b0bc-53378499bab7,"5/16""",unknown,,0.0,0.0,Low,true,ST__0bfc2d61245d.pdf,,rejected,,,,2026-09-01T13:25:14.740730+00:00,2026-09-01T13:35:48.115270+00:00
448733fa-b9c1-4ec5-a74d-ea3a4259d0b0,W14x90,structural_section,W14X90,0.87,0.87,High,true,ST__0bfc2d61245d.pdf,,approved,,W14X90,,2026-09-01T13:25:14.962480+00:00,2026-09-01T13:35:51.737692+00:00
cb19397c-86dd-4d76-834e-a6d501fddbf0,W8x31,structural_section,W8X31,0.87,0.87,High,true,ST__0bfc2d61245d.pdf,,approved,,W8X31,,2026-09-01T13:25:15.236622+00:00,2026-09-01T13:35:51.737875+00:00
28df587e-bf48-4807-bcce-26600ab12909,W8x40,structural_section,W8X40,0.87,0.87,High,true,ST__0bfc2d61245d.pdf,,approved,,W8X40,,2026-09-01T13:25:15.529175+00:00,2026-09-01T13:35:51.738299+00:00
df55a208-3ddf-4cd2-82ea-39edb87cbdfb,HSS10x10,structural_section,HSS10X10X1/2,0.0,0.0,Low,true,ST__0bfc2d61245d.pdf,,approved,,HSS10X10X1/2,,2026-09-01T13:25:15.796362+00:00,2026-09-01T13:35:51.738457+00:00
c4bd2a85-ea93-49c6-96c3-bb712c825d7d,HSS8x8,structural_section,HSS8X8X1/2,0.0,0.0,Low,true,ST__0bfc2d61245d.pdf,,approved,,HSS8X8X1/2,,2026-09-01T13:25:16.096366+00:00,2026-09-01T13:35:51.738576+00:00
bf3ad18f-bfde-48f9-a746-649f2619e2e1,"3/32""",unknown,,0.0,0.0,Low,true,ST__0bfc2d61245d.pdf,,rejected,,,,2026-09-01T13:25:16.953525+00:00,2026-09-01T13:35:48.115469+00:00
7eb23dd3-1cb4-41ef-9b04-472a975cba3c,W21x50,structural_section,W21X50,0.87,0.87,High,true,ST__0bfc2d61245d.pdf,,approved,,W21X50,,2026-09-01T13:25:18.104950+00:00,2026-09-01T13:35:51.738776+00:00
5fb1563f-0787-4482-a93f-1252319b3688,HSS 8X8 8X8,structural_section,HSS8X6X3/8,0.0,0.0,Low,true,ST__0bfc2d61245d.pdf,,approved,,HSS8X6X3/8,,2026-09-01T13:25:18.323320+00:00,2026-09-01T13:35:51.738831+00:00
12d00ea1-59da-406e-a540-a9f5225c54b7,HSS12x12x1/2,structural_section,HSS12X12X1/2,0.87,0.87,High,true,ST__0bfc2d61245d.pdf,,approved,,HSS12X12X1/2,,2026-09-01T13:25:18.578924+00:00,2026-09-01T13:35:51.738873+00:00
771aa6f3-0dae-4629-bdb7-880ae2790efa,L6x6x3/4,structural_section,L6X6X3/4,0.87,0.87,High,true,ST__0bfc2d61245d.pdf,,approved,,L6X6X3/4,,2026-09-01T13:25:19.477298+00:00,2026-09-01T13:35:51.738936+00:00
875fbe95-7c3e-42a4-8900-eda76ff59b0a,"1/2""",unknown,,0.0,0.0,Low,true,ST__0bfc2d61245d.pdf,,rejected,,,,2026-09-01T13:25:20.120527+00:00,2026-09-01T13:35:36.935710+00:00
0f078a7a-1c49-4403-b91f-b768d1a0a108,W24x68,structural_section,W24X68,0.87,0.87,High,true,ST__0bfc2d61245d.pdf,,approved,,W24X68,,2026-09-01T13:25:20.328519+00:00,2026-09-01T13:35:51.738975+00:00
3b171e7e-9ebd-4451-a728-1dc58e5ce09b,W33x130,structural_section,W33X130,0.87,0.87,High,true,ST__0bfc2d61245d.pdf,,approved,,W33X130,,2026-09-01T13:25:21.441875+00:00,2026-09-01T13:35:51.739009+00:00
a90ce65e-45b7-4b8c-a1ac-8a8b4723703f,"1/4""",unknown,,0.0,0.0,Low,true,ST__0bfc2d61245d.pdf,,rejected,,,,2026-09-01T13:25:21.842707+00:00,2026-09-01T13:35:36.935638+00:00
58acd8fc-56a9-43b2-a834-16511d7a8214,"3/4""",unknown,,0.0,0.0,Low,true,ST__0bfc2d61245d.pdf,,rejected,,,,2026-09-01T13:25:22.142281+00:00,2026-09-01T13:35:36.935570+00:00
b2176fce-0157-4b72-b38f-9d2203c82113,"3/8""",unknown,,0.0,0.0,Low,true,ST__0bfc2d61245d.pdf,,rejected,,,,2026-09-01T13:25:22.417777+00:00,2026-09-01T13:35:36.935537+00:00
272e212f-6714-45cf-b198-6de36a78614a,"1""",unknown,,0.0,0.0,Low,true,ST__0bfc2d61245d.pdf,,rejected,,,,2026-09-01T13:25:22.606255+00:00,2026-09-01T13:35:36.935503+00:00
7b99252e-e07e-4c2f-8d3b-cb0a5b41ad11,L3x3x1/4,structural_section,L3X3X1/4,0.87,0.87,High,true,ST__0bfc2d61245d.pdf,,approved,,L3X3X1/4,,2026-09-01T13:25:23.052698+00:00,2026-09-01T13:35:51.739040+00:00
07be5e73-d276-4594-b812-a257becbe690,L4x4x1/4,structural_section,L4X4X1/4,0.87,0.87,High,true,ST__0bfc2d61245d.pdf,,approved,,L4X4X1/4,,2026-09-01T13:25:23.256969+00:00,2026-09-01T13:35:51.739072+00:00
2d50481e-1d45-49b3-8cd1-d81412e6af9c,"2""",unknown,,0.0,0.0,Low,true,ST__0bfc2d61245d.pdf,,rejected,,,,2026-09-01T13:25:23.829301+00:00,2026-09-01T13:35:36.935444+00:00
fb3386ff-afc2-4006-9f25-dea517824328,HSS8x8x1/2,structural_section,HSS8X8X1/2,0.87,0.87,High,true,ST__0bfc2d61245d.pdf,,approved,,HSS8X8X1/2,,2026-09-01T13:25:24.018304+00:00,2026-09-01T13:35:51.739183+00:00
cb5ccdf3-bae1-4d57-bc28-920382617b72,HSS8x6x1/2,structural_section,HSS8X6X1/2,0.87,0.87,High,true,ST__0bfc2d61245d.pdf,,approved,,HSS8X6X1/2,,2026-09-01T13:25:24.283877+00:00,2026-09-01T13:35:11.318245+00:00
5a4fd37e-5bda-4a8d-af62-2fa685dc5ed2,W8x35,structural_section,W8X35,0.87,0.87,High,true,ST__0bfc2d61245d.pdf,,approved,,W8X35,,2026-09-01T13:25:25.053907+00:00,2026-09-01T13:35:11.318195+00:00
96273ab4-e7b9-4f22-96a1-16f66d264fa7,HSS10x10x1/2,structural_section,HSS10X10X1/2,0.87,0.87,High,true,ST__0bfc2d61245d.pdf,,approved,,HSS10X10X1/2,,2026-09-01T13:25:25.954957+00:00,2026-09-01T13:35:11.318144+00:00
3447510c-78b7-4391-95fc-9b4115afa122,"(3/4""",unknown,,0.0,0.0,Low,true,ST__0bfc2d61245d.pdf,,rejected,,,,2026-09-01T13:25:26.985662+00:00,2026-09-01T13:35:36.935391+00:00
608ab532-ffd1-4a39-9eb2-a8743452eb68,1/2x2 1/2x5/16,unknown,,0.0,0.0,Low,true,ST__0bfc2d61245d.pdf,,rejected,,,,2026-09-01T13:25:27.261668+00:00,2026-09-01T13:35:36.935361+00:00
ac9a52cd-a300-4b6e-9c61-de35619ad1c7,"3/4""⌀A325N",unknown,,0.0,0.0,Low,true,ST__0bfc2d61245d.pdf,,rejected,,,,2026-09-01T13:25:27.639009+00:00,2026-09-01T13:35:36.935329+00:00
5a339973-0ee1-46f2-b5b8-9d271e6b8376,"1/8""",unknown,,0.0,0.0,Low,true,ST__0bfc2d61245d.pdf,,rejected,,,,2026-09-01T13:25:27.869203+00:00,2026-09-01T13:35:36.935295+00:00
d451167f-4949-4ff8-a24b-8574c14414a2,HSS6x8x1/2,structural_section,HSS16X8X1/2,0.0,0.0,Low,true,ST__0bfc2d61245d.pdf,,approved,,HSS16X8X1/2,,2026-09-01T13:25:28.061515+00:00,2026-09-01T13:35:11.318093+00:00
a86e1501-42a7-4099-abec-099493ea2825,"3/16""",unknown,,0.0,0.0,Low,true,ST__0bfc2d61245d.pdf,,rejected,,,,2026-09-01T13:25:28.377852+00:00,2026-09-01T13:35:36.935225+00:00
4182e562-5b08-42cc-8740-53f38452db10,"HSS3x3,",structural_section,HSS3X3X1/4,0.0,0.0,Low,true,ST__0bfc2d61245d.pdf,,approved,,HSS3X3X1/4,,2026-09-01T13:25:28.891834+00:00,2026-09-01T13:35:11.318043+00:00
77a6ec14-e383-4042-96b0-0700386aa8b9,L5X3X1/4,structural_section,L5X3X1/4,0.72,0.72,Medium,true,ST__0bfc2d61245d.pdf,,approved,,L5X3X1/4,,2026-09-01T13:25:29.119755+00:00,2026-09-01T13:35:11.317937+00:00
a6574bb4-f139-43d5-aca2-4b230c8b2ce6,W16X26,structural_section,W16X26,0.5583499999999992,0.5583,Medium,true,ST__0bfc2d61245d.pdf,,approved,,W16X26,,2026-09-01T13:25:29.358780+00:00,2026-09-01T13:35:11.317884+00:00
c95deeea-fc9d-462f-98ae-ffc3eef82e50,W21X44,structural_section,W21X44,0.6069233168190542,0.6069,Medium,true,ST__0bfc2d61245d.pdf,,approved,,W21X44,,2026-09-01T13:25:29.704627+00:00,2026-09-01T13:35:11.317833+00:00
1c02d0f8-70b0-4b8f-b823-6df000a8f918,WT16.5X59,structural_section,WT16.5X59,0.9999960660934448,1.0,High,true,ST__0bfc2d61245d.pdf,,approved,,WT16.5X59,,2026-09-01T13:25:29.906813+00:00,2026-09-01T13:35:11.317779+00:00
f01b5a02-c7c5-42be-94d6-d421525af4f5,W16X31,structural_section,W16X31,0.8120999999999998,0.8121,High,true,ST__0bfc2d61245d.pdf,,approved,,W16X31,,2026-09-01T13:25:30.106361+00:00,2026-09-01T13:35:11.317727+00:00
99352519-e56f-4df6-8e09-089b69995395,W18X35,structural_section,W18X35,0.7243998646736145,0.7244,Medium,true,ST__0bfc2d61245d.pdf,,approved,,W18X35,,2026-09-01T13:25:30.328470+00:00,2026-09-01T13:35:11.317669+00:00
5f90c189-5a6c-4c35-82b0-ea326ebe7167,W10X12,structural_section,W10X12,0.9526837468147278,0.9527,High,true,ST__0bfc2d61245d.pdf,,approved,,W10X12,,2026-09-01T13:25:30.523283+00:00,2026-09-01T13:35:11.317596+00:00
42e21519-b357-49af-aa74-1afdfc4099b3,W12X22,structural_section,W12X22,0.7029624999999998,0.703,Medium,true,ST__0bfc2d61245d.pdf,,approved,,W12X22,,2026-09-01T13:25:30.720388+00:00,2026-09-01T13:35:11.317445+00:00
033c21e8-413f-419b-b264-ddd02a840d21,W12X45,structural_section,W12X45,0.7492119922808277,0.7492,Medium,true,ST__0bfc2d61245d.pdf,,approved,,W12X45,,2026-09-01T13:25:31.042292+00:00,2026-09-01T13:34:40.158190+00:00
2be38653-5588-4981-820d-e28a7b8ddb13,W14X22,structural_section,W14X22,0.8319,0.8319,High,true,ST__0bfc2d61245d.pdf,,approved,,W14X22,,2026-09-01T13:25:31.312802+00:00,2026-09-01T13:34:40.158138+00:00
f9cc8f82-bc4d-4e88-a7f2-d16ae50c0c1e,W18X40,structural_section,W18X40,0.85,0.85,High,true,ST__0bfc2d61245d.pdf,,approved,,W18X40,,2026-09-01T13:25:31.587210+00:00,2026-09-01T13:34:40.158086+00:00
e4f71702-de98-4001-982a-e33c528a8248,W8X10,structural_section,W8X10,0.7658084921147033,0.7658,Medium,true,ST__0bfc2d61245d.pdf,,approved,,W8X10,,2026-09-01T13:25:32.111979+00:00,2026-09-01T13:34:40.158027+00:00
8c29d242-d3fd-48bf-a9da-8d788c2859de,W16X45,structural_section,W16X45,0.8125375000000008,0.8125,High,true,ST__0bfc2d61245d.pdf,,approved,,W16X45,,2026-09-01T13:25:32.352667+00:00,2026-09-01T13:34:40.157959+00:00
e02faf2a-8d33-4161-a6af-d6f88d240f84,W36X170,structural_section,W36X170,0.9997779726982117,0.9998,High,true,ST__0bfc2d61245d.pdf,,approved,,W36X170,,2026-09-01T13:25:32.686680+00:00,2026-09-01T13:34:40.157912+00:00
af9f2c74-2359-4b4e-93d2-50b200f4d1be,W36X150,structural_section,W36X150,0.8082491747836046,0.8082,High,true,ST__0bfc2d61245d.pdf,,approved,,W36X150,,2026-09-01T13:25:32.886476+00:00,2026-09-01T13:34:40.157862+00:00
3ede690e-bfe8-4038-8374-caeec0e5d157,W8X24,structural_section,W8X24,0.7533124999999999,0.7533,Medium,true,ST__0bfc2d61245d.pdf,,approved,,W8X24,,2026-09-01T13:25:33.308473+00:00,2026-09-01T13:34:40.157809+00:00
bc6d449b-c0d7-4aaf-8eb3-8830d83b6ae4,W8X28,structural_section,W8X28,0.7664125000000002,0.7664,Medium,true,ST__0bfc2d61245d.pdf,,approved,,W8X28,,2026-09-01T13:25:33.624023+00:00,2026-09-01T13:34:40.157722+00:00
f805a8af-534c-47bc-b3e9-3b9311f96e2e,HSS3X3X1/4,structural_section,HSS3X3X1/4,0.7178418324506578,0.7178,Medium,true,ST__0bfc2d61245d.pdf,,approved,,HSS3X3X1/4,,2026-09-01T13:25:34.625705+00:00,2026-09-01T13:34:40.157666+00:00
fdae4dd8-acf8-4c4d-adae-0392418db2fb,4x4,unknown,,0.0,0.0,Low,true,Burrville ES - ST__0d910a43b4a0.pdf,,rejected,,,,2026-09-01T13:31:02.502117+00:00,2026-09-01T13:35:36.935193+00:00
70d4d76e-d336-40c5-960c-166b23afb0a1,"(1/16""",unknown,,0.0,0.0,Low,true,Burrville ES - ST__0d910a43b4a0.pdf,,rejected,,,,2026-09-01T13:31:02.686754+00:00,2026-09-01T13:35:36.935161+00:00
f3bfb749-a9d0-4339-8a63-ed69d81e225f,A325,structural_section,W14X132,0.0,0.0,Low,true,Burrville ES - ST__0d910a43b4a0.pdf,,rejected,,,,2026-09-01T13:31:02.866262+00:00,2026-09-01T13:35:36.935125+00:00
568b1aff-da70-49ab-9e23-72c6980aa207,"12""",unknown,,0.0,0.0,Low,true,Burrville ES - ST__0d910a43b4a0.pdf,,rejected,,,,2026-09-01T13:31:03.142218+00:00,2026-09-01T13:35:36.935091+00:00
10edf8ed-c50b-40fc-b082-081285543b17,"5/8""",unknown,,0.0,0.0,Low,true,Burrville ES - ST__0d910a43b4a0.pdf,,rejected,,,,2026-09-01T13:31:03.314531+00:00,2026-09-01T13:35:36.935054+00:00
c17bd1a7-03ac-453c-b960-cf373b158d7a,"3/16""Ø",unknown,,0.0,0.0,Low,true,Burrville ES - ST__0d910a43b4a0.pdf,,rejected,,,,2026-09-01T13:31:03.556904+00:00,2026-09-01T13:35:36.935007+00:00
afad103c-23da-4381-8846-2ffe09b2d224,HSS10X8X3/8,structural_section,HSS10X8X3/8,0.87,0.87,High,true,Burrville ES - ST__0d910a43b4a0.pdf,,approved,,HSS10X8X3/8,,2026-09-01T13:31:03.901490+00:00,2026-09-01T13:34:40.157609+00:00
a3ba7cf6-9604-491f-b891-8943c4c12413,W18X50,structural_section,W18X50,0.87,0.87,High,true,Burrville ES - ST__0d910a43b4a0.pdf,,approved,,W18X50,,2026-09-01T13:31:04.085305+00:00,2026-09-01T13:34:40.157530+00:00
3b5cfe7a-ee80-408f-a127-e9ff9dccab24,"1 1/4""",unknown,,0.0,0.0,Low,true,Burrville ES - ST__0d910a43b4a0.pdf,,rejected,,,,2026-09-01T13:31:04.360219+00:00,2026-09-01T13:35:36.934912+00:00
bda79d68-d3a3-49b7-8af2-706199655bc7,W10X19,structural_section,W10X19,0.87,0.87,High,true,Burrville ES - ST__0d910a43b4a0.pdf,,approved,,W10X19,,2026-09-01T13:31:04.668459+00:00,2026-09-01T13:34:40.157377+00:00
c539fc35-e9bf-4ae3-b67a-3287574a5d9c,W12X26,structural_section,W12X26,0.87,0.87,High,true,Burrville ES - ST__0d910a43b4a0.pdf,,approved,,W12X26,,2026-09-01T13:31:05.427608+00:00,2026-09-01T13:34:40.157324+00:00
cc40cb8f-c855-4c06-beb4-059564952c51,HSS10X6X3/8,structural_section,HSS10X6X3/8,0.87,0.87,High,true,Burrville ES - ST__0d910a43b4a0.pdf,,approved,,HSS10X6X3/8,,2026-09-01T13:31:05.643169+00:00,2026-09-01T13:34:40.157271+00:00
590abfc9-09ba-4e81-9556-9c2e143481ef,W12X19,structural_section,W12X19,0.87,0.87,High,true,Burrville ES - ST__0d910a43b4a0.pdf,,approved,,W12X19,,2026-09-01T13:31:05.988795+00:00,2026-09-01T13:34:40.157206+00:00
a6794bcb-dacf-4951-b875-485654b5c4b9,HSS12X6X3/8,structural_section,HSS12X6X3/8,0.87,0.87,High,true,Burrville ES - ST__0d910a43b4a0.pdf,,approved,,HSS12X6X3/8,,2026-09-01T13:31:06.442276+00:00,2026-09-01T13:34:40.157121+00:00
2db2357f-29d7-4d07-ac3b-ba035c438c2f,HSS14X6X1/2,structural_section,HSS14X6X1/2,0.87,0.87,High,true,Burrville ES - ST__0d910a43b4a0.pdf,,approved,,HSS14X6X1/2,,2026-09-01T13:31:07.673387+00:00,2026-09-01T13:34:40.156940+00:00
9d99f4c9-a656-4563-9ad1-56237e14c964,HSS14X6X5/8,structural_section,HSS14X6X5/8,0.87,0.87,High,true,Burrville ES - ST__0d910a43b4a0.pdf,,approved,,HSS14X6X5/8,,2026-09-01T13:31:11.501832+00:00,2026-09-01T13:33:56.710707+00:00
19d3e770-acda-48f1-97c7-f66dd95cba94,L4X4X3/8,structural_section,L4X4X3/8,0.87,0.87,High,true,Burrville ES - ST__0d910a43b4a0.pdf,,approved,,L4X4X3/8,,2026-09-01T13:31:12.116154+00:00,2026-09-01T13:33:56.710656+00:00
d978fdd6-fc10-4e4c-908a-f8051c1e3141,"5/8""ø",unknown,,0.0,0.0,Low,true,Burrville ES - ST__0d910a43b4a0.pdf,,rejected,,,,2026-09-01T13:31:12.400595+00:00,2026-09-01T13:34:23.728457+00:00
0ecaa764-5405-4661-aac2-37620c4381be,6x6,unknown,,0.0,0.0,Low,true,Burrville ES - ST__0d910a43b4a0.pdf,,rejected,,,,2026-09-01T13:31:12.595568+00:00,2026-09-01T13:34:23.728424+00:00
b22b5a7b-594a-4d12-87f7-3a20bd88c20a,"1-1/2""",unknown,,0.0,0.0,Low,true,Burrville ES - ST__0d910a43b4a0.pdf,,rejected,,,,2026-09-01T13:31:12.813481+00:00,2026-09-01T13:34:23.728392+00:00
2523e778-930b-4e61-b3d9-ebdd347e5058,"3/4""Ø",unknown,,0.0,0.0,Low,true,Burrville ES - ST__0d910a43b4a0.pdf,,rejected,,,,2026-09-01T13:31:13.074651+00:00,2026-09-01T13:34:23.728362+00:00
fda54527-86be-4ebd-848b-b98fe9c4f403,"14-2"".",unknown,,0.0,0.0,Low,true,Burrville ES - ST__0d910a43b4a0.pdf,,rejected,,,,2026-09-01T13:31:13.362761+00:00,2026-09-01T13:34:23.728330+00:00
df5af75a-da0d-4d54-ac0f-7b5e02502d5a,"1""⌀STUDS",unknown,,0.0,0.0,Low,true,Burrville ES - ST__0d910a43b4a0.pdf,,rejected,,,,2026-09-01T13:31:13.726772+00:00,2026-09-01T13:34:23.728298+00:00
4ed1f18b-eb50-4856-bcd8-a56f1b23bbdb,"7-7/8""",unknown,,0.0,0.0,Low,true,Burrville ES - ST__0d910a43b4a0.pdf,,rejected,,,,2026-09-01T13:31:14.346665+00:00,2026-09-01T13:34:23.728263+00:00
45db22ea-e1c5-41c2-9c8c-94d7c8322f75,"3/16 """,unknown,,0.0,0.0,Low,true,Burrville ES - ST__0d910a43b4a0.pdf,,rejected,,,,2026-09-01T13:31:14.845830+00:00,2026-09-01T13:34:23.728229+00:00
ff764f9a-8db9-496d-b12a-2262b06f63f3,"1/4 """,unknown,,0.0,0.0,Low,true,Burrville ES - ST__0d910a43b4a0.pdf,,rejected,,,,2026-09-01T13:31:15.030717+00:00,2026-09-01T13:34:23.728196+00:00
96f96387-a708-4fe3-a7db-164e825cd1cb,"3/16 ""x",unknown,,0.0,0.0,Low,true,Burrville ES - ST__0d910a43b4a0.pdf,,rejected,,,,2026-09-01T13:31:15.277402+00:00,2026-09-01T13:34:23.728162+00:00
3751c127-df07-47c4-9dcb-57391c1ccb4c,"5/16 """,unknown,,0.0,0.0,Low,true,Burrville ES - ST__0d910a43b4a0.pdf,,rejected,,,,2026-09-01T13:31:15.526675+00:00,2026-09-01T13:34:23.728129+00:00
bab18c25-be30-4533-8eff-3dc8c53fdf81,"3/8 """,unknown,,0.0,0.0,Low,true,Burrville ES - ST__0d910a43b4a0.pdf,,rejected,,,,2026-09-01T13:31:15.765814+00:00,2026-09-01T13:34:23.728096+00:00
a467a9e1-592e-4841-ac52-c099e261e834,L3x3x3/16,structural_section,L3X3X3/16,0.87,0.87,High,true,Burrville ES - ST__0d910a43b4a0.pdf,,rejected,,,,2026-09-01T13:31:15.982839+00:00,2026-09-01T13:34:23.728062+00:00
c1775984-d1ae-4398-9fc0-3d86860c673f,"1/2""ø",unknown,,0.0,0.0,Low,true,Burrville ES - ST__0d910a43b4a0.pdf,,rejected,,,,2026-09-01T13:31:16.255461+00:00,2026-09-01T13:34:23.728028+00:00
f3c1f6d0-125c-4547-ba9a-ba501ff5422c,"1/2""⌀x",unknown,,0.0,0.0,Low,true,Burrville ES - ST__0d910a43b4a0.pdf,,rejected,,,,2026-09-01T13:31:16.540822+00:00,2026-09-01T13:34:23.727993+00:00
93ed9b97-16c8-43d0-a40f-e5b6c8d322b0,"3/8""x4""",unknown,,0.0,0.0,Low,true,Burrville ES - ST__0d910a43b4a0.pdf,,rejected,,,,2026-09-01T13:31:17.045320+00:00,2026-09-01T13:34:23.727957+00:00
53a28761-d784-425b-ac73-69f6af3ad263,C8x11.5.,structural_section,C8X11.5,0.87,0.87,High,true,Burrville ES - ST__0d910a43b4a0.pdf,,approved,,C8X11.5,,2026-09-01T13:31:17.315988+00:00,2026-09-01T13:33:56.710590+00:00
9700b1b1-c194-4497-a1d1-d9287e17b719,"L3X3X3/8X0'-6""",structural_section,L3X3X3/8,0.87,0.87,High,true,Burrville ES - ST__0d910a43b4a0.pdf,,approved,,L3X3X3/8,,2026-09-01T13:31:17.985587+00:00,2026-09-01T13:33:56.710454+00:00
38b21e49-f5fc-4fa1-9cfa-9d679727a7d7,L3x3x3/8,structural_section,L3X3X3/8,0.87,0.87,High,true,Burrville ES - ST__0d910a43b4a0.pdf,,approved,,L3X3X3/8,,2026-09-01T13:31:18.330804+00:00,2026-09-01T13:33:40.482749+00:00
eadaf96b-7c8d-4064-8028-09bca4c9d43c,L5x3-1/2x3/8,structural_section,L5X3X5/16,0.0,0.0,Low,true,Burrville ES - ST__0d910a43b4a0.pdf,,approved,,L5X3X5/16,,2026-09-01T13:31:18.693947+00:00,2026-09-01T13:33:40.482700+00:00
f9447590-9743-4516-868c-246d665b3fe7,W12X252,structural_section,W12X252,0.87,0.87,High,true,Burrville ES - ST__0d910a43b4a0.pdf,,approved,,W12X252,,2026-09-01T13:31:19.031204+00:00,2026-09-01T13:33:40.482654+00:00
766938cc-0800-4071-a7f5-f90f59c23654,"L3X3X5/16,",structural_section,L3X3X5/16,0.87,0.87,High,true,Burrville ES - ST__0d910a43b4a0.pdf,,approved,,L3X3X5/16,,2026-09-01T13:31:19.644203+00:00,2026-09-01T13:33:40.482606+00:00
f8090ce2-cad8-4ab6-95f0-2d3bb44a0110,"L4X4X3/8X0'-8""",structural_section,L4X4X3/8,0.87,0.87,High,true,Burrville ES - ST__0d910a43b4a0.pdf,,approved,,L4X4X3/8,,2026-09-01T13:31:19.924679+00:00,2026-09-01T13:33:40.482558+00:00
c2edea94-0f60-49e5-8489-fe3c4a033025,"L3x3x1/4x0'-3"",",structural_section,L3X3X1/4,0.87,0.87,High,true,Burrville ES - ST__0d910a43b4a0.pdf,,approved,,L3X3X1/4,,2026-09-01T13:31:20.157091+00:00,2026-09-01T13:33:40.482507+00:00
0f22acb0-9192-4fe2-9b31-57460c4859f9,"3/4""⌀x6""",unknown,,0.0,0.0,Low,true,Burrville ES - ST__0d910a43b4a0.pdf,,rejected,,,,2026-09-01T13:31:20.340769+00:00,2026-09-01T13:34:23.727919+00:00
79066550-9ba5-4c4b-9199-0aa2f236ac70,"1/2""@",unknown,,0.0,0.0,Low,true,Burrville ES - ST__0d910a43b4a0.pdf,,rejected,,,,2026-09-01T13:31:20.582969+00:00,2026-09-01T13:34:23.727877+00:00
0eeb0e2e-5a7e-4490-938b-7cc89420bfcb,"L4x3x1/4x6""",structural_section,L4X3X1/4,0.87,0.87,High,true,Burrville ES - ST__0d910a43b4a0.pdf,,approved,,L4X3X1/4,,2026-09-01T13:31:20.789190+00:00,2026-09-01T13:33:40.482459+00:00
0e87f266-d137-442d-8b4a-0afe1de6726a,"L4x3x1/4x1'-0""",structural_section,L4X3X1/4,0.87,0.87,High,true,Burrville ES - ST__0d910a43b4a0.pdf,,approved,,L4X3X1/4,,2026-09-01T13:31:20.995610+00:00,2026-09-01T13:33:40.482396+00:00
73f9e7e8-6f7b-4831-87fc-57b0c3744de5,"L4x3x1/4x2'-0""",structural_section,L4X3X1/4,0.87,0.87,High,true,Burrville ES - ST__0d910a43b4a0.pdf,,approved,,L4X3X1/4,,2026-09-01T13:31:21.856300+00:00,2026-09-01T13:33:40.482348+00:00
363f08bf-475a-40d2-b6d5-4162e7ecb7b4,2L3x3x1/4,structural_section,2L3X3X1/4,0.87,0.87,High,true,Burrville ES - ST__0d910a43b4a0.pdf,,approved,,2L3X3X1/4,,2026-09-01T13:31:22.089554+00:00,2026-09-01T13:33:40.482299+00:00
2789bd0e-5010-43b8-9e19-0d43b2be6dd2,"L4X3X3/8X0'-6""",structural_section,L4X3X3/8,0.87,0.87,High,true,Burrville ES - ST__0d910a43b4a0.pdf,,approved,,L4X3X3/8,,2026-09-01T13:31:22.629258+00:00,2026-09-01T13:33:40.482248+00:00
86629529-d780-4377-9b84-34bacb27c62e,L6x3-1/2x3/8,structural_section,L6X4X3/8,0.0,0.0,Low,true,Burrville ES - ST__0d910a43b4a0.pdf,,approved,,L6X4X3/8,,2026-09-01T13:31:22.841170+00:00,2026-09-01T13:33:40.482198+00:00
c6be5181-e54d-45dd-81c7-a55c05ba6d5a,"L3X3X3/8X0'-10""",structural_section,L3X3X3/8,0.87,0.87,High,true,Burrville ES - ST__0d910a43b4a0.pdf,,approved,,L3X3X3/8,,2026-09-01T13:31:23.181779+00:00,2026-09-01T13:33:40.482147+00:00
4a245480-f80d-45b0-817b-e0883c5c9d3f,L4X3-1/2X5/16,structural_section,L4X3X5/16,0.0,0.0,Low,true,Burrville ES - ST__0d910a43b4a0.pdf,,approved,,L4X3X5/16,,2026-09-01T13:31:23.427870+00:00,2026-09-01T13:33:40.482097+00:00
fb794d45-ba02-47ad-b300-c993bdbb5695,HSS6X6X3/8,structural_section,HSS6X6X3/8,0.87,0.87,High,true,Burrville ES - ST__0d910a43b4a0.pdf,,approved,,HSS6X6X3/8,,2026-09-01T13:31:23.780286+00:00,2026-09-01T13:33:40.482047+00:00
f2a1da6f-6997-4425-84af-264d998708da,HSS8X6X3/8,structural_section,HSS8X6X3/8,0.87,0.87,High,true,Burrville ES - ST__0d910a43b4a0.pdf,,approved,,HSS8X6X3/8,,2026-09-01T13:31:24.366337+00:00,2026-09-01T13:33:40.481994+00:00
c9577663-8ef9-49c6-8a9f-24198c43b3d1,HSS6X6X1/2,structural_section,HSS6X6X1/2,0.87,0.87,High,true,Burrville ES - ST__0d910a43b4a0.pdf,,approved,,HSS6X6X1/2,,2026-09-01T13:31:24.928958+00:00,2026-09-01T13:33:40.481936+00:00
a86ffbf2-28a8-45e2-8f6d-6b4d7409709c,"3/4""x18""x18""",unknown,,0.0,0.0,Low,true,Burrville ES - ST__0d910a43b4a0.pdf,,rejected,,,,2026-09-01T13:31:26.257418+00:00,2026-09-01T13:34:23.727800+00:00
98a700c7-3aa7-4dbb-bd45-49ea30d7b8f6,HSS10X0.625,structural_section,W10X54,0.1428571492433548,0.1429,Low,true,Burrville ES - ST__0d910a43b4a0.pdf,,approved,,W10X54,,2026-09-01T13:31:27.539252+00:00,2026-09-01T13:33:40.481878+00:00
2b52b7b1-b6c2-47c8-93fc-d5594baaf130,HSS10X0.500,structural_section,HSS10.000X0.500,0.14652347564697266,0.1465,Low,true,Burrville ES - ST__0d910a43b4a0.pdf,,approved,,HSS10.000X0.500,,2026-09-01T13:31:27.832356+00:00,2026-09-01T13:33:40.481808+00:00
a73a56a9-ca19-4dd4-921b-3f670db241c4,"5/8"")-H(-1'",unknown,,0.0,0.0,Low,true,Burrville ES - ST__0d910a43b4a0.pdf,,rejected,,,,2026-09-01T13:31:29.117890+00:00,2026-09-01T13:34:23.727749+00:00
3de476f9-81fd-4162-a3a6-0a95571a96bd,"3/4""x16""x16""",unknown,,0.0,0.0,Low,true,Burrville ES - ST__0d910a43b4a0.pdf,,rejected,,,,2026-09-01T13:31:29.412286+00:00,2026-09-01T13:34:23.727600+00:00
8b14f728-90dd-48a3-9fcd-bda6905b3eb9,W12X106,structural_section,W12X106,0.72,0.72,Medium,true,Burrville ES - ST__0d910a43b4a0.pdf,,approved,,W12X106,,2026-09-01T13:31:30.073176+00:00,2026-09-01T13:33:40.481654+00:00
81f8fd46-68d6-4a17-b5cb-55b156b09a3e,W12X120,structural_section,W12X120,0.9714771509170532,0.9715,High,true,Burrville ES - ST__0d910a43b4a0.pdf,,approved,,W12X120,,2026-09-01T13:31:30.769989+00:00,2026-09-01T13:33:18.291256+00:00
21cd4bd4-5efd-4a95-af4f-9c92c7cb3e03,W14X61,structural_section,W14X61,0.72,0.72,Medium,true,Burrville ES - ST__0d910a43b4a0.pdf,,approved,,W14X61,,2026-09-01T13:31:31.069866+00:00,2026-09-01T13:33:18.291230+00:00
66cc60bf-8802-4131-b352-861f1054e1c3,W14X68,structural_section,W14X68,0.72,0.72,Medium,true,Burrville ES - ST__0d910a43b4a0.pdf,,approved,,W14X68,,2026-09-01T13:31:31.357027+00:00,2026-09-01T13:33:18.291204+00:00
1d34f328-049b-44ea-be16-4def480f7d0d,W14X82,structural_section,W14X82,0.72,0.72,Medium,true,Burrville ES - ST__0d910a43b4a0.pdf,,approved,,W14X82,,2026-09-01T13:31:32.414740+00:00,2026-09-01T13:33:18.291176+00:00
f0d44e60-37b6-4680-a29c-40442ef3ca08,W14X132,structural_section,W14X132,0.72,0.72,Medium,true,Burrville ES - ST__0d910a43b4a0.pdf,,approved,,W14X132,,2026-09-01T13:31:32.911155+00:00,2026-09-01T13:33:18.291114+00:00
8fbc94a2-509f-494e-839f-dc84dcba638d,W14X145,structural_section,W14X145,0.9728857278823853,0.9729,High,true,Burrville ES - ST__0d910a43b4a0.pdf,,approved,,W14X145,,2026-09-01T13:31:33.123810+00:00,2026-09-01T13:33:18.291087+00:00
3d91f01b-513e-47be-be3b-2f25de0593f5,W14X198,structural_section,W14X68,0.0,0.0,Low,true,Burrville ES - ST__0d910a43b4a0.pdf,,approved,,W14X68,,2026-09-01T13:31:33.373883+00:00,2026-09-01T13:33:18.291059+00:00
bb1f3e39-d53f-4c05-aa4d-05180c86e791,W27X84,structural_section,W27X84,0.975095272064209,0.9751,High,true,Burrville ES - ST__0d910a43b4a0.pdf,,approved,,W27X84,,2026-09-01T13:31:33.579361+00:00,2026-09-01T13:33:18.291032+00:00
e7ce1c27-4c24-4b1f-a7f6-fe907c0c8706,W12X16,structural_section,W12X16,0.6364999999999997,0.6365,Medium,true,Burrville ES - ST__0d910a43b4a0.pdf,,approved,,W12X16,,2026-09-01T13:31:33.792965+00:00,2026-09-01T13:33:18.291003+00:00
ad2ecac2-819e-4200-8b94-066b4b85c57b,W21X55,structural_section,W21X55,0.9957829713821411,0.9958,High,true,Burrville ES - ST__0d910a43b4a0.pdf,,approved,,W21X55,,2026-09-01T13:31:33.918469+00:00,2026-09-01T13:33:18.290975+00:00
bf739dae-4065-464a-994c-562af4e2c9d0,W16X36,structural_section,W16X36,0.9307056069374084,0.9307,High,true,Burrville ES - ST__0d910a43b4a0.pdf,,approved,,W16X36,,2026-09-01T13:31:34.429089+00:00,2026-09-01T13:33:18.290947+00:00
c11c23a9-f9b1-44a4-b172-4a796f31c73e,W10X15,structural_section,W10X15,0.7787848114967346,0.7788,Medium,true,Burrville ES - ST__0d910a43b4a0.pdf,,approved,,W10X15,,2026-09-01T13:31:34.605255+00:00,2026-09-01T13:33:18.290918+00:00
63dead3b-8548-4f2f-9069-9953eaf3f081,W30X90,structural_section,W30X90,0.9908060431480408,0.9908,High,true,Burrville ES - ST__0d910a43b4a0.pdf,,approved,,W30X90,,2026-09-01T13:31:35.070789+00:00,2026-09-01T13:33:18.290890+00:00
267edc88-c65a-4794-9d1b-17b0106773b9,W10X22,structural_section,W10X22,0.7868374999999997,0.7868,Medium,true,Burrville ES - ST__0d910a43b4a0.pdf,,approved,,W10X22,,2026-09-01T13:31:35.624724+00:00,2026-09-01T13:33:18.290861+00:00
f4935525-b0d7-42ce-af4a-85228cec59ae,W12X40,structural_section,W12X40,0.6297143697738647,0.6297,Medium,true,Burrville ES - ST__0d910a43b4a0.pdf,,approved,,W12X40,,2026-09-01T13:31:36.056936+00:00,2026-09-01T13:33:18.290832+00:00
7f3e2a1a-a806-4121-ac37-829d839d1508,HSS20X8X5/8,structural_section,HSS20X8X5/8,0.55,0.55,Medium,true,Burrville ES - ST__0d910a43b4a0.pdf,,approved,,HSS20X8X5/8,,2026-09-01T13:31:36.483752+00:00,2026-09-01T13:33:18.290803+00:00
a0753491-c351-48d2-b587-c074ddea9298,W21X48,structural_section,W21X48,0.85,0.85,High,true,Burrville ES - ST__0d910a43b4a0.pdf,,approved,,W21X48,,2026-09-01T13:31:37.688996+00:00,2026-09-01T13:33:18.290754+00:00
2e09184a-403c-44d2-a6d2-31cb2d4663b2,W12X30,structural_section,W12X30,0.9989156723022461,0.9989,High,true,Burrville ES - ST__0d910a43b4a0.pdf,,approved,,W12X30,,2026-09-01T13:31:38.742647+00:00,2026-09-01T13:33:18.290723+00:00
392492dc-e2a1-4ba1-8cf1-ec67ea3a1735,C8X11.5,structural_section,C8X11.5,0.5875436220769251,0.5875,Medium,true,Burrville ES - ST__0d910a43b4a0.pdf,,approved,,C8X11.5,,2026-09-01T13:31:39.054212+00:00,2026-09-01T13:33:18.290693+00:00
8c1fe974-30fd-440b-b41e-c0f08394f66d,W10X33,structural_section,W10X33,0.9908742904663086,0.9909,High,true,Burrville ES - ST__0d910a43b4a0.pdf,,approved,,W10X33,,2026-09-01T13:31:40.923416+00:00,2026-09-01T13:33:18.290662+00:00
afc4ad1c-4aa6-4056-97b0-3dacc43d4f42,W10X45,structural_section,W10X45,0.8346124999999998,0.8346,High,true,Burrville ES - ST__0d910a43b4a0.pdf,,approved,,W10X45,,2026-09-01T13:31:41.415598+00:00,2026-09-01T13:33:18.290601+00:00
6bc0fe5b-192a-416b-ba70-cd6b7f88b554,W10X54,structural_section,W10X54,0.9753442406654358,0.9753,High,true,Burrville ES - ST__0d910a43b4a0.pdf,,approved,,W10X54,,2026-09-01T13:31:42.281177+00:00,2026-09-01T13:33:18.290564+00:00
6d9baa85-dcd1-41f5-9c35-b535dc9648a5,W10X49,structural_section,W10X49,0.836927592754364,0.8369,High,true,Burrville ES - ST__0d910a43b4a0.pdf,,approved,,W10X49,,2026-09-01T13:31:42.644770+00:00,2026-09-01T13:33:18.290510+00:00
4fda98fa-2f1f-4145-8c07-536c4fcdbc10,W10X39,structural_section,W10X39,0.8981301188468933,0.8981,High,true,Burrville ES - ST__0d910a43b4a0.pdf,,approved,,W10X39,,2026-09-01T13:31:43.040297+00:00,2026-09-01T13:33:18.290368+00:00
03df8c97-89ca-482b-8435-13cc604babe6,W10X60,structural_section,W10X60,0.9819909930229187,0.982,High,true,Burrville ES - ST__0d910a43b4a0.pdf,,approved,,W10X60,,2026-09-01T13:31:43.469657+00:00,2026-09-01T13:33:18.283361+00:00
fb6359e3-57d7-448b-95a6-d5b9690f001a,"1/2""",unknown,,0.0,0.0,Low,true,GCDC Building 4 - ST1__47dc7ef27f6e.pdf,,rejected,,,,2026-09-01T13:41:20.389642+00:00,2026-09-02T06:49:34.369775+00:00
e4622355-651f-4b27-a7e5-6bde4b6dabab,"3/4""",unknown,,0.0,0.0,Low,true,GCDC Building 4 - ST1__47dc7ef27f6e.pdf,,rejected,,,,2026-09-01T13:41:20.640098+00:00,2026-09-02T06:49:34.369927+00:00
2c3aac29-d8e8-4787-ada8-b1eed4155e59,"1/4"".",unknown,,0.0,0.0,Low,true,GCDC Building 4 - ST1__47dc7ef27f6e.pdf,,rejected,,,,2026-09-01T13:41:20.924081+00:00,2026-09-02T06:49:34.369984+00:00
154ad3ab-ab46-4135-adf0-140e8522a062,"12""",unknown,,0.0,0.0,Low,true,GCDC Building 4 - ST1__47dc7ef27f6e.pdf,,rejected,,,,2026-09-01T13:41:21.172745+00:00,2026-09-02T06:49:34.370024+00:00
af848ac7-110c-4fef-8d9a-4c192774a650,"""S/2""",unknown,,0.0,0.0,Low,true,GCDC Building 4 - ST1__47dc7ef27f6e.pdf,,rejected,,,,2026-09-01T13:41:21.389703+00:00,2026-09-02T06:49:34.370058+00:00
4dccede8-9af6-472f-9d03-47e22bd98404,6x6-W2.9xW2.9,unknown,,0.0,0.0,Low,true,GCDC Building 4 - ST1__47dc7ef27f6e.pdf,,rejected,,,,2026-09-01T13:41:21.614357+00:00,2026-09-02T06:49:34.370091+00:00
b94cdbe5-f029-46ea-9fc5-a997df0479cf,"3/16""",unknown,,0.0,0.0,Low,true,GCDC Building 4 - ST1__47dc7ef27f6e.pdf,,rejected,,,,2026-09-01T13:41:21.843908+00:00,2026-09-02T06:49:34.370123+00:00
ebe70be4-90cc-4350-9b25-4a332ffa0d26,"1-1/4""",unknown,,0.0,0.0,Low,true,GCDC Building 4 - ST1__47dc7ef27f6e.pdf,,rejected,,,,2026-09-01T13:41:22.114088+00:00,2026-09-02T06:49:34.370152+00:00
53763d7c-b0b5-479a-afad-b2181deb6fb7,10-3 IN,unknown,,0.0,0.0,Low,true,GCDC Building 4 - ST1__47dc7ef27f6e.pdf,,rejected,,,,2026-09-01T13:41:22.364790+00:00,2026-09-02T06:49:34.370182+00:00
7c9a6868-5199-4889-86b9-e403cd70f0de,W8x10,structural_section,W8X10,0.87,0.87,High,true,GCDC Building 4 - ST1__47dc7ef27f6e.pdf,,rejected,,,,2026-09-01T13:41:22.691228+00:00,2026-09-02T06:49:34.370211+00:00
e2c8f5b9-6890-4237-998e-b9d8edc13e78,C8x11.5,structural_section,C8X11.5,0.87,0.87,High,true,GCDC Building 4 - ST1__47dc7ef27f6e.pdf,,rejected,,,,2026-09-01T13:41:22.903914+00:00,2026-09-02T06:49:34.370242+00:00
c4abc46b-b265-4641-8a51-3e2e8909b357,HSS8x4x1/4,structural_section,HSS8X4X1/4,0.87,0.87,High,true,GCDC Building 4 - ST1__47dc7ef27f6e.pdf,,rejected,,,,2026-09-01T13:41:23.066355+00:00,2026-09-02T06:49:34.370272+00:00
f4af47df-e584-4e92-84e3-94137a636642,(A490),structural_section,W14X90,0.0,0.0,Low,true,GCDC Building 4 - ST1__47dc7ef27f6e.pdf,,rejected,,,,2026-09-01T13:41:23.246764+00:00,2026-09-02T06:49:34.370302+00:00
cce274cd-e17c-46f0-a9a0-359e6acb395b,(A325),structural_section,W14X132,0.0,0.0,Low,true,GCDC Building 4 - ST1__47dc7ef27f6e.pdf,,rejected,,,,2026-09-01T13:41:23.639021+00:00,2026-09-02T06:49:34.370331+00:00
6688b774-61ba-41b7-88ac-69b58e6fc91d,A325,structural_section,W14X132,0.0,0.0,Low,true,GCDC Building 4 - ST1__47dc7ef27f6e.pdf,,rejected,,,,2026-09-01T13:41:23.837689+00:00,2026-09-02T06:49:34.370358+00:00
7ca724dd-db0a-4cce-99d0-061d0cd9eef1,P8/W14x61,structural_section,W14X61,0.87,0.87,High,true,GCDC Building 4 - ST1__47dc7ef27f6e.pdf,,rejected,,,,2026-09-01T13:41:24.062302+00:00,2026-09-02T06:49:34.370387+00:00
85b938a8-eb96-4ea4-832b-4a78c81f6894,HSS14X6X5/8,structural_section,HSS14X6X5/8,0.87,0.87,High,true,GCDC Building 4 - ST1__47dc7ef27f6e.pdf,,rejected,,,,2026-09-01T13:41:24.349457+00:00,2026-09-02T06:49:34.370416+00:00
f182218f-d8ba-4632-9724-c96b6bfb8468,"1/8""",unknown,,0.0,0.0,Low,true,GCDC Building 4 - ST1__47dc7ef27f6e.pdf,,rejected,,,,2026-09-01T13:41:24.920613+00:00,2026-09-02T06:49:34.370445+00:00
90215c3e-b4f6-4f0c-bd9f-3dcbb9b87b04,HSS18x6x3/8,structural_section,HSS18X6X3/8,0.87,0.87,High,true,GCDC Building 4 - ST1__47dc7ef27f6e.pdf,,rejected,,,,2026-09-01T13:41:25.158175+00:00,2026-09-02T06:49:34.370473+00:00
8af88729-b5b8-4220-b73d-e63366389c02,"5/8""",unknown,,0.0,0.0,Low,true,GCDC Building 4 - ST1__47dc7ef27f6e.pdf,,rejected,,,,2026-09-01T13:41:25.972277+00:00,2026-09-02T06:49:34.370501+00:00
b70b3444-6b07-41d4-8803-d0bf6df12734,"1/4""",unknown,,0.0,0.0,Low,true,GCDC Building 4 - ST1__47dc7ef27f6e.pdf,,rejected,,,,2026-09-01T13:41:26.223553+00:00,2026-09-02T06:49:34.370529+00:00
24844768-e890-4167-9a77-6cc00d366da7,W12x26,structural_section,W12X26,0.87,0.87,High,true,GCDC Building 4 - ST1__47dc7ef27f6e.pdf,,rejected,,,,2026-09-01T13:41:27.037305+00:00,2026-09-02T06:49:34.370557+00:00
020314ed-b7a3-4d1a-b9b5-48adec341bb8,HSS16x8x3/8,structural_section,HSS16X8X3/8,0.87,0.87,High,true,GCDC Building 4 - ST1__47dc7ef27f6e.pdf,,rejected,,,,2026-09-01T13:41:27.922629+00:00,2026-09-02T06:49:34.370584+00:00
a62a94be-5468-4c3b-be9e-e91135df7418,W18x35,structural_section,W18X35,0.87,0.87,High,true,GCDC Building 4 - ST1__47dc7ef27f6e.pdf,,rejected,,,,2026-09-01T13:41:28.165792+00:00,2026-09-02T06:49:34.370612+00:00
958bdcde-043a-46e0-9a74-a15013cd61d1,W18x60,structural_section,W18X60,0.87,0.87,High,true,GCDC Building 4 - ST1__47dc7ef27f6e.pdf,,rejected,,,,2026-09-01T13:41:28.376899+00:00,2026-09-02T06:49:34.370640+00:00
47b10a71-3a03-4dd8-b9fc-6f86c80a0648,"c=3/4""",unknown,,0.0,0.0,Low,true,GCDC Building 4 - ST1__47dc7ef27f6e.pdf,,rejected,,,,2026-09-01T13:41:28.650135+00:00,2026-09-02T06:49:34.370668+00:00
731427f3-cd6f-401c-9046-a7c23e6c8344,W21x55,structural_section,W21X55,0.87,0.87,High,true,GCDC Building 4 - ST1__47dc7ef27f6e.pdf,,rejected,,,,2026-09-01T13:41:28.866362+00:00,2026-09-02T06:49:34.370696+00:00
261ae8dd-db75-440c-9ea4-e9144bf93c82,W24x55,structural_section,W24X55,0.87,0.87,High,true,GCDC Building 4 - ST1__47dc7ef27f6e.pdf,,rejected,,,,2026-09-01T13:41:29.065377+00:00,2026-09-02T06:49:34.370726+00:00
5fbbb8c3-3ec6-4c70-85f1-b0c2a10a1c3a,HSS8x4x1/2,structural_section,HSS8X4X1/2,0.87,0.87,High,true,GCDC Building 4 - ST1__47dc7ef27f6e.pdf,,rejected,,,,2026-09-01T13:41:29.299153+00:00,2026-09-02T06:49:34.370754+00:00
be32d101-2243-4746-a0a0-c4eb0f4b5902,HSS8x8x1/2,structural_section,HSS8X8X1/2,0.87,0.87,High,true,GCDC Building 4 - ST1__47dc7ef27f6e.pdf,,rejected,,,,2026-09-01T13:41:29.612759+00:00,2026-09-02T06:49:34.370782+00:00
1d757dfb-d42e-4d9e-9ebd-a5d4b1025404,HSS8x8x5/8,structural_section,HSS8X8X5/8,0.87,0.87,High,true,GCDC Building 4 - ST1__47dc7ef27f6e.pdf,,rejected,,,,2026-09-01T13:41:29.827020+00:00,2026-09-02T06:49:34.370809+00:00
0ec6f3f0-dd50-4c7c-858a-ccd97dc88582,W24x62,structural_section,W24X62,0.87,0.87,High,true,GCDC Building 4 - ST1__47dc7ef27f6e.pdf,,rejected,,,,2026-09-01T13:41:30.163735+00:00,2026-09-02T06:49:34.370836+00:00
59517c80-e787-414a-876b-a956730638fc,"c=3/4""""",unknown,,0.0,0.0,Low,true,GCDC Building 4 - ST1__47dc7ef27f6e.pdf,,rejected,,,,2026-09-01T13:41:30.677356+00:00,2026-09-02T06:49:34.370863+00:00
b4121e36-162f-464d-bda5-1d8d2da73628,HSS20x8x1/2,structural_section,HSS20X8X1/2,0.87,0.87,High,true,GCDC Building 4 - ST1__47dc7ef27f6e.pdf,,rejected,,,,2026-09-01T13:41:30.961213+00:00,2026-09-02T06:49:34.370889+00:00
35400b9d-43c5-41bd-986a-0cf10075d61d,W21x50,structural_section,W21X50,0.87,0.87,High,true,GCDC Building 4 - ST1__47dc7ef27f6e.pdf,,rejected,,,,2026-09-01T13:41:31.199167+00:00,2026-09-02T06:49:34.370916+00:00
aaf04c01-c983-48a0-a0ec-06fab24b788f,W36x160,structural_section,W36X160,0.87,0.87,High,true,GCDC Building 4 - ST1__47dc7ef27f6e.pdf,,rejected,,,,2026-09-01T13:41:31.511112+00:00,2026-09-02T06:49:34.370944+00:00
5b7e7670-5ceb-4107-95d2-0860b9616e3c,W24x76,structural_section,W24X76,0.87,0.87,High,true,GCDC Building 4 - ST1__47dc7ef27f6e.pdf,,rejected,,,,2026-09-01T13:41:32.006315+00:00,2026-09-02T06:49:34.370969+00:00
72fa8436-06df-4ce4-85df-f3328633a8c9,W24x84,structural_section,W24X84,0.87,0.87,High,true,GCDC Building 4 - ST1__47dc7ef27f6e.pdf,,rejected,,,,2026-09-01T13:41:32.318245+00:00,2026-09-02T06:49:34.370997+00:00
0fb2c91a-a986-475d-b849-581f565af6b9,W36x135,structural_section,W36X135,0.87,0.87,High,true,GCDC Building 4 - ST1__47dc7ef27f6e.pdf,,rejected,,,,2026-09-01T13:41:32.808085+00:00,2026-09-02T06:49:34.371024+00:00
dc30fced-f3c9-470e-beb8-ff614a304c9e,W36x150,structural_section,W36X150,0.87,0.87,High,true,GCDC Building 4 - ST1__47dc7ef27f6e.pdf,,rejected,,,,2026-09-01T13:41:33.217961+00:00,2026-09-02T06:49:34.371051+00:00
94ce8208-9c82-4a5b-83b2-d3eff989672c,HSS16x4x1/4,structural_section,HSS16X4X1/4,0.87,0.87,High,true,GCDC Building 4 - ST1__47dc7ef27f6e.pdf,,rejected,,,,2026-09-01T13:41:34.515667+00:00,2026-09-02T06:49:34.371077+00:00
af1863c7-e262-4028-b45b-a274f89b0d17,W36x210,structural_section,W36X210,0.87,0.87,High,true,GCDC Building 4 - ST1__47dc7ef27f6e.pdf,,rejected,,,,2026-09-01T13:41:34.744673+00:00,2026-09-02T06:49:34.371104+00:00
bab4713b-e4cf-44bf-b5e6-24806dbfbb04,W18x50,structural_section,W18X50,0.87,0.87,High,true,GCDC Building 4 - ST1__47dc7ef27f6e.pdf,,rejected,,,,2026-09-01T13:41:36.654686+00:00,2026-09-02T06:49:34.371133+00:00
0fd0d875-8cbe-4329-99f7-60ca1b3fbcaf,"7/8""",unknown,,0.0,0.0,Low,true,GCDC Building 4 - ST1__47dc7ef27f6e.pdf,,rejected,,,,2026-09-01T13:41:37.316898+00:00,2026-09-02T06:49:34.371159+00:00
47bbcb4e-3245-46ff-8179-c8b96b105f31,W36x194,structural_section,W36X194,0.87,0.87,High,true,GCDC Building 4 - ST1__47dc7ef27f6e.pdf,,rejected,,,,2026-09-01T13:41:38.019730+00:00,2026-09-02T06:49:34.371186+00:00
1746f939-fe53-48ae-a1f5-19b8cb3042d5,HSS12x6x1/2,structural_section,HSS12X6X1/2,0.87,0.87,High,true,GCDC Building 4 - ST1__47dc7ef27f6e.pdf,,rejected,,,,2026-09-01T13:41:39.304539+00:00,2026-09-02T06:49:34.371211+00:00
c9d8b981-f2a5-4af3-a957-b9a2a3a7490a,W30x116,structural_section,W30X116,0.87,0.87,High,true,GCDC Building 4 - ST1__47dc7ef27f6e.pdf,,rejected,,,,2026-09-01T13:41:39.538914+00:00,2026-09-02T06:49:34.371234+00:00
8c842fd6-fbcf-449a-af16-cb62caefc9fb,W18x65,structural_section,W18X65,0.87,0.87,High,true,GCDC Building 4 - ST1__47dc7ef27f6e.pdf,,rejected,,,,2026-09-01T13:41:39.964272+00:00,2026-09-02T06:49:34.371294+00:00
33b89cc0-edcc-4268-b53c-826e58900f86,HSS14x0.5,structural_section,HSS14.000X0.500,0.16962885856628418,0.1696,Low,true,GCDC Building 4 - ST1__47dc7ef27f6e.pdf,,rejected,,,,2026-09-01T13:41:40.347584+00:00,2026-09-02T06:49:34.371323+00:00
4b800dbe-de65-409c-88d6-982ca9443d07,HSS10x10x1/2,structural_section,HSS10X10X1/2,0.87,0.87,High,true,GCDC Building 4 - ST1__47dc7ef27f6e.pdf,,rejected,,,,2026-09-01T13:41:43.315004+00:00,2026-09-02T06:49:34.371348+00:00
d7b779eb-c8de-43a6-bf92-d05bf4ebebf3,"3/8""",unknown,,0.0,0.0,Low,true,GCDC Building 4 - ST1__47dc7ef27f6e.pdf,,rejected,,,,2026-09-01T13:41:43.660097+00:00,2026-09-02T06:49:34.371372+00:00
cb3cefd5-eae9-4f50-baf4-386d6d622337,HSS8X6,structural_section,W14X22,0.0,0.0,Low,true,GCDC Building 4 - ST1__47dc7ef27f6e.pdf,,rejected,,,,2026-09-01T13:41:49.518394+00:00,2026-09-02T06:49:34.371399+00:00
f8e0f6d9-d4fd-431d-85b2-dc4c31a8cdaf,HSS8x8x3/8,structural_section,HSS8X8X3/8,0.87,0.87,High,true,GCDC Building 4 - ST1__47dc7ef27f6e.pdf,,rejected,,,,2026-09-01T13:41:52.286315+00:00,2026-09-02T06:49:34.371425+00:00
a6dfcdcf-e2bb-4b71-a73c-5176adf16864,"1/2""W",unknown,,0.0,0.0,Low,true,GCDC Building 4 - ST1__47dc7ef27f6e.pdf,,rejected,,,,2026-09-01T13:41:54.335776+00:00,2026-09-02T06:49:34.371452+00:00
56cf13d4-bf99-476e-817e-cbb2a43cc49b,"L4x4x1/4x4""",structural_section,L4X4X1/4,0.87,0.87,High,true,GCDC Building 4 - ST1__47dc7ef27f6e.pdf,,rejected,,,,2026-09-01T13:41:54.539287+00:00,2026-09-02T06:49:34.371481+00:00
c2507957-549f-4a0b-bd4f-08b5781fd620,"L6x4x5/16x4""",structural_section,L6X4X5/16,0.87,0.87,High,true,GCDC Building 4 - ST1__47dc7ef27f6e.pdf,,rejected,,,,2026-09-01T13:41:54.742146+00:00,2026-09-02T06:49:34.371510+00:00
59135360-770a-4776-83aa-150bd889d2b2,"L6x4x1/4x4""",structural_section,L6X4X1/2,0.0,0.0,Low,true,GCDC Building 4 - ST1__47dc7ef27f6e.pdf,,rejected,,,,2026-09-01T13:41:54.977067+00:00,2026-09-02T06:49:34.371538+00:00
25e8fd93-dc6c-4a55-a403-63f98a12860d,"1/4""x1",unknown,,0.0,0.0,Low,true,GCDC Building 4 - ST1__47dc7ef27f6e.pdf,,rejected,,,,2026-09-01T13:41:55.406298+00:00,2026-09-02T06:49:34.371567+00:00
d5933098-0afc-4c6c-b6f7-e63dac3edbea,C6x8.2,structural_section,C6X8.2,0.87,0.87,High,true,GCDC Building 4 - ST1__47dc7ef27f6e.pdf,,rejected,,,,2026-09-01T13:41:55.701137+00:00,2026-09-02T06:49:34.371597+00:00
a8195944-181b-4c85-a8d5-69502b01d6bd,14-2 IN,unknown,,0.0,0.0,Low,true,GCDC Building 4 - ST1__47dc7ef27f6e.pdf,,rejected,,,,2026-09-01T13:41:56.023377+00:00,2026-09-02T06:49:34.371625+00:00
08a3098d-fed1-460c-a68a-506675792d98,"1/16""",unknown,,0.0,0.0,Low,true,GCDC Building 4 - ST1__47dc7ef27f6e.pdf,,rejected,,,,2026-09-01T13:41:56.273692+00:00,2026-09-02T06:49:34.371652+00:00
5011b466-7585-42c0-b828-3b2f2f80341a,"(4)-3/4""",unknown,,0.0,0.0,Low,true,GCDC Building 4 - ST1__47dc7ef27f6e.pdf,,rejected,,,,2026-09-01T13:41:56.967369+00:00,2026-09-02T06:49:34.371679+00:00
d44a87f3-7df3-4610-b370-f2e7a63de3b9,"2""",unknown,,0.0,0.0,Low,true,GCDC Building 4 - ST1__47dc7ef27f6e.pdf,,rejected,,,,2026-09-01T13:41:57.231911+00:00,2026-09-02T06:49:34.371705+00:00
5cef117c-f815-4ae3-9142-0d08de53903e,"20""",unknown,,0.0,0.0,Low,true,GCDC Building 4 - ST1__47dc7ef27f6e.pdf,,rejected,,,,2026-09-01T13:41:57.676787+00:00,2026-09-02T06:49:34.371733+00:00
5695d463-bd80-44c0-905a-ba95a9e6d77e,L3x3x1/4,structural_section,L3X3X1/4,0.87,0.87,High,true,GCDC Building 4 - ST1__47dc7ef27f6e.pdf,,rejected,,,,2026-09-01T13:41:57.911545+00:00,2026-09-02T06:49:34.371760+00:00
0d51a0a1-2f1e-4d4d-8cc1-7bad5b18228f,L4x4,structural_section,L4X3X1/4,0.0,0.0,Low,true,GCDC Building 4 - ST1__47dc7ef27f6e.pdf,,rejected,,,,2026-09-01T13:41:58.093204+00:00,2026-09-02T06:49:34.371790+00:00
54819bd4-1404-4d16-8f01-7e6a6f2ea515,"L4x4x1/4x4'-3""",structural_section,L4X4X1/4,0.87,0.87,High,true,GCDC Building 4 - ST1__47dc7ef27f6e.pdf,,rejected,,,,2026-09-01T13:41:58.325183+00:00,2026-09-02T06:49:34.371819+00:00
17cc3979-6ee9-4a7b-be72-194172075960,"5/8""x24""",unknown,,0.0,0.0,Low,true,GCDC Building 4 - ST1__47dc7ef27f6e.pdf,,rejected,,,,2026-09-01T13:41:58.665422+00:00,2026-09-02T06:49:34.371846+00:00
7c411968-9f7a-48a9-9fa7-cab7fd2cbad3,"5/16""",unknown,,0.0,0.0,Low,true,GCDC Building 4 - ST1__47dc7ef27f6e.pdf,,rejected,,,,2026-09-01T13:41:59.025456+00:00,2026-09-02T06:49:34.371873+00:00
158afc6f-7ecf-4036-8f7f-d63e54754b3c,W18x36,structural_section,W16X36,0.0,0.0,Low,true,GCDC Building 4 - ST1__47dc7ef27f6e.pdf,,rejected,,,,2026-09-01T13:41:59.487941+00:00,2026-09-02T06:49:34.371900+00:00
9a081ddc-a8e7-4d9d-b0fa-e4c97f6f3401,"L5x3x3/8x6""",structural_section,L5X3X3/8,0.87,0.87,High,true,GCDC Building 4 - ST1__47dc7ef27f6e.pdf,,rejected,,,,2026-09-01T13:41:59.743546+00:00,2026-09-02T06:49:34.371927+00:00
ebcd94c0-af9b-42cb-afe0-e253ce790880,L5x3,structural_section,L5X3X1/4,0.0,0.0,Low,true,GCDC Building 4 - ST1__47dc7ef27f6e.pdf,,rejected,,,,2026-09-01T13:41:59.992403+00:00,2026-09-02T06:49:34.371955+00:00
99fecb4b-7fc6-40a2-a365-5f60dd894309,L2x2x10,structural_section,L2X2X3/16,0.0,0.0,Low,true,GCDC Building 4 - ST1__47dc7ef27f6e.pdf,,rejected,,,,2026-09-01T13:42:00.263655+00:00,2026-09-02T06:49:34.371983+00:00
c34004bc-5925-4dbb-bd3a-9a459f55cc47,L5x3x3/8,structural_section,L5X3X3/8,0.87,0.87,High,true,GCDC Building 4 - ST1__47dc7ef27f6e.pdf,,rejected,,,,2026-09-01T13:42:00.476609+00:00,2026-09-02T06:49:34.372011+00:00
ea74ffec-9da7-4f68-9567-b7b3ab95da6d,"(1/2""",unknown,,0.0,0.0,Low,true,GCDC Building 4 - ST1__47dc7ef27f6e.pdf,,rejected,,,,2026-09-01T13:42:00.947459+00:00,2026-09-02T06:49:34.372092+00:00
1d9072bc-5e7b-4d33-a468-5db14afb7219,"3/4""PL",unknown,,0.0,0.0,Low,true,GCDC Building 4 - ST1__47dc7ef27f6e.pdf,,rejected,,,,2026-09-01T13:42:01.231539+00:00,2026-09-02T06:49:34.372124+00:00
8d1269d5-94f4-4195-a198-bebec527e289,"L4x4x1/4""x5""",structural_section,L4X4X1/4,0.87,0.87,High,true,GCDC Building 4 - ST1__47dc7ef27f6e.pdf,,rejected,,,,2026-09-01T13:42:01.496576+00:00,2026-09-02T06:49:34.372152+00:00
9357e657-f1a1-45a0-af0a-6d1a4d4f6cbf,"3 / 4 """,unknown,,0.0,0.0,Low,true,GCDC Building 4 - ST1__47dc7ef27f6e.pdf,,rejected,,,,2026-09-01T13:42:01.736568+00:00,2026-09-02T06:49:34.372185+00:00
33ae27c9-169e-4cf4-b45c-a4643b3df02c,L3x3x1/4@4',structural_section,L3X3X1/4,0.87,0.87,High,true,GCDC Building 4 - ST1__47dc7ef27f6e.pdf,,rejected,,,,2026-09-01T13:42:02.068187+00:00,2026-09-02T06:49:34.372214+00:00
919ea935-e846-436e-8ee9-d90680e35479,"1""",unknown,,0.0,0.0,Low,true,GCDC Building 4 - ST1__47dc7ef27f6e.pdf,,rejected,,,,2026-09-01T13:42:02.255162+00:00,2026-09-02T06:49:34.372242+00:00
4e686f76-e49e-4844-8e15-b5392a8daf3a,"(2)3/4""",unknown,,0.0,0.0,Low,true,GCDC Building 4 - ST1__47dc7ef27f6e.pdf,,rejected,,,,2026-09-01T13:42:02.524370+00:00,2026-09-02T06:49:34.372271+00:00
6953bc9f-2773-4b0d-b2de-360624b92882,"±3/4""",unknown,,0.0,0.0,Low,true,GCDC Building 4 - ST1__47dc7ef27f6e.pdf,,rejected,,,,2026-09-01T13:42:02.766156+00:00,2026-09-02T06:49:34.372300+00:00
3b176d48-d415-4bf8-87a4-85d4c43cc998,HSS8x4x3/8,structural_section,HSS8X4X3/8,0.87,0.87,High,true,GCDC Building 4 - ST1__47dc7ef27f6e.pdf,,rejected,,,,2026-09-01T13:42:02.932930+00:00,2026-09-02T06:49:34.372328+00:00
6c301741-3619-43ae-9e36-e589dd328432,"1/2""x3/8""",unknown,,0.0,0.0,Low,true,GCDC Building 4 - ST1__47dc7ef27f6e.pdf,,rejected,,,,2026-09-01T13:42:03.369946+00:00,2026-09-02T06:49:34.372355+00:00
17682458-2e11-46f8-a3c3-dfe058b246cb,"1/4""x4""",unknown,,0.0,0.0,Low,true,GCDC Building 4 - ST1__47dc7ef27f6e.pdf,,rejected,,,,2026-09-01T13:42:03.787657+00:00,2026-09-02T06:49:34.372384+00:00
0be8dfc7-d075-4e67-933e-0fcb5d7f16c0,"3/8""x6""",unknown,,0.0,0.0,Low,true,GCDC Building 4 - ST1__47dc7ef27f6e.pdf,,rejected,,,,2026-09-01T13:42:04.292581+00:00,2026-09-02T06:49:34.372413+00:00
fffe96b8-0fcb-4128-be2a-13abbbd12671,"L4x4x1/2x6""",structural_section,L4X4X1/2,0.87,0.87,High,true,GCDC Building 4 - ST1__47dc7ef27f6e.pdf,,rejected,,,,2026-09-01T13:42:04.528203+00:00,2026-09-02T06:49:34.372441+00:00
fe047c44-12c9-4bfc-bef6-681e4d807f00,L4x4x1/4,structural_section,L4X4X1/4,0.87,0.87,High,true,GCDC Building 4 - ST1__47dc7ef27f6e.pdf,,rejected,,,,2026-09-01T13:42:04.787450+00:00,2026-09-02T06:49:34.372469+00:00
d33c25c0-cb0a-4880-89df-1d83d2cbed09,W8x31,structural_section,W8X31,0.87,0.87,High,true,GCDC Building 4 - ST1__47dc7ef27f6e.pdf,,rejected,,,,2026-09-01T13:42:05.062903+00:00,2026-09-02T06:49:34.372497+00:00
16d0d966-943f-4e4c-9e7e-e8d0aa37a816,"L6x4x3/4,",structural_section,L6X4X3/4,0.87,0.87,High,true,GCDC Building 4 - ST1__47dc7ef27f6e.pdf,,rejected,,,,2026-09-01T13:42:05.404808+00:00,2026-09-02T06:49:34.372527+00:00
e3f1b266-7a9b-478a-bdc0-9ab03276f0b6,"1/2""x5""x5""",unknown,,0.0,0.0,Low,true,GCDC Building 4 - ST1__47dc7ef27f6e.pdf,,rejected,,,,2026-09-01T13:42:06.210025+00:00,2026-09-02T06:49:34.372556+00:00
3d1049b9-f8b8-4c70-872b-1ccade1449a3,1/2x4x4,unknown,,0.0,0.0,Low,true,GCDC Building 4 - ST1__47dc7ef27f6e.pdf,,rejected,,,,2026-09-01T13:42:06.801881+00:00,2026-09-02T06:49:34.372584+00:00
441aaebc-15ed-4964-82e7-96cb0eda8e0a,C8x11.5@,structural_section,C8X11.5,0.87,0.87,High,true,GCDC Building 4 - ST1__47dc7ef27f6e.pdf,,rejected,,,,2026-09-01T13:42:07.183712+00:00,2026-09-02T06:49:34.372611+00:00
d32e149a-627c-4c93-adec-ff5ae098fad2,"L8x4x7/16x1'-0"",",structural_section,L8X4X7/16,0.87,0.87,High,true,GCDC Building 4 - ST1__47dc7ef27f6e.pdf,,rejected,,,,2026-09-01T13:42:07.800093+00:00,2026-09-02T06:49:34.372640+00:00
c76125bd-2660-494c-a34a-29ab6fdfeee1,HSS20x20x1/2,structural_section,HSS20X20X1/2,0.87,0.87,High,true,GCDC Building 4 - ST1__47dc7ef27f6e.pdf,,rejected,,,,2026-09-01T13:42:08.017922+00:00,2026-09-02T06:49:34.372668+00:00
9fed8299-da55-4d67-94eb-a43a40d8edd4,HSS3x3x3/8,structural_section,HSS3X3X3/8,0.87,0.87,High,true,GCDC Building 4 - ST1__47dc7ef27f6e.pdf,,rejected,,,,2026-09-01T13:42:08.281618+00:00,2026-09-02T06:49:34.372696+00:00
c1ccff97-bf3e-4e37-ac1d-b523eb64fce1,HSS8x8,structural_section,HSS8X8X1/2,0.0,0.0,Low,true,GCDC Building 4 - ST1__47dc7ef27f6e.pdf,,rejected,,,,2026-09-01T13:42:08.504571+00:00,2026-09-02T06:49:34.372725+00:00
e1a903c8-a402-483e-b450-8ee6d3209633,2L4x4,structural_section,L4X4X1/4,0.0,0.0,Low,true,GCDC Building 4 - ST1__47dc7ef27f6e.pdf,,rejected,,,,2026-09-01T13:42:08.766333+00:00,2026-09-02T06:49:34.372754+00:00
fe1481d3-ef19-4623-80e2-44e9ed39fbf7,"1/2""x16""x1'-4""",unknown,,0.0,0.0,Low,true,GCDC Building 4 - ST1__47dc7ef27f6e.pdf,,rejected,,,,2026-09-01T13:42:08.995733+00:00,2026-09-02T06:49:34.372782+00:00
b68d0959-496c-496a-b149-c34796e55a72,"3/4""Ø",unknown,,0.0,0.0,Low,true,GCDC Building 4 - ST1__47dc7ef27f6e.pdf,,rejected,,,,2026-09-01T13:42:09.183271+00:00,2026-09-02T06:49:34.372810+00:00
ff6c3a28-9e67-437f-95b5-c70999a2676a,HSS10x10,structural_section,HSS10X10X5/8,0.0,0.0,Low,true,GCDC Building 4 - ST1__47dc7ef27f6e.pdf,,rejected,,,,2026-09-01T13:42:09.455528+00:00,2026-09-02T06:49:34.372838+00:00
446dd8fe-bc50-4807-b7d0-a42efe1bc8b5,L5x5,structural_section,L5X3X5/16,0.0,0.0,Low,true,GCDC Building 4 - ST1__47dc7ef27f6e.pdf,,rejected,,,,2026-09-01T13:42:09.740783+00:00,2026-09-02T06:49:34.372866+00:00
58e50bef-7c1d-4547-abeb-2e7b30cdad54,"L3x3x1/4""",structural_section,L3X3X1/4,0.87,0.87,High,true,GCDC Building 4 - ST1__47dc7ef27f6e.pdf,,rejected,,,,2026-09-01T13:42:10.406801+00:00,2026-09-02T06:49:34.372893+00:00
9a7eb539-562a-4197-a3b0-571540142bd4,"L5x5x5/16""",structural_section,L5X5X5/16,0.87,0.87,High,true,GCDC Building 4 - ST1__47dc7ef27f6e.pdf,,rejected,,,,2026-09-01T13:42:10.680235+00:00,2026-09-02T06:49:34.372920+00:00
f02d091f-9154-4141-b9aa-d5577028659b,"L4x4x1/4""@EA",structural_section,L4X4X1/4,0.87,0.87,High,true,GCDC Building 4 - ST1__47dc7ef27f6e.pdf,,rejected,,,,2026-09-01T13:42:10.919767+00:00,2026-09-02T06:49:34.372947+00:00
4e8e9ca3-bda4-4149-88c2-affd393ad5cd,"L6x4x3/8""",structural_section,L6X4X3/8,0.87,0.87,High,true,GCDC Building 4 - ST1__47dc7ef27f6e.pdf,,rejected,,,,2026-09-01T13:42:11.118863+00:00,2026-09-02T06:49:34.372975+00:00
012b55ca-e6e2-4aff-9822-ebdf9adba636,L7x7x1/2,structural_section,L7X4X1/2,0.0,0.0,Low,true,GCDC Building 4 - ST1__47dc7ef27f6e.pdf,,rejected,,,,2026-09-01T13:42:11.350871+00:00,2026-09-02T06:49:34.373003+00:00
d86943e1-3a82-4c69-8b68-7e970fc08791,"L6x6x1/2@2'-0""",structural_section,L6X6X1/2,0.87,0.87,High,true,GCDC Building 4 - ST1__47dc7ef27f6e.pdf,,rejected,,,,2026-09-01T13:42:11.551518+00:00,2026-09-02T06:49:34.373031+00:00
12c53047-f945-48e5-913d-4c21cbf54b39,HSS14x10,structural_section,HSS14X10X1/2,0.0,0.0,Low,true,GCDC Building 4 - ST1__47dc7ef27f6e.pdf,,rejected,,,,2026-09-01T13:42:11.719466+00:00,2026-09-02T06:49:34.373059+00:00
bc422196-c000-4e42-8891-3dc5c8ceabc6,L6x3,structural_section,L6X4X3/8,0.0,0.0,Low,true,GCDC Building 4 - ST1__47dc7ef27f6e.pdf,,rejected,,,,2026-09-01T13:42:12.080247+00:00,2026-09-02T06:49:34.373089+00:00
acbe3b48-7965-46f9-84cb-9381ea3daddd,HSS14x14,structural_section,HSS14X14X1,0.0,0.0,Low,true,GCDC Building 4 - ST1__47dc7ef27f6e.pdf,,rejected,,,,2026-09-01T13:42:12.412489+00:00,2026-09-02T06:49:34.373116+00:00
7e033d04-205c-4177-9d11-9b676a9a402c,W12x152,structural_section,W12X152,0.87,0.87,High,true,GCDC Building 4 - ST1__47dc7ef27f6e.pdf,,rejected,,,,2026-09-01T13:42:12.759122+00:00,2026-09-02T06:49:34.373142+00:00
18c4e6c3-a844-479b-b236-bd3c57863243,W14x82,structural_section,W14X82,0.87,0.87,High,true,GCDC Building 4 - ST1__47dc7ef27f6e.pdf,,rejected,,,,2026-09-01T13:42:12.953408+00:00,2026-09-02T06:49:34.373169+00:00
50b23ced-f701-4430-b09f-7b4cefddbcb6,2L8x8x5/8,structural_section,2L8X8X5/8,0.87,0.87,High,true,GCDC Building 4 - ST1__47dc7ef27f6e.pdf,,rejected,,,,2026-09-01T13:42:13.280364+00:00,2026-09-02T06:49:34.373197+00:00
f10f1ec1-0801-43f0-a304-d15044b8a96a,HSS10x10x3/8,structural_section,HSS10X10X3/8,0.87,0.87,High,true,GCDC Building 4 - ST1__47dc7ef27f6e.pdf,,rejected,,,,2026-09-01T13:42:13.520693+00:00,2026-09-02T06:49:34.373226+00:00
a554edea-725b-4cdb-ae40-618b44f4d8c7,"3/4""x8""",unknown,,0.0,0.0,Low,true,GCDC Building 4 - ST1__47dc7ef27f6e.pdf,,rejected,,,,2026-09-01T13:42:14.635085+00:00,2026-09-02T06:49:34.373253+00:00
2c73275f-40c0-4704-88f1-69cad02e838f,HSS10X6X3/8,structural_section,HSS10X6X3/8,0.87,0.87,High,true,GCDC Building 4 - ST1__47dc7ef27f6e.pdf,,rejected,,,,2026-09-01T13:42:15.051950+00:00,2026-09-02T06:49:34.373281+00:00
956e71fb-9b4c-4fa4-ae8b-2f2a675e390e,C4X5.4,structural_section,C4X5.4,0.62,0.62,Medium,true,GCDC Building 4 - ST1__47dc7ef27f6e.pdf,,rejected,,,,2026-09-01T13:42:15.838620+00:00,2026-09-02T06:49:34.373310+00:00
8786dca0-8e0c-404f-bd85-a657c6b3c8c8,HSS8X4,structural_section,HSS8X4X1/2,0.0,0.0,Low,true,GCDC Building 4 - ST1__47dc7ef27f6e.pdf,,rejected,,,,2026-09-01T13:42:16.042679+00:00,2026-09-02T06:49:34.373337+00:00
a00eb968-e107-40d9-ae44-a342067e92fe,W12X65,structural_section,W12X65,0.9517683386802673,0.9518,High,true,GCDC Building 4 - ST1__47dc7ef27f6e.pdf,,rejected,,,,2026-09-01T13:42:16.221646+00:00,2026-09-02T06:49:34.373363+00:00
de32225d-8e0f-4087-8d38-ae2e9929c223,W18X40,structural_section,W18X40,0.7801931123563014,0.7802,Medium,true,GCDC Building 4 - ST1__47dc7ef27f6e.pdf,,rejected,,,,2026-09-01T13:42:16.506395+00:00,2026-09-02T06:49:34.373391+00:00
5ff3553a-ac71-4281-947b-f272ac41c7f0,W10X12,structural_section,W10X12,0.9999091625213623,0.9999,High,true,GCDC Building 4 - ST1__47dc7ef27f6e.pdf,,rejected,,,,2026-09-01T13:42:16.854786+00:00,2026-09-02T06:49:34.373420+00:00
1d8a74a5-7129-46e3-97b9-26eb294d41b6,W12X19,structural_section,W12X19,0.9889377355575562,0.9889,High,true,GCDC Building 4 - ST1__47dc7ef27f6e.pdf,,rejected,,,,2026-09-01T13:42:17.220836+00:00,2026-09-02T06:49:34.373448+00:00
a15148b8-88b0-468f-a74b-51c3103638a9,W14X61,structural_section,W14X61,0.68990659903903,0.6899,Medium,true,GCDC Building 4 - ST1__47dc7ef27f6e.pdf,,rejected,,,,2026-09-01T13:42:17.571961+00:00,2026-09-02T06:49:34.373476+00:00
98284423-c8b4-46b2-82b6-ea666612b161,HSS12X12X1/2,structural_section,HSS12X12X1/2,0.5771,0.5771,Medium,true,GCDC Building 4 - ST1__47dc7ef27f6e.pdf,,rejected,,,,2026-09-01T13:42:17.785566+00:00,2026-09-02T06:49:34.373505+00:00
450b4269-bb99-42b7-913e-3b60a9ad4783,W12X30,structural_section,W12X30,0.9983789920806885,0.9984,High,true,GCDC Building 4 - ST1__47dc7ef27f6e.pdf,,rejected,,,,2026-09-01T13:42:18.313301+00:00,2026-09-02T06:49:34.373532+00:00
4831819f-2930-45da-a32f-c64efe801315,W12X22,structural_section,W12X22,0.7843142995013376,0.7843,Medium,true,GCDC Building 4 - ST1__47dc7ef27f6e.pdf,,rejected,,,,2026-09-01T13:42:18.580698+00:00,2026-09-02T06:49:34.373560+00:00
efe0ec89-87c4-4319-832d-1d5417489e8b,W10X22,structural_section,W10X22,0.6956330467684227,0.6956,Medium,true,GCDC Building 4 - ST1__47dc7ef27f6e.pdf,,rejected,,,,2026-09-01T13:42:18.941896+00:00,2026-09-02T06:49:34.373672+00:00
6de77752-e8e8-4b39-a944-aa5dca47dad4,W12X40,structural_section,W12X40,0.839975,0.84,High,true,GCDC Building 4 - ST1__47dc7ef27f6e.pdf,,rejected,,,,2026-09-01T13:42:20.826610+00:00,2026-09-02T06:49:34.373712+00:00
960dbe67-0a07-4ad0-8bf0-52efbabe4206,W12X53,structural_section,W12X53,0.9997004270553589,0.9997,High,true,GCDC Building 4 - ST1__47dc7ef27f6e.pdf,,rejected,,,,2026-09-01T13:42:21.042481+00:00,2026-09-02T06:49:34.373750+00:00
3c070c87-701c-4ea7-a8f2-2de7527a236c,W16X31,structural_section,W16X31,0.7138125000000002,0.7138,Medium,true,GCDC Building 4 - ST1__47dc7ef27f6e.pdf,,rejected,,,,2026-09-01T13:42:21.879735+00:00,2026-09-02T06:49:34.373781+00:00
5db09dd3-ee7c-41af-be5d-631d6bf62009,HSS20X12X1/2,structural_section,HSS20X12X1/2,0.6534649248066645,0.6535,Medium,true,GCDC Building 4 - ST1__47dc7ef27f6e.pdf,,rejected,,,,2026-09-01T13:42:22.221097+00:00,2026-09-02T06:49:34.373810+00:00
6aef773c-d199-4044-920a-5efbf0926d10,W30X90,structural_section,W30X90,0.9958248138427734,0.9958,High,true,GCDC Building 4 - ST1__47dc7ef27f6e.pdf,,rejected,,,,2026-09-01T13:42:22.463340+00:00,2026-09-02T06:49:34.373839+00:00
75d88177-7fd4-4067-af50-1f249fcdaeef,W33X130,structural_section,W33X130,0.9999632835388184,1.0,High,true,GCDC Building 4 - ST1__47dc7ef27f6e.pdf,,rejected,,,,2026-09-01T13:42:22.932399+00:00,2026-09-02T06:49:34.373868+00:00
966a5ab2-4501-49fb-8d1c-019bfdb60cf5,W30X99,structural_section,W30X99,0.8322624999999999,0.8323,High,true,GCDC Building 4 - ST1__47dc7ef27f6e.pdf,,rejected,,,,2026-09-01T13:42:23.224620+00:00,2026-09-02T06:49:34.373895+00:00
79034486-f2da-43ed-806a-6f308cd88d86,W36X247,structural_section,W36X247,0.8287124999999997,0.8287,High,true,GCDC Building 4 - ST1__47dc7ef27f6e.pdf,,rejected,,,,2026-09-01T13:42:23.587252+00:00,2026-09-02T06:49:34.373921+00:00
18503956-7e6f-4591-8b50-e411ee3e9962,W21X62,structural_section,W21X62,0.5713285261952704,0.5713,Medium,true,GCDC Building 4 - ST1__47dc7ef27f6e.pdf,,rejected,,,,2026-09-01T13:42:23.874614+00:00,2026-09-02T06:49:34.373948+00:00
81ea2083-54cd-4bec-aaca-cdbc7e74c592,W30X124,structural_section,W30X124,0.7498124999999999,0.7498,Medium,true,GCDC Building 4 - ST1__47dc7ef27f6e.pdf,,rejected,,,,2026-09-01T13:42:24.102284+00:00,2026-09-02T06:49:34.373975+00:00
2ec0299f-ed6d-4b96-9336-cea18f232725,W27X114,structural_section,W27X114,0.9827069044113159,0.9827,High,true,GCDC Building 4 - ST1__47dc7ef27f6e.pdf,,rejected,,,,2026-09-01T13:42:24.413726+00:00,2026-09-02T06:49:34.374003+00:00
e4d6cd3d-479c-4dc4-a794-e6a9a109b219,W33X152,structural_section,W33X152,0.8339249999999999,0.8339,High,true,GCDC Building 4 - ST1__47dc7ef27f6e.pdf,,rejected,,,,2026-09-01T13:42:24.786899+00:00,2026-09-02T06:49:34.374030+00:00
831e776c-a62b-48d2-88b8-ccd6542bb710,W33X118,structural_section,W33X118,0.9997722506523132,0.9998,High,true,GCDC Building 4 - ST1__47dc7ef27f6e.pdf,,rejected,,,,2026-09-01T13:42:24.989388+00:00,2026-09-02T06:49:34.374059+00:00
4d4566c2-3cfa-4276-b89b-634c5f488c74,W21X48,structural_section,W21X48,0.7574500000000001,0.7575,Medium,true,GCDC Building 4 - ST1__47dc7ef27f6e.pdf,,rejected,,,,2026-09-01T13:42:26.284157+00:00,2026-09-02T06:49:34.374086+00:00
c9b13404-a59e-4b41-b3fa-1e3c708b8c9a,HSS14X14X1/2,structural_section,HSS14X14X1/2,0.7985500000000002,0.7986,Medium,true,GCDC Building 4 - ST1__47dc7ef27f6e.pdf,,rejected,,,,2026-09-01T13:42:28.152899+00:00,2026-09-02T06:49:34.374114+00:00
d52cb454-277c-49a1-ba06-90867f513361,W27X84,structural_section,W27X84,0.9999947547912598,1.0,High,true,GCDC Building 4 - ST1__47dc7ef27f6e.pdf,,rejected,,,,2026-09-01T13:42:28.444142+00:00,2026-09-02T06:49:34.374142+00:00
aeac11f0-9021-458d-a06f-fed50dfb4533,W33X141,structural_section,W33X141,0.9999834299087524,1.0,High,true,GCDC Building 4 - ST1__47dc7ef27f6e.pdf,,rejected,,,,2026-09-01T13:42:28.792520+00:00,2026-09-02T06:49:34.374168+00:00
41789c5d-e46d-4daa-9236-0a58f0626f5b,W24X68,structural_section,W24X68,0.8284999999999999,0.8285,High,true,GCDC Building 4 - ST1__47dc7ef27f6e.pdf,,rejected,,,,2026-09-01T13:42:29.517591+00:00,2026-09-02T06:49:34.374195+00:00
0d78f7fd-5725-4f70-bcd7-8fe245011f59,W36X170,structural_section,W36X170,0.83435,0.8344,High,true,GCDC Building 4 - ST1__47dc7ef27f6e.pdf,,rejected,,,,2026-09-01T13:42:29.829243+00:00,2026-09-02T06:49:34.374223+00:00
f7df37f7-3a4e-4ce5-bed2-1f7713e013fd,W40X183,structural_section,W40X183,0.9134277701377869,0.9134,High,true,GCDC Building 4 - ST1__47dc7ef27f6e.pdf,,rejected,,,,2026-09-01T13:42:32.406843+00:00,2026-09-02T06:49:34.374250+00:00
f66fc2d4-6f74-4275-a20e-dd8564e1db06,W16X40,structural_section,W16X40,0.8418459892272949,0.8418,High,true,GCDC Building 4 - ST1__47dc7ef27f6e.pdf,,rejected,,,,2026-09-01T13:42:32.678549+00:00,2026-09-02T06:49:34.374276+00:00
8a2d66b7-c094-4d59-a515-6ed9291cfbc4,W21X44,structural_section,W21X44,0.9787954688072205,0.9788,High,true,GCDC Building 4 - ST1__47dc7ef27f6e.pdf,,rejected,,,,2026-09-01T13:42:33.690447+00:00,2026-09-02T06:49:34.374303+00:00
869d1c99-86f8-4d4e-9218-c5aaeaff1dc9,W30X108,structural_section,W30X108,0.7961250000000001,0.7961,Medium,true,GCDC Building 4 - ST1__47dc7ef27f6e.pdf,,rejected,,,,2026-09-01T13:42:34.025022+00:00,2026-09-02T06:49:34.374330+00:00
6df14168-5363-4264-8c1a-7d49ef15a3aa,W14X22,structural_section,W14X22,0.8081,0.8081,High,true,GCDC Building 4 - ST1__47dc7ef27f6e.pdf,,rejected,,,,2026-09-01T13:42:34.303272+00:00,2026-09-02T06:49:34.374356+00:00
e678e4e2-bd91-4603-be7a-627c20a18043,W10X33,structural_section,W10X33,0.903118371963501,0.9031,High,true,GCDC Building 4 - ST1__47dc7ef27f6e.pdf,,rejected,,,,2026-09-01T13:42:34.627921+00:00,2026-09-02T06:49:34.374382+00:00
a311909e-dc46-46e6-99b9-df91c4d9c436,W36X231,structural_section,W36X231,0.55,0.55,Medium,true,GCDC Building 4 - ST1__47dc7ef27f6e.pdf,,rejected,,,,2026-09-01T13:42:35.370303+00:00,2026-09-02T06:49:34.374408+00:00
aa9bc7e2-f161-4ddd-b0f9-604fc4cdc06e,W27X94,structural_section,W27X94,0.9981890320777893,0.9982,High,true,GCDC Building 4 - ST1__47dc7ef27f6e.pdf,,rejected,,,,2026-09-01T13:42:38.763142+00:00,2026-09-02T06:49:34.374435+00:00
88b76c59-3f68-43c5-b10d-e6a0062b0c49,L4X4X3/8,structural_section,L4X4X3/8,0.6447375,0.6447,Medium,true,GCDC Building 4 - ST1__47dc7ef27f6e.pdf,,rejected,,,,2026-09-01T13:42:39.728216+00:00,2026-09-02T06:49:34.374461+00:00
44ea481c-7efe-4411-a4a9-aaf5a4f7ce31,L6X6X5/16,structural_section,L6X6X5/16,0.6693250000000001,0.6693,Medium,true,GCDC Building 4 - ST1__47dc7ef27f6e.pdf,,rejected,,,,2026-09-01T13:42:40.361167+00:00,2026-09-02T06:49:34.374487+00:00
6522bfbf-94b9-4ef9-b88b-054648804da2,C6X10.5,structural_section,C6X10.5,0.9422726631164551,0.9423,High,true,GCDC Building 4 - ST1__47dc7ef27f6e.pdf,,rejected,,,,2026-09-01T13:42:40.712598+00:00,2026-09-02T06:49:34.374514+00:00
38dafa89-f0cb-451e-9464-aff1e217f0d7,L5X5X5/16,structural_section,L5X5X5/16,0.665525,0.6655,Medium,true,GCDC Building 4 - ST1__47dc7ef27f6e.pdf,,rejected,,,,2026-09-01T13:42:41.066795+00:00,2026-09-02T06:49:34.374541+00:00
0d5332a5-868c-4ec1-b042-d3c1e6e0601d,L6X4X3/8,structural_section,L6X4X3/8,0.6052249999999998,0.6052,Medium,true,GCDC Building 4 - ST1__47dc7ef27f6e.pdf,,rejected,,,,2026-09-01T13:42:41.357682+00:00,2026-09-02T06:49:34.374566+00:00
3d1605cc-dd31-4716-8167-41f7c751100b,C12X25,structural_section,C12X25,0.9999887943267822,1.0,High,true,GCDC Building 4 - ST1__47dc7ef27f6e.pdf,,rejected,,,,2026-09-01T13:42:41.651070+00:00,2026-09-02T06:49:34.374592+00:00
e4b3ff75-da61-41f9-8169-77f8d543de7e,W12X106,structural_section,W12X106,0.8116249999999999,0.8116,High,true,GCDC Building 4 - ST1__47dc7ef27f6e.pdf,,rejected,,,,2026-09-01T13:42:41.852470+00:00,2026-09-02T06:49:34.374619+00:00
39a4fa09-86c0-41cc-806a-afb576a6ba9f,W14X159,structural_section,W14X159,0.8116374999999999,0.8116,High,true,GCDC Building 4 - ST1__47dc7ef27f6e.pdf,,rejected,,,,2026-09-01T13:42:42.114007+00:00,2026-09-02T06:49:34.374646+00:00
5fcd8415-73ca-4830-882a-49db0c17fc34,W14X193,structural_section,W14X193,0.9970344305038452,0.997,High,true,GCDC Building 4 - ST1__47dc7ef27f6e.pdf,,rejected,,,,2026-09-01T13:42:42.308133+00:00,2026-09-02T06:49:34.374671+00:00
a22d0adf-a4be-4c26-87e5-fb4767e621db,W14X283,structural_section,W14X283,0.9987452030181885,0.9987,High,true,GCDC Building 4 - ST1__47dc7ef27f6e.pdf,,rejected,,,,2026-09-01T13:42:42.529447+00:00,2026-09-02T06:49:34.374698+00:00
97a21d8f-c7d5-4056-bf48-abd2118a90fe,W14X211,structural_section,W14X211,0.9996851682662964,0.9997,High,true,GCDC Building 4 - ST1__47dc7ef27f6e.pdf,,rejected,,,,2026-09-01T13:42:42.780136+00:00,2026-09-02T06:49:34.374725+00:00
3befa26a-a394-4955-8a09-55a166b34120,W14X176,structural_section,W14X176,0.8116499999999996,0.8116,High,true,GCDC Building 4 - ST1__47dc7ef27f6e.pdf,,rejected,,,,2026-09-01T13:42:42.977748+00:00,2026-09-02T06:49:34.374752+00:00
6a40762c-6420-4dd4-b665-cf11f35b4e45,W14X109,structural_section,W14X109,0.8116499999999996,0.8116,High,true,GCDC Building 4 - ST1__47dc7ef27f6e.pdf,,rejected,,,,2026-09-01T13:42:43.211004+00:00,2026-09-02T06:49:34.374778+00:00
86ab586d-7991-400c-aff5-fce3f8389748,W18X311,structural_section,W18X311,0.8116375000000005,0.8116,High,true,GCDC Building 4 - ST1__47dc7ef27f6e.pdf,,rejected,,,,2026-09-01T13:42:43.708612+00:00,2026-09-02T06:49:34.374805+00:00
664e82d3-baec-4132-a6d0-9e68e883bd80,W14X257,structural_section,W14X257,0.8404792547225952,0.8405,High,true,GCDC Building 4 - ST1__47dc7ef27f6e.pdf,,rejected,,,,2026-09-01T13:42:44.001171+00:00,2026-09-02T06:49:34.374832+00:00
f00293aa-4cc5-496f-bad1-1a9013323c67,W14X145,structural_section,W14X145,0.8116374999999999,0.8116,High,true,GCDC Building 4 - ST1__47dc7ef27f6e.pdf,,rejected,,,,2026-09-01T13:42:44.370781+00:00,2026-09-02T06:49:34.374858+00:00
7be5e53a-1bbc-4fb9-9a01-a954767d8d54,W14X132,structural_section,W14X132,0.997326135635376,0.9973,High,true,GCDC Building 4 - ST1__47dc7ef27f6e.pdf,,rejected,,,,2026-09-01T13:42:44.676619+00:00,2026-09-02T06:49:34.374884+00:00
cac38d1b-e47e-4621-83c5-5ced2c1a5de3,W14X90,structural_section,W14X90,0.8116249999999999,0.8116,High,true,GCDC Building 4 - ST1__47dc7ef27f6e.pdf,,rejected,,,,2026-09-01T13:42:45.458160+00:00,2026-09-02T06:49:34.374911+00:00
f29f999f-3f0d-49e1-b5ef-4120782fda89,W12X72,structural_section,W12X72,0.8116249999999999,0.8116,High,true,GCDC Building 4 - ST1__47dc7ef27f6e.pdf,,rejected,,,,2026-09-01T13:42:45.820313+00:00,2026-09-02T06:49:34.374939+00:00
e0548f22-855b-41ec-924a-4cd5b2d7f622,W12X120,structural_section,W12X120,0.9995554089546204,0.9996,High,true,GCDC Building 4 - ST1__47dc7ef27f6e.pdf,,rejected,,,,2026-09-01T13:42:46.229155+00:00,2026-09-02T06:49:34.374966+00:00
0c7789ae-1b00-4f3e-a5fe-2e32553285eb,W12X136,structural_section,W12X136,0.8145749999999998,0.8146,High,true,GCDC Building 4 - ST1__47dc7ef27f6e.pdf,,rejected,,,,2026-09-01T13:42:48.101519+00:00,2026-09-02T06:49:34.374992+00:00
8774a1ec-69cb-4d30-a428-1176375c0d8f,W12X79,structural_section,W12X79,0.8145749999999998,0.8146,High,true,GCDC Building 4 - ST1__47dc7ef27f6e.pdf,,rejected,,,,2026-09-01T13:42:48.889484+00:00,2026-09-02T06:49:34.375020+00:00
979b9b30-9d75-4cb9-891b-1f0e3cf6af41,W12X87,structural_section,W12X87,0.8261233568191528,0.8261,High,true,GCDC Building 4 - ST1__47dc7ef27f6e.pdf,,rejected,,,,2026-09-01T13:42:49.140696+00:00,2026-09-02T06:49:34.375046+00:00
389c25bc-32d5-4b88-b6cc-2ce8809d23d1,W12X96,structural_section,W12X96,0.8690547943115234,0.8691,High,true,GCDC Building 4 - ST1__47dc7ef27f6e.pdf,,rejected,,,,2026-09-01T13:42:49.566141+00:00,2026-09-02T06:49:34.375073+00:00
294b64af-a8dc-4261-9019-02be9f49d6ca,W12X58,structural_section,W12X58,0.8145749999999998,0.8146,High,true,GCDC Building 4 - ST1__47dc7ef27f6e.pdf,,rejected,,,,2026-09-01T13:42:51.313328+00:00,2026-09-02T06:49:34.375100+00:00
19c5beb7-29db-49f7-95f9-459796efb09b,W12X45,structural_section,W12X45,0.8145749999999998,0.8146,High,true,GCDC Building 4 - ST1__47dc7ef27f6e.pdf,,rejected,,,,2026-09-01T13:42:51.648033+00:00,2026-09-02T06:49:34.375127+00:00
82c0a2ea-675b-45e7-8b26-2c8bed0b142c,W14X43,structural_section,W14X43,0.9745955467224121,0.9746,High,true,GCDC Building 4 - ST1__47dc7ef27f6e.pdf,,rejected,,,,2026-09-01T13:42:52.108659+00:00,2026-09-02T06:49:34.375152+00:00
cd4dd80b-53d7-4e5a-be7c-12f32b6e4609,"5/16"".",unknown,,0.0,0.0,Low,true,ST__0bfc2d61245d.pdf,,rejected,,,,2026-09-02T06:51:32.175446+00:00,2026-09-02T07:02:03.360831+00:00
a2223c3b-8158-4556-ae43-3e192aea3fdd,"5/16""",unknown,,0.0,0.0,Low,true,ST__0bfc2d61245d.pdf,,rejected,,,,2026-09-02T06:51:32.605389+00:00,2026-09-02T07:02:03.366885+00:00
9343f238-472f-4de9-bc97-304614fa9feb,W8x31,structural_section,W8X31,0.87,0.87,High,true,ST__0bfc2d61245d.pdf,,approved,,W8X31,,2026-09-02T06:51:33.073556+00:00,2026-09-02T07:01:54.933836+00:00
273f61fa-12da-41d1-a75f-452cc7030ac2,W8x40,structural_section,W8X40,0.87,0.87,High,true,ST__0bfc2d61245d.pdf,,approved,,W8X40,,2026-09-02T06:51:33.455354+00:00,2026-09-02T07:01:54.933775+00:00
e63ea0e4-0896-4e91-9d0b-bfdba5dfd3f3,HSS10x10,structural_section,HSS10X10X5/8,0.0,0.0,Low,true,ST__0bfc2d61245d.pdf,,approved,,HSS10X10X5/8,,2026-09-02T06:51:33.794079+00:00,2026-09-02T07:01:54.933699+00:00
a4ed1617-9f16-47cd-82d8-bb5ce487dae5,HSS8x8,structural_section,HSS8X8X1/2,0.0,0.0,Low,true,ST__0bfc2d61245d.pdf,,approved,,HSS8X8X1/2,,2026-09-02T06:51:34.198361+00:00,2026-09-02T07:01:54.933559+00:00
0243f4e6-b465-4623-a3f6-07f251701cfa,"3/32""",unknown,,0.0,0.0,Low,true,ST__0bfc2d61245d.pdf,,rejected,,,,2026-09-02T06:51:35.534080+00:00,2026-09-02T07:02:03.373291+00:00
50c032a2-e661-4366-8ae7-ca73e8ee4d4e,W18x35,structural_section,W18X35,0.87,0.87,High,true,ST__0bfc2d61245d.pdf,,approved,,W18X35,,2026-09-02T06:51:36.228554+00:00,2026-09-02T07:01:34.513438+00:00
06fd758f-22d6-42c8-bd3c-b23f0c7c9689,W24x55,structural_section,W24X55,0.87,0.87,High,true,ST__0bfc2d61245d.pdf,,approved,,W24X55,,2026-09-02T06:51:36.889468+00:00,2026-09-02T07:01:34.513382+00:00
cb76b806-e85b-4743-b928-3e297033ae72,W8x10,structural_section,W8X10,0.87,0.87,High,true,ST__0bfc2d61245d.pdf,,approved,,W8X10,,2026-09-02T06:51:37.583433+00:00,2026-09-02T07:01:34.513318+00:00
3adebc7f-05d8-44be-9b8b-230943e59744,W21x50,structural_section,W21X50,0.87,0.87,High,true,ST__0bfc2d61245d.pdf,,approved,,W21X50,,2026-09-02T06:51:39.623102+00:00,2026-09-02T07:01:34.512780+00:00
a5edce13-249f-4492-b77b-6eed63dbf856,HSS 8X8 8X8,structural_section,HSS8X8X3/8,0.0,0.0,Low,true,ST__0bfc2d61245d.pdf,,approved,,HSS8X8X3/8,,2026-09-02T06:51:40.086709+00:00,2026-09-02T07:01:34.513224+00:00
9e2b54b5-cc33-49ff-ad2f-21b58482927a,"1/2""",unknown,,0.0,0.0,Low,true,ST__0bfc2d61245d.pdf,,rejected,,,,2026-09-02T06:51:42.779111+00:00,2026-09-02T07:02:03.379716+00:00
660e9be3-6536-4fbe-a6e0-20c0eac8c719,W36x150,structural_section,W36X150,0.87,0.87,High,true,ST__0bfc2d61245d.pdf,,approved,,W36X150,,2026-09-02T06:51:43.443897+00:00,2026-09-02T07:01:34.516403+00:00
0737d517-5fc2-4e99-85ab-3a635e02b488,W24x84,structural_section,W24X84,0.87,0.87,High,true,ST__0bfc2d61245d.pdf,,approved,,W24X84,,2026-09-02T06:51:44.004487+00:00,2026-09-02T07:01:34.513520+00:00
0cad15ec-1b23-460b-b055-4c97ff56cea9,"1/4""",unknown,,0.0,0.0,Low,true,ST__0bfc2d61245d.pdf,,rejected,,,,2026-09-02T06:51:44.562684+00:00,2026-09-02T07:02:03.386071+00:00
99bac5f1-72cc-498d-96ba-b66ee50571e0,"3/4""",unknown,,0.0,0.0,Low,true,ST__0bfc2d61245d.pdf,,rejected,,,,2026-09-02T06:51:45.322503+00:00,2026-09-02T07:02:03.386116+00:00
f3501277-db0c-4a98-be30-4a7afc1ea459,"3/8""",unknown,,0.0,0.0,Low,true,ST__0bfc2d61245d.pdf,,rejected,,,,2026-09-02T06:51:46.139787+00:00,2026-09-02T07:02:03.386148+00:00
b3caa4cb-b7b0-43cf-a95d-59f72144cc24,"1""",unknown,,0.0,0.0,Low,true,ST__0bfc2d61245d.pdf,,rejected,,,,2026-09-02T06:51:46.531566+00:00,2026-09-02T07:02:03.386178+00:00
1c4d4c53-5bb2-4a4e-b1fe-2e76b508f1ae,L4x4x1/4,structural_section,L4X4X1/4,0.87,0.87,High,true,ST__0bfc2d61245d.pdf,,approved,,L4X4X1/4,,2026-09-02T06:51:47.327670+00:00,2026-09-02T07:01:34.516495+00:00
038df943-d77d-485f-a79f-39d76a7b3463,"2""",unknown,,0.0,0.0,Low,true,ST__0bfc2d61245d.pdf,,rejected,,,,2026-09-02T06:51:48.478917+00:00,2026-09-02T07:02:03.386206+00:00
35c8f07d-c0b2-42e1-95f3-4f69b23e42ce,HSS8x8x1/2,structural_section,HSS8X8X1/2,0.87,0.87,High,true,ST__0bfc2d61245d.pdf,,approved,,HSS8X8X1/2,,2026-09-02T06:51:48.968221+00:00,2026-09-02T07:01:34.516557+00:00
dc455d7e-98a8-4e5c-a27d-0b078bc48041,W8x35,structural_section,W8X35,0.87,0.87,High,true,ST__0bfc2d61245d.pdf,,approved,,W8X35,,2026-09-02T06:51:49.697484+00:00,2026-09-02T07:01:34.516612+00:00
b8b65ab3-682b-43b6-8800-b47a0b1a3fce,HSS10x10x1/2,structural_section,HSS10X10X1/2,0.87,0.87,High,true,ST__0bfc2d61245d.pdf,,approved,,HSS10X10X1/2,,2026-09-02T06:51:50.618214+00:00,2026-09-02T07:01:34.516664+00:00
0e253db8-c0ae-4678-92b3-77150a9a1afa,"(3/4""",unknown,,0.0,0.0,Low,true,ST__0bfc2d61245d.pdf,,rejected,,,,2026-09-02T06:51:51.682841+00:00,2026-09-02T07:02:03.386234+00:00
fc7c97d7-77c5-45cb-914c-7b6237a88f5e,1/2x2 1/2x5/16,unknown,,0.0,0.0,Low,true,ST__0bfc2d61245d.pdf,,rejected,,,,2026-09-02T06:51:52.211988+00:00,2026-09-02T07:02:03.386261+00:00
1ac01606-20d2-483c-a03f-ad15056e82e4,"3/4""⌀A325N",unknown,,0.0,0.0,Low,true,ST__0bfc2d61245d.pdf,,rejected,,,,2026-09-02T06:51:53.007371+00:00,2026-09-02T07:02:03.386289+00:00
38fa92cf-e8bd-4128-bde4-ce0f9c05c9f2,"1/8""",unknown,,0.0,0.0,Low,true,ST__0bfc2d61245d.pdf,,rejected,,,,2026-09-02T06:51:53.394788+00:00,2026-09-02T07:02:03.386315+00:00
6ac4f8d6-7a2b-463d-963d-57228387391a,HSS6x8x1/2,structural_section,HSS8X8X1/2,0.0,0.0,Low,true,ST__0bfc2d61245d.pdf,,approved,,HSS8X8X1/2,,2026-09-02T06:51:53.746334+00:00,2026-09-02T07:01:34.516716+00:00
13262902-7e60-47f9-a6af-a10354cba71a,"3/16""",unknown,,0.0,0.0,Low,true,ST__0bfc2d61245d.pdf,,rejected,,,,2026-09-02T06:51:54.232906+00:00,2026-09-02T07:02:03.386343+00:00
e839e008-4b06-4a78-9388-6b78f0c16b82,"HSS3x3,",structural_section,HSS3X3X1/4,0.0,0.0,Low,true,ST__0bfc2d61245d.pdf,,approved,,HSS3X3X1/4,,2026-09-02T06:51:55.129202+00:00,2026-09-02T07:01:34.516821+00:00
1c5adf21-b92a-43c0-a430-95656a01db4e,L5X3X1/4,structural_section,L5X3X1/4,0.72,0.72,Medium,true,ST__0bfc2d61245d.pdf,,rejected,,,,2026-09-02T06:51:55.508407+00:00,2026-09-02T07:00:55.887529+00:00
8cf953c4-b9a5-403f-8573-bcd16d33fbb4,W14X90,structural_section,W14X90,0.6913750000000001,0.6914,Medium,true,ST__0bfc2d61245d.pdf,,rejected,,,,2026-09-02T06:51:55.954585+00:00,2026-09-02T07:00:55.887501+00:00
4e4fc336-6177-47f0-a715-fc399c0aebd2,W16X26,structural_section,W16X26,0.5583499999999992,0.5583,Medium,true,ST__0bfc2d61245d.pdf,,rejected,,,,2026-09-02T06:51:56.273852+00:00,2026-09-02T07:00:55.887471+00:00
8a678d8e-0a54-4575-bb26-2cff2638366e,W21X44,structural_section,W21X44,0.9761189222335815,0.9761,High,true,ST__0bfc2d61245d.pdf,,rejected,,,,2026-09-02T06:51:56.805961+00:00,2026-09-02T07:00:55.887443+00:00
b591ed6d-15f1-46b7-a3eb-bbbe3b791ba4,WT16.5X59,structural_section,WT16.5X59,1.0,1.0,High,true,ST__0bfc2d61245d.pdf,,rejected,,,,2026-09-02T06:51:57.179176+00:00,2026-09-02T07:00:55.887414+00:00
a33d2a94-0032-4134-9a56-152ef5b7a9f5,W16X31,structural_section,W16X31,0.8120999999999998,0.8121,High,true,ST__0bfc2d61245d.pdf,,rejected,,,,2026-09-02T06:51:57.572713+00:00,2026-09-02T07:00:55.887386+00:00
bbd9dfc8-f6e1-4aa1-aa6a-08a4d992ca62,W10X12,structural_section,W10X12,0.9999092817306519,0.9999,High,true,ST__0bfc2d61245d.pdf,,rejected,,,,2026-09-02T06:51:58.092356+00:00,2026-09-02T07:00:55.887358+00:00
1925fdc7-2cdb-4903-85e7-f9bbb7ca91ac,W12X22,structural_section,W12X22,0.7029624999999998,0.703,Medium,true,ST__0bfc2d61245d.pdf,,rejected,,,,2026-09-02T06:51:58.352227+00:00,2026-09-02T07:00:55.887331+00:00
c7807859-ffaf-41e3-a422-8d33a1d4df86,HSS12X12X1/2,structural_section,HSS12X12X1/2,0.5925315116368604,0.5925,Medium,true,ST__0bfc2d61245d.pdf,,rejected,,,,2026-09-02T06:51:58.667706+00:00,2026-09-02T07:00:55.887302+00:00
f8599ab6-00a7-4a78-b646-ca2ef79e83bc,W12X45,structural_section,W12X45,0.7492119922808277,0.7492,Medium,true,ST__0bfc2d61245d.pdf,,rejected,,,,2026-09-02T06:51:59.026018+00:00,2026-09-02T07:00:55.887273+00:00
7a48b8d3-8fe6-41e7-8e89-ad0bf0a1185e,W14X22,structural_section,W14X22,0.8319,0.8319,High,true,ST__0bfc2d61245d.pdf,,rejected,,,,2026-09-02T06:51:59.436113+00:00,2026-09-02T07:00:55.887243+00:00
955fe495-8cd4-48fd-8435-f3b8bd5a0f0d,W18X40,structural_section,W18X40,0.85,0.85,High,true,ST__0bfc2d61245d.pdf,,rejected,,,,2026-09-02T06:51:59.849019+00:00,2026-09-02T07:00:55.887212+00:00
7b0a023f-a067-49fc-b549-b057643a7a62,W16X45,structural_section,W16X45,0.8125375000000008,0.8125,High,true,ST__0bfc2d61245d.pdf,,rejected,,,,2026-09-02T06:52:00.735698+00:00,2026-09-02T07:00:55.887183+00:00
e8a6f599-d70e-46c1-91f6-5060b13c736a,W36X170,structural_section,W36X170,0.7912557968285385,0.7913,Medium,true,ST__0bfc2d61245d.pdf,,rejected,,,,2026-09-02T06:52:01.198700+00:00,2026-09-02T07:00:55.887153+00:00
d512af87-f19c-483e-8955-e95b9894a5ca,W24X68,structural_section,W24X68,0.55,0.55,Medium,true,ST__0bfc2d61245d.pdf,,rejected,,,,2026-09-02T06:52:01.617538+00:00,2026-09-02T07:00:55.887123+00:00
4243a7df-46e0-4aa2-88f2-8205964c3cb8,HSS8X6X1/2,structural_section,HSS8X6X1/2,0.8099999999999999,0.81,High,true,ST__0bfc2d61245d.pdf,,rejected,,,,2026-09-02T06:52:02.015018+00:00,2026-09-02T07:00:55.887091+00:00
2a71c0d8-6385-4623-a5bf-3f2535b54f98,W8X24,structural_section,W8X24,0.7533124999999999,0.7533,Medium,true,ST__0bfc2d61245d.pdf,,rejected,,,,2026-09-02T06:52:02.315570+00:00,2026-09-02T07:00:55.887056+00:00
a4944824-2083-4fe7-bda7-32fd2fe2b216,W8X28,structural_section,W8X28,0.7664125000000002,0.7664,Medium,true,ST__0bfc2d61245d.pdf,,rejected,,,,2026-09-02T06:52:02.707859+00:00,2026-09-02T07:00:55.887006+00:00
7b1a9d65-e73d-4929-bcee-07f2468217f9,HSS3X3X1/4,structural_section,HSS3X3X1/4,0.7178418324506578,0.7178,Medium,true,ST__0bfc2d61245d.pdf,,rejected,,,,2026-09-02T06:52:04.229003+00:00,2026-09-02T07:00:55.886624+00:00
175e61b1-8ea1-4fd2-ae12-72232a9bf7a2,"1/8""X2""",unknown,,0.0,0.0,Low,true,Structure - Copy__9414716bffc6.pdf,,rejected,,,,2026-09-02T07:03:43.906593+00:00,2026-09-02T07:06:21.745076+00:00
fdc8adc7-3592-4e9f-9cb8-484b75a800ef,"1/2""",unknown,,0.0,0.0,Low,true,Structure - Copy__9414716bffc6.pdf,,rejected,,,,2026-09-02T07:03:44.115627+00:00,2026-09-02T07:06:21.745038+00:00
3fec2000-0d41-40bd-abcc-bc166cec1b1e,"1""",unknown,,0.0,0.0,Low,true,Structure - Copy__9414716bffc6.pdf,,rejected,,,,2026-09-02T07:03:44.309793+00:00,2026-09-02T07:06:21.745009+00:00
8852738b-b646-4018-a531-71820b166e1d,"2""",unknown,,0.0,0.0,Low,true,Structure - Copy__9414716bffc6.pdf,,rejected,,,,2026-09-02T07:03:44.515083+00:00,2026-09-02T07:06:21.744981+00:00
72e13c47-fd82-4694-9256-126b10b604e0,6X6-W2.0XW2.0,unknown,,0.0,0.0,Low,true,Structure - Copy__9414716bffc6.pdf,,rejected,,,,2026-09-02T07:03:44.707915+00:00,2026-09-02T07:06:21.744962+00:00
12045bc8-73bf-4568-9ea8-a2c942040d4f,"3/4""",unknown,,0.0,0.0,Low,true,Structure - Copy__9414716bffc6.pdf,,rejected,,,,2026-09-02T07:03:44.954112+00:00,2026-09-02T07:06:21.744944+00:00
b90720c2-37e7-428c-8712-759097c46107,"1-1/2""",unknown,,0.0,0.0,Low,true,Structure - Copy__9414716bffc6.pdf,,rejected,,,,2026-09-02T07:03:45.147935+00:00,2026-09-02T07:06:21.744925+00:00
1a765fdb-bdcf-4f23-884c-4d31b23ee993,W10X24,structural_section,W10X45,0.0,0.0,Low,true,Structure - Copy__9414716bffc6.pdf,,rejected,,,,2026-09-02T07:03:45.348172+00:00,2026-09-02T07:06:21.744905+00:00
9197cb85-1fc1-4338-a0db-a6b19bcfcf6c,"1/8""",unknown,,0.0,0.0,Low,true,Structure - Copy__9414716bffc6.pdf,,rejected,,,,2026-09-02T07:03:45.540159+00:00,2026-09-02T07:06:21.744884+00:00
46b4bc73-1d00-4fd8-97f9-5914e630429f,"1/4""",unknown,,0.0,0.0,Low,true,Structure - Copy__9414716bffc6.pdf,,rejected,,,,2026-09-02T07:03:45.739884+00:00,2026-09-02T07:06:21.744863+00:00
5333d112-381b-417b-b970-6c616f6d0168,2 IN-FIELD,unknown,,0.0,0.0,Low,true,Structure - Copy__9414716bffc6.pdf,,rejected,,,,2026-09-02T07:03:45.926757+00:00,2026-09-02T07:06:21.744842+00:00
31dbbdaf-ce8c-414e-bbc4-5ea6869ed56d,L3x2x3/16,structural_section,L3X2X3/16,0.87,0.87,High,true,Structure - Copy__9414716bffc6.pdf,,approved,,L3X2X3/16,,2026-09-02T07:03:46.332984+00:00,2026-09-02T07:06:08.031220+00:00
f5470ef9-ba8d-4038-ad59-f036b1226e66,"(2)-1/2""",unknown,,0.0,0.0,Low,true,Structure - Copy__9414716bffc6.pdf,,rejected,,,,2026-09-02T07:03:46.493001+00:00,2026-09-02T07:06:21.744809+00:00
c7a3082c-995a-4b73-959a-9fe2109543f8,"3/4""x1/8""",unknown,,0.0,0.0,Low,true,Structure - Copy__9414716bffc6.pdf,,rejected,,,,2026-09-02T07:03:46.687588+00:00,2026-09-02T07:06:21.744776+00:00
d90fa813-1bd4-45a4-92d0-8d79984588a0,4x4,unknown,,0.0,0.0,Low,true,Structure - Copy__9414716bffc6.pdf,,rejected,,,,2026-09-02T07:03:46.881906+00:00,2026-09-02T07:06:21.744737+00:00
c764c16b-9638-4755-ac78-0694ae027a96,"3-1/2""",unknown,,0.0,0.0,Low,true,Structure - Copy__9414716bffc6.pdf,,rejected,,,,2026-09-02T07:03:47.101499+00:00,2026-09-02T07:06:21.744579+00:00
dcb0dc14-531b-4050-8ffc-991c6f845fbb,"10""",unknown,,0.0,0.0,Low,true,Structure - Copy__9414716bffc6.pdf,,rejected,,,,2026-09-02T07:03:47.532455+00:00,2026-09-02T07:05:57.393859+00:00
b0f6db3c-ec01-4e82-879f-01e9c90aa9ac,"2-3/4""",unknown,,0.0,0.0,Low,true,Structure - Copy__9414716bffc6.pdf,,rejected,,,,2026-09-02T07:03:47.835893+00:00,2026-09-02T07:05:57.393833+00:00
9a32d8f5-72a7-4cd1-847d-ea47e115f596,1/2x2 1/2x3/16,unknown,,0.0,0.0,Low,true,Structure - Copy__9414716bffc6.pdf,,rejected,,,,2026-09-02T07:03:48.032628+00:00,2026-09-02T07:05:57.393808+00:00
1f2e2c4c-e725-4a4e-beb1-4a89d478e187,"L4x4x1/4""x1'-0""",structural_section,L4X4X1/4,0.87,0.87,High,true,Structure - Copy__9414716bffc6.pdf,,approved,,L4X4X1/4,,2026-09-02T07:03:48.264306+00:00,2026-09-02T07:05:45.928472+00:00
8b431fa9-4a3e-4eaf-a61f-b588220775ae,"2"",",unknown,,0.0,0.0,Low,true,Structure - Copy__9414716bffc6.pdf,,rejected,,,,2026-09-02T07:03:48.491063+00:00,2026-09-02T07:05:57.393782+00:00
893e5408-dd8a-4d72-a473-4dff7d3dbf3d,"3/16""",unknown,,0.0,0.0,Low,true,Structure - Copy__9414716bffc6.pdf,,rejected,,,,2026-09-02T07:03:48.831241+00:00,2026-09-02T07:05:57.393757+00:00
481fa0d9-b6c5-4b4c-88cd-944e1a2add84,"2"".",unknown,,0.0,0.0,Low,true,Structure - Copy__9414716bffc6.pdf,,rejected,,,,2026-09-02T07:03:49.124794+00:00,2026-09-02T07:05:57.393731+00:00
b3b414b9-1342-4aac-893e-401890ee9985,"4-1/2""",unknown,,0.0,0.0,Low,true,Structure - Copy__9414716bffc6.pdf,,rejected,,,,2026-09-02T07:03:49.374921+00:00,2026-09-02T07:05:57.393706+00:00
f56472a9-6b65-4895-8b8f-1493f7a0e580,"4-1/2"",",unknown,,0.0,0.0,Low,true,Structure - Copy__9414716bffc6.pdf,,rejected,,,,2026-09-02T07:03:49.619110+00:00,2026-09-02T07:05:57.393680+00:00
e29c9462-5cf3-4b58-b21e-1c799509b194,"12""",unknown,,0.0,0.0,Low,true,Structure - Copy__9414716bffc6.pdf,,rejected,,,,2026-09-02T07:03:49.866488+00:00,2026-09-02T07:05:57.393654+00:00
2db7f1b5-a69d-4f92-9bc7-e982b1b5a27e,"3/16""x1""",unknown,,0.0,0.0,Low,true,Structure - Copy__9414716bffc6.pdf,,rejected,,,,2026-09-02T07:03:50.070608+00:00,2026-09-02T07:05:57.393628+00:00
283dde43-f2cd-472b-8d4d-4d5110c8cf47,"L3x3x1/4,",structural_section,L3X3X1/4,0.87,0.87,High,true,Structure - Copy__9414716bffc6.pdf,,approved,,L3X3X1/4,,2026-09-02T07:03:50.341240+00:00,2026-09-02T07:05:45.928304+00:00
0fe19332-3eb6-4e49-849c-762de1dc4e5d,L3x3x3/16,structural_section,L3X3X3/16,0.87,0.87,High,true,Structure - Copy__9414716bffc6.pdf,,approved,,L3X3X3/16,,2026-09-02T07:03:50.600252+00:00,2026-09-02T07:05:28.038129+00:00
d4560699-cbde-472f-8349-5be89c6fe5ed,"13/16""",unknown,,0.0,0.0,Low,true,Structure - Copy__9414716bffc6.pdf,,rejected,,,,2026-09-02T07:03:50.780290+00:00,2026-09-02T07:05:57.393602+00:00
56e02d91-54e8-4c0d-b465-8ee6e7d9f07c,"2-1/2""",unknown,,0.0,0.0,Low,true,Structure - Copy__9414716bffc6.pdf,,rejected,,,,2026-09-02T07:03:51.107713+00:00,2026-09-02T07:05:57.393576+00:00
d073af77-3da1-4404-989d-89222cb01a97,L4x3x3/8,structural_section,L4X3X3/8,0.87,0.87,High,true,Structure - Copy__9414716bffc6.pdf,,approved,,L4X3X3/8,,2026-09-02T07:03:51.449361+00:00,2026-09-02T07:05:28.038309+00:00
a82a1075-828d-4f4f-a7ea-d554b0288761,"L6x4x3/8x0'-4""",structural_section,L6X4X3/8,0.87,0.87,High,true,Structure - Copy__9414716bffc6.pdf,,approved,,L6X4X3/8,,2026-09-02T07:03:51.884192+00:00,2026-09-02T07:05:28.038381+00:00
a022fa28-a62d-486a-9139-0b99124ad337,"L4x3x1/4x1'-6""",structural_section,L4X3X1/4,0.87,0.87,High,true,Structure - Copy__9414716bffc6.pdf,,approved,,L4X3X1/4,,2026-09-02T07:03:52.086363+00:00,2026-09-02T07:05:28.038459+00:00
936a489e-c2d1-45ee-b6f7-1fbe4f7d8e5d,"1/4"",",unknown,,0.0,0.0,Low,true,Structure - Copy__9414716bffc6.pdf,,rejected,,,,2026-09-02T07:03:52.289283+00:00,2026-09-02T07:05:57.393550+00:00
ce31c358-d7ee-43e8-b18e-09f8963c7b77,L4x3x5/16,structural_section,L4X3X5/16,0.87,0.87,High,true,Structure - Copy__9414716bffc6.pdf,,approved,,L4X3X5/16,,2026-09-02T07:03:52.649024+00:00,2026-09-02T07:05:28.038513+00:00
e518d488-ce53-4c5c-bf61-6960180b519c,"15/16""",unknown,,0.0,0.0,Low,true,Structure - Copy__9414716bffc6.pdf,,rejected,,,,2026-09-02T07:03:53.001484+00:00,2026-09-02T07:05:57.393524+00:00
8eccd865-705a-4686-9114-a72cbc3bfec8,"2-1/16""",unknown,,0.0,0.0,Low,true,Structure - Copy__9414716bffc6.pdf,,rejected,,,,2026-09-02T07:03:53.205521+00:00,2026-09-02T07:05:57.393497+00:00
0c941857-dda7-4cae-a057-58189526fcd2,"L4x4x5/16,",structural_section,L4X4X5/16,0.87,0.87,High,true,Structure - Copy__9414716bffc6.pdf,,approved,,L4X4X5/16,,2026-09-02T07:03:53.486907+00:00,2026-09-02T07:05:28.038564+00:00
87869325-639e-4553-b818-1eacd5763a7a,"C6x10.5x1'-8""",structural_section,C6X10.5,0.87,0.87,High,true,Structure - Copy__9414716bffc6.pdf,,approved,,C6X10.5,,2026-09-02T07:03:53.772989+00:00,2026-09-02T07:05:28.038614+00:00
4d61e507-4bf1-4a85-911e-5438c7f55cda,"5/16""",unknown,,0.0,0.0,Low,true,Structure - Copy__9414716bffc6.pdf,,rejected,,,,2026-09-02T07:03:54.086923+00:00,2026-09-02T07:05:57.393471+00:00
1f6e8d82-e21e-4269-bb6f-c7320fe0e4cb,"3/8""",unknown,,0.0,0.0,Low,true,Structure - Copy__9414716bffc6.pdf,,rejected,,,,2026-09-02T07:03:54.276636+00:00,2026-09-02T07:05:57.393444+00:00
9255fa0e-eac9-4c09-a552-5795115d0200,"3/8"")",unknown,,0.0,0.0,Low,true,Structure - Copy__9414716bffc6.pdf,,rejected,,,,2026-09-02T07:03:54.615315+00:00,2026-09-02T07:05:57.393417+00:00
2d666707-e37a-4ef5-9459-e3a73daf0f8a,L2x2x1/8,structural_section,L2X2X1/8,0.87,0.87,High,true,Structure - Copy__9414716bffc6.pdf,,approved,,L2X2X1/8,,2026-09-02T07:03:54.943619+00:00,2026-09-02T07:05:28.038663+00:00
34e3c12a-f4ba-4e09-aa20-d1714d626374,"(4)-1/2""",unknown,,0.0,0.0,Low,true,Structure - Copy__9414716bffc6.pdf,,rejected,,,,2026-09-02T07:03:55.398563+00:00,2026-09-02T07:05:57.393389+00:00
1f4329d5-0c5a-48c8-a4a8-fde0dbca812a,L6x4x5/16,structural_section,L6X4X5/16,0.87,0.87,High,true,Structure - Copy__9414716bffc6.pdf,,approved,,L6X4X5/16,,2026-09-02T07:03:55.591091+00:00,2026-09-02T07:05:28.038710+00:00
034024c6-9c10-46de-ba6d-dd57178a4bc2,L6x4x3/8,structural_section,L6X4X3/8,0.87,0.87,High,true,Structure - Copy__9414716bffc6.pdf,,approved,,L6X4X3/8,,2026-09-02T07:03:55.941282+00:00,2026-09-02T07:05:28.038972+00:00
d88c885a-5775-4c20-b15f-f3c900fc5867,"20""",unknown,,0.0,0.0,Low,true,Structure - Copy__9414716bffc6.pdf,,rejected,,,,2026-09-02T07:03:56.365756+00:00,2026-09-02T07:05:57.393360+00:00
d0e6edff-d9a4-4582-a160-93a2150fc5a9,"5/8""",unknown,,0.0,0.0,Low,true,Structure - Copy__9414716bffc6.pdf,,rejected,,,,2026-09-02T07:03:56.588724+00:00,2026-09-02T07:05:57.393332+00:00
c892ab40-f45d-4107-9bb4-7d292d379e28,"(2""",unknown,,0.0,0.0,Low,true,Structure - Copy__9414716bffc6.pdf,,rejected,,,,2026-09-02T07:03:57.031883+00:00,2026-09-02T07:05:57.393303+00:00
a2442945-0c32-45fb-bfbc-84da5db1a946,"(3/4""",unknown,,0.0,0.0,Low,true,Structure - Copy__9414716bffc6.pdf,,rejected,,,,2026-09-02T07:03:57.219628+00:00,2026-09-02T07:05:57.393271+00:00
4fb37cb7-66b3-4f24-9cdb-d03cef930b68,6x6-W1.4xW1.4,unknown,,0.0,0.0,Low,true,Structure - Copy__9414716bffc6.pdf,,rejected,,,,2026-09-02T07:03:57.621477+00:00,2026-09-02T07:05:57.393225+00:00
a50a603d-ef5e-4dbe-ad28-55863be3a446,L3x3x1/4,structural_section,L3X3X1/4,0.87,0.87,High,true,Structure - Copy__9414716bffc6.pdf,,approved,,L3X3X1/4,,2026-09-02T07:03:57.919469+00:00,2026-09-02T07:05:03.153861+00:00
3393a299-97f8-4f91-8137-04b1b5543e97,[6 x 6,unknown,,0.0,0.0,Low,true,Structure - Copy__9414716bffc6.pdf,,rejected,,,,2026-09-02T07:03:58.289955+00:00,2026-09-02T07:05:57.386853+00:00
a0f976c1-57d2-4bf5-b628-e89ab8c95476,W18X40,structural_section,W18X40,0.87,0.87,High,true,Structure - Copy__9414716bffc6.pdf,,approved,,W18X40,,2026-09-02T07:03:58.490947+00:00,2026-09-02T07:05:03.153815+00:00
a8034d1d-1537-4f48-90b0-5fd5705d05f9,W10X15,structural_section,W10X15,0.87,0.87,High,true,Structure - Copy__9414716bffc6.pdf,,approved,,W10X15,,2026-09-02T07:03:58.684545+00:00,2026-09-02T07:05:03.153767+00:00
4d91eea6-a0c4-4cee-9819-354eb797c94d,W12X19,structural_section,W12X19,0.87,0.87,High,true,Structure - Copy__9414716bffc6.pdf,,approved,,W12X19,,2026-09-02T07:03:58.882191+00:00,2026-09-02T07:05:03.153718+00:00
7d64f694-d673-4ac6-9721-4b3f2cad76c6,W12X14,structural_section,W12X14,0.87,0.87,High,true,Structure - Copy__9414716bffc6.pdf,,approved,,W12X14,,2026-09-02T07:03:59.132169+00:00,2026-09-02T07:05:03.153665+00:00
2334561a-a2a1-4617-8d04-416f053d5182,HSS14X10X1/4,structural_section,HSS14X10X1/4,0.87,0.87,High,true,Structure - Copy__9414716bffc6.pdf,,approved,,HSS14X10X1/4,,2026-09-02T07:03:59.831138+00:00,2026-09-02T07:05:03.153618+00:00
5a16b0b2-8fec-462f-aa4e-ceb2d8265386,L8X6X1/2,structural_section,L8X6X1/2,0.72,0.72,Medium,true,Structure - Copy__9414716bffc6.pdf,,approved,,L8X6X1/2,,2026-09-02T07:04:00.235744+00:00,2026-09-02T07:05:03.153569+00:00
e468222a-4dd6-4ebb-a3a9-aacc4293be09,L6X6X3/8,structural_section,L6X6X3/8,0.72,0.72,Medium,true,Structure - Copy__9414716bffc6.pdf,,approved,,L6X6X3/8,,2026-09-02T07:04:00.432855+00:00,2026-09-02T07:05:03.153519+00:00
985ff6e8-5f64-4170-9747-5b278ab88f5e,L5X3,structural_section,L5X3X1/4,0.0,0.0,Low,true,Structure - Copy__9414716bffc6.pdf,,approved,,L5X3X1/4,,2026-09-02T07:04:00.714838+00:00,2026-09-02T07:05:03.153471+00:00
cd47fa53-769b-4f12-a81d-ad2f0c17b235,L2X2X3/16,structural_section,L2X2X3/16,0.72,0.72,Medium,true,Structure - Copy__9414716bffc6.pdf,,approved,,L2X2X3/16,,2026-09-02T07:04:00.910155+00:00,2026-09-02T07:05:03.153420+00:00
682bdf25-7eb4-4a7d-aa84-e763bb8360b8,C8X11.5,structural_section,C8X11.5,0.72,0.72,Medium,true,Structure - Copy__9414716bffc6.pdf,,approved,,C8X11.5,,2026-09-02T07:04:01.106807+00:00,2026-09-02T07:05:03.153368+00:00
6abb2821-28e1-49d5-ac86-96cc1a05d2a2,W10X22,structural_section,W10X22,0.72,0.72,Medium,true,Structure - Copy__9414716bffc6.pdf,,approved,,W10X22,,2026-09-02T07:04:01.303508+00:00,2026-09-02T07:05:03.153318+00:00
8f548e7f-2874-4ae1-b8ab-68d1cb0263cb,L5X3X5/16,structural_section,L5X3X5/16,0.72,0.72,Medium,true,Structure - Copy__9414716bffc6.pdf,,approved,,L5X3X5/16,,2026-09-02T07:04:01.506622+00:00,2026-09-02T07:05:03.153269+00:00
92734c94-3cd1-4bc2-8f2f-eb3edf0a5f7d,W8X15,structural_section,W8X15,0.8896779417991638,0.8897,High,true,Structure - Copy__9414716bffc6.pdf,,approved,,W8X15,,2026-09-02T07:04:01.705891+00:00,2026-09-02T07:05:03.153221+00:00
1f568bf0-9fdf-4dc8-8e49-78772c275196,L4X4X1/4,structural_section,L4X4X1/4,0.7562486633428619,0.7562,Medium,true,Structure - Copy__9414716bffc6.pdf,,approved,,L4X4X1/4,,2026-09-02T07:04:01.902702+00:00,2026-09-02T07:05:03.153169+00:00
962422ea-f2de-4020-bbbd-94fe27dd16f3,W21X44,structural_section,W21X44,0.9999792575836182,1.0,High,true,Structure - Copy__9414716bffc6.pdf,,approved,,W21X44,,2026-09-02T07:04:02.235491+00:00,2026-09-02T07:05:03.153117+00:00
a9010a49-2ef3-475d-beaf-6126ee381433,W14X22,structural_section,W14X22,0.9411903023719788,0.9412,High,true,Structure - Copy__9414716bffc6.pdf,,approved,,W14X22,,2026-09-02T07:04:02.434030+00:00,2026-09-02T07:05:03.153062+00:00
4bb5ee95-1f31-4924-a6f5-8d3cabcb2939,W18X35,structural_section,W18X35,0.9996360540390015,0.9996,High,true,Structure - Copy__9414716bffc6.pdf,,approved,,W18X35,,2026-09-02T07:04:02.737648+00:00,2026-09-02T07:05:03.153009+00:00
dcd2dcb9-3514-4762-93ad-7d37f37c060e,W16X31,structural_section,W16X31,0.9999109506607056,0.9999,High,true,Structure - Copy__9414716bffc6.pdf,,approved,,W16X31,,2026-09-02T07:04:03.282858+00:00,2026-09-02T07:05:03.152940+00:00
1dde5219-233b-428e-aa01-395e4bcd8f34,W24X68,structural_section,W24X68,0.9581074118614197,0.9581,High,true,Structure - Copy__9414716bffc6.pdf,,approved,,W24X68,,2026-09-02T07:04:03.482996+00:00,2026-09-02T07:05:03.152801+00:00
18bbaf46-c3b6-4615-ad44-88b08aca198d,"3/4""Ø",unknown,,0.0,0.0,Low,true,1200 K_Permit_Bid_Dwgs - Structural__240bd2541fbc.pdf,,rejected,,,,2026-09-02T07:09:20.158725+00:00,2026-09-02T07:12:16.999951+00:00
598619c4-4006-4024-8b7d-52e7debe8ff2,W18x50,structural_section,W18X50,0.87,0.87,High,true,1200 K_Permit_Bid_Dwgs - Structural__240bd2541fbc.pdf,,approved,,W18X50,,2026-09-02T07:09:20.388934+00:00,2026-09-02T07:12:05.515956+00:00
bafc282e-ea8f-44b6-9270-ac012f75e281,"1/2"")",unknown,,0.0,0.0,Low,true,1200 K_Permit_Bid_Dwgs - Structural__240bd2541fbc.pdf,,rejected,,,,2026-09-02T07:09:20.609439+00:00,2026-09-02T07:12:16.999920+00:00
c031a962-6474-45af-af18-9b06fc615beb,"1/2""",unknown,,0.0,0.0,Low,true,1200 K_Permit_Bid_Dwgs - Structural__240bd2541fbc.pdf,,rejected,,,,2026-09-02T07:09:20.825897+00:00,2026-09-02T07:12:16.999890+00:00
34a9546c-3cd2-4c5e-8ce0-a50cd5125f39,"3/4""",unknown,,0.0,0.0,Low,true,1200 K_Permit_Bid_Dwgs - Structural__240bd2541fbc.pdf,,rejected,,,,2026-09-02T07:09:21.047270+00:00,2026-09-02T07:12:16.999861+00:00
89271866-3f90-4b26-b4cc-5b4589881946,"1-1/2""",unknown,,0.0,0.0,Low,true,1200 K_Permit_Bid_Dwgs - Structural__240bd2541fbc.pdf,,rejected,,,,2026-09-02T07:09:21.272077+00:00,2026-09-02T07:12:16.999831+00:00
fdac343e-a156-4375-a9f2-9094fbb6c4fe,"1-5/8""",unknown,,0.0,0.0,Low,true,1200 K_Permit_Bid_Dwgs - Structural__240bd2541fbc.pdf,,rejected,,,,2026-09-02T07:09:21.491172+00:00,2026-09-02T07:12:16.999802+00:00
0ee4f9c8-af5c-4084-a434-5d1b0b78c3c3,"5/8""",unknown,,0.0,0.0,Low,true,1200 K_Permit_Bid_Dwgs - Structural__240bd2541fbc.pdf,,rejected,,,,2026-09-02T07:09:21.910071+00:00,2026-09-02T07:12:16.999772+00:00
d9f10366-e0b3-4585-aae2-225416f23a8e,"12""",unknown,,0.0,0.0,Low,true,1200 K_Permit_Bid_Dwgs - Structural__240bd2541fbc.pdf,,rejected,,,,2026-09-02T07:09:22.172856+00:00,2026-09-02T07:12:16.999740+00:00
1ef3abaf-1f51-4655-ba7c-12778bce1db0,"30""",unknown,,0.0,0.0,Low,true,1200 K_Permit_Bid_Dwgs - Structural__240bd2541fbc.pdf,,rejected,,,,2026-09-02T07:09:22.392947+00:00,2026-09-02T07:12:16.999707+00:00
421d98d9-5848-42e1-a7c3-0800fd3c922b,HSS6X6X3/8,structural_section,HSS6X6X3/8,0.87,0.87,High,true,1200 K_Permit_Bid_Dwgs - Structural__240bd2541fbc.pdf,,approved,,HSS6X6X3/8,,2026-09-02T07:09:22.721314+00:00,2026-09-02T07:12:05.516521+00:00
6b168243-7e70-426c-a4ba-e21c5a3257d8,C15X33.9,structural_section,C15X33.9,0.87,0.87,High,true,1200 K_Permit_Bid_Dwgs - Structural__240bd2541fbc.pdf,,approved,,C15X33.9,,2026-09-02T07:09:22.937801+00:00,2026-09-02T07:12:05.516409+00:00
f1a9f74f-b27d-456d-9779-619766fd22b7,W10X19,structural_section,W10X19,0.87,0.87,High,true,1200 K_Permit_Bid_Dwgs - Structural__240bd2541fbc.pdf,,approved,,W10X19,,2026-09-02T07:09:23.210357+00:00,2026-09-02T07:12:05.516354+00:00
68a8e9a5-b5ef-49ac-a655-81c57873676d,HSS8X4X3/8,structural_section,HSS8X4X3/8,0.87,0.87,High,true,1200 K_Permit_Bid_Dwgs - Structural__240bd2541fbc.pdf,,approved,,HSS8X4X3/8,,2026-09-02T07:09:23.464384+00:00,2026-09-02T07:12:05.516296+00:00
79b79cae-0d84-4470-b106-d309562c86a1,HSS4X4X3/8,structural_section,HSS4X4X3/8,0.87,0.87,High,true,1200 K_Permit_Bid_Dwgs - Structural__240bd2541fbc.pdf,,approved,,HSS4X4X3/8,,2026-09-02T07:09:23.729173+00:00,2026-09-02T07:12:05.516214+00:00
b7831c22-e17b-46ef-9844-6bc0aa65d0c0,"HSS5x5x3/8,",structural_section,HSS5X5X3/8,0.87,0.87,High,true,1200 K_Permit_Bid_Dwgs - Structural__240bd2541fbc.pdf,,approved,,HSS5X5X3/8,,2026-09-02T07:09:24.072309+00:00,2026-09-02T07:12:05.516079+00:00
27de12b9-1d60-4cdf-8a30-e110fbf981bb,W8X40,structural_section,W8X40,0.87,0.87,High,true,1200 K_Permit_Bid_Dwgs - Structural__240bd2541fbc.pdf,,approved,,W8X40,,2026-09-02T07:09:24.389400+00:00,2026-09-02T07:11:38.922342+00:00
160aa6ef-bab1-41b4-9746-8d9ab75ca499,HSS5x5x3/8,structural_section,HSS5X5X3/8,0.87,0.87,High,true,1200 K_Permit_Bid_Dwgs - Structural__240bd2541fbc.pdf,,approved,,HSS5X5X3/8,,2026-09-02T07:09:24.602448+00:00,2026-09-02T07:11:38.922293+00:00
07c1216b-e943-4e60-b9df-7b2f7b32c519,C8X11.5,structural_section,C8X11.5,0.87,0.87,High,true,1200 K_Permit_Bid_Dwgs - Structural__240bd2541fbc.pdf,,approved,,C8X11.5,,2026-09-02T07:09:24.945803+00:00,2026-09-02T07:11:38.922242+00:00
d3d67a46-bdb4-42b7-903d-166d0cbbf90e,L7X4X3/8,structural_section,L7X4X3/8,0.87,0.87,High,true,1200 K_Permit_Bid_Dwgs - Structural__240bd2541fbc.pdf,,approved,,L7X4X3/8,,2026-09-02T07:09:25.684600+00:00,2026-09-02T07:11:38.922190+00:00
79ee6d61-a5f3-4161-b7ec-0fef3dee520f,HSS8X6X3/8,structural_section,HSS8X6X3/8,0.87,0.87,High,true,1200 K_Permit_Bid_Dwgs - Structural__240bd2541fbc.pdf,,approved,,HSS8X6X3/8,,2026-09-02T07:09:26.724141+00:00,2026-09-02T07:11:38.922140+00:00
eaee98cc-a837-48d8-bd2c-2aeaed7d8576,HSS4X4X5/16,structural_section,HSS4X4X5/16,0.87,0.87,High,true,1200 K_Permit_Bid_Dwgs - Structural__240bd2541fbc.pdf,,approved,,HSS4X4X5/16,,2026-09-02T07:09:27.456437+00:00,2026-09-02T07:11:38.922092+00:00
e87ffd5d-8cc9-4b88-914d-a4a072339468,HSS6X6X1/4,structural_section,HSS6X6X1/4,0.87,0.87,High,true,1200 K_Permit_Bid_Dwgs - Structural__240bd2541fbc.pdf,,approved,,HSS6X6X1/4,,2026-09-02T07:09:27.777762+00:00,2026-09-02T07:11:38.922044+00:00
3032101d-529f-4922-b088-a0b5c3e79de5,HSS8X8X5/8,structural_section,HSS8X8X5/8,0.87,0.87,High,true,1200 K_Permit_Bid_Dwgs - Structural__240bd2541fbc.pdf,,approved,,HSS8X8X5/8,,2026-09-02T07:09:28.403858+00:00,2026-09-02T07:11:38.921991+00:00
bfa9a245-a612-472c-9e79-ea9f6641dbdd,C7X9.8,structural_section,C7X9.8,0.87,0.87,High,true,1200 K_Permit_Bid_Dwgs - Structural__240bd2541fbc.pdf,,approved,,C7X9.8,,2026-09-02T07:09:29.088368+00:00,2026-09-02T07:11:38.921875+00:00
1189dcd2-678d-4077-b7a4-26db8ed4dd12,W8X15,structural_section,W8X15,0.87,0.87,High,true,1200 K_Permit_Bid_Dwgs - Structural__240bd2541fbc.pdf,,approved,,W8X15,,2026-09-02T07:09:29.638709+00:00,2026-09-02T07:11:38.921824+00:00
5e113219-a346-4cf0-b70c-cde08770637a,HSS8X8X3/8,structural_section,HSS8X8X3/8,0.87,0.87,High,true,1200 K_Permit_Bid_Dwgs - Structural__240bd2541fbc.pdf,,approved,,HSS8X8X3/8,,2026-09-02T07:09:32.391207+00:00,2026-09-02T07:11:38.921770+00:00
0f27ee37-f218-4915-8b22-c2d185774018,6x6-W4.0xW4.0,unknown,,0.0,0.0,Low,true,1200 K_Permit_Bid_Dwgs - Structural__240bd2541fbc.pdf,,rejected,,,,2026-09-02T07:09:33.526172+00:00,2026-09-02T07:12:16.999675+00:00
088ef170-2c32-4f81-959c-27747050e7a8,6x6-W1.4xW1.4,unknown,,0.0,0.0,Low,true,1200 K_Permit_Bid_Dwgs - Structural__240bd2541fbc.pdf,,rejected,,,,2026-09-02T07:09:33.759169+00:00,2026-09-02T07:12:16.999643+00:00
d8cc3476-198a-46ff-9456-82488fe5d7fd,"1/4""",unknown,,0.0,0.0,Low,true,1200 K_Permit_Bid_Dwgs - Structural__240bd2541fbc.pdf,,rejected,,,,2026-09-02T07:09:34.177766+00:00,2026-09-02T07:12:16.999611+00:00
4094eb52-97a7-47cd-85cd-d2cd2b509107,W8 x 15,structural_section,W8X15,0.83,0.83,High,true,1200 K_Permit_Bid_Dwgs - Structural__240bd2541fbc.pdf,,approved,,W8X15,,2026-09-02T07:09:35.127860+00:00,2026-09-02T07:11:38.921720+00:00
cbfbb4be-5b9c-4dd2-a925-de2e1c63370d,WT 8x18 8x18,structural_section,WT8X18,0.0,0.0,Low,true,1200 K_Permit_Bid_Dwgs - Structural__240bd2541fbc.pdf,,rejected,,,,2026-09-02T07:09:35.438628+00:00,2026-09-02T07:12:16.999579+00:00
42068033-e4f7-49ee-bd7f-e814950afd40,"5/8""Ø",unknown,,0.0,0.0,Low,true,1200 K_Permit_Bid_Dwgs - Structural__240bd2541fbc.pdf,,rejected,,,,2026-09-02T07:09:35.662495+00:00,2026-09-02T07:12:16.999546+00:00
13de169e-6b7c-449e-8b94-3ff15a417ef1,W12X26,structural_section,W12X26,0.87,0.87,High,true,1200 K_Permit_Bid_Dwgs - Structural__240bd2541fbc.pdf,,approved,,W12X26,,2026-09-02T07:09:35.931539+00:00,2026-09-02T07:11:38.921665+00:00
6280d0a7-3986-4ba7-b492-f5e6295b9314,L4x4x3/8,structural_section,L4X4X3/8,0.87,0.87,High,true,1200 K_Permit_Bid_Dwgs - Structural__240bd2541fbc.pdf,,approved,,L4X4X3/8,,2026-09-02T07:09:36.160751+00:00,2026-09-02T07:11:38.921593+00:00
4cc82353-fa21-4418-aff8-99a6e8df072b,"8x8x3/8""",unknown,,0.0,0.0,Low,true,1200 K_Permit_Bid_Dwgs - Structural__240bd2541fbc.pdf,,rejected,,,,2026-09-02T07:09:36.388148+00:00,2026-09-02T07:12:16.999513+00:00
2ce526f8-7873-4dc3-a44c-83daea52b8e0,"5/16""",unknown,,0.0,0.0,Low,true,1200 K_Permit_Bid_Dwgs - Structural__240bd2541fbc.pdf,,rejected,,,,2026-09-02T07:09:36.776898+00:00,2026-09-02T07:12:16.999477+00:00
053231a9-b7e3-41d6-bed3-71fba19951d3,"(5/16""",unknown,,0.0,0.0,Low,true,1200 K_Permit_Bid_Dwgs - Structural__240bd2541fbc.pdf,,rejected,,,,2026-09-02T07:09:37.039897+00:00,2026-09-02T07:12:16.999440+00:00
dada11f7-6985-43a7-861d-e84e484c7c08,"1"")",unknown,,0.0,0.0,Low,true,1200 K_Permit_Bid_Dwgs - Structural__240bd2541fbc.pdf,,rejected,,,,2026-09-02T07:09:37.420401+00:00,2026-09-02T07:12:16.999396+00:00
d5955ea1-1883-4de6-bfef-37d45c14b602,"+1"")",unknown,,0.0,0.0,Low,true,1200 K_Permit_Bid_Dwgs - Structural__240bd2541fbc.pdf,,rejected,,,,2026-09-02T07:09:37.795039+00:00,2026-09-02T07:12:16.999254+00:00
3d72de01-c015-40a7-a5ba-a7851d3211ef,"3/16""",unknown,,0.0,0.0,Low,true,1200 K_Permit_Bid_Dwgs - Structural__240bd2541fbc.pdf,,rejected,,,,2026-09-02T07:09:38.152056+00:00,2026-09-02T07:11:12.029442+00:00
efa16461-8fad-4ede-befc-c559fe39d015,"3/8""",unknown,,0.0,0.0,Low,true,1200 K_Permit_Bid_Dwgs - Structural__240bd2541fbc.pdf,,rejected,,,,2026-09-02T07:09:38.931683+00:00,2026-09-02T07:11:12.029425+00:00
1883b738-9ab3-4bfe-ac87-3caa07d9912c,"1/2""Ø",unknown,,0.0,0.0,Low,true,1200 K_Permit_Bid_Dwgs - Structural__240bd2541fbc.pdf,,rejected,,,,2026-09-02T07:09:39.336495+00:00,2026-09-02T07:11:12.029401+00:00
b1ae24e7-9640-4e51-b6a3-00166be96dc2,L5x5,structural_section,L5X3X5/16,0.0,0.0,Low,true,1200 K_Permit_Bid_Dwgs - Structural__240bd2541fbc.pdf,,rejected,,,,2026-09-02T07:09:39.563849+00:00,2026-09-02T07:11:12.029351+00:00
0d438fe7-b1d4-4526-8caf-c0edf9665c8d,"0.045""",unknown,,0.0,0.0,Low,true,1200 K_Permit_Bid_Dwgs - Structural__240bd2541fbc.pdf,,rejected,,,,2026-09-02T07:09:40.055271+00:00,2026-09-02T07:11:12.029324+00:00
b7ae6fd2-285e-41cf-b20c-72b10303caf2,"3/6""",unknown,,0.0,0.0,Low,true,1200 K_Permit_Bid_Dwgs - Structural__240bd2541fbc.pdf,,rejected,,,,2026-09-02T07:09:40.405506+00:00,2026-09-02T07:11:12.029297+00:00
e2f662af-82ce-4be0-84cb-db923b537ff8,24x24,unknown,,0.0,0.0,Low,true,1200 K_Permit_Bid_Dwgs - Structural__240bd2541fbc.pdf,,rejected,,,,2026-09-02T07:09:40.635190+00:00,2026-09-02T07:11:12.029271+00:00
228ba04c-53d1-43e9-8a82-01dd8609cf9e,24x25,unknown,,0.0,0.0,Low,true,1200 K_Permit_Bid_Dwgs - Structural__240bd2541fbc.pdf,,rejected,,,,2026-09-02T07:09:40.988731+00:00,2026-09-02T07:11:12.029241+00:00
80538515-494c-4e56-9be1-46a85024bf80,6x6-W2.9xW2.9,unknown,,0.0,0.0,Low,true,1200 K_Permit_Bid_Dwgs - Structural__240bd2541fbc.pdf,,rejected,,,,2026-09-02T07:09:41.370565+00:00,2026-09-02T07:11:12.029213+00:00
7482c7cf-5bac-4580-8518-1f590b523381,"L4X4X5/16,",structural_section,L4X4X5/16,0.87,0.87,High,true,1200 K_Permit_Bid_Dwgs - Structural__240bd2541fbc.pdf,,rejected,,,,2026-09-02T07:09:41.592873+00:00,2026-09-02T07:11:12.029183+00:00
c5d0d45b-aa63-48e1-9ad3-7a54fafc7e3d,4x4-,unknown,,0.0,0.0,Low,true,1200 K_Permit_Bid_Dwgs - Structural__240bd2541fbc.pdf,,rejected,,,,2026-09-02T07:09:41.869500+00:00,2026-09-02T07:11:12.029156+00:00
61a39e0f-1c73-4cf1-bdc7-def279fc15a2,"(L52""x52""x14""T)",unknown,,0.0,0.0,Low,true,1200 K_Permit_Bid_Dwgs - Structural__240bd2541fbc.pdf,,rejected,,,,2026-09-02T07:09:42.168481+00:00,2026-09-02T07:11:12.029132+00:00
c7e5503f-81f7-4e21-924f-039584c7180a,"(14""x52"")",unknown,,0.0,0.0,Low,true,1200 K_Permit_Bid_Dwgs - Structural__240bd2541fbc.pdf,,rejected,,,,2026-09-02T07:09:42.574058+00:00,2026-09-02T07:11:12.029108+00:00
c8a7165b-5663-44b0-83db-b3b6ce5978d6,"(20""x52"")",unknown,,0.0,0.0,Low,true,1200 K_Permit_Bid_Dwgs - Structural__240bd2541fbc.pdf,,rejected,,,,2026-09-02T07:09:42.792263+00:00,2026-09-02T07:11:12.029086+00:00
27d7da1d-9b4f-4c27-bee1-b7a15703bfa6,"24""x60""",unknown,,0.0,0.0,Low,true,1200 K_Permit_Bid_Dwgs - Structural__240bd2541fbc.pdf,,rejected,,,,2026-09-02T07:09:43.103743+00:00,2026-09-02T07:11:12.029059+00:00
95f0aa58-a730-496b-965a-fff9c4042ea6,"(24""x30"")",unknown,,0.0,0.0,Low,true,1200 K_Permit_Bid_Dwgs - Structural__240bd2541fbc.pdf,,rejected,,,,2026-09-02T07:09:43.379342+00:00,2026-09-02T07:11:12.029032+00:00
33abe111-0394-4643-b077-f87ef0c38624,"32""x32""",unknown,,0.0,0.0,Low,true,1200 K_Permit_Bid_Dwgs - Structural__240bd2541fbc.pdf,,rejected,,,,2026-09-02T07:09:43.720129+00:00,2026-09-02T07:11:12.029002+00:00
5e4d3e74-dda9-48f8-88af-0990f96e03a3,HSS6X4X3/8,structural_section,HSS6X4X3/8,0.87,0.87,High,true,1200 K_Permit_Bid_Dwgs - Structural__240bd2541fbc.pdf,,approved,,HSS6X4X3/8,,2026-09-02T07:09:44.175596+00:00,2026-09-02T07:11:38.921412+00:00
62ef4099-901c-46ad-8650-5e857d45796b,"3/4""⌀THRU-BOLTS",unknown,,0.0,0.0,Low,true,1200 K_Permit_Bid_Dwgs - Structural__240bd2541fbc.pdf,,rejected,,,,2026-09-02T07:09:44.707526+00:00,2026-09-02T07:11:12.028973+00:00
2f015c67-eb1d-4634-8356-116ae59a8ffb,3/8 X 12,unknown,,0.0,0.0,Low,true,1200 K_Permit_Bid_Dwgs - Structural__240bd2541fbc.pdf,,rejected,,,,2026-09-02T07:09:44.976748+00:00,2026-09-02T07:11:12.028942+00:00
a49b9cb0-914f-4466-9eec-f522667cdf9d,"C7X9.8,",structural_section,C7X9.8,0.87,0.87,High,true,1200 K_Permit_Bid_Dwgs - Structural__240bd2541fbc.pdf,,approved,,C7X9.8,,2026-09-02T07:09:45.296123+00:00,2026-09-02T07:10:39.594237+00:00
ab57b20c-353a-4906-899a-da218805f57a,"5/8""⌀PUDDLE",unknown,,0.0,0.0,Low,true,1200 K_Permit_Bid_Dwgs - Structural__240bd2541fbc.pdf,,rejected,,,,2026-09-02T07:09:45.536273+00:00,2026-09-02T07:11:12.028911+00:00
a3cdc233-c327-4741-aed2-31873494ae62,L3X3X1/4,structural_section,L3X3X1/4,0.87,0.87,High,true,1200 K_Permit_Bid_Dwgs - Structural__240bd2541fbc.pdf,,approved,,L3X3X1/4,,2026-09-02T07:09:45.765188+00:00,2026-09-02T07:10:39.594188+00:00
bb24a9e6-5924-444d-a3a6-89bfdcc758b8,"1""",unknown,,0.0,0.0,Low,true,1200 K_Permit_Bid_Dwgs - Structural__240bd2541fbc.pdf,,rejected,,,,2026-09-02T07:09:46.157948+00:00,2026-09-02T07:11:12.028880+00:00
d6b5015a-acbc-42d3-b5c9-7b8384b88cfa,"3/4""x8""x1'-4""",unknown,,0.0,0.0,Low,true,1200 K_Permit_Bid_Dwgs - Structural__240bd2541fbc.pdf,,rejected,,,,2026-09-02T07:09:46.376650+00:00,2026-09-02T07:11:12.028846+00:00
86a500ad-25e8-424c-b7f9-40078e594941,"3/8""x4""x0'-7""",unknown,,0.0,0.0,Low,true,1200 K_Permit_Bid_Dwgs - Structural__240bd2541fbc.pdf,,rejected,,,,2026-09-02T07:09:46.840145+00:00,2026-09-02T07:11:12.028801+00:00
c299a334-6d7e-496a-af87-9fbdac11f610,L18x12x3/8,structural_section,HSS12X12X3/4,0.0,0.0,Low,true,1200 K_Permit_Bid_Dwgs - Structural__240bd2541fbc.pdf,,rejected,,,,2026-09-02T07:09:47.325581+00:00,2026-09-02T07:11:12.028704+00:00
e7b59118-5694-401d-93f3-227b0de0100f,HSS5x5,structural_section,HSS5X5X1/2,0.0,0.0,Low,true,1200 K_Permit_Bid_Dwgs - Structural__240bd2541fbc.pdf,,approved,,HSS5X5X1/2,,2026-09-02T07:09:47.878874+00:00,2026-09-02T07:10:39.594141+00:00
7e68b841-0ea2-4b54-9516-ea703c9ce516,W10X88,structural_section,W10X88,0.9118157029151917,0.9118,High,true,1200 K_Permit_Bid_Dwgs - Structural__240bd2541fbc.pdf,,approved,,W10X88,,2026-09-02T07:09:48.394796+00:00,2026-09-02T07:10:39.594093+00:00
80c2249a-4746-4316-b76c-859b670ee45a,W8X13,structural_section,W8X13,0.85,0.85,High,true,1200 K_Permit_Bid_Dwgs - Structural__240bd2541fbc.pdf,,approved,,W8X13,,2026-09-02T07:09:48.945518+00:00,2026-09-02T07:10:39.594043+00:00
5b278536-ff40-4f97-9c35-ab8964474bd4,HSS10X6X3/8,structural_section,HSS10X6X3/8,0.85,0.85,High,true,1200 K_Permit_Bid_Dwgs - Structural__240bd2541fbc.pdf,,approved,,HSS10X6X3/8,,2026-09-02T07:09:49.926424+00:00,2026-09-02T07:10:39.593993+00:00
af98e35e-c9dd-4697-9b3c-6c003e7be635,W8X24,structural_section,W8X24,0.55,0.55,Medium,true,1200 K_Permit_Bid_Dwgs - Structural__240bd2541fbc.pdf,,approved,,W8X24,,2026-09-02T07:09:50.902662+00:00,2026-09-02T07:10:39.593945+00:00
a1f4ae4c-97be-4fcb-8a5b-052b9ce053ca,W10X26,structural_section,W10X26,0.6613125000000001,0.6613,Medium,true,1200 K_Permit_Bid_Dwgs - Structural__240bd2541fbc.pdf,,approved,,W10X26,,2026-09-02T07:09:51.490634+00:00,2026-09-02T07:10:39.593898+00:00
219d4769-5544-457c-a522-fe62a1cc01c4,WT4X15.5,structural_section,WT4X15.5,0.9630590081214905,0.9631,High,true,1200 K_Permit_Bid_Dwgs - Structural__240bd2541fbc.pdf,,approved,,WT4X15.5,,2026-09-02T07:09:52.169882+00:00,2026-09-02T07:10:39.593851+00:00
3247257b-bc6a-4ad4-bfff-edde57d3d751,L4X3X5/16,structural_section,L4X3X5/16,0.7462355838328959,0.7462,Medium,true,1200 K_Permit_Bid_Dwgs - Structural__240bd2541fbc.pdf,,approved,,L4X3X5/16,,2026-09-02T07:09:52.392199+00:00,2026-09-02T07:10:39.593801+00:00
3b5f7de9-9c2e-4b47-9597-9901809e4992,C4X5.4,structural_section,C4X5.4,0.567837557590933,0.5678,Medium,true,1200 K_Permit_Bid_Dwgs - Structural__240bd2541fbc.pdf,,approved,,C4X5.4,,2026-09-02T07:09:52.702465+00:00,2026-09-02T07:10:39.593750+00:00
43ed8493-f515-49eb-b4c7-e2884ea3712e,C6X8.2,structural_section,C6X8.2,0.6497230320125403,0.6497,Medium,true,1200 K_Permit_Bid_Dwgs - Structural__240bd2541fbc.pdf,,approved,,C6X8.2,,2026-09-02T07:09:52.927950+00:00,2026-09-02T07:10:39.593700+00:00
99fde085-c0db-4149-a57d-5e4a5161e790,W12X19,structural_section,W12X19,0.6309750000000001,0.631,Medium,true,1200 K_Permit_Bid_Dwgs - Structural__240bd2541fbc.pdf,,approved,,W12X19,,2026-09-02T07:09:53.193880+00:00,2026-09-02T07:10:39.593651+00:00
d31ec907-5f36-43e9-8090-c58b67ebc4f4,HSS8X4X5/16,structural_section,HSS8X4X5/16,0.72185,0.7218,Medium,true,1200 K_Permit_Bid_Dwgs - Structural__240bd2541fbc.pdf,,approved,,HSS8X4X5/16,,2026-09-02T07:09:53.413039+00:00,2026-09-02T07:10:39.593603+00:00
efd37744-f31a-41a9-8f37-1ae88e165da5,HSS5X4X5/16,structural_section,HSS5X4X5/16,0.7744,0.7744,Medium,true,1200 K_Permit_Bid_Dwgs - Structural__240bd2541fbc.pdf,,approved,,HSS5X4X5/16,,2026-09-02T07:09:53.629778+00:00,2026-09-02T07:10:39.593552+00:00
98e5aecc-81a6-42e4-8bdf-811b1fecfcc7,W14X193,structural_section,W14X193,0.9482601284980774,0.9483,High,true,1200 K_Permit_Bid_Dwgs - Structural__240bd2541fbc.pdf,,approved,,W14X193,,2026-09-02T07:09:54.097871+00:00,2026-09-02T07:10:39.593498+00:00
123f8827-d89c-4657-86a6-f81f19a6a54d,WT8X50,structural_section,WT8X50,1.0,1.0,High,true,1200 K_Permit_Bid_Dwgs - Structural__240bd2541fbc.pdf,,approved,,WT8X50,,2026-09-02T07:09:54.603169+00:00,2026-09-02T07:10:39.593441+00:00
050c498d-a8fc-435e-847a-a424e8c427db,W14X233,structural_section,W14X233,0.9368720650672913,0.9369,High,true,1200 K_Permit_Bid_Dwgs - Structural__240bd2541fbc.pdf,,approved,,W14X233,,2026-09-02T07:09:54.825724+00:00,2026-09-02T07:10:39.593324+00:00
ade0b95a-b671-41b7-8972-9c35868ef56e,L6X6X3/8,structural_section,L6X6X3/8,0.6913499999999999,0.6913,Medium,true,1200 K_Permit_Bid_Dwgs - Structural__240bd2541fbc.pdf,,approved,,L6X6X3/8,,2026-09-02T07:09:55.141528+00:00,2026-09-02T07:10:39.592417+00:00
4f3a9bd6-2ee7-42b2-8539-3195f751bdc4,"1/2""",unknown,,0.0,0.0,Low,true,GCDC Building 4 - ST1__47dc7ef27f6e.pdf,,rejected,,,,2026-09-02T07:17:05.419020+00:00,2026-09-02T07:25:26.752995+00:00
07610ad3-023e-48f8-abba-f374fb1602a4,"3/4""",unknown,,0.0,0.0,Low,true,GCDC Building 4 - ST1__47dc7ef27f6e.pdf,,rejected,,,,2026-09-02T07:17:05.656164+00:00,2026-09-02T07:25:26.752970+00:00
5040d02b-49ef-4b3d-a1c2-523a2aa5df01,"1/4"".",unknown,,0.0,0.0,Low,true,GCDC Building 4 - ST1__47dc7ef27f6e.pdf,,rejected,,,,2026-09-02T07:17:05.838173+00:00,2026-09-02T07:25:26.752946+00:00
c2c6ae90-d214-49fe-9d92-3f4fb9cee6f3,"12""",unknown,,0.0,0.0,Low,true,GCDC Building 4 - ST1__47dc7ef27f6e.pdf,,rejected,,,,2026-09-02T07:17:06.036044+00:00,2026-09-02T07:25:26.752921+00:00
b017e63d-c1c2-434d-b123-31427a5414b4,"""S/2""",unknown,,0.0,0.0,Low,true,GCDC Building 4 - ST1__47dc7ef27f6e.pdf,,rejected,,,,2026-09-02T07:17:06.269450+00:00,2026-09-02T07:25:26.752896+00:00
670b6518-333c-46e6-ae11-28b89c7eaa2c,6x6-W2.9xW2.9,unknown,,0.0,0.0,Low,true,GCDC Building 4 - ST1__47dc7ef27f6e.pdf,,rejected,,,,2026-09-02T07:17:06.559290+00:00,2026-09-02T07:25:26.752871+00:00
c60d55b9-3e4d-443f-b0b7-490933c6cb1d,"3/16""",unknown,,0.0,0.0,Low,true,GCDC Building 4 - ST1__47dc7ef27f6e.pdf,,rejected,,,,2026-09-02T07:17:06.820916+00:00,2026-09-02T07:25:26.752845+00:00
1e3ec4ab-b471-44bb-8593-d135ed10b900,"1-1/4""",unknown,,0.0,0.0,Low,true,GCDC Building 4 - ST1__47dc7ef27f6e.pdf,,rejected,,,,2026-09-02T07:17:07.034070+00:00,2026-09-02T07:25:26.752820+00:00
09e1f66d-b036-412c-a468-1fc0f9b4425b,10-3 IN,unknown,,0.0,0.0,Low,true,GCDC Building 4 - ST1__47dc7ef27f6e.pdf,,rejected,,,,2026-09-02T07:17:07.246873+00:00,2026-09-02T07:25:26.752793+00:00
99e3603f-d262-45a5-afbd-432375d6d68b,W16x26,structural_section,W16X26,0.87,0.87,High,true,GCDC Building 4 - ST1__47dc7ef27f6e.pdf,,approved,,W16X26,,2026-09-02T07:17:07.558192+00:00,2026-09-02T07:25:17.020565+00:00
bdd5dbbe-2e04-4ee5-9c39-6d6860c1fd97,C8x11.5,structural_section,C8X11.5,0.87,0.87,High,true,GCDC Building 4 - ST1__47dc7ef27f6e.pdf,,approved,,C8X11.5,,2026-09-02T07:17:07.766845+00:00,2026-09-02T07:25:17.020525+00:00
ba7a3838-cf35-407b-8398-824bec2d9fd1,HSS8x4x1/4,structural_section,HSS8X4X1/4,0.87,0.87,High,true,GCDC Building 4 - ST1__47dc7ef27f6e.pdf,,approved,,HSS8X4X1/4,,2026-09-02T07:17:07.997234+00:00,2026-09-02T07:25:17.020450+00:00
c02065bc-7a5d-494c-b2c0-e25d5916b04d,(A490),structural_section,W14X90,0.0,0.0,Low,true,GCDC Building 4 - ST1__47dc7ef27f6e.pdf,,rejected,,,,2026-09-02T07:17:08.216367+00:00,2026-09-02T07:25:26.752767+00:00
73f55e96-ea2d-4ca9-971b-2ea7eba86f1f,(A325),structural_section,W14X132,0.0,0.0,Low,true,GCDC Building 4 - ST1__47dc7ef27f6e.pdf,,rejected,,,,2026-09-02T07:17:08.442166+00:00,2026-09-02T07:25:26.752741+00:00
4858a9cc-25ab-49c4-a6f4-1d0cd6803874,A325,structural_section,W14X132,0.0,0.0,Low,true,GCDC Building 4 - ST1__47dc7ef27f6e.pdf,,rejected,,,,2026-09-02T07:17:08.661402+00:00,2026-09-02T07:25:26.752713+00:00
73a9e615-ea08-4d59-9465-192cdff8aa18,P1/HSS12x12x1/2,structural_section,HSS12X12X1/2,0.87,0.87,High,true,GCDC Building 4 - ST1__47dc7ef27f6e.pdf,,approved,,HSS12X12X1/2,,2026-09-02T07:17:08.978350+00:00,2026-09-02T07:25:17.020362+00:00
9c47e6a1-5fd4-49d8-8c54-0b4bd189e02e,P8/W14x61,structural_section,W14X61,0.87,0.87,High,true,GCDC Building 4 - ST1__47dc7ef27f6e.pdf,,approved,,W14X61,,2026-09-02T07:17:09.196683+00:00,2026-09-02T07:25:17.020285+00:00
b2a5369b-57ef-46c1-a231-d2b5bf22dd4a,"1/8""",unknown,,0.0,0.0,Low,true,GCDC Building 4 - ST1__47dc7ef27f6e.pdf,,rejected,,,,2026-09-02T07:17:09.834325+00:00,2026-09-02T07:25:26.752685+00:00
dc7ae61d-70ad-4c67-902f-810e9759ef1a,HSS18x6x3/8,structural_section,HSS18X6X3/8,0.87,0.87,High,true,GCDC Building 4 - ST1__47dc7ef27f6e.pdf,,approved,,HSS18X6X3/8,,2026-09-02T07:17:10.145479+00:00,2026-09-02T07:25:17.020134+00:00
8bf98eb7-d05d-413a-a172-7c283e42b8af,"5/8""",unknown,,0.0,0.0,Low,true,GCDC Building 4 - ST1__47dc7ef27f6e.pdf,,rejected,,,,2026-09-02T07:17:10.951178+00:00,2026-09-02T07:25:26.752652+00:00
29569e26-88eb-4d01-912d-9ba36b68b106,"1/4""",unknown,,0.0,0.0,Low,true,GCDC Building 4 - ST1__47dc7ef27f6e.pdf,,rejected,,,,2026-09-02T07:17:11.211255+00:00,2026-09-02T07:25:26.752602+00:00
b3a23502-6e08-464d-affc-b7fc862c90d5,P8/HSS14x14x1/2,structural_section,HSS14X14X1/2,0.87,0.87,High,true,GCDC Building 4 - ST1__47dc7ef27f6e.pdf,,approved,,HSS14X14X1/2,,2026-09-02T07:17:11.513471+00:00,2026-09-02T07:24:56.795453+00:00
73444052-fdd7-46ec-a50e-cbbec8ccd6da,HSS4x4x3/8,structural_section,HSS4X4X3/8,0.87,0.87,High,true,GCDC Building 4 - ST1__47dc7ef27f6e.pdf,,approved,,HSS4X4X3/8,,2026-09-02T07:17:11.734655+00:00,2026-09-02T07:24:56.795408+00:00
51a8a71b-0118-4575-abfc-ab4900f6f378,L4x4x3/8,structural_section,L4X4X3/8,0.87,0.87,High,true,GCDC Building 4 - ST1__47dc7ef27f6e.pdf,,approved,,L4X4X3/8,,2026-09-02T07:17:12.364702+00:00,2026-09-02T07:24:56.795361+00:00
58357414-8390-4866-9c23-8b87333575be,W12x26,structural_section,W12X26,0.87,0.87,High,true,GCDC Building 4 - ST1__47dc7ef27f6e.pdf,,approved,,W12X26,,2026-09-02T07:17:12.791923+00:00,2026-09-02T07:24:56.795311+00:00
bc547331-431e-4f0f-a255-42355b7d5404,"c=3/4""",unknown,,0.0,0.0,Low,true,GCDC Building 4 - ST1__47dc7ef27f6e.pdf,,rejected,,,,2026-09-02T07:17:14.060114+00:00,2026-09-02T07:25:26.752484+00:00
a22fd56e-c400-4c28-a17b-c8288753d7ca,HSS8x8x5/8,structural_section,HSS8X8X5/8,0.87,0.87,High,true,GCDC Building 4 - ST1__47dc7ef27f6e.pdf,,approved,,HSS8X8X5/8,,2026-09-02T07:17:14.402205+00:00,2026-09-02T07:24:56.795254+00:00
33228d12-38f5-41e5-9663-66b2f866fa46,HSS8x4x1/2,structural_section,HSS8X4X1/2,0.87,0.87,High,true,GCDC Building 4 - ST1__47dc7ef27f6e.pdf,,approved,,HSS8X4X1/2,,2026-09-02T07:17:14.676035+00:00,2026-09-02T07:24:56.795204+00:00
5e2fc945-4510-429e-8b34-dba8b50303f2,W30x99,structural_section,W30X99,0.87,0.87,High,true,GCDC Building 4 - ST1__47dc7ef27f6e.pdf,,approved,,W30X99,,2026-09-02T07:17:15.042904+00:00,2026-09-02T07:24:56.795153+00:00
9d23c1e8-9ebd-4a4c-a861-224b23ec1bdd,"c=3/4""""",unknown,,0.0,0.0,Low,true,GCDC Building 4 - ST1__47dc7ef27f6e.pdf,,rejected,,,,2026-09-02T07:17:15.329421+00:00,2026-09-02T07:25:26.752347+00:00
6490c2a1-8886-41e4-a591-02c33b96d14c,W21x50,structural_section,W21X50,0.87,0.87,High,true,GCDC Building 4 - ST1__47dc7ef27f6e.pdf,,approved,,W21X50,,2026-09-02T07:17:15.579145+00:00,2026-09-02T07:24:56.795095+00:00
4082502e-8956-4e37-b64e-e568bff681b8,W36x247,structural_section,W36X247,0.87,0.87,High,true,GCDC Building 4 - ST1__47dc7ef27f6e.pdf,,approved,,W36X247,,2026-09-02T07:17:16.751930+00:00,2026-09-02T07:24:56.795046+00:00
afc5197e-edfe-409b-b770-7c2fe4158c59,W18x35,structural_section,W18X35,0.87,0.87,High,true,GCDC Building 4 - ST1__47dc7ef27f6e.pdf,,approved,,W18X35,,2026-09-02T07:17:18.765271+00:00,2026-09-02T07:24:56.794998+00:00
5d81f0ed-6831-4eb8-b393-b5dec90b9df5,HSS16x4x1/4,structural_section,HSS16X4X1/4,0.87,0.87,High,true,GCDC Building 4 - ST1__47dc7ef27f6e.pdf,,approved,,HSS16X4X1/4,,2026-09-02T07:17:19.868727+00:00,2026-09-02T07:24:56.794947+00:00
567a19eb-5c5d-4259-ba8f-2d2db8045249,W36x210,structural_section,W36X210,0.87,0.87,High,true,GCDC Building 4 - ST1__47dc7ef27f6e.pdf,,approved,,W36X210,,2026-09-02T07:17:20.084616+00:00,2026-09-02T07:24:56.794899+00:00
e73f6573-a363-457a-a8ea-a26bb8b836c8,W24x68,structural_section,W24X68,0.87,0.87,High,true,GCDC Building 4 - ST1__47dc7ef27f6e.pdf,,approved,,W24X68,,2026-09-02T07:17:22.062628+00:00,2026-09-02T07:24:56.794850+00:00
0230db29-7b50-4c1f-b648-fd3428296897,W18x50,structural_section,W18X50,0.87,0.87,High,true,GCDC Building 4 - ST1__47dc7ef27f6e.pdf,,approved,,W18X50,,2026-09-02T07:17:22.579427+00:00,2026-09-02T07:24:56.794800+00:00
6fc62030-ef58-4900-a11e-590559d34ee7,HSS16x8x1/2,structural_section,HSS16X8X1/2,0.87,0.87,High,true,GCDC Building 4 - ST1__47dc7ef27f6e.pdf,,approved,,HSS16X8X1/2,,2026-09-02T07:17:23.315215+00:00,2026-09-02T07:24:56.794750+00:00
74cb9922-7264-4096-ae35-f97dd5c69a18,"7/8""",unknown,,0.0,0.0,Low,true,GCDC Building 4 - ST1__47dc7ef27f6e.pdf,,rejected,,,,2026-09-02T07:17:23.567960+00:00,2026-09-02T07:24:45.338468+00:00
c885a53a-761c-4caf-8b9e-4374a7dfeaf5,HSS14X14X1/2,structural_section,HSS14X14X1/2,0.87,0.87,High,true,GCDC Building 4 - ST1__47dc7ef27f6e.pdf,,approved,,HSS14X14X1/2,,2026-09-02T07:17:24.830837+00:00,2026-09-02T07:24:56.794701+00:00
6d99560a-3a2e-4cd7-842f-e8930ae2a895,HSS14x0.5,structural_section,HSS14.000X0.500,0.9878605008125305,0.9879,High,true,GCDC Building 4 - ST1__47dc7ef27f6e.pdf,,approved,,HSS14.000X0.500,,2026-09-02T07:17:25.746537+00:00,2026-09-02T07:24:56.794649+00:00
29e5d03a-2b7d-4dd0-b989-b31f935cf7e1,HSS24x12x5/8,structural_section,HSS24X12X5/8,0.87,0.87,High,true,GCDC Building 4 - ST1__47dc7ef27f6e.pdf,,approved,,HSS24X12X5/8,,2026-09-02T07:17:27.827794+00:00,2026-09-02T07:24:56.794596+00:00
8973f0cb-c626-4aaf-9f84-ac6725af5879,"3/8""",unknown,,0.0,0.0,Low,true,GCDC Building 4 - ST1__47dc7ef27f6e.pdf,,rejected,,,,2026-09-02T07:17:28.031343+00:00,2026-09-02T07:24:45.338454+00:00
1a90af54-aee5-45cf-9e32-1d1beb8943b0,HSS8X6,structural_section,W14X22,0.0,0.0,Low,true,GCDC Building 4 - ST1__47dc7ef27f6e.pdf,,rejected,,,,2026-09-02T07:17:32.224377+00:00,2026-09-02T07:24:45.338439+00:00
257a146c-14fe-40e6-8017-18a009487be2,HSS8x8x3/8,structural_section,HSS8X8X3/8,0.87,0.87,High,true,GCDC Building 4 - ST1__47dc7ef27f6e.pdf,,approved,,HSS8X8X3/8,,2026-09-02T07:17:34.869737+00:00,2026-09-02T07:24:56.794539+00:00
766d570d-a0dd-4bee-8f7f-1a49e0fe7c2c,"1/2""W",unknown,,0.0,0.0,Low,true,GCDC Building 4 - ST1__47dc7ef27f6e.pdf,,rejected,,,,2026-09-02T07:17:37.511837+00:00,2026-09-02T07:24:45.338424+00:00
df967b14-5271-454b-8e39-f5eeb9c4c459,"L4x4x1/4x4""",structural_section,L4X4X1/4,0.87,0.87,High,true,GCDC Building 4 - ST1__47dc7ef27f6e.pdf,,approved,,L4X4X1/4,,2026-09-02T07:17:37.718012+00:00,2026-09-02T07:24:56.794463+00:00
e6f3ec89-b128-46c8-b7bc-e1c703db1f3e,"L4x4x3/8"";",structural_section,L4X4X3/8,0.87,0.87,High,true,GCDC Building 4 - ST1__47dc7ef27f6e.pdf,,approved,,L4X4X3/8,,2026-09-02T07:17:37.927725+00:00,2026-09-02T07:24:56.793340+00:00
c42a7964-17f5-4338-b309-b9e33256574b,L3x3x1/4@8',structural_section,L3X3X1/4,0.87,0.87,High,true,GCDC Building 4 - ST1__47dc7ef27f6e.pdf,,approved,,L3X3X1/4,,2026-09-02T07:17:38.140986+00:00,2026-09-02T07:24:19.888013+00:00
c5893009-557f-4e1b-9c18-303b253ef70b,"L6x4x5/16x4""",structural_section,L6X4X5/16,0.87,0.87,High,true,GCDC Building 4 - ST1__47dc7ef27f6e.pdf,,approved,,L6X4X5/16,,2026-09-02T07:17:38.348498+00:00,2026-09-02T07:24:19.887962+00:00
1d19d268-e58c-47ee-a359-15447f04f520,"L6x4x1/4x4""",structural_section,L6X4X5/16,0.0,0.0,Low,true,GCDC Building 4 - ST1__47dc7ef27f6e.pdf,,rejected,,,,2026-09-02T07:17:38.568360+00:00,2026-09-02T07:24:45.338410+00:00
ea9c069a-c388-4966-831f-5e33539bf313,"1/4""x1",unknown,,0.0,0.0,Low,true,GCDC Building 4 - ST1__47dc7ef27f6e.pdf,,rejected,,,,2026-09-02T07:17:38.909414+00:00,2026-09-02T07:24:45.338394+00:00
b1fb1a84-c4d9-48f2-9c49-b1a656168737,14-2 IN,unknown,,0.0,0.0,Low,true,GCDC Building 4 - ST1__47dc7ef27f6e.pdf,,rejected,,,,2026-09-02T07:17:39.279820+00:00,2026-09-02T07:24:45.338380+00:00
338a3d8e-f10e-4a44-abd3-f4de72ffbef6,"1/16""",unknown,,0.0,0.0,Low,true,GCDC Building 4 - ST1__47dc7ef27f6e.pdf,,rejected,,,,2026-09-02T07:17:39.532676+00:00,2026-09-02T07:24:45.338366+00:00
03edab03-2c35-420e-bb13-f7c7d1ebf27e,"(4)-3/4""",unknown,,0.0,0.0,Low,true,GCDC Building 4 - ST1__47dc7ef27f6e.pdf,,rejected,,,,2026-09-02T07:17:40.104318+00:00,2026-09-02T07:24:45.338351+00:00
dd1b1036-5bb1-4d2a-abe1-9b9e855b49c2,"2""",unknown,,0.0,0.0,Low,true,GCDC Building 4 - ST1__47dc7ef27f6e.pdf,,rejected,,,,2026-09-02T07:17:40.364904+00:00,2026-09-02T07:24:45.338337+00:00
caed0654-10cb-49a6-b68a-285bc21dbadf,"20""",unknown,,0.0,0.0,Low,true,GCDC Building 4 - ST1__47dc7ef27f6e.pdf,,rejected,,,,2026-09-02T07:17:40.950317+00:00,2026-09-02T07:24:45.338321+00:00
db3b31f2-49e4-4204-a878-871586907331,L3x3x1/4,structural_section,L3X3X1/4,0.87,0.87,High,true,GCDC Building 4 - ST1__47dc7ef27f6e.pdf,,approved,,L3X3X1/4,,2026-09-02T07:17:41.275514+00:00,2026-09-02T07:24:19.887909+00:00
5c9b11ce-a784-4f6f-a646-42f1b7f2cee0,L4x4,structural_section,L4X3X1/4,0.0,0.0,Low,true,GCDC Building 4 - ST1__47dc7ef27f6e.pdf,,rejected,,,,2026-09-02T07:17:41.610970+00:00,2026-09-02T07:24:45.338305+00:00
ab86091f-c45b-46c7-94d1-5f768df0a70d,"L4x4x1/4x4'-3""",structural_section,L4X4X1/4,0.87,0.87,High,true,GCDC Building 4 - ST1__47dc7ef27f6e.pdf,,approved,,L4X4X1/4,,2026-09-02T07:17:41.863347+00:00,2026-09-02T07:24:19.887856+00:00
f1dcd953-6c0e-4bad-bd7e-73a2813aea22,"5/8""x24""",unknown,,0.0,0.0,Low,true,GCDC Building 4 - ST1__47dc7ef27f6e.pdf,,rejected,,,,2026-09-02T07:17:42.331161+00:00,2026-09-02T07:24:45.338287+00:00
7aade4ac-d50f-4073-860b-eb118d3ba3dc,"5/16""",unknown,,0.0,0.0,Low,true,GCDC Building 4 - ST1__47dc7ef27f6e.pdf,,rejected,,,,2026-09-02T07:17:42.578644+00:00,2026-09-02T07:24:45.338262+00:00
4416426d-cdd0-493c-9efb-c64033c8737c,L4x4x5/16,structural_section,L4X4X5/16,0.87,0.87,High,true,GCDC Building 4 - ST1__47dc7ef27f6e.pdf,,approved,,L4X4X5/16,,2026-09-02T07:17:42.917483+00:00,2026-09-02T07:24:19.887803+00:00
0c83f881-e5a2-449d-b9d8-78fef154fad7,W18x36,structural_section,W16X36,0.0,0.0,Low,true,GCDC Building 4 - ST1__47dc7ef27f6e.pdf,,rejected,,,,2026-09-02T07:17:43.204315+00:00,2026-09-02T07:24:45.338189+00:00
eb88a09d-9f55-497a-a7ac-9dfae2a51f7c,"L5x3x3/8x6""",structural_section,L5X3X3/8,0.87,0.87,High,true,GCDC Building 4 - ST1__47dc7ef27f6e.pdf,,approved,,L5X3X3/8,,2026-09-02T07:17:43.442680+00:00,2026-09-02T07:24:19.887752+00:00
54813653-4027-448c-a65c-8c194f8c19d3,L5x3,structural_section,L5X3X1/4,0.0,0.0,Low,true,GCDC Building 4 - ST1__47dc7ef27f6e.pdf,,rejected,,,,2026-09-02T07:17:43.660719+00:00,2026-09-02T07:23:54.762821+00:00
73a5b2bf-dff6-4f65-aeee-47dc6f1ba8d8,L2x2x10,structural_section,L2X2X1/4,0.0,0.0,Low,true,GCDC Building 4 - ST1__47dc7ef27f6e.pdf,,rejected,,,,2026-09-02T07:17:43.909538+00:00,2026-09-02T07:23:54.762793+00:00
8af02de1-ba81-4b8f-9302-64db2a2d30f3,"L4x4x3/8""",structural_section,L4X4X3/8,0.87,0.87,High,true,GCDC Building 4 - ST1__47dc7ef27f6e.pdf,,approved,,L4X4X3/8,,2026-09-02T07:17:44.438503+00:00,2026-09-02T07:24:19.887699+00:00
ec8a878c-1c59-4319-ba29-403524e9e759,"(1/2""",unknown,,0.0,0.0,Low,true,GCDC Building 4 - ST1__47dc7ef27f6e.pdf,,rejected,,,,2026-09-02T07:17:44.643347+00:00,2026-09-02T07:23:54.762766+00:00
eff6726c-84ab-4671-a868-7456e8d6a772,"3/4""PL",unknown,,0.0,0.0,Low,true,GCDC Building 4 - ST1__47dc7ef27f6e.pdf,,rejected,,,,2026-09-02T07:17:44.954949+00:00,2026-09-02T07:23:54.762739+00:00
9625385f-39c0-44cf-936b-592107aaf48d,"L4x4x1/4""x5""",structural_section,L4X4X1/4,0.87,0.87,High,true,GCDC Building 4 - ST1__47dc7ef27f6e.pdf,,approved,,L4X4X1/4,,2026-09-02T07:17:45.202171+00:00,2026-09-02T07:24:19.887644+00:00
7033e1b5-620c-420b-a58a-064e4a36d82d,"3 / 4 """,unknown,,0.0,0.0,Low,true,GCDC Building 4 - ST1__47dc7ef27f6e.pdf,,rejected,,,,2026-09-02T07:17:45.421405+00:00,2026-09-02T07:23:54.762704+00:00
d29f614e-44ee-485d-9d62-bf2b507e42f4,L3x3x1/4@4',structural_section,L3X3X1/4,0.87,0.87,High,true,GCDC Building 4 - ST1__47dc7ef27f6e.pdf,,approved,,L3X3X1/4,,2026-09-02T07:17:45.816498+00:00,2026-09-02T07:24:19.887588+00:00
49d9e205-d92b-4d7d-a028-50736b0cef1e,"1""",unknown,,0.0,0.0,Low,true,GCDC Building 4 - ST1__47dc7ef27f6e.pdf,,rejected,,,,2026-09-02T07:17:46.012495+00:00,2026-09-02T07:23:54.762540+00:00
2b9ee691-ecf9-4313-b140-ff2bafbafca4,"(2)3/4""",unknown,,0.0,0.0,Low,true,GCDC Building 4 - ST1__47dc7ef27f6e.pdf,,rejected,,,,2026-09-02T07:17:46.297850+00:00,2026-09-02T07:23:54.762215+00:00
001ef896-6655-433b-96f9-f45d4223e9e7,"±3/4""",unknown,,0.0,0.0,Low,true,GCDC Building 4 - ST1__47dc7ef27f6e.pdf,,rejected,,,,2026-09-02T07:17:46.542486+00:00,2026-09-02T07:23:54.762171+00:00
277bf4da-b028-44ca-b7fb-ac92cec73bcb,HSS8x4x3/8,structural_section,HSS8X4X3/8,0.87,0.87,High,true,GCDC Building 4 - ST1__47dc7ef27f6e.pdf,,approved,,HSS8X4X3/8,,2026-09-02T07:17:46.752725+00:00,2026-09-02T07:24:19.887536+00:00
f761aa88-5354-4b19-85b2-829f3fa697a8,"1/2""x3/8""",unknown,,0.0,0.0,Low,true,GCDC Building 4 - ST1__47dc7ef27f6e.pdf,,rejected,,,,2026-09-02T07:17:47.243989+00:00,2026-09-02T07:23:54.762094+00:00
89bcf2cc-2863-4071-a716-e7fc5f171b39,"1/4""x4""",unknown,,0.0,0.0,Low,true,GCDC Building 4 - ST1__47dc7ef27f6e.pdf,,rejected,,,,2026-09-02T07:17:47.786796+00:00,2026-09-02T07:23:54.761911+00:00
35e8d61e-c1e0-4d29-8606-d81288893b49,"3/8""x6""",unknown,,0.0,0.0,Low,true,GCDC Building 4 - ST1__47dc7ef27f6e.pdf,,rejected,,,,2026-09-02T07:17:48.277219+00:00,2026-09-02T07:23:54.761850+00:00
3123ed85-19f5-4a11-886a-63caf543ebce,"L4x4x1/2x6""",structural_section,L4X4X1/2,0.87,0.87,High,true,GCDC Building 4 - ST1__47dc7ef27f6e.pdf,,approved,,L4X4X1/2,,2026-09-02T07:17:48.530931+00:00,2026-09-02T07:24:19.887483+00:00
f1935cce-6467-46b3-bb15-fa307fd654ce,L4x4x1/4,structural_section,L4X4X1/4,0.87,0.87,High,true,GCDC Building 4 - ST1__47dc7ef27f6e.pdf,,approved,,L4X4X1/4,,2026-09-02T07:17:48.884746+00:00,2026-09-02T07:24:19.887423+00:00
34f75203-ae3c-41c8-bf49-a64a422e86cb,W8x31,structural_section,W8X31,0.87,0.87,High,true,GCDC Building 4 - ST1__47dc7ef27f6e.pdf,,approved,,W8X31,,2026-09-02T07:17:49.147171+00:00,2026-09-02T07:24:19.887347+00:00
8096c7b7-a442-422a-b4d4-6165035379d0,"L6x4x3/4,",structural_section,L6X4X3/4,0.87,0.87,High,true,GCDC Building 4 - ST1__47dc7ef27f6e.pdf,,approved,,L6X4X3/4,,2026-09-02T07:17:49.448499+00:00,2026-09-02T07:24:19.887186+00:00
7b7d2de1-04dd-4a7e-89df-6d5acb470788,"1/2""x5""x5""",unknown,,0.0,0.0,Low,true,GCDC Building 4 - ST1__47dc7ef27f6e.pdf,,rejected,,,,2026-09-02T07:17:50.668543+00:00,2026-09-02T07:23:54.761748+00:00
34d51748-1e37-419f-ad4a-ae8285db6e89,1/2x4x4,unknown,,0.0,0.0,Low,true,GCDC Building 4 - ST1__47dc7ef27f6e.pdf,,rejected,,,,2026-09-02T07:17:51.380088+00:00,2026-09-02T07:23:54.761436+00:00
fe9b5730-906b-4f32-8e69-39e674019bc5,C8x11.5@,structural_section,C8X11.5,0.87,0.87,High,true,GCDC Building 4 - ST1__47dc7ef27f6e.pdf,,approved,,C8X11.5,,2026-09-02T07:17:51.766080+00:00,2026-09-02T07:23:23.568967+00:00
d2f67e3d-4126-4db4-b52c-062b7e77dc9c,"L8x4x7/16x1'-0"",",structural_section,L8X4X7/16,0.87,0.87,High,true,GCDC Building 4 - ST1__47dc7ef27f6e.pdf,,approved,,L8X4X7/16,,2026-09-02T07:17:52.355760+00:00,2026-09-02T07:23:23.568935+00:00
ca773486-6698-49df-bb8c-961d9e83f7db,HSS3x3x3/8,structural_section,HSS3X3X3/8,0.87,0.87,High,true,GCDC Building 4 - ST1__47dc7ef27f6e.pdf,,approved,,HSS3X3X3/8,,2026-09-02T07:17:52.699343+00:00,2026-09-02T07:23:23.568909+00:00
d082ea2d-1dee-4ac6-84e0-762b6acdf280,HSS8x8,structural_section,HSS8X8X1/2,0.0,0.0,Low,true,GCDC Building 4 - ST1__47dc7ef27f6e.pdf,,approved,,HSS8X8X1/2,,2026-09-02T07:17:52.929126+00:00,2026-09-02T07:23:23.568825+00:00
6b237dd2-c8bb-43b1-9f95-ee645cf547a8,2L4x4,structural_section,2L4X4X1/4,0.0,0.0,Low,true,GCDC Building 4 - ST1__47dc7ef27f6e.pdf,,approved,,2L4X4X1/4,,2026-09-02T07:17:53.192775+00:00,2026-09-02T07:23:23.568800+00:00
c6642f52-a6c2-4bd3-9106-00688a8478bd,"1/2""x16""x1'-4""",unknown,,0.0,0.0,Low,true,GCDC Building 4 - ST1__47dc7ef27f6e.pdf,,rejected,,,,2026-09-02T07:17:53.405772+00:00,2026-09-02T07:23:54.761392+00:00
c875d33e-d3bb-4d05-a1d6-576108de165b,"3/4""Ø",unknown,,0.0,0.0,Low,true,GCDC Building 4 - ST1__47dc7ef27f6e.pdf,,rejected,,,,2026-09-02T07:17:53.630588+00:00,2026-09-02T07:23:54.761263+00:00
b3e161d2-9f98-4337-89e4-0120312cac4e,HSS10x10,structural_section,HSS10X10X1/2,0.0,0.0,Low,true,GCDC Building 4 - ST1__47dc7ef27f6e.pdf,,approved,,HSS10X10X1/2,,2026-09-02T07:17:53.870730+00:00,2026-09-02T07:23:23.568775+00:00
93453adc-bfb1-4e4d-957e-d8b1c9d0d6e9,L5x5,structural_section,L5X3X5/16,0.0,0.0,Low,true,GCDC Building 4 - ST1__47dc7ef27f6e.pdf,,approved,,L5X3X5/16,,2026-09-02T07:17:54.094138+00:00,2026-09-02T07:23:23.568749+00:00
940f7463-2a37-4830-a70d-ab6d7415c2a1,"L3x3x1/4""",structural_section,L3X3X1/4,0.87,0.87,High,true,GCDC Building 4 - ST1__47dc7ef27f6e.pdf,,approved,,L3X3X1/4,,2026-09-02T07:17:54.759986+00:00,2026-09-02T07:23:23.568724+00:00
bbe2a8b1-bbfc-462e-b4ef-6dfd459b6ee6,"L4x4x1/4""@EA",structural_section,L4X4X1/4,0.87,0.87,High,true,GCDC Building 4 - ST1__47dc7ef27f6e.pdf,,approved,,L4X4X1/4,,2026-09-02T07:17:55.080283+00:00,2026-09-02T07:23:23.568700+00:00
e523ce19-0173-4602-99ed-741cd2dcfa5c,"L6x4x3/8""",structural_section,L6X4X3/8,0.87,0.87,High,true,GCDC Building 4 - ST1__47dc7ef27f6e.pdf,,approved,,L6X4X3/8,,2026-09-02T07:17:55.291421+00:00,2026-09-02T07:23:23.568674+00:00
dcaeac8f-e547-4624-8bb9-2ee09b8ddc1f,L7x7x1/2,structural_section,L7X4X1/2,0.0,0.0,Low,true,GCDC Building 4 - ST1__47dc7ef27f6e.pdf,,approved,,L7X4X1/2,,2026-09-02T07:17:55.536108+00:00,2026-09-02T07:23:23.568649+00:00
c24a7e2d-c282-4f34-b4ca-e61c0997d65c,HSS14x10,structural_section,HSS14X10X1/2,0.0,0.0,Low,true,GCDC Building 4 - ST1__47dc7ef27f6e.pdf,,approved,,HSS14X10X1/2,,2026-09-02T07:17:55.741932+00:00,2026-09-02T07:23:23.568623+00:00
b25fa199-16d2-4424-bd30-d1f89f47dd39,L6x3,structural_section,L6X4X3/8,0.0,0.0,Low,true,GCDC Building 4 - ST1__47dc7ef27f6e.pdf,,approved,,L6X4X3/8,,2026-09-02T07:17:56.064164+00:00,2026-09-02T07:23:23.568597+00:00
4420817c-b17c-45d5-bd13-70a6a642d842,HSS14x14,structural_section,HSS14X14X5/8,0.0,0.0,Low,true,GCDC Building 4 - ST1__47dc7ef27f6e.pdf,,approved,,HSS14X14X5/8,,2026-09-02T07:17:56.363252+00:00,2026-09-02T07:23:23.568570+00:00
f634d479-7647-432b-acbc-1b420d41e41f,W14x82,structural_section,W14X82,0.87,0.87,High,true,GCDC Building 4 - ST1__47dc7ef27f6e.pdf,,approved,,W14X82,,2026-09-02T07:17:56.665960+00:00,2026-09-02T07:23:23.568543+00:00
21da2fe7-32b5-45e1-bb44-009b87665842,HSS12x12x1/2,structural_section,HSS12X12X1/2,0.87,0.87,High,true,GCDC Building 4 - ST1__47dc7ef27f6e.pdf,,approved,,HSS12X12X1/2,,2026-09-02T07:17:56.879532+00:00,2026-09-02T07:23:23.568515+00:00
19a09e8a-84a1-412f-9460-648e4a7fad3b,W12x79,structural_section,W12X79,0.87,0.87,High,true,GCDC Building 4 - ST1__47dc7ef27f6e.pdf,,approved,,W12X79,,2026-09-02T07:17:57.182939+00:00,2026-09-02T07:23:23.568487+00:00
2099b1d3-1b72-403b-9343-316af50675aa,2L8x8x5/8,structural_section,2L8X8X5/8,0.87,0.87,High,true,GCDC Building 4 - ST1__47dc7ef27f6e.pdf,,approved,,2L8X8X5/8,,2026-09-02T07:17:57.677471+00:00,2026-09-02T07:23:23.568458+00:00
88aaf003-7861-45a5-b3fa-521f6dbeeeea,W18x311,structural_section,W18X311,0.87,0.87,High,true,GCDC Building 4 - ST1__47dc7ef27f6e.pdf,,approved,,W18X311,,2026-09-02T07:17:58.198741+00:00,2026-09-02T07:23:23.568425+00:00
bede8fed-af54-4de6-b613-dffbac4e95d6,HSS12x12x3/8,structural_section,HSS12X12X3/8,0.87,0.87,High,true,GCDC Building 4 - ST1__47dc7ef27f6e.pdf,,approved,,HSS12X12X3/8,,2026-09-02T07:17:58.569084+00:00,2026-09-02T07:23:23.568384+00:00
76092bb5-1fb6-4e8c-97cc-cae2d532471c,"3/4""x8""",unknown,,0.0,0.0,Low,true,GCDC Building 4 - ST1__47dc7ef27f6e.pdf,,rejected,,,,2026-09-02T07:17:59.310434+00:00,2026-09-02T07:23:54.761124+00:00
9db00abe-e078-428a-a1ed-69b0495d1b94,C4X5.4,structural_section,C4X5.4,0.62,0.62,Medium,true,GCDC Building 4 - ST1__47dc7ef27f6e.pdf,,approved,,C4X5.4,,2026-09-02T07:18:00.100782+00:00,2026-09-02T07:23:23.568263+00:00
dc7c65d1-4e71-464f-a604-1b8d754ae208,HSS8X4,structural_section,HSS8X4X5/8,0.0,0.0,Low,true,GCDC Building 4 - ST1__47dc7ef27f6e.pdf,,approved,,HSS8X4X5/8,,2026-09-02T07:18:00.312365+00:00,2026-09-02T07:22:54.544780+00:00
4d06ce23-1789-4b14-bc58-bc1a4dc964b6,W12X65,structural_section,W12X65,0.9732100963592529,0.9732,High,true,GCDC Building 4 - ST1__47dc7ef27f6e.pdf,,approved,,W12X65,,2026-09-02T07:18:00.528048+00:00,2026-09-02T07:22:54.543934+00:00
429b0b41-127f-4d09-ba34-25beb2bc33aa,W18X40,structural_section,W18X40,0.7801931123563014,0.7802,Medium,true,GCDC Building 4 - ST1__47dc7ef27f6e.pdf,,approved,,W18X40,,2026-09-02T07:18:00.741437+00:00,2026-09-02T07:22:54.543898+00:00
46938f3b-f1b4-42a5-8390-dbd08d8e4711,W8X10,structural_section,W8X10,0.9999749660491943,1.0,High,true,GCDC Building 4 - ST1__47dc7ef27f6e.pdf,,approved,,W8X10,,2026-09-02T07:18:00.954133+00:00,2026-09-02T07:22:54.543858+00:00
100fc0c8-138f-4c97-93fe-d9676bb5954a,W10X12,structural_section,W10X12,0.55,0.55,Medium,true,GCDC Building 4 - ST1__47dc7ef27f6e.pdf,,approved,,W10X12,,2026-09-02T07:18:01.162837+00:00,2026-09-02T07:22:54.543829+00:00
dae66d75-a517-452b-965e-bbca844404be,W12X19,structural_section,W12X19,0.55,0.55,Medium,true,GCDC Building 4 - ST1__47dc7ef27f6e.pdf,,approved,,W12X19,,2026-09-02T07:18:01.371443+00:00,2026-09-02T07:22:54.543799+00:00
13b94995-b277-48c8-9bcc-cc9d85781564,W14X61,structural_section,W14X61,0.68990659903903,0.6899,Medium,true,GCDC Building 4 - ST1__47dc7ef27f6e.pdf,,approved,,W14X61,,2026-09-02T07:18:01.587715+00:00,2026-09-02T07:22:54.543768+00:00
a71ecd9d-444b-427e-8b30-34477391573c,HSS14X6X5/8,structural_section,HSS14X6X5/8,0.55,0.55,Medium,true,GCDC Building 4 - ST1__47dc7ef27f6e.pdf,,approved,,HSS14X6X5/8,,2026-09-02T07:18:01.837904+00:00,2026-09-02T07:22:54.543738+00:00
502d9a05-d2b9-4bbe-a990-9338a79eeaac,W12X30,structural_section,W12X30,0.992668628692627,0.9927,High,true,GCDC Building 4 - ST1__47dc7ef27f6e.pdf,,approved,,W12X30,,2026-09-02T07:18:02.132478+00:00,2026-09-02T07:22:54.543710+00:00
70509004-0489-4dff-a6ea-918d85ef86e2,W12X22,structural_section,W12X22,0.7843142995013376,0.7843,Medium,true,GCDC Building 4 - ST1__47dc7ef27f6e.pdf,,approved,,W12X22,,2026-09-02T07:18:02.308275+00:00,2026-09-02T07:22:54.543681+00:00
aee8c42d-2d9b-4883-a026-e4619796358c,W10X22,structural_section,W10X22,0.6956330467684227,0.6956,Medium,true,GCDC Building 4 - ST1__47dc7ef27f6e.pdf,,approved,,W10X22,,2026-09-02T07:18:02.545078+00:00,2026-09-02T07:22:54.543654+00:00
9e48e2aa-4d4a-4794-9560-179bab0c6d2e,W12X40,structural_section,W12X40,0.839975,0.84,High,true,GCDC Building 4 - ST1__47dc7ef27f6e.pdf,,approved,,W12X40,,2026-09-02T07:18:03.812891+00:00,2026-09-02T07:22:54.543584+00:00
8443285b-95e1-40b9-837f-c377d4b3ea16,W12X53,structural_section,W12X53,0.9924929738044739,0.9925,High,true,GCDC Building 4 - ST1__47dc7ef27f6e.pdf,,approved,,W12X53,,2026-09-02T07:18:04.017582+00:00,2026-09-02T07:22:54.543558+00:00
9125cb0a-07ac-4c10-9aa0-659fd99c944d,W16X31,structural_section,W16X31,0.7138125000000002,0.7138,Medium,true,GCDC Building 4 - ST1__47dc7ef27f6e.pdf,,approved,,W16X31,,2026-09-02T07:18:04.817753+00:00,2026-09-02T07:22:54.543502+00:00
ebf07f44-3e6d-4e90-83a1-27fe4ac5b9f7,HSS8X8X1/2,structural_section,HSS8X8X1/2,0.8879460096359253,0.8879,High,true,GCDC Building 4 - ST1__47dc7ef27f6e.pdf,,approved,,HSS8X8X1/2,,2026-09-02T07:18:05.024938+00:00,2026-09-02T07:22:54.543439+00:00
80f71dcd-5138-4a14-a8b6-169084c51bd5,HSS20X12X1/2,structural_section,HSS20X12X1/2,0.6534649248066645,0.6535,Medium,true,GCDC Building 4 - ST1__47dc7ef27f6e.pdf,,approved,,HSS20X12X1/2,,2026-09-02T07:18:05.354512+00:00,2026-09-02T07:22:54.543409+00:00
1b9ba9ae-8d89-4663-abf8-c00cac0bdef1,W30X90,structural_section,W30X90,0.8395625000000001,0.8396,High,true,GCDC Building 4 - ST1__47dc7ef27f6e.pdf,,approved,,W30X90,,2026-09-02T07:18:05.610115+00:00,2026-09-02T07:22:54.543383+00:00
74bc171b-5d6e-4aa8-b253-0d4113c27ad9,W36X135,structural_section,W36X135,0.9991462230682373,0.9991,High,true,GCDC Building 4 - ST1__47dc7ef27f6e.pdf,,approved,,W36X135,,2026-09-02T07:18:05.953985+00:00,2026-09-02T07:22:54.543354+00:00
12f44f72-70d2-4275-981d-adc02d9c7346,W33X130,structural_section,W33X130,0.8450750000000005,0.8451,High,true,GCDC Building 4 - ST1__47dc7ef27f6e.pdf,,approved,,W33X130,,2026-09-02T07:18:06.164837+00:00,2026-09-02T07:22:54.543327+00:00
9133bf8e-561a-4a1d-8316-74499c641cc6,W24X76,structural_section,W24X76,0.9996349811553955,0.9996,High,true,GCDC Building 4 - ST1__47dc7ef27f6e.pdf,,approved,,W24X76,,2026-09-02T07:18:06.342406+00:00,2026-09-02T07:22:54.543296+00:00
f20d7976-c7c3-43b3-b2ab-ecd404d60b35,W24X84,structural_section,W24X84,0.7274249999999994,0.7274,Medium,true,GCDC Building 4 - ST1__47dc7ef27f6e.pdf,,approved,,W24X84,,2026-09-02T07:18:06.744968+00:00,2026-09-02T07:22:54.543268+00:00
441e883c-b657-4640-a9f6-e0e489e606c3,W21X62,structural_section,W21X62,0.9998623132705688,0.9999,High,true,GCDC Building 4 - ST1__47dc7ef27f6e.pdf,,approved,,W21X62,,2026-09-02T07:18:06.955259+00:00,2026-09-02T07:22:54.543236+00:00
873d9125-8d45-486f-8a45-863cebfde213,W30X124,structural_section,W30X124,0.7498124999999999,0.7498,Medium,true,GCDC Building 4 - ST1__47dc7ef27f6e.pdf,,approved,,W30X124,,2026-09-02T07:18:07.204393+00:00,2026-09-02T07:22:54.543201+00:00
0265c1f9-ef90-449f-a49e-0afaf44941e0,W27X114,structural_section,W27X114,0.9999622106552124,1.0,High,true,GCDC Building 4 - ST1__47dc7ef27f6e.pdf,,approved,,W27X114,,2026-09-02T07:18:07.425301+00:00,2026-09-02T07:22:54.543156+00:00
c4ab7518-f78e-4df5-8dd8-df151123eda6,W33X152,structural_section,W33X152,0.9999661445617676,1.0,High,true,GCDC Building 4 - ST1__47dc7ef27f6e.pdf,,approved,,W33X152,,2026-09-02T07:18:07.759042+00:00,2026-09-02T07:22:54.543034+00:00
4eea0866-11be-47ff-9e35-ab7f0b3a4dca,W33X118,structural_section,W33X118,0.9998489618301392,0.9998,High,true,GCDC Building 4 - ST1__47dc7ef27f6e.pdf,,approved,,W33X118,,2026-09-02T07:18:08.067626+00:00,2026-09-02T07:22:40.934769+00:00
06150c88-4620-4c46-b791-1a7dec131c33,W21X48,structural_section,W21X48,0.9999703168869019,1.0,High,true,GCDC Building 4 - ST1__47dc7ef27f6e.pdf,,approved,,W21X48,,2026-09-02T07:18:08.915144+00:00,2026-09-02T07:22:40.934708+00:00
a188618a-895b-461b-a48a-d6c096531d7d,W36X194,structural_section,W36X194,0.7913874999999999,0.7914,Medium,true,GCDC Building 4 - ST1__47dc7ef27f6e.pdf,,approved,,W36X194,,2026-09-02T07:18:09.202686+00:00,2026-09-02T07:22:40.933072+00:00
4a32934b-d298-4b5e-bf88-69dfe4f9bae0,W30X116,structural_section,W30X116,0.7761460637051079,0.7761,Medium,true,GCDC Building 4 - ST1__47dc7ef27f6e.pdf,,approved,,W30X116,,2026-09-02T07:18:09.803784+00:00,2026-09-02T07:22:40.933042+00:00
aac05eb9-c9b3-4933-9c38-8db8d99d71cc,W27X84,structural_section,W27X84,0.9999887943267822,1.0,High,true,GCDC Building 4 - ST1__47dc7ef27f6e.pdf,,approved,,W27X84,,2026-09-02T07:18:10.934660+00:00,2026-09-02T07:22:40.933015+00:00
e1ceecc2-85a9-4be1-9938-d1d218ce34c2,W33X141,structural_section,W33X141,0.9999955892562866,1.0,High,true,GCDC Building 4 - ST1__47dc7ef27f6e.pdf,,approved,,W33X141,,2026-09-02T07:18:11.331988+00:00,2026-09-02T07:22:40.932977+00:00
561c7f9b-37ed-4f3d-ab82-22e874264cde,W36X150,structural_section,W36X150,0.828725,0.8287,High,true,GCDC Building 4 - ST1__47dc7ef27f6e.pdf,,approved,,W36X150,,2026-09-02T07:18:12.032426+00:00,2026-09-02T07:22:40.932952+00:00
22bb44bc-e0a8-4625-8e98-3434b5765c38,W36X170,structural_section,W36X170,0.83435,0.8344,High,true,GCDC Building 4 - ST1__47dc7ef27f6e.pdf,,approved,,W36X170,,2026-09-02T07:18:12.375938+00:00,2026-09-02T07:22:40.932909+00:00
9209f46d-052f-425b-9c5d-d05061581559,HSS10X10X1/2,structural_section,HSS10X10X1/2,0.7345875000000001,0.7346,Medium,true,GCDC Building 4 - ST1__47dc7ef27f6e.pdf,,approved,,HSS10X10X1/2,,2026-09-02T07:18:12.796103+00:00,2026-09-02T07:22:40.932882+00:00
0a242578-08ae-4fe3-a98b-685596068adc,HSS20X8X1/2,structural_section,HSS20X8X1/2,0.8212374999999997,0.8212,High,true,GCDC Building 4 - ST1__47dc7ef27f6e.pdf,,approved,,HSS20X8X1/2,,2026-09-02T07:18:13.006178+00:00,2026-09-02T07:22:40.932836+00:00
4ceeefa4-8158-4855-afbe-8668a1f37b76,W24X55,structural_section,W24X55,0.8324374999999997,0.8324,High,true,GCDC Building 4 - ST1__47dc7ef27f6e.pdf,,approved,,W24X55,,2026-09-02T07:18:13.330827+00:00,2026-09-02T07:22:40.932773+00:00
381be152-857e-4355-905b-a89deb37e81c,W40X183,structural_section,W40X183,0.9986464381217957,0.9986,High,true,GCDC Building 4 - ST1__47dc7ef27f6e.pdf,,approved,,W40X183,,2026-09-02T07:18:14.770908+00:00,2026-09-02T07:22:40.932745+00:00
b13c5cc2-9c85-4861-896b-aad855f5932f,W16X40,structural_section,W16X40,0.7106452363345623,0.7106,Medium,true,GCDC Building 4 - ST1__47dc7ef27f6e.pdf,,approved,,W16X40,,2026-09-02T07:18:15.014167+00:00,2026-09-02T07:22:40.932699+00:00
7f98677a-a1e5-4586-947d-d37ba3d16623,W21X55,structural_section,W21X55,0.9484735131263733,0.9485,High,true,GCDC Building 4 - ST1__47dc7ef27f6e.pdf,,approved,,W21X55,,2026-09-02T07:18:15.412910+00:00,2026-09-02T07:22:40.932673+00:00
647f2887-1a76-4715-9423-37b87bb5fde9,W18X60,structural_section,W18X60,0.8325125,0.8325,High,true,GCDC Building 4 - ST1__47dc7ef27f6e.pdf,,approved,,W18X60,,2026-09-02T07:18:15.630373+00:00,2026-09-02T07:22:40.932647+00:00
00e2dda7-4c1a-4cc1-9e64-b38a35519390,W21X44,structural_section,W21X44,0.9997411370277405,0.9997,High,true,GCDC Building 4 - ST1__47dc7ef27f6e.pdf,,approved,,W21X44,,2026-09-02T07:18:16.232813+00:00,2026-09-02T07:22:40.932620+00:00
832a1595-0be8-4e2d-bf1d-a9759f756c46,W18X65,structural_section,W18X65,0.6972874999999998,0.6973,Medium,true,GCDC Building 4 - ST1__47dc7ef27f6e.pdf,,approved,,W18X65,,2026-09-02T07:18:16.511761+00:00,2026-09-02T07:22:40.932592+00:00
3bd53f9e-0d6d-40a0-9a41-787b495683b4,W30X108,structural_section,W30X108,0.9911094903945923,0.9911,High,true,GCDC Building 4 - ST1__47dc7ef27f6e.pdf,,approved,,W30X108,,2026-09-02T07:18:16.778875+00:00,2026-09-02T07:22:40.932565+00:00
9857cebf-4942-4d9b-a549-45d8dd862b4b,W14X22,structural_section,W14X22,0.9994738698005676,0.9995,High,true,GCDC Building 4 - ST1__47dc7ef27f6e.pdf,,approved,,W14X22,,2026-09-02T07:18:17.102897+00:00,2026-09-02T07:22:40.932539+00:00
966a32ea-7a85-49ce-8453-40366c546fac,W10X33,structural_section,W10X33,0.999729573726654,0.9997,High,true,GCDC Building 4 - ST1__47dc7ef27f6e.pdf,,approved,,W10X33,,2026-09-02T07:18:17.416139+00:00,2026-09-02T07:22:40.932512+00:00
8d9e0988-7be2-42c1-8434-2d79961d1423,W24X62,structural_section,W24X62,0.9891362190246582,0.9891,High,true,GCDC Building 4 - ST1__47dc7ef27f6e.pdf,,approved,,W24X62,,2026-09-02T07:18:17.684733+00:00,2026-09-02T07:22:40.932484+00:00
e845c9a8-da7b-4e6e-a71e-5458332ae200,W36X231,structural_section,W36X231,0.55,0.55,Medium,true,GCDC Building 4 - ST1__47dc7ef27f6e.pdf,,approved,,W36X231,,2026-09-02T07:18:18.392402+00:00,2026-09-02T07:22:40.932455+00:00
3e73c1bd-a550-4b79-ae32-5072f2349264,W27X94,structural_section,W27X94,0.9999860525131226,1.0,High,true,GCDC Building 4 - ST1__47dc7ef27f6e.pdf,,approved,,W27X94,,2026-09-02T07:18:21.430520+00:00,2026-09-02T07:22:40.932421+00:00
6af9a517-8714-4fa1-8a0b-7c2fae7f5296,L6X6X5/16,structural_section,L6X6X5/16,0.6693250000000001,0.6693,Medium,true,GCDC Building 4 - ST1__47dc7ef27f6e.pdf,,approved,,L6X6X5/16,,2026-09-02T07:18:22.761879+00:00,2026-09-02T07:22:40.932378+00:00
4b92472e-88da-4a3d-b6bb-0b7ccde82e96,C6X10.5,structural_section,C6X10.5,0.85,0.85,High,true,GCDC Building 4 - ST1__47dc7ef27f6e.pdf,,approved,,C6X10.5,,2026-09-02T07:18:23.097755+00:00,2026-09-02T07:22:40.932238+00:00
4785ce22-bd46-4f23-8d99-5ab94ba64dc0,L5X5X5/16,structural_section,L5X5X5/16,0.665525,0.6655,Medium,true,GCDC Building 4 - ST1__47dc7ef27f6e.pdf,,approved,,L5X5X5/16,,2026-09-02T07:18:23.431940+00:00,2026-09-02T07:22:28.786220+00:00
61746d29-1078-4785-bb81-409300a8922b,L6X4X3/8,structural_section,L6X4X3/8,0.6052249999999998,0.6052,Medium,true,GCDC Building 4 - ST1__47dc7ef27f6e.pdf,,approved,,L6X4X3/8,,2026-09-02T07:18:23.633170+00:00,2026-09-02T07:22:28.786178+00:00
20e4a688-02eb-45b2-a698-f561eaf2762a,C12X25,structural_section,C12X25,0.9729175567626953,0.9729,High,true,GCDC Building 4 - ST1__47dc7ef27f6e.pdf,,approved,,C12X25,,2026-09-02T07:18:23.871233+00:00,2026-09-02T07:22:28.786132+00:00
44b5cef7-5272-4b76-ac6e-6d8fb3165acf,W12X106,structural_section,W12X106,0.8116249999999999,0.8116,High,true,GCDC Building 4 - ST1__47dc7ef27f6e.pdf,,approved,,W12X106,,2026-09-02T07:18:24.085715+00:00,2026-09-02T07:22:28.786061+00:00
c96251e8-816d-4648-bed6-0f5cc0e037a9,W12X152,structural_section,W12X152,0.8116374999999999,0.8116,High,true,GCDC Building 4 - ST1__47dc7ef27f6e.pdf,,approved,,W12X152,,2026-09-02T07:18:24.297053+00:00,2026-09-02T07:22:28.786013+00:00
b8d9887b-2a1a-49de-b0b6-5571d2e08eb9,W14X159,structural_section,W14X159,0.9997125267982483,0.9997,High,true,GCDC Building 4 - ST1__47dc7ef27f6e.pdf,,approved,,W14X159,,2026-09-02T07:18:24.512032+00:00,2026-09-02T07:22:28.785890+00:00
99e2003f-5795-4f01-ab63-fc00344822d7,W14X193,structural_section,W14X193,0.9497233629226685,0.9497,High,true,GCDC Building 4 - ST1__47dc7ef27f6e.pdf,,approved,,W14X193,,2026-09-02T07:18:24.721135+00:00,2026-09-02T07:22:28.785841+00:00
2d562aa3-6b7c-412b-a974-e5f6af4988ac,W14X283,structural_section,W14X283,0.9981295466423035,0.9981,High,true,GCDC Building 4 - ST1__47dc7ef27f6e.pdf,,approved,,W14X283,,2026-09-02T07:18:24.936593+00:00,2026-09-02T07:22:28.785761+00:00
42abf503-6b7e-4386-acc8-32ed18e6f976,W14X211,structural_section,W14X211,0.9232797622680664,0.9233,High,true,GCDC Building 4 - ST1__47dc7ef27f6e.pdf,,approved,,W14X211,,2026-09-02T07:18:25.185182+00:00,2026-09-02T07:22:28.785706+00:00
7c764c81-de3d-458a-89a2-9754e5acaee4,W14X176,structural_section,W14X176,0.9997599720954895,0.9998,High,true,GCDC Building 4 - ST1__47dc7ef27f6e.pdf,,approved,,W14X176,,2026-09-02T07:18:25.433356+00:00,2026-09-02T07:22:28.785579+00:00
71998150-6062-46ed-a35a-03f6eea01249,W14X109,structural_section,W14X109,0.997678816318512,0.9977,High,true,GCDC Building 4 - ST1__47dc7ef27f6e.pdf,,approved,,W14X109,,2026-09-02T07:18:25.642081+00:00,2026-09-02T07:22:28.784592+00:00
83aeb278-be81-41a3-ad56-97c8745b7fe5,W14X257,structural_section,W14X257,0.9997515082359314,0.9998,High,true,GCDC Building 4 - ST1__47dc7ef27f6e.pdf,,approved,,W14X257,,2026-09-02T07:18:26.095432+00:00,2026-09-02T07:22:28.784568+00:00
b5799bc7-2a63-4e8b-ad04-9565525d6137,W14X145,structural_section,W14X145,0.8116374999999999,0.8116,High,true,GCDC Building 4 - ST1__47dc7ef27f6e.pdf,,approved,,W14X145,,2026-09-02T07:18:26.389238+00:00,2026-09-02T07:22:28.784543+00:00
a604f654-f188-47f1-a21e-33d9b9d0d7e3,W14X132,structural_section,W14X132,0.8321125,0.8321,High,true,GCDC Building 4 - ST1__47dc7ef27f6e.pdf,,approved,,W14X132,,2026-09-02T07:18:26.654828+00:00,2026-09-02T07:22:28.784516+00:00
cae7b4e9-bc18-4edf-9803-9973e3bf5226,W14X90,structural_section,W14X90,0.8116249999999999,0.8116,High,true,GCDC Building 4 - ST1__47dc7ef27f6e.pdf,,approved,,W14X90,,2026-09-02T07:18:27.383903+00:00,2026-09-02T07:22:28.784470+00:00
b4e10a76-9923-43cb-8069-0b96824d03d9,W12X72,structural_section,W12X72,0.8116249999999999,0.8116,High,true,GCDC Building 4 - ST1__47dc7ef27f6e.pdf,,approved,,W12X72,,2026-09-02T07:18:27.664889+00:00,2026-09-02T07:22:28.784403+00:00
d9e68970-b3a0-4359-94f2-0eb8dfdd6915,W12X120,structural_section,W12X120,0.8785611391067505,0.8786,High,true,GCDC Building 4 - ST1__47dc7ef27f6e.pdf,,approved,,W12X120,,2026-09-02T07:18:28.048453+00:00,2026-09-02T07:22:28.784355+00:00
993894d8-3512-4335-9104-acd955315a17,HSS10X10X3/8,structural_section,HSS10X10X3/8,0.8172624999999999,0.8173,High,true,GCDC Building 4 - ST1__47dc7ef27f6e.pdf,,approved,,HSS10X10X3/8,,2026-09-02T07:18:28.719229+00:00,2026-09-02T07:22:28.784281+00:00
fd004dcb-ef90-42ee-b376-22a50da3ef4d,W12X136,structural_section,W12X136,0.8145749999999998,0.8146,High,true,GCDC Building 4 - ST1__47dc7ef27f6e.pdf,,approved,,W12X136,,2026-09-02T07:18:30.153711+00:00,2026-09-02T07:22:28.784235+00:00
02750faa-7c73-4a56-8592-f979e20544af,W12X87,structural_section,W12X87,0.9469669461250305,0.947,High,true,GCDC Building 4 - ST1__47dc7ef27f6e.pdf,,approved,,W12X87,,2026-09-02T07:18:30.945426+00:00,2026-09-02T07:22:28.784188+00:00
a09b599b-181e-4620-ad4e-609c5acc323e,W12X96,structural_section,W12X96,0.8145749999999998,0.8146,High,true,GCDC Building 4 - ST1__47dc7ef27f6e.pdf,,approved,,W12X96,,2026-09-02T07:18:31.345107+00:00,2026-09-02T07:22:28.784139+00:00
46274e27-3a20-4f60-b6fd-621f6fe7ca47,W12X58,structural_section,W12X58,0.8145749999999998,0.8146,High,true,GCDC Building 4 - ST1__47dc7ef27f6e.pdf,,approved,,W12X58,,2026-09-02T07:18:32.864450+00:00,2026-09-02T07:22:28.784051+00:00
c475ba0b-75ff-4b7d-bf11-21beea17d80e,W12X45,structural_section,W12X45,0.9989666938781738,0.999,High,true,GCDC Building 4 - ST1__47dc7ef27f6e.pdf,,approved,,W12X45,,2026-09-02T07:18:33.186568+00:00,2026-09-02T07:22:28.783999+00:00
92a0313b-3296-4f55-b944-86f54b673a41,W14X43,structural_section,W14X43,0.9755832552909851,0.9756,High,true,GCDC Building 4 - ST1__47dc7ef27f6e.pdf,,approved,,W14X43,,2026-09-02T07:18:33.698840+00:00,2026-09-02T07:22:28.783900+00:00
847f67c7-6b43-4c27-a2d7-2fa275ef1820,HSS10X6X3/8,structural_section,HSS10X6X3/8,0.7912625,0.7913,Medium,true,GCDC Building 4 - ST1__47dc7ef27f6e.pdf,,approved,,HSS10X6X3/8,,2026-09-02T07:18:33.986022+00:00,2026-09-02T07:22:28.783230+00:00
b1c58ecf-f0dc-4939-bab3-6c8cf438d301,4x4,unknown,,0.0,0.0,Low,true,Burrville ES - ST__0d910a43b4a0.pdf,,rejected,,,,2026-09-02T09:00:19.176380+00:00,2026-09-04T08:41:28.335395+00:00
c75f25f7-9585-4af7-8723-4c8f9e91f559,"(1/16""",unknown,,0.0,0.0,Low,true,Burrville ES - ST__0d910a43b4a0.pdf,,rejected,,,,2026-09-02T09:00:19.457718+00:00,2026-09-04T08:41:28.335522+00:00
e97a5e95-ef79-4704-96b4-a3b38d1193ea,A325,structural_section,W14X132,0.0,0.0,Low,true,Burrville ES - ST__0d910a43b4a0.pdf,,rejected,,,,2026-09-02T09:00:19.869070+00:00,2026-09-04T08:41:28.335570+00:00
df4e4477-c18b-4ffc-868d-79ed631c1224,"3/8""",unknown,,0.0,0.0,Low,true,Burrville ES - ST__0d910a43b4a0.pdf,,rejected,,,,2026-09-02T09:00:20.136155+00:00,2026-09-04T08:41:28.335607+00:00
2e71760a-ee3b-4252-abfc-a935de5c8566,"3/4""",unknown,,0.0,0.0,Low,true,Burrville ES - ST__0d910a43b4a0.pdf,,rejected,,,,2026-09-02T09:00:20.390915+00:00,2026-09-04T08:41:28.335638+00:00
3dbf94d7-78ba-4269-9bc6-bb928a75e356,"12""",unknown,,0.0,0.0,Low,true,Burrville ES - ST__0d910a43b4a0.pdf,,rejected,,,,2026-09-02T09:00:20.735921+00:00,2026-09-04T08:41:28.335667+00:00
123386ce-b144-46c6-a2e6-cdb07880971f,"5/8""",unknown,,0.0,0.0,Low,true,Burrville ES - ST__0d910a43b4a0.pdf,,rejected,,,,2026-09-02T09:00:21.055727+00:00,2026-09-04T08:41:28.335697+00:00
4d33f7dc-9654-491f-8de0-59af407a3356,"3/16""Ø",unknown,,0.0,0.0,Low,true,Burrville ES - ST__0d910a43b4a0.pdf,,rejected,,,,2026-09-02T09:00:21.354101+00:00,2026-09-04T08:41:28.335728+00:00
734bafd3-5c8d-4567-ab56-1c2b632d8f58,"1""",unknown,,0.0,0.0,Low,true,Burrville ES - ST__0d910a43b4a0.pdf,,rejected,,,,2026-09-02T09:00:21.613687+00:00,2026-09-04T08:41:28.335757+00:00
1ab2ece6-e86a-43a1-ad04-87b007d20e3b,"1/2""",unknown,,0.0,0.0,Low,true,Burrville ES - ST__0d910a43b4a0.pdf,,rejected,,,,2026-09-02T09:00:21.914578+00:00,2026-09-04T08:41:28.335786+00:00
bfaccc34-c84e-4aeb-827f-26c29934fe92,"1/8""",unknown,,0.0,0.0,Low,true,Burrville ES - ST__0d910a43b4a0.pdf,,rejected,,,,2026-09-02T09:00:22.170184+00:00,2026-09-04T08:41:28.335815+00:00
36f31069-6d4c-436e-bd19-a56ff6a25974,W18X50,structural_section,W18X50,0.87,0.87,High,true,Burrville ES - ST__0d910a43b4a0.pdf,,rejected,,,,2026-09-02T09:00:22.432092+00:00,2026-09-04T08:41:28.335843+00:00
93e3f2be-88ee-49c0-8287-d81978399978,W21X50,structural_section,W21X50,0.87,0.87,High,true,Burrville ES - ST__0d910a43b4a0.pdf,,rejected,,,,2026-09-02T09:00:22.719116+00:00,2026-09-04T08:41:28.335871+00:00
67f2dcc9-ce48-4bb3-a8f9-6571fdc56c3b,"1 1/4""",unknown,,0.0,0.0,Low,true,Burrville ES - ST__0d910a43b4a0.pdf,,rejected,,,,2026-09-02T09:00:22.973256+00:00,2026-09-04T08:41:28.335900+00:00
b2c3ff0b-8acd-4374-9e56-5153d03ec975,"1/4""",unknown,,0.0,0.0,Low,true,Burrville ES - ST__0d910a43b4a0.pdf,,rejected,,,,2026-09-02T09:00:23.234692+00:00,2026-09-04T08:41:28.335928+00:00
0f2953ca-7bf5-4b58-b354-41d3897710d2,W10X19,structural_section,W10X19,0.87,0.87,High,true,Burrville ES - ST__0d910a43b4a0.pdf,,rejected,,,,2026-09-02T09:00:23.538754+00:00,2026-09-04T08:41:28.335957+00:00
e5e11d6c-1b4c-4669-9237-641835089040,W12X26,structural_section,W12X26,0.87,0.87,High,true,Burrville ES - ST__0d910a43b4a0.pdf,,rejected,,,,2026-09-02T09:00:24.342318+00:00,2026-09-04T08:41:28.335987+00:00
a963039c-2fc3-4a99-97ba-42169953b268,W12X30,structural_section,W12X30,0.87,0.87,High,true,Burrville ES - ST__0d910a43b4a0.pdf,,rejected,,,,2026-09-02T09:00:26.401262+00:00,2026-09-04T08:41:28.336017+00:00
dcf7fb59-1e3e-4a61-b298-29383100d9c6,HSS14X6X1/2,structural_section,HSS14X6X1/2,0.87,0.87,High,true,Burrville ES - ST__0d910a43b4a0.pdf,,rejected,,,,2026-09-02T09:00:26.838034+00:00,2026-09-04T08:41:28.336045+00:00
67666a66-bf79-4730-af84-6f49bd92657f,HSS20X8X5/8,structural_section,HSS20X8X5/8,0.87,0.87,High,true,Burrville ES - ST__0d910a43b4a0.pdf,,rejected,,,,2026-09-02T09:00:27.734531+00:00,2026-09-04T08:41:28.336073+00:00
653de459-a9e9-4208-b2d9-a7e9dbc00915,W8x31,structural_section,W8X31,0.87,0.87,High,true,Burrville ES - ST__0d910a43b4a0.pdf,,rejected,,,,2026-09-02T09:00:28.398178+00:00,2026-09-04T08:41:28.336100+00:00
62f2b5cd-6edf-4b0d-930c-174933111a3d,W14X22,structural_section,W14X22,0.87,0.87,High,true,Burrville ES - ST__0d910a43b4a0.pdf,,rejected,,,,2026-09-02T09:00:29.684760+00:00,2026-09-04T08:41:28.336144+00:00
a44c80d5-7bb0-445e-992b-65cd31f9f09f,HSS14X6X5/8,structural_section,HSS14X6X5/8,0.87,0.87,High,true,Burrville ES - ST__0d910a43b4a0.pdf,,rejected,,,,2026-09-02T09:00:30.584141+00:00,2026-09-04T08:41:28.336280+00:00
b40b6265-8d56-45d0-a94e-4dbfd6216a9f,L4X4X3/8,structural_section,L4X4X3/8,0.87,0.87,High,true,Burrville ES - ST__0d910a43b4a0.pdf,,rejected,,,,2026-09-02T09:00:31.174850+00:00,2026-09-04T08:41:28.336318+00:00
551f9cb3-71d5-4ca4-a66a-c0e87dcdb857,"5/8""ø",unknown,,0.0,0.0,Low,true,Burrville ES - ST__0d910a43b4a0.pdf,,rejected,,,,2026-09-02T09:00:31.788956+00:00,2026-09-04T08:41:28.336348+00:00
63e13850-a3d4-43f3-b264-6c315d36c554,6x6,unknown,,0.0,0.0,Low,true,Burrville ES - ST__0d910a43b4a0.pdf,,rejected,,,,2026-09-02T09:00:32.041429+00:00,2026-09-04T08:41:28.336379+00:00
c511a17c-67b6-44c7-8c83-5ba43afc627a,"1-1/2""",unknown,,0.0,0.0,Low,true,Burrville ES - ST__0d910a43b4a0.pdf,,rejected,,,,2026-09-02T09:00:32.343123+00:00,2026-09-04T08:41:28.336408+00:00
938cea89-428c-474c-9cb9-4e6545234029,"3/4""Ø",unknown,,0.0,0.0,Low,true,Burrville ES - ST__0d910a43b4a0.pdf,,rejected,,,,2026-09-02T09:00:32.651067+00:00,2026-09-04T08:41:28.336436+00:00
5346df52-8836-4dcb-ae20-678c8872ea35,"14-2"".",unknown,,0.0,0.0,Low,true,Burrville ES - ST__0d910a43b4a0.pdf,,rejected,,,,2026-09-02T09:00:33.010450+00:00,2026-09-04T08:41:28.336463+00:00
c5f6b50f-7276-4a32-9964-05c27b94ccaa,"5/16""",unknown,,0.0,0.0,Low,true,Burrville ES - ST__0d910a43b4a0.pdf,,rejected,,,,2026-09-02T09:00:33.270976+00:00,2026-09-04T08:41:28.336489+00:00
96fe6dcb-11aa-440e-a636-bead4c6b9494,"1""⌀STUDS",unknown,,0.0,0.0,Low,true,Burrville ES - ST__0d910a43b4a0.pdf,,rejected,,,,2026-09-02T09:00:33.571835+00:00,2026-09-04T08:41:28.336516+00:00
8a480e55-f577-4332-aee5-73acc7e17400,"7-7/8""",unknown,,0.0,0.0,Low,true,Burrville ES - ST__0d910a43b4a0.pdf,,rejected,,,,2026-09-02T09:00:33.886041+00:00,2026-09-04T08:41:28.336542+00:00
5d85c9d4-530c-4ba6-b159-3f937ba001a9,"3/16 """,unknown,,0.0,0.0,Low,true,Burrville ES - ST__0d910a43b4a0.pdf,,rejected,,,,2026-09-02T09:00:34.286080+00:00,2026-09-04T08:41:28.336569+00:00
c4d31566-f5ee-4e48-b503-2c68d9ca8920,"1/4 """,unknown,,0.0,0.0,Low,true,Burrville ES - ST__0d910a43b4a0.pdf,,rejected,,,,2026-09-02T09:00:34.535088+00:00,2026-09-04T08:41:28.336596+00:00
eb8ee342-afd5-40d9-be80-c2499254476d,"5/16 """,unknown,,0.0,0.0,Low,true,Burrville ES - ST__0d910a43b4a0.pdf,,rejected,,,,2026-09-02T09:00:34.791954+00:00,2026-09-04T08:41:28.336624+00:00
3270bd45-b7e2-4ecc-a763-46840af60276,"3/8 """,unknown,,0.0,0.0,Low,true,Burrville ES - ST__0d910a43b4a0.pdf,,rejected,,,,2026-09-02T09:00:35.047726+00:00,2026-09-04T08:41:28.336652+00:00
e3c9f075-081f-4f91-b0d5-ae4f6c89bcf5,"1/2""ø",unknown,,0.0,0.0,Low,true,Burrville ES - ST__0d910a43b4a0.pdf,,rejected,,,,2026-09-02T09:00:35.348792+00:00,2026-09-04T08:41:28.336678+00:00
e4bd12df-9880-48e0-a278-b2a088d1b366,"1/2""⌀x",unknown,,0.0,0.0,Low,true,Burrville ES - ST__0d910a43b4a0.pdf,,rejected,,,,2026-09-02T09:00:35.649633+00:00,2026-09-04T08:41:28.336704+00:00
1a2ad1a5-1139-4be6-9158-9112dc4a68bf,L3x3x1/4,structural_section,L3X3X1/4,0.87,0.87,High,true,Burrville ES - ST__0d910a43b4a0.pdf,,rejected,,,,2026-09-02T09:00:35.907588+00:00,2026-09-04T08:41:28.336732+00:00
4aca6069-9a30-4269-8ab3-c9f1fd77ce0a,"3/8""x4""",unknown,,0.0,0.0,Low,true,Burrville ES - ST__0d910a43b4a0.pdf,,rejected,,,,2026-09-02T09:00:36.253887+00:00,2026-09-04T08:41:28.336759+00:00
c65316a2-0121-495c-9f43-7c5c06606ec1,"L3X3X3/8X0'-6""",structural_section,L3X3X3/8,0.87,0.87,High,true,Burrville ES - ST__0d910a43b4a0.pdf,,rejected,,,,2026-09-02T09:00:36.780088+00:00,2026-09-04T08:41:28.336787+00:00
4adb133c-7320-4351-a8ad-bb209452c456,L5x3-1/2x3/8,structural_section,L5X3X3/8,0.0,0.0,Low,true,Burrville ES - ST__0d910a43b4a0.pdf,,rejected,,,,2026-09-02T09:00:37.185297+00:00,2026-09-04T08:41:28.336815+00:00
27b7f32f-4249-4df6-9d9f-e6c6c2c37018,W12X252,structural_section,W12X252,0.87,0.87,High,true,Burrville ES - ST__0d910a43b4a0.pdf,,rejected,,,,2026-09-02T09:00:37.526183+00:00,2026-09-04T08:41:28.336843+00:00
046dff8a-9080-4f8d-8f44-ce9dd912b22d,W14X43,structural_section,W14X43,0.87,0.87,High,true,Burrville ES - ST__0d910a43b4a0.pdf,,rejected,,,,2026-09-02T09:00:37.776856+00:00,2026-09-04T08:41:28.336871+00:00
fcfcb60c-383e-417a-bc94-3fa9e0ada987,"L3X3X5/16,",structural_section,L3X3X5/16,0.87,0.87,High,true,Burrville ES - ST__0d910a43b4a0.pdf,,rejected,,,,2026-09-02T09:00:39.200278+00:00,2026-09-04T08:41:28.336898+00:00
0b3b0312-8c36-47e5-bb42-3b30996764b8,"L4X4X3/8X0'-8""",structural_section,L4X4X3/8,0.87,0.87,High,true,Burrville ES - ST__0d910a43b4a0.pdf,,rejected,,,,2026-09-02T09:00:39.470493+00:00,2026-09-04T08:41:28.336926+00:00
96a1b586-a5b7-4c6f-bdee-c2340f6fb2fe,"L3x3x1/4x0'-3"",",structural_section,L3X3X1/4,0.87,0.87,High,true,Burrville ES - ST__0d910a43b4a0.pdf,,rejected,,,,2026-09-02T09:00:39.748455+00:00,2026-09-04T08:41:28.336954+00:00
e3182803-259a-487f-a3bc-15c747a901e8,"3/4""⌀x6""",unknown,,0.0,0.0,Low,true,Burrville ES - ST__0d910a43b4a0.pdf,,rejected,,,,2026-09-02T09:00:40.025305+00:00,2026-09-04T08:41:28.336982+00:00
3c0513ab-02f2-42cc-97fa-7d4a6fc412dc,"1/2""@",unknown,,0.0,0.0,Low,true,Burrville ES - ST__0d910a43b4a0.pdf,,rejected,,,,2026-09-02T09:00:40.449102+00:00,2026-09-04T08:41:28.337009+00:00
406cdb26-d4ea-4a18-9972-2b6f07f38823,"L4x3x1/4x6""",structural_section,L4X3X1/4,0.9129319190979004,0.9129,High,true,Burrville ES - ST__0d910a43b4a0.pdf,,rejected,,,,2026-09-02T09:00:40.900459+00:00,2026-09-04T08:41:28.337036+00:00
0333537d-a48a-4fab-a0da-5eb6d06e6935,"L4x3x1/4x1'-0""",structural_section,L4X3X1/4,0.9098120331764221,0.9098,High,true,Burrville ES - ST__0d910a43b4a0.pdf,,rejected,,,,2026-09-02T09:00:41.164998+00:00,2026-09-04T08:41:28.337062+00:00
28f74f20-9c0e-4252-bd78-2b9fba030d6a,"L4x3x1/4x2'-0""",structural_section,L4X3X1/4,0.9213703274726868,0.9214,High,true,Burrville ES - ST__0d910a43b4a0.pdf,,rejected,,,,2026-09-02T09:00:41.939145+00:00,2026-09-04T08:41:28.337090+00:00
256c2b13-e175-4183-88f0-eb660d03ef03,2L3x3x1/4,structural_section,2L3X3X1/4,0.87,0.87,High,true,Burrville ES - ST__0d910a43b4a0.pdf,,rejected,,,,2026-09-02T09:00:42.253800+00:00,2026-09-04T08:41:28.337115+00:00
69048bc9-d3b8-4dfe-a512-75130e1aceeb,"L4X3X3/8X0'-6""",structural_section,L4X3X3/8,0.87,0.87,High,true,Burrville ES - ST__0d910a43b4a0.pdf,,rejected,,,,2026-09-02T09:00:43.066569+00:00,2026-09-04T08:41:28.337138+00:00
293ef53b-20ea-4b39-bc36-bc2f8cc79f90,L6x3-1/2x3/8,structural_section,L6X4X3/8,0.0,0.0,Low,true,Burrville ES - ST__0d910a43b4a0.pdf,,rejected,,,,2026-09-02T09:00:43.318311+00:00,2026-09-04T08:41:28.337158+00:00
dee64924-0f71-42a3-98a0-cac54df3e5ff,"L3X3X3/8X0'-10""",structural_section,L3X3X3/8,0.87,0.87,High,true,Burrville ES - ST__0d910a43b4a0.pdf,,rejected,,,,2026-09-02T09:00:43.716294+00:00,2026-09-04T08:41:28.337178+00:00
bb0ef183-fb6a-483f-b94c-3e461929b6b7,L4X3-1/2X5/16,structural_section,L4X3X5/16,0.0,0.0,Low,true,Burrville ES - ST__0d910a43b4a0.pdf,,rejected,,,,2026-09-02T09:00:43.970006+00:00,2026-09-04T08:41:28.337196+00:00
da951ff7-39d2-4210-8feb-03dee074dd1c,HSS6X6X3/8,structural_section,HSS6X6X3/8,0.87,0.87,High,true,Burrville ES - ST__0d910a43b4a0.pdf,,rejected,,,,2026-09-02T09:00:44.369349+00:00,2026-09-04T08:41:28.337291+00:00
0f9f88c7-464f-46c2-84ed-1f358c30f30a,HSS8X6X3/8,structural_section,HSS8X6X3/8,0.87,0.87,High,true,Burrville ES - ST__0d910a43b4a0.pdf,,rejected,,,,2026-09-02T09:00:44.852498+00:00,2026-09-04T08:41:28.337323+00:00
bab5d942-ad71-47c9-963c-0e3c1381098d,HSS6X6X1/2,structural_section,HSS6X6X1/2,0.87,0.87,High,true,Burrville ES - ST__0d910a43b4a0.pdf,,rejected,,,,2026-09-02T09:00:45.516084+00:00,2026-09-04T08:41:28.337351+00:00
a46efceb-df2b-4b34-9ab2-7ff47d259fdd,"3/4""x18""x18""",unknown,,0.0,0.0,Low,true,Burrville ES - ST__0d910a43b4a0.pdf,,rejected,,,,2026-09-02T09:00:47.506537+00:00,2026-09-04T08:41:28.337378+00:00
6d231b75-27c8-4dc2-8d71-40b806713e28,HSS10X0.625,structural_section,W10X54,0.0,0.0,Low,true,Burrville ES - ST__0d910a43b4a0.pdf,,rejected,,,,2026-09-02T09:00:48.268529+00:00,2026-09-04T08:41:28.337405+00:00
aadfbaf9-ec74-4c6a-a904-8f782e0a02f6,W10X60,structural_section,W10X60,0.87,0.87,High,true,Burrville ES - ST__0d910a43b4a0.pdf,,rejected,,,,2026-09-02T09:00:48.530191+00:00,2026-09-04T08:41:28.337433+00:00
593b236a-2b53-497a-a1de-ba35af72e8e2,HSS10X0.500,structural_section,HSS10.000X0.500,0.0,0.0,Low,true,Burrville ES - ST__0d910a43b4a0.pdf,,rejected,,,,2026-09-02T09:00:48.915819+00:00,2026-09-04T08:41:28.337460+00:00
6bd1c155-2631-4d79-b20f-0566a612908a,W8X40,structural_section,W8X40,0.87,0.87,High,true,Burrville ES - ST__0d910a43b4a0.pdf,,rejected,,,,2026-09-02T09:00:49.720392+00:00,2026-09-04T08:41:28.337486+00:00
7d57a189-6811-4cb8-9c75-0d5111cd4fd0,"5/8"")-H(-1'",unknown,,0.0,0.0,Low,true,Burrville ES - ST__0d910a43b4a0.pdf,,rejected,,,,2026-09-02T09:00:50.041785+00:00,2026-09-04T08:41:28.337514+00:00
64b8192d-69c8-4958-ac53-3d6fe6659801,"3/4""x16""x16""",unknown,,0.0,0.0,Low,true,Burrville ES - ST__0d910a43b4a0.pdf,,rejected,,,,2026-09-02T09:00:50.354857+00:00,2026-09-04T08:41:28.337542+00:00
1706d38b-5463-44a3-880e-926abe054363,W12X106,structural_section,W12X106,0.72,0.72,Medium,true,Burrville ES - ST__0d910a43b4a0.pdf,,rejected,,,,2026-09-02T09:00:50.685520+00:00,2026-09-04T08:41:28.337570+00:00
bae90c12-ffd4-4fcd-961e-3d80bd05dad6,W12X120,structural_section,W12X120,0.72,0.72,Medium,true,Burrville ES - ST__0d910a43b4a0.pdf,,rejected,,,,2026-09-02T09:00:50.942674+00:00,2026-09-04T08:41:28.339913+00:00
d92fa1e9-8315-4be9-9b05-a99f73ea06db,W14X61,structural_section,W14X61,0.72,0.72,Medium,true,Burrville ES - ST__0d910a43b4a0.pdf,,rejected,,,,2026-09-02T09:00:51.204162+00:00,2026-09-04T08:41:28.339985+00:00
8829bbf0-0596-482e-a348-594f938e3fff,W14X68,structural_section,W14X68,0.72,0.72,Medium,true,Burrville ES - ST__0d910a43b4a0.pdf,,rejected,,,,2026-09-02T09:00:51.461113+00:00,2026-09-04T08:41:28.340027+00:00
a301c070-f9b9-42e5-8c67-bbdf90b30f76,W14X82,structural_section,W14X82,0.72,0.72,Medium,true,Burrville ES - ST__0d910a43b4a0.pdf,,rejected,,,,2026-09-02T09:00:51.786265+00:00,2026-09-04T08:41:28.340065+00:00
6b36fb21-0941-4192-99c5-6731782e3352,W14X90,structural_section,W14X90,0.9999948740005493,1.0,High,true,Burrville ES - ST__0d910a43b4a0.pdf,,rejected,,,,2026-09-02T09:00:52.103941+00:00,2026-09-04T08:41:28.340341+00:00
3ff192f7-320b-4405-bcd8-713801b9e552,W14X132,structural_section,W14X132,0.72,0.72,Medium,true,Burrville ES - ST__0d910a43b4a0.pdf,,rejected,,,,2026-09-02T09:00:52.383564+00:00,2026-09-04T08:41:28.340381+00:00
e6310be8-5595-4d5b-9339-ad92d4987a3b,W14X145,structural_section,W14X145,0.72,0.72,Medium,true,Burrville ES - ST__0d910a43b4a0.pdf,,rejected,,,,2026-09-02T09:00:52.649842+00:00,2026-09-04T08:41:28.340415+00:00
c2bb22f3-f323-4415-8246-efa9b02eb0f5,W14X198,structural_section,W14X68,0.0,0.0,Low,true,Burrville ES - ST__0d910a43b4a0.pdf,,rejected,,,,2026-09-02T09:00:52.898718+00:00,2026-09-04T08:41:28.340445+00:00
99162cc0-b0b0-4aa7-bf0f-cf9a110fda5e,W18X35,structural_section,W18X35,0.76215,0.7621,Medium,true,Burrville ES - ST__0d910a43b4a0.pdf,,rejected,,,,2026-09-02T09:00:53.103460+00:00,2026-09-04T08:41:28.340473+00:00
1a81731b-e2a8-4565-841f-3a7aec8aa01b,W12X16,structural_section,W12X16,0.7436000000000001,0.7436,Medium,true,Burrville ES - ST__0d910a43b4a0.pdf,,rejected,,,,2026-09-02T09:00:53.357528+00:00,2026-09-04T08:41:28.340509+00:00
1633c603-4a43-4eca-8406-e7c189ba65e7,W16X26,structural_section,W16X26,0.9982603192329407,0.9983,High,true,Burrville ES - ST__0d910a43b4a0.pdf,,rejected,,,,2026-09-02T09:00:53.615077+00:00,2026-09-04T08:41:28.340541+00:00
94cb2b54-7ba2-41f9-809d-fd28c97204bb,HSS10X8X3/8,structural_section,HSS10X8X3/8,0.6875625,0.6876,Medium,true,Burrville ES - ST__0d910a43b4a0.pdf,,rejected,,,,2026-09-02T09:00:53.871827+00:00,2026-09-04T08:41:28.340570+00:00
0284495c-6063-4aac-b9a9-44201a840636,W16X31,structural_section,W16X31,0.6997919937012343,0.6998,Medium,true,Burrville ES - ST__0d910a43b4a0.pdf,,rejected,,,,2026-09-02T09:00:54.136786+00:00,2026-09-04T08:41:28.340605+00:00
5d69a751-b8cc-403a-a0ab-5af5e62b2dfa,W18X40,structural_section,W18X40,0.5915972907335338,0.5916,Medium,true,Burrville ES - ST__0d910a43b4a0.pdf,,rejected,,,,2026-09-02T09:00:54.568967+00:00,2026-09-04T08:41:28.340635+00:00
25167dd7-a66a-4b22-b355-b320efa667c5,W12X22,structural_section,W12X22,0.7040375,0.704,Medium,true,Burrville ES - ST__0d910a43b4a0.pdf,,rejected,,,,2026-09-02T09:00:55.100190+00:00,2026-09-04T08:41:28.340665+00:00
8d73f3dc-e1e1-44aa-ba61-6a5597fe6180,W10X30,structural_section,W10X30,0.7136957791372546,0.7137,Medium,true,Burrville ES - ST__0d910a43b4a0.pdf,,rejected,,,,2026-09-02T09:00:55.521191+00:00,2026-09-04T08:41:28.340692+00:00
75478e6b-5e1e-4314-9bfe-fc49e9433987,W10X15,structural_section,W10X15,0.7371875,0.7372,Medium,true,Burrville ES - ST__0d910a43b4a0.pdf,,rejected,,,,2026-09-02T09:00:55.803333+00:00,2026-09-04T08:41:28.340720+00:00
c4228d0c-3064-430d-bc17-14f7a40c0676,W21X44,structural_section,W21X44,0.9854736328125,0.9855,High,true,Burrville ES - ST__0d910a43b4a0.pdf,,rejected,,,,2026-09-02T09:00:56.136089+00:00,2026-09-04T08:41:28.340748+00:00
4f6b968c-c019-4be7-81cf-71ecc8568dd2,W12X40,structural_section,W12X40,0.697525,0.6975,Medium,true,Burrville ES - ST__0d910a43b4a0.pdf,,rejected,,,,2026-09-02T09:00:56.461013+00:00,2026-09-04T08:41:28.340778+00:00
9953594a-6ae9-410f-8cd0-ab387c62cc7a,L4X4X1/4,structural_section,L4X4X1/4,0.7221000000000004,0.7221,Medium,true,Burrville ES - ST__0d910a43b4a0.pdf,,rejected,,,,2026-09-02T09:00:57.726324+00:00,2026-09-04T08:41:28.340806+00:00
5acb92f7-fe3a-4810-8778-07a0a7ee7122,W10X33,structural_section,W10X33,0.8316125,0.8316,High,true,Burrville ES - ST__0d910a43b4a0.pdf,,rejected,,,,2026-09-02T09:00:59.075947+00:00,2026-09-04T08:41:28.340837+00:00
84db506a-ee31-4c3a-acda-923b42fbb950,W10X45,structural_section,W10X45,0.8346124999999998,0.8346,High,true,Burrville ES - ST__0d910a43b4a0.pdf,,rejected,,,,2026-09-02T09:00:59.756080+00:00,2026-09-04T08:41:28.340866+00:00
a0d8f1cc-cdf2-4918-ba8b-1a4f82150d2c,W10X54,structural_section,W10X54,0.9986316561698914,0.9986,High,true,Burrville ES - ST__0d910a43b4a0.pdf,,rejected,,,,2026-09-02T09:01:01.168925+00:00,2026-09-04T08:41:28.340896+00:00
e5a80ff6-8dc5-4978-a491-cc7983f10ddb,W10X49,structural_section,W10X49,0.8295125000000007,0.8295,High,true,Burrville ES - ST__0d910a43b4a0.pdf,,rejected,,,,2026-09-02T09:01:01.508846+00:00,2026-09-04T08:41:28.340928+00:00
8934c2c2-7c64-49da-aa63-ea9d3d43911d,W10X39,structural_section,W10X39,0.9529903531074524,0.953,High,true,Burrville ES - ST__0d910a43b4a0.pdf,,rejected,,,,2026-09-02T09:01:02.489603+00:00,2026-09-04T08:41:28.340956+00:00
1d2b2d5c-a2a8-426f-84ce-16403d1c1945,HSS10x10,structural_section,HSS10X10X1/2,0.0,0.0,Low,true,ST__0bfc2d61245d.pdf,,rejected,,,,2026-09-04T08:37:24.959806+00:00,2026-09-04T08:41:28.340987+00:00
61058836-774b-447d-89ab-196e8776ad42,HSS8x8,structural_section,HSS8X8X1/2,0.0,0.0,Low,true,ST__0bfc2d61245d.pdf,,rejected,,,,2026-09-04T08:37:25.765881+00:00,2026-09-04T08:41:28.341544+00:00
704f0a0e-1385-42d7-869e-5dcfce615641,"3/32""",unknown,,0.0,0.0,Low,true,ST__0bfc2d61245d.pdf,,rejected,,,,2026-09-04T08:37:27.446832+00:00,2026-09-04T08:41:28.341595+00:00
69a8449a-69ec-4036-96fb-31dca566c3df,HSS 8X8 8X8,structural_section,HSS8X8X5/16,0.0,0.0,Low,true,ST__0bfc2d61245d.pdf,,rejected,,,,2026-09-04T08:37:30.350241+00:00,2026-09-04T08:41:28.341676+00:00
c053e05a-42f9-4b5b-abbd-9b8ec46225ef,HSS12x12x1/2,structural_section,HSS12X12X1/2,0.87,0.87,High,true,ST__0bfc2d61245d.pdf,,rejected,,,,2026-09-04T08:37:30.966607+00:00,2026-09-04T08:41:28.341708+00:00
2069be53-37ed-435f-b21e-3f604fd80b7e,L6x6x3/4,structural_section,L6X6X3/4,0.87,0.87,High,true,ST__0bfc2d61245d.pdf,,rejected,,,,2026-09-04T08:37:33.781056+00:00,2026-09-04T08:41:28.341735+00:00
8741ffd1-ffdd-4df4-800a-6e2788615b66,"2""",unknown,,0.0,0.0,Low,true,ST__0bfc2d61245d.pdf,,rejected,,,,2026-09-04T08:37:37.286902+00:00,2026-09-04T08:41:28.341758+00:00
76a78414-e0cf-43bc-ae0c-8c0212e1fe50,HSS8x8x1/2,structural_section,HSS8X8X1/2,0.87,0.87,High,true,ST__0bfc2d61245d.pdf,,rejected,,,,2026-09-04T08:37:37.988711+00:00,2026-09-04T08:41:28.341781+00:00
3fa3b380-7e27-4e6c-bcaf-a41765415a17,HSS8x6x1/2,structural_section,HSS8X6X1/2,0.87,0.87,High,true,ST__0bfc2d61245d.pdf,,rejected,,,,2026-09-04T08:37:39.267668+00:00,2026-09-04T08:41:28.341807+00:00
543183ee-333d-4abc-9e4c-59f7858dc961,W8x35,structural_section,W8X35,0.87,0.87,High,true,ST__0bfc2d61245d.pdf,,rejected,,,,2026-09-04T08:37:41.955588+00:00,2026-09-04T08:41:28.341835+00:00
a06117a7-9b14-4b04-bf97-6361c99b0e37,W8x58,structural_section,W8X58,0.87,0.87,High,true,ST__0bfc2d61245d.pdf,,rejected,,,,2026-09-04T08:37:45.513822+00:00,2026-09-04T08:41:28.341861+00:00
ee8e8433-4cb4-48db-998c-ccea21fca51e,"HSS3x3x1/4,",structural_section,HSS3X3X1/4,0.87,0.87,High,true,ST__0bfc2d61245d.pdf,,rejected,,,,2026-09-04T08:37:46.015488+00:00,2026-09-04T08:41:28.341883+00:00
bbc1a889-bd86-4807-be93-210d965e8707,"HSS3x3,",structural_section,HSS3X3X1/4,0.0,0.0,Low,true,ST__0bfc2d61245d.pdf,,rejected,,,,2026-09-04T08:37:47.182670+00:00,2026-09-04T08:41:28.341909+00:00
fe8e6ab2-8e61-493d-9124-5cb44b86059f,WT16.5X59,structural_section,WT16.5X59,0.55,0.55,Medium,true,ST__0bfc2d61245d.pdf,,rejected,,,,2026-09-04T08:37:48.087662+00:00,2026-09-04T08:41:28.341934+00:00
478fb6d7-fb38-4a62-aaf5-1d73a909d3f7,W24X55,structural_section,W24X55,0.9995511174201965,0.9996,High,true,ST__0bfc2d61245d.pdf,,rejected,,,,2026-09-04T08:37:49.126782+00:00,2026-09-04T08:41:28.341962+00:00
5c40ddbf-981c-43ef-b2b5-1bdc4a2d83bb,W12X45,structural_section,W12X45,0.8413024544715881,0.8413,High,true,ST__0bfc2d61245d.pdf,,rejected,,,,2026-09-04T08:37:50.319633+00:00,2026-09-04T08:41:28.341987+00:00
dbd146f7-1a49-44c5-a20a-34b027106b4a,W8X28,structural_section,W8X28,0.55,0.55,Medium,true,ST__0bfc2d61245d.pdf,,rejected,,,,2026-09-04T08:37:55.067087+00:00,2026-09-04T08:41:28.342022+00:00
ec5021c9-647a-4a76-8b02-1ebf56879b5e,HSS10X10X1/2,structural_section,HSS10X10X1/2,0.55,0.55,Medium,true,ST__0bfc2d61245d.pdf,,rejected,,,,2026-09-04T08:37:56.199278+00:00,2026-09-04T08:41:28.342051+00:00
893060a9-aa35-4db8-8746-7cae134ed856,W8X24,structural_section,W8X24,0.55,0.55,Medium,true,ST__0bfc2d61245d.pdf,,rejected,,,,2026-09-04T08:37:56.835598+00:00,2026-09-04T08:41:28.342078+00:00
d8e79993-1881-4f0e-8c1c-3f26529ea61c,HSS3X3X1/4,structural_section,HSS3X3X1/4,0.599475,0.5995,Medium,true,ST__0bfc2d61245d.pdf,,rejected,,,,2026-09-04T08:37:57.819255+00:00,2026-09-04T08:41:28.342106+00:00
03a2eaa1-ee5f-48ce-bf2a-d2c7fa7f227f,HSS8X8X1/2,structural_section,HSS8X8X1/2,0.87,0.87,High,true,drawing.pdf,,approved,,HSS8X8X1/2,,2026-09-04T09:31:20.072004+00:00,2026-09-04T09:51:09.896947+00:00
b6a3a1c4-74ee-4716-8856-da368b03fcaa,"1/2""",unknown,,0.0,0.0,Low,true,Burrville ES - ST__0d910a43b4a0.pdf,,rejected,,,,2026-09-04T09:44:30.126117+00:00,2026-09-04T09:51:20.641360+00:00
91ca9eed-5f91-4783-b0bc-7d86285edd4a,"1/8""",unknown,,0.0,0.0,Low,true,Burrville ES - ST__0d910a43b4a0.pdf,,rejected,,,,2026-09-04T09:44:30.440067+00:00,2026-09-04T09:51:20.646298+00:00
906102e7-2b12-4fe4-9fc5-0d1b159ccd7f,"3/4""",unknown,,0.0,0.0,Low,true,Burrville ES - ST__0d910a43b4a0.pdf,,rejected,,,,2026-09-04T09:44:30.742357+00:00,2026-09-04T09:51:20.653129+00:00
ac211b34-9935-4ba3-ac94-01940817423c,W21X50,structural_section,W21X50,0.87,0.87,High,true,Burrville ES - ST__0d910a43b4a0.pdf,,approved,,W21X50,,2026-09-04T09:44:31.256730+00:00,2026-09-04T09:51:09.896898+00:00
49236cf7-cf3d-4926-b61c-ee112c923329,W12X26,structural_section,W12X26,0.87,0.87,High,true,Burrville ES - ST__0d910a43b4a0.pdf,,approved,,W12X26,,2026-09-04T09:44:31.585922+00:00,2026-09-04T09:51:09.896848+00:00
83e08d1a-0bcf-4bc6-816d-a975644b9988,W18X50,structural_section,W18X50,0.87,0.87,High,true,Burrville ES - ST__0d910a43b4a0.pdf,,approved,,W18X50,,2026-09-04T09:44:32.412101+00:00,2026-09-04T09:51:09.896800+00:00
7159d68f-c536-498c-9b52-33a63a87bf9b,W10X19,structural_section,W10X19,0.87,0.87,High,true,Burrville ES - ST__0d910a43b4a0.pdf,,approved,,W10X19,,2026-09-04T09:44:32.724289+00:00,2026-09-04T09:51:09.896754+00:00
d4efca71-82ba-420d-b994-dc99b98d25e4,W12X30,structural_section,W12X30,0.87,0.87,High,true,Burrville ES - ST__0d910a43b4a0.pdf,,approved,,W12X30,,2026-09-04T09:44:33.527065+00:00,2026-09-04T09:51:09.896706+00:00
f2decd75-e201-4d0a-895d-887049c37ecb,HSS14X6X1/2,structural_section,HSS14X6X1/2,0.87,0.87,High,true,Burrville ES - ST__0d910a43b4a0.pdf,,approved,,HSS14X6X1/2,,2026-09-04T09:44:33.942323+00:00,2026-09-04T09:51:09.896656+00:00
8a33a1f8-21be-458f-bb50-3d36fbaa07a0,HSS20X8X5/8,structural_section,HSS20X8X5/8,0.87,0.87,High,true,Burrville ES - ST__0d910a43b4a0.pdf,,approved,,HSS20X8X5/8,,2026-09-04T09:44:34.910442+00:00,2026-09-04T09:51:09.896601+00:00
639e2953-7649-4a06-9d50-fcca1efcb867,W8x31,structural_section,W8X31,0.87,0.87,High,true,Burrville ES - ST__0d910a43b4a0.pdf,,approved,,W8X31,,2026-09-04T09:44:35.502800+00:00,2026-09-04T09:51:09.896547+00:00
b75e0fb6-a9cb-47e4-898d-1ee3876ea230,W14X22,structural_section,W14X22,0.87,0.87,High,true,Burrville ES - ST__0d910a43b4a0.pdf,,approved,,W14X22,,2026-09-04T09:44:36.855930+00:00,2026-09-04T09:51:09.896461+00:00
7e88936b-f2b5-4a50-a1c3-7ae36cdceaea,HSS14X6X5/8,structural_section,HSS14X6X5/8,0.87,0.87,High,true,Burrville ES - ST__0d910a43b4a0.pdf,,approved,,HSS14X6X5/8,,2026-09-04T09:44:37.736150+00:00,2026-09-04T09:51:09.883033+00:00
2fd25004-c57c-4126-b540-694bc5e3cae1,L4X4X3/8,structural_section,L4X4X3/8,0.87,0.87,High,true,Burrville ES - ST__0d910a43b4a0.pdf,,approved,,L4X4X3/8,,2026-09-04T09:44:38.293263+00:00,2026-09-04T09:51:09.882971+00:00
a91cd86a-2f81-4d2a-ab03-f633f3173df0,"1-1/2""",unknown,,0.0,0.0,Low,true,Burrville ES - ST__0d910a43b4a0.pdf,,rejected,,,,2026-09-04T09:44:38.674066+00:00,2026-09-04T09:50:50.848108+00:00
e28bfd87-99be-4315-bb71-1c89a374555b,"3/4""Ø",unknown,,0.0,0.0,Low,true,Burrville ES - ST__0d910a43b4a0.pdf,,rejected,,,,2026-09-04T09:44:39.058832+00:00,2026-09-04T09:50:50.848081+00:00
861f63eb-79f0-456b-ac8f-77089c79c8ec,"12""",unknown,,0.0,0.0,Low,true,Burrville ES - ST__0d910a43b4a0.pdf,,rejected,,,,2026-09-04T09:44:39.337388+00:00,2026-09-04T09:50:50.848047+00:00
61c5e2e6-8741-4db2-aa99-23a3a54bee3e,"14-2"".",unknown,,0.0,0.0,Low,true,Burrville ES - ST__0d910a43b4a0.pdf,,rejected,,,,2026-09-04T09:44:39.636332+00:00,2026-09-04T09:50:50.847980+00:00
1ef1ba0e-ed8d-47bc-81da-a89074378a72,"5/16""",unknown,,0.0,0.0,Low,true,Burrville ES - ST__0d910a43b4a0.pdf,,rejected,,,,2026-09-04T09:44:39.925293+00:00,2026-09-04T09:50:50.847955+00:00
cd357340-8c0f-47e4-8a3e-0562b4844a9d,"1""⌀STUDS",unknown,,0.0,0.0,Low,true,Burrville ES - ST__0d910a43b4a0.pdf,,rejected,,,,2026-09-04T09:44:40.240051+00:00,2026-09-04T09:50:50.847927+00:00
707d2405-3304-4142-a495-a6a6e518cd25,"1""",unknown,,0.0,0.0,Low,true,Burrville ES - ST__0d910a43b4a0.pdf,,rejected,,,,2026-09-04T09:44:40.505131+00:00,2026-09-04T09:50:50.847897+00:00
868d07f3-1b0e-446c-aa0c-276fb2e463e2,"7-7/8""",unknown,,0.0,0.0,Low,true,Burrville ES - ST__0d910a43b4a0.pdf,,rejected,,,,2026-09-04T09:44:40.777695+00:00,2026-09-04T09:50:50.847869+00:00
cc4f2709-de1e-4bf8-acd9-8b1eefc0cf85,"3/16 """,unknown,,0.0,0.0,Low,true,Burrville ES - ST__0d910a43b4a0.pdf,,rejected,,,,2026-09-04T09:44:41.296650+00:00,2026-09-04T09:50:50.847842+00:00
9e6dcfa3-1243-44ae-98d3-c8e560d387e0,"1/4 """,unknown,,0.0,0.0,Low,true,Burrville ES - ST__0d910a43b4a0.pdf,,rejected,,,,2026-09-04T09:44:41.552571+00:00,2026-09-04T09:50:50.847813+00:00
ee7b6fbb-6b67-46d8-924d-c4a651b1958a,"5/16 """,unknown,,0.0,0.0,Low,true,Burrville ES - ST__0d910a43b4a0.pdf,,rejected,,,,2026-09-04T09:44:41.801290+00:00,2026-09-04T09:50:50.847782+00:00
f1eab565-1da1-44d1-ba54-f512c0a2c2bd,"3/8 """,unknown,,0.0,0.0,Low,true,Burrville ES - ST__0d910a43b4a0.pdf,,rejected,,,,2026-09-04T09:44:42.029241+00:00,2026-09-04T09:50:50.847750+00:00
22eb95e2-fef9-493f-8f8c-15f035a98878,"1/4""",unknown,,0.0,0.0,Low,true,Burrville ES - ST__0d910a43b4a0.pdf,,rejected,,,,2026-09-04T09:44:42.306729+00:00,2026-09-04T09:50:50.847715+00:00
c74b7761-a8c6-4237-b69f-8ce552b33927,"1/2""ø",unknown,,0.0,0.0,Low,true,Burrville ES - ST__0d910a43b4a0.pdf,,rejected,,,,2026-09-04T09:44:42.561330+00:00,2026-09-04T09:50:50.847675+00:00
d6b57a32-3e2a-46a2-a3bc-fcebefa4bc43,"1/2""⌀x",unknown,,0.0,0.0,Low,true,Burrville ES - ST__0d910a43b4a0.pdf,,rejected,,,,2026-09-04T09:44:42.876562+00:00,2026-09-04T09:50:50.847596+00:00
7e2ba818-e8f5-4565-a638-82b9d548972c,L3x3x1/4,structural_section,L3X3X1/4,0.87,0.87,High,true,Burrville ES - ST__0d910a43b4a0.pdf,,approved,,L3X3X1/4,,2026-09-04T09:44:43.159604+00:00,2026-09-04T09:51:09.882881+00:00
418dec4c-d928-4961-be61-31c1fbfec659,"3/8""",unknown,,0.0,0.0,Low,true,Burrville ES - ST__0d910a43b4a0.pdf,,rejected,,,,2026-09-04T09:44:43.500904+00:00,2026-09-04T09:50:50.845489+00:00
cce29339-492c-450e-b3d2-2db10eda3170,"3/8""x4""",unknown,,0.0,0.0,Low,true,Burrville ES - ST__0d910a43b4a0.pdf,,rejected,,,,2026-09-04T09:44:43.810914+00:00,2026-09-04T09:50:50.842754+00:00
4503ce08-8dbe-406a-8428-e0b8c2a88fd3,"L3X3X5/16,",structural_section,L3X3X5/16,0.87,0.87,High,true,Burrville ES - ST__0d910a43b4a0.pdf,,approved,,L3X3X5/16,,2026-09-04T09:44:44.336357+00:00,2026-09-04T09:51:09.873057+00:00
067a2e01-7f13-48c0-8356-20ba0bae5e0b,"L4X4X3/8X0'-8""",structural_section,L4X4X3/8,0.87,0.87,High,true,Burrville ES - ST__0d910a43b4a0.pdf,,approved,,L4X4X3/8,,2026-09-04T09:44:44.612174+00:00,2026-09-04T09:51:09.873013+00:00
4eee9f0d-2817-460b-85ef-030285b80981,"L3x3x1/4x0'-3"",",structural_section,L3X3X1/4,0.87,0.87,High,true,Burrville ES - ST__0d910a43b4a0.pdf,,approved,,L3X3X1/4,,2026-09-04T09:44:44.879253+00:00,2026-09-04T09:51:09.872890+00:00
6ccec1f4-f29d-4924-a295-377693e08b5d,"3/4""⌀x6""",unknown,,0.0,0.0,Low,true,Burrville ES - ST__0d910a43b4a0.pdf,,rejected,,,,2026-09-04T09:44:45.175616+00:00,2026-09-04T09:50:50.842720+00:00
27cfaf72-1e18-4872-9a1f-ccf8a6928ae6,"1/2""@",unknown,,0.0,0.0,Low,true,Burrville ES - ST__0d910a43b4a0.pdf,,rejected,,,,2026-09-04T09:44:45.529043+00:00,2026-09-04T09:50:50.842684+00:00
103856a6-aa45-4945-b80b-ff24ee0e0612,L4X3-1/2X5/16,structural_section,L4X3X5/16,0.0,0.0,Low,true,Burrville ES - ST__0d910a43b4a0.pdf,,approved,,L4X3X5/16,,2026-09-04T09:44:45.822527+00:00,2026-09-04T09:50:28.019054+00:00
9c24927a-45f1-4c06-aeea-3ef4bd5cee15,HSS6X6X3/8,structural_section,HSS6X6X3/8,0.87,0.87,High,true,Burrville ES - ST__0d910a43b4a0.pdf,,approved,,HSS6X6X3/8,,2026-09-04T09:44:46.361738+00:00,2026-09-04T09:50:28.018968+00:00
272d873e-02d1-48a6-b38b-654965c63488,HSS8X6X3/8,structural_section,HSS8X6X3/8,0.87,0.87,High,true,Burrville ES - ST__0d910a43b4a0.pdf,,approved,,HSS8X6X3/8,,2026-09-04T09:44:47.100686+00:00,2026-09-04T09:50:28.018925+00:00
2d639104-18a6-4b61-b8ff-b1a4eba42770,HSS6X6X1/2,structural_section,HSS6X6X1/2,0.87,0.87,High,true,Burrville ES - ST__0d910a43b4a0.pdf,,approved,,HSS6X6X1/2,,2026-09-04T09:44:48.419560+00:00,2026-09-04T09:50:28.018873+00:00
5b5ad8c4-cff6-48f9-89a5-8bc4886f0505,"3/4""x18""x18""",unknown,,0.0,0.0,Low,true,Burrville ES - ST__0d910a43b4a0.pdf,,rejected,,,,2026-09-04T09:44:50.872290+00:00,2026-09-04T09:50:19.496600+00:00
a4154f27-289c-4e00-9b42-f704b3c7ef53,HSS10X0.625,structural_section,W10X54,0.0,0.0,Low,true,Burrville ES - ST__0d910a43b4a0.pdf,,approved,,W10X54,,2026-09-04T09:44:51.822109+00:00,2026-09-04T09:50:28.018821+00:00
cdac8ec0-9f56-4872-a56f-f8da556654df,W10X60,structural_section,W10X60,0.87,0.87,High,true,Burrville ES - ST__0d910a43b4a0.pdf,,approved,,W10X60,,2026-09-04T09:44:52.085748+00:00,2026-09-04T09:50:28.018724+00:00
24824daa-1045-4554-9fa0-116cec22cfe8,HSS10X0.500,structural_section,HSS10.000X0.500,0.0,0.0,Low,true,Burrville ES - ST__0d910a43b4a0.pdf,,approved,,HSS10.000X0.500,,2026-09-04T09:44:52.389239+00:00,2026-09-04T09:50:28.018670+00:00
a40e0e5b-50e7-4af7-88ec-14135dfda65c,W8X40,structural_section,W8X40,0.87,0.87,High,true,Burrville ES - ST__0d910a43b4a0.pdf,,approved,,W8X40,,2026-09-04T09:44:53.455286+00:00,2026-09-04T09:50:28.018615+00:00
81eceacf-1b73-4897-8879-9ec803ac78c7,"5/8"")-H(-1'",unknown,,0.0,0.0,Low,true,Burrville ES - ST__0d910a43b4a0.pdf,,rejected,,,,2026-09-04T09:44:53.739641+00:00,2026-09-04T09:50:50.842631+00:00
031957cb-043d-49ff-a980-bba6e5d68c6a,"3/4""x16""x16""",unknown,,0.0,0.0,Low,true,Burrville ES - ST__0d910a43b4a0.pdf,,rejected,,,,2026-09-04T09:44:54.074759+00:00,2026-09-04T09:50:50.842342+00:00
f219908e-3dec-4f65-81ad-39fec18eb876,W16X31,structural_section,W16X31,0.6997919937012343,0.6998,Medium,true,Burrville ES - ST__0d910a43b4a0.pdf,,approved,,W16X31,,2026-09-04T09:44:54.430892+00:00,2026-09-04T09:50:28.018549+00:00
1126b6db-c8af-4a1c-980c-814f02673306,W12X16,structural_section,W12X16,0.55,0.55,Medium,true,Burrville ES - ST__0d910a43b4a0.pdf,,approved,,W12X16,,2026-09-04T09:44:55.041565+00:00,2026-09-04T09:50:28.018497+00:00
b7356e1d-5836-49c7-ab10-312d5009676c,W12X22,structural_section,W12X22,0.7040375,0.704,Medium,true,Burrville ES - ST__0d910a43b4a0.pdf,,approved,,W12X22,,2026-09-04T09:44:55.481299+00:00,2026-09-04T09:50:28.018411+00:00
3dfc2cd2-e3e4-4497-ba7c-7c632120c1bf,W10X30,structural_section,W10X30,0.7136957791372546,0.7137,Medium,true,Burrville ES - ST__0d910a43b4a0.pdf,,approved,,W10X30,,2026-09-04T09:44:56.090376+00:00,2026-09-04T09:50:28.018337+00:00
25c7b374-23b4-4fa0-a59e-c66a1066090f,W10X15,structural_section,W10X15,0.7371875,0.7372,Medium,true,Burrville ES - ST__0d910a43b4a0.pdf,,approved,,W10X15,,2026-09-04T09:44:56.370856+00:00,2026-09-04T09:50:28.017863+00:00
6d113019-99c0-44a9-b85e-50c7cc879dc5,W21X44,structural_section,W21X44,0.9854736328125,0.9855,High,true,Burrville ES - ST__0d910a43b4a0.pdf,,approved,,W21X44,,2026-09-04T09:44:56.706499+00:00,2026-09-04T09:50:28.017513+00:00
effd3c2b-47ad-471f-a491-73d8a81bebb6,W16X26,structural_section,W16X26,0.9987012147903442,0.9987,High,true,Burrville ES - ST__0d910a43b4a0.pdf,,approved,,W16X26,,2026-09-04T09:44:56.985829+00:00,2026-09-04T09:50:28.017463+00:00
242189a5-aed8-4198-8c3d-cffc699429ab,W12X40,structural_section,W12X40,0.697525,0.6975,Medium,true,Burrville ES - ST__0d910a43b4a0.pdf,,approved,,W12X40,,2026-09-04T09:44:57.258423+00:00,2026-09-04T09:50:28.017413+00:00
6811ebaa-0960-45b8-80be-0f08143324cf,W18X35,structural_section,W18X35,0.7287,0.7287,Medium,true,Burrville ES - ST__0d910a43b4a0.pdf,,approved,,W18X35,,2026-09-04T09:44:57.636950+00:00,2026-09-04T09:50:28.017364+00:00
5717500c-5585-4a2f-8721-b4c49d6a52fc,W18X40,structural_section,W18X40,0.7843,0.7843,Medium,true,Burrville ES - ST__0d910a43b4a0.pdf,,approved,,W18X40,,2026-09-04T09:44:58.237265+00:00,2026-09-04T09:50:28.017312+00:00
de72f492-d44c-473e-b246-d8cc96f8ba2b,W10X33,structural_section,W10X33,0.8316125,0.8316,High,true,Burrville ES - ST__0d910a43b4a0.pdf,,approved,,W10X33,,2026-09-04T09:44:59.825735+00:00,2026-09-04T09:50:28.017243+00:00
5afcfb33-f8cb-483f-8f72-92d495a10cf9,W10X45,structural_section,W10X45,0.8346124999999998,0.8346,High,true,Burrville ES - ST__0d910a43b4a0.pdf,,approved,,W10X45,,2026-09-04T09:45:00.535348+00:00,2026-09-04T09:50:28.017153+00:00
74a89c67-dd48-4529-8a1f-e7796c7c8a8d,W10X54,structural_section,W10X54,0.9986316561698914,0.9986,High,true,Burrville ES - ST__0d910a43b4a0.pdf,,approved,,W10X54,,2026-09-04T09:45:02.169296+00:00,2026-09-04T09:50:28.017045+00:00
1f81ecab-4ff3-4ed5-8db0-032fc4def1e8,W10X49,structural_section,W10X49,0.8295125000000007,0.8295,High,true,Burrville ES - ST__0d910a43b4a0.pdf,,approved,,W10X49,,2026-09-04T09:45:02.514061+00:00,2026-09-04T09:50:28.016837+00:00
ef4236c1-526d-49d1-9b5a-eed9a49525ed,W10X39,structural_section,W10X39,0.9529903531074524,0.953,High,true,Burrville ES - ST__0d910a43b4a0.pdf,,approved,,W10X39,,2026-09-04T09:45:03.424047+00:00,2026-09-04T09:50:28.016075+00:00
6154d174-9513-4ca8-a973-3a7ae7139336,"1/2""",unknown,,0.0,0.0,Low,true,Burrville ES - ST__0d910a43b4a0.pdf,,rejected,,,,2026-09-04T09:55:47.965604+00:00,2026-09-04T10:00:55.893181+00:00
22884b35-4108-4d74-be6f-f147e9e858dc,"1/8""",unknown,,0.0,0.0,Low,true,Burrville ES - ST__0d910a43b4a0.pdf,,rejected,,,,2026-09-04T09:55:50.715467+00:00,2026-09-04T10:00:55.920089+00:00
989af49e-67da-48bf-9c5d-c83dc17eb1cf,"3/4""",unknown,,0.0,0.0,Low,true,Burrville ES - ST__0d910a43b4a0.pdf,,rejected,,,,2026-09-04T09:55:52.702632+00:00,2026-09-04T10:00:55.920240+00:00
0d8fafdc-5d61-438f-8677-e2c1abe7350c,W12X19,structural_section,W12X19,0.87,0.87,High,true,Burrville ES - ST__0d910a43b4a0.pdf,,approved,,W12X19,,2026-09-04T09:55:55.594402+00:00,2026-09-04T10:00:47.791497+00:00
01a987d8-1759-469b-9044-740a74ed2139,W12X16,structural_section,W12X16,0.87,0.87,High,true,Burrville ES - ST__0d910a43b4a0.pdf,,approved,,W12X16,,2026-09-04T09:55:57.883961+00:00,2026-09-04T10:00:47.791441+00:00
41e5eedb-a99a-440f-adba-19619e61b152,W21X50,structural_section,W21X50,0.87,0.87,High,true,Burrville ES - ST__0d910a43b4a0.pdf,,approved,,W21X50,,2026-09-04T09:56:01.127173+00:00,2026-09-04T10:00:47.791382+00:00
f1f36956-5eb5-429b-84df-95a0b486ba15,W12X26,structural_section,W12X26,0.87,0.87,High,true,Burrville ES - ST__0d910a43b4a0.pdf,,approved,,W12X26,,2026-09-04T09:56:05.406756+00:00,2026-09-04T10:00:47.791314+00:00
de87a8fb-1346-46a0-b41b-b4d92dadafd9,HSS12X6X3/8,structural_section,HSS12X6X3/8,0.87,0.87,High,true,Burrville ES - ST__0d910a43b4a0.pdf,,approved,,HSS12X6X3/8,,2026-09-04T09:56:09.934642+00:00,2026-09-04T10:00:47.791207+00:00
550247d1-5861-4abb-928b-b262821f69d5,W18X50,structural_section,W18X50,0.87,0.87,High,true,Burrville ES - ST__0d910a43b4a0.pdf,,approved,,W18X50,,2026-09-04T09:56:16.155579+00:00,2026-09-04T10:00:47.786057+00:00
61400e8d-2004-4ee0-900a-0d08ce9c361c,W10X19,structural_section,W10X19,0.87,0.87,High,true,Burrville ES - ST__0d910a43b4a0.pdf,,approved,,W10X19,,2026-09-04T09:56:18.384796+00:00,2026-09-04T10:00:47.785938+00:00
6887ab2d-1862-4351-a871-ddeb9630ae9b,W10X22,structural_section,W10X22,0.87,0.87,High,true,Burrville ES - ST__0d910a43b4a0.pdf,,approved,,W10X22,,2026-09-04T09:56:23.689523+00:00,2026-09-04T10:00:47.785861+00:00
f713ee9c-44da-4350-a020-129b7173bec1,W12X22,structural_section,W12X22,0.87,0.87,High,true,Burrville ES - ST__0d910a43b4a0.pdf,,approved,,W12X22,,2026-09-04T09:56:26.006717+00:00,2026-09-04T10:00:47.785809+00:00
4142f125-ce2b-4442-a8c9-d2bac76d5330,W16X31,structural_section,W16X31,0.87,0.87,High,true,Burrville ES - ST__0d910a43b4a0.pdf,,approved,,W16X31,,2026-09-04T09:56:27.159428+00:00,2026-09-04T10:00:47.785756+00:00
6ee3d231-6b42-46b9-b4db-3d9f1dbd6cea,W12X30,structural_section,W12X30,0.87,0.87,High,true,Burrville ES - ST__0d910a43b4a0.pdf,,approved,,W12X30,,2026-09-04T09:56:27.990951+00:00,2026-09-04T10:00:47.785653+00:00
14e1ab33-bcb4-40e4-8c49-338de8b37a2c,W10X30,structural_section,W10X30,0.87,0.87,High,true,Burrville ES - ST__0d910a43b4a0.pdf,,approved,,W10X30,,2026-09-04T09:56:28.639562+00:00,2026-09-04T10:00:47.785601+00:00
0f375584-5077-4674-a16a-95580c471bed,HSS14X6X1/2,structural_section,HSS14X6X1/2,0.87,0.87,High,true,Burrville ES - ST__0d910a43b4a0.pdf,,approved,,HSS14X6X1/2,,2026-09-04T09:56:30.363262+00:00,2026-09-04T10:00:47.785550+00:00
d802358b-7a79-4b67-9538-7c3598bd9dd4,HSS20X8X5/8,structural_section,HSS20X8X5/8,0.87,0.87,High,true,Burrville ES - ST__0d910a43b4a0.pdf,,approved,,HSS20X8X5/8,,2026-09-04T09:56:33.610249+00:00,2026-09-04T10:00:47.785498+00:00
bd0c0fc3-f659-4747-8b56-7110964c87d1,W8x31,structural_section,W8X31,0.87,0.87,High,true,Burrville ES - ST__0d910a43b4a0.pdf,,approved,,W8X31,,2026-09-04T09:56:34.622690+00:00,2026-09-04T10:00:47.785443+00:00
6e17b0b7-b730-41dd-9aec-eea367380608,W14X22,structural_section,W14X22,0.87,0.87,High,true,Burrville ES - ST__0d910a43b4a0.pdf,,approved,,W14X22,,2026-09-04T09:56:38.679571+00:00,2026-09-04T10:00:47.785361+00:00
2bef105d-3386-4da0-b7bf-883acc87cc7c,HSS14X6X5/8,structural_section,HSS14X6X5/8,0.87,0.87,High,true,Burrville ES - ST__0d910a43b4a0.pdf,,approved,,HSS14X6X5/8,,2026-09-04T09:56:45.245493+00:00,2026-09-04T10:00:47.785306+00:00
a7d74c93-46e0-41be-bd48-abbc987a51d9,L4X4X3/8,structural_section,L4X4X3/8,0.87,0.87,High,true,Burrville ES - ST__0d910a43b4a0.pdf,,approved,,L4X4X3/8,,2026-09-04T09:56:46.523672+00:00,2026-09-04T10:00:47.785251+00:00
0f515ccb-ed2b-4f15-be24-4010415c3f61,"1-1/2""",unknown,,0.0,0.0,Low,true,Burrville ES - ST__0d910a43b4a0.pdf,,rejected,,,,2026-09-04T09:56:47.674774+00:00,2026-09-04T10:00:55.920272+00:00
6185fefb-5a79-4f81-ab90-9315dfc16d17,"3/4""Ø",unknown,,0.0,0.0,Low,true,Burrville ES - ST__0d910a43b4a0.pdf,,rejected,,,,2026-09-04T09:56:48.744260+00:00,2026-09-04T10:00:29.576152+00:00
1d038809-7821-4c2f-afc3-2f3cb03df57a,"12""",unknown,,0.0,0.0,Low,true,Burrville ES - ST__0d910a43b4a0.pdf,,rejected,,,,2026-09-04T09:56:49.377963+00:00,2026-09-04T10:00:29.576124+00:00
788d7d03-a75a-41e5-8655-ac133cc9f6bf,"14-2"".",unknown,,0.0,0.0,Low,true,Burrville ES - ST__0d910a43b4a0.pdf,,rejected,,,,2026-09-04T09:56:49.896245+00:00,2026-09-04T10:00:29.576092+00:00
1ab6abeb-3d5a-4e29-94ba-5193c9bbcea5,"5/16""",unknown,,0.0,0.0,Low,true,Burrville ES - ST__0d910a43b4a0.pdf,,rejected,,,,2026-09-04T09:56:50.408539+00:00,2026-09-04T10:00:29.576064+00:00
0cd4b850-62f6-4328-b40b-5867e4533dcb,"1""⌀STUDS",unknown,,0.0,0.0,Low,true,Burrville ES - ST__0d910a43b4a0.pdf,,rejected,,,,2026-09-04T09:56:51.003223+00:00,2026-09-04T10:00:29.576036+00:00
7e6a1372-3407-4eb0-b39d-60f26aa20b36,"1""",unknown,,0.0,0.0,Low,true,Burrville ES - ST__0d910a43b4a0.pdf,,rejected,,,,2026-09-04T09:56:51.491547+00:00,2026-09-04T10:00:29.576005+00:00
acffa99d-5c4c-4b41-b473-187e37b74c4c,"7-7/8""",unknown,,0.0,0.0,Low,true,Burrville ES - ST__0d910a43b4a0.pdf,,rejected,,,,2026-09-04T09:56:51.992072+00:00,2026-09-04T10:00:29.575976+00:00
d684f2de-cd36-4971-ada9-28a9d3de368e,"3/16 """,unknown,,0.0,0.0,Low,true,Burrville ES - ST__0d910a43b4a0.pdf,,rejected,,,,2026-09-04T09:56:52.723750+00:00,2026-09-04T10:00:29.575947+00:00
85116558-6ada-45be-8006-79571cf7bfe8,"1/4 """,unknown,,0.0,0.0,Low,true,Burrville ES - ST__0d910a43b4a0.pdf,,rejected,,,,2026-09-04T09:56:53.238414+00:00,2026-09-04T10:00:29.575919+00:00
4d37f2a0-457a-4d60-979b-c4ace4aceb0d,"5/16 """,unknown,,0.0,0.0,Low,true,Burrville ES - ST__0d910a43b4a0.pdf,,rejected,,,,2026-09-04T09:56:53.744965+00:00,2026-09-04T10:00:29.575891+00:00
aa6d3fd6-a09f-4662-b40c-a6aac730b9bb,"3/8 """,unknown,,0.0,0.0,Low,true,Burrville ES - ST__0d910a43b4a0.pdf,,rejected,,,,2026-09-04T09:56:54.252906+00:00,2026-09-04T10:00:29.575861+00:00
dc4dced4-1996-4460-939b-724664befc29,"1/4""",unknown,,0.0,0.0,Low,true,Burrville ES - ST__0d910a43b4a0.pdf,,rejected,,,,2026-09-04T09:56:54.761662+00:00,2026-09-04T10:00:29.575831+00:00
c44f8151-f465-463c-8732-8d36eff03c41,"1/2""ø",unknown,,0.0,0.0,Low,true,Burrville ES - ST__0d910a43b4a0.pdf,,rejected,,,,2026-09-04T09:56:55.259351+00:00,2026-09-04T10:00:29.575799+00:00
dff17fc9-e5be-4b77-a4bf-4debe1c69197,"1/2""⌀x",unknown,,0.0,0.0,Low,true,Burrville ES - ST__0d910a43b4a0.pdf,,rejected,,,,2026-09-04T09:56:55.903196+00:00,2026-09-04T10:00:29.575766+00:00
8628ed8d-2291-48fd-8e38-286fe6ebcd0a,L3x3x1/4,structural_section,L3X3X1/4,0.87,0.87,High,true,Burrville ES - ST__0d910a43b4a0.pdf,,approved,,L3X3X1/4,,2026-09-04T09:56:56.486996+00:00,2026-09-04T10:00:47.785188+00:00
5e3e317f-e1fb-449e-a168-0de90f9e477b,"3/8""",unknown,,0.0,0.0,Low,true,Burrville ES - ST__0d910a43b4a0.pdf,,rejected,,,,2026-09-04T09:56:57.002796+00:00,2026-09-04T10:00:29.575734+00:00
8a980a67-b1b1-4f9b-b24b-f75a38af84ea,"3/8""x4""",unknown,,0.0,0.0,Low,true,Burrville ES - ST__0d910a43b4a0.pdf,,rejected,,,,2026-09-04T09:56:57.716904+00:00,2026-09-04T10:00:29.575699+00:00
45b2a293-1ba0-4bd2-9316-6b0df1a1549b,C8x11.5.,structural_section,C8X11.5,0.87,0.87,High,true,Burrville ES - ST__0d910a43b4a0.pdf,,approved,,C8X11.5,,2026-09-04T09:56:58.291189+00:00,2026-09-04T10:00:47.785080+00:00
b14648fe-942b-4dcd-a22e-9cfe15f15fd6,"L3X3X5/16,",structural_section,L3X3X5/16,0.87,0.87,High,true,Burrville ES - ST__0d910a43b4a0.pdf,,approved,,L3X3X5/16,,2026-09-04T09:56:59.082814+00:00,2026-09-04T10:00:47.784951+00:00
8e9f693f-5486-4bbe-a3ee-0943e0e84758,"L4X4X3/8X0'-8""",structural_section,L4X4X3/8,0.87,0.87,High,true,Burrville ES - ST__0d910a43b4a0.pdf,,approved,,L4X4X3/8,,2026-09-04T09:56:59.591695+00:00,2026-09-04T10:00:47.784814+00:00
23dd0997-6ee6-4a0b-a781-b6bfd8363b57,"L3x3x1/4x0'-3"",",structural_section,L3X3X1/4,0.87,0.87,High,true,Burrville ES - ST__0d910a43b4a0.pdf,,approved,,L3X3X1/4,,2026-09-04T09:57:00.052017+00:00,2026-09-04T10:00:09.637340+00:00
3baf5066-b179-4462-8c4f-419395759293,"3/4""⌀x6""",unknown,,0.0,0.0,Low,true,Burrville ES - ST__0d910a43b4a0.pdf,,rejected,,,,2026-09-04T09:57:00.550849+00:00,2026-09-04T10:00:29.575665+00:00
ae79e04c-373d-4d85-ac04-470a8daf2604,"1/2""@",unknown,,0.0,0.0,Low,true,Burrville ES - ST__0d910a43b4a0.pdf,,rejected,,,,2026-09-04T09:57:01.203486+00:00,2026-09-04T10:00:29.575627+00:00
13be395e-d8d5-4bcf-831d-f0b5a509a511,L4X3-1/2X5/16,structural_section,L4X3X5/16,0.0,0.0,Low,true,Burrville ES - ST__0d910a43b4a0.pdf,,approved,,L4X3X5/16,,2026-09-04T09:57:01.716604+00:00,2026-09-04T10:00:09.637284+00:00
878060d2-be9e-4a22-b35e-898e94c1bd73,HSS6X6X3/8,structural_section,HSS6X6X3/8,0.87,0.87,High,true,Burrville ES - ST__0d910a43b4a0.pdf,,approved,,HSS6X6X3/8,,2026-09-04T09:57:02.479462+00:00,2026-09-04T10:00:09.637226+00:00
c5cad4dd-8fe1-4fb5-aa9a-3ded8040fd0b,HSS8X6X3/8,structural_section,HSS8X6X3/8,0.87,0.87,High,true,Burrville ES - ST__0d910a43b4a0.pdf,,approved,,HSS8X6X3/8,,2026-09-04T09:57:03.426048+00:00,2026-09-04T10:00:09.637169+00:00
64ade673-67b7-41f7-8cc5-4000df6fc6dd,HSS6X6X1/2,structural_section,HSS6X6X1/2,0.87,0.87,High,true,Burrville ES - ST__0d910a43b4a0.pdf,,approved,,HSS6X6X1/2,,2026-09-04T09:57:04.725246+00:00,2026-09-04T10:00:09.637072+00:00
d0522ef5-1b3f-4c2a-bd5c-b72b65022252,W10X33,structural_section,W10X33,0.87,0.87,High,true,Burrville ES - ST__0d910a43b4a0.pdf,,approved,,W10X33,,2026-09-04T09:57:08.882976+00:00,2026-09-04T10:00:09.637018+00:00
ce328895-bb3d-4a24-b526-903aa9336f52,"3/4""x18""x18""",unknown,,0.0,0.0,Low,true,Burrville ES - ST__0d910a43b4a0.pdf,,rejected,,,,2026-09-04T09:57:11.973622+00:00,2026-09-04T10:00:29.575528+00:00
35666c6b-4d26-4be7-bebd-205d9b532129,HSS10X0.625,structural_section,W10X54,0.0,0.0,Low,true,Burrville ES - ST__0d910a43b4a0.pdf,,approved,,W10X54,,2026-09-04T09:57:13.436956+00:00,2026-09-04T10:00:09.636958+00:00
58368842-9277-40f0-ad97-0dafedda26ad,W10X49,structural_section,W10X49,0.87,0.87,High,true,Burrville ES - ST__0d910a43b4a0.pdf,,approved,,W10X49,,2026-09-04T09:57:13.991580+00:00,2026-09-04T10:00:09.636900+00:00
5da85cc4-990c-41ff-bb57-bb652a21d5c6,W10X39,structural_section,W10X39,0.87,0.87,High,true,Burrville ES - ST__0d910a43b4a0.pdf,,approved,,W10X39,,2026-09-04T09:57:15.309183+00:00,2026-09-04T10:00:09.636845+00:00
08fc61a9-1d9d-4b65-9070-9024f54bee39,HSS10X0.500,structural_section,HSS10.000X0.500,0.0,0.0,Low,true,Burrville ES - ST__0d910a43b4a0.pdf,,approved,,HSS10.000X0.500,,2026-09-04T09:57:16.339712+00:00,2026-09-04T10:00:09.636790+00:00
796fdc56-b637-43d7-a6bb-2b72a8259427,W8X40,structural_section,W8X40,0.87,0.87,High,true,Burrville ES - ST__0d910a43b4a0.pdf,,approved,,W8X40,,2026-09-04T09:57:21.199126+00:00,2026-09-04T10:00:09.636733+00:00
2985a1f5-c763-4ab9-91d9-c1d431222b4b,"5/8"")-H(-1'",unknown,,0.0,0.0,Low,true,Burrville ES - ST__0d910a43b4a0.pdf,,rejected,,,,2026-09-04T09:57:22.857465+00:00,2026-09-04T10:00:29.575478+00:00
968ed25c-1d9e-4560-a8af-104ef653a0fa,"3/4""x16""x16""",unknown,,0.0,0.0,Low,true,Burrville ES - ST__0d910a43b4a0.pdf,,rejected,,,,2026-09-04T09:57:23.493637+00:00,2026-09-04T10:00:29.575353+00:00
b9f7111a-789a-42f9-a29d-de7fd681a805,W10X15,structural_section,W10X15,0.7371875,0.7372,Medium,true,Burrville ES - ST__0d910a43b4a0.pdf,,approved,,W10X15,,2026-09-04T09:57:24.806623+00:00,2026-09-04T10:00:09.636671+00:00
01256020-2420-49a6-97d2-d5e341534f1b,W21X44,structural_section,W21X44,0.7276,0.7276,Medium,true,Burrville ES - ST__0d910a43b4a0.pdf,,approved,,W21X44,,2026-09-04T09:57:25.403763+00:00,2026-09-04T10:00:09.636604+00:00
aad1a794-78f8-41b3-b0b2-a33b0c74a7ad,W16X26,structural_section,W16X26,0.6609999999999999,0.661,Medium,true,Burrville ES - ST__0d910a43b4a0.pdf,,approved,,W16X26,,2026-09-04T09:57:25.984269+00:00,2026-09-04T10:00:09.636518+00:00
850c6e30-49c0-47aa-b238-255b72891e1c,W12X40,structural_section,W12X40,0.9719475507736206,0.9719,High,true,Burrville ES - ST__0d910a43b4a0.pdf,,approved,,W12X40,,2026-09-04T09:57:26.521171+00:00,2026-09-04T10:00:09.636408+00:00
04697e10-2917-4da1-bb60-7596723ba770,W18X35,structural_section,W18X35,0.9956052899360657,0.9956,High,true,Burrville ES - ST__0d910a43b4a0.pdf,,approved,,W18X35,,2026-09-04T09:57:27.255581+00:00,2026-09-04T10:00:09.636350+00:00
df9b9eb3-4d0f-4c03-8fca-52f72efd4ad3,W18X40,structural_section,W18X40,0.7843,0.7843,Medium,true,Burrville ES - ST__0d910a43b4a0.pdf,,approved,,W18X40,,2026-09-04T09:57:28.620567+00:00,2026-09-04T10:00:09.636286+00:00
15de2441-2c40-4b6a-88f5-68cf3e14fbe2,W10X45,structural_section,W10X45,0.8346124999999998,0.8346,High,true,Burrville ES - ST__0d910a43b4a0.pdf,,approved,,W10X45,,2026-09-04T09:57:32.230405+00:00,2026-09-04T10:00:09.636186+00:00
98bb444c-2688-40fd-bae1-862ac4e94b6e,W10X54,structural_section,W10X54,0.8322124999999999,0.8322,High,true,Burrville ES - ST__0d910a43b4a0.pdf,,approved,,W10X54,,2026-09-04T09:57:34.653234+00:00,2026-09-04T10:00:09.634369+00:00
4fbae3c4-2eda-43dd-ac1e-03258d41e81f,W10X60,structural_section,W10X60,0.8639752864837646,0.864,High,true,Burrville ES - ST__0d910a43b4a0.pdf,,approved,,W10X60,,2026-09-04T09:57:37.495539+00:00,2026-09-04T10:00:09.633315+00:00
3eef4167-93f5-45dd-bd46-40c467ede64c,"1/2""",unknown,,0.0,0.0,Low,true,Burrville ES - ST__0d910a43b4a0.pdf,,rejected,,,,2026-09-04T10:12:40.439638+00:00,2026-09-04T10:17:17.745234+00:00
abb97cd0-d6bb-443f-a956-e3ac7ca5cc0c,"1/8""",unknown,,0.0,0.0,Low,true,Burrville ES - ST__0d910a43b4a0.pdf,,rejected,,,,2026-09-04T10:12:40.785550+00:00,2026-09-04T10:17:17.745344+00:00
b9573ecb-0a70-430c-844d-95f3e10027ed,"3/4""",unknown,,0.0,0.0,Low,true,Burrville ES - ST__0d910a43b4a0.pdf,,rejected,,,,2026-09-04T10:12:41.117704+00:00,2026-09-04T10:17:17.745376+00:00
939f6c5c-b4bf-44f4-a3cf-70242137a73e,W12X19,structural_section,W12X19,0.87,0.87,High,true,Burrville ES - ST__0d910a43b4a0.pdf,,approved,,W12X19,,2026-09-04T10:12:41.717189+00:00,2026-09-04T10:17:03.741666+00:00
cac1c31d-5470-42d5-8646-05078808ad13,W12X16,structural_section,W12X16,0.87,0.87,High,true,Burrville ES - ST__0d910a43b4a0.pdf,,approved,,W12X16,,2026-09-04T10:12:42.092305+00:00,2026-09-04T10:17:03.742157+00:00
f2ba0973-2cde-4fa9-8cea-5b98aa8e5658,W21X50,structural_section,W21X50,0.87,0.87,High,true,Burrville ES - ST__0d910a43b4a0.pdf,,approved,,W21X50,,2026-09-04T10:12:42.586518+00:00,2026-09-04T10:17:03.742236+00:00
14d1289d-4e43-422c-b81f-07075c31758b,W12X26,structural_section,W12X26,0.87,0.87,High,true,Burrville ES - ST__0d910a43b4a0.pdf,,approved,,W12X26,,2026-09-04T10:12:43.104818+00:00,2026-09-04T10:17:03.742274+00:00
3845dd05-0392-48a9-8733-ddf6f5b88151,HSS12X6X3/8,structural_section,HSS12X6X3/8,0.87,0.87,High,true,Burrville ES - ST__0d910a43b4a0.pdf,,approved,,HSS12X6X3/8,,2026-09-04T10:12:43.730309+00:00,2026-09-04T10:17:03.742305+00:00
eb176ea4-c9f3-4709-bc2b-bd1819b5241c,W18X50,structural_section,W18X50,0.87,0.87,High,true,Burrville ES - ST__0d910a43b4a0.pdf,,approved,,W18X50,,2026-09-04T10:12:44.581560+00:00,2026-09-04T10:17:03.742336+00:00
d35e2330-56d0-405a-a95c-4e3c7ab709ad,W10X19,structural_section,W10X19,0.87,0.87,High,true,Burrville ES - ST__0d910a43b4a0.pdf,,approved,,W10X19,,2026-09-04T10:12:45.093844+00:00,2026-09-04T10:17:03.742365+00:00
d88d838e-8731-46e5-893f-d2845bf33440,W10X22,structural_section,W10X22,0.87,0.87,High,true,Burrville ES - ST__0d910a43b4a0.pdf,,approved,,W10X22,,2026-09-04T10:12:45.771147+00:00,2026-09-04T10:17:03.742394+00:00
57ffd5bb-1092-4ce9-a834-10f846f0b2ac,W12X22,structural_section,W12X22,0.87,0.87,High,true,Burrville ES - ST__0d910a43b4a0.pdf,,approved,,W12X22,,2026-09-04T10:12:47.925624+00:00,2026-09-04T10:17:03.742421+00:00
a88fe074-5729-485c-a817-666f245a2fb5,W16X31,structural_section,W16X31,0.87,0.87,High,true,Burrville ES - ST__0d910a43b4a0.pdf,,approved,,W16X31,,2026-09-04T10:12:49.031209+00:00,2026-09-04T10:17:03.742484+00:00
7639a005-16c9-4783-af9e-7042913cb066,W12X30,structural_section,W12X30,0.87,0.87,High,true,Burrville ES - ST__0d910a43b4a0.pdf,,approved,,W12X30,,2026-09-04T10:12:49.541503+00:00,2026-09-04T10:17:03.742516+00:00
f8a62a7b-6fad-4b9c-bb39-0fb0b1029bcb,W10X30,structural_section,W10X30,0.87,0.87,High,true,Burrville ES - ST__0d910a43b4a0.pdf,,approved,,W10X30,,2026-09-04T10:12:50.017062+00:00,2026-09-04T10:17:03.742546+00:00
1224b920-fa25-4dae-b534-1af3a229e6ae,HSS14X6X1/2,structural_section,HSS14X6X1/2,0.87,0.87,High,true,Burrville ES - ST__0d910a43b4a0.pdf,,approved,,HSS14X6X1/2,,2026-09-04T10:12:51.654212+00:00,2026-09-04T10:17:03.742577+00:00
c0331470-5f18-451e-ba7a-20e17a9b847c,HSS20X8X5/8,structural_section,HSS20X8X5/8,0.87,0.87,High,true,Burrville ES - ST__0d910a43b4a0.pdf,,approved,,HSS20X8X5/8,,2026-09-04T10:12:53.472400+00:00,2026-09-04T10:17:03.742606+00:00
11aec1e1-721d-4f4b-a6de-39204f699d58,W8x31,structural_section,W8X31,0.87,0.87,High,true,Burrville ES - ST__0d910a43b4a0.pdf,,approved,,W8X31,,2026-09-04T10:12:54.169228+00:00,2026-09-04T10:17:03.742636+00:00
88ffa4ea-8450-4940-94ad-d3f5179ca823,W14X22,structural_section,W14X22,0.87,0.87,High,true,Burrville ES - ST__0d910a43b4a0.pdf,,approved,,W14X22,,2026-09-04T10:12:56.219688+00:00,2026-09-04T10:17:03.742681+00:00
4009dfee-fbd0-45be-a42e-d094107efed8,HSS14X6X5/8,structural_section,HSS14X6X5/8,0.87,0.87,High,true,Burrville ES - ST__0d910a43b4a0.pdf,,approved,,HSS14X6X5/8,,2026-09-04T10:12:57.473950+00:00,2026-09-04T10:17:03.742708+00:00
4ad3ba70-39f5-4599-b607-9e504a538c59,L4X4X3/8,structural_section,L4X4X3/8,0.87,0.87,High,true,Burrville ES - ST__0d910a43b4a0.pdf,,approved,,L4X4X3/8,,2026-09-04T10:12:58.186528+00:00,2026-09-04T10:17:03.742735+00:00
b45a3f89-f557-4942-9562-2041d1ebf399,"1-1/2""",unknown,,0.0,0.0,Low,true,Burrville ES - ST__0d910a43b4a0.pdf,,rejected,,,,2026-09-04T10:12:58.847366+00:00,2026-09-04T10:17:17.745398+00:00
8b4f54b6-5005-427f-a8d6-5480fbd1b729,"3/4""Ø",unknown,,0.0,0.0,Low,true,Burrville ES - ST__0d910a43b4a0.pdf,,rejected,,,,2026-09-04T10:12:59.296233+00:00,2026-09-04T10:17:17.745431+00:00
6c86d161-ab77-41b1-861a-77d9d4458a4f,"12""",unknown,,0.0,0.0,Low,true,Burrville ES - ST__0d910a43b4a0.pdf,,rejected,,,,2026-09-04T10:12:59.634744+00:00,2026-09-04T10:17:17.745450+00:00
bd15efa1-a0d4-486c-a06c-edfecd70101d,"14-2"".",unknown,,0.0,0.0,Low,true,Burrville ES - ST__0d910a43b4a0.pdf,,rejected,,,,2026-09-04T10:12:59.984583+00:00,2026-09-04T10:17:17.745477+00:00
f63bd2d9-f821-4545-b1f3-8052d6b67041,"5/16""",unknown,,0.0,0.0,Low,true,Burrville ES - ST__0d910a43b4a0.pdf,,rejected,,,,2026-09-04T10:13:00.415910+00:00,2026-09-04T10:17:17.745506+00:00
bfed043e-4eef-4bc8-a571-42a2b0c2faeb,"1""⌀STUDS",unknown,,0.0,0.0,Low,true,Burrville ES - ST__0d910a43b4a0.pdf,,rejected,,,,2026-09-04T10:13:00.801418+00:00,2026-09-04T10:17:17.745528+00:00
3afae796-4817-42ed-901b-b80c4520efe5,"1""",unknown,,0.0,0.0,Low,true,Burrville ES - ST__0d910a43b4a0.pdf,,rejected,,,,2026-09-04T10:13:01.139922+00:00,2026-09-04T10:17:17.745545+00:00
a0e6e719-a811-45f9-9e1f-deb01b4d7b49,"7-7/8""",unknown,,0.0,0.0,Low,true,Burrville ES - ST__0d910a43b4a0.pdf,,rejected,,,,2026-09-04T10:13:01.432809+00:00,2026-09-04T10:17:17.745561+00:00
a84048f5-eeeb-42de-b696-ca55d82a2a62,"3/16 """,unknown,,0.0,0.0,Low,true,Burrville ES - ST__0d910a43b4a0.pdf,,rejected,,,,2026-09-04T10:13:01.995656+00:00,2026-09-04T10:17:17.745582+00:00
ff4eb8bd-b04b-40de-a800-c653a2ccaed6,"1/4 """,unknown,,0.0,0.0,Low,true,Burrville ES - ST__0d910a43b4a0.pdf,,rejected,,,,2026-09-04T10:13:02.364251+00:00,2026-09-04T10:17:17.745598+00:00
f912d333-258c-43cd-b199-d38882b2acfc,"5/16 """,unknown,,0.0,0.0,Low,true,Burrville ES - ST__0d910a43b4a0.pdf,,rejected,,,,2026-09-04T10:13:02.698181+00:00,2026-09-04T10:17:17.745614+00:00
8ae651a6-2625-4061-81e5-e69ba2c1164e,"3/8 """,unknown,,0.0,0.0,Low,true,Burrville ES - ST__0d910a43b4a0.pdf,,rejected,,,,2026-09-04T10:13:03.069504+00:00,2026-09-04T10:17:17.745630+00:00
7966bfff-9196-4a17-903e-e748bd87fc04,"1/4""",unknown,,0.0,0.0,Low,true,Burrville ES - ST__0d910a43b4a0.pdf,,rejected,,,,2026-09-04T10:13:03.413355+00:00,2026-09-04T10:17:17.745646+00:00
1044e9b1-09ad-454b-a422-96960362e074,"1/2""ø",unknown,,0.0,0.0,Low,true,Burrville ES - ST__0d910a43b4a0.pdf,,rejected,,,,2026-09-04T10:13:03.749219+00:00,2026-09-04T10:17:17.745692+00:00
c4d574a9-1f71-4b79-8a56-cdef95b86573,"1/2""⌀x",unknown,,0.0,0.0,Low,true,Burrville ES - ST__0d910a43b4a0.pdf,,rejected,,,,2026-09-04T10:13:04.133415+00:00,2026-09-04T10:17:17.745707+00:00
de3d3b07-9c31-4e01-b53f-e8268a109248,L3x3x1/4,structural_section,L3X3X1/4,0.87,0.87,High,true,Burrville ES - ST__0d910a43b4a0.pdf,,approved,,L3X3X1/4,,2026-09-04T10:13:04.481917+00:00,2026-09-04T10:17:03.742792+00:00
039c0e93-30ef-475a-8264-0248fc69486b,"3/8""",unknown,,0.0,0.0,Low,true,Burrville ES - ST__0d910a43b4a0.pdf,,rejected,,,,2026-09-04T10:13:05.013921+00:00,2026-09-04T10:17:17.745723+00:00
df32dba9-b743-4bed-b467-1f2c8c642f4e,"3/8""x4""",unknown,,0.0,0.0,Low,true,Burrville ES - ST__0d910a43b4a0.pdf,,rejected,,,,2026-09-04T10:13:05.805179+00:00,2026-09-04T10:17:17.745753+00:00
f86cccd7-793c-44d0-82a6-4877c7a2a107,C8x11.5.,structural_section,C8X11.5,0.87,0.87,High,true,Burrville ES - ST__0d910a43b4a0.pdf,,approved,,C8X11.5,,2026-09-04T10:13:06.766375+00:00,2026-09-04T10:17:03.742825+00:00
a854aaac-5590-4219-8f43-abca7f48ff4f,"L3X3X5/16,",structural_section,L3X3X5/16,0.87,0.87,High,true,Burrville ES - ST__0d910a43b4a0.pdf,,approved,,L3X3X5/16,,2026-09-04T10:13:07.739528+00:00,2026-09-04T10:17:03.742853+00:00
474c8607-bd5b-4503-8edd-b6730bcb97cf,"L4X4X3/8X0'-8""",structural_section,L4X4X3/8,0.87,0.87,High,true,Burrville ES - ST__0d910a43b4a0.pdf,,approved,,L4X4X3/8,,2026-09-04T10:13:08.274432+00:00,2026-09-04T10:17:03.742897+00:00
b4dd14ed-31b1-4c57-b5a7-b8000eebb885,"L3x3x1/4x0'-3"",",structural_section,L3X3X1/4,0.87,0.87,High,true,Burrville ES - ST__0d910a43b4a0.pdf,,approved,,L3X3X1/4,,2026-09-04T10:13:08.856083+00:00,2026-09-04T10:17:03.742924+00:00
122b1b9b-116c-4188-9d7d-9745f8050e76,"3/4""⌀x6""",unknown,,0.0,0.0,Low,true,Burrville ES - ST__0d910a43b4a0.pdf,,rejected,,,,2026-09-04T10:13:09.283954+00:00,2026-09-04T10:17:17.745770+00:00
84525596-b9de-4f03-9974-4d42669db795,"1/2""@",unknown,,0.0,0.0,Low,true,Burrville ES - ST__0d910a43b4a0.pdf,,rejected,,,,2026-09-04T10:13:09.768258+00:00,2026-09-04T10:17:17.745788+00:00
6df08db0-f10e-4c1e-8b87-41dd5f3146d5,L4X3-1/2X5/16,structural_section,L4X3X5/16,0.0,0.0,Low,true,Burrville ES - ST__0d910a43b4a0.pdf,,approved,,L4X3X5/16,,2026-09-04T10:13:10.106643+00:00,2026-09-04T10:17:03.742958+00:00
13153c25-cf0c-4fdb-bba4-7689e3841296,HSS6X6X3/8,structural_section,HSS6X6X3/8,0.87,0.87,High,true,Burrville ES - ST__0d910a43b4a0.pdf,,approved,,HSS6X6X3/8,,2026-09-04T10:13:10.672820+00:00,2026-09-04T10:17:03.743001+00:00
431c770d-cbff-42ef-8f9f-470c63953d21,HSS8X6X3/8,structural_section,HSS8X6X3/8,0.87,0.87,High,true,Burrville ES - ST__0d910a43b4a0.pdf,,approved,,HSS8X6X3/8,,2026-09-04T10:13:11.311602+00:00,2026-09-04T10:17:03.743028+00:00
561f64f0-91c2-4bdb-848e-35f77a51e1c1,HSS6X6X1/2,structural_section,HSS6X6X1/2,0.87,0.87,High,true,Burrville ES - ST__0d910a43b4a0.pdf,,approved,,HSS6X6X1/2,,2026-09-04T10:13:12.182780+00:00,2026-09-04T10:17:03.743081+00:00
d60889e7-77a7-4435-a47d-23cf809d769b,W10X33,structural_section,W10X33,0.87,0.87,High,true,Burrville ES - ST__0d910a43b4a0.pdf,,approved,,W10X33,,2026-09-04T10:13:14.354015+00:00,2026-09-04T10:17:03.743123+00:00
706fac2e-5f8e-4ab3-accc-3f825701f49e,"3/4""x18""x18""",unknown,,0.0,0.0,Low,true,Burrville ES - ST__0d910a43b4a0.pdf,,rejected,,,,2026-09-04T10:13:16.982818+00:00,2026-09-04T10:17:17.745805+00:00
74c95566-7325-42c8-8a8b-f6d4866fedc7,HSS10X0.625,structural_section,W10X54,0.0,0.0,Low,true,Burrville ES - ST__0d910a43b4a0.pdf,,approved,,W10X54,,2026-09-04T10:13:17.902683+00:00,2026-09-04T10:17:03.743153+00:00
a9a0914b-1322-4907-8437-3aa575121724,W10X49,structural_section,W10X49,0.87,0.87,High,true,Burrville ES - ST__0d910a43b4a0.pdf,,approved,,W10X49,,2026-09-04T10:13:18.236058+00:00,2026-09-04T10:17:03.743181+00:00
a5ba6c88-e851-48a2-87da-42c3bd1eeb56,W10X39,structural_section,W10X39,0.87,0.87,High,true,Burrville ES - ST__0d910a43b4a0.pdf,,approved,,W10X39,,2026-09-04T10:13:19.020516+00:00,2026-09-04T10:17:03.743208+00:00
6c374215-fa42-4f41-aa06-ea0bb230e43b,HSS10X0.500,structural_section,HSS10.000X0.500,0.0,0.0,Low,true,Burrville ES - ST__0d910a43b4a0.pdf,,approved,,HSS10.000X0.500,,2026-09-04T10:13:19.469447+00:00,2026-09-04T10:17:03.743234+00:00
7256ad74-27d6-45db-b00a-a4264c437d97,W8X40,structural_section,W8X40,0.87,0.87,High,true,Burrville ES - ST__0d910a43b4a0.pdf,,approved,,W8X40,,2026-09-04T10:13:22.704443+00:00,2026-09-04T10:17:03.743286+00:00
c4e0d089-e9a1-4ace-bdb9-cb6a0e23bc46,"5/8"")-H(-1'",unknown,,0.0,0.0,Low,true,Burrville ES - ST__0d910a43b4a0.pdf,,rejected,,,,2026-09-04T10:13:23.890244+00:00,2026-09-04T10:17:17.745821+00:00
c13d7564-a4df-4693-9c67-f0df1c3710fd,"3/4""x16""x16""",unknown,,0.0,0.0,Low,true,Burrville ES - ST__0d910a43b4a0.pdf,,rejected,,,,2026-09-04T10:13:24.296525+00:00,2026-09-04T10:17:17.745836+00:00
2ff60e02-4d7a-471d-88ea-b7cc7893d69f,W10X15,structural_section,W10X15,0.7371875,0.7372,Medium,true,Burrville ES - ST__0d910a43b4a0.pdf,,approved,,W10X15,,2026-09-04T10:13:25.103213+00:00,2026-09-04T10:17:03.743320+00:00
0a434a06-10b7-460c-95ea-68e0cdd1e7ff,W21X44,structural_section,W21X44,0.7276,0.7276,Medium,true,Burrville ES - ST__0d910a43b4a0.pdf,,approved,,W21X44,,2026-09-04T10:13:25.508040+00:00,2026-09-04T10:17:03.743372+00:00
7b0906cb-4d95-40cd-a17e-685304ed0489,W16X26,structural_section,W16X26,0.6609999999999999,0.661,Medium,true,Burrville ES - ST__0d910a43b4a0.pdf,,approved,,W16X26,,2026-09-04T10:13:25.864837+00:00,2026-09-04T10:17:03.743397+00:00
591cb237-85ec-4bd9-babe-890236d3942f,W12X40,structural_section,W12X40,0.9719475507736206,0.9719,High,true,Burrville ES - ST__0d910a43b4a0.pdf,,approved,,W12X40,,2026-09-04T10:13:26.199472+00:00,2026-09-04T10:17:03.743450+00:00
41e3c461-622a-43b7-899c-4ed473805890,W18X35,structural_section,W18X35,0.9956052899360657,0.9956,High,true,Burrville ES - ST__0d910a43b4a0.pdf,,approved,,W18X35,,2026-09-04T10:13:26.640866+00:00,2026-09-04T10:17:03.743477+00:00
08aeb5fa-eeb3-4f28-8c12-2d64cb17d747,W18X40,structural_section,W18X40,0.7843,0.7843,Medium,true,Burrville ES - ST__0d910a43b4a0.pdf,,approved,,W18X40,,2026-09-04T10:13:27.481952+00:00,2026-09-04T10:17:03.743503+00:00
dfd67619-ed3d-40b1-97a6-2e85a533109b,W10X45,structural_section,W10X45,0.8346124999999998,0.8346,High,true,Burrville ES - ST__0d910a43b4a0.pdf,,approved,,W10X45,,2026-09-04T10:13:29.911203+00:00,2026-09-04T10:17:03.743529+00:00
ab19ae5b-6071-4213-8a44-e83342b79032,W10X54,structural_section,W10X54,0.8322124999999999,0.8322,High,true,Burrville ES - ST__0d910a43b4a0.pdf,,approved,,W10X54,,2026-09-04T10:13:31.374352+00:00,2026-09-04T10:17:03.743578+00:00
e7a5f67b-e968-49d5-8e6c-6ae4999ea8fe,W10X60,structural_section,W10X60,0.8639752864837646,0.864,High,true,Burrville ES - ST__0d910a43b4a0.pdf,,approved,,W10X60,,2026-09-04T10:13:33.050726+00:00,2026-09-04T10:17:03.743634+00:00
4390a327-7043-432f-81c0-d103de4ba5ba,"1/2""",unknown,,0.0,0.0,Low,true,Burrville ES - ST__0d910a43b4a0.pdf,,rejected,,,,2026-09-04T10:29:48.676288+00:00,2026-09-04T12:50:59.531007+00:00
f163cc5b-b0c0-478c-9a99-7373aa5956a8,"1/8""",unknown,,0.0,0.0,Low,true,Burrville ES - ST__0d910a43b4a0.pdf,,rejected,,,,2026-09-04T10:29:48.925762+00:00,2026-09-04T12:50:59.531121+00:00
eb0c944b-2131-4a9a-8ccb-de455dda87a2,W18X35,structural_section,W18X35,0.87,0.87,High,true,Burrville ES - ST__0d910a43b4a0.pdf,,approved,,W18X35,,2026-09-04T10:29:49.171521+00:00,2026-09-04T12:50:52.602108+00:00
22d18c3a-e03c-43f2-bc22-19eafe71f382,W18X50,structural_section,W18X50,0.87,0.87,High,true,Burrville ES - ST__0d910a43b4a0.pdf,,approved,,W18X50,,2026-09-04T10:29:49.479263+00:00,2026-09-04T12:50:52.602058+00:00
67d8228f-5851-4d21-97af-a096146f3639,W21X44,structural_section,W21X44,0.87,0.87,High,true,Burrville ES - ST__0d910a43b4a0.pdf,,approved,,W21X44,,2026-09-04T10:29:49.916977+00:00,2026-09-04T12:50:52.602013+00:00
fc49745d-1f6d-4c8e-a7fe-4ef22d28bf2a,W21X50,structural_section,W21X50,0.87,0.87,High,true,Burrville ES - ST__0d910a43b4a0.pdf,,approved,,W21X50,,2026-09-04T10:29:50.205029+00:00,2026-09-04T12:50:52.601964+00:00
f1d91c82-833c-4edb-8873-6b7e37f487de,"1 1/4""",unknown,,0.0,0.0,Low,true,Burrville ES - ST__0d910a43b4a0.pdf,,rejected,,,,2026-09-04T10:29:50.469695+00:00,2026-09-04T12:50:59.531162+00:00
0c336e75-ac96-46c7-ab19-a3ab5d032714,"1/4""",unknown,,0.0,0.0,Low,true,Burrville ES - ST__0d910a43b4a0.pdf,,rejected,,,,2026-09-04T10:29:50.721419+00:00,2026-09-04T12:50:59.531192+00:00
9a21c849-0236-4d01-84b6-765d935159fb,W10X19,structural_section,W10X19,0.87,0.87,High,true,Burrville ES - ST__0d910a43b4a0.pdf,,approved,,W10X19,,2026-09-04T10:29:51.045740+00:00,2026-09-04T12:50:52.601910+00:00
d18e7aae-8c83-4f00-9394-1a19c28d9716,"3/4""",unknown,,0.0,0.0,Low,true,Burrville ES - ST__0d910a43b4a0.pdf,,rejected,,,,2026-09-04T10:29:51.309117+00:00,2026-09-04T12:50:59.531220+00:00
3312312b-8149-4085-bc2d-e1d12c5364e8,W12X26,structural_section,W12X26,0.87,0.87,High,true,Burrville ES - ST__0d910a43b4a0.pdf,,approved,,W12X26,,2026-09-04T10:29:52.202688+00:00,2026-09-04T12:50:52.601721+00:00
83af5851-0f38-45b7-b13c-9bfd17ea8633,W21X48,structural_section,W21X48,0.87,0.87,High,true,Burrville ES - ST__0d910a43b4a0.pdf,,approved,,W21X48,,2026-09-04T10:29:56.053782+00:00,2026-09-04T12:50:52.601681+00:00
cb132fe5-bf3c-4ed7-bbb9-e7fbb6255936,HSS20X8X5/8,structural_section,HSS20X8X5/8,0.87,0.87,High,true,Burrville ES - ST__0d910a43b4a0.pdf,,approved,,HSS20X8X5/8,,2026-09-04T10:29:56.421277+00:00,2026-09-04T12:50:52.601640+00:00
51bf96e3-db2d-4f54-85d5-026a0210206d,W8x31,structural_section,W8X31,0.87,0.87,High,true,Burrville ES - ST__0d910a43b4a0.pdf,,approved,,W8X31,,2026-09-04T10:29:56.981080+00:00,2026-09-04T12:50:52.601598+00:00
2ed7e8cf-8672-4d29-b51c-4c0324a72f5d,W24X55,structural_section,W24X55,0.87,0.87,High,true,Burrville ES - ST__0d910a43b4a0.pdf,,approved,,W24X55,,2026-09-04T10:29:57.195385+00:00,2026-09-04T12:50:52.601555+00:00
83100245-dfc6-4084-8769-925f557b7c71,W24X84,structural_section,W24X84,0.87,0.87,High,true,Burrville ES - ST__0d910a43b4a0.pdf,,approved,,W24X84,,2026-09-04T10:29:57.745186+00:00,2026-09-04T12:50:52.601510+00:00
79e5925f-d87e-4380-a0cf-23f546307a22,HSS14X6X5/8,structural_section,HSS14X6X5/8,0.87,0.87,High,true,Burrville ES - ST__0d910a43b4a0.pdf,,approved,,HSS14X6X5/8,,2026-09-04T10:29:59.789640+00:00,2026-09-04T12:50:52.601453+00:00
23a08fe7-896c-405c-b1fc-2f54273891bb,L4X4X3/8,structural_section,L4X4X3/8,0.87,0.87,High,true,Burrville ES - ST__0d910a43b4a0.pdf,,approved,,L4X4X3/8,,2026-09-04T10:30:00.261003+00:00,2026-09-04T12:50:52.601313+00:00
0b547f78-9509-4bde-abdf-6743bdca05f9,"1-1/2""",unknown,,0.0,0.0,Low,true,Burrville ES - ST__0d910a43b4a0.pdf,,rejected,,,,2026-09-04T10:30:00.819766+00:00,2026-09-04T12:50:33.709740+00:00
d7c61d3d-78b9-4c6d-9dbc-0acb401e15e2,"3/4""Ø",unknown,,0.0,0.0,Low,true,Burrville ES - ST__0d910a43b4a0.pdf,,rejected,,,,2026-09-04T10:30:01.179555+00:00,2026-09-04T12:50:33.709714+00:00
7f81a02d-e754-4ef4-b014-2ec80cfccd9d,"12""",unknown,,0.0,0.0,Low,true,Burrville ES - ST__0d910a43b4a0.pdf,,rejected,,,,2026-09-04T10:30:01.397133+00:00,2026-09-04T12:50:33.709687+00:00
ec1f301c-6c7e-4857-819c-ad00187523c9,"14-2"".",unknown,,0.0,0.0,Low,true,Burrville ES - ST__0d910a43b4a0.pdf,,rejected,,,,2026-09-04T10:30:01.775250+00:00,2026-09-04T12:50:33.709659+00:00
cd600365-4eab-4c47-8d0e-20a76cb4765d,"5/16""",unknown,,0.0,0.0,Low,true,Burrville ES - ST__0d910a43b4a0.pdf,,rejected,,,,2026-09-04T10:30:02.224950+00:00,2026-09-04T12:50:33.709602+00:00
d20bd9b5-740e-4023-aa7b-a3d4b756306a,"1""⌀STUDS",unknown,,0.0,0.0,Low,true,Burrville ES - ST__0d910a43b4a0.pdf,,rejected,,,,2026-09-04T10:30:02.642603+00:00,2026-09-04T12:50:33.709570+00:00
3aff3366-db02-44a3-b4d6-535aa8673995,"1""",unknown,,0.0,0.0,Low,true,Burrville ES - ST__0d910a43b4a0.pdf,,rejected,,,,2026-09-04T10:30:02.902598+00:00,2026-09-04T12:50:33.709541+00:00
2d98de7d-6261-4be3-a11d-754157ebcc1e,"7-7/8""",unknown,,0.0,0.0,Low,true,Burrville ES - ST__0d910a43b4a0.pdf,,rejected,,,,2026-09-04T10:30:03.172738+00:00,2026-09-04T12:50:33.709505+00:00
922f738f-2332-4a82-aad0-53d5e3c02680,"3/16 """,unknown,,0.0,0.0,Low,true,Burrville ES - ST__0d910a43b4a0.pdf,,rejected,,,,2026-09-04T10:30:03.668704+00:00,2026-09-04T12:50:33.709470+00:00
24d73fe8-fffc-43b8-b56e-a02d0ffb7598,"1/4 """,unknown,,0.0,0.0,Low,true,Burrville ES - ST__0d910a43b4a0.pdf,,rejected,,,,2026-09-04T10:30:03.941181+00:00,2026-09-04T12:50:33.709416+00:00
ed00717b-7f93-4d58-8025-0d2506c34223,"5/16 """,unknown,,0.0,0.0,Low,true,Burrville ES - ST__0d910a43b4a0.pdf,,rejected,,,,2026-09-04T10:30:04.221228+00:00,2026-09-04T12:50:33.709136+00:00
9914ee94-5b47-4e7b-8b28-f94aa02b1fcf,"3/8 """,unknown,,0.0,0.0,Low,true,Burrville ES - ST__0d910a43b4a0.pdf,,rejected,,,,2026-09-04T10:30:04.502838+00:00,2026-09-04T12:50:33.709075+00:00
76df10e0-8a9f-4ec2-a841-9fa23dc3b483,L3x3x3/16,structural_section,L3X3X3/16,0.87,0.87,High,true,Burrville ES - ST__0d910a43b4a0.pdf,,rejected,,,,2026-09-04T10:30:04.784677+00:00,2026-09-04T12:50:33.709005+00:00
b8ad9027-e137-47ab-a791-41499dc86030,"1/2""ø",unknown,,0.0,0.0,Low,true,Burrville ES - ST__0d910a43b4a0.pdf,,rejected,,,,2026-09-04T10:30:05.138817+00:00,2026-09-04T12:50:33.708968+00:00
a5491e04-fa97-400a-a69b-4c6204253693,"1/2""⌀x",unknown,,0.0,0.0,Low,true,Burrville ES - ST__0d910a43b4a0.pdf,,rejected,,,,2026-09-04T10:30:05.473227+00:00,2026-09-04T12:50:33.708937+00:00
62acc803-dbad-4225-8c09-fa9e4a3c2419,"3/8""",unknown,,0.0,0.0,Low,true,Burrville ES - ST__0d910a43b4a0.pdf,,rejected,,,,2026-09-04T10:30:05.742859+00:00,2026-09-04T12:50:33.708911+00:00
22414975-eeac-4bb7-a519-2cf56b331975,"3/8""x4""",unknown,,0.0,0.0,Low,true,Burrville ES - ST__0d910a43b4a0.pdf,,rejected,,,,2026-09-04T10:30:06.011439+00:00,2026-09-04T12:50:33.708890+00:00
f12a963a-25be-497e-858b-40cd26f6f998,W12X252,structural_section,W12X252,0.87,0.87,High,true,Burrville ES - ST__0d910a43b4a0.pdf,,approved,,W12X252,,2026-09-04T10:30:06.445640+00:00,2026-09-04T12:50:20.380598+00:00
9411742d-f0fc-449a-b85a-825930739713,W14X43,structural_section,W14X43,0.87,0.87,High,true,Burrville ES - ST__0d910a43b4a0.pdf,,approved,,W14X43,,2026-09-04T10:30:06.691035+00:00,2026-09-04T12:50:20.380570+00:00
ed9e7375-34bc-405b-86ec-7cce5bdf36c3,"L3X3X5/16,",structural_section,L3X3X5/16,0.87,0.87,High,true,Burrville ES - ST__0d910a43b4a0.pdf,,approved,,L3X3X5/16,,2026-09-04T10:30:07.429005+00:00,2026-09-04T12:50:20.380542+00:00
a0b5669c-20dc-480f-be18-b04c33547b45,"L4X4X3/8X0'-8""",structural_section,L4X4X3/8,0.87,0.87,High,true,Burrville ES - ST__0d910a43b4a0.pdf,,approved,,L4X4X3/8,,2026-09-04T10:30:07.692650+00:00,2026-09-04T12:50:20.380513+00:00
08350994-072b-4e8c-9972-6c54882598e7,"L3x3x1/4x0'-3"",",structural_section,L3X3X1/4,0.87,0.87,High,true,Burrville ES - ST__0d910a43b4a0.pdf,,approved,,L3X3X1/4,,2026-09-04T10:30:07.939528+00:00,2026-09-04T12:50:20.380485+00:00
c340fd73-5c40-48f8-8a64-7f7f8e8bff64,"3/4""⌀x6""",unknown,,0.0,0.0,Low,true,Burrville ES - ST__0d910a43b4a0.pdf,,rejected,,,,2026-09-04T10:30:08.193784+00:00,2026-09-04T12:50:33.708872+00:00
6052088b-e9f3-4e71-afb4-abca4e1bf935,"1/2""@",unknown,,0.0,0.0,Low,true,Burrville ES - ST__0d910a43b4a0.pdf,,rejected,,,,2026-09-04T10:30:08.523971+00:00,2026-09-04T12:50:33.708853+00:00
6655508d-e6e1-43bf-bfc7-17baeda338b4,A325,structural_section,W14X132,0.0,0.0,Low,true,Burrville ES - ST__0d910a43b4a0.pdf,,rejected,,,,2026-09-04T10:30:08.828381+00:00,2026-09-04T12:50:33.708832+00:00
e445eb67-8dd5-4fd8-a8d9-76e1bcf5326b,"L4X3X3/8X0'-6""",structural_section,L4X3X3/8,0.87,0.87,High,true,Burrville ES - ST__0d910a43b4a0.pdf,,approved,,L4X3X3/8,,2026-09-04T10:30:09.173590+00:00,2026-09-04T12:50:20.380455+00:00
521aeaca-2728-4491-b255-086d679aa466,L6x3-1/2x3/8,structural_section,L6X4X3/8,0.0,0.0,Low,true,Burrville ES - ST__0d910a43b4a0.pdf,,approved,,L6X4X3/8,,2026-09-04T10:30:09.463840+00:00,2026-09-04T12:50:20.380426+00:00
fcafe859-1391-4096-8632-b66874e0b48b,"L3X3X3/8X0'-10""",structural_section,L3X3X3/8,0.87,0.87,High,true,Burrville ES - ST__0d910a43b4a0.pdf,,approved,,L3X3X3/8,,2026-09-04T10:30:09.810571+00:00,2026-09-04T12:50:20.380398+00:00
2e5e99c0-ddbf-4f43-b648-0341f7035f26,L4X3-1/2X5/16,structural_section,L4X3X5/16,0.0,0.0,Low,true,Burrville ES - ST__0d910a43b4a0.pdf,,approved,,L4X3X5/16,,2026-09-04T10:30:10.087258+00:00,2026-09-04T12:50:20.380369+00:00
af4cb688-6a05-49c1-b4e8-643ecb688cf7,HSS6X6X3/8,structural_section,HSS6X6X3/8,0.87,0.87,High,true,Burrville ES - ST__0d910a43b4a0.pdf,,approved,,HSS6X6X3/8,,2026-09-04T10:30:10.520692+00:00,2026-09-04T12:50:20.380340+00:00
c9ddb9de-7985-46c6-8e19-eba459e67aac,HSS8X6X3/8,structural_section,HSS8X6X3/8,0.87,0.87,High,true,Burrville ES - ST__0d910a43b4a0.pdf,,approved,,HSS8X6X3/8,,2026-09-04T10:30:10.959775+00:00,2026-09-04T12:50:20.380310+00:00
b6447b56-af8c-4086-b568-4c63dd628a36,HSS6X6X1/2,structural_section,HSS6X6X1/2,0.87,0.87,High,true,Burrville ES - ST__0d910a43b4a0.pdf,,approved,,HSS6X6X1/2,,2026-09-04T10:30:11.626694+00:00,2026-09-04T12:50:20.380277+00:00
d61cff53-76b6-4391-b295-f96e5668a133,"3/4""x18""x18""",unknown,,0.0,0.0,Low,true,Burrville ES - ST__0d910a43b4a0.pdf,,rejected,,,,2026-09-04T10:30:13.694680+00:00,2026-09-04T12:50:33.708808+00:00
5e19a03e-1fd7-4ec7-b509-511ae8931eb0,HSS10X0.625,structural_section,W10X54,0.0,0.0,Low,true,Burrville ES - ST__0d910a43b4a0.pdf,,approved,,W10X54,,2026-09-04T10:30:14.546618+00:00,2026-09-04T12:50:20.380236+00:00
5d2bae73-2f47-4dcc-a2b6-44d3bedff2b4,HSS10X0.500,structural_section,HSS10.000X0.500,0.14286582171916962,0.1429,Low,true,Burrville ES - ST__0d910a43b4a0.pdf,,approved,,HSS10.000X0.500,,2026-09-04T10:30:14.971166+00:00,2026-09-04T12:50:20.380197+00:00
ec34bd2d-84d0-4156-84e9-3354acdab29b,W8X40,structural_section,W8X40,0.87,0.87,High,true,Burrville ES - ST__0d910a43b4a0.pdf,,approved,,W8X40,,2026-09-04T10:30:15.874298+00:00,2026-09-04T12:50:20.380150+00:00
d3b9fa84-c3ff-4136-ac99-01b6c4c71a8c,"5/8"")-H(-1'",unknown,,0.0,0.0,Low,true,Burrville ES - ST__0d910a43b4a0.pdf,,rejected,,,,2026-09-04T10:30:16.171515+00:00,2026-09-04T12:50:33.708778+00:00
99b56d0f-b0e6-47b5-8817-95618705b135,"3/4""x16""x16""",unknown,,0.0,0.0,Low,true,Burrville ES - ST__0d910a43b4a0.pdf,,rejected,,,,2026-09-04T10:30:16.468209+00:00,2026-09-04T12:50:33.708695+00:00
25299666-0698-45d9-905e-e53aaae612d3,W12X106,structural_section,W12X106,0.72,0.72,Medium,true,Burrville ES - ST__0d910a43b4a0.pdf,,approved,,W12X106,,2026-09-04T10:30:16.776982+00:00,2026-09-04T12:50:20.380022+00:00
bfb54577-5b05-453c-856d-d06a12a4dae2,W12X120,structural_section,W12X120,0.9999979734420776,1.0,High,true,Burrville ES - ST__0d910a43b4a0.pdf,,approved,,W12X120,,2026-09-04T10:30:17.025884+00:00,2026-09-04T12:49:56.928711+00:00
f7556790-95cd-48fb-b7c1-623345cdcb71,W14X61,structural_section,W14X61,0.72,0.72,Medium,true,Burrville ES - ST__0d910a43b4a0.pdf,,approved,,W14X61,,2026-09-04T10:30:17.292079+00:00,2026-09-04T12:49:56.928670+00:00
4b7cd8c1-70ff-49b3-a793-bffefc30a11c,W14X68,structural_section,W14X68,0.72,0.72,Medium,true,Burrville ES - ST__0d910a43b4a0.pdf,,approved,,W14X68,,2026-09-04T10:30:17.587663+00:00,2026-09-04T12:49:56.928624+00:00
7dd7cd3a-8445-447f-99dd-afc54a5dc365,W14X82,structural_section,W14X82,0.72,0.72,Medium,true,Burrville ES - ST__0d910a43b4a0.pdf,,approved,,W14X82,,2026-09-04T10:30:17.860222+00:00,2026-09-04T12:49:56.928576+00:00
e451e3ab-9d0c-4b9a-b7f4-27edaceaa039,W14X90,structural_section,W14X90,0.9999982118606567,1.0,High,true,Burrville ES - ST__0d910a43b4a0.pdf,,approved,,W14X90,,2026-09-04T10:30:18.153740+00:00,2026-09-04T12:49:56.928535+00:00
111678ff-b340-434d-9b92-20982fe825c3,W14X132,structural_section,W14X132,0.9999995231628418,1.0,High,true,Burrville ES - ST__0d910a43b4a0.pdf,,approved,,W14X132,,2026-09-04T10:30:18.423704+00:00,2026-09-04T12:49:56.928494+00:00
9d60509f-547a-47b3-8d81-e93a1022c2bb,W14X145,structural_section,W14X145,0.72,0.72,Medium,true,Burrville ES - ST__0d910a43b4a0.pdf,,approved,,W14X145,,2026-09-04T10:30:18.672150+00:00,2026-09-04T12:49:56.928452+00:00
e2a9c0de-430f-496d-9d82-8ff17d2ca32f,W14X198,structural_section,W14X68,0.0,0.0,Low,true,Burrville ES - ST__0d910a43b4a0.pdf,,approved,,W14X68,,2026-09-04T10:30:18.924524+00:00,2026-09-04T12:49:56.928410+00:00
7c16f8a1-1159-4a00-8bee-6a169958260d,W12X16,structural_section,W12X16,0.9992489218711853,0.9992,High,true,Burrville ES - ST__0d910a43b4a0.pdf,,approved,,W12X16,,2026-09-04T10:30:19.225187+00:00,2026-09-04T12:49:56.928368+00:00
61238a56-6e4f-44d1-8b24-af7449c501ae,W16X26,structural_section,W16X26,0.6549679636955261,0.655,Medium,true,Burrville ES - ST__0d910a43b4a0.pdf,,approved,,W16X26,,2026-09-04T10:30:19.485322+00:00,2026-09-04T12:49:56.928324+00:00
aca80811-5bb6-4069-bc2f-ea8661c6281a,HSS10X8X3/8,structural_section,HSS10X8X3/8,0.6875625,0.6876,Medium,true,Burrville ES - ST__0d910a43b4a0.pdf,,approved,,HSS10X8X3/8,,2026-09-04T10:30:19.703934+00:00,2026-09-04T12:49:56.928271+00:00
3b34bd9b-a9c8-4469-b337-f41ba6797396,W16X31,structural_section,W16X31,0.9006883502006531,0.9007,High,true,Burrville ES - ST__0d910a43b4a0.pdf,,approved,,W16X31,,2026-09-04T10:30:19.935227+00:00,2026-09-04T12:49:56.928221+00:00
a9517000-043e-41b7-98ac-30631f0add35,W18X40,structural_section,W18X40,0.5915972907335338,0.5916,Medium,true,Burrville ES - ST__0d910a43b4a0.pdf,,approved,,W18X40,,2026-09-04T10:30:20.324141+00:00,2026-09-04T12:49:56.928161+00:00
dc2c2213-ae1f-43be-a7ce-2991404ead62,W14X22,structural_section,W14X22,0.7608242034912109,0.7608,Medium,true,Burrville ES - ST__0d910a43b4a0.pdf,,approved,,W14X22,,2026-09-04T10:30:20.670579+00:00,2026-09-04T12:49:56.928071+00:00
9d2b5dc0-c67d-460e-99a7-fd2f2173f624,W12X22,structural_section,W12X22,0.7040375,0.704,Medium,true,Burrville ES - ST__0d910a43b4a0.pdf,,approved,,W12X22,,2026-09-04T10:30:21.012321+00:00,2026-09-04T12:49:56.928024+00:00
48c0f0e6-18be-4cfc-ad29-f452d975f322,W10X30,structural_section,W10X30,0.7136957791372546,0.7137,Medium,true,Burrville ES - ST__0d910a43b4a0.pdf,,approved,,W10X30,,2026-09-04T10:30:21.396391+00:00,2026-09-04T12:49:56.927977+00:00
b176f77a-7698-4390-a811-a6a3cdad00ff,W10X15,structural_section,W10X15,0.7371875,0.7372,Medium,true,Burrville ES - ST__0d910a43b4a0.pdf,,approved,,W10X15,,2026-09-04T10:30:21.640209+00:00,2026-09-04T12:49:56.927925+00:00
a2d51be1-4f04-446a-b5a9-9ef4148c44c4,W12X40,structural_section,W12X40,0.9988221526145935,0.9988,High,true,Burrville ES - ST__0d910a43b4a0.pdf,,approved,,W12X40,,2026-09-04T10:30:22.029736+00:00,2026-09-04T12:49:56.927878+00:00
f93165f3-6feb-4d8f-ac32-48661b680473,HSS14X6X1/2,structural_section,HSS14X6X1/2,0.7480406790675811,0.748,Medium,true,Burrville ES - ST__0d910a43b4a0.pdf,,approved,,HSS14X6X1/2,,2026-09-04T10:30:22.321208+00:00,2026-09-04T12:49:56.927805+00:00
0a6cbdef-51c8-40ca-865d-6943dfd53fb8,W10X33,structural_section,W10X33,0.8316125,0.8316,High,true,Burrville ES - ST__0d910a43b4a0.pdf,,approved,,W10X33,,2026-09-04T10:30:24.417050+00:00,2026-09-04T12:49:56.927757+00:00
27eb1d5b-4b11-4fcb-a57e-25a2ab24cef5,W10X45,structural_section,W10X45,0.9967387318611145,0.9967,High,true,Burrville ES - ST__0d910a43b4a0.pdf,,approved,,W10X45,,2026-09-04T10:30:25.087677+00:00,2026-09-04T12:49:56.927704+00:00
708e1ffc-41cb-40d2-825c-daecd9b5534a,W10X54,structural_section,W10X54,0.9997162222862244,0.9997,High,true,Burrville ES - ST__0d910a43b4a0.pdf,,approved,,W10X54,,2026-09-04T10:30:26.403120+00:00,2026-09-04T12:49:56.927647+00:00
485b3491-8bb0-4426-a985-da77bd368a91,W10X49,structural_section,W10X49,0.8295125000000007,0.8295,High,true,Burrville ES - ST__0d910a43b4a0.pdf,,approved,,W10X49,,2026-09-04T10:30:26.685891+00:00,2026-09-04T12:49:56.927575+00:00
a83fb7bd-6da5-42b9-a72b-245400fbe2c0,W10X39,structural_section,W10X39,0.8337125000000003,0.8337,High,true,Burrville ES - ST__0d910a43b4a0.pdf,,approved,,W10X39,,2026-09-04T10:30:27.459055+00:00,2026-09-04T12:49:56.927436+00:00
3080a2d8-ea50-43f5-b534-33898873538f,W10X60,structural_section,W10X60,0.8346125000000001,0.8346,High,true,Burrville ES - ST__0d910a43b4a0.pdf,,approved,,W10X60,,2026-09-04T10:30:28.024894+00:00,2026-09-04T12:49:56.925266+00:00
a11cf254-9379-4221-b233-45a607369529,HSS8X8X1/2,structural_section,HSS8X8X1/2,0.87,0.87,High,true,drawing.pdf,,approved,,HSS8X8X1/2,,2026-09-04T13:47:30.079133+00:00,2026-09-04T14:05:12.669156+00:00
595b88b9-955a-4384-b31b-c7ef394b1354,HSS10X8X3/8,structural_section,HSS10X8X3/8,0.87,0.87,High,true,Burrville ES - ST__0d910a43b4a0.pdf,,approved,,HSS10X8X3/8,,2026-09-04T14:02:08.188408+00:00,2026-09-04T14:05:12.669108+00:00
0579cbec-b45b-469c-a86b-e502a46771dd,W12X16,structural_section,W12X16,0.87,0.87,High,true,Burrville ES - ST__0d910a43b4a0.pdf,,approved,,W12X16,,2026-09-04T14:02:08.562952+00:00,2026-09-04T14:05:12.669060+00:00
55d6831a-2435-4848-b6b1-9f2a6fbd4af9,W18X40,structural_section,W18X40,0.87,0.87,High,true,Burrville ES - ST__0d910a43b4a0.pdf,,approved,,W18X40,,2026-09-04T14:02:09.000660+00:00,2026-09-04T14:05:12.669008+00:00
05970cc0-5235-44c4-842d-a4aed14258f0,W16X26,structural_section,W16X26,0.87,0.87,High,true,Burrville ES - ST__0d910a43b4a0.pdf,,approved,,W16X26,,2026-09-04T14:02:09.443139+00:00,2026-09-04T14:05:12.668943+00:00
8b16e214-8cdf-477a-abcd-1efecfef7e53,W18X50,structural_section,W18X50,0.87,0.87,High,true,Burrville ES - ST__0d910a43b4a0.pdf,,approved,,W18X50,,2026-09-04T14:02:09.681297+00:00,2026-09-04T14:05:12.668750+00:00
16744abc-a303-4562-a307-890379ac9574,W21X50,structural_section,W21X50,0.87,0.87,High,true,Burrville ES - ST__0d910a43b4a0.pdf,,approved,,W21X50,,2026-09-04T14:02:10.782238+00:00,2026-09-04T14:05:00.530827+00:00
40512a67-9810-40b4-8846-ace3c066b1de,W10X19,structural_section,W10X19,0.87,0.87,High,true,Burrville ES - ST__0d910a43b4a0.pdf,,approved,,W10X19,,2026-09-04T14:02:11.571873+00:00,2026-09-04T14:05:00.530772+00:00
6a15d480-658a-465b-a085-43506bd89d99,W10X15,structural_section,W10X15,0.87,0.87,High,true,Burrville ES - ST__0d910a43b4a0.pdf,,approved,,W10X15,,2026-09-04T14:02:11.974828+00:00,2026-09-04T14:05:00.530716+00:00
213a9abc-859f-4bcf-b4ec-cb62134ef353,W12X26,structural_section,W12X26,0.87,0.87,High,true,Burrville ES - ST__0d910a43b4a0.pdf,,approved,,W12X26,,2026-09-04T14:02:13.343816+00:00,2026-09-04T14:05:00.530658+00:00
2714ff06-890c-4e79-8eba-4d3a148f26f2,HSS10X6X3/8,structural_section,HSS10X6X3/8,0.87,0.87,High,true,Burrville ES - ST__0d910a43b4a0.pdf,,approved,,HSS10X6X3/8,,2026-09-04T14:02:13.838681+00:00,2026-09-04T14:05:00.530598+00:00
1d30e3fa-2da0-4555-92e0-0352264c965b,HSS12X6X3/8,structural_section,HSS12X6X3/8,0.87,0.87,High,true,Burrville ES - ST__0d910a43b4a0.pdf,,approved,,HSS12X6X3/8,,2026-09-04T14:02:15.042438+00:00,2026-09-04T14:05:00.530538+00:00
fcbaf38c-1fab-4103-8c35-52d324939bf4,W10X22,structural_section,W10X22,0.87,0.87,High,true,Burrville ES - ST__0d910a43b4a0.pdf,,approved,,W10X22,,2026-09-04T14:02:15.907224+00:00,2026-09-04T14:05:00.530482+00:00
c437d2a4-9108-4f08-890f-f4259ac0e6d2,W10X30,structural_section,W10X30,0.87,0.87,High,true,Burrville ES - ST__0d910a43b4a0.pdf,,approved,,W10X30,,2026-09-04T14:02:17.045084+00:00,2026-09-04T14:05:00.530425+00:00
d8dc30d8-3534-4e00-9dd1-91c9e7b9bfb4,HSS20X8X5/8,structural_section,HSS20X8X5/8,0.87,0.87,High,true,Burrville ES - ST__0d910a43b4a0.pdf,,approved,,HSS20X8X5/8,,2026-09-04T14:02:19.592385+00:00,2026-09-04T14:05:00.530366+00:00
df4f19ca-70c7-40ec-8f7c-8b678a7d4e98,W8x31,structural_section,W8X31,0.87,0.87,High,true,Burrville ES - ST__0d910a43b4a0.pdf,,approved,,W8X31,,2026-09-04T14:02:20.029302+00:00,2026-09-04T14:05:00.530305+00:00
8fcda11f-72c1-4423-90a1-922e0e219d0e,W14X26,structural_section,W14X26,0.87,0.87,High,true,Burrville ES - ST__0d910a43b4a0.pdf,,approved,,W14X26,,2026-09-04T14:02:21.633542+00:00,2026-09-04T14:05:00.530244+00:00
0bcd35d7-6fb5-44c5-accc-f74ed1d6ad70,HSS14X6X5/8,structural_section,HSS14X6X5/8,0.87,0.87,High,true,Burrville ES - ST__0d910a43b4a0.pdf,,approved,,HSS14X6X5/8,,2026-09-04T14:02:23.710830+00:00,2026-09-04T14:05:00.530186+00:00
d0020f4d-1dae-4dad-82f5-ecff89666e59,W10X112,structural_section,W10X112,0.87,0.87,High,true,Burrville ES - ST__0d910a43b4a0.pdf,,approved,,W10X112,,2026-09-04T14:02:24.841327+00:00,2026-09-04T14:05:00.530128+00:00
2dbdad33-3f55-450c-a880-d9f390087dd0,W12X252,structural_section,W12X252,0.87,0.87,High,true,Burrville ES - ST__0d910a43b4a0.pdf,,approved,,W12X252,,2026-09-04T14:02:25.146262+00:00,2026-09-04T14:05:00.530068+00:00
5b51b2ee-fdc3-47c4-b423-4facda81b7ab,"L4X4X3/8X0'-8""",structural_section,L4X4X3/8,0.87,0.87,High,true,Burrville ES - ST__0d910a43b4a0.pdf,,approved,,L4X4X3/8,,2026-09-04T14:02:25.425451+00:00,2026-09-04T14:05:00.530007+00:00
0c159f68-50ac-4ed1-8178-167119f38efc,"L3x3x1/4x0'-3"",",structural_section,L3X3X1/4,0.87,0.87,High,true,Burrville ES - ST__0d910a43b4a0.pdf,,approved,,L3X3X1/4,,2026-09-04T14:02:25.760579+00:00,2026-09-04T14:05:00.529920+00:00
af494d8b-e8f3-417a-8e32-276ecc26f954,A325,structural_section,W14X132,0.0,0.0,Low,true,Burrville ES - ST__0d910a43b4a0.pdf,,approved,,W14X132,,2026-09-04T14:02:26.073958+00:00,2026-09-04T14:05:00.529860+00:00
bc6d469d-0ffc-4371-8cc8-581535a1bcf4,"L4X3X3/8X0'-6""",structural_section,L4X3X3/8,0.87,0.87,High,true,Burrville ES - ST__0d910a43b4a0.pdf,,approved,,L4X3X3/8,,2026-09-04T14:02:26.414632+00:00,2026-09-04T14:05:00.529800+00:00
9122de79-f4e1-412a-8cf7-997a113a73c6,L6x3-1/2x3/8,structural_section,L3X3X3/8,0.0,0.0,Low,true,Burrville ES - ST__0d910a43b4a0.pdf,,approved,,L3X3X3/8,,2026-09-04T14:02:26.705335+00:00,2026-09-04T14:05:00.529739+00:00
2c21c06b-7c7e-4285-824a-29c77ab66aad,"L3X3X3/8X0'-10""",structural_section,L3X3X3/8,0.87,0.87,High,true,Burrville ES - ST__0d910a43b4a0.pdf,,approved,,L3X3X3/8,,2026-09-04T14:02:26.999652+00:00,2026-09-04T14:05:00.529673+00:00
3f4259ed-cfde-4c16-a099-6585b9031a54,L4X3-1/2X5/16,structural_section,L4X3X5/16,0.0,0.0,Low,true,Burrville ES - ST__0d910a43b4a0.pdf,,approved,,L4X3X5/16,,2026-09-04T14:02:27.339996+00:00,2026-09-04T14:05:00.529604+00:00
7121b392-4da2-4d2b-a1e4-f9d57aee6e5f,HSS6X6X3/8,structural_section,HSS6X6X3/8,0.87,0.87,High,true,Burrville ES - ST__0d910a43b4a0.pdf,,approved,,HSS6X6X3/8,,2026-09-04T14:02:27.705345+00:00,2026-09-04T14:05:00.529524+00:00
be95ed08-2c11-4b29-b973-19f79acd7ac7,HSS8X6X3/8,structural_section,HSS8X6X3/8,0.87,0.87,High,true,Burrville ES - ST__0d910a43b4a0.pdf,,approved,,HSS8X6X3/8,,2026-09-04T14:02:28.432660+00:00,2026-09-04T14:05:00.529237+00:00
250052ea-6380-40f5-8281-5fb9c8b26a91,HSS6X6X1/2,structural_section,HSS6X6X1/2,0.87,0.87,High,true,Burrville ES - ST__0d910a43b4a0.pdf,,approved,,HSS6X6X1/2,,2026-09-04T14:02:29.239203+00:00,2026-09-04T14:05:00.529118+00:00
31179065-926c-4a1e-9421-0dbdfee9322c,W10X45,structural_section,W10X45,0.87,0.87,High,true,Burrville ES - ST__0d910a43b4a0.pdf,,approved,,W10X45,,2026-09-04T14:02:31.332978+00:00,2026-09-04T14:05:00.528031+00:00
b8fa6fc6-0cfb-4658-8c7b-0032af54b24a,HSS10X0.625,structural_section,W10X54,0.0,0.0,Low,true,Burrville ES - ST__0d910a43b4a0.pdf,,approved,,W10X54,,2026-09-04T14:02:31.810452+00:00,2026-09-04T14:04:44.971968+00:00
fc7df5c4-b875-4f55-b793-3f8a358e9515,W10X49,structural_section,W10X49,0.87,0.87,High,true,Burrville ES - ST__0d910a43b4a0.pdf,,approved,,W10X49,,2026-09-04T14:02:32.208791+00:00,2026-09-04T14:04:44.971920+00:00
88630f17-a24e-43d7-9348-5d82f5ea63e0,HSS10X0.500,structural_section,HSS10.000X0.500,0.0,0.0,Low,true,Burrville ES - ST__0d910a43b4a0.pdf,,approved,,HSS10.000X0.500,,2026-09-04T14:02:32.850935+00:00,2026-09-04T14:04:44.971870+00:00
3547cb51-917a-4eb8-b04d-af3aded65192,W8X40,structural_section,W8X40,0.87,0.87,High,true,Burrville ES - ST__0d910a43b4a0.pdf,,approved,,W8X40,,2026-09-04T14:02:33.541157+00:00,2026-09-04T14:04:44.971823+00:00
a40fbd09-4e83-4f65-ab3d-50961b701684,W12X106,structural_section,W12X106,0.72,0.72,Medium,true,Burrville ES - ST__0d910a43b4a0.pdf,,approved,,W12X106,,2026-09-04T14:02:34.046265+00:00,2026-09-04T14:04:44.971780+00:00
4dc8dba4-56de-4111-afad-17aeda31759e,W12X120,structural_section,W12X120,0.72,0.72,Medium,true,Burrville ES - ST__0d910a43b4a0.pdf,,approved,,W12X120,,2026-09-04T14:02:34.426486+00:00,2026-09-04T14:04:44.971731+00:00
b88c740f-f75f-4f42-8b4a-9ead97404b92,W14X61,structural_section,W14X61,0.72,0.72,Medium,true,Burrville ES - ST__0d910a43b4a0.pdf,,approved,,W14X61,,2026-09-04T14:02:34.792353+00:00,2026-09-04T14:04:44.971682+00:00
358b6a04-55fe-46d7-ab55-2f7f920ccf36,W14X68,structural_section,W14X68,0.72,0.72,Medium,true,Burrville ES - ST__0d910a43b4a0.pdf,,approved,,W14X68,,2026-09-04T14:02:35.099174+00:00,2026-09-04T14:04:44.971635+00:00
8faeab16-29bf-4c19-a51c-b8e1c3e10df0,W14X82,structural_section,W14X82,0.72,0.72,Medium,true,Burrville ES - ST__0d910a43b4a0.pdf,,approved,,W14X82,,2026-09-04T14:02:35.375803+00:00,2026-09-04T14:04:44.971588+00:00
dda93566-9a50-483c-b005-18673171d2f5,W14X90,structural_section,W14X90,0.72,0.72,Medium,true,Burrville ES - ST__0d910a43b4a0.pdf,,approved,,W14X90,,2026-09-04T14:02:35.675031+00:00,2026-09-04T14:04:44.971541+00:00
85dbab38-e232-46e5-a859-48a3032a5e33,W14X132,structural_section,W14X132,0.9996663331985474,0.9997,High,true,Burrville ES - ST__0d910a43b4a0.pdf,,approved,,W14X132,,2026-09-04T14:02:35.933515+00:00,2026-09-04T14:04:44.971497+00:00
a451a504-0feb-4b61-848c-71be52471b4d,W14X145,structural_section,W14X145,0.9462385177612305,0.9462,High,true,Burrville ES - ST__0d910a43b4a0.pdf,,approved,,W14X145,,2026-09-04T14:02:36.166025+00:00,2026-09-04T14:04:44.971452+00:00
b7a9ebaa-c964-4a09-a7bb-7c3d016581d0,W14X198,structural_section,W14X68,0.0,0.0,Low,true,Burrville ES - ST__0d910a43b4a0.pdf,,approved,,W14X68,,2026-09-04T14:02:36.445600+00:00,2026-09-04T14:04:44.971405+00:00
254dd21f-a591-4029-9886-6af701f5e469,W18X35,structural_section,W18X35,0.76215,0.7621,Medium,true,Burrville ES - ST__0d910a43b4a0.pdf,,approved,,W18X35,,2026-09-04T14:02:36.838351+00:00,2026-09-04T14:04:44.971357+00:00
2a52a681-a85b-4139-a196-d1dc2bc8aa11,W16X31,structural_section,W16X31,0.9897292852401733,0.9897,High,true,Burrville ES - ST__0d910a43b4a0.pdf,,approved,,W16X31,,2026-09-04T14:02:37.375385+00:00,2026-09-04T14:04:44.971309+00:00
e39b8ec4-b352-44d2-9a6b-f797cbfa75d9,W14X22,structural_section,W14X22,0.5723342299461365,0.5723,Medium,true,Burrville ES - ST__0d910a43b4a0.pdf,,approved,,W14X22,,2026-09-04T14:02:37.980803+00:00,2026-09-04T14:04:44.971260+00:00
12db8587-03c4-4cb0-adc4-0da9f3978f9f,W12X22,structural_section,W12X22,0.7040375,0.704,Medium,true,Burrville ES - ST__0d910a43b4a0.pdf,,approved,,W12X22,,2026-09-04T14:02:38.392649+00:00,2026-09-04T14:04:44.971213+00:00
b4b8f18a-c276-45b4-81b5-76e62fd37084,W21X44,structural_section,W21X44,0.9981873631477356,0.9982,High,true,Burrville ES - ST__0d910a43b4a0.pdf,,approved,,W21X44,,2026-09-04T14:02:38.964096+00:00,2026-09-04T14:04:44.971166+00:00
16b6b03b-a466-4fc7-a35b-8853ba5f6ae5,W12X40,structural_section,W12X40,0.697525,0.6975,Medium,true,Burrville ES - ST__0d910a43b4a0.pdf,,approved,,W12X40,,2026-09-04T14:02:39.292552+00:00,2026-09-04T14:04:44.971117+00:00
65b8bd7f-70ca-4f95-9641-239dba0be0f6,HSS14X6X1/2,structural_section,HSS14X6X1/2,0.7480406790675811,0.748,Medium,true,Burrville ES - ST__0d910a43b4a0.pdf,,approved,,HSS14X6X1/2,,2026-09-04T14:02:39.641220+00:00,2026-09-04T14:04:44.971064+00:00
14cb0376-16fa-4d02-9b10-3e455fb2487e,L4X4X3/8,structural_section,L4X4X3/8,0.55,0.55,Medium,true,Burrville ES - ST__0d910a43b4a0.pdf,,approved,,L4X4X3/8,,2026-09-04T14:02:40.663607+00:00,2026-09-04T14:04:44.971006+00:00
3cf5d675-7ef7-4b9d-bdec-f8d2c9b76dd0,W10X33,structural_section,W10X33,0.8316125,0.8316,High,true,Burrville ES - ST__0d910a43b4a0.pdf,,approved,,W10X33,,2026-09-04T14:02:41.938742+00:00,2026-09-04T14:04:44.970953+00:00
c3dd043a-8e96-4eee-9aa7-efc274fdd0ee,W10X54,structural_section,W10X54,0.8322124999999999,0.8322,High,true,Burrville ES - ST__0d910a43b4a0.pdf,,approved,,W10X54,,2026-09-04T14:02:43.773316+00:00,2026-09-04T14:04:44.970892+00:00
d975a77e-1833-4e37-9031-5df359d7a79e,W10X39,structural_section,W10X39,0.8337125000000003,0.8337,High,true,Burrville ES - ST__0d910a43b4a0.pdf,,approved,,W10X39,,2026-09-04T14:02:44.856941+00:00,2026-09-04T14:04:44.970802+00:00
166d40e7-2e5c-4b85-94cf-5c89b3834253,W10X60,structural_section,W10X60,0.8346125000000001,0.8346,High,true,Burrville ES - ST__0d910a43b4a0.pdf,,approved,,W10X60,,2026-09-04T14:02:45.550156+00:00,2026-09-04T14:04:44.970515+00:00
f36d4250-535c-4262-a99c-a16684c57229,W10X24,structural_section,W10X12,0.0,0.0,Low,true,Structure - Copy__9414716bffc6.pdf,,rejected,,,,2026-09-07T06:25:48.537793+00:00,2026-09-07T06:29:17.604163+00:00
eb17c70b-33aa-4b78-bb02-3a1c74d5199d,L3x2x3/16,structural_section,L3X2X3/16,0.87,0.87,High,true,Structure - Copy__9414716bffc6.pdf,,approved,,L3X2X3/16,,2026-09-07T06:25:48.753702+00:00,2026-09-07T06:29:26.009997+00:00
2c5192e2-40d4-4df7-a7f0-a395f72ef07c,L6x4x3/8,structural_section,L6X4X3/8,0.87,0.87,High,true,Structure - Copy__9414716bffc6.pdf,,approved,,L6X4X3/8,,2026-09-07T06:25:48.927226+00:00,2026-09-07T06:29:26.009969+00:00
7f0b17e7-f6ae-4d00-ac4d-dffd1c661516,W10X15,structural_section,W10X15,0.87,0.87,High,true,Structure - Copy__9414716bffc6.pdf,,approved,,W10X15,,2026-09-07T06:25:49.132571+00:00,2026-09-07T06:29:26.009942+00:00
1a0e92f8-8f02-41de-ac3a-c6b7b9b97922,W18X40,structural_section,W18X40,0.87,0.87,High,true,Structure - Copy__9414716bffc6.pdf,,approved,,W18X40,,2026-09-07T06:25:49.320878+00:00,2026-09-07T06:29:26.009889+00:00
59746f09-b103-4e71-99d9-89ebb9a0a1c6,W10X33,structural_section,W10X33,0.87,0.87,High,true,Structure - Copy__9414716bffc6.pdf,,approved,,W10X33,,2026-09-07T06:25:50.305231+00:00,2026-09-07T06:29:26.009834+00:00
a87930b5-9f4b-4da2-a69c-6048046793b0,W30X108,structural_section,W30X108,0.87,0.87,High,true,Structure - Copy__9414716bffc6.pdf,,approved,,W30X108,,2026-09-07T06:25:50.944392+00:00,2026-09-07T06:29:26.009809+00:00
d1d654ee-4dfb-4655-bf00-35f871ba2521,HSS14X10X1/4,structural_section,HSS14X10X1/4,0.87,0.87,High,true,Structure - Copy__9414716bffc6.pdf,,approved,,HSS14X10X1/4,,2026-09-07T06:25:51.355734+00:00,2026-09-07T06:29:26.009782+00:00
6426c539-5322-4d2e-8606-6009e919206e,L8X6X1/2,structural_section,L8X6X1/2,0.998880922794342,0.9989,High,true,Structure - Copy__9414716bffc6.pdf,,approved,,L8X6X1/2,,2026-09-07T06:25:51.793542+00:00,2026-09-07T06:29:26.009755+00:00
e1b4c7f0-0d06-4336-9256-520c826e207f,L6X6X3/8,structural_section,L6X6X3/8,0.72,0.72,Medium,true,Structure - Copy__9414716bffc6.pdf,,approved,,L6X6X3/8,,2026-09-07T06:25:51.960074+00:00,2026-09-07T06:29:26.009728+00:00
8dc8dbf9-af4c-4af0-97f1-0b33b1b84acb,L5X3,structural_section,L5X3X1/2,0.0,0.0,Low,true,Structure - Copy__9414716bffc6.pdf,,approved,,L5X3X1/2,,2026-09-07T06:25:52.156239+00:00,2026-09-07T06:29:26.009673+00:00
f374a3a2-c245-468e-a9ae-0b863a7c579f,W10X22,structural_section,W10X22,0.72,0.72,Medium,true,Structure - Copy__9414716bffc6.pdf,,approved,,W10X22,,2026-09-07T06:25:52.357595+00:00,2026-09-07T06:29:26.009644+00:00
fb59d682-7dc8-4d41-b5b5-8e62110c7bd3,L5X3X5/16,structural_section,L5X3X5/16,0.72,0.72,Medium,true,Structure - Copy__9414716bffc6.pdf,,approved,,L5X3X5/16,,2026-09-07T06:25:52.556164+00:00,2026-09-07T06:29:26.009608+00:00
bf080a7d-d1b3-4bdf-80d9-0ea85d0a6fdd,W8X15,structural_section,W8X15,0.55,0.55,Medium,true,Structure - Copy__9414716bffc6.pdf,,approved,,W8X15,,2026-09-07T06:25:52.760936+00:00,2026-09-07T06:29:26.009580+00:00
d52fbae4-ebed-440c-b9b9-d750074b38f4,W21X44,structural_section,W21X44,0.844575,0.8446,High,true,Structure - Copy__9414716bffc6.pdf,,approved,,W21X44,,2026-09-07T06:25:53.001991+00:00,2026-09-07T06:29:26.009523+00:00
8351f9c4-336b-4392-acee-be44bd3432e3,W14X22,structural_section,W14X22,0.6442416310310364,0.6442,Medium,true,Structure - Copy__9414716bffc6.pdf,,approved,,W14X22,,2026-09-07T06:25:53.248451+00:00,2026-09-07T06:29:26.009495+00:00
f8d46d02-2c71-490d-9697-f44135c97639,W18X35,structural_section,W18X35,0.9336609840393066,0.9337,High,true,Structure - Copy__9414716bffc6.pdf,,approved,,W18X35,,2026-09-07T06:25:53.833684+00:00,2026-09-07T06:29:26.009447+00:00
384620b4-0542-474e-a937-149a20d874a1,W21X55,structural_section,W21X55,0.8248249999999998,0.8248,High,true,Structure - Copy__9414716bffc6.pdf,,approved,,W21X55,,2026-09-07T06:25:54.022219+00:00,2026-09-07T06:29:26.009417+00:00
4a509149-2563-4efb-88dc-6208fb1c104c,W16X31,structural_section,W16X31,0.55,0.55,Medium,true,Structure - Copy__9414716bffc6.pdf,,approved,,W16X31,,2026-09-07T06:25:54.320749+00:00,2026-09-07T06:29:26.009380+00:00
c678b5ee-4011-40f8-a4ef-b01bd7deea23,W16X26,structural_section,W16X26,0.6043178918169865,0.6043,Medium,true,Structure - Copy__9414716bffc6.pdf,,approved,,W16X26,,2026-09-07T06:25:54.609217+00:00,2026-09-07T06:29:26.009304+00:00
475f3ffc-a915-48e4-9305-eca1aba51e6b,W24X68,structural_section,W24X68,0.825425,0.8254,High,true,Structure - Copy__9414716bffc6.pdf,,approved,,W24X68,,2026-09-07T06:25:55.221336+00:00,2026-09-07T06:29:26.006938+00:00
056fa0e4-73e4-4938-b23a-15c48686b937,W12X16,structural_section,W12X16,0.87,0.87,High,true,Burrville ES - ST__0d910a43b4a0.pdf,,approved,,W12X16,,2026-09-07T07:15:54.706417+00:00,2026-09-07T07:19:27.671919+00:00
b11bf61f-4ff5-4eee-9ab1-c000f705aaff,HSS10X8X3/8,structural_section,HSS10X8X3/8,0.87,0.87,High,true,Burrville ES - ST__0d910a43b4a0.pdf,,approved,,HSS10X8X3/8,,2026-09-07T07:15:55.067182+00:00,2026-09-07T07:19:27.677168+00:00
c6ca15a5-773b-4e93-8466-d6c85f142b2e,W18X50,structural_section,W18X50,0.87,0.87,High,true,Burrville ES - ST__0d910a43b4a0.pdf,,approved,,W18X50,,2026-09-07T07:15:56.156704+00:00,2026-09-07T07:19:27.686127+00:00
0494bf6b-0a12-41a6-b032-2fa08fde3951,W21X44,structural_section,W21X44,0.87,0.87,High,true,Burrville ES - ST__0d910a43b4a0.pdf,,approved,,W21X44,,2026-09-07T07:15:57.118431+00:00,2026-09-07T07:19:17.589124+00:00
f192e8bf-6633-4adc-9ae4-f1d9e1c79e88,W21X50,structural_section,W21X50,0.87,0.87,High,true,Burrville ES - ST__0d910a43b4a0.pdf,,approved,,W21X50,,2026-09-07T07:15:57.573497+00:00,2026-09-07T07:19:17.589078+00:00
16fe8260-f043-4b09-80bc-b5b222798406,W10X19,structural_section,W10X19,0.87,0.87,High,true,Burrville ES - ST__0d910a43b4a0.pdf,,approved,,W10X19,,2026-09-07T07:15:58.093107+00:00,2026-09-07T07:19:17.589032+00:00
d8a559fc-b112-4eb9-9ad4-949f9d8359bd,W10X15,structural_section,W10X15,0.87,0.87,High,true,Burrville ES - ST__0d910a43b4a0.pdf,,approved,,W10X15,,2026-09-07T07:15:58.429148+00:00,2026-09-07T07:19:17.588982+00:00
d374b08b-a8fc-4a4a-8f9c-84ab3facb93e,W12X26,structural_section,W12X26,0.87,0.87,High,true,Burrville ES - ST__0d910a43b4a0.pdf,,approved,,W12X26,,2026-09-07T07:15:59.832188+00:00,2026-09-07T07:19:17.588919+00:00
441f3549-27bb-4010-a5b6-9eab1027934d,W12X19,structural_section,W12X19,0.87,0.87,High,true,Burrville ES - ST__0d910a43b4a0.pdf,,approved,,W12X19,,2026-09-07T07:16:00.840820+00:00,2026-09-07T07:19:17.588704+00:00
3f9ec42e-b9ea-45bc-bb0e-dd324d3a3f74,W10X22,structural_section,W10X22,0.87,0.87,High,true,Burrville ES - ST__0d910a43b4a0.pdf,,approved,,W10X22,,2026-09-07T07:16:02.423384+00:00,2026-09-07T07:19:17.588663+00:00
65818493-eb88-489a-a2f9-b6018750b5ff,W12X30,structural_section,W12X30,0.87,0.87,High,true,Burrville ES - ST__0d910a43b4a0.pdf,,approved,,W12X30,,2026-09-07T07:16:03.890501+00:00,2026-09-07T07:19:17.588622+00:00
4405ba07-72c5-48c8-9acd-5b439e10bd64,W10X30,structural_section,W10X30,0.87,0.87,High,true,Burrville ES - ST__0d910a43b4a0.pdf,,approved,,W10X30,,2026-09-07T07:16:04.185186+00:00,2026-09-07T07:19:17.588578+00:00
029b3c89-a625-498c-9835-f98aa586d333,W21X48,structural_section,W21X48,0.87,0.87,High,true,Burrville ES - ST__0d910a43b4a0.pdf,,approved,,W21X48,,2026-09-07T07:16:06.184236+00:00,2026-09-07T07:19:17.588534+00:00
10820a96-d2eb-4a5b-aecb-f6fa0e280dac,HSS20X8X5/8,structural_section,HSS20X8X5/8,0.87,0.87,High,true,Burrville ES - ST__0d910a43b4a0.pdf,,approved,,HSS20X8X5/8,,2026-09-07T07:16:07.273841+00:00,2026-09-07T07:19:17.588491+00:00
88cb9f3f-9c0e-4153-bda4-1b607993615e,W8x31,structural_section,W8X31,0.87,0.87,High,true,Burrville ES - ST__0d910a43b4a0.pdf,,approved,,W8X31,,2026-09-07T07:16:07.731961+00:00,2026-09-07T07:19:17.588446+00:00
19ba8e62-cdfd-4354-8478-f51ba0586355,W24X84,structural_section,W24X84,0.87,0.87,High,true,Burrville ES - ST__0d910a43b4a0.pdf,,approved,,W24X84,,2026-09-07T07:16:08.373938+00:00,2026-09-07T07:19:17.588402+00:00
c6bfe59b-23ac-4363-896b-15fe93d3c7a8,HSS14X6X5/8,structural_section,HSS14X6X5/8,0.87,0.87,High,true,Burrville ES - ST__0d910a43b4a0.pdf,,approved,,HSS14X6X5/8,,2026-09-07T07:16:11.053231+00:00,2026-09-07T07:19:17.588358+00:00
b775d492-96df-4157-9474-4e18675db34c,W12X252,structural_section,W12X252,0.87,0.87,High,true,Burrville ES - ST__0d910a43b4a0.pdf,,approved,,W12X252,,2026-09-07T07:16:11.800026+00:00,2026-09-07T07:19:17.588314+00:00
8913e91d-92db-4441-87d0-a7b78983ae7a,"L4X4X3/8X0'-8""",structural_section,L4X4X3/8,0.87,0.87,High,true,Burrville ES - ST__0d910a43b4a0.pdf,,approved,,L4X4X3/8,,2026-09-07T07:16:12.072922+00:00,2026-09-07T07:19:17.588270+00:00
c56ca487-8946-48be-a12a-00d930b6ebc5,"L3x3x1/4x0'-3"",",structural_section,L3X3X1/4,0.87,0.87,High,true,Burrville ES - ST__0d910a43b4a0.pdf,,approved,,L3X3X1/4,,2026-09-07T07:16:12.362787+00:00,2026-09-07T07:19:17.588225+00:00
da394b4c-7396-4f1c-8c65-7840f0c02639,A325,structural_section,W14X132,0.0,0.0,Low,true,Burrville ES - ST__0d910a43b4a0.pdf,,rejected,,,,2026-09-07T07:16:12.641907+00:00,2026-09-07T07:19:02.699869+00:00
fd714349-0664-4f69-a6a2-ce6ebf59a870,"L4X3X3/8X0'-6""",structural_section,L4X3X3/8,0.9786497354507446,0.9786,High,true,Burrville ES - ST__0d910a43b4a0.pdf,,approved,,L4X3X3/8,,2026-09-07T07:16:12.916061+00:00,2026-09-07T07:19:17.588176+00:00
a0f2c27b-74f7-4d80-8228-5ba7e1626106,L6x3-1/2x3/8,structural_section,L3X3X3/8,0.0,0.0,Low,true,Burrville ES - ST__0d910a43b4a0.pdf,,rejected,,,,2026-09-07T07:16:13.202184+00:00,2026-09-07T07:19:02.699734+00:00
0186cfce-fdbe-4b70-8bcd-f89ab98b46ce,"L3X3X3/8X0'-10""",structural_section,L3X3X3/8,0.8981041312217712,0.8981,High,true,Burrville ES - ST__0d910a43b4a0.pdf,,approved,,L3X3X3/8,,2026-09-07T07:16:13.487395+00:00,2026-09-07T07:19:17.588131+00:00
6b5fcc12-1406-4c8b-baa0-1d1a925585dc,L4X3-1/2X5/16,structural_section,L4X3X5/16,0.0,0.0,Low,true,Burrville ES - ST__0d910a43b4a0.pdf,,approved,,L4X3X5/16,,2026-09-07T07:16:13.775380+00:00,2026-09-07T07:19:17.588085+00:00
f23b858a-a37e-495b-ac26-c4e2677aef93,HSS6X6X3/8,structural_section,HSS6X6X3/8,0.87,0.87,High,true,Burrville ES - ST__0d910a43b4a0.pdf,,approved,,HSS6X6X3/8,,2026-09-07T07:16:14.054703+00:00,2026-09-07T07:19:17.588038+00:00
a339a01a-af80-4443-8128-c6e8b5979c02,HSS8X6X3/8,structural_section,HSS8X6X3/8,0.87,0.87,High,true,Burrville ES - ST__0d910a43b4a0.pdf,,approved,,HSS8X6X3/8,,2026-09-07T07:16:14.618323+00:00,2026-09-07T07:19:17.587988+00:00
f4108159-a1e8-4c14-aeec-1e4d4d5fcbb5,HSS6X6X1/2,structural_section,HSS6X6X1/2,0.87,0.87,High,true,Burrville ES - ST__0d910a43b4a0.pdf,,approved,,HSS6X6X1/2,,2026-09-07T07:16:15.630113+00:00,2026-09-07T07:19:17.587932+00:00
8fbc5703-fbde-4b32-bcff-541b33026d94,HSS10X0.625,structural_section,W10X54,0.0,0.0,Low,true,Burrville ES - ST__0d910a43b4a0.pdf,,approved,,W10X54,,2026-09-07T07:16:18.152590+00:00,2026-09-07T07:19:17.587858+00:00
4f92fd05-a950-497b-bfd2-49bfc17cb0d4,W10X33,structural_section,W10X33,0.87,0.87,High,true,Burrville ES - ST__0d910a43b4a0.pdf,,approved,,W10X33,,2026-09-07T07:16:18.451523+00:00,2026-09-07T07:19:17.587636+00:00
63c5404c-5557-4fe7-95f1-be497ff8be67,W10X60,structural_section,W10X60,0.87,0.87,High,true,Burrville ES - ST__0d910a43b4a0.pdf,,approved,,W10X60,,2026-09-07T07:16:18.856791+00:00,2026-09-07T07:18:41.147441+00:00
37a6d24f-83ca-4cf3-b799-7c32a7e14186,HSS10X0.500,structural_section,HSS10.000X0.500,0.0,0.0,Low,true,Burrville ES - ST__0d910a43b4a0.pdf,,approved,,HSS10.000X0.500,,2026-09-07T07:16:19.216480+00:00,2026-09-07T07:18:41.147387+00:00
57797d40-5bdd-4430-af38-cadbc0f89ebb,W8X40,structural_section,W8X40,0.87,0.87,High,true,Burrville ES - ST__0d910a43b4a0.pdf,,approved,,W8X40,,2026-09-07T07:16:19.827874+00:00,2026-09-07T07:18:41.147291+00:00
5e50d28f-c158-436b-aba8-011668bb1782,W12X106,structural_section,W12X106,0.72,0.72,Medium,true,Burrville ES - ST__0d910a43b4a0.pdf,,approved,,W12X106,,2026-09-07T07:16:20.224030+00:00,2026-09-07T07:18:41.147245+00:00
b8695b1f-6286-4c37-b2e4-904f68424e78,W12X120,structural_section,W12X120,0.72,0.72,Medium,true,Burrville ES - ST__0d910a43b4a0.pdf,,approved,,W12X120,,2026-09-07T07:16:20.511336+00:00,2026-09-07T07:18:41.147195+00:00
cb915153-77c9-44f5-8258-721d3ff6df9e,W14X61,structural_section,W14X61,0.72,0.72,Medium,true,Burrville ES - ST__0d910a43b4a0.pdf,,approved,,W14X61,,2026-09-07T07:16:20.800263+00:00,2026-09-07T07:18:41.147139+00:00
53bcffd3-edd2-40b7-af71-be734dadf1af,W14X68,structural_section,W14X68,0.72,0.72,Medium,true,Burrville ES - ST__0d910a43b4a0.pdf,,approved,,W14X68,,2026-09-07T07:16:21.106400+00:00,2026-09-07T07:18:41.147066+00:00
b12cf2a4-923d-48c6-8594-a9ef2cf4c125,W14X82,structural_section,W14X82,0.72,0.72,Medium,true,Burrville ES - ST__0d910a43b4a0.pdf,,approved,,W14X82,,2026-09-07T07:16:21.427545+00:00,2026-09-07T07:18:41.146885+00:00
227f0ab4-e78f-47b1-9868-2ea33fed8242,W14X90,structural_section,W14X90,0.72,0.72,Medium,true,Burrville ES - ST__0d910a43b4a0.pdf,,approved,,W14X90,,2026-09-07T07:16:21.724739+00:00,2026-09-07T07:18:41.146837+00:00
66e31e9c-ebe1-42c1-8df7-bfca56e2dfbf,W14X132,structural_section,W14X132,0.72,0.72,Medium,true,Burrville ES - ST__0d910a43b4a0.pdf,,approved,,W14X132,,2026-09-07T07:16:22.062947+00:00,2026-09-07T07:18:41.146763+00:00
d2253776-c952-4464-b835-fce1cdea8a58,W14X145,structural_section,W14X145,0.9966633915901184,0.9967,High,true,Burrville ES - ST__0d910a43b4a0.pdf,,approved,,W14X145,,2026-09-07T07:16:22.357331+00:00,2026-09-07T07:18:41.146706+00:00
389c2172-3bb2-4c70-b321-1a13dc51b5f9,W14X198,structural_section,W14X68,0.0,0.0,Low,true,Burrville ES - ST__0d910a43b4a0.pdf,,approved,,W14X68,,2026-09-07T07:16:22.646180+00:00,2026-09-07T07:18:41.146658+00:00
e16441fc-d491-4409-8abb-5e8a2c79c1c0,W18X35,structural_section,W18X35,0.9809704422950745,0.981,High,true,Burrville ES - ST__0d910a43b4a0.pdf,,approved,,W18X35,,2026-09-07T07:16:22.931911+00:00,2026-09-07T07:18:41.146609+00:00
b4155c59-1005-41c1-a627-3be7f3937058,W16X26,structural_section,W16X26,0.55,0.55,Medium,true,Burrville ES - ST__0d910a43b4a0.pdf,,approved,,W16X26,,2026-09-07T07:16:23.273696+00:00,2026-09-07T07:18:41.146557+00:00
a47c6629-7aea-49fb-9b8d-935f6ebc0c3f,W16X31,structural_section,W16X31,0.9990485310554504,0.999,High,true,Burrville ES - ST__0d910a43b4a0.pdf,,approved,,W16X31,,2026-09-07T07:16:23.779221+00:00,2026-09-07T07:18:41.146476+00:00
fc34821d-2fdc-44aa-8ecb-1c8874a591dc,W18X40,structural_section,W18X40,0.5915972907335338,0.5916,Medium,true,Burrville ES - ST__0d910a43b4a0.pdf,,approved,,W18X40,,2026-09-07T07:16:24.420767+00:00,2026-09-07T07:18:41.146427+00:00
25cd611a-c102-4b59-87ae-be92b8ce9dc4,W14X22,structural_section,W14X22,0.704993486404419,0.705,Medium,true,Burrville ES - ST__0d910a43b4a0.pdf,,approved,,W14X22,,2026-09-07T07:16:24.877806+00:00,2026-09-07T07:18:41.146378+00:00
f8cb912f-aebd-4e9a-996d-2727248e9adb,W12X22,structural_section,W12X22,0.7040375,0.704,Medium,true,Burrville ES - ST__0d910a43b4a0.pdf,,approved,,W12X22,,2026-09-07T07:16:25.319671+00:00,2026-09-07T07:18:41.146327+00:00
05bab433-9e53-4542-9774-af54cfd28501,W12X40,structural_section,W12X40,0.697525,0.6975,Medium,true,Burrville ES - ST__0d910a43b4a0.pdf,,approved,,W12X40,,2026-09-07T07:16:26.012562+00:00,2026-09-07T07:18:41.146276+00:00
db1e6344-15b7-479c-b5e6-8c574c7f24a6,HSS14X6X1/2,structural_section,HSS14X6X1/2,0.7480406790675811,0.748,Medium,true,Burrville ES - ST__0d910a43b4a0.pdf,,approved,,HSS14X6X1/2,,2026-09-07T07:16:26.351531+00:00,2026-09-07T07:18:41.146223+00:00
05127585-b417-432c-a208-49b7833eb5c8,L4X4X3/8,structural_section,L4X4X3/8,0.55,0.55,Medium,true,Burrville ES - ST__0d910a43b4a0.pdf,,approved,,L4X4X3/8,,2026-09-07T07:16:27.423829+00:00,2026-09-07T07:18:41.146159+00:00
2540429e-7f3a-4d53-b285-eae5468c3656,W10X45,structural_section,W10X45,0.8346124999999998,0.8346,High,true,Burrville ES - ST__0d910a43b4a0.pdf,,approved,,W10X45,,2026-09-07T07:16:29.453678+00:00,2026-09-07T07:18:41.146107+00:00
b798037c-3f27-46c4-beb6-e1a35cbca79c,W10X54,structural_section,W10X54,0.8322124999999999,0.8322,High,true,Burrville ES - ST__0d910a43b4a0.pdf,,approved,,W10X54,,2026-09-07T07:16:30.976040+00:00,2026-09-07T07:18:41.146041+00:00
aeb6ccff-c562-49fd-ab3c-27983cf205ed,W10X49,structural_section,W10X49,0.8295125000000007,0.8295,High,true,Burrville ES - ST__0d910a43b4a0.pdf,,approved,,W10X49,,2026-09-07T07:16:31.307816+00:00,2026-09-07T07:18:41.145918+00:00
9aa88d3c-319f-4bcf-b947-c07c30f5d205,W10X39,structural_section,W10X39,0.8337125000000003,0.8337,High,true,Burrville ES - ST__0d910a43b4a0.pdf,,approved,,W10X39,,2026-09-07T07:16:32.855636+00:00,2026-09-07T07:18:41.145085+00:00
b59ef6b1-4457-4103-8670-ec3d98e9aa9e,W8x24(E),structural_section,W8X24,0.87,0.87,High,true,03 - SFSLS_251029_ISSUED FOR BID_2A_STRUCTURAL complied thru add 2__6a9a9684bb19.pdf,,approved,,W8X24,,2026-09-07T08:34:57.098828+00:00,2026-09-07T08:41:19.961622+00:00
89959b55-9072-4834-a04e-011e5de497e2,HSS12X4,structural_section,W16X40,0.0,0.0,Low,true,03 - SFSLS_251029_ISSUED FOR BID_2A_STRUCTURAL complied thru add 2__6a9a9684bb19.pdf,,rejected,,,,2026-09-07T08:34:57.437899+00:00,2026-09-07T08:41:16.141790+00:00
5e623acd-e669-4603-af3a-f534a98218b0,W12X19,structural_section,W12X19,0.87,0.87,High,true,03 - SFSLS_251029_ISSUED FOR BID_2A_STRUCTURAL complied thru add 2__6a9a9684bb19.pdf,,approved,,W12X19,,2026-09-07T08:34:57.825466+00:00,2026-09-07T08:41:19.961796+00:00
43352b27-3b1c-4591-83d5-048850f50eae,W16X50,structural_section,W16X50,0.87,0.87,High,true,03 - SFSLS_251029_ISSUED FOR BID_2A_STRUCTURAL complied thru add 2__6a9a9684bb19.pdf,,approved,,W16X50,,2026-09-07T08:34:58.278566+00:00,2026-09-07T08:41:19.961868+00:00
f67f50d5-6725-445b-913f-7ef52fd6085d,W12X26,structural_section,W12X26,0.87,0.87,High,true,03 - SFSLS_251029_ISSUED FOR BID_2A_STRUCTURAL complied thru add 2__6a9a9684bb19.pdf,,approved,,W12X26,,2026-09-07T08:34:58.650218+00:00,2026-09-07T08:41:19.961923+00:00
ab1ffb35-0322-4370-a71a-e8a37b5a70e6,W10X22,structural_section,W10X22,0.87,0.87,High,true,03 - SFSLS_251029_ISSUED FOR BID_2A_STRUCTURAL complied thru add 2__6a9a9684bb19.pdf,,approved,,W10X22,,2026-09-07T08:34:59.091387+00:00,2026-09-07T08:41:19.961973+00:00
30164a74-8193-4e60-acc9-8a0a6b680eae,W21X50,structural_section,W21X50,0.87,0.87,High,true,03 - SFSLS_251029_ISSUED FOR BID_2A_STRUCTURAL complied thru add 2__6a9a9684bb19.pdf,,approved,,W21X50,,2026-09-07T08:34:59.825970+00:00,2026-09-07T08:41:19.962019+00:00
f266961d-bcfc-4549-93f3-69ad22a081a3,W8X21,structural_section,W8X21,0.87,0.87,High,true,03 - SFSLS_251029_ISSUED FOR BID_2A_STRUCTURAL complied thru add 2__6a9a9684bb19.pdf,,approved,,W8X21,,2026-09-07T08:35:00.282196+00:00,2026-09-07T08:41:19.962066+00:00
d929ede7-f9b2-4df0-8c7f-67b424041f91,W8X48,structural_section,W8X48,0.87,0.87,High,true,03 - SFSLS_251029_ISSUED FOR BID_2A_STRUCTURAL complied thru add 2__6a9a9684bb19.pdf,,approved,,W8X48,,2026-09-07T08:35:01.054911+00:00,2026-09-07T08:41:19.962112+00:00
d89f7daa-78f6-4f5f-89e1-6467b33cf75d,HSS8X6,structural_section,W8X21,0.0,0.0,Low,true,03 - SFSLS_251029_ISSUED FOR BID_2A_STRUCTURAL complied thru add 2__6a9a9684bb19.pdf,,rejected,,,,2026-09-07T08:35:02.357577+00:00,2026-09-07T08:41:16.141761+00:00
87939de5-5a77-4ac5-9b29-f2fcec16e238,C8X13.7,structural_section,C8X13.75,0.0,0.0,Low,true,03 - SFSLS_251029_ISSUED FOR BID_2A_STRUCTURAL complied thru add 2__6a9a9684bb19.pdf,,approved,,C8X13.75,,2026-09-07T08:35:03.133379+00:00,2026-09-07T08:41:19.962157+00:00
72a33483-b013-4b45-998e-c8da0365566c,W 4X4 4X4,structural_section,W14X43,0.0,0.0,Low,true,03 - SFSLS_251029_ISSUED FOR BID_2A_STRUCTURAL complied thru add 2__6a9a9684bb19.pdf,,rejected,,,,2026-09-07T08:35:03.528643+00:00,2026-09-07T08:41:16.141696+00:00
6ca7738e-a4e8-4758-9e08-17feb8203eff,HSS16X4X1/2,structural_section,HSS16X4X1/2,0.87,0.87,High,true,03 - SFSLS_251029_ISSUED FOR BID_2A_STRUCTURAL complied thru add 2__6a9a9684bb19.pdf,,approved,,HSS16X4X1/2,,2026-09-07T08:35:04.494023+00:00,2026-09-07T08:41:19.962203+00:00
5f4b67d2-f2c6-4624-a8e5-263b33fe1f74,HSS8X6X3/8,structural_section,HSS8X6X3/8,0.87,0.87,High,true,03 - SFSLS_251029_ISSUED FOR BID_2A_STRUCTURAL complied thru add 2__6a9a9684bb19.pdf,,approved,,HSS8X6X3/8,,2026-09-07T08:35:04.788370+00:00,2026-09-07T08:41:19.962248+00:00
fd09ef33-1392-404d-946c-0be5ca4d9a9b,HSS6X6X3/8,structural_section,HSS6X6X3/8,0.87,0.87,High,true,03 - SFSLS_251029_ISSUED FOR BID_2A_STRUCTURAL complied thru add 2__6a9a9684bb19.pdf,,approved,,HSS6X6X3/8,,2026-09-07T08:35:05.340052+00:00,2026-09-07T08:41:19.962291+00:00
36ccd745-d5d2-4d33-aaac-9e13b66c5d76,HSS10X6X5/8,structural_section,HSS10X6X5/8,0.87,0.87,High,true,03 - SFSLS_251029_ISSUED FOR BID_2A_STRUCTURAL complied thru add 2__6a9a9684bb19.pdf,,approved,,HSS10X6X5/8,,2026-09-07T08:35:05.623895+00:00,2026-09-07T08:41:19.962338+00:00
b530634a-64e0-4284-ba32-dcfa03c3dc16,HSS12X6X5/8,structural_section,HSS12X6X5/8,0.87,0.87,High,true,03 - SFSLS_251029_ISSUED FOR BID_2A_STRUCTURAL complied thru add 2__6a9a9684bb19.pdf,,approved,,HSS12X6X5/8,,2026-09-07T08:35:05.969484+00:00,2026-09-07T08:41:19.962384+00:00
2d545535-e98c-4182-bca4-7bf6c9c7b15c,HSS8X8X3/8,structural_section,HSS8X8X3/8,0.87,0.87,High,true,03 - SFSLS_251029_ISSUED FOR BID_2A_STRUCTURAL complied thru add 2__6a9a9684bb19.pdf,,approved,,HSS8X8X3/8,,2026-09-07T08:35:06.420097+00:00,2026-09-07T08:40:37.320048+00:00
91ef5f7c-1ca4-4216-b2f5-8f1b06481e77,HSS14X6X5/8,structural_section,HSS14X6X5/8,0.87,0.87,High,true,03 - SFSLS_251029_ISSUED FOR BID_2A_STRUCTURAL complied thru add 2__6a9a9684bb19.pdf,,approved,,HSS14X6X5/8,,2026-09-07T08:35:06.759470+00:00,2026-09-07T08:40:37.320001+00:00
b5ad6efd-b6fd-459a-a38e-0f0eb332deb4,W8X18,structural_section,W8X18,0.87,0.87,High,true,03 - SFSLS_251029_ISSUED FOR BID_2A_STRUCTURAL complied thru add 2__6a9a9684bb19.pdf,,approved,,W8X18,,2026-09-07T08:35:07.211729+00:00,2026-09-07T08:40:37.319953+00:00
e5bdea17-ebb1-4e57-8aca-9fb8ff81cabb,W8X24,structural_section,W8X24,0.87,0.87,High,true,03 - SFSLS_251029_ISSUED FOR BID_2A_STRUCTURAL complied thru add 2__6a9a9684bb19.pdf,,approved,,W8X24,,2026-09-07T08:35:07.509719+00:00,2026-09-07T08:40:37.319902+00:00
d6c3aec1-4ce0-4864-8286-c9979bbad123,HSS14X6X3/8,structural_section,HSS14X6X3/8,0.87,0.87,High,true,03 - SFSLS_251029_ISSUED FOR BID_2A_STRUCTURAL complied thru add 2__6a9a9684bb19.pdf,,approved,,HSS14X6X3/8,,2026-09-07T08:35:07.804316+00:00,2026-09-07T08:40:37.319844+00:00
b01043e3-f99d-4038-a229-ddf7c7f82af8,W27X84,structural_section,W27X84,0.87,0.87,High,true,03 - SFSLS_251029_ISSUED FOR BID_2A_STRUCTURAL complied thru add 2__6a9a9684bb19.pdf,,approved,,W27X84,,2026-09-07T08:35:08.507614+00:00,2026-09-07T08:40:37.319796+00:00
aef98384-a482-4596-81fb-03ccea9a5de8,W18X50,structural_section,W18X50,0.87,0.87,High,true,03 - SFSLS_251029_ISSUED FOR BID_2A_STRUCTURAL complied thru add 2__6a9a9684bb19.pdf,,approved,,W18X50,,2026-09-07T08:35:08.921049+00:00,2026-09-07T08:40:37.319732+00:00
1c24a9e7-931c-4a91-8faf-a6f4e5216013,HSS6x6,structural_section,HSS6X6X1/2,0.0,0.0,Low,true,03 - SFSLS_251029_ISSUED FOR BID_2A_STRUCTURAL complied thru add 2__6a9a9684bb19.pdf,,approved,,HSS6X6X1/2,,2026-09-07T08:35:10.152523+00:00,2026-09-07T08:40:37.319685+00:00
6ce5f693-ff48-4c15-a302-fa7999a4a76b,W14X82,structural_section,W14X82,0.87,0.87,High,true,03 - SFSLS_251029_ISSUED FOR BID_2A_STRUCTURAL complied thru add 2__6a9a9684bb19.pdf,,approved,,W14X82,,2026-09-07T08:35:10.836100+00:00,2026-09-07T08:40:37.319638+00:00
9ab7bcd4-b516-4914-a763-9f33a68abd22,W14X90,structural_section,W14X90,0.87,0.87,High,true,03 - SFSLS_251029_ISSUED FOR BID_2A_STRUCTURAL complied thru add 2__6a9a9684bb19.pdf,,approved,,W14X90,,2026-09-07T08:35:11.171594+00:00,2026-09-07T08:40:37.319589+00:00
9e240a3e-a656-4b5c-a200-4798dc636080,HSS10X8X5/8,structural_section,HSS10X8X5/8,0.87,0.87,High,true,03 - SFSLS_251029_ISSUED FOR BID_2A_STRUCTURAL complied thru add 2__6a9a9684bb19.pdf,,approved,,HSS10X8X5/8,,2026-09-07T08:35:12.324434+00:00,2026-09-07T08:40:37.319538+00:00
acf1dcab-7174-4b06-86d4-751d474d7c53,W8X31,structural_section,W8X31,0.87,0.87,High,true,03 - SFSLS_251029_ISSUED FOR BID_2A_STRUCTURAL complied thru add 2__6a9a9684bb19.pdf,,approved,,W8X31,,2026-09-07T08:35:12.785856+00:00,2026-09-07T08:40:37.319487+00:00
8a7fba96-3d1b-4871-9e9c-c17a01ad083d,HSS8X8X1/2,structural_section,HSS8X8X1/2,0.87,0.87,High,true,03 - SFSLS_251029_ISSUED FOR BID_2A_STRUCTURAL complied thru add 2__6a9a9684bb19.pdf,,approved,,HSS8X8X1/2,,2026-09-07T08:35:13.298740+00:00,2026-09-07T08:40:37.319434+00:00
3e92db6f-d290-4d41-9cc4-d18b3174b146,W12X50,structural_section,W12X50,0.87,0.87,High,true,03 - SFSLS_251029_ISSUED FOR BID_2A_STRUCTURAL complied thru add 2__6a9a9684bb19.pdf,,approved,,W12X50,,2026-09-07T08:35:13.584291+00:00,2026-09-07T08:40:37.319383+00:00
91919941-89cf-4ce3-8ccd-e64f33063b8c,W8X40,structural_section,W8X40,0.87,0.87,High,true,03 - SFSLS_251029_ISSUED FOR BID_2A_STRUCTURAL complied thru add 2__6a9a9684bb19.pdf,,approved,,W8X40,,2026-09-07T08:35:14.204586+00:00,2026-09-07T08:40:37.319329+00:00
b16ec57d-aa98-44b9-beff-fec5f04770d5,HSS10X0.500,structural_section,HSS10.000X0.500,0.0,0.0,Low,true,03 - SFSLS_251029_ISSUED FOR BID_2A_STRUCTURAL complied thru add 2__6a9a9684bb19.pdf,,approved,,HSS10.000X0.500,,2026-09-07T08:35:14.649981+00:00,2026-09-07T08:40:37.319275+00:00
670e0768-11f3-41a0-ab4d-65b22cff688f,W10X49,structural_section,W10X49,0.87,0.87,High,true,03 - SFSLS_251029_ISSUED FOR BID_2A_STRUCTURAL complied thru add 2__6a9a9684bb19.pdf,,approved,,W10X49,,2026-09-07T08:35:15.036212+00:00,2026-09-07T08:40:37.319222+00:00
a90d400c-0ea4-40bf-ad1e-66bd14427bbc,W10X68,structural_section,W10X68,0.87,0.87,High,true,03 - SFSLS_251029_ISSUED FOR BID_2A_STRUCTURAL complied thru add 2__6a9a9684bb19.pdf,,approved,,W10X68,,2026-09-07T08:35:15.623497+00:00,2026-09-07T08:40:37.319170+00:00
cbcd074b-8bc0-41e2-9ca9-4fefd68f6a89,W10X77,structural_section,W10X77,0.87,0.87,High,true,03 - SFSLS_251029_ISSUED FOR BID_2A_STRUCTURAL complied thru add 2__6a9a9684bb19.pdf,,approved,,W10X77,,2026-09-07T08:35:15.943233+00:00,2026-09-07T08:40:37.319122+00:00
33ef1edc-1b6b-4a7e-ba7b-3c1556c6285a,W8X35,structural_section,W8X35,0.87,0.87,High,true,03 - SFSLS_251029_ISSUED FOR BID_2A_STRUCTURAL complied thru add 2__6a9a9684bb19.pdf,,approved,,W8X35,,2026-09-07T08:35:16.699792+00:00,2026-09-07T08:40:37.319071+00:00
f97a16fd-5779-4a83-9d03-a7f6949beda5,W16X26,structural_section,W16X26,0.5841287946909255,0.5841,Medium,true,03 - SFSLS_251029_ISSUED FOR BID_2A_STRUCTURAL complied thru add 2__6a9a9684bb19.pdf,,approved,,W16X26,,2026-09-07T08:35:17.054514+00:00,2026-09-07T08:40:37.319017+00:00
356a013e-c7f0-41c2-b19a-28591fff3c28,W16X40,structural_section,W16X40,0.55,0.55,Medium,true,03 - SFSLS_251029_ISSUED FOR BID_2A_STRUCTURAL complied thru add 2__6a9a9684bb19.pdf,,approved,,W16X40,,2026-09-07T08:35:17.775011+00:00,2026-09-07T08:40:37.318961+00:00
3ecbbc95-2a08-440f-b29d-02a72d457fa5,W16X31,structural_section,W16X31,0.7081624999999997,0.7082,Medium,true,03 - SFSLS_251029_ISSUED FOR BID_2A_STRUCTURAL complied thru add 2__6a9a9684bb19.pdf,,approved,,W16X31,,2026-09-07T08:35:18.126815+00:00,2026-09-07T08:40:37.318903+00:00
b89e5b1a-462a-43ba-bb9b-7d8530aa7904,W14X22,structural_section,W14X22,0.7048942271565322,0.7049,Medium,true,03 - SFSLS_251029_ISSUED FOR BID_2A_STRUCTURAL complied thru add 2__6a9a9684bb19.pdf,,approved,,W14X22,,2026-09-07T08:35:18.472397+00:00,2026-09-07T08:40:37.318829+00:00
d8558f90-0548-4ddf-80d4-aee89aaa5de9,L3X3X3/8,structural_section,L3X3X3/8,0.6969374999999997,0.6969,Medium,true,03 - SFSLS_251029_ISSUED FOR BID_2A_STRUCTURAL complied thru add 2__6a9a9684bb19.pdf,,approved,,L3X3X3/8,,2026-09-07T08:35:18.751516+00:00,2026-09-07T08:40:37.318650+00:00
501d0fb0-e2c1-4185-83b1-1a4c3474c878,W12X16,structural_section,W12X16,0.6735826397431364,0.6736,Medium,true,03 - SFSLS_251029_ISSUED FOR BID_2A_STRUCTURAL complied thru add 2__6a9a9684bb19.pdf,,approved,,W12X16,,2026-09-07T08:35:19.077763+00:00,2026-09-07T08:40:16.883122+00:00
4eba3455-89dc-4de4-b2fa-de75bdc264f2,WT6X11,structural_section,WT6X11,0.9687842726707458,0.9688,High,true,03 - SFSLS_251029_ISSUED FOR BID_2A_STRUCTURAL complied thru add 2__6a9a9684bb19.pdf,,approved,,WT6X11,,2026-09-07T08:35:19.527307+00:00,2026-09-07T08:40:16.883085+00:00
8ff38671-17a3-4bdc-9ec1-6d4c37522959,WT4X14,structural_section,WT4X14,0.7820107257999472,0.782,Medium,true,03 - SFSLS_251029_ISSUED FOR BID_2A_STRUCTURAL complied thru add 2__6a9a9684bb19.pdf,,approved,,WT4X14,,2026-09-07T08:35:19.824016+00:00,2026-09-07T08:40:16.883047+00:00
e5f1ff68-efa7-4e13-85ca-82b46c5b85dd,W18X40,structural_section,W18X40,0.55,0.55,Medium,true,03 - SFSLS_251029_ISSUED FOR BID_2A_STRUCTURAL complied thru add 2__6a9a9684bb19.pdf,,approved,,W18X40,,2026-09-07T08:35:20.607679+00:00,2026-09-07T08:40:16.883011+00:00
a8af4cd8-91c9-4bc6-8bdc-38a9cb02049d,W18X55,structural_section,W18X55,0.55,0.55,Medium,true,03 - SFSLS_251029_ISSUED FOR BID_2A_STRUCTURAL complied thru add 2__6a9a9684bb19.pdf,,approved,,W18X55,,2026-09-07T08:35:21.028788+00:00,2026-09-07T08:40:16.882973+00:00
c7114757-2c72-4467-968b-457404ed8d22,W21X44,structural_section,W21X44,0.55,0.55,Medium,true,03 - SFSLS_251029_ISSUED FOR BID_2A_STRUCTURAL complied thru add 2__6a9a9684bb19.pdf,,approved,,W21X44,,2026-09-07T08:35:21.330988+00:00,2026-09-07T08:40:16.882937+00:00
1d5c94ca-51c0-43fd-86d6-b51022e9f559,W21X55,structural_section,W21X55,0.55,0.55,Medium,true,03 - SFSLS_251029_ISSUED FOR BID_2A_STRUCTURAL complied thru add 2__6a9a9684bb19.pdf,,approved,,W21X55,,2026-09-07T08:35:21.728541+00:00,2026-09-07T08:40:16.882899+00:00
4ae05a12-a103-444a-bae5-431cd6e7292f,HSS6X3X3/8,structural_section,HSS6X3X3/8,0.7110003574644882,0.711,Medium,true,03 - SFSLS_251029_ISSUED FOR BID_2A_STRUCTURAL complied thru add 2__6a9a9684bb19.pdf,,approved,,HSS6X3X3/8,,2026-09-07T08:35:23.436138+00:00,2026-09-07T08:40:16.882860+00:00
9df4ffa8-b00c-44f8-9552-183d548a75c0,W18X35,structural_section,W18X35,0.837058961391449,0.8371,High,true,03 - SFSLS_251029_ISSUED FOR BID_2A_STRUCTURAL complied thru add 2__6a9a9684bb19.pdf,,approved,,W18X35,,2026-09-07T08:35:23.948827+00:00,2026-09-07T08:40:16.882821+00:00
d6ba1dd4-8221-4e1a-9a57-ecef5961e126,W8X13,structural_section,W8X13,0.7176375000000002,0.7176,Medium,true,03 - SFSLS_251029_ISSUED FOR BID_2A_STRUCTURAL complied thru add 2__6a9a9684bb19.pdf,,approved,,W8X13,,2026-09-07T08:35:24.900376+00:00,2026-09-07T08:40:16.882784+00:00
aff12d38-ca79-4d8e-bdf6-25ba3f50da9c,W14X26,structural_section,W14X26,0.6571625,0.6572,Medium,true,03 - SFSLS_251029_ISSUED FOR BID_2A_STRUCTURAL complied thru add 2__6a9a9684bb19.pdf,,approved,,W14X26,,2026-09-07T08:35:26.338577+00:00,2026-09-07T08:40:16.882746+00:00
572f5e41-6762-4075-ae1b-77bb2f7977b5,L3X3X1/4,structural_section,L3X3X1/4,0.7994,0.7994,Medium,true,03 - SFSLS_251029_ISSUED FOR BID_2A_STRUCTURAL complied thru add 2__6a9a9684bb19.pdf,,approved,,L3X3X1/4,,2026-09-07T08:35:26.725512+00:00,2026-09-07T08:40:16.882708+00:00
90059ab1-bf9c-4714-aaa3-ab9f97cfd464,HSS8X6X5/16,structural_section,HSS8X6X5/16,0.7434484859035311,0.7434,Medium,true,03 - SFSLS_251029_ISSUED FOR BID_2A_STRUCTURAL complied thru add 2__6a9a9684bb19.pdf,,approved,,HSS8X6X5/16,,2026-09-07T08:35:27.296418+00:00,2026-09-07T08:40:16.882670+00:00
024e5eb7-a1e4-4b43-95b5-7313ba8b2abe,W16X36,structural_section,W16X36,0.55,0.55,Medium,true,03 - SFSLS_251029_ISSUED FOR BID_2A_STRUCTURAL complied thru add 2__6a9a9684bb19.pdf,,approved,,W16X36,,2026-09-07T08:35:27.747199+00:00,2026-09-07T08:40:16.882631+00:00
13b26d19-eccf-4307-9914-44419d00158d,W12X22,structural_section,W12X22,0.6634209107040663,0.6634,Medium,true,03 - SFSLS_251029_ISSUED FOR BID_2A_STRUCTURAL complied thru add 2__6a9a9684bb19.pdf,,approved,,W12X22,,2026-09-07T08:35:28.502388+00:00,2026-09-07T08:40:16.882594+00:00
8eb17a00-76d3-49f7-807f-226471cf5d6e,W14X34,structural_section,W14X34,0.6799827724721696,0.68,Medium,true,03 - SFSLS_251029_ISSUED FOR BID_2A_STRUCTURAL complied thru add 2__6a9a9684bb19.pdf,,approved,,W14X34,,2026-09-07T08:35:28.838080+00:00,2026-09-07T08:40:16.882553+00:00
b13a14b5-def2-4fd2-aebd-f644cbde546f,HSS12X6X1/2,structural_section,HSS12X6X1/2,0.8291000000000003,0.8291,High,true,03 - SFSLS_251029_ISSUED FOR BID_2A_STRUCTURAL complied thru add 2__6a9a9684bb19.pdf,,approved,,HSS12X6X1/2,,2026-09-07T08:35:29.018192+00:00,2026-09-07T08:40:16.882509+00:00
14758d1d-af2f-4a8f-a9e1-27f6898c2565,W24X55,structural_section,W24X55,0.9999459981918335,0.9999,High,true,03 - SFSLS_251029_ISSUED FOR BID_2A_STRUCTURAL complied thru add 2__6a9a9684bb19.pdf,,approved,,W24X55,,2026-09-07T08:35:29.293780+00:00,2026-09-07T08:40:16.882461+00:00
2b5f020a-6ec3-4d1e-a0c4-e02b997e26bf,W14X120,structural_section,W14X120,0.8113749999999998,0.8114,High,true,03 - SFSLS_251029_ISSUED FOR BID_2A_STRUCTURAL complied thru add 2__6a9a9684bb19.pdf,,approved,,W14X120,,2026-09-07T08:35:29.818224+00:00,2026-09-07T08:40:16.882324+00:00
493ce1e7-8150-4611-989e-0299b7a306ae,W14X132,structural_section,W14X132,0.8122749999999999,0.8123,High,true,03 - SFSLS_251029_ISSUED FOR BID_2A_STRUCTURAL complied thru add 2__6a9a9684bb19.pdf,,approved,,W14X132,,2026-09-07T08:35:30.191003+00:00,2026-09-07T08:40:16.881947+00:00
ae5565d8-9826-4f0f-901a-6c99875d5ae9,W14X68,structural_section,W14X68,0.55,0.55,Medium,true,03 - SFSLS_251029_ISSUED FOR BID_2A_STRUCTURAL complied thru add 2__6a9a9684bb19.pdf,,approved,,W14X68,,2026-09-07T08:35:30.913797+00:00,2026-09-07T08:40:16.881900+00:00
208fe44d-55a5-4260-a676-ee751cb6633c,W12X65,structural_section,W12X65,0.7809625,0.781,Medium,true,03 - SFSLS_251029_ISSUED FOR BID_2A_STRUCTURAL complied thru add 2__6a9a9684bb19.pdf,,approved,,W12X65,,2026-09-07T08:35:32.244287+00:00,2026-09-07T08:40:16.881847+00:00
f5e9578f-8a99-4174-8954-2be379cf3604,W10X45,structural_section,W10X45,0.7804499999999999,0.7804,Medium,true,03 - SFSLS_251029_ISSUED FOR BID_2A_STRUCTURAL complied thru add 2__6a9a9684bb19.pdf,,approved,,W10X45,,2026-09-07T08:35:33.172638+00:00,2026-09-07T08:40:16.881785+00:00
855000a5-0a6f-49ee-9f95-e257143d1e74,W10X54,structural_section,W10X54,0.7907451391220093,0.7907,Medium,true,03 - SFSLS_251029_ISSUED FOR BID_2A_STRUCTURAL complied thru add 2__6a9a9684bb19.pdf,,approved,,W10X54,,2026-09-07T08:35:33.788158+00:00,2026-09-07T08:40:16.881672+00:00
b3481e9d-3dd9-4817-a406-ebb6a211cf74,W10X60,structural_section,W10X60,0.8391079902648926,0.8391,High,true,03 - SFSLS_251029_ISSUED FOR BID_2A_STRUCTURAL complied thru add 2__6a9a9684bb19.pdf,,approved,,W10X60,,2026-09-07T08:35:34.200781+00:00,2026-09-07T08:40:16.872777+00:00
2cef4b0d-239f-4ed6-9682-198fa16b6af6,W18X50,structural_section,W18X50,0.87,0.87,High,true,Burrville ES - ST__0d910a43b4a0.pdf,,approved,,W18X50,,2026-09-07T09:56:19.119502+00:00,2026-09-07T09:58:41.721958+00:00
5d7c3282-0d32-47a6-b2eb-aaba6f7aad9a,W21X44,structural_section,W21X44,0.87,0.87,High,true,Burrville ES - ST__0d910a43b4a0.pdf,,approved,,W21X44,,2026-09-07T09:56:19.566512+00:00,2026-09-07T09:58:41.721899+00:00
ff32016f-67ef-4c43-8170-94df6079d180,W21X50,structural_section,W21X50,0.87,0.87,High,true,Burrville ES - ST__0d910a43b4a0.pdf,,approved,,W21X50,,2026-09-07T09:56:20.151201+00:00,2026-09-07T09:58:41.721846+00:00
80501d95-4239-43ed-b56d-17f75f4a4e5a,W10X19,structural_section,W10X19,0.87,0.87,High,true,Burrville ES - ST__0d910a43b4a0.pdf,,approved,,W10X19,,2026-09-07T09:56:20.566390+00:00,2026-09-07T09:58:41.721796+00:00
1d1fb472-d717-4561-a507-455cf2b3613b,W12X26,structural_section,W12X26,0.87,0.87,High,true,Burrville ES - ST__0d910a43b4a0.pdf,,approved,,W12X26,,2026-09-07T09:56:21.495719+00:00,2026-09-07T09:58:41.721745+00:00
ba6de0f6-02b4-4dc5-aee3-28fbdf92180c,HSS10X6X3/8,structural_section,HSS10X6X3/8,0.87,0.87,High,true,Burrville ES - ST__0d910a43b4a0.pdf,,approved,,HSS10X6X3/8,,2026-09-07T09:56:21.802595+00:00,2026-09-07T09:58:41.721693+00:00
41f54d90-97b2-48b7-b6a8-cedc4831f43f,HSS12X6X3/8,structural_section,HSS12X6X3/8,0.87,0.87,High,true,Burrville ES - ST__0d910a43b4a0.pdf,,approved,,HSS12X6X3/8,,2026-09-07T09:56:22.640937+00:00,2026-09-07T09:58:41.721641+00:00
770892de-7090-456c-8190-abe64d305f3e,W10X30,structural_section,W10X30,0.87,0.87,High,true,Burrville ES - ST__0d910a43b4a0.pdf,,approved,,W10X30,,2026-09-07T09:56:24.043629+00:00,2026-09-07T09:58:41.721591+00:00
9663b056-5937-4708-a402-59ad78fda7ce,W12X40,structural_section,W12X40,0.87,0.87,High,true,Burrville ES - ST__0d910a43b4a0.pdf,,approved,,W12X40,,2026-09-07T09:56:24.350383+00:00,2026-09-07T09:58:41.721532+00:00
cd752907-6474-495b-b332-3a51a14594e3,W10X15,structural_section,W10X15,0.87,0.87,High,true,Burrville ES - ST__0d910a43b4a0.pdf,,approved,,W10X15,,2026-09-07T09:56:24.708248+00:00,2026-09-07T09:58:41.721450+00:00
b64e396c-4880-42d6-b9d1-c687c6b96b2f,HSS20X8X5/8,structural_section,HSS20X8X5/8,0.87,0.87,High,true,Burrville ES - ST__0d910a43b4a0.pdf,,approved,,HSS20X8X5/8,,2026-09-07T09:56:26.762909+00:00,2026-09-07T09:58:41.721274+00:00
192f121e-e0a8-4efc-9a47-e98272ce8646,W8x31,structural_section,W8X31,0.87,0.87,High,true,Burrville ES - ST__0d910a43b4a0.pdf,,approved,,W8X31,,2026-09-07T09:56:27.303267+00:00,2026-09-07T09:58:33.577838+00:00
46187faa-9fbc-4c07-a9d2-67de51a7b723,W24X84,structural_section,W24X84,0.87,0.87,High,true,Burrville ES - ST__0d910a43b4a0.pdf,,approved,,W24X84,,2026-09-07T09:56:27.805820+00:00,2026-09-07T09:58:33.577715+00:00
918deefd-eb35-4749-b024-1fa42026c909,HSS14X6X5/8,structural_section,HSS14X6X5/8,0.87,0.87,High,true,Burrville ES - ST__0d910a43b4a0.pdf,,approved,,HSS14X6X5/8,,2026-09-07T09:56:30.626332+00:00,2026-09-07T09:58:33.577648+00:00
6b518224-aaba-43d7-ad11-bcb61c521a51,A325,structural_section,W14X132,0.0,0.0,Low,true,Burrville ES - ST__0d910a43b4a0.pdf,,rejected,,,,2026-09-07T09:56:31.755080+00:00,2026-09-07T09:58:26.097976+00:00
85afd1c0-1ae0-4a72-83e6-d6dc32d7b61c,L6x3-1/2x3/8,structural_section,L6X4X3/8,0.0,0.0,Low,true,Burrville ES - ST__0d910a43b4a0.pdf,,rejected,,,,2026-09-07T09:56:32.058014+00:00,2026-09-07T09:58:26.097920+00:00
8b4b557c-fed9-4345-bd90-3022e8410322,L4X3-1/2X5/16,structural_section,L4X3X5/16,0.0,0.0,Low,true,Burrville ES - ST__0d910a43b4a0.pdf,,rejected,,,,2026-09-07T09:56:32.363107+00:00,2026-09-07T09:58:26.097639+00:00
efe6f1fb-0e51-437a-bd14-701c26d12c34,HSS6X6X3/8,structural_section,HSS6X6X3/8,0.87,0.87,High,true,Burrville ES - ST__0d910a43b4a0.pdf,,approved,,HSS6X6X3/8,,2026-09-07T09:56:32.686004+00:00,2026-09-07T09:58:33.577353+00:00
e81291a5-8231-43f6-90a0-36ddbcd116e7,HSS8X6X3/8,structural_section,HSS8X6X3/8,0.87,0.87,High,true,Burrville ES - ST__0d910a43b4a0.pdf,,approved,,HSS8X6X3/8,,2026-09-07T09:56:33.234441+00:00,2026-09-07T09:58:33.577309+00:00
12d5e7f8-19fd-48d6-bf14-8b0a3d6f81ca,HSS6X6X1/2,structural_section,HSS6X6X1/2,0.87,0.87,High,true,Burrville ES - ST__0d910a43b4a0.pdf,,approved,,HSS6X6X1/2,,2026-09-07T09:56:34.176279+00:00,2026-09-07T09:58:33.577265+00:00
2c92b904-9aac-42fb-88ed-53b0f242b7e3,HSS10X0.625,structural_section,W10X54,0.0,0.0,Low,true,Burrville ES - ST__0d910a43b4a0.pdf,,approved,,W10X54,,2026-09-07T09:56:36.673531+00:00,2026-09-07T09:58:33.577223+00:00
f6f8a3b5-d943-4b66-914d-fb22b79c010e,W10X39,structural_section,W10X39,0.87,0.87,High,true,Burrville ES - ST__0d910a43b4a0.pdf,,approved,,W10X39,,2026-09-07T09:56:36.970190+00:00,2026-09-07T09:58:33.577179+00:00
3bd270be-64b3-4213-88c7-96bb10210ef7,HSS10X0.500,structural_section,HSS10.000X0.500,0.0,0.0,Low,true,Burrville ES - ST__0d910a43b4a0.pdf,,approved,,HSS10.000X0.500,,2026-09-07T09:56:37.390352+00:00,2026-09-07T09:58:33.577134+00:00
25865622-a6fa-4e4a-ad40-f9ec4f804e37,W8X40,structural_section,W8X40,0.87,0.87,High,true,Burrville ES - ST__0d910a43b4a0.pdf,,approved,,W8X40,,2026-09-07T09:56:38.063370+00:00,2026-09-07T09:58:33.577089+00:00
95928f51-ef7c-4b61-a83f-726e240a2fb7,W18X35,structural_section,W18X35,0.9986674785614014,0.9987,High,true,Burrville ES - ST__0d910a43b4a0.pdf,,approved,,W18X35,,2026-09-07T09:56:38.441815+00:00,2026-09-07T09:58:33.577043+00:00
c3148afd-bbae-44bf-94ad-0597686e60c1,W12X16,structural_section,W12X16,0.7436000000000001,0.7436,Medium,true,Burrville ES - ST__0d910a43b4a0.pdf,,approved,,W12X16,,2026-09-07T09:56:38.767853+00:00,2026-09-07T09:58:33.576979+00:00
858f2069-94f6-4684-9ef5-e7fc647e5344,W16X26,structural_section,W16X26,0.55,0.55,Medium,true,Burrville ES - ST__0d910a43b4a0.pdf,,approved,,W16X26,,2026-09-07T09:56:39.152072+00:00,2026-09-07T09:58:33.576912+00:00
83888c32-3434-41f3-9d15-8f29cc849c75,HSS10X8X3/8,structural_section,HSS10X8X3/8,0.6875625,0.6876,Medium,true,Burrville ES - ST__0d910a43b4a0.pdf,,approved,,HSS10X8X3/8,,2026-09-07T09:56:39.620667+00:00,2026-09-07T09:58:33.576836+00:00
62bf2155-7236-44a9-9741-d525bd8531b9,W16X31,structural_section,W16X31,0.6997919937012343,0.6998,Medium,true,Burrville ES - ST__0d910a43b4a0.pdf,,approved,,W16X31,,2026-09-07T09:56:40.066310+00:00,2026-09-07T09:58:33.576629+00:00
87ad8738-4f5c-4d00-ac0e-13f59f34b751,W18X40,structural_section,W18X40,0.5915972907335338,0.5916,Medium,true,Burrville ES - ST__0d910a43b4a0.pdf,,approved,,W18X40,,2026-09-07T09:56:40.533782+00:00,2026-09-07T09:58:33.575453+00:00
b6273725-f793-4a34-8d5f-80852f52f304,W14X22,structural_section,W14X22,0.55,0.55,Medium,true,Burrville ES - ST__0d910a43b4a0.pdf,,approved,,W14X22,,2026-09-07T09:56:40.974254+00:00,2026-09-07T09:58:33.575406+00:00
4ff019dc-0c81-4f86-96b6-0ac15746fa3d,W12X22,structural_section,W12X22,0.7040375,0.704,Medium,true,Burrville ES - ST__0d910a43b4a0.pdf,,approved,,W12X22,,2026-09-07T09:56:41.399128+00:00,2026-09-07T09:58:33.575359+00:00
1fd9decd-c0f5-4e70-b056-052be4537220,HSS14X6X1/2,structural_section,HSS14X6X1/2,0.7480406790675811,0.748,Medium,true,Burrville ES - ST__0d910a43b4a0.pdf,,approved,,HSS14X6X1/2,,2026-09-07T09:56:42.280748+00:00,2026-09-07T09:58:33.575311+00:00
7133cb09-6995-4f9c-9d44-99d4de24874e,L4X4X3/8,structural_section,L4X4X3/8,0.6032500000000002,0.6033,Medium,true,Burrville ES - ST__0d910a43b4a0.pdf,,approved,,L4X4X3/8,,2026-09-07T09:56:43.407986+00:00,2026-09-07T09:58:33.575250+00:00
29bc6abe-9163-4bc8-8462-3f70684f4d33,W10X33,structural_section,W10X33,0.8316125,0.8316,High,true,Burrville ES - ST__0d910a43b4a0.pdf,,approved,,W10X33,,2026-09-07T09:56:44.937766+00:00,2026-09-07T09:58:33.575156+00:00
64cd4d99-5a92-4306-a69c-3881d8e941c2,W10X45,structural_section,W10X45,0.8346124999999998,0.8346,High,true,Burrville ES - ST__0d910a43b4a0.pdf,,approved,,W10X45,,2026-09-07T09:56:45.807622+00:00,2026-09-07T09:58:33.575100+00:00
9a870741-6faf-4c0f-8967-16cf70c11717,W10X54,structural_section,W10X54,0.8322124999999999,0.8322,High,true,Burrville ES - ST__0d910a43b4a0.pdf,,approved,,W10X54,,2026-09-07T09:56:47.388477+00:00,2026-09-07T09:58:33.575024+00:00
d54df4ac-8f00-4c46-8ea4-8d527513931c,W10X49,structural_section,W10X49,0.8295125000000007,0.8295,High,true,Burrville ES - ST__0d910a43b4a0.pdf,,approved,,W10X49,,2026-09-07T09:56:47.735816+00:00,2026-09-07T09:58:33.574871+00:00
51ada51c-f72f-4593-a673-157b65f9d9de,W10X60,structural_section,W10X60,0.8346125000000001,0.8346,High,true,Burrville ES - ST__0d910a43b4a0.pdf,,approved,,W10X60,,2026-09-07T09:56:49.270149+00:00,2026-09-07T09:58:33.574032+00:00
124aaf33-b3e7-44e7-9cc6-67543b62c086,HSS10X8X3/8,structural_section,HSS10X8X3/8,0.87,0.87,High,true,Burrville ES - ST__0d910a43b4a0.pdf,,approved,,HSS10X8X3/8,,2026-09-07T10:14:12.384311+00:00,2026-09-07T10:16:30.615955+00:00
d386c2ae-78f5-4b57-9292-bc573e80a75a,W21X55,structural_section,W21X55,0.87,0.87,High,true,Burrville ES - ST__0d910a43b4a0.pdf,,approved,,W21X55,,2026-09-07T10:14:12.720876+00:00,2026-09-07T10:16:30.615928+00:00
626755ac-63b0-43c7-85b8-c4abdab045e3,W18X50,structural_section,W18X50,0.87,0.87,High,true,Burrville ES - ST__0d910a43b4a0.pdf,,approved,,W18X50,,2026-09-07T10:14:13.025441+00:00,2026-09-07T10:16:30.615900+00:00
151fa22d-edfd-46c1-a6b3-6004d0cee24f,W21X50,structural_section,W21X50,0.87,0.87,High,true,Burrville ES - ST__0d910a43b4a0.pdf,,approved,,W21X50,,2026-09-07T10:14:13.460713+00:00,2026-09-07T10:16:30.615871+00:00
307756e3-5b85-4231-8e00-53da2bf6c848,W10X19,structural_section,W10X19,0.87,0.87,High,true,Burrville ES - ST__0d910a43b4a0.pdf,,approved,,W10X19,,2026-09-07T10:14:13.820172+00:00,2026-09-07T10:16:30.615842+00:00
850a95fd-198a-40fc-8f22-8d7a5ddef874,W12X26,structural_section,W12X26,0.87,0.87,High,true,Burrville ES - ST__0d910a43b4a0.pdf,,approved,,W12X26,,2026-09-07T10:14:14.532854+00:00,2026-09-07T10:16:30.615812+00:00
90465e8f-41b0-4235-9e6f-1012a2bf7661,HSS10X6X3/8,structural_section,HSS10X6X3/8,0.87,0.87,High,true,Burrville ES - ST__0d910a43b4a0.pdf,,approved,,HSS10X6X3/8,,2026-09-07T10:14:14.914917+00:00,2026-09-07T10:16:30.615781+00:00
f0358700-6dbb-4490-9541-f6b9a4390b2a,HSS20X8X5/8,structural_section,HSS20X8X5/8,0.87,0.87,High,true,Burrville ES - ST__0d910a43b4a0.pdf,,approved,,HSS20X8X5/8,,2026-09-07T10:14:17.059193+00:00,2026-09-07T10:16:30.615748+00:00
8c642d9e-213a-46ea-b55e-e473ce49d7ae,W8x31,structural_section,W8X31,0.87,0.87,High,true,Burrville ES - ST__0d910a43b4a0.pdf,,approved,,W8X31,,2026-09-07T10:14:17.596024+00:00,2026-09-07T10:16:30.615713+00:00
f9a819f5-cb02-47f1-b6e5-ff21b2425b44,W24X55,structural_section,W24X55,0.87,0.87,High,true,Burrville ES - ST__0d910a43b4a0.pdf,,approved,,W24X55,,2026-09-07T10:14:20.032797+00:00,2026-09-07T10:16:30.615668+00:00
bb287dad-6e65-47a0-bb13-1e1b61e9312e,L4X4X3/8,structural_section,L4X4X3/8,0.87,0.87,High,true,Burrville ES - ST__0d910a43b4a0.pdf,,approved,,L4X4X3/8,,2026-09-07T10:14:20.400102+00:00,2026-09-07T10:16:30.615529+00:00
21334ec8-a7f0-4baf-a9f3-9717d0f62016,A325,structural_section,W14X132,0.0,0.0,Low,true,Burrville ES - ST__0d910a43b4a0.pdf,,rejected,,,,2026-09-07T10:14:20.983821+00:00,2026-09-07T10:16:20.963511+00:00
d98f76fc-6dd5-450b-94cf-2838bd55b623,L6x3-1/2x3/8,structural_section,L6X4X3/8,0.0,0.0,Low,true,Burrville ES - ST__0d910a43b4a0.pdf,,rejected,,,,2026-09-07T10:14:21.292601+00:00,2026-09-07T10:16:20.963426+00:00
23902911-1f81-493a-ba10-b6a52e2ab96d,L4X3-1/2X5/16,structural_section,L4X3X5/16,0.0,0.0,Low,true,Burrville ES - ST__0d910a43b4a0.pdf,,rejected,,,,2026-09-07T10:14:21.765233+00:00,2026-09-07T10:16:02.616174+00:00
15560028-4d4b-49ba-aeb9-4a7ae146a7bb,HSS6X6X3/8,structural_section,HSS6X6X3/8,0.87,0.87,High,true,Burrville ES - ST__0d910a43b4a0.pdf,,approved,,HSS6X6X3/8,,2026-09-07T10:14:22.068581+00:00,2026-09-07T10:16:11.220800+00:00
2fbe622a-ab5b-4ded-905c-91c873846377,HSS8X6X3/8,structural_section,HSS8X6X3/8,0.87,0.87,High,true,Burrville ES - ST__0d910a43b4a0.pdf,,approved,,HSS8X6X3/8,,2026-09-07T10:14:22.661111+00:00,2026-09-07T10:16:11.220708+00:00
f8f1b6cd-4521-4bc0-a1ef-2f5f3c4082eb,HSS6X6X1/2,structural_section,HSS6X6X1/2,0.87,0.87,High,true,Burrville ES - ST__0d910a43b4a0.pdf,,approved,,HSS6X6X1/2,,2026-09-07T10:14:23.453217+00:00,2026-09-07T10:16:11.220682+00:00
0aa01ac9-645e-4624-a765-f92ada32162d,W10X33,structural_section,W10X33,0.87,0.87,High,true,Burrville ES - ST__0d910a43b4a0.pdf,,approved,,W10X33,,2026-09-07T10:14:25.542897+00:00,2026-09-07T10:16:11.220656+00:00
41e48e95-23b3-40e1-9285-76199695db3d,HSS10X0.625,structural_section,W10X54,0.14512410759925842,0.1451,Low,true,Burrville ES - ST__0d910a43b4a0.pdf,,rejected,,,,2026-09-07T10:14:27.509451+00:00,2026-09-07T10:16:02.616273+00:00
c41643ec-8b8c-4391-b436-0e449ef1a07c,W10X60,structural_section,W10X60,0.87,0.87,High,true,Burrville ES - ST__0d910a43b4a0.pdf,,approved,,W10X60,,2026-09-07T10:14:28.269197+00:00,2026-09-07T10:16:11.220630+00:00
fbc82045-b134-4772-9265-18fb34da4039,HSS10X0.500,structural_section,HSS10.000X0.500,0.20590119063854218,0.2059,Low,true,Burrville ES - ST__0d910a43b4a0.pdf,,approved,,HSS10.000X0.500,,2026-09-07T10:14:28.652415+00:00,2026-09-07T10:16:11.220603+00:00
a029e705-b3db-471b-bca3-e07890fcda86,W8X40,structural_section,W8X40,0.87,0.87,High,true,Burrville ES - ST__0d910a43b4a0.pdf,,approved,,W8X40,,2026-09-07T10:14:30.960389+00:00,2026-09-07T10:16:11.220576+00:00
eacb942a-0a5a-4f6d-991e-7078723bc4da,W18X35,structural_section,W18X35,0.76215,0.7621,Medium,true,Burrville ES - ST__0d910a43b4a0.pdf,,approved,,W18X35,,2026-09-07T10:14:31.911250+00:00,2026-09-07T10:16:11.220549+00:00
498aa54d-5547-41ba-8aae-6412e639f53b,W12X16,structural_section,W12X16,0.9995133876800537,0.9995,High,true,Burrville ES - ST__0d910a43b4a0.pdf,,approved,,W12X16,,2026-09-07T10:14:32.203346+00:00,2026-09-07T10:16:11.220523+00:00
33c0b674-447f-477f-84db-897fcc866d5d,W16X26,structural_section,W16X26,0.5758577585220337,0.5759,Medium,true,Burrville ES - ST__0d910a43b4a0.pdf,,approved,,W16X26,,2026-09-07T10:14:32.495495+00:00,2026-09-07T10:16:11.220496+00:00
a9304c9f-f2eb-4ad2-94d2-7a250b0aa1da,W16X31,structural_section,W16X31,0.992966890335083,0.993,High,true,Burrville ES - ST__0d910a43b4a0.pdf,,approved,,W16X31,,2026-09-07T10:14:32.835117+00:00,2026-09-07T10:16:11.220470+00:00
cc104523-61b4-4e69-be2a-985124b17c19,W18X40,structural_section,W18X40,0.5915972907335338,0.5916,Medium,true,Burrville ES - ST__0d910a43b4a0.pdf,,approved,,W18X40,,2026-09-07T10:14:33.366857+00:00,2026-09-07T10:16:11.220442+00:00
1436bb65-4ffe-443b-ab4d-6aece5c663b9,W14X22,structural_section,W14X22,0.55,0.55,Medium,true,Burrville ES - ST__0d910a43b4a0.pdf,,approved,,W14X22,,2026-09-07T10:14:33.735668+00:00,2026-09-07T10:16:11.220416+00:00
ca36420b-b30c-4a64-8dc7-9ba77691eb65,W12X22,structural_section,W12X22,0.7040375,0.704,Medium,true,Burrville ES - ST__0d910a43b4a0.pdf,,approved,,W12X22,,2026-09-07T10:14:34.115185+00:00,2026-09-07T10:16:11.220389+00:00
865bbe82-3d92-4353-868a-de4556fef515,W10X30,structural_section,W10X30,0.8588614463806152,0.8589,High,true,Burrville ES - ST__0d910a43b4a0.pdf,,approved,,W10X30,,2026-09-07T10:14:34.568969+00:00,2026-09-07T10:16:11.220361+00:00
53ef804c-07ff-40c1-a05c-f7046f86a9b2,W10X15,structural_section,W10X15,0.7371875,0.7372,Medium,true,Burrville ES - ST__0d910a43b4a0.pdf,,approved,,W10X15,,2026-09-07T10:14:34.884411+00:00,2026-09-07T10:16:11.220334+00:00
1113c37d-696c-41ba-9d5c-0c2a370fc868,W21X44,structural_section,W21X44,0.98746258020401,0.9875,High,true,Burrville ES - ST__0d910a43b4a0.pdf,,approved,,W21X44,,2026-09-07T10:14:35.229525+00:00,2026-09-07T10:16:11.220308+00:00
8508c736-b534-4421-b028-4d5ea6a7397d,W12X40,structural_section,W12X40,0.9989493489265442,0.9989,High,true,Burrville ES - ST__0d910a43b4a0.pdf,,approved,,W12X40,,2026-09-07T10:14:35.576731+00:00,2026-09-07T10:16:11.220279+00:00
9fe63bd8-3330-4ab8-903d-edddff0c2911,HSS14X6X1/2,structural_section,HSS14X6X1/2,0.7480406790675811,0.748,Medium,true,Burrville ES - ST__0d910a43b4a0.pdf,,approved,,HSS14X6X1/2,,2026-09-07T10:14:35.929852+00:00,2026-09-07T10:16:11.220249+00:00
903e0ea1-8952-440c-bfe4-665de1187a5b,W10X45,structural_section,W10X45,0.8433902263641357,0.8434,High,true,Burrville ES - ST__0d910a43b4a0.pdf,,approved,,W10X45,,2026-09-07T10:14:38.452252+00:00,2026-09-07T10:16:11.220218+00:00
1597e9e8-c15d-433f-975d-fb14bb04b2c6,W10X54,structural_section,W10X54,0.8322124999999999,0.8322,High,true,Burrville ES - ST__0d910a43b4a0.pdf,,approved,,W10X54,,2026-09-07T10:14:39.992189+00:00,2026-09-07T10:16:11.220183+00:00
ecfa40f3-08d8-4d45-914b-690c280741e7,W10X49,structural_section,W10X49,0.8295125000000007,0.8295,High,true,Burrville ES - ST__0d910a43b4a0.pdf,,approved,,W10X49,,2026-09-07T10:14:40.330485+00:00,2026-09-07T10:16:11.220132+00:00
3fbbaaaf-7a17-468d-8c7b-17a9fd90a995,W10X39,structural_section,W10X39,0.8895515203475952,0.8896,High,true,Burrville ES - ST__0d910a43b4a0.pdf,,approved,,W10X39,,2026-09-07T10:14:41.243771+00:00,2026-09-07T10:16:11.219976+00:00
5b45642c-5cdf-47ec-9151-92dd57aeec7f,W18X35,structural_section,W18X35,0.87,0.87,High,true,Burrville ES - ST__0d910a43b4a0.pdf,,approved,,W18X35,,2026-09-07T11:02:43.643604+00:00,2026-09-07T11:37:13.136830+00:00
8283410d-2812-4f10-b9bc-42997dabe1b9,HSS10X8X3/8,structural_section,HSS10X8X3/8,0.87,0.87,High,true,Burrville ES - ST__0d910a43b4a0.pdf,,approved,,HSS10X8X3/8,,2026-09-07T11:02:43.967220+00:00,2026-09-07T11:37:13.136785+00:00
b88287a5-a6da-49dc-b72e-a4451896522f,W18X50,structural_section,W18X50,0.87,0.87,High,true,Burrville ES - ST__0d910a43b4a0.pdf,,approved,,W18X50,,2026-09-07T11:02:44.337097+00:00,2026-09-07T11:37:13.136741+00:00
d67c75de-2bd5-4ac7-bea8-33a345a35d3b,W21X50,structural_section,W21X50,0.87,0.87,High,true,Burrville ES - ST__0d910a43b4a0.pdf,,approved,,W21X50,,2026-09-07T11:02:44.821131+00:00,2026-09-07T11:37:13.136687+00:00
42cef1a0-db24-45b0-9335-df9406c24ffe,W10X19,structural_section,W10X19,0.87,0.87,High,true,Burrville ES - ST__0d910a43b4a0.pdf,,approved,,W10X19,,2026-09-07T11:02:45.666889+00:00,2026-09-07T11:37:13.136615+00:00
a4e0d1f4-de6a-4221-aa8b-9a286135a6da,W21X55,structural_section,W21X55,0.87,0.87,High,true,Burrville ES - ST__0d910a43b4a0.pdf,,approved,,W21X55,,2026-09-07T11:02:46.365592+00:00,2026-09-07T11:37:13.136510+00:00
b77361fb-08e1-44b6-a910-c0875419d2b8,W12X26,structural_section,W12X26,0.87,0.87,High,true,Burrville ES - ST__0d910a43b4a0.pdf,,approved,,W12X26,,2026-09-07T11:02:46.953107+00:00,2026-09-07T11:37:13.136434+00:00
a470bd7f-b04b-401b-b28b-b41cdf0a17e8,HSS10X6X3/8,structural_section,HSS10X6X3/8,0.87,0.87,High,true,Burrville ES - ST__0d910a43b4a0.pdf,,approved,,HSS10X6X3/8,,2026-09-07T11:02:47.419219+00:00,2026-09-07T11:37:13.136260+00:00
9e71a1db-c864-43d2-8112-dbac17d8368a,HSS14X6X1/2,structural_section,HSS14X6X1/2,0.87,0.87,High,true,Burrville ES - ST__0d910a43b4a0.pdf,,approved,,HSS14X6X1/2,,2026-09-07T11:02:50.139545+00:00,2026-09-07T11:37:05.322641+00:00
2ac19f35-8bfc-4ed5-8593-13f2e4192e7e,HSS20X8X5/8,structural_section,HSS20X8X5/8,0.87,0.87,High,true,Burrville ES - ST__0d910a43b4a0.pdf,,approved,,HSS20X8X5/8,,2026-09-07T11:02:52.282617+00:00,2026-09-07T11:37:05.322593+00:00
7fa58e37-3805-4f62-8e85-061a638838da,W8x31,structural_section,W8X31,0.87,0.87,High,true,Burrville ES - ST__0d910a43b4a0.pdf,,approved,,W8X31,,2026-09-07T11:02:52.747605+00:00,2026-09-07T11:37:05.322546+00:00
8e0f580b-bf54-4697-9fe6-b087109f5909,HSS14X6X5/8,structural_section,HSS14X6X5/8,0.87,0.87,High,true,Burrville ES - ST__0d910a43b4a0.pdf,,approved,,HSS14X6X5/8,,2026-09-07T11:02:55.733589+00:00,2026-09-07T11:37:05.322497+00:00
d8e48982-26c1-4db9-9464-ed8360325e7f,L4X4X3/8,structural_section,L4X4X3/8,0.87,0.87,High,true,Burrville ES - ST__0d910a43b4a0.pdf,,approved,,L4X4X3/8,,2026-09-07T11:02:56.626745+00:00,2026-09-07T11:37:05.322448+00:00
611437ba-1924-47e1-a550-36b539a16794,HSS6X6X3/8,structural_section,HSS6X6X3/8,0.87,0.87,High,true,Burrville ES - ST__0d910a43b4a0.pdf,,approved,,HSS6X6X3/8,,2026-09-07T11:02:57.368442+00:00,2026-09-07T11:37:05.322401+00:00
f458650d-c627-4553-b484-3017c84784d3,HSS8X6X3/8,structural_section,HSS8X6X3/8,0.87,0.87,High,true,Burrville ES - ST__0d910a43b4a0.pdf,,approved,,HSS8X6X3/8,,2026-09-07T11:02:57.962850+00:00,2026-09-07T11:37:05.322356+00:00
32c6ef86-5870-4d0f-82ba-00dc3e2b0258,HSS6X6X1/2,structural_section,HSS6X6X1/2,0.87,0.87,High,true,Burrville ES - ST__0d910a43b4a0.pdf,,approved,,HSS6X6X1/2,,2026-09-07T11:02:58.803177+00:00,2026-09-07T11:37:05.322307+00:00
d7ca9553-738d-446f-b112-ae79c202499e,W10X60,structural_section,W10X60,0.87,0.87,High,true,Burrville ES - ST__0d910a43b4a0.pdf,,approved,,W10X60,,2026-09-07T11:03:01.026902+00:00,2026-09-07T11:37:05.322258+00:00
2c9f6344-89f7-4673-9a73-ded0f2eb182d,W8X40,structural_section,W8X40,0.87,0.87,High,true,Burrville ES - ST__0d910a43b4a0.pdf,,approved,,W8X40,,2026-09-07T11:03:01.404147+00:00,2026-09-07T11:37:05.322213+00:00
b965a31b-6fb3-432e-bd18-34e6f58627ce,W12X16,structural_section,W12X16,0.956759512424469,0.9568,High,true,Burrville ES - ST__0d910a43b4a0.pdf,,approved,,W12X16,,2026-09-07T11:03:01.821664+00:00,2026-09-07T11:37:05.322170+00:00
76e7ffb0-446a-493e-a96d-eef42497d3fe,W16X26,structural_section,W16X26,0.9296894073486328,0.9297,High,true,Burrville ES - ST__0d910a43b4a0.pdf,,approved,,W16X26,,2026-09-07T11:03:02.135391+00:00,2026-09-07T11:37:05.322120+00:00
d4cdedfa-61be-48ce-ac10-46a50eacf2c8,W16X31,structural_section,W16X31,0.6997919937012343,0.6998,Medium,true,Burrville ES - ST__0d910a43b4a0.pdf,,approved,,W16X31,,2026-09-07T11:03:02.507297+00:00,2026-09-07T11:37:05.322074+00:00
a038ee28-211e-457d-94ea-108e3e52bf7f,W18X40,structural_section,W18X40,0.5915972907335338,0.5916,Medium,true,Burrville ES - ST__0d910a43b4a0.pdf,,approved,,W18X40,,2026-09-07T11:03:03.019099+00:00,2026-09-07T11:37:05.322025+00:00
d55df132-866a-40b2-a893-c32f948c002e,W14X22,structural_section,W14X22,0.9802939891815186,0.9803,High,true,Burrville ES - ST__0d910a43b4a0.pdf,,approved,,W14X22,,2026-09-07T11:03:03.502435+00:00,2026-09-07T11:37:05.321978+00:00
d1dbcaa6-6c8c-4fe7-9cd2-92874c94bb43,W12X22,structural_section,W12X22,0.7040375,0.704,Medium,true,Burrville ES - ST__0d910a43b4a0.pdf,,approved,,W12X22,,2026-09-07T11:03:03.936620+00:00,2026-09-07T11:37:05.321930+00:00
e3112659-1d9c-4d84-8602-9ba86f549500,W10X30,structural_section,W10X30,0.7136957791372546,0.7137,Medium,true,Burrville ES - ST__0d910a43b4a0.pdf,,approved,,W10X30,,2026-09-07T11:03:04.422130+00:00,2026-09-07T11:37:05.321879+00:00
c6eb5724-deed-4a78-8880-abbf38fef86e,W10X15,structural_section,W10X15,0.7426211833953857,0.7426,Medium,true,Burrville ES - ST__0d910a43b4a0.pdf,,approved,,W10X15,,2026-09-07T11:03:04.813585+00:00,2026-09-07T11:37:05.321827+00:00
9fae8a70-57f1-4a8a-b731-23e80fa655b2,W21X44,structural_section,W21X44,0.7276,0.7276,Medium,true,Burrville ES - ST__0d910a43b4a0.pdf,,approved,,W21X44,,2026-09-07T11:03:05.202606+00:00,2026-09-07T11:37:05.321769+00:00
1e07a2a2-102f-46b9-9a71-4b2785cc472c,W12X40,structural_section,W12X40,0.697525,0.6975,Medium,true,Burrville ES - ST__0d910a43b4a0.pdf,,approved,,W12X40,,2026-09-07T11:03:05.484826+00:00,2026-09-07T11:37:05.321645+00:00
4eb09895-765b-4256-8342-a0d8f87627ef,W10X33,structural_section,W10X33,0.9978296160697937,0.9978,High,true,Burrville ES - ST__0d910a43b4a0.pdf,,approved,,W10X33,,2026-09-07T11:03:07.905157+00:00,2026-09-07T11:37:05.321516+00:00
b5a15b3f-50fe-4da1-a956-db95c68d8520,W10X45,structural_section,W10X45,0.9945898056030273,0.9946,High,true,Burrville ES - ST__0d910a43b4a0.pdf,,approved,,W10X45,,2026-09-07T11:03:08.656296+00:00,2026-09-07T11:37:05.321446+00:00
f1881661-340b-4e53-8551-44b70fd1631b,W10X54,structural_section,W10X54,0.99405437707901,0.9941,High,true,Burrville ES - ST__0d910a43b4a0.pdf,,approved,,W10X54,,2026-09-07T11:03:10.110477+00:00,2026-09-07T11:37:05.321386+00:00
90fee35b-c241-45e8-bdc3-53ed80a820b2,W10X49,structural_section,W10X49,0.8295125000000007,0.8295,High,true,Burrville ES - ST__0d910a43b4a0.pdf,,approved,,W10X49,,2026-09-07T11:03:10.477678+00:00,2026-09-07T11:37:05.321304+00:00
f87a4419-4502-47cb-9432-b91544a31483,W10X39,structural_section,W10X39,0.9590731263160706,0.9591,High,true,Burrville ES - ST__0d910a43b4a0.pdf,,approved,,W10X39,,2026-09-07T11:03:11.435261+00:00,2026-09-07T11:37:05.320989+00:00
23760336-33ea-4019-8f24-71efe3af7eb6,W18X40,structural_section,W18X40,0.87,0.87,High,true,Burrville ES - ST__0d910a43b4a0.pdf,,approved,,W18X40,,2026-09-07T11:40:07.828921+00:00,2026-09-07T11:43:50.918891+00:00
3e5119be-07d7-446b-9ab2-aeb722475af2,W21X55,structural_section,W21X55,0.87,0.87,High,true,Burrville ES - ST__0d910a43b4a0.pdf,,approved,,W21X55,,2026-09-07T11:40:08.178040+00:00,2026-09-07T11:43:50.918849+00:00
f5eeb6ed-0b50-4d25-91dc-306786c4575a,W18X50,structural_section,W18X50,0.87,0.87,High,true,Burrville ES - ST__0d910a43b4a0.pdf,,approved,,W18X50,,2026-09-07T11:40:08.546020+00:00,2026-09-07T11:43:50.918810+00:00
7e6113af-a4e3-4244-a241-818e9331f172,W21X50,structural_section,W21X50,0.87,0.87,High,true,Burrville ES - ST__0d910a43b4a0.pdf,,approved,,W21X50,,2026-09-07T11:40:09.092860+00:00,2026-09-07T11:43:50.918766+00:00
b2930eb0-17e8-4767-9ca4-d085a4ef9d86,W10X19,structural_section,W10X19,0.87,0.87,High,true,Burrville ES - ST__0d910a43b4a0.pdf,,approved,,W10X19,,2026-09-07T11:40:09.749903+00:00,2026-09-07T11:43:50.918719+00:00
c30030df-7ca3-4a39-acd8-c3cec48458ba,W12X26,structural_section,W12X26,0.87,0.87,High,true,Burrville ES - ST__0d910a43b4a0.pdf,,approved,,W12X26,,2026-09-07T11:40:10.552461+00:00,2026-09-07T11:43:50.918677+00:00
ad21efa6-247e-41fe-936c-344837e4590f,HSS10X6X3/8,structural_section,HSS10X6X3/8,0.87,0.87,High,true,Burrville ES - ST__0d910a43b4a0.pdf,,approved,,HSS10X6X3/8,,2026-09-07T11:40:10.934036+00:00,2026-09-07T11:43:50.918636+00:00
c9306102-84f6-46af-a792-20debde02f7c,HSS14X6X1/2,structural_section,HSS14X6X1/2,0.87,0.87,High,true,Burrville ES - ST__0d910a43b4a0.pdf,,approved,,HSS14X6X1/2,,2026-09-07T11:40:13.267699+00:00,2026-09-07T11:43:50.918592+00:00
0d9302e2-9dde-4b58-bfa6-3908027fc90a,HSS20X8X5/8,structural_section,HSS20X8X5/8,0.87,0.87,High,true,Burrville ES - ST__0d910a43b4a0.pdf,,approved,,HSS20X8X5/8,,2026-09-07T11:40:15.478890+00:00,2026-09-07T11:43:50.918549+00:00
f9827d3e-4d74-482e-996f-4d49f08827b8,W8x31,structural_section,W8X31,0.87,0.87,High,true,Burrville ES - ST__0d910a43b4a0.pdf,,approved,,W8X31,,2026-09-07T11:40:16.252221+00:00,2026-09-07T11:43:50.918498+00:00
29d583da-327c-4102-90c5-206866874435,W24X84,structural_section,W24X84,0.87,0.87,High,true,Burrville ES - ST__0d910a43b4a0.pdf,,approved,,W24X84,,2026-09-07T11:40:16.953147+00:00,2026-09-07T11:43:50.918426+00:00
1b11df91-c7b3-4088-ab17-8c52e9cd65e8,W14X26,structural_section,W14X26,0.87,0.87,High,true,Burrville ES - ST__0d910a43b4a0.pdf,,approved,,W14X26,,2026-09-07T11:40:18.440213+00:00,2026-09-07T11:43:50.911978+00:00
3de75dec-c284-413d-b76f-1d89f1211a68,W21X48,structural_section,W21X48,0.87,0.87,High,true,Burrville ES - ST__0d910a43b4a0.pdf,,approved,,W21X48,,2026-09-07T11:40:19.152913+00:00,2026-09-07T11:43:38.698956+00:00
0abbd3ac-d20a-4912-b622-1198c66ac309,HSS14X6X5/8,structural_section,HSS14X6X5/8,0.87,0.87,High,true,Burrville ES - ST__0d910a43b4a0.pdf,,approved,,HSS14X6X5/8,,2026-09-07T11:40:20.736720+00:00,2026-09-07T11:43:38.698906+00:00
5e80a8db-c7c4-4dbb-b1bb-d1ec5b8a30fe,W24X55,structural_section,W24X55,0.87,0.87,High,true,Burrville ES - ST__0d910a43b4a0.pdf,,approved,,W24X55,,2026-09-07T11:40:21.504557+00:00,2026-09-07T11:43:38.698849+00:00
d6b6ed55-5664-4020-a4a0-c4cc846f3025,L4X4X3/8,structural_section,L4X4X3/8,0.87,0.87,High,true,Burrville ES - ST__0d910a43b4a0.pdf,,approved,,L4X4X3/8,,2026-09-07T11:40:21.893601+00:00,2026-09-07T11:43:38.698794+00:00
3813c007-2d3e-4b3a-a725-caff5d08e328,HSS6X6X3/8,structural_section,HSS6X6X3/8,0.87,0.87,High,true,Burrville ES - ST__0d910a43b4a0.pdf,,approved,,HSS6X6X3/8,,2026-09-07T11:40:22.954563+00:00,2026-09-07T11:43:38.698694+00:00
1facf47c-9b97-42e7-9974-3e30f995387f,HSS8X6X3/8,structural_section,HSS8X6X3/8,0.87,0.87,High,true,Burrville ES - ST__0d910a43b4a0.pdf,,approved,,HSS8X6X3/8,,2026-09-07T11:40:23.625695+00:00,2026-09-07T11:43:38.698640+00:00
7f564401-cdfa-4954-9a39-6f68f35d00d2,HSS6X6X1/2,structural_section,HSS6X6X1/2,0.87,0.87,High,true,Burrville ES - ST__0d910a43b4a0.pdf,,approved,,HSS6X6X1/2,,2026-09-07T11:40:24.442092+00:00,2026-09-07T11:43:38.698591+00:00
9d0c43ff-c1d3-4fcd-a5a0-d7bc8990bcc7,W10X54,structural_section,W10X54,0.87,0.87,High,true,Burrville ES - ST__0d910a43b4a0.pdf,,approved,,W10X54,,2026-09-07T11:40:26.872664+00:00,2026-09-07T11:43:38.698523+00:00
a794d45d-4da7-4a35-97ef-181307d9bd10,W10X60,structural_section,W10X60,0.87,0.87,High,true,Burrville ES - ST__0d910a43b4a0.pdf,,approved,,W10X60,,2026-09-07T11:40:27.595403+00:00,2026-09-07T11:43:38.698433+00:00
ff67e13d-a77a-4fc9-a5c2-82b3896d13ca,W8X40,structural_section,W8X40,0.87,0.87,High,true,Burrville ES - ST__0d910a43b4a0.pdf,,approved,,W8X40,,2026-09-07T11:40:28.010821+00:00,2026-09-07T11:43:38.698346+00:00
cc1d0186-c24d-402c-9d62-839347475d29,W18X35,structural_section,W18X35,0.76215,0.7621,Medium,true,Burrville ES - ST__0d910a43b4a0.pdf,,approved,,W18X35,,2026-09-07T11:40:28.485628+00:00,2026-09-07T11:43:38.698233+00:00
22730933-e7ce-4d67-a8aa-123e3f0f35e0,W12X16,structural_section,W12X16,0.7436000000000001,0.7436,Medium,true,Burrville ES - ST__0d910a43b4a0.pdf,,approved,,W12X16,,2026-09-07T11:40:28.790416+00:00,2026-09-07T11:43:38.698107+00:00
b6a9326f-fab4-44b9-8e01-8431b1e97728,W16X26,structural_section,W16X26,0.55,0.55,Medium,true,Burrville ES - ST__0d910a43b4a0.pdf,,approved,,W16X26,,2026-09-07T11:40:29.090258+00:00,2026-09-07T11:43:38.698052+00:00
de339ec8-e9c2-47a7-9930-a532de85a3e1,HSS10X8X3/8,structural_section,HSS10X8X3/8,0.6875625,0.6876,Medium,true,Burrville ES - ST__0d910a43b4a0.pdf,,approved,,HSS10X8X3/8,,2026-09-07T11:40:29.517639+00:00,2026-09-07T11:43:38.697999+00:00
07df4c68-6a25-4e70-bd28-677a1ae51499,W16X31,structural_section,W16X31,0.978232741355896,0.9782,High,true,Burrville ES - ST__0d910a43b4a0.pdf,,approved,,W16X31,,2026-09-07T11:40:29.860465+00:00,2026-09-07T11:43:38.697945+00:00
aa223807-51ba-4e1a-be10-8ab4603f5c9b,W14X22,structural_section,W14X22,0.9794313311576843,0.9794,High,true,Burrville ES - ST__0d910a43b4a0.pdf,,approved,,W14X22,,2026-09-07T11:40:30.628655+00:00,2026-09-07T11:43:38.697895+00:00
2cae4e7a-531a-4e8e-9140-2108bcf1a49e,W12X22,structural_section,W12X22,0.7040375,0.704,Medium,true,Burrville ES - ST__0d910a43b4a0.pdf,,approved,,W12X22,,2026-09-07T11:40:31.134248+00:00,2026-09-07T11:43:38.697846+00:00
00af5cc5-74c1-4783-920d-3270ce679a4f,W10X30,structural_section,W10X30,0.7609327435493469,0.7609,Medium,true,Burrville ES - ST__0d910a43b4a0.pdf,,approved,,W10X30,,2026-09-07T11:40:31.683467+00:00,2026-09-07T11:43:38.697797+00:00
b2f06627-0331-493d-803e-31b450f4acff,W10X15,structural_section,W10X15,0.7371875,0.7372,Medium,true,Burrville ES - ST__0d910a43b4a0.pdf,,approved,,W10X15,,2026-09-07T11:40:32.021049+00:00,2026-09-07T11:43:38.697744+00:00
937466d1-bb79-426a-8927-add96f8d5fae,W21X44,structural_section,W21X44,0.7276,0.7276,Medium,true,Burrville ES - ST__0d910a43b4a0.pdf,,approved,,W21X44,,2026-09-07T11:40:32.453840+00:00,2026-09-07T11:43:38.697691+00:00
5ede37bc-36ba-4286-8c49-aeee1ad0c9c6,W12X40,structural_section,W12X40,0.697525,0.6975,Medium,true,Burrville ES - ST__0d910a43b4a0.pdf,,approved,,W12X40,,2026-09-07T11:40:32.877346+00:00,2026-09-07T11:43:38.697631+00:00
ba942b71-3f0f-4911-962d-8d9ad1928252,W10X33,structural_section,W10X33,0.8316125,0.8316,High,true,Burrville ES - ST__0d910a43b4a0.pdf,,approved,,W10X33,,2026-09-07T11:40:35.524378+00:00,2026-09-07T11:43:38.697516+00:00
2990e8db-7e5f-477d-a9bf-828b5b32a454,W10X45,structural_section,W10X45,0.8346124999999998,0.8346,High,true,Burrville ES - ST__0d910a43b4a0.pdf,,approved,,W10X45,,2026-09-07T11:40:36.513047+00:00,2026-09-07T11:43:38.697471+00:00
704520a5-dde7-4d82-96ed-052463de2019,W10X49,structural_section,W10X49,0.8295125000000007,0.8295,High,true,Burrville ES - ST__0d910a43b4a0.pdf,,approved,,W10X49,,2026-09-07T11:40:38.378901+00:00,2026-09-07T11:43:38.697411+00:00
08fab714-396e-46ca-93a5-59b57cfe13ea,W10X39,structural_section,W10X39,0.8337125000000003,0.8337,High,true,Burrville ES - ST__0d910a43b4a0.pdf,,approved,,W10X39,,2026-09-07T11:40:39.435496+00:00,2026-09-07T11:43:38.696987+00:00
480abea4-50dd-41ee-a5b6-054916895c32,W18X40,structural_section,W18X40,0.87,0.87,High,true,Burrville ES - ST__0d910a43b4a0.pdf,,approved,,W18X40,,2026-09-07T12:09:35.486739+00:00,2026-09-08T11:17:26.692162+00:00
ce79fe0e-4748-4caf-9888-233b7602cf86,W21X55,structural_section,W21X55,0.87,0.87,High,true,Burrville ES - ST__0d910a43b4a0.pdf,,approved,,W21X55,,2026-09-07T12:09:35.817924+00:00,2026-09-08T11:17:26.692103+00:00
ef2c79b8-0edd-4abd-960d-8e57708831aa,W18X50,structural_section,W18X50,0.87,0.87,High,true,Burrville ES - ST__0d910a43b4a0.pdf,,approved,,W18X50,,2026-09-07T12:09:36.136837+00:00,2026-09-08T11:17:26.692036+00:00
72c4f3bb-1556-42d8-89df-298bb2a1a492,W21X50,structural_section,W21X50,0.87,0.87,High,true,Burrville ES - ST__0d910a43b4a0.pdf,,approved,,W21X50,,2026-09-07T12:09:36.653922+00:00,2026-09-08T11:17:26.690454+00:00
f0b8aa02-9825-4d93-81fa-1c31d0aaa0f4,W10X19,structural_section,W10X19,0.87,0.87,High,true,Burrville ES - ST__0d910a43b4a0.pdf,,approved,,W10X19,,2026-09-07T12:09:37.269017+00:00,2026-09-08T11:17:26.690356+00:00
770aa261-af1d-4230-927e-080d50351243,W12X26,structural_section,W12X26,0.87,0.87,High,true,Burrville ES - ST__0d910a43b4a0.pdf,,approved,,W12X26,,2026-09-07T12:09:38.096828+00:00,2026-09-08T11:17:26.690304+00:00
bac99600-5e35-455c-ba6b-193179633f5c,HSS10X6X3/8,structural_section,HSS10X6X3/8,0.87,0.87,High,true,Burrville ES - ST__0d910a43b4a0.pdf,,approved,,HSS10X6X3/8,,2026-09-07T12:09:38.486942+00:00,2026-09-08T11:17:26.690251+00:00
8f5f3f11-642b-4c45-95e3-63a0b72d20e8,HSS14X6X1/2,structural_section,HSS14X6X1/2,0.87,0.87,High,true,Burrville ES - ST__0d910a43b4a0.pdf,,approved,,HSS14X6X1/2,,2026-09-07T12:09:40.370455+00:00,2026-09-08T11:17:26.690198+00:00
03032425-7681-4dcd-8b8d-da660c2e30e5,HSS20X8X5/8,structural_section,HSS20X8X5/8,0.87,0.87,High,true,Burrville ES - ST__0d910a43b4a0.pdf,,approved,,HSS20X8X5/8,,2026-09-07T12:09:42.682333+00:00,2026-09-08T11:17:26.690140+00:00
e57aab81-49b0-4e02-9065-665f0886eea6,W8x31,structural_section,W8X31,0.87,0.87,High,true,Burrville ES - ST__0d910a43b4a0.pdf,,approved,,W8X31,,2026-09-07T12:09:43.188554+00:00,2026-09-08T11:17:26.690065+00:00
c554b3b7-c965-42d7-997a-0517264e4c0a,W24X84,structural_section,W24X84,0.87,0.87,High,true,Burrville ES - ST__0d910a43b4a0.pdf,,approved,,W24X84,,2026-09-07T12:09:43.773032+00:00,2026-09-08T11:17:26.689937+00:00
cbec84b7-9919-4c50-81d0-95c5fefa430c,W14X26,structural_section,W14X26,0.87,0.87,High,true,Burrville ES - ST__0d910a43b4a0.pdf,,approved,,W14X26,,2026-09-07T12:09:45.374201+00:00,2026-09-08T11:17:26.689824+00:00
b020af1e-e64d-4f52-b3dd-f789fe292138,W21X48,structural_section,W21X48,0.87,0.87,High,true,Burrville ES - ST__0d910a43b4a0.pdf,,approved,,W21X48,,2026-09-07T12:09:45.850562+00:00,2026-09-08T11:17:26.689742+00:00
b69287be-0305-4418-ae93-6117d59c14a6,HSS14X6X5/8,structural_section,HSS14X6X5/8,0.87,0.87,High,true,Burrville ES - ST__0d910a43b4a0.pdf,,approved,,HSS14X6X5/8,,2026-09-07T12:09:47.207589+00:00,2026-09-08T11:17:26.687364+00:00
18f80035-533d-422d-a73c-e2ee2e64b074,W24X55,structural_section,W24X55,0.87,0.87,High,true,Burrville ES - ST__0d910a43b4a0.pdf,,approved,,W24X55,,2026-09-07T12:09:47.990086+00:00,2026-09-08T11:17:15.989342+00:00
c99b3683-6d02-4f2c-9582-e67ec314061a,L4X4X3/8,structural_section,L4X4X3/8,0.87,0.87,High,true,Burrville ES - ST__0d910a43b4a0.pdf,,approved,,L4X4X3/8,,2026-09-07T12:09:48.306834+00:00,2026-09-08T11:17:15.989211+00:00
32102c3c-da7e-409c-a7ec-c0f3de1768c1,HSS6X6X3/8,structural_section,HSS6X6X3/8,0.87,0.87,High,true,Burrville ES - ST__0d910a43b4a0.pdf,,approved,,HSS6X6X3/8,,2026-09-07T12:09:49.252063+00:00,2026-09-08T11:17:15.989157+00:00
f0ced0d7-b1c7-4fcd-a0bc-8694298c759b,HSS8X6X3/8,structural_section,HSS8X6X3/8,0.87,0.87,High,true,Burrville ES - ST__0d910a43b4a0.pdf,,approved,,HSS8X6X3/8,,2026-09-07T12:09:49.900803+00:00,2026-09-08T11:17:15.989101+00:00
98ac7c27-2c87-4abe-a5e3-4b2821f26018,HSS6X6X1/2,structural_section,HSS6X6X1/2,0.87,0.87,High,true,Burrville ES - ST__0d910a43b4a0.pdf,,approved,,HSS6X6X1/2,,2026-09-07T12:09:50.781094+00:00,2026-09-08T11:17:15.989044+00:00
0eb70a15-df77-43f9-8b45-36e2d21156d7,W10X54,structural_section,W10X54,0.87,0.87,High,true,Burrville ES - ST__0d910a43b4a0.pdf,,approved,,W10X54,,2026-09-07T12:09:53.048773+00:00,2026-09-08T11:17:15.988989+00:00
175336b5-919f-4796-8d3c-0330cf5cc75a,W10X60,structural_section,W10X60,0.87,0.87,High,true,Burrville ES - ST__0d910a43b4a0.pdf,,approved,,W10X60,,2026-09-07T12:09:53.791676+00:00,2026-09-08T11:17:15.988935+00:00
78442693-601f-486d-9980-c1f2e61dc90c,W8X40,structural_section,W8X40,0.87,0.87,High,true,Burrville ES - ST__0d910a43b4a0.pdf,,approved,,W8X40,,2026-09-07T12:09:54.167837+00:00,2026-09-08T11:17:15.988854+00:00
c4cc7af1-b9d3-4d56-906c-79cbc4e2c190,W18X35,structural_section,W18X35,0.76215,0.7621,Medium,true,Burrville ES - ST__0d910a43b4a0.pdf,,approved,,W18X35,,2026-09-07T12:09:54.621256+00:00,2026-09-08T11:17:15.988774+00:00
6f66578d-2ad0-4338-936d-7b15690422e8,W12X16,structural_section,W12X16,0.7436000000000001,0.7436,Medium,true,Burrville ES - ST__0d910a43b4a0.pdf,,approved,,W12X16,,2026-09-07T12:09:54.963594+00:00,2026-09-08T11:17:15.988716+00:00
7270d303-d740-4a00-8020-a021b30dcbba,W16X26,structural_section,W16X26,0.55,0.55,Medium,true,Burrville ES - ST__0d910a43b4a0.pdf,,approved,,W16X26,,2026-09-07T12:09:55.289683+00:00,2026-09-08T11:17:15.988620+00:00
d11a789a-59a3-4961-8020-f80a4f7eefd8,HSS10X8X3/8,structural_section,HSS10X8X3/8,0.6875625,0.6876,Medium,true,Burrville ES - ST__0d910a43b4a0.pdf,,approved,,HSS10X8X3/8,,2026-09-07T12:09:55.645249+00:00,2026-09-08T11:17:15.988526+00:00
1c6c0bfe-ede3-4b0f-8dc5-d3e5d2216b12,W16X31,structural_section,W16X31,0.978232741355896,0.9782,High,true,Burrville ES - ST__0d910a43b4a0.pdf,,approved,,W16X31,,2026-09-07T12:09:55.975825+00:00,2026-09-08T11:17:15.988440+00:00
4c3f2f44-1d51-4102-a47a-2006e4f6f53c,W14X22,structural_section,W14X22,0.9794313311576843,0.9794,High,true,Burrville ES - ST__0d910a43b4a0.pdf,,approved,,W14X22,,2026-09-07T12:09:56.736981+00:00,2026-09-08T11:17:15.988329+00:00
d571bc8c-5929-48d3-be73-cc59a2dc9361,W12X22,structural_section,W12X22,0.7040375,0.704,Medium,true,Burrville ES - ST__0d910a43b4a0.pdf,,approved,,W12X22,,2026-09-07T12:09:57.194551+00:00,2026-09-08T11:17:15.988091+00:00
01055c7c-b32c-40c5-9e31-de01ffe7955c,W10X30,structural_section,W10X30,0.7609327435493469,0.7609,Medium,true,Burrville ES - ST__0d910a43b4a0.pdf,,approved,,W10X30,,2026-09-07T12:09:57.653953+00:00,2026-09-08T11:17:15.988004+00:00
d8f2f571-e58f-4baf-87da-43c149557101,W10X15,structural_section,W10X15,0.7371875,0.7372,Medium,true,Burrville ES - ST__0d910a43b4a0.pdf,,approved,,W10X15,,2026-09-07T12:09:57.941628+00:00,2026-09-08T11:17:15.987947+00:00
657767bf-5d60-4d08-89c8-3488d1aa65df,W21X44,structural_section,W21X44,0.7276,0.7276,Medium,true,Burrville ES - ST__0d910a43b4a0.pdf,,approved,,W21X44,,2026-09-07T12:09:58.334490+00:00,2026-09-08T11:17:15.987855+00:00
5a88f355-e0c6-48be-a22c-73b9b37eb42a,W12X40,structural_section,W12X40,0.697525,0.6975,Medium,true,Burrville ES - ST__0d910a43b4a0.pdf,,approved,,W12X40,,2026-09-07T12:09:58.702938+00:00,2026-09-08T11:17:15.987769+00:00
55d6c556-2dd3-4961-8c65-e9d93beedc79,W10X33,structural_section,W10X33,0.8316125,0.8316,High,true,Burrville ES - ST__0d910a43b4a0.pdf,,approved,,W10X33,,2026-09-07T12:10:01.438381+00:00,2026-09-08T11:17:15.987711+00:00
ee09d54f-0a91-4fa2-86fb-c1d9bf94da9e,W10X45,structural_section,W10X45,0.8346124999999998,0.8346,High,true,Burrville ES - ST__0d910a43b4a0.pdf,,approved,,W10X45,,2026-09-07T12:10:02.256922+00:00,2026-09-08T11:17:15.987654+00:00
6c57b7b9-55e6-47a7-9e3e-1a827a2b2769,W10X49,structural_section,W10X49,0.8295125000000007,0.8295,High,true,Burrville ES - ST__0d910a43b4a0.pdf,,approved,,W10X49,,2026-09-07T12:10:03.999233+00:00,2026-09-08T11:17:15.987590+00:00
3315e2fa-6e36-425e-af22-05db553ef72b,W10X39,structural_section,W10X39,0.8337125000000003,0.8337,High,true,Burrville ES - ST__0d910a43b4a0.pdf,,approved,,W10X39,,2026-09-07T12:10:05.038334+00:00,2026-09-08T11:17:15.987518+00:00
f8a82edb-453b-4038-af88-492d97f63f47,W16X36,structural_section,W16X36,0.87,0.87,High,true,Burrville ES - ST__0d910a43b4a0.pdf,,approved,,W16X36,,2026-09-08T11:13:01.193831+00:00,2026-09-08T11:17:15.987409+00:00
e1472d44-1ba9-4bd5-9d1b-5af6c375b5c2,W30X90,structural_section,W30X90,0.87,0.87,High,true,Burrville ES - ST__0d910a43b4a0.pdf,,approved,,W30X90,,2026-09-08T11:13:03.162223+00:00,2026-09-08T11:17:15.986651+00:00
22a1de24-25df-42d8-9959-532fa4d582f0,W18X50,structural_section,W18X50,0.87,0.87,High,true,Burrville ES - ST__0d910a43b4a0.pdf,,approved,,W18X50,,2026-09-08T11:29:34.035583+00:00,2026-09-08T11:39:41.503289+00:00
27098742-3607-469f-a6dd-4be6f072e596,W21X50,structural_section,W21X50,0.87,0.87,High,true,Burrville ES - ST__0d910a43b4a0.pdf,,approved,,W21X50,,2026-09-08T11:29:34.743643+00:00,2026-09-08T11:39:41.503258+00:00
105d84cc-cf14-4ce3-92b6-927c83a3dfd6,W18X35,structural_section,W18X35,0.87,0.87,High,true,Burrville ES - ST__0d910a43b4a0.pdf,,approved,,W18X35,,2026-09-08T11:29:35.381737+00:00,2026-09-08T11:39:41.503225+00:00
b6aa7d2a-198e-4d26-b8cd-f587deb557e0,W10X19,structural_section,W10X19,0.87,0.87,High,true,Burrville ES - ST__0d910a43b4a0.pdf,,approved,,W10X19,,2026-09-08T11:29:36.113282+00:00,2026-09-08T11:39:41.503188+00:00
706bf063-622f-41d3-8116-f1bd39f06624,W12X16,structural_section,W12X16,0.87,0.87,High,true,Burrville ES - ST__0d910a43b4a0.pdf,,approved,,W12X16,,2026-09-08T11:29:37.293217+00:00,2026-09-08T11:39:41.503124+00:00
0694ad72-cabe-4a30-bc5a-b2ee1d51cec1,W10X15,structural_section,W10X15,0.87,0.87,High,true,Burrville ES - ST__0d910a43b4a0.pdf,,approved,,W10X15,,2026-09-08T11:29:38.112922+00:00,2026-09-08T11:39:41.503077+00:00
7730bb4b-3f19-4931-9d6e-b31634b9d319,W21X44,structural_section,W21X44,0.87,0.87,High,true,Burrville ES - ST__0d910a43b4a0.pdf,,approved,,W21X44,,2026-09-08T11:29:38.666888+00:00,2026-09-08T11:39:41.502942+00:00
8510de80-d48d-4999-80bc-c934014a465d,W16X36,structural_section,W16X36,0.87,0.87,High,true,Burrville ES - ST__0d910a43b4a0.pdf,,approved,,W16X36,,2026-09-08T11:29:39.397740+00:00,2026-09-08T11:39:32.299463+00:00
de4fcfde-8521-4319-8bd0-e3e3f7f137fd,W12X26,structural_section,W12X26,0.87,0.87,High,true,Burrville ES - ST__0d910a43b4a0.pdf,,approved,,W12X26,,2026-09-08T11:29:40.316998+00:00,2026-09-08T11:39:32.299375+00:00
1b044b75-9630-4fa7-86e4-c9d677321b7f,W21X55,structural_section,W21X55,0.87,0.87,High,true,Burrville ES - ST__0d910a43b4a0.pdf,,approved,,W21X55,,2026-09-08T11:29:41.107309+00:00,2026-09-08T11:39:32.299228+00:00
e46bcfab-1053-4a60-b5df-018c7d02ab90,HSS10X6X3/8,structural_section,HSS10X6X3/8,0.87,0.87,High,true,Burrville ES - ST__0d910a43b4a0.pdf,,approved,,HSS10X6X3/8,,2026-09-08T11:29:41.844104+00:00,2026-09-08T11:39:32.299199+00:00
15b85e3a-58e5-4db9-a34f-8d42eb89dcb5,W30X90,structural_section,W30X90,0.87,0.87,High,true,Burrville ES - ST__0d910a43b4a0.pdf,,approved,,W30X90,,2026-09-08T11:29:42.636844+00:00,2026-09-08T11:39:32.299163+00:00
c0fdd19a-0592-4133-9f43-7cc35ed72946,W16X26,structural_section,W16X26,0.87,0.87,High,true,Burrville ES - ST__0d910a43b4a0.pdf,,approved,,W16X26,,2026-09-08T11:29:43.507281+00:00,2026-09-08T11:39:32.299119+00:00
f276daca-775a-4c9f-b3f7-4c7edf5999e8,W14X22,structural_section,W14X22,0.87,0.87,High,true,Burrville ES - ST__0d910a43b4a0.pdf,,approved,,W14X22,,2026-09-08T11:29:44.018287+00:00,2026-09-08T11:39:32.299069+00:00
73b57058-34a8-42a3-b0a7-d89a786189a7,W18X40,structural_section,W18X40,0.87,0.87,High,true,Burrville ES - ST__0d910a43b4a0.pdf,,approved,,W18X40,,2026-09-08T11:29:44.614830+00:00,2026-09-08T11:39:32.299021+00:00
29a1d541-5627-40ae-8ebc-8faf3443e8e7,W21X48,structural_section,W21X48,0.87,0.87,High,true,Burrville ES - ST__0d910a43b4a0.pdf,,approved,,W21X48,,2026-09-08T11:29:48.485493+00:00,2026-09-08T11:39:32.298969+00:00
e14b0e4d-346f-498e-bf00-aa383a79053a,HSS20X8X5/8,structural_section,HSS20X8X5/8,0.87,0.87,High,true,Burrville ES - ST__0d910a43b4a0.pdf,,approved,,HSS20X8X5/8,,2026-09-08T11:29:52.948393+00:00,2026-09-08T11:39:32.298917+00:00
e288aad4-c038-4061-8e57-2bfc9ae3c212,W8x31,structural_section,W8X31,0.87,0.87,High,true,Burrville ES - ST__0d910a43b4a0.pdf,,approved,,W8X31,,2026-09-08T11:29:53.971354+00:00,2026-09-08T11:39:32.298865+00:00
4523368a-4a1a-426a-87e3-6b890be0c1ad,W24X55,structural_section,W24X55,0.87,0.87,High,true,Burrville ES - ST__0d910a43b4a0.pdf,,approved,,W24X55,,2026-09-08T11:29:54.769156+00:00,2026-09-08T11:39:32.298816+00:00
e1ea45bd-b4b2-4ea0-af7c-2f96f5ed6c2f,HSS6X6X3/8,structural_section,HSS6X6X3/8,0.87,0.87,High,true,Burrville ES - ST__0d910a43b4a0.pdf,,approved,,HSS6X6X3/8,,2026-09-08T11:30:04.148738+00:00,2026-09-08T11:39:32.298770+00:00
a32cd002-7704-47a6-a2ba-2f5542d7f91a,HSS8X6X3/8,structural_section,HSS8X6X3/8,0.87,0.87,High,true,Burrville ES - ST__0d910a43b4a0.pdf,,approved,,HSS8X6X3/8,,2026-09-08T11:30:05.577789+00:00,2026-09-08T11:39:32.298724+00:00
51f6292e-679e-4a9e-90dd-3429cc2a792c,HSS6X6X1/2,structural_section,HSS6X6X1/2,0.87,0.87,High,true,Burrville ES - ST__0d910a43b4a0.pdf,,approved,,HSS6X6X1/2,,2026-09-08T11:30:06.919113+00:00,2026-09-08T11:39:32.298676+00:00
764f1eb8-9488-431b-9bdb-1eba552c535b,W8X40,structural_section,W8X40,0.87,0.87,High,true,Burrville ES - ST__0d910a43b4a0.pdf,,approved,,W8X40,,2026-09-08T11:30:10.781741+00:00,2026-09-08T11:39:32.298622+00:00
9aa61c5f-4b4d-4a32-90ae-4ac59df9e528,WT16.5x59,structural_section,WT16.5X59,0.87,0.87,High,true,ST__0bfc2d61245d.pdf,,approved,,WT16.5X59,,2026-09-08T11:35:56.151504+00:00,2026-09-08T11:39:32.298569+00:00
5927d4e7-6126-4e57-9110-c32ac18c282c,W16x31,structural_section,W16X31,0.87,0.87,High,true,ST__0bfc2d61245d.pdf,,approved,,W16X31,,2026-09-08T11:35:56.747048+00:00,2026-09-08T11:39:32.298514+00:00
6ebf6106-55fe-4d18-aa6c-c4b7e230b133,W8x10,structural_section,W8X10,0.87,0.87,High,true,ST__0bfc2d61245d.pdf,,approved,,W8X10,,2026-09-08T11:35:57.818879+00:00,2026-09-08T11:39:32.298462+00:00
dc321dc5-5e98-4418-8b20-3c333cfd0c1c,W12x45,structural_section,W12X45,0.87,0.87,High,true,ST__0bfc2d61245d.pdf,,approved,,W12X45,,2026-09-08T11:35:59.501227+00:00,2026-09-08T11:39:32.298412+00:00
3901a34d-43eb-4370-b546-eec4f05587e0,HSS12x12x1/2,structural_section,HSS12X12X1/2,0.87,0.87,High,true,ST__0bfc2d61245d.pdf,,approved,,HSS12X12X1/2,,2026-09-08T11:36:00.965303+00:00,2026-09-08T11:39:32.298354+00:00
9c0edc6c-dceb-4bba-98ed-dfd4c9e03e88,W24x68,structural_section,W24X68,0.87,0.87,High,true,ST__0bfc2d61245d.pdf,,approved,,W24X68,,2026-09-08T11:36:03.814496+00:00,2026-09-08T11:39:32.298288+00:00
3796e6dc-46ab-4ab8-9ab7-7ad990864c60,W16x45,structural_section,W16X45,0.87,0.87,High,true,ST__0bfc2d61245d.pdf,,approved,,W16X45,,2026-09-08T11:36:04.588176+00:00,2026-09-08T11:39:32.298179+00:00
7ae8e4d4-bf7f-408d-a53d-efa971c7e388,HSS8x8x1/2,structural_section,HSS8X8X1/2,0.87,0.87,High,true,ST__0bfc2d61245d.pdf,,approved,,HSS8X8X1/2,,2026-09-08T11:36:05.300430+00:00,2026-09-08T11:39:32.297683+00:00
66e62de0-3351-4d29-8843-99f3184cb733,W8x35,structural_section,W8X35,0.87,0.87,High,true,ST__0bfc2d61245d.pdf,,approved,,W8X35,,2026-09-08T11:36:06.360100+00:00,2026-09-08T11:39:32.295803+00:00
7f1af243-3c84-482a-bb54-dc06bb41ec95,HSS8X6X3/8,structural_section,HSS8X6X3/8,0.87,0.87,High,true,ST - Springhill Lake__f6ddc4a7e233.pdf,,approved,,HSS8X6X3/8,,2026-09-08T11:45:17.827528+00:00,2026-09-08T11:50:36.143089+00:00
f0be16be-99fa-4405-9c5b-e05e74196ea6,W18X50,structural_section,W18X50,0.87,0.87,High,true,ST - Springhill Lake__f6ddc4a7e233.pdf,,approved,,W18X50,,2026-09-08T11:45:18.412936+00:00,2026-09-08T11:50:36.143037+00:00
4ce89583-8310-448c-b69d-4930be418133,W21X50,structural_section,W21X50,0.87,0.87,High,true,ST - Springhill Lake__f6ddc4a7e233.pdf,,approved,,W21X50,,2026-09-08T11:45:19.200689+00:00,2026-09-08T11:50:36.142990+00:00
d82d4423-b28d-43c7-a2fe-7d3711b44c0e,W18X60,structural_section,W18X60,0.87,0.87,High,true,ST - Springhill Lake__f6ddc4a7e233.pdf,,approved,,W18X60,,2026-09-08T11:45:20.452546+00:00,2026-09-08T11:50:36.142940+00:00
a6ddeb0e-8980-4588-9fab-87f6069eafaa,W16X31,structural_section,W16X31,0.87,0.87,High,true,ST - Springhill Lake__f6ddc4a7e233.pdf,,approved,,W16X31,,2026-09-08T11:45:21.300871+00:00,2026-09-08T11:50:36.142890+00:00
db552fce-1310-4ebd-8412-52a8a17085e8,W18X35,structural_section,W18X35,0.87,0.87,High,true,ST - Springhill Lake__f6ddc4a7e233.pdf,,approved,,W18X35,,2026-09-08T11:45:21.922921+00:00,2026-09-08T11:50:36.142842+00:00
f8194739-cd25-4db9-86f7-749456cc4d9d,W18X40,structural_section,W18X40,0.87,0.87,High,true,ST - Springhill Lake__f6ddc4a7e233.pdf,,approved,,W18X40,,2026-09-08T11:45:22.595215+00:00,2026-09-08T11:50:36.142794+00:00
314b71d0-0b51-455f-a5aa-df4e7e52df53,W18X71,structural_section,W18X71,0.87,0.87,High,true,ST - Springhill Lake__f6ddc4a7e233.pdf,,approved,,W18X71,,2026-09-08T11:45:23.180009+00:00,2026-09-08T11:50:36.142741+00:00
ed41126b-395f-4b3e-afd0-7a4efbca0625,W18X86,structural_section,W18X86,0.87,0.87,High,true,ST - Springhill Lake__f6ddc4a7e233.pdf,,approved,,W18X86,,2026-09-08T11:45:23.996964+00:00,2026-09-08T11:50:36.142691+00:00
b104efc6-8fa1-4782-91b8-43244feaa2d6,W21X44,structural_section,W21X44,0.87,0.87,High,true,ST - Springhill Lake__f6ddc4a7e233.pdf,,approved,,W21X44,,2026-09-08T11:45:25.844749+00:00,2026-09-08T11:50:36.142639+00:00
2601dcd8-8979-4418-a1b3-7461005df887,W12X26,structural_section,W12X26,0.87,0.87,High,true,ST - Springhill Lake__f6ddc4a7e233.pdf,,approved,,W12X26,,2026-09-08T11:45:26.625613+00:00,2026-09-08T11:50:36.142589+00:00
6d81ebe0-cd60-46d2-baf6-8e5b5ee34f5b,W21X68,structural_section,W21X68,0.87,0.87,High,true,ST - Springhill Lake__f6ddc4a7e233.pdf,,approved,,W21X68,,2026-09-08T11:45:27.393518+00:00,2026-09-08T11:50:36.142538+00:00
7efc8e7c-f8ab-448f-94e3-fbbdbe9bf328,W18X46,structural_section,W18X46,0.87,0.87,High,true,ST - Springhill Lake__f6ddc4a7e233.pdf,,approved,,W18X46,,2026-09-08T11:45:28.682183+00:00,2026-09-08T11:50:36.142485+00:00
42a0bc9c-250b-443a-8a97-146a0f5d0698,W12X16.,structural_section,W12X16,0.87,0.87,High,true,ST - Springhill Lake__f6ddc4a7e233.pdf,,approved,,W12X16,,2026-09-08T11:45:30.432863+00:00,2026-09-08T11:50:36.142432+00:00
8c30293a-a719-4f16-ae86-7d2c94f8f488,W14X22,structural_section,W14X22,0.87,0.87,High,true,ST - Springhill Lake__f6ddc4a7e233.pdf,,approved,,W14X22,,2026-09-08T11:45:32.361580+00:00,2026-09-08T11:50:36.142382+00:00
f0e7c34b-05ae-47dc-9b64-b2f09b456795,W16X26,structural_section,W16X26,0.87,0.87,High,true,ST - Springhill Lake__f6ddc4a7e233.pdf,,approved,,W16X26,,2026-09-08T11:45:33.129572+00:00,2026-09-08T11:50:36.142326+00:00
bbbdda33-de6d-4018-b1f0-14e1cd29dbf8,W24X68,structural_section,W24X68,0.87,0.87,High,true,ST - Springhill Lake__f6ddc4a7e233.pdf,,approved,,W24X68,,2026-09-08T11:45:35.935182+00:00,2026-09-08T11:50:36.142273+00:00
4aba2613-6494-4476-9451-eed801ddd6cd,W24X84,structural_section,W24X84,0.87,0.87,High,true,ST - Springhill Lake__f6ddc4a7e233.pdf,,approved,,W24X84,,2026-09-08T11:45:37.348756+00:00,2026-09-08T11:50:36.142216+00:00
af17aad2-cf7f-4dc0-a72c-d80586413bcf,HSS6X6X3/8,structural_section,HSS6X6X3/8,0.87,0.87,High,true,ST - Springhill Lake__f6ddc4a7e233.pdf,,approved,,HSS6X6X3/8,,2026-09-08T11:45:39.100244+00:00,2026-09-08T11:50:36.142160+00:00
9206a099-032e-4393-8377-2839f38600bc,HSS6X6X1/2,structural_section,HSS6X6X1/2,0.87,0.87,High,true,ST - Springhill Lake__f6ddc4a7e233.pdf,,approved,,HSS6X6X1/2,,2026-09-08T11:45:39.850467+00:00,2026-09-08T11:50:36.142099+00:00
feae92f3-ebe1-4029-9f9b-196aca9bb8ea,HSS8X8X3/8,structural_section,HSS8X8X3/8,0.87,0.87,High,true,ST - Springhill Lake__f6ddc4a7e233.pdf,,approved,,HSS8X8X3/8,,2026-09-08T11:45:41.225434+00:00,2026-09-08T11:50:36.142025+00:00
f2348aaa-e3cf-4f8f-b4d4-b529f20a4de1,HSS6X6X5/8,structural_section,HSS6X6X5/8,0.87,0.87,High,true,ST - Springhill Lake__f6ddc4a7e233.pdf,,approved,,HSS6X6X5/8,,2026-09-08T11:45:41.809047+00:00,2026-09-08T11:50:36.141857+00:00
70e922c9-9926-46d3-9d74-37ae28aeef2c,W18X50,structural_section,W18X50,0.87,0.87,High,true,Burrville ES - ST__0d910a43b4a0.pdf,,approved,,W18X50,,2026-09-09T08:22:50.075086+00:00,2026-09-09T09:22:28.891963+00:00
9ea2fda6-5ea0-4c94-a161-2e3f163704bf,W21X50,structural_section,W21X50,0.87,0.87,High,true,Burrville ES - ST__0d910a43b4a0.pdf,,approved,,W21X50,,2026-09-09T08:22:50.786069+00:00,2026-09-09T09:22:28.892117+00:00
a6108696-284b-498f-a35c-7b61ba450f57,W18X35,structural_section,W18X35,0.87,0.87,High,true,Burrville ES - ST__0d910a43b4a0.pdf,,approved,,W18X35,,2026-09-09T08:22:51.199296+00:00,2026-09-09T09:22:28.892188+00:00
f7eefa6d-c169-4497-a376-bf43e554f416,W10X19,structural_section,W10X19,0.87,0.87,High,true,Burrville ES - ST__0d910a43b4a0.pdf,,approved,,W10X19,,2026-09-09T08:22:51.797243+00:00,2026-09-09T09:22:28.892253+00:00
0985660a-d700-4776-a4bf-b48f1a762f5e,W12X16,structural_section,W12X16,0.87,0.87,High,true,Burrville ES - ST__0d910a43b4a0.pdf,,approved,,W12X16,,2026-09-09T08:22:52.814682+00:00,2026-09-09T09:22:28.892516+00:00
7bfdc2cd-be57-47f5-b2f3-566b103dcfae,W10X15,structural_section,W10X15,0.87,0.87,High,true,Burrville ES - ST__0d910a43b4a0.pdf,,approved,,W10X15,,2026-09-09T08:22:53.329300+00:00,2026-09-09T09:22:28.892685+00:00
164f025b-ac32-4a4d-84ac-30f5892ab1da,W21X44,structural_section,W21X44,0.87,0.87,High,true,Burrville ES - ST__0d910a43b4a0.pdf,,approved,,W21X44,,2026-09-09T08:22:53.728132+00:00,2026-09-09T09:22:28.892766+00:00
8d940acf-6570-4bf1-9ea3-137176a4310d,W16X36,structural_section,W16X36,0.87,0.87,High,true,Burrville ES - ST__0d910a43b4a0.pdf,,approved,,W16X36,,2026-09-09T08:22:54.183675+00:00,2026-09-09T09:22:28.892834+00:00
97e62ec4-3dd1-4593-a612-1362bd27ef9f,W12X26,structural_section,W12X26,0.87,0.87,High,true,Burrville ES - ST__0d910a43b4a0.pdf,,approved,,W12X26,,2026-09-09T08:22:54.733202+00:00,2026-09-09T09:22:28.892897+00:00
d48bb2cd-f5f9-49ac-ab95-324038806303,W21X55,structural_section,W21X55,0.87,0.87,High,true,Burrville ES - ST__0d910a43b4a0.pdf,,approved,,W21X55,,2026-09-09T08:22:55.329761+00:00,2026-09-09T09:22:28.892958+00:00
2656fbd5-9f25-42db-af34-a3600bbce614,HSS10X6X3/8,structural_section,HSS10X6X3/8,0.87,0.87,High,true,Burrville ES - ST__0d910a43b4a0.pdf,,approved,,HSS10X6X3/8,,2026-09-09T08:22:55.707350+00:00,2026-09-09T09:22:28.899321+00:00
cfdac7fb-06b5-4e46-b4c6-d09593de50ac,W30X90,structural_section,W30X90,0.87,0.87,High,true,Burrville ES - ST__0d910a43b4a0.pdf,,approved,,W30X90,,2026-09-09T08:22:56.277851+00:00,2026-09-09T09:22:28.905205+00:00
fce281ce-4188-49a3-97b4-0820b1a5ca72,W16X26,structural_section,W16X26,0.87,0.87,High,true,Burrville ES - ST__0d910a43b4a0.pdf,,approved,,W16X26,,2026-09-09T08:22:56.662585+00:00,2026-09-09T09:22:28.911719+00:00
2caebcfa-cd9c-48c2-889c-69e2c3ae2942,W14X22,structural_section,W14X22,0.87,0.87,High,true,Burrville ES - ST__0d910a43b4a0.pdf,,approved,,W14X22,,2026-09-09T08:22:57.038488+00:00,2026-09-09T09:22:28.918157+00:00
e66bfad7-86d1-44d9-8285-710eea102ad6,W18X40,structural_section,W18X40,0.87,0.87,High,true,Burrville ES - ST__0d910a43b4a0.pdf,,approved,,W18X40,,2026-09-09T08:22:57.487754+00:00,2026-09-09T09:22:28.927216+00:00
e26a4945-594d-441b-b2f6-b122b5d368d6,W21X48,structural_section,W21X48,0.87,0.87,High,true,Burrville ES - ST__0d910a43b4a0.pdf,,approved,,W21X48,,2026-09-09T08:23:00.323769+00:00,2026-09-09T09:22:28.933671+00:00
f8417a98-2a00-44a3-ad7d-e8bc62728e1c,HSS20X8X5/8,structural_section,HSS20X8X5/8,0.87,0.87,High,true,Burrville ES - ST__0d910a43b4a0.pdf,,approved,,HSS20X8X5/8,,2026-09-09T08:23:02.856175+00:00,2026-09-09T09:22:28.943648+00:00
84c99ac9-0851-46c9-a262-9b8b67bdebfb,W8x31,structural_section,W8X31,0.87,0.87,High,true,Burrville ES - ST__0d910a43b4a0.pdf,,approved,,W8X31,,2026-09-09T08:23:03.564558+00:00,2026-09-09T09:22:28.948993+00:00
3ed54f16-fb60-474d-a704-794bd626045f,W24X55,structural_section,W24X55,0.87,0.87,High,true,Burrville ES - ST__0d910a43b4a0.pdf,,approved,,W24X55,,2026-09-09T08:23:03.921629+00:00,2026-09-09T09:22:28.949185+00:00
60e7aa58-7e73-4338-a476-9acd98bfb948,HSS6X6X3/8,structural_section,HSS6X6X3/8,0.87,0.87,High,true,Burrville ES - ST__0d910a43b4a0.pdf,,approved,,HSS6X6X3/8,,2026-09-09T08:23:09.687727+00:00,2026-09-09T09:22:28.949289+00:00
17bc653a-5f42-48fc-b65a-fa5b75d1c93e,HSS8X6X3/8,structural_section,HSS8X6X3/8,0.87,0.87,High,true,Burrville ES - ST__0d910a43b4a0.pdf,,approved,,HSS8X6X3/8,,2026-09-09T08:23:10.534297+00:00,2026-09-09T09:22:28.949364+00:00
81f5d70e-23be-4866-b51b-cf987cb55bcf,HSS6X6X1/2,structural_section,HSS6X6X1/2,0.87,0.87,High,true,Burrville ES - ST__0d910a43b4a0.pdf,,approved,,HSS6X6X1/2,,2026-09-09T08:23:11.528200+00:00,2026-09-09T09:22:28.949415+00:00
b298ea1e-a66e-43b4-9213-9023d949a6fb,W8X40,structural_section,W8X40,0.87,0.87,High,true,Burrville ES - ST__0d910a43b4a0.pdf,,approved,,W8X40,,2026-09-09T08:23:14.356695+00:00,2026-09-09T09:22:17.553728+00:00
e920b053-eb27-401d-82d4-1524b70a4089,W18X60,structural_section,W18X60,0.87,0.87,High,true,ST - Springhill Lake__f6ddc4a7e233.pdf,,approved,,W18X60,,2026-09-09T08:30:38.899394+00:00,2026-09-09T09:22:17.553701+00:00
fd322070-8a93-4592-8de5-9c0a318ac969,W16X31,structural_section,W16X31,0.87,0.87,High,true,ST - Springhill Lake__f6ddc4a7e233.pdf,,approved,,W16X31,,2026-09-09T08:30:39.428550+00:00,2026-09-09T09:22:17.553676+00:00
7c0dada1-89ca-4104-895f-ed6763d6d829,W18X71,structural_section,W18X71,0.87,0.87,High,true,ST - Springhill Lake__f6ddc4a7e233.pdf,,approved,,W18X71,,2026-09-09T08:30:40.010939+00:00,2026-09-09T09:22:17.553651+00:00
f2b333ec-1cf6-475b-8cf5-c643c8fca4cf,W18X86,structural_section,W18X86,0.87,0.87,High,true,ST - Springhill Lake__f6ddc4a7e233.pdf,,approved,,W18X86,,2026-09-09T08:30:40.564933+00:00,2026-09-09T09:22:17.553626+00:00
ce24a8a7-44ce-4180-af36-206dca2bf691,W21X68,structural_section,W21X68,0.87,0.87,High,true,ST - Springhill Lake__f6ddc4a7e233.pdf,,approved,,W21X68,,2026-09-09T08:30:42.217446+00:00,2026-09-09T09:22:17.553601+00:00
671861ec-ce7a-4675-8952-7b84d2def692,W18X46,structural_section,W18X46,0.87,0.87,High,true,ST - Springhill Lake__f6ddc4a7e233.pdf,,approved,,W18X46,,2026-09-09T08:30:43.240614+00:00,2026-09-09T09:22:17.553576+00:00
b4040b11-079e-4585-adb2-b1c2735a4ee1,W12X16.,structural_section,W12X16,0.87,0.87,High,true,ST - Springhill Lake__f6ddc4a7e233.pdf,,approved,,W12X16,,2026-09-09T08:30:44.596136+00:00,2026-09-09T09:22:17.553551+00:00
b38acd5e-0505-434c-bec1-ba9392cac6f1,W24X68,structural_section,W24X68,0.87,0.87,High,true,ST - Springhill Lake__f6ddc4a7e233.pdf,,approved,,W24X68,,2026-09-09T08:30:47.612445+00:00,2026-09-09T09:22:17.553526+00:00
2ef89ea9-2aae-4889-8674-04b4c7632896,W24X84,structural_section,W24X84,0.87,0.87,High,true,ST - Springhill Lake__f6ddc4a7e233.pdf,,approved,,W24X84,,2026-09-09T08:30:48.639488+00:00,2026-09-09T09:22:17.553501+00:00
80cf04a5-6e40-4768-add1-65d308cb7e0f,HSS8X8X3/8,structural_section,HSS8X8X3/8,0.87,0.87,High,true,ST - Springhill Lake__f6ddc4a7e233.pdf,,approved,,HSS8X8X3/8,,2026-09-09T08:30:50.911570+00:00,2026-09-09T09:22:17.553475+00:00
acc47e6e-bbf0-4a60-9d2c-0ced1fc03dbc,HSS6X6X5/8,structural_section,HSS6X6X5/8,0.87,0.87,High,true,ST - Springhill Lake__f6ddc4a7e233.pdf,,approved,,HSS6X6X5/8,,2026-09-09T08:30:51.345335+00:00,2026-09-09T09:22:17.553450+00:00
32646598-37d6-4a99-a0ba-cac58e7318a5,WT16.5x59,structural_section,WT16.5X59,0.87,0.87,High,true,ST__0bfc2d61245d.pdf,,approved,,WT16.5X59,,2026-09-09T08:38:10.228363+00:00,2026-09-09T09:22:17.553423+00:00
9698fbcc-843e-4fc8-b853-ab4d2423f737,W8x10,structural_section,W8X10,0.87,0.87,High,true,ST__0bfc2d61245d.pdf,,approved,,W8X10,,2026-09-09T08:38:10.761523+00:00,2026-09-09T09:22:17.553396+00:00
d3c0b211-d7dd-49dc-b2be-2416179e77b9,W12x45,structural_section,W12X45,0.87,0.87,High,true,ST__0bfc2d61245d.pdf,,approved,,W12X45,,2026-09-09T08:38:11.826894+00:00,2026-09-09T09:22:17.553369+00:00
28133c56-2e22-4345-ae5e-3f7011866f52,HSS12x12x1/2,structural_section,HSS12X12X1/2,0.87,0.87,High,true,ST__0bfc2d61245d.pdf,,approved,,HSS12X12X1/2,,2026-09-09T08:38:12.693064+00:00,2026-09-09T09:22:17.553342+00:00
70bac941-298e-4a36-bcd6-e607b7626381,W16x45,structural_section,W16X45,0.87,0.87,High,true,ST__0bfc2d61245d.pdf,,approved,,W16X45,,2026-09-09T08:38:14.521808+00:00,2026-09-09T09:22:17.553313+00:00
4bf84756-d37d-478e-b84e-7f3557635865,HSS8x8x1/2,structural_section,HSS8X8X1/2,0.87,0.87,High,true,ST__0bfc2d61245d.pdf,,approved,,HSS8X8X1/2,,2026-09-09T08:38:14.942110+00:00,2026-09-09T09:22:17.553285+00:00
6ba15657-c0af-4865-b7a3-c6c6f0ce578b,W8x35,structural_section,W8X35,0.87,0.87,High,true,ST__0bfc2d61245d.pdf,,approved,,W8X35,,2026-09-09T08:38:15.588414+00:00,2026-09-09T09:22:17.553249+00:00
e6d21c7f-7ce6-4e12-8d1c-2cfc44805ebe,1/2X 2 1/2X1/4 1/2X1,plate,,0.87,0.87,High,true,Structure - Copy__9414716bffc6.pdf,,rejected,,,,2026-09-09T08:42:47.066090+00:00,2026-09-09T09:22:42.439995+00:00
30f7a150-08a4-4694-8f3b-bc27959a75b1,L6x4x3/8,structural_section,L6X4X3/8,0.87,0.87,High,true,Structure - Copy__9414716bffc6.pdf,,approved,,L6X4X3/8,,2026-09-09T08:42:47.406501+00:00,2026-09-09T09:22:17.553210+00:00
250596ea-8235-45a5-b03c-cb669b5ad2cc,L8X6X1/2,structural_section,L8X6X1/2,0.72,0.72,Medium,true,Structure - Copy__9414716bffc6.pdf,,approved,,L8X6X1/2,,2026-09-09T08:42:47.743827+00:00,2026-09-09T09:22:17.553177+00:00
53b3aa4b-803e-405e-90be-88635cf2a1dd,L6X6X3/8,structural_section,L6X6X3/8,0.72,0.72,Medium,true,Structure - Copy__9414716bffc6.pdf,,approved,,L6X6X3/8,,2026-09-09T08:42:48.079781+00:00,2026-09-09T09:22:17.553139+00:00
127f4dd5-c32f-4ea8-9614-c700029246b3,W10X22,structural_section,W10X22,0.72,0.72,Medium,true,Structure - Copy__9414716bffc6.pdf,,approved,,W10X22,,2026-09-09T08:42:48.417205+00:00,2026-09-09T09:22:17.553082+00:00
d9128e45-b931-4651-8f35-207bf1c6be32,L5X3X5/16,structural_section,L5X3X5/16,0.72,0.72,Medium,true,Structure - Copy__9414716bffc6.pdf,,approved,,L5X3X5/16,,2026-09-09T08:42:48.767857+00:00,2026-09-09T09:22:17.552848+00:00
aecfb4d7-e286-44c6-9e9f-58b36172e270,W18X50,structural_section,W18X50,0.87,0.87,High,true,Burrville ES - ST__0d910a43b4a0.pdf,,rejected,,,,2026-09-09T09:25:20.321781+00:00,2026-09-09T11:49:19.357351+00:00
217559f7-539a-4bb2-8b2a-af030cf37387,W21X50,structural_section,W21X50,0.87,0.87,High,true,Burrville ES - ST__0d910a43b4a0.pdf,,rejected,,,,2026-09-09T09:25:20.919885+00:00,2026-09-09T11:49:19.357549+00:00
a8bc7d7d-eee3-4a46-80b0-fe3462f78743,W18X35,structural_section,W18X35,0.87,0.87,High,true,Burrville ES - ST__0d910a43b4a0.pdf,,rejected,,,,2026-09-09T09:25:21.544036+00:00,2026-09-09T11:49:19.357608+00:00
66865521-4741-474a-b972-b548dbc0ace5,W10X19,structural_section,W10X19,0.87,0.87,High,true,Burrville ES - ST__0d910a43b4a0.pdf,,rejected,,,,2026-09-09T09:25:22.163994+00:00,2026-09-09T11:49:19.357650+00:00
94cf50c1-47c8-4d7a-a4d6-83d9a7d8309a,W12X16,structural_section,W12X16,0.87,0.87,High,true,Burrville ES - ST__0d910a43b4a0.pdf,,rejected,,,,2026-09-09T09:25:23.111106+00:00,2026-09-09T11:49:19.357689+00:00
e58fa059-b1bb-4e4d-a2f9-05c669767b53,W10X15,structural_section,W10X15,0.87,0.87,High,true,Burrville ES - ST__0d910a43b4a0.pdf,,rejected,,,,2026-09-09T09:25:23.489487+00:00,2026-09-09T11:49:19.357726+00:00
af5c53e4-7544-49b7-a7d6-a8358f345893,W21X44,structural_section,W21X44,0.87,0.87,High,true,Burrville ES - ST__0d910a43b4a0.pdf,,rejected,,,,2026-09-09T09:25:23.928879+00:00,2026-09-09T11:49:19.357761+00:00
d8466043-7b34-43d4-8f68-482c50a67ad4,W16X36,structural_section,W16X36,0.87,0.87,High,true,Burrville ES - ST__0d910a43b4a0.pdf,,rejected,,,,2026-09-09T09:25:24.550234+00:00,2026-09-09T11:49:19.357796+00:00
aa1e5679-af29-418c-94c8-d87549098578,W12X26,structural_section,W12X26,0.87,0.87,High,true,Burrville ES - ST__0d910a43b4a0.pdf,,rejected,,,,2026-09-09T09:25:25.255670+00:00,2026-09-09T11:49:19.357829+00:00
b8cdad55-af39-494a-86a3-332af642ef44,W21X55,structural_section,W21X55,0.87,0.87,High,true,Burrville ES - ST__0d910a43b4a0.pdf,,rejected,,,,2026-09-09T09:25:25.954478+00:00,2026-09-09T11:49:19.357863+00:00
97c486d2-c6b6-4870-bc97-f53b568e95f0,HSS10X6X3/8,structural_section,HSS10X6X3/8,0.87,0.87,High,true,Burrville ES - ST__0d910a43b4a0.pdf,,rejected,,,,2026-09-09T09:25:26.419865+00:00,2026-09-09T11:49:19.357895+00:00
67770b77-db1d-4eeb-89b0-dfee35d974b9,W30X90,structural_section,W30X90,0.87,0.87,High,true,Burrville ES - ST__0d910a43b4a0.pdf,,rejected,,,,2026-09-09T09:25:27.113185+00:00,2026-09-09T11:49:19.357929+00:00
b0984f13-e299-4a25-9ba4-27c8c8eb1508,W16X26,structural_section,W16X26,0.87,0.87,High,true,Burrville ES - ST__0d910a43b4a0.pdf,,rejected,,,,2026-09-09T09:25:27.607768+00:00,2026-09-09T11:49:19.357963+00:00
d74d0313-7e7f-41d0-98fe-7bbf7255e06e,W14X22,structural_section,W14X22,0.87,0.87,High,true,Burrville ES - ST__0d910a43b4a0.pdf,,rejected,,,,2026-09-09T09:25:28.039304+00:00,2026-09-09T11:49:19.357997+00:00
794470c0-b719-49f9-b1a8-84356a6b5f19,W18X40,structural_section,W18X40,0.87,0.87,High,true,Burrville ES - ST__0d910a43b4a0.pdf,,rejected,,,,2026-09-09T09:25:28.678953+00:00,2026-09-09T11:49:19.358030+00:00
35ed306c-94ce-4c5c-904f-378a87fd2efd,W21X48,structural_section,W21X48,0.87,0.87,High,true,Burrville ES - ST__0d910a43b4a0.pdf,,rejected,,,,2026-09-09T09:25:31.658846+00:00,2026-09-09T11:49:19.358063+00:00
77f322c6-6568-4256-aed9-c99383fab571,HSS20X8X5/8,structural_section,HSS20X8X5/8,0.87,0.87,High,true,Burrville ES - ST__0d910a43b4a0.pdf,,rejected,,,,2026-09-09T09:25:34.354998+00:00,2026-09-09T11:49:19.358094+00:00
b71b4689-c3a8-47af-8084-0eb12405b344,W8x31,structural_section,W8X31,0.87,0.87,High,true,Burrville ES - ST__0d910a43b4a0.pdf,,rejected,,,,2026-09-09T09:25:35.017777+00:00,2026-09-09T11:49:19.358127+00:00
4d72be27-ad8c-4a0f-b501-13842dd88595,W24X55,structural_section,W24X55,0.87,0.87,High,true,Burrville ES - ST__0d910a43b4a0.pdf,,rejected,,,,2026-09-09T09:25:35.471898+00:00,2026-09-09T11:49:19.358159+00:00
12410f6b-c07f-438e-9812-c5c8c1607b78,HSS6X6X3/8,structural_section,HSS6X6X3/8,0.87,0.87,High,true,Burrville ES - ST__0d910a43b4a0.pdf,,rejected,,,,2026-09-09T09:25:41.895689+00:00,2026-09-09T11:49:19.358192+00:00
6f475d1a-a598-4191-9a48-5818aea1ad79,HSS8X6X3/8,structural_section,HSS8X6X3/8,0.87,0.87,High,true,Burrville ES - ST__0d910a43b4a0.pdf,,rejected,,,,2026-09-09T09:25:42.679340+00:00,2026-09-09T11:49:19.358224+00:00
8b2e3fa9-b847-4df2-8ddc-05e9ee2cc417,HSS6X6X1/2,structural_section,HSS6X6X1/2,0.87,0.87,High,true,Burrville ES - ST__0d910a43b4a0.pdf,,rejected,,,,2026-09-09T09:25:43.758899+00:00,2026-09-09T11:49:19.358257+00:00
069f7a60-c647-4da3-aff9-5b81f2fdeab1,W8X40,structural_section,W8X40,0.87,0.87,High,true,Burrville ES - ST__0d910a43b4a0.pdf,,rejected,,,,2026-09-09T09:25:46.620234+00:00,2026-09-09T11:49:19.358289+00:00
e2f59f6b-8824-404b-8858-0e28d83b83fc,W18X60,structural_section,W18X60,0.87,0.87,High,true,ST - Springhill Lake__f6ddc4a7e233.pdf,,rejected,,,,2026-09-09T09:29:32.923415+00:00,2026-09-09T11:49:19.358327+00:00
bcdb2772-7df4-45c2-a067-124f6df0b758,W16X31,structural_section,W16X31,0.87,0.87,High,true,ST - Springhill Lake__f6ddc4a7e233.pdf,,rejected,,,,2026-09-09T09:29:33.549059+00:00,2026-09-09T11:49:19.358359+00:00
515fc298-4943-469a-960e-458c80ef100b,W18X71,structural_section,W18X71,0.87,0.87,High,true,ST - Springhill Lake__f6ddc4a7e233.pdf,,rejected,,,,2026-09-09T09:29:34.348681+00:00,2026-09-09T11:49:19.358392+00:00
3481608a-a286-46d6-bf7b-604ba652cc3b,W18X86,structural_section,W18X86,0.87,0.87,High,true,ST - Springhill Lake__f6ddc4a7e233.pdf,,rejected,,,,2026-09-09T09:29:35.093057+00:00,2026-09-09T11:49:19.358424+00:00
97834ced-6860-4593-bb54-250473a1b985,W21X68,structural_section,W21X68,0.87,0.87,High,true,ST - Springhill Lake__f6ddc4a7e233.pdf,,rejected,,,,2026-09-09T09:29:36.888134+00:00,2026-09-09T11:49:19.358457+00:00
f6857fb5-d13f-431f-abee-e2e9d0c3d9fa,W18X46,structural_section,W18X46,0.87,0.87,High,true,ST - Springhill Lake__f6ddc4a7e233.pdf,,rejected,,,,2026-09-09T09:29:38.043542+00:00,2026-09-09T11:49:19.358489+00:00
6c4c7383-5480-474d-b204-51b1b4a13bb4,W12X16.,structural_section,W12X16,0.87,0.87,High,true,ST - Springhill Lake__f6ddc4a7e233.pdf,,rejected,,,,2026-09-09T09:29:39.589330+00:00,2026-09-09T11:49:19.358523+00:00
1255350f-c467-41dc-89ad-49ff1f2a8669,W24X68,structural_section,W24X68,0.87,0.87,High,true,ST - Springhill Lake__f6ddc4a7e233.pdf,,rejected,,,,2026-09-09T09:29:42.839311+00:00,2026-09-09T11:49:19.358554+00:00
3d2edf95-46de-42f9-ac04-42b84a732973,W24X84,structural_section,W24X84,0.87,0.87,High,true,ST - Springhill Lake__f6ddc4a7e233.pdf,,rejected,,,,2026-09-09T09:29:44.051157+00:00,2026-09-09T11:49:19.358587+00:00
16b34d0b-728b-46b4-9428-e663d284a18a,HSS6X6X5/8,structural_section,HSS6X6X5/8,0.87,0.87,High,true,ST - Springhill Lake__f6ddc4a7e233.pdf,,rejected,,,,2026-09-09T09:29:46.501236+00:00,2026-09-09T11:49:19.358619+00:00
15215175-f153-49c1-b844-f0356ffdd993,HSS8X8X3/8,structural_section,HSS8X8X3/8,0.87,0.87,High,true,ST - Springhill Lake__f6ddc4a7e233.pdf,,rejected,,,,2026-09-09T09:29:47.028406+00:00,2026-09-09T11:49:19.358651+00:00
98ec3cb7-4b7f-44a2-b15b-adcf6a89ee52,W18X50,structural_section,W18X50,0.87,0.87,High,true,Burrville ES - ST__0d910a43b4a0.pdf,,pending,,,,2026-09-09T11:52:53.309588+00:00,2026-09-09T11:52:53.309588+00:00
5f3ef9d0-76fc-47d3-9da0-d66987530e7c,W21X50,structural_section,W21X50,0.87,0.87,High,true,Burrville ES - ST__0d910a43b4a0.pdf,,pending,,,,2026-09-09T11:52:54.147000+00:00,2026-09-09T11:52:54.147000+00:00
8cb32cc5-90bf-4972-95cd-7cbc762518c1,W18X35,structural_section,W18X35,0.87,0.87,High,true,Burrville ES - ST__0d910a43b4a0.pdf,,pending,,,,2026-09-09T11:52:54.771190+00:00,2026-09-09T11:52:54.771190+00:00
d87901af-cc65-44dc-8a9d-21b1999ea292,W10X19,structural_section,W10X19,0.87,0.87,High,true,Burrville ES - ST__0d910a43b4a0.pdf,,pending,,,,2026-09-09T11:52:55.561631+00:00,2026-09-09T11:52:55.561631+00:00
96375fb2-202d-4f43-9808-e4ef81866d9a,W12X16,structural_section,W12X16,0.87,0.87,High,true,Burrville ES - ST__0d910a43b4a0.pdf,,pending,,,,2026-09-09T11:52:56.821174+00:00,2026-09-09T11:52:56.821174+00:00
3fcab629-a63d-4f07-9028-9b66af4b8843,W10X15,structural_section,W10X15,0.87,0.87,High,true,Burrville ES - ST__0d910a43b4a0.pdf,,pending,,,,2026-09-09T11:52:57.401505+00:00,2026-09-09T11:52:57.401505+00:00
7681d037-1d5e-40d4-a484-fbf004684dc2,W21X44,structural_section,W21X44,0.87,0.87,High,true,Burrville ES - ST__0d910a43b4a0.pdf,,pending,,,,2026-09-09T11:52:57.935996+00:00,2026-09-09T11:52:57.935996+00:00
231fd35e-9232-40c7-a843-130180d6c0a1,W16X36,structural_section,W16X36,0.87,0.87,High,true,Burrville ES - ST__0d910a43b4a0.pdf,,pending,,,,2026-09-09T11:52:58.645019+00:00,2026-09-09T11:52:58.645019+00:00
d2833c06-bdb1-4c0d-baa1-e07222eaebfa,W12X26,structural_section,W12X26,0.87,0.87,High,true,Burrville ES - ST__0d910a43b4a0.pdf,,pending,,,,2026-09-09T11:52:59.438348+00:00,2026-09-09T11:52:59.438348+00:00
da896cc8-6af5-4b72-a19d-76f4ef59c665,W21X55,structural_section,W21X55,0.87,0.87,High,true,Burrville ES - ST__0d910a43b4a0.pdf,,pending,,,,2026-09-09T11:53:00.203615+00:00,2026-09-09T11:53:00.203615+00:00
6d72fc59-3d83-4703-b307-df576ddb80e6,HSS10X6X3/8,structural_section,HSS10X6X3/8,0.87,0.87,High,true,Burrville ES - ST__0d910a43b4a0.pdf,,pending,,,,2026-09-09T11:53:00.742400+00:00,2026-09-09T11:53:00.742400+00:00
2ade14e3-6abe-4052-ad78-56e5152b34be,W30X90,structural_section,W30X90,0.87,0.87,High,true,Burrville ES - ST__0d910a43b4a0.pdf,,pending,,,,2026-09-09T11:53:01.520184+00:00,2026-09-09T11:53:01.520184+00:00
2f33d428-41f5-4e57-b496-e838bc9a3554,W16X26,structural_section,W16X26,0.87,0.87,High,true,Burrville ES - ST__0d910a43b4a0.pdf,,pending,,,,2026-09-09T11:53:02.040724+00:00,2026-09-09T11:53:02.040724+00:00
857e44e6-70b3-4850-9b7d-5ec24dd9808b,W14X22,structural_section,W14X22,0.87,0.87,High,true,Burrville ES - ST__0d910a43b4a0.pdf,,pending,,,,2026-09-09T11:53:02.559050+00:00,2026-09-09T11:53:02.559050+00:00
a5fb4edf-5815-47fe-9774-f4bb49f36cc2,W18X40,structural_section,W18X40,0.87,0.87,High,true,Burrville ES - ST__0d910a43b4a0.pdf,,pending,,,,2026-09-09T11:53:03.168587+00:00,2026-09-09T11:53:03.168587+00:00
a9e1a885-f9fd-4156-be49-1b5bed0d6259,W21X48,structural_section,W21X48,0.87,0.87,High,true,Burrville ES - ST__0d910a43b4a0.pdf,,pending,,,,2026-09-09T11:53:06.913482+00:00,2026-09-09T11:53:06.913482+00:00
0123b3c0-a5a1-4afa-994a-5ac4381a5788,HSS20X8X5/8,structural_section,HSS20X8X5/8,0.87,0.87,High,true,Burrville ES - ST__0d910a43b4a0.pdf,,pending,,,,2026-09-09T11:53:10.207918+00:00,2026-09-09T11:53:10.207918+00:00
9e5d51a4-4728-4b39-b712-e606ef627ef7,W8x31,structural_section,W8X31,0.87,0.87,High,true,Burrville ES - ST__0d910a43b4a0.pdf,,pending,,,,2026-09-09T11:53:11.086209+00:00,2026-09-09T11:53:11.086209+00:00
fcf5a381-5cca-498f-8c11-df5ec414f449,W24X55,structural_section,W24X55,0.87,0.87,High,true,Burrville ES - ST__0d910a43b4a0.pdf,,pending,,,,2026-09-09T11:53:11.613856+00:00,2026-09-09T11:53:11.613856+00:00
d85710a2-f126-41e7-bfe9-01bb4b0476e8,HSS6X6X3/8,structural_section,HSS6X6X3/8,0.87,0.87,High,true,Burrville ES - ST__0d910a43b4a0.pdf,,pending,,,,2026-09-09T11:53:19.764016+00:00,2026-09-09T11:53:19.764016+00:00
2c94b320-ca27-4e22-9107-d6c010d634dd,HSS8X6X3/8,structural_section,HSS8X6X3/8,0.87,0.87,High,true,Burrville ES - ST__0d910a43b4a0.pdf,,pending,,,,2026-09-09T11:53:20.812121+00:00,2026-09-09T11:53:20.812121+00:00
47255185-5969-4f00-9783-77217b27e630,HSS6X6X1/2,structural_section,HSS6X6X1/2,0.87,0.87,High,true,Burrville ES - ST__0d910a43b4a0.pdf,,pending,,,,2026-09-09T11:53:22.139347+00:00,2026-09-09T11:53:22.139347+00:00
290c1672-843b-4613-82fb-f7b44d421982,W8X40,structural_section,W8X40,0.87,0.87,High,true,Burrville ES - ST__0d910a43b4a0.pdf,,pending,,,,2026-09-09T11:53:25.826087+00:00,2026-09-09T11:53:25.826087+00:00
