record_id,project_id,document_id,page_number,sheet_id,schedule_id,schedule_title_raw,schedule_class,region_bbox,location_or_grid_raw,location_or_grid_normalized,level_raw,level_normalized,raw_cell_text,canonical_section,catalog_valid,member_role,lifecycle_status,physical_semantics,member_extent,continuation_inheritance,physical_segment_count,plan_corroboration_status,explicit_quantity,count_candidate,exclusion_reason,source_cell_bbox,header_path,proposal_method,extraction_review_status,physical_review_status,reviewer_notes
REAL-Burrville_p28-001,Burrville,REAL-Burrville,28,S-501,REAL-Burrville-p28-M1,COLUMN SCHEDULE,level_location_matrix,"[172.7, 140.6, 2555.1, 708.1]",A-6.5,A-6.5,"UPPER LEVEL (14' - 6"") -> MAIN ROOF (29' - 0"")","UPPER LEVEL (14' - 6"") -> MAIN ROOF (29' - 0"")",W10X33,W10X33,True,column,unknown,unknown,,unknown,,unknown,,False,,"[269.8, 401.2, 282.4, 441.0]","[""COLUMN SCHEDULE"", ""Column Locations: A-6.5"", ""Level interval: UPPER LEVEL (14' - 6\"") -> MAIN ROOF (29' - 0\"")""]",rotated_label_in_ruled_strip_between_level_datums,PENDING_REVIEW,PENDING_REVIEW,
REAL-Burrville_p28-002,Burrville,REAL-Burrville,28,S-501,REAL-Burrville-p28-M1,COLUMN SCHEDULE,level_location_matrix,"[172.7, 140.6, 2555.1, 708.1]",A-7,A-7,"UPPER LEVEL (14' - 6"") -> MAIN ROOF (29' - 0"")","UPPER LEVEL (14' - 6"") -> MAIN ROOF (29' - 0"")",W10X33,W10X33,True,column,unknown,unknown,,unknown,,unknown,,False,,"[339.8, 398.9, 352.3, 438.7]","[""COLUMN SCHEDULE"", ""Column Locations: A-7"", ""Level interval: UPPER LEVEL (14' - 6\"") -> MAIN ROOF (29' - 0\"")""]",rotated_label_in_ruled_strip_between_level_datums,PENDING_REVIEW,PENDING_REVIEW,
REAL-Burrville_p28-003,Burrville,REAL-Burrville,28,S-501,REAL-Burrville-p28-M1,COLUMN SCHEDULE,level_location_matrix,"[172.7, 140.6, 2555.1, 708.1]",A-8,A-8,"UPPER LEVEL (14' - 6"") -> MAIN ROOF (29' - 0"")","UPPER LEVEL (14' - 6"") -> MAIN ROOF (29' - 0"")",W10X33,W10X33,True,column,unknown,unknown,,unknown,,unknown,,False,,"[415.4, 398.9, 427.9, 438.7]","[""COLUMN SCHEDULE"", ""Column Locations: A-8"", ""Level interval: UPPER LEVEL (14' - 6\"") -> MAIN ROOF (29' - 0\"")""]",rotated_label_in_ruled_strip_between_level_datums,PENDING_REVIEW,PENDING_REVIEW,
REAL-Burrville_p28-004,Burrville,REAL-Burrville,28,S-501,REAL-Burrville-p28-M1,COLUMN SCHEDULE,level_location_matrix,"[172.7, 140.6, 2555.1, 708.1]",A-9,A-9,"UPPER LEVEL (14' - 6"") -> MAIN ROOF (29' - 0"")","UPPER LEVEL (14' - 6"") -> MAIN ROOF (29' - 0"")",W10X33,W10X33,True,column,unknown,unknown,,unknown,,unknown,,False,,"[486.6, 398.9, 499.2, 438.7]","[""COLUMN SCHEDULE"", ""Column Locations: A-9"", ""Level interval: UPPER LEVEL (14' - 6\"") -> MAIN ROOF (29' - 0\"")""]",rotated_label_in_ruled_strip_between_level_datums,PENDING_REVIEW,PENDING_REVIEW,
REAL-Burrville_p28-005,Burrville,REAL-Burrville,28,S-501,REAL-Burrville-p28-M1,COLUMN SCHEDULE,level_location_matrix,"[172.7, 140.6, 2555.1, 708.1]",A-9',A-9',"UPPER LEVEL (14' - 6"") -> MAIN ROOF (29' - 0"")","UPPER LEVEL (14' - 6"") -> MAIN ROOF (29' - 0"")",W10X33,W10X33,True,column,unknown,unknown,,unknown,,unknown,,False,,"[558.6, 398.9, 571.2, 438.7]","[""COLUMN SCHEDULE"", ""Column Locations: A-9'"", ""Level interval: UPPER LEVEL (14' - 6\"") -> MAIN ROOF (29' - 0\"")""]",rotated_label_in_ruled_strip_between_level_datums,PENDING_REVIEW,PENDING_REVIEW,
REAL-Burrville_p28-006,Burrville,REAL-Burrville,28,S-501,REAL-Burrville-p28-M1,COLUMN SCHEDULE,level_location_matrix,"[172.7, 140.6, 2555.1, 708.1]",A-10,A-10,"UPPER LEVEL (14' - 6"") -> MAIN ROOF (29' - 0"")","UPPER LEVEL (14' - 6"") -> MAIN ROOF (29' - 0"")",W10X33,W10X33,True,column,unknown,unknown,,unknown,,unknown,,False,,"[630.6, 398.9, 643.2, 438.7]","[""COLUMN SCHEDULE"", ""Column Locations: A-10"", ""Level interval: UPPER LEVEL (14' - 6\"") -> MAIN ROOF (29' - 0\"")""]",rotated_label_in_ruled_strip_between_level_datums,PENDING_REVIEW,PENDING_REVIEW,
REAL-Burrville_p28-007,Burrville,REAL-Burrville,28,S-501,REAL-Burrville-p28-M1,COLUMN SCHEDULE,level_location_matrix,"[172.7, 140.6, 2555.1, 708.1]",A-10.9,A-10.9,"UPPER LEVEL (14' - 6"") -> MAIN ROOF (29' - 0"")","UPPER LEVEL (14' - 6"") -> MAIN ROOF (29' - 0"")",W10X33,W10X33,True,column,unknown,unknown,,unknown,,unknown,,False,,"[702.6, 398.9, 715.2, 438.7]","[""COLUMN SCHEDULE"", ""Column Locations: A-10.9"", ""Level interval: UPPER LEVEL (14' - 6\"") -> MAIN ROOF (29' - 0\"")""]",rotated_label_in_ruled_strip_between_level_datums,PENDING_REVIEW,PENDING_REVIEW,
REAL-Burrville_p28-008,Burrville,REAL-Burrville,28,S-501,REAL-Burrville-p28-M1,COLUMN SCHEDULE,level_location_matrix,"[172.7, 140.6, 2555.1, 708.1]",A-11.6,A-11.6,"UPPER LEVEL (14' - 6"") -> MAIN ROOF (29' - 0"")","UPPER LEVEL (14' - 6"") -> MAIN ROOF (29' - 0"")",W10X33,W10X33,True,column,unknown,unknown,,unknown,,unknown,,False,,"[774.6, 398.9, 787.2, 438.7]","[""COLUMN SCHEDULE"", ""Column Locations: A-11.6"", ""Level interval: UPPER LEVEL (14' - 6\"") -> MAIN ROOF (29' - 0\"")""]",rotated_label_in_ruled_strip_between_level_datums,PENDING_REVIEW,PENDING_REVIEW,
REAL-Burrville_p28-009,Burrville,REAL-Burrville,28,S-501,REAL-Burrville-p28-M1,COLUMN SCHEDULE,level_location_matrix,"[172.7, 140.6, 2555.1, 708.1]",A.4'-0.7,A.4'-0.7,"UPPER LEVEL (14' - 6"") -> MAIN ROOF (29' - 0"")","UPPER LEVEL (14' - 6"") -> MAIN ROOF (29' - 0"")",W10X33,W10X33,True,column,unknown,unknown,,unknown,,unknown,,False,,"[846.6, 398.9, 859.2, 438.7]","[""COLUMN SCHEDULE"", ""Column Locations: A.4'-0.7"", ""Level interval: UPPER LEVEL (14' - 6\"") -> MAIN ROOF (29' - 0\"")""]",rotated_label_in_ruled_strip_between_level_datums,PENDING_REVIEW,PENDING_REVIEW,
REAL-Burrville_p28-010,Burrville,REAL-Burrville,28,S-501,REAL-Burrville-p28-M1,COLUMN SCHEDULE,level_location_matrix,"[172.7, 140.6, 2555.1, 708.1]",A.7-10.8,A.7-10.8,"UPPER LEVEL (14' - 6"") -> MAIN ROOF (29' - 0"")","UPPER LEVEL (14' - 6"") -> MAIN ROOF (29' - 0"")",W10X45,W10X45,True,column,unknown,unknown,,unknown,,unknown,,False,,"[918.6, 398.9, 931.2, 438.7]","[""COLUMN SCHEDULE"", ""Column Locations: A.7-10.8"", ""Level interval: UPPER LEVEL (14' - 6\"") -> MAIN ROOF (29' - 0\"")""]",rotated_label_in_ruled_strip_between_level_datums,PENDING_REVIEW,PENDING_REVIEW,
REAL-Burrville_p28-011,Burrville,REAL-Burrville,28,S-501,REAL-Burrville-p28-M1,COLUMN SCHEDULE,level_location_matrix,"[172.7, 140.6, 2555.1, 708.1]",A.7-11.3,A.7-11.3,"UPPER LEVEL (14' - 6"") -> MAIN ROOF (29' - 0"")","UPPER LEVEL (14' - 6"") -> MAIN ROOF (29' - 0"")",W10X45,W10X45,True,column,unknown,unknown,,unknown,,unknown,,False,,"[990.6, 398.9, 1003.2, 438.7]","[""COLUMN SCHEDULE"", ""Column Locations: A.7-11.3"", ""Level interval: UPPER LEVEL (14' - 6\"") -> MAIN ROOF (29' - 0\"")""]",rotated_label_in_ruled_strip_between_level_datums,PENDING_REVIEW,PENDING_REVIEW,
REAL-Burrville_p28-012,Burrville,REAL-Burrville,28,S-501,REAL-Burrville-p28-M1,COLUMN SCHEDULE,level_location_matrix,"[172.7, 140.6, 2555.1, 708.1]",A.9'-0.7,A.9'-0.7,"UPPER LEVEL (14' - 6"") -> MAIN ROOF (29' - 0"")","UPPER LEVEL (14' - 6"") -> MAIN ROOF (29' - 0"")",W10X33,W10X33,True,column,unknown,unknown,,unknown,,unknown,,False,,"[1062.6, 398.9, 1075.2, 438.7]","[""COLUMN SCHEDULE"", ""Column Locations: A.9'-0.7"", ""Level interval: UPPER LEVEL (14' - 6\"") -> MAIN ROOF (29' - 0\"")""]",rotated_label_in_ruled_strip_between_level_datums,PENDING_REVIEW,PENDING_REVIEW,
REAL-Burrville_p28-013,Burrville,REAL-Burrville,28,S-501,REAL-Burrville-p28-M1,COLUMN SCHEDULE,level_location_matrix,"[172.7, 140.6, 2555.1, 708.1]",B-6.5,B-6.5,"UPPER LEVEL (14' - 6"") -> MAIN ROOF (29' - 0"")","UPPER LEVEL (14' - 6"") -> MAIN ROOF (29' - 0"")",W10X33,W10X33,True,column,unknown,unknown,,unknown,,unknown,,False,,"[1134.6, 401.2, 1147.2, 441.0]","[""COLUMN SCHEDULE"", ""Column Locations: B-6.5"", ""Level interval: UPPER LEVEL (14' - 6\"") -> MAIN ROOF (29' - 0\"")""]",rotated_label_in_ruled_strip_between_level_datums,PENDING_REVIEW,PENDING_REVIEW,
REAL-Burrville_p28-014,Burrville,REAL-Burrville,28,S-501,REAL-Burrville-p28-M1,COLUMN SCHEDULE,level_location_matrix,"[172.7, 140.6, 2555.1, 708.1]",B-7,B-7,"UPPER LEVEL (14' - 6"") -> MAIN ROOF (29' - 0"")","UPPER LEVEL (14' - 6"") -> MAIN ROOF (29' - 0"")",W10X33,W10X33,True,column,unknown,unknown,,unknown,,unknown,,False,,"[1206.6, 398.9, 1219.2, 438.7]","[""COLUMN SCHEDULE"", ""Column Locations: B-7"", ""Level interval: UPPER LEVEL (14' - 6\"") -> MAIN ROOF (29' - 0\"")""]",rotated_label_in_ruled_strip_between_level_datums,PENDING_REVIEW,PENDING_REVIEW,
REAL-Burrville_p28-015,Burrville,REAL-Burrville,28,S-501,REAL-Burrville-p28-M1,COLUMN SCHEDULE,level_location_matrix,"[172.7, 140.6, 2555.1, 708.1]",B-8,B-8,"UPPER LEVEL (14' - 6"") -> MAIN ROOF (29' - 0"")","UPPER LEVEL (14' - 6"") -> MAIN ROOF (29' - 0"")",W10X33,W10X33,True,column,unknown,unknown,,unknown,,unknown,,False,,"[1278.6, 398.9, 1291.2, 438.7]","[""COLUMN SCHEDULE"", ""Column Locations: B-8"", ""Level interval: UPPER LEVEL (14' - 6\"") -> MAIN ROOF (29' - 0\"")""]",rotated_label_in_ruled_strip_between_level_datums,PENDING_REVIEW,PENDING_REVIEW,
REAL-Burrville_p28-016,Burrville,REAL-Burrville,28,S-501,REAL-Burrville-p28-M1,COLUMN SCHEDULE,level_location_matrix,"[172.7, 140.6, 2555.1, 708.1]",B-9,B-9,"UPPER LEVEL (14' - 6"") -> MAIN ROOF (29' - 0"")","UPPER LEVEL (14' - 6"") -> MAIN ROOF (29' - 0"")",W10X33,W10X33,True,column,unknown,unknown,,unknown,,unknown,,False,,"[1350.6, 398.9, 1363.2, 438.7]","[""COLUMN SCHEDULE"", ""Column Locations: B-9"", ""Level interval: UPPER LEVEL (14' - 6\"") -> MAIN ROOF (29' - 0\"")""]",rotated_label_in_ruled_strip_between_level_datums,PENDING_REVIEW,PENDING_REVIEW,
REAL-Burrville_p28-017,Burrville,REAL-Burrville,28,S-501,REAL-Burrville-p28-M1,COLUMN SCHEDULE,level_location_matrix,"[172.7, 140.6, 2555.1, 708.1]",B-10,B-10,"UPPER LEVEL (14' - 6"") -> MAIN ROOF (29' - 0"")","UPPER LEVEL (14' - 6"") -> MAIN ROOF (29' - 0"")",W10X33,W10X33,True,column,unknown,unknown,,unknown,,unknown,,False,,"[1422.6, 398.9, 1435.2, 438.7]","[""COLUMN SCHEDULE"", ""Column Locations: B-10"", ""Level interval: UPPER LEVEL (14' - 6\"") -> MAIN ROOF (29' - 0\"")""]",rotated_label_in_ruled_strip_between_level_datums,PENDING_REVIEW,PENDING_REVIEW,
REAL-Burrville_p28-018,Burrville,REAL-Burrville,28,S-501,REAL-Burrville-p28-M1,COLUMN SCHEDULE,level_location_matrix,"[172.7, 140.6, 2555.1, 708.1]",C-6.6,C-6.6,"UPPER LEVEL (14' - 6"") -> MAIN ROOF (29' - 0"")","UPPER LEVEL (14' - 6"") -> MAIN ROOF (29' - 0"")",W10X33,W10X33,True,column,unknown,unknown,,unknown,,unknown,,False,,"[1494.6, 398.9, 1507.2, 438.7]","[""COLUMN SCHEDULE"", ""Column Locations: C-6.6"", ""Level interval: UPPER LEVEL (14' - 6\"") -> MAIN ROOF (29' - 0\"")""]",rotated_label_in_ruled_strip_between_level_datums,PENDING_REVIEW,PENDING_REVIEW,
REAL-Burrville_p28-019,Burrville,REAL-Burrville,28,S-501,REAL-Burrville-p28-M1,COLUMN SCHEDULE,level_location_matrix,"[172.7, 140.6, 2555.1, 708.1]",C-7,C-7,"UPPER LEVEL (14' - 6"") -> MAIN ROOF (29' - 0"")","UPPER LEVEL (14' - 6"") -> MAIN ROOF (29' - 0"")",W10X33,W10X33,True,column,unknown,unknown,,unknown,,unknown,,False,,"[1566.6, 398.9, 1579.2, 438.7]","[""COLUMN SCHEDULE"", ""Column Locations: C-7"", ""Level interval: UPPER LEVEL (14' - 6\"") -> MAIN ROOF (29' - 0\"")""]",rotated_label_in_ruled_strip_between_level_datums,PENDING_REVIEW,PENDING_REVIEW,
REAL-Burrville_p28-020,Burrville,REAL-Burrville,28,S-501,REAL-Burrville-p28-M1,COLUMN SCHEDULE,level_location_matrix,"[172.7, 140.6, 2555.1, 708.1]",C-8,C-8,"UPPER LEVEL (14' - 6"") -> MAIN ROOF (29' - 0"")","UPPER LEVEL (14' - 6"") -> MAIN ROOF (29' - 0"")",W10X33,W10X33,True,column,unknown,unknown,,unknown,,unknown,,False,,"[1638.6, 398.9, 1651.2, 438.7]","[""COLUMN SCHEDULE"", ""Column Locations: C-8"", ""Level interval: UPPER LEVEL (14' - 6\"") -> MAIN ROOF (29' - 0\"")""]",rotated_label_in_ruled_strip_between_level_datums,PENDING_REVIEW,PENDING_REVIEW,
REAL-Burrville_p28-021,Burrville,REAL-Burrville,28,S-501,REAL-Burrville-p28-M1,COLUMN SCHEDULE,level_location_matrix,"[172.7, 140.6, 2555.1, 708.1]",C-9,C-9,"UPPER LEVEL (14' - 6"") -> MAIN ROOF (29' - 0"")","UPPER LEVEL (14' - 6"") -> MAIN ROOF (29' - 0"")",W10X45,W10X45,True,column,unknown,unknown,,unknown,,unknown,,False,,"[1710.6, 398.9, 1723.2, 438.7]","[""COLUMN SCHEDULE"", ""Column Locations: C-9"", ""Level interval: UPPER LEVEL (14' - 6\"") -> MAIN ROOF (29' - 0\"")""]",rotated_label_in_ruled_strip_between_level_datums,PENDING_REVIEW,PENDING_REVIEW,
REAL-Burrville_p28-022,Burrville,REAL-Burrville,28,S-501,REAL-Burrville-p28-M1,COLUMN SCHEDULE,level_location_matrix,"[172.7, 140.6, 2555.1, 708.1]",C-10,C-10,"UPPER LEVEL (14' - 6"") -> MAIN ROOF (29' - 0"")","UPPER LEVEL (14' - 6"") -> MAIN ROOF (29' - 0"")",W10X33,W10X33,True,column,unknown,unknown,,unknown,,unknown,,False,,"[1782.6, 398.9, 1795.2, 438.7]","[""COLUMN SCHEDULE"", ""Column Locations: C-10"", ""Level interval: UPPER LEVEL (14' - 6\"") -> MAIN ROOF (29' - 0\"")""]",rotated_label_in_ruled_strip_between_level_datums,PENDING_REVIEW,PENDING_REVIEW,
REAL-Burrville_p28-023,Burrville,REAL-Burrville,28,S-501,REAL-Burrville-p28-M1,COLUMN SCHEDULE,level_location_matrix,"[172.7, 140.6, 2555.1, 708.1]",C-11,C-11,"UPPER LEVEL (14' - 6"") -> MAIN ROOF (29' - 0"")","UPPER LEVEL (14' - 6"") -> MAIN ROOF (29' - 0"")",W10X33,W10X33,True,column,unknown,unknown,,unknown,,unknown,,False,,"[1854.6, 398.9, 1867.2, 438.7]","[""COLUMN SCHEDULE"", ""Column Locations: C-11"", ""Level interval: UPPER LEVEL (14' - 6\"") -> MAIN ROOF (29' - 0\"")""]",rotated_label_in_ruled_strip_between_level_datums,PENDING_REVIEW,PENDING_REVIEW,
REAL-Burrville_p28-024,Burrville,REAL-Burrville,28,S-501,REAL-Burrville-p28-M1,COLUMN SCHEDULE,level_location_matrix,"[172.7, 140.6, 2555.1, 708.1]",C-11.5,C-11.5,,,,,False,column,unknown,unknown,,unknown,,unknown,,False,no_section_label_found,"[1924.9, 686.0, 1953.1, 695.5]","[""COLUMN SCHEDULE"", ""Column Locations: C-11.5"", ""Level interval: (none found)""]",strip_without_label,PENDING_REVIEW,PENDING_REVIEW,
REAL-Burrville_p28-025,Burrville,REAL-Burrville,28,S-501,REAL-Burrville-p28-M1,COLUMN SCHEDULE,level_location_matrix,"[172.7, 140.6, 2555.1, 708.1]",C.3'-0.7,C.3'-0.7,"UPPER LEVEL (14' - 6"") -> MAIN ROOF (29' - 0"")","UPPER LEVEL (14' - 6"") -> MAIN ROOF (29' - 0"")",W10X33,W10X33,True,column,unknown,unknown,,unknown,,unknown,,False,,"[1998.6, 401.2, 2011.2, 441.0]","[""COLUMN SCHEDULE"", ""Column Locations: C.3'-0.7"", ""Level interval: UPPER LEVEL (14' - 6\"") -> MAIN ROOF (29' - 0\"")""]",rotated_label_in_ruled_strip_between_level_datums,PENDING_REVIEW,PENDING_REVIEW,
REAL-Burrville_p28-026,Burrville,REAL-Burrville,28,S-501,REAL-Burrville-p28-M1,COLUMN SCHEDULE,level_location_matrix,"[172.7, 140.6, 2555.1, 708.1]",D-7,D-7,"UPPER LEVEL (14' - 6"") -> MAIN ROOF (29' - 0"")","UPPER LEVEL (14' - 6"") -> MAIN ROOF (29' - 0"")",W10X33,W10X33,True,column,unknown,unknown,,unknown,,unknown,,False,,"[2070.6, 398.9, 2083.2, 438.7]","[""COLUMN SCHEDULE"", ""Column Locations: D-7"", ""Level interval: UPPER LEVEL (14' - 6\"") -> MAIN ROOF (29' - 0\"")""]",rotated_label_in_ruled_strip_between_level_datums,PENDING_REVIEW,PENDING_REVIEW,
REAL-Burrville_p28-027,Burrville,REAL-Burrville,28,S-501,REAL-Burrville-p28-M1,COLUMN SCHEDULE,level_location_matrix,"[172.7, 140.6, 2555.1, 708.1]",D-8,D-8,"UPPER LEVEL (14' - 6"") -> MAIN ROOF (29' - 0"")","UPPER LEVEL (14' - 6"") -> MAIN ROOF (29' - 0"")",W10X33,W10X33,True,column,unknown,unknown,,unknown,,unknown,,False,,"[2142.6, 398.9, 2155.2, 438.7]","[""COLUMN SCHEDULE"", ""Column Locations: D-8"", ""Level interval: UPPER LEVEL (14' - 6\"") -> MAIN ROOF (29' - 0\"")""]",rotated_label_in_ruled_strip_between_level_datums,PENDING_REVIEW,PENDING_REVIEW,
REAL-Burrville_p28-028,Burrville,REAL-Burrville,28,S-501,REAL-Burrville-p28-M1,COLUMN SCHEDULE,level_location_matrix,"[172.7, 140.6, 2555.1, 708.1]",D-9,D-9,"UPPER LEVEL (14' - 6"") -> MAIN ROOF (29' - 0"")","UPPER LEVEL (14' - 6"") -> MAIN ROOF (29' - 0"")",W10X45,W10X45,True,column,unknown,unknown,,unknown,,unknown,,False,,"[2214.6, 398.9, 2227.2, 438.7]","[""COLUMN SCHEDULE"", ""Column Locations: D-9"", ""Level interval: UPPER LEVEL (14' - 6\"") -> MAIN ROOF (29' - 0\"")""]",rotated_label_in_ruled_strip_between_level_datums,PENDING_REVIEW,PENDING_REVIEW,
REAL-Burrville_p28-029,Burrville,REAL-Burrville,28,S-501,REAL-Burrville-p28-M1,COLUMN SCHEDULE,level_location_matrix,"[172.7, 140.6, 2555.1, 708.1]",D-10,D-10,"UPPER LEVEL (14' - 6"") -> MAIN ROOF (29' - 0"")","UPPER LEVEL (14' - 6"") -> MAIN ROOF (29' - 0"")",W10X33,W10X33,True,column,unknown,unknown,,unknown,,unknown,,False,,"[2286.6, 398.9, 2299.2, 438.7]","[""COLUMN SCHEDULE"", ""Column Locations: D-10"", ""Level interval: UPPER LEVEL (14' - 6\"") -> MAIN ROOF (29' - 0\"")""]",rotated_label_in_ruled_strip_between_level_datums,PENDING_REVIEW,PENDING_REVIEW,
REAL-Burrville_p28-030,Burrville,REAL-Burrville,28,S-501,REAL-Burrville-p28-M1,COLUMN SCHEDULE,level_location_matrix,"[172.7, 140.6, 2555.1, 708.1]",D-11,D-11,"UPPER LEVEL (14' - 6"") -> MAIN ROOF (29' - 0"")","UPPER LEVEL (14' - 6"") -> MAIN ROOF (29' - 0"")",W10X33,W10X33,True,column,unknown,unknown,,unknown,,unknown,,False,,"[2358.6, 401.2, 2371.2, 441.0]","[""COLUMN SCHEDULE"", ""Column Locations: D-11"", ""Level interval: UPPER LEVEL (14' - 6\"") -> MAIN ROOF (29' - 0\"")""]",rotated_label_in_ruled_strip_between_level_datums,PENDING_REVIEW,PENDING_REVIEW,
REAL-Burrville_p28-031,Burrville,REAL-Burrville,28,S-501,REAL-Burrville-p28-M1,COLUMN SCHEDULE,level_location_matrix,"[172.7, 140.6, 2555.1, 708.1]",D-11.5,D-11.5,"UPPER LEVEL (14' - 6"") -> MAIN ROOF (29' - 0"")","UPPER LEVEL (14' - 6"") -> MAIN ROOF (29' - 0"")",W10X33,W10X33,True,column,unknown,unknown,,unknown,,unknown,,False,,"[2429.4, 396.8, 2442.0, 436.7]","[""COLUMN SCHEDULE"", ""Column Locations: D-11.5"", ""Level interval: UPPER LEVEL (14' - 6\"") -> MAIN ROOF (29' - 0\"")""]",rotated_label_in_ruled_strip_between_level_datums,PENDING_REVIEW,PENDING_REVIEW,
REAL-Burrville_p28-032,Burrville,REAL-Burrville,28,S-501,REAL-Burrville-p28-M1,COLUMN SCHEDULE,level_location_matrix,"[172.7, 140.6, 2555.1, 708.1]",E-1,E-1,"UPPER LEVEL (14' - 6"") -> MAIN ROOF (29' - 0"")","UPPER LEVEL (14' - 6"") -> MAIN ROOF (29' - 0"")",W10X33,W10X33,True,column,unknown,unknown,,unknown,,unknown,,False,,"[2502.8, 401.2, 2515.3, 441.0]","[""COLUMN SCHEDULE"", ""Column Locations: E-1"", ""Level interval: UPPER LEVEL (14' - 6\"") -> MAIN ROOF (29' - 0\"")""]",rotated_label_in_ruled_strip_between_level_datums,PENDING_REVIEW,PENDING_REVIEW,
REAL-Burrville_p28-033,Burrville,REAL-Burrville,28,S-501,REAL-Burrville-p28-M2,COLUMN SCHEDULE,level_location_matrix,"[172.7, 937.1, 2555.1, 1504.6]",E-3,E-3,"UPPER LEVEL (14' - 6"") -> MAIN ROOF (29' - 0"")","UPPER LEVEL (14' - 6"") -> MAIN ROOF (29' - 0"")",W10X33,W10X33,True,column,unknown,unknown,,unknown,,unknown,,False,,"[268.9, 1195.3, 281.5, 1235.2]","[""COLUMN SCHEDULE"", ""Column Locations: E-3"", ""Level interval: UPPER LEVEL (14' - 6\"") -> MAIN ROOF (29' - 0\"")""]",rotated_label_in_ruled_strip_between_level_datums,PENDING_REVIEW,PENDING_REVIEW,
REAL-Burrville_p28-034,Burrville,REAL-Burrville,28,S-501,REAL-Burrville-p28-M2,COLUMN SCHEDULE,level_location_matrix,"[172.7, 937.1, 2555.1, 1504.6]",E-4,E-4,"UPPER LEVEL (14' - 6"") -> MAIN ROOF (29' - 0"")","UPPER LEVEL (14' - 6"") -> MAIN ROOF (29' - 0"")",W10X33,W10X33,True,column,unknown,unknown,,unknown,,unknown,,False,,"[342.8, 1195.3, 355.3, 1235.2]","[""COLUMN SCHEDULE"", ""Column Locations: E-4"", ""Level interval: UPPER LEVEL (14' - 6\"") -> MAIN ROOF (29' - 0\"")""]",rotated_label_in_ruled_strip_between_level_datums,PENDING_REVIEW,PENDING_REVIEW,
REAL-Burrville_p28-035,Burrville,REAL-Burrville,28,S-501,REAL-Burrville-p28-M2,COLUMN SCHEDULE,level_location_matrix,"[172.7, 937.1, 2555.1, 1504.6]",E-4.15,E-4.15,"UPPER LEVEL (14' - 6"") -> MAIN ROOF (29' - 0"")","UPPER LEVEL (14' - 6"") -> MAIN ROOF (29' - 0"")",W10X33,W10X33,True,column,unknown,unknown,,unknown,,unknown,,False,,"[409.2, 1195.3, 421.8, 1235.2]","[""COLUMN SCHEDULE"", ""Column Locations: E-4.15"", ""Level interval: UPPER LEVEL (14' - 6\"") -> MAIN ROOF (29' - 0\"")""]",rotated_label_in_ruled_strip_between_level_datums,PENDING_REVIEW,PENDING_REVIEW,
REAL-Burrville_p28-036,Burrville,REAL-Burrville,28,S-501,REAL-Burrville-p28-M2,COLUMN SCHEDULE,level_location_matrix,"[172.7, 937.1, 2555.1, 1504.6]",E-5,E-5,"UPPER LEVEL (14' - 6"") -> MAIN ROOF (29' - 0"")","UPPER LEVEL (14' - 6"") -> MAIN ROOF (29' - 0"")",W10X33,W10X33,True,column,unknown,unknown,,unknown,,unknown,,False,,"[485.6, 1195.3, 498.1, 1235.2]","[""COLUMN SCHEDULE"", ""Column Locations: E-5"", ""Level interval: UPPER LEVEL (14' - 6\"") -> MAIN ROOF (29' - 0\"")""]",rotated_label_in_ruled_strip_between_level_datums,PENDING_REVIEW,PENDING_REVIEW,
REAL-Burrville_p28-037,Burrville,REAL-Burrville,28,S-501,REAL-Burrville-p28-M2,COLUMN SCHEDULE,level_location_matrix,"[172.7, 937.1, 2555.1, 1504.6]",E-5.5,E-5.5,"UPPER LEVEL (14' - 6"") -> MAIN ROOF (29' - 0"")","UPPER LEVEL (14' - 6"") -> MAIN ROOF (29' - 0"")",W10X33,W10X33,True,column,unknown,unknown,,unknown,,unknown,,False,,"[557.5, 1195.3, 570.1, 1235.2]","[""COLUMN SCHEDULE"", ""Column Locations: E-5.5"", ""Level interval: UPPER LEVEL (14' - 6\"") -> MAIN ROOF (29' - 0\"")""]",rotated_label_in_ruled_strip_between_level_datums,PENDING_REVIEW,PENDING_REVIEW,
REAL-Burrville_p28-038,Burrville,REAL-Burrville,28,S-501,REAL-Burrville-p28-M2,COLUMN SCHEDULE,level_location_matrix,"[172.7, 937.1, 2555.1, 1504.6]",E-8',E-8',"UPPER LEVEL (14' - 6"") -> MAIN ROOF (29' - 0"")","UPPER LEVEL (14' - 6"") -> MAIN ROOF (29' - 0"")",HSS10X0.625,HSS10.000X0.625,True,column,unknown,unknown,,unknown,,unknown,,False,,"[629.4, 1184.6, 642.0, 1250.6]","[""COLUMN SCHEDULE"", ""Column Locations: E-8'"", ""Level interval: UPPER LEVEL (14' - 6\"") -> MAIN ROOF (29' - 0\"")""]",rotated_label_in_ruled_strip_between_level_datums,PENDING_REVIEW,PENDING_REVIEW,
REAL-Burrville_p28-039,Burrville,REAL-Burrville,28,S-501,REAL-Burrville-p28-M2,COLUMN SCHEDULE,level_location_matrix,"[172.7, 937.1, 2555.1, 1504.6]",F-1,F-1,"UPPER LEVEL (14' - 6"") -> MAIN ROOF (29' - 0"")","UPPER LEVEL (14' - 6"") -> MAIN ROOF (29' - 0"")",W10X54,W10X54,True,column,unknown,unknown,,unknown,,unknown,,False,,"[702.1, 1197.8, 714.7, 1237.7]","[""COLUMN SCHEDULE"", ""Column Locations: F-1"", ""Level interval: UPPER LEVEL (14' - 6\"") -> MAIN ROOF (29' - 0\"")""]",rotated_label_in_ruled_strip_between_level_datums,PENDING_REVIEW,PENDING_REVIEW,
REAL-Burrville_p28-040,Burrville,REAL-Burrville,28,S-501,REAL-Burrville-p28-M2,COLUMN SCHEDULE,level_location_matrix,"[172.7, 937.1, 2555.1, 1504.6]",F-3,F-3,"UPPER LEVEL (14' - 6"") -> MAIN ROOF (29' - 0"")","UPPER LEVEL (14' - 6"") -> MAIN ROOF (29' - 0"")",W10X45,W10X45,True,column,unknown,unknown,,unknown,,unknown,,False,,"[774.1, 1195.3, 786.7, 1235.2]","[""COLUMN SCHEDULE"", ""Column Locations: F-3"", ""Level interval: UPPER LEVEL (14' - 6\"") -> MAIN ROOF (29' - 0\"")""]",rotated_label_in_ruled_strip_between_level_datums,PENDING_REVIEW,PENDING_REVIEW,
REAL-Burrville_p28-041,Burrville,REAL-Burrville,28,S-501,REAL-Burrville-p28-M2,COLUMN SCHEDULE,level_location_matrix,"[172.7, 937.1, 2555.1, 1504.6]",F-4,F-4,"UPPER LEVEL (14' - 6"") -> MAIN ROOF (29' - 0"")","UPPER LEVEL (14' - 6"") -> MAIN ROOF (29' - 0"")",W10X45,W10X45,True,column,unknown,unknown,,unknown,,unknown,,False,,"[846.1, 1194.8, 858.7, 1234.7]","[""COLUMN SCHEDULE"", ""Column Locations: F-4"", ""Level interval: UPPER LEVEL (14' - 6\"") -> MAIN ROOF (29' - 0\"")""]",rotated_label_in_ruled_strip_between_level_datums,PENDING_REVIEW,PENDING_REVIEW,
REAL-Burrville_p28-042,Burrville,REAL-Burrville,28,S-501,REAL-Burrville-p28-M2,COLUMN SCHEDULE,level_location_matrix,"[172.7, 937.1, 2555.1, 1504.6]",F-4.15,F-4.15,"UPPER LEVEL (14' - 6"") -> MAIN ROOF (29' - 0"")","UPPER LEVEL (14' - 6"") -> MAIN ROOF (29' - 0"")",W10X54,W10X54,True,column,unknown,unknown,,unknown,,unknown,,False,,"[918.1, 1195.3, 930.7, 1235.2]","[""COLUMN SCHEDULE"", ""Column Locations: F-4.15"", ""Level interval: UPPER LEVEL (14' - 6\"") -> MAIN ROOF (29' - 0\"")""]",rotated_label_in_ruled_strip_between_level_datums,PENDING_REVIEW,PENDING_REVIEW,
REAL-Burrville_p28-043,Burrville,REAL-Burrville,28,S-501,REAL-Burrville-p28-M2,COLUMN SCHEDULE,level_location_matrix,"[172.7, 937.1, 2555.1, 1504.6]",F-5,F-5,"UPPER LEVEL (14' - 6"") -> MAIN ROOF (29' - 0"")","UPPER LEVEL (14' - 6"") -> MAIN ROOF (29' - 0"")",W10X45,W10X45,True,column,unknown,unknown,,unknown,,unknown,,False,,"[986.7, 1195.3, 999.3, 1235.2]","[""COLUMN SCHEDULE"", ""Column Locations: F-5"", ""Level interval: UPPER LEVEL (14' - 6\"") -> MAIN ROOF (29' - 0\"")""]",rotated_label_in_ruled_strip_between_level_datums,PENDING_REVIEW,PENDING_REVIEW,
REAL-Burrville_p28-044,Burrville,REAL-Burrville,28,S-501,REAL-Burrville-p28-M2,COLUMN SCHEDULE,level_location_matrix,"[172.7, 937.1, 2555.1, 1504.6]","F(-0' - 8"")-5","F(-0'-8"")-5",,,,,False,column,unknown,unknown,,unknown,,unknown,,False,no_section_label_found,"[1051.3, 1482.6, 1098.6, 1492.0]","[""COLUMN SCHEDULE"", ""Column Locations: F(-0' - 8\"")-5"", ""Level interval: (none found)""]",strip_without_label,PENDING_REVIEW,PENDING_REVIEW,
REAL-Burrville_p28-045,Burrville,REAL-Burrville,28,S-501,REAL-Burrville-p28-M2,COLUMN SCHEDULE,level_location_matrix,"[172.7, 937.1, 2555.1, 1504.6]","F(-0' - 8"")-5.5","F(-0'-8"")-5.5",,,,,False,column,unknown,unknown,,unknown,,unknown,,False,no_section_label_found,"[1119.4, 1482.6, 1174.5, 1492.0]","[""COLUMN SCHEDULE"", ""Column Locations: F(-0' - 8\"")-5.5"", ""Level interval: (none found)""]",strip_without_label,PENDING_REVIEW,PENDING_REVIEW,
REAL-Burrville_p28-046,Burrville,REAL-Burrville,28,S-501,REAL-Burrville-p28-M2,COLUMN SCHEDULE,level_location_matrix,"[172.7, 937.1, 2555.1, 1504.6]",F-6,F-6,"UPPER LEVEL (14' - 6"") -> MAIN ROOF (29' - 0"")","UPPER LEVEL (14' - 6"") -> MAIN ROOF (29' - 0"")",W10X54,W10X54,True,column,unknown,unknown,,unknown,,unknown,,False,,"[1198.6, 1197.6, 1211.2, 1237.4]","[""COLUMN SCHEDULE"", ""Column Locations: F-6"", ""Level interval: UPPER LEVEL (14' - 6\"") -> MAIN ROOF (29' - 0\"")""]",rotated_label_in_ruled_strip_between_level_datums,PENDING_REVIEW,PENDING_REVIEW,
REAL-Burrville_p28-047,Burrville,REAL-Burrville,28,S-501,REAL-Burrville-p28-M2,COLUMN SCHEDULE,level_location_matrix,"[172.7, 937.1, 2555.1, 1504.6]",F.1'-8',F.1'-8',"UPPER LEVEL (14' - 6"") -> MAIN ROOF (29' - 0"")","UPPER LEVEL (14' - 6"") -> MAIN ROOF (29' - 0"")",W10X33,W10X33,True,column,unknown,unknown,,unknown,,unknown,,False,,"[1276.3, 1195.3, 1288.9, 1235.2]","[""COLUMN SCHEDULE"", ""Column Locations: F.1'-8'"", ""Level interval: UPPER LEVEL (14' - 6\"") -> MAIN ROOF (29' - 0\"")""]",rotated_label_in_ruled_strip_between_level_datums,PENDING_REVIEW,PENDING_REVIEW,
REAL-Burrville_p28-048,Burrville,REAL-Burrville,28,S-501,REAL-Burrville-p28-M2,COLUMN SCHEDULE,level_location_matrix,"[172.7, 937.1, 2555.1, 1504.6]",F.2-6,F.2-6,"UPPER LEVEL (14' - 6"") -> MAIN ROOF (29' - 0"")","UPPER LEVEL (14' - 6"") -> MAIN ROOF (29' - 0"")",W10X54,W10X54,True,column,unknown,unknown,,unknown,,unknown,,False,,"[1349.7, 1194.8, 1362.3, 1234.7]","[""COLUMN SCHEDULE"", ""Column Locations: F.2-6"", ""Level interval: UPPER LEVEL (14' - 6\"") -> MAIN ROOF (29' - 0\"")""]",rotated_label_in_ruled_strip_between_level_datums,PENDING_REVIEW,PENDING_REVIEW,
REAL-Burrville_p28-049,Burrville,REAL-Burrville,28,S-501,REAL-Burrville-p28-M2,COLUMN SCHEDULE,level_location_matrix,"[172.7, 937.1, 2555.1, 1504.6]",F.2-6.2,F.2-6.2,"GROUND LEVEL (0' - 0"") -> UPPER LEVEL (14' - 6"")","GROUND LEVEL (0' - 0"") -> UPPER LEVEL (14' - 6"")",HSS10X0.500,HSS10.000X0.500,True,column,unknown,unknown,,unknown,,unknown,,False,,"[1420.7, 1314.2, 1433.3, 1380.2]","[""COLUMN SCHEDULE"", ""Column Locations: F.2-6.2"", ""Level interval: GROUND LEVEL (0' - 0\"") -> UPPER LEVEL (14' - 6\"")""]",rotated_label_in_ruled_strip_between_level_datums,PENDING_REVIEW,PENDING_REVIEW,
REAL-Burrville_p28-050,Burrville,REAL-Burrville,28,S-501,REAL-Burrville-p28-M2,COLUMN SCHEDULE,level_location_matrix,"[172.7, 937.1, 2555.1, 1504.6]",F.3-4,F.3-4,"UPPER LEVEL (14' - 6"") -> MAIN ROOF (29' - 0"")","UPPER LEVEL (14' - 6"") -> MAIN ROOF (29' - 0"")",W10X33,W10X33,True,column,unknown,unknown,,unknown,,unknown,,False,,"[1492.8, 1195.3, 1505.4, 1235.2]","[""COLUMN SCHEDULE"", ""Column Locations: F.3-4"", ""Level interval: UPPER LEVEL (14' - 6\"") -> MAIN ROOF (29' - 0\"")""]",rotated_label_in_ruled_strip_between_level_datums,PENDING_REVIEW,PENDING_REVIEW,
REAL-Burrville_p28-051,Burrville,REAL-Burrville,28,S-501,REAL-Burrville-p28-M2,COLUMN SCHEDULE,level_location_matrix,"[172.7, 937.1, 2555.1, 1504.6]",F.3-5,F.3-5,"UPPER LEVEL (14' - 6"") -> MAIN ROOF (29' - 0"")","UPPER LEVEL (14' - 6"") -> MAIN ROOF (29' - 0"")",W10X45,W10X45,True,column,unknown,unknown,,unknown,,unknown,,False,,"[1565.2, 1194.8, 1577.8, 1234.7]","[""COLUMN SCHEDULE"", ""Column Locations: F.3-5"", ""Level interval: UPPER LEVEL (14' - 6\"") -> MAIN ROOF (29' - 0\"")""]",rotated_label_in_ruled_strip_between_level_datums,PENDING_REVIEW,PENDING_REVIEW,
REAL-Burrville_p28-052,Burrville,REAL-Burrville,28,S-501,REAL-Burrville-p28-M2,COLUMN SCHEDULE,level_location_matrix,"[172.7, 937.1, 2555.1, 1504.6]",F.3-5.3,F.3-5.3,"UPPER LEVEL (14' - 6"") -> MAIN ROOF (29' - 0"")","UPPER LEVEL (14' - 6"") -> MAIN ROOF (29' - 0"")",W10X33,W10X33,True,column,unknown,unknown,,unknown,,unknown,,False,,"[1628.3, 1197.6, 1640.9, 1237.4]","[""COLUMN SCHEDULE"", ""Column Locations: F.3-5.3"", ""Level interval: UPPER LEVEL (14' - 6\"") -> MAIN ROOF (29' - 0\"")""]",rotated_label_in_ruled_strip_between_level_datums,PENDING_REVIEW,PENDING_REVIEW,
REAL-Burrville_p28-053,Burrville,REAL-Burrville,28,S-501,REAL-Burrville-p28-M2,COLUMN SCHEDULE,level_location_matrix,"[172.7, 937.1, 2555.1, 1504.6]",F.5-1,F.5-1,"UPPER LEVEL (14' - 6"") -> MAIN ROOF (29' - 0"")","UPPER LEVEL (14' - 6"") -> MAIN ROOF (29' - 0"")",W10X54,W10X54,True,column,unknown,unknown,,unknown,,unknown,,False,,"[1711.3, 1197.8, 1723.9, 1237.7]","[""COLUMN SCHEDULE"", ""Column Locations: F.5-1"", ""Level interval: UPPER LEVEL (14' - 6\"") -> MAIN ROOF (29' - 0\"")""]",rotated_label_in_ruled_strip_between_level_datums,PENDING_REVIEW,PENDING_REVIEW,
REAL-Burrville_p28-054,Burrville,REAL-Burrville,28,S-501,REAL-Burrville-p28-M2,COLUMN SCHEDULE,level_location_matrix,"[172.7, 937.1, 2555.1, 1504.6]",F.5-3,F.5-3,"UPPER LEVEL (14' - 6"") -> MAIN ROOF (29' - 0"")","UPPER LEVEL (14' - 6"") -> MAIN ROOF (29' - 0"")",W10X49,W10X49,True,column,unknown,unknown,,unknown,,unknown,,False,,"[1783.3, 1195.3, 1795.9, 1235.2]","[""COLUMN SCHEDULE"", ""Column Locations: F.5-3"", ""Level interval: UPPER LEVEL (14' - 6\"") -> MAIN ROOF (29' - 0\"")""]",rotated_label_in_ruled_strip_between_level_datums,PENDING_REVIEW,PENDING_REVIEW,
REAL-Burrville_p28-055,Burrville,REAL-Burrville,28,S-501,REAL-Burrville-p28-M2,COLUMN SCHEDULE,level_location_matrix,"[172.7, 937.1, 2555.1, 1504.6]",F.7-6,F.7-6,"UPPER LEVEL (14' - 6"") -> MAIN ROOF (29' - 0"")","UPPER LEVEL (14' - 6"") -> MAIN ROOF (29' - 0"")",W10X54,W10X54,True,column,unknown,unknown,,unknown,,unknown,,False,,"[1850.0, 1197.6, 1862.5, 1237.4]","[""COLUMN SCHEDULE"", ""Column Locations: F.7-6"", ""Level interval: UPPER LEVEL (14' - 6\"") -> MAIN ROOF (29' - 0\"")""]",rotated_label_in_ruled_strip_between_level_datums,PENDING_REVIEW,PENDING_REVIEW,
REAL-Burrville_p28-056,Burrville,REAL-Burrville,28,S-501,REAL-Burrville-p28-M2,COLUMN SCHEDULE,level_location_matrix,"[172.7, 937.1, 2555.1, 1504.6]","G(-1' - 6"")-1","G(-1'-6"")-1","UPPER LEVEL (14' - 6"") -> MAIN ROOF (29' - 0"")","UPPER LEVEL (14' - 6"") -> MAIN ROOF (29' - 0"")",W10X60,W10X60,True,column,unknown,unknown,,unknown,,unknown,,False,,"[1926.6, 1197.8, 1939.2, 1237.7]","[""COLUMN SCHEDULE"", ""Column Locations: G(-1' - 6\"")-1"", ""Level interval: UPPER LEVEL (14' - 6\"") -> MAIN ROOF (29' - 0\"")""]",rotated_label_in_ruled_strip_between_level_datums,PENDING_REVIEW,PENDING_REVIEW,
REAL-Burrville_p28-057,Burrville,REAL-Burrville,28,S-501,REAL-Burrville-p28-M2,COLUMN SCHEDULE,level_location_matrix,"[172.7, 937.1, 2555.1, 1504.6]",G-3,G-3,"UPPER LEVEL (14' - 6"") -> MAIN ROOF (29' - 0"")","UPPER LEVEL (14' - 6"") -> MAIN ROOF (29' - 0"")",W10X33,W10X33,True,column,unknown,unknown,,unknown,,unknown,,False,,"[1998.6, 1195.3, 2011.2, 1235.2]","[""COLUMN SCHEDULE"", ""Column Locations: G-3"", ""Level interval: UPPER LEVEL (14' - 6\"") -> MAIN ROOF (29' - 0\"")""]",rotated_label_in_ruled_strip_between_level_datums,PENDING_REVIEW,PENDING_REVIEW,
REAL-Burrville_p28-058,Burrville,REAL-Burrville,28,S-501,REAL-Burrville-p28-M2,COLUMN SCHEDULE,level_location_matrix,"[172.7, 937.1, 2555.1, 1504.6]",G-4,G-4,"UPPER LEVEL (14' - 6"") -> MAIN ROOF (29' - 0"")","UPPER LEVEL (14' - 6"") -> MAIN ROOF (29' - 0"")",W10X39,W10X39,True,column,unknown,unknown,,unknown,,unknown,,False,,"[2070.6, 1195.5, 2083.2, 1235.4]","[""COLUMN SCHEDULE"", ""Column Locations: G-4"", ""Level interval: UPPER LEVEL (14' - 6\"") -> MAIN ROOF (29' - 0\"")""]",rotated_label_in_ruled_strip_between_level_datums,PENDING_REVIEW,PENDING_REVIEW,
REAL-Burrville_p28-059,Burrville,REAL-Burrville,28,S-501,REAL-Burrville-p28-M2,COLUMN SCHEDULE,level_location_matrix,"[172.7, 937.1, 2555.1, 1504.6]","G(-3' - 2"")-5","G(-3'-2"")-5","UPPER LEVEL (14' - 6"") -> MAIN ROOF (29' - 0"")","UPPER LEVEL (14' - 6"") -> MAIN ROOF (29' - 0"")",W10X49,W10X49,True,column,unknown,unknown,,unknown,,unknown,,False,,"[2140.6, 1194.8, 2153.2, 1234.7]","[""COLUMN SCHEDULE"", ""Column Locations: G(-3' - 2\"")-5"", ""Level interval: UPPER LEVEL (14' - 6\"") -> MAIN ROOF (29' - 0\"")""]",rotated_label_in_ruled_strip_between_level_datums,PENDING_REVIEW,PENDING_REVIEW,
REAL-Burrville_p28-060,Burrville,REAL-Burrville,28,S-501,REAL-Burrville-p28-M2,COLUMN SCHEDULE,level_location_matrix,"[172.7, 937.1, 2555.1, 1504.6]","G(-3'- 5- 2"")-5.8(5'7/8"")","G(-3'-5-2"")-5.8(5'7/8"")","UPPER LEVEL (14' - 6"") -> MAIN ROOF (29' - 0"")","UPPER LEVEL (14' - 6"") -> MAIN ROOF (29' - 0"")",W10X49,W10X49,True,column,unknown,unknown,,unknown,,unknown,,False,,"[2215.1, 1197.6, 2227.7, 1237.4]","[""COLUMN SCHEDULE"", ""Column Locations: G(-3'- 5- 2\"")-5.8(5'7/8\"")"", ""Level interval: UPPER LEVEL (14' - 6\"") -> MAIN ROOF (29' - 0\"")""]",rotated_label_in_ruled_strip_between_level_datums,PENDING_REVIEW,PENDING_REVIEW,
REAL-Burrville_p28-061,Burrville,REAL-Burrville,28,S-501,REAL-Burrville-p28-M2,COLUMN SCHEDULE,level_location_matrix,"[172.7, 937.1, 2555.1, 1504.6]","H(-1' - 4"")-1","H(-1'-4"")-1","UPPER LEVEL (14' - 6"") -> MAIN ROOF (29' - 0"")","UPPER LEVEL (14' - 6"") -> MAIN ROOF (29' - 0"")",W10X60,W10X60,True,column,unknown,unknown,,unknown,,unknown,,False,,"[2286.3, 1197.8, 2298.9, 1237.7]","[""COLUMN SCHEDULE"", ""Column Locations: H(-1' - 4\"")-1"", ""Level interval: UPPER LEVEL (14' - 6\"") -> MAIN ROOF (29' - 0\"")""]",rotated_label_in_ruled_strip_between_level_datums,PENDING_REVIEW,PENDING_REVIEW,
REAL-Burrville_p28-062,Burrville,REAL-Burrville,28,S-501,REAL-Burrville-p28-M2,COLUMN SCHEDULE,level_location_matrix,"[172.7, 937.1, 2555.1, 1504.6]",H-2,H-2,"UPPER LEVEL (14' - 6"") -> MAIN ROOF (29' - 0"")","UPPER LEVEL (14' - 6"") -> MAIN ROOF (29' - 0"")",W10X54,W10X54,True,column,unknown,unknown,,unknown,,unknown,,False,,"[2358.3, 1195.3, 2370.9, 1235.2]","[""COLUMN SCHEDULE"", ""Column Locations: H-2"", ""Level interval: UPPER LEVEL (14' - 6\"") -> MAIN ROOF (29' - 0\"")""]",rotated_label_in_ruled_strip_between_level_datums,PENDING_REVIEW,PENDING_REVIEW,
REAL-Burrville_p28-063,Burrville,REAL-Burrville,28,S-501,REAL-Burrville-p28-M2,COLUMN SCHEDULE,level_location_matrix,"[172.7, 937.1, 2555.1, 1504.6]",H-3,H-3,"UPPER LEVEL (14' - 6"") -> MAIN ROOF (29' - 0"")","UPPER LEVEL (14' - 6"") -> MAIN ROOF (29' - 0"")",W10X39,W10X39,True,column,unknown,unknown,,unknown,,unknown,,False,,"[2430.3, 1195.3, 2442.9, 1235.2]","[""COLUMN SCHEDULE"", ""Column Locations: H-3"", ""Level interval: UPPER LEVEL (14' - 6\"") -> MAIN ROOF (29' - 0\"")""]",rotated_label_in_ruled_strip_between_level_datums,PENDING_REVIEW,PENDING_REVIEW,
REAL-Burrville_p28-064,Burrville,REAL-Burrville,28,S-501,REAL-Burrville-p28-M2,COLUMN SCHEDULE,level_location_matrix,"[172.7, 937.1, 2555.1, 1504.6]",H-4,H-4,"UPPER LEVEL (14' - 6"") -> MAIN ROOF (29' - 0"")","UPPER LEVEL (14' - 6"") -> MAIN ROOF (29' - 0"")",W10X39,W10X39,True,column,unknown,unknown,,unknown,,unknown,,False,,"[2502.3, 1195.3, 2514.9, 1235.2]","[""COLUMN SCHEDULE"", ""Column Locations: H-4"", ""Level interval: UPPER LEVEL (14' - 6\"") -> MAIN ROOF (29' - 0\"")""]",rotated_label_in_ruled_strip_between_level_datums,PENDING_REVIEW,PENDING_REVIEW,
REAL-GCDC_p77-001,GCDC,REAL-GCDC,77,S05.01_4,REAL-GCDC-p77-M1,COLUMN SCHEDULE - A,level_location_matrix,"[114.0, 304.5, 2622.2, 1346.0]",4.A-4.15. 8,4.A-4.15.8,"B4 - SECOND LEVEL (348'-0"") -> B4 - OFFICE ROOF (366'-0"")","B4 - SECOND LEVEL (348'-0"") -> B4 - OFFICE ROOF (366'-0"")",HSS12x12x1/2,HSS12X12X1/2,True,column,unknown,unknown,,unknown,,unknown,,False,,"[199.0, 736.3, 208.2, 801.0]","[""COLUMN SCHEDULE - A"", ""Column Locations: 4.A-4.15. 8"", ""Level interval: B4 - SECOND LEVEL (348'-0\"") -> B4 - OFFICE ROOF (366'-0\"")""]",rotated_label_in_ruled_strip_between_level_datums,PENDING_REVIEW,PENDING_REVIEW,
REAL-GCDC_p77-002,GCDC,REAL-GCDC,77,S05.01_4,REAL-GCDC-p77-M1,COLUMN SCHEDULE - A,level_location_matrix,"[114.0, 304.5, 2622.2, 1346.0]",4.A-4.16. 4,4.A-4.16.4,"B4 - SECOND LEVEL (348'-0"") -> B4 - OFFICE ROOF (366'-0"")","B4 - SECOND LEVEL (348'-0"") -> B4 - OFFICE ROOF (366'-0"")",HSS12x12x1/2,HSS12X12X1/2,True,column,unknown,unknown,,unknown,,unknown,,False,,"[244.0, 736.3, 253.2, 801.0]","[""COLUMN SCHEDULE - A"", ""Column Locations: 4.A-4.16. 4"", ""Level interval: B4 - SECOND LEVEL (348'-0\"") -> B4 - OFFICE ROOF (366'-0\"")""]",rotated_label_in_ruled_strip_between_level_datums,PENDING_REVIEW,PENDING_REVIEW,
REAL-GCDC_p77-003,GCDC,REAL-GCDC,77,S05.01_4,REAL-GCDC-p77-M1,COLUMN SCHEDULE - A,level_location_matrix,"[114.0, 304.5, 2622.2, 1346.0]",4.B-4.1,4.B-4.1,"B4 - ROOF LEVEL (372'-0"") -> B4 - T.O. PARAPET (377'-0"")","B4 - ROOF LEVEL (372'-0"") -> B4 - T.O. PARAPET (377'-0"")",W12x106,W12X106,True,column,unknown,unknown,,unknown,,unknown,,False,,"[289.0, 558.5, 298.2, 599.2]","[""COLUMN SCHEDULE - A"", ""Column Locations: 4.B-4.1"", ""Level interval: B4 - ROOF LEVEL (372'-0\"") -> B4 - T.O. PARAPET (377'-0\"")""]",rotated_label_in_ruled_strip_between_level_datums,PENDING_REVIEW,PENDING_REVIEW,
REAL-GCDC_p77-004,GCDC,REAL-GCDC,77,S05.01_4,REAL-GCDC-p77-M1,COLUMN SCHEDULE - A,level_location_matrix,"[114.0, 304.5, 2622.2, 1346.0]",4.B-4.1,4.B-4.1,"B4 - GROUND LEVEL (324'-0"") -> B4 - SECOND LEVEL (348'-0"")","B4 - GROUND LEVEL (324'-0"") -> B4 - SECOND LEVEL (348'-0"")",W12x106,W12X106,True,column,unknown,unknown,,unknown,,unknown,,False,,"[289.0, 891.5, 298.2, 932.2]","[""COLUMN SCHEDULE - A"", ""Column Locations: 4.B-4.1"", ""Level interval: B4 - GROUND LEVEL (324'-0\"") -> B4 - SECOND LEVEL (348'-0\"")""]",rotated_label_in_ruled_strip_between_level_datums,PENDING_REVIEW,PENDING_REVIEW,
REAL-GCDC_p77-005,GCDC,REAL-GCDC,77,S05.01_4,REAL-GCDC-p77-M1,COLUMN SCHEDULE - A,level_location_matrix,"[114.0, 304.5, 2622.2, 1346.0]",4.B-4.11,4.B-4.11,"B4 - SECOND LEVEL (348'-0"") -> B4 - OFFICE ROOF (366'-0"")","B4 - SECOND LEVEL (348'-0"") -> B4 - OFFICE ROOF (366'-0"")",W14x211,W14X211,True,column,unknown,unknown,,unknown,,unknown,,False,,"[334.0, 671.0, 343.2, 711.8]","[""COLUMN SCHEDULE - A"", ""Column Locations: 4.B-4.11"", ""Level interval: B4 - SECOND LEVEL (348'-0\"") -> B4 - OFFICE ROOF (366'-0\"")""]",rotated_label_in_ruled_strip_between_level_datums,PENDING_REVIEW,PENDING_REVIEW,
REAL-GCDC_p77-006,GCDC,REAL-GCDC,77,S05.01_4,REAL-GCDC-p77-M1,COLUMN SCHEDULE - A,level_location_matrix,"[114.0, 304.5, 2622.2, 1346.0]",4.B-4.11,4.B-4.11,"B4 - GROUND LEVEL (324'-0"") -> B4 - SECOND LEVEL (348'-0"")","B4 - GROUND LEVEL (324'-0"") -> B4 - SECOND LEVEL (348'-0"")",W14x211,W14X211,True,column,unknown,unknown,,unknown,,unknown,,False,,"[334.0, 891.5, 343.2, 932.2]","[""COLUMN SCHEDULE - A"", ""Column Locations: 4.B-4.11"", ""Level interval: B4 - GROUND LEVEL (324'-0\"") -> B4 - SECOND LEVEL (348'-0\"")""]",rotated_label_in_ruled_strip_between_level_datums,PENDING_REVIEW,PENDING_REVIEW,
REAL-GCDC_p77-007,GCDC,REAL-GCDC,77,S05.01_4,REAL-GCDC-p77-M1,COLUMN SCHEDULE - A,level_location_matrix,"[114.0, 304.5, 2622.2, 1346.0]",4.B-4.12,4.B-4.12,"B4 - SECOND LEVEL (348'-0"") -> B4 - OFFICE ROOF (366'-0"")","B4 - SECOND LEVEL (348'-0"") -> B4 - OFFICE ROOF (366'-0"")",W14x90,W14X90,True,column,unknown,unknown,,unknown,,unknown,,False,,"[379.0, 676.3, 388.2, 711.8]","[""COLUMN SCHEDULE - A"", ""Column Locations: 4.B-4.12"", ""Level interval: B4 - SECOND LEVEL (348'-0\"") -> B4 - OFFICE ROOF (366'-0\"")""]",rotated_label_in_ruled_strip_between_level_datums,PENDING_REVIEW,PENDING_REVIEW,
REAL-GCDC_p77-008,GCDC,REAL-GCDC,77,S05.01_4,REAL-GCDC-p77-M1,COLUMN SCHEDULE - A,level_location_matrix,"[114.0, 304.5, 2622.2, 1346.0]",4.B-4.12,4.B-4.12,"B4 - GROUND LEVEL (324'-0"") -> B4 - SECOND LEVEL (348'-0"")","B4 - GROUND LEVEL (324'-0"") -> B4 - SECOND LEVEL (348'-0"")",W14x90,W14X90,True,column,unknown,unknown,,unknown,,unknown,,False,,"[379.0, 896.8, 388.2, 932.2]","[""COLUMN SCHEDULE - A"", ""Column Locations: 4.B-4.12"", ""Level interval: B4 - GROUND LEVEL (324'-0\"") -> B4 - SECOND LEVEL (348'-0\"")""]",rotated_label_in_ruled_strip_between_level_datums,PENDING_REVIEW,PENDING_REVIEW,
REAL-GCDC_p77-009,GCDC,REAL-GCDC,77,S05.01_4,REAL-GCDC-p77-M1,COLUMN SCHEDULE - A,level_location_matrix,"[114.0, 304.5, 2622.2, 1346.0]",4.B-4.13,4.B-4.13,"B4 - SECOND LEVEL (348'-0"") -> B4 - OFFICE ROOF (366'-0"")","B4 - SECOND LEVEL (348'-0"") -> B4 - OFFICE ROOF (366'-0"")",W14x90,W14X90,True,column,unknown,unknown,,unknown,,unknown,,False,,"[424.0, 676.3, 433.2, 711.8]","[""COLUMN SCHEDULE - A"", ""Column Locations: 4.B-4.13"", ""Level interval: B4 - SECOND LEVEL (348'-0\"") -> B4 - OFFICE ROOF (366'-0\"")""]",rotated_label_in_ruled_strip_between_level_datums,PENDING_REVIEW,PENDING_REVIEW,
REAL-GCDC_p77-010,GCDC,REAL-GCDC,77,S05.01_4,REAL-GCDC-p77-M1,COLUMN SCHEDULE - A,level_location_matrix,"[114.0, 304.5, 2622.2, 1346.0]",4.B-4.13,4.B-4.13,"B4 - GROUND LEVEL (324'-0"") -> B4 - SECOND LEVEL (348'-0"")","B4 - GROUND LEVEL (324'-0"") -> B4 - SECOND LEVEL (348'-0"")",W14x90,W14X90,True,column,unknown,unknown,,unknown,,unknown,,False,,"[424.0, 896.8, 433.2, 932.2]","[""COLUMN SCHEDULE - A"", ""Column Locations: 4.B-4.13"", ""Level interval: B4 - GROUND LEVEL (324'-0\"") -> B4 - SECOND LEVEL (348'-0\"")""]",rotated_label_in_ruled_strip_between_level_datums,PENDING_REVIEW,PENDING_REVIEW,
REAL-GCDC_p77-011,GCDC,REAL-GCDC,77,S05.01_4,REAL-GCDC-p77-M1,COLUMN SCHEDULE - A,level_location_matrix,"[114.0, 304.5, 2622.2, 1346.0]",4.B-4.14,4.B-4.14,"B4 - SECOND LEVEL (348'-0"") -> B4 - OFFICE ROOF (366'-0"")","B4 - SECOND LEVEL (348'-0"") -> B4 - OFFICE ROOF (366'-0"")",W14x90,W14X90,True,column,unknown,unknown,,unknown,,unknown,,False,,"[469.0, 676.3, 478.2, 711.8]","[""COLUMN SCHEDULE - A"", ""Column Locations: 4.B-4.14"", ""Level interval: B4 - SECOND LEVEL (348'-0\"") -> B4 - OFFICE ROOF (366'-0\"")""]",rotated_label_in_ruled_strip_between_level_datums,PENDING_REVIEW,PENDING_REVIEW,
REAL-GCDC_p77-012,GCDC,REAL-GCDC,77,S05.01_4,REAL-GCDC-p77-M1,COLUMN SCHEDULE - A,level_location_matrix,"[114.0, 304.5, 2622.2, 1346.0]",4.B-4.14,4.B-4.14,"B4 - GROUND LEVEL (324'-0"") -> B4 - SECOND LEVEL (348'-0"")","B4 - GROUND LEVEL (324'-0"") -> B4 - SECOND LEVEL (348'-0"")",W14x90,W14X90,True,column,unknown,unknown,,unknown,,unknown,,False,,"[469.0, 896.8, 478.2, 932.2]","[""COLUMN SCHEDULE - A"", ""Column Locations: 4.B-4.14"", ""Level interval: B4 - GROUND LEVEL (324'-0\"") -> B4 - SECOND LEVEL (348'-0\"")""]",rotated_label_in_ruled_strip_between_level_datums,PENDING_REVIEW,PENDING_REVIEW,
REAL-GCDC_p77-013,GCDC,REAL-GCDC,77,S05.01_4,REAL-GCDC-p77-M1,COLUMN SCHEDULE - A,level_location_matrix,"[114.0, 304.5, 2622.2, 1346.0]",4.B-4.15,4.B-4.15,"B4 - SECOND LEVEL (348'-0"") -> B4 - OFFICE ROOF (366'-0"")","B4 - SECOND LEVEL (348'-0"") -> B4 - OFFICE ROOF (366'-0"")",W14x82,W14X82,True,column,unknown,unknown,,unknown,,unknown,,False,,"[514.0, 676.3, 523.2, 711.8]","[""COLUMN SCHEDULE - A"", ""Column Locations: 4.B-4.15"", ""Level interval: B4 - SECOND LEVEL (348'-0\"") -> B4 - OFFICE ROOF (366'-0\"")""]",rotated_label_in_ruled_strip_between_level_datums,PENDING_REVIEW,PENDING_REVIEW,
REAL-GCDC_p77-014,GCDC,REAL-GCDC,77,S05.01_4,REAL-GCDC-p77-M1,COLUMN SCHEDULE - A,level_location_matrix,"[114.0, 304.5, 2622.2, 1346.0]",4.B-4.15,4.B-4.15,"B4 - GROUND LEVEL (324'-0"") -> B4 - SECOND LEVEL (348'-0"")","B4 - GROUND LEVEL (324'-0"") -> B4 - SECOND LEVEL (348'-0"")",W14x82,W14X82,True,column,unknown,unknown,,unknown,,unknown,,False,,"[514.0, 896.8, 523.2, 932.2]","[""COLUMN SCHEDULE - A"", ""Column Locations: 4.B-4.15"", ""Level interval: B4 - GROUND LEVEL (324'-0\"") -> B4 - SECOND LEVEL (348'-0\"")""]",rotated_label_in_ruled_strip_between_level_datums,PENDING_REVIEW,PENDING_REVIEW,
REAL-GCDC_p77-015,GCDC,REAL-GCDC,77,S05.01_4,REAL-GCDC-p77-M1,COLUMN SCHEDULE - A,level_location_matrix,"[114.0, 304.5, 2622.2, 1346.0]",4.B-4.16,4.B-4.16,"B4 - SECOND LEVEL (348'-0"") -> B4 - OFFICE ROOF (366'-0"")","B4 - SECOND LEVEL (348'-0"") -> B4 - OFFICE ROOF (366'-0"")",W12x72,W12X72,True,column,unknown,unknown,,unknown,,unknown,,False,,"[559.0, 676.3, 568.2, 711.8]","[""COLUMN SCHEDULE - A"", ""Column Locations: 4.B-4.16"", ""Level interval: B4 - SECOND LEVEL (348'-0\"") -> B4 - OFFICE ROOF (366'-0\"")""]",rotated_label_in_ruled_strip_between_level_datums,PENDING_REVIEW,PENDING_REVIEW,
REAL-GCDC_p77-016,GCDC,REAL-GCDC,77,S05.01_4,REAL-GCDC-p77-M1,COLUMN SCHEDULE - A,level_location_matrix,"[114.0, 304.5, 2622.2, 1346.0]",4.B-4.16,4.B-4.16,"B4 - GROUND LEVEL (324'-0"") -> B4 - SECOND LEVEL (348'-0"")","B4 - GROUND LEVEL (324'-0"") -> B4 - SECOND LEVEL (348'-0"")",W12x72,W12X72,True,column,unknown,unknown,,unknown,,unknown,,False,,"[559.0, 896.8, 568.2, 932.2]","[""COLUMN SCHEDULE - A"", ""Column Locations: 4.B-4.16"", ""Level interval: B4 - GROUND LEVEL (324'-0\"") -> B4 - SECOND LEVEL (348'-0\"")""]",rotated_label_in_ruled_strip_between_level_datums,PENDING_REVIEW,PENDING_REVIEW,
REAL-GCDC_p77-017,GCDC,REAL-GCDC,77,S05.01_4,REAL-GCDC-p77-M1,COLUMN SCHEDULE - A,level_location_matrix,"[114.0, 304.5, 2622.2, 1346.0]",4.B-4.16. 5,4.B-4.16.5,"B4 - SECOND LEVEL (348'-0"") -> B4 - OFFICE ROOF (366'-0"")","B4 - SECOND LEVEL (348'-0"") -> B4 - OFFICE ROOF (366'-0"")",W12x65,W12X65,True,column,unknown,unknown,,unknown,,unknown,,False,,"[604.0, 699.5, 613.2, 735.0]","[""COLUMN SCHEDULE - A"", ""Column Locations: 4.B-4.16. 5"", ""Level interval: B4 - SECOND LEVEL (348'-0\"") -> B4 - OFFICE ROOF (366'-0\"")""]",rotated_label_in_ruled_strip_between_level_datums,PENDING_REVIEW,PENDING_REVIEW,
REAL-GCDC_p77-018,GCDC,REAL-GCDC,77,S05.01_4,REAL-GCDC-p77-M1,COLUMN SCHEDULE - A,level_location_matrix,"[114.0, 304.5, 2622.2, 1346.0]",4.B-4.16. 5,4.B-4.16.5,"B4 - GROUND LEVEL (324'-0"") -> B4 - SECOND LEVEL (348'-0"")","B4 - GROUND LEVEL (324'-0"") -> B4 - SECOND LEVEL (348'-0"")",W12x65,W12X65,True,column,unknown,unknown,,unknown,,unknown,,False,,"[603.3, 896.8, 612.4, 932.2]","[""COLUMN SCHEDULE - A"", ""Column Locations: 4.B-4.16. 5"", ""Level interval: B4 - GROUND LEVEL (324'-0\"") -> B4 - SECOND LEVEL (348'-0\"")""]",rotated_label_in_ruled_strip_between_level_datums,PENDING_REVIEW,PENDING_REVIEW,
REAL-GCDC_p77-019,GCDC,REAL-GCDC,77,S05.01_4,REAL-GCDC-p77-M1,COLUMN SCHEDULE - A,level_location_matrix,"[114.0, 304.5, 2622.2, 1346.0]",4.B-4.2,4.B-4.2,"B4 - SECOND LEVEL (348'-0"") -> B4 - OFFICE ROOF (366'-0"")","B4 - SECOND LEVEL (348'-0"") -> B4 - OFFICE ROOF (366'-0"")",W12x106,W12X106,True,column,unknown,unknown,,unknown,,unknown,,False,,"[649.0, 671.0, 658.2, 711.8]","[""COLUMN SCHEDULE - A"", ""Column Locations: 4.B-4.2"", ""Level interval: B4 - SECOND LEVEL (348'-0\"") -> B4 - OFFICE ROOF (366'-0\"")""]",rotated_label_in_ruled_strip_between_level_datums,PENDING_REVIEW,PENDING_REVIEW,
REAL-GCDC_p77-020,GCDC,REAL-GCDC,77,S05.01_4,REAL-GCDC-p77-M1,COLUMN SCHEDULE - A,level_location_matrix,"[114.0, 304.5, 2622.2, 1346.0]",4.B-4.2,4.B-4.2,"B4 - GROUND LEVEL (324'-0"") -> B4 - SECOND LEVEL (348'-0"")","B4 - GROUND LEVEL (324'-0"") -> B4 - SECOND LEVEL (348'-0"")",W12x106,W12X106,True,column,unknown,unknown,,unknown,,unknown,,False,,"[649.0, 891.5, 658.2, 932.2]","[""COLUMN SCHEDULE - A"", ""Column Locations: 4.B-4.2"", ""Level interval: B4 - GROUND LEVEL (324'-0\"") -> B4 - SECOND LEVEL (348'-0\"")""]",rotated_label_in_ruled_strip_between_level_datums,PENDING_REVIEW,PENDING_REVIEW,
REAL-GCDC_p77-021,GCDC,REAL-GCDC,77,S05.01_4,REAL-GCDC-p77-M1,COLUMN SCHEDULE - A,level_location_matrix,"[114.0, 304.5, 2622.2, 1346.0]",4.B-4.3,4.B-4.3,"B4 - SECOND LEVEL (348'-0"") -> B4 - OFFICE ROOF (366'-0"")","B4 - SECOND LEVEL (348'-0"") -> B4 - OFFICE ROOF (366'-0"")",W14x90,W14X90,True,column,unknown,unknown,,unknown,,unknown,,False,,"[694.0, 676.3, 703.2, 711.8]","[""COLUMN SCHEDULE - A"", ""Column Locations: 4.B-4.3"", ""Level interval: B4 - SECOND LEVEL (348'-0\"") -> B4 - OFFICE ROOF (366'-0\"")""]",rotated_label_in_ruled_strip_between_level_datums,PENDING_REVIEW,PENDING_REVIEW,
REAL-GCDC_p77-022,GCDC,REAL-GCDC,77,S05.01_4,REAL-GCDC-p77-M1,COLUMN SCHEDULE - A,level_location_matrix,"[114.0, 304.5, 2622.2, 1346.0]",4.B-4.3,4.B-4.3,"B4 - GROUND LEVEL (324'-0"") -> B4 - SECOND LEVEL (348'-0"")","B4 - GROUND LEVEL (324'-0"") -> B4 - SECOND LEVEL (348'-0"")",W14x90,W14X90,True,column,unknown,unknown,,unknown,,unknown,,False,,"[694.0, 896.8, 703.2, 932.2]","[""COLUMN SCHEDULE - A"", ""Column Locations: 4.B-4.3"", ""Level interval: B4 - GROUND LEVEL (324'-0\"") -> B4 - SECOND LEVEL (348'-0\"")""]",rotated_label_in_ruled_strip_between_level_datums,PENDING_REVIEW,PENDING_REVIEW,
REAL-GCDC_p77-023,GCDC,REAL-GCDC,77,S05.01_4,REAL-GCDC-p77-M1,COLUMN SCHEDULE - A,level_location_matrix,"[114.0, 304.5, 2622.2, 1346.0]",4.B-4.4,4.B-4.4,"B4 - SECOND LEVEL (348'-0"") -> B4 - OFFICE ROOF (366'-0"")","B4 - SECOND LEVEL (348'-0"") -> B4 - OFFICE ROOF (366'-0"")",W14x90,W14X90,True,column,unknown,unknown,,unknown,,unknown,,False,,"[739.0, 676.3, 748.2, 711.8]","[""COLUMN SCHEDULE - A"", ""Column Locations: 4.B-4.4"", ""Level interval: B4 - SECOND LEVEL (348'-0\"") -> B4 - OFFICE ROOF (366'-0\"")""]",rotated_label_in_ruled_strip_between_level_datums,PENDING_REVIEW,PENDING_REVIEW,
REAL-GCDC_p77-024,GCDC,REAL-GCDC,77,S05.01_4,REAL-GCDC-p77-M1,COLUMN SCHEDULE - A,level_location_matrix,"[114.0, 304.5, 2622.2, 1346.0]",4.B-4.4,4.B-4.4,"B4 - GROUND LEVEL (324'-0"") -> B4 - SECOND LEVEL (348'-0"")","B4 - GROUND LEVEL (324'-0"") -> B4 - SECOND LEVEL (348'-0"")",W14x90,W14X90,True,column,unknown,unknown,,unknown,,unknown,,False,,"[739.0, 896.8, 748.2, 932.2]","[""COLUMN SCHEDULE - A"", ""Column Locations: 4.B-4.4"", ""Level interval: B4 - GROUND LEVEL (324'-0\"") -> B4 - SECOND LEVEL (348'-0\"")""]",rotated_label_in_ruled_strip_between_level_datums,PENDING_REVIEW,PENDING_REVIEW,
REAL-GCDC_p77-025,GCDC,REAL-GCDC,77,S05.01_4,REAL-GCDC-p77-M1,COLUMN SCHEDULE - A,level_location_matrix,"[114.0, 304.5, 2622.2, 1346.0]",4.B-4.5,4.B-4.5,"B4 - SECOND LEVEL (348'-0"") -> B4 - OFFICE ROOF (366'-0"")","B4 - SECOND LEVEL (348'-0"") -> B4 - OFFICE ROOF (366'-0"")",W14x90,W14X90,True,column,unknown,unknown,,unknown,,unknown,,False,,"[784.0, 676.3, 793.2, 711.8]","[""COLUMN SCHEDULE - A"", ""Column Locations: 4.B-4.5"", ""Level interval: B4 - SECOND LEVEL (348'-0\"") -> B4 - OFFICE ROOF (366'-0\"")""]",rotated_label_in_ruled_strip_between_level_datums,PENDING_REVIEW,PENDING_REVIEW,
REAL-GCDC_p77-026,GCDC,REAL-GCDC,77,S05.01_4,REAL-GCDC-p77-M1,COLUMN SCHEDULE - A,level_location_matrix,"[114.0, 304.5, 2622.2, 1346.0]",4.B-4.5,4.B-4.5,"B4 - GROUND LEVEL (324'-0"") -> B4 - SECOND LEVEL (348'-0"")","B4 - GROUND LEVEL (324'-0"") -> B4 - SECOND LEVEL (348'-0"")",W14x90,W14X90,True,column,unknown,unknown,,unknown,,unknown,,False,,"[784.0, 896.8, 793.2, 932.2]","[""COLUMN SCHEDULE - A"", ""Column Locations: 4.B-4.5"", ""Level interval: B4 - GROUND LEVEL (324'-0\"") -> B4 - SECOND LEVEL (348'-0\"")""]",rotated_label_in_ruled_strip_between_level_datums,PENDING_REVIEW,PENDING_REVIEW,
REAL-GCDC_p77-027,GCDC,REAL-GCDC,77,S05.01_4,REAL-GCDC-p77-M1,COLUMN SCHEDULE - A,level_location_matrix,"[114.0, 304.5, 2622.2, 1346.0]",4.B-4.6,4.B-4.6,"B4 - SECOND LEVEL (348'-0"") -> B4 - OFFICE ROOF (366'-0"")","B4 - SECOND LEVEL (348'-0"") -> B4 - OFFICE ROOF (366'-0"")",W12x65,W12X65,True,column,unknown,unknown,,unknown,,unknown,,False,,"[829.0, 676.3, 838.2, 711.8]","[""COLUMN SCHEDULE - A"", ""Column Locations: 4.B-4.6"", ""Level interval: B4 - SECOND LEVEL (348'-0\"") -> B4 - OFFICE ROOF (366'-0\"")""]",rotated_label_in_ruled_strip_between_level_datums,PENDING_REVIEW,PENDING_REVIEW,
REAL-GCDC_p77-028,GCDC,REAL-GCDC,77,S05.01_4,REAL-GCDC-p77-M1,COLUMN SCHEDULE - A,level_location_matrix,"[114.0, 304.5, 2622.2, 1346.0]",4.B-4.6,4.B-4.6,"B4 - GROUND LEVEL (324'-0"") -> B4 - SECOND LEVEL (348'-0"")","B4 - GROUND LEVEL (324'-0"") -> B4 - SECOND LEVEL (348'-0"")",W14x211,W14X211,True,column,unknown,unknown,,unknown,,unknown,,False,,"[829.0, 891.5, 838.2, 932.2]","[""COLUMN SCHEDULE - A"", ""Column Locations: 4.B-4.6"", ""Level interval: B4 - GROUND LEVEL (324'-0\"") -> B4 - SECOND LEVEL (348'-0\"")""]",rotated_label_in_ruled_strip_between_level_datums,PENDING_REVIEW,PENDING_REVIEW,
REAL-GCDC_p77-029,GCDC,REAL-GCDC,77,S05.01_4,REAL-GCDC-p77-M1,COLUMN SCHEDULE - A,level_location_matrix,"[114.0, 304.5, 2622.2, 1346.0]",4.B-4.6.9,4.B-4.6.9,"B4 - SECOND LEVEL (348'-0"") -> B4 - OFFICE ROOF (366'-0"")","B4 - SECOND LEVEL (348'-0"") -> B4 - OFFICE ROOF (366'-0"")",W18x311,W18X311,True,column,unknown,unknown,,unknown,,unknown,,False,,"[874.0, 671.0, 883.2, 711.8]","[""COLUMN SCHEDULE - A"", ""Column Locations: 4.B-4.6.9"", ""Level interval: B4 - SECOND LEVEL (348'-0\"") -> B4 - OFFICE ROOF (366'-0\"")""]",rotated_label_in_ruled_strip_between_level_datums,PENDING_REVIEW,PENDING_REVIEW,
REAL-GCDC_p77-030,GCDC,REAL-GCDC,77,S05.01_4,REAL-GCDC-p77-M1,COLUMN SCHEDULE - A,level_location_matrix,"[114.0, 304.5, 2622.2, 1346.0]",4.B-4.6.9,4.B-4.6.9,"B4 - GROUND LEVEL (324'-0"") -> B4 - SECOND LEVEL (348'-0"")","B4 - GROUND LEVEL (324'-0"") -> B4 - SECOND LEVEL (348'-0"")",W18x311,W18X311,True,column,unknown,unknown,,unknown,,unknown,,False,,"[874.0, 893.8, 883.2, 934.5]","[""COLUMN SCHEDULE - A"", ""Column Locations: 4.B-4.6.9"", ""Level interval: B4 - GROUND LEVEL (324'-0\"") -> B4 - SECOND LEVEL (348'-0\"")""]",rotated_label_in_ruled_strip_between_level_datums,PENDING_REVIEW,PENDING_REVIEW,
REAL-GCDC_p77-031,GCDC,REAL-GCDC,77,S05.01_4,REAL-GCDC-p77-M1,COLUMN SCHEDULE - A,level_location_matrix,"[114.0, 304.5, 2622.2, 1346.0]",4.B-4.7.9,4.B-4.7.9,"B4 - SECOND LEVEL (348'-0"") -> B4 - OFFICE ROOF (366'-0"")","B4 - SECOND LEVEL (348'-0"") -> B4 - OFFICE ROOF (366'-0"")",W18x311,W18X311,True,column,unknown,unknown,,unknown,,unknown,,False,,"[919.0, 671.0, 928.2, 711.8]","[""COLUMN SCHEDULE - A"", ""Column Locations: 4.B-4.7.9"", ""Level interval: B4 - SECOND LEVEL (348'-0\"") -> B4 - OFFICE ROOF (366'-0\"")""]",rotated_label_in_ruled_strip_between_level_datums,PENDING_REVIEW,PENDING_REVIEW,
REAL-GCDC_p77-032,GCDC,REAL-GCDC,77,S05.01_4,REAL-GCDC-p77-M1,COLUMN SCHEDULE - A,level_location_matrix,"[114.0, 304.5, 2622.2, 1346.0]",4.B-4.7.9,4.B-4.7.9,"B4 - GROUND LEVEL (324'-0"") -> B4 - SECOND LEVEL (348'-0"")","B4 - GROUND LEVEL (324'-0"") -> B4 - SECOND LEVEL (348'-0"")",W18x311,W18X311,True,column,unknown,unknown,,unknown,,unknown,,False,,"[919.0, 893.8, 928.2, 934.5]","[""COLUMN SCHEDULE - A"", ""Column Locations: 4.B-4.7.9"", ""Level interval: B4 - GROUND LEVEL (324'-0\"") -> B4 - SECOND LEVEL (348'-0\"")""]",rotated_label_in_ruled_strip_between_level_datums,PENDING_REVIEW,PENDING_REVIEW,
REAL-GCDC_p77-033,GCDC,REAL-GCDC,77,S05.01_4,REAL-GCDC-p77-M1,COLUMN SCHEDULE - A,level_location_matrix,"[114.0, 304.5, 2622.2, 1346.0]",4.B-4.8.9,4.B-4.8.9,"B4 - SECOND LEVEL (348'-0"") -> B4 - OFFICE ROOF (366'-0"")","B4 - SECOND LEVEL (348'-0"") -> B4 - OFFICE ROOF (366'-0"")",W18x311,W18X311,True,column,unknown,unknown,,unknown,,unknown,,False,,"[964.0, 671.0, 973.2, 711.8]","[""COLUMN SCHEDULE - A"", ""Column Locations: 4.B-4.8.9"", ""Level interval: B4 - SECOND LEVEL (348'-0\"") -> B4 - OFFICE ROOF (366'-0\"")""]",rotated_label_in_ruled_strip_between_level_datums,PENDING_REVIEW,PENDING_REVIEW,
REAL-GCDC_p77-034,GCDC,REAL-GCDC,77,S05.01_4,REAL-GCDC-p77-M1,COLUMN SCHEDULE - A,level_location_matrix,"[114.0, 304.5, 2622.2, 1346.0]",4.B-4.8.9,4.B-4.8.9,"B4 - GROUND LEVEL (324'-0"") -> B4 - SECOND LEVEL (348'-0"")","B4 - GROUND LEVEL (324'-0"") -> B4 - SECOND LEVEL (348'-0"")",W18x311,W18X311,True,column,unknown,unknown,,unknown,,unknown,,False,,"[964.0, 893.8, 973.2, 934.5]","[""COLUMN SCHEDULE - A"", ""Column Locations: 4.B-4.8.9"", ""Level interval: B4 - GROUND LEVEL (324'-0\"") -> B4 - SECOND LEVEL (348'-0\"")""]",rotated_label_in_ruled_strip_between_level_datums,PENDING_REVIEW,PENDING_REVIEW,
REAL-GCDC_p77-035,GCDC,REAL-GCDC,77,S05.01_4,REAL-GCDC-p77-M1,COLUMN SCHEDULE - A,level_location_matrix,"[114.0, 304.5, 2622.2, 1346.0]",4.B-4.9.9,4.B-4.9.9,"B4 - SECOND LEVEL (348'-0"") -> B4 - OFFICE ROOF (366'-0"")","B4 - SECOND LEVEL (348'-0"") -> B4 - OFFICE ROOF (366'-0"")",W18x311,W18X311,True,column,unknown,unknown,,unknown,,unknown,,False,,"[1009.0, 671.0, 1018.2, 711.8]","[""COLUMN SCHEDULE - A"", ""Column Locations: 4.B-4.9.9"", ""Level interval: B4 - SECOND LEVEL (348'-0\"") -> B4 - OFFICE ROOF (366'-0\"")""]",rotated_label_in_ruled_strip_between_level_datums,PENDING_REVIEW,PENDING_REVIEW,
REAL-GCDC_p77-036,GCDC,REAL-GCDC,77,S05.01_4,REAL-GCDC-p77-M1,COLUMN SCHEDULE - A,level_location_matrix,"[114.0, 304.5, 2622.2, 1346.0]",4.B-4.9.9,4.B-4.9.9,"B4 - GROUND LEVEL (324'-0"") -> B4 - SECOND LEVEL (348'-0"")","B4 - GROUND LEVEL (324'-0"") -> B4 - SECOND LEVEL (348'-0"")",W18x311,W18X311,True,column,unknown,unknown,,unknown,,unknown,,False,,"[1009.0, 893.8, 1018.2, 934.5]","[""COLUMN SCHEDULE - A"", ""Column Locations: 4.B-4.9.9"", ""Level interval: B4 - GROUND LEVEL (324'-0\"") -> B4 - SECOND LEVEL (348'-0\"")""]",rotated_label_in_ruled_strip_between_level_datums,PENDING_REVIEW,PENDING_REVIEW,
REAL-GCDC_p77-037,GCDC,REAL-GCDC,77,S05.01_4,REAL-GCDC-p77-M1,COLUMN SCHEDULE - A,level_location_matrix,"[114.0, 304.5, 2622.2, 1346.0]",4.B.2-4.17,4.B.2-4.17,"B4 - SECOND LEVEL (348'-0"") -> B4 - OFFICE ROOF (366'-0"")","B4 - SECOND LEVEL (348'-0"") -> B4 - OFFICE ROOF (366'-0"")",W12x53,W12X53,True,column,unknown,unknown,,unknown,,unknown,,False,,"[1054.0, 703.3, 1063.2, 738.8]","[""COLUMN SCHEDULE - A"", ""Column Locations: 4.B.2-4.17"", ""Level interval: B4 - SECOND LEVEL (348'-0\"") -> B4 - OFFICE ROOF (366'-0\"")""]",rotated_label_in_ruled_strip_between_level_datums,PENDING_REVIEW,PENDING_REVIEW,
REAL-GCDC_p77-038,GCDC,REAL-GCDC,77,S05.01_4,REAL-GCDC-p77-M1,COLUMN SCHEDULE - A,level_location_matrix,"[114.0, 304.5, 2622.2, 1346.0]",4.B.2-4.17,4.B.2-4.17,"B4 - GROUND LEVEL (324'-0"") -> B4 - SECOND LEVEL (348'-0"")","B4 - GROUND LEVEL (324'-0"") -> B4 - SECOND LEVEL (348'-0"")",W12x53,W12X53,True,column,unknown,unknown,,unknown,,unknown,,False,,"[1054.0, 901.3, 1063.2, 936.8]","[""COLUMN SCHEDULE - A"", ""Column Locations: 4.B.2-4.17"", ""Level interval: B4 - GROUND LEVEL (324'-0\"") -> B4 - SECOND LEVEL (348'-0\"")""]",rotated_label_in_ruled_strip_between_level_datums,PENDING_REVIEW,PENDING_REVIEW,
REAL-GCDC_p77-039,GCDC,REAL-GCDC,77,S05.01_4,REAL-GCDC-p77-M1,COLUMN SCHEDULE - A,level_location_matrix,"[114.0, 304.5, 2622.2, 1346.0]",4.C-4.1,4.C-4.1,"B4 - ROOF LEVEL (372'-0"") -> B4 - T.O. PARAPET (377'-0"")","B4 - ROOF LEVEL (372'-0"") -> B4 - T.O. PARAPET (377'-0"")",W12x152,W12X152,True,column,unknown,unknown,,unknown,,unknown,,False,,"[1099.0, 558.5, 1108.2, 599.2]","[""COLUMN SCHEDULE - A"", ""Column Locations: 4.C-4.1"", ""Level interval: B4 - ROOF LEVEL (372'-0\"") -> B4 - T.O. PARAPET (377'-0\"")""]",rotated_label_in_ruled_strip_between_level_datums,PENDING_REVIEW,PENDING_REVIEW,
REAL-GCDC_p77-040,GCDC,REAL-GCDC,77,S05.01_4,REAL-GCDC-p77-M1,COLUMN SCHEDULE - A,level_location_matrix,"[114.0, 304.5, 2622.2, 1346.0]",4.C-4.1,4.C-4.1,"B4 - GROUND LEVEL (324'-0"") -> B4 - SECOND LEVEL (348'-0"")","B4 - GROUND LEVEL (324'-0"") -> B4 - SECOND LEVEL (348'-0"")",W12x152,W12X152,True,column,unknown,unknown,,unknown,,unknown,,False,,"[1099.0, 891.5, 1108.2, 932.2]","[""COLUMN SCHEDULE - A"", ""Column Locations: 4.C-4.1"", ""Level interval: B4 - GROUND LEVEL (324'-0\"") -> B4 - SECOND LEVEL (348'-0\"")""]",rotated_label_in_ruled_strip_between_level_datums,PENDING_REVIEW,PENDING_REVIEW,
REAL-GCDC_p77-041,GCDC,REAL-GCDC,77,S05.01_4,REAL-GCDC-p77-M1,COLUMN SCHEDULE - A,level_location_matrix,"[114.0, 304.5, 2622.2, 1346.0]",4.C-4.10,4.C-4.10,"B4 - SECOND LEVEL (348'-0"") -> B4 - OFFICE ROOF (366'-0"")","B4 - SECOND LEVEL (348'-0"") -> B4 - OFFICE ROOF (366'-0"")",W14x176,W14X176,True,column,unknown,unknown,,unknown,,unknown,,False,,"[1144.0, 668.0, 1153.2, 708.8]","[""COLUMN SCHEDULE - A"", ""Column Locations: 4.C-4.10"", ""Level interval: B4 - SECOND LEVEL (348'-0\"") -> B4 - OFFICE ROOF (366'-0\"")""]",rotated_label_in_ruled_strip_between_level_datums,PENDING_REVIEW,PENDING_REVIEW,
REAL-GCDC_p77-042,GCDC,REAL-GCDC,77,S05.01_4,REAL-GCDC-p77-M1,COLUMN SCHEDULE - A,level_location_matrix,"[114.0, 304.5, 2622.2, 1346.0]",4.C-4.10,4.C-4.10,"B4 - GROUND LEVEL (324'-0"") -> B4 - SECOND LEVEL (348'-0"")","B4 - GROUND LEVEL (324'-0"") -> B4 - SECOND LEVEL (348'-0"")",W14x176,W14X176,True,column,unknown,unknown,,unknown,,unknown,,False,,"[1144.0, 893.8, 1153.2, 934.5]","[""COLUMN SCHEDULE - A"", ""Column Locations: 4.C-4.10"", ""Level interval: B4 - GROUND LEVEL (324'-0\"") -> B4 - SECOND LEVEL (348'-0\"")""]",rotated_label_in_ruled_strip_between_level_datums,PENDING_REVIEW,PENDING_REVIEW,
REAL-GCDC_p77-043,GCDC,REAL-GCDC,77,S05.01_4,REAL-GCDC-p77-M1,COLUMN SCHEDULE - A,level_location_matrix,"[114.0, 304.5, 2622.2, 1346.0]",4.C-4.11,4.C-4.11,"B4 - SECOND LEVEL (348'-0"") -> B4 - OFFICE ROOF (366'-0"")","B4 - SECOND LEVEL (348'-0"") -> B4 - OFFICE ROOF (366'-0"")",W14x257,W14X257,True,column,unknown,unknown,,unknown,,unknown,,False,,"[1189.0, 668.0, 1198.2, 708.8]","[""COLUMN SCHEDULE - A"", ""Column Locations: 4.C-4.11"", ""Level interval: B4 - SECOND LEVEL (348'-0\"") -> B4 - OFFICE ROOF (366'-0\"")""]",rotated_label_in_ruled_strip_between_level_datums,PENDING_REVIEW,PENDING_REVIEW,
REAL-GCDC_p77-044,GCDC,REAL-GCDC,77,S05.01_4,REAL-GCDC-p77-M1,COLUMN SCHEDULE - A,level_location_matrix,"[114.0, 304.5, 2622.2, 1346.0]",4.C-4.11,4.C-4.11,"B4 - GROUND LEVEL (324'-0"") -> B4 - SECOND LEVEL (348'-0"")","B4 - GROUND LEVEL (324'-0"") -> B4 - SECOND LEVEL (348'-0"")",W14x257,W14X257,True,column,unknown,unknown,,unknown,,unknown,,False,,"[1189.0, 898.3, 1198.2, 939.0]","[""COLUMN SCHEDULE - A"", ""Column Locations: 4.C-4.11"", ""Level interval: B4 - GROUND LEVEL (324'-0\"") -> B4 - SECOND LEVEL (348'-0\"")""]",rotated_label_in_ruled_strip_between_level_datums,PENDING_REVIEW,PENDING_REVIEW,
REAL-GCDC_p77-045,GCDC,REAL-GCDC,77,S05.01_4,REAL-GCDC-p77-M1,COLUMN SCHEDULE - A,level_location_matrix,"[114.0, 304.5, 2622.2, 1346.0]",4.C-4.12,4.C-4.12,"B4 - SECOND LEVEL (348'-0"") -> B4 - OFFICE ROOF (366'-0"")","B4 - SECOND LEVEL (348'-0"") -> B4 - OFFICE ROOF (366'-0"")",W14x159,W14X159,True,column,unknown,unknown,,unknown,,unknown,,False,,"[1234.0, 668.0, 1243.2, 708.8]","[""COLUMN SCHEDULE - A"", ""Column Locations: 4.C-4.12"", ""Level interval: B4 - SECOND LEVEL (348'-0\"") -> B4 - OFFICE ROOF (366'-0\"")""]",rotated_label_in_ruled_strip_between_level_datums,PENDING_REVIEW,PENDING_REVIEW,
REAL-GCDC_p77-046,GCDC,REAL-GCDC,77,S05.01_4,REAL-GCDC-p77-M1,COLUMN SCHEDULE - A,level_location_matrix,"[114.0, 304.5, 2622.2, 1346.0]",4.C-4.12,4.C-4.12,"B4 - GROUND LEVEL (324'-0"") -> B4 - SECOND LEVEL (348'-0"")","B4 - GROUND LEVEL (324'-0"") -> B4 - SECOND LEVEL (348'-0"")",W14x159,W14X159,True,column,unknown,unknown,,unknown,,unknown,,False,,"[1234.0, 896.0, 1243.2, 936.8]","[""COLUMN SCHEDULE - A"", ""Column Locations: 4.C-4.12"", ""Level interval: B4 - GROUND LEVEL (324'-0\"") -> B4 - SECOND LEVEL (348'-0\"")""]",rotated_label_in_ruled_strip_between_level_datums,PENDING_REVIEW,PENDING_REVIEW,
REAL-GCDC_p77-047,GCDC,REAL-GCDC,77,S05.01_4,REAL-GCDC-p77-M1,COLUMN SCHEDULE - A,level_location_matrix,"[114.0, 304.5, 2622.2, 1346.0]",4.C-4.13,4.C-4.13,"B4 - SECOND LEVEL (348'-0"") -> B4 - OFFICE ROOF (366'-0"")","B4 - SECOND LEVEL (348'-0"") -> B4 - OFFICE ROOF (366'-0"")",W14x159,W14X159,True,column,unknown,unknown,,unknown,,unknown,,False,,"[1279.0, 668.0, 1288.2, 708.8]","[""COLUMN SCHEDULE - A"", ""Column Locations: 4.C-4.13"", ""Level interval: B4 - SECOND LEVEL (348'-0\"") -> B4 - OFFICE ROOF (366'-0\"")""]",rotated_label_in_ruled_strip_between_level_datums,PENDING_REVIEW,PENDING_REVIEW,
REAL-GCDC_p77-048,GCDC,REAL-GCDC,77,S05.01_4,REAL-GCDC-p77-M1,COLUMN SCHEDULE - A,level_location_matrix,"[114.0, 304.5, 2622.2, 1346.0]",4.C-4.13,4.C-4.13,"B4 - GROUND LEVEL (324'-0"") -> B4 - SECOND LEVEL (348'-0"")","B4 - GROUND LEVEL (324'-0"") -> B4 - SECOND LEVEL (348'-0"")",W14x159,W14X159,True,column,unknown,unknown,,unknown,,unknown,,False,,"[1279.0, 898.3, 1288.2, 939.0]","[""COLUMN SCHEDULE - A"", ""Column Locations: 4.C-4.13"", ""Level interval: B4 - GROUND LEVEL (324'-0\"") -> B4 - SECOND LEVEL (348'-0\"")""]",rotated_label_in_ruled_strip_between_level_datums,PENDING_REVIEW,PENDING_REVIEW,
REAL-GCDC_p77-049,GCDC,REAL-GCDC,77,S05.01_4,REAL-GCDC-p77-M1,COLUMN SCHEDULE - A,level_location_matrix,"[114.0, 304.5, 2622.2, 1346.0]",4.C-4.14,4.C-4.14,"B4 - SECOND LEVEL (348'-0"") -> B4 - OFFICE ROOF (366'-0"")","B4 - SECOND LEVEL (348'-0"") -> B4 - OFFICE ROOF (366'-0"")",W14x159,W14X159,True,column,unknown,unknown,,unknown,,unknown,,False,,"[1324.0, 663.5, 1333.2, 704.2]","[""COLUMN SCHEDULE - A"", ""Column Locations: 4.C-4.14"", ""Level interval: B4 - SECOND LEVEL (348'-0\"") -> B4 - OFFICE ROOF (366'-0\"")""]",rotated_label_in_ruled_strip_between_level_datums,PENDING_REVIEW,PENDING_REVIEW,
REAL-GCDC_p77-050,GCDC,REAL-GCDC,77,S05.01_4,REAL-GCDC-p77-M1,COLUMN SCHEDULE - A,level_location_matrix,"[114.0, 304.5, 2622.2, 1346.0]",4.C-4.14,4.C-4.14,"B4 - GROUND LEVEL (324'-0"") -> B4 - SECOND LEVEL (348'-0"")","B4 - GROUND LEVEL (324'-0"") -> B4 - SECOND LEVEL (348'-0"")",W14x159,W14X159,True,column,unknown,unknown,,unknown,,unknown,,False,,"[1324.0, 900.5, 1333.2, 941.2]","[""COLUMN SCHEDULE - A"", ""Column Locations: 4.C-4.14"", ""Level interval: B4 - GROUND LEVEL (324'-0\"") -> B4 - SECOND LEVEL (348'-0\"")""]",rotated_label_in_ruled_strip_between_level_datums,PENDING_REVIEW,PENDING_REVIEW,
REAL-GCDC_p77-051,GCDC,REAL-GCDC,77,S05.01_4,REAL-GCDC-p77-M1,COLUMN SCHEDULE - A,level_location_matrix,"[114.0, 304.5, 2622.2, 1346.0]",4.C-4.15,4.C-4.15,"B4 - SECOND LEVEL (348'-0"") -> B4 - OFFICE ROOF (366'-0"")","B4 - SECOND LEVEL (348'-0"") -> B4 - OFFICE ROOF (366'-0"")",W14x145,W14X145,True,column,unknown,unknown,,unknown,,unknown,,False,,"[1369.0, 668.0, 1378.2, 708.8]","[""COLUMN SCHEDULE - A"", ""Column Locations: 4.C-4.15"", ""Level interval: B4 - SECOND LEVEL (348'-0\"") -> B4 - OFFICE ROOF (366'-0\"")""]",rotated_label_in_ruled_strip_between_level_datums,PENDING_REVIEW,PENDING_REVIEW,
REAL-GCDC_p77-052,GCDC,REAL-GCDC,77,S05.01_4,REAL-GCDC-p77-M1,COLUMN SCHEDULE - A,level_location_matrix,"[114.0, 304.5, 2622.2, 1346.0]",4.C-4.15,4.C-4.15,"B4 - GROUND LEVEL (324'-0"") -> B4 - SECOND LEVEL (348'-0"")","B4 - GROUND LEVEL (324'-0"") -> B4 - SECOND LEVEL (348'-0"")",W14x145,W14X145,True,column,unknown,unknown,,unknown,,unknown,,False,,"[1369.0, 898.3, 1378.2, 939.0]","[""COLUMN SCHEDULE - A"", ""Column Locations: 4.C-4.15"", ""Level interval: B4 - GROUND LEVEL (324'-0\"") -> B4 - SECOND LEVEL (348'-0\"")""]",rotated_label_in_ruled_strip_between_level_datums,PENDING_REVIEW,PENDING_REVIEW,
REAL-GCDC_p77-053,GCDC,REAL-GCDC,77,S05.01_4,REAL-GCDC-p77-M1,COLUMN SCHEDULE - A,level_location_matrix,"[114.0, 304.5, 2622.2, 1346.0]",4.C-4.16,4.C-4.16,"B4 - SECOND LEVEL (348'-0"") -> B4 - OFFICE ROOF (366'-0"")","B4 - SECOND LEVEL (348'-0"") -> B4 - OFFICE ROOF (366'-0"")",W18x311,W18X311,True,column,unknown,unknown,,unknown,,unknown,,False,,"[1414.0, 668.0, 1423.2, 708.8]","[""COLUMN SCHEDULE - A"", ""Column Locations: 4.C-4.16"", ""Level interval: B4 - SECOND LEVEL (348'-0\"") -> B4 - OFFICE ROOF (366'-0\"")""]",rotated_label_in_ruled_strip_between_level_datums,PENDING_REVIEW,PENDING_REVIEW,
REAL-GCDC_p77-054,GCDC,REAL-GCDC,77,S05.01_4,REAL-GCDC-p77-M1,COLUMN SCHEDULE - A,level_location_matrix,"[114.0, 304.5, 2622.2, 1346.0]",4.C-4.16,4.C-4.16,"B4 - GROUND LEVEL (324'-0"") -> B4 - SECOND LEVEL (348'-0"")","B4 - GROUND LEVEL (324'-0"") -> B4 - SECOND LEVEL (348'-0"")",W18x311,W18X311,True,column,unknown,unknown,,unknown,,unknown,,False,,"[1414.0, 893.8, 1423.2, 934.5]","[""COLUMN SCHEDULE - A"", ""Column Locations: 4.C-4.16"", ""Level interval: B4 - GROUND LEVEL (324'-0\"") -> B4 - SECOND LEVEL (348'-0\"")""]",rotated_label_in_ruled_strip_between_level_datums,PENDING_REVIEW,PENDING_REVIEW,
REAL-GCDC_p77-055,GCDC,REAL-GCDC,77,S05.01_4,REAL-GCDC-p77-M1,COLUMN SCHEDULE - A,level_location_matrix,"[114.0, 304.5, 2622.2, 1346.0]",4.C-4.2,4.C-4.2,"B4 - SECOND LEVEL (348'-0"") -> B4 - OFFICE ROOF (366'-0"")","B4 - SECOND LEVEL (348'-0"") -> B4 - OFFICE ROOF (366'-0"")",W14x132,W14X132,True,column,unknown,unknown,,unknown,,unknown,,False,,"[1459.0, 668.0, 1468.2, 708.8]","[""COLUMN SCHEDULE - A"", ""Column Locations: 4.C-4.2"", ""Level interval: B4 - SECOND LEVEL (348'-0\"") -> B4 - OFFICE ROOF (366'-0\"")""]",rotated_label_in_ruled_strip_between_level_datums,PENDING_REVIEW,PENDING_REVIEW,
REAL-GCDC_p77-056,GCDC,REAL-GCDC,77,S05.01_4,REAL-GCDC-p77-M1,COLUMN SCHEDULE - A,level_location_matrix,"[114.0, 304.5, 2622.2, 1346.0]",4.C-4.2,4.C-4.2,"B4 - GROUND LEVEL (324'-0"") -> B4 - SECOND LEVEL (348'-0"")","B4 - GROUND LEVEL (324'-0"") -> B4 - SECOND LEVEL (348'-0"")",W14x176,W14X176,True,column,unknown,unknown,,unknown,,unknown,,False,,"[1459.0, 920.8, 1468.2, 961.5]","[""COLUMN SCHEDULE - A"", ""Column Locations: 4.C-4.2"", ""Level interval: B4 - GROUND LEVEL (324'-0\"") -> B4 - SECOND LEVEL (348'-0\"")""]",rotated_label_in_ruled_strip_between_level_datums,PENDING_REVIEW,PENDING_REVIEW,
REAL-GCDC_p77-057,GCDC,REAL-GCDC,77,S05.01_4,REAL-GCDC-p77-M1,COLUMN SCHEDULE - A,level_location_matrix,"[114.0, 304.5, 2622.2, 1346.0]",4.C-4.3,4.C-4.3,"B4 - SECOND LEVEL (348'-0"") -> B4 - OFFICE ROOF (366'-0"")","B4 - SECOND LEVEL (348'-0"") -> B4 - OFFICE ROOF (366'-0"")",W14x159,W14X159,True,column,unknown,unknown,,unknown,,unknown,,False,,"[1504.0, 668.0, 1513.2, 708.8]","[""COLUMN SCHEDULE - A"", ""Column Locations: 4.C-4.3"", ""Level interval: B4 - SECOND LEVEL (348'-0\"") -> B4 - OFFICE ROOF (366'-0\"")""]",rotated_label_in_ruled_strip_between_level_datums,PENDING_REVIEW,PENDING_REVIEW,
REAL-GCDC_p77-058,GCDC,REAL-GCDC,77,S05.01_4,REAL-GCDC-p77-M1,COLUMN SCHEDULE - A,level_location_matrix,"[114.0, 304.5, 2622.2, 1346.0]",4.C-4.3,4.C-4.3,"B4 - GROUND LEVEL (324'-0"") -> B4 - SECOND LEVEL (348'-0"")","B4 - GROUND LEVEL (324'-0"") -> B4 - SECOND LEVEL (348'-0"")",W14x159,W14X159,True,column,unknown,unknown,,unknown,,unknown,,False,,"[1504.0, 891.5, 1513.2, 932.2]","[""COLUMN SCHEDULE - A"", ""Column Locations: 4.C-4.3"", ""Level interval: B4 - GROUND LEVEL (324'-0\"") -> B4 - SECOND LEVEL (348'-0\"")""]",rotated_label_in_ruled_strip_between_level_datums,PENDING_REVIEW,PENDING_REVIEW,
REAL-GCDC_p77-059,GCDC,REAL-GCDC,77,S05.01_4,REAL-GCDC-p77-M1,COLUMN SCHEDULE - A,level_location_matrix,"[114.0, 304.5, 2622.2, 1346.0]",4.C-4.4,4.C-4.4,"B4 - SECOND LEVEL (348'-0"") -> B4 - OFFICE ROOF (366'-0"")","B4 - SECOND LEVEL (348'-0"") -> B4 - OFFICE ROOF (366'-0"")",W14x159,W14X159,True,column,unknown,unknown,,unknown,,unknown,,False,,"[1549.0, 668.0, 1558.2, 708.8]","[""COLUMN SCHEDULE - A"", ""Column Locations: 4.C-4.4"", ""Level interval: B4 - SECOND LEVEL (348'-0\"") -> B4 - OFFICE ROOF (366'-0\"")""]",rotated_label_in_ruled_strip_between_level_datums,PENDING_REVIEW,PENDING_REVIEW,
REAL-GCDC_p77-060,GCDC,REAL-GCDC,77,S05.01_4,REAL-GCDC-p77-M1,COLUMN SCHEDULE - A,level_location_matrix,"[114.0, 304.5, 2622.2, 1346.0]",4.C-4.4,4.C-4.4,"B4 - GROUND LEVEL (324'-0"") -> B4 - SECOND LEVEL (348'-0"")","B4 - GROUND LEVEL (324'-0"") -> B4 - SECOND LEVEL (348'-0"")",W14x159,W14X159,True,column,unknown,unknown,,unknown,,unknown,,False,,"[1549.0, 891.5, 1558.2, 932.2]","[""COLUMN SCHEDULE - A"", ""Column Locations: 4.C-4.4"", ""Level interval: B4 - GROUND LEVEL (324'-0\"") -> B4 - SECOND LEVEL (348'-0\"")""]",rotated_label_in_ruled_strip_between_level_datums,PENDING_REVIEW,PENDING_REVIEW,
REAL-GCDC_p77-061,GCDC,REAL-GCDC,77,S05.01_4,REAL-GCDC-p77-M1,COLUMN SCHEDULE - A,level_location_matrix,"[114.0, 304.5, 2622.2, 1346.0]",4.C-4.5,4.C-4.5,"B4 - SECOND LEVEL (348'-0"") -> B4 - OFFICE ROOF (366'-0"")","B4 - SECOND LEVEL (348'-0"") -> B4 - OFFICE ROOF (366'-0"")",W14x159,W14X159,True,column,unknown,unknown,,unknown,,unknown,,False,,"[1594.0, 668.0, 1603.2, 708.8]","[""COLUMN SCHEDULE - A"", ""Column Locations: 4.C-4.5"", ""Level interval: B4 - SECOND LEVEL (348'-0\"") -> B4 - OFFICE ROOF (366'-0\"")""]",rotated_label_in_ruled_strip_between_level_datums,PENDING_REVIEW,PENDING_REVIEW,
REAL-GCDC_p77-062,GCDC,REAL-GCDC,77,S05.01_4,REAL-GCDC-p77-M1,COLUMN SCHEDULE - A,level_location_matrix,"[114.0, 304.5, 2622.2, 1346.0]",4.C-4.5,4.C-4.5,"B4 - GROUND LEVEL (324'-0"") -> B4 - SECOND LEVEL (348'-0"")","B4 - GROUND LEVEL (324'-0"") -> B4 - SECOND LEVEL (348'-0"")",W14x159,W14X159,True,column,unknown,unknown,,unknown,,unknown,,False,,"[1594.0, 902.8, 1603.2, 943.5]","[""COLUMN SCHEDULE - A"", ""Column Locations: 4.C-4.5"", ""Level interval: B4 - GROUND LEVEL (324'-0\"") -> B4 - SECOND LEVEL (348'-0\"")""]",rotated_label_in_ruled_strip_between_level_datums,PENDING_REVIEW,PENDING_REVIEW,
REAL-GCDC_p77-063,GCDC,REAL-GCDC,77,S05.01_4,REAL-GCDC-p77-M1,COLUMN SCHEDULE - A,level_location_matrix,"[114.0, 304.5, 2622.2, 1346.0]",4.C-4.6,4.C-4.6,"B4 - SECOND LEVEL (348'-0"") -> B4 - OFFICE ROOF (366'-0"")","B4 - SECOND LEVEL (348'-0"") -> B4 - OFFICE ROOF (366'-0"")",W14x257,W14X257,True,column,unknown,unknown,,unknown,,unknown,,False,,"[1639.0, 668.0, 1648.2, 708.8]","[""COLUMN SCHEDULE - A"", ""Column Locations: 4.C-4.6"", ""Level interval: B4 - SECOND LEVEL (348'-0\"") -> B4 - OFFICE ROOF (366'-0\"")""]",rotated_label_in_ruled_strip_between_level_datums,PENDING_REVIEW,PENDING_REVIEW,
REAL-GCDC_p77-064,GCDC,REAL-GCDC,77,S05.01_4,REAL-GCDC-p77-M1,COLUMN SCHEDULE - A,level_location_matrix,"[114.0, 304.5, 2622.2, 1346.0]",4.C-4.6,4.C-4.6,"B4 - GROUND LEVEL (324'-0"") -> B4 - SECOND LEVEL (348'-0"")","B4 - GROUND LEVEL (324'-0"") -> B4 - SECOND LEVEL (348'-0"")",W14x257,W14X257,True,column,unknown,unknown,,unknown,,unknown,,False,,"[1639.0, 891.5, 1648.2, 932.2]","[""COLUMN SCHEDULE - A"", ""Column Locations: 4.C-4.6"", ""Level interval: B4 - GROUND LEVEL (324'-0\"") -> B4 - SECOND LEVEL (348'-0\"")""]",rotated_label_in_ruled_strip_between_level_datums,PENDING_REVIEW,PENDING_REVIEW,
REAL-GCDC_p77-065,GCDC,REAL-GCDC,77,S05.01_4,REAL-GCDC-p77-M1,COLUMN SCHEDULE - A,level_location_matrix,"[114.0, 304.5, 2622.2, 1346.0]",4.C-4.7,4.C-4.7,"B4 - SECOND LEVEL (348'-0"") -> B4 - OFFICE ROOF (366'-0"")","B4 - SECOND LEVEL (348'-0"") -> B4 - OFFICE ROOF (366'-0"")",W14x159,W14X159,True,column,unknown,unknown,,unknown,,unknown,,False,,"[1684.0, 668.0, 1693.2, 708.8]","[""COLUMN SCHEDULE - A"", ""Column Locations: 4.C-4.7"", ""Level interval: B4 - SECOND LEVEL (348'-0\"") -> B4 - OFFICE ROOF (366'-0\"")""]",rotated_label_in_ruled_strip_between_level_datums,PENDING_REVIEW,PENDING_REVIEW,
REAL-GCDC_p77-066,GCDC,REAL-GCDC,77,S05.01_4,REAL-GCDC-p77-M1,COLUMN SCHEDULE - A,level_location_matrix,"[114.0, 304.5, 2622.2, 1346.0]",4.C-4.7,4.C-4.7,"B4 - GROUND LEVEL (324'-0"") -> B4 - SECOND LEVEL (348'-0"")","B4 - GROUND LEVEL (324'-0"") -> B4 - SECOND LEVEL (348'-0"")",W14x159,W14X159,True,column,unknown,unknown,,unknown,,unknown,,False,,"[1684.0, 891.5, 1693.2, 932.2]","[""COLUMN SCHEDULE - A"", ""Column Locations: 4.C-4.7"", ""Level interval: B4 - GROUND LEVEL (324'-0\"") -> B4 - SECOND LEVEL (348'-0\"")""]",rotated_label_in_ruled_strip_between_level_datums,PENDING_REVIEW,PENDING_REVIEW,
REAL-GCDC_p77-067,GCDC,REAL-GCDC,77,S05.01_4,REAL-GCDC-p77-M1,COLUMN SCHEDULE - A,level_location_matrix,"[114.0, 304.5, 2622.2, 1346.0]",4.C-4.8,4.C-4.8,"B4 - SECOND LEVEL (348'-0"") -> B4 - OFFICE ROOF (366'-0"")","B4 - SECOND LEVEL (348'-0"") -> B4 - OFFICE ROOF (366'-0"")",W14x176,W14X176,True,column,unknown,unknown,,unknown,,unknown,,False,,"[1729.0, 668.0, 1738.2, 708.8]","[""COLUMN SCHEDULE - A"", ""Column Locations: 4.C-4.8"", ""Level interval: B4 - SECOND LEVEL (348'-0\"") -> B4 - OFFICE ROOF (366'-0\"")""]",rotated_label_in_ruled_strip_between_level_datums,PENDING_REVIEW,PENDING_REVIEW,
REAL-GCDC_p77-068,GCDC,REAL-GCDC,77,S05.01_4,REAL-GCDC-p77-M1,COLUMN SCHEDULE - A,level_location_matrix,"[114.0, 304.5, 2622.2, 1346.0]",4.C-4.8,4.C-4.8,"B4 - GROUND LEVEL (324'-0"") -> B4 - SECOND LEVEL (348'-0"")","B4 - GROUND LEVEL (324'-0"") -> B4 - SECOND LEVEL (348'-0"")",W14x176,W14X176,True,column,unknown,unknown,,unknown,,unknown,,False,,"[1729.0, 891.5, 1738.2, 932.2]","[""COLUMN SCHEDULE - A"", ""Column Locations: 4.C-4.8"", ""Level interval: B4 - GROUND LEVEL (324'-0\"") -> B4 - SECOND LEVEL (348'-0\"")""]",rotated_label_in_ruled_strip_between_level_datums,PENDING_REVIEW,PENDING_REVIEW,
REAL-GCDC_p77-069,GCDC,REAL-GCDC,77,S05.01_4,REAL-GCDC-p77-M1,COLUMN SCHEDULE - A,level_location_matrix,"[114.0, 304.5, 2622.2, 1346.0]",4.C-4.9,4.C-4.9,"B4 - SECOND LEVEL (348'-0"") -> B4 - OFFICE ROOF (366'-0"")","B4 - SECOND LEVEL (348'-0"") -> B4 - OFFICE ROOF (366'-0"")",W14x176,W14X176,True,column,unknown,unknown,,unknown,,unknown,,False,,"[1774.0, 668.0, 1783.2, 708.8]","[""COLUMN SCHEDULE - A"", ""Column Locations: 4.C-4.9"", ""Level interval: B4 - SECOND LEVEL (348'-0\"") -> B4 - OFFICE ROOF (366'-0\"")""]",rotated_label_in_ruled_strip_between_level_datums,PENDING_REVIEW,PENDING_REVIEW,
REAL-GCDC_p77-070,GCDC,REAL-GCDC,77,S05.01_4,REAL-GCDC-p77-M1,COLUMN SCHEDULE - A,level_location_matrix,"[114.0, 304.5, 2622.2, 1346.0]",4.C-4.9,4.C-4.9,"B4 - GROUND LEVEL (324'-0"") -> B4 - SECOND LEVEL (348'-0"")","B4 - GROUND LEVEL (324'-0"") -> B4 - SECOND LEVEL (348'-0"")",W14x176,W14X176,True,column,unknown,unknown,,unknown,,unknown,,False,,"[1774.0, 891.5, 1783.2, 932.2]","[""COLUMN SCHEDULE - A"", ""Column Locations: 4.C-4.9"", ""Level interval: B4 - GROUND LEVEL (324'-0\"") -> B4 - SECOND LEVEL (348'-0\"")""]",rotated_label_in_ruled_strip_between_level_datums,PENDING_REVIEW,PENDING_REVIEW,
REAL-GCDC_p77-071,GCDC,REAL-GCDC,77,S05.01_4,REAL-GCDC-p77-M1,COLUMN SCHEDULE - A,level_location_matrix,"[114.0, 304.5, 2622.2, 1346.0]",4.C.2-4.16. 5,4.C.2-4.16.5,"B4 - SECOND LEVEL (348'-0"") -> B4 - OFFICE ROOF (366'-0"")","B4 - SECOND LEVEL (348'-0"") -> B4 - OFFICE ROOF (366'-0"")",W12x120,W12X120,True,column,unknown,unknown,,unknown,,unknown,,False,,"[1819.0, 694.3, 1828.2, 735.0]","[""COLUMN SCHEDULE - A"", ""Column Locations: 4.C.2-4.16. 5"", ""Level interval: B4 - SECOND LEVEL (348'-0\"") -> B4 - OFFICE ROOF (366'-0\"")""]",rotated_label_in_ruled_strip_between_level_datums,PENDING_REVIEW,PENDING_REVIEW,
REAL-GCDC_p77-072,GCDC,REAL-GCDC,77,S05.01_4,REAL-GCDC-p77-M1,COLUMN SCHEDULE - A,level_location_matrix,"[114.0, 304.5, 2622.2, 1346.0]",4.C.2-4.16. 5,4.C.2-4.16.5,"B4 - GROUND LEVEL (324'-0"") -> B4 - SECOND LEVEL (348'-0"")","B4 - GROUND LEVEL (324'-0"") -> B4 - SECOND LEVEL (348'-0"")",W12x120,W12X120,True,column,unknown,unknown,,unknown,,unknown,,False,,"[1816.8, 893.8, 1825.9, 934.5]","[""COLUMN SCHEDULE - A"", ""Column Locations: 4.C.2-4.16. 5"", ""Level interval: B4 - GROUND LEVEL (324'-0\"") -> B4 - SECOND LEVEL (348'-0\"")""]",rotated_label_in_ruled_strip_between_level_datums,PENDING_REVIEW,PENDING_REVIEW,
REAL-GCDC_p77-073,GCDC,REAL-GCDC,77,S05.01_4,REAL-GCDC-p77-M1,COLUMN SCHEDULE - A,level_location_matrix,"[114.0, 304.5, 2622.2, 1346.0]",4.C.2-4.17,4.C.2-4.17,"B4 - SECOND LEVEL (348'-0"") -> B4 - OFFICE ROOF (366'-0"")","B4 - SECOND LEVEL (348'-0"") -> B4 - OFFICE ROOF (366'-0"")",W12x53,W12X53,True,column,unknown,unknown,,unknown,,unknown,,False,,"[1864.0, 703.3, 1873.2, 738.8]","[""COLUMN SCHEDULE - A"", ""Column Locations: 4.C.2-4.17"", ""Level interval: B4 - SECOND LEVEL (348'-0\"") -> B4 - OFFICE ROOF (366'-0\"")""]",rotated_label_in_ruled_strip_between_level_datums,PENDING_REVIEW,PENDING_REVIEW,
REAL-GCDC_p77-074,GCDC,REAL-GCDC,77,S05.01_4,REAL-GCDC-p77-M1,COLUMN SCHEDULE - A,level_location_matrix,"[114.0, 304.5, 2622.2, 1346.0]",4.C.2-4.17,4.C.2-4.17,"B4 - GROUND LEVEL (324'-0"") -> B4 - SECOND LEVEL (348'-0"")","B4 - GROUND LEVEL (324'-0"") -> B4 - SECOND LEVEL (348'-0"")",W12x53,W12X53,True,column,unknown,unknown,,unknown,,unknown,,False,,"[1861.8, 901.3, 1870.9, 936.8]","[""COLUMN SCHEDULE - A"", ""Column Locations: 4.C.2-4.17"", ""Level interval: B4 - GROUND LEVEL (324'-0\"") -> B4 - SECOND LEVEL (348'-0\"")""]",rotated_label_in_ruled_strip_between_level_datums,PENDING_REVIEW,PENDING_REVIEW,
REAL-GCDC_p77-075,GCDC,REAL-GCDC,77,S05.01_4,REAL-GCDC-p77-M1,COLUMN SCHEDULE - A,level_location_matrix,"[114.0, 304.5, 2622.2, 1346.0]",4.C.4-4.1,4.C.4-4.1,"B4 - GROUND LEVEL (324'-0"") -> B4 - SECOND LEVEL (348'-0"")","B4 - GROUND LEVEL (324'-0"") -> B4 - SECOND LEVEL (348'-0"")",W12x72,W12X72,True,column,unknown,unknown,,unknown,,unknown,,False,,"[1912.8, 935.0, 1921.9, 970.5]","[""COLUMN SCHEDULE - A"", ""Column Locations: 4.C.4-4.1"", ""Level interval: B4 - GROUND LEVEL (324'-0\"") -> B4 - SECOND LEVEL (348'-0\"")""]",rotated_label_in_ruled_strip_between_level_datums,PENDING_REVIEW,PENDING_REVIEW,
REAL-GCDC_p77-076,GCDC,REAL-GCDC,77,S05.01_4,REAL-GCDC-p77-M1,COLUMN SCHEDULE - A,level_location_matrix,"[114.0, 304.5, 2622.2, 1346.0]",4.C.4-4.2,4.C.4-4.2,"B4 - GROUND LEVEL (324'-0"") -> B4 - SECOND LEVEL (348'-0"")","B4 - GROUND LEVEL (324'-0"") -> B4 - SECOND LEVEL (348'-0"")",W12x106,W12X106,True,column,unknown,unknown,,unknown,,unknown,,False,,"[1951.8, 815.8, 1960.9, 856.5]","[""COLUMN SCHEDULE - A"", ""Column Locations: 4.C.4-4.2"", ""Level interval: B4 - GROUND LEVEL (324'-0\"") -> B4 - SECOND LEVEL (348'-0\"")""]",rotated_label_in_ruled_strip_between_level_datums,PENDING_REVIEW,PENDING_REVIEW,
REAL-GCDC_p77-077,GCDC,REAL-GCDC,77,S05.01_4,REAL-GCDC-p77-M1,COLUMN SCHEDULE - A,level_location_matrix,"[114.0, 304.5, 2622.2, 1346.0]",4.C.6-4.17,4.C.6-4.17,"B4 - GROUND LEVEL (324'-0"") -> B4 - SECOND LEVEL (348'-0"")","B4 - GROUND LEVEL (324'-0"") -> B4 - SECOND LEVEL (348'-0"")",HSS10x10x3/8,HSS10X10X3/8,True,column,unknown,unknown,,unknown,,unknown,,False,,"[1996.8, 902.8, 2005.9, 967.5]","[""COLUMN SCHEDULE - A"", ""Column Locations: 4.C.6-4.17"", ""Level interval: B4 - GROUND LEVEL (324'-0\"") -> B4 - SECOND LEVEL (348'-0\"")""]",rotated_label_in_ruled_strip_between_level_datums,PENDING_REVIEW,PENDING_REVIEW,
REAL-GCDC_p77-078,GCDC,REAL-GCDC,77,S05.01_4,REAL-GCDC-p77-M1,COLUMN SCHEDULE - A,level_location_matrix,"[114.0, 304.5, 2622.2, 1346.0]",4.C.8-4.16,4.C.8-4.16,"B4 - SECOND LEVEL (348'-0"") -> B4 - OFFICE ROOF (366'-0"")","B4 - SECOND LEVEL (348'-0"") -> B4 - OFFICE ROOF (366'-0"")",W18x311,W18X311,True,column,unknown,unknown,,unknown,,unknown,,False,,"[2044.0, 665.0, 2053.2, 705.8]","[""COLUMN SCHEDULE - A"", ""Column Locations: 4.C.8-4.16"", ""Level interval: B4 - SECOND LEVEL (348'-0\"") -> B4 - OFFICE ROOF (366'-0\"")""]",rotated_label_in_ruled_strip_between_level_datums,PENDING_REVIEW,PENDING_REVIEW,
REAL-GCDC_p77-079,GCDC,REAL-GCDC,77,S05.01_4,REAL-GCDC-p77-M1,COLUMN SCHEDULE - A,level_location_matrix,"[114.0, 304.5, 2622.2, 1346.0]",4.C.8-4.16,4.C.8-4.16,"B4 - GROUND LEVEL (324'-0"") -> B4 - SECOND LEVEL (348'-0"")","B4 - GROUND LEVEL (324'-0"") -> B4 - SECOND LEVEL (348'-0"")",W18x311,W18X311,True,column,unknown,unknown,,unknown,,unknown,,False,,"[2041.8, 893.8, 2050.9, 934.5]","[""COLUMN SCHEDULE - A"", ""Column Locations: 4.C.8-4.16"", ""Level interval: B4 - GROUND LEVEL (324'-0\"") -> B4 - SECOND LEVEL (348'-0\"")""]",rotated_label_in_ruled_strip_between_level_datums,PENDING_REVIEW,PENDING_REVIEW,
REAL-GCDC_p77-080,GCDC,REAL-GCDC,77,S05.01_4,REAL-GCDC-p77-M1,COLUMN SCHEDULE - A,level_location_matrix,"[114.0, 304.5, 2622.2, 1346.0]",4. D-4. 1,4.D-4.1,"B4 - GROUND LEVEL (324'-0"") -> B4 - SECOND LEVEL (348'-0"")","B4 - GROUND LEVEL (324'-0"") -> B4 - SECOND LEVEL (348'-0"")",W12x53,W12X53,True,column,unknown,unknown,,unknown,,unknown,,False,,"[2089.0, 914.8, 2098.2, 950.2]","[""COLUMN SCHEDULE - A"", ""Column Locations: 4. D-4. 1"", ""Level interval: B4 - GROUND LEVEL (324'-0\"") -> B4 - SECOND LEVEL (348'-0\"")""]",rotated_label_in_ruled_strip_between_level_datums,PENDING_REVIEW,PENDING_REVIEW,
REAL-GCDC_p77-081,GCDC,REAL-GCDC,77,S05.01_4,REAL-GCDC-p77-M1,COLUMN SCHEDULE - A,level_location_matrix,"[114.0, 304.5, 2622.2, 1346.0]",4. D-4.10,4.D-4.10,"B4 - SECOND LEVEL (348'-0"") -> B4 - OFFICE ROOF (366'-0"")","B4 - SECOND LEVEL (348'-0"") -> B4 - OFFICE ROOF (366'-0"")",W14x193,W14X193,True,column,unknown,unknown,,unknown,,unknown,,False,,"[2134.0, 664.3, 2143.2, 705.0]","[""COLUMN SCHEDULE - A"", ""Column Locations: 4. D-4.10"", ""Level interval: B4 - SECOND LEVEL (348'-0\"") -> B4 - OFFICE ROOF (366'-0\"")""]",rotated_label_in_ruled_strip_between_level_datums,PENDING_REVIEW,PENDING_REVIEW,
REAL-GCDC_p77-082,GCDC,REAL-GCDC,77,S05.01_4,REAL-GCDC-p77-M1,COLUMN SCHEDULE - A,level_location_matrix,"[114.0, 304.5, 2622.2, 1346.0]",4. D-4.10,4.D-4.10,"B4 - GROUND LEVEL (324'-0"") -> B4 - SECOND LEVEL (348'-0"")","B4 - GROUND LEVEL (324'-0"") -> B4 - SECOND LEVEL (348'-0"")",W14x193,W14X193,True,column,unknown,unknown,,unknown,,unknown,,False,,"[2134.0, 891.5, 2143.2, 932.2]","[""COLUMN SCHEDULE - A"", ""Column Locations: 4. D-4.10"", ""Level interval: B4 - GROUND LEVEL (324'-0\"") -> B4 - SECOND LEVEL (348'-0\"")""]",rotated_label_in_ruled_strip_between_level_datums,PENDING_REVIEW,PENDING_REVIEW,
REAL-GCDC_p77-083,GCDC,REAL-GCDC,77,S05.01_4,REAL-GCDC-p77-M1,COLUMN SCHEDULE - A,level_location_matrix,"[114.0, 304.5, 2622.2, 1346.0]",4. D-4.11,4.D-4.11,"B4 - SECOND LEVEL (348'-0"") -> B4 - OFFICE ROOF (366'-0"")","B4 - SECOND LEVEL (348'-0"") -> B4 - OFFICE ROOF (366'-0"")",W14x283,W14X283,True,column,unknown,unknown,,unknown,,unknown,,False,,"[2179.0, 664.3, 2188.2, 705.0]","[""COLUMN SCHEDULE - A"", ""Column Locations: 4. D-4.11"", ""Level interval: B4 - SECOND LEVEL (348'-0\"") -> B4 - OFFICE ROOF (366'-0\"")""]",rotated_label_in_ruled_strip_between_level_datums,PENDING_REVIEW,PENDING_REVIEW,
REAL-GCDC_p77-084,GCDC,REAL-GCDC,77,S05.01_4,REAL-GCDC-p77-M1,COLUMN SCHEDULE - A,level_location_matrix,"[114.0, 304.5, 2622.2, 1346.0]",4. D-4.11,4.D-4.11,"B4 - GROUND LEVEL (324'-0"") -> B4 - SECOND LEVEL (348'-0"")","B4 - GROUND LEVEL (324'-0"") -> B4 - SECOND LEVEL (348'-0"")",W14x283,W14X283,True,column,unknown,unknown,,unknown,,unknown,,False,,"[2179.0, 891.5, 2188.2, 932.2]","[""COLUMN SCHEDULE - A"", ""Column Locations: 4. D-4.11"", ""Level interval: B4 - GROUND LEVEL (324'-0\"") -> B4 - SECOND LEVEL (348'-0\"")""]",rotated_label_in_ruled_strip_between_level_datums,PENDING_REVIEW,PENDING_REVIEW,
REAL-GCDC_p77-085,GCDC,REAL-GCDC,77,S05.01_4,REAL-GCDC-p77-M1,COLUMN SCHEDULE - A,level_location_matrix,"[114.0, 304.5, 2622.2, 1346.0]",4. D-4.12,4.D-4.12,"B4 - SECOND LEVEL (348'-0"") -> B4 - OFFICE ROOF (366'-0"")","B4 - SECOND LEVEL (348'-0"") -> B4 - OFFICE ROOF (366'-0"")",W14x193,W14X193,True,column,unknown,unknown,,unknown,,unknown,,False,,"[2224.0, 664.3, 2233.2, 705.0]","[""COLUMN SCHEDULE - A"", ""Column Locations: 4. D-4.12"", ""Level interval: B4 - SECOND LEVEL (348'-0\"") -> B4 - OFFICE ROOF (366'-0\"")""]",rotated_label_in_ruled_strip_between_level_datums,PENDING_REVIEW,PENDING_REVIEW,
REAL-GCDC_p77-086,GCDC,REAL-GCDC,77,S05.01_4,REAL-GCDC-p77-M1,COLUMN SCHEDULE - A,level_location_matrix,"[114.0, 304.5, 2622.2, 1346.0]",4. D-4.12,4.D-4.12,"B4 - GROUND LEVEL (324'-0"") -> B4 - SECOND LEVEL (348'-0"")","B4 - GROUND LEVEL (324'-0"") -> B4 - SECOND LEVEL (348'-0"")",W14x193,W14X193,True,column,unknown,unknown,,unknown,,unknown,,False,,"[2224.0, 891.5, 2233.2, 932.2]","[""COLUMN SCHEDULE - A"", ""Column Locations: 4. D-4.12"", ""Level interval: B4 - GROUND LEVEL (324'-0\"") -> B4 - SECOND LEVEL (348'-0\"")""]",rotated_label_in_ruled_strip_between_level_datums,PENDING_REVIEW,PENDING_REVIEW,
REAL-GCDC_p77-087,GCDC,REAL-GCDC,77,S05.01_4,REAL-GCDC-p77-M1,COLUMN SCHEDULE - A,level_location_matrix,"[114.0, 304.5, 2622.2, 1346.0]",4. D-4.13,4.D-4.13,"B4 - SECOND LEVEL (348'-0"") -> B4 - OFFICE ROOF (366'-0"")","B4 - SECOND LEVEL (348'-0"") -> B4 - OFFICE ROOF (366'-0"")",W14x211,W14X211,True,column,unknown,unknown,,unknown,,unknown,,False,,"[2269.0, 664.3, 2278.2, 705.0]","[""COLUMN SCHEDULE - A"", ""Column Locations: 4. D-4.13"", ""Level interval: B4 - SECOND LEVEL (348'-0\"") -> B4 - OFFICE ROOF (366'-0\"")""]",rotated_label_in_ruled_strip_between_level_datums,PENDING_REVIEW,PENDING_REVIEW,
REAL-GCDC_p77-088,GCDC,REAL-GCDC,77,S05.01_4,REAL-GCDC-p77-M1,COLUMN SCHEDULE - A,level_location_matrix,"[114.0, 304.5, 2622.2, 1346.0]",4. D-4.13,4.D-4.13,"B4 - GROUND LEVEL (324'-0"") -> B4 - SECOND LEVEL (348'-0"")","B4 - GROUND LEVEL (324'-0"") -> B4 - SECOND LEVEL (348'-0"")",W14x211,W14X211,True,column,unknown,unknown,,unknown,,unknown,,False,,"[2269.0, 891.5, 2278.2, 932.2]","[""COLUMN SCHEDULE - A"", ""Column Locations: 4. D-4.13"", ""Level interval: B4 - GROUND LEVEL (324'-0\"") -> B4 - SECOND LEVEL (348'-0\"")""]",rotated_label_in_ruled_strip_between_level_datums,PENDING_REVIEW,PENDING_REVIEW,
REAL-GCDC_p77-089,GCDC,REAL-GCDC,77,S05.01_4,REAL-GCDC-p77-M1,COLUMN SCHEDULE - A,level_location_matrix,"[114.0, 304.5, 2622.2, 1346.0]",4. D-4.14,4.D-4.14,"B4 - SECOND LEVEL (348'-0"") -> B4 - OFFICE ROOF (366'-0"")","B4 - SECOND LEVEL (348'-0"") -> B4 - OFFICE ROOF (366'-0"")",W14x193,W14X193,True,column,unknown,unknown,,unknown,,unknown,,False,,"[2314.0, 664.3, 2323.2, 705.0]","[""COLUMN SCHEDULE - A"", ""Column Locations: 4. D-4.14"", ""Level interval: B4 - SECOND LEVEL (348'-0\"") -> B4 - OFFICE ROOF (366'-0\"")""]",rotated_label_in_ruled_strip_between_level_datums,PENDING_REVIEW,PENDING_REVIEW,
REAL-GCDC_p77-090,GCDC,REAL-GCDC,77,S05.01_4,REAL-GCDC-p77-M1,COLUMN SCHEDULE - A,level_location_matrix,"[114.0, 304.5, 2622.2, 1346.0]",4. D-4.14,4.D-4.14,"B4 - GROUND LEVEL (324'-0"") -> B4 - SECOND LEVEL (348'-0"")","B4 - GROUND LEVEL (324'-0"") -> B4 - SECOND LEVEL (348'-0"")",W14x193,W14X193,True,column,unknown,unknown,,unknown,,unknown,,False,,"[2314.0, 891.5, 2323.2, 932.2]","[""COLUMN SCHEDULE - A"", ""Column Locations: 4. D-4.14"", ""Level interval: B4 - GROUND LEVEL (324'-0\"") -> B4 - SECOND LEVEL (348'-0\"")""]",rotated_label_in_ruled_strip_between_level_datums,PENDING_REVIEW,PENDING_REVIEW,
REAL-GCDC_p77-091,GCDC,REAL-GCDC,77,S05.01_4,REAL-GCDC-p77-M1,COLUMN SCHEDULE - A,level_location_matrix,"[114.0, 304.5, 2622.2, 1346.0]",4. D-4.15,4.D-4.15,"B4 - SECOND LEVEL (348'-0"") -> B4 - OFFICE ROOF (366'-0"")","B4 - SECOND LEVEL (348'-0"") -> B4 - OFFICE ROOF (366'-0"")",W14x176,W14X176,True,column,unknown,unknown,,unknown,,unknown,,False,,"[2359.0, 664.3, 2368.2, 705.0]","[""COLUMN SCHEDULE - A"", ""Column Locations: 4. D-4.15"", ""Level interval: B4 - SECOND LEVEL (348'-0\"") -> B4 - OFFICE ROOF (366'-0\"")""]",rotated_label_in_ruled_strip_between_level_datums,PENDING_REVIEW,PENDING_REVIEW,
REAL-GCDC_p77-092,GCDC,REAL-GCDC,77,S05.01_4,REAL-GCDC-p77-M1,COLUMN SCHEDULE - A,level_location_matrix,"[114.0, 304.5, 2622.2, 1346.0]",4. D-4.15,4.D-4.15,"B4 - GROUND LEVEL (324'-0"") -> B4 - SECOND LEVEL (348'-0"")","B4 - GROUND LEVEL (324'-0"") -> B4 - SECOND LEVEL (348'-0"")",W14x176,W14X176,True,column,unknown,unknown,,unknown,,unknown,,False,,"[2359.0, 891.5, 2368.2, 932.2]","[""COLUMN SCHEDULE - A"", ""Column Locations: 4. D-4.15"", ""Level interval: B4 - GROUND LEVEL (324'-0\"") -> B4 - SECOND LEVEL (348'-0\"")""]",rotated_label_in_ruled_strip_between_level_datums,PENDING_REVIEW,PENDING_REVIEW,
REAL-GCDC_p77-093,GCDC,REAL-GCDC,77,S05.01_4,REAL-GCDC-p77-M1,COLUMN SCHEDULE - A,level_location_matrix,"[114.0, 304.5, 2622.2, 1346.0]",4. D-4. 2,4.D-4.2,"B4 - SECOND LEVEL (348'-0"") -> B4 - OFFICE ROOF (366'-0"")","B4 - SECOND LEVEL (348'-0"") -> B4 - OFFICE ROOF (366'-0"")",W14x109,W14X109,True,column,unknown,unknown,,unknown,,unknown,,False,,"[2404.0, 664.3, 2413.2, 705.0]","[""COLUMN SCHEDULE - A"", ""Column Locations: 4. D-4. 2"", ""Level interval: B4 - SECOND LEVEL (348'-0\"") -> B4 - OFFICE ROOF (366'-0\"")""]",rotated_label_in_ruled_strip_between_level_datums,PENDING_REVIEW,PENDING_REVIEW,
REAL-GCDC_p77-094,GCDC,REAL-GCDC,77,S05.01_4,REAL-GCDC-p77-M1,COLUMN SCHEDULE - A,level_location_matrix,"[114.0, 304.5, 2622.2, 1346.0]",4. D-4. 2,4.D-4.2,"B4 - GROUND LEVEL (324'-0"") -> B4 - SECOND LEVEL (348'-0"")","B4 - GROUND LEVEL (324'-0"") -> B4 - SECOND LEVEL (348'-0"")",W14x109,W14X109,True,column,unknown,unknown,,unknown,,unknown,,False,,"[2404.0, 891.5, 2413.2, 932.2]","[""COLUMN SCHEDULE - A"", ""Column Locations: 4. D-4. 2"", ""Level interval: B4 - GROUND LEVEL (324'-0\"") -> B4 - SECOND LEVEL (348'-0\"")""]",rotated_label_in_ruled_strip_between_level_datums,PENDING_REVIEW,PENDING_REVIEW,
REAL-GCDC_p77-095,GCDC,REAL-GCDC,77,S05.01_4,REAL-GCDC-p77-M1,COLUMN SCHEDULE - A,level_location_matrix,"[114.0, 304.5, 2622.2, 1346.0]",4. D-4. 3,4.D-4.3,"B4 - SECOND LEVEL (348'-0"") -> B4 - OFFICE ROOF (366'-0"")","B4 - SECOND LEVEL (348'-0"") -> B4 - OFFICE ROOF (366'-0"")",W14x211,W14X211,True,column,unknown,unknown,,unknown,,unknown,,False,,"[2449.0, 664.3, 2458.2, 705.0]","[""COLUMN SCHEDULE - A"", ""Column Locations: 4. D-4. 3"", ""Level interval: B4 - SECOND LEVEL (348'-0\"") -> B4 - OFFICE ROOF (366'-0\"")""]",rotated_label_in_ruled_strip_between_level_datums,PENDING_REVIEW,PENDING_REVIEW,
REAL-GCDC_p77-096,GCDC,REAL-GCDC,77,S05.01_4,REAL-GCDC-p77-M1,COLUMN SCHEDULE - A,level_location_matrix,"[114.0, 304.5, 2622.2, 1346.0]",4. D-4. 3,4.D-4.3,"B4 - GROUND LEVEL (324'-0"") -> B4 - SECOND LEVEL (348'-0"")","B4 - GROUND LEVEL (324'-0"") -> B4 - SECOND LEVEL (348'-0"")",W14x211,W14X211,True,column,unknown,unknown,,unknown,,unknown,,False,,"[2449.0, 891.5, 2458.2, 932.2]","[""COLUMN SCHEDULE - A"", ""Column Locations: 4. D-4. 3"", ""Level interval: B4 - GROUND LEVEL (324'-0\"") -> B4 - SECOND LEVEL (348'-0\"")""]",rotated_label_in_ruled_strip_between_level_datums,PENDING_REVIEW,PENDING_REVIEW,
REAL-GCDC_p77-097,GCDC,REAL-GCDC,77,S05.01_4,REAL-GCDC-p77-M1,COLUMN SCHEDULE - A,level_location_matrix,"[114.0, 304.5, 2622.2, 1346.0]",4. D-4. 4,4.D-4.4,"B4 - SECOND LEVEL (348'-0"") -> B4 - OFFICE ROOF (366'-0"")","B4 - SECOND LEVEL (348'-0"") -> B4 - OFFICE ROOF (366'-0"")",W14x193,W14X193,True,column,unknown,unknown,,unknown,,unknown,,False,,"[2494.0, 664.3, 2503.2, 705.0]","[""COLUMN SCHEDULE - A"", ""Column Locations: 4. D-4. 4"", ""Level interval: B4 - SECOND LEVEL (348'-0\"") -> B4 - OFFICE ROOF (366'-0\"")""]",rotated_label_in_ruled_strip_between_level_datums,PENDING_REVIEW,PENDING_REVIEW,
REAL-GCDC_p77-098,GCDC,REAL-GCDC,77,S05.01_4,REAL-GCDC-p77-M1,COLUMN SCHEDULE - A,level_location_matrix,"[114.0, 304.5, 2622.2, 1346.0]",4. D-4. 4,4.D-4.4,"B4 - GROUND LEVEL (324'-0"") -> B4 - SECOND LEVEL (348'-0"")","B4 - GROUND LEVEL (324'-0"") -> B4 - SECOND LEVEL (348'-0"")",W14x193,W14X193,True,column,unknown,unknown,,unknown,,unknown,,False,,"[2494.0, 891.5, 2503.2, 932.2]","[""COLUMN SCHEDULE - A"", ""Column Locations: 4. D-4. 4"", ""Level interval: B4 - GROUND LEVEL (324'-0\"") -> B4 - SECOND LEVEL (348'-0\"")""]",rotated_label_in_ruled_strip_between_level_datums,PENDING_REVIEW,PENDING_REVIEW,
REAL-GCDC_p77-099,GCDC,REAL-GCDC,77,S05.01_4,REAL-GCDC-p77-M1,COLUMN SCHEDULE - A,level_location_matrix,"[114.0, 304.5, 2622.2, 1346.0]",4. D-4. 5,4.D-4.5,"B4 - SECOND LEVEL (348'-0"") -> B4 - OFFICE ROOF (366'-0"")","B4 - SECOND LEVEL (348'-0"") -> B4 - OFFICE ROOF (366'-0"")",W14x193,W14X193,True,column,unknown,unknown,,unknown,,unknown,,False,,"[2539.0, 664.3, 2548.2, 705.0]","[""COLUMN SCHEDULE - A"", ""Column Locations: 4. D-4. 5"", ""Level interval: B4 - SECOND LEVEL (348'-0\"") -> B4 - OFFICE ROOF (366'-0\"")""]",rotated_label_in_ruled_strip_between_level_datums,PENDING_REVIEW,PENDING_REVIEW,
REAL-GCDC_p77-100,GCDC,REAL-GCDC,77,S05.01_4,REAL-GCDC-p77-M1,COLUMN SCHEDULE - A,level_location_matrix,"[114.0, 304.5, 2622.2, 1346.0]",4. D-4. 5,4.D-4.5,"B4 - GROUND LEVEL (324'-0"") -> B4 - SECOND LEVEL (348'-0"")","B4 - GROUND LEVEL (324'-0"") -> B4 - SECOND LEVEL (348'-0"")",W14x193,W14X193,True,column,unknown,unknown,,unknown,,unknown,,False,,"[2539.0, 891.5, 2548.2, 932.2]","[""COLUMN SCHEDULE - A"", ""Column Locations: 4. D-4. 5"", ""Level interval: B4 - GROUND LEVEL (324'-0\"") -> B4 - SECOND LEVEL (348'-0\"")""]",rotated_label_in_ruled_strip_between_level_datums,PENDING_REVIEW,PENDING_REVIEW,
REAL-GCDC_p77-101,GCDC,REAL-GCDC,77,S05.01_4,REAL-GCDC-p77-M1,COLUMN SCHEDULE - A,level_location_matrix,"[114.0, 304.5, 2622.2, 1346.0]",4. D-4. 6,4.D-4.6,"B4 - SECOND LEVEL (348'-0"") -> B4 - OFFICE ROOF (366'-0"")","B4 - SECOND LEVEL (348'-0"") -> B4 - OFFICE ROOF (366'-0"")",W14x283,W14X283,True,column,unknown,unknown,,unknown,,unknown,,False,,"[2584.0, 664.3, 2593.2, 705.0]","[""COLUMN SCHEDULE - A"", ""Column Locations: 4. D-4. 6"", ""Level interval: B4 - SECOND LEVEL (348'-0\"") -> B4 - OFFICE ROOF (366'-0\"")""]",rotated_label_in_ruled_strip_between_level_datums,PENDING_REVIEW,PENDING_REVIEW,
REAL-GCDC_p77-102,GCDC,REAL-GCDC,77,S05.01_4,REAL-GCDC-p77-M1,COLUMN SCHEDULE - A,level_location_matrix,"[114.0, 304.5, 2622.2, 1346.0]",4. D-4. 6,4.D-4.6,"B4 - GROUND LEVEL (324'-0"") -> B4 - SECOND LEVEL (348'-0"")","B4 - GROUND LEVEL (324'-0"") -> B4 - SECOND LEVEL (348'-0"")",W14x283,W14X283,True,column,unknown,unknown,,unknown,,unknown,,False,,"[2584.0, 891.5, 2593.2, 932.2]","[""COLUMN SCHEDULE - A"", ""Column Locations: 4. D-4. 6"", ""Level interval: B4 - GROUND LEVEL (324'-0\"") -> B4 - SECOND LEVEL (348'-0\"")""]",rotated_label_in_ruled_strip_between_level_datums,PENDING_REVIEW,PENDING_REVIEW,
REAL-Springhill_p26-001,Springhill,REAL-Springhill,26,S-501,REAL-Springhill-p26-M1,COLUMN SCHEDULE,level_location_matrix,"[183.5, 118.9, 2565.9, 537.9]",A-8,A-8,"FIRST FLOOR (0' - 0"") -> SECOND FLOOR (14' - 0"")","FIRST FLOOR (0' - 0"") -> SECOND FLOOR (14' - 0"")",W10X45,W10X45,True,column,unknown,unknown,,unknown,,unknown,,False,,"[279.3, 372.1, 291.9, 412.0]","[""COLUMN SCHEDULE"", ""Column Locations: A-8"", ""Level interval: FIRST FLOOR (0' - 0\"") -> SECOND FLOOR (14' - 0\"")""]",rotated_label_in_ruled_strip_between_level_datums,PENDING_REVIEW,PENDING_REVIEW,
REAL-Springhill_p26-002,Springhill,REAL-Springhill,26,S-501,REAL-Springhill-p26-M1,COLUMN SCHEDULE,level_location_matrix,"[183.5, 118.9, 2565.9, 537.9]",A-9,A-9,"FIRST FLOOR (0' - 0"") -> SECOND FLOOR (14' - 0"")","FIRST FLOOR (0' - 0"") -> SECOND FLOOR (14' - 0"")",W10X33,W10X33,True,column,unknown,unknown,,unknown,,unknown,,False,,"[350.3, 365.4, 362.9, 405.2]","[""COLUMN SCHEDULE"", ""Column Locations: A-9"", ""Level interval: FIRST FLOOR (0' - 0\"") -> SECOND FLOOR (14' - 0\"")""]",rotated_label_in_ruled_strip_between_level_datums,PENDING_REVIEW,PENDING_REVIEW,
REAL-Springhill_p26-003,Springhill,REAL-Springhill,26,S-501,REAL-Springhill-p26-M1,COLUMN SCHEDULE,level_location_matrix,"[183.5, 118.9, 2565.9, 537.9]",A-11,A-11,"FIRST FLOOR (0' - 0"") -> SECOND FLOOR (14' - 0"")","FIRST FLOOR (0' - 0"") -> SECOND FLOOR (14' - 0"")",W10X33,W10X33,True,column,unknown,unknown,,unknown,,unknown,,False,,"[425.3, 367.5, 437.9, 407.4]","[""COLUMN SCHEDULE"", ""Column Locations: A-11"", ""Level interval: FIRST FLOOR (0' - 0\"") -> SECOND FLOOR (14' - 0\"")""]",rotated_label_in_ruled_strip_between_level_datums,PENDING_REVIEW,PENDING_REVIEW,
REAL-Springhill_p26-004,Springhill,REAL-Springhill,26,S-501,REAL-Springhill-p26-M1,COLUMN SCHEDULE,level_location_matrix,"[183.5, 118.9, 2565.9, 537.9]",A-12,A-12,"FIRST FLOOR (0' - 0"") -> SECOND FLOOR (14' - 0"")","FIRST FLOOR (0' - 0"") -> SECOND FLOOR (14' - 0"")",W10X33,W10X33,True,column,unknown,unknown,,unknown,,unknown,,False,,"[496.0, 365.4, 508.6, 405.2]","[""COLUMN SCHEDULE"", ""Column Locations: A-12"", ""Level interval: FIRST FLOOR (0' - 0\"") -> SECOND FLOOR (14' - 0\"")""]",rotated_label_in_ruled_strip_between_level_datums,PENDING_REVIEW,PENDING_REVIEW,
REAL-Springhill_p26-005,Springhill,REAL-Springhill,26,S-501,REAL-Springhill-p26-M1,COLUMN SCHEDULE,level_location_matrix,"[183.5, 118.9, 2565.9, 537.9]",A-13,A-13,"FIRST FLOOR (0' - 0"") -> SECOND FLOOR (14' - 0"")","FIRST FLOOR (0' - 0"") -> SECOND FLOOR (14' - 0"")",W10X33,W10X33,True,column,unknown,unknown,,unknown,,unknown,,False,,"[568.1, 365.4, 580.7, 405.2]","[""COLUMN SCHEDULE"", ""Column Locations: A-13"", ""Level interval: FIRST FLOOR (0' - 0\"") -> SECOND FLOOR (14' - 0\"")""]",rotated_label_in_ruled_strip_between_level_datums,PENDING_REVIEW,PENDING_REVIEW,
REAL-Springhill_p26-006,Springhill,REAL-Springhill,26,S-501,REAL-Springhill-p26-M1,COLUMN SCHEDULE,level_location_matrix,"[183.5, 118.9, 2565.9, 537.9]",B-7,B-7,"FIRST FLOOR (0' - 0"") -> SECOND FLOOR (14' - 0"")","FIRST FLOOR (0' - 0"") -> SECOND FLOOR (14' - 0"")",W12X65,W12X65,True,column,unknown,unknown,,unknown,,unknown,,False,,"[640.0, 327.7, 652.6, 367.6]","[""COLUMN SCHEDULE"", ""Column Locations: B-7"", ""Level interval: FIRST FLOOR (0' - 0\"") -> SECOND FLOOR (14' - 0\"")""]",rotated_label_in_ruled_strip_between_level_datums,PENDING_REVIEW,PENDING_REVIEW,
REAL-Springhill_p26-007,Springhill,REAL-Springhill,26,S-501,REAL-Springhill-p26-M1,COLUMN SCHEDULE,level_location_matrix,"[183.5, 118.9, 2565.9, 537.9]",B-8,B-8,"FIRST FLOOR (0' - 0"") -> SECOND FLOOR (14' - 0"")","FIRST FLOOR (0' - 0"") -> SECOND FLOOR (14' - 0"")",W12X65,W12X65,True,column,unknown,unknown,,unknown,,unknown,,False,,"[711.5, 323.3, 724.1, 363.1]","[""COLUMN SCHEDULE"", ""Column Locations: B-8"", ""Level interval: FIRST FLOOR (0' - 0\"") -> SECOND FLOOR (14' - 0\"")""]",rotated_label_in_ruled_strip_between_level_datums,PENDING_REVIEW,PENDING_REVIEW,
REAL-Springhill_p26-008,Springhill,REAL-Springhill,26,S-501,REAL-Springhill-p26-M1,COLUMN SCHEDULE,level_location_matrix,"[183.5, 118.9, 2565.9, 537.9]",B-9,B-9,"FIRST FLOOR (0' - 0"") -> SECOND FLOOR (14' - 0"")","FIRST FLOOR (0' - 0"") -> SECOND FLOOR (14' - 0"")",W12X65,W12X65,True,column,unknown,unknown,,unknown,,unknown,,False,,"[785.1, 323.3, 797.7, 363.1]","[""COLUMN SCHEDULE"", ""Column Locations: B-9"", ""Level interval: FIRST FLOOR (0' - 0\"") -> SECOND FLOOR (14' - 0\"")""]",rotated_label_in_ruled_strip_between_level_datums,PENDING_REVIEW,PENDING_REVIEW,
REAL-Springhill_p26-009,Springhill,REAL-Springhill,26,S-501,REAL-Springhill-p26-M1,COLUMN SCHEDULE,level_location_matrix,"[183.5, 118.9, 2565.9, 537.9]",B-11,B-11,"FIRST FLOOR (0' - 0"") -> SECOND FLOOR (14' - 0"")","FIRST FLOOR (0' - 0"") -> SECOND FLOOR (14' - 0"")",W10X45,W10X45,True,column,unknown,unknown,,unknown,,unknown,,False,,"[855.1, 324.7, 867.7, 364.6]","[""COLUMN SCHEDULE"", ""Column Locations: B-11"", ""Level interval: FIRST FLOOR (0' - 0\"") -> SECOND FLOOR (14' - 0\"")""]",rotated_label_in_ruled_strip_between_level_datums,PENDING_REVIEW,PENDING_REVIEW,
REAL-Springhill_p26-010,Springhill,REAL-Springhill,26,S-501,REAL-Springhill-p26-M1,COLUMN SCHEDULE,level_location_matrix,"[183.5, 118.9, 2565.9, 537.9]",B-12,B-12,"FIRST FLOOR (0' - 0"") -> SECOND FLOOR (14' - 0"")","FIRST FLOOR (0' - 0"") -> SECOND FLOOR (14' - 0"")",W10X45,W10X45,True,column,unknown,unknown,,unknown,,unknown,,False,,"[929.1, 325.9, 941.7, 365.8]","[""COLUMN SCHEDULE"", ""Column Locations: B-12"", ""Level interval: FIRST FLOOR (0' - 0\"") -> SECOND FLOOR (14' - 0\"")""]",rotated_label_in_ruled_strip_between_level_datums,PENDING_REVIEW,PENDING_REVIEW,
REAL-Springhill_p26-011,Springhill,REAL-Springhill,26,S-501,REAL-Springhill-p26-M1,COLUMN SCHEDULE,level_location_matrix,"[183.5, 118.9, 2565.9, 537.9]",B-13,B-13,"FIRST FLOOR (0' - 0"") -> SECOND FLOOR (14' - 0"")","FIRST FLOOR (0' - 0"") -> SECOND FLOOR (14' - 0"")",W10X45,W10X45,True,column,unknown,unknown,,unknown,,unknown,,False,,"[1000.1, 325.9, 1012.7, 365.8]","[""COLUMN SCHEDULE"", ""Column Locations: B-13"", ""Level interval: FIRST FLOOR (0' - 0\"") -> SECOND FLOOR (14' - 0\"")""]",rotated_label_in_ruled_strip_between_level_datums,PENDING_REVIEW,PENDING_REVIEW,
REAL-Springhill_p26-012,Springhill,REAL-Springhill,26,S-501,REAL-Springhill-p26-M1,COLUMN SCHEDULE,level_location_matrix,"[183.5, 118.9, 2565.9, 537.9]",B.1-6,B.1-6,"FIRST FLOOR (0' - 0"") -> SECOND FLOOR (14' - 0"")","FIRST FLOOR (0' - 0"") -> SECOND FLOOR (14' - 0"")",HSS12.750X0.375,HSS12.750X0.375,True,column,unknown,unknown,,unknown,,unknown,,False,,"[1070.7, 342.2, 1083.3, 428.4]","[""COLUMN SCHEDULE"", ""Column Locations: B.1-6"", ""Level interval: FIRST FLOOR (0' - 0\"") -> SECOND FLOOR (14' - 0\"")""]",rotated_label_in_ruled_strip_between_level_datums,PENDING_REVIEW,PENDING_REVIEW,
REAL-Springhill_p26-013,Springhill,REAL-Springhill,26,S-501,REAL-Springhill-p26-M1,COLUMN SCHEDULE,level_location_matrix,"[183.5, 118.9, 2565.9, 537.9]",C-14,C-14,"FIRST FLOOR (0' - 0"") -> SECOND FLOOR (14' - 0"")","FIRST FLOOR (0' - 0"") -> SECOND FLOOR (14' - 0"")",HSS18X0.500,HSS18.000X0.500,True,column,unknown,unknown,,unknown,,unknown,,False,,"[1144.1, 324.8, 1156.7, 390.8]","[""COLUMN SCHEDULE"", ""Column Locations: C-14"", ""Level interval: FIRST FLOOR (0' - 0\"") -> SECOND FLOOR (14' - 0\"")""]",rotated_label_in_ruled_strip_between_level_datums,PENDING_REVIEW,PENDING_REVIEW,
REAL-Springhill_p26-014,Springhill,REAL-Springhill,26,S-501,REAL-Springhill-p26-M1,COLUMN SCHEDULE,level_location_matrix,"[183.5, 118.9, 2565.9, 537.9]",C-15,C-15,"FIRST FLOOR (0' - 0"") -> SECOND FLOOR (14' - 0"")","FIRST FLOOR (0' - 0"") -> SECOND FLOOR (14' - 0"")",HSS18X0.500,HSS18.000X0.500,True,column,unknown,unknown,,unknown,,unknown,,False,,"[1216.1, 320.4, 1228.7, 386.4]","[""COLUMN SCHEDULE"", ""Column Locations: C-15"", ""Level interval: FIRST FLOOR (0' - 0\"") -> SECOND FLOOR (14' - 0\"")""]",rotated_label_in_ruled_strip_between_level_datums,PENDING_REVIEW,PENDING_REVIEW,
REAL-Springhill_p26-015,Springhill,REAL-Springhill,26,S-501,REAL-Springhill-p26-M1,COLUMN SCHEDULE,level_location_matrix,"[183.5, 118.9, 2565.9, 537.9]",C-18,C-18,"FIRST FLOOR (0' - 0"") -> SECOND FLOOR (14' - 0"")","FIRST FLOOR (0' - 0"") -> SECOND FLOOR (14' - 0"")",HSS18X0.500,HSS18.000X0.500,True,column,unknown,unknown,,unknown,,unknown,,False,,"[1288.1, 324.8, 1300.7, 390.8]","[""COLUMN SCHEDULE"", ""Column Locations: C-18"", ""Level interval: FIRST FLOOR (0' - 0\"") -> SECOND FLOOR (14' - 0\"")""]",rotated_label_in_ruled_strip_between_level_datums,PENDING_REVIEW,PENDING_REVIEW,
REAL-Springhill_p26-016,Springhill,REAL-Springhill,26,S-501,REAL-Springhill-p26-M1,COLUMN SCHEDULE,level_location_matrix,"[183.5, 118.9, 2565.9, 537.9]",C.9-6,C.9-6,"FIRST FLOOR (0' - 0"") -> SECOND FLOOR (14' - 0"")","FIRST FLOOR (0' - 0"") -> SECOND FLOOR (14' - 0"")",HSS12.750X0.375,HSS12.750X0.375,True,column,unknown,unknown,,unknown,,unknown,,False,,"[1356.6, 339.6, 1369.2, 425.8]","[""COLUMN SCHEDULE"", ""Column Locations: C.9-6"", ""Level interval: FIRST FLOOR (0' - 0\"") -> SECOND FLOOR (14' - 0\"")""]",rotated_label_in_ruled_strip_between_level_datums,PENDING_REVIEW,PENDING_REVIEW,
REAL-Springhill_p26-017,Springhill,REAL-Springhill,26,S-501,REAL-Springhill-p26-M1,COLUMN SCHEDULE,level_location_matrix,"[183.5, 118.9, 2565.9, 537.9]",C.9-7,C.9-7,"FIRST FLOOR (0' - 0"") -> SECOND FLOOR (14' - 0"")","FIRST FLOOR (0' - 0"") -> SECOND FLOOR (14' - 0"")",W12X65,W12X65,True,column,unknown,unknown,,unknown,,unknown,,False,,"[1432.1, 322.1, 1444.7, 361.9]","[""COLUMN SCHEDULE"", ""Column Locations: C.9-7"", ""Level interval: FIRST FLOOR (0' - 0\"") -> SECOND FLOOR (14' - 0\"")""]",rotated_label_in_ruled_strip_between_level_datums,PENDING_REVIEW,PENDING_REVIEW,
REAL-Springhill_p26-018,Springhill,REAL-Springhill,26,S-501,REAL-Springhill-p26-M1,COLUMN SCHEDULE,level_location_matrix,"[183.5, 118.9, 2565.9, 537.9]",D-11,D-11,"FIRST FLOOR (0' - 0"") -> SECOND FLOOR (14' - 0"")","FIRST FLOOR (0' - 0"") -> SECOND FLOOR (14' - 0"")",W10X45,W10X45,True,column,unknown,unknown,,unknown,,unknown,,False,,"[1504.1, 321.9, 1516.7, 361.8]","[""COLUMN SCHEDULE"", ""Column Locations: D-11"", ""Level interval: FIRST FLOOR (0' - 0\"") -> SECOND FLOOR (14' - 0\"")""]",rotated_label_in_ruled_strip_between_level_datums,PENDING_REVIEW,PENDING_REVIEW,
REAL-Springhill_p26-019,Springhill,REAL-Springhill,26,S-501,REAL-Springhill-p26-M1,COLUMN SCHEDULE,level_location_matrix,"[183.5, 118.9, 2565.9, 537.9]",E-12,E-12,"FIRST FLOOR (0' - 0"") -> SECOND FLOOR (14' - 0"")","FIRST FLOOR (0' - 0"") -> SECOND FLOOR (14' - 0"")",W10X49,W10X49,True,column,unknown,unknown,,unknown,,unknown,,False,,"[1577.1, 324.1, 1589.7, 364.0]","[""COLUMN SCHEDULE"", ""Column Locations: E-12"", ""Level interval: FIRST FLOOR (0' - 0\"") -> SECOND FLOOR (14' - 0\"")""]",rotated_label_in_ruled_strip_between_level_datums,PENDING_REVIEW,PENDING_REVIEW,
REAL-Springhill_p26-020,Springhill,REAL-Springhill,26,S-501,REAL-Springhill-p26-M1,COLUMN SCHEDULE,level_location_matrix,"[183.5, 118.9, 2565.9, 537.9]",E-13,E-13,"FIRST FLOOR (0' - 0"") -> SECOND FLOOR (14' - 0"")","FIRST FLOOR (0' - 0"") -> SECOND FLOOR (14' - 0"")",W10X49,W10X49,True,column,unknown,unknown,,unknown,,unknown,,False,,"[1647.6, 325.9, 1660.2, 365.8]","[""COLUMN SCHEDULE"", ""Column Locations: E-13"", ""Level interval: FIRST FLOOR (0' - 0\"") -> SECOND FLOOR (14' - 0\"")""]",rotated_label_in_ruled_strip_between_level_datums,PENDING_REVIEW,PENDING_REVIEW,
REAL-Springhill_p26-021,Springhill,REAL-Springhill,26,S-501,REAL-Springhill-p26-M1,COLUMN SCHEDULE,level_location_matrix,"[183.5, 118.9, 2565.9, 537.9]",E-14,E-14,"FIRST FLOOR (0' - 0"") -> SECOND FLOOR (14' - 0"")","FIRST FLOOR (0' - 0"") -> SECOND FLOOR (14' - 0"")",W12X65,W12X65,True,column,unknown,unknown,,unknown,,unknown,,False,,"[1721.1, 332.0, 1733.7, 371.9]","[""COLUMN SCHEDULE"", ""Column Locations: E-14"", ""Level interval: FIRST FLOOR (0' - 0\"") -> SECOND FLOOR (14' - 0\"")""]",rotated_label_in_ruled_strip_between_level_datums,PENDING_REVIEW,PENDING_REVIEW,
REAL-Springhill_p26-022,Springhill,REAL-Springhill,26,S-501,REAL-Springhill-p26-M1,COLUMN SCHEDULE,level_location_matrix,"[183.5, 118.9, 2565.9, 537.9]",E-15,E-15,"FIRST FLOOR (0' - 0"") -> SECOND FLOOR (14' - 0"")","FIRST FLOOR (0' - 0"") -> SECOND FLOOR (14' - 0"")",W12X65,W12X65,True,column,unknown,unknown,,unknown,,unknown,,False,,"[1791.1, 325.2, 1803.7, 365.0]","[""COLUMN SCHEDULE"", ""Column Locations: E-15"", ""Level interval: FIRST FLOOR (0' - 0\"") -> SECOND FLOOR (14' - 0\"")""]",rotated_label_in_ruled_strip_between_level_datums,PENDING_REVIEW,PENDING_REVIEW,
REAL-Springhill_p26-023,Springhill,REAL-Springhill,26,S-501,REAL-Springhill-p26-M1,COLUMN SCHEDULE,level_location_matrix,"[183.5, 118.9, 2565.9, 537.9]",E-17,E-17,"FIRST FLOOR (0' - 0"") -> SECOND FLOOR (14' - 0"")","FIRST FLOOR (0' - 0"") -> SECOND FLOOR (14' - 0"")",W12X65,W12X65,True,column,unknown,unknown,,unknown,,unknown,,False,,"[1862.7, 325.2, 1875.3, 365.0]","[""COLUMN SCHEDULE"", ""Column Locations: E-17"", ""Level interval: FIRST FLOOR (0' - 0\"") -> SECOND FLOOR (14' - 0\"")""]",rotated_label_in_ruled_strip_between_level_datums,PENDING_REVIEW,PENDING_REVIEW,
REAL-Springhill_p26-024,Springhill,REAL-Springhill,26,S-501,REAL-Springhill-p26-M1,COLUMN SCHEDULE,level_location_matrix,"[183.5, 118.9, 2565.9, 537.9]",F-1,F-1,"FIRST FLOOR (0' - 0"") -> SECOND FLOOR (14' - 0"")","FIRST FLOOR (0' - 0"") -> SECOND FLOOR (14' - 0"")",W10X33,W10X33,True,column,unknown,unknown,,unknown,,unknown,,False,,"[1935.1, 328.2, 1947.7, 368.0]","[""COLUMN SCHEDULE"", ""Column Locations: F-1"", ""Level interval: FIRST FLOOR (0' - 0\"") -> SECOND FLOOR (14' - 0\"")""]",rotated_label_in_ruled_strip_between_level_datums,PENDING_REVIEW,PENDING_REVIEW,
REAL-Springhill_p26-025,Springhill,REAL-Springhill,26,S-501,REAL-Springhill-p26-M1,COLUMN SCHEDULE,level_location_matrix,"[183.5, 118.9, 2565.9, 537.9]",F-2,F-2,"FIRST FLOOR (0' - 0"") -> SECOND FLOOR (14' - 0"")","FIRST FLOOR (0' - 0"") -> SECOND FLOOR (14' - 0"")",W10X45,W10X45,True,column,unknown,unknown,,unknown,,unknown,,False,,"[2007.4, 325.2, 2020.0, 365.0]","[""COLUMN SCHEDULE"", ""Column Locations: F-2"", ""Level interval: FIRST FLOOR (0' - 0\"") -> SECOND FLOOR (14' - 0\"")""]",rotated_label_in_ruled_strip_between_level_datums,PENDING_REVIEW,PENDING_REVIEW,
REAL-Springhill_p26-026,Springhill,REAL-Springhill,26,S-501,REAL-Springhill-p26-M1,COLUMN SCHEDULE,level_location_matrix,"[183.5, 118.9, 2565.9, 537.9]",F-3,F-3,"FIRST FLOOR (0' - 0"") -> SECOND FLOOR (14' - 0"")","FIRST FLOOR (0' - 0"") -> SECOND FLOOR (14' - 0"")",W10X45,W10X45,True,column,unknown,unknown,,unknown,,unknown,,False,,"[2081.1, 325.2, 2093.7, 365.0]","[""COLUMN SCHEDULE"", ""Column Locations: F-3"", ""Level interval: FIRST FLOOR (0' - 0\"") -> SECOND FLOOR (14' - 0\"")""]",rotated_label_in_ruled_strip_between_level_datums,PENDING_REVIEW,PENDING_REVIEW,
REAL-Springhill_p26-027,Springhill,REAL-Springhill,26,S-501,REAL-Springhill-p26-M1,COLUMN SCHEDULE,level_location_matrix,"[183.5, 118.9, 2565.9, 537.9]",F-4,F-4,"FIRST FLOOR (0' - 0"") -> SECOND FLOOR (14' - 0"")","FIRST FLOOR (0' - 0"") -> SECOND FLOOR (14' - 0"")",W10X45,W10X45,True,column,unknown,unknown,,unknown,,unknown,,False,,"[2152.3, 325.2, 2164.9, 365.0]","[""COLUMN SCHEDULE"", ""Column Locations: F-4"", ""Level interval: FIRST FLOOR (0' - 0\"") -> SECOND FLOOR (14' - 0\"")""]",rotated_label_in_ruled_strip_between_level_datums,PENDING_REVIEW,PENDING_REVIEW,
REAL-Springhill_p26-028,Springhill,REAL-Springhill,26,S-501,REAL-Springhill-p26-M1,COLUMN SCHEDULE,level_location_matrix,"[183.5, 118.9, 2565.9, 537.9]",F-5,F-5,"FIRST FLOOR (0' - 0"") -> SECOND FLOOR (14' - 0"")","FIRST FLOOR (0' - 0"") -> SECOND FLOOR (14' - 0"")",W10X39,W10X39,True,column,unknown,unknown,,unknown,,unknown,,False,,"[2224.0, 325.2, 2236.6, 365.0]","[""COLUMN SCHEDULE"", ""Column Locations: F-5"", ""Level interval: FIRST FLOOR (0' - 0\"") -> SECOND FLOOR (14' - 0\"")""]",rotated_label_in_ruled_strip_between_level_datums,PENDING_REVIEW,PENDING_REVIEW,
REAL-Springhill_p26-029,Springhill,REAL-Springhill,26,S-501,REAL-Springhill-p26-M1,COLUMN SCHEDULE,level_location_matrix,"[183.5, 118.9, 2565.9, 537.9]",F-6,F-6,"FIRST FLOOR (0' - 0"") -> SECOND FLOOR (14' - 0"")","FIRST FLOOR (0' - 0"") -> SECOND FLOOR (14' - 0"")",W10X33,W10X33,True,column,unknown,unknown,,unknown,,unknown,,False,,"[2297.1, 325.2, 2309.7, 365.0]","[""COLUMN SCHEDULE"", ""Column Locations: F-6"", ""Level interval: FIRST FLOOR (0' - 0\"") -> SECOND FLOOR (14' - 0\"")""]",rotated_label_in_ruled_strip_between_level_datums,PENDING_REVIEW,PENDING_REVIEW,
REAL-Springhill_p26-030,Springhill,REAL-Springhill,26,S-501,REAL-Springhill-p26-M1,COLUMN SCHEDULE,level_location_matrix,"[183.5, 118.9, 2565.9, 537.9]",G-12,G-12,"FIRST FLOOR (0' - 0"") -> SECOND FLOOR (14' - 0"")","FIRST FLOOR (0' - 0"") -> SECOND FLOOR (14' - 0"")",W10X39,W10X39,True,column,unknown,unknown,,unknown,,unknown,,False,,"[2369.7, 325.6, 2382.3, 365.4]","[""COLUMN SCHEDULE"", ""Column Locations: G-12"", ""Level interval: FIRST FLOOR (0' - 0\"") -> SECOND FLOOR (14' - 0\"")""]",rotated_label_in_ruled_strip_between_level_datums,PENDING_REVIEW,PENDING_REVIEW,
REAL-Springhill_p26-031,Springhill,REAL-Springhill,26,S-501,REAL-Springhill-p26-M1,COLUMN SCHEDULE,level_location_matrix,"[183.5, 118.9, 2565.9, 537.9]",G-13,G-13,"FIRST FLOOR (0' - 0"") -> SECOND FLOOR (14' - 0"")","FIRST FLOOR (0' - 0"") -> SECOND FLOOR (14' - 0"")",W10X45,W10X45,True,column,unknown,unknown,,unknown,,unknown,,False,,"[2441.1, 327.5, 2453.7, 367.3]","[""COLUMN SCHEDULE"", ""Column Locations: G-13"", ""Level interval: FIRST FLOOR (0' - 0\"") -> SECOND FLOOR (14' - 0\"")""]",rotated_label_in_ruled_strip_between_level_datums,PENDING_REVIEW,PENDING_REVIEW,
REAL-Springhill_p26-032,Springhill,REAL-Springhill,26,S-501,REAL-Springhill-p26-M1,COLUMN SCHEDULE,level_location_matrix,"[183.5, 118.9, 2565.9, 537.9]",G-14,G-14,"FIRST FLOOR (0' - 0"") -> SECOND FLOOR (14' - 0"")","FIRST FLOOR (0' - 0"") -> SECOND FLOOR (14' - 0"")",W10X49,W10X49,True,column,unknown,unknown,,unknown,,unknown,,False,,"[2514.1, 325.2, 2526.7, 365.0]","[""COLUMN SCHEDULE"", ""Column Locations: G-14"", ""Level interval: FIRST FLOOR (0' - 0\"") -> SECOND FLOOR (14' - 0\"")""]",rotated_label_in_ruled_strip_between_level_datums,PENDING_REVIEW,PENDING_REVIEW,
REAL-Springhill_p26-033,Springhill,REAL-Springhill,26,S-501,REAL-Springhill-p26-M2,COLUMN SCHEDULE,level_location_matrix,"[183.5, 730.9, 2565.9, 1149.9]",G-15,G-15,"FIRST FLOOR (0' - 0"") -> SECOND FLOOR (14' - 0"")","FIRST FLOOR (0' - 0"") -> SECOND FLOOR (14' - 0"")",W10X49,W10X49,True,column,unknown,unknown,,unknown,,unknown,,False,,"[281.7, 937.2, 294.3, 977.0]","[""COLUMN SCHEDULE"", ""Column Locations: G-15"", ""Level interval: FIRST FLOOR (0' - 0\"") -> SECOND FLOOR (14' - 0\"")""]",rotated_label_in_ruled_strip_between_level_datums,PENDING_REVIEW,PENDING_REVIEW,
REAL-Springhill_p26-034,Springhill,REAL-Springhill,26,S-501,REAL-Springhill-p26-M2,COLUMN SCHEDULE,level_location_matrix,"[183.5, 730.9, 2565.9, 1149.9]",G-18,G-18,"FIRST FLOOR (0' - 0"") -> SECOND FLOOR (14' - 0"")","FIRST FLOOR (0' - 0"") -> SECOND FLOOR (14' - 0"")",HSS18X0.500,HSS18.000X0.500,True,column,unknown,unknown,,unknown,,unknown,,False,,"[352.6, 934.5, 365.2, 1000.6]","[""COLUMN SCHEDULE"", ""Column Locations: G-18"", ""Level interval: FIRST FLOOR (0' - 0\"") -> SECOND FLOOR (14' - 0\"")""]",rotated_label_in_ruled_strip_between_level_datums,PENDING_REVIEW,PENDING_REVIEW,
REAL-Springhill_p26-035,Springhill,REAL-Springhill,26,S-501,REAL-Springhill-p26-M2,COLUMN SCHEDULE,level_location_matrix,"[183.5, 730.9, 2565.9, 1149.9]",G.1-7,G.1-7,"FIRST FLOOR (0' - 0"") -> SECOND FLOOR (14' - 0"")","FIRST FLOOR (0' - 0"") -> SECOND FLOOR (14' - 0"")",W10X33,W10X33,True,column,unknown,unknown,,unknown,,unknown,,False,,"[424.5, 931.4, 437.1, 971.3]","[""COLUMN SCHEDULE"", ""Column Locations: G.1-7"", ""Level interval: FIRST FLOOR (0' - 0\"") -> SECOND FLOOR (14' - 0\"")""]",rotated_label_in_ruled_strip_between_level_datums,PENDING_REVIEW,PENDING_REVIEW,
REAL-Springhill_p26-036,Springhill,REAL-Springhill,26,S-501,REAL-Springhill-p26-M2,COLUMN SCHEDULE,level_location_matrix,"[183.5, 730.9, 2565.9, 1149.9]",G.1-8.2,G.1-8.2,"FIRST FLOOR (0' - 0"") -> SECOND FLOOR (14' - 0"")","FIRST FLOOR (0' - 0"") -> SECOND FLOOR (14' - 0"")",W10X45,W10X45,True,column,unknown,unknown,,unknown,,unknown,,False,,"[498.7, 933.0, 511.3, 972.8]","[""COLUMN SCHEDULE"", ""Column Locations: G.1-8.2"", ""Level interval: FIRST FLOOR (0' - 0\"") -> SECOND FLOOR (14' - 0\"")""]",rotated_label_in_ruled_strip_between_level_datums,PENDING_REVIEW,PENDING_REVIEW,
REAL-Springhill_p26-037,Springhill,REAL-Springhill,26,S-501,REAL-Springhill-p26-M2,COLUMN SCHEDULE,level_location_matrix,"[183.5, 730.9, 2565.9, 1149.9]",G.1-9,G.1-9,"FIRST FLOOR (0' - 0"") -> SECOND FLOOR (14' - 0"")","FIRST FLOOR (0' - 0"") -> SECOND FLOOR (14' - 0"")",W10X45,W10X45,True,column,unknown,unknown,,unknown,,unknown,,False,,"[569.7, 933.0, 582.3, 972.8]","[""COLUMN SCHEDULE"", ""Column Locations: G.1-9"", ""Level interval: FIRST FLOOR (0' - 0\"") -> SECOND FLOOR (14' - 0\"")""]",rotated_label_in_ruled_strip_between_level_datums,PENDING_REVIEW,PENDING_REVIEW,
REAL-Springhill_p26-038,Springhill,REAL-Springhill,26,S-501,REAL-Springhill-p26-M2,COLUMN SCHEDULE,level_location_matrix,"[183.5, 730.9, 2565.9, 1149.9]",G.1-11,G.1-11,"FIRST FLOOR (0' - 0"") -> SECOND FLOOR (14' - 0"")","FIRST FLOOR (0' - 0"") -> SECOND FLOOR (14' - 0"")",W10X39,W10X39,True,column,unknown,unknown,,unknown,,unknown,,False,,"[641.1, 933.0, 653.7, 972.8]","[""COLUMN SCHEDULE"", ""Column Locations: G.1-11"", ""Level interval: FIRST FLOOR (0' - 0\"") -> SECOND FLOOR (14' - 0\"")""]",rotated_label_in_ruled_strip_between_level_datums,PENDING_REVIEW,PENDING_REVIEW,
REAL-Springhill_p26-039,Springhill,REAL-Springhill,26,S-501,REAL-Springhill-p26-M2,COLUMN SCHEDULE,level_location_matrix,"[183.5, 730.9, 2565.9, 1149.9]",G.2-16,G.2-16,"FIRST FLOOR (0' - 0"") -> SECOND FLOOR (14' - 0"")","FIRST FLOOR (0' - 0"") -> SECOND FLOOR (14' - 0"")",W12X65,W12X65,True,column,unknown,unknown,,unknown,,unknown,,False,,"[709.5, 941.1, 722.1, 981.0]","[""COLUMN SCHEDULE"", ""Column Locations: G.2-16"", ""Level interval: FIRST FLOOR (0' - 0\"") -> SECOND FLOOR (14' - 0\"")""]",rotated_label_in_ruled_strip_between_level_datums,PENDING_REVIEW,PENDING_REVIEW,
REAL-Springhill_p26-040,Springhill,REAL-Springhill,26,S-501,REAL-Springhill-p26-M2,COLUMN SCHEDULE,level_location_matrix,"[183.5, 730.9, 2565.9, 1149.9]",G.2-17,G.2-17,"FIRST FLOOR (0' - 0"") -> SECOND FLOOR (14' - 0"")","FIRST FLOOR (0' - 0"") -> SECOND FLOOR (14' - 0"")",W12X65,W12X65,True,column,unknown,unknown,,unknown,,unknown,,False,,"[781.5, 941.1, 794.1, 981.0]","[""COLUMN SCHEDULE"", ""Column Locations: G.2-17"", ""Level interval: FIRST FLOOR (0' - 0\"") -> SECOND FLOOR (14' - 0\"")""]",rotated_label_in_ruled_strip_between_level_datums,PENDING_REVIEW,PENDING_REVIEW,
REAL-Springhill_p26-041,Springhill,REAL-Springhill,26,S-501,REAL-Springhill-p26-M2,COLUMN SCHEDULE,level_location_matrix,"[183.5, 730.9, 2565.9, 1149.9]",H-6,H-6,"FIRST FLOOR (0' - 0"") -> SECOND FLOOR (14' - 0"")","FIRST FLOOR (0' - 0"") -> SECOND FLOOR (14' - 0"")",W10X39,W10X39,True,column,unknown,unknown,,unknown,,unknown,,False,,"[853.2, 941.1, 865.8, 981.0]","[""COLUMN SCHEDULE"", ""Column Locations: H-6"", ""Level interval: FIRST FLOOR (0' - 0\"") -> SECOND FLOOR (14' - 0\"")""]",rotated_label_in_ruled_strip_between_level_datums,PENDING_REVIEW,PENDING_REVIEW,
REAL-Springhill_p26-042,Springhill,REAL-Springhill,26,S-501,REAL-Springhill-p26-M2,COLUMN SCHEDULE,level_location_matrix,"[183.5, 730.9, 2565.9, 1149.9]",H-7,H-7,"FIRST FLOOR (0' - 0"") -> SECOND FLOOR (14' - 0"")","FIRST FLOOR (0' - 0"") -> SECOND FLOOR (14' - 0"")",W10X39,W10X39,True,column,unknown,unknown,,unknown,,unknown,,False,,"[929.1, 941.1, 941.7, 981.0]","[""COLUMN SCHEDULE"", ""Column Locations: H-7"", ""Level interval: FIRST FLOOR (0' - 0\"") -> SECOND FLOOR (14' - 0\"")""]",rotated_label_in_ruled_strip_between_level_datums,PENDING_REVIEW,PENDING_REVIEW,
REAL-Springhill_p26-043,Springhill,REAL-Springhill,26,S-501,REAL-Springhill-p26-M2,COLUMN SCHEDULE,level_location_matrix,"[183.5, 730.9, 2565.9, 1149.9]",H-8.2,H-8.2,"FIRST FLOOR (0' - 0"") -> SECOND FLOOR (14' - 0"")","FIRST FLOOR (0' - 0"") -> SECOND FLOOR (14' - 0"")",W10X33,W10X33,True,column,unknown,unknown,,unknown,,unknown,,False,,"[1000.6, 938.7, 1013.2, 978.6]","[""COLUMN SCHEDULE"", ""Column Locations: H-8.2"", ""Level interval: FIRST FLOOR (0' - 0\"") -> SECOND FLOOR (14' - 0\"")""]",rotated_label_in_ruled_strip_between_level_datums,PENDING_REVIEW,PENDING_REVIEW,
REAL-Springhill_p26-044,Springhill,REAL-Springhill,26,S-501,REAL-Springhill-p26-M2,COLUMN SCHEDULE,level_location_matrix,"[183.5, 730.9, 2565.9, 1149.9]",H-10,H-10,"FIRST FLOOR (0' - 0"") -> SECOND FLOOR (14' - 0"")","FIRST FLOOR (0' - 0"") -> SECOND FLOOR (14' - 0"")",W10X33,W10X33,True,column,unknown,unknown,,unknown,,unknown,,False,,"[1071.5, 974.0, 1084.1, 1013.9]","[""COLUMN SCHEDULE"", ""Column Locations: H-10"", ""Level interval: FIRST FLOOR (0' - 0\"") -> SECOND FLOOR (14' - 0\"")""]",rotated_label_in_ruled_strip_between_level_datums,PENDING_REVIEW,PENDING_REVIEW,
REAL-Springhill_p26-045,Springhill,REAL-Springhill,26,S-501,REAL-Springhill-p26-M2,COLUMN SCHEDULE,level_location_matrix,"[183.5, 730.9, 2565.9, 1149.9]",H-11,H-11,"FIRST FLOOR (0' - 0"") -> SECOND FLOOR (14' - 0"")","FIRST FLOOR (0' - 0"") -> SECOND FLOOR (14' - 0"")",W10X33,W10X33,True,column,unknown,unknown,,unknown,,unknown,,False,,"[1143.7, 974.0, 1156.3, 1013.9]","[""COLUMN SCHEDULE"", ""Column Locations: H-11"", ""Level interval: FIRST FLOOR (0' - 0\"") -> SECOND FLOOR (14' - 0\"")""]",rotated_label_in_ruled_strip_between_level_datums,PENDING_REVIEW,PENDING_REVIEW,
REAL-Springhill_p26-046,Springhill,REAL-Springhill,26,S-501,REAL-Springhill-p26-M2,COLUMN SCHEDULE,level_location_matrix,"[183.5, 730.9, 2565.9, 1149.9]",H-12,H-12,"FIRST FLOOR (0' - 0"") -> SECOND FLOOR (14' - 0"")","FIRST FLOOR (0' - 0"") -> SECOND FLOOR (14' - 0"")",W10X33,W10X33,True,column,unknown,unknown,,unknown,,unknown,,False,,"[1215.3, 975.4, 1227.9, 1015.2]","[""COLUMN SCHEDULE"", ""Column Locations: H-12"", ""Level interval: FIRST FLOOR (0' - 0\"") -> SECOND FLOOR (14' - 0\"")""]",rotated_label_in_ruled_strip_between_level_datums,PENDING_REVIEW,PENDING_REVIEW,
REAL-Springhill_p26-047,Springhill,REAL-Springhill,26,S-501,REAL-Springhill-p26-M2,COLUMN SCHEDULE,level_location_matrix,"[183.5, 730.9, 2565.9, 1149.9]",H-13,H-13,"FIRST FLOOR (0' - 0"") -> SECOND FLOOR (14' - 0"")","FIRST FLOOR (0' - 0"") -> SECOND FLOOR (14' - 0"")",W10X33,W10X33,True,column,unknown,unknown,,unknown,,unknown,,False,,"[1288.1, 974.4, 1300.7, 1014.2]","[""COLUMN SCHEDULE"", ""Column Locations: H-13"", ""Level interval: FIRST FLOOR (0' - 0\"") -> SECOND FLOOR (14' - 0\"")""]",rotated_label_in_ruled_strip_between_level_datums,PENDING_REVIEW,PENDING_REVIEW,
REAL-Springhill_p26-048,Springhill,REAL-Springhill,26,S-501,REAL-Springhill-p26-M2,COLUMN SCHEDULE,level_location_matrix,"[183.5, 730.9, 2565.9, 1149.9]",J-1,J-1,"FIRST FLOOR (0' - 0"") -> SECOND FLOOR (14' - 0"")","FIRST FLOOR (0' - 0"") -> SECOND FLOOR (14' - 0"")",W10X45,W10X45,True,column,unknown,unknown,,unknown,,unknown,,False,,"[1359.4, 937.2, 1372.0, 977.0]","[""COLUMN SCHEDULE"", ""Column Locations: J-1"", ""Level interval: FIRST FLOOR (0' - 0\"") -> SECOND FLOOR (14' - 0\"")""]",rotated_label_in_ruled_strip_between_level_datums,PENDING_REVIEW,PENDING_REVIEW,
REAL-Springhill_p26-049,Springhill,REAL-Springhill,26,S-501,REAL-Springhill-p26-M2,COLUMN SCHEDULE,level_location_matrix,"[183.5, 730.9, 2565.9, 1149.9]",J-2,J-2,"FIRST FLOOR (0' - 0"") -> SECOND FLOOR (14' - 0"")","FIRST FLOOR (0' - 0"") -> SECOND FLOOR (14' - 0"")",W10X49,W10X49,True,column,unknown,unknown,,unknown,,unknown,,False,,"[1433.1, 939.6, 1445.7, 979.4]","[""COLUMN SCHEDULE"", ""Column Locations: J-2"", ""Level interval: FIRST FLOOR (0' - 0\"") -> SECOND FLOOR (14' - 0\"")""]",rotated_label_in_ruled_strip_between_level_datums,PENDING_REVIEW,PENDING_REVIEW,
REAL-Springhill_p26-050,Springhill,REAL-Springhill,26,S-501,REAL-Springhill-p26-M2,COLUMN SCHEDULE,level_location_matrix,"[183.5, 730.9, 2565.9, 1149.9]",J-3,J-3,"FIRST FLOOR (0' - 0"") -> SECOND FLOOR (14' - 0"")","FIRST FLOOR (0' - 0"") -> SECOND FLOOR (14' - 0"")",W10X49,W10X49,True,column,unknown,unknown,,unknown,,unknown,,False,,"[1505.1, 939.6, 1517.7, 979.4]","[""COLUMN SCHEDULE"", ""Column Locations: J-3"", ""Level interval: FIRST FLOOR (0' - 0\"") -> SECOND FLOOR (14' - 0\"")""]",rotated_label_in_ruled_strip_between_level_datums,PENDING_REVIEW,PENDING_REVIEW,
REAL-Springhill_p26-051,Springhill,REAL-Springhill,26,S-501,REAL-Springhill-p26-M2,COLUMN SCHEDULE,level_location_matrix,"[183.5, 730.9, 2565.9, 1149.9]",J-4,J-4,"FIRST FLOOR (0' - 0"") -> SECOND FLOOR (14' - 0"")","FIRST FLOOR (0' - 0"") -> SECOND FLOOR (14' - 0"")",W10X54,W10X54,True,column,unknown,unknown,,unknown,,unknown,,False,,"[1574.7, 939.6, 1587.3, 979.4]","[""COLUMN SCHEDULE"", ""Column Locations: J-4"", ""Level interval: FIRST FLOOR (0' - 0\"") -> SECOND FLOOR (14' - 0\"")""]",rotated_label_in_ruled_strip_between_level_datums,PENDING_REVIEW,PENDING_REVIEW,
REAL-Springhill_p26-052,Springhill,REAL-Springhill,26,S-501,REAL-Springhill-p26-M2,COLUMN SCHEDULE,level_location_matrix,"[183.5, 730.9, 2565.9, 1149.9]",J-5,J-5,"FIRST FLOOR (0' - 0"") -> SECOND FLOOR (14' - 0"")","FIRST FLOOR (0' - 0"") -> SECOND FLOOR (14' - 0"")",W10X45,W10X45,True,column,unknown,unknown,,unknown,,unknown,,False,,"[1648.0, 937.2, 1660.6, 977.0]","[""COLUMN SCHEDULE"", ""Column Locations: J-5"", ""Level interval: FIRST FLOOR (0' - 0\"") -> SECOND FLOOR (14' - 0\"")""]",rotated_label_in_ruled_strip_between_level_datums,PENDING_REVIEW,PENDING_REVIEW,
REAL-Springhill_p26-053,Springhill,REAL-Springhill,26,S-501,REAL-Springhill-p26-M2,COLUMN SCHEDULE,level_location_matrix,"[183.5, 730.9, 2565.9, 1149.9]",J.8-18,J.8-18,"FIRST FLOOR (0' - 0"") -> SECOND FLOOR (14' - 0"")","FIRST FLOOR (0' - 0"") -> SECOND FLOOR (14' - 0"")",HSS18X0.375,HSS18.000X0.375,True,column,unknown,unknown,,unknown,,unknown,,False,,"[1719.9, 932.8, 1732.5, 998.8]","[""COLUMN SCHEDULE"", ""Column Locations: J.8-18"", ""Level interval: FIRST FLOOR (0' - 0\"") -> SECOND FLOOR (14' - 0\"")""]",rotated_label_in_ruled_strip_between_level_datums,PENDING_REVIEW,PENDING_REVIEW,
REAL-Springhill_p26-054,Springhill,REAL-Springhill,26,S-501,REAL-Springhill-p26-M2,COLUMN SCHEDULE,level_location_matrix,"[183.5, 730.9, 2565.9, 1149.9]",K-6.9A,K-6.9A,"FIRST FLOOR (0' - 0"") -> SECOND FLOOR (14' - 0"")","FIRST FLOOR (0' - 0"") -> SECOND FLOOR (14' - 0"")",W10X45,W10X45,True,column,unknown,unknown,,unknown,,unknown,,False,,"[1793.5, 934.2, 1806.1, 974.0]","[""COLUMN SCHEDULE"", ""Column Locations: K-6.9A"", ""Level interval: FIRST FLOOR (0' - 0\"") -> SECOND FLOOR (14' - 0\"")""]",rotated_label_in_ruled_strip_between_level_datums,PENDING_REVIEW,PENDING_REVIEW,
REAL-Springhill_p26-055,Springhill,REAL-Springhill,26,S-501,REAL-Springhill-p26-M2,COLUMN SCHEDULE,level_location_matrix,"[183.5, 730.9, 2565.9, 1149.9]",K-10,K-10,"FIRST FLOOR (0' - 0"") -> SECOND FLOOR (14' - 0"")","FIRST FLOOR (0' - 0"") -> SECOND FLOOR (14' - 0"")",W10X45,W10X45,True,column,unknown,unknown,,unknown,,unknown,,False,,"[1866.1, 937.2, 1878.7, 977.0]","[""COLUMN SCHEDULE"", ""Column Locations: K-10"", ""Level interval: FIRST FLOOR (0' - 0\"") -> SECOND FLOOR (14' - 0\"")""]",rotated_label_in_ruled_strip_between_level_datums,PENDING_REVIEW,PENDING_REVIEW,
REAL-Springhill_p26-056,Springhill,REAL-Springhill,26,S-501,REAL-Springhill-p26-M2,COLUMN SCHEDULE,level_location_matrix,"[183.5, 730.9, 2565.9, 1149.9]",K-11,K-11,"FIRST FLOOR (0' - 0"") -> SECOND FLOOR (14' - 0"")","FIRST FLOOR (0' - 0"") -> SECOND FLOOR (14' - 0"")",W10X39,W10X39,True,column,unknown,unknown,,unknown,,unknown,,False,,"[1937.1, 937.2, 1949.7, 977.0]","[""COLUMN SCHEDULE"", ""Column Locations: K-11"", ""Level interval: FIRST FLOOR (0' - 0\"") -> SECOND FLOOR (14' - 0\"")""]",rotated_label_in_ruled_strip_between_level_datums,PENDING_REVIEW,PENDING_REVIEW,
REAL-Springhill_p26-057,Springhill,REAL-Springhill,26,S-501,REAL-Springhill-p26-M2,COLUMN SCHEDULE,level_location_matrix,"[183.5, 730.9, 2565.9, 1149.9]",K-11.9,K-11.9,"FIRST FLOOR (0' - 0"") -> SECOND FLOOR (14' - 0"")","FIRST FLOOR (0' - 0"") -> SECOND FLOOR (14' - 0"")",HSS10X0.500,HSS10.000X0.500,True,column,unknown,unknown,,unknown,,unknown,,False,,"[2009.1, 928.0, 2021.7, 994.0]","[""COLUMN SCHEDULE"", ""Column Locations: K-11.9"", ""Level interval: FIRST FLOOR (0' - 0\"") -> SECOND FLOOR (14' - 0\"")""]",rotated_label_in_ruled_strip_between_level_datums,PENDING_REVIEW,PENDING_REVIEW,
REAL-Springhill_p26-058,Springhill,REAL-Springhill,26,S-501,REAL-Springhill-p26-M2,COLUMN SCHEDULE,level_location_matrix,"[183.5, 730.9, 2565.9, 1149.9]",K-13,K-13,"FIRST FLOOR (0' - 0"") -> SECOND FLOOR (14' - 0"")","FIRST FLOOR (0' - 0"") -> SECOND FLOOR (14' - 0"")",W10X33,W10X33,True,column,unknown,unknown,,unknown,,unknown,,False,,"[2080.3, 938.3, 2092.9, 978.1]","[""COLUMN SCHEDULE"", ""Column Locations: K-13"", ""Level interval: FIRST FLOOR (0' - 0\"") -> SECOND FLOOR (14' - 0\"")""]",rotated_label_in_ruled_strip_between_level_datums,PENDING_REVIEW,PENDING_REVIEW,
REAL-Springhill_p26-059,Springhill,REAL-Springhill,26,S-501,REAL-Springhill-p26-M2,COLUMN SCHEDULE,level_location_matrix,"[183.5, 730.9, 2565.9, 1149.9]",K.1-16,K.1-16,"FIRST FLOOR (0' - 0"") -> SECOND FLOOR (14' - 0"")","FIRST FLOOR (0' - 0"") -> SECOND FLOOR (14' - 0"")",W10X33,W10X33,True,column,unknown,unknown,,unknown,,unknown,,False,,"[2152.1, 937.7, 2164.7, 977.5]","[""COLUMN SCHEDULE"", ""Column Locations: K.1-16"", ""Level interval: FIRST FLOOR (0' - 0\"") -> SECOND FLOOR (14' - 0\"")""]",rotated_label_in_ruled_strip_between_level_datums,PENDING_REVIEW,PENDING_REVIEW,
REAL-Springhill_p26-060,Springhill,REAL-Springhill,26,S-501,REAL-Springhill-p26-M2,COLUMN SCHEDULE,level_location_matrix,"[183.5, 730.9, 2565.9, 1149.9]",K.5-1.3,K.5-1.3,"FIRST FLOOR (0' - 0"") -> SECOND FLOOR (14' - 0"")","FIRST FLOOR (0' - 0"") -> SECOND FLOOR (14' - 0"")",W10X33,W10X33,True,column,unknown,unknown,,unknown,,unknown,,False,,"[2223.5, 937.7, 2236.1, 977.5]","[""COLUMN SCHEDULE"", ""Column Locations: K.5-1.3"", ""Level interval: FIRST FLOOR (0' - 0\"") -> SECOND FLOOR (14' - 0\"")""]",rotated_label_in_ruled_strip_between_level_datums,PENDING_REVIEW,PENDING_REVIEW,
REAL-Springhill_p26-061,Springhill,REAL-Springhill,26,S-501,REAL-Springhill-p26-M2,COLUMN SCHEDULE,level_location_matrix,"[183.5, 730.9, 2565.9, 1149.9]",L-10,L-10,"FIRST FLOOR (0' - 0"") -> SECOND FLOOR (14' - 0"")","FIRST FLOOR (0' - 0"") -> SECOND FLOOR (14' - 0"")",W10X39,W10X39,True,column,unknown,unknown,,unknown,,unknown,,False,,"[2295.5, 937.7, 2308.1, 977.5]","[""COLUMN SCHEDULE"", ""Column Locations: L-10"", ""Level interval: FIRST FLOOR (0' - 0\"") -> SECOND FLOOR (14' - 0\"")""]",rotated_label_in_ruled_strip_between_level_datums,PENDING_REVIEW,PENDING_REVIEW,
REAL-Springhill_p26-062,Springhill,REAL-Springhill,26,S-501,REAL-Springhill-p26-M2,COLUMN SCHEDULE,level_location_matrix,"[183.5, 730.9, 2565.9, 1149.9]",L-11,L-11,"FIRST FLOOR (0' - 0"") -> SECOND FLOOR (14' - 0"")","FIRST FLOOR (0' - 0"") -> SECOND FLOOR (14' - 0"")",W10X39,W10X39,True,column,unknown,unknown,,unknown,,unknown,,False,,"[2367.5, 937.7, 2380.1, 977.5]","[""COLUMN SCHEDULE"", ""Column Locations: L-11"", ""Level interval: FIRST FLOOR (0' - 0\"") -> SECOND FLOOR (14' - 0\"")""]",rotated_label_in_ruled_strip_between_level_datums,PENDING_REVIEW,PENDING_REVIEW,
REAL-Springhill_p26-063,Springhill,REAL-Springhill,26,S-501,REAL-Springhill-p26-M2,COLUMN SCHEDULE,level_location_matrix,"[183.5, 730.9, 2565.9, 1149.9]",L-12,L-12,"FIRST FLOOR (0' - 0"") -> SECOND FLOOR (14' - 0"")","FIRST FLOOR (0' - 0"") -> SECOND FLOOR (14' - 0"")",W10X45,W10X45,True,column,unknown,unknown,,unknown,,unknown,,False,,"[2440.0, 939.2, 2452.6, 979.1]","[""COLUMN SCHEDULE"", ""Column Locations: L-12"", ""Level interval: FIRST FLOOR (0' - 0\"") -> SECOND FLOOR (14' - 0\"")""]",rotated_label_in_ruled_strip_between_level_datums,PENDING_REVIEW,PENDING_REVIEW,
REAL-Springhill_p26-064,Springhill,REAL-Springhill,26,S-501,REAL-Springhill-p26-M2,COLUMN SCHEDULE,level_location_matrix,"[183.5, 730.9, 2565.9, 1149.9]",M-9A,M-9A,"FIRST FLOOR (0' - 0"") -> SECOND FLOOR (14' - 0"")","FIRST FLOOR (0' - 0"") -> SECOND FLOOR (14' - 0"")",W10X45,W10X45,True,column,unknown,unknown,,unknown,,unknown,,False,,"[2513.7, 938.7, 2526.3, 978.6]","[""COLUMN SCHEDULE"", ""Column Locations: M-9A"", ""Level interval: FIRST FLOOR (0' - 0\"") -> SECOND FLOOR (14' - 0\"")""]",rotated_label_in_ruled_strip_between_level_datums,PENDING_REVIEW,PENDING_REVIEW,
REAL-H5_p7-001,H5 Herndon,REAL-H5,7,S-100,REAL-H5-p7-p7-y64-x381,,existing_member_schedule,"[389.04, 64.54, 549.28, 263.33]",C-1,C-1,,,W8x24,W8X24,True,column,existing,definition_only,,unknown,,unknown,,False,existing_condition,"[395.4, 91.15, 531.33, 100.61]","[""column schedule"", ""MARK C-1""]",schedule_evidence_widened,PENDING_REVIEW,PENDING_REVIEW,
REAL-H5_p7-002,H5 Herndon,REAL-H5,7,S-100,REAL-H5-p7-p7-y64-x381,,existing_member_schedule,"[389.04, 64.54, 549.28, 263.33]",C-2,C-2,,,W8x24,W8X24,True,column,existing,definition_only,,unknown,,unknown,,False,existing_condition,"[395.4, 107.71, 531.33, 117.17]","[""column schedule"", ""MARK C-2""]",schedule_evidence_widened,PENDING_REVIEW,PENDING_REVIEW,
REAL-H5_p7-003,H5 Herndon,REAL-H5,7,S-100,REAL-H5-p7-p7-y64-x381,,existing_member_schedule,"[389.04, 64.54, 549.28, 263.33]",C-3,C-3,,,W8x31,W8X31,True,column,existing,definition_only,,unknown,,unknown,,False,existing_condition,"[395.4, 124.15, 531.33, 133.61]","[""column schedule"", ""MARK C-3""]",schedule_evidence_widened,PENDING_REVIEW,PENDING_REVIEW,
REAL-H5_p7-004,H5 Herndon,REAL-H5,7,S-100,REAL-H5-p7-p7-y64-x381,,existing_member_schedule,"[389.04, 64.54, 549.28, 263.33]",C-4,C-4,,,W8x24,W8X24,True,column,existing,definition_only,,unknown,,unknown,,False,existing_condition,"[395.4, 140.71, 531.33, 150.17]","[""column schedule"", ""MARK C-4""]",schedule_evidence_widened,PENDING_REVIEW,PENDING_REVIEW,
REAL-H5_p7-005,H5 Herndon,REAL-H5,7,S-100,REAL-H5-p7-p7-y64-x381,,existing_member_schedule,"[389.04, 64.54, 549.28, 263.33]",C-5,C-5,,,W8x28,W8X28,True,column,existing,definition_only,,unknown,,unknown,,False,existing_condition,"[395.4, 154.87, 531.33, 164.33]","[""column schedule"", ""MARK C-5""]",schedule_evidence_widened,PENDING_REVIEW,PENDING_REVIEW,
REAL-H5_p7-006,H5 Herndon,REAL-H5,7,S-100,REAL-H5-p7-p7-y64-x381,,existing_member_schedule,"[389.04, 64.54, 549.28, 263.33]",C-6,C-6,,,W8x35,W8X35,True,column,existing,definition_only,,unknown,,unknown,,False,existing_condition,"[395.4, 171.43, 531.33, 180.89]","[""column schedule"", ""MARK C-6""]",schedule_evidence_widened,PENDING_REVIEW,PENDING_REVIEW,
REAL-H5_p7-007,H5 Herndon,REAL-H5,7,S-100,REAL-H5-p7-p7-y64-x381,,existing_member_schedule,"[389.04, 64.54, 549.28, 263.33]",C-7,C-7,,,W8x28,W8X28,True,column,existing,definition_only,,unknown,,unknown,,False,existing_condition,"[395.4, 187.87, 531.33, 197.33]","[""column schedule"", ""MARK C-7""]",schedule_evidence_widened,PENDING_REVIEW,PENDING_REVIEW,
REAL-H5_p7-008,H5 Herndon,REAL-H5,7,S-100,REAL-H5-p7-p7-y64-x381,,existing_member_schedule,"[389.04, 64.54, 549.28, 263.33]",C-8,C-8,,,W8x40,W8X40,True,column,existing,definition_only,,unknown,,unknown,,False,existing_condition,"[395.4, 204.43, 531.33, 213.89]","[""column schedule"", ""MARK C-8""]",schedule_evidence_widened,PENDING_REVIEW,PENDING_REVIEW,
REAL-H5_p7-009,H5 Herndon,REAL-H5,7,S-100,REAL-H5-p7-p7-y64-x381,,existing_member_schedule,"[389.04, 64.54, 549.28, 263.33]",C-9,C-9,,,W8x58,W8X58,True,column,existing,definition_only,,unknown,,unknown,,False,existing_condition,"[395.4, 220.87, 531.33, 230.33]","[""column schedule"", ""MARK C-9""]",schedule_evidence_widened,PENDING_REVIEW,PENDING_REVIEW,
REAL-H5_p7-010,H5 Herndon,REAL-H5,7,S-100,REAL-H5-p7-p7-y64-x381,,existing_member_schedule,"[389.04, 64.54, 549.28, 263.33]",C-10,C-10,,,W8x31,W8X31,True,column,existing,definition_only,,unknown,,unknown,,False,existing_condition,"[392.76, 237.43, 531.34, 246.89]","[""column schedule"", ""MARK C-10""]",schedule_evidence_widened,PENDING_REVIEW,PENDING_REVIEW,
REAL-H5_p7-011,H5 Herndon,REAL-H5,7,S-100,REAL-H5-p7-p7-y64-x381,,existing_member_schedule,"[389.04, 64.54, 549.28, 263.33]",C-11,C-11,,,W8x48,W8X48,True,column,existing,definition_only,,unknown,,unknown,,False,existing_condition,"[392.76, 253.87, 531.34, 263.33]","[""column schedule"", ""MARK C-11""]",schedule_evidence_widened,PENDING_REVIEW,PENDING_REVIEW,
REAL-H5_p8-001,H5 Herndon,REAL-H5,8,S-101,REAL-H5-p8-p8-y64-x381,,existing_member_schedule,"[389.04, 64.54, 549.28, 263.33]",C-1,C-1,,,W8x24,W8X24,True,column,existing,definition_only,,unknown,,unknown,,False,existing_condition,"[395.4, 91.15, 531.33, 100.61]","[""column schedule"", ""MARK C-1""]",schedule_evidence_widened,PENDING_REVIEW,PENDING_REVIEW,
REAL-H5_p8-002,H5 Herndon,REAL-H5,8,S-101,REAL-H5-p8-p8-y64-x381,,existing_member_schedule,"[389.04, 64.54, 549.28, 263.33]",C-2,C-2,,,W8x24,W8X24,True,column,existing,definition_only,,unknown,,unknown,,False,existing_condition,"[395.4, 107.71, 531.33, 117.17]","[""column schedule"", ""MARK C-2""]",schedule_evidence_widened,PENDING_REVIEW,PENDING_REVIEW,
REAL-H5_p8-003,H5 Herndon,REAL-H5,8,S-101,REAL-H5-p8-p8-y64-x381,,existing_member_schedule,"[389.04, 64.54, 549.28, 263.33]",C-3,C-3,,,W8x31,W8X31,True,column,existing,definition_only,,unknown,,unknown,,False,existing_condition,"[395.4, 124.15, 531.33, 133.61]","[""column schedule"", ""MARK C-3""]",schedule_evidence_widened,PENDING_REVIEW,PENDING_REVIEW,
REAL-H5_p8-004,H5 Herndon,REAL-H5,8,S-101,REAL-H5-p8-p8-y64-x381,,existing_member_schedule,"[389.04, 64.54, 549.28, 263.33]",C-4,C-4,,,W8x24,W8X24,True,column,existing,definition_only,,unknown,,unknown,,False,existing_condition,"[395.4, 140.71, 531.33, 150.17]","[""column schedule"", ""MARK C-4""]",schedule_evidence_widened,PENDING_REVIEW,PENDING_REVIEW,
REAL-H5_p8-005,H5 Herndon,REAL-H5,8,S-101,REAL-H5-p8-p8-y64-x381,,existing_member_schedule,"[389.04, 64.54, 549.28, 263.33]",C-5,C-5,,,W8x28,W8X28,True,column,existing,definition_only,,unknown,,unknown,,False,existing_condition,"[395.4, 154.87, 531.33, 164.33]","[""column schedule"", ""MARK C-5""]",schedule_evidence_widened,PENDING_REVIEW,PENDING_REVIEW,
REAL-H5_p8-006,H5 Herndon,REAL-H5,8,S-101,REAL-H5-p8-p8-y64-x381,,existing_member_schedule,"[389.04, 64.54, 549.28, 263.33]",C-6,C-6,,,W8x35,W8X35,True,column,existing,definition_only,,unknown,,unknown,,False,existing_condition,"[395.4, 171.43, 531.33, 180.89]","[""column schedule"", ""MARK C-6""]",schedule_evidence_widened,PENDING_REVIEW,PENDING_REVIEW,
REAL-H5_p8-007,H5 Herndon,REAL-H5,8,S-101,REAL-H5-p8-p8-y64-x381,,existing_member_schedule,"[389.04, 64.54, 549.28, 263.33]",C-7,C-7,,,W8x28,W8X28,True,column,existing,definition_only,,unknown,,unknown,,False,existing_condition,"[395.4, 187.87, 531.33, 197.33]","[""column schedule"", ""MARK C-7""]",schedule_evidence_widened,PENDING_REVIEW,PENDING_REVIEW,
REAL-H5_p8-008,H5 Herndon,REAL-H5,8,S-101,REAL-H5-p8-p8-y64-x381,,existing_member_schedule,"[389.04, 64.54, 549.28, 263.33]",C-8,C-8,,,W8x40,W8X40,True,column,existing,definition_only,,unknown,,unknown,,False,existing_condition,"[395.4, 204.43, 531.33, 213.89]","[""column schedule"", ""MARK C-8""]",schedule_evidence_widened,PENDING_REVIEW,PENDING_REVIEW,
REAL-H5_p8-009,H5 Herndon,REAL-H5,8,S-101,REAL-H5-p8-p8-y64-x381,,existing_member_schedule,"[389.04, 64.54, 549.28, 263.33]",C-9,C-9,,,W8x58,W8X58,True,column,existing,definition_only,,unknown,,unknown,,False,existing_condition,"[395.4, 220.87, 531.33, 230.33]","[""column schedule"", ""MARK C-9""]",schedule_evidence_widened,PENDING_REVIEW,PENDING_REVIEW,
REAL-H5_p8-010,H5 Herndon,REAL-H5,8,S-101,REAL-H5-p8-p8-y64-x381,,existing_member_schedule,"[389.04, 64.54, 549.28, 263.33]",C-10,C-10,,,W8x31,W8X31,True,column,existing,definition_only,,unknown,,unknown,,False,existing_condition,"[392.76, 237.43, 531.34, 246.89]","[""column schedule"", ""MARK C-10""]",schedule_evidence_widened,PENDING_REVIEW,PENDING_REVIEW,
REAL-H5_p8-011,H5 Herndon,REAL-H5,8,S-101,REAL-H5-p8-p8-y64-x381,,existing_member_schedule,"[389.04, 64.54, 549.28, 263.33]",C-11,C-11,,,W8x48,W8X48,True,column,existing,definition_only,,unknown,,unknown,,False,existing_condition,"[392.76, 253.87, 531.34, 263.33]","[""column schedule"", ""MARK C-11""]",schedule_evidence_widened,PENDING_REVIEW,PENDING_REVIEW,
REAL-H5_p23-001,H5 Herndon,REAL-H5,23,S-800,REAL-H5-p23-p23-y88-x2433,,reinforcement_schedule,"[2441.64, 88.89, 2980.0, 321.72]",RI-1,RI-1,,,E7018,,False,column,reinforcing,definition_only,,unknown,,unknown,,False,reinforcement_of_host_member,"[2446.68, 105.79, 2755.18, 115.25]","[""column schedule"", ""MARK RI-1""]",schedule_evidence_widened,PENDING_REVIEW,PENDING_REVIEW,
REAL-H5_p23-002,H5 Herndon,REAL-H5,23,S-800,REAL-H5-p23-p23-y88-x2433,,reinforcement_schedule,"[2441.64, 88.89, 2980.0, 321.72]",RI-2,RI-2,,,E7018,,False,column,reinforcing,definition_only,,unknown,,unknown,,False,reinforcement_of_host_member,"[2446.68, 122.23, 2755.18, 131.69]","[""column schedule"", ""MARK RI-2""]",schedule_evidence_widened,PENDING_REVIEW,PENDING_REVIEW,
REAL-H5_p23-003,H5 Herndon,REAL-H5,23,S-800,REAL-H5-p23-p23-y88-x2433,,reinforcement_schedule,"[2441.64, 88.89, 2980.0, 321.72]",RI-3,RI-3,,,E7018,,False,column,reinforcing,definition_only,,unknown,,unknown,,False,reinforcement_of_host_member,"[2446.68, 138.79, 2755.18, 148.25]","[""column schedule"", ""MARK RI-3""]",schedule_evidence_widened,PENDING_REVIEW,PENDING_REVIEW,
REAL-H5_p23-004,H5 Herndon,REAL-H5,23,S-800,REAL-H5-p23-p23-y88-x2433,,reinforcement_schedule,"[2441.64, 88.89, 2980.0, 321.72]",RI-4,RI-4,,,"9.75"" E7018",,False,column,reinforcing,definition_only,,unknown,,unknown,,False,reinforcement_of_host_member,"[2446.68, 155.23, 2755.18, 164.69]","[""column schedule"", ""MARK RI-4""]",schedule_evidence_widened,PENDING_REVIEW,PENDING_REVIEW,
REAL-H5_p23-005,H5 Herndon,REAL-H5,23,S-800,REAL-H5-p23-p23-y184-x1297,,reinforcement_schedule,"[1305.24, 184.65, 1983.75, 333.31]",RE-1,RE-1,,,E7018,,False,column,reinforcing,definition_only,,unknown,,unknown,,False,reinforcement_of_host_member,"[1308.48, 211.39, 1855.06, 220.85]","[""column schedule"", ""MARK RE-1""]",schedule_evidence_widened,PENDING_REVIEW,PENDING_REVIEW,
REAL-H5_p23-006,H5 Herndon,REAL-H5,23,S-800,REAL-H5-p23-p23-y184-x1297,,reinforcement_schedule,"[1305.24, 184.65, 1983.75, 333.31]",RE-2,RE-2,,,E7018,,False,column,reinforcing,definition_only,,unknown,,unknown,,False,reinforcement_of_host_member,"[1308.48, 227.83, 1855.06, 237.29]","[""column schedule"", ""MARK RE-2""]",schedule_evidence_widened,PENDING_REVIEW,PENDING_REVIEW,
REAL-H5_p23-007,H5 Herndon,REAL-H5,23,S-800,REAL-H5-p23-p23-y184-x1297,,reinforcement_schedule,"[1305.24, 184.65, 1983.75, 333.31]",RE-3,RE-3,,,E7018,,False,column,reinforcing,definition_only,,unknown,,unknown,,False,reinforcement_of_host_member,"[1308.48, 244.39, 1855.06, 253.85]","[""column schedule"", ""MARK RE-3""]",schedule_evidence_widened,PENDING_REVIEW,PENDING_REVIEW,
REAL-H5_p23-008,H5 Herndon,REAL-H5,23,S-800,REAL-H5-p23-p23-y184-x1297,,reinforcement_schedule,"[1305.24, 184.65, 1983.75, 333.31]",RE-4,RE-4,,,E7018 WELD c,,False,column,reinforcing,definition_only,,unknown,,unknown,,False,reinforcement_of_host_member,"[1308.48, 260.83, 1935.22, 271.51]","[""column schedule"", ""MARK RE-4""]",schedule_evidence_widened,PENDING_REVIEW,PENDING_REVIEW,
REAL-H5_p23-009,H5 Herndon,REAL-H5,23,S-800,REAL-H5-p23-p23-y184-x1297,,reinforcement_schedule,"[1305.24, 184.65, 1983.75, 333.31]",RE-5,RE-5,,,"7.75"" E7018",,False,column,reinforcing,definition_only,,unknown,,unknown,,False,reinforcement_of_host_member,"[1308.48, 275.11, 1855.06, 284.57]","[""column schedule"", ""MARK RE-5""]",schedule_evidence_widened,PENDING_REVIEW,PENDING_REVIEW,
REAL-H5_p23-010,H5 Herndon,REAL-H5,23,S-800,REAL-H5-p23-p23-y184-x1297,,reinforcement_schedule,"[1305.24, 184.65, 1983.75, 333.31]",RE-6,RE-6,,,E7018 (E) W8 COL,,False,column,reinforcing,definition_only,,unknown,,unknown,,False,reinforcement_of_host_member,"[1308.48, 289.29, 1983.75, 301.01]","[""column schedule"", ""MARK RE-6""]",schedule_evidence_widened,PENDING_REVIEW,PENDING_REVIEW,
