family,designation,source_row_id,source_edition,A,d,W
2L,2L2-1/2X1-1/2X1/4LLBB,3321,14th,1.89,1.50,6.38
2L,2L2-1/2X1-1/2X1/4LLBB,1290,15th,1.89,2.50,6.38
2L,2L2-1/2X1-1/2X1/4X3/4LLBB,3323,14th,1.89,1.50,6.38
2L,2L2-1/2X1-1/2X1/4X3/4LLBB,1292,15th,1.89,2.50,6.38
2L,2L2-1/2X1-1/2X1/4X3/8LLBB,3322,14th,1.89,1.50,6.38
2L,2L2-1/2X1-1/2X1/4X3/8LLBB,1291,15th,1.89,2.50,6.38
2L,2L2-1/2X1-1/2X3/16LLBB,3324,14th,1.45,1.50,4.88
2L,2L2-1/2X1-1/2X3/16LLBB,1293,15th,1.45,2.50,4.88
2L,2L2-1/2X1-1/2X3/16X3/4LLBB,3326,14th,1.45,1.50,4.88
2L,2L2-1/2X1-1/2X3/16X3/4LLBB,1295,15th,1.45,2.50,4.88
2L,2L2-1/2X1-1/2X3/16X3/8LLBB,3325,14th,1.45,1.50,4.88
2L,2L2-1/2X1-1/2X3/16X3/8LLBB,1294,15th,1.45,2.50,4.88
2L,2L2-1/2X2X1/4LLBB,5301,13th,2.14,2.50,7.24
2L,2L2-1/2X2X1/4LLBB,3315,14th,2.14,2.00,7.24
2L,2L2-1/2X2X1/4LLBB,1284,15th,2.14,2.50,7.24
2L,2L2-1/2X2X1/4LLBB,9040,LRFD2,2.1300,2.5000,7.2400
2L,2L2-1/2X2X1/4LLBB,7246,LRFD3,2.14,2.5,7.3
2L,2L2-1/2X2X1/4X3/4LLBB,5303,13th,2.14,2.50,7.24
2L,2L2-1/2X2X1/4X3/4LLBB,3317,14th,2.14,2.00,7.24
2L,2L2-1/2X2X1/4X3/4LLBB,1286,15th,2.14,2.50,7.24
2L,2L2-1/2X2X1/4X3/4LLBB,9042,LRFD2,2.1300,2.5000,7.2400
2L,2L2-1/2X2X1/4X3/4LLBB,7248,LRFD3,2.14,2.5,7.3
2L,2L2-1/2X2X1/4X3/8LLBB,5302,13th,2.14,2.50,7.24
2L,2L2-1/2X2X1/4X3/8LLBB,3316,14th,2.14,2.00,7.24
2L,2L2-1/2X2X1/4X3/8LLBB,1285,15th,2.14,2.50,7.24
2L,2L2-1/2X2X1/4X3/8LLBB,9041,LRFD2,2.1300,2.5000,7.2400
2L,2L2-1/2X2X1/4X3/8LLBB,7247,LRFD3,2.14,2.5,7.3
2L,2L2-1/2X2X3/16LLBB,5304,13th,1.64,2.50,5.50
2L,2L2-1/2X2X3/16LLBB,3318,14th,1.64,2.00,5.50
2L,2L2-1/2X2X3/16LLBB,1287,15th,1.64,2.50,5.50
2L,2L2-1/2X2X3/16LLBB,9043,LRFD2,1.6200,2.5000,5.5000
2L,2L2-1/2X2X3/16LLBB,7249,LRFD3,1.64,2.5,5.57
2L,2L2-1/2X2X3/16X3/4LLBB,5306,13th,1.64,2.50,5.50
2L,2L2-1/2X2X3/16X3/4LLBB,3320,14th,1.64,2.00,5.50
2L,2L2-1/2X2X3/16X3/4LLBB,1289,15th,1.64,2.50,5.50
2L,2L2-1/2X2X3/16X3/4LLBB,9045,LRFD2,1.6200,2.5000,5.5000
2L,2L2-1/2X2X3/16X3/4LLBB,7251,LRFD3,1.64,2.5,5.57
2L,2L2-1/2X2X3/16X3/8LLBB,5305,13th,1.64,2.50,5.50
2L,2L2-1/2X2X3/16X3/8LLBB,3319,14th,1.64,2.00,5.50
2L,2L2-1/2X2X3/16X3/8LLBB,1288,15th,1.64,2.50,5.50
2L,2L2-1/2X2X3/16X3/8LLBB,9044,LRFD2,1.6200,2.5000,5.5000
2L,2L2-1/2X2X3/16X3/8LLBB,7250,LRFD3,1.64,2.5,5.57
2L,2L2-1/2X2X3/8LLBB,5295,13th,3.11,2.50,10.6
2L,2L2-1/2X2X3/8LLBB,3309,14th,3.10,2.00,10.6
2L,2L2-1/2X2X3/8LLBB,1278,15th,3.10,2.50,10.6
2L,2L2-1/2X2X3/8LLBB,9034,LRFD2,3.0900,2.5000,10.6000
2L,2L2-1/2X2X3/8LLBB,7240,LRFD3,3.11,2.5,10.6
2L,2L2-1/2X2X3/8X3/4LLBB,5297,13th,3.11,2.50,10.6
2L,2L2-1/2X2X3/8X3/4LLBB,3311,14th,3.10,2.00,10.6
2L,2L2-1/2X2X3/8X3/4LLBB,1280,15th,3.10,2.50,10.6
2L,2L2-1/2X2X3/8X3/4LLBB,9036,LRFD2,3.0900,2.5000,10.6000
2L,2L2-1/2X2X3/8X3/4LLBB,7242,LRFD3,3.11,2.5,10.6
2L,2L2-1/2X2X3/8X3/8LLBB,5296,13th,3.11,2.50,10.6
2L,2L2-1/2X2X3/8X3/8LLBB,3310,14th,3.10,2.00,10.6
2L,2L2-1/2X2X3/8X3/8LLBB,1279,15th,3.10,2.50,10.6
2L,2L2-1/2X2X3/8X3/8LLBB,9035,LRFD2,3.0900,2.5000,10.6000
2L,2L2-1/2X2X3/8X3/8LLBB,7241,LRFD3,3.11,2.5,10.6
2L,2L2-1/2X2X5/16LLBB,5298,13th,2.64,2.50,9.00
2L,2L2-1/2X2X5/16LLBB,3312,14th,2.64,2.00,9.00
2L,2L2-1/2X2X5/16LLBB,1281,15th,2.64,2.50,9.00
2L,2L2-1/2X2X5/16LLBB,9037,LRFD2,2.6200,2.5000,9.0000
2L,2L2-1/2X2X5/16LLBB,7243,LRFD3,2.64,2.5,8.97
2L,2L2-1/2X2X5/16X3/4LLBB,5300,13th,2.64,2.50,9.00
2L,2L2-1/2X2X5/16X3/4LLBB,3314,14th,2.64,2.00,9.00
2L,2L2-1/2X2X5/16X3/4LLBB,1283,15th,2.64,2.50,9.00
2L,2L2-1/2X2X5/16X3/4LLBB,9039,LRFD2,2.6200,2.5000,9.0000
2L,2L2-1/2X2X5/16X3/4LLBB,7245,LRFD3,2.64,2.5,8.97
2L,2L2-1/2X2X5/16X3/8LLBB,5299,13th,2.64,2.50,9.00
2L,2L2-1/2X2X5/16X3/8LLBB,3313,14th,2.64,2.00,9.00
2L,2L2-1/2X2X5/16X3/8LLBB,1282,15th,2.64,2.50,9.00
2L,2L2-1/2X2X5/16X3/8LLBB,9038,LRFD2,2.6200,2.5000,9.0000
2L,2L2-1/2X2X5/16X3/8LLBB,7244,LRFD3,2.64,2.5,8.97
2L,2L2.5X2,14561,ASD6,3.10,–,10.6
2L,2L2.5X2,14562,ASD6,2.62,–,9.0
2L,2L2.5X2,14563,ASD6,2.12,–,7.2
2L,2L2.5X2,14564,ASD6,1.62,–,5.5
2L,2L2.5X2,14645,ASD6,3.10,–,10.6
2L,2L2.5X2,14646,ASD6,2.62,–,9.0
2L,2L2.5X2,14647,ASD6,2.12,–,7.2
2L,2L2.5X2,14648,ASD6,1.62,–,5.5
2L,2L2.5X2.5,14687,ASD6,4.50,–,15.4
2L,2L2.5X2.5,14688,ASD6,3.46,–,11.8
2L,2L2.5X2.5,14689,ASD6,2.94,–,10.0
2L,2L2.5X2.5,14690,ASD6,2.38,–,8.2
2L,2L2.5X2X0.375,13666,ASD7,3.19,–,10.6
2L,2L2.5X2X0.375,13768,ASD7,3.19,–,10.6
2L,2L2.5X2X0.375,12453,ASD8,3.09,–,10.6
2L,2L2.5X2X0.375,12501,ASD8,3.09,–,10.6
2L,2L2.5X2X0.375,10131,ASD9,3.09,–,10.6
2L,2L2.5X2X0.375,10179,ASD9,3.09,–,10.6
2L,2L2.5X2X0.375,11301,LRFD1,3.09,–,10.6
2L,2L2.5X2X0.375,11363,LRFD1,3.09,–,10.6
2L,2L2X2,14691,ASD6,2.72,–,9.4
2L,2L2X2,14692,ASD6,2.30,–,7.84
2L,2L2X2,14693,ASD6,1.88,–,6.38
2L,2L2X2X1/8,5082,13th,0.982,2.00,3.30
2L,2L2X2X1/8,3096,14th,0.982,2.00,3.30
2L,2L2X2X1/8,1065,15th,0.982,2.00,3.30
2L,2L2X2X1/8,8902,LRFD2,0.9600,2.0000,3.3000
2L,2L2X2X1/8,7027,LRFD3,0.982,2,3.34
2L,2L2X2X1/8X3/4,5084,13th,0.982,2.00,3.30
2L,2L2X2X1/8X3/4,3098,14th,0.982,2.00,3.30
2L,2L2X2X1/8X3/4,1067,15th,0.982,2.00,3.30
2L,2L2X2X1/8X3/4,8904,LRFD2,0.9600,2.0000,3.3000
2L,2L2X2X1/8X3/4,7029,LRFD3,0.982,2,3.34
2L,2L2X2X1/8X3/8,5083,13th,0.982,2.00,3.30
2L,2L2X2X1/8X3/8,3097,14th,0.982,2.00,3.30
2L,2L2X2X1/8X3/8,1066,15th,0.982,2.00,3.30
2L,2L2X2X1/8X3/8,8903,LRFD2,0.9600,2.0000,3.3000
2L,2L2X2X1/8X3/8,7028,LRFD3,0.982,2,3.34
2L,2L3-1/2X2-1/2X1/2LLBB,5250,13th,5.53,3.50,18.8
2L,2L3-1/2X2-1/2X1/2LLBB,3264,14th,5.54,2.50,18.8
2L,2L3-1/2X2-1/2X1/2LLBB,1233,15th,5.54,3.50,18.8
2L,2L3-1/2X2-1/2X1/2LLBB,7195,LRFD3,5.53,3.5,18.8
2L,2L3-1/2X2-1/2X1/2X3/4LLBB,5252,13th,5.53,3.50,18.8
2L,2L3-1/2X2-1/2X1/2X3/4LLBB,3266,14th,5.54,2.50,18.8
2L,2L3-1/2X2-1/2X1/2X3/4LLBB,1235,15th,5.54,3.50,18.8
2L,2L3-1/2X2-1/2X1/2X3/4LLBB,7197,LRFD3,5.53,3.5,18.8
2L,2L3-1/2X2-1/2X1/2X3/8LLBB,5251,13th,5.53,3.50,18.8
2L,2L3-1/2X2-1/2X1/2X3/8LLBB,3265,14th,5.54,2.50,18.8
2L,2L3-1/2X2-1/2X1/2X3/8LLBB,1234,15th,5.54,3.50,18.8
2L,2L3-1/2X2-1/2X1/2X3/8LLBB,7196,LRFD3,5.53,3.5,18.8
2L,2L3-1/2X2-1/2X1/4LLBB,5259,13th,2.90,3.50,9.80
2L,2L3-1/2X2-1/2X1/4LLBB,3273,14th,2.90,2.50,9.80
2L,2L3-1/2X2-1/2X1/4LLBB,1242,15th,2.90,3.50,9.80
2L,2L3-1/2X2-1/2X1/4LLBB,9010,LRFD2,2.8800,3.5000,9.8000
2L,2L3-1/2X2-1/2X1/4LLBB,7204,LRFD3,2.9,3.5,9.88
2L,2L3-1/2X2-1/2X1/4X3/4LLBB,5261,13th,2.90,3.50,9.80
2L,2L3-1/2X2-1/2X1/4X3/4LLBB,3275,14th,2.90,2.50,9.80
2L,2L3-1/2X2-1/2X1/4X3/4LLBB,1244,15th,2.90,3.50,9.80
2L,2L3-1/2X2-1/2X1/4X3/4LLBB,9012,LRFD2,2.8800,3.5000,9.8000
2L,2L3-1/2X2-1/2X1/4X3/4LLBB,7206,LRFD3,2.9,3.5,9.88
2L,2L3-1/2X2-1/2X1/4X3/8LLBB,5260,13th,2.90,3.50,9.80
2L,2L3-1/2X2-1/2X1/4X3/8LLBB,3274,14th,2.90,2.50,9.80
2L,2L3-1/2X2-1/2X1/4X3/8LLBB,1243,15th,2.90,3.50,9.80
2L,2L3-1/2X2-1/2X1/4X3/8LLBB,9011,LRFD2,2.8800,3.5000,9.8000
2L,2L3-1/2X2-1/2X1/4X3/8LLBB,7205,LRFD3,2.9,3.5,9.88
2L,2L3-1/2X2-1/2X3/8LLBB,5253,13th,4.25,3.50,14.4
2L,2L3-1/2X2-1/2X3/8LLBB,3267,14th,4.24,2.50,14.4
2L,2L3-1/2X2-1/2X3/8LLBB,1236,15th,4.24,3.50,14.4
2L,2L3-1/2X2-1/2X3/8LLBB,9007,LRFD2,4.2200,3.5000,14.4000
2L,2L3-1/2X2-1/2X3/8LLBB,7198,LRFD3,4.25,3.5,14.5
2L,2L3-1/2X2-1/2X3/8X3/4LLBB,5255,13th,4.25,3.50,14.4
2L,2L3-1/2X2-1/2X3/8X3/4LLBB,3269,14th,4.24,2.50,14.4
2L,2L3-1/2X2-1/2X3/8X3/4LLBB,1238,15th,4.24,3.50,14.4
2L,2L3-1/2X2-1/2X3/8X3/4LLBB,9009,LRFD2,4.2200,3.5000,14.4000
2L,2L3-1/2X2-1/2X3/8X3/4LLBB,7200,LRFD3,4.25,3.5,14.5
2L,2L3-1/2X2-1/2X3/8X3/8LLBB,5254,13th,4.25,3.50,14.4
2L,2L3-1/2X2-1/2X3/8X3/8LLBB,3268,14th,4.24,2.50,14.4
2L,2L3-1/2X2-1/2X3/8X3/8LLBB,1237,15th,4.24,3.50,14.4
2L,2L3-1/2X2-1/2X3/8X3/8LLBB,9008,LRFD2,4.2200,3.5000,14.4000
2L,2L3-1/2X2-1/2X3/8X3/8LLBB,7199,LRFD3,4.25,3.5,14.5
2L,2L3-1/2X2-1/2X5/16LLBB,5256,13th,3.58,3.50,12.2
2L,2L3-1/2X2-1/2X5/16LLBB,3270,14th,3.58,2.50,12.2
2L,2L3-1/2X2-1/2X5/16LLBB,1239,15th,3.58,3.50,12.2
2L,2L3-1/2X2-1/2X5/16LLBB,7201,LRFD3,3.58,3.5,12.2
2L,2L3-1/2X2-1/2X5/16X3/4LLBB,5258,13th,3.58,3.50,12.2
2L,2L3-1/2X2-1/2X5/16X3/4LLBB,3272,14th,3.58,2.50,12.2
2L,2L3-1/2X2-1/2X5/16X3/4LLBB,1241,15th,3.58,3.50,12.2
2L,2L3-1/2X2-1/2X5/16X3/4LLBB,7203,LRFD3,3.58,3.5,12.2
2L,2L3-1/2X2-1/2X5/16X3/8LLBB,5257,13th,3.58,3.50,12.2
2L,2L3-1/2X2-1/2X5/16X3/8LLBB,3271,14th,3.58,2.50,12.2
2L,2L3-1/2X2-1/2X5/16X3/8LLBB,1240,15th,3.58,3.50,12.2
2L,2L3-1/2X2-1/2X5/16X3/8LLBB,7202,LRFD3,3.58,3.5,12.2
2L,2L3-1/2X3X1/2LLBB,5235,13th,6.04,3.50,20.4
2L,2L3-1/2X3X1/2LLBB,3249,14th,6.04,3.00,20.4
2L,2L3-1/2X3X1/2LLBB,1218,15th,6.04,3.50,20.4
2L,2L3-1/2X3X1/2LLBB,7180,LRFD3,6.04,3.5,20.6
2L,2L3-1/2X3X1/2X3/4LLBB,5237,13th,6.04,3.50,20.4
2L,2L3-1/2X3X1/2X3/4LLBB,3251,14th,6.04,3.00,20.4
2L,2L3-1/2X3X1/2X3/4LLBB,1220,15th,6.04,3.50,20.4
2L,2L3-1/2X3X1/2X3/4LLBB,7182,LRFD3,6.04,3.5,20.6
2L,2L3-1/2X3X1/2X3/8LLBB,5236,13th,6.04,3.50,20.4
2L,2L3-1/2X3X1/2X3/8LLBB,3250,14th,6.04,3.00,20.4
2L,2L3-1/2X3X1/2X3/8LLBB,1219,15th,6.04,3.50,20.4
2L,2L3-1/2X3X1/2X3/8LLBB,7181,LRFD3,6.04,3.5,20.6
2L,2L3-1/2X3X1/4LLBB,5247,13th,3.16,3.50,10.8
2L,2L3-1/2X3X1/4LLBB,3261,14th,3.16,3.00,10.8
2L,2L3-1/2X3X1/4LLBB,1230,15th,3.16,3.50,10.8
2L,2L3-1/2X3X1/4LLBB,9004,LRFD2,3.1300,3.5000,10.8000
2L,2L3-1/2X3X1/4LLBB,7192,LRFD3,3.16,3.5,10.8
2L,2L3-1/2X3X1/4X3/4LLBB,5249,13th,3.16,3.50,10.8
2L,2L3-1/2X3X1/4X3/4LLBB,3263,14th,3.16,3.00,10.8
2L,2L3-1/2X3X1/4X3/4LLBB,1232,15th,3.16,3.50,10.8
2L,2L3-1/2X3X1/4X3/4LLBB,9006,LRFD2,3.1300,3.5000,10.8000
2L,2L3-1/2X3X1/4X3/4LLBB,7194,LRFD3,3.16,3.5,10.8
2L,2L3-1/2X3X1/4X3/8LLBB,5248,13th,3.16,3.50,10.8
2L,2L3-1/2X3X1/4X3/8LLBB,3262,14th,3.16,3.00,10.8
2L,2L3-1/2X3X1/4X3/8LLBB,1231,15th,3.16,3.50,10.8
2L,2L3-1/2X3X1/4X3/8LLBB,9005,LRFD2,3.1300,3.5000,10.8000
2L,2L3-1/2X3X1/4X3/8LLBB,7193,LRFD3,3.16,3.5,10.8
2L,2L3-1/2X3X3/8LLBB,5241,13th,4.63,3.50,15.8
2L,2L3-1/2X3X3/8LLBB,3255,14th,4.64,3.00,15.8
2L,2L3-1/2X3X3/8LLBB,1224,15th,4.64,3.50,15.8
2L,2L3-1/2X3X3/8LLBB,8998,LRFD2,4.5900,3.5000,15.8000
2L,2L3-1/2X3X3/8LLBB,7186,LRFD3,4.63,3.5,15.8
2L,2L3-1/2X3X3/8X3/4LLBB,5243,13th,4.63,3.50,15.8
2L,2L3-1/2X3X3/8X3/4LLBB,3257,14th,4.64,3.00,15.8
2L,2L3-1/2X3X3/8X3/4LLBB,1226,15th,4.64,3.50,15.8
2L,2L3-1/2X3X3/8X3/4LLBB,9000,LRFD2,4.5900,3.5000,15.8000
2L,2L3-1/2X3X3/8X3/4LLBB,7188,LRFD3,4.63,3.5,15.8
2L,2L3-1/2X3X3/8X3/8LLBB,5242,13th,4.63,3.50,15.8
2L,2L3-1/2X3X3/8X3/8LLBB,3256,14th,4.64,3.00,15.8
2L,2L3-1/2X3X3/8X3/8LLBB,1225,15th,4.64,3.50,15.8
2L,2L3-1/2X3X3/8X3/8LLBB,8999,LRFD2,4.5900,3.5000,15.8000
2L,2L3-1/2X3X3/8X3/8LLBB,7187,LRFD3,4.63,3.5,15.8
2L,2L3-1/2X3X5/16LLBB,5244,13th,3.91,3.50,13.2
2L,2L3-1/2X3X5/16LLBB,3258,14th,3.90,3.00,13.2
2L,2L3-1/2X3X5/16LLBB,1227,15th,3.90,3.50,13.2
2L,2L3-1/2X3X5/16LLBB,9001,LRFD2,3.8700,3.5000,13.2000
2L,2L3-1/2X3X5/16LLBB,7189,LRFD3,3.91,3.5,13.3
2L,2L3-1/2X3X5/16X3/4LLBB,5246,13th,3.91,3.50,13.2
2L,2L3-1/2X3X5/16X3/4LLBB,3260,14th,3.90,3.00,13.2
2L,2L3-1/2X3X5/16X3/4LLBB,1229,15th,3.90,3.50,13.2
2L,2L3-1/2X3X5/16X3/4LLBB,9003,LRFD2,3.8700,3.5000,13.2000
2L,2L3-1/2X3X5/16X3/4LLBB,7191,LRFD3,3.91,3.5,13.3
2L,2L3-1/2X3X5/16X3/8LLBB,5245,13th,3.91,3.50,13.2
2L,2L3-1/2X3X5/16X3/8LLBB,3259,14th,3.90,3.00,13.2
2L,2L3-1/2X3X5/16X3/8LLBB,1228,15th,3.90,3.50,13.2
2L,2L3-1/2X3X5/16X3/8LLBB,9002,LRFD2,3.8700,3.5000,13.2000
2L,2L3-1/2X3X5/16X3/8LLBB,7190,LRFD3,3.91,3.5,13.3
2L,2L3-1/2X3X7/16LLBB,5238,13th,5.34,3.50,18.2
2L,2L3-1/2X3X7/16LLBB,3252,14th,5.34,3.00,18.2
2L,2L3-1/2X3X7/16LLBB,1221,15th,5.34,3.50,18.2
2L,2L3-1/2X3X7/16LLBB,7183,LRFD3,5.34,3.5,18.2
2L,2L3-1/2X3X7/16X3/4LLBB,5240,13th,5.34,3.50,18.2
2L,2L3-1/2X3X7/16X3/4LLBB,3254,14th,5.34,3.00,18.2
2L,2L3-1/2X3X7/16X3/4LLBB,1223,15th,5.34,3.50,18.2
2L,2L3-1/2X3X7/16X3/4LLBB,7185,LRFD3,5.34,3.5,18.2
2L,2L3-1/2X3X7/16X3/8LLBB,5239,13th,5.34,3.50,18.2
2L,2L3-1/2X3X7/16X3/8LLBB,3253,14th,5.34,3.00,18.2
2L,2L3-1/2X3X7/16X3/8LLBB,1222,15th,5.34,3.50,18.2
2L,2L3-1/2X3X7/16X3/8LLBB,7184,LRFD3,5.34,3.5,18.2
2L,2L3.5X2.5,14545,ASD6,5.50,–,18.8
2L,2L3.5X2.5,14546,ASD6,4.86,–,16.6
2L,2L3.5X2.5,14547,ASD6,4.22,–,14.4
2L,2L3.5X2.5,14548,ASD6,3.56,–,12.2
2L,2L3.5X2.5,14549,ASD6,2.88,–,9.8
2L,2L3.5X2.5,14629,ASD6,5.50,–,18.8
2L,2L3.5X2.5,14630,ASD6,4.86,–,16.6
2L,2L3.5X2.5,14631,ASD6,4.22,–,14.4
2L,2L3.5X2.5,14632,ASD6,3.56,–,12.2
2L,2L3.5X2.5,14633,ASD6,2.88,–,9.8
2L,2L3.5X3,14540,ASD6,6.00,–,20.4
2L,2L3.5X3,14541,ASD6,5.30,–,18.2
2L,2L3.5X3,14542,ASD6,4.60,–,15.8
2L,2L3.5X3,14543,ASD6,3.86,–,13.2
2L,2L3.5X3,14544,ASD6,3.12,–,10.8
2L,2L3.5X3,14624,ASD6,6.00,–,20.4
2L,2L3.5X3,14625,ASD6,5.30,–,18.2
2L,2L3.5X3,14626,ASD6,4.60,–,15.8
2L,2L3.5X3,14627,ASD6,3.86,–,13.2
2L,2L3.5X3,14628,ASD6,3.12,–,10.8
2L,2L3.5X3.5,14677,ASD6,6.50,–,22.2
2L,2L3.5X3.5,14678,ASD6,5.74,–,19.6
2L,2L3.5X3.5,14679,ASD6,4.96,–,17.0
2L,2L3.5X3.5,14680,ASD6,4.18,–,14.4
2L,2L3.5X3.5,14681,ASD6,3.38,–,11.6
2L,2L3X2,14555,ASD6,4.50,–,15.4
2L,2L3X2,14556,ASD6,4.00,–,13.6
2L,2L3X2,14557,ASD6,3.46,–,11.8
2L,2L3X2,14558,ASD6,2.94,–,10.0
2L,2L3X2,14559,ASD6,2.38,–,8.2
2L,2L3X2,14560,ASD6,1.80,–,6.1
2L,2L3X2,14639,ASD6,4.50,–,15.4
2L,2L3X2,14640,ASD6,4.00,–,13.6
2L,2L3X2,14641,ASD6,3.46,–,11.8
2L,2L3X2,14642,ASD6,2.94,–,10.0
2L,2L3X2,14643,ASD6,2.38,–,8.2
2L,2L3X2,14644,ASD6,1.80,–,6.1
2L,2L3X2-1/2X1/2LLBB,5262,13th,5.01,3.00,17.0
2L,2L3X2-1/2X1/2LLBB,3276,14th,5.00,2.50,17.0
2L,2L3X2-1/2X1/2LLBB,1245,15th,5.00,3.00,17.0
2L,2L3X2-1/2X1/2LLBB,7207,LRFD3,5.01,3,17.1
2L,2L3X2-1/2X1/2X3/4LLBB,5264,13th,5.01,3.00,17.0
2L,2L3X2-1/2X1/2X3/4LLBB,3278,14th,5.00,2.50,17.0
2L,2L3X2-1/2X1/2X3/4LLBB,1247,15th,5.00,3.00,17.0
2L,2L3X2-1/2X1/2X3/8LLBB,5263,13th,5.01,3.00,17.0
2L,2L3X2-1/2X1/2X3/8LLBB,3277,14th,5.00,2.50,17.0
2L,2L3X2-1/2X1/2X3/8LLBB,1246,15th,5.00,3.00,17.0
2L,2L3X2-1/2X1/2X3/8LLBB,7208,LRFD3,5.01,3,17.1
2L,2L3X2-1/2X1/4LLBB,5274,13th,2.64,3.00,9.00
2L,2L3X2-1/2X1/4LLBB,3288,14th,2.64,2.50,9.00
2L,2L3X2-1/2X1/4LLBB,1257,15th,2.64,3.00,9.00
2L,2L3X2-1/2X1/4LLBB,9016,LRFD2,2.6300,3.0000,9.0000
2L,2L3X2-1/2X1/4LLBB,7219,LRFD3,2.64,3,8.97
2L,2L3X2-1/2X1/4X3/4LLBB,5276,13th,2.64,3.00,9.00
2L,2L3X2-1/2X1/4X3/4LLBB,3290,14th,2.64,2.50,9.00
2L,2L3X2-1/2X1/4X3/4LLBB,1259,15th,2.64,3.00,9.00
2L,2L3X2-1/2X1/4X3/4LLBB,9018,LRFD2,2.6300,3.0000,9.0000
2L,2L3X2-1/2X1/4X3/4LLBB,7221,LRFD3,2.64,3,8.97
2L,2L3X2-1/2X1/4X3/8LLBB,5275,13th,2.64,3.00,9.00
2L,2L3X2-1/2X1/4X3/8LLBB,3289,14th,2.64,2.50,9.00
2L,2L3X2-1/2X1/4X3/8LLBB,1258,15th,2.64,3.00,9.00
2L,2L3X2-1/2X1/4X3/8LLBB,9017,LRFD2,2.6300,3.0000,9.0000
2L,2L3X2-1/2X1/4X3/8LLBB,7220,LRFD3,2.64,3,8.97
2L,2L3X2-1/2X3/16LLBB,5277,13th,2.00,3.00,6.78
2L,2L3X2-1/2X3/16LLBB,3291,14th,2.00,2.50,6.78
2L,2L3X2-1/2X3/16LLBB,1260,15th,2.00,3.00,6.78
2L,2L3X2-1/2X3/16LLBB,9019,LRFD2,1.9900,3.0000,6.7700
2L,2L3X2-1/2X3/16LLBB,7222,LRFD3,2,3,6.82
2L,2L3X2-1/2X3/16X3/4LLBB,5279,13th,2.00,3.00,6.78
2L,2L3X2-1/2X3/16X3/4LLBB,3293,14th,2.00,2.50,6.78
2L,2L3X2-1/2X3/16X3/4LLBB,1262,15th,2.00,3.00,6.78
2L,2L3X2-1/2X3/16X3/4LLBB,9021,LRFD2,1.9900,3.0000,6.7700
2L,2L3X2-1/2X3/16X3/4LLBB,7224,LRFD3,2,3,6.82
2L,2L3X2-1/2X3/16X3/8LLBB,5278,13th,2.00,3.00,6.78
2L,2L3X2-1/2X3/16X3/8LLBB,3292,14th,2.00,2.50,6.78
2L,2L3X2-1/2X3/16X3/8LLBB,1261,15th,2.00,3.00,6.78
2L,2L3X2-1/2X3/16X3/8LLBB,9020,LRFD2,1.9900,3.0000,6.7700
2L,2L3X2-1/2X3/16X3/8LLBB,7223,LRFD3,2,3,6.82
2L,2L3X2-1/2X3/8LLBB,5268,13th,3.86,3.00,13.2
2L,2L3X2-1/2X3/8LLBB,3282,14th,3.86,2.50,13.2
2L,2L3X2-1/2X3/8LLBB,1251,15th,3.86,3.00,13.2
2L,2L3X2-1/2X3/8LLBB,9013,LRFD2,3.8400,3.0000,13.2000
2L,2L3X2-1/2X3/8LLBB,7213,LRFD3,3.86,3,13.1
2L,2L3X2-1/2X3/8X3/4LLBB,5270,13th,3.86,3.00,13.2
2L,2L3X2-1/2X3/8X3/4LLBB,3284,14th,3.86,2.50,13.2
2L,2L3X2-1/2X3/8X3/4LLBB,1253,15th,3.86,3.00,13.2
2L,2L3X2-1/2X3/8X3/4LLBB,9015,LRFD2,3.8400,3.0000,13.2000
2L,2L3X2-1/2X3/8X3/4LLBB,7215,LRFD3,3.86,3,13.1
2L,2L3X2-1/2X3/8X3/8LLBB,5269,13th,3.86,3.00,13.2
2L,2L3X2-1/2X3/8X3/8LLBB,3283,14th,3.86,2.50,13.2
2L,2L3X2-1/2X3/8X3/8LLBB,1252,15th,3.86,3.00,13.2
2L,2L3X2-1/2X3/8X3/8LLBB,9014,LRFD2,3.8400,3.0000,13.2000
2L,2L3X2-1/2X3/8X3/8LLBB,7214,LRFD3,3.86,3,13.1
2L,2L3X2-1/2X5/16LLBB,5271,13th,3.25,3.00,11.2
2L,2L3X2-1/2X5/16LLBB,3285,14th,3.26,2.50,11.2
2L,2L3X2-1/2X5/16LLBB,1254,15th,3.26,3.00,11.2
2L,2L3X2-1/2X5/16LLBB,7216,LRFD3,3.25,3,11.1
2L,2L3X2-1/2X5/16X3/4LLBB,5273,13th,3.25,3.00,11.2
2L,2L3X2-1/2X5/16X3/4LLBB,3287,14th,3.26,2.50,11.2
2L,2L3X2-1/2X5/16X3/4LLBB,1256,15th,3.26,3.00,11.2
2L,2L3X2-1/2X5/16X3/4LLBB,7218,LRFD3,3.25,3,11.1
2L,2L3X2-1/2X5/16X3/8LLBB,5272,13th,3.25,3.00,11.2
2L,2L3X2-1/2X5/16X3/8LLBB,3286,14th,3.26,2.50,11.2
2L,2L3X2-1/2X5/16X3/8LLBB,1255,15th,3.26,3.00,11.2
2L,2L3X2-1/2X5/16X3/8LLBB,7217,LRFD3,3.25,3,11.1
2L,2L3X2-1/2X7/16LLBB,5265,13th,4.44,3.00,15.2
2L,2L3X2-1/2X7/16LLBB,3279,14th,4.44,2.50,15.2
2L,2L3X2-1/2X7/16LLBB,1248,15th,4.44,3.00,15.2
2L,2L3X2-1/2X7/16LLBB,7210,LRFD3,4.44,3,15.1
2L,2L3X2-1/2X7/16X3/4LLBB,5267,13th,4.44,3.00,15.2
2L,2L3X2-1/2X7/16X3/4LLBB,3281,14th,4.44,2.50,15.2
2L,2L3X2-1/2X7/16X3/4LLBB,1250,15th,4.44,3.00,15.2
2L,2L3X2-1/2X7/16X3/4LLBB,7212,LRFD3,4.44,3,15.1
2L,2L3X2-1/2X7/16X3/8LLBB,5266,13th,4.44,3.00,15.2
2L,2L3X2-1/2X7/16X3/8LLBB,3280,14th,4.44,2.50,15.2
2L,2L3X2-1/2X7/16X3/8LLBB,1249,15th,4.44,3.00,15.2
2L,2L3X2-1/2X7/16X3/8LLBB,7211,LRFD3,4.44,3,15.1
2L,2L3X2.5,14550,ASD6,5.00,–,17.0
2L,2L3X2.5,14551,ASD6,4.42,–,15.2
2L,2L3X2.5,14552,ASD6,3.84,–,13.2
2L,2L3X2.5,14553,ASD6,3.24,–,11.2
2L,2L3X2.5,14554,ASD6,2.62,–,9.0
2L,2L3X2.5,14634,ASD6,5.00,–,17.0
2L,2L3X2.5,14635,ASD6,4.42,–,15.2
2L,2L3X2.5,14636,ASD6,3.84,–,13.2
2L,2L3X2.5,14637,ASD6,3.24,–,11.2
2L,2L3X2.5,14638,ASD6,2.62,–,9.0
2L,2L3X2X1/2LLBB,5280,13th,4.53,3.00,15.4
2L,2L3X2X1/2LLBB,3294,14th,4.52,2.00,15.4
2L,2L3X2X1/2LLBB,1263,15th,4.52,3.00,15.4
2L,2L3X2X1/2LLBB,7225,LRFD3,4.53,3,15.4
2L,2L3X2X1/2X3/4LLBB,5282,13th,4.53,3.00,15.4
2L,2L3X2X1/2X3/4LLBB,3296,14th,4.52,2.00,15.4
2L,2L3X2X1/2X3/4LLBB,1265,15th,4.52,3.00,15.4
2L,2L3X2X1/2X3/4LLBB,7227,LRFD3,4.53,3,15.4
2L,2L3X2X1/2X3/8LLBB,5281,13th,4.53,3.00,15.4
2L,2L3X2X1/2X3/8LLBB,3295,14th,4.52,2.00,15.4
2L,2L3X2X1/2X3/8LLBB,1264,15th,4.52,3.00,15.4
2L,2L3X2X1/2X3/8LLBB,7226,LRFD3,4.53,3,15.4
2L,2L3X2X1/4LLBB,5289,13th,2.40,3.00,8.20
2L,2L3X2X1/4LLBB,3303,14th,2.40,2.00,8.20
2L,2L3X2X1/4LLBB,1272,15th,2.40,3.00,8.20
2L,2L3X2X1/4LLBB,9028,LRFD2,2.3800,3.0000,8.2000
2L,2L3X2X1/4LLBB,7234,LRFD3,2.4,3,8.18
2L,2L3X2X1/4X3/4LLBB,5291,13th,2.40,3.00,8.20
2L,2L3X2X1/4X3/4LLBB,3305,14th,2.40,2.00,8.20
2L,2L3X2X1/4X3/4LLBB,1274,15th,2.40,3.00,8.20
2L,2L3X2X1/4X3/4LLBB,9030,LRFD2,2.3800,3.0000,8.2000
2L,2L3X2X1/4X3/4LLBB,7236,LRFD3,2.4,3,8.18
2L,2L3X2X1/4X3/8LLBB,5290,13th,2.40,3.00,8.20
2L,2L3X2X1/4X3/8LLBB,3304,14th,2.40,2.00,8.20
2L,2L3X2X1/4X3/8LLBB,1273,15th,2.40,3.00,8.20
2L,2L3X2X1/4X3/8LLBB,9029,LRFD2,2.3800,3.0000,8.2000
2L,2L3X2X1/4X3/8LLBB,7235,LRFD3,2.4,3,8.18
2L,2L3X2X3/16LLBB,5292,13th,1.83,3.00,6.14
2L,2L3X2X3/16LLBB,3306,14th,1.83,2.00,6.14
2L,2L3X2X3/16LLBB,1275,15th,1.83,3.00,6.14
2L,2L3X2X3/16LLBB,9031,LRFD2,1.8000,3.0000,6.1400
2L,2L3X2X3/16LLBB,7237,LRFD3,1.83,3,6.24
2L,2L3X2X3/16X3/4LLBB,5294,13th,1.83,3.00,6.14
2L,2L3X2X3/16X3/4LLBB,3308,14th,1.83,2.00,6.14
2L,2L3X2X3/16X3/4LLBB,1277,15th,1.83,3.00,6.14
2L,2L3X2X3/16X3/4LLBB,9033,LRFD2,1.8000,3.0000,6.1400
2L,2L3X2X3/16X3/4LLBB,7239,LRFD3,1.83,3,6.24
2L,2L3X2X3/16X3/8LLBB,5293,13th,1.83,3.00,6.14
2L,2L3X2X3/16X3/8LLBB,3307,14th,1.83,2.00,6.14
2L,2L3X2X3/16X3/8LLBB,1276,15th,1.83,3.00,6.14
2L,2L3X2X3/16X3/8LLBB,9032,LRFD2,1.8000,3.0000,6.1400
2L,2L3X2X3/16X3/8LLBB,7238,LRFD3,1.83,3,6.24
2L,2L3X2X3/8LLBB,5283,13th,3.50,3.00,11.8
2L,2L3X2X3/8LLBB,3297,14th,3.50,2.00,11.8
2L,2L3X2X3/8LLBB,1266,15th,3.50,3.00,11.8
2L,2L3X2X3/8LLBB,9022,LRFD2,3.4700,3.0000,11.8000
2L,2L3X2X3/8LLBB,7228,LRFD3,3.5,3,11.9
2L,2L3X2X3/8X3/4LLBB,5285,13th,3.50,3.00,11.8
2L,2L3X2X3/8X3/4LLBB,3299,14th,3.50,2.00,11.8
2L,2L3X2X3/8X3/4LLBB,1268,15th,3.50,3.00,11.8
2L,2L3X2X3/8X3/4LLBB,9024,LRFD2,3.4700,3.0000,11.8000
2L,2L3X2X3/8X3/4LLBB,7230,LRFD3,3.5,3,11.9
2L,2L3X2X3/8X3/8LLBB,5284,13th,3.50,3.00,11.8
2L,2L3X2X3/8X3/8LLBB,3298,14th,3.50,2.00,11.8
2L,2L3X2X3/8X3/8LLBB,1267,15th,3.50,3.00,11.8
2L,2L3X2X3/8X3/8LLBB,9023,LRFD2,3.4700,3.0000,11.8000
2L,2L3X2X3/8X3/8LLBB,7229,LRFD3,3.5,3,11.9
2L,2L3X2X5/16LLBB,5286,13th,2.96,3.00,10.0
2L,2L3X2X5/16LLBB,3300,14th,2.96,2.00,10.0
2L,2L3X2X5/16LLBB,1269,15th,2.96,3.00,10.0
2L,2L3X2X5/16LLBB,9025,LRFD2,2.9300,3.0000,10.0000
2L,2L3X2X5/16LLBB,7231,LRFD3,2.96,3,10.1
2L,2L3X2X5/16X3/4LLBB,5288,13th,2.96,3.00,10.0
2L,2L3X2X5/16X3/4LLBB,3302,14th,2.96,2.00,10.0
2L,2L3X2X5/16X3/4LLBB,1271,15th,2.96,3.00,10.0
2L,2L3X2X5/16X3/4LLBB,9027,LRFD2,2.9300,3.0000,10.0000
2L,2L3X2X5/16X3/4LLBB,7233,LRFD3,2.96,3,10.1
2L,2L3X2X5/16X3/8LLBB,5287,13th,2.96,3.00,10.0
2L,2L3X2X5/16X3/8LLBB,3301,14th,2.96,2.00,10.0
2L,2L3X2X5/16X3/8LLBB,1270,15th,2.96,3.00,10.0
2L,2L3X2X5/16X3/8LLBB,9026,LRFD2,2.9300,3.0000,10.0000
2L,2L3X2X5/16X3/8LLBB,7232,LRFD3,2.96,3,10.1
2L,2L3X3,14682,ASD6,5.50,–,18.8
2L,2L3X3,14683,ASD6,4.86,–,16.6
2L,2L3X3,14684,ASD6,4.22,–,14.4
2L,2L3X3,14685,ASD6,3.56,–,12.2
2L,2L3X3,14686,ASD6,2.88,–,9.8
2L,2L3X3X0.1875,13824,ASD7,5.18,–,7.42
2L,2L3X3X0.1875,12399,ASD8,2.18,–,7.42
2L,2L3X3X0.1875,10077,ASD9,2.18,–,7.42
2L,2L3X3X0.1875,11231,LRFD1,2.18,–,7.42
2L,2L4X3,14534,ASD6,7.96,–,27.2
2L,2L4X3,14535,ASD6,6.50,–,22.2
2L,2L4X3,14536,ASD6,5.74,–,19.6
2L,2L4X3,14537,ASD6,4.96,–,17.0
2L,2L4X3,14538,ASD6,4.18,–,14.4
2L,2L4X3,14539,ASD6,3.38,–,11.6
2L,2L4X3,14618,ASD6,7.96,–,27.2
2L,2L4X3,14619,ASD6,6.50,–,22.2
2L,2L4X3,14620,ASD6,5.74,–,19.6
2L,2L4X3,14621,ASD6,4.96,–,17.0
2L,2L4X3,14622,ASD6,4.18,–,14.4
2L,2L4X3,14623,ASD6,3.38,–,11.6
2L,2L4X3-1/2X1/2LLBB,5208,13th,7.01,4.00,23.8
2L,2L4X3-1/2X1/2LLBB,3222,14th,7.00,3.50,23.8
2L,2L4X3-1/2X1/2LLBB,1191,15th,7.00,4.00,23.8
2L,2L4X3-1/2X1/2LLBB,8974,LRFD2,7.0000,4.0000,23.8000
2L,2L4X3-1/2X1/2LLBB,7153,LRFD3,7.01,4,23.8
2L,2L4X3-1/2X1/2X3/4LLBB,5210,13th,7.01,4.00,23.8
2L,2L4X3-1/2X1/2X3/4LLBB,3224,14th,7.00,3.50,23.8
2L,2L4X3-1/2X1/2X3/4LLBB,1193,15th,7.00,4.00,23.8
2L,2L4X3-1/2X1/2X3/4LLBB,8976,LRFD2,7.0000,4.0000,23.8000
2L,2L4X3-1/2X1/2X3/4LLBB,7155,LRFD3,7.01,4,23.8
2L,2L4X3-1/2X1/2X3/8LLBB,5209,13th,7.01,4.00,23.8
2L,2L4X3-1/2X1/2X3/8LLBB,3223,14th,7.00,3.50,23.8
2L,2L4X3-1/2X1/2X3/8LLBB,1192,15th,7.00,4.00,23.8
2L,2L4X3-1/2X1/2X3/8LLBB,8975,LRFD2,7.0000,4.0000,23.8000
2L,2L4X3-1/2X1/2X3/8LLBB,7154,LRFD3,7.01,4,23.8
2L,2L4X3-1/2X1/4LLBB,5217,13th,3.63,4.00,12.4
2L,2L4X3-1/2X1/4LLBB,3231,14th,3.64,3.50,12.4
2L,2L4X3-1/2X1/4LLBB,1200,15th,3.64,4.00,12.4
2L,2L4X3-1/2X1/4LLBB,8983,LRFD2,3.6300,4.0000,12.4000
2L,2L4X3-1/2X1/4LLBB,7162,LRFD3,3.63,4,12.4
2L,2L4X3-1/2X1/4X3/4LLBB,5219,13th,3.63,4.00,12.4
2L,2L4X3-1/2X1/4X3/4LLBB,3233,14th,3.64,3.50,12.4
2L,2L4X3-1/2X1/4X3/4LLBB,1202,15th,3.64,4.00,12.4
2L,2L4X3-1/2X1/4X3/4LLBB,8985,LRFD2,3.6300,4.0000,12.4000
2L,2L4X3-1/2X1/4X3/4LLBB,7164,LRFD3,3.63,4,12.4
2L,2L4X3-1/2X1/4X3/8LLBB,5218,13th,3.63,4.00,12.4
2L,2L4X3-1/2X1/4X3/8LLBB,3232,14th,3.64,3.50,12.4
2L,2L4X3-1/2X1/4X3/8LLBB,1201,15th,3.64,4.00,12.4
2L,2L4X3-1/2X1/4X3/8LLBB,8984,LRFD2,3.6300,4.0000,12.4000
2L,2L4X3-1/2X1/4X3/8LLBB,7163,LRFD3,3.63,4,12.4
2L,2L4X3-1/2X3/8LLBB,5211,13th,5.35,4.00,18.2
2L,2L4X3-1/2X3/8LLBB,3225,14th,5.36,3.50,18.2
2L,2L4X3-1/2X3/8LLBB,1194,15th,5.36,4.00,18.2
2L,2L4X3-1/2X3/8LLBB,8977,LRFD2,5.3400,4.0000,18.2000
2L,2L4X3-1/2X3/8LLBB,7156,LRFD3,5.35,4,18.2
2L,2L4X3-1/2X3/8X3/4LLBB,5213,13th,5.35,4.00,18.2
2L,2L4X3-1/2X3/8X3/4LLBB,3227,14th,5.36,3.50,18.2
2L,2L4X3-1/2X3/8X3/4LLBB,1196,15th,5.36,4.00,18.2
2L,2L4X3-1/2X3/8X3/4LLBB,8979,LRFD2,5.3400,4.0000,18.2000
2L,2L4X3-1/2X3/8X3/4LLBB,7158,LRFD3,5.35,4,18.2
2L,2L4X3-1/2X3/8X3/8LLBB,5212,13th,5.35,4.00,18.2
2L,2L4X3-1/2X3/8X3/8LLBB,3226,14th,5.36,3.50,18.2
2L,2L4X3-1/2X3/8X3/8LLBB,1195,15th,5.36,4.00,18.2
2L,2L4X3-1/2X3/8X3/8LLBB,8978,LRFD2,5.3400,4.0000,18.2000
2L,2L4X3-1/2X3/8X3/8LLBB,7157,LRFD3,5.35,4,18.2
2L,2L4X3-1/2X5/16LLBB,5214,13th,4.50,4.00,15.4
2L,2L4X3-1/2X5/16LLBB,3228,14th,4.50,3.50,15.4
2L,2L4X3-1/2X5/16LLBB,1197,15th,4.50,4.00,15.4
2L,2L4X3-1/2X5/16LLBB,8980,LRFD2,4.4900,4.0000,15.4000
2L,2L4X3-1/2X5/16LLBB,7159,LRFD3,4.5,4,15.3
2L,2L4X3-1/2X5/16X3/4LLBB,5216,13th,4.50,4.00,15.4
2L,2L4X3-1/2X5/16X3/4LLBB,3230,14th,4.50,3.50,15.4
2L,2L4X3-1/2X5/16X3/4LLBB,1199,15th,4.50,4.00,15.4
2L,2L4X3-1/2X5/16X3/4LLBB,8982,LRFD2,4.4900,4.0000,15.4000
2L,2L4X3-1/2X5/16X3/4LLBB,7161,LRFD3,4.5,4,15.3
2L,2L4X3-1/2X5/16X3/8LLBB,5215,13th,4.50,4.00,15.4
2L,2L4X3-1/2X5/16X3/8LLBB,3229,14th,4.50,3.50,15.4
2L,2L4X3-1/2X5/16X3/8LLBB,1198,15th,4.50,4.00,15.4
2L,2L4X3-1/2X5/16X3/8LLBB,8981,LRFD2,4.4900,4.0000,15.4000
2L,2L4X3-1/2X5/16X3/8LLBB,7160,LRFD3,4.5,4,15.3
2L,2L4X3.5,14528,ASD6,8.60,–,29.4
2L,2L4X3.5,14529,ASD6,7.00,–,23.8
2L,2L4X3.5,14530,ASD6,6.18,–,21.2
2L,2L4X3.5,14531,ASD6,5.34,–,18.2
2L,2L4X3.5,14532,ASD6,4.50,–,15.4
2L,2L4X3.5,14533,ASD6,3.62,–,12.4
2L,2L4X3.5,14612,ASD6,8.60,–,29.4
2L,2L4X3.5,14613,ASD6,7.00,–,23.8
2L,2L4X3.5,14614,ASD6,6.18,–,21.2
2L,2L4X3.5,14615,ASD6,5.34,–,18.2
2L,2L4X3.5,14616,ASD6,4.50,–,15.4
2L,2L4X3.5,14617,ASD6,3.62,–,12.4
2L,2L4X3X1/2LLBB,5223,13th,6.51,4.00,22.2
2L,2L4X3X1/2LLBB,3237,14th,6.50,3.00,22.2
2L,2L4X3X1/2LLBB,1206,15th,6.50,4.00,22.2
2L,2L4X3X1/2LLBB,8986,LRFD2,6.5000,4.0000,22.2000
2L,2L4X3X1/2LLBB,7168,LRFD3,6.51,4,22.1
2L,2L4X3X1/2X3/4LLBB,5225,13th,6.51,4.00,22.2
2L,2L4X3X1/2X3/4LLBB,3239,14th,6.50,3.00,22.2
2L,2L4X3X1/2X3/4LLBB,1208,15th,6.50,4.00,22.2
2L,2L4X3X1/2X3/4LLBB,8988,LRFD2,6.5000,4.0000,22.2000
2L,2L4X3X1/2X3/4LLBB,7170,LRFD3,6.51,4,22.1
2L,2L4X3X1/2X3/8LLBB,5224,13th,6.51,4.00,22.2
2L,2L4X3X1/2X3/8LLBB,3238,14th,6.50,3.00,22.2
2L,2L4X3X1/2X3/8LLBB,1207,15th,6.50,4.00,22.2
2L,2L4X3X1/2X3/8LLBB,8987,LRFD2,6.5000,4.0000,22.2000
2L,2L4X3X1/2X3/8LLBB,7169,LRFD3,6.51,4,22.1
2L,2L4X3X1/4LLBB,5232,13th,3.38,4.00,11.6
2L,2L4X3X1/4LLBB,3246,14th,3.38,3.00,11.6
2L,2L4X3X1/4LLBB,1215,15th,3.38,4.00,11.6
2L,2L4X3X1/4LLBB,8995,LRFD2,3.3800,4.0000,11.6000
2L,2L4X3X1/4LLBB,7177,LRFD3,3.38,4,11.5
2L,2L4X3X1/4X3/4LLBB,5234,13th,3.38,4.00,11.6
2L,2L4X3X1/4X3/4LLBB,3248,14th,3.38,3.00,11.6
2L,2L4X3X1/4X3/4LLBB,1217,15th,3.38,4.00,11.6
2L,2L4X3X1/4X3/4LLBB,8997,LRFD2,3.3800,4.0000,11.6000
2L,2L4X3X1/4X3/4LLBB,7179,LRFD3,3.38,4,11.5
2L,2L4X3X1/4X3/8LLBB,5233,13th,3.38,4.00,11.6
2L,2L4X3X1/4X3/8LLBB,3247,14th,3.38,3.00,11.6
2L,2L4X3X1/4X3/8LLBB,1216,15th,3.38,4.00,11.6
2L,2L4X3X1/4X3/8LLBB,8996,LRFD2,3.3800,4.0000,11.6000
2L,2L4X3X1/4X3/8LLBB,7178,LRFD3,3.38,4,11.5
2L,2L4X3X3/8LLBB,5226,13th,4.98,4.00,17.0
2L,2L4X3X3/8LLBB,3240,14th,4.98,3.00,17.0
2L,2L4X3X3/8LLBB,1209,15th,4.98,4.00,17.0
2L,2L4X3X3/8LLBB,8989,LRFD2,4.9700,4.0000,17.0000
2L,2L4X3X3/8LLBB,7171,LRFD3,4.98,4,16.9
2L,2L4X3X3/8X3/4LLBB,5228,13th,4.98,4.00,17.0
2L,2L4X3X3/8X3/4LLBB,3242,14th,4.98,3.00,17.0
2L,2L4X3X3/8X3/4LLBB,1211,15th,4.98,4.00,17.0
2L,2L4X3X3/8X3/4LLBB,8991,LRFD2,4.9700,4.0000,17.0000
2L,2L4X3X3/8X3/4LLBB,7173,LRFD3,4.98,4,16.9
2L,2L4X3X3/8X3/8LLBB,5227,13th,4.98,4.00,17.0
2L,2L4X3X3/8X3/8LLBB,3241,14th,4.98,3.00,17.0
2L,2L4X3X3/8X3/8LLBB,1210,15th,4.98,4.00,17.0
2L,2L4X3X3/8X3/8LLBB,8990,LRFD2,4.9700,4.0000,17.0000
2L,2L4X3X3/8X3/8LLBB,7172,LRFD3,4.98,4,16.9
2L,2L4X3X5/16LLBB,5229,13th,4.19,4.00,14.4
2L,2L4X3X5/16LLBB,3243,14th,4.18,3.00,14.4
2L,2L4X3X5/16LLBB,1212,15th,4.18,4.00,14.4
2L,2L4X3X5/16LLBB,8992,LRFD2,4.1800,4.0000,14.4000
2L,2L4X3X5/16LLBB,7174,LRFD3,4.19,4,14.2
2L,2L4X3X5/16X3/4LLBB,5231,13th,4.19,4.00,14.4
2L,2L4X3X5/16X3/4LLBB,3245,14th,4.18,3.00,14.4
2L,2L4X3X5/16X3/4LLBB,1214,15th,4.18,4.00,14.4
2L,2L4X3X5/16X3/4LLBB,8994,LRFD2,4.1800,4.0000,14.4000
2L,2L4X3X5/16X3/4LLBB,7176,LRFD3,4.19,4,14.2
2L,2L4X3X5/16X3/8LLBB,5230,13th,4.19,4.00,14.4
2L,2L4X3X5/16X3/8LLBB,3244,14th,4.18,3.00,14.4
2L,2L4X3X5/16X3/8LLBB,1213,15th,4.18,4.00,14.4
2L,2L4X3X5/16X3/8LLBB,8993,LRFD2,4.1800,4.0000,14.4000
2L,2L4X3X5/16X3/8LLBB,7175,LRFD3,4.19,4,14.2
2L,2L4X3X5/8LLBB,5220,13th,7.98,4.00,27.2
2L,2L4X3X5/8LLBB,3234,14th,7.98,3.00,27.2
2L,2L4X3X5/8LLBB,1203,15th,7.98,4.00,27.2
2L,2L4X3X5/8LLBB,7165,LRFD3,7.98,4,27.1
2L,2L4X3X5/8X3/4LLBB,5222,13th,7.98,4.00,27.2
2L,2L4X3X5/8X3/4LLBB,3236,14th,7.98,3.00,27.2
2L,2L4X3X5/8X3/4LLBB,1205,15th,7.98,4.00,27.2
2L,2L4X3X5/8X3/4LLBB,7167,LRFD3,7.98,4,27.1
2L,2L4X3X5/8X3/8LLBB,5221,13th,7.98,4.00,27.2
2L,2L4X3X5/8X3/8LLBB,3235,14th,7.98,3.00,27.2
2L,2L4X3X5/8X3/8LLBB,1204,15th,7.98,4.00,27.2
2L,2L4X3X5/8X3/8LLBB,7166,LRFD3,7.98,4,27.1
2L,2L4X4,14670,ASD6,10.88,–,37.0
2L,2L4X4,14671,ASD6,9.22,–,31.4
2L,2L4X4,14672,ASD6,7.50,–,25.6
2L,2L4X4,14673,ASD6,6.62,–,22.6
2L,2L4X4,14674,ASD6,5.72,–,19.6
2L,2L4X4,14675,ASD6,4.80,–,16.4
2L,2L4X4,14676,ASD6,3.88,–,13.2
2L,2L5X3,14524,ASD6,7.50,–,25.6
2L,2L5X3,14525,ASD6,6.62,–,22.6
2L,2L5X3,14526,ASD6,5.72,–,19.6
2L,2L5X3,14527,ASD6,4.80,–,16.4
2L,2L5X3,14608,ASD6,7.50,–,25.6
2L,2L5X3,14609,ASD6,6.62,–,22.6
2L,2L5X3,14610,ASD6,5.72,–,19.6
2L,2L5X3,14611,ASD6,4.80,–,16.4
2L,2L5X3-1/2X1/2LLBB,5181,13th,8.01,5.00,27.2
2L,2L5X3-1/2X1/2LLBB,3195,14th,8.00,3.50,27.2
2L,2L5X3-1/2X1/2LLBB,1164,15th,8.00,5.00,27.2
2L,2L5X3-1/2X1/2LLBB,8953,LRFD2,8.0000,5.0000,27.2000
2L,2L5X3-1/2X1/2LLBB,7126,LRFD3,8.01,5,27.2
2L,2L5X3-1/2X1/2X3/4LLBB,5183,13th,8.01,5.00,27.2
2L,2L5X3-1/2X1/2X3/4LLBB,3197,14th,8.00,3.50,27.2
2L,2L5X3-1/2X1/2X3/4LLBB,1166,15th,8.00,5.00,27.2
2L,2L5X3-1/2X1/2X3/4LLBB,8955,LRFD2,8.0000,5.0000,27.2000
2L,2L5X3-1/2X1/2X3/4LLBB,7128,LRFD3,8.01,5,27.2
2L,2L5X3-1/2X1/2X3/8LLBB,5182,13th,8.01,5.00,27.2
2L,2L5X3-1/2X1/2X3/8LLBB,3196,14th,8.00,3.50,27.2
2L,2L5X3-1/2X1/2X3/8LLBB,1165,15th,8.00,5.00,27.2
2L,2L5X3-1/2X1/2X3/8LLBB,8954,LRFD2,8.0000,5.0000,27.2000
2L,2L5X3-1/2X1/2X3/8LLBB,7127,LRFD3,8.01,5,27.2
2L,2L5X3-1/2X1/4LLBB,5190,13th,4.13,5.00,14.0
2L,2L5X3-1/2X1/4LLBB,3204,14th,4.14,3.50,14.0
2L,2L5X3-1/2X1/4LLBB,1173,15th,4.14,5.00,14.0
2L,2L5X3-1/2X1/4LLBB,7135,LRFD3,4.13,5,14.1
2L,2L5X3-1/2X1/4X3/4LLBB,5192,13th,4.13,5.00,14.0
2L,2L5X3-1/2X1/4X3/4LLBB,3206,14th,4.14,3.50,14.0
2L,2L5X3-1/2X1/4X3/4LLBB,1175,15th,4.14,5.00,14.0
2L,2L5X3-1/2X1/4X3/4LLBB,7137,LRFD3,4.13,5,14.1
2L,2L5X3-1/2X1/4X3/8LLBB,5191,13th,4.13,5.00,14.0
2L,2L5X3-1/2X1/4X3/8LLBB,3205,14th,4.14,3.50,14.0
2L,2L5X3-1/2X1/4X3/8LLBB,1174,15th,4.14,5.00,14.0
2L,2L5X3-1/2X1/4X3/8LLBB,7136,LRFD3,4.13,5,14.1
2L,2L5X3-1/2X3/4LLBB,5175,13th,11.6,5.00,39.6
2L,2L5X3-1/2X3/4LLBB,3189,14th,11.7,3.50,39.6
2L,2L5X3-1/2X3/4LLBB,1158,15th,11.7,5.00,39.6
2L,2L5X3-1/2X3/4LLBB,8950,LRFD2,11.6000,5.0000,39.6000
2L,2L5X3-1/2X3/4LLBB,7120,LRFD3,11.6,5,39.6
2L,2L5X3-1/2X3/4X3/4LLBB,5177,13th,11.6,5.00,39.6
2L,2L5X3-1/2X3/4X3/4LLBB,3191,14th,11.7,3.50,39.6
2L,2L5X3-1/2X3/4X3/4LLBB,1160,15th,11.7,5.00,39.6
2L,2L5X3-1/2X3/4X3/4LLBB,8952,LRFD2,11.6000,5.0000,39.6000
2L,2L5X3-1/2X3/4X3/4LLBB,7122,LRFD3,11.6,5,39.6
2L,2L5X3-1/2X3/4X3/8LLBB,5176,13th,11.6,5.00,39.6
2L,2L5X3-1/2X3/4X3/8LLBB,3190,14th,11.7,3.50,39.6
2L,2L5X3-1/2X3/4X3/8LLBB,1159,15th,11.7,5.00,39.6
2L,2L5X3-1/2X3/4X3/8LLBB,8951,LRFD2,11.6000,5.0000,39.6000
2L,2L5X3-1/2X3/4X3/8LLBB,7121,LRFD3,11.6,5,39.6
2L,2L5X3-1/2X3/8LLBB,5184,13th,6.10,5.00,20.8
2L,2L5X3-1/2X3/8LLBB,3198,14th,6.10,3.50,20.8
2L,2L5X3-1/2X3/8LLBB,1167,15th,6.10,5.00,20.8
2L,2L5X3-1/2X3/8LLBB,8956,LRFD2,6.0900,5.0000,20.8000
2L,2L5X3-1/2X3/8LLBB,7129,LRFD3,6.1,5,20.8
2L,2L5X3-1/2X3/8X3/4LLBB,5186,13th,6.10,5.00,20.8
2L,2L5X3-1/2X3/8X3/4LLBB,3200,14th,6.10,3.50,20.8
2L,2L5X3-1/2X3/8X3/4LLBB,1169,15th,6.10,5.00,20.8
2L,2L5X3-1/2X3/8X3/4LLBB,8958,LRFD2,6.0900,5.0000,20.8000
2L,2L5X3-1/2X3/8X3/4LLBB,7131,LRFD3,6.1,5,20.8
2L,2L5X3-1/2X3/8X3/8LLBB,5185,13th,6.10,5.00,20.8
2L,2L5X3-1/2X3/8X3/8LLBB,3199,14th,6.10,3.50,20.8
2L,2L5X3-1/2X3/8X3/8LLBB,1168,15th,6.10,5.00,20.8
2L,2L5X3-1/2X3/8X3/8LLBB,8957,LRFD2,6.0900,5.0000,20.8000
2L,2L5X3-1/2X3/8X3/8LLBB,7130,LRFD3,6.1,5,20.8
2L,2L5X3-1/2X5/16LLBB,5187,13th,5.12,5.00,17.4
2L,2L5X3-1/2X5/16LLBB,3201,14th,5.12,3.50,17.4
2L,2L5X3-1/2X5/16LLBB,1170,15th,5.12,5.00,17.4
2L,2L5X3-1/2X5/16LLBB,8959,LRFD2,5.1200,5.0000,17.4000
2L,2L5X3-1/2X5/16LLBB,7132,LRFD3,5.12,5,17.4
2L,2L5X3-1/2X5/16X3/4LLBB,5189,13th,5.12,5.00,17.4
2L,2L5X3-1/2X5/16X3/4LLBB,3203,14th,5.12,3.50,17.4
2L,2L5X3-1/2X5/16X3/4LLBB,1172,15th,5.12,5.00,17.4
2L,2L5X3-1/2X5/16X3/4LLBB,8961,LRFD2,5.1200,5.0000,17.4000
2L,2L5X3-1/2X5/16X3/4LLBB,7134,LRFD3,5.12,5,17.4
2L,2L5X3-1/2X5/16X3/8LLBB,5188,13th,5.12,5.00,17.4
2L,2L5X3-1/2X5/16X3/8LLBB,3202,14th,5.12,3.50,17.4
2L,2L5X3-1/2X5/16X3/8LLBB,1171,15th,5.12,5.00,17.4
2L,2L5X3-1/2X5/16X3/8LLBB,8960,LRFD2,5.1200,5.0000,17.4000
2L,2L5X3-1/2X5/16X3/8LLBB,7133,LRFD3,5.12,5,17.4
2L,2L5X3-1/2X5/8LLBB,5178,13th,9.85,5.00,33.6
2L,2L5X3-1/2X5/8LLBB,3192,14th,9.86,3.50,33.6
2L,2L5X3-1/2X5/8LLBB,1161,15th,9.86,5.00,33.6
2L,2L5X3-1/2X5/8LLBB,7123,LRFD3,9.85,5,33.5
2L,2L5X3-1/2X5/8X3/4LLBB,5180,13th,9.85,5.00,33.6
2L,2L5X3-1/2X5/8X3/4LLBB,3194,14th,9.86,3.50,33.6
2L,2L5X3-1/2X5/8X3/4LLBB,1163,15th,9.86,5.00,33.6
2L,2L5X3-1/2X5/8X3/4LLBB,7125,LRFD3,9.85,5,33.5
2L,2L5X3-1/2X5/8X3/8LLBB,5179,13th,9.85,5.00,33.6
2L,2L5X3-1/2X5/8X3/8LLBB,3193,14th,9.86,3.50,33.6
2L,2L5X3-1/2X5/8X3/8LLBB,1162,15th,9.86,5.00,33.6
2L,2L5X3-1/2X5/8X3/8LLBB,7124,LRFD3,9.85,5,33.5
2L,2L5X3.5,14518,ASD6,11.62,–,39.6
2L,2L5X3.5,14519,ASD6,9.84,–,33.6
2L,2L5X3.5,14520,ASD6,8.00,–,27.2
2L,2L5X3.5,14521,ASD6,7.06,–,24.0
2L,2L5X3.5,14522,ASD6,6.10,–,20.8
2L,2L5X3.5,14523,ASD6,5.12,–,17.4
2L,2L5X3.5,14602,ASD6,11.62,–,39.6
2L,2L5X3.5,14603,ASD6,9.84,–,33.6
2L,2L5X3.5,14604,ASD6,8.00,–,27.2
2L,2L5X3.5,14605,ASD6,7.06,–,24.0
2L,2L5X3.5,14606,ASD6,6.10,–,20.8
2L,2L5X3.5,14607,ASD6,5.12,–,17.4
2L,2L5X3X1/2LLBB,5193,13th,7.51,5.00,25.6
2L,2L5X3X1/2LLBB,3207,14th,7.50,3.00,25.6
2L,2L5X3X1/2LLBB,1176,15th,7.50,5.00,25.6
2L,2L5X3X1/2LLBB,8962,LRFD2,7.5000,5.0000,25.6000
2L,2L5X3X1/2LLBB,7138,LRFD3,7.51,5,25.5
2L,2L5X3X1/2X3/4LLBB,5195,13th,7.51,5.00,25.6
2L,2L5X3X1/2X3/4LLBB,3209,14th,7.50,3.00,25.6
2L,2L5X3X1/2X3/4LLBB,1178,15th,7.50,5.00,25.6
2L,2L5X3X1/2X3/4LLBB,8964,LRFD2,7.5000,5.0000,25.6000
2L,2L5X3X1/2X3/4LLBB,7140,LRFD3,7.51,5,25.5
2L,2L5X3X1/2X3/8LLBB,5194,13th,7.51,5.00,25.6
2L,2L5X3X1/2X3/8LLBB,3208,14th,7.50,3.00,25.6
2L,2L5X3X1/2X3/8LLBB,1177,15th,7.50,5.00,25.6
2L,2L5X3X1/2X3/8LLBB,8963,LRFD2,7.5000,5.0000,25.6000
2L,2L5X3X1/2X3/8LLBB,7139,LRFD3,7.51,5,25.5
2L,2L5X3X1/4LLBB,5205,13th,3.88,5.00,13.2
2L,2L5X3X1/4LLBB,3219,14th,3.88,3.00,13.2
2L,2L5X3X1/4LLBB,1188,15th,3.88,5.00,13.2
2L,2L5X3X1/4LLBB,8971,LRFD2,3.8800,5.0000,13.2000
2L,2L5X3X1/4LLBB,7150,LRFD3,3.88,5,13.2
2L,2L5X3X1/4X3/4LLBB,5207,13th,3.88,5.00,13.2
2L,2L5X3X1/4X3/4LLBB,3221,14th,3.88,3.00,13.2
2L,2L5X3X1/4X3/4LLBB,1190,15th,3.88,5.00,13.2
2L,2L5X3X1/4X3/4LLBB,8973,LRFD2,3.8800,5.0000,13.2000
2L,2L5X3X1/4X3/4LLBB,7152,LRFD3,3.88,5,13.2
2L,2L5X3X1/4X3/8LLBB,5206,13th,3.88,5.00,13.2
2L,2L5X3X1/4X3/8LLBB,3220,14th,3.88,3.00,13.2
2L,2L5X3X1/4X3/8LLBB,1189,15th,3.88,5.00,13.2
2L,2L5X3X1/4X3/8LLBB,8972,LRFD2,3.8800,5.0000,13.2000
2L,2L5X3X1/4X3/8LLBB,7151,LRFD3,3.88,5,13.2
2L,2L5X3X3/8LLBB,5199,13th,5.73,5.00,19.6
2L,2L5X3X3/8LLBB,3213,14th,5.72,3.00,19.6
2L,2L5X3X3/8LLBB,1182,15th,5.72,5.00,19.6
2L,2L5X3X3/8LLBB,8965,LRFD2,5.7200,5.0000,19.6000
2L,2L5X3X3/8LLBB,7144,LRFD3,5.73,5,19.5
2L,2L5X3X3/8X3/4LLBB,5201,13th,5.73,5.00,19.6
2L,2L5X3X3/8X3/4LLBB,3215,14th,5.72,3.00,19.6
2L,2L5X3X3/8X3/4LLBB,1184,15th,5.72,5.00,19.6
2L,2L5X3X3/8X3/4LLBB,8967,LRFD2,5.7200,5.0000,19.6000
2L,2L5X3X3/8X3/4LLBB,7146,LRFD3,5.73,5,19.5
2L,2L5X3X3/8X3/8LLBB,5200,13th,5.73,5.00,19.6
2L,2L5X3X3/8X3/8LLBB,3214,14th,5.72,3.00,19.6
2L,2L5X3X3/8X3/8LLBB,1183,15th,5.72,5.00,19.6
2L,2L5X3X3/8X3/8LLBB,8966,LRFD2,5.7200,5.0000,19.6000
2L,2L5X3X3/8X3/8LLBB,7145,LRFD3,5.73,5,19.5
2L,2L5X3X5/16LLBB,5202,13th,4.81,5.00,16.4
2L,2L5X3X5/16LLBB,3216,14th,4.82,3.00,16.4
2L,2L5X3X5/16LLBB,1185,15th,4.82,5.00,16.4
2L,2L5X3X5/16LLBB,8968,LRFD2,4.8000,5.0000,16.4000
2L,2L5X3X5/16LLBB,7147,LRFD3,4.81,5,16.4
2L,2L5X3X5/16X3/4LLBB,5204,13th,4.81,5.00,16.4
2L,2L5X3X5/16X3/4LLBB,3218,14th,4.82,3.00,16.4
2L,2L5X3X5/16X3/4LLBB,1187,15th,4.82,5.00,16.4
2L,2L5X3X5/16X3/4LLBB,8970,LRFD2,4.8000,5.0000,16.4000
2L,2L5X3X5/16X3/4LLBB,7149,LRFD3,4.81,5,16.4
2L,2L5X3X5/16X3/8LLBB,5203,13th,4.81,5.00,16.4
2L,2L5X3X5/16X3/8LLBB,3217,14th,4.82,3.00,16.4
2L,2L5X3X5/16X3/8LLBB,1186,15th,4.82,5.00,16.4
2L,2L5X3X5/16X3/8LLBB,8969,LRFD2,4.8000,5.0000,16.4000
2L,2L5X3X5/16X3/8LLBB,7148,LRFD3,4.81,5,16.4
2L,2L5X3X7/16LLBB,5196,13th,6.62,5.00,22.6
2L,2L5X3X7/16LLBB,3210,14th,6.62,3.00,22.6
2L,2L5X3X7/16LLBB,1179,15th,6.62,5.00,22.6
2L,2L5X3X7/16LLBB,7141,LRFD3,6.62,5,22.5
2L,2L5X3X7/16X3/4LLBB,5198,13th,6.62,5.00,22.6
2L,2L5X3X7/16X3/4LLBB,3212,14th,6.62,3.00,22.6
2L,2L5X3X7/16X3/4LLBB,1181,15th,6.62,5.00,22.6
2L,2L5X3X7/16X3/4LLBB,7143,LRFD3,6.62,5,22.5
2L,2L5X3X7/16X3/8LLBB,5197,13th,6.62,5.00,22.6
2L,2L5X3X7/16X3/8LLBB,3211,14th,6.62,3.00,22.6
2L,2L5X3X7/16X3/8LLBB,1180,15th,6.62,5.00,22.6
2L,2L5X3X7/16X3/8LLBB,7142,LRFD3,6.62,5,22.5
2L,2L5X5,14664,ASD6,15.96,–,54.4
2L,2L5X5,14665,ASD6,13.88,–,47.2
2L,2L5X5,14666,ASD6,11.72,–,40.0
2L,2L5X5,14667,ASD6,9.50,–,32.4
2L,2L5X5,14668,ASD6,8.36,–,28.6
2L,2L5X5,14669,ASD6,7.22,–,24.6
2L,2L6X3-1/2X1/2LLBB,5166,13th,9.04,6.00,30.6
2L,2L6X3-1/2X1/2LLBB,3180,14th,9.00,3.50,30.6
2L,2L6X3-1/2X1/2LLBB,1149,15th,9.00,6.00,30.6
2L,2L6X3-1/2X1/2LLBB,7111,LRFD3,9.04,6,30.7
2L,2L6X3-1/2X1/2X3/4LLBB,5168,13th,9.04,6.00,30.6
2L,2L6X3-1/2X1/2X3/4LLBB,3182,14th,9.00,3.50,30.6
2L,2L6X3-1/2X1/2X3/4LLBB,1151,15th,9.00,6.00,30.6
2L,2L6X3-1/2X1/2X3/4LLBB,7113,LRFD3,9.04,6,30.7
2L,2L6X3-1/2X1/2X3/8LLBB,5167,13th,9.04,6.00,30.6
2L,2L6X3-1/2X1/2X3/8LLBB,3181,14th,9.00,3.50,30.6
2L,2L6X3-1/2X1/2X3/8LLBB,1150,15th,9.00,6.00,30.6
2L,2L6X3-1/2X1/2X3/8LLBB,7112,LRFD3,9.04,6,30.7
2L,2L6X3-1/2X3/8LLBB,5169,13th,6.88,6.00,23.4
2L,2L6X3-1/2X3/8LLBB,3183,14th,6.88,3.50,23.4
2L,2L6X3-1/2X3/8LLBB,1152,15th,6.88,6.00,23.4
2L,2L6X3-1/2X3/8LLBB,8944,LRFD2,6.8400,6.0000,23.4000
2L,2L6X3-1/2X3/8LLBB,7114,LRFD3,6.88,6,23.4
2L,2L6X3-1/2X3/8X3/4LLBB,5171,13th,6.88,6.00,23.4
2L,2L6X3-1/2X3/8X3/4LLBB,3185,14th,6.88,3.50,23.4
2L,2L6X3-1/2X3/8X3/4LLBB,1154,15th,6.88,6.00,23.4
2L,2L6X3-1/2X3/8X3/4LLBB,8946,LRFD2,6.8400,6.0000,23.4000
2L,2L6X3-1/2X3/8X3/4LLBB,7116,LRFD3,6.88,6,23.4
2L,2L6X3-1/2X3/8X3/8LLBB,5170,13th,6.88,6.00,23.4
2L,2L6X3-1/2X3/8X3/8LLBB,3184,14th,6.88,3.50,23.4
2L,2L6X3-1/2X3/8X3/8LLBB,1153,15th,6.88,6.00,23.4
2L,2L6X3-1/2X3/8X3/8LLBB,8945,LRFD2,6.8400,6.0000,23.4000
2L,2L6X3-1/2X3/8X3/8LLBB,7115,LRFD3,6.88,6,23.4
2L,2L6X3-1/2X5/16LLBB,5172,13th,5.78,6.00,19.6
2L,2L6X3-1/2X5/16LLBB,3186,14th,5.78,3.50,19.6
2L,2L6X3-1/2X5/16LLBB,1155,15th,5.78,6.00,19.6
2L,2L6X3-1/2X5/16LLBB,8947,LRFD2,5.7400,6.0000,19.6000
2L,2L6X3-1/2X5/16LLBB,7117,LRFD3,5.78,6,19.7
2L,2L6X3-1/2X5/16X3/4LLBB,5174,13th,5.78,6.00,19.6
2L,2L6X3-1/2X5/16X3/4LLBB,3188,14th,5.78,3.50,19.6
2L,2L6X3-1/2X5/16X3/4LLBB,1157,15th,5.78,6.00,19.6
2L,2L6X3-1/2X5/16X3/4LLBB,8949,LRFD2,5.7400,6.0000,19.6000
2L,2L6X3-1/2X5/16X3/4LLBB,7119,LRFD3,5.78,6,19.7
2L,2L6X3-1/2X5/16X3/8LLBB,5173,13th,5.78,6.00,19.6
2L,2L6X3-1/2X5/16X3/8LLBB,3187,14th,5.78,3.50,19.6
2L,2L6X3-1/2X5/16X3/8LLBB,1156,15th,5.78,6.00,19.6
2L,2L6X3-1/2X5/16X3/8LLBB,8948,LRFD2,5.7400,6.0000,19.6000
2L,2L6X3-1/2X5/16X3/8LLBB,7118,LRFD3,5.78,6,19.7
2L,2L6X3.5,14515,ASD6,9.00,–,30.6
2L,2L6X3.5,14516,ASD6,6.84,–,23.4
2L,2L6X3.5,14517,ASD6,5.74,–,19.6
2L,2L6X3.5,14599,ASD6,9.00,–,30.6
2L,2L6X3.5,14600,ASD6,6.84,–,23.4
2L,2L6X3.5,14601,ASD6,5.74,–,19.6
2L,2L6X4,14508,ASD6,15.96,–,54.4
2L,2L6X4,14509,ASD6,13.88,–,47.2
2L,2L6X4,14510,ASD6,11.72,–,40.0
2L,2L6X4,14511,ASD6,10.62,–,36.2
2L,2L6X4,14512,ASD6,9.50,–,32.4
2L,2L6X4,14513,ASD6,8.36,–,28.6
2L,2L6X4,14514,ASD6,7.22,–,24.6
2L,2L6X4,14592,ASD6,15.96,–,54.4
2L,2L6X4,14593,ASD6,13.88,–,47.2
2L,2L6X4,14594,ASD6,11.72,–,40.0
2L,2L6X4,14595,ASD6,10.62,–,36.2
2L,2L6X4,14596,ASD6,9.50,–,32.4
2L,2L6X4,14597,ASD6,8.36,–,28.6
2L,2L6X4,14598,ASD6,7.22,–,24.6
2L,2L6X4X0.625,13609,ASD7,11.7,–,40.0
2L,2L6X4X0.625,13711,ASD7,11.7,–,40.0
2L,2L6X4X0.625,12419,ASD8,11.7,–,40.0
2L,2L6X4X0.625,12467,ASD8,11.7,–,40.0
2L,2L6X4X0.625,10097,ASD9,11.7,–,40.0
2L,2L6X4X0.625,10145,ASD9,11.7,–,40.0
2L,2L6X4X0.625,11257,LRFD1,11.7,–,40.0
2L,2L6X4X0.625,11319,LRFD1,11.7,–,10.0
2L,2L6X4X1/2LLBB,5154,13th,9.50,6.00,32.4
2L,2L6X4X1/2LLBB,3168,14th,9.50,4.00,32.4
2L,2L6X4X1/2LLBB,1137,15th,9.50,6.00,32.4
2L,2L6X4X1/2LLBB,8938,LRFD2,9.5000,6.0000,32.4000
2L,2L6X4X1/2LLBB,7099,LRFD3,9.5,6,32.3
2L,2L6X4X1/2X3/4LLBB,5156,13th,9.50,6.00,32.4
2L,2L6X4X1/2X3/4LLBB,3170,14th,9.50,4.00,32.4
2L,2L6X4X1/2X3/4LLBB,1139,15th,9.50,6.00,32.4
2L,2L6X4X1/2X3/4LLBB,8940,LRFD2,9.5000,6.0000,32.4000
2L,2L6X4X1/2X3/4LLBB,7101,LRFD3,9.5,6,32.3
2L,2L6X4X1/2X3/8LLBB,5155,13th,9.50,6.00,32.4
2L,2L6X4X1/2X3/8LLBB,3169,14th,9.50,4.00,32.4
2L,2L6X4X1/2X3/8LLBB,1138,15th,9.50,6.00,32.4
2L,2L6X4X1/2X3/8LLBB,8939,LRFD2,9.5000,6.0000,32.4000
2L,2L6X4X1/2X3/8LLBB,7100,LRFD3,9.5,6,32.3
2L,2L6X4X3/4LLBB,5145,13th,13.9,6.00,47.2
2L,2L6X4X3/4LLBB,3159,14th,13.9,4.00,47.2
2L,2L6X4X3/4LLBB,1128,15th,13.9,6.00,47.2
2L,2L6X4X3/4LLBB,8932,LRFD2,13.9000,6.0000,47.2000
2L,2L6X4X3/4LLBB,7090,LRFD3,13.9,6,47.2
2L,2L6X4X3/4X3/4LLBB,5147,13th,13.9,6.00,47.2
2L,2L6X4X3/4X3/4LLBB,3161,14th,13.9,4.00,47.2
2L,2L6X4X3/4X3/4LLBB,1130,15th,13.9,6.00,47.2
2L,2L6X4X3/4X3/4LLBB,8934,LRFD2,13.9000,6.0000,47.2000
2L,2L6X4X3/4X3/4LLBB,7092,LRFD3,13.9,6,47.2
2L,2L6X4X3/4X3/8LLBB,5146,13th,13.9,6.00,47.2
2L,2L6X4X3/4X3/8LLBB,3160,14th,13.9,4.00,47.2
2L,2L6X4X3/4X3/8LLBB,1129,15th,13.9,6.00,47.2
2L,2L6X4X3/4X3/8LLBB,8933,LRFD2,13.9000,6.0000,47.2000
2L,2L6X4X3/4X3/8LLBB,7091,LRFD3,13.9,6,47.2
2L,2L6X4X3/8LLBB,5160,13th,7.22,6.00,24.6
2L,2L6X4X3/8LLBB,3174,14th,7.22,4.00,24.6
2L,2L6X4X3/8LLBB,1143,15th,7.22,6.00,24.6
2L,2L6X4X3/8LLBB,8941,LRFD2,7.2200,6.0000,24.6000
2L,2L6X4X3/8LLBB,7105,LRFD3,7.22,6,24.6
2L,2L6X4X3/8X3/4LLBB,5162,13th,7.22,6.00,24.6
2L,2L6X4X3/8X3/4LLBB,3176,14th,7.22,4.00,24.6
2L,2L6X4X3/8X3/4LLBB,1145,15th,7.22,6.00,24.6
2L,2L6X4X3/8X3/4LLBB,8943,LRFD2,7.2200,6.0000,24.6000
2L,2L6X4X3/8X3/4LLBB,7107,LRFD3,7.22,6,24.6
2L,2L6X4X3/8X3/8LLBB,5161,13th,7.22,6.00,24.6
2L,2L6X4X3/8X3/8LLBB,3175,14th,7.22,4.00,24.6
2L,2L6X4X3/8X3/8LLBB,1144,15th,7.22,6.00,24.6
2L,2L6X4X3/8X3/8LLBB,8942,LRFD2,7.2200,6.0000,24.6000
2L,2L6X4X3/8X3/8LLBB,7106,LRFD3,7.22,6,24.6
2L,2L6X4X5/16LLBB,5163,13th,6.05,6.00,20.6
2L,2L6X4X5/16LLBB,3177,14th,6.06,4.00,20.6
2L,2L6X4X5/16LLBB,1146,15th,6.06,6.00,20.6
2L,2L6X4X5/16LLBB,7108,LRFD3,6.05,6,20.6
2L,2L6X4X5/16X3/4LLBB,5165,13th,6.05,6.00,20.6
2L,2L6X4X5/16X3/4LLBB,3179,14th,6.06,4.00,20.6
2L,2L6X4X5/16X3/4LLBB,1148,15th,6.06,6.00,20.6
2L,2L6X4X5/16X3/4LLBB,7110,LRFD3,6.05,6,20.6
2L,2L6X4X5/16X3/8LLBB,5164,13th,6.05,6.00,20.6
2L,2L6X4X5/16X3/8LLBB,3178,14th,6.06,4.00,20.6
2L,2L6X4X5/16X3/8LLBB,1147,15th,6.06,6.00,20.6
2L,2L6X4X5/16X3/8LLBB,7109,LRFD3,6.05,6,20.6
2L,2L6X4X5/8LLBB,5148,13th,11.7,6.00,40.0
2L,2L6X4X5/8LLBB,3162,14th,11.7,4.00,40.0
2L,2L6X4X5/8LLBB,1131,15th,11.7,6.00,40.0
2L,2L6X4X5/8LLBB,8935,LRFD2,11.7000,6.0000,40.0000
2L,2L6X4X5/8LLBB,7093,LRFD3,11.7,6,39.9
2L,2L6X4X5/8X3/4LLBB,5150,13th,11.7,6.00,40.0
2L,2L6X4X5/8X3/4LLBB,3164,14th,11.7,4.00,40.0
2L,2L6X4X5/8X3/4LLBB,1133,15th,11.7,6.00,40.0
2L,2L6X4X5/8X3/4LLBB,8937,LRFD2,11.7000,6.0000,40.0000
2L,2L6X4X5/8X3/4LLBB,7095,LRFD3,11.7,6,39.9
2L,2L6X4X5/8X3/8LLBB,5149,13th,11.7,6.00,40.0
2L,2L6X4X5/8X3/8LLBB,3163,14th,11.7,4.00,40.0
2L,2L6X4X5/8X3/8LLBB,1132,15th,11.7,6.00,40.0
2L,2L6X4X5/8X3/8LLBB,8936,LRFD2,11.7000,6.0000,40.0000
2L,2L6X4X5/8X3/8LLBB,7094,LRFD3,11.7,6,39.9
2L,2L6X4X7/16LLBB,5157,13th,8.36,6.00,28.6
2L,2L6X4X7/16LLBB,3171,14th,8.36,4.00,28.6
2L,2L6X4X7/16LLBB,1140,15th,8.36,6.00,28.6
2L,2L6X4X7/16LLBB,7102,LRFD3,8.36,6,28.5
2L,2L6X4X7/16X3/4LLBB,5159,13th,8.36,6.00,28.6
2L,2L6X4X7/16X3/4LLBB,3173,14th,8.36,4.00,28.6
2L,2L6X4X7/16X3/4LLBB,1142,15th,8.36,6.00,28.6
2L,2L6X4X7/16X3/4LLBB,7104,LRFD3,8.36,6,28.5
2L,2L6X4X7/16X3/8LLBB,5158,13th,8.36,6.00,28.6
2L,2L6X4X7/16X3/8LLBB,3172,14th,8.36,4.00,28.6
2L,2L6X4X7/16X3/8LLBB,1141,15th,8.36,6.00,28.6
2L,2L6X4X7/16X3/8LLBB,7103,LRFD3,8.36,6,28.5
2L,2L6X4X7/8LLBB,5142,13th,16.0,6.00,54.4
2L,2L6X4X7/8LLBB,3156,14th,16.0,4.00,54.4
2L,2L6X4X7/8LLBB,1125,15th,16.0,6.00,54.4
2L,2L6X4X7/8LLBB,7087,LRFD3,16,6,54.3
2L,2L6X4X7/8X3/4LLBB,5144,13th,16.0,6.00,54.4
2L,2L6X4X7/8X3/4LLBB,3158,14th,16.0,4.00,54.4
2L,2L6X4X7/8X3/4LLBB,1127,15th,16.0,6.00,54.4
2L,2L6X4X7/8X3/4LLBB,7089,LRFD3,16,6,54.3
2L,2L6X4X7/8X3/8LLBB,5143,13th,16.0,6.00,54.4
2L,2L6X4X7/8X3/8LLBB,3157,14th,16.0,4.00,54.4
2L,2L6X4X7/8X3/8LLBB,1126,15th,16.0,6.00,54.4
2L,2L6X4X7/8X3/8LLBB,7088,LRFD3,16,6,54.3
2L,2L6X4X9/16LLBB,5151,13th,10.6,6.00,36.2
2L,2L6X4X9/16LLBB,3165,14th,10.6,4.00,36.2
2L,2L6X4X9/16LLBB,1134,15th,10.6,6.00,36.2
2L,2L6X4X9/16LLBB,7096,LRFD3,10.6,6,36.1
2L,2L6X4X9/16X3/4LLBB,5153,13th,10.6,6.00,36.2
2L,2L6X4X9/16X3/4LLBB,3167,14th,10.6,4.00,36.2
2L,2L6X4X9/16X3/4LLBB,1136,15th,10.6,6.00,36.2
2L,2L6X4X9/16X3/4LLBB,7098,LRFD3,10.6,6,36.1
2L,2L6X4X9/16X3/8LLBB,5152,13th,10.6,6.00,36.2
2L,2L6X4X9/16X3/8LLBB,3166,14th,10.6,4.00,36.2
2L,2L6X4X9/16X3/8LLBB,1135,15th,10.6,6.00,36.2
2L,2L6X4X9/16X3/8LLBB,7097,LRFD3,10.6,6,36.1
2L,2L6X6,14656,ASD6,22.00,–,74.8
2L,2L6X6,14657,ASD6,19.46,–,66.2
2L,2L6X6,14658,ASD6,16.88,–,57.4
2L,2L6X6,14659,ASD6,14.22,–,48.4
2L,2L6X6,14660,ASD6,12.86,–,43.8
2L,2L6X6,14661,ASD6,11.50,–,39.2
2L,2L6X6,14662,ASD6,10.12,–,34.4
2L,2L6X6,14663,ASD6,8.72,–,29.8
2L,2L7X4,14501,ASD6,17.72,–,60.4
2L,2L7X4,14502,ASD6,15.38,–,52.4
2L,2L7X4,14503,ASD6,12.96,–,44.2
2L,2L7X4,14504,ASD6,11.74,–,40.0
2L,2L7X4,14505,ASD6,10.50,–,35.8
2L,2L7X4,14506,ASD6,9.24,–,31.6
2L,2L7X4,14507,ASD6,7.96,–,27.2
2L,2L7X4,14585,ASD6,17.72,–,60.4
2L,2L7X4,14586,ASD6,15.38,–,52.4
2L,2L7X4,14587,ASD6,12.96,–,44.2
2L,2L7X4,14588,ASD6,11.74,–,40.0
2L,2L7X4,14589,ASD6,10.50,–,35.8
2L,2L7X4,14590,ASD6,9.24,–,31.6
2L,2L7X4,14591,ASD6,7.96,–,27.2
2L,2L7X4X1/2LLBB,5133,13th,10.5,7.00,35.8
2L,2L7X4X1/2LLBB,3147,14th,10.5,4.00,35.8
2L,2L7X4X1/2LLBB,1116,15th,10.5,7.00,35.8
2L,2L7X4X1/2LLBB,8926,LRFD2,10.5000,7.0000,35.8000
2L,2L7X4X1/2LLBB,7078,LRFD3,10.5,7,35.8
2L,2L7X4X1/2X3/4LLBB,5135,13th,10.5,7.00,35.8
2L,2L7X4X1/2X3/4LLBB,3149,14th,10.5,4.00,35.8
2L,2L7X4X1/2X3/4LLBB,1118,15th,10.5,7.00,35.8
2L,2L7X4X1/2X3/4LLBB,8928,LRFD2,10.5000,7.0000,35.8000
2L,2L7X4X1/2X3/4LLBB,7080,LRFD3,10.5,7,35.8
2L,2L7X4X1/2X3/8LLBB,5134,13th,10.5,7.00,35.8
2L,2L7X4X1/2X3/8LLBB,3148,14th,10.5,4.00,35.8
2L,2L7X4X1/2X3/8LLBB,1117,15th,10.5,7.00,35.8
2L,2L7X4X1/2X3/8LLBB,8927,LRFD2,10.5000,7.0000,35.8000
2L,2L7X4X1/2X3/8LLBB,7079,LRFD3,10.5,7,35.8
2L,2L7X4X3/4LLBB,5127,13th,15.4,7.00,52.4
2L,2L7X4X3/4LLBB,3141,14th,15.5,4.00,52.4
2L,2L7X4X3/4LLBB,1110,15th,15.5,7.00,52.4
2L,2L7X4X3/4LLBB,8923,LRFD2,15.4000,7.0000,52.4000
2L,2L7X4X3/4LLBB,7072,LRFD3,15.4,7,52.4
2L,2L7X4X3/4X3/4LLBB,5129,13th,15.4,7.00,52.4
2L,2L7X4X3/4X3/4LLBB,3143,14th,15.5,4.00,52.4
2L,2L7X4X3/4X3/4LLBB,1112,15th,15.5,7.00,52.4
2L,2L7X4X3/4X3/4LLBB,8925,LRFD2,15.4000,7.0000,52.4000
2L,2L7X4X3/4X3/4LLBB,7074,LRFD3,15.4,7,52.4
2L,2L7X4X3/4X3/8LLBB,5128,13th,15.4,7.00,52.4
2L,2L7X4X3/4X3/8LLBB,3142,14th,15.5,4.00,52.4
2L,2L7X4X3/4X3/8LLBB,1111,15th,15.5,7.00,52.4
2L,2L7X4X3/4X3/8LLBB,8924,LRFD2,15.4000,7.0000,52.4000
2L,2L7X4X3/4X3/8LLBB,7073,LRFD3,15.4,7,52.4
2L,2L7X4X3/8LLBB,5139,13th,8.00,7.00,27.2
2L,2L7X4X3/8LLBB,3153,14th,8.00,4.00,27.2
2L,2L7X4X3/8LLBB,1122,15th,8.00,7.00,27.2
2L,2L7X4X3/8LLBB,8929,LRFD2,7.9700,7.0000,27.2000
2L,2L7X4X3/8LLBB,7084,LRFD3,8,7,27.2
2L,2L7X4X3/8X3/4LLBB,5141,13th,8.00,7.00,27.2
2L,2L7X4X3/8X3/4LLBB,3155,14th,8.00,4.00,27.2
2L,2L7X4X3/8X3/4LLBB,1124,15th,8.00,7.00,27.2
2L,2L7X4X3/8X3/4LLBB,8931,LRFD2,7.9700,7.0000,27.2000
2L,2L7X4X3/8X3/4LLBB,7086,LRFD3,8,7,27.2
2L,2L7X4X3/8X3/8LLBB,5140,13th,8.00,7.00,27.2
2L,2L7X4X3/8X3/8LLBB,3154,14th,8.00,4.00,27.2
2L,2L7X4X3/8X3/8LLBB,1123,15th,8.00,7.00,27.2
2L,2L7X4X3/8X3/8LLBB,8930,LRFD2,7.9700,7.0000,27.2000
2L,2L7X4X3/8X3/8LLBB,7085,LRFD3,8,7,27.2
2L,2L7X4X5/8LLBB,5130,13th,13.0,7.00,44.2
2L,2L7X4X5/8LLBB,3144,14th,13.0,4.00,44.2
2L,2L7X4X5/8LLBB,1113,15th,13.0,7.00,44.2
2L,2L7X4X5/8LLBB,7075,LRFD3,13,7,44.2
2L,2L7X4X5/8X3/4LLBB,5132,13th,13.0,7.00,44.2
2L,2L7X4X5/8X3/4LLBB,3146,14th,13.0,4.00,44.2
2L,2L7X4X5/8X3/4LLBB,1115,15th,13.0,7.00,44.2
2L,2L7X4X5/8X3/4LLBB,7077,LRFD3,13,7,44.2
2L,2L7X4X5/8X3/8LLBB,5131,13th,13.0,7.00,44.2
2L,2L7X4X5/8X3/8LLBB,3145,14th,13.0,4.00,44.2
2L,2L7X4X5/8X3/8LLBB,1114,15th,13.0,7.00,44.2
2L,2L7X4X5/8X3/8LLBB,7076,LRFD3,13,7,44.2
2L,2L7X4X7/16LLBB,5136,13th,9.27,7.00,31.4
2L,2L7X4X7/16LLBB,3150,14th,9.26,4.00,31.4
2L,2L7X4X7/16LLBB,1119,15th,9.26,7.00,31.4
2L,2L7X4X7/16LLBB,7081,LRFD3,9.27,7,31.5
2L,2L7X4X7/16X3/4LLBB,5138,13th,9.27,7.00,31.4
2L,2L7X4X7/16X3/4LLBB,3152,14th,9.26,4.00,31.4
2L,2L7X4X7/16X3/4LLBB,1121,15th,9.26,7.00,31.4
2L,2L7X4X7/16X3/4LLBB,7083,LRFD3,9.27,7,31.5
2L,2L7X4X7/16X3/8LLBB,5137,13th,9.27,7.00,31.4
2L,2L7X4X7/16X3/8LLBB,3151,14th,9.26,4.00,31.4
2L,2L7X4X7/16X3/8LLBB,1120,15th,9.26,7.00,31.4
2L,2L7X4X7/16X3/8LLBB,7082,LRFD3,9.27,7,31.5
2L,2L8X4,14494,ASD6,22.00,–,74.8
2L,2L8X4,14495,ASD6,19.46,–,66.2
2L,2L8X4,14496,ASD6,16.88,–,57.4
2L,2L8X4,14497,ASD6,14.22,–,48.4
2L,2L8X4,14498,ASD6,12.86,–,43.8
2L,2L8X4,14499,ASD6,11.50,–,39.2
2L,2L8X4,14500,ASD6,10.12,–,34.4
2L,2L8X4,14578,ASD6,22.00,–,74.8
2L,2L8X4,14579,ASD6,19.46,–,66.2
2L,2L8X4,14580,ASD6,16.88,–,57.4
2L,2L8X4,14581,ASD6,14.22,–,48.4
2L,2L8X4,14582,ASD6,12.86,–,43.8
2L,2L8X4,14583,ASD6,11.50,–,39.2
2L,2L8X4,14584,ASD6,10.12,–,34.4
2L,2L8X4X1/2LLBB,5121,13th,11.6,8.00,39.2
2L,2L8X4X1/2LLBB,3135,14th,11.6,4.00,39.2
2L,2L8X4X1/2LLBB,1104,15th,11.6,8.00,39.2
2L,2L8X4X1/2LLBB,8920,LRFD2,11.5000,8.0000,39.2000
2L,2L8X4X1/2LLBB,7066,LRFD3,11.6,8,39.5
2L,2L8X4X1/2X3/4LLBB,5123,13th,11.6,8.00,39.2
2L,2L8X4X1/2X3/4LLBB,3137,14th,11.6,4.00,39.2
2L,2L8X4X1/2X3/4LLBB,1106,15th,11.6,8.00,39.2
2L,2L8X4X1/2X3/4LLBB,8922,LRFD2,11.5000,8.0000,39.2000
2L,2L8X4X1/2X3/4LLBB,7068,LRFD3,11.6,8,39.5
2L,2L8X4X1/2X3/8LLBB,5122,13th,11.6,8.00,39.2
2L,2L8X4X1/2X3/8LLBB,3136,14th,11.6,4.00,39.2
2L,2L8X4X1/2X3/8LLBB,1105,15th,11.6,8.00,39.2
2L,2L8X4X1/2X3/8LLBB,8921,LRFD2,11.5000,8.0000,39.2000
2L,2L8X4X1/2X3/8LLBB,7067,LRFD3,11.6,8,39.5
2L,2L8X4X1LLBB,5106,13th,22.1,8.00,74.8
2L,2L8X4X1LLBB,3120,14th,22.2,4.00,74.8
2L,2L8X4X1LLBB,1089,15th,22.2,8.00,74.8
2L,2L8X4X1LLBB,8914,LRFD2,22.0000,8.0000,74.8000
2L,2L8X4X1LLBB,7051,LRFD3,22.1,8,75.2
2L,2L8X4X1X3/4LLBB,5108,13th,22.1,8.00,74.8
2L,2L8X4X1X3/4LLBB,3122,14th,22.2,4.00,74.8
2L,2L8X4X1X3/4LLBB,1091,15th,22.2,8.00,74.8
2L,2L8X4X1X3/4LLBB,8916,LRFD2,22.0000,8.0000,74.8000
2L,2L8X4X1X3/4LLBB,7053,LRFD3,22.1,8,75.2
2L,2L8X4X1X3/8LLBB,5107,13th,22.1,8.00,74.8
2L,2L8X4X1X3/8LLBB,3121,14th,22.2,4.00,74.8
2L,2L8X4X1X3/8LLBB,1090,15th,22.2,8.00,74.8
2L,2L8X4X1X3/8LLBB,8915,LRFD2,22.0000,8.0000,74.8000
2L,2L8X4X1X3/8LLBB,7052,LRFD3,22.1,8,75.2
2L,2L8X4X3/4LLBB,5112,13th,17.0,8.00,57.4
2L,2L8X4X3/4LLBB,3126,14th,17.0,4.00,57.4
2L,2L8X4X3/4LLBB,1095,15th,17.0,8.00,57.4
2L,2L8X4X3/4LLBB,8917,LRFD2,16.9000,8.0000,57.4000
2L,2L8X4X3/4LLBB,7057,LRFD3,17,8,57.8
2L,2L8X4X3/4X3/4LLBB,5114,13th,17.0,8.00,57.4
2L,2L8X4X3/4X3/4LLBB,3128,14th,17.0,4.00,57.4
2L,2L8X4X3/4X3/4LLBB,1097,15th,17.0,8.00,57.4
2L,2L8X4X3/4X3/4LLBB,8919,LRFD2,16.9000,8.0000,57.4000
2L,2L8X4X3/4X3/4LLBB,7059,LRFD3,17,8,57.8
2L,2L8X4X3/4X3/8LLBB,5113,13th,17.0,8.00,57.4
2L,2L8X4X3/4X3/8LLBB,3127,14th,17.0,4.00,57.4
2L,2L8X4X3/4X3/8LLBB,1096,15th,17.0,8.00,57.4
2L,2L8X4X3/4X3/8LLBB,8918,LRFD2,16.9000,8.0000,57.4000
2L,2L8X4X3/4X3/8LLBB,7058,LRFD3,17,8,57.8
2L,2L8X4X5/8LLBB,5115,13th,14.3,8.00,48.4
2L,2L8X4X5/8LLBB,3129,14th,14.3,4.00,48.4
2L,2L8X4X5/8LLBB,1098,15th,14.3,8.00,48.4
2L,2L8X4X5/8LLBB,7060,LRFD3,14.3,8,48.7
2L,2L8X4X5/8X3/4LLBB,5117,13th,14.3,8.00,48.4
2L,2L8X4X5/8X3/4LLBB,3131,14th,14.3,4.00,48.4
2L,2L8X4X5/8X3/4LLBB,1100,15th,14.3,8.00,48.4
2L,2L8X4X5/8X3/4LLBB,7062,LRFD3,14.3,8,48.7
2L,2L8X4X5/8X3/8LLBB,5116,13th,14.3,8.00,48.4
2L,2L8X4X5/8X3/8LLBB,3130,14th,14.3,4.00,48.4
2L,2L8X4X5/8X3/8LLBB,1099,15th,14.3,8.00,48.4
2L,2L8X4X5/8X3/8LLBB,7061,LRFD3,14.3,8,48.7
2L,2L8X4X7/16LLBB,5124,13th,10.2,8.00,34.4
2L,2L8X4X7/16LLBB,3138,14th,10.2,4.00,34.4
2L,2L8X4X7/16LLBB,1107,15th,10.2,8.00,34.4
2L,2L8X4X7/16LLBB,7069,LRFD3,10.2,8,34.8
2L,2L8X4X7/16X3/4LLBB,5126,13th,10.2,8.00,34.4
2L,2L8X4X7/16X3/4LLBB,3140,14th,10.2,4.00,34.4
2L,2L8X4X7/16X3/4LLBB,1109,15th,10.2,8.00,34.4
2L,2L8X4X7/16X3/4LLBB,7071,LRFD3,10.2,8,34.8
2L,2L8X4X7/16X3/8LLBB,5125,13th,10.2,8.00,34.4
2L,2L8X4X7/16X3/8LLBB,3139,14th,10.2,4.00,34.4
2L,2L8X4X7/16X3/8LLBB,1108,15th,10.2,8.00,34.4
2L,2L8X4X7/16X3/8LLBB,7070,LRFD3,10.2,8,34.8
2L,2L8X4X7/8LLBB,5109,13th,19.6,8.00,66.2
2L,2L8X4X7/8LLBB,3123,14th,19.6,4.00,66.2
2L,2L8X4X7/8LLBB,1092,15th,19.6,8.00,66.2
2L,2L8X4X7/8LLBB,7054,LRFD3,19.6,8,66.6
2L,2L8X4X7/8X3/4LLBB,5111,13th,19.6,8.00,66.2
2L,2L8X4X7/8X3/4LLBB,3125,14th,19.6,4.00,66.2
2L,2L8X4X7/8X3/4LLBB,1094,15th,19.6,8.00,66.2
2L,2L8X4X7/8X3/4LLBB,7056,LRFD3,19.6,8,66.6
2L,2L8X4X7/8X3/8LLBB,5110,13th,19.6,8.00,66.2
2L,2L8X4X7/8X3/8LLBB,3124,14th,19.6,4.00,66.2
2L,2L8X4X7/8X3/8LLBB,1093,15th,19.6,8.00,66.2
2L,2L8X4X7/8X3/8LLBB,7055,LRFD3,19.6,8,66.6
2L,2L8X4X9/16LLBB,5118,13th,13.0,8.00,43.8
2L,2L8X4X9/16LLBB,3132,14th,13.0,4.00,43.8
2L,2L8X4X9/16LLBB,1101,15th,13.0,8.00,43.8
2L,2L8X4X9/16LLBB,7063,LRFD3,13,8,44.1
2L,2L8X4X9/16X3/4LLBB,5120,13th,13.0,8.00,43.8
2L,2L8X4X9/16X3/4LLBB,3134,14th,13.0,4.00,43.8
2L,2L8X4X9/16X3/4LLBB,1103,15th,13.0,8.00,43.8
2L,2L8X4X9/16X3/4LLBB,7065,LRFD3,13,8,44.1
2L,2L8X4X9/16X3/8LLBB,5119,13th,13.0,8.00,43.8
2L,2L8X4X9/16X3/8LLBB,3133,14th,13.0,4.00,43.8
2L,2L8X4X9/16X3/8LLBB,1102,15th,13.0,8.00,43.8
2L,2L8X4X9/16X3/8LLBB,7064,LRFD3,13,8,44.1
2L,2L8X6,14487,ASD6,26.00,–,88.4
2L,2L8X6,14488,ASD6,22.96,–,78.2
2L,2L8X6,14489,ASD6,19.88,–,67.6
2L,2L8X6,14490,ASD6,16.72,–,57.0
2L,2L8X6,14491,ASD6,15.12,–,51.4
2L,2L8X6,14492,ASD6,13.50,–,46.0
2L,2L8X6,14493,ASD6,11.86,–,40.4
2L,2L8X6,14571,ASD6,26.00,–,88.4
2L,2L8X6,14572,ASD6,22.96,–,78.2
2L,2L8X6,14573,ASD6,19.88,–,67.6
2L,2L8X6,14574,ASD6,16.72,–,57.0
2L,2L8X6,14575,ASD6,15.12,–,51.4
2L,2L8X6,14576,ASD6,13.50,–,46.0
2L,2L8X6,14577,ASD6,11.86,–,40.4
2L,2L8X6X1/2LLBB,5100,13th,13.6,8.00,46.0
2L,2L8X6X1/2LLBB,3114,14th,13.6,6.00,46.0
2L,2L8X6X1/2LLBB,1083,15th,13.6,8.00,46.0
2L,2L8X6X1/2LLBB,8911,LRFD2,13.5000,8.0000,46.0000
2L,2L8X6X1/2LLBB,7045,LRFD3,13.6,8,46.3
2L,2L8X6X1/2X3/4LLBB,5102,13th,13.6,8.00,46.0
2L,2L8X6X1/2X3/4LLBB,3116,14th,13.6,6.00,46.0
2L,2L8X6X1/2X3/4LLBB,1085,15th,13.6,8.00,46.0
2L,2L8X6X1/2X3/4LLBB,8913,LRFD2,13.5000,8.0000,46.0000
2L,2L8X6X1/2X3/4LLBB,7047,LRFD3,13.6,8,46.3
2L,2L8X6X1/2X3/8LLBB,5101,13th,13.6,8.00,46.0
2L,2L8X6X1/2X3/8LLBB,3115,14th,13.6,6.00,46.0
2L,2L8X6X1/2X3/8LLBB,1084,15th,13.6,8.00,46.0
2L,2L8X6X1/2X3/8LLBB,8912,LRFD2,13.5000,8.0000,46.0000
2L,2L8X6X1/2X3/8LLBB,7046,LRFD3,13.6,8,46.3
2L,2L8X6X1LLBB,5085,13th,26.1,8.00,88.4
2L,2L8X6X1LLBB,3099,14th,26.2,6.00,88.4
2L,2L8X6X1LLBB,1068,15th,26.2,8.00,88.4
2L,2L8X6X1LLBB,8905,LRFD2,26.0000,8.0000,88.4000
2L,2L8X6X1LLBB,7030,LRFD3,26.1,8,88.8
2L,2L8X6X1X3/4LLBB,5087,13th,26.1,8.00,88.4
2L,2L8X6X1X3/4LLBB,3101,14th,26.2,6.00,88.4
2L,2L8X6X1X3/4LLBB,1070,15th,26.2,8.00,88.4
2L,2L8X6X1X3/4LLBB,8907,LRFD2,26.0000,8.0000,88.4000
2L,2L8X6X1X3/4LLBB,7032,LRFD3,26.1,8,88.8
2L,2L8X6X1X3/8LLBB,5086,13th,26.1,8.00,88.4
2L,2L8X6X1X3/8LLBB,3100,14th,26.2,6.00,88.4
2L,2L8X6X1X3/8LLBB,1069,15th,26.2,8.00,88.4
2L,2L8X6X1X3/8LLBB,8906,LRFD2,26.0000,8.0000,88.4000
2L,2L8X6X1X3/8LLBB,7031,LRFD3,26.1,8,88.8
2L,2L8X6X3/4LLBB,5091,13th,20.0,8.00,67.6
2L,2L8X6X3/4LLBB,3105,14th,20.0,6.00,67.6
2L,2L8X6X3/4LLBB,1074,15th,20.0,8.00,67.6
2L,2L8X6X3/4LLBB,8908,LRFD2,19.9000,8.0000,67.6000
2L,2L8X6X3/4LLBB,7036,LRFD3,20,8,68
2L,2L8X6X3/4X3/4LLBB,5093,13th,20.0,8.00,67.6
2L,2L8X6X3/4X3/4LLBB,3107,14th,20.0,6.00,67.6
2L,2L8X6X3/4X3/4LLBB,1076,15th,20.0,8.00,67.6
2L,2L8X6X3/4X3/4LLBB,8910,LRFD2,19.9000,8.0000,67.6000
2L,2L8X6X3/4X3/4LLBB,7038,LRFD3,20,8,68
2L,2L8X6X3/4X3/8LLBB,5092,13th,20.0,8.00,67.6
2L,2L8X6X3/4X3/8LLBB,3106,14th,20.0,6.00,67.6
2L,2L8X6X3/4X3/8LLBB,1075,15th,20.0,8.00,67.6
2L,2L8X6X3/4X3/8LLBB,8909,LRFD2,19.9000,8.0000,67.6000
2L,2L8X6X3/4X3/8LLBB,7037,LRFD3,20,8,68
2L,2L8X6X5/8LLBB,5094,13th,16.8,8.00,57.0
2L,2L8X6X5/8LLBB,3108,14th,16.8,6.00,57.0
2L,2L8X6X5/8LLBB,1077,15th,16.8,8.00,57.0
2L,2L8X6X5/8LLBB,7039,LRFD3,16.8,8,57.3
2L,2L8X6X5/8X3/4LLBB,5096,13th,16.8,8.00,57.0
2L,2L8X6X5/8X3/4LLBB,3110,14th,16.8,6.00,57.0
2L,2L8X6X5/8X3/4LLBB,1079,15th,16.8,8.00,57.0
2L,2L8X6X5/8X3/4LLBB,7041,LRFD3,16.8,8,57.3
2L,2L8X6X5/8X3/8LLBB,5095,13th,16.8,8.00,57.0
2L,2L8X6X5/8X3/8LLBB,3109,14th,16.8,6.00,57.0
2L,2L8X6X5/8X3/8LLBB,1078,15th,16.8,8.00,57.0
2L,2L8X6X5/8X3/8LLBB,7040,LRFD3,16.8,8,57.3
2L,2L8X6X7/16LLBB,5103,13th,12.0,8.00,40.4
2L,2L8X6X7/16LLBB,3117,14th,12.0,6.00,40.4
2L,2L8X6X7/16LLBB,1086,15th,12.0,8.00,40.4
2L,2L8X6X7/16LLBB,7048,LRFD3,12,8,40.7
2L,2L8X6X7/16X3/4LLBB,5105,13th,12.0,8.00,40.4
2L,2L8X6X7/16X3/4LLBB,3119,14th,12.0,6.00,40.4
2L,2L8X6X7/16X3/4LLBB,1088,15th,12.0,8.00,40.4
2L,2L8X6X7/16X3/4LLBB,7050,LRFD3,12,8,40.7
2L,2L8X6X7/16X3/8LLBB,5104,13th,12.0,8.00,40.4
2L,2L8X6X7/16X3/8LLBB,3118,14th,12.0,6.00,40.4
2L,2L8X6X7/16X3/8LLBB,1087,15th,12.0,8.00,40.4
2L,2L8X6X7/16X3/8LLBB,7049,LRFD3,12,8,40.7
2L,2L8X6X7/8LLBB,5088,13th,23.1,8.00,78.2
2L,2L8X6X7/8LLBB,3102,14th,23.0,6.00,78.2
2L,2L8X6X7/8LLBB,1071,15th,23.0,8.00,78.2
2L,2L8X6X7/8LLBB,7033,LRFD3,23.1,8,78.5
2L,2L8X6X7/8X3/4LLBB,5090,13th,23.1,8.00,78.2
2L,2L8X6X7/8X3/4LLBB,3104,14th,23.0,6.00,78.2
2L,2L8X6X7/8X3/4LLBB,1073,15th,23.0,8.00,78.2
2L,2L8X6X7/8X3/4LLBB,7035,LRFD3,23.1,8,78.5
2L,2L8X6X7/8X3/8LLBB,5089,13th,23.1,8.00,78.2
2L,2L8X6X7/8X3/8LLBB,3103,14th,23.0,6.00,78.2
2L,2L8X6X7/8X3/8LLBB,1072,15th,23.0,8.00,78.2
2L,2L8X6X7/8X3/8LLBB,7034,LRFD3,23.1,8,78.5
2L,2L8X6X9/16LLBB,5097,13th,15.2,8.00,51.4
2L,2L8X6X9/16LLBB,3111,14th,15.2,6.00,51.4
2L,2L8X6X9/16LLBB,1080,15th,15.2,8.00,51.4
2L,2L8X6X9/16LLBB,7042,LRFD3,15.2,8,51.8
2L,2L8X6X9/16X3/4LLBB,5099,13th,15.2,8.00,51.4
2L,2L8X6X9/16X3/4LLBB,3113,14th,15.2,6.00,51.4
2L,2L8X6X9/16X3/4LLBB,1082,15th,15.2,8.00,51.4
2L,2L8X6X9/16X3/4LLBB,7044,LRFD3,15.2,8,51.8
2L,2L8X6X9/16X3/8LLBB,5098,13th,15.2,8.00,51.4
2L,2L8X6X9/16X3/8LLBB,3112,14th,15.2,6.00,51.4
2L,2L8X6X9/16X3/8LLBB,1081,15th,15.2,8.00,51.4
2L,2L8X6X9/16X3/8LLBB,7043,LRFD3,15.2,8,51.8
2L,2L8X8,14649,ASD6,33.46,–,113.8
2L,2L8X8,14650,ASD6,30.00,–,102.0
2L,2L8X8,14651,ASD6,26.46,–,90.0
2L,2L8X8,14652,ASD6,22.88,–,77.8
2L,2L8X8,14653,ASD6,19.22,–,65.4
2L,2L8X8,14654,ASD6,17.36,–,59.2
2L,2L8X8,14655,ASD6,15.50,–,52.8
2L,2L8X8X0.75,13787,ASD7,22.9,–,77.8
2L,2L8X8X0.75,13793,ASD7,16.9,–,57.4
2L,2L8X8X0.75,12372,ASD8,22.9,–,77.8
2L,2L8X8X0.75,10050,ASD9,22.9,–,77.8
2L,2L8X8X0.75,11199,LRFD1,22.9,–,77.8
2L,2L9X4,14481,ASD6,24.00,–,81.6
2L,2L9X4,14482,ASD6,21.22,–,72.2
2L,2L9X4,14483,ASD6,18.38,–,62.6
2L,2L9X4,14484,ASD6,15.46,–,52.6
2L,2L9X4,14485,ASD6,14.00,–,47.6
2L,2L9X4,14486,ASD6,12.50,–,42.6
2L,2L9X4,14565,ASD6,24.00,–,81.6
2L,2L9X4,14566,ASD6,21.22,–,72.2
2L,2L9X4,14567,ASD6,18.38,–,62.6
2L,2L9X4,14568,ASD6,15.46,–,52.6
2L,2L9X4,14569,ASD6,14.00,–,47.6
2L,2L9X4,14570,ASD6,12.50,–,42.6
B,B10,17665,Historic,8.61,10.25,29.0
B,B10,17669,Historic,8.41,10.19,28.5
B,B10,17670,Historic,8.34,10.00,28.5
B,B10,17671,Historic,8.05,10.00,27.5
B,B10,17672,Historic,7.68,10.09,26.0
B,B10,17673,Historic,7.65,10.12,26.0
B,B10,17678,Historic,7.61,10.09,26.0
B,B10,17682,Historic,7.15,10.00,24.5
B,B10,17683,Historic,6.96,10.00,23.5
B,B10,17684,Historic,6.94,10.00,23.5
B,B10,17685,Historic,6.89,10.00,23.5
B,B10,17690,Historic,6.76,10.00,23.0
B,B10,17692,Historic,6.65,10.00,22.5
B,B10,17697,Historic,6.28,9.90,21.0
B,B10,17698,Historic,6.24,9.91,21.0
B,B10X4,15072,ASD6,5.61,10.25,19
B,B10X4,15073,ASD6,4.98,10.12,17
B,B10X4,15074,ASD6,4.40,10.00,15
B,B10X4,15075,ASD6,3.39,9.87,11.5
B,B12,17581,Historic,10.58,12.25,36.0
B,B12,17584,Historic,9.44,12.00,32.0
B,B12,17586,Historic,9.42,12.12,32.0
B,B12,17590,Historic,9.36,12.12,31.5
B,B12,17591,Historic,9.13,12.00,31.0
B,B12,17594,Historic,9.02,12.06,31.0
B,B12,17596,Historic,8.42,12.00,28.5
B,B12,17597,Historic,8.41,12.00,28.5
B,B12,17598,Historic,8.40,12.00,28.5
B,B12,17599,Historic,8.28,12.00,28.0
B,B12,17609,Historic,7.44,11.88,25.0
B,B12,17612,Historic,7.38,11.87,25.0
B,B12,17613,Historic,7.37,11.84,25.0
B,B12A,17561,Historic,14.28,12.25,48.5
B,B12A,17566,Historic,13.10,12.25,44.5
B,B12A,17567,Historic,12.97,12.12,44.0
B,B12A,17568,Historic,11.84,12.12,40.0
B,B12A,17569,Historic,11.80,12.00,40.0
B,B12A,17574,Historic,10.60,12.00,36.5
B,B12A,17575,Historic,10.63,12.00,36.0
B,B12A,17576,Historic,10.61,12.00,36.0
B,B12X4,15065,ASD6,6.47,12.31,22
B,B12X4,15066,ASD6,5.62,12.16,19
B,B12X4,15067,ASD6,4.86,12.00,16.5
B,B12X4,15068,ASD6,4.14,11.91,14
B,B14,17477,Historic,12.46,14.25,42.0
B,B14,17478,Historic,12.40,14.12,42.0
B,B14,17479,Historic,12.38,14.25,42.0
B,B14,17489,Historic,11.07,14.12,37.5
B,B14,17490,Historic,11.02,14.00,37.5
B,B14,17491,Historic,10.93,14.12,37.0
B,B14,17496,Historic,9.73,13.88,33.0
B,B14,17498,Historic,9.70,14.00,33.0
B,B14,17501,Historic,8.89,13.88,30.0
B,B14X5,15062,ASD6,7.65,13.89,26
B,B14X5,15063,ASD6,6.47,13.72,22
B,B15,17387,Historic,14.43,15.25,49.0
B,B15,17390,Historic,13.52,15.00,46.0
B,B15,17391,Historic,13.46,15.00,46.0
B,B15,17392,Historic,12.94,15.12,44.0
B,B15,17394,Historic,12.50,15.09,42.5
B,B15,17395,Historic,12.39,15.09,42.5
B,B15,17396,Historic,12.41,15.00,42.0
B,B15,17397,Historic,12.02,15.00,41.0
B,B15,17398,Historic,11.80,15.03,40.0
B,B15,17399,Historic,11.68,15.03,40.0
B,B15,17401,Historic,11.45,15.00,39.0
B,B15,17402,Historic,11.37,15.00,38.5
B,B15,17403,Historic,11.27,15.00,38.5
B,B15,17404,Historic,11.26,15.00,38.5
B,B15,17405,Historic,11.27,15.00,38.0
B,B15,17406,Historic,11.21,15.00,38.0
B,B15,17410,Historic,10.61,14.91,36.0
B,B15,17411,Historic,10.34,14.88,35.0
B,B15A,17361,Historic,21.20,15.31,72.0
B,B15A,17370,Historic,19.38,15.16,66.0
B,B15A,17372,Historic,18.85,15.00,64.0
B,B15A,17373,Historic,18.81,15.00,64.0
B,B15A,17375,Historic,17.58,15.00,60.0
B,B15A,17376,Historic,17.49,15.12,59.5
B,B15A,17377,Historic,17.32,15.12,59.5
B,B15A,17379,Historic,16.16,14.88,55.0
B,B15A,17380,Historic,16.05,15.00,54.5
B,B15A,17381,Historic,15.88,15.00,54.5
B,B15A,17382,Historic,15.87,15.00,54.5
B,B15A,17383,Historic,15.88,15.00,54.0
B,B15A,17384,Historic,15.85,15.00,54.0
B,B15A,17385,Historic,14.84,14.88,50.5
B,B15A,17386,Historic,14.66,14.88,50.5
B,B15A,17389,Historic,13.63,14.75,46.0
B,B15B,17360,Historic,21.27,15.00,72.0
B,B15B,17363,Historic,20.95,15.00,71.5
B,B15B,17364,Historic,21.04,15.00,71.5
B,B15B,17365,Historic,20.79,15.00,71.5
B,B15B,17366,Historic,20.95,15.00,71.0
B,B16,17298,Historic,14.78,16.25,50.0
B,B16,17299,Historic,14.72,16.12,50.0
B,B16,17305,Historic,13.26,16.12,45.0
B,B16,17310,Historic,13.20,16.00,45.0
B,B16,17312,Historic,11.83,16.00,40.0
B,B16,17314,Historic,11.78,15.88,40.0
B,B16,17321,Historic,10.88,15.88,37.0
B,B16,17324,Historic,10.29,15.81,35.0
B,B16A,17279,Historic,21.07,16.25,71.5
B,B16A,17283,Historic,19.99,16.25,68.0
B,B16A,17285,Historic,19.40,16.12,66.0
B,B16A,17288,Historic,18.55,16.12,63.0
B,B16A,17291,Historic,17.89,16.00,60.5
B,B16A,17294,Historic,17.05,16.00,58.0
B,B16A,17297,Historic,16.63,15.88,56.5
B,B16X5.5,15060,ASD6,9.12,15.84,31
B,B16X5.5,15061,ASD6,7.65,15.65,26
B,B18,17214,Historic,17.40,18.00,59.0
B,B18,17215,Historic,17.29,18.00,58.5
B,B18,17217,Historic,16.81,18.25,57.0
B,B18,17221,Historic,16.06,18.12,54.5
B,B18,17222,Historic,15.95,18.12,54.5
B,B18,17223,Historic,15.87,18.00,54.5
B,B18,17224,Historic,15.87,18.00,54.0
B,B18,17225,Historic,15.40,18.00,52.5
B,B18,17226,Historic,15.34,18.06,52.0
B,B18,17229,Historic,15.29,18.12,52.0
B,B18,17230,Historic,15.24,18.00,52.0
B,B18,17231,Historic,15.22,18.06,52.0
B,B18,17235,Historic,14.47,18.06,49.0
B,B18,17236,Historic,14.44,18.00,49.0
B,B18,17238,Historic,14.32,18.00,49.0
B,B18,17239,Historic,14.25,18.00,49.0
B,B18,17240,Historic,14.25,18.00,48.5
B,B18,17241,Historic,14.23,18.00,48.5
B,B18,17244,Historic,13.90,17.94,47.0
B,B18,17245,Historic,13.84,18.00,47.0
B,B18A,17191,Historic,22.70,18.16,77.0
B,B18A,17195,Historic,21.79,18.12,74.0
B,B18A,17196,Historic,21.61,18.12,74.0
B,B18A,17199,Historic,20.58,18.00,70.0
B,B18A,17202,Historic,20.37,18.00,69.0
B,B18A,17203,Historic,20.20,18.00,69.0
B,B18A,17205,Historic,18.97,17.88,64.5
B,B18A,17206,Historic,18.79,17.88,64.5
B,B18A,17208,Historic,18.81,17.87,64.0
B,B18A,17213,Historic,17.48,17.75,59.0
B,B20,17007,Historic,20.88,24.00,71.0
B,B20,17143,Historic,20.26,20.00,69.0
B,B20,17145,Historic,19.95,20.00,68.0
B,B20,17147,Historic,19.08,20.25,65.0
B,B20,17148,Historic,18.86,20.00,64.5
B,B20,17149,Historic,18.79,20.12,64.5
B,B20,17150,Historic,18.86,20.00,64.0
B,B20,17151,Historic,18.55,20.00,63.0
B,B20,17152,Historic,18.11,20.06,62.0
B,B20,17154,Historic,17.65,20.00,60.0
B,B20,17155,Historic,17.63,20.12,60.0
B,B20,17156,Historic,17.36,20.00,59.5
B,B20,17157,Historic,17.33,20.00,59.5
B,B20,17158,Historic,17.36,20.00,59.0
B,B20,17159,Historic,17.15,20.00,58.5
B,B20,17160,Historic,16.51,19.88,56.0
B,B20,17162,Historic,16.16,20.00,55.0
B,B20A,17128,Historic,28.89,20.38,98.0
B,B20A,17131,Historic,25.86,20.18,88.0
B,B20A,17132,Historic,24.23,20.00,82.0
B,B20A,17133,Historic,24.17,20.00,82.0
B,B20A,17134,Historic,23.54,20.00,80.0
B,B20A,17136,Historic,22.77,20.09,78.0
B,B20A,17138,Historic,21.76,19.88,74.0
B,B20A,17139,Historic,21.37,20.00,73.0
B,B20A,17140,Historic,21.37,20.00,73.0
B,B20A,17141,Historic,21.43,20.00,72.0
B,B20A,17142,Historic,21.37,20.00,72.0
B,B20A,17144,Historic,20.12,19.88,68.5
B,B22,17029,Historic,21.52,22.38,73.0
B,B22,17030,Historic,21.51,22.25,73.0
B,B22,17031,Historic,20.88,22.12,71.5
B,B22,17032,Historic,20.04,22.06,68.5
B,B22,17033,Historic,19.84,22.12,67.5
B,B22,17034,Historic,19.74,22.25,67.0
B,B22,17035,Historic,19.08,22.00,65.5
B,B22,17036,Historic,18.38,22.00,62.5
B,B22,17037,Historic,18.19,22.12,62.0
B,B22,17038,Historic,17.14,21.88,58.0
B,B22,17039,Historic,17.10,21.81,58.0
B,B22,17040,Historic,17.06,22.00,58.0
B,B22,17041,Historic,16.04,21.75,54.5
B,B22,17098,Historic,16.90,21.00,58.0
B,B22A,17021,Historic,28.38,22.25,96.5
B,B22A,17022,Historic,28.21,22.25,96.0
B,B22A,17023,Historic,26.28,22.12,89.0
B,B22A,17024,Historic,26.23,22.12,89.0
B,B22A,17025,Historic,24.51,22.00,83.0
B,B22A,17026,Historic,24.45,22.00,83.0
B,B22A,17027,Historic,22.74,21.88,77.0
B,B22A,17028,Historic,22.67,21.89,77.0
B,B24,16986,Historic,24.59,24.00,83.0
B,B24,16987,Historic,24.33,24.00,82.0
B,B24,16988,Historic,23.86,24.12,81.0
B,B24,16992,Historic,23.35,24.09,79.5
B,B24,16993,Historic,23.17,24.09,79.5
B,B24,16998,Historic,21.81,24.00,74.0
B,B24,17003,Historic,21.70,24.00,73.5
B,B24,17004,Historic,21.52,24.00,73.5
B,B24,17005,Historic,21.47,24.00,73.5
B,B24,17006,Historic,21.21,24.00,72.0
B,B24,17008,Historic,20.61,23.88,70.0
B,B24,17011,Historic,20.62,23.88,70.0
B,B24,17413,Historic,10.22,15.00,35.0
B,B24A,16971,Historic,27.36,24.26,93.0
B,B24A,16973,Historic,26.47,24.12,90.5
B,B24A,16976,Historic,24.99,24.12,85.0
B,B24A,16979,Historic,24.97,24.00,84.5
B,B24A,16980,Historic,24.80,24.00,84.5
B,B24A,16981,Historic,24.75,24.00,84.5
B,B24A,16982,Historic,24.80,24.00,84.0
B,B24A,16983,Historic,24.79,24.00,84.0
B,B24B,16957,Historic,30.88,24.09,104.5
B,B24B,16964,Historic,29.40,24.00,99.5
B,B24B,16965,Historic,29.15,24.00,99.5
B,B24B,16966,Historic,28.05,23.91,95.5
B,B24B,16967,Historic,27.79,23.91,95.5
B,B26,16894,Historic,29.69,26.31,101.0
B,B26,16895,Historic,28.69,26.12,98.0
B,B26,16896,Historic,28.47,26.12,98.0
B,B26,16897,Historic,26.83,26.12,91.0
B,B26,16898,Historic,26.76,26.00,91.0
B,B26,16899,Historic,26.55,26.00,91.0
B,B26,16900,Historic,26.49,26.00,91.0
B,B26,16901,Historic,26.63,26.00,90.0
B,B26,16902,Historic,26.49,26.00,90.0
B,B26,16903,Historic,25.11,25.88,85.5
B,B26,16904,Historic,24.89,25.88,85.5
B,B26,16905,Historic,25.04,26.00,85.0
B,B26,16906,Historic,23.90,25.78,81.0
B,B26,17696,Historic,6.42,10.00,22.0
B,B28,16824,Historic,39.09,28.59,133.0
B,B28,16825,Historic,35.11,28.38,119.0
B,B28,16826,Historic,32.98,28.12,113.0
B,B28,16827,Historic,32.95,28.25,112.0
B,B28,16828,Historic,30.93,28.00,106.0
B,B28,16829,Historic,30.88,28.00,106.0
B,B28,16830,Historic,31.04,28.00,105.0
B,B28,16831,Historic,30.88,28.00,105.0
B,B28,16832,Historic,30.66,28.12,104.0
B,B28,16833,Historic,29.18,27.88,100.0
B,B28,16834,Historic,28.61,28.00,97.0
B,B28,16835,Historic,27.02,27.75,92.0
B,B28,16836,Historic,26.86,27.88,91.0
B,B28,16837,Historic,24.96,27.69,85.0
B,B30,16775,Historic,48.00,30.65,163.0
B,B30,16777,Historic,43.93,30.44,149.0
B,B30,16779,Historic,40.40,30.25,137.0
B,B30,16784,Historic,38.47,30.31,131.0
B,B30,16785,Historic,37.82,30.12,129.0
B,B30,16786,Historic,37.52,30.13,129.0
B,B30,16791,Historic,35.87,30.12,122.0
B,B30,16793,Historic,35.65,30.00,121.0
B,B30,16794,Historic,35.36,30.00,121.0
B,B30,16795,Historic,35.30,30.00,121.0
B,B30,16796,Historic,35.30,30.00,120.0
B,B30,16797,Historic,35.25,30.00,120.0
B,B30,16800,Historic,33.85,30.00,115.0
B,B30,16803,Historic,33.80,29.88,115.0
B,B30,16804,Historic,33.50,29.88,115.0
B,B30,16805,Historic,32.45,29.78,110.0
B,B30,16806,Historic,31.85,29.88,108.0
B,B33,16708,Historic,48.52,33.50,165.0
B,B33,16713,Historic,44.69,33.25,152.0
B,B33,16714,Historic,44.68,33.50,152.0
B,B33,16715,Historic,44.65,33.27,152.0
B,B33,16716,Historic,42.05,33.12,143.0
B,B33,16719,Historic,41.48,33.31,141.0
B,B33,16722,Historic,39.55,33.00,135.0
B,B33,16726,Historic,38.81,33.15,132.0
B,B33,16729,Historic,36.88,32.88,125.0
B,B33,16730,Historic,36.83,32.89,125.0
B,B33,16734,Historic,36.75,33.00,125.0
B,B33,17099,Historic,16.85,21.00,57.5
B,B36,16651,Historic,56.46,36.50,192.0
B,B36,16653,Historic,55.87,36.52,190.0
B,B36,16656,Historic,51.80,36.25,176.0
B,B36,16659,Historic,50.94,36.25,173.0
B,B36,16662,Historic,49.15,36.12,167.0
B,B36,16664,Historic,48.10,36.12,164.0
B,B36,16669,Historic,46.44,36.00,158.0
B,B36,16670,Historic,45.58,36.00,155.0
B,B36,16674,Historic,44.10,35.88,150.0
B,B36,16675,Historic,43.24,35.88,147.0
B,B36,16677,Historic,43.23,35.90,147.0
B,B36,17606,Historic,8.04,12.00,27.5
B,B39,17771,Historic,6.17,8.00,21.0
B,B39,17784,Historic,5.29,8.00,18.0
B,B39,17789,Historic,5.14,8.00,17.5
B,B39,17795,Historic,5.00,8.00,17.0
B,B40,17718,Historic,7.34,9.00,25.0
B,B40,17726,Historic,6.17,9.00,21.0
B,B40,17729,Historic,6.02,9.00,20.5
B,B40N,17721,Historic,6.76,9.00,23.0
B,B40N,17732,Historic,5.88,9.00,20.0
B,B6,17804,Historic,12.04,6.75,41.0
B,B6,17805,Historic,8.81,6.38,30.0
B,B6,17809,Historic,7.92,6.25,27.0
B,B6,17814,Historic,6.76,6.12,23.0
B,B6,18822,Historic,12.04,6.75,41.0
B,B6L,17892,Historic,4.72,6.25,16.0
B,B6L,17895,Historic,3.53,6.00,12.0
B,B6X4,15085,ASD6,4.72,6.25,16
B,B6X4,15086,ASD6,3.53,6.00,12
B,B6X4,15087,ASD6,2.50,5.83,8.5
B,B8,17767,Historic,6.25,8.00,21.25
B,B8,17768,Historic,6.20,8.19,21.0
B,B8,17774,Historic,5.78,8.00,19.5
B,B8,17775,Historic,5.68,8.06,19.0
B,B8,17776,Historic,5.62,8.06,19.0
B,B8,17777,Historic,5.60,8.09,19.0
B,B8,17783,Historic,5.37,8.00,18.0
B,B8,17785,Historic,5.20,8.00,17.5
B,B8,17786,Historic,5.18,8.00,17.5
B,B8,17788,Historic,5.14,8.00,17.5
B,B8,17792,Historic,5.00,8.00,17.0
B,B8,17796,Historic,4.81,8.00,16.25
B,B8X4,15082,ASD6,4.43,8.12,15
B,B8X4,15083,ASD6,3.83,8.00,13
B,B8X4,15084,ASD6,2.95,7.90,10
B,B9,17719,Historic,7.04,9.00,24.0
B,B9,17720,Historic,6.76,9.00,23.0
B,B9,17722,Historic,6.75,9.12,23.0
B,B9,17723,Historic,6.51,9.06,22.0
B,B9,17724,Historic,6.45,9.06,22.0
B,B9,17725,Historic,6.22,9.00,21.0
B,B9,17727,Historic,6.09,9.00,20.5
B,B9,17728,Historic,6.02,9.00,20.5
B,B9,17730,Historic,6.01,9.00,20.5
B,B9,17731,Historic,6.01,9.00,20.0
B,B9,17733,Historic,5.86,9.00,20.0
B,B9,17734,Historic,5.68,9.00,19.0
B,BJ10,17869,Historic,5.60,10.16,19.0
B,BJ10,17872,Historic,4.86,10.00,16.5
B,BJ12,17856,Historic,6.22,12.16,21.0
B,BJ12,17859,Historic,5.44,12.00,18.5
B,BJ6,17893,Historic,4.11,6.12,14.0
B,BJ6,17896,Historic,3.25,6.00,11.0
B,BJ6,17900,Historic,2.50,5.83,8.5
B,BJ8,17879,Historic,4.74,8.12,16.0
B,BJ8,17882,Historic,4.28,8.00,14.5
B,BS4,17849,Historic,3.82,4.16,13.0
B,BS4,17853,Historic,2.22,3.87,7.5
B,BS6,17820,Historic,6.06,6.19,20.5
B,BS6,17826,Historic,5.33,6.09,18.0
B,BS6,17830,Historic,5.28,6.09,18.0
B,BS6,17833,Historic,4.61,6.00,15.5
B,BS6,17836,Historic,4.59,6.00,15.5
BL,"10BL,B10L",17867,Historic,5.61,10.25,19.0
BL,"10BL,B10L",17870,Historic,4.98,10.12,17.0
BL,"10BL,B10L",17873,Historic,4.40,10.00,15.0
BL,"12BL,B12L",17857,Historic,5.62,12.16,19.0
BL,"12BL,B12L",17860,Historic,4.86,12.00,16.5
BL,"8BL,B8L",17880,Historic,4.43,8.12,15.0
BL,"8BL,B8L",17883,Historic,3.83,8.00,13.0
BLB,BLB10X4,15781,ASD5,5.61,10.25,19
BLB,BLB10X4,15782,ASD5,4.98,10.12,17
BLB,BLB10X4,15783,ASD5,4.40,10.00,15
BLB,BLB12X4,15778,ASD5,6.47,12.31,22
BLB,BLB12X4,15779,ASD5,5.62,12.16,19
BLB,BLB12X4,15780,ASD5,4.86,12.00,16 1/2
BLB,BLB6X4,15786,ASD5,4.72,6.25,16
BLB,BLB6X4,15787,ASD5,3.53,6.00,12
BLB,BLB8X4,15784,ASD5,4.43,8.12,15
BLB,BLB8X4,15785,ASD5,3.83,8.00,13
BP,BP10X10,15351,ASD5,16.76,10.012,57
BP,BP10X10,15352,ASD5,12.35,9.720,42
BP,BP10X10,15125,ASD6,16.76,10.01,57
BP,BP10X10,15126,ASD6,12.35,9.72,42
BP,BP12X12,15349,ASD5,21.76,12.122,74
BP,BP12X12,15350,ASD5,15.58,11.780,53
BP,BP12X12,15123,ASD6,21.76,12.12,74
BP,BP12X12,15124,ASD6,15.58,11.78,53
BP,BP14X14.5,15345,ASD5,34.44,14.234,117
BP,BP14X14.5,15346,ASD5,30.01,14.032,102
BP,BP14X14.5,15347,ASD5,26.19,13.856,89
BP,BP14X14.5,15348,ASD5,21.46,13.636,73
BP,BP14X14.5,15119,ASD6,34.44,14.23,117
BP,BP14X14.5,15120,ASD6,30.01,14.03,102
BP,BP14X14.5,15121,ASD6,26.19,13.86,89
BP,BP14X14.5,15122,ASD6,21.46,13.64,73
BWF,BWF4X4,15775,ASD5,3.82,4.16,13
BWF,BWF4X4,15776,ASD5,2.93,4.00,10
BWF,BWF5X5,15773,ASD5,5.45,5.12,18.5
BWF,BWF5X5,15774,ASD5,4.70,5.00,16
BWF,BWF6X6,15770,ASD5,7.37,6.37,25
BWF,BWF6X6,15771,ASD5,5.90,6.20,20
BWF,BWF6X6,15772,ASD5,4.62,6.00,15.5
C,C4X4.5,4445,13th,1.38,4.00,4.50
C,C4X4.5,2459,14th,1.38,4.00,4.50
C,C4X4.5,378,15th,1.34,4.00,4.50
C,C4X4.5,6406,LRFD3,1.38,4,4.5
C,C4X6.25,2457,14th,1.77,4.00,6.25
C,C4X6.25,376,15th,1.84,4.00,6.25
CB,CB101,17663,Historic,8.82,10.23,30.0
CB,CB101,17677,Historic,7.64,10.10,26.0
CB,CB101,17688,Historic,6.76,10.00,23.0
CB,CB101,17703,Historic,6.17,9.90,21.0
CB,CB101N,17666,Historic,8.54,10.24,29.0
CB,CB101N,17674,Historic,7.65,10.12,26.0
CB,CB101N,17689,Historic,6.76,10.00,23.0
CB,CB101N,17701,Historic,6.18,9.90,21.0
CB,CB102,17646,Historic,12.35,10.00,42.0
CB,CB102,17658,Historic,10.58,10.00,36.0
CB,CB102,17659,Historic,9.72,9.75,33.0
CB,CB102,17662,Historic,9.11,10.00,31.0
CB,CB102,18633,Historic,12.35,10.00,42.0
CB,CB102,18645,Historic,10.58,10.00,36.0
CB,CB102,18651,Historic,9.11,10.00,31.0
CB,CB102N,17641,Historic,13.22,10.12,45.0
CB,CB102N,17650,Historic,12.06,10.00,41.0
CB,CB102N,17657,Historic,10.85,9.88,37.0
CB,CB102N,18630,Historic,13.22,10.12,45.0
CB,CB102N,18637,Historic,12.06,10.00,41.0
CB,CB102N,18644,Historic,10.85,9.88,37.0
CB,CB102N,18649,Historic,9.72,9.75,33.0
CB,CB103,17621,Historic,18.53,10.00,63.0
CB,CB103,17626,Historic,16.47,10.00,56.0
CB,CB103,17633,Historic,14.41,10.00,49.0
CB,CB103,18599,Historic,18.53,10.00,63.0
CB,CB103,18608,Historic,16.47,10.00,56.0
CB,CB103,18620,Historic,14.41,10.00,49.0
CB,CB103A,17620,Historic,18.81,10.00,64.0
CB,CB103A,17625,Historic,17.34,10.00,59.0
CB,CB103A,17630,Historic,15.87,10.00,54.0
CB,CB103A,17636,Historic,14.40,10.00,49.0
CB,CB103A,18598,Historic,18.81,10.00,64.0
CB,CB103A,18607,Historic,17.34,10.00,59.0
CB,CB103A,18616,Historic,15.87,10.00,54.0
CB,CB103A,18621,Historic,14.40,10.00,49.0
CB,CB103N,17617,Historic,19.43,10.38,66.0
CB,CB103N,17624,Historic,17.65,10.25,60.0
CB,CB103N,17627,Historic,15.89,10.12,54.0
CB,CB103N,17637,Historic,14.38,10.00,49.0
CB,CB103N,18505,Historic,40.01,11.88,136.0
CB,CB103N,18511,Historic,38.23,11.75,130.0
CB,CB103N,18518,Historic,36.45,11.62,124.0
CB,CB103N,18523,Historic,34.68,11.50,118.0
CB,CB103N,18531,Historic,32.92,11.38,112.0
CB,CB103N,18541,Historic,31.16,11.25,106.0
CB,CB103N,18548,Historic,29.42,11.12,100.0
CB,CB103N,18552,Historic,27.92,11.00,95.0
CB,CB103N,18562,Historic,26.17,10.88,89.0
CB,CB103N,18571,Historic,24.41,10.75,83.0
CB,CB103N,18578,Historic,22.65,10.62,77.0
CB,CB103N,18584,Historic,21.17,10.50,72.0
CB,CB103N,18593,Historic,19.43,10.38,66.0
CB,CB103N,18604,Historic,17.65,10.25,60.0
CB,CB103N,18614,Historic,15.89,10.12,54.0
CB,CB103N,18623,Historic,14.38,10.00,49.0
CB,CB104,18559,Historic,27.06,10.00,92.0
CB,CB104,18567,Historic,24.70,10.00,84.0
CB,CB104,18579,Historic,22.65,10.00,77.0
CB,CB104,18589,Historic,20.59,10.00,70.0
CB,CB105,18501,Historic,41.17,10.00,140.0
CB,CB105,18508,Historic,38.81,10.00,132.0
CB,CB105,18517,Historic,36.46,10.00,124.0
CB,CB105,18528,Historic,34.11,10.00,116.0
CB,CB105,18536,Historic,31.76,10.00,108.0
CB,CB105,18549,Historic,29.40,10.00,100.0
CB,CB122,17577,Historic,10.59,12.24,36.0
CB,CB122,17582,Historic,9.99,12.02,34.0
CB,CB122,17589,Historic,9.40,12.12,32.0
CB,CB122,17602,Historic,8.22,12.00,28.0
CB,CB122N,17580,Historic,10.58,12.25,36.0
CB,CB122N,17585,Historic,9.42,12.12,32.0
CB,CB122N,17603,Historic,8.22,12.00,28.0
CB,CB122N,17614,Historic,7.36,11.87,25.0
CB,CB123,17559,Historic,14.69,12.26,50.0
CB,CB123,17564,Historic,13.23,12.13,45.0
CB,CB123,17572,Historic,11.76,12.00,40.0
CB,CB123,18442,Historic,14.69,12.26,50.0
CB,CB123,18450,Historic,13.23,12.13,45.0
CB,CB123,18456,Historic,11.76,12.00,40.0
CB,CB123B,17529,Historic,19.41,12.26,66.0
CB,CB123B,17541,Historic,17.65,12.12,60.0
CB,CB123B,17550,Historic,16.17,12.00,55.0
CB,CB123B,18409,Historic,19.41,12.26,66.0
CB,CB123B,18422,Historic,17.65,12.12,60.0
CB,CB123B,18431,Historic,16.17,12.00,55.0
CB,CB123N,17560,Historic,14.69,12.19,50.0
CB,CB123N,17565,Historic,13.21,12.06,45.0
CB,CB123N,17573,Historic,11.75,11.94,40.0
CB,CB123N,18443,Historic,14.69,12.19,50.0
CB,CB123N,18451,Historic,13.21,12.06,45.0
CB,CB123N,18458,Historic,11.75,11.94,40.0
CB,CB124,17512,Historic,24.41,12.00,83.0
CB,CB124,17520,Historic,22.05,12.00,75.0
CB,CB124,18369,Historic,29.41,12.00,100.0
CB,CB124,18382,Historic,26.76,12.00,91.0
CB,CB124,18390,Historic,24.41,12.00,83.0
CB,CB124,18398,Historic,22.05,12.00,75.0
CB,CB124B,17519,Historic,22.35,12.00,76.0
CB,CB124B,17527,Historic,20.58,12.00,70.0
CB,CB124B,17534,Historic,19.11,12.00,65.0
CB,CB124B,18397,Historic,22.35,12.00,76.0
CB,CB124B,18406,Historic,20.58,12.00,70.0
CB,CB124B,18412,Historic,19.11,12.00,65.0
CB,CB124C,17513,Historic,24.11,12.00,82.0
CB,CB124C,18368,Historic,29.99,12.00,102.0
CB,CB124C,18376,Historic,27.93,12.00,95.0
CB,CB124C,18383,Historic,25.88,12.00,88.0
CB,CB124C,18391,Historic,24.11,12.00,82.0
CB,CB124N,17538,Historic,18.81,12.31,64.0
CB,CB124N,17545,Historic,17.04,12.19,58.0
CB,CB124N,17554,Historic,15.57,12.06,53.0
CB,CB124N,18419,Historic,18.81,12.31,64.0
CB,CB124N,18426,Historic,17.04,12.19,58.0
CB,CB124N,18434,Historic,15.57,12.06,53.0
CB,CB125,18332,Historic,41.18,12.00,140.0
CB,CB125,18342,Historic,38.24,12.00,130.0
CB,CB125,18349,Historic,35.28,12.00,120.0
CB,CB125,18361,Historic,32.34,12.00,110.0
CB,CB125N,17509,Historic,24.98,12.50,85.0
CB,CB125N,17514,Historic,23.22,12.38,79.0
CB,CB125N,17523,Historic,21.15,12.25,72.0
CB,CB125N,17535,Historic,19.09,12.12,65.0
CB,CB125N,18290,Historic,55.86,14.38,190.0
CB,CB125N,18300,Historic,51.75,14.12,176.0
CB,CB125N,18305,Historic,49.69,14.00,169.0
CB,CB125N,18312,Historic,47.33,13.88,161.0
CB,CB125N,18318,Historic,45.27,13.75,154.0
CB,CB125N,18326,Historic,43.21,13.62,147.0
CB,CB125N,18333,Historic,41.15,13.50,140.0
CB,CB125N,18340,Historic,39.10,13.38,133.0
CB,CB125N,18345,Historic,37.04,13.25,126.0
CB,CB125N,18350,Historic,35.26,13.12,120.0
CB,CB125N,18357,Historic,33.21,13.00,113.0
CB,CB125N,18364,Historic,31.15,12.88,106.0
CB,CB125N,18372,Historic,29.09,12.75,99.0
CB,CB125N,18380,Historic,27.04,12.62,92.0
CB,CB125N,18386,Historic,24.98,12.50,85.0
CB,CB125N,18393,Historic,23.22,12.38,79.0
CB,CB125N,18402,Historic,21.15,12.25,72.0
CB,CB125N,18414,Historic,19.09,12.12,65.0
CB,CB126,18297,Historic,52.94,12.00,180.0
CB,CB126,18303,Historic,50.00,12.00,170.0
CB,CB126,18315,Historic,47.06,12.00,160.0
CB,CB126,18322,Historic,44.12,12.00,150.0
CB,CB127,18280,Historic,67.64,12.00,230.0
CB,CB127,18282,Historic,64.70,12.00,220.0
CB,CB127,18284,Historic,61.76,12.00,210.0
CB,CB127,18286,Historic,58.82,12.00,200.0
CB,CB127,18289,Historic,55.88,12.00,190.0
CB,CB141N,17480,Historic,12.35,14.25,42.0
CB,CB141N,17492,Historic,10.87,14.12,37.0
CB,CB141N,17499,Historic,9.69,14.00,33.0
CB,CB141N,17503,Historic,8.81,13.88,30.0
CB,CB142,17481,Historic,12.35,14.24,42.0
CB,CB142,17484,Historic,11.47,14.16,39.0
CB,CB142,17486,Historic,11.18,14.00,38.0
CB,CB142,17493,Historic,10.58,14.08,36.0
CB,CB142,17497,Historic,9.71,14.00,33.0
CB,CB142N,17465,Historic,17.03,14.06,58.0
CB,CB142N,17469,Historic,15.56,13.94,53.0
CB,CB142N,17473,Historic,14.10,13.81,48.0
CB,CB142N,17476,Historic,12.64,13.68,43.0
CB,CB142N,18213,Historic,17.03,14.06,58.0
CB,CB142N,18222,Historic,15.56,13.94,53.0
CB,CB142N,18228,Historic,14.10,13.81,48.0
CB,CB142N,18233,Historic,12.64,13.68,43.0
CB,CB143,17466,Historic,15.59,14.12,53.0
CB,CB143,17470,Historic,14.12,14.00,48.0
CB,CB143,18219,Historic,15.39,14.12,53.0
CB,CB143,18224,Historic,14.12,14.00,48.0
CB,CB143N,17453,Historic,21.75,14.19,74.0
CB,CB143N,17454,Historic,20.00,14.06,68.0
CB,CB143N,17459,Historic,17.94,13.91,61.0
CB,CB143N,17462,Historic,17.05,14.24,58.0
CB,CB143N,18188,Historic,21.75,14.19,74.0
CB,CB143N,18195,Historic,20.00,14.08,68.0
CB,CB143N,18207,Historic,17.94,13.91,61.0
CB,CB143N,18212,Historic,17.05,14.24,58.0
CB,CB144,17450,Historic,22.05,14.38,75.0
CB,CB144,17457,Historic,19.99,14.24,68.0
CB,CB144,17458,Historic,17.94,14.09,61.0
CB,CB144,18185,Historic,22.05,14.38,75.0
CB,CB144,18197,Historic,19.99,14.24,68.0
CB,CB144,18205,Historic,17.94,14.09,61.0
CB,CB144N,17446,Historic,24.68,14.18,84.0
CB,CB144N,17447,Historic,22.94,14.06,78.0
CB,CB144N,18173,Historic,24.68,14.18,84.0
CB,CB144N,18181,Historic,22.94,14.06,78.0
CB,CB145,17430,Historic,30.88,14.37,105.0
CB,CB145,17437,Historic,27.93,14.19,95.0
CB,CB145,17443,Historic,24.99,14.00,85.0
CB,CB145,18169,Historic,24.99,14.00,85.0
CB,CB145N,17416,Historic,39.98,14.75,136.0
CB,CB145N,17418,Historic,37.33,14.62,127.0
CB,CB145N,17424,Historic,34.97,14.50,119.0
CB,CB145N,17428,Historic,32.62,14.37,111.0
CB,CB145N,17431,Historic,30.27,14.25,103.0
CB,CB145N,17438,Historic,27.92,14.12,95.0
CB,CB145N,17439,Historic,25.56,14.00,87.0
CB,CB145N,18103,Historic,44.98,15.00,153.0
CB,CB145N,18115,Historic,42.62,14.88,145.0
CB,CB145N,18122,Historic,39.98,14.75,136.0
CB,CB145N,18128,Historic,37.33,14.62,127.0
CB,CB145N,18135,Historic,34.97,14.50,119.0
CB,CB145N,18142,Historic,32.62,14.37,111.0
CB,CB145N,18148,Historic,30.88,14.37,105.0
CB,CB145N,18149,Historic,30.27,14.25,103.0
CB,CB145N,18157,Historic,27.93,14.19,95.0
CB,CB145N,18158,Historic,27.92,14.12,95.0
CB,CB145N,18166,Historic,25.56,14.00,87.0
CB,CB146,17417,Historic,39.70,14.45,135.0
CB,CB146,17421,Historic,36.75,14.30,125.0
CB,CB146,17425,Historic,33.82,14.15,115.0
CB,CB146,17429,Historic,31.18,14.02,106.0
CB,CB146,17434,Historic,28.23,13.87,96.0
CB,CB146,17442,Historic,25.28,13.71,86.0
CB,CB146,17952,Historic,124.99,18.51,425.0
CB,CB146,17955,Historic,119.20,18.25,405.0
CB,CB146,17959,Historic,113.22,17.98,385.0
CB,CB146,17965,Historic,107.34,17.71,365.0
CB,CB146,17968,Historic,101.47,17.44,345.0
CB,CB146,17974,Historic,95.58,17.16,325.0
CB,CB146,17980,Historic,89.70,16.89,305.0
CB,CB146,17985,Historic,86.76,16.75,295.0
CB,CB146,17992,Historic,83.82,16.61,285.0
CB,CB146,17997,Historic,80.87,16.47,275.0
CB,CB146,18006,Historic,77.93,16.33,265.0
CB,CB146,18013,Historic,74.99,16.19,255.0
CB,CB146,18023,Historic,72.06,16.05,245.0
CB,CB146,18032,Historic,69.11,15.91,235.0
CB,CB146,18039,Historic,66.17,15.76,225.0
CB,CB146,18047,Historic,63.23,15.62,215.0
CB,CB146,18055,Historic,60.28,15.48,205.0
CB,CB146,18064,Historic,57.34,15.33,195.0
CB,CB146,18072,Historic,54.41,15.19,185.0
CB,CB146,18082,Historic,51.47,15.04,175.0
CB,CB146,18089,Historic,48.52,14.90,165.0
CB,CB146,18098,Historic,45.58,14.75,155.0
CB,CB146,18114,Historic,42.64,14.60,145.0
CB,CB146,18123,Historic,39.70,14.45,135.0
CB,CB146,18126,Historic,38.52,14.16,131.0
CB,CB146,18130,Historic,36.75,14.30,125.0
CB,CB146,18138,Historic,33.82,14.15,115.5
CB,CB146,18147,Historic,31.18,14.02,106.0
CB,CB146,18168,Historic,25.28,13.71,86.0
CB,CB146N,17950,Historic,125.30,18.69,426.0
CB,CB146N,17953,Historic,121.16,18.50,412.0
CB,CB146N,17957,Historic,117.05,18.31,398.0
CB,CB146N,17961,Historic,112.92,18.12,384.0
CB,CB146N,17963,Historic,108.83,17.94,370.0
CB,CB146N,17966,Historic,104.68,17.75,356.0
CB,CB146N,17970,Historic,100.56,17.56,342.0
CB,CB146N,17972,Historic,96.47,17.38,328.0
CB,CB146N,17976,Historic,94.09,16.81,320.0
CB,CB146N,17978,Historic,92.36,17.19,314.0
CB,CB146N,17982,Historic,88.24,17.00,300.0
CB,CB146N,17990,Historic,84.39,16.81,287.0
CB,CB146N,18000,Historic,80.28,16.62,273.0
CB,CB146N,18008,Historic,77.62,16.50,264.0
CB,CB146N,18014,Historic,74.98,16.37,255.0
CB,CB146N,18020,Historic,72.33,16.25,246.0
CB,CB146N,18028,Historic,69.68,16.12,237.0
CB,CB146N,18036,Historic,67.03,16.00,228.0
CB,CB146N,18044,Historic,64.42,15.87,219.0
CB,CB146N,18052,Historic,62.04,15.75,211.0
CB,CB146N,18060,Historic,59.38,15.63,202.0
CB,CB146N,18066,Historic,56.75,15.50,193.0
CB,CB146N,18074,Historic,54.12,15.38,184.0
CB,CB146N,18080,Historic,51.73,15.25,176.0
CB,CB146N,18087,Historic,49.10,15.12,167.0
CB,CB146N,18096,Historic,46.44,15.00,158.0
CB,CB146N,18105,Historic,44.13,14.88,150.0
CB,CB146N,18117,Historic,41.76,14.75,142.0
CB,CB146N,18155,Historic,28.23,13.87,96.0
CB,CB151N,17393,Historic,12.93,15.12,44.0
CB,CB151N,17400,Historic,11.47,15.00,39.0
CB,CB151N,17412,Historic,10.29,14.88,35.0
CB,CB152N,17362,Historic,21.18,15.31,72.0
CB,CB152N,17369,Historic,19.41,15.16,66.0
CB,CB152N,17374,Historic,17.63,15.00,60.0
CB,CB152N,17378,Historic,16.18,14.88,55.0
CB,CB152N,17388,Historic,14.41,15.25,49.0
CB,CB153N,17339,Historic,31.77,15.32,108.0
CB,CB153N,17346,Historic,29.11,15.16,99.0
CB,CB153N,17351,Historic,26.76,15.00,91.0
CB,CB153N,17353,Historic,24.99,14.88,85.0
CB,CB161,17319,Historic,11.17,16.01,38.0
CB,CB161,17325,Historic,10.29,15.93,35.0
CB,CB162,17301,Historic,14.70,16.25,50.0
CB,CB162,17309,Historic,13.23,16.13,45.0
CB,CB162,17311,Historic,12.65,15.93,43.0
CB,CB162,17317,Historic,11.75,16.00,40.0
CB,CB162N,17300,Historic,14.70,16.25,50.0
CB,CB162N,17308,Historic,13.23,16.12,45.0
CB,CB162N,17313,Historic,11.78,16.00,40.0
CB,CB162N,17320,Historic,10.88,15.88,37.0
CB,CB163,17282,Historic,20.00,16.23,68.0
CB,CB163,17290,Historic,18.52,16.11,63.0
CB,CB163,17292,Historic,17.06,16.00,58.0
CB,CB163N,17284,Historic,19.99,16.23,68.0
CB,CB163N,17289,Historic,18.52,16.12,63.0
CB,CB163N,17293,Historic,17.06,16.00,58.0
CB,CB164,17265,Historic,26.46,16.24,90.0
CB,CB164,17270,Historic,24.41,16.12,83.0
CB,CB164,17275,Historic,22.34,16.00,76.0
CB,CB164N,17264,Historic,26.47,16.25,90.0
CB,CB164N,17269,Historic,24.42,16.12,83.0
CB,CB164N,17277,Historic,22.33,16.00,76.0
CB,CB165,17253,Historic,33.82,16.24,115.0
CB,CB165,17256,Historic,31.46,16.11,107.0
CB,CB165,17259,Historic,29.41,16.00,100.0
CB,CB181,17216,Historic,17.05,18.25,58.0
CB,CB181,17232,Historic,15.00,18.02,51.0
CB,CB181,17247,Historic,13.82,18.00,47.0
CB,CB181N,17218,Historic,16.76,18.25,57.0
CB,CB181N,17227,Historic,15.30,18.11,52.0
CB,CB181N,17228,Historic,15.29,18.12,52.0
CB,CB181N,17237,Historic,14.40,18.06,49.0
CB,CB181N,17246,Historic,13.82,18.00,47.0
CB,CB182,17190,Historic,22.94,18.24,78.0
CB,CB182,17194,Historic,22.65,18.15,77.0
CB,CB182,17197,Historic,21.17,18.11,72.0
CB,CB182,17204,Historic,19.69,18.00,67.0
CB,CB182N,17198,Historic,20.59,18.00,70.0
CB,CB182N,17207,Historic,18.83,17.87,64.0
CB,CB183,17169,Historic,29.40,18.24,100.0
CB,CB183,17175,Historic,27.35,18.12,93.0
CB,CB183,17183,Historic,25.29,18.00,86.0
CB,CB183,18750,Historic,12.34,8.36,42.0
CB,CB183N,17171,Historic,29.12,18.27,99.0
CB,CB183N,17180,Historic,27.06,18.14,92.0
CB,CB183N,17184,Historic,25.29,18.02,86.0
CB,CB183N,17188,Historic,25.32,17.90,80.0
CB,CB201N,17153,Historic,17.65,20.12,60.0
CB,CB201N,17161,Historic,16.19,20.00,55.0
CB,CB202N,17129,Historic,28.82,20.38,98.0
CB,CB202N,17130,Historic,25.87,20.18,88.0
CB,CB202N,17135,Historic,23.53,20.00,80.0
CB,CB202N,17137,Historic,21.77,19.88,74.0
CB,CB203N,17105,Historic,42.95,20.38,146.0
CB,CB203N,17111,Historic,39.71,20.18,135.0
CB,CB203N,17116,Historic,36.76,20.00,125.0
CB,CB203N,17119,Historic,33.83,19.82,115.0
CB,CB211,17076,Historic,22.34,21.37,76.0
CB,CB211,17081,Historic,20.59,21.25,70.0
CB,CB211,17085,Historic,18.82,21.13,64.0
CB,CB211,17093,Historic,17.64,21.03,60.0
CB,CB211,17097,Historic,17.05,21.00,58.0
CB,CB211,17100,Historic,16.17,20.89,55.0
CB,CB211N,17078,Historic,21.46,21.33,73.0
CB,CB211N,17084,Historic,19.71,21.21,67.0
CB,CB211N,17088,Historic,18.23,21.10,62.0
CB,CB211N,17096,Historic,17.06,21.00,58.0
CB,CB212,17062,Historic,28.82,21.36,98.0
CB,CB212,17070,Historic,25.28,21.12,86.0
CB,CB212,17074,Historic,23.53,21.00,80.0
CB,CB212N,17063,Historic,28.24,21.38,96.0
CB,CB212N,17067,Historic,26.17,21.24,89.0
CB,CB212N,17071,Historic,24.41,21.12,83.0
CB,CB212N,17075,Historic,22.63,21.00,77.0
CB,CB213,17044,Historic,40.00,21.49,136.0
CB,CB213,17047,Historic,37.65,21.37,128.0
CB,CB213,17052,Historic,35.28,21.25,120.0
CB,CB213,17054,Historic,32.93,21.13,112.0
CB,CB213,17058,Historic,30.57,21.00,104.0
CB,CB213,17066,Historic,27.05,21.24,92.0
CB,CB213N,17053,Historic,34.12,21.26,116.0
CB,CB213N,17057,Historic,31.76,21.14,108.0
CB,CB213N,17061,Historic,29.69,21.02,101.0
CB,CB241N,16989,Historic,23.84,24.12,81.0
CB,CB241N,16999,Historic,21.77,24.00,74.0
CB,CB241N,17009,Historic,20.59,23.88,70.0
CB,CB242,16968,Historic,27.64,24.31,94.0
CB,CB242,16977,Historic,24.99,24.15,85.0
CB,CB242,16996,Historic,22.35,24.00,76.0
CB,CB242N,16972,Historic,27.34,24.26,93.0
CB,CB242N,16978,Historic,24.99,24.10,85.0
CB,CB243,16944,Historic,35.29,24.31,120.0
CB,CB243,16953,Historic,32.34,24.16,110.0
CB,CB243,16962,Historic,29.41,24.00,100.0
CB,CB243N,16947,Historic,35.28,24.31,120.0
CB,CB243N,16952,Historic,32.35,24.16,110.0
CB,CB243N,16963,Historic,29.39,24.00,100.0
CB,CB244,16907,Historic,47.06,24.66,160.0
CB,CB244,16916,Historic,44.10,24.53,150.0
CB,CB244,16925,Historic,41.16,24.39,140.0
CB,CB244,16932,Historic,38.23,24.25,130.0
CB,CB244N,16908,Historic,47.05,24.71,160.0
CB,CB244N,16913,Historic,44.12,24.56,150.0
CB,CB244N,16927,Historic,41.15,24.41,140.0
CB,CB244N,16936,Historic,38.21,24.25,130.0
CB,CB271,16855,Historic,40.29,27.74,137.0
CB,CB271,16856,Historic,36.47,27.54,124.0
CB,CB271,16860,Historic,32.94,27.34,112.0
CB,CB271,16866,Historic,29.70,27.17,101.0
CB,CB271,16875,Historic,26.76,27.00,91.0
CB,CB271,16878,Historic,25.00,26.82,85.0
CB,CB271N,16859,Historic,32.94,27.58,112.0
CB,CB271N,16869,Historic,28.53,27.33,97.0
CB,CB271N,16874,Historic,26.76,27.16,91.0
CB,CB271N,16877,Historic,25.00,27.00,85.0
CB,CB272,16838,Historic,55.87,27.60,190.0
CB,CB272,16841,Historic,51.47,27.40,175.0
CB,CB272,16846,Historic,47.04,27.20,160.0
CB,CB272N,16842,Historic,51.46,27.45,175.0
CB,CB272N,16843,Historic,48.81,27.33,166.0
CB,CB272N,16849,Historic,45.87,27.19,156.0
CB,CB272N,16854,Historic,42.64,27.00,145.0
CB,CB301,16774,Historic,48.52,30.74,165.0
CB,CB301,16776,Historic,44.41,30.54,151.0
CB,CB301,16778,Historic,40.58,30.34,138.0
CB,CB301,16780,Historic,39.70,30.30,135.0
CB,CB301,16787,Historic,37.05,30.16,126.0
CB,CB301,16788,Historic,36.75,30.15,125.0
CB,CB301,16802,Historic,33.81,30.00,115.0
CB,CB301N,16792,Historic,35.85,30.12,122.0
CB,CB301N,16801,Historic,33.84,30.00,115.0
CB,CB301N,16807,Historic,31.77,29.88,108.0
CB,CB302N,16737,Historic,70.58,30.75,240.0
CB,CB302N,16738,Historic,70.58,30.78,240.0
CB,CB302N,16742,Historic,64.70,30.50,220.0
CB,CB302N,16743,Historic,64.70,30.52,220.0
CB,CB302N,16749,Historic,58.83,30.25,200.0
CB,CB302N,16750,Historic,58.82,30.26,200.0
CB,CB302N,16758,Historic,55.88,30.12,190.0
CB,CB302N,16765,Historic,52.96,30.00,180.0
CB,CB302N,16766,Historic,52.93,30.00,180.0
CB,CB302N,16783,Historic,38.52,30.31,131.0
CB,CB331,16707,Historic,49.12,33.53,167.0
CB,CB331,16712,Historic,44.69,33.34,152.0
CB,CB331,16721,Historic,40.58,33.16,138.0
CB,CB331,16733,Historic,36.75,33.00,125.0
CB,CB331N,16711,Historic,44.69,33.50,152.0
CB,CB331N,16720,Historic,41.46,33.31,141.0
CB,CB331N,16735,Historic,36.73,33.00,125.0
CB,CB332,16679,Historic,76.47,33.79,260.0
CB,CB332,16684,Historic,70.58,33.55,240.0
CB,CB332,16693,Historic,64.70,33.27,220.0
CB,CB332,16703,Historic,58.82,33.00,200.0
CB,CB332N,16680,Historic,76.46,33.75,260.0
CB,CB332N,16685,Historic,70.57,33.50,240.0
CB,CB332N,16694,Historic,64.68,33.25,220.0
CB,CB332N,16699,Historic,61.76,33.12,210.0
CB,CB332N,16704,Historic,58.81,33.00,200.0
CB,CB361,16650,Historic,56.47,36.65,192.0
CB,CB361,16658,Historic,51.47,36.40,175.0
CB,CB361,16667,Historic,47.06,36.18,160.0
CB,CB361N,16652,Historic,56.45,36.50,192.0
CB,CB361N,16657,Historic,51.76,36.25,176.0
CB,CB361N,16663,Historic,49.10,36.12,167.0
CB,CB361N,16668,Historic,46.47,36.00,158.0
CB,CB361N,16673,Historic,44.10,35.88,150.0
CB,CB361N,16676,Historic,43.23,36.00,147.0
CB,CB362,16618,Historic,88.23,36.85,300.0
CB,CB362,16626,Historic,80.87,36.55,275.0
CB,CB362,16633,Historic,73.53,36.24,250.0
CB,CB362,16646,Historic,67.65,36.00,230.0
CB,CB362N,16617,Historic,88.23,36.72,300.0
CB,CB362N,16623,Historic,82.34,36.50,280.0
CB,CB362N,16630,Historic,76.46,36.24,260.0
CB,CB362N,16632,Historic,73.54,36.12,250.0
CB,CB362N,16640,Historic,70.58,36.00,240.0
CB,CB362N,16647,Historic,67.63,35.88,230.0
CB,CB51,17843,Historic,5.45,5.12,18.5
CB,CB51,17845,Historic,4.70,5.00,16.0
CB,CB61N,18805,Historic,25.87,6.84,88.0
CB,CB61N,18808,Historic,23.52,6.67,80.0
CB,CB61N,18811,Historic,20.58,6.44,70.0
CB,CB61N,18816,Historic,17.63,6.22,60.0
CB,CB61N,18819,Historic,14.70,5.99,50.0
CB,CB61N,18826,Historic,11.76,5.75,40.0
CB,CB82N,17753,Historic,8.81,8.20,30.0
CB,CB82N,17764,Historic,7.06,8.00,24.0
CB,CB82N,18788,Historic,8.81,8.20,30.0
CB,CB82N,18792,Historic,7.93,8.10,27.0
CB,CB82N,18797,Historic,7.06,8.00,24.0
CB,CB83,17737,Historic,10.58,8.20,36.0
CB,CB83,18689,Historic,26.47,9.61,90.0
CB,CB83,18694,Historic,24.71,9.46,84.0
CB,CB83,18699,Historic,22.93,9.30,78.0
CB,CB83,18705,Historic,21.17,9.15,72.0
CB,CB83,18711,Historic,19.70,9.06,67.0
CB,CB83,18716,Historic,19.40,8.99,66.0
CB,CB83,18723,Historic,17.63,8.84,60.0
CB,CB83,18730,Historic,15.87,8.68,54.0
CB,CB83,18743,Historic,14.10,8.52,48.0
CB,CB83N,17740,Historic,10.28,8.18,35.0
CB,CB83N,17741,Historic,9.70,8.12,33.0
CB,CB83N,17750,Historic,9.10,8.06,31.0
CB,CB83N,18721,Historic,18.22,8.94,62.0
CB,CB83N,18725,Historic,17.04,8.81,58.0
CB,CB83N,18733,Historic,15.57,8.68,53.0
CB,CB83N,18742,Historic,14.10,8.56,48.0
CB,CB83N,18746,Historic,12.92,8.44,44.0
CB,CB83N,18753,Historic,11.74,8.31,40.0
CB,CB83N,18759,Historic,10.58,8.20,36.0
CB,CB83N,18763,Historic,10.28,8.18,35.0
CB,CB83N,18774,Historic,9.70,8.12,33.0
CB,CB83N,18784,Historic,9.10,8.06,31.0
CB,CB92,17715,Historic,10.29,9.19,35.0
CB,CB92,17716,Historic,9.40,9.10,32.0
CB,CB92,17717,Historic,8.53,9.00,29.0
CB,CB92,18675,Historic,10.29,9.19,35.0
CB,CB92,18677,Historic,9.40,9.10,32.0
CB,CB92,18678,Historic,8.53,9.00,29.0
CB,CB93,17704,Historic,14.11,9.24,48.0
CB,CB93,17707,Historic,12.65,9.12,43.0
CB,CB93,17712,Historic,11.17,9.00,38.0
CB,CB93,18669,Historic,14.11,9.24,48.0
CB,CB93,18671,Historic,12.65,9.12,43.0
CB,CB93,18673,Historic,11.17,9.00,38.0
CB,CBL10,17868,Historic,5.61,10.25,19.0
CB,CBL10,17871,Historic,4.98,10.12,17.0
CB,CBL10,17874,Historic,4.40,10.00,15.0
CB,CBL12,17855,Historic,6.47,12.31,22.0
CB,CBL12,17858,Historic,5.62,12.16,19.0
CB,CBL12,17861,Historic,4.86,12.00,16.5
CB,CBL6,17891,Historic,4.72,6.25,16.0
CB,CBL6,17894,Historic,3.53,6.00,12.0
CB,CBL8,17881,Historic,4.43,8.12,15.0
CB,CBL8,17884,Historic,3.83,8.00,13.0
CB,CBS,18872,Historic,5.28,6.09,18.0
CB,CBS,18875,Historic,4.59,6.00,15.5
CB,CBS6,17807,Historic,8.09,6.46,27.5
CB,CBS6,17811,Historic,7.35,6.37,25.0
CB,CBS6,17812,Historic,7.35,6.37,25.0
CB,CBS6,17817,Historic,6.61,6.28,22.5
CB,CBS6,17823,Historic,5.88,6.20,20.0
CB,CBS6,17824,Historic,5.88,6.20,20.0
CB,CBS6,17829,Historic,5.29,6.11,18.0
CB,CBS6,17831,Historic,5.28,6.09,18.0
CB,CBS6,17834,Historic,4.59,6.00,15.5
CB,CBS6,17835,Historic,4.59,6.00,15.5
CB,CBS6,17837,Historic,4.59,6.00,15.5
CB,CBS6,18837,Historic,8.09,6.46,27.5
CB,CBS6,18847,Historic,7.35,6.37,25.0
CB,CBS6,18859,Historic,6.61,6.28,22.5
CB,CBS6,18865,Historic,5.88,6.20,20.0
CB,CBS6,18871,Historic,5.29,6.11,18.0
CB,CBS6,18874,Historic,4.59,6.00,15.5
G,G10,17631,Historic,14.62,10.12,50.0
G,G10,17632,Historic,14.51,10.12,50.0
G,G10,17638,Historic,13.25,10.09,45.0
G,G10,17642,Historic,13.14,10.00,44.5
G,G10,17643,Historic,13.03,10.00,44.5
G,G10,17644,Historic,12.95,10.00,44.0
G,G10,17645,Historic,12.95,10.00,44.0
G,G10,17647,Historic,12.34,10.00,42.0
G,G10,17648,Historic,12.23,9.91,41.5
G,G10,17649,Historic,12.12,9.91,41.5
G,G12,17539,Historic,17.92,12.12,61.0
G,G12,17540,Historic,17.77,12.12,61.0
G,G12,17542,Historic,17.62,12.12,60.0
G,G12,17546,Historic,16.35,12.00,55.5
G,G12,17547,Historic,16.21,12.00,55.5
G,G12,17548,Historic,16.18,12.00,55.0
G,G12,17549,Historic,16.18,12.00,55.0
G,G12,17551,Historic,16.12,12.00,55.0
G,G12,17555,Historic,15.21,11.91,51.5
G,G12,17556,Historic,15.07,11.91,51.5
G,G12A,17517,Historic,22.50,12.12,76.5
G,G12A,17518,Historic,22.29,12.12,76.5
G,G12A,17524,Historic,20.79,12.00,70.5
G,G12A,17525,Historic,20.57,12.00,70.5
G,G12A,17526,Historic,20.60,12.00,70.0
G,G12A,17528,Historic,20.58,12.00,70.0
G,G12A,17530,Historic,19.32,11.88,66.0
G,G12A,17531,Historic,19.11,11.88,66.0
G,G15,17340,Historic,31.75,15.32,108.0
G,G15,17345,Historic,29.14,15.16,99.0
G,G15,17350,Historic,26.77,15.00,91.0
G,G15,17352,Historic,25.01,14.88,85.0
G,G15,17354,Historic,23.66,15.12,80.5
G,G15,17355,Historic,23.44,15.12,80.5
G,G15,17356,Historic,21.76,15.00,74.0
G,G15,17357,Historic,21.55,15.00,74.0
G,G15,17358,Historic,21.52,15.00,73.0
G,G15,17359,Historic,21.49,15.00,73.0
G,G15,17367,Historic,20.18,14.88,69.0
G,G15,17368,Historic,19.96,14.88,69.0
G,G15,17371,Historic,19.09,14.82,64.5
G,G15A,17337,Historic,32.75,15.12,111.0
G,G15A,17338,Historic,32.40,15.12,111.0
G,G15A,17341,Historic,30.80,15.00,105.0
G,G15A,17342,Historic,30.45,15.00,105.0
G,G15A,17343,Historic,30.58,15.00,104.0
G,G15A,17344,Historic,30.50,15.00,104.0
G,G15A,17347,Historic,29.00,14.88,99.0
G,G15A,17348,Historic,28.65,14.88,99.0
G,G15A,17349,Historic,27.66,14.80,94.0
G,G15B,17328,Historic,43.30,15.12,147.0
G,G15B,17329,Historic,42.73,15.12,147.0
G,G15B,17330,Historic,41.44,15.00,141.0
G,G15B,17331,Historic,40.86,15.00,141.0
G,G15B,17332,Historic,41.28,15.00,140.0
G,G15B,17333,Historic,41.27,15.00,140.0
G,G15B,17334,Historic,39.58,14.88,135.0
G,G15B,17335,Historic,39.01,14.88,135.0
G,G15B,17336,Historic,37.47,14.75,127.0
G,G16,17262,Historic,27.75,16.25,94.0
G,G16,17263,Historic,26.51,16.25,90.0
G,G16,17268,Historic,25.68,16.12,87.0
G,G16,17271,Historic,24.36,16.12,83.0
G,G16,17272,Historic,23.82,16.00,81.0
G,G16,17276,Historic,22.34,16.00,76.0
G,G16,17278,Historic,21.96,15.88,74.5
G,G18,17170,Historic,29.25,18.12,100.0
G,G18,17172,Historic,29.11,18.25,99.0
G,G18,17176,Historic,27.14,18.00,93.0
G,G18,17177,Historic,27.13,18.12,92.0
G,G18,17178,Historic,27.12,18.00,92.0
G,G18,17179,Historic,27.09,18.00,92.0
G,G18,17181,Historic,25.40,17.88,87.5
G,G18,17182,Historic,25.35,18.00,86.0
G,G18,17187,Historic,23.81,17.75,81.0
G,G18,17189,Historic,23.59,17.88,80.0
G,G20,17104,Historic,42.97,20.38,146.0
G,G20,17110,Historic,39.74,20.18,135.0
G,G20,17115,Historic,36.77,20.00,125.0
G,G20,17117,Historic,35.24,20.12,120.0
G,G20,17118,Historic,34.95,20.12,120.0
G,G20,17120,Historic,33.82,19.82,115.0
G,G20,17121,Historic,33.20,20.00,113.0
G,G20,17122,Historic,32.90,20.00,113.0
G,G20,17123,Historic,32.88,20.00,112.0
G,G20,17124,Historic,32.81,20.00,112.0
G,G20,17125,Historic,31.36,19.88,107.0
G,G20,17126,Historic,31.06,19.88,107.0
G,G20,17127,Historic,29.21,19.75,99.0
G,G20A,17102,Historic,43.84,20.12,149.0
G,G20A,17103,Historic,43.44,20.12,149.0
G,G20A,17106,Historic,41.71,20.00,142.0
G,G20A,17107,Historic,41.31,20.00,142.0
G,G20A,17108,Historic,41.28,20.00,140.0
G,G20A,17109,Historic,41.19,20.00,140.0
G,G20A,17112,Historic,39.58,19.88,135.0
G,G20A,17113,Historic,39.18,19.88,135.0
G,G20A,17114,Historic,37.33,19.75,127.0
G,G22,17013,Historic,38.96,22.38,132.0
G,G22,17014,Historic,36.59,22.25,124.0
G,G22,17015,Historic,34.13,22.12,116.0
G,G22,17016,Historic,34.12,22.12,116.0
G,G22,17017,Historic,31.89,22.00,108.0
G,G22,17018,Historic,31.89,22.00,108.0
G,G22,17019,Historic,29.69,21.88,101.0
G,G22,17020,Historic,29.68,21.88,101.0
G,G24,16937,Historic,37.74,24.12,129.0
G,G24,16938,Historic,37.79,24.12,128.0
G,G24,16939,Historic,35.30,24.00,121.0
G,G24,16940,Historic,35.38,24.00,120.0
G,G24,16941,Historic,35.36,24.00,120.0
G,G24,16942,Historic,35.36,24.31,120.0
G,G24,16943,Historic,35.31,24.00,120.0
G,G24,16948,Historic,33.12,23.88,114.0
G,G24,16949,Historic,33.18,23.88,113.0
G,G24,16954,Historic,32.34,24.16,110.0
G,G24,16955,Historic,31.84,23.78,108.0
G,G24,16956,Historic,31.60,23.78,107.0
G,G24,16959,Historic,29.45,24.00,100.0
G,G24A,16911,Historic,47.04,24.72,160.0
G,G24A,16912,Historic,44.17,24.56,150.0
G,G24A,16917,Historic,43.57,24.12,149.0
G,G24A,16918,Historic,43.68,24.12,148.0
G,G24A,16921,Historic,41.02,24.00,141.0
G,G24A,16922,Historic,41.21,24.41,140.0
G,G24A,16926,Historic,41.16,24.00,140.0
G,G24A,16928,Historic,41.13,24.00,140.0
G,G24A,16929,Historic,41.03,24.00,140.0
G,G24A,16930,Historic,38.71,23.88,133.0
G,G24A,16931,Historic,38.82,23.88,132.0
G,G24A,16933,Historic,38.23,24.25,130.0
G,G26,16880,Historic,50.30,26.38,171.0
G,G26,16881,Historic,47.25,26.12,160.0
G,G26,16884,Historic,46.85,26.12,160.0
G,G26,16885,Historic,46.19,26.19,157.0
G,G26,16886,Historic,44.55,26.00,151.0
G,G26,16887,Historic,44.16,26.00,151.0
G,G26,16888,Historic,44.13,26.00,150.0
G,G26,16889,Historic,43.94,26.00,150.0
G,G26,16890,Historic,42.61,26.00,145.0
G,G26,16891,Historic,42.38,25.88,144.0
G,G26,16892,Historic,41.99,25.88,144.0
G,G26,16893,Historic,40.65,25.81,138.0
G,G28,16810,Historic,54.73,28.31,186.0
G,G28,16813,Historic,51.45,28.12,175.0
G,G28,16814,Historic,51.02,28.12,175.0
G,G28,16815,Historic,48.75,28.00,166.0
G,G28,16816,Historic,48.75,28.00,165.0
G,G28,16817,Historic,48.47,28.00,165.0
G,G28,16818,Historic,48.19,28.00,165.0
G,G28,16819,Historic,47.81,28.00,162.5
G,G28,16820,Historic,45.95,27.88,156.0
G,G28,16821,Historic,45.93,27.88,156.0
G,G28,16822,Historic,43.27,27.75,147.0
G,G28,16823,Historic,42.69,27.75,145.0
G,G30,16736,Historic,70.60,30.75,240.0
G,G30,16739,Historic,70.54,30.75,240.0
G,G30,16740,Historic,64.82,30.50,220.0
G,G30,16741,Historic,64.76,30.50,220.0
G,G30,16746,Historic,58.92,30.25,200.0
G,G30,16747,Historic,58.86,30.25,200.0
G,G30,16748,Historic,58.85,30.00,200.0
G,G30,16753,Historic,58.71,30.00,200.0
G,G30,16754,Historic,58.52,30.13,200.0
G,G30,16757,Historic,55.90,30.12,190.0
G,G30,16759,Historic,55.84,30.12,190.0
G,G30,16760,Historic,55.52,30.00,190.0
G,G30,16761,Historic,52.82,29.88,181.0
G,G30,16762,Historic,53.20,30.00,180.0
G,G30,16763,Historic,53.00,30.00,180.0
G,G30,16764,Historic,52.99,30.00,180.0
G,G30,16769,Historic,51.35,30.00,175.0
G,G30,16770,Historic,50.94,29.75,173.0
G,G30,16771,Historic,50.80,29.88,173.0
G,G33,16678,Historic,76.54,33.63,260.0
G,G33,16681,Historic,76.45,33.75,260.0
G,G33,16682,Historic,72.19,33.44,245.0
G,G33,16683,Historic,70.63,33.50,240.0
G,G33,16688,Historic,67.85,33.25,230.0
G,G33,16689,Historic,64.83,33.25,220.0
G,G33,16690,Historic,64.80,33.12,220.0
G,G33,16695,Historic,61.91,33.00,210.0
G,G33,16698,Historic,61.78,33.12,210.0
G,G33,16700,Historic,59.53,32.88,202.0
G,G33,16701,Historic,58.90,33.00,200.0
G,G33,16702,Historic,58.87,32.88,200.0
G,G36,16621,Historic,88.12,36.72,300.0
G,G36,16622,Historic,82.45,36.50,280.0
G,G36,16629,Historic,76.50,36.24,260.0
G,G36,16631,Historic,73.61,36.12,250.0
G,G36,16641,Historic,70.55,36.00,240.0
G,G36,16642,Historic,67.85,35.88,231.0
G,G36,16645,Historic,67.67,35.88,230.0
G,G8,17735,Historic,10.77,8.12,37.0
G,G8,17736,Historic,10.81,8.12,36.5
G,G8,17744,Historic,9.69,8.00,33.0
G,G8,17745,Historic,9.57,8.00,33.0
G,G8,17746,Historic,9.54,8.00,32.5
G,G8,17747,Historic,9.52,8.00,32.5
G,G8,17751,Historic,9.01,7.94,31.0
G,G8,17754,Historic,8.69,7.88,29.5
G,G9,17705,Historic,12.73,9.12,43.5
G,G9,17706,Historic,12.62,9.12,43.5
G,G9,17708,Historic,11.35,9.00,38.5
G,G9,17709,Historic,11.23,9.00,38.5
G,G9,17710,Historic,11.22,9.00,38.0
G,G9,17711,Historic,11.18,9.00,38.0
G,G9,17713,Historic,10.66,8.94,36.0
G,G9,17714,Historic,10.55,8.94,36.0
H,6H,18839,Historic,8.09,6.00,27.5
H,6H,18858,Historic,6.62,6.00,22.5
H,6H,18866,Historic,5.88,6.00,20.0
H,H1,17848,Historic,3.99,4.00,13.8
H,H1,17850,Historic,3.82,4.00,13.0
H,H10,18502,Historic,40.08,11.75,136.5
H,H10,18503,Historic,39.88,11.75,136.5
H,H10,18509,Historic,38.30,11.63,130.0
H,H10,18510,Historic,38.24,11.75,130.0
H,H10,18512,Historic,38.09,11.63,130.0
H,H10,18515,Historic,36.52,11.50,124.0
H,H10,18519,Historic,36.32,11.50,124.0
H,H10,18520,Historic,36.32,11.50,123.5
H,H10,18522,Historic,34.76,11.38,118.0
H,H10,18524,Historic,34.69,11.50,118.0
H,H10,18525,Historic,34.55,11.38,118.0
H,H10,18526,Historic,34.55,11.38,117.5
H,H10,18530,Historic,33.00,11.25,112.0
H,H10,18533,Historic,32.80,11.25,112.0
H,H10,18534,Historic,32.80,11.25,111.5
H,H10,18538,Historic,31.26,11.13,106.5
H,H10,18539,Historic,31.06,11.13,106.5
H,H10,18540,Historic,31.17,11.25,106.0
H,H10,18542,Historic,31.06,11.13,105.5
H,H10,18544,Historic,29.53,11.00,100.5
H,H10,18545,Historic,29.32,11.00,100.5
H,H10,18550,Historic,29.32,11.00,99.7
H,H10,18551,Historic,29.32,11.00,99.5
H,H10,18553,Historic,27.92,11.00,95.0
H,H10,18554,Historic,27.91,10.88,95.0
H,H10,18555,Historic,27.71,10.88,95.0
H,H10,18556,Historic,27.71,10.88,94.2
H,H10,18557,Historic,27.71,10.88,94.0
H,H10,18560,Historic,26.20,10.75,89.0
H,H10,18563,Historic,25.99,10.75,89.0
H,H10,18564,Historic,25.99,10.75,88.5
H,H10,18565,Historic,25.99,10.75,88.4
H,H10,18568,Historic,24.49,10.63,83.5
H,H10,18569,Historic,24.29,10.63,83.5
H,H10,18570,Historic,24.42,10.75,83.0
H,H10,18572,Historic,24.29,10.63,82.6
H,H10,18573,Historic,24.29,10.63,82.5
H,H10,18575,Historic,22.80,10.50,77.5
H,H10,18576,Historic,22.59,10.50,77.5
H,H10,18580,Historic,22.59,10.50,77.0
H,H10,18581,Historic,22.59,10.50,76.8
H,H10,18585,Historic,21.11,10.38,72.0
H,H10,18586,Historic,20.91,10.38,72.0
H,H10,18587,Historic,20.91,10.38,71.1
H,H10,18588,Historic,20.91,10.38,71.0
H,H10,18591,Historic,19.44,10.38,66.0
H,H10,18592,Historic,19.44,10.25,66.0
H,H10,18595,Historic,19.23,10.25,66.0
H,H10,18596,Historic,19.23,10.25,65.5
H,H10,18597,Historic,19.23,10.25,65.4
H,H10,18601,Historic,17.77,10.13,60.5
H,H10,18602,Historic,17.57,10.13,60.5
H,H10,18605,Historic,17.57,10.13,59.7
H,H10,18606,Historic,17.57,10.13,59.5
H,H10,18609,Historic,16.12,10.00,55.0
H,H10,18610,Historic,15.91,10.00,55.0
H,H10,18611,Historic,15.91,10.00,54.1
H,H10,18612,Historic,15.91,10.00,54.0
H,H10,18613,Historic,15.90,10.12,54.0
H,H10,18618,Historic,14.57,9.88,49.5
H,H10,18619,Historic,14.37,9.88,49.5
H,H10,18624,Historic,14.37,9.88,49.0
H,H10/12,18483,Historic,72.30,13.00,246.0
H,H10/12,18484,Historic,70.04,12.88,238.0
H,H10/12,18485,Historic,67.77,12.75,230.0
H,H10/12,18486,Historic,65.38,12.63,222.0
H,H10/12,18487,Historic,63.27,12.50,215.0
H,H10/12,18488,Historic,61.17,12.38,208.0
H,H10/12,18489,Historic,58.80,12.25,200.0
H,H10/12,18490,Historic,56.45,12.13,192.0
H,H10/12,18491,Historic,54.37,12.00,185.0
H,H10/12,18492,Historic,52.18,11.88,177.0
H,H10/12,18493,Historic,49.98,11.75,170.0
H,H10/12,18494,Historic,47.78,11.63,162.0
H,H10/12,18496,Historic,45.62,11.50,155.0
H,H10/12,18498,Historic,43.46,11.38,148.0
H,H10/12,18500,Historic,41.29,11.25,140.0
H,H10/12,18507,Historic,39.02,11.13,133.0
H,H10/12,18514,Historic,36.89,11.00,125.0
H,H10/12,18529,Historic,33.25,11.00,113.0
H,H10/12,18537,Historic,31.45,10.88,107.0
H,H10/12,18546,Historic,29.54,10.75,100.0
H,H10/12,18558,Historic,27.63,10.63,94.0
H,H10/12,18566,Historic,25.86,10.50,88.0
H,H10/12,18574,Historic,23.98,10.38,82.0
H,H10/12,18582,Historic,22.00,10.25,75.0
H,H10/12,18590,Historic,20.13,10.13,68.0
H,H10/12,18600,Historic,18.29,10.00,62.0
H,H10/8,18625,Historic,13.90,10.00,47.5
H,H10/8,18626,Historic,13.70,10.00,47.5
H,H10/8,18631,Historic,12.49,9.88,42.5
H,H10/8,18632,Historic,12.29,9.88,42.5
H,H10/8,18639,Historic,11.09,9.75,38.0
H,H10/8,18640,Historic,10.89,9.75,38.0
H,H10/8,18646,Historic,9.80,9.63,33.5
H,H10/8,18647,Historic,9.60,9.63,33.5
H,H10A,18495,Historic,45.64,12.00,155.2
H,H10A,18497,Historic,43.75,11.88,148.8
H,H10A,18499,Historic,41.87,11.75,142.4
H,H10A,18506,Historic,40.00,11.63,136.0
H,H10A,18513,Historic,38.14,11.50,129.7
H,H10A,18521,Historic,36.29,11.38,123.4
H,H10A,18527,Historic,34.45,11.25,117.1
H,H10A,18535,Historic,32.62,11.13,110.9
H,H10A,18543,Historic,30.80,11.00,104.7
H,H10A,18629,Historic,13.24,10.12,45.0
H,H10A,18635,Historic,12.07,10.00,41.0
H,H10A,18643,Historic,10.87,9.88,37.0
H,H10A,18648,Historic,9.73,9.75,33.0
H,H10S,18617,Historic,14.88,10.00,50.6
H,H10S,18627,Historic,13.36,9.88,45.4
H,H10S,18634,Historic,12.34,9.88,42.0
H,H10S,18641,Historic,10.95,9.75,37.2
H,H11,18468,Historic,33.98,12.00,115.5
H,H11,18469,Historic,32.10,11.88,109.1
H,H11,18470,Historic,30.33,11.75,103.1
H,H11,18471,Historic,28.46,11.63,96.8
H,H11,18472,Historic,26.60,11.50,90.5
H,H11,18473,Historic,24.75,11.38,84.2
H,H11,18474,Historic,22.91,11.25,77.9
H,H11,18475,Historic,21.08,11.13,71.7
H,H11,18476,Historic,19.26,11.00,65.5
H,H11A,18459,Historic,51.70,13.00,175.8
H,H11A,18460,Historic,49.65,12.88,168.8
H,H11A,18461,Historic,47.60,12.75,161.9
H,H11A,18462,Historic,45.57,12.63,154.9
H,H11A,18463,Historic,43.54,12.50,148.1
H,H11A,18464,Historic,41.53,12.38,141.2
H,H11A,18465,Historic,39.52,12.25,134.4
H,H11A,18466,Historic,37.53,12.13,127.6
H,H11A,18467,Historic,35.54,12.00,120.9
H,H11S,18477,Historic,18.02,11.00,61.3
H,H11S,18478,Historic,16.44,10.88,55.9
H,H11S,18479,Historic,15.32,10.88,52.1
H,H11S,18480,Historic,13.76,10.75,46.8
H,H11S,18481,Historic,12.73,10.75,43.3
H,H11S,18482,Historic,11.30,10.63,38.4
H,H12,18288,Historic,55.91,14.00,190.0
H,H12,18292,Historic,55.62,14.00,190.0
H,H12,18294,Historic,53.78,13.88,183.0
H,H12,18295,Historic,53.48,13.88,183.0
H,H12,18299,Historic,51.79,13.75,176.0
H,H12,18301,Historic,51.50,13.75,176.0
H,H12,18304,Historic,49.72,14.00,169.0
H,H12,18306,Historic,49.68,13.63,169.0
H,H12,18307,Historic,49.38,13.63,169.0
H,H12,18309,Historic,47.57,13.50,162.0
H,H12,18310,Historic,47.28,13.50,162.0
H,H12,18313,Historic,47.28,13.50,161.0
H,H12,18316,Historic,45.48,13.38,154.5
H,H12,18317,Historic,45.19,13.38,154.5
H,H12,18319,Historic,45.27,13.75,154.0
H,H12,18320,Historic,45.19,13.38,153.5
H,H12,18323,Historic,43.40,13.25,147.5
H,H12,18324,Historic,43.10,13.25,147.5
H,H12,18327,Historic,43.10,13.25,146.5
H,H12,18329,Historic,41.32,13.13,140.5
H,H12,18330,Historic,41.03,13.13,140.5
H,H12,18331,Historic,41.20,13.50,140.0
H,H12,18334,Historic,41.03,13.13,139.5
H,H12,18337,Historic,39.26,13.00,133.5
H,H12,18338,Historic,38.97,13.00,133.5
H,H12,18341,Historic,38.97,13.00,132.5
H,H12,18343,Historic,37.21,12.88,126.5
H,H12,18344,Historic,36.94,12.88,126.5
H,H12,18346,Historic,37.04,13.25,126.0
H,H12,18347,Historic,36.91,12.88,125.5
H,H12,18351,Historic,35.16,12.75,119.5
H,H12,18352,Historic,34.87,12.75,119.5
H,H12,18353,Historic,34.87,12.75,118.6
H,H12,18354,Historic,34.87,12.75,118.5
H,H12,18355,Historic,33.25,12.63,113.0
H,H12,18356,Historic,33.24,13.00,113.0
H,H12,18358,Historic,32.96,12.63,113.0
H,H12,18359,Historic,32.96,16.63,112.1
H,H12,18360,Historic,32.96,12.63,112.0
H,H12,18362,Historic,31.23,12.50,106.0
H,H12,18365,Historic,30.94,12.50,106.0
H,H12,18366,Historic,30.94,12.50,105.2
H,H12,18367,Historic,30.94,12.50,105.0
H,H12,18370,Historic,29.21,12.38,99.5
H,H12,18371,Historic,28.92,12.38,99.5
H,H12,18374,Historic,28.92,12.38,98.5
H,H12,18375,Historic,28.92,12.38,98.3
H,H12,18377,Historic,27.21,12.25,92.5
H,H12,18378,Historic,26.92,12.25,92.5
H,H12,18381,Historic,26.92,12.25,91.5
H,H12,18384,Historic,25.21,12.13,85.5
H,H12,18385,Historic,24.92,12.13,85.5
H,H12,18388,Historic,24.92,12.13,84.7
H,H12,18389,Historic,24.92,12.13,84.5
H,H12,18392,Historic,23.23,12.00,79.0
H,H12,18395,Historic,22.94,12.00,79.0
H,H12,18396,Historic,22.94,12.00,78.0
H,H12,18400,Historic,21.25,11.88,72.5
H,H12,18401,Historic,20.96,11.88,72.5
H,H12,18404,Historic,20.96,11.88,71.5
H,H12,18410,Historic,19.29,11.75,65.5
H,H12,18411,Historic,19.00,11.75,65.5
H,H12,18415,Historic,19.00,11.75,64.5
H,H12/10,18405,Historic,20.59,12.00,70.0
H,H12/10,18407,Historic,20.30,12.00,70.0
H,H12/10,18416,Historic,18.85,11.88,64.0
H,H12/10,18420,Historic,18.56,11.88,64.0
H,H12/10,18423,Historic,17.12,11.75,58.0
H,H12/10,18427,Historic,16.83,11.75,58.0
H,H12/10,18436,Historic,15.40,11.63,52.5
H,H12/10,18437,Historic,15.11,11.63,52.5
H,H12/8,18430,Historic,16.27,11.88,55.0
H,H12/8,18432,Historic,15.98,11.88,55.0
H,H12/8,18438,Historic,14.79,11.75,50.5
H,H12/8,18439,Historic,14.49,11.75,50.5
H,H12/8,18445,Historic,13.31,11.63,45.5
H,H12/8,18446,Historic,13.02,11.63,45.5
H,H12/8,18452,Historic,11.85,11.50,40.5
H,H12/8,18453,Historic,11.55,11.50,40.5
H,H12A,18287,Historic,57.96,14.00,197.1
H,H12A,18293,Historic,55.87,13.88,189.9
H,H12A,18296,Historic,53.66,13.75,182.4
H,H12A,18302,Historic,51.46,13.63,174.9
H,H12A,18308,Historic,49.27,13.50,167.5
H,H12A,18314,Historic,47.09,13.38,160.1
H,H12A,18321,Historic,44.92,13.25,152.7
H,H12A,18328,Historic,42.76,13.13,145.4
H,H12A,18335,Historic,40.61,13.00,138.1
H,H12A,18417,Historic,18.84,12.31,64.0
H,H12A,18424,Historic,17.08,12.19,58.0
H,H12A,18435,Historic,15.54,12.06,53.0
H,H12B,18274,Historic,79.06,15.00,268.8
H,H12B,18275,Historic,76.68,14.88,260.7
H,H12B,18276,Historic,74.31,14.75,252.8
H,H12B,18277,Historic,71.94,14.63,244.6
H,H12B,18278,Historic,69.59,14.50,236.6
H,H12B,18279,Historic,67.24,14.38,228.6
H,H12B,18281,Historic,64.91,14.25,220.7
H,H12B,18283,Historic,62.58,14.13,212.8
H,H12B,18285,Historic,60.27,14.00,204.9
H,H12B,18441,Historic,14.70,12.19,50.0
H,H12B,18448,Historic,13.23,12.06,45.0
H,H12B,18454,Historic,11.78,11.94,40.0
H,H12S,18399,Historic,21.60,12.00,73.4
H,H12S,18408,Historic,19.74,11.88,67.1
H,H12S,18421,Historic,18.61,11.88,63.3
H,H12S,18428,Historic,16.89,11.75,57.4
H,H12S,18429,Historic,15.75,11.75,55.6
H,H12S,18444,Historic,14.16,11.63,48.1
H,H12S,18449,Historic,13.23,11.63,45.0
H,H12S,18457,Historic,11.76,11.50,40.0
H,H13,18254,Historic,44.27,14.00,150.5
H,H13,18255,Historic,42.05,13.88,143.0
H,H13,18257,Historic,39.84,13.75,135.5
H,H13,18258,Historic,37.64,13.63,128.0
H,H13,18259,Historic,35.59,13.50,121.0
H,H13,18260,Historic,33.41,13.38,113.6
H,H13,18261,Historic,31.24,13.25,106.2
H,H13,18262,Historic,29.08,13.13,98.9
H,H13,18263,Historic,26.93,13.00,91.5
H,H13A,18245,Historic,64.64,15.00,219.8
H,H13A,18246,Historic,62.25,14.88,211.7
H,H13A,18247,Historic,60.03,14.75,204.1
H,H13A,18248,Historic,57.66,14.63,196.1
H,H13A,18249,Historic,55.31,14.50,188.0
H,H13A,18250,Historic,52.96,14.38,180.1
H,H13A,18251,Historic,50.63,14.25,172.1
H,H13A,18252,Historic,48.30,14.13,164.2
H,H13A,18253,Historic,45.99,14.00,156.4
H,H13B,18237,Historic,84.09,15.88,285.9
H,H13B,18238,Historic,81.56,15.75,277.3
H,H13B,18239,Historic,79.05,15.63,268.8
H,H13B,18240,Historic,76.54,15.50,260.2
H,H13B,18241,Historic,74.05,15.38,251.8
H,H13B,18242,Historic,71.56,15.25,243.3
H,H13B,18243,Historic,69.09,15.13,234.9
H,H13B,18244,Historic,66.62,15.00,226.5
H,H13S,18264,Historic,25.48,13.00,86.6
H,H13S,18265,Historic,23.46,12.88,79.8
H,H13S,18266,Historic,22.22,12.88,75.6
H,H13S,18267,Historic,20.33,12.75,69.1
H,H13S,18268,Historic,19.09,12.75,64.9
H,H13S,18269,Historic,17.33,12.63,58.9
H,H13S,18270,Historic,16.17,12.63,55.0
H,H13S,18271,Historic,14.67,12.50,49.9
H,H13S,18272,Historic,13.62,12.50,46.3
H,H13S,18273,Historic,12.12,12.38,41.2
H,H14,17984,Historic,87.63,16.88,298.0
H,H14,17987,Historic,85.01,16.75,289.0
H,H14,17988,Historic,84.50,16.88,288.5
H,H14,17989,Historic,84.50,16.88,287.5
H,H14,17994,Historic,82.39,16.63,280.0
H,H14,17995,Historic,81.97,16.75,279.5
H,H14,17996,Historic,81.97,16.75,278.5
H,H14,18002,Historic,79.79,16.50,271.0
H,H14,18003,Historic,79.44,16.63,271.0
H,H14,18004,Historic,79.44,16.63,270.0
H,H14,18005,Historic,77.97,16.50,265.1
H,H14,18009,Historic,76.93,16.50,262.5
H,H14,18010,Historic,77.20,16.38,262.0
H,H14,18011,Historic,76.93,16.50,261.5
H,H14,18016,Historic,74.62,16.25,254.0
H,H14,18017,Historic,74.43,16.38,254.0
H,H14,18018,Historic,74.43,16.38,253.0
H,H14,18022,Historic,71.94,16.25,245.5
H,H14,18024,Historic,72.05,16.13,245.0
H,H14,18025,Historic,71.94,16.25,244.5
H,H14,18029,Historic,69.45,16.13,237.0
H,H14,18030,Historic,69.49,16.00,236.0
H,H14,18031,Historic,69.45,16.13,236.0
H,H14,18034,Historic,66.98,16.00,228.5
H,H14,18037,Historic,66.98,16.00,227.5
H,H14,18038,Historic,66.94,15.88,227.0
H,H14,18041,Historic,64.52,15.88,220.5
H,H14,18042,Historic,64.52,15.88,219.5
H,H14,18045,Historic,64.40,15.75,219.0
H,H14,18049,Historic,62.07,15.75,212.0
H,H14,18051,Historic,62.07,15.75,211.0
H,H14,18053,Historic,61.86,15.63,210.0
H,H14,18056,Historic,59.78,15.63,204.5
H,H14,18057,Historic,59.78,15.63,203.5
H,H14,18058,Historic,59.50,15.50,202.0
H,H14,18062,Historic,57.35,15.50,196.0
H,H14,18063,Historic,57.35,15.50,195.0
H,H14,18065,Historic,56.99,15.38,194.0
H,H14,18069,Historic,54.92,15.38,187.5
H,H14,18070,Historic,54.92,15.38,186.5
H,H14,18071,Historic,54.48,15.25,185.0
H,H14,18077,Historic,52.51,15.25,179.5
H,H14,18078,Historic,52.51,15.25,178.5
H,H14,18079,Historic,51.99,15.13,177.0
H,H14,18084,Historic,50.11,15.13,171.5
H,H14,18085,Historic,50.11,15.13,170.5
H,H14,18086,Historic,49.51,15.00,168.0
H,H14,18091,Historic,47.71,15.00,163.0
H,H14,18092,Historic,47.71,15.00,162.2
H,H14,18093,Historic,47.71,15.00,162.0
H,H14,18094,Historic,47.33,14.88,161.0
H,H14,18097,Historic,45.62,14.88,155.0
H,H14,18099,Historic,45.33,14.88,155.0
H,H14,18100,Historic,45.33,14.88,154.1
H,H14,18101,Historic,45.33,14.88,154.0
H,H14,18102,Historic,45.01,15.00,153.0
H,H14,18104,Historic,44.16,14.88,150.0
H,H14,18110,Historic,43.25,14.75,147.0
H,H14,18111,Historic,42.95,14.75,147.0
H,H14,18112,Historic,42.95,14.75,146.0
H,H14,18113,Historic,42.64,14.88,145.0
H,H14,18118,Historic,40.88,14.63,139.0
H,H14,18119,Historic,40.59,14.63,139.0
H,H14,18120,Historic,40.59,14.63,138.0
H,H14,18124,Historic,38.68,14.50,131.5
H,H14,18125,Historic,38.38,14.50,131.5
H,H14,18127,Historic,38.38,14.50,130.5
H,H14,18131,Historic,36.33,14.38,123.5
H,H14,18132,Historic,36.04,14.38,123.5
H,H14,18133,Historic,36.04,14.38,122.5
H,H14,18136,Historic,34.00,14.25,115.5
H,H14,18137,Historic,33.70,14.25,115.5
H,H14,18139,Historic,33.70,14.25,114.6
H,H14,18140,Historic,33.70,14.25,114.5
H,H14,18143,Historic,31.67,14.13,107.5
H,H14,18144,Historic,31.38,14.13,107.5
H,H14,18145,Historic,31.38,14.13,106.7
H,H14,18146,Historic,31.38,14.13,106.5
H,H14,18151,Historic,29.36,14.00,100.0
H,H14,18152,Historic,29.06,14.00,100.0
H,H14,18153,Historic,29.06,14.00,99.0
H,H14,18154,Historic,29.06,14.00,98.8
H,H14,18160,Historic,27.05,13.88,92.0
H,H14,18161,Historic,26.76,13.88,92.0
H,H14,18162,Historic,26.76,13.88,91.0
H,H14,18170,Historic,24.76,13.75,84.0
H,H14,18174,Historic,24.46,13.75,84.0
H,H14,18175,Historic,24.46,13.75,83.5
H,H14/10,18189,Historic,21.66,13.88,73.5
H,H14/10,18190,Historic,21.37,13.88,73.5
H,H14/10,18198,Historic,19.85,13.75,67.5
H,H14/10,18199,Historic,19.55,13.75,67.5
H,H14/10,18201,Historic,18.04,13.63,61.5
H,H14/10,18202,Historic,17.75,13.63,61.5
H,H14/10,18215,Historic,16.25,13.50,55.0
H,H14/10,18216,Historic,15.95,13.50,55.0
H,H14/12,18163,Historic,26.52,14.00,90.0
H,H14/12,18164,Historic,26.22,14.00,90.0
H,H14/12,18176,Historic,24.45,13.88,83.0
H,H14/12,18177,Historic,24.15,13.88,83.0
H,H14/12,18183,Historic,22.39,13.75,76.0
H,H14/12,18184,Historic,22.09,13.75,76.0
H,H14/12,18192,Historic,20.34,13.63,69.0
H,H14/12,18193,Historic,20.04,13.63,69.0
H,H14/8,18208,Historic,17.23,13.75,58.5
H,H14/8,18209,Historic,16.93,13.75,58.5
H,H14/8,18217,Historic,15.67,13.63,53.5
H,H14/8,18218,Historic,15.37,13.63,53.5
H,H14/8,18226,Historic,14.12,13.50,48.0
H,H14/8,18229,Historic,13.82,13.50,48.0
H,H14/8,18234,Historic,12.58,13.38,43.0
H,H14/8,18235,Historic,12.28,13.38,43.0
H,H14A,18040,Historic,65.39,15.88,222.3
H,H14A,18048,Historic,63.07,15.75,214.4
H,H14A,18054,Historic,60.59,15.63,206.0
H,H14A,18061,Historic,58.12,15.50,197.6
H,H14A,18068,Historic,55.67,15.38,189.3
H,H14A,18076,Historic,53.22,15.25,180.9
H,H14A,18083,Historic,50.78,15.13,172.7
H,H14A,18090,Historic,48.36,15.00,164.4
H,H14A,18172,Historic,24.69,14.18,84.0
H,H14B,17986,Historic,85.63,16.88,291.2
H,H14B,17993,Historic,83.07,16.75,282.4
H,H14B,17998,Historic,80.51,16.63,273.7
H,H14B,18012,Historic,75.43,16.38,256.5
H,H14B,18019,Historic,72.91,16.25,247.9
H,H14B,18026,Historic,70.39,16.13,239.3
H,H14B,18033,Historic,67.89,16.00,230.8
H,H14B,18107,Historic,43.82,14.13,149.0
H,H14B,18108,Historic,43.52,14.13,149.0
H,H14B,18187,Historic,21.76,14.19,74.0
H,H14B,18194,Historic,20.03,14.06,68.0
H,H14B,18203,Historic,17.97,13.91,61.0
H,H14C,18109,Historic,43.52,14.13,148.0
H,H14C,18211,Historic,17.05,14.06,58.0
H,H14C,18221,Historic,15.59,13.94,53.0
H,H14C,18225,Historic,14.12,13.81,48.0
H,H14C,18231,Historic,12.67,13.68,43.0
H,H14D,17949,Historic,125.34,18.69,426.0
H,H14D,17956,Historic,117.08,18.31,398.0
H,H14D,17962,Historic,108.87,17.94,370.0
H,H14D,17971,Historic,96.52,17.38,328.0
H,H14D,17977,Historic,92.39,17.19,314.0
H,H14D,17981,Historic,88.28,17.00,300.0
H,H14D,18043,Historic,64.44,15.87,219.0
H,H14D,18073,Historic,54.15,15.38,184.0
H,H14S,18159,Historic,27.56,14.00,93.7
H,H14S,18165,Historic,26.23,14.00,89.2
H,H14S,18178,Historic,24.17,13.88,82.2
H,H14S,18179,Historic,22.97,14.06,78.0
H,H14S,18182,Historic,22.81,13.88,77.6
H,H14S,18191,Historic,20.88,13.75,71.0
H,H14S,18200,Historic,19.61,13.75,66.7
H,H14S,18204,Historic,17.95,13.63,61.0
H,H14S,18214,Historic,16.79,13.36,57.1
H,H14S,18223,Historic,15.12,13.50,51.4
H,H14S,18230,Historic,14.07,13.50,47.8
H,H16,17903,Historic,125.72,18.44,427.0
H,H16,17904,Historic,121.48,18.25,413.0
H,H16,17905,Historic,117.26,18.06,399.0
H,H16,17906,Historic,113.07,17.88,384.0
H,H16,17907,Historic,108.90,17.69,370.0
H,H16,17909,Historic,104.75,17.50,356.0
H,H16,17910,Historic,104.68,17.38,356.0
H,H16,17911,Historic,100.63,17.31,342.0
H,H16,17912,Historic,100.57,17.19,342.0
H,H16,17913,Historic,96.53,17.13,328.0
H,H16,17914,Historic,96.48,17.00,328.0
H,H16,17915,Historic,92.45,16.94,314.0
H,H16,17916,Historic,92.41,16.81,314.0
H,H16,17917,Historic,88.56,16.75,301.0
H,H16,17918,Historic,88.54,16.63,301.0
H,H16,17920,Historic,84.69,16.56,288.0
H,H16,17921,Historic,84.51,16.44,287.0
H,H16,17922,Historic,80.67,16.38,274.0
H,H16,17923,Historic,80.51,16.25,274.0
H,H16,17924,Historic,78.00,16.25,265.0
H,H16,17925,Historic,77.86,16.13,265.0
H,H16,17926,Historic,75.35,16.13,256.0
H,H16,17927,Historic,75.21,16.00,256.0
H,H16,17928,Historic,72.70,16.00,247.0
H,H16,17929,Historic,72.57,15.88,247.0
H,H16,17930,Historic,70.07,15.88,238.0
H,H16,17931,Historic,69.95,15.75,238.0
H,H16,17932,Historic,67.60,15.75,230.0
H,H16,17933,Historic,67.49,15.63,230.0
H,H16,17934,Historic,65.14,15.63,221.0
H,H16,17935,Historic,64.88,15.50,221.0
H,H16,17936,Historic,62.53,15.50,212.0
H,H16,17937,Historic,62.29,15.38,212.0
H,H16,17938,Historic,59.94,15.38,203.0
H,H16,17939,Historic,59.70,15.25,203.0
H,H16,17940,Historic,57.35,15.25,195.0
H,H16,17941,Historic,57.13,15.13,194.0
H,H16,17942,Historic,54.77,15.13,186.0
H,H16,17943,Historic,54.56,15.00,186.0
H,H16,17944,Historic,52.20,15.00,177.0
H,H16,17945,Historic,49.65,14.88,169.0
H,H16,17946,Historic,47.10,14.75,160.0
H,H16,17947,Historic,44.56,14.63,151.0
H,H16,17948,Historic,42.03,14.50,143.0
H,H3,18842,Historic,7.76,6.00,26.7
H,H3,18851,Historic,7.01,6.00,24.1
H,H3,18852,Historic,7.00,6.00,23.8
H,H3,18856,Historic,6.63,6.00,22.8
H,H3,18860,Historic,6.61,6.00,22.5
H,H3,18867,Historic,5.86,6.00,20.0
H,H3A,18840,Historic,8.08,6.00,27.5
H,H3A,18850,Historic,7.33,6.00,25.0
H,H4,18758,Historic,11.00,8.00,37.7
H,H4,18770,Historic,10.07,8.00,34.3
H,H4,18771,Historic,10.00,8.00,34.3
H,H4,18772,Historic,10.00,8.00,34.0
H,H4,18777,Historic,9.50,8.00,32.6
H,H6,18823,Historic,11.91,6.75,40.5
H,H6,18824,Historic,11.87,6.75,40.5
H,H6,18825,Historic,11.80,6.75,40.5
H,H6,18829,Historic,10.83,6.63,37.0
H,H6,18830,Historic,10.76,6.63,37.0
H,H6,18831,Historic,9.80,6.50,33.5
H,H6,18832,Historic,9.72,6.50,33.5
H,H6,18833,Historic,8.81,6.38,30.0
H,H6,18834,Historic,8.77,6.38,30.0
H,H6,18835,Historic,8.70,6.38,30.0
H,H6,18841,Historic,7.92,6.25,27.0
H,H6,18843,Historic,7.80,6.25,26.5
H,H6,18844,Historic,7.76,6.25,26.5
H,H6,18845,Historic,7.69,6.25,26.5
H,H6,18853,Historic,6.76,6.12,23.0
H,H6,18854,Historic,6.76,6.13,23.0
H,H6,18855,Historic,6.69,6.13,23.0
H,H6,18863,Historic,5.89,6.00,20.0
H,H6,18864,Historic,5.89,6.00,20.0
H,H6,18868,Historic,5.81,6.00,20.0
H,H6/10,18804,Historic,25.89,7.27,88.0
H,H6/10,18806,Historic,23.53,7.10,80.0
H,H6/10,18809,Historic,21.47,6.95,73.0
H,H6/10,18812,Historic,19.70,6.82,67.0
H,H6/10,18815,Historic,17.65,6.67,60.0
H,H6/10,18817,Historic,15.59,6.51,53.0
H,H6/10,18821,Historic,13.54,6.36,46.0
H,H6/10,18828,Historic,11.71,6.22,40.0
H,H6A,18803,Historic,25.91,7.23,88.0
H,H6A,18807,Historic,23.53,7.06,80.0
H,H6A,18810,Historic,21.47,6.91,73.0
H,H6A,18813,Historic,19.69,6.78,67.0
H,H6A,18814,Historic,17.67,6.63,60.0
H,H6A,18818,Historic,15.53,6.47,53.0
H,H6A,18820,Historic,13.55,6.32,46.0
H,H6A,18827,Historic,11.72,6.18,40.0
H,H8,18685,Historic,26.77,9.50,91.0
H,H8,18687,Historic,26.64,9.50,91.0
H,H8,18688,Historic,26.64,9.50,90.5
H,H8,18690,Historic,25.33,9.38,86.0
H,H8,18691,Historic,25.20,9.38,86.0
H,H8,18693,Historic,25.20,9.38,85.5
H,H8,18695,Historic,23.91,9.25,81.5
H,H8,18696,Historic,23.78,9.25,81.5
H,H8,18698,Historic,23.78,9.25,81.0
H,H8,18700,Historic,22.59,9.13,77.0
H,H8,18701,Historic,22.46,9.13,77.0
H,H8,18702,Historic,22.46,9.13,76.5
H,H8,18704,Historic,21.18,9.00,72.0
H,H8,18706,Historic,21.05,9.00,72.0
H,H8,18707,Historic,21.05,9.00,71.6
H,H8,18708,Historic,21.05,9.00,71.5
H,H8,18709,Historic,19.79,8.88,67.5
H,H8,18710,Historic,19.66,8.88,67.5
H,H8,18713,Historic,19.70,9.00,67.0
H,H8,18714,Historic,19.66,8.88,67.0
H,H8,18715,Historic,19.66,8.88,66.8
H,H8,18717,Historic,18.40,8.75,62.5
H,H8,18718,Historic,18.27,8.75,62.5
H,H8,18719,Historic,18.27,8.75,62.1
H,H8,18720,Historic,18.27,8.75,62.0
H,H8,18722,Historic,18.22,8.88,62.0
H,H8,18726,Historic,17.03,8.63,58.0
H,H8,18727,Historic,16.90,8.63,58.0
H,H8,18728,Historic,16.90,8.63,57.5
H,H8,18729,Historic,16.90,8.63,57.4
H,H8,18731,Historic,15.66,8.50,53.0
H,H8,18732,Historic,15.60,8.62,53.0
H,H8,18734,Historic,15.53,8.50,53.0
H,H8,18735,Historic,15.53,8.50,52.8
H,H8,18736,Historic,14.31,8.38,48.5
H,H8,18737,Historic,14.18,8.38,48.5
H,H8,18738,Historic,14.18,8.38,48.2
H,H8,18739,Historic,14.18,8.38,48.0
H,H8,18741,Historic,14.11,8.50,48.0
H,H8,18744,Historic,12.96,8.25,44.0
H,H8,18745,Historic,12.93,8.38,44.0
H,H8,18747,Historic,12.83,8.25,44.0
H,H8,18748,Historic,12.83,8.25,43.6
H,H8,18749,Historic,12.83,8.25,43.5
H,H8,18752,Historic,11.75,8.25,40.0
H,H8,18754,Historic,11.63,8.13,39.5
H,H8,18755,Historic,11.50,8.13,39.5
H,H8,18756,Historic,11.50,8.13,39.1
H,H8,18757,Historic,11.50,8.13,39.0
H,H8,18761,Historic,10.30,8.12,35.0
H,H8,18762,Historic,10.30,8.00,35.0
H,H8,18764,Historic,10.17,8.00,35.0
H,H8,18765,Historic,10.17,8.00,34.6
H,H8,18766,Historic,10.17,8.00,34.5
H,H8,18775,Historic,9.69,8.06,33.0
H,H8,18778,Historic,9.30,7.88,32.0
H,H8,18779,Historic,9.17,7.88,32.0
H,H8,18781,Historic,9.17,7.88,31.5
H,H8,18782,Historic,9.13,8.00,31.0
H,H8/6.5,18767,Historic,10.10,8.13,34.5
H,H8/6.5,18768,Historic,9.97,8.13,34.5
H,H8/6.5,18785,Historic,8.95,8.00,30.5
H,H8/6.5,18786,Historic,8.82,8.00,30.5
H,H8/6.5,18794,Historic,7.89,7.88,27.0
H,H8/6.5,18795,Historic,7.76,7.88,27.0
H,H8/6.5,18799,Historic,6.85,7.75,23.5
H,H8/6.5,18800,Historic,6.72,7.75,23.5
H,H8A,18680,Historic,34.45,10.00,117.1
H,H8A,18681,Historic,32.89,9.88,111.8
H,H8A,18682,Historic,31.35,9.75,106.6
H,H8A,18683,Historic,29.81,9.63,101.3
H,H8A,18684,Historic,28.28,9.50,96.1
H,H8A,18686,Historic,26.76,9.38,91.0
H,H8A,18692,Historic,25.25,9.25,85.9
H,H8A,18697,Historic,23.84,9.13,81.1
H,H8A,18703,Historic,22.35,9.00,76.0
H,H8A,18787,Historic,8.83,8.12,30.0
H,H8A,18791,Historic,7.95,8.03,27.0
H,H8A,18796,Historic,7.09,7.94,24.0
H,H8S,18780,Historic,9.35,8.00,31.8
H,H8S,18790,Historic,8.15,7.88,27.7
H,H8X6.5,18801,Historic,7.94,8.00,27.0
H,H8X6.5,18802,Historic,7.06,8.00,24.0
H,H9,18661,Historic,25.08,10.00,85.3
H,H9,18662,Historic,23.52,9.88,80.0
H,H9,18663,Historic,21.97,9.75,74.7
H,H9,18664,Historic,20.43,9.63,69.5
H,H9,18665,Historic,18.90,9.50,64.3
H,H9,18666,Historic,17.38,9.38,59.1
H,H9,18667,Historic,15.87,9.25,54.0
H,H9,18668,Historic,14.37,9.13,48.9
H,H9,18670,Historic,12.88,9.00,43.8
H,H9A,18652,Historic,39.87,11.00,135.6
H,H9A,18653,Historic,38.15,10.88,129.7
H,H9A,18654,Historic,36.44,10.75,123.9
H,H9A,18655,Historic,34.73,10.63,118.1
H,H9A,18656,Historic,33.04,10.50,112.3
H,H9A,18657,Historic,31.35,10.38,106.6
H,H9A,18658,Historic,29.68,10.25,100.9
H,H9A,18659,Historic,28.02,10.13,95.3
H,H9A,18660,Historic,26.46,10.00,90.0
H,H9S,18672,Historic,11.95,9.00,40.6
H,H9S,18674,Historic,10.59,8.88,36.0
H,H9S,18676,Historic,9.69,8.88,32.9
H,H9S,18679,Historic,8.46,8.75,28.8
HSS,HSS16X12X5/8,5550,13th,30.3,0,110.00
HSS,HSS16X12X5/8,3576,14th,30.3,–,110.36
HSS,HSS16X12X5/8,1562,15th,30.3,–,110.36
HSS,HSS16X12X5/8,9230,LRFD2,31.4000,0.0000,106.7100
HSS,HSS18X18X1/2,1549,15th,32.1,–,116.91
HSS,HSS18X18X1/2,9478,LRFD2,33.9000,0.0000,115.4500
HSS,HSS18X18X5/8,1548,15th,39.6,–,144.39
HSS,HSS18X18X5/8,9477,LRFD2,41.4000,0.0000,140.7300
HSS,HSS20X12X5/8,5529,13th,35.0,0,127.00
HSS,HSS20X12X5/8,3555,14th,35.0,–,127.37
HSS,HSS20X12X5/8,1534,15th,35.0,–,127.37
HSS,HSS20X12X5/8,9211,LRFD2,36.4000,0.0000,123.7200
HSS,HSS20X20X1/2,1532,15th,35.8,–,130.52
HSS,HSS20X20X1/2,9475,LRFD2,37.9000,0.0000,129.0600
HSS,HSS20X20X5/8,1531,15th,44.3,–,161.40
HSS,HSS20X20X5/8,9474,LRFD2,46.4000,0.0000,157.7500
I,I104.625,15046,ASD6,10.22,10.00,35.0
I,I104.625,15047,ASD6,7.38,10.00,25.4
I,I10X4.625,15735,ASD5,10.22,10.00,35.0
I,I10X4.625,15736,ASD5,7.38,10.00,25.4
I,I125,15044,ASD6,10.20,12.00,35.0
I,I125,15045,ASD6,9.26,12.00,31.8
I,I125.25,15042,ASD6,14.57,12.00,50.0
I,I125.25,15043,ASD6,11.84,12.00,40.8
I,I12X5,15733,ASD5,10.20,12.00,35.0
I,I12X5,15734,ASD5,9.26,12.00,31.8
I,I12X5.25,15731,ASD5,14.57,12.00,50.0
I,I12X5.25,15732,ASD5,11.84,12.00,40.8
I,I155.5,15040,ASD6,14.59,15.00,50.0
I,I155.5,15041,ASD6,12.49,15.00,42.9
I,I15X5.5,15729,ASD5,14.59,15.00,50.0
I,I15X5.5,15730,ASD5,12.49,15.00,42.9
I,I186,15038,ASD6,20.46,18.00,70.0
I,I186,15039,ASD6,15.94,18.00,54.7
I,I18X6,15727,ASD5,20.46,18.00,70.0
I,I18X6,15728,ASD5,15.94,18.00,54.7
I,I206.25,15036,ASD6,21.90,20.00,75.0
I,I206.25,15037,ASD6,19.08,20.00,65.4
I,I207,15034,ASD6,27.74,20.00,95.0
I,I207,15035,ASD6,24.80,20.00,85.0
I,I20X6.25,15725,ASD5,21.90,20.00,75.0
I,I20X6.25,15726,ASD5,19.08,20.00,65.4
I,I20X7,15723,ASD5,27.74,20.00,95.0
I,I20X7,15724,ASD5,24.80,20.00,85.0
I,I24X7,15720,ASD5,29.25,24.00,100.0
I,I24X7,15721,ASD5,26.30,24.00,90.0
I,I24X7,15722,ASD5,23.33,24.00,79.9
I,I24X7,15031,ASD6,29.25,24.00,100.0
I,I24X7,15032,ASD6,26.30,24.00,90.0
I,I24X7,15033,ASD6,23.33,24.00,79.9
I,I24X7.875,15718,ASD5,35.13,24.00,120.0
I,I24X7.875,15719,ASD5,30.98,24.00,105.9
I,I24X7.875,15029,ASD6,35.13,24.00,120.0
I,I24X7.875,15030,ASD6,30.98,24.00,105.9
I,I32.375,15058,ASD6,2.17,3.00,7.5
I,I32.375,15059,ASD6,1.64,3.00,5.7
I,I3X2.375,15747,ASD5,2.17,3.00,7.5
I,I3X2.375,15748,ASD5,1.64,3.00,5.7
I,I42.625,15056,ASD6,2.76,4.00,9.5
I,I42.625,15057,ASD6,2.21,4.00,7.7
I,I4X2.625,15745,ASD5,2.76,4.00,9.5
I,I4X2.625,15746,ASD5,2.21,4.00,7.7
I,I53,15054,ASD6,4.29,5.00,14.8
I,I53,15055,ASD6,2.87,5.00,10.0
I,I5X3,15743,ASD5,4.29,5.00,14.75
I,I5X3,15744,ASD5,2.87,5.00,10.0
I,I63.375,15052,ASD6,5.02,6.00,17.3
I,I63.375,15053,ASD6,3.61,6.00,12.5
I,I6X3.375,15741,ASD5,5.02,6.00,17.25
I,I6X3.375,15742,ASD5,3.61,6.00,12.5
I,I73.625,15050,ASD6,5.83,7.00,20.0
I,I73.625,15051,ASD6,4.43,7.00,15.3
I,I7X3.625,15739,ASD5,5.83,7.00,20.0
I,I7X3.625,15740,ASD5,4.43,7.00,15.3
I,I84,15048,ASD6,6.71,8.00,23.0
I,I84,15049,ASD6,5.34,8.00,18.4
I,I8X4,15737,ASD5,6.71,8.00,23.0
I,I8X4,15738,ASD5,5.34,8.00,18.4
L,L1.25X1.25,15679,ASD5,0.56,–,1.92
L,L1.25X1.25,15680,ASD5,0.43,–,1.48
L,L1.25X1.25,15681,ASD5,0.30,–,1.01
L,L1.25X1.25,14989,ASD6,0.56,–,1.92
L,L1.25X1.25,14990,ASD6,0.53,–,1.48
L,L1.25X1.25,14991,ASD6,0.30,–,1.01
L,L1.5X1.5,15676,ASD5,0.69,–,2.34
L,L1.5X1.5,15677,ASD5,0.53,–,1.80
L,L1.5X1.5,15678,ASD5,0.36,–,1.23
L,L1.5X1.5,14986,ASD6,0.69,–,2.34
L,L1.5X1.5,14987,ASD6,0.53,–,1.80
L,L1.5X1.5,14988,ASD6,0.36,–,1.23
L,L1.75X1.75,15673,ASD5,0.81,–,2.77
L,L1.75X1.75,15674,ASD5,0.62,–,2.12
L,L1.75X1.75,15675,ASD5,0.42,–,1.44
L,L1.75X1.75,14983,ASD6,0.81,–,2.77
L,L1.75X1.75,14984,ASD6,0.62,–,2.12
L,L1.75X1.75,14985,ASD6,0.42,–,1.44
L,L1X1,15682,ASD5,0.44,–,1.49
L,L1X1,15683,ASD5,0.34,–,1.16
L,L1X1,15684,ASD5,0.23,–,0.80
L,L1X1,14992,ASD6,0.44,–,1.49
L,L1X1,14993,ASD6,0.34,–,1.16
L,L1X1,14994,ASD6,0.23,–,0.80
L,L2-1/2X1-1/2X1/4,4609,13th,0.938,2.50,3.22
L,L2-1/2X1-1/2X1/4,2624,14th,0.947,1.50,3.19
L,L2-1/2X1-1/2X1/4,553,15th,0.947,1.50,3.19
L,L2-1/2X1-1/2X3/16,4610,13th,0.715,2.50,2.47
L,L2-1/2X1-1/2X3/16,2625,14th,0.724,1.50,2.44
L,L2-1/2X1-1/2X3/16,554,15th,0.724,1.50,2.44
L,L2-1/2X2X1/4,4607,13th,1.06,2.50,3.62
L,L2-1/2X2X1/4,2622,14th,1.07,2.00,3.62
L,L2-1/2X2X1/4,551,15th,1.07,2.00,3.62
L,L2-1/2X2X1/4,8476,LRFD2,1.0600,2.5000,3.6200
L,L2-1/2X2X1/4,6563,LRFD3,1.07,2.5,3.65
L,L2-1/2X2X3/16,4608,13th,0.809,2.50,2.75
L,L2-1/2X2X3/16,2623,14th,0.818,2.00,2.75
L,L2-1/2X2X3/16,552,15th,0.818,2.00,2.75
L,L2-1/2X2X3/16,8477,LRFD2,0.8090,2.5000,2.7500
L,L2-1/2X2X3/16,6564,LRFD3,0.818,2.5,2.78
L,L2-1/2X2X3/8,4605,13th,1.55,2.50,5.30
L,L2-1/2X2X3/8,2620,14th,1.55,2.00,5.30
L,L2-1/2X2X3/8,549,15th,1.55,2.00,5.30
L,L2-1/2X2X3/8,8474,LRFD2,1.5500,2.5000,5.3000
L,L2-1/2X2X3/8,6561,LRFD3,1.56,2.5,5.3
L,L2-1/2X2X5/16,4606,13th,1.31,2.50,4.50
L,L2-1/2X2X5/16,2621,14th,1.32,2.00,4.50
L,L2-1/2X2X5/16,550,15th,1.32,2.00,4.50
L,L2-1/2X2X5/16,8475,LRFD2,1.3100,2.5000,4.5000
L,L2-1/2X2X5/16,6562,LRFD3,1.32,2.5,4.49
L,L2.5X2.5,15663,ASD5,2.25,–,7.7
L,L2.5X2.5,15664,ASD5,1.73,–,5.9
L,L2.5X2.5,15665,ASD5,1.47,–,5.0
L,L2.5X2.5,15666,ASD5,1.19,–,4.1
L,L2.5X2.5,15667,ASD5,0.90,–,3.07
L,L2.5X2.5,14973,ASD6,2.25,–,7.7
L,L2.5X2.5,14974,ASD6,1.73,–,5.9
L,L2.5X2.5,14975,ASD6,1.47,–,5.0
L,L2.5X2.5,14976,ASD6,1.19,–,4.1
L,L2.5X2.5,14977,ASD6,0.90,–,3.07
L,L2X2,15668,ASD5,1.36,–,4.7
L,L2X2,15669,ASD5,1.15,–,3.92
L,L2X2,15670,ASD5,0.94,–,3.19
L,L2X2,15671,ASD5,0.71,–,2.44
L,L2X2,15672,ASD5,0.48,–,1.65
L,L2X2,14978,ASD6,1.36,–,4.7
L,L2X2,14979,ASD6,1.15,–,3.92
L,L2X2,14980,ASD6,0.94,–,3.19
L,L2X2,14981,ASD6,0.71,–,2.44
L,L2X2,14982,ASD6,0.48,–,1.65
L,L3-1/2X2-1/2X1/2,4579,13th,2.75,3.50,9.40
L,L3-1/2X2-1/2X1/2,2594,14th,2.77,2.50,9.40
L,L3-1/2X2-1/2X1/2,523,15th,2.77,2.50,9.40
L,L3-1/2X2-1/2X1/2,8450,LRFD2,2.7500,3.5000,9.4000
L,L3-1/2X2-1/2X1/2,6535,LRFD3,2.76,3.5,9.41
L,L3-1/2X2-1/2X1/4,4582,13th,1.44,3.50,4.90
L,L3-1/2X2-1/2X1/4,2597,14th,1.45,2.50,4.90
L,L3-1/2X2-1/2X1/4,526,15th,1.45,2.50,4.90
L,L3-1/2X2-1/2X1/4,8452,LRFD2,1.4400,3.5000,4.9000
L,L3-1/2X2-1/2X1/4,6538,LRFD3,1.45,3.5,4.94
L,L3-1/2X2-1/2X3/8,4580,13th,2.11,3.50,7.20
L,L3-1/2X2-1/2X3/8,2595,14th,2.12,2.50,7.20
L,L3-1/2X2-1/2X3/8,524,15th,2.12,2.50,7.20
L,L3-1/2X2-1/2X3/8,8451,LRFD2,2.1100,3.5000,7.2000
L,L3-1/2X2-1/2X3/8,6536,LRFD3,2.12,3.5,7.23
L,L3-1/2X2-1/2X5/16,4581,13th,1.78,3.50,6.10
L,L3-1/2X2-1/2X5/16,2596,14th,1.79,2.50,6.10
L,L3-1/2X2-1/2X5/16,525,15th,1.79,2.50,6.10
L,L3-1/2X2-1/2X5/16,6537,LRFD3,1.79,3.5,6.1
L,L3-1/2X3X1/2,4574,13th,3.00,3.50,10.2
L,L3-1/2X3X1/2,2589,14th,3.02,3.00,10.2
L,L3-1/2X3X1/2,518,15th,3.02,3.00,10.2
L,L3-1/2X3X1/2,8446,LRFD2,3.0000,3.5000,10.2000
L,L3-1/2X3X1/2,6530,LRFD3,3.02,3.5,10.3
L,L3-1/2X3X1/4,4578,13th,1.56,3.50,5.40
L,L3-1/2X3X1/4,2593,14th,1.58,3.00,5.40
L,L3-1/2X3X1/4,522,15th,1.58,3.00,5.40
L,L3-1/2X3X1/4,8449,LRFD2,1.5600,3.5000,5.4000
L,L3-1/2X3X1/4,6534,LRFD3,1.58,3.5,5.38
L,L3-1/2X3X3/8,4576,13th,2.30,3.50,7.90
L,L3-1/2X3X3/8,2591,14th,2.32,3.00,7.90
L,L3-1/2X3X3/8,520,15th,2.32,3.00,7.90
L,L3-1/2X3X3/8,8447,LRFD2,2.3000,3.5000,7.9000
L,L3-1/2X3X3/8,6532,LRFD3,2.32,3.5,7.88
L,L3-1/2X3X5/16,4577,13th,1.93,3.50,6.60
L,L3-1/2X3X5/16,2592,14th,1.95,3.00,6.60
L,L3-1/2X3X5/16,521,15th,1.95,3.00,6.60
L,L3-1/2X3X5/16,8448,LRFD2,1.9300,3.5000,6.6000
L,L3-1/2X3X5/16,6533,LRFD3,1.95,3.5,6.65
L,L3-1/2X3X7/16,4575,13th,2.65,3.50,9.10
L,L3-1/2X3X7/16,2590,14th,2.67,3.00,9.10
L,L3-1/2X3X7/16,519,15th,2.67,3.00,9.10
L,L3-1/2X3X7/16,6531,LRFD3,2.67,3.5,9.09
L,L3.5X3.5,15652,ASD5,3.25,–,11.1
L,L3.5X3.5,15653,ASD5,2.87,–,9.8
L,L3.5X3.5,15654,ASD5,2.48,–,8.5
L,L3.5X3.5,15655,ASD5,2.09,–,7.2
L,L3.5X3.5,15656,ASD5,1.69,–,5.8
L,L3.5X3.5,14962,ASD6,3.25,–,11.1
L,L3.5X3.5,14963,ASD6,2.87,–,9.8
L,L3.5X3.5,14964,ASD6,2.48,–,8.5
L,L3.5X3.5,14965,ASD6,2.09,–,7.2
L,L3.5X3.5,14966,ASD6,1.69,–,5.8
L,L3X2-1/2X1/2,4589,13th,2.50,3.00,8.50
L,L3X2-1/2X1/2,2604,14th,2.50,2.50,8.50
L,L3X2-1/2X1/2,533,15th,2.50,2.50,8.50
L,L3X2-1/2X1/2,8459,LRFD2,2.5000,3.0000,8.5000
L,L3X2-1/2X1/2,6545,LRFD3,2.51,3,8.53
L,L3X2-1/2X1/4,4593,13th,1.31,3.00,4.50
L,L3X2-1/2X1/4,2608,14th,1.32,2.50,4.50
L,L3X2-1/2X1/4,537,15th,1.32,2.50,4.50
L,L3X2-1/2X1/4,8462,LRFD2,1.3100,3.0000,4.5000
L,L3X2-1/2X1/4,6549,LRFD3,1.32,3,4.49
L,L3X2-1/2X3/16,4594,13th,0.996,3.00,3.39
L,L3X2-1/2X3/16,2609,14th,1.00,2.50,3.39
L,L3X2-1/2X3/16,538,15th,1.00,2.50,3.39
L,L3X2-1/2X3/16,8463,LRFD2,0.9960,3.0000,3.3900
L,L3X2-1/2X3/16,6550,LRFD3,1,3,3.41
L,L3X2-1/2X3/8,4591,13th,1.92,3.00,6.60
L,L3X2-1/2X3/8,2606,14th,1.93,2.50,6.60
L,L3X2-1/2X3/8,535,15th,1.93,2.50,6.60
L,L3X2-1/2X3/8,8460,LRFD2,1.9200,3.0000,6.6000
L,L3X2-1/2X3/8,6547,LRFD3,1.93,3,6.56
L,L3X2-1/2X5/16,4592,13th,1.62,3.00,5.60
L,L3X2-1/2X5/16,2607,14th,1.63,2.50,5.60
L,L3X2-1/2X5/16,536,15th,1.63,2.50,5.60
L,L3X2-1/2X5/16,8461,LRFD2,1.6200,3.0000,5.6000
L,L3X2-1/2X5/16,6548,LRFD3,1.63,3,5.54
L,L3X2-1/2X7/16,4590,13th,2.21,3.00,7.60
L,L3X2-1/2X7/16,2605,14th,2.22,2.50,7.60
L,L3X2-1/2X7/16,534,15th,2.22,2.50,7.60
L,L3X2-1/2X7/16,6546,LRFD3,2.22,3,7.56
L,L3X2.5X0.4375,13923,ASD7,2.21,–,7.6
L,L3X2.5X0.4375,12837,ASD8,2.21,–,7.6
L,L3X2.5X0.4375,10530,ASD9,2.21,–,1.6
L,L3X2.5X0.4375,11512,LRFD1,2.21,–,7.6
L,L3X2X1/2,4595,13th,2.25,3.00,7.70
L,L3X2X1/2,2610,14th,2.26,2.00,7.70
L,L3X2X1/2,539,15th,2.26,2.00,7.70
L,L3X2X1/2,8464,LRFD2,2.2500,3.0000,7.7000
L,L3X2X1/2,6551,LRFD3,2.26,3,7.7
L,L3X2X1/4,4598,13th,1.19,3.00,4.10
L,L3X2X1/4,2613,14th,1.20,2.00,4.10
L,L3X2X1/4,542,15th,1.20,2.00,4.10
L,L3X2X1/4,8467,LRFD2,1.1900,3.0000,4.1000
L,L3X2X1/4,6554,LRFD3,1.2,3,4.09
L,L3X2X3/16,4599,13th,0.902,3.00,3.07
L,L3X2X3/16,2614,14th,0.917,2.00,3.07
L,L3X2X3/16,543,15th,0.917,2.00,3.07
L,L3X2X3/16,8468,LRFD2,0.9020,3.0000,3.0700
L,L3X2X3/16,6555,LRFD3,0.917,3,3.12
L,L3X2X3/8,4596,13th,1.73,3.00,5.90
L,L3X2X3/8,2611,14th,1.75,2.00,5.90
L,L3X2X3/8,540,15th,1.75,2.00,5.90
L,L3X2X3/8,8465,LRFD2,1.7300,3.0000,5.9000
L,L3X2X3/8,6552,LRFD3,1.75,3,5.95
L,L3X2X5/16,4597,13th,1.46,3.00,5.00
L,L3X2X5/16,2612,14th,1.48,2.00,5.00
L,L3X2X5/16,541,15th,1.48,2.00,5.00
L,L3X2X5/16,8466,LRFD2,1.4600,3.0000,5.0000
L,L3X2X5/16,6553,LRFD3,1.48,3,5.03
L,L3X3,15657,ASD5,2.75,–,9.4
L,L3X3,15658,ASD5,2.43,–,8.3
L,L3X3,15659,ASD5,2.11,–,7.2
L,L3X3,15660,ASD5,1.78,–,6.1
L,L3X3,15661,ASD5,1.44,–,4.9
L,L3X3,15662,ASD5,1.09,–,3.71
L,L3X3,14967,ASD6,2.75,–,9.4
L,L3X3,14968,ASD6,2.43,–,8.3
L,L3X3,14969,ASD6,2.11,–,7.2
L,L3X3,14970,ASD6,1.78,–,6.1
L,L3X3,14971,ASD6,1.44,–,4.9
L,L3X3,14972,ASD6,1.09,–,3.71
L,L4X3-1/2X1/2,4560,13th,3.50,4.00,11.9
L,L4X3-1/2X1/2,2575,14th,3.50,3.50,11.9
L,L4X3-1/2X1/2,504,15th,3.50,3.50,11.9
L,L4X3-1/2X1/2,8431,LRFD2,3.5000,4.0000,11.9000
L,L4X3-1/2X1/2,6516,LRFD3,3.5,4,11.9
L,L4X3-1/2X1/4,4563,13th,1.81,4.00,6.20
L,L4X3-1/2X1/4,2578,14th,1.82,3.50,6.20
L,L4X3-1/2X1/4,507,15th,1.82,3.50,6.20
L,L4X3-1/2X1/4,8434,LRFD2,1.8100,4.0000,6.2000
L,L4X3-1/2X1/4,6519,LRFD3,1.82,4,6.18
L,L4X3-1/2X3/8,4561,13th,2.67,4.00,9.10
L,L4X3-1/2X3/8,2576,14th,2.68,3.50,9.10
L,L4X3-1/2X3/8,505,15th,2.68,3.50,9.10
L,L4X3-1/2X3/8,8432,LRFD2,2.6700,4.0000,9.1000
L,L4X3-1/2X3/8,6517,LRFD3,2.68,4,9.1
L,L4X3-1/2X5/16,4562,13th,2.25,4.00,7.70
L,L4X3-1/2X5/16,2577,14th,2.25,3.50,7.70
L,L4X3-1/2X5/16,506,15th,2.25,3.50,7.70
L,L4X3-1/2X5/16,8433,LRFD2,2.2500,4.0000,7.7000
L,L4X3-1/2X5/16,6518,LRFD3,2.25,4,7.65
L,L4X3X1/2,4565,13th,3.25,4.00,11.1
L,L4X3X1/2,2580,14th,3.25,3.00,11.1
L,L4X3X1/2,509,15th,3.25,3.00,11.1
L,L4X3X1/2,8436,LRFD2,3.2500,4.0000,11.1000
L,L4X3X1/2,6521,LRFD3,3.25,4,11.1
L,L4X3X1/4,4568,13th,1.69,4.00,5.80
L,L4X3X1/4,2583,14th,1.69,3.00,5.80
L,L4X3X1/4,512,15th,1.69,3.00,5.80
L,L4X3X1/4,8440,LRFD2,1.6900,4.0000,5.8000
L,L4X3X1/4,6524,LRFD3,1.69,4,5.75
L,L4X3X3/8,4566,13th,2.48,4.00,8.50
L,L4X3X3/8,2581,14th,2.49,3.00,8.50
L,L4X3X3/8,510,15th,2.49,3.00,8.50
L,L4X3X3/8,8438,LRFD2,2.4800,4.0000,8.5000
L,L4X3X3/8,6522,LRFD3,2.49,4,8.47
L,L4X3X5/16,4567,13th,2.09,4.00,7.20
L,L4X3X5/16,2582,14th,2.09,3.00,7.20
L,L4X3X5/16,511,15th,2.09,3.00,7.20
L,L4X3X5/16,8439,LRFD2,2.0900,4.0000,7.2000
L,L4X3X5/16,6523,LRFD3,2.09,4,7.12
L,L4X3X5/8,4564,13th,3.98,4.00,13.6
L,L4X3X5/8,2579,14th,3.99,3.00,13.6
L,L4X3X5/8,508,15th,3.99,3.00,13.6
L,L4X3X5/8,8435,LRFD2,3.9800,4.0000,13.6000
L,L4X3X5/8,6520,LRFD3,3.99,4,13.6
L,L4X4,15645,ASD5,5.44,–,18.5
L,L4X4,15646,ASD5,4.61,–,15.7
L,L4X4,15647,ASD5,3.75,–,12.8
L,L4X4,15648,ASD5,3.31,–,11.3
L,L4X4,15649,ASD5,2.86,–,9.8
L,L4X4,15650,ASD5,2.40,–,8.2
L,L4X4,15651,ASD5,1.94,–,6.6
L,L4X4,14955,ASD6,5.44,–,18.5
L,L4X4,14956,ASD6,4.61,–,15.7
L,L4X4,14957,ASD6,3.75,–,12.8
L,L4X4,14958,ASD6,3.31,–,11.3
L,L4X4,14959,ASD6,2.86,–,9.8
L,L4X4,14960,ASD6,2.40,–,8.2
L,L4X4,14961,ASD6,1.94,–,6.6
L,L5X3-1/2X1/2,4544,13th,4.00,5.00,13.6
L,L5X3-1/2X1/2,2559,14th,4.00,3.50,13.6
L,L5X3-1/2X1/2,488,15th,4.00,3.50,13.6
L,L5X3-1/2X1/2,8415,LRFD2,4.0000,5.0000,13.6000
L,L5X3-1/2X1/2,6500,LRFD3,4,5,13.6
L,L5X3-1/2X1/4,4547,13th,2.06,5.00,7.00
L,L5X3-1/2X1/4,2562,14th,2.07,3.50,7.00
L,L5X3-1/2X1/4,491,15th,2.07,3.50,7.00
L,L5X3-1/2X1/4,8418,LRFD2,2.0600,5.0000,7.0000
L,L5X3-1/2X1/4,6503,LRFD3,2.07,5,7.03
L,L5X3-1/2X3/4,4542,13th,5.81,5.00,19.8
L,L5X3-1/2X3/4,2557,14th,5.85,3.50,19.8
L,L5X3-1/2X3/4,486,15th,5.85,3.50,19.8
L,L5X3-1/2X3/4,8413,LRFD2,5.8100,5.0000,19.8000
L,L5X3-1/2X3/4,6498,LRFD3,5.82,5,19.8
L,L5X3-1/2X3/8,4545,13th,3.05,5.00,10.4
L,L5X3-1/2X3/8,2560,14th,3.05,3.50,10.4
L,L5X3-1/2X3/8,489,15th,3.05,3.50,10.4
L,L5X3-1/2X3/8,8416,LRFD2,3.0500,5.0000,10.4000
L,L5X3-1/2X3/8,6501,LRFD3,3.05,5,10.4
L,L5X3-1/2X5/16,4546,13th,2.56,5.00,8.70
L,L5X3-1/2X5/16,2561,14th,2.56,3.50,8.70
L,L5X3-1/2X5/16,490,15th,2.56,3.50,8.70
L,L5X3-1/2X5/16,8417,LRFD2,2.5600,5.0000,8.7000
L,L5X3-1/2X5/16,6502,LRFD3,2.56,5,8.72
L,L5X3-1/2X5/8,4543,13th,4.92,5.00,16.8
L,L5X3-1/2X5/8,2558,14th,4.93,3.50,16.8
L,L5X3-1/2X5/8,487,15th,4.93,3.50,16.8
L,L5X3-1/2X5/8,8414,LRFD2,4.9200,5.0000,16.8000
L,L5X3-1/2X5/8,6499,LRFD3,4.93,5,16.8
L,L5X3X0.625,12790,ASD8,4.61,–,15.7
L,L5X3X0.625,10485,ASD9,4.61,–,1537.0
L,L5X3X0.625,11465,LRFD1,4.61,–,15.7
L,L5X3X1/2,4548,13th,3.75,5.00,12.8
L,L5X3X1/2,2563,14th,3.75,3.00,12.8
L,L5X3X1/2,492,15th,3.75,3.00,12.8
L,L5X3X1/2,8419,LRFD2,3.7500,5.0000,12.8000
L,L5X3X1/2,6504,LRFD3,3.75,5,12.8
L,L5X3X1/4,4552,13th,1.94,5.00,6.60
L,L5X3X1/4,2567,14th,1.94,3.00,6.60
L,L5X3X1/4,496,15th,1.94,3.00,6.60
L,L5X3X1/4,8423,LRFD2,1.9400,5.0000,6.6000
L,L5X3X1/4,6508,LRFD3,1.94,5,6.6
L,L5X3X3/8,4550,13th,2.86,5.00,9.80
L,L5X3X3/8,2565,14th,2.86,3.00,9.80
L,L5X3X3/8,494,15th,2.86,3.00,9.80
L,L5X3X3/8,8421,LRFD2,2.8600,5.0000,9.8000
L,L5X3X3/8,6506,LRFD3,2.86,5,9.74
L,L5X3X5/16,4551,13th,2.40,5.00,8.20
L,L5X3X5/16,2566,14th,2.41,3.00,8.20
L,L5X3X5/16,495,15th,2.41,3.00,8.20
L,L5X3X5/16,8422,LRFD2,2.4000,5.0000,8.2000
L,L5X3X5/16,6507,LRFD3,2.41,5,8.19
L,L5X3X7/16,4549,13th,3.31,5.00,11.3
L,L5X3X7/16,2564,14th,3.31,3.00,11.3
L,L5X3X7/16,493,15th,3.31,3.00,11.3
L,L5X3X7/16,8420,LRFD2,3.3100,5.0000,11.3000
L,L5X3X7/16,6505,LRFD3,3.31,5,11.3
L,L5X5,15638,ASD5,7.98,–,27.2
L,L5X5,15639,ASD5,6.94,–,23.6
L,L5X5,15640,ASD5,5.86,–,20.0
L,L5X5,15641,ASD5,4.75,–,16.2
L,L5X5,15642,ASD5,4.18,–,14.3
L,L5X5,15643,ASD5,3.61,–,12.3
L,L5X5,15644,ASD5,3.03,–,10.3
L,L5X5,14948,ASD6,7.98,–,27.2
L,L5X5,14949,ASD6,6.94,–,23.6
L,L5X5,14950,ASD6,5.86,–,20.0
L,L5X5,14951,ASD6,4.75,–,16.2
L,L5X5,14952,ASD6,4.18,–,14.3
L,L5X5,14953,ASD6,3.61,–,12.3
L,L5X5,14954,ASD6,3.03,–,10.3
L,L6X3-1/2X1/2,4532,13th,4.50,6.00,15.3
L,L6X3-1/2X1/2,2547,14th,4.50,3.50,15.3
L,L6X3-1/2X1/2,476,15th,4.50,3.50,15.3
L,L6X3-1/2X1/2,8403,LRFD2,4.5000,6.0000,15.3000
L,L6X3-1/2X1/2,6488,LRFD3,4.52,6,15.4
L,L6X3-1/2X3/8,4533,13th,3.42,6.00,11.7
L,L6X3-1/2X3/8,2548,14th,3.44,3.50,11.7
L,L6X3-1/2X3/8,477,15th,3.44,3.50,11.7
L,L6X3-1/2X3/8,8404,LRFD2,3.4200,6.0000,11.7000
L,L6X3-1/2X3/8,6489,LRFD3,3.44,6,11.7
L,L6X3-1/2X5/16,4534,13th,2.87,6.00,9.80
L,L6X3-1/2X5/16,2549,14th,2.89,3.50,9.80
L,L6X3-1/2X5/16,478,15th,2.89,3.50,9.80
L,L6X3-1/2X5/16,8405,LRFD2,2.8700,6.0000,9.8000
L,L6X3-1/2X5/16,6490,LRFD3,2.89,6,9.83
L,L6X4X1/2,4528,13th,4.75,6.00,16.2
L,L6X4X1/2,2543,14th,4.75,4.00,16.2
L,L6X4X1/2,472,15th,4.75,4.00,16.2
L,L6X4X1/2,8399,LRFD2,4.7500,6.0000,16.2000
L,L6X4X1/2,6484,LRFD3,4.75,6,16.2
L,L6X4X3/4,4525,13th,6.94,6.00,23.6
L,L6X4X3/4,2540,14th,6.94,4.00,23.6
L,L6X4X3/4,469,15th,6.94,4.00,23.6
L,L6X4X3/4,8396,LRFD2,6.9400,6.0000,23.6000
L,L6X4X3/4,6481,LRFD3,6.94,6,23.6
L,L6X4X3/8,4530,13th,3.61,6.00,12.3
L,L6X4X3/8,2545,14th,3.61,4.00,12.3
L,L6X4X3/8,474,15th,3.61,4.00,12.3
L,L6X4X3/8,8401,LRFD2,3.6100,6.0000,12.3000
L,L6X4X3/8,6486,LRFD3,3.61,6,12.3
L,L6X4X5/16,4531,13th,3.03,6.00,10.3
L,L6X4X5/16,2546,14th,3.03,4.00,10.3
L,L6X4X5/16,475,15th,3.03,4.00,10.3
L,L6X4X5/16,8402,LRFD2,3.0300,6.0000,10.3000
L,L6X4X5/16,6487,LRFD3,3.03,6,10.3
L,L6X4X5/8,4526,13th,5.86,6.00,20.0
L,L6X4X5/8,2541,14th,5.86,4.00,20.0
L,L6X4X5/8,470,15th,5.86,4.00,20.0
L,L6X4X5/8,8397,LRFD2,5.8600,6.0000,20.0000
L,L6X4X5/8,6482,LRFD3,5.86,6,19.9
L,L6X4X7/16,4529,13th,4.18,6.00,14.3
L,L6X4X7/16,2544,14th,4.18,4.00,14.3
L,L6X4X7/16,473,15th,4.18,4.00,14.3
L,L6X4X7/16,8400,LRFD2,4.1800,6.0000,14.3000
L,L6X4X7/16,6485,LRFD3,4.18,6,14.2
L,L6X4X7/8,4524,13th,7.98,6.00,27.2
L,L6X4X7/8,2539,14th,8.00,4.00,27.2
L,L6X4X7/8,468,15th,8.00,4.00,27.2
L,L6X4X7/8,8395,LRFD2,7.9800,6.0000,27.2000
L,L6X4X7/8,6480,LRFD3,7.98,6,27.2
L,L6X4X9/16,4527,13th,5.31,6.00,18.1
L,L6X4X9/16,2542,14th,5.31,4.00,18.1
L,L6X4X9/16,471,15th,5.31,4.00,18.1
L,L6X4X9/16,8398,LRFD2,5.3100,6.0000,18.1000
L,L6X4X9/16,6483,LRFD3,5.31,6,18.1
L,L6X6,15629,ASD5,11.00,–,37.4
L,L6X6,15630,ASD5,9.73,–,33.1
L,L6X6,15631,ASD5,8.44,–,28.7
L,L6X6,15632,ASD5,7.11,–,24.2
L,L6X6,15633,ASD5,6.43,–,21.9
L,L6X6,15634,ASD5,5.75,–,19.6
L,L6X6,15635,ASD5,5.06,–,17.2
L,L6X6,15636,ASD5,4.36,–,14.9
L,L6X6,15637,ASD5,3.66,–,12.5
L,L6X6,14939,ASD6,11.00,–,37.4
L,L6X6,14940,ASD6,9.73,–,33.1
L,L6X6,14941,ASD6,8.44,–,28.7
L,L6X6,14942,ASD6,7.11,–,24.2
L,L6X6,14943,ASD6,6.43,–,21.9
L,L6X6,14944,ASD6,5.75,–,19.6
L,L6X6,14945,ASD6,5.06,–,17.2
L,L6X6,14946,ASD6,4.36,–,14.9
L,L6X6,14947,ASD6,3.65,–,12.4
L,L7X4X1/2,4512,13th,5.25,7.00,17.9
L,L7X4X1/2,2527,14th,5.26,4.00,17.9
L,L7X4X1/2,456,15th,5.26,4.00,17.9
L,L7X4X1/2,8383,LRFD2,5.2500,7.0000,17.9000
L,L7X4X1/2,6468,LRFD3,5.26,7,17.9
L,L7X4X3/4,4510,13th,7.69,7.00,26.2
L,L7X4X3/4,2525,14th,7.74,4.00,26.2
L,L7X4X3/4,454,15th,7.74,4.00,26.2
L,L7X4X3/4,8381,LRFD2,7.6900,7.0000,26.2000
L,L7X4X3/4,6466,LRFD3,7.7,7,26.2
L,L7X4X3/8,4514,13th,3.98,7.00,13.6
L,L7X4X3/8,2529,14th,4.00,4.00,13.6
L,L7X4X3/8,458,15th,4.00,4.00,13.6
L,L7X4X3/8,8385,LRFD2,3.9800,7.0000,13.6000
L,L7X4X3/8,6470,LRFD3,4,7,13.6
L,L7X4X5/8,4511,13th,6.48,7.00,22.1
L,L7X4X5/8,2526,14th,6.50,4.00,22.1
L,L7X4X5/8,455,15th,6.50,4.00,22.1
L,L7X4X5/8,8382,LRFD2,6.4800,7.0000,22.1000
L,L7X4X5/8,6467,LRFD3,6.5,7,22.1
L,L7X4X7/16,4513,13th,4.62,7.00,15.7
L,L7X4X7/16,2528,14th,4.63,4.00,15.7
L,L7X4X7/16,457,15th,4.63,4.00,15.7
L,L7X4X7/16,8384,LRFD2,4.6200,7.0000,15.7000
L,L7X4X7/16,6469,LRFD3,4.63,7,15.8
L,L8X4X1,4503,13th,11.0,8.00,37.4
L,L8X4X1,2518,14th,11.1,4.00,37.4
L,L8X4X1,447,15th,11.1,4.00,37.4
L,L8X4X1,13861,ASD7,11.0,–,37.4
L,L8X4X1,12748,ASD8,11.0,–,37.4
L,L8X4X1,10443,ASD9,11.0,–,37.4
L,L8X4X1,11423,LRFD1,11.0,–,37.4
L,L8X4X1,8374,LRFD2,11.0000,8.0000,37.4000
L,L8X4X1,6459,LRFD3,11.1,8,37.6
L,L8X4X1/2,4508,13th,5.75,8.00,19.6
L,L8X4X1/2,2523,14th,5.80,4.00,19.6
L,L8X4X1/2,452,15th,5.80,4.00,19.6
L,L8X4X1/2,8379,LRFD2,5.7500,8.0000,19.6000
L,L8X4X1/2,6464,LRFD3,5.8,8,19.7
L,L8X4X3/4,4505,13th,8.44,8.00,28.7
L,L8X4X3/4,2520,14th,8.49,4.00,28.7
L,L8X4X3/4,449,15th,8.49,4.00,28.7
L,L8X4X3/4,8376,LRFD2,8.4400,8.0000,28.7000
L,L8X4X3/4,6461,LRFD3,8.49,8,28.9
L,L8X4X5/8,4506,13th,7.11,8.00,24.2
L,L8X4X5/8,2521,14th,7.16,4.00,24.2
L,L8X4X5/8,450,15th,7.16,4.00,24.2
L,L8X4X5/8,8377,LRFD2,7.1100,8.0000,24.2000
L,L8X4X5/8,6462,LRFD3,7.16,8,24.4
L,L8X4X7/16,4509,13th,5.06,8.00,17.2
L,L8X4X7/16,2524,14th,5.11,4.00,17.2
L,L8X4X7/16,453,15th,5.11,4.00,17.2
L,L8X4X7/16,8380,LRFD2,5.0600,8.0000,17.2000
L,L8X4X7/16,6465,LRFD3,5.11,8,17.4
L,L8X4X7/8,4504,13th,9.73,8.00,33.1
L,L8X4X7/8,2519,14th,9.79,4.00,33.1
L,L8X4X7/8,448,15th,9.79,4.00,33.1
L,L8X4X7/8,8375,LRFD2,9.7300,8.0000,33.1000
L,L8X4X7/8,6460,LRFD3,9.79,8,33.3
L,L8X4X9/16,4507,13th,6.43,8.00,21.9
L,L8X4X9/16,2522,14th,6.49,4.00,21.9
L,L8X4X9/16,451,15th,6.49,4.00,21.9
L,L8X4X9/16,8378,LRFD2,6.4300,8.0000,21.9000
L,L8X4X9/16,6463,LRFD3,6.49,8,22.1
L,L8X6X1,4496,13th,13.0,8.00,44.2
L,L8X6X1,2511,14th,13.1,6.00,44.2
L,L8X6X1,440,15th,13.1,6.00,44.2
L,L8X6X1,13854,ASD7,13.0,–,44.2
L,L8X6X1,12741,ASD8,13.0,–,44.2
L,L8X6X1,10436,ASD9,13.0,–,44.2
L,L8X6X1,11416,LRFD1,13.0,–,44.2
L,L8X6X1,8367,LRFD2,13.0000,8.0000,44.2000
L,L8X6X1,6452,LRFD3,13.1,8,44.4
L,L8X6X1/2,4501,13th,6.75,8.00,23.0
L,L8X6X1/2,2516,14th,6.80,6.00,23.0
L,L8X6X1/2,445,15th,6.80,6.00,23.0
L,L8X6X1/2,8372,LRFD2,6.7500,8.0000,23.0000
L,L8X6X1/2,6457,LRFD3,6.8,8,23.2
L,L8X6X3/4,4498,13th,9.94,8.00,33.8
L,L8X6X3/4,2513,14th,9.99,6.00,33.8
L,L8X6X3/4,442,15th,9.99,6.00,33.8
L,L8X6X3/4,8369,LRFD2,9.9400,8.0000,33.8000
L,L8X6X3/4,6454,LRFD3,9.99,8,34
L,L8X6X5/8,4499,13th,8.36,8.00,28.5
L,L8X6X5/8,2514,14th,8.41,6.00,28.5
L,L8X6X5/8,443,15th,8.41,6.00,28.5
L,L8X6X5/8,8370,LRFD2,8.3600,8.0000,28.5000
L,L8X6X5/8,6455,LRFD3,8.41,8,28.6
L,L8X6X7/16,4502,13th,5.93,8.00,20.2
L,L8X6X7/16,2517,14th,5.99,6.00,20.2
L,L8X6X7/16,446,15th,5.99,6.00,20.2
L,L8X6X7/16,8373,LRFD2,5.9300,8.0000,20.2000
L,L8X6X7/16,6458,LRFD3,5.99,8,20.4
L,L8X6X7/8,4497,13th,11.5,8.00,39.1
L,L8X6X7/8,2512,14th,11.5,6.00,39.1
L,L8X6X7/8,441,15th,11.5,6.00,39.1
L,L8X6X7/8,8368,LRFD2,11.5000,8.0000,39.1000
L,L8X6X7/8,6453,LRFD3,11.5,8,39.3
L,L8X6X9/16,4500,13th,7.56,8.00,25.7
L,L8X6X9/16,2515,14th,7.61,6.00,25.7
L,L8X6X9/16,444,15th,7.61,6.00,25.7
L,L8X6X9/16,8371,LRFD2,7.5600,8.0000,25.7000
L,L8X6X9/16,6456,LRFD3,7.61,8,25.9
L,L8X8,15622,ASD5,16.73,–,56.9
L,L8X8,15623,ASD5,15.00,–,51.0
L,L8X8,15624,ASD5,13.23,–,45.0
L,L8X8,15625,ASD5,11.44,–,38.9
L,L8X8,15626,ASD5,9.61,–,32.7
L,L8X8,15627,ASD5,8.68,–,29.6
L,L8X8,15628,ASD5,7.75,–,26.4
L,L8X8,14932,ASD6,16.73,–,56.9
L,L8X8,14933,ASD6,15.00,–,51.0
L,L8X8,14934,ASD6,13.23,–,45.0
L,L8X8,14935,ASD6,11.44,–,38.9
L,L8X8,14936,ASD6,9.61,–,32.7
L,L8X8,14937,ASD6,8.68,–,29.6
L,L8X8,14938,ASD6,7.75,–,26.4
L,L8X8X1,4490,13th,15.0,8.00,51.0
L,L8X8X1,2505,14th,15.1,8.00,51.0
L,L8X8X1,434,15th,15.1,8.00,51.0
L,L8X8X1,13951,ASD7,15.0,–,51.0
L,L8X8X1,12735,ASD8,15.0,–,51.0
L,L8X8X1,10430,ASD9,15.0,–,51.0
L,L8X8X1,11410,LRFD1,15.0,–,21.0
L,L8X8X1,8361,LRFD2,15.0000,8.0000,51.0000
L,L8X8X1,6446,LRFD3,15.1,8,51.3
L,L8X8X1.125,13950,ASD7,16.7,–,56.9
L,L8X8X1.125,12734,ASD8,16.7,–,56.9
L,L8X8X1.125,10429,ASD9,16.7,–,56.9
L,L8X8X1.125,11409,LRFD1,16.7,–,26.9
LWF,LWF5X5,15100,ASD6,5.45,5.12,18.5
LWF,LWF5X5,15101,ASD6,4.70,5.00,16
LWF,LWF6X6,15093,ASD6,7.37,6.37,25
LWF,LWF6X6,15096,ASD6,5.90,6.20,20
LWF,LWF6X6,15098,ASD6,4.62,6.00,15.5
M,M105.75,15757,ASD5,7.35,9.90,25
M,M105.75,15758,ASD5,6.18,9.90,21
M,M10X5.75,15069,ASD6,8.55,9.88,29.1
M,M10X5.75,15070,ASD6,6.73,9.88,22.9
M,M10X5.75,15071,ASD6,6.10,9.90,21
M,M10X9,4367,13th,2.65,10.0,9.00
M,M10X9,2370,14th,2.65,10.0,9.00
M,M10X9,288,15th,2.65,10.0,9.00
M,M10X9,14129,ASD7,2.65,10.00,9
M,M10X9,12979,ASD8,2.65,10,6.5
M,M10X9,10677,ASD9,2.65,10.00,9
M,M10X9,8256,LRFD2,2.6700,10.0000,9.0000
M,M10X9,6332,LRFD3,2.65,10,9
M,M12X11.8,4364,13th,3.47,12.0,11.8
M,M12X11.8,2367,14th,3.47,12.0,11.8
M,M12X11.8,285,15th,3.47,12.0,11.8
M,M12X11.8,14126,ASD7,3.47,12.00,11.8
M,M12X11.8,12978,ASD8,3.47,12,6.8
M,M12X11.8,10674,ASD9,3.47,12.00,11.8
M,M12X11.8,11855,LRFD1,3.47,12.00,–
M,M12X11.8,8254,LRFD2,3.4800,12.0000,11.8000
M,M12X11.8,6329,LRFD3,3.47,12,11.8
M,M14X18,12977,ASD8,5.10,14,7.4
M,M14X18,10673,ASD9,5.10,14.00,18
M,M14X18,11854,LRFD1,5.10,14.00,–
M,M4X13,14144,ASD7,3.81,4.00,13
M,M4X13,12984,ASD8,3.81,4,5.3
M,M5X18.9,4374,13th,5.56,5.00,18.9
M,M5X18.9,2377,14th,5.56,5.00,18.9
M,M5X18.9,295,15th,5.56,5.00,18.9
M,M5X18.9,14141,ASD7,5.55,5.00,18.9
M,M5X18.9,12983,ASD8,5.55,5,6.0
M,M5X18.9,8259,LRFD2,5.5500,5.0000,18.9000
M,M5X18.9,6339,LRFD3,5.55,5,18.9
M,M66,15753,ASD5,7.35,6.00,25.0
M,M66,15754,ASD5,5.88,6.00,20.0
M,M6X20,14139,ASD7,5.89,6.00,20
M,M6X20,12981,ASD8,5.89,6,7.8
M,M6X4.4,4372,13th,1.29,6.00,4.40
M,M6X4.4,2375,14th,1.29,6.00,4.40
M,M6X4.4,293,15th,1.29,6.00,4.40
M,M6X4.4,14140,ASD7,1.29,6.00,4.4
M,M6X4.4,12982,ASD8,1.29,6,5.4
M,M6X4.4,10681,ASD9,1.29,6.00,4.4
M,M6X4.4,6337,LRFD3,1.29,6,4.4
M,M6X6,15094,ASD6,7.35,6.00,25
M,M6X6,15095,ASD6,6.62,6.00,22.5
M,M6X6,15097,ASD6,5.88,6.00,20
M,M85.25,15761,ASD5,5.88,8.00,20
M,M85.25,15762,ASD5,5.00,8.00,17
M,M86.5,15759,ASD5,8.23,8.00,28
M,M86.5,15760,ASD5,7.06,8.00,24
M,M86.5,11857,LRFD1,1.92,8.00,–
M,M8X5.25,15078,ASD6,6.61,8.00,22.5
M,M8X5.25,15079,ASD6,5.88,8.00,20
M,M8X5.25,15080,ASD6,5.44,8.00,18.5
M,M8X5.25,15081,ASD6,5.00,8.00,17
M,M8X6.5,4370,13th,1.92,8.00,6.50
M,M8X6.5,2373,14th,1.92,8.00,6.50
M,M8X6.5,291,15th,1.92,8.00,6.50
M,M8X6.5,15076,ASD6,8.23,8.00,28
M,M8X6.5,15077,ASD6,7.06,8.00,24
M,M8X6.5,14135,ASD7,1.92,8.00,6.5
M,M8X6.5,12980,ASD8,1.92,8,6.0
M,M8X6.5,10680,ASD9,1.92,8.00,6.5
M,M8X6.5,8258,LRFD2,1.9200,8.0000,6.5000
M,M8X6.5,6335,LRFD3,1.92,8,6.5
MC,MC10X6.5,4470,13th,1.95,10.0,6.50
MC,MC10X6.5,2485,14th,1.95,10.0,6.50
MC,MC10X6.5,404,15th,1.95,10.0,6.50
MC,MC10X6.5,14038,ASD7,1.91,10.00,6.5
MC,MC10X6.5,12886,ASD8,1.91,10.00,6.5
MC,MC10X6.5,10583,ASD9,1.91,10.00,6.5
MC,MC10X6.5,11763,LRFD1,1.91,10.00,6.5
MC,MC12X10.6,4463,13th,3.10,12.0,10.6
MC,MC12X10.6,2478,14th,3.10,12.0,10.6
MC,MC12X10.6,397,15th,3.10,12.0,10.6
MC,MC12X10.6,14029,ASD7,3.10,12.00,10.6
MC,MC12X10.6,12877,ASD8,3.10,10.00,10.6
MC,MC12X10.6,10576,ASD9,3.1,12.00,10.6
MC,MC12X10.6,11756,LRFD1,3.10,12.00,10.6
MC,MC12X10.6,8340,LRFD2,3.1000,12.0000,10.6000
MC,MC12X10.6,6424,LRFD3,3.1,12,10.6
MT,MT2.5X9.45,4902,13th,2.76,2.50,9.45
MT,MT2.5X9.45,2916,14th,2.78,2.50,9.45
MT,MT2.5X9.45,855,15th,2.78,2.50,9.45
MT,MT2.5X9.45,13384,ASD7,2.78,2.50,–
MT,MT2.5X9.45,12542,ASD8,2.78,2.500,9.45
MT,MT2.5X9.45,10219,ASD9,1.78,2.500,9.45
MT,MT2.5X9.45,11404,LRFD1,2.78,2.500,9.45
MT,MT2.5X9.45,8756,LRFD2,2.7800,2.5000,9.4500
MT,MT2.5X9.45,6847,LRFD3,2.78,2.5,9.45
MT,MT2X3,4903,13th,0.855,1.90,3.00
MT,MT2X3,2917,14th,0.875,1.90,3.00
MT,MT2X3,856,15th,0.875,1.90,3.00
MT,MT2X3,6848,LRFD3,0.855,1.9,3
MT,MT3X10,13382,ASD7,2.94,3.00,–
MT,MT3X10,12540,ASD8,1.94,3.000,10
MT,MT3X10,11402,LRFD1,2.94,3.000,10
PIPE,PIPE1-1/2STD,6034,13th,0.749,0,2.72
PIPE,PIPE1-1/2STD,4060,14th,0.749,–,2.72
PIPE,PIPE1-1/2STD,2056,15th,0.749,–,2.72
PIPE,PIPE1-1/2STD,9713,LRFD2,0.7990,0.0000,2.7200
PIPE,PIPE1-1/2XS,6049,13th,1.00,0,3.63
PIPE,PIPE1-1/2XS,4075,14th,1.00,–,3.63
PIPE,PIPE1-1/2XS,2077,15th,1.00,–,3.63
PIPE,PIPE1-1/2XS,9728,LRFD2,1.0700,0.0000,3.6300
PIPE,PIPE1-1/4STD,6035,13th,0.625,0,2.27
PIPE,PIPE1-1/4STD,4061,14th,0.625,–,2.27
PIPE,PIPE1-1/4STD,2057,15th,0.625,–,2.27
PIPE,PIPE1-1/4STD,9712,LRFD2,0.6690,0.0000,2.2700
PIPE,PIPE1-1/4XS,6050,13th,0.829,0,3.00
PIPE,PIPE1-1/4XS,4076,14th,0.837,–,3.00
PIPE,PIPE1-1/4XS,2078,15th,0.837,–,3.00
PIPE,PIPE1-1/4XS,9727,LRFD2,0.8810,0.0000,3.0000
PIPE,PIPE1/2STD,6038,13th,0.234,0,0.850
PIPE,PIPE1/2STD,4064,14th,0.234,–,0.850
PIPE,PIPE1/2STD,2060,15th,0.234,–,0.850
PIPE,PIPE1/2STD,9709,LRFD2,0.2500,0.0000,0.8500
PIPE,PIPE1/2XS,6053,13th,0.303,0,1.09
PIPE,PIPE1/2XS,4079,14th,0.303,–,1.09
PIPE,PIPE1/2XS,2081,15th,0.303,–,1.09
PIPE,PIPE1/2XS,9724,LRFD2,0.3200,0.0000,1.0900
PIPE,PIPE10STD,6025,13th,11.1,0,40.5
PIPE,PIPE10STD,4051,14th,11.5,–,40.5
PIPE,PIPE10STD,2047,15th,11.5,–,40.5
PIPE,PIPE10STD,9722,LRFD2,11.9000,0.0000,40.4800
PIPE,PIPE10XS,6040,13th,15.0,0,54.8
PIPE,PIPE10XS,4066,14th,15.1,–,54.8
PIPE,PIPE10XS,2068,15th,15.1,–,54.8
PIPE,PIPE10XS,9737,LRFD2,16.1000,0.0000,54.7400
PIPE,PIPE12STD,6024,13th,13.6,0,49.6
PIPE,PIPE12STD,4050,14th,13.7,–,49.6
PIPE,PIPE12STD,2046,15th,13.7,–,49.6
PIPE,PIPE12STD,9723,LRFD2,14.6000,0.0000,49.5600
PIPE,PIPE12STD,7962,LRFD3,14.6,0,49.6
PIPE,PIPE12XS,6039,13th,17.9,0,65.5
PIPE,PIPE12XS,4065,14th,17.5,–,65.5
PIPE,PIPE12XS,2067,15th,17.5,–,65.5
PIPE,PIPE12XS,9738,LRFD2,19.2000,0.0000,65.4200
PIPE,PIPE12XS,7977,LRFD3,19.2,0,65.5
PIPE,PIPE1STD,6036,13th,0.464,0,1.68
PIPE,PIPE1STD,4062,14th,0.469,–,1.68
PIPE,PIPE1STD,2058,15th,0.469,–,1.68
PIPE,PIPE1STD,9711,LRFD2,0.4940,0.0000,1.6800
PIPE,PIPE1XS,6051,13th,0.599,0,2.17
PIPE,PIPE1XS,4077,14th,0.602,–,2.17
PIPE,PIPE1XS,2079,15th,0.602,–,2.17
PIPE,PIPE1XS,9726,LRFD2,0.6390,0.0000,2.1700
PIPE,PIPE2-1/2STD,6032,13th,1.59,0,5.80
PIPE,PIPE2-1/2STD,4058,14th,1.61,–,5.80
PIPE,PIPE2-1/2STD,2054,15th,1.61,–,5.80
PIPE,PIPE2-1/2STD,9715,LRFD2,1.7000,0.0000,5.7900
PIPE,PIPE2-1/2XS,6047,13th,2.11,0,7.67
PIPE,PIPE2-1/2XS,4073,14th,2.10,–,7.67
PIPE,PIPE2-1/2XS,2075,15th,2.10,–,7.67
PIPE,PIPE2-1/2XS,9730,LRFD2,2.2500,0.0000,7.6600
PIPE,PIPE2-1/2XXS,6059,13th,3.81,0,13.7
PIPE,PIPE2-1/2XXS,4085,14th,3.83,–,13.7
PIPE,PIPE2-1/2XXS,2089,15th,3.83,–,13.7
PIPE,PIPE2-1/2XXS,9740,LRFD2,4.0300,0.0000,13.6900
PIPE,PIPE2-1/2XXS,7979,LRFD3,4.03,0,13.7
PIPE,PIPE2STD,6033,13th,1.00,0,3.66
PIPE,PIPE2STD,4059,14th,1.02,–,3.66
PIPE,PIPE2STD,2055,15th,1.02,–,3.66
PIPE,PIPE2STD,9714,LRFD2,1.0700,0.0000,3.6500
PIPE,PIPE2XS,6048,13th,1.39,0,5.03
PIPE,PIPE2XS,4074,14th,1.40,–,5.03
PIPE,PIPE2XS,2076,15th,1.40,–,5.03
PIPE,PIPE2XS,9729,LRFD2,1.4800,0.0000,5.0200
PIPE,PIPE2XXS,6060,13th,2.51,0,9.04
PIPE,PIPE2XXS,4086,14th,2.51,–,9.04
PIPE,PIPE2XXS,2090,15th,2.51,–,9.04
PIPE,PIPE2XXS,9739,LRFD2,2.6600,0.0000,9.0300
PIPE,PIPE2XXS,7978,LRFD3,2.66,0,9.04
PIPE,PIPE3-1/2STD,6030,13th,2.51,0,9.12
PIPE,PIPE3-1/2STD,4056,14th,2.50,–,9.12
PIPE,PIPE3-1/2STD,2052,15th,2.50,–,9.12
PIPE,PIPE3-1/2STD,9717,LRFD2,2.6800,0.0000,9.1100
PIPE,PIPE3-1/2XS,6045,13th,3.44,0,12.5
PIPE,PIPE3-1/2XS,4071,14th,3.43,–,12.5
PIPE,PIPE3-1/2XS,2073,15th,3.43,–,12.5
PIPE,PIPE3-1/2XS,9732,LRFD2,3.6800,0.0000,12.5000
PIPE,PIPE3/4STD,6037,13th,0.312,0,1.13
PIPE,PIPE3/4STD,4063,14th,0.312,–,1.13
PIPE,PIPE3/4STD,2059,15th,0.312,–,1.13
PIPE,PIPE3/4STD,9710,LRFD2,0.3330,0.0000,1.1300
PIPE,PIPE3/4XS,6052,13th,0.407,0,1.48
PIPE,PIPE3/4XS,4078,14th,0.407,–,1.48
PIPE,PIPE3/4XS,2080,15th,0.407,–,1.48
PIPE,PIPE3/4XS,9725,LRFD2,0.4330,0.0000,1.4700
PIPE,PIPE3STD,6031,13th,2.08,0,7.58
PIPE,PIPE3STD,4057,14th,2.07,–,7.58
PIPE,PIPE3STD,2053,15th,2.07,–,7.58
PIPE,PIPE3STD,9716,LRFD2,2.2300,0.0000,7.5800
PIPE,PIPE3XS,6046,13th,2.83,0,10.3
PIPE,PIPE3XS,4072,14th,2.83,–,10.3
PIPE,PIPE3XS,2074,15th,2.83,–,10.3
PIPE,PIPE3XS,9731,LRFD2,3.0200,0.0000,10.2500
PIPE,PIPE3XXS,6058,13th,5.16,0,18.6
PIPE,PIPE3XXS,4084,14th,5.17,–,18.6
PIPE,PIPE3XXS,2088,15th,5.17,–,18.6
PIPE,PIPE3XXS,9741,LRFD2,5.4700,0.0000,18.5800
PIPE,PIPE3XXS,7980,LRFD3,5.47,0,18.6
PIPE,PIPE4STD,6029,13th,2.97,0,10.8
PIPE,PIPE4STD,4055,14th,2.96,–,10.8
PIPE,PIPE4STD,2051,15th,2.96,–,10.8
PIPE,PIPE4STD,9718,LRFD2,3.1700,0.0000,10.7900
PIPE,PIPE4XS,6044,13th,4.14,0,15.0
PIPE,PIPE4XS,4070,14th,4.14,–,15.0
PIPE,PIPE4XS,2072,15th,4.14,–,15.0
PIPE,PIPE4XS,9733,LRFD2,4.4100,0.0000,14.9800
PIPE,PIPE4XXS,6057,13th,7.64,0,27.6
PIPE,PIPE4XXS,4083,14th,7.66,–,27.6
PIPE,PIPE4XXS,2087,15th,7.66,–,27.6
PIPE,PIPE4XXS,9742,LRFD2,8.1000,0.0000,27.5400
PIPE,PIPE4XXS,7981,LRFD3,8.1,0,27.6
PIPE,PIPE5STD,6028,13th,4.03,0,14.6
PIPE,PIPE5STD,4054,14th,4.01,–,14.6
PIPE,PIPE5STD,2050,15th,4.01,–,14.6
PIPE,PIPE5STD,9719,LRFD2,4.3000,0.0000,14.6200
PIPE,PIPE5XS,6043,13th,5.72,0,20.8
PIPE,PIPE5XS,4069,14th,5.73,–,20.8
PIPE,PIPE5XS,2071,15th,5.73,–,20.8
PIPE,PIPE5XS,9734,LRFD2,6.1100,0.0000,20.7800
PIPE,PIPE5XXS,6056,13th,10.7,0,38.6
PIPE,PIPE5XXS,4082,14th,10.7,–,38.6
PIPE,PIPE5XXS,2086,15th,10.7,–,38.6
PIPE,PIPE5XXS,9743,LRFD2,11.3000,0.0000,38.5900
PIPE,PIPE5XXS,7982,LRFD3,11.3,0,38.6
PIPE,PIPE6STD,6027,13th,5.22,0,19.0
PIPE,PIPE6STD,4053,14th,5.20,–,19.0
PIPE,PIPE6STD,2049,15th,5.20,–,19.0
PIPE,PIPE6STD,9720,LRFD2,5.5800,0.0000,18.9700
PIPE,PIPE6XS,6042,13th,7.88,0,28.6
PIPE,PIPE6XS,4068,14th,7.83,–,28.6
PIPE,PIPE6XS,2070,15th,7.83,–,28.6
PIPE,PIPE6XS,9735,LRFD2,8.4000,0.0000,28.5700
PIPE,PIPE6XXS,6055,13th,14.7,0,53.2
PIPE,PIPE6XXS,4081,14th,14.7,–,53.2
PIPE,PIPE6XXS,2085,15th,14.7,–,53.2
PIPE,PIPE6XXS,9744,LRFD2,15.6000,0.0000,53.1600
PIPE,PIPE6XXS,7983,LRFD3,15.6,0,53.2
PIPE,PIPE8STD,6026,13th,7.85,0,28.6
PIPE,PIPE8STD,4052,14th,7.85,–,28.6
PIPE,PIPE8STD,2048,15th,7.85,–,28.6
PIPE,PIPE8STD,9721,LRFD2,8.4000,0.0000,28.5500
PIPE,PIPE8XS,6041,13th,11.9,0,43.4
PIPE,PIPE8XS,4067,14th,11.9,–,43.4
PIPE,PIPE8XS,2069,15th,11.9,–,43.4
PIPE,PIPE8XS,9736,LRFD2,12.8000,0.0000,43.3900
PIPE,PIPE8XXS,6054,13th,20.0,0,72.5
PIPE,PIPE8XXS,4080,14th,20.0,–,72.5
PIPE,PIPE8XXS,2084,15th,20.0,–,72.5
PIPE,PIPE8XXS,9745,LRFD2,21.3000,0.0000,72.4200
PIPE,PIPE8XXS,7984,LRFD3,21.3,0,72.5
S,S10X25,16325,Historic,7.50,10.00,25.0
S,S10X25,16326,Historic,7.37,10.00,25.0
S,S10X25,16327,Historic,7.34,10.00,25.0
S,S10X25,16328,Historic,7.30,10.00,25.0
S,S10X25.5,16320,Historic,7.50,10.00,25.5
S,S10X25.5,16321,Historic,7.47,10.50,25.5
S,S10X30.0,16310,Historic,8.95,10.00,30.0
S,S10X30.0,16311,Historic,8.85,10.00,30.0
S,S10X30.0,16312,Historic,8.82,10.00,30.0
S,S10X30.0,16313,Historic,8.82,10.00,30.0
S,S10X30.0,16314,Historic,8.80,10.00,30.0
S,S10X30.0,16315,Historic,8.75,10.00,30.0
S,S10X40,16289,Historic,11.80,10.00,40.0
S,S10X40,16290,Historic,11.76,10.00,40.0
S,S10X40,16291,Historic,11.75,10.00,40.0
S,S10X40,16292,Historic,11.70,10.00,40.0
S,S10X40,16293,Historic,11.69,10.00,40.0
S,S10X40,16294,Historic,11.69,10.00,40.0
S,S10X40,16295,Historic,11.31,10.00,40.0
S,S12X50,4393,13th,14.6,12.0,50.0
S,S12X50,2396,14th,14.7,12.0,50.0
S,S12X50,314,15th,14.7,12.0,50.0
S,S12X50,14107,ASD7,14.7,2.00,50
S,S12X50,12959,ASD8,14.7,12.00,50
S,S12X50,10655,ASD9,14.7,12.00,50
S,S12X50,16226,Historic,14.79,12.00,50.0
S,S12X50,16227,Historic,14.71,12.00,50.0
S,S12X50,16228,Historic,14.71,12.00,50.0
S,S12X50,16229,Historic,14.70,12.00,50.0
S,S12X50,16230,Historic,14.70,12.00,50.0
S,S12X50,16231,Historic,14.70,12.00,50.0
S,S12X50,16232,Historic,14.70,12.00,50.0
S,S12X50,16233,Historic,14.57,12.00,50.0
S,S12X50,11836,LRFD1,14.7,12.00,50
S,S12X50,8273,LRFD2,14.7000,12.0000,50.0000
S,S12X50,6354,LRFD3,14.6,12,50
S,S20X70,16029,Historic,20.84,20.00,70.0
S,S20X70,16030,Historic,20.60,20.00,70.0
S,S20X70,16031,Historic,20.60,20.00,70.0
S,S20X70,16032,Historic,20.59,20.00,70.0
S,S20X70,16033,Historic,20.59,20.00,70.0
S,S20X70,16034,Historic,20.59,20.00,70.0
S,S20X70,16035,Historic,20.59,20.00,70.0
S,S20X70,16036,Historic,20.42,20.00,70.0
S,S3X5.7,4407,13th,1.66,3.00,5.70
S,S3X5.7,2410,14th,1.66,3.00,5.70
S,S3X5.7,328,15th,1.66,3.00,5.70
S,S3X5.7,14124,ASD7,1.67,3.00,5.7
S,S3X5.7,12976,ASD8,1.67,3.00,5.7
S,S3X5.7,10672,ASD9,1.67,3.00,5.7
S,S3X5.7,16607,Historic,1.68,3.00,5.7
S,S3X5.7,16608,Historic,1.64,3.00,5.7
S,S3X5.7,11853,LRFD1,1.67,3.00,5.7
S,S3X5.7,8287,LRFD2,1.6700,3.0000,5.7000
S,S3X5.7,6368,LRFD3,1.66,3,5.7
S,S3X7,16595,Historic,2.00,3.00,7.0
S,S3X7,16596,Historic,2.09,3.00,7.0
S,S4X10,16557,Historic,2.99,4.00,10.0
S,S4X10,16558,Historic,2.94,4.00,10.0
S,S4X10,16559,Historic,2.94,4.00,10.0
S,S4X10,16560,Historic,2.90,4.00,10.0
S,S4X13.33,16547,Historic,3.81,4.00,13.33
S,S4X13.33,16548,Historic,3.79,4.00,13.0
S,S4X7.5,16576,Historic,2.26,4.00,7.5
S,S4X7.5,16577,Historic,2.21,4.00,7.5
S,S4X7.5,16578,Historic,2.20,4.00,7.5
S,S4X7.5,16579,Historic,2.20,4.00,7.5
S,S4X7.5,16580,Historic,2.20,4.00,7.5
S,S4X7.7,4405,13th,2.26,4.00,7.70
S,S4X7.7,2408,14th,2.26,4.00,7.70
S,S4X7.7,326,15th,2.26,4.00,7.70
S,S4X7.7,14122,ASD7,2.26,4.00,7.7
S,S4X7.7,12974,ASD8,2.26,4.00,7.7
S,S4X7.7,10670,ASD9,2.26,4.00,7.7
S,S4X7.7,16575,Historic,2.21,4.00,7.7
S,S4X7.7,11851,LRFD1,2.26,4.00,7.7
S,S4X7.7,8285,LRFD2,2.2600,4.0000,7.7000
S,S4X7.7,6366,LRFD3,2.26,4,7.7
S,S5X10,4403,13th,2.93,5.00,10.0
S,S5X10,2406,14th,2.93,5.00,10.0
S,S5X10,324,15th,2.93,5.00,10.0
S,S5X10,14120,ASD7,2.94,5.00,10
S,S5X10,12972,ASD8,2.94,5.00,10
S,S5X10,10668,ASD9,2.94,5.00,10
S,S5X10,16538,Historic,3.00,5.00,10.0
S,S5X10,16539,Historic,2.94,5.00,10.0
S,S5X10,16540,Historic,2.90,5.00,10.0
S,S5X10,16541,Historic,2.87,5.00,10.0
S,S5X10,11849,LRFD1,2.94,5.00,10
S,S5X10,8283,LRFD2,2.9400,5.0000,10.0000
S,S5X10,6364,LRFD3,2.93,5,10
S,S5X16,16518,Historic,4.84,5.00,16.0
S,S5X16,16519,Historic,4.70,5.00,16.0
S,S6X20,16484,Historic,5.95,6.00,20.0
S,S6X20,16485,Historic,5.88,6.00,20.0
S,S6X20,16486,Historic,5.70,6.00,20.0
S,S7X20,14115,ASD7,5.88,7.00,20
S,S7X20,12967,ASD8,5.88,7.00,20
S,S7X20,10663,ASD9,5.88,7.00,20
S,S7X20,16448,Historic,5.91,7.00,20.0
S,S7X20,16449,Historic,5.90,7.00,20.0
S,S7X20,16450,Historic,5.88,7.00,20.0
S,S7X20,16451,Historic,5.88,7.00,20.0
S,S7X20,16452,Historic,5.87,7.00,20.0
S,S7X20,16453,Historic,5.83,7.00,20.0
S,S7X20,16454,Historic,5.70,7.00,20.0
S,S7X20,11844,LRFD1,5.88,7.00,20
S,S8X17.75,16435,Historic,5.33,8.00,17.75
S,S8X17.75,16436,Historic,5.22,8.00,17.75
S,S8X18,16428,Historic,5.34,8.00,18.0
S,S8X18,16429,Historic,5.33,8.00,18.0
S,S8X18,16430,Historic,5.30,8.00,18.0
S,S8X18,16431,Historic,5.30,8.00,18.0
S,S8X18,16432,Historic,5.29,8.00,18.0
S,S8X18,16433,Historic,5.29,8.00,18.0
S,S8X18,16434,Historic,5.20,8.00,18.0
S,S9X21,16373,Historic,6.31,9.00,21.0
S,S9X21,16374,Historic,6.20,9.00,21.0
S,S9X21,16375,Historic,6.18,9.00,21.0
S,S9X21,16376,Historic,6.18,9.00,21.0
S,S9X21,16377,Historic,6.17,9.00,21.0
S,S9X24.5,16367,Historic,7.20,9.00,24.5
S,S9X24.5,16368,Historic,6.37,9.00,24.5
S,S9X25,16360,Historic,7.49,9.00,25.0
S,S9X25,16361,Historic,7.35,9.00,25.0
S,S9X25,16362,Historic,7.35,9.00,25.0
S,S9X25,16363,Historic,7.28,9.00,25.0
S,S9X25,16364,Historic,7.35,9.00,25.0
S,S9X25,16365,Historic,7.34,9.00,25.0
S,S9X25,16366,Historic,7.30,9.00,25.0
S,S9X30,16346,Historic,8.96,9.00,30.0
S,S9X30,16347,Historic,8.94,9.00,30.0
S,S9X30,16348,Historic,8.90,9.00,30.0
S,S9X30,16349,Historic,8.82,9.00,30.0
S,S9X30,16350,Historic,8.82,9.00,30.0
S,S9X30,16351,Historic,8.76,9.00,30.0
S,S9X30,16352,Historic,8.82,9.00,30.0
S,S9X30,16353,Historic,8.82,9.00,30.0
S,S9X30,16354,Historic,8.80,9.00,30.0
ST B,STB3,15364,ASD5,1.48,3.95,5.00
ST B,STB3,15365,ASD5,2.36,3.13,8.00
ST B,STB3,15366,ASD5,1.77,3.00,6.00
ST B,STB3,15367,ASD5,1.25,2.92,4.25
ST B,STB3,14780,ASD6,2.36,3.13,8
ST B,STB3,14781,ASD6,1.77,3.00,6
ST B,STB3,14782,ASD6,1.25,2.92,4.25
ST B,STB4,15362,ASD5,2.22,4.06,7.50
ST B,STB4,15363,ASD5,1.91,4.00,6.50
ST B,STB4,14777,ASD6,2.22,4.06,7.5
ST B,STB4,14778,ASD6,1.92,4.00,6.5
ST B,STB4,14779,ASD6,1.48,3.95,5
ST B,STB5,15358,ASD5,2.80,5.13,9.5
ST B,STB5,15359,ASD5,2.49,5.06,8.5
ST B,STB5,15360,ASD5,2.20,5.00,7.5
ST B,STB5,15361,ASD5,1.69,4.94,5.75
ST B,STB5,14767,ASD6,2.81,5.13,9.5
ST B,STB5,14768,ASD6,2.49,5.06,8.5
ST B,STB5,14769,ASD6,2.20,5.00,7.5
ST B,STB5,14770,ASD6,1.70,4.94,5.75
ST B,STB6,15354,ASD5,3.24,6.16,11.00
ST B,STB6,15355,ASD5,2.81,6.08,9.5
ST B,STB6,15356,ASD5,2.43,6.00,8.25
ST B,STB6,15357,ASD5,2.07,5.96,7.0
ST B,STB6,14760,ASD6,3.24,6.16,11
ST B,STB6,14761,ASD6,2.81,6.08,9.5
ST B,STB6,14762,ASD6,2.43,6.00,8.25
ST B,STB6,14763,ASD6,2.07,5.96,7
ST B,STB7,14757,ASD6,3.83,6.95,13
ST B,STB7,14758,ASD6,3.24,6.86,11
ST B,STB7,14759,ASD6,2.53,7.00,8.6
ST B,STB8,14755,ASD6,4.56,7.92,15.5
ST B,STB8,14756,ASD6,3.83,7.83,13
ST I,STI10,14735,ASD6,13.87,10.00,47.5
ST I,STI10,14736,ASD6,12.40,10.00,42.5
ST I,STI10,14737,ASD6,10.95,10.00,37.5
ST I,STI10,14738,ASD6,9.54,10.00,32.7
ST I,STI12,14730,ASD6,17.57,12.00,60
ST I,STI12,14731,ASD6,15.49,12.00,52.95
ST I,STI12,14732,ASD6,14.63,12.00,50
ST I,STI12,14733,ASD6,13.15,12.00,45
ST I,STI12,14734,ASD6,11.67,12.00,39.95
ST I,STI3,15385,ASD5,2.51,3.00,8.625
ST I,STI3,15386,ASD5,1.81,3.00,6.25
ST I,STI3,14753,ASD6,2.51,3.00,8.625
ST I,STI3,14754,ASD6,1.81,3.00,6.25
ST I,STI3.5,15383,ASD5,2.92,3.50,10
ST I,STI3.5,15384,ASD5,2.22,3.50,7.65
ST I,STI3.5,14751,ASD6,2.92,3.50,10
ST I,STI3.5,14752,ASD6,2.22,3.50,7.65
ST I,STI4,15381,ASD5,3.36,4.00,11.5
ST I,STI4,15382,ASD5,2.67,4.00,9.2
ST I,STI4,14749,ASD6,3.36,4.00,11.5
ST I,STI4,14750,ASD6,2.67,4.00,9.2
ST I,STI5,15379,ASD5,5.11,5.00,17.5
ST I,STI5,15380,ASD5,3.69,5.00,12.7
ST I,STI5,14747,ASD6,5.11,5.00,17.5
ST I,STI5,14748,ASD6,3.69,5.00,12.7
ST I,STI6,15375,ASD5,7.29,6.00,25
ST I,STI6,15376,ASD5,5.92,6.00,20.4
ST I,STI6,15377,ASD5,5.10,6.00,17.5
ST I,STI6,15378,ASD5,4.63,6.00,15.9
ST I,STI6,14743,ASD6,7.29,6.00,25
ST I,STI6,14744,ASD6,5.92,6.00,20.4
ST I,STI6,14745,ASD6,5.10,6.00,17.5
ST I,STI6,14746,ASD6,4.63,6.00,15.9
ST I,STI7.5,14741,ASD6,7.30,7.50,25
ST I,STI7.5,14742,ASD6,6.25,7.50,21.45
ST I,STI9,14739,ASD6,10.23,9.00,35
ST I,STI9,14740,ASD6,7.97,9.00,27.35
ST M,STM4,14771,ASD6,4.12,4.00,14
ST M,STM4,14772,ASD6,3.53,4.00,12
ST M,STM4,14773,ASD6,3.31,4.00,11.25
ST M,STM4,14774,ASD6,2.94,4.00,10
ST M,STM4,14775,ASD6,2.72,4.00,9.25
ST M,STM4,14776,ASD6,2.50,4.00,8.5
ST M,STM5,14764,ASD6,4.28,4.94,14.55
ST M,STM5,14765,ASD6,3.37,4.94,11.45
ST M,STM5,14766,ASD6,3.05,4.95,10.5
ST R,STR10X2,13207,ASD7,7.95,–,27.04
ST R,STR10X2,13208,ASD7,6.77,–,23.02
ST R,STR10X2,13209,ASD7,5.54,–,18.82
ST R,STR10X2,13210,ASD7,4.24,–,14.41
ST R,STR10X2,12213,ASD8,8.08,–,27.48
ST R,STR10X2,12214,ASD8,6.86,–,23.34
ST R,STR10X2,12215,ASD8,5.59,–,19.02
ST R,STR10X2,12216,ASD8,4.27,–,14.53
ST R,STR10X2,11040,LRFD1,8.08,–,27.48
ST R,STR10X2,11041,LRFD1,6.86,–,23.34
ST R,STR10X2,11042,LRFD1,5.59,–,19.02
ST R,STR10X2,11043,LRFD1,4.27,–,14.53
ST R,STR10X4,13202,ASD7,11.9,–,40.55
ST R,STR10X4,13203,ASD7,9.33,–,31.73
ST R,STR10X4,13204,ASD7,7.94,–,26.99
ST R,STR10X4,13205,ASD7,6.48,–,22.04
ST R,STR10X4,13206,ASD7,4.96,–,16.85
ST R,STR10X4,12208,ASD8,12.4,–,42.05
ST R,STR10X4,12209,ASD8,9.58,–,32.58
ST R,STR10X4,12210,ASD8,8.11,–,27.59
ST R,STR10X4,12211,ASD8,6.59,–,22.42
ST R,STR10X4,12212,ASD8,5.02,–,17.08
ST R,STR10X4,11035,LRFD1,12.4,–,42.05
ST R,STR10X4,11036,LRFD1,9.58,–,32.58
ST R,STR10X4,11037,LRFD1,8.11,–,27.59
ST R,STR10X4,11038,LRFD1,6.59,–,22.42
ST R,STR10X4,11039,LRFD1,5.02,–,17.08
ST R,STR10X6,14342,ASD6,13.93,–,47.35
ST R,STR10X6,14343,ASD6,10.83,–,36.83
ST R,STR10X6,14344,ASD6,9.189,–,31.24
ST R,STR10X6,14345,ASD6,7.482,–,25.44
ST R,STR10X6,13197,ASD7,13.9,–,47.35
ST R,STR10X6,13198,ASD7,10.8,–,36.83
ST R,STR10X6,13199,ASD7,9.19,–,31.24
ST R,STR10X6,13200,ASD7,7.48,–,25.44
ST R,STR10X6,13201,ASD7,5.71,–,19.41
ST R,STR10X6,12203,ASD8,14.4,–,48.85
ST R,STR10X6,12204,ASD8,11.1,–,37.69
ST R,STR10X6,12205,ASD8,9.36,–,31.84
ST R,STR10X6,12206,ASD8,7.59,–,25.82
ST R,STR10X6,12207,ASD8,5.77,–,19.63
ST R,STR10X6,11029,LRFD1,17.4,–,59.32
ST R,STR10X6,11030,LRFD1,14.4,–,48.85
ST R,STR10X6,11031,LRFD1,11.1,–,37.69
ST R,STR10X6,11032,LRFD1,9.36,–,31.84
ST R,STR10X6,11033,LRFD1,7.59,–,25.82
ST R,STR10X6,11034,LRFD1,5.77,–,19.63
ST R,STR10X8,13192,ASD7,15.9,–,54.15
ST R,STR10X8,13193,ASD7,12.3,–,41.93
ST R,STR10X8,13194,ASD7,10.4,–,35.49
ST R,STR10X8,13195,ASD7,8.48,–,28.83
ST R,STR10X8,13196,ASD7,6.46,–,21.96
ST R,STR12X2,13188,ASD7,9.33,–,31.73
ST R,STR12X2,13189,ASD7,7.94,–,26.99
ST R,STR12X2,13190,ASD7,6.48,–,22.04
ST R,STR12X2,13191,ASD7,4.96,–,16.85
ST R,STR12X2,12201,ASD8,6.59,–,22.42
ST R,STR12X2,12202,ASD8,5.02,–,17.08
ST R,STR12X2,11027,LRFD1,6.59,–,22.42
ST R,STR12X2,11028,LRFD1,5.02,–,17.08
ST R,STR12X4,13183,ASD7,13.9,–,47.35
ST R,STR12X4,13184,ASD7,10.8,–,36.83
ST R,STR12X4,13185,ASD7,9.19,–,31.24
ST R,STR12X4,13186,ASD7,7.48,–,25.44
ST R,STR12X4,13187,ASD7,5.71,–,19.41
ST R,STR12X4,12196,ASD8,14.4,–,48.85
ST R,STR12X4,12197,ASD8,11.1,–,37.69
ST R,STR12X4,12198,ASD8,9.36,–,31.84
ST R,STR12X4,12199,ASD8,7.59,–,25.82
ST R,STR12X4,12200,ASD8,5.77,–,19.63
ST R,STR12X4,11022,LRFD1,14.4,–,48.85
ST R,STR12X4,11023,LRFD1,11.1,–,37.69
ST R,STR12X4,11024,LRFD1,9.36,–,31.84
ST R,STR12X4,11025,LRFD1,7.59,–,25.82
ST R,STR12X4,11026,LRFD1,5.77,–,19.63
ST R,STR12X6,14338,ASD6,15.93,–,54.15
ST R,STR12X6,14339,ASD6,12.33,–,41.93
ST R,STR12X6,14340,ASD6,10.44,–,35.49
ST R,STR12X6,14341,ASD6,8.482,–,28.83
ST R,STR12X6,13178,ASD7,15.9,–,54.15
ST R,STR12X6,13179,ASD7,12.3,–,41.93
ST R,STR12X6,13180,ASD7,10.4,–,35.49
ST R,STR12X6,13181,ASD7,8.48,–,28.83
ST R,STR12X6,13182,ASD7,6.46,–,21.96
ST R,STR12X6,12191,ASD8,16.4,–,55.66
ST R,STR12X6,12192,ASD8,12.6,–,42.79
ST R,STR12X6,12193,ASD8,10.6,–,36.10
ST R,STR12X6,12194,ASD8,8.59,–,29.23
ST R,STR12X6,12195,ASD8,6.52,–,22.18
ST R,STR12X6,11016,LRFD1,19.9,–,67.82
ST R,STR12X6,11017,LRFD1,16.4,–,55.66
ST R,STR12X6,11018,LRFD1,12.6,–,42.79
ST R,STR12X6,11019,LRFD1,10.6,–,36.10
ST R,STR12X6,11020,LRFD1,8.59,–,29.23
ST R,STR12X6,11021,LRFD1,6.52,–,22.18
ST R,STR12X8,13173,ASD7,17.9,–,60.95
ST R,STR12X8,13174,ASD7,13.8,–,47.03
ST R,STR12X8,13175,ASD7,11.7,–,39.74
ST R,STR12X8,13176,ASD7,9.48,–,32.23
ST R,STR12X8,13177,ASD7,7.21,–,24.5
ST R,STR12X8,12186,ASD8,22.4,–,76.33
ST R,STR12X8,12187,ASD8,18.4,–,62.46
ST R,STR12X8,12188,ASD8,14.1,–,47.90
ST R,STR12X8,12189,ASD8,11.9,–,40.35
ST R,STR12X8,12190,ASD8,9.59,–,32.63
ST R,STR12X8,11011,LRFD1,22.4,–,76.33
ST R,STR12X8,11012,LRFD1,18.4,–,62.46
ST R,STR12X8,11013,LRFD1,14.1,–,47.90
ST R,STR12X8,11014,LRFD1,11.9,–,40.35
ST R,STR12X8,11015,LRFD1,9.59,–,32.63
ST R,STR14X10,12175,ASD8,22.4,–,76.07
ST R,STR14X10,12176,ASD8,17.1,–,58.10
ST R,STR14X10,12177,ASD8,14.4,–,48.86
ST R,STR14X10,11000,LRFD1,22.4,–,76.07
ST R,STR14X10,11001,LRFD1,17.1,–,58.10
ST R,STR14X10,11002,LRFD1,14.4,–,48.86
ST R,STR14X4,12182,ASD8,16.4,–,55.66
ST R,STR14X4,12183,ASD8,12.6,–,42.79
ST R,STR14X4,12184,ASD8,10.6,–,36.10
ST R,STR14X4,12185,ASD8,8.59,–,29.23
ST R,STR14X4,11007,LRFD1,16.4,–,55.66
ST R,STR14X4,11008,LRFD1,12.6,–,42.79
ST R,STR14X4,11009,LRFD1,10.6,–,36.10
ST R,STR14X4,11010,LRFD1,8.59,–,29.23
ST R,STR14X6,12178,ASD8,18.4,–,62.46
ST R,STR14X6,12179,ASD8,14.1,–,47.90
ST R,STR14X6,12180,ASD8,11.9,–,40.35
ST R,STR14X6,12181,ASD8,9.59,–,32.63
ST R,STR14X6,11003,LRFD1,18.4,–,62.46
ST R,STR14X6,11004,LRFD1,14.1,–,47.90
ST R,STR14X6,11005,LRFD1,11.9,–,40.35
ST R,STR14X6,11006,LRFD1,9.59,–,32.63
ST R,STR16X12,12166,ASD8,26.4,–,89.68
ST R,STR16X12,12167,ASD8,20.1,–,68.31
ST R,STR16X12,12168,ASD8,16.9,–,57.36
ST R,STR16X12,10991,LRFD1,26.4,–,89.68
ST R,STR16X12,10992,LRFD1,20.1,–,68.31
ST R,STR16X12,10993,LRFD1,16.9,–,57.36
ST R,STR16X4,12172,ASD8,18.4,–,62.46
ST R,STR16X4,12173,ASD8,14.1,–,47.90
ST R,STR16X4,12174,ASD8,11.9,–,40.35
ST R,STR16X4,10997,LRFD1,18.4,–,62.46
ST R,STR16X4,10998,LRFD1,14.1,–,47.90
ST R,STR16X4,10999,LRFD1,11.9,–,40.35
ST R,STR16X8,12169,ASD8,22.4,–,76.07
ST R,STR16X8,12170,ASD8,17.1,–,58.10
ST R,STR16X8,12171,ASD8,14.4,–,48.86
ST R,STR16X8,10994,LRFD1,22.4,–,76.07
ST R,STR16X8,10995,LRFD1,17.1,–,58.10
ST R,STR16X8,10996,LRFD1,14.4,–,48.86
ST R,STR18X6,12163,ASD8,22.4,–,76.07
ST R,STR18X6,12164,ASD8,17.1,–,58.10
ST R,STR18X6,12165,ASD8,14.4,–,48.86
ST R,STR18X6,10988,LRFD1,22.4,–,76.07
ST R,STR18X6,10989,LRFD1,17.1,–,58.10
ST R,STR18X6,10990,LRFD1,14.4,–,48.86
ST R,STR20X12,12154,ASD8,30.4,–,103.30
ST R,STR20X12,12155,ASD8,23.1,–,78.52
ST R,STR20X12,12156,ASD8,19.4,–,65.87
ST R,STR20X12,10979,LRFD1,30.4,–,103.30
ST R,STR20X12,10980,LRFD1,23.1,–,78.52
ST R,STR20X12,10981,LRFD1,19.4,–,65.87
ST R,STR20X4,12160,ASD8,22.4,–,76.07
ST R,STR20X4,12161,ASD8,17.1,–,58.10
ST R,STR20X4,12162,ASD8,14.4,–,48.86
ST R,STR20X4,10985,LRFD1,22.4,–,76.07
ST R,STR20X4,10986,LRFD1,17.1,–,58.10
ST R,STR20X4,10987,LRFD1,14.4,–,48.86
ST R,STR20X8,12157,ASD8,26.4,–,89.68
ST R,STR20X8,12158,ASD8,20.1,–,68.31
ST R,STR20X8,12159,ASD8,16.9,–,57.36
ST R,STR20X8,10982,LRFD1,26.4,–,89.68
ST R,STR20X8,10983,LRFD1,20.1,–,68.31
ST R,STR20X8,10984,LRFD1,16.9,–,57.36
ST R,STR3X2,14391,ASD6,2.483,–,8.44
ST R,STR3X2,14392,ASD6,2.089,–,7.10
ST R,STR3X2,14393,ASD6,1.644,–,5.59
ST R,STR3X2,13260,ASD7,2.09,–,7.1
ST R,STR3X2,13261,ASD7,1.64,–,5.59
ST R,STR3X2,12279,ASD8,2.09,–,7.11
ST R,STR3X2,12280,ASD8,1.64,–,5.59
ST R,STR3X2,11106,LRFD1,2.09,–,7.11
ST R,STR3X2,11107,LRFD1,1.64,–,5.59
ST R,STR4X2,14388,ASD6,3.108,–,10.57
ST R,STR4X2,14389,ASD6,2.589,–,8.80
ST R,STR4X2,14390,ASD6,2.019,–,6.86
ST R,STR4X2,13258,ASD7,2.59,–,8.8
ST R,STR4X2,13259,ASD7,2.02,–,6.86
ST R,STR4X2,12276,ASD8,3.11,–,10.58
ST R,STR4X2,12277,ASD8,2.59,–,8.81
ST R,STR4X2,12278,ASD8,2.02,–,6.87
ST R,STR4X2,11103,LRFD1,3.11,–,10.58
ST R,STR4X2,11104,LRFD1,2.59,–,8.81
ST R,STR4X2,11105,LRFD1,2.02,–,6.87
ST R,STR4X3,14384,ASD6,4.325,–,14.70
ST R,STR4X3,14385,ASD6,3.733,–,12.69
ST R,STR4X3,14386,ASD6,3.089,–,10.50
ST R,STR4X3,14387,ASD6,2.394,–,8.14
ST R,STR4X3,13256,ASD7,3.09,–,10.5
ST R,STR4X3,13257,ASD7,2.39,–,8.14
ST R,STR4X3,12273,ASD8,3.73,–,12.70
ST R,STR4X3,12274,ASD8,3.09,–,10.51
ST R,STR4X3,12275,ASD8,2.39,–,8.15
ST R,STR4X3,11100,LRFD1,3.73,–,12.70
ST R,STR4X3,11101,LRFD1,3.09,–,10.51
ST R,STR4X3,11102,LRFD1,2.39,–,8.15
ST R,STR5X2,14381,ASD6,3.733,–,12.69
ST R,STR5X2,14382,ASD6,3.089,–,10.50
ST R,STR5X2,14383,ASD6,2.394,–,8.14
ST R,STR5X2,13254,ASD7,3.09,–,10.5
ST R,STR5X2,13255,ASD7,2.39,–,8.14
ST R,STR5X2,12270,ASD8,3.73,–,12.70
ST R,STR5X2,12271,ASD8,3.09,–,10.51
ST R,STR5X2,12272,ASD8,2.39,–,8.15
ST R,STR5X2,11097,LRFD1,3.73,–,12.70
ST R,STR5X2,11098,LRFD1,3.09,–,10.51
ST R,STR5X2,11099,LRFD1,2.39,–,8.15
ST R,STR5X3,14377,ASD6,4.954,–,16.84
ST R,STR5X3,14378,ASD6,4.272,–,14.52
ST R,STR5X3,14379,ASD6,3.535,–,12.02
ST R,STR5X3,14380,ASD6,2.738,–,9.31
ST R,STR5X3,13249,ASD7,6.14,–,20.88
ST R,STR5X3,13250,ASD7,4.95,–,16.84
ST R,STR5X3,13251,ASD7,4.27,–,14.52
ST R,STR5X3,13252,ASD7,3.54,–,12.02
ST R,STR5X3,13253,ASD7,2.74,–,9.31
ST R,STR5X3,12265,ASD8,6.36,–,21.63
ST R,STR5X3,12266,ASD8,5.08,–,17.27
ST R,STR5X3,12267,ASD8,4.36,–,14.83
ST R,STR5X3,12268,ASD8,3.59,–,12.21
ST R,STR5X3,12269,ASD8,2.77,–,9.42
ST R,STR5X3,11092,LRFD1,6.36,–,21.63
ST R,STR5X3,11093,LRFD1,5.08,–,17.27
ST R,STR5X3,11094,LRFD1,4.36,–,14.83
ST R,STR5X3,11095,LRFD1,3.59,–,12.21
ST R,STR5X3,11096,LRFD1,2.77,–,9.42
ST R,STR5X4,12261,ASD8,5.83,–,19.82
ST R,STR5X4,12262,ASD8,4.98,–,16.96
ST R,STR5X4,12263,ASD8,4.09,–,13.91
ST R,STR5X4,12264,ASD8,3.14,–,10.70
ST R,STR5X4,11088,LRFD1,5.83,–,19.82
ST R,STR5X4,11089,LRFD1,4.98,–,16.96
ST R,STR5X4,11090,LRFD1,4.09,–,13.91
ST R,STR5X4,11091,LRFD1,3.14,–,10.70
ST R,STR6X2,14374,ASD6,4.272,–,14.52
ST R,STR6X2,14375,ASD6,3.535,–,12.02
ST R,STR6X2,14376,ASD6,2.738,–,9.31
ST R,STR6X2,13245,ASD7,4.95,–,16.84
ST R,STR6X2,13246,ASD7,4.27,–,14.52
ST R,STR6X2,13247,ASD7,3.54,–,12.02
ST R,STR6X2,13248,ASD7,2.74,–,9.31
ST R,STR6X2,12257,ASD8,5.08,–,17.27
ST R,STR6X2,12258,ASD8,4.36,–,14.83
ST R,STR6X2,12259,ASD8,3.59,–,12.21
ST R,STR6X2,12260,ASD8,2.77,–,9.42
ST R,STR6X2,11084,LRFD1,5.08,–,17.27
ST R,STR6X2,11085,LRFD1,4.36,–,14.83
ST R,STR6X2,11086,LRFD1,3.59,–,12.21
ST R,STR6X2,11087,LRFD1,2.77,–,9.42
ST R,STR6X3,14370,ASD6,5.704,–,19.39
ST R,STR6X3,14371,ASD6,4.897,–,16.65
ST R,STR6X3,14372,ASD6,4.035,–,13.72
ST R,STR6X3,14373,ASD6,3.113,–,10.58
ST R,STR6X3,13240,ASD7,7.14,–,24.28
ST R,STR6X3,13241,ASD7,5.70,–,19.39
ST R,STR6X3,13242,ASD7,4.90,–,16.65
ST R,STR6X3,13243,ASD7,4.04,–,13.72
ST R,STR6X3,13244,ASD7,3.11,–,10.58
ST R,STR6X3,12253,ASD8,5.83,–,19.82
ST R,STR6X3,12254,ASD8,4.98,–,16.96
ST R,STR6X3,12255,ASD8,4.09,–,13.91
ST R,STR6X3,12256,ASD8,3.14,–,10.70
ST R,STR6X3,11080,LRFD1,5.83,–,19.82
ST R,STR6X3,11081,LRFD1,4.98,–,16.96
ST R,STR6X3,11082,LRFD1,4.09,–,13.91
ST R,STR6X3,11083,LRFD1,3.14,–,10.70
ST R,STR6X4,14366,ASD6,6.454,–,21.94
ST R,STR6X4,14367,ASD6,5.522,–,18.77
ST R,STR6X4,14368,ASD6,4.535,–,15.42
ST R,STR6X4,14369,ASD6,3.488,–,11.86
ST R,STR6X4,13235,ASD7,8.14,–,27.68
ST R,STR6X4,13236,ASD7,6.45,–,21.94
ST R,STR6X4,13237,ASD7,5.52,–,18.77
ST R,STR6X4,13238,ASD7,4.54,–,15.42
ST R,STR6X4,13239,ASD7,3.49,–,11.86
ST R,STR6X4,12248,ASD8,8.36,–,28.43
ST R,STR6X4,12249,ASD8,6.58,–,22.37
ST R,STR6X4,12250,ASD8,5.61,–,19.08
ST R,STR6X4,12251,ASD8,4.59,–,15.62
ST R,STR6X4,12252,ASD8,3.52,–,11.97
ST R,STR6X4,11075,LRFD1,8.36,–,28.43
ST R,STR6X4,11076,LRFD1,6.58,–,22.37
ST R,STR6X4,11077,LRFD1,5.61,–,19.08
ST R,STR6X4,11078,LRFD1,4.59,–,15.62
ST R,STR6X4,11079,LRFD1,3.52,–,11.97
ST R,STR7X3,12244,ASD8,6.58,–,22.37
ST R,STR7X3,12245,ASD8,5.61,–,19.08
ST R,STR7X3,12246,ASD8,4.59,–,15.62
ST R,STR7X3,12247,ASD8,3.52,–,11.97
ST R,STR7X3,11071,LRFD1,6.58,–,22.37
ST R,STR7X3,11072,LRFD1,5.61,–,19.08
ST R,STR7X3,11073,LRFD1,4.59,–,15.62
ST R,STR7X3,11074,LRFD1,3.52,–,11.97
ST R,STR7X4,12240,ASD8,7.33,–,24.93
ST R,STR7X4,12241,ASD8,6.23,–,21.21
ST R,STR7X4,12242,ASD8,5.09,–,17.32
ST R,STR7X4,12243,ASD8,3.89,–,13.25
ST R,STR7X4,11067,LRFD1,7.33,–,24.93
ST R,STR7X4,11068,LRFD1,6.23,–,21.21
ST R,STR7X4,11069,LRFD1,5.09,–,17.32
ST R,STR7X4,11070,LRFD1,3.89,–,13.25
ST R,STR7X5,14361,ASD6,10.14,–,34.48
ST R,STR7X5,14362,ASD6,7.954,–,27.04
ST R,STR7X5,14363,ASD6,6.772,–,23.02
ST R,STR7X5,14364,ASD6,5.535,–,18.82
ST R,STR7X5,14365,ASD6,4.238,–,14.41
ST R,STR7X5,13230,ASD7,10.1,–,34.48
ST R,STR7X5,13231,ASD7,7.95,–,27.04
ST R,STR7X5,13232,ASD7,6.77,–,23.02
ST R,STR7X5,13233,ASD7,5.54,–,18.82
ST R,STR7X5,13234,ASD7,4.24,–,14.41
ST R,STR7X5,12235,ASD8,10.4,–,35.24
ST R,STR7X5,12236,ASD8,8.08,–,27.48
ST R,STR7X5,12237,ASD8,6.86,–,23.34
ST R,STR7X5,12238,ASD8,5.59,–,19.02
ST R,STR7X5,12239,ASD8,4.27,–,14.53
ST R,STR7X5,11062,LRFD1,10.4,–,35.24
ST R,STR7X5,11063,LRFD1,8.08,–,27.48
ST R,STR7X5,11064,LRFD1,6.86,–,23.34
ST R,STR7X5,11065,LRFD1,5.59,–,19.02
ST R,STR7X5,11066,LRFD1,4.27,–,14.53
ST R,STR8X2,13226,ASD7,6.45,–,21.94
ST R,STR8X2,13227,ASD7,5.52,–,18.77
ST R,STR8X2,13228,ASD7,4.54,–,15.42
ST R,STR8X2,13229,ASD7,3.49,–,11.86
ST R,STR8X2,12231,ASD8,6.58,–,22.37
ST R,STR8X2,12232,ASD8,5.61,–,19.08
ST R,STR8X2,12233,ASD8,4.59,–,15.62
ST R,STR8X2,12234,ASD8,3.52,–,11.97
ST R,STR8X2,11058,LRFD1,6.58,–,22.37
ST R,STR8X2,11059,LRFD1,5.61,–,19.08
ST R,STR8X2,11060,LRFD1,4.59,–,15.62
ST R,STR8X2,11061,LRFD1,3.52,–,11.97
ST R,STR8X3,14356,ASD6,9.142,–,31.08
ST R,STR8X3,14357,ASD6,7.204,–,24.49
ST R,STR8X3,14358,ASD6,6.147,–,20.90
ST R,STR8X3,14359,ASD6,5.035,–,17.12
ST R,STR8X3,14360,ASD6,3.863,–,13.13
ST R,STR8X3,13221,ASD7,9.14,–,31.08
ST R,STR8X3,13222,ASD7,7.20,–,24.49
ST R,STR8X3,13223,ASD7,6.15,–,20.9
ST R,STR8X3,13224,ASD7,5.04,–,17.12
ST R,STR8X3,13225,ASD7,3.86,–,13.13
ST R,STR8X3,12227,ASD8,7.33,–,24.93
ST R,STR8X3,12228,ASD8,6.23,–,21.21
ST R,STR8X3,12229,ASD8,5.09,–,17.32
ST R,STR8X3,12230,ASD8,3.89,–,13.25
ST R,STR8X3,11054,LRFD1,7.33,–,24.93
ST R,STR8X3,11055,LRFD1,6.23,–,21.21
ST R,STR8X3,11056,LRFD1,5.09,–,17.32
ST R,STR8X3,11057,LRFD1,3.89,–,13.25
ST R,STR8X4,14351,ASD6,10.14,–,34.48
ST R,STR8X4,14352,ASD6,7.954,–,27.04
ST R,STR8X4,14353,ASD6,6.772,–,23.02
ST R,STR8X4,14354,ASD6,5.535,–,18.82
ST R,STR8X4,14355,ASD6,4.238,–,14.41
ST R,STR8X4,13216,ASD7,10.1,–,34.48
ST R,STR8X4,13217,ASD7,7.95,–,27.04
ST R,STR8X4,13218,ASD7,6.77,–,23.02
ST R,STR8X4,13219,ASD7,5.54,–,18.82
ST R,STR8X4,13220,ASD7,4.24,–,14.41
ST R,STR8X4,12222,ASD8,10.4,–,35.24
ST R,STR8X4,12223,ASD8,8.08,–,27.48
ST R,STR8X4,12224,ASD8,6.86,–,23.34
ST R,STR8X4,12225,ASD8,5.59,–,19.02
ST R,STR8X4,12226,ASD8,4.27,–,14.53
ST R,STR8X4,11049,LRFD1,10.4,–,35.24
ST R,STR8X4,11050,LRFD1,8.08,–,27.48
ST R,STR8X4,11051,LRFD1,6.59,–,23.34
ST R,STR8X4,11052,LRFD1,5.59,–,19.02
ST R,STR8X4,11053,LRFD1,4.27,–,14.53
ST R,STR8X6,14346,ASD6,11.93,–,40.55
ST R,STR8X6,14347,ASD6,9.334,–,31.73
ST R,STR8X6,14348,ASD6,7.939,–,26.99
ST R,STR8X6,14349,ASD6,6.482,–,22.04
ST R,STR8X6,14350,ASD6,4.958,–,16.85
ST R,STR8X6,13211,ASD7,11.9,–,40.55
ST R,STR8X6,13212,ASD7,9.33,–,31.73
ST R,STR8X6,13213,ASD7,7.94,–,26.99
ST R,STR8X6,13214,ASD7,6.48,–,22.04
ST R,STR8X6,13215,ASD7,4.96,–,16.85
ST R,STR8X6,12217,ASD8,12.4,–,42.05
ST R,STR8X6,12218,ASD8,9.58,–,32.58
ST R,STR8X6,12219,ASD8,8.11,–,27.59
ST R,STR8X6,12220,ASD8,6.59,–,22.42
ST R,STR8X6,12221,ASD8,5.02,–,17.08
ST R,STR8X6,11044,LRFD1,12.4,–,42.05
ST R,STR8X6,11045,LRFD1,9.58,–,32.58
ST R,STR8X6,11046,LRFD1,8.11,–,27.59
ST R,STR8X6,11047,LRFD1,6.59,–,22.42
ST R,STR8X6,11048,LRFD1,5.02,–,17.08
ST S,STS10X10,14398,ASD6,17.93,–,60.95
ST S,STS10X10,14399,ASD6,13.83,–,47.03
ST S,STS10X10,14400,ASD6,11.69,–,39.74
ST S,STS10X10,14401,ASD6,9.482,–,32.23
ST S,STS10X10,13262,ASD7,21.8,–,73.98
ST S,STS10X10,13263,ASD7,17.9,–,60.95
ST S,STS10X10,13264,ASD7,13.8,–,47.03
ST S,STS10X10,13265,ASD7,11.7,–,39.74
ST S,STS10X10,13266,ASD7,9.48,–,32.23
ST S,STS10X10,13267,ASD7,7.21,–,24.50
ST S,STS10X10,12291,ASD8,22.4,–,76.33
ST S,STS10X10,12292,ASD8,18.4,–,62.46
ST S,STS10X10,12293,ASD8,14.1,–,47.90
ST S,STS10X10,12294,ASD8,11.9,–,40.35
ST S,STS10X10,12295,ASD8,9.59,–,32.63
ST S,STS10X10,11118,LRFD1,22.4,–,76.33
ST S,STS10X10,11119,LRFD1,18.4,–,62.46
ST S,STS10X10,11120,LRFD1,14.1,–,47.90
ST S,STS10X10,11121,LRFD1,11.9,–,40.35
ST S,STS10X10,11122,LRFD1,9.59,–,32.63
ST S,STS12X12,14394,ASD6,21.93,–,74.54
ST S,STS12X12,14395,ASD6,16.83,–,57.23
ST S,STS12X12,14396,ASD6,14.19,–,48.24
ST S,STS12X12,14397,ASD6,11.48,–,39.03
ST S,STS12X12,12287,ASD8,22.4,–,76.07
ST S,STS12X12,12288,ASD8,17.1,–,58.10
ST S,STS12X12,12289,ASD8,14.4,–,48.86
ST S,STS12X12,12290,ASD8,11.6,–,39.43
ST S,STS12X12,11114,LRFD1,22.4,–,76.07
ST S,STS12X12,11115,LRFD1,17.1,–,58.10
ST S,STS12X12,11116,LRFD1,14.4,–,48.86
ST S,STS12X12,11117,LRFD1,11.6,–,39.43
ST S,STS14X14,12284,ASD8,26.4,–,89.68
ST S,STS14X14,12285,ASD8,20.1,–,68.31
ST S,STS14X14,12286,ASD8,16.9,–,57.36
ST S,STS14X14,11111,LRFD1,26.4,–,89.68
ST S,STS14X14,11112,LRFD1,20.1,–,68.31
ST S,STS14X14,11113,LRFD1,16.9,–,57.36
ST S,STS16X16,12281,ASD8,30.4,–,103.30
ST S,STS16X16,12282,ASD8,23.1,–,78.52
ST S,STS16X16,12283,ASD8,19.4,–,65.87
ST S,STS16X16,11108,LRFD1,30.4,–,103.30
ST S,STS16X16,11109,LRFD1,23.1,–,78.52
ST S,STS16X16,11110,LRFD1,19.4,–,65.87
ST S,STS2.5X2.5,12328,ASD8,2.09,–,7.11
ST S,STS2.5X2.5,12329,ASD8,1.64,–,5.59
ST S,STS2.5X2.5,11155,LRFD1,2.09,–,7.11
ST S,STS2.5X2.5,11156,LRFD1,1.64,–,5.59
ST S,STS2X2,13298,ASD7,1.59,–,5.40
ST S,STS2X2,13299,ASD7,1.27,–,4.31
ST S,STS2X2,12330,ASD8,1.59,–,5.41
ST S,STS2X2,12331,ASD8,1.27,–,4.32
ST S,STS2X2,11157,LRFD1,1.59,–,5.41
ST S,STS2X2,11158,LRFD1,1.27,–,4.32
ST S,STS3.53.5,13294,ASD7,3.09,–,10.50
ST S,STS3.53.5,13295,ASD7,2.39,–,8.14
ST S,STS3.5X3.5,14425,ASD6,3.733,–,12.69
ST S,STS3.5X3.5,14426,ASD6,3.089,–,10.50
ST S,STS3.5X3.5,14427,ASD6,2.394,–,8.14
ST S,STS3.5X3.5,12322,ASD8,3.73,–,12.70
ST S,STS3.5X3.5,12323,ASD8,3.09,–,10.51
ST S,STS3.5X3.5,12324,ASD8,2.39,–,8.15
ST S,STS3.5X3.5,11149,LRFD1,3.73,–,12.70
ST S,STS3.5X3.5,11150,LRFD1,3.09,–,10.51
ST S,STS3.5X3.5,11151,LRFD1,2.39,–,8.15
ST S,STS3X3,14428,ASD6,3.108,–,10.57
ST S,STS3X3,14429,ASD6,2.589,–,8.80
ST S,STS3X3,14430,ASD6,2.019,–,6.86
ST S,STS3X3,13296,ASD7,2.59,–,8.80
ST S,STS3X3,13297,ASD7,2.02,–,6.86
ST S,STS3X3,12325,ASD8,3.11,–,10.58
ST S,STS3X3,12326,ASD8,2.59,–,8.81
ST S,STS3X3,12327,ASD8,2.02,–,6.87
ST S,STS3X3,11152,LRFD1,3.11,–,10.58
ST S,STS3X3,11153,LRFD1,2.59,–,8.81
ST S,STS3X3,11154,LRFD1,2.02,–,6.87
ST S,STS4X4,14421,ASD6,4.954,–,16.84
ST S,STS4X4,14422,ASD6,4.272,–,14.52
ST S,STS4X4,14423,ASD6,3.535,–,12.02
ST S,STS4X4,14424,ASD6,2.738,–,9.31
ST S,STS4X4,13289,ASD7,6.14,–,20.88
ST S,STS4X4,13290,ASD7,4.95,–,16.84
ST S,STS4X4,13291,ASD7,4.27,–,14.52
ST S,STS4X4,13292,ASD7,3.54,–,12.02
ST S,STS4X4,13293,ASD7,2.74,–,9.31
ST S,STS4X4,12317,ASD8,6.36,–,21.63
ST S,STS4X4,12318,ASD8,5.08,–,17.27
ST S,STS4X4,12319,ASD8,4.36,–,14.83
ST S,STS4X4,12320,ASD8,3.59,–,21.21
ST S,STS4X4,12321,ASD8,2.77,–,9.42
ST S,STS4X4,11144,LRFD1,6.36,–,21.63
ST S,STS4X4,11145,LRFD1,5.08,–,17.27
ST S,STS4X4,11146,LRFD1,4.36,–,14.83
ST S,STS4X4,11147,LRFD1,3.59,–,12.21
ST S,STS4X4,11148,LRFD1,2.77,–,9.42
ST S,STS5X5,14416,ASD6,8.142,–,27.68
ST S,STS5X5,14417,ASD6,6.454,–,21.94
ST S,STS5X5,14418,ASD6,5.522,–,18.77
ST S,STS5X5,14419,ASD6,4.535,–,15.42
ST S,STS5X5,14420,ASD6,3.488,–,11.86
ST S,STS5X5,13284,ASD7,8.14,–,27.68
ST S,STS5X5,13285,ASD7,6.45,–,21.94
ST S,STS5X5,13286,ASD7,5.52,–,18.77
ST S,STS5X5,13287,ASD7,4.54,–,15.42
ST S,STS5X5,13288,ASD7,3.49,–,11.86
ST S,STS5X5,12312,ASD8,8.36,–,28.43
ST S,STS5X5,12313,ASD8,6.58,–,22.37
ST S,STS5X5,12314,ASD8,5.61,–,19.08
ST S,STS5X5,12315,ASD8,4.59,–,15.62
ST S,STS5X5,12316,ASD8,3.52,–,11.97
ST S,STS5X5,11139,LRFD1,8.36,–,28.43
ST S,STS5X5,11140,LRFD1,6.58,–,22.37
ST S,STS5X5,11141,LRFD1,5.61,–,19.08
ST S,STS5X5,11142,LRFD1,4.59,–,15.62
ST S,STS5X5,11143,LRFD1,3.52,–,11.97
ST S,STS6X6,14411,ASD6,10.14,–,34.48
ST S,STS6X6,14412,ASD6,7.954,–,27.04
ST S,STS6X6,14413,ASD6,6.772,–,23.02
ST S,STS6X6,14414,ASD6,5.535,–,18.82
ST S,STS6X6,14415,ASD6,4.238,–,14.41
ST S,STS6X6,13279,ASD7,10.1,–,34.48
ST S,STS6X6,13280,ASD7,7.95,–,27.04
ST S,STS6X6,13281,ASD7,6.77,–,23.02
ST S,STS6X6,13282,ASD7,5.54,–,18.82
ST S,STS6X6,13283,ASD7,4.24,–,14.41
ST S,STS6X6,12307,ASD8,10.4,–,35.24
ST S,STS6X6,12308,ASD8,8.08,–,27.48
ST S,STS6X6,12309,ASD8,6.86,–,23.34
ST S,STS6X6,12310,ASD8,5.59,–,19.02
ST S,STS6X6,12311,ASD8,4.27,–,14.53
ST S,STS6X6,11134,LRFD1,10.4,–,35.24
ST S,STS6X6,11135,LRFD1,8.08,–,27.48
ST S,STS6X6,11136,LRFD1,6.86,–,23.34
ST S,STS6X6,11137,LRFD1,5.59,–,19.02
ST S,STS6X6,11138,LRFD1,4.27,–,14.53
ST S,STS7X7,14406,ASD6,11.93,–,40.55
ST S,STS7X7,14407,ASD6,9.334,–,31.73
ST S,STS7X7,14408,ASD6,7.939,–,26.99
ST S,STS7X7,14409,ASD6,6.482,–,22.04
ST S,STS7X7,14410,ASD6,4.958,–,16.85
ST S,STS7X7,13274,ASD7,11.9,–,40.55
ST S,STS7X7,13275,ASD7,9.33,–,31.73
ST S,STS7X7,13276,ASD7,7.94,–,26.99
ST S,STS7X7,13277,ASD7,6.48,–,22.04
ST S,STS7X7,13278,ASD7,4.96,–,16.85
ST S,STS7X7,12302,ASD8,12.4,–,42.05
ST S,STS7X7,12303,ASD8,9.58,–,32.58
ST S,STS7X7,12304,ASD8,8.11,–,27.59
ST S,STS7X7,12305,ASD8,6.59,–,22.42
ST S,STS7X7,12306,ASD8,5.02,–,17.08
ST S,STS7X7,11129,LRFD1,12.4,–,42.05
ST S,STS7X7,11130,LRFD1,9.58,–,32.58
ST S,STS7X7,11131,LRFD1,8.11,–,27.59
ST S,STS7X7,11132,LRFD1,6.59,–,22.42
ST S,STS7X7,11133,LRFD1,5.02,–,17.08
ST S,STS8X8,14402,ASD6,13.93,–,47.35
ST S,STS8X8,14403,ASD6,10.83,–,36.83
ST S,STS8X8,14404,ASD6,9.189,–,31.24
ST S,STS8X8,14405,ASD6,7.482,–,25.44
ST S,STS8X8,13268,ASD7,16.8,–,56.98
ST S,STS8X8,13269,ASD7,13.9,–,47.35
ST S,STS8X8,13270,ASD7,10.8,–,36.83
ST S,STS8X8,13271,ASD7,9.19,–,31.24
ST S,STS8X8,13272,ASD7,7.48,–,25.44
ST S,STS8X8,13273,ASD7,5.71,–,19.41
ST S,STS8X8,12296,ASD8,17.4,–,59.32
ST S,STS8X8,12297,ASD8,14.4,–,48.85
ST S,STS8X8,12298,ASD8,11.1,–,37.69
ST S,STS8X8,12299,ASD8,9.36,–,31.84
ST S,STS8X8,12300,ASD8,7.59,–,25.82
ST S,STS8X8,12301,ASD8,5.77,–,19.63
ST S,STS8X8,11123,LRFD1,17.4,–,59.32
ST S,STS8X8,11124,LRFD1,14.4,–,48.85
ST S,STS8X8,11125,LRFD1,11.1,–,37.69
ST S,STS8X8,11126,LRFD1,9.36,–,31.84
ST S,STS8X8,11127,LRFD1,7.59,–,25.82
ST S,STS8X8,11128,LRFD1,5.77,–,19.63
ST WF,STWF10,15425,ASD5,20.88,10.73,71
ST WF,STWF10,15426,ASD5,18.67,10.62,63.5
ST WF,STWF10,15427,ASD5,16.47,10.50,56
ST WF,STWF10,15428,ASD5,14.11,10.57,48
ST WF,STWF10,15429,ASD5,12.05,10.43,41
ST WF,STWF10,15430,ASD5,10.73,10.62,36.5
ST WF,STWF10,15431,ASD5,10.01,10.57,34
ST WF,STWF10,15432,ASD5,9.12,10.49,31
ST WF,STWF10,14831,ASD6,20.88,10.73,71
ST WF,STWF10,14832,ASD6,18.67,10.62,63.5
ST WF,STWF10,14833,ASD6,16.47,10.50,56
ST WF,STWF10,14834,ASD6,14.11,10.57,48
ST WF,STWF10,14835,ASD6,12.05,10.43,41
ST WF,STWF10,14836,ASD6,10.73,10.62,36.5
ST WF,STWF10,14837,ASD6,10.01,10.57,34
ST WF,STWF10,14838,ASD6,9.12,10.50,31
ST WF,STWF10,14839,ASD6,8.09,10.40,27.5
ST WF,STWF12,15416,ASD5,23.54,12.36,80
ST WF,STWF12,15417,ASD5,21.31,12.24,72.5
ST WF,STWF12,15418,ASD5,19.11,12.13,65
ST WF,STWF12,15419,ASD5,17.64,12.16,60
ST WF,STWF12,15420,ASD5,16.18,12.08,55
ST WF,STWF12,15421,ASD5,14.71,12.00,50
ST WF,STWF12,15422,ASD5,13.81,12.15,47
ST WF,STWF12,15423,ASD5,12.35,12.04,42
ST WF,STWF12,15424,ASD5,11.18,11.95,38
ST WF,STWF12,14821,ASD6,23.52,12.36,80
ST WF,STWF12,14822,ASD6,21.31,12.25,72.5
ST WF,STWF12,14823,ASD6,19.11,12.13,65
ST WF,STWF12,14824,ASD6,17.65,12.16,60
ST WF,STWF12,14825,ASD6,16.18,12.08,55
ST WF,STWF12,14826,ASD6,14.72,12.00,50
ST WF,STWF12,14827,ASD6,13.82,12.15,47
ST WF,STWF12,14828,ASD6,12.36,12.05,42
ST WF,STWF12,14829,ASD6,11.19,11.96,38
ST WF,STWF12,14830,ASD6,10.00,11.86,34
ST WF,STWF13,15410,ASD5,26.05,13.66,88.5
ST WF,STWF13,15411,ASD5,23.72,13.54,80
ST WF,STWF13,15412,ASD5,21.34,13.44,72.5
ST WF,STWF13,15413,ASD5,16.77,13.64,57
ST WF,STWF13,15414,ASD5,15.01,13.53,51
ST WF,STWF13,15415,ASD5,13.83,13.45,47
ST WF,STWF13,14814,ASD6,26.05,13.66,88.5
ST WF,STWF13,14815,ASD6,23.52,13.54,80
ST WF,STWF13,14816,ASD6,21.34,13.44,72.5
ST WF,STWF13,14817,ASD6,16.77,13.64,57
ST WF,STWF13,14818,ASD6,15.01,13.54,51
ST WF,STWF13,14819,ASD6,13.83,13.46,47
ST WF,STWF13,14820,ASD6,12.36,13.35,42
ST WF,STWF15,15403,ASD5,30.89,15.19,105
ST WF,STWF15,15404,ASD5,27.95,15.06,95
ST WF,STWF15,15405,ASD5,25.32,14.94,86
ST WF,STWF15,15406,ASD5,19.41,15.15,66
ST WF,STWF15,15407,ASD5,18.22,15.08,62
ST WF,STWF15,15408,ASD5,17.07,15.00,58.0
ST WF,STWF15,15409,ASD5,15.88,14.91,54.0
ST WF,STWF15,14806,ASD6,30.89,15.19,105
ST WF,STWF15,14807,ASD6,27.95,15.06,95
ST WF,STWF15,14808,ASD6,25.33,14.94,86
ST WF,STWF15,14809,ASD6,19.42,15.15,66
ST WF,STWF15,14810,ASD6,18.23,15.08,62
ST WF,STWF15,14811,ASD6,17.07,15.00,58
ST WF,STWF15,14812,ASD6,15.89,14.91,54
ST WF,STWF15,14813,ASD6,14.56,14.82,49.5
ST WF,STWF16,15397,ASD5,35.26,16.75,120
ST WF,STWF16,15398,ASD5,32.36,16.63,110
ST WF,STWF16,15399,ASD5,29.40,16.50,100
ST WF,STWF16,15400,ASD5,22.35,16.75,76
ST WF,STWF16,15401,ASD5,20.76,16.66,70.5
ST WF,STWF16,15402,ASD5,19.13,16.55,65
ST WF,STWF16,14799,ASD6,35.26,16.75,120
ST WF,STWF16,14800,ASD6,32.37,16.63,110
ST WF,STWF16,14801,ASD6,29.40,16.50,100
ST WF,STWF16,14802,ASD6,22.36,16.75,76
ST WF,STWF16,14803,ASD6,20.76,16.66,70.5
ST WF,STWF16,14804,ASD6,19.13,16.55,65
ST WF,STWF16,14805,ASD6,17.36,16.43,59
ST WF,STWF18,15387,ASD5,44.09,18.36,150
ST WF,STWF18,15388,ASD5,41.16,18.25,140
ST WF,STWF18,15389,ASD5,38.28,18.12,130
ST WF,STWF18,15390,ASD5,26.01,18.03,122.5
ST WF,STWF18,15391,ASD5,33.86,17.94,115
ST WF,STWF18,15392,ASD5,28.56,18.24,97
ST WF,STWF18,15393,ASD5,26.77,18.16,91
ST WF,STWF18,15394,ASD5,24.99,18.08,85
ST WF,STWF18,15395,ASD5,23.54,18.00,80
ST WF,STWF18,15396,ASD5,22.08,17.92,75
ST WF,STWF18,14788,ASD6,44.09,18.36,150
ST WF,STWF18,14789,ASD6,41.16,18.25,140
ST WF,STWF18,14790,ASD6,38.28,18.12,130
ST WF,STWF18,14791,ASD6,36.02,18.03,122.5
ST WF,STWF18,14792,ASD6,33.87,17.94,115
ST WF,STWF18,14793,ASD6,28.56,18.24,97
ST WF,STWF18,14794,ASD6,26.77,18.16,91
ST WF,STWF18,14795,ASD6,24.99,18.06,85
ST WF,STWF18,14796,ASD6,23.55,18.00,80
ST WF,STWF18,14797,ASD6,22.08,17.92,75
ST WF,STWF18,14798,ASD6,19.85,17.78,67.5
ST WF,STWF4,15514,ASD5,9.85,4.50,33.5
ST WF,STWF4,15515,ASD5,8.53,4.38,29
ST WF,STWF4,15516,ASD5,7.06,4.25,24
ST WF,STWF4,15517,ASD5,5.88,4.13,20
ST WF,STWF4,15518,ASD5,5.15,4.06,17.5
ST WF,STWF4,15519,ASD5,4.56,4.00,15.5
ST WF,STWF4,15520,ASD5,4.11,4.03,14
ST WF,STWF4,15521,ASD5,3.53,3.97,12
ST WF,STWF4,15522,ASD5,2.94,4.07,10
ST WF,STWF4,15523,ASD5,2.50,4.00,8.5
ST WF,STWF4,14922,ASD6,9.85,4.50,33.5
ST WF,STWF4,14923,ASD6,8.53,4.38,29
ST WF,STWF4,14924,ASD6,7.06,4.25,24
ST WF,STWF4,14925,ASD6,5.88,4.13,20
ST WF,STWF4,14926,ASD6,5.15,4.06,17.5
ST WF,STWF4,14927,ASD6,4.56,4.00,15.5
ST WF,STWF4,14928,ASD6,4.12,4.03,14
ST WF,STWF4,14929,ASD6,3.53,3.97,12
ST WF,STWF4,14930,ASD6,2.94,4.07,10
ST WF,STWF4,14931,ASD6,2.50,4.00,8.5
ST WF,STWF5,15499,ASD5,16.46,5.69,56
ST WF,STWF5,15500,ASD5,14.72,5.56,50
ST WF,STWF5,15501,ASD5,13.09,5.44,44.5
ST WF,STWF5,15502,ASD5,11.33,5.31,38.5
ST WF,STWF5,15503,ASD5,10.59,5.25,36
ST WF,STWF5,15504,ASD5,9.70,5.19,33
ST WF,STWF5,15505,ASD5,8.83,5.13,30
ST WF,STWF5,15506,ASD5,7.94,5.06,27
ST WF,STWF5,15507,ASD5,7.20,5.00,24.5
ST WF,STWF5,15508,ASD5,6.62,5.06,22.5
ST WF,STWF5,15509,ASD5,5.74,4.97,19.5
ST WF,STWF5,15510,ASD5,4.85,4.88,16.5
ST WF,STWF5,15511,ASD5,4.27,5.11,14.5
ST WF,STWF5,15512,ASD5,3.67,5.04,12.5
ST WF,STWF5,15513,ASD5,3.10,4.95,10.5
ST WF,STWF5,14907,ASD6,16.46,5.69,56
ST WF,STWF5,14908,ASD6,14.72,5.56,50
ST WF,STWF5,14909,ASD6,13.10,5.44,44.5
ST WF,STWF5,14910,ASD6,11.34,5.31,38.5
ST WF,STWF5,14911,ASD6,10.59,5.25,36
ST WF,STWF5,14912,ASD6,9.71,5.19,33
ST WF,STWF5,14913,ASD6,8.83,5.13,30
ST WF,STWF5,14914,ASD6,7.94,5.06,27
ST WF,STWF5,14915,ASD6,7.20,5.00,24.5
ST WF,STWF5,14916,ASD6,6.62,5.06,22.5
ST WF,STWF5,14917,ASD6,5.74,4.97,19.5
ST WF,STWF5,14918,ASD6,4.86,4.88,16.5
ST WF,STWF5,14919,ASD6,4.27,4.11,14.5
ST WF,STWF5,14920,ASD6,3.68,5.04,12.5
ST WF,STWF5,14921,ASD6,3.10,4.95,10.5
ST WF,STWF6,15480,ASD5,23.69,6.94,80.5
ST WF,STWF6,15481,ASD5,19.56,6.69,66.5
ST WF,STWF6,15482,ASD5,17.65,6.56,60
ST WF,STWF6,15483,ASD5,15.59,6.44,53
ST WF,STWF6,15484,ASD5,14.54,6.38,49.5
ST WF,STWF6,15485,ASD5,13.53,6.31,46
ST WF,STWF6,15486,ASD5,12.49,6.25,42.5
ST WF,STWF6,15487,ASD5,11.61,6.19,39.5
ST WF,STWF6,15488,ASD5,10.58,6.13,36
ST WF,STWF6,15489,ASD5,9.55,6.06,32.5
ST WF,STWF6,15490,ASD5,8.53,6.10,29
ST WF,STWF6,15491,ASD5,7.80,6.03,26.5
ST WF,STWF6,15492,ASD5,7.36,6.10,25
ST WF,STWF6,15493,ASD5,6.62,6.03,22.5
ST WF,STWF6,15494,ASD5,5.89,5.97,20
ST WF,STWF6,15495,ASD5,5.29,6.12,18
ST WF,STWF6,15496,ASD5,4.56,6.04,15.5
ST WF,STWF6,15497,ASD5,3.98,5.98,13.5
ST WF,STWF6,15498,ASD5,2.07,5.96,7
ST WF,STWF6,14888,ASD6,27.93,7.19,95
ST WF,STWF6,14889,ASD6,23.69,6.94,80.5
ST WF,STWF6,14890,ASD6,19.56,6.69,66.5
ST WF,STWF6,14891,ASD6,17.66,6.56,60
ST WF,STWF6,14892,ASD6,15.60,6.44,53
ST WF,STWF6,14893,ASD6,14.55,6.38,49.5
ST WF,STWF6,14894,ASD6,13.53,6.31,46
ST WF,STWF6,14895,ASD6,12.49,6.25,42.5
ST WF,STWF6,14896,ASD6,11.61,6.19,39.5
ST WF,STWF6,14897,ASD6,10.58,6.13,36
ST WF,STWF6,14898,ASD6,9.56,6.06,32.5
ST WF,STWF6,14899,ASD6,8.53,6.10,29
ST WF,STWF6,14900,ASD6,7.80,6.03,26.5
ST WF,STWF6,14901,ASD6,7.36,6.10,25
ST WF,STWF6,14902,ASD6,6.62,6.03,22.5
ST WF,STWF6,14903,ASD6,5.89,5.97,20
ST WF,STWF6,14904,ASD6,5.30,6.12,18
ST WF,STWF6,14905,ASD6,4.56,6.05,15.5
ST WF,STWF6,14906,ASD6,3.99,5.98,13.5
ST WF,STWF7,15453,ASD5,31.04,7.88,105.5
ST WF,STWF7,15454,ASD5,29.70,7.82,101
ST WF,STWF7,15455,ASD5,28.36,7.75,96.5
ST WF,STWF7,15456,ASD5,27.04,7.69,92
ST WF,STWF7,15457,ASD5,25.87,7.63,88
ST WF,STWF7,15458,ASD5,24.55,7.56,83.5
ST WF,STWF7,15459,ASD5,23.24,7.50,79
ST WF,STWF7,15460,ASD5,22.04,7.44,75
ST WF,STWF7,15461,ASD5,20.92,7.38,71
ST WF,STWF7,15462,ASD5,19.99,7.38,68
ST WF,STWF7,15463,ASD5,18.67,7.31,63.5
ST WF,STWF7,15464,ASD5,17.49,7.25,59.5
ST WF,STWF7,15465,ASD5,16.33,7.19,55.5
ST WF,STWF7,15466,ASD5,15.13,7.13,51.5
ST WF,STWF7,15467,ASD5,13.97,7.06,47.5
ST WF,STWF7,15468,ASD5,12.78,7.00,43.5
ST WF,STWF7,15469,ASD5,12.36,7.09,42
ST WF,STWF7,15470,ASD5,11.47,7.03,39
ST WF,STWF7,15471,ASD5,10.88,7.10,37
ST WF,STWF7,15472,ASD5,10.00,7.03,34
ST WF,STWF7,15473,ASD5,8.97,6.96,30.5
ST WF,STWF7,15474,ASD5,7.79,6.97,26.5
ST WF,STWF7,15475,ASD5,7.06,6.91,24
ST WF,STWF7,15476,ASD5,6.32,6.84,21.5
ST WF,STWF7,15477,ASD5,5.59,7.06,19
ST WF,STWF7,15478,ASD5,5.00,7.00,17
ST WF,STWF7,15479,ASD5,4.41,6.93,15
ST WF,STWF7,14861,ASD6,31.04,7.88,105.5
ST WF,STWF7,14862,ASD6,29.70,7.82,101
ST WF,STWF7,14863,ASD6,28.37,7.75,96.5
ST WF,STWF7,14864,ASD6,27.04,7.69,92
ST WF,STWF7,14865,ASD6,25.87,7.63,88
ST WF,STWF7,14866,ASD6,24.55,7.56,83.5
ST WF,STWF7,14867,ASD6,23.24,7.50,79
ST WF,STWF7,14868,ASD6,22.04,7.44,75
ST WF,STWF7,14869,ASD6,20.93,7.38,71
ST WF,STWF7,14870,ASD6,19.99,7.38,68
ST WF,STWF7,14871,ASD6,18.67,7.31,63.5
ST WF,STWF7,14872,ASD6,17.50,7.25,59.5
ST WF,STWF7,14873,ASD6,16.33,7.19,55.5
ST WF,STWF7,14874,ASD6,15.13,7.13,51.5
ST WF,STWF7,14875,ASD6,13.97,7.06,47.5
ST WF,STWF7,14876,ASD6,12.78,7.00,43.5
ST WF,STWF7,14877,ASD6,12.36,7.09,42
ST WF,STWF7,14878,ASD6,11.47,7.03,39
ST WF,STWF7,14879,ASD6,10.88,7.10,37
ST WF,STWF7,14880,ASD6,10.00,7.03,34
ST WF,STWF7,14881,ASD6,8.97,6.96,30.5
ST WF,STWF7,14882,ASD6,7.80,6.97,26.5
ST WF,STWF7,14883,ASD6,7.06,6.91,24
ST WF,STWF7,14884,ASD6,6.33,6.84,21.5
ST WF,STWF7,14885,ASD6,5.59,7.06,19
ST WF,STWF7,14886,ASD6,5.00,7.00,17
ST WF,STWF7,14887,ASD6,4.41,6.93,15
ST WF,STWF8,15443,ASD5,14.11,8.16,48
ST WF,STWF8,15444,ASD5,12.94,8.08,44
ST WF,STWF8,15445,ASD5,11.46,8.16,39
ST WF,STWF8,15446,ASD5,10.43,8.08,35.5
ST WF,STWF8,15447,ASD5,9.40,8.00,32
ST WF,STWF8,15448,ASD5,8.52,7.93,29
ST WF,STWF8,15449,ASD5,7.35,8.13,25
ST WF,STWF8,15450,ASD5,6.62,8.06,22.5
ST WF,STWF8,15451,ASD5,5.88,8.00,20
ST WF,STWF8,15452,ASD5,5.30,7.93,18
ST WF,STWF8,14851,ASD6,14.11,8.16,48
ST WF,STWF8,14852,ASD6,12.94,8.08,44
ST WF,STWF8,14853,ASD6,11.46,8.16,39
ST WF,STWF8,14854,ASD6,10.43,8.08,35.5
ST WF,STWF8,14855,ASD6,9.40,8.00,32
ST WF,STWF8,14856,ASD6,8.52,7.93,29
ST WF,STWF8,14857,ASD6,7.35,8.13,25
ST WF,STWF8,14858,ASD6,6.62,8.06,22.5
ST WF,STWF8,14859,ASD6,5.89,8.00,20
ST WF,STWF8,14860,ASD6,5.30,7.93,18
ST WF,STWF9,15433,ASD5,16.77,9.24,57
ST WF,STWF9,15434,ASD5,15.43,9.16,52.5
ST WF,STWF9,15435,ASD5,14.11,9.08,48
ST WF,STWF9,15436,ASD5,12.49,9.16,42.5
ST WF,STWF9,15437,ASD5,11.32,9.08,38.5
ST WF,STWF9,15438,ASD5,10.28,9.00,35
ST WF,STWF9,15439,ASD5,9.40,8.94,32
ST WF,STWF9,15440,ASD5,8.82,9.12,30
ST WF,STWF9,15441,ASD5,8.09,9.06,27.5
ST WF,STWF9,15442,ASD5,7.35,9.00,25
ST WF,STWF9,14840,ASD6,16.76,9.24,57
ST WF,STWF9,14841,ASD6,15.43,9.16,52.5
ST WF,STWF9,14842,ASD6,14.11,9.08,48
ST WF,STWF9,14843,ASD6,12.49,9.16,42.5
ST WF,STWF9,14844,ASD6,11.32,9.08,38.5
ST WF,STWF9,14845,ASD6,10.28,9.00,35
ST WF,STWF9,14846,ASD6,9.40,8.94,32
ST WF,STWF9,14847,ASD6,8.82,9.13,30
ST WF,STWF9,14848,ASD6,8.10,9.06,27.5
ST WF,STWF9,14849,ASD6,7.36,9.00,25
ST WF,STWF9,14850,ASD6,6.62,8.93,22.5
T FS,TFS2.5X2.5,15297,ASD5,1.87,2 1/2,6.4
T FS,TFS2.5X2.5,15298,ASD5,1.33,2 1/2,4.6
T FS,TFS2X2,15300,ASD5,1.26,2,4.3
T FS,TFS2X2,15301,ASD5,1.05,2,3.56
T FS,TFS3X3,15294,ASD5,2.29,3,7.8
T FS,TFS3X3,15295,ASD5,1.97,3,6.7
U,U102.625,15005,ASD6,8.80,10.00,30.0
U,U102.625,15006,ASD6,7.33,10.00,25.0
U,U102.625,15007,ASD6,5.86,10.00,20.0
U,U102.625,15008,ASD6,4.47,10.00,15.3
U,U10X2.625,15695,ASD5,8.80,10.00,30
U,U10X2.625,15696,ASD5,7.33,10.00,25
U,U10X2.625,15697,ASD5,5.86,10.00,20
U,U10X2.625,15698,ASD5,4.47,10.00,15.3
U,U10X3.5,15324,ASD5,8.23,10.00,28.3
U,U10X3.5,15325,ASD5,7.23,10.00,24.9
U,U10X3.5,15326,ASD5,7.38,10.00,25.3
U,U10X3.5,15327,ASD5,6.38,10.00,21.9
U,U10X3.5,14708,ASD6,8.23,10.00,28.3
U,U10X3.5,14709,ASD6,7.23,10.00,24.9
U,U10X3.5,14710,ASD6,7.38,10.00,25.3
U,U10X3.5,14711,ASD6,6.38,10.00,21.9
U,U10X4,15321,ASD5,12.06,10.00,41.1
U,U10X4,15322,ASD5,9.80,10.00,33.6
U,U10X4,15323,ASD5,8.30,10.00,28.5
U,U10X4,14705,ASD6,12.06,10.00,41.1
U,U10X4,14706,ASD6,9.80,10.00,33.6
U,U10X4,14707,ASD6,8.30,10.00,28.5
U,U123,15002,ASD6,8.79,12.00,30.0
U,U123,15003,ASD6,7.32,12.00,25.0
U,U123,15004,ASD6,6.03,12.00,20.7
U,U12X3,15692,ASD5,8.79,12.00,30
U,U12X3,15693,ASD5,7.32,12.00,25
U,U12X3,15694,ASD5,6.03,12.00,20.7
U,U12X3.5,15318,ASD5,10.80,12.00,37.0
U,U12X3.5,15319,ASD5,9.60,12.00,32.9
U,U12X3.5,15320,ASD5,9.00,12.00,30.9
U,U12X3.5,14702,ASD6,10.80,12.00,37.0
U,U12X3.5,14703,ASD6,9.60,12.00,32.9
U,U12X3.5,14704,ASD6,9.00,12.00,30.9
U,U12X4,15314,ASD5,14.64,12.00,50.0
U,U12X4,15315,ASD5,13.24,12.00,45.0
U,U12X4,15316,ASD5,11.70,12.00,40.0
U,U12X4,15317,ASD5,10.22,12.00,35.0
U,U12X4,14698,ASD6,14.64,12.00,50.0
U,U12X4,14699,ASD6,13.16,12.00,45.0
U,U12X4,14700,ASD6,11.70,12.00,40.0
U,U12X4,14701,ASD6,10.22,12.00,35.0
U,U13X4,15310,ASD5,14.66,13.00,50.0
U,U13X4,15311,ASD5,11.71,13.00,40.0
U,U13X4,15312,ASD5,10.24,13.00,35.0
U,U13X4,15313,ASD5,9.30,13.00,31.8
U,U13X4,14694,ASD6,14.66,13.00,50.0
U,U13X4,14695,ASD6,11.71,13.00,40.0
U,U13X4,14696,ASD6,10.24,13.00,35.0
U,U13X4,14697,ASD6,9.30,13.00,31.8
U,U153.375,14999,ASD6,14.64,15.00,50.0
U,U153.375,15000,ASD6,11.70,15.00,40.0
U,U153.375,15001,ASD6,9.90,15.00,33.9
U,U15X3.375,15689,ASD5,14.64,15.00,50
U,U15X3.375,15690,ASD5,11.70,15.00,40
U,U15X3.375,15691,ASD5,9.90,15.00,33.9
U,U15X4,15302,ASD5,22.06,15.00,75.0
U,U15X4,15303,ASD5,20.32,15.00,69.1
U,U15X4,15304,ASD5,19.38,15.00,65.9
U,U15X4,15305,ASD5,18.47,15.00,62.8
U,U15X4,15306,ASD5,17.53,15.00,59.6
U,U15X4,15307,ASD5,16.59,15.00,56.4
U,U15X4,15308,ASD5,15.65,15.00,53.2
U,U15X4,15309,ASD5,14.71,15.00,50.0
U,U18X4,15685,ASD5,16.98,18.00,58
U,U18X4,15686,ASD5,15.18,18.00,51.9
U,U18X4,15687,ASD5,13.38,18.00,45.8
U,U18X4,15688,ASD5,12.48,18.00,42.7
U,U18X4,14995,ASD6,16.98,18.00,58.0
U,U18X4,14996,ASD6,15.18,18.00,51.9
U,U18X4,14997,ASD6,13.38,18.00,45.8
U,U18X4,14998,ASD6,12.48,18.00,42.7
U,U31.5,15026,ASD6,1.75,3.00,6.0
U,U31.5,15027,ASD6,1.46,3.00,5.0
U,U31.5,15028,ASD6,1.19,3.00,4.1
U,U3X1.5,15715,ASD5,1.75,3.00,6
U,U3X1.5,15716,ASD5,1.46,3.00,5
U,U3X1.5,15717,ASD5,1.19,3.00,4.1
U,U3X1.875,15343,ASD5,2.64,3.00,9.0
U,U3X1.875,15344,ASD5,2.08,3.00,7.1
U,U3X1.875,14728,ASD6,2.64,3.00,9.0
U,U3X1.875,14729,ASD6,2.08,3.00,7.1
U,U41.625,15024,ASD6,2.12,4.00,7.25
U,U41.625,15025,ASD6,1.56,4.00,5.4
U,U4X1.625,15713,ASD5,2.12,4.00,7.25
U,U4X1.625,15714,ASD5,1.56,4.00,5.4
U,U51.75,15022,ASD6,2.63,5.00,9.0
U,U51.75,15023,ASD6,1.95,5.00,6.7
U,U5X1.75,15711,ASD5,2.63,5.00,9
U,U5X1.75,15712,ASD5,1.95,5.00,6.7
U,U62,15019,ASD6,3.81,6.00,13.0
U,U62,15020,ASD6,3.07,6.00,10.5
U,U62,15021,ASD6,2.39,6.00,8.2
U,U6X2,15708,ASD5,3.81,6.00,13
U,U6X2,15709,ASD5,3.07,6.00,10.5
U,U6X2,15710,ASD5,2.39,6.00,8.2
U,U6X3,15339,ASD5,4.75,6.00,16.3
U,U6X3,15340,ASD5,4.37,6.00,15.1
U,U6X3,14723,ASD6,4.75,6.00,16.3
U,U6X3,14724,ASD6,4.37,6.00,15.1
U,U6X3.5,15337,ASD5,5.22,6.00,18.0
U,U6X3.5,15338,ASD5,4.47,6.00,15.3
U,U6X3.5,14721,ASD6,5.22,6.00,18.0
U,U6X3.5,14722,ASD6,4.47,6.00,15.3
U,U72.125,15016,ASD6,4.32,7.00,14.75
U,U72.125,15017,ASD6,3.58,7.00,12.25
U,U72.125,15018,ASD6,2.85,7.00,9.8
U,U7X2.125,15705,ASD5,4.32,7.00,14.75
U,U7X2.125,15706,ASD5,3.58,7.00,12.25
U,U7X2.125,15707,ASD5,2.85,7.00,9.8
U,U7X3.5,15334,ASD5,6.60,7.00,22.7
U,U7X3.5,15335,ASD5,5.55,7.00,19.1
U,U7X3.5,14718,ASD6,6.60,7.00,22.7
U,U7X3.5,14719,ASD6,5.55,7.00,19.7
U,U82.25,15012,ASD6,5.49,8.00,18.75
U,U82.25,15013,ASD6,4.02,8.00,13.75
U,U82.25,15014,ASD6,3.36,8.00,11.5
U,U8X2.25,15702,ASD5,5.49,8.00,18.75
U,U8X2.25,15703,ASD5,4.02,8.00,13.75
U,U8X2.25,15704,ASD5,3.36,8.00,11.5
U,U8X3,15332,ASD5,5.83,8.00,20.0
U,U8X3,15333,ASD5,5.43,8.00,18.7
U,U8X3,14716,ASD6,5.83,8.00,20.0
U,U8X3,14717,ASD6,5.43,8.00,18.7
U,U8X3.5,15330,ASD5,6.63,8.00,22.8
U,U8X3.5,15331,ASD5,6.23,8.00,21.4
U,U8X3.5,14714,ASD6,6.63,8.00,22.8
U,U8X3.5,14715,ASD6,6.23,8.00,21.4
U,U92.5,15009,ASD6,5.86,9.00,20.0
U,U92.5,15010,ASD6,4.39,9.00,15.0
U,U92.5,15011,ASD6,3.89,9.00,13.4
U,U9X2.5,15699,ASD5,5.86,9.00,20
U,U9X2.5,15700,ASD5,4.39,9.00,15
U,U9X2.5,15701,ASD5,3.89,9.00,13.4
U,U9X3.5,15328,ASD5,7.41,9.00,25.4
U,U9X3.5,15329,ASD5,6.96,9.00,23.9
U,U9X3.5,14712,ASD6,7.41,9.00,25.4
U,U9X3.5,14713,ASD6,6.96,9.00,23.9
W,W16X67,4248,13th,19.7,16.3,67.0
W,W16X67,2251,14th,19.6,16.3,67.0
W,W16X67,167,15th,19.6,16.3,67.0
W,W16X67,13059,ASD8,19.7,16.33,67
W,W16X67,10865,ASD9,19.7,16.33,67
W,W16X67,12040,LRFD1,19.7,16.33,67
W,W16X67,8140,LRFD2,19.7000,16.3300,67.0000
W,W16X67,6214,LRFD3,20,16.3,67
W,W24X68,4201,13th,20.1,23.7,68.0
W,W24X68,2204,14th,20.1,23.7,68.0
W,W24X68,117,15th,20.1,23.7,68.0
W,W24X68,14187,ASD7,20.0,23.71,68
W,W24X68,13027,ASD8,20.1,23.73,68
W,W24X68,10813,ASD9,20.1,23.73,68
W,W24X68,10814,ASD9,18.2,23.74,62
W,W24X68,11988,LRFD1,20.1,23.73,68
W,W24X68,8095,LRFD2,20.1000,23.7300,68.0000
W,W24X68,6173,LRFD3,20.1,23.7,68
W,W36X12,15114,ASD6,57.11,36.48,194
W,W36X12,15115,ASD6,53.54,36.32,182
W,W36X12,15116,ASD6,49.98,36.16,170
W,W36X12,15117,ASD6,47.09,36.00,160
W,W36X12,15118,ASD6,44.16,35.84,150
W,W36X16.5,15109,ASD6,88.17,36.72,300
W,W36X16.5,15110,ASD6,82.32,36.50,280
W,W36X16.5,15111,ASD6,76.56,36.24,260
W,W36X16.5,15112,ASD6,72.03,36.06,245
W,W36X16.5,15113,ASD6,67.73,35.88,230
W,W40X199,4103,13th,58.5,38.7,199
W,W40X199,2107,14th,58.8,38.7,199
W,W40X199,16,15th,58.8,38.7,199
W,W40X199,10705,ASD9,58.4,38.67,199
W,W40X199,11880,LRFD1,28.4,38.67,199
W,W40X199,7999,LRFD2,58.4000,38.6700,199.0000
W,W40X199,6077,LRFD3,58.5,38.7,199
W,W40X298,10688,ASD9,87.6,39.69,298
W,W40X298,11863,LRFD1,78.6,39.69,298
W,W6X16,4355,13th,4.74,6.28,16.0
W,W6X16,2358,14th,4.74,6.28,16.0
W,W6X16,276,15th,4.74,6.28,16.0
W,W6X16,14331,ASD7,4.72,6.25,16
W,W6X16,13166,ASD8,4.74,6.28,16
W,W6X16,10972,ASD9,4.74,6.28,16
W,W6X16,12147,LRFD1,4.47,6.28,16
W,W6X16,8248,LRFD2,4.7400,6.2800,16.0000
W,W6X16,6322,LRFD3,4.74,6.28,16
WF,10WF,17664,Historic,8.55,9.88,29.1
WF,10WF,17691,Historic,6.73,9.88,22.9
WF,10WF,18504,Historic,40.03,11.88,136.0
WF,10WF,18516,Historic,36.46,11.62,124.0
WF,10WF,18532,Historic,32.92,11.38,112.0
WF,10WF,18547,Historic,29.43,11.12,100.0
WF,10WF,18561,Historic,26.19,10.88,89.0
WF,10WF,18577,Historic,22.67,10.62,77.0
WF,10WF,18583,Historic,21.18,10.50,72.0
WF,10WF,18594,Historic,19.41,10.38,66.0
WF,10WF,18603,Historic,17.66,10.25,60.0
WF,10WF,18615,Historic,15.88,10.12,54.0
WF,10WF,18622,Historic,14.40,10.00,49.0
WF,10WF,18628,Historic,13.24,10.12,45.0
WF,10WF,18636,Historic,12.06,10.00,41.0
WF,10WF,18638,Historic,11.48,9.94,39.0
WF,10WF,18642,Historic,10.88,9.88,37.0
WF,10WF,18650,Historic,9.71,9.75,33.0
WF,12WF,17583,Historic,9.54,12.00,32.5
WF,12WF,17595,Historic,8.70,12.00,29.6
WF,12WF,18291,Historic,55.86,14.38,190.0
WF,12WF,18298,Historic,51.79,14.12,176.0
WF,12WF,18311,Historic,47.38,13.88,161.0
WF,12WF,18325,Historic,43.24,13.62,147.0
WF,12WF,18339,Historic,39.11,13.38,133.0
WF,12WF,18348,Historic,35.31,13.12,120.0
WF,12WF,18363,Historic,31.19,12.88,106.0
WF,12WF,18373,Historic,29.09,12.75,99.0
WF,12WF,18379,Historic,27.06,12.62,92.0
WF,12WF,18387,Historic,24.98,12.50,85.0
WF,12WF,18394,Historic,23.22,12.38,79.0
WF,12WF,18403,Historic,21.16,12.25,72.0
WF,12WF,18413,Historic,19.11,12.12,65.0
WF,12WF,18418,Historic,18.83,12.31,64.0
WF,12WF,18425,Historic,17.06,12.19,58.0
WF,12WF,18433,Historic,15.59,12.06,53.0
WF,12WF,18440,Historic,14.71,12.19,50.0
WF,12WF,18447,Historic,13.24,12.06,45.0
WF,12WF,18455,Historic,11.77,11.94,40.0
WF,14WF,17485,Historic,11.18,13.88,38.1
WF,14WF,17500,Historic,9.53,13.88,32.4
WF,14WF,17951,Historic,125.25,18.69,426.0
WF,14WF,17954,Historic,121.15,18.50,412.0
WF,14WF,17958,Historic,116.98,18.31,398.0
WF,14WF,17960,Historic,112.93,18.12,384.0
WF,14WF,17964,Historic,108.78,17.94,370.0
WF,14WF,17967,Historic,104.68,17.75,356.0
WF,14WF,17969,Historic,100.59,17.56,342.0
WF,14WF,17973,Historic,96.43,17.38,328.0
WF,14WF,17975,Historic,94.12,16.81,320.0
WF,14WF,17979,Historic,92.30,17.19,314.0
WF,14WF,17983,Historic,88.20,17.00,300.0
WF,14WF,17991,Historic,84.37,16.81,287.0
WF,14WF,17999,Historic,80.30,16.62,273.0
WF,14WF,18001,Historic,80.22,16.62,273.0
WF,14WF,18007,Historic,77.63,16.50,264.0
WF,14WF,18015,Historic,74.98,16.37,255.0
WF,14WF,18021,Historic,72.33,16.25,246.0
WF,14WF,18027,Historic,69.69,16.12,237.0
WF,14WF,18035,Historic,67.06,16.00,228.0
WF,14WF,18046,Historic,64.36,15.87,219.0
WF,14WF,18050,Historic,62.07,15.75,211.0
WF,14WF,18059,Historic,59.39,15.63,202.0
WF,14WF,18067,Historic,56.73,15.50,193.0
WF,14WF,18075,Historic,54.07,15.38,184.0
WF,14WF,18081,Historic,51.73,15.25,176.0
WF,14WF,18088,Historic,49.09,15.12,167.0
WF,14WF,18095,Historic,46.47,15.00,158.0
WF,14WF,18106,Historic,44.08,14.88,150.0
WF,14WF,18116,Historic,41.85,14.75,142.0
WF,14WF,18121,Historic,39.98,14.75,136.0
WF,14WF,18129,Historic,37.33,14.62,127.0
WF,14WF,18134,Historic,34.99,14.50,119.0
WF,14WF,18141,Historic,32.65,14.37,111.0
WF,14WF,18150,Historic,30.26,14.25,103.0
WF,14WF,18156,Historic,27.94,14.12,95.0
WF,14WF,18167,Historic,25.56,14.00,87.0
WF,14WF,18171,Historic,24.71,14.18,84.0
WF,14WF,18180,Historic,22.94,14.06,78.0
WF,14WF,18186,Historic,21.76,14.19,74.0
WF,14WF,18196,Historic,20.00,14.06,68.0
WF,14WF,18206,Historic,17.94,13.91,61.0
WF,14WF,18210,Historic,17.06,14.06,58.0
WF,14WF,18220,Historic,15.59,13.94,53.0
WF,14WF,18227,Historic,14.11,13.81,48.0
WF,14WF,18232,Historic,12.65,13.68,43.0
WF,16WF,17304,Historic,13.26,15.88,45.1
WF,16WF,17318,Historic,11.39,15.88,38.7
WF,30WF,16744,Historic,61.78,30.38,210.0
WF,30WF,16745,Historic,61.78,30.38,210.0
WF,30WF,16752,Historic,58.76,30.25,200.0
WF,30WF,16808,Historic,31.77,29.82,108.0
WF,33WF,16686,Historic,70.52,33.50,240.0
WF,33WF,16687,Historic,70.52,33.50,240.0
WF,33WF,16692,Historic,64.73,33.25,220.0
WF,33WF,16696,Historic,61.78,33.12,210.0
WF,33WF,16697,Historic,61.78,33.12,210.0
WF,33WF,16706,Historic,58.79,33.00,200.0
WF,33WF,16717,Historic,41.51,33.31,141.0
WF,33WF,16723,Historic,38.84,33.15,132.0
WF,33WF,16724,Historic,38.84,33.15,132.0
WF,33WF,16727,Historic,38.26,33.10,130.0
WF,"5WF,B5",17842,Historic,5.45,5.12,18.5
WF,"5WF,B5",17844,Historic,4.70,5.00,16.0
WF,"5WF,B5",17846,Historic,3.98,4.86,13.5
WF,6WF,18836,Historic,8.11,6.46,27.5
WF,6WF,18838,Historic,8.09,6.28,27.5
WF,6WF,18846,Historic,7.37,6.37,25.0
WF,6WF,18848,Historic,7.35,6.19,25.0
WF,6WF,18857,Historic,6.63,6.28,22.5
WF,6WF,18861,Historic,6.61,6.10,22.5
WF,6WF,18862,Historic,5.90,6.20,20.0
WF,6WF,18869,Historic,5.31,6.11,18.0
WF,6WF,18870,Historic,5.30,5.91,18.0
WF,6WF,18873,Historic,4.62,6.00,15.5
WF,6WF,18876,Historic,4.57,5.79,15.5
WF,"6WF,B6",17806,Historic,8.11,6.46,27.5
WF,"6WF,B6",17808,Historic,8.09,6.28,27.5
WF,"6WF,B6",17810,Historic,7.37,6.37,25.0
WF,"6WF,B6",17813,Historic,7.35,6.19,25.0
WF,"6WF,B6",17815,Historic,6.63,6.28,22.5
WF,"6WF,B6",17818,Historic,6.61,6.10,22.5
WF,"6WF,B6",17821,Historic,5.90,6.20,20.0
WF,"6WF,B6",17822,Historic,5.89,6.00,20.0
WF,"6WF,B6",17827,Historic,5.31,6.11,18.0
WF,"6WF,B6",17828,Historic,5.30,5.91,18.0
WF,"6WF,B6",17832,Historic,4.62,6.00,15.5
WF,"6WF,B6",17838,Historic,4.57,5.79,15.5
WF,6X6,17816,Historic,6.62,6.00,22.5
WF,6X6,17825,Historic,5.88,6.00,20.0
WF,8WF,17752,Historic,9.06,7.88,30.8
WF,8WF,17761,Historic,7.68,7.88,26.1
WF,8WF,17765,Historic,6.61,8.00,22.5
WF,8WF,17781,Historic,5.44,8.00,18.5
WF,8WF,18712,Historic,19.70,9.00,67.0
WF,8WF,18724,Historic,17.06,8.75,58.0
WF,8WF,18740,Historic,14.11,8.50,48.0
WF,8WF,18751,Historic,11.76,8.25,40.0
WF,8WF,18760,Historic,10.30,8.12,35.0
WF,8WF,18773,Historic,9.70,8.06,33.0
WF,8WF,18783,Historic,9.12,8.00,31.0
WF,8WF,18789,Historic,8.23,8.06,28.0
WF,8WF,18793,Historic,7.93,8.03,27.0
WF,8WF,18798,Historic,7.06,7.93,24.0
WF,"8WF,B8",17769,Historic,6.18,8.19,21.0
WF,"8WF,B8",17772,Historic,5.88,8.14,20.0
WF,"8WF,B8",17778,Historic,5.59,8.09,19.0
WF,"8WF,B8",17793,Historic,5.00,8.00,17.0
WF,"8WF,B8A",17755,Historic,8.23,8.06,28.0
WF,"8WF,B8A",17760,Historic,7.93,8.03,27.0
WF,"8WF,B8B",17738,Historic,10.30,8.12,35.0
WF,"8WF,B8B",17743,Historic,9.70,8.06,33.0
WF,"8WF,B8B",17749,Historic,9.12,8.00,31.0
WF,"8WF,CB81",17770,Historic,6.18,8.19,21.0
WF,"8WF,CB81",17773,Historic,5.88,8.14,20.0
WF,"8WF,CB81",17779,Historic,5.59,8.09,19.0
WF,"8WF,CB81",17794,Historic,5.00,8.00,17.0
WF,"8WF,CB82",17756,Historic,8.23,8.06,28.0
WF,"8WF,CB82",17759,Historic,7.93,8.03,27.0
WF,"8WF,CB82",17762,Historic,7.06,7.93,24.0
WF,"8WF,CB83",17739,Historic,10.30,8.12,35.0
WF,"8WF,CB83",17742,Historic,9.70,8.06,33.0
WF,"8WF,CB83",17748,Historic,9.12,8.00,31.0
WF,WF10X10,15916,ASD5,32.92,11.38,112
WF,WF10X10,15917,ASD5,29.43,11.12,100
WF,WF10X10,15918,ASD5,26.19,10.88,89
WF,WF10X10,15919,ASD5,22.67,10.62,77
WF,WF10X10,15920,ASD5,21.18,10.50,72
WF,WF10X10,15921,ASD5,19.41,10.38,66
WF,WF10X10,15922,ASD5,17.66,10.25,60
WF,WF10X10,15923,ASD5,15.88,10.12,54
WF,WF10X10,15924,ASD5,14.40,10.00,49
WF,WF10X10,15249,ASD6,32.92,11.38,112
WF,WF10X10,15250,ASD6,29.43,11.12,100
WF,WF10X10,15251,ASD6,26.19,10.88,89
WF,WF10X10,15252,ASD6,22.67,10.62,77
WF,WF10X10,15253,ASD6,21.18,10.50,72
WF,WF10X10,15254,ASD6,19.41,10.38,66
WF,WF10X10,15255,ASD6,17.66,10.25,60
WF,WF10X10,15256,ASD6,15.88,10.12,54
WF,WF10X10,15257,ASD6,14.40,10.00,49
WF,WF10X5.75,15928,ASD5,8.53,10.22,29
WF,WF10X5.75,15929,ASD5,7.35,10.08,25
WF,WF10X5.75,15930,ASD5,6.19,9.90,21
WF,WF10X5.75,15261,ASD6,8.53,10.22,29
WF,WF10X5.75,15262,ASD6,7.35,10.08,25
WF,WF10X5.75,15263,ASD6,6.19,9.90,21
WF,WF10X8,15925,ASD5,13.24,10.12,45
WF,WF10X8,15926,ASD5,11.48,9.94,39
WF,WF10X8,15927,ASD5,9.71,9.75,33
WF,WF10X8,15258,ASD6,13.24,10.12,45
WF,WF10X8,15259,ASD6,11.48,9.94,39
WF,WF10X8,15260,ASD6,9.71,9.75,33
WF,WF12X10,15908,ASD5,17.06,12.19,58
WF,WF12X10,15909,ASD5,15.59,12.06,53
WF,WF12X10,15241,ASD6,17.06,12.19,58
WF,WF12X10,15242,ASD6,15.59,12.06,53
WF,WF12X12,15897,ASD5,55.86,14.38,190
WF,WF12X12,15898,ASD5,47.38,13.88,161
WF,WF12X12,15899,ASD5,39.11,13.38,133
WF,WF12X12,15900,ASD5,35.31,13.12,120
WF,WF12X12,15901,ASD5,31.19,12.88,106
WF,WF12X12,15902,ASD5,29.09,12.75,99
WF,WF12X12,15903,ASD5,27.06,12.62,92
WF,WF12X12,15904,ASD5,24.98,12.50,85
WF,WF12X12,15905,ASD5,23.22,12.38,79
WF,WF12X12,15906,ASD5,21.16,12.25,72
WF,WF12X12,15907,ASD5,19.11,12.12,65
WF,WF12X12,15230,ASD6,55.86,14.38,190
WF,WF12X12,15231,ASD6,47.38,13.88,161
WF,WF12X12,15232,ASD6,39.11,13.38,133
WF,WF12X12,15233,ASD6,35.31,13.12,120
WF,WF12X12,15234,ASD6,31.19,12.88,106
WF,WF12X12,15235,ASD6,29.09,12.75,99
WF,WF12X12,15236,ASD6,27.06,12.62,92
WF,WF12X12,15237,ASD6,24.98,12.50,85
WF,WF12X12,15238,ASD6,23.22,12.38,79
WF,WF12X12,15239,ASD6,21.16,12.25,72
WF,WF12X12,15240,ASD6,19.11,12.12,65
WF,WF12X6.5,15913,ASD5,10.59,12.24,36
WF,WF12X6.5,15914,ASD5,9.12,12.09,31
WF,WF12X6.5,15915,ASD5,7.97,11.95,27
WF,WF12X6.5,15246,ASD6,10.59,12.24,36
WF,WF12X6.5,15247,ASD6,9.12,12.09,31
WF,WF12X6.5,15248,ASD6,7.97,11.96,27
WF,WF12X8,15910,ASD5,14.71,12.19,50
WF,WF12X8,15911,ASD5,13.24,12.06,45
WF,WF12X8,15912,ASD5,11.77,11.94,40
WF,WF12X8,15243,ASD6,14.71,12.19,50
WF,WF12X8,15244,ASD6,13.24,12.06,45
WF,WF12X8,15245,ASD6,11.77,11.94,40
WF,WF14X10,15888,ASD5,21.76,14.19,74
WF,WF14X10,15889,ASD5,20.00,14.06,68
WF,WF14X10,15890,ASD5,17.94,13.91,61
WF,WF14X10,15221,ASD6,21.76,14.19,74
WF,WF14X10,15222,ASD6,20.00,14.06,68
WF,WF14X10,15223,ASD6,17.94,13.91,61
WF,WF14X12,15886,ASD5,24.71,14.18,84
WF,WF14X12,15887,ASD5,22.94,14.06,78
WF,WF14X12,15219,ASD6,24.71,14.18,84
WF,WF14X12,15220,ASD6,22.94,14.06,78
WF,WF14X14.5,15879,ASD5,39.98,14.75,136
WF,WF14X14.5,15880,ASD5,37.33,14.62,127
WF,WF14X14.5,15881,ASD5,34.99,14.50,119
WF,WF14X14.5,15882,ASD5,32.65,14.73,111
WF,WF14X14.5,15883,ASD5,30.26,14.25,103
WF,WF14X14.5,15884,ASD5,27.94,14.12,95
WF,WF14X14.5,15885,ASD5,25.56,14.00,87
WF,WF14X14.5,15212,ASD6,39.98,14.75,136
WF,WF14X14.5,15213,ASD6,37.33,14.62,127
WF,WF14X14.5,15214,ASD6,34.99,14.50,119
WF,WF14X14.5,15215,ASD6,32.65,14.37,111
WF,WF14X14.5,15216,ASD6,30.26,14.25,103
WF,WF14X14.5,15217,ASD6,27.94,14.12,95
WF,WF14X14.5,15218,ASD6,25.56,14.00,87
WF,WF14X16,15858,ASD5,125.25,18.69,426
WF,WF14X16,15859,ASD5,116.98,18.31,398
WF,WF14X16,15860,ASD5,108.78,17.94,370
WF,WF14X16,15861,ASD5,100.59,17.56,342
WF,WF14X16,15862,ASD5,92.30,17.19,314
WF,WF14X16,15863,ASD5,84.37,16.81,287
WF,WF14X16,15864,ASD5,77.63,16.50,264
WF,WF14X16,15865,ASD5,72.33,16.25,246
WF,WF14X16,15866,ASD5,69.69,16.12,237
WF,WF14X16,15867,ASD5,67.06,16.00,228
WF,WF14X16,15868,ASD5,64.36,15.87,219
WF,WF14X16,15869,ASD5,62.07,15.75,211
WF,WF14X16,15870,ASD5,59.39,15.63,202
WF,WF14X16,15871,ASD5,56.73,15.50,193
WF,WF14X16,15872,ASD5,54.07,15.38,184
WF,WF14X16,15873,ASD5,51.73,15.25,176
WF,WF14X16,15874,ASD5,49.09,15.12,167
WF,WF14X16,15875,ASD5,46.47,15.00,158
WF,WF14X16,15876,ASD5,44.08,14.88,150
WF,WF14X16,15877,ASD5,41.85,14.75,142
WF,WF14X16,15878,ASD5,94.12,16.81,320
WF,WF14X16,15191,ASD6,125.50,18.69,426
WF,WF14X16,15192,ASD6,116.98,18.31,398
WF,WF14X16,15193,ASD6,108.78,17.94,370
WF,WF14X16,15194,ASD6,100.59,17.56,342
WF,WF14X16,15195,ASD6,92.30,17.19,314
WF,WF14X16,15196,ASD6,84.37,16.81,287
WF,WF14X16,15197,ASD6,77.63,16.50,264
WF,WF14X16,15198,ASD6,72.33,16.25,246
WF,WF14X16,15199,ASD6,69.69,16.12,237
WF,WF14X16,15200,ASD6,67.06,16.00,228
WF,WF14X16,15201,ASD6,64.36,15.87,219
WF,WF14X16,15202,ASD6,62.07,15.75,211
WF,WF14X16,15203,ASD6,59.39,15.63,202
WF,WF14X16,15204,ASD6,56.73,15.50,193
WF,WF14X16,15205,ASD6,54.07,15.38,184
WF,WF14X16,15206,ASD6,51.73,15.25,176
WF,WF14X16,15207,ASD6,49.09,15.12,167
WF,WF14X16,15208,ASD6,46.47,15.00,158
WF,WF14X16,15209,ASD6,44.08,14.88,150
WF,WF14X16,15210,ASD6,41.85,14.75,142
WF,WF14X16,15211,ASD6,94.12,16.81,320
WF,WF14X6.75,15894,ASD5,11.17,14.12,38
WF,WF14X6.75,15895,ASD5,10.00,14.00,34
WF,WF14X6.75,15896,ASD5,8.81,13.86,30
WF,WF14X6.75,15227,ASD6,11.17,14.12,38
WF,WF14X6.75,15228,ASD6,10.00,14.00,34
WF,WF14X6.75,15229,ASD6,8.81,13.86,30
WF,WF14X8,15891,ASD5,15.59,13.94,53
WF,WF14X8,15892,ASD5,14.11,13.81,48
WF,WF14X8,15893,ASD5,12.65,13.68,43
WF,WF14X8,15224,ASD6,15.59,13.94,53
WF,WF14X8,15225,ASD6,14.11,13.81,48
WF,WF14X8,15226,ASD6,12.65,13.68,43
WF,WF16X11.5,15848,ASD5,28.22,16.32,96
WF,WF16X11.5,15849,ASD5,25.87,16.16,88
WF,WF16X11.5,15181,ASD6,28.22,16.32,96
WF,WF16X11.5,15182,ASD6,25.87,16.16,88
WF,WF16X7,15854,ASD5,14.70,16.25,50
WF,WF16X7,15855,ASD5,13.24,16.12,45
WF,WF16X7,15856,ASD5,11.77,16.00,40
WF,WF16X7,15857,ASD5,10.59,15.85,36
WF,WF16X7,15187,ASD6,14.70,16.25,50
WF,WF16X7,15188,ASD6,13.24,16.12,45
WF,WF16X7,15189,ASD6,11.77,16.00,40
WF,WF16X7,15190,ASD6,10.59,15.85,36
WF,WF16X8.5,15850,ASD5,22.92,16.32,78
WF,WF16X8.5,15851,ASD5,20.86,16.16,71
WF,WF16X8.5,15852,ASD5,18.80,16.00,64
WF,WF16X8.5,15853,ASD5,17.04,15.86,58
WF,WF16X8.5,15183,ASD6,22.92,16.32,78
WF,WF16X8.5,15184,ASD6,20.86,16.16,71
WF,WF16X8.5,15185,ASD6,18.80,16.00,64
WF,WF16X8.5,15186,ASD6,17.04,15.86,58
WF,WF18X11.75,15838,ASD5,33.51,18.48,114
WF,WF18X11.75,15839,ASD5,30.86,18.32,105
WF,WF18X11.75,15840,ASD5,28.22,18.16,96
WF,WF18X11.75,15170,ASD6,33.51,18.48,114
WF,WF18X11.75,15171,ASD6,30.86,18.32,105
WF,WF18X11.75,15172,ASD6,28.22,18.16,96
WF,WF18X7.5,15845,ASD5,17.64,18.25,60
WF,WF18X7.5,15846,ASD5,16.19,18.12,55
WF,WF18X7.5,15847,ASD5,14.71,18.00,50
WF,WF18X7.5,15177,ASD6,17.64,18.25,60
WF,WF18X7.5,15178,ASD6,16.19,18.12,55
WF,WF18X7.5,15179,ASD6,14.71,18.00,50
WF,WF18X7.5,15180,ASD6,13.24,17.86,45
WF,WF18X8.75,15841,ASD5,24.97,18.32,85
WF,WF18X8.75,15842,ASD5,22.63,18.16,77
WF,WF18X8.75,15843,ASD5,20.56,18.00,70
WF,WF18X8.75,15844,ASD5,18.80,17.87,64
WF,WF18X8.75,15173,ASD6,24.97,18.32,85
WF,WF18X8.75,15174,ASD6,22.63,18.16,77
WF,WF18X8.75,15175,ASD6,20.56,18.00,70
WF,WF18X8.75,15176,ASD6,18.80,17.87,64
WF,WF21X13,15830,ASD5,41.76,21.46,142
WF,WF21X13,15831,ASD5,37.34,21.24,127
WF,WF21X13,15832,ASD5,32.93,21.00,112
WF,WF21X13,15161,ASD6,41.76,21.46,142
WF,WF21X13,15162,ASD6,37.34,21.24,127
WF,WF21X13,15163,ASD6,32.93,21.00,112
WF,WF21X8.25,15835,ASD5,21.46,21.24,73
WF,WF21X8.25,15836,ASD5,20.02,21.13,68
WF,WF21X8.25,15837,ASD5,18.23,20.99,62
WF,WF21X8.25,15166,ASD6,21.46,21.24,73
WF,WF21X8.25,15167,ASD6,20.02,21.13,68
WF,WF21X8.25,15168,ASD6,18.23,20.99,62
WF,WF21X8.25,15169,ASD6,16.18,20.80,55
WF,WF21X9,15833,ASD5,28.21,21.14,96
WF,WF21X9,15834,ASD5,24.10,20.86,82
WF,WF21X9,15164,ASD6,28.21,21.14,96
WF,WF21X9,15165,ASD6,24.10,20.86,82
WF,WF24X12,15824,ASD5,35.29,24.31,120
WF,WF24X12,15825,ASD5,32.36,24.16,110
WF,WF24X12,15826,ASD5,29.43,24.00,100
WF,WF24X12,15154,ASD6,35.29,24.31,120
WF,WF24X12,15155,ASD6,32.36,24.16,110
WF,WF24X12,15156,ASD6,29.43,24.00,100
WF,WF24X14,15821,ASD5,47.04,24.72,160
WF,WF24X14,15822,ASD5,42.62,24.49,145
WF,WF24X14,15823,ASD5,38.21,24.25,130
WF,WF24X14,15151,ASD6,47.04,24.72,160
WF,WF24X14,15152,ASD6,42.62,24.49,145
WF,WF24X14,15153,ASD6,38.21,24.25,130
WF,WF24X9,15827,ASD5,27.63,24.29,94
WF,WF24X9,15828,ASD5,24.71,24.09,84
WF,WF24X9,15829,ASD5,22.37,23.91,76
WF,WF24X9,15157,ASD6,27.63,24.29,94
WF,WF24X9,15158,ASD6,24.71,24.09,84
WF,WF24X9,15159,ASD6,22.37,23.91,76
WF,WF24X9,15160,ASD6,20.00,23.71,68
WF,WF27X10,15818,ASD5,33.53,27.28,114
WF,WF27X10,15819,ASD5,30.01,27.07,102
WF,WF27X10,15820,ASD5,27.65,26.91,94
WF,WF27X10,15147,ASD6,33.53,27.28,114
WF,WF27X10,15148,ASD6,30.01,27.07,102
WF,WF27X10,15149,ASD6,27.65,26.91,94
WF,WF27X10,15150,ASD6,24.71,26.69,84
WF,WF27X14,15815,ASD5,52.10,27.31,177
WF,WF27X14,15816,ASD5,47.04,27.08,160
WF,WF27X14,15817,ASD5,42.68,26.88,145
WF,WF27X14,15144,ASD6,52.10,27.31,177
WF,WF27X14,15145,ASD6,47.04,27.08,160
WF,WF27X14,15146,ASD6,42.68,26.88,145
WF,WF30X10.5,15811,ASD5,38.83,30.30,132
WF,WF30X10.5,15812,ASD5,36.45,30.16,124
WF,WF30X10.5,15813,ASD5,34.13,30.00,116
WF,WF30X10.5,15814,ASD5,31.77,29.82,108
WF,WF30X10.5,15139,ASD6,38.83,30.30,132
WF,WF30X10.5,15140,ASD6,36.45,30.16,124
WF,WF30X10.5,15141,ASD6,34.13,30.00,116
WF,WF30X10.5,15142,ASD6,31.77,29.82,108
WF,WF30X10.5,15143,ASD6,29.11,29.64,99
WF,WF30X15,15808,ASD5,61.78,30.38,210
WF,WF30X15,15809,ASD5,55.90,30.12,190
WF,WF30X15,15810,ASD5,50.65,29.88,172
WF,WF30X15,15136,ASD6,61.78,30.38,210
WF,WF30X15,15137,ASD6,55.90,30.12,190
WF,WF30X15,15138,ASD6,50.65,29.88,172
WF,WF33X11.5,15805,ASD5,44.71,33.50,152
WF,WF33X11.5,15806,ASD5,41.51,33.31,141
WF,WF33X11.5,15807,ASD5,38.26,33.10,130
WF,WF33X11.5,15132,ASD6,44.71,33.50,152
WF,WF33X11.5,15133,ASD6,41.51,33.31,141
WF,WF33X11.5,15134,ASD6,38.26,33.10,130
WF,WF33X11.5,15135,ASD6,34.71,32.86,118
WF,WF33X15.75,15802,ASD5,70.52,33.50,240
WF,WF33X15.75,15803,ASD5,64.73,33.25,220
WF,WF33X15.75,15804,ASD5,58.79,33.00,200
WF,WF33X15.75,15129,ASD6,70.52,33.50,240
WF,WF33X15.75,15130,ASD6,64.73,33.25,220
WF,WF33X15.75,15131,ASD6,58.79,33.00,200
WF,WF36X12,15797,ASD5,57.11,36.48,194
WF,WF36X12,15798,ASD5,53.54,36.32,182
WF,WF36X12,15799,ASD5,49.98,36.16,170
WF,WF36X12,15800,ASD5,47.09,36.00,160
WF,WF36X12,15801,ASD5,44.16,35.84,150
WF,WF36X12,15128,ASD6,39.70,35.55,135
WF,WF36X16.5,15792,ASD5,88.17,36.72,300
WF,WF36X16.5,15793,ASD5,82.32,36.50,280
WF,WF36X16.5,15794,ASD5,76.56,36.24,260
WF,WF36X16.5,15795,ASD5,72.03,36.06,245
WF,WF36X16.5,15796,ASD5,67.73,35.88,230
WF,WF8X5.25,15939,ASD5,5.88,8.14,20
WF,WF8X5.25,15940,ASD5,5.00,8.00,17
WF,WF8X5.25,15272,ASD6,5.88,8.14,20
WF,WF8X5.25,15273,ASD6,5.00,8.00,17
WF,WF8X6.5,15937,ASD5,8.23,8.06,28
WF,WF8X6.5,15938,ASD5,7.06,7.93,24
WF,WF8X6.5,15270,ASD6,8.23,8.06,28
WF,WF8X6.5,15271,ASD6,7.06,7.93,24
WF,WF8X8,15931,ASD5,19.70,9.00,67
WF,WF8X8,15932,ASD5,17.06,8.75,58
WF,WF8X8,15933,ASD5,14.11,8.50,48
WF,WF8X8,15934,ASD5,11.76,8.25,40
WF,WF8X8,15935,ASD5,10.30,8.12,35
WF,WF8X8,15936,ASD5,9.12,8.00,31
WF,WF8X8,15264,ASD6,19.70,9.00,67
WF,WF8X8,15265,ASD6,17.06,8.75,58
WF,WF8X8,15266,ASD6,14.11,8.50,48
WF,WF8X8,15267,ASD6,11.76,8.25,40
WF,WF8X8,15268,ASD6,10.30,8.12,35
WF,WF8X8,15269,ASD6,9.12,8.00,31
WFB,"10WF,B10",17668,Historic,8.53,10.22,29.0
WFB,"10WF,B10",17676,Historic,7.65,10.12,26.0
WFB,"10WF,B10",17679,Historic,7.35,10.08,25.0
WFB,"10WF,B10",17686,Historic,6.77,10.00,23.0
WFB,"10WF,B10",17699,Historic,6.19,9.90,21.0
WFB,"10WF,B10A",17639,Historic,13.24,10.12,45.0
WFB,"10WF,B10A",17652,Historic,12.06,10.00,41.0
WFB,"10WF,B10A",17653,Historic,11.48,9.94,39.0
WFB,"10WF,B10A",17656,Historic,10.88,9.88,37.0
WFB,"10WF,B10A",17661,Historic,9.71,9.75,33.0
WFB,"10WF,B10B",17619,Historic,19.41,10.38,66.0
WFB,"10WF,B10B",17623,Historic,17.66,10.25,60.0
WFB,"10WF,B10B",17629,Historic,15.88,10.12,54.0
WFB,"10WF,B10B",17634,Historic,14.40,10.00,49.0
WFB,"12WF,B12",17578,Historic,10.59,12.24,36.0
WFB,"12WF,B12",17587,Historic,9.41,12.12,32.0
WFB,"12WF,B12",17592,Historic,9.12,12.09,31.0
WFB,"12WF,B12",17600,Historic,8.23,12.00,28.0
WFB,"12WF,B12",17608,Historic,7.97,11.96,27.0
WFB,"12WF,B12",17610,Historic,7.39,11.87,25.0
WFB,"12WF,B12A",17557,Historic,14.71,12.19,50.0
WFB,"12WF,B12A",17562,Historic,13.24,12.06,45.0
WFB,"12WF,B12A",17570,Historic,11.77,11.94,40.0
WFB,"12WF,B12B",17537,Historic,18.83,12.31,64.0
WFB,"12WF,B12B",17543,Historic,17.06,12.19,58.0
WFB,"12WF,B12B",17552,Historic,15.59,12.06,53.0
WFB,"12WF,B12C",17511,Historic,24.98,12.50,85.0
WFB,"12WF,B12C",17522,Historic,21.16,12.25,72.0
WFB,"12WF,B12C",17533,Historic,19.11,12.12,65.0
WFB,"14WF,B14",17483,Historic,12.34,14.24,42.0
WFB,"14WF,B14",17488,Historic,11.17,14.12,38.0
WFB,"14WF,B14",17495,Historic,10.00,14.00,34.0
WFB,"14WF,B14",17505,Historic,8.81,13.86,30.0
WFB,"14WF,B14A",17464,Historic,17.06,14.06,58.0
WFB,"14WF,B14A",17468,Historic,15.59,13.94,53.0
WFB,"14WF,B14A",17475,Historic,12.65,13.68,43.0
WFB,"14WF,B14B",17452,Historic,21.76,14.19,74.0
WFB,"14WF,B14B",17456,Historic,20.00,14.06,68.0
WFB,"14WF,B14B",17461,Historic,17.94,13.91,61.0
WFB,"14WF,B14C",17445,Historic,24.71,14.18,84.0
WFB,"14WF,B14C",17449,Historic,22.94,14.06,78.0
WFB,"14WF,B14D",17415,Historic,39.98,14.75,136.0
WFB,"14WF,B14D",17420,Historic,37.33,14.62,127.0
WFB,"14WF,B14D",17423,Historic,34.99,14.50,119.0
WFB,"14WF,B14D",17426,Historic,32.65,14.37,111.0
WFB,"14WF,B14D",17433,Historic,30.26,14.25,103.0
WFB,"14WF,B14D",17436,Historic,27.94,14.12,95.0
WFB,"14WF,B14D",17440,Historic,25.56,14.00,87.0
WFB,"16WF,B16",17303,Historic,14.70,16.25,50.0
WFB,"16WF,B16",17306,Historic,13.24,16.12,45.0
WFB,"16WF,B16",17315,Historic,11.77,16.00,40.0
WFB,"16WF,B16",17322,Historic,10.59,15.85,36.0
WFB,"16WF,B16A",17273,Historic,22.92,16.32,78.0
WFB,"16WF,B16A",17280,Historic,20.86,16.16,71.0
WFB,"16WF,B16A",17286,Historic,18.80,16.00,64.0
WFB,"16WF,B16A",17295,Historic,17.04,15.86,58.0
WFB,"16WF,B16B",17255,Historic,33.51,16.64,114.0
WFB,"16WF,B16B",17258,Historic,30.87,16.48,105.0
WFB,"16WF,B16B",17261,Historic,28.22,16.32,96.0
WFB,"16WF,B16B",17267,Historic,25.87,16.16,88.0
WFB,"18WF,B18",17212,Historic,17.64,18.25,60.0
WFB,"18WF,B18",17219,Historic,16.19,18.12,55.0
WFB,"18WF,B18",17234,Historic,14.71,18.00,50.0
WFB,"18WF,B18",17249,Historic,13.81,17.90,47.0
WFB,"18WF,B18A",17186,Historic,24.97,18.32,85.0
WFB,"18WF,B18A",17193,Historic,22.63,18.16,77.0
WFB,"18WF,B18A",17200,Historic,20.56,18.00,70.0
WFB,"18WF,B18A",17209,Historic,18.80,17.87,64.0
WFB,"18WF,B18B",17164,Historic,36.45,18.64,124.0
WFB,"18WF,B18B",17165,Historic,33.51,18.48,114.0
WFB,"18WF,B18B",17168,Historic,30.86,18.32,105.0
WFB,"18WF,B18B",17173,Historic,28.22,18.16,96.0
WFB,"21WF,B21",17083,Historic,20.02,21.13,68.0
WFB,"21WF,B21",17095,Historic,17.36,20.91,59.0
WFB,"21WF,B21A",17060,Historic,30.27,21.29,103.0
WFB,"21WF,B21A",17065,Historic,28.21,21.14,96.0
WFB,"21WF,B21A",17073,Historic,24.10,20.86,82.0
WFB,"21WF,B21A",17080,Historic,21.46,21.24,73.0
WFB,"21WF,B21B",17042,Historic,41.76,21.46,142.0
WFB,"21WF,B21B",17046,Historic,38.81,21.31,132.0
WFB,"21WF,B21B",17049,Historic,37.34,21.24,127.0
WFB,"21WF,B21B",17050,Historic,35.85,21.16,122.0
WFB,"21WF,B21B",17056,Historic,32.93,21.00,112.0
WFB,"24WF,B24",16970,Historic,27.63,24.29,94.0
WFB,"24WF,B24",16974,Historic,25.58,24.16,87.0
WFB,"24WF,B24",16984,Historic,24.71,24.09,84.0
WFB,"24WF,B24",16991,Historic,23.54,24.00,80.0
WFB,"24WF,B24",16994,Historic,22.37,23.91,76.0
WFB,"24WF,B24",17001,Historic,21.77,23.87,74.0
WFB,"24WF,B24A",16946,Historic,35.29,24.31,120.0
WFB,"24WF,B24A",16950,Historic,32.36,24.16,110.0
WFB,"24WF,B24A",16960,Historic,29.43,24.00,100.0
WFB,"24WF,B24B",16910,Historic,47.04,24.72,160.0
WFB,"24WF,B24B",16915,Historic,44.10,24.56,150.0
WFB,"24WF,B24B",16934,Historic,38.21,24.25,130.0
WFB,"27WF,B27",16862,Historic,31.17,27.14,106.0
WFB,"27WF,B27",16865,Historic,30.01,27.07,102.0
WFB,"27WF,B27",16868,Historic,28.82,27.00,98.0
WFB,"27WF,B27",16871,Historic,27.65,26.91,94.0
WFB,"27WF,B27",16872,Historic,26.77,26.84,91.0
WFB,"27WF,B27A",16840,Historic,52.10,27.31,177.0
WFB,"27WF,B27A",16845,Historic,47.93,27.12,163.0
WFB,"27WF,B27A",16848,Historic,47.04,27.08,160.0
WFB,"27WF,B27A",16851,Historic,45.30,27.00,154.0
WFB,"27WF,B27A",16852,Historic,42.68,26.88,145.0
WFB,"30WF,B30",16781,Historic,38.83,30.30,132.0
WFB,"30WF,B30",16789,Historic,36.45,30.16,124.0
WFB,"30WF,B30",16798,Historic,34.13,30.00,116.0
WFB,"30WF,B30A",16755,Historic,55.90,30.12,190.0
WFB,"30WF,B30A",16772,Historic,50.65,29.88,172.0
WFB,"33WF,B33",16710,Historic,44.71,33.50,152.0
WFB,"33WF,B33",16728,Historic,38.26,33.10,130.0
WFB,"33WF,B33",16731,Historic,36.78,33.00,125.0
WFB,"36WF,B36",16649,Historic,57.11,36.48,194.0
WFB,"36WF,B36",16655,Historic,53.54,36.32,182.0
WFB,"36WF,B36",16661,Historic,49.98,36.16,170.0
WFB,"36WF,B36",16666,Historic,47.09,36.00,160.0
WFB,"36WF,B36",16671,Historic,44.16,35.84,150.0
WFB,"36WF,B36A",16620,Historic,88.17,36.72,300.0
WFB,"36WF,B36A",16625,Historic,82.32,36.50,280.0
WFB,"36WF,B36A",16628,Historic,76.56,36.24,260.0
WFB,"36WF,B36A",16635,Historic,73.49,36.12,250.0
WFB,"36WF,B36A",16637,Historic,72.03,36.06,245.0
WFB,"36WF,B36A",16639,Historic,70.60,36.00,240.0
WFB,"36WF,B36A",16644,Historic,67.73,35.88,230.0
WFCB,"10WF,CB101",17667,Historic,8.53,10.22,29.0
WFCB,"10WF,CB101",17675,Historic,7.65,10.12,26.0
WFCB,"10WF,CB101",17680,Historic,7.35,10.08,25.0
WFCB,"10WF,CB101",17687,Historic,6.77,10.00,23.0
WFCB,"10WF,CB101",17700,Historic,6.19,9.90,21.0
WFCB,"10WF,CB102",17640,Historic,13.24,10.12,45.0
WFCB,"10WF,CB102",17651,Historic,12.06,10.00,41.0
WFCB,"10WF,CB102",17654,Historic,11.48,9.94,39.0
WFCB,"10WF,CB102",17655,Historic,10.88,9.88,37.0
WFCB,"10WF,CB102",17660,Historic,9.71,9.75,33.0
WFCB,"10WF,CB103",17618,Historic,19.41,10.38,66.0
WFCB,"10WF,CB103",17622,Historic,17.66,10.25,60.0
WFCB,"10WF,CB103",17628,Historic,15.88,10.12,54.0
WFCB,"10WF,CB103",17635,Historic,14.40,10.00,49.0
WFCB,"12WF,CB121",17579,Historic,10.59,12.24,36.0
WFCB,"12WF,CB121",17588,Historic,9.41,12.12,32.0
WFCB,"12WF,CB121",17593,Historic,9.12,12.09,31.0
WFCB,"12WF,CB121",17601,Historic,8.23,12.00,28.0
WFCB,"12WF,CB121",17607,Historic,7.97,11.96,27.0
WFCB,"12WF,CB121",17611,Historic,7.39,11.87,25.0
WFCB,"12WF,CB122",17558,Historic,14.71,12.19,50.0
WFCB,"12WF,CB122",17563,Historic,13.24,12.06,45.0
WFCB,"12WF,CB122",17571,Historic,11.77,11.94,40.0
WFCB,"12WF,CB123",17536,Historic,18.83,12.31,64.0
WFCB,"12WF,CB123",17544,Historic,17.06,12.19,58.0
WFCB,"12WF,CB123",17553,Historic,15.59,12.06,53.0
WFCB,"12WF,CB124",17510,Historic,24.98,12.50,85.0
WFCB,"12WF,CB124",17515,Historic,23.22,12.38,79.0
WFCB,"12WF,CB124",17521,Historic,21.16,12.25,72.0
WFCB,"12WF,CB124",17532,Historic,19.11,12.12,65.0
WFCB,"14WF,CB141",17482,Historic,12.34,14.24,42.0
WFCB,"14WF,CB141",17487,Historic,11.17,14.12,38.0
WFCB,"14WF,CB141",17494,Historic,10.00,14.00,34.0
WFCB,"14WF,CB141",17504,Historic,8.81,13.86,30.0
WFCB,"14WF,CB142",17463,Historic,17.06,14.06,58.0
WFCB,"14WF,CB142",17467,Historic,15.59,13.94,53.0
WFCB,"14WF,CB142",17471,Historic,14.11,13.81,48.0
WFCB,"14WF,CB142",17472,Historic,14.11,13.81,48.0
WFCB,"14WF,CB142",17474,Historic,12.65,13.68,43.0
WFCB,"14WF,CB143",17451,Historic,21.76,14.19,74.0
WFCB,"14WF,CB143",17455,Historic,20.00,14.06,68.0
WFCB,"14WF,CB143",17460,Historic,17.94,13.91,61.0
WFCB,"14WF,CB144",17444,Historic,24.71,14.18,84.0
WFCB,"14WF,CB144",17448,Historic,22.94,14.06,78.0
WFCB,"14WF,CB145",17414,Historic,39.98,14.75,136.0
WFCB,"14WF,CB145",17419,Historic,37.33,14.62,127.0
WFCB,"14WF,CB145",17422,Historic,34.99,14.50,119.0
WFCB,"14WF,CB145",17427,Historic,32.65,14.37,111.0
WFCB,"14WF,CB145",17432,Historic,30.26,14.25,103.0
WFCB,"14WF,CB145",17435,Historic,27.94,14.12,95.0
WFCB,"14WF,CB145",17441,Historic,25.56,14.00,87.0
WFCB,"16WF,CB161",17302,Historic,14.70,16.25,50.0
WFCB,"16WF,CB161",17307,Historic,13.24,16.12,45.0
WFCB,"16WF,CB161",17316,Historic,11.77,16.00,40.0
WFCB,"16WF,CB161",17323,Historic,10.59,15.85,36.0
WFCB,"16WF,CB162",17274,Historic,22.92,16.32,78.0
WFCB,"16WF,CB162",17281,Historic,20.86,16.16,71.0
WFCB,"16WF,CB162",17287,Historic,18.80,16.00,64.0
WFCB,"16WF,CB163",17254,Historic,33.51,16.64,114.0
WFCB,"16WF,CB163",17257,Historic,30.87,16.48,105.0
WFCB,"16WF,CB163",17260,Historic,28.22,16.32,96.0
WFCB,"16WF,CB163",17266,Historic,25.87,16.16,88.0
WFCB,"18WF,CB181",17211,Historic,17.64,18.25,60.0
WFCB,"18WF,CB181",17220,Historic,16.19,18.12,55.0
WFCB,"18WF,CB181",17233,Historic,14.71,18.00,50.0
WFCB,"18WF,CB181",17248,Historic,13.81,17.90,47.0
WFCB,"18WF,CB182",17185,Historic,24.97,18.32,85.0
WFCB,"18WF,CB182",17192,Historic,22.63,18.16,77.0
WFCB,"18WF,CB182",17201,Historic,20.56,18.00,70.0
WFCB,"18WF,CB182",17210,Historic,18.80,17.87,64.0
WFCB,"18WF,CB183",17163,Historic,36.45,18.64,124.0
WFCB,"18WF,CB183",17166,Historic,33.51,18.48,114.0
WFCB,"18WF,CB183",17167,Historic,30.86,18.32,105.0
WFCB,"18WF,CB183",17174,Historic,28.22,18.16,96.0
WFCB,"21WF,CB211",17079,Historic,21.46,21.24,73.0
WFCB,"21WF,CB211",17082,Historic,20.02,21.13,68.0
WFCB,"21WF,CB211",17086,Historic,18.52,21.00,63.0
WFCB,"21WF,CB211",17089,Historic,18.23,20.99,62.0
WFCB,"21WF,CB211",17094,Historic,17.36,20.91,59.0
WFCB,"21WF,CB212",17059,Historic,30.27,21.29,103.0
WFCB,"21WF,CB212",17064,Historic,28.21,21.14,96.0
WFCB,"21WF,CB212",17068,Historic,26.15,21.00,89.0
WFCB,"21WF,CB212",17072,Historic,24.10,20.86,82.0
WFCB,"21WF,CB213",17043,Historic,41.76,21.46,142.0
WFCB,"21WF,CB213",17045,Historic,38.81,21.31,132.0
WFCB,"21WF,CB213",17048,Historic,37.34,21.24,127.0
WFCB,"21WF,CB213",17051,Historic,35.85,21.16,122.0
WFCB,"21WF,CB213",17055,Historic,32.93,21.00,112.0
WFCB,"24WF,CB241",16969,Historic,27.63,24.29,94.0
WFCB,"24WF,CB241",16975,Historic,25.58,24.16,87.0
WFCB,"24WF,CB241",16985,Historic,24.71,24.09,84.0
WFCB,"24WF,CB241",16990,Historic,23.54,24.00,80.0
WFCB,"24WF,CB241",16995,Historic,22.37,23.91,76.0
WFCB,"24WF,CB241",17000,Historic,21.77,23.87,74.0
WFCB,"24WF,CB242",16945,Historic,35.29,24.31,120.0
WFCB,"24WF,CB242",16951,Historic,32.36,24.16,110.0
WFCB,"24WF,CB242",16961,Historic,29.43,24.00,100.0
WFCB,"24WF,CB243",16914,Historic,44.10,24.56,150.0
WFCB,"24WF,CB243",16920,Historic,42.62,24.49,145.0
WFCB,"24WF,CB243",16924,Historic,41.16,24.41,140.0
WFCB,"24WF,CB243",16935,Historic,38.21,24.25,130.0
WFCB,"27WF,CB271",16861,Historic,31.17,27.14,106.0
WFCB,"27WF,CB271",16864,Historic,30.01,27.07,102.0
WFCB,"27WF,CB271",16870,Historic,27.65,26.91,94.0
WFCB,"27WF,CB271",16873,Historic,26.77,26.84,91.0
WFCB,"27WF,CB272",16839,Historic,52.10,27.31,177.0
WFCB,"27WF,CB272",16844,Historic,47.93,27.12,163.0
WFCB,"27WF,CB272",16847,Historic,47.04,27.08,160.0
WFCB,"27WF,CB272",16850,Historic,45.30,27.00,154.0
WFCB,"27WF,CB272",16853,Historic,42.68,26.88,145.0
WFCB,"30WF,CB301",16782,Historic,38.83,30.30,132.0
WFCB,"30WF,CB301",16790,Historic,36.45,30.16,124.0
WFCB,"30WF,CB301",16799,Historic,34.13,30.00,116.0
WFCB,"30WF,CB301",16809,Historic,31.77,29.82,108.0
WFCB,"30WF,CB302",16751,Historic,58.76,30.25,200.0
WFCB,"30WF,CB302",16756,Historic,55.90,30.12,190.0
WFCB,"30WF,CB302",16767,Historic,52.89,30.00,180.0
WFCB,"30WF,CB302",16768,Historic,52.89,30.00,180.0
WFCB,"30WF,CB302",16773,Historic,50.65,29.88,172.0
WFCB,"33WF,CB331",16709,Historic,44.71,33.50,152.0
WFCB,"33WF,CB331",16718,Historic,41.51,33.31,141.0
WFCB,"33WF,CB331",16732,Historic,36.78,33.00,125.0
WFCB,"33WF,CB332",16691,Historic,64.73,33.25,220.0
WFCB,"33WF,CB332",16705,Historic,58.79,33.00,200.0
WFCB,"36WF,CB361",16648,Historic,57.11,36.48,194.0
WFCB,"36WF,CB361",16654,Historic,53.54,36.32,182.0
WFCB,"36WF,CB361",16660,Historic,49.98,36.16,170.0
WFCB,"36WF,CB361",16665,Historic,47.09,36.00,160.0
WFCB,"36WF,CB361",16672,Historic,44.16,35.84,150.0
WFCB,"36WF,CB362",16619,Historic,88.17,36.72,300.0
WFCB,"36WF,CB362",16624,Historic,82.32,36.50,280.0
WFCB,"36WF,CB362",16627,Historic,76.56,36.24,260.0
WFCB,"36WF,CB362",16634,Historic,73.49,36.12,250.0
WFCB,"36WF,CB362",16636,Historic,72.03,36.06,245.0
WFCB,"36WF,CB362",16638,Historic,70.60,36.00,240.0
WFCB,"36WF,CB362",16643,Historic,67.73,35.88,230.0
WT,WT15X105.5,4684,13th,31.1,15.5,106
WT,WT15X105.5,2698,14th,31.1,15.5,105.5
WT,WT15X105.5,632,15th,31.1,15.5,105.5
WT,WT15X105.5,12563,ASD8,31.0,15.470,105.5
WT,WT15X105.5,10249,ASD9,31.0,15.470,105.5
WT,WT15X105.5,11566,LRFD1,21.0,15.470,105.5
WT,WT15X105.5,8548,LRFD2,31.0000,15.4700,105.5000
WT,WT15X105.5,6636,LRFD3,31.1,15.5,105.5
WT,WT5X30,4854,13th,8.82,5.11,30.0
WT,WT5X30,2868,14th,8.84,5.11,30.0
WT,WT5X30,807,15th,8.84,5.11,30.0
WT,WT5X30,13545,ASD7,8.83,5.13,–
WT,WT5X30,12696,ASD8,8.82,5.110,30
WT,WT5X30,10391,ASD9,8.82,4.110,30
WT,WT5X30,11708,LRFD1,8.82,5.110,30
WT,WT5X30,8716,LRFD2,8.8200,5.1100,30.0000
WT,WT5X30,6801,LRFD3,8.82,5.11,30
WT,WT5X34,4853,13th,9.99,5.20,34.0
WT,WT5X34,2867,14th,10.0,5.20,34.0
WT,WT5X34,806,15th,10.0,5.20,34.0
WT,WT5X34,12695,ASD8,9.99,5.200,34
WT,WT5X34,10390,ASD9,9.99,4.200,34
WT,WT5X34,11707,LRFD1,9.99,5.200,34
WT,WT5X34,8715,LRFD2,9.9900,5.2000,34.0000
WT,WT5X34,6800,LRFD3,9.99,5.2,34
WT,WT5X38.5,4852,13th,11.3,5.30,38.5
WT,WT5X38.5,2866,14th,11.3,5.30,38.5
WT,WT5X38.5,805,15th,11.3,5.30,38.5
WT,WT5X38.5,13542,ASD7,11.3,5.31,–
WT,WT5X38.5,12694,ASD8,11.3,5.300,38.5
WT,WT5X38.5,10389,ASD9,11.3,4.300,38.5
WT,WT5X38.5,11706,LRFD1,11.3,5.300,38.5
WT,WT5X38.5,8714,LRFD2,11.3000,5.3000,38.5000
WT,WT5X38.5,6799,LRFD3,11.3,5.3,38.5
Z,Z3X2.75,15285,ASD5,3.69,3,12.6
Z,Z3X2.75,15286,ASD5,2.86,3,9.8
Z,Z3X2.75,15287,ASD5,1.97,3,6.7
Z,Z4X3,15281,ASD5,4.66,4  1/16,15.9
Z,Z4X3,15282,ASD5,3.66,4 1/8,12.5
Z,Z4X3,15283,ASD5,3.03,4  1/16,10.3
Z,Z4X3,15284,ASD5,2.41,4,8.2
Z,Z5X3.25,15277,ASD5,5.25,5,17.9
Z,Z5X3.25,15278,ASD5,4.81,5 1/8,16.4
Z,Z5X3.25,15279,ASD5,4.10,5  1/16,14.0
Z,Z5X3.25,15280,ASD5,3.40,5,11.6
Z,Z6X3.5,15275,ASD5,6.19,6 1/8,21.1
Z,Z6X3.5,15276,ASD5,4.59,6,15.7
