family,designation,source_row_id,source_edition,source_edition_count,catalog_scope
2L,2L,11202,LRFD1,1,modern
2L,2L1.25X1.25X0.125,13844,ASD7,1,modern
2L,2L1.25X1.25X0.1875,13843,ASD7,1,modern
2L,2L1.25X1.25X0.25,13842,ASD7,1,modern
2L,2L1.5X1.5X0.125,13841,ASD7,1,modern
2L,2L1.5X1.5X0.15625,13840,ASD7,1,modern
2L,2L1.5X1.5X0.1875,13839,ASD7,1,modern
2L,2L1.5X1.5X0.25,13838,ASD7,1,modern
2L,2L1.75X1.25X0.125,13681,ASD7,1,modern
2L,2L1.75X1.25X0.1875,13680,ASD7,1,modern
2L,2L1.75X1.25X0.25,13679,ASD7,1,modern
2L,2L1.75X1.75X0.125,13837,ASD7,1,modern
2L,2L1.75X1.75X0.1875,13836,ASD7,1,modern
2L,2L1.75X1.75X0.25,13835,ASD7,1,modern
2L,2L10X10X0.5625,13795,ASD7,1,modern
2L,2L10X10X1,906,15th,1,modern
2L,2L10X10X1-1/4,900,15th,1,modern
2L,2L10X10X1-1/4X1-1/2,902,15th,1,modern
2L,2L10X10X1-1/4X3/4,901,15th,1,modern
2L,2L10X10X1-1/8,903,15th,1,modern
2L,2L10X10X1-1/8X1-1/2,905,15th,1,modern
2L,2L10X10X1-1/8X3/4,904,15th,1,modern
2L,2L10X10X1-3/8,897,15th,1,modern
2L,2L10X10X1-3/8X1-1/2,899,15th,1,modern
2L,2L10X10X1-3/8X3/4,898,15th,1,modern
2L,2L10X10X1X1-1/2,908,15th,1,modern
2L,2L10X10X1X3/4,907,15th,1,modern
2L,2L10X10X3/4,912,15th,1,modern
2L,2L10X10X3/4X1-1/2,914,15th,1,modern
2L,2L10X10X3/4X3/4,913,15th,1,modern
2L,2L10X10X7/8,909,15th,1,modern
2L,2L10X10X7/8X1-1/2,911,15th,1,modern
2L,2L10X10X7/8X3/4,910,15th,1,modern
2L,2L11X11X0.5,13796,ASD7,1,modern
2L,2L12X12X0.4375,13797,ASD7,1,modern
2L,2L12X12X1,894,15th,1,modern
2L,2L12X12X1-1/4,888,15th,1,modern
2L,2L12X12X1-1/4X1-1/2,890,15th,1,modern
2L,2L12X12X1-1/4X3/4,889,15th,1,modern
2L,2L12X12X1-1/8,891,15th,1,modern
2L,2L12X12X1-1/8X1-1/2,893,15th,1,modern
2L,2L12X12X1-1/8X3/4,892,15th,1,modern
2L,2L12X12X1-3/8,885,15th,1,modern
2L,2L12X12X1-3/8X1-1/2,887,15th,1,modern
2L,2L12X12X1-3/8X3/4,886,15th,1,modern
2L,2L12X12X1X1-1/2,896,15th,1,modern
2L,2L12X12X1X3/4,895,15th,1,modern
2L,2L13X13X0.375,13798,ASD7,1,modern
2L,2L14X14X0.3125,13799,ASD7,1,modern
2L,2L1X1X0.125,13847,ASD7,1,modern
2L,2L1X1X0.1875,13846,ASD7,1,modern
2L,2L1X1X0.25,13845,ASD7,1,modern
2L,2L2-1/2X1-1/2X1/4SLBB,1518,15th,2,modern
2L,2L2-1/2X1-1/2X1/4X3/4SLBB,1520,15th,2,modern
2L,2L2-1/2X1-1/2X1/4X3/8SLBB,1519,15th,2,modern
2L,2L2-1/2X1-1/2X3/16SLBB,1521,15th,2,modern
2L,2L2-1/2X1-1/2X3/16X3/4SLBB,1523,15th,2,modern
2L,2L2-1/2X1-1/2X3/16X3/8SLBB,1522,15th,2,modern
2L,2L2-1/2X2-1/2X1/2,1038,15th,4,modern
2L,2L2-1/2X2-1/2X1/2X3/4,1040,15th,4,modern
2L,2L2-1/2X2-1/2X1/2X3/8,1039,15th,4,modern
2L,2L2-1/2X2-1/2X1/4,1047,15th,5,modern
2L,2L2-1/2X2-1/2X1/4X3/4,1049,15th,5,modern
2L,2L2-1/2X2-1/2X1/4X3/8,1048,15th,5,modern
2L,2L2-1/2X2-1/2X3/16,1050,15th,5,modern
2L,2L2-1/2X2-1/2X3/16X3/4,1052,15th,5,modern
2L,2L2-1/2X2-1/2X3/16X3/8,1051,15th,5,modern
2L,2L2-1/2X2-1/2X3/8,1041,15th,5,modern
2L,2L2-1/2X2-1/2X3/8X3/4,1043,15th,5,modern
2L,2L2-1/2X2-1/2X3/8X3/8,1042,15th,5,modern
2L,2L2-1/2X2-1/2X5/16,1044,15th,5,modern
2L,2L2-1/2X2-1/2X5/16X3/4,1046,15th,5,modern
2L,2L2-1/2X2-1/2X5/16X3/8,1045,15th,5,modern
2L,2L2-1/2X2X1/4SLBB,1512,15th,5,modern
2L,2L2-1/2X2X1/4X3/4SLBB,1514,15th,5,modern
2L,2L2-1/2X2X1/4X3/8SLBB,1513,15th,5,modern
2L,2L2-1/2X2X3/16SLBB,1515,15th,5,modern
2L,2L2-1/2X2X3/16X3/4SLBB,1517,15th,5,modern
2L,2L2-1/2X2X3/16X3/8SLBB,1516,15th,5,modern
2L,2L2-1/2X2X3/8SLBB,1506,15th,5,modern
2L,2L2-1/2X2X3/8X3/4SLBB,1508,15th,5,modern
2L,2L2-1/2X2X3/8X3/8SLBB,1507,15th,5,modern
2L,2L2-1/2X2X5/16SLBB,1509,15th,5,modern
2L,2L2-1/2X2X5/16X3/4SLBB,1511,15th,5,modern
2L,2L2-1/2X2X5/16X3/8SLBB,1510,15th,5,modern
2L,2L2.5X1.5X0.1875,13672,ASD7,1,modern
2L,2L2.5X1.5X0.25,13671,ASD7,1,modern
2L,2L2.5X1.5X0.3125,13670,ASD7,1,modern
2L,2L2.5X2.5X0.1875,11236,LRFD1,4,modern
2L,2L2.5X2.5X0.25,11235,LRFD1,4,modern
2L,2L2.5X2.5X0.3125,11234,LRFD1,4,modern
2L,2L2.5X2.5X0.375,11233,LRFD1,4,modern
2L,2L2.5X2.5X0.5,13825,ASD7,1,modern
2L,2L2.5X2X0.1875,11304,LRFD1,4,modern
2L,2L2.5X2X0.25,11303,LRFD1,4,modern
2L,2L2.5X2X0.3125,11302,LRFD1,4,modern
2L,2L2X1.25X0.125,13678,ASD7,1,modern
2L,2L2X1.25X0.1875,13677,ASD7,1,modern
2L,2L2X1.25X0.25,13676,ASD7,1,modern
2L,2L2X1.5X0.125,13675,ASD7,1,modern
2L,2L2X1.5X0.1875,13674,ASD7,1,modern
2L,2L2X1.5X0.25,13673,ASD7,1,modern
2L,2L2X2X0.125,11242,LRFD1,4,modern
2L,2L2X2X0.1875,11241,LRFD1,4,modern
2L,2L2X2X0.25,11240,LRFD1,4,modern
2L,2L2X2X0.3125,11239,LRFD1,4,modern
2L,2L2X2X0.375,11238,LRFD1,4,modern
2L,2L2X2X1/4,1059,15th,5,modern
2L,2L2X2X1/4X3/4,1061,15th,5,modern
2L,2L2X2X1/4X3/8,1060,15th,5,modern
2L,2L2X2X3/16,1062,15th,5,modern
2L,2L2X2X3/16X3/4,1064,15th,5,modern
2L,2L2X2X3/16X3/8,1063,15th,5,modern
2L,2L2X2X3/8,1053,15th,5,modern
2L,2L2X2X3/8X3/4,1055,15th,5,modern
2L,2L2X2X3/8X3/8,1054,15th,5,modern
2L,2L2X2X5/16,1056,15th,5,modern
2L,2L2X2X5/16X3/4,1058,15th,5,modern
2L,2L2X2X5/16X3/8,1057,15th,5,modern
2L,2L3-1/2X2-1/2X1/2SLBB,1461,15th,4,modern
2L,2L3-1/2X2-1/2X1/2X3/4SLBB,1463,15th,4,modern
2L,2L3-1/2X2-1/2X1/2X3/8SLBB,1462,15th,4,modern
2L,2L3-1/2X2-1/2X1/4SLBB,1470,15th,5,modern
2L,2L3-1/2X2-1/2X1/4X3/4SLBB,1472,15th,5,modern
2L,2L3-1/2X2-1/2X1/4X3/8SLBB,1471,15th,5,modern
2L,2L3-1/2X2-1/2X3/8SLBB,1464,15th,5,modern
2L,2L3-1/2X2-1/2X3/8X3/4SLBB,1466,15th,5,modern
2L,2L3-1/2X2-1/2X3/8X3/8SLBB,1465,15th,5,modern
2L,2L3-1/2X2-1/2X5/16SLBB,1467,15th,4,modern
2L,2L3-1/2X2-1/2X5/16X3/4SLBB,1469,15th,4,modern
2L,2L3-1/2X2-1/2X5/16X3/8SLBB,1468,15th,4,modern
2L,2L3-1/2X3-1/2X1/2,1005,15th,4,modern
2L,2L3-1/2X3-1/2X1/2X3/4,1007,15th,4,modern
2L,2L3-1/2X3-1/2X1/2X3/8,1006,15th,4,modern
2L,2L3-1/2X3-1/2X1/4,1017,15th,5,modern
2L,2L3-1/2X3-1/2X1/4X3/4,1019,15th,5,modern
2L,2L3-1/2X3-1/2X1/4X3/8,1018,15th,5,modern
2L,2L3-1/2X3-1/2X3/8,1011,15th,5,modern
2L,2L3-1/2X3-1/2X3/8X3/4,1013,15th,5,modern
2L,2L3-1/2X3-1/2X3/8X3/8,1012,15th,5,modern
2L,2L3-1/2X3-1/2X5/16,1014,15th,5,modern
2L,2L3-1/2X3-1/2X5/16X3/4,1016,15th,5,modern
2L,2L3-1/2X3-1/2X5/16X3/8,1015,15th,5,modern
2L,2L3-1/2X3-1/2X7/16,1008,15th,4,modern
2L,2L3-1/2X3-1/2X7/16X3/4,1010,15th,4,modern
2L,2L3-1/2X3-1/2X7/16X3/8,1009,15th,4,modern
2L,2L3-1/2X3X1/2SLBB,1446,15th,4,modern
2L,2L3-1/2X3X1/2X3/4SLBB,1448,15th,4,modern
2L,2L3-1/2X3X1/2X3/8SLBB,1447,15th,4,modern
2L,2L3-1/2X3X1/4SLBB,1458,15th,5,modern
2L,2L3-1/2X3X1/4X3/4SLBB,1460,15th,5,modern
2L,2L3-1/2X3X1/4X3/8SLBB,1459,15th,5,modern
2L,2L3-1/2X3X3/8SLBB,1452,15th,5,modern
2L,2L3-1/2X3X3/8X3/4SLBB,1454,15th,5,modern
2L,2L3-1/2X3X3/8X3/8SLBB,1453,15th,5,modern
2L,2L3-1/2X3X5/16SLBB,1455,15th,5,modern
2L,2L3-1/2X3X5/16X3/4SLBB,1457,15th,5,modern
2L,2L3-1/2X3X5/16X3/8SLBB,1456,15th,5,modern
2L,2L3-1/2X3X7/16SLBB,1449,15th,4,modern
2L,2L3-1/2X3X7/16X3/4SLBB,1451,15th,4,modern
2L,2L3-1/2X3X7/16X3/8SLBB,1450,15th,4,modern
2L,2L3.5X2.5X0.25,11290,LRFD1,4,modern
2L,2L3.5X2.5X0.3125,11289,LRFD1,4,modern
2L,2L3.5X2.5X0.375,11288,LRFD1,4,modern
2L,2L3.5X2.5X0.4375,13650,ASD7,1,modern
2L,2L3.5X2.5X0.5,13649,ASD7,1,modern
2L,2L3.5X3.5X0.25,11225,LRFD1,4,modern
2L,2L3.5X3.5X0.3125,11224,LRFD1,4,modern
2L,2L3.5X3.5X0.375,11223,LRFD1,4,modern
2L,2L3.5X3.5X0.4375,13815,ASD7,1,modern
2L,2L3.5X3.5X0.5,13814,ASD7,1,modern
2L,2L3.5X3X0.25,11286,LRFD1,4,modern
2L,2L3.5X3X0.3125,11285,LRFD1,4,modern
2L,2L3.5X3X0.375,11284,LRFD1,4,modern
2L,2L3.5X3X0.4375,13645,ASD7,1,modern
2L,2L3.5X3X0.5,13644,ASD7,1,modern
2L,2L3X2-1/21/2X3/4LLBB,7209,LRFD3,1,modern
2L,2L3X2-1/21/2X3/4SLBB,7431,LRFD3,1,modern
2L,2L3X2-1/2X1/2SLBB,1473,15th,4,modern
2L,2L3X2-1/2X1/2X3/4SLBB,1475,15th,3,modern
2L,2L3X2-1/2X1/2X3/8SLBB,1474,15th,4,modern
2L,2L3X2-1/2X1/4SLBB,1485,15th,5,modern
2L,2L3X2-1/2X1/4X3/4SLBB,1487,15th,5,modern
2L,2L3X2-1/2X1/4X3/8SLBB,1486,15th,5,modern
2L,2L3X2-1/2X3/16SLBB,1488,15th,5,modern
2L,2L3X2-1/2X3/16X3/4SLBB,1490,15th,5,modern
2L,2L3X2-1/2X3/16X3/8SLBB,1489,15th,5,modern
2L,2L3X2-1/2X3/8SLBB,1479,15th,5,modern
2L,2L3X2-1/2X3/8X3/4SLBB,1481,15th,5,modern
2L,2L3X2-1/2X3/8X3/8SLBB,1480,15th,5,modern
2L,2L3X2-1/2X5/16SLBB,1482,15th,4,modern
2L,2L3X2-1/2X5/16X3/4SLBB,1484,15th,4,modern
2L,2L3X2-1/2X5/16X3/8SLBB,1483,15th,4,modern
2L,2L3X2-1/2X7/16SLBB,1476,15th,4,modern
2L,2L3X2-1/2X7/16X3/4SLBB,1478,15th,4,modern
2L,2L3X2-1/2X7/16X3/8SLBB,1477,15th,4,modern
2L,2L3X2.5X0.1875,11294,LRFD1,4,modern
2L,2L3X2.5X0.25,11293,LRFD1,4,modern
2L,2L3X2.5X0.3125,13657,ASD7,1,modern
2L,2L3X2.5X0.375,11292,LRFD1,4,modern
2L,2L3X2.5X0.4375,13655,ASD7,1,modern
2L,2L3X2.5X0.5,13654,ASD7,1,modern
2L,2L3X2X0.1875,11299,LRFD1,4,modern
2L,2L3X2X0.25,11298,LRFD1,4,modern
2L,2L3X2X0.3125,11297,LRFD1,4,modern
2L,2L3X2X0.375,11296,LRFD1,4,modern
2L,2L3X2X0.4375,13661,ASD7,1,modern
2L,2L3X2X0.5,13660,ASD7,1,modern
2L,2L3X2X1/2SLBB,1491,15th,4,modern
2L,2L3X2X1/2X3/4SLBB,1493,15th,4,modern
2L,2L3X2X1/2X3/8SLBB,1492,15th,4,modern
2L,2L3X2X1/4SLBB,1500,15th,5,modern
2L,2L3X2X1/4X3/4SLBB,1502,15th,5,modern
2L,2L3X2X1/4X3/8SLBB,1501,15th,5,modern
2L,2L3X2X3/16SLBB,1503,15th,5,modern
2L,2L3X2X3/16X3/4SLBB,1505,15th,5,modern
2L,2L3X2X3/16X3/8SLBB,1504,15th,5,modern
2L,2L3X2X3/8SLBB,1494,15th,5,modern
2L,2L3X2X3/8X3/4SLBB,1496,15th,5,modern
2L,2L3X2X3/8X3/8SLBB,1495,15th,5,modern
2L,2L3X2X5/16SLBB,1497,15th,5,modern
2L,2L3X2X5/16X3/4SLBB,1499,15th,5,modern
2L,2L3X2X5/16X3/8SLBB,1498,15th,5,modern
2L,2L3X3X0.25,11230,LRFD1,4,modern
2L,2L3X3X0.3125,11229,LRFD1,4,modern
2L,2L3X3X0.375,11228,LRFD1,4,modern
2L,2L3X3X0.4375,13820,ASD7,1,modern
2L,2L3X3X0.5,11227,LRFD1,4,modern
2L,2L3X3X1/2,1020,15th,5,modern
2L,2L3X3X1/2X3/4,1022,15th,5,modern
2L,2L3X3X1/2X3/8,1021,15th,5,modern
2L,2L3X3X1/4,1032,15th,5,modern
2L,2L3X3X1/4X3/4,1034,15th,5,modern
2L,2L3X3X1/4X3/8,1033,15th,5,modern
2L,2L3X3X3/16,1035,15th,5,modern
2L,2L3X3X3/16X3/4,1037,15th,5,modern
2L,2L3X3X3/16X3/8,1036,15th,5,modern
2L,2L3X3X3/8,1026,15th,5,modern
2L,2L3X3X3/8X3/4,1028,15th,5,modern
2L,2L3X3X3/8X3/8,1027,15th,5,modern
2L,2L3X3X5/16,1029,15th,5,modern
2L,2L3X3X5/16X3/4,1031,15th,5,modern
2L,2L3X3X5/16X3/8,1030,15th,5,modern
2L,2L3X3X7/16,1023,15th,4,modern
2L,2L3X3X7/16X3/4,1025,15th,4,modern
2L,2L3X3X7/16X3/8,1024,15th,4,modern
2L,2L4X3-1/2X1/2SLBB,1419,15th,5,modern
2L,2L4X3-1/2X1/2X3/4SLBB,1421,15th,5,modern
2L,2L4X3-1/2X1/2X3/8SLBB,1420,15th,5,modern
2L,2L4X3-1/2X1/4SLBB,1428,15th,5,modern
2L,2L4X3-1/2X1/4X3/4SLBB,1430,15th,5,modern
2L,2L4X3-1/2X1/4X3/8SLBB,1429,15th,5,modern
2L,2L4X3-1/2X3/8SLBB,1422,15th,5,modern
2L,2L4X3-1/2X3/8X3/4SLBB,1424,15th,5,modern
2L,2L4X3-1/2X3/8X3/8SLBB,1423,15th,5,modern
2L,2L4X3-1/2X5/16SLBB,1425,15th,5,modern
2L,2L4X3-1/2X5/16X3/4SLBB,1427,15th,5,modern
2L,2L4X3-1/2X5/16X3/8SLBB,1426,15th,5,modern
2L,2L4X3.5X0.25,11277,LRFD1,4,modern
2L,2L4X3.5X0.3125,11276,LRFD1,4,modern
2L,2L4X3.5X0.375,11275,LRFD1,4,modern
2L,2L4X3.5X0.4375,13634,ASD7,1,modern
2L,2L4X3.5X0.5,11274,LRFD1,4,modern
2L,2L4X3.5X0.625,13632,ASD7,1,modern
2L,2L4X3X0.25,11282,LRFD1,4,modern
2L,2L4X3X0.3125,11281,LRFD1,4,modern
2L,2L4X3X0.375,11280,LRFD1,4,modern
2L,2L4X3X0.4375,13640,ASD7,1,modern
2L,2L4X3X0.5,11279,LRFD1,4,modern
2L,2L4X3X0.625,13638,ASD7,1,modern
2L,2L4X3X1/2SLBB,1434,15th,5,modern
2L,2L4X3X1/2X3/4SLBB,1436,15th,5,modern
2L,2L4X3X1/2X3/8SLBB,1435,15th,5,modern
2L,2L4X3X1/4SLBB,1443,15th,5,modern
2L,2L4X3X1/4X3/4SLBB,1445,15th,5,modern
2L,2L4X3X1/4X3/8SLBB,1444,15th,5,modern
2L,2L4X3X3/8SLBB,1437,15th,5,modern
2L,2L4X3X3/8X3/4SLBB,1439,15th,5,modern
2L,2L4X3X3/8X3/8SLBB,1438,15th,5,modern
2L,2L4X3X5/16SLBB,1440,15th,5,modern
2L,2L4X3X5/16X3/4SLBB,1442,15th,5,modern
2L,2L4X3X5/16X3/8SLBB,1441,15th,5,modern
2L,2L4X3X5/8SLBB,1431,15th,4,modern
2L,2L4X3X5/8X3/4SLBB,1433,15th,4,modern
2L,2L4X3X5/8X3/8SLBB,1432,15th,4,modern
2L,2L4X4X0.25,11221,LRFD1,4,modern
2L,2L4X4X0.3125,11220,LRFD1,4,modern
2L,2L4X4X0.375,11219,LRFD1,4,modern
2L,2L4X4X0.4375,13810,ASD7,1,modern
2L,2L4X4X0.5,11218,LRFD1,4,modern
2L,2L4X4X0.625,11217,LRFD1,4,modern
2L,2L4X4X0.75,11216,LRFD1,4,modern
2L,2L4X4X1/2,990,15th,5,modern
2L,2L4X4X1/2X3/4,992,15th,5,modern
2L,2L4X4X1/2X3/8,991,15th,5,modern
2L,2L4X4X1/4,1002,15th,5,modern
2L,2L4X4X1/4X3/4,1004,15th,5,modern
2L,2L4X4X1/4X3/8,1003,15th,5,modern
2L,2L4X4X3/4,984,15th,5,modern
2L,2L4X4X3/4X3/4,986,15th,5,modern
2L,2L4X4X3/4X3/8,985,15th,5,modern
2L,2L4X4X3/8,996,15th,5,modern
2L,2L4X4X3/8X3/4,998,15th,5,modern
2L,2L4X4X3/8X3/8,997,15th,5,modern
2L,2L4X4X5/16,999,15th,5,modern
2L,2L4X4X5/16X3/4,1001,15th,5,modern
2L,2L4X4X5/16X3/8,1000,15th,5,modern
2L,2L4X4X5/8,987,15th,5,modern
2L,2L4X4X5/8X3/4,989,15th,5,modern
2L,2L4X4X5/8X3/8,988,15th,5,modern
2L,2L4X4X7/16,993,15th,4,modern
2L,2L4X4X7/16X3/4,995,15th,4,modern
2L,2L4X4X7/16X3/8,994,15th,4,modern
2L,2L5X3-1/2X1/2SLBB,1392,15th,5,modern
2L,2L5X3-1/2X1/2X3/4SLBB,1394,15th,5,modern
2L,2L5X3-1/2X1/2X3/8SLBB,1393,15th,5,modern
2L,2L5X3-1/2X1/4SLBB,1401,15th,4,modern
2L,2L5X3-1/2X1/4X3/4SLBB,1403,15th,4,modern
2L,2L5X3-1/2X1/4X3/8SLBB,1402,15th,4,modern
2L,2L5X3-1/2X3/4SLBB,1386,15th,5,modern
2L,2L5X3-1/2X3/4X3/4SLBB,1388,15th,5,modern
2L,2L5X3-1/2X3/4X3/8SLBB,1387,15th,5,modern
2L,2L5X3-1/2X3/8SLBB,1395,15th,5,modern
2L,2L5X3-1/2X3/8X3/4SLBB,1397,15th,5,modern
2L,2L5X3-1/2X3/8X3/8SLBB,1396,15th,5,modern
2L,2L5X3-1/2X5/16SLBB,1398,15th,5,modern
2L,2L5X3-1/2X5/16X3/4SLBB,1400,15th,5,modern
2L,2L5X3-1/2X5/16X3/8SLBB,1399,15th,5,modern
2L,2L5X3-1/2X5/8SLBB,1389,15th,4,modern
2L,2L5X3-1/2X5/8X3/4SLBB,1391,15th,4,modern
2L,2L5X3-1/2X5/8X3/8SLBB,1390,15th,4,modern
2L,2L5X3.5X0.25,13626,ASD7,1,modern
2L,2L5X3.5X0.3125,11267,LRFD1,4,modern
2L,2L5X3.5X0.375,11266,LRFD1,4,modern
2L,2L5X3.5X0.4375,13623,ASD7,1,modern
2L,2L5X3.5X0.5,11265,LRFD1,4,modern
2L,2L5X3.5X0.625,13621,ASD7,1,modern
2L,2L5X3.5X0.75,11264,LRFD1,4,modern
2L,2L5X3X0.25,11272,LRFD1,4,modern
2L,2L5X3X0.3125,11271,LRFD1,4,modern
2L,2L5X3X0.375,11270,LRFD1,4,modern
2L,2L5X3X0.4375,13628,ASD7,1,modern
2L,2L5X3X0.5,11269,LRFD1,4,modern
2L,2L5X3X1/2SLBB,1404,15th,5,modern
2L,2L5X3X1/2X3/4SLBB,1406,15th,5,modern
2L,2L5X3X1/2X3/8SLBB,1405,15th,5,modern
2L,2L5X3X1/4SLBB,1416,15th,5,modern
2L,2L5X3X1/4X3/4SLBB,1418,15th,5,modern
2L,2L5X3X1/4X3/8SLBB,1417,15th,5,modern
2L,2L5X3X3/8SLBB,1410,15th,5,modern
2L,2L5X3X3/8X3/4SLBB,1412,15th,5,modern
2L,2L5X3X3/8X3/8SLBB,1411,15th,5,modern
2L,2L5X3X5/16SLBB,1413,15th,5,modern
2L,2L5X3X5/16X3/4SLBB,1415,15th,5,modern
2L,2L5X3X5/16X3/8SLBB,1414,15th,5,modern
2L,2L5X3X7/16SLBB,1407,15th,4,modern
2L,2L5X3X7/16X3/4SLBB,1409,15th,4,modern
2L,2L5X3X7/16X3/8SLBB,1408,15th,4,modern
2L,2L5X5X0.3125,11214,LRFD1,4,modern
2L,2L5X5X0.375,11213,LRFD1,4,modern
2L,2L5X5X0.4375,13804,ASD7,1,modern
2L,2L5X5X0.5,11212,LRFD1,4,modern
2L,2L5X5X0.625,13802,ASD7,1,modern
2L,2L5X5X0.75,11211,LRFD1,4,modern
2L,2L5X5X0.875,11210,LRFD1,4,modern
2L,2L5X5X1/2,972,15th,5,modern
2L,2L5X5X1/2X3/4,974,15th,5,modern
2L,2L5X5X1/2X3/8,973,15th,5,modern
2L,2L5X5X3/4,966,15th,5,modern
2L,2L5X5X3/4X3/4,968,15th,5,modern
2L,2L5X5X3/4X3/8,967,15th,5,modern
2L,2L5X5X3/8,978,15th,5,modern
2L,2L5X5X3/8X3/4,980,15th,5,modern
2L,2L5X5X3/8X3/8,979,15th,5,modern
2L,2L5X5X5/16,981,15th,5,modern
2L,2L5X5X5/16X3/4,983,15th,5,modern
2L,2L5X5X5/16X3/8,982,15th,5,modern
2L,2L5X5X5/8,969,15th,4,modern
2L,2L5X5X5/8X3/4,971,15th,4,modern
2L,2L5X5X5/8X3/8,970,15th,4,modern
2L,2L5X5X7/16,975,15th,4,modern
2L,2L5X5X7/16X3/4,977,15th,4,modern
2L,2L5X5X7/16X3/8,976,15th,4,modern
2L,2L5X5X7/8,963,15th,5,modern
2L,2L5X5X7/8X3/4,965,15th,5,modern
2L,2L5X5X7/8X3/8,964,15th,5,modern
2L,2L6X3-1/2X1/2SLBB,1377,15th,4,modern
2L,2L6X3-1/2X1/2X3/4SLBB,1379,15th,4,modern
2L,2L6X3-1/2X1/2X3/8SLBB,1378,15th,4,modern
2L,2L6X3-1/2X3/8SLBB,1380,15th,5,modern
2L,2L6X3-1/2X3/8X3/4SLBB,1382,15th,5,modern
2L,2L6X3-1/2X3/8X3/8SLBB,1381,15th,5,modern
2L,2L6X3-1/2X5/16SLBB,1383,15th,5,modern
2L,2L6X3-1/2X5/16X3/4SLBB,1385,15th,5,modern
2L,2L6X3-1/2X5/16X3/8SLBB,1384,15th,5,modern
2L,2L6X3.5X0.25,13619,ASD7,1,modern
2L,2L6X3.5X0.3125,11262,LRFD1,4,modern
2L,2L6X3.5X0.375,11261,LRFD1,4,modern
2L,2L6X3.5X0.5,13616,ASD7,1,modern
2L,2L6X4X0.25,13615,ASD7,1,modern
2L,2L6X4X0.3125,13614,ASD7,1,modern
2L,2L6X4X0.375,11259,LRFD1,4,modern
2L,2L6X4X0.4375,13612,ASD7,1,modern
2L,2L6X4X0.5,11258,LRFD1,4,modern
2L,2L6X4X0.5625,13610,ASD7,1,modern
2L,2L6X4X0.75,11256,LRFD1,4,modern
2L,2L6X4X0.875,13607,ASD7,1,modern
2L,2L6X4X1/2SLBB,1365,15th,5,modern
2L,2L6X4X1/2X3/4SLBB,1367,15th,5,modern
2L,2L6X4X1/2X3/8SLBB,1366,15th,5,modern
2L,2L6X4X3/4SLBB,1356,15th,5,modern
2L,2L6X4X3/4X3/4SLBB,1358,15th,5,modern
2L,2L6X4X3/4X3/8SLBB,1357,15th,5,modern
2L,2L6X4X3/8SLBB,1371,15th,5,modern
2L,2L6X4X3/8X3/4SLBB,1373,15th,5,modern
2L,2L6X4X3/8X3/8SLBB,1372,15th,5,modern
2L,2L6X4X5/16SLBB,1374,15th,4,modern
2L,2L6X4X5/16X3/4SLBB,1376,15th,4,modern
2L,2L6X4X5/16X3/8SLBB,1375,15th,4,modern
2L,2L6X4X5/8SLBB,1359,15th,5,modern
2L,2L6X4X5/8X3/4SLBB,1361,15th,5,modern
2L,2L6X4X5/8X3/8SLBB,1360,15th,5,modern
2L,2L6X4X7/16SLBB,1368,15th,4,modern
2L,2L6X4X7/16X3/4SLBB,1370,15th,4,modern
2L,2L6X4X7/16X3/8SLBB,1369,15th,4,modern
2L,2L6X4X7/8SLBB,1353,15th,4,modern
2L,2L6X4X7/8X3/4SLBB,1355,15th,4,modern
2L,2L6X4X7/8X3/8SLBB,1354,15th,4,modern
2L,2L6X4X9/16SLBB,1362,15th,4,modern
2L,2L6X4X9/16X3/4SLBB,1364,15th,4,modern
2L,2L6X4X9/16X3/8SLBB,1363,15th,4,modern
2L,2L6X6X0.375,11208,LRFD1,3,modern
2L,2L6X6X0.5,11207,LRFD1,3,modern
2L,2L6X6X0.625,11206,LRFD1,3,modern
2L,2L6X6X0.75,11205,LRFD1,3,modern
2L,2L6X6X0.875,11204,LRFD1,3,modern
2L,2L6X6X1,936,15th,9,modern
2L,2L6X6X1/2,951,15th,5,modern
2L,2L6X6X1/2X3/4,953,15th,5,modern
2L,2L6X6X1/2X3/8,952,15th,5,modern
2L,2L6X6X1X3/4,938,15th,5,modern
2L,2L6X6X1X3/8,937,15th,5,modern
2L,2L6X6X3/4,942,15th,5,modern
2L,2L6X6X3/4X3/4,944,15th,5,modern
2L,2L6X6X3/4X3/8,943,15th,5,modern
2L,2L6X6X3/8,957,15th,5,modern
2L,2L6X6X3/8X3/4,959,15th,5,modern
2L,2L6X6X3/8X3/8,958,15th,5,modern
2L,2L6X6X5/16,960,15th,4,modern
2L,2L6X6X5/16X3/4,962,15th,4,modern
2L,2L6X6X5/16X3/8,961,15th,4,modern
2L,2L6X6X5/8,945,15th,5,modern
2L,2L6X6X5/8X3/4,947,15th,5,modern
2L,2L6X6X5/8X3/8,946,15th,5,modern
2L,2L6X6X7/16,954,15th,4,modern
2L,2L6X6X7/16X3/4,956,15th,4,modern
2L,2L6X6X7/16X3/8,955,15th,4,modern
2L,2L6X6X7/8,939,15th,5,modern
2L,2L6X6X7/8X3/4,941,15th,5,modern
2L,2L6X6X7/8X3/8,940,15th,5,modern
2L,2L6X6X9/16,948,15th,4,modern
2L,2L6X6X9/16X3/4,950,15th,4,modern
2L,2L6X6X9/16X3/8,949,15th,4,modern
2L,2L7X4.5X0.3125,12423,ASD8,1,modern
2L,2L7X4X0.375,11254,LRFD1,4,modern
2L,2L7X4X0.4375,13605,ASD7,1,modern
2L,2L7X4X0.5,11253,LRFD1,4,modern
2L,2L7X4X0.5625,13603,ASD7,1,modern
2L,2L7X4X0.625,13602,ASD7,1,modern
2L,2L7X4X0.75,11252,LRFD1,4,modern
2L,2L7X4X0.875,13600,ASD7,1,modern
2L,2L7X4X1/2SLBB,1344,15th,5,modern
2L,2L7X4X1/2X3/4SLBB,1346,15th,5,modern
2L,2L7X4X1/2X3/8SLBB,1345,15th,5,modern
2L,2L7X4X3/4SLBB,1338,15th,5,modern
2L,2L7X4X3/4X3/4SLBB,1340,15th,5,modern
2L,2L7X4X3/4X3/8SLBB,1339,15th,5,modern
2L,2L7X4X3/8SLBB,1350,15th,5,modern
2L,2L7X4X3/8X3/4SLBB,1352,15th,5,modern
2L,2L7X4X3/8X3/8SLBB,1351,15th,5,modern
2L,2L7X4X5/8SLBB,1341,15th,4,modern
2L,2L7X4X5/8X3/4SLBB,1343,15th,4,modern
2L,2L7X4X5/8X3/8SLBB,1342,15th,4,modern
2L,2L7X4X7/16SLBB,1347,15th,4,modern
2L,2L7X4X7/16X3/4SLBB,1349,15th,4,modern
2L,2L7X4X7/16X3/8SLBB,1348,15th,4,modern
2L,2L7X7X0.875,13792,ASD7,1,modern
2L,2L8X4X0.4375,13599,ASD7,1,modern
2L,2L8X4X0.5,11250,LRFD1,4,modern
2L,2L8X4X0.5625,13597,ASD7,1,modern
2L,2L8X4X0.625,13596,ASD7,1,modern
2L,2L8X4X0.75,11249,LRFD1,4,modern
2L,2L8X4X0.875,13594,ASD7,1,modern
2L,2L8X4X1,11248,LRFD1,4,modern
2L,2L8X4X1/2SLBB,1332,15th,5,modern
2L,2L8X4X1/2X3/4SLBB,1334,15th,5,modern
2L,2L8X4X1/2X3/8SLBB,1333,15th,5,modern
2L,2L8X4X1SLBB,1317,15th,5,modern
2L,2L8X4X1X3/4SLBB,1319,15th,5,modern
2L,2L8X4X1X3/8SLBB,1318,15th,5,modern
2L,2L8X4X3/4SLBB,1323,15th,5,modern
2L,2L8X4X3/4X3/4SLBB,1325,15th,5,modern
2L,2L8X4X3/4X3/8SLBB,1324,15th,5,modern
2L,2L8X4X5/8SLBB,1326,15th,4,modern
2L,2L8X4X5/8X3/4SLBB,1328,15th,4,modern
2L,2L8X4X5/8X3/8SLBB,1327,15th,4,modern
2L,2L8X4X7/16SLBB,1335,15th,4,modern
2L,2L8X4X7/16X3/4SLBB,1337,15th,4,modern
2L,2L8X4X7/16X3/8SLBB,1336,15th,4,modern
2L,2L8X4X7/8SLBB,1320,15th,4,modern
2L,2L8X4X7/8X3/4SLBB,1322,15th,4,modern
2L,2L8X4X7/8X3/8SLBB,1321,15th,4,modern
2L,2L8X4X9/16SLBB,1329,15th,4,modern
2L,2L8X4X9/16X3/4SLBB,1331,15th,4,modern
2L,2L8X4X9/16X3/8SLBB,1330,15th,4,modern
2L,2L8X6X0.4375,13592,ASD7,1,modern
2L,2L8X6X0.5,11246,LRFD1,4,modern
2L,2L8X6X0.5625,13590,ASD7,1,modern
2L,2L8X6X0.625,13589,ASD7,1,modern
2L,2L8X6X0.75,11245,LRFD1,4,modern
2L,2L8X6X0.875,13587,ASD7,1,modern
2L,2L8X6X1,11244,LRFD1,4,modern
2L,2L8X6X1/2SLBB,1311,15th,5,modern
2L,2L8X6X1/2X3/4SLBB,1313,15th,5,modern
2L,2L8X6X1/2X3/8SLBB,1312,15th,5,modern
2L,2L8X6X1SLBB,1296,15th,5,modern
2L,2L8X6X1X3/4SLBB,1298,15th,5,modern
2L,2L8X6X1X3/8SLBB,1297,15th,5,modern
2L,2L8X6X3/4SLBB,1302,15th,5,modern
2L,2L8X6X3/4X3/4SLBB,1304,15th,5,modern
2L,2L8X6X3/4X3/8SLBB,1303,15th,5,modern
2L,2L8X6X5/8SLBB,1305,15th,4,modern
2L,2L8X6X5/8X3/4SLBB,1307,15th,4,modern
2L,2L8X6X5/8X3/8SLBB,1306,15th,4,modern
2L,2L8X6X7/16SLBB,1314,15th,4,modern
2L,2L8X6X7/16X3/4SLBB,1316,15th,4,modern
2L,2L8X6X7/16X3/8SLBB,1315,15th,4,modern
2L,2L8X6X7/8SLBB,1299,15th,4,modern
2L,2L8X6X7/8X3/4SLBB,1301,15th,4,modern
2L,2L8X6X7/8X3/8SLBB,1300,15th,4,modern
2L,2L8X6X9/16SLBB,1308,15th,4,modern
2L,2L8X6X9/16X3/4SLBB,1310,15th,4,modern
2L,2L8X6X9/16X3/8SLBB,1309,15th,4,modern
2L,2L8X8X0.5,11201,LRFD1,4,modern
2L,2L8X8X0.5625,13789,ASD7,1,modern
2L,2L8X8X0.625,11200,LRFD1,4,modern
2L,2L8X8X0.875,11198,LRFD1,4,modern
2L,2L8X8X1,918,15th,9,modern
2L,2L8X8X1-1/8,915,15th,5,modern
2L,2L8X8X1-1/8X3/4,917,15th,5,modern
2L,2L8X8X1-1/8X3/8,916,15th,5,modern
2L,2L8X8X1.125,11196,LRFD1,4,modern
2L,2L8X8X1/2,933,15th,5,modern
2L,2L8X8X1/2X3/4,935,15th,5,modern
2L,2L8X8X1/2X3/8,934,15th,5,modern
2L,2L8X8X1X3/4,920,15th,5,modern
2L,2L8X8X1X3/8,919,15th,5,modern
2L,2L8X8X3/4,924,15th,5,modern
2L,2L8X8X3/4X3/4,926,15th,5,modern
2L,2L8X8X3/4X3/8,925,15th,5,modern
2L,2L8X8X5/8,927,15th,5,modern
2L,2L8X8X5/8X3/4,929,15th,5,modern
2L,2L8X8X5/8X3/8,928,15th,5,modern
2L,2L8X8X7/8,921,15th,5,modern
2L,2L8X8X7/8X3/4,923,15th,5,modern
2L,2L8X8X7/8X3/8,922,15th,5,modern
2L,2L8X8X9/16,930,15th,4,modern
2L,2L8X8X9/16X3/4,932,15th,4,modern
2L,2L8X8X9/16X3/8,931,15th,4,modern
2L,2L9X4X0.5,13585,ASD7,1,modern
2L,2L9X4X0.5625,13584,ASD7,1,modern
2L,2L9X4X0.625,13583,ASD7,1,modern
2L,2L9X4X0.75,13582,ASD7,1,modern
2L,2L9X4X0.875,13581,ASD7,1,modern
2L,2L9X4X1,13580,ASD7,1,modern
2L,2L9X9X0.625,13794,ASD7,1,modern
B,"12BL,B12L",17854,Historic,1,historical
B,"6B,B6B",17897,Historic,1,historical
B,B108,17899,Historic,1,historical
B,B14X4,15064,ASD6,1,historical
B,B21,17077,Historic,1,historical
B,B23,17251,Historic,1,historical
B,B25,17615,Historic,1,historical
B,B31,16879,Historic,1,historical
B,B32,17012,Historic,1,historical
B,B34,17250,Historic,1,historical
B,B35,17409,Historic,1,historical
B,B37,17695,Historic,1,historical
B,B38,17787,Historic,1,historical
B,B39N,17780,Historic,1,historical
B,B41,17898,Historic,1,historical
B,B42,17889,Historic,1,historical
B,B61,16876,Historic,1,historical
B,B62,16997,Historic,1,historical
B,B63,17091,Historic,1,historical
B,B64,17242,Historic,1,historical
B,B65,17407,Historic,1,historical
B,B66,17604,Historic,1,historical
B,B67,17693,Historic,1,historical
B,B68,17790,Historic,1,historical
B,B7,17888,Historic,1,historical
B,"BS5,H2",17841,Historic,1,historical
BCB,"BS4,CB41",17852,Historic,1,historical
BJ,"10BJ,BJ10",17875,Historic,1,historical
BJ,"12BJ,BJ12",17862,Historic,1,historical
BJ,"8BJ,BJ8",17885,Historic,1,historical
BJ,BJ10X4,15789,ASD5,1,historical
BJ,BJ12X4,15788,ASD5,1,historical
BJ,BJ6X4,15791,ASD5,1,historical
BJ,BJ8X4,15790,ASD5,1,historical
BLB,BLB14X4,15777,ASD5,1,historical
BP,BP8X8,15127,ASD6,2,historical
C,C10X15.3,360,15th,9,modern
C,C10X20,359,15th,9,modern
C,C10X25,358,15th,9,modern
C,C10X30,357,15th,9,modern
C,C12X20.7,356,15th,9,modern
C,C12X25,355,15th,9,modern
C,C12X30,354,15th,9,modern
C,C15X33.9,353,15th,9,modern
C,C15X40,352,15th,9,modern
C,C15X50,351,15th,9,modern
C,C3X3.5,382,15th,4,modern
C,C3X4.1,381,15th,9,modern
C,C3X5,380,15th,9,modern
C,C3X6,379,15th,9,modern
C,C4X5.4,377,15th,9,modern
C,C4X7.2,4443,13th,1,modern
C,C4X7.25,375,15th,8,modern
C,C5X6.7,374,15th,9,modern
C,C5X9,373,15th,9,modern
C,C6X10.5,371,15th,9,modern
C,C6X13,370,15th,9,modern
C,C6X8.2,372,15th,9,modern
C,C7X12.2,4436,13th,1,modern
C,C7X12.25,368,15th,8,modern
C,C7X14.7,4435,13th,1,modern
C,C7X14.75,367,15th,7,modern
C,C7X9.8,369,15th,9,modern
C,C8X11.5,366,15th,9,modern
C,C8X13.7,4433,13th,1,modern
C,C8X13.75,365,15th,8,modern
C,C8X18.75,364,15th,9,modern
C,C9X13.4,363,15th,9,modern
C,C9X15,362,15th,9,modern
C,C9X20,361,15th,9,modern
CB,CB121,17616,Historic,1,historical
CB,CB141,17502,Historic,1,historical
CB,CB20,17146,Historic,1,historical
CB,CB241,17010,Historic,1,historical
CB,CB27N,16863,Historic,1,historical
CB,CB33N,16725,Historic,1,historical
CB,CBJ10,17876,Historic,1,historical
CB,CBJ12,17863,Historic,1,historical
CB,CBJ6,17901,Historic,1,historical
CB,CBJ8,17886,Historic,1,historical
G,G24B,16958,Historic,1,historical
G,G26A,16882,Historic,1,historical
G,G28A,16811,Historic,1,historical
H,H,18769,Historic,1,historical
H,H12C,18336,Historic,1,historical
H,H13C,18256,Historic,1,historical
H,H15S,18236,Historic,1,historical
H,H16A,17919,Historic,1,historical
H,H16B,17908,Historic,1,historical
H,H2,17840,Historic,1,historical
HP,HP10X42,349,15th,9,modern
HP,HP10X57,348,15th,9,modern
HP,HP12X53,347,15th,9,modern
HP,HP12X63,346,15th,8,modern
HP,HP12X74,345,15th,9,modern
HP,HP12X84,344,15th,8,modern
HP,HP12X89,343,15th,1,modern
HP,HP13X100,11812,LRFD1,3,modern
HP,HP13X60,11815,LRFD1,3,modern
HP,HP13X73,11814,LRFD1,3,modern
HP,HP13X87,11813,LRFD1,3,modern
HP,HP14X102,340,15th,9,modern
HP,HP14X117,339,15th,9,modern
HP,HP14X73,342,15th,9,modern
HP,HP14X89,341,15th,9,modern
HP,HP16X101,337,15th,2,modern
HP,HP16X121,336,15th,2,modern
HP,HP16X141,335,15th,2,modern
HP,HP16X162,334,15th,2,modern
HP,HP16X183,333,15th,2,modern
HP,HP16X88,338,15th,2,modern
HP,HP18X135,332,15th,2,modern
HP,HP18X157,331,15th,2,modern
HP,HP18X181,330,15th,2,modern
HP,HP18X204,329,15th,2,modern
HP,HP8X36,350,15th,9,modern
HSS,HSS1-1/2X1-1/2X.125,7804,LRFD3,1,modern
HSS,HSS1-1/2X1-1/2X.1875,7803,LRFD3,1,modern
HSS,HSS1-1/2X1-1/2X1/8,9565,LRFD2,1,modern
HSS,HSS1-1/2X1-1/2X3/16,9564,LRFD2,1,modern
HSS,HSS1-1/4X1-1/4X.125,7806,LRFD3,1,modern
HSS,HSS1-1/4X1-1/4X.1875,7805,LRFD3,1,modern
HSS,HSS1-1/4X1-1/4X1/8,9567,LRFD2,1,modern
HSS,HSS1-1/4X1-1/4X3/16,9566,LRFD2,1,modern
HSS,HSS1-11/16X.140,7947,LRFD3,1,modern
HSS,HSS1-3/4X1-3/4X.1875,7800,LRFD3,1,modern
HSS,HSS1-3/4X1-3/4X3/16,9561,LRFD2,1,modern
HSS,HSS1-5/8X1-5/8X.125,7802,LRFD3,1,modern
HSS,HSS1-5/8X1-5/8X.1875,7801,LRFD3,1,modern
HSS,HSS1-5/8X1-5/8X1/8,9563,LRFD2,1,modern
HSS,HSS1-5/8X1-5/8X3/16,9562,LRFD2,1,modern
HSS,HSS1-7/8X.145,7946,LRFD3,1,modern
HSS,HSS1.660X0.140,2039,15th,4,modern
HSS,HSS1.900X0.120,2038,15th,3,modern
HSS,HSS1.900X0.145,2037,15th,4,modern
HSS,HSS1.900X0.188,2036,15th,3,modern
HSS,HSS10-3/4X.250,7834,LRFD3,1,modern
HSS,HSS10-3/4X.500,7833,LRFD3,1,modern
HSS,HSS10.000X0.188,1938,15th,2,modern
HSS,HSS10.000X0.250,1937,15th,2,modern
HSS,HSS10.000X0.312,1936,15th,2,modern
HSS,HSS10.000X0.375,1935,15th,2,modern
HSS,HSS10.000X0.500,1934,15th,2,modern
HSS,HSS10.000X0.625,1933,15th,2,modern
HSS,HSS10.750X0.250,1932,15th,4,modern
HSS,HSS10.750X0.375,1931,15th,3,modern
HSS,HSS10.750X0.500,1930,15th,4,modern
HSS,HSS10X.188,7840,LRFD3,1,modern
HSS,HSS10X.250,7839,LRFD3,1,modern
HSS,HSS10X.312,7838,LRFD3,1,modern
HSS,HSS10X.375,7837,LRFD3,1,modern
HSS,HSS10X.500,7836,LRFD3,1,modern
HSS,HSS10X.625,7835,LRFD3,1,modern
HSS,HSS10X0.188,3948,14th,2,modern
HSS,HSS10X0.250,3947,14th,2,modern
HSS,HSS10X0.312,3946,14th,2,modern
HSS,HSS10X0.375,3945,14th,2,modern
HSS,HSS10X0.500,3944,14th,2,modern
HSS,HSS10X0.625,3943,14th,2,modern
HSS,HSS10X10X.1875,7570,LRFD3,1,modern
HSS,HSS10X10X.250,7569,LRFD3,1,modern
HSS,HSS10X10X.3125,7568,LRFD3,1,modern
HSS,HSS10X10X.375,7567,LRFD3,1,modern
HSS,HSS10X10X.500,7566,LRFD3,1,modern
HSS,HSS10X10X.625,7565,LRFD3,1,modern
HSS,HSS10X10X1/2,1639,15th,4,modern
HSS,HSS10X10X1/4,1642,15th,4,modern
HSS,HSS10X10X3/16,1643,15th,4,modern
HSS,HSS10X10X3/4,1637,15th,1,modern
HSS,HSS10X10X3/8,1640,15th,4,modern
HSS,HSS10X10X5/16,1641,15th,4,modern
HSS,HSS10X10X5/8,1638,15th,4,modern
HSS,HSS10X2X.1875,7601,LRFD3,1,modern
HSS,HSS10X2X.250,7600,LRFD3,1,modern
HSS,HSS10X2X.3125,7599,LRFD3,1,modern
HSS,HSS10X2X.375,7598,LRFD3,1,modern
HSS,HSS10X2X1/4,1680,15th,4,modern
HSS,HSS10X2X1/8,1682,15th,3,modern
HSS,HSS10X2X3/16,1681,15th,4,modern
HSS,HSS10X2X3/8,1678,15th,4,modern
HSS,HSS10X2X5/16,1679,15th,4,modern
HSS,HSS10X3-1/2X.1875,7592,LRFD3,1,modern
HSS,HSS10X3-1/2X1/2,1667,15th,3,modern
HSS,HSS10X3-1/2X1/4,1670,15th,3,modern
HSS,HSS10X3-1/2X1/8,1672,15th,3,modern
HSS,HSS10X3-1/2X3/16,1671,15th,4,modern
HSS,HSS10X3-1/2X3/8,1668,15th,3,modern
HSS,HSS10X3-1/2X5/16,1669,15th,3,modern
HSS,HSS10X3X.125,7597,LRFD3,1,modern
HSS,HSS10X3X.1875,7596,LRFD3,1,modern
HSS,HSS10X3X.250,7595,LRFD3,1,modern
HSS,HSS10X3X.3125,7594,LRFD3,1,modern
HSS,HSS10X3X.375,7593,LRFD3,1,modern
HSS,HSS10X3X1/4,1675,15th,4,modern
HSS,HSS10X3X1/8,1677,15th,4,modern
HSS,HSS10X3X3/16,1676,15th,4,modern
HSS,HSS10X3X3/8,1673,15th,4,modern
HSS,HSS10X3X5/16,1674,15th,4,modern
HSS,HSS10X4X.1875,7591,LRFD3,1,modern
HSS,HSS10X4X.250,7590,LRFD3,1,modern
HSS,HSS10X4X.3125,7589,LRFD3,1,modern
HSS,HSS10X4X.375,7588,LRFD3,1,modern
HSS,HSS10X4X.500,7587,LRFD3,1,modern
HSS,HSS10X4X.625,7586,LRFD3,1,modern
HSS,HSS10X4X1/2,1661,15th,4,modern
HSS,HSS10X4X1/4,1664,15th,4,modern
HSS,HSS10X4X1/8,1666,15th,3,modern
HSS,HSS10X4X3/16,1665,15th,4,modern
HSS,HSS10X4X3/8,1662,15th,4,modern
HSS,HSS10X4X5/16,1663,15th,4,modern
HSS,HSS10X4X5/8,1660,15th,4,modern
HSS,HSS10X5X.1875,7585,LRFD3,1,modern
HSS,HSS10X5X.250,7584,LRFD3,1,modern
HSS,HSS10X5X.3125,7583,LRFD3,1,modern
HSS,HSS10X5X.375,7582,LRFD3,1,modern
HSS,HSS10X5X1/4,1658,15th,4,modern
HSS,HSS10X5X3/16,1659,15th,4,modern
HSS,HSS10X5X3/8,1656,15th,4,modern
HSS,HSS10X5X5/16,1657,15th,4,modern
HSS,HSS10X6X.1875,7581,LRFD3,1,modern
HSS,HSS10X6X.250,7580,LRFD3,1,modern
HSS,HSS10X6X.3125,7579,LRFD3,1,modern
HSS,HSS10X6X.375,7578,LRFD3,1,modern
HSS,HSS10X6X.500,7577,LRFD3,1,modern
HSS,HSS10X6X.625,7576,LRFD3,1,modern
HSS,HSS10X6X1/2,1651,15th,4,modern
HSS,HSS10X6X1/4,1654,15th,4,modern
HSS,HSS10X6X3/16,1655,15th,4,modern
HSS,HSS10X6X3/8,1652,15th,4,modern
HSS,HSS10X6X5/16,1653,15th,4,modern
HSS,HSS10X6X5/8,1650,15th,4,modern
HSS,HSS10X8X.1875,7575,LRFD3,1,modern
HSS,HSS10X8X.250,7574,LRFD3,1,modern
HSS,HSS10X8X.3125,7573,LRFD3,1,modern
HSS,HSS10X8X.375,7572,LRFD3,1,modern
HSS,HSS10X8X.500,7571,LRFD3,1,modern
HSS,HSS10X8X1/2,1645,15th,4,modern
HSS,HSS10X8X1/4,1648,15th,4,modern
HSS,HSS10X8X3/16,1649,15th,4,modern
HSS,HSS10X8X3/8,1646,15th,4,modern
HSS,HSS10X8X5/16,1647,15th,4,modern
HSS,HSS10X8X5/8,1644,15th,3,modern
HSS,HSS11-1/4X.188,7832,LRFD3,1,modern
HSS,HSS11-1/4X.250,7831,LRFD3,1,modern
HSS,HSS11-1/4X.312,7830,LRFD3,1,modern
HSS,HSS11-1/4X.375,7829,LRFD3,1,modern
HSS,HSS11-1/4X.500,7828,LRFD3,1,modern
HSS,HSS11-1/4X.625,7827,LRFD3,1,modern
HSS,HSS11.250X0.188,9593,LRFD2,1,modern
HSS,HSS11.250X0.250,9592,LRFD2,1,modern
HSS,HSS11.250X0.312,9591,LRFD2,1,modern
HSS,HSS11.250X0.375,9590,LRFD2,1,modern
HSS,HSS11.250X0.500,9589,LRFD2,1,modern
HSS,HSS11.250X0.625,9588,LRFD2,1,modern
HSS,HSS12-1/2X.188,7826,LRFD3,1,modern
HSS,HSS12-1/2X.250,7825,LRFD3,1,modern
HSS,HSS12-1/2X.312,7824,LRFD3,1,modern
HSS,HSS12-1/2X.375,7823,LRFD3,1,modern
HSS,HSS12-1/2X.500,7822,LRFD3,1,modern
HSS,HSS12-1/2X.625,7821,LRFD3,1,modern
HSS,HSS12-3/4X.250,7820,LRFD3,1,modern
HSS,HSS12-3/4X.375,7819,LRFD3,1,modern
HSS,HSS12-3/4X.500,7818,LRFD3,1,modern
HSS,HSS12.500X0.188,9587,LRFD2,1,modern
HSS,HSS12.500X0.250,9586,LRFD2,1,modern
HSS,HSS12.500X0.312,9585,LRFD2,1,modern
HSS,HSS12.500X0.375,9584,LRFD2,1,modern
HSS,HSS12.500X0.500,9583,LRFD2,1,modern
HSS,HSS12.500X0.625,9582,LRFD2,1,modern
HSS,HSS12.750X0.250,1929,15th,4,modern
HSS,HSS12.750X0.375,1928,15th,4,modern
HSS,HSS12.750X0.500,1927,15th,4,modern
HSS,HSS12X10X.250,7539,LRFD3,1,modern
HSS,HSS12X10X.3125,7538,LRFD3,1,modern
HSS,HSS12X10X.375,7537,LRFD3,1,modern
HSS,HSS12X10X.500,7536,LRFD3,1,modern
HSS,HSS12X10X1/2,1607,15th,4,modern
HSS,HSS12X10X1/4,1610,15th,4,modern
HSS,HSS12X10X3/8,1608,15th,4,modern
HSS,HSS12X10X5/16,1609,15th,4,modern
HSS,HSS12X12X.25,7535,LRFD3,1,modern
HSS,HSS12X12X.3125,7534,LRFD3,1,modern
HSS,HSS12X12X.375,7533,LRFD3,1,modern
HSS,HSS12X12X.500,7532,LRFD3,1,modern
HSS,HSS12X12X.625,7531,LRFD3,1,modern
HSS,HSS12X12X1/2,1602,15th,4,modern
HSS,HSS12X12X1/4,1605,15th,4,modern
HSS,HSS12X12X3/16,1606,15th,3,modern
HSS,HSS12X12X3/4,1600,15th,1,modern
HSS,HSS12X12X3/8,1603,15th,4,modern
HSS,HSS12X12X5/16,1604,15th,4,modern
HSS,HSS12X12X5/8,1601,15th,4,modern
HSS,HSS12X2X.1875,7564,LRFD3,1,modern
HSS,HSS12X2X.250,7563,LRFD3,1,modern
HSS,HSS12X2X1/4,1635,15th,4,modern
HSS,HSS12X2X3/16,1636,15th,4,modern
HSS,HSS12X2X5/16,1634,15th,3,modern
HSS,HSS12X3-1/2X.3125,7559,LRFD3,1,modern
HSS,HSS12X3-1/2X.375,7558,LRFD3,1,modern
HSS,HSS12X3-1/2X3/8,1629,15th,4,modern
HSS,HSS12X3-1/2X5/16,1630,15th,4,modern
HSS,HSS12X3X.1875,7562,LRFD3,1,modern
HSS,HSS12X3X.250,7561,LRFD3,1,modern
HSS,HSS12X3X.3125,7560,LRFD3,1,modern
HSS,HSS12X3X1/4,1632,15th,4,modern
HSS,HSS12X3X3/16,1633,15th,4,modern
HSS,HSS12X3X5/16,1631,15th,4,modern
HSS,HSS12X4X.1875,7557,LRFD3,1,modern
HSS,HSS12X4X.250,7556,LRFD3,1,modern
HSS,HSS12X4X.3125,7555,LRFD3,1,modern
HSS,HSS12X4X.375,7554,LRFD3,1,modern
HSS,HSS12X4X.500,7553,LRFD3,1,modern
HSS,HSS12X4X.625,7552,LRFD3,1,modern
HSS,HSS12X4X1/2,1624,15th,4,modern
HSS,HSS12X4X1/4,1627,15th,4,modern
HSS,HSS12X4X3/16,1628,15th,4,modern
HSS,HSS12X4X3/8,1625,15th,4,modern
HSS,HSS12X4X5/16,1626,15th,4,modern
HSS,HSS12X4X5/8,1623,15th,4,modern
HSS,HSS12X6X.1875,7551,LRFD3,1,modern
HSS,HSS12X6X.250,7550,LRFD3,1,modern
HSS,HSS12X6X.3125,7549,LRFD3,1,modern
HSS,HSS12X6X.375,7548,LRFD3,1,modern
HSS,HSS12X6X.500,7547,LRFD3,1,modern
HSS,HSS12X6X.625,7546,LRFD3,1,modern
HSS,HSS12X6X1/2,1618,15th,4,modern
HSS,HSS12X6X1/4,1621,15th,4,modern
HSS,HSS12X6X3/16,1622,15th,4,modern
HSS,HSS12X6X3/8,1619,15th,4,modern
HSS,HSS12X6X5/16,1620,15th,4,modern
HSS,HSS12X6X5/8,1617,15th,4,modern
HSS,HSS12X8X.1875,7545,LRFD3,1,modern
HSS,HSS12X8X.250,7544,LRFD3,1,modern
HSS,HSS12X8X.3125,7543,LRFD3,1,modern
HSS,HSS12X8X.375,7542,LRFD3,1,modern
HSS,HSS12X8X.500,7541,LRFD3,1,modern
HSS,HSS12X8X.625,7540,LRFD3,1,modern
HSS,HSS12X8X1/2,1612,15th,4,modern
HSS,HSS12X8X1/4,1615,15th,4,modern
HSS,HSS12X8X3/16,1616,15th,4,modern
HSS,HSS12X8X3/8,1613,15th,4,modern
HSS,HSS12X8X5/16,1614,15th,4,modern
HSS,HSS12X8X5/8,1611,15th,4,modern
HSS,HSS14.000X0.250,1926,15th,1,modern
HSS,HSS14.000X0.312,1925,15th,2,modern
HSS,HSS14.000X0.375,1924,15th,2,modern
HSS,HSS14.000X0.500,1923,15th,2,modern
HSS,HSS14.000X0.625,1922,15th,1,modern
HSS,HSS14X.312,7817,LRFD3,1,modern
HSS,HSS14X.375,7816,LRFD3,1,modern
HSS,HSS14X.500,7815,LRFD3,1,modern
HSS,HSS14X0.250,3936,14th,2,modern
HSS,HSS14X0.312,3935,14th,2,modern
HSS,HSS14X0.375,3934,14th,2,modern
HSS,HSS14X0.500,3933,14th,2,modern
HSS,HSS14X0.625,3932,14th,2,modern
HSS,HSS14X10X.250,7518,LRFD3,1,modern
HSS,HSS14X10X.3125,7517,LRFD3,1,modern
HSS,HSS14X10X.375,7516,LRFD3,1,modern
HSS,HSS14X10X.500,7515,LRFD3,1,modern
HSS,HSS14X10X.625,7514,LRFD3,1,modern
HSS,HSS14X10X1/2,1584,15th,4,modern
HSS,HSS14X10X1/4,1587,15th,4,modern
HSS,HSS14X10X3/8,1585,15th,4,modern
HSS,HSS14X10X5/16,1586,15th,4,modern
HSS,HSS14X10X5/8,1583,15th,4,modern
HSS,HSS14X12X.375,7513,LRFD3,1,modern
HSS,HSS14X12X.500,7512,LRFD3,1,modern
HSS,HSS14X12X1/2,9241,LRFD2,1,modern
HSS,HSS14X12X3/8,9242,LRFD2,1,modern
HSS,HSS14X14X.3125,7511,LRFD3,1,modern
HSS,HSS14X14X.375,7510,LRFD3,1,modern
HSS,HSS14X14X.500,7509,LRFD3,1,modern
HSS,HSS14X14X.625,7508,LRFD3,1,modern
HSS,HSS14X14X1/2,1580,15th,4,modern
HSS,HSS14X14X3/4,1578,15th,1,modern
HSS,HSS14X14X3/8,1581,15th,4,modern
HSS,HSS14X14X5/16,1582,15th,4,modern
HSS,HSS14X14X5/8,1579,15th,4,modern
HSS,HSS14X14X7/8,1577,15th,1,modern
HSS,HSS14X4X.1875,7530,LRFD3,1,modern
HSS,HSS14X4X.250,7529,LRFD3,1,modern
HSS,HSS14X4X.3125,7528,LRFD3,1,modern
HSS,HSS14X4X.375,7527,LRFD3,1,modern
HSS,HSS14X4X.500,7526,LRFD3,1,modern
HSS,HSS14X4X.625,7525,LRFD3,1,modern
HSS,HSS14X4X1/2,1595,15th,4,modern
HSS,HSS14X4X1/4,1598,15th,4,modern
HSS,HSS14X4X3/16,1599,15th,4,modern
HSS,HSS14X4X3/8,1596,15th,4,modern
HSS,HSS14X4X5/16,1597,15th,4,modern
HSS,HSS14X4X5/8,1594,15th,4,modern
HSS,HSS14X6X.1875,7524,LRFD3,1,modern
HSS,HSS14X6X.250,7523,LRFD3,1,modern
HSS,HSS14X6X.3125,7522,LRFD3,1,modern
HSS,HSS14X6X.375,7521,LRFD3,1,modern
HSS,HSS14X6X.500,7520,LRFD3,1,modern
HSS,HSS14X6X.625,7519,LRFD3,1,modern
HSS,HSS14X6X1/2,1589,15th,4,modern
HSS,HSS14X6X1/4,1592,15th,4,modern
HSS,HSS14X6X3/16,1593,15th,4,modern
HSS,HSS14X6X3/8,1590,15th,4,modern
HSS,HSS14X6X5/16,1591,15th,4,modern
HSS,HSS14X6X5/8,1588,15th,4,modern
HSS,HSS16.000X0.250,1921,15th,1,modern
HSS,HSS16.000X0.312,1920,15th,2,modern
HSS,HSS16.000X0.375,1919,15th,2,modern
HSS,HSS16.000X0.438,1918,15th,2,modern
HSS,HSS16.000X0.500,1917,15th,2,modern
HSS,HSS16.000X0.625,1916,15th,1,modern
HSS,HSS16X.312,7814,LRFD3,1,modern
HSS,HSS16X.375,7813,LRFD3,1,modern
HSS,HSS16X.438,7812,LRFD3,1,modern
HSS,HSS16X.500,7811,LRFD3,1,modern
HSS,HSS16X0.250,3931,14th,2,modern
HSS,HSS16X0.312,3930,14th,2,modern
HSS,HSS16X0.375,3929,14th,2,modern
HSS,HSS16X0.438,3928,14th,2,modern
HSS,HSS16X0.500,3927,14th,2,modern
HSS,HSS16X0.625,3926,14th,2,modern
HSS,HSS16X12X.3125,7500,LRFD3,1,modern
HSS,HSS16X12X.375,7499,LRFD3,1,modern
HSS,HSS16X12X.500,7498,LRFD3,1,modern
HSS,HSS16X12X.625,7497,LRFD3,1,modern
HSS,HSS16X12X1/2,1563,15th,4,modern
HSS,HSS16X12X3/4,1561,15th,1,modern
HSS,HSS16X12X3/8,1564,15th,4,modern
HSS,HSS16X12X5/16,1565,15th,4,modern
HSS,HSS16X16X.3125,7496,LRFD3,1,modern
HSS,HSS16X16X.375,7495,LRFD3,1,modern
HSS,HSS16X16X.500,7494,LRFD3,1,modern
HSS,HSS16X16X.625,7493,LRFD3,1,modern
HSS,HSS16X16X1/2,1558,15th,4,modern
HSS,HSS16X16X3/4,1556,15th,1,modern
HSS,HSS16X16X3/8,1559,15th,4,modern
HSS,HSS16X16X5/16,1560,15th,4,modern
HSS,HSS16X16X5/8,1557,15th,4,modern
HSS,HSS16X16X7/8,1555,15th,1,modern
HSS,HSS16X4X.3125,7507,LRFD3,1,modern
HSS,HSS16X4X.375,7506,LRFD3,1,modern
HSS,HSS16X4X.500,7505,LRFD3,1,modern
HSS,HSS16X4X1/2,1572,15th,4,modern
HSS,HSS16X4X1/4,1575,15th,3,modern
HSS,HSS16X4X3/16,1576,15th,3,modern
HSS,HSS16X4X3/8,1573,15th,4,modern
HSS,HSS16X4X5/16,1574,15th,4,modern
HSS,HSS16X4X5/8,1571,15th,3,modern
HSS,HSS16X8X.3125,7504,LRFD3,1,modern
HSS,HSS16X8X.375,7503,LRFD3,1,modern
HSS,HSS16X8X.500,7502,LRFD3,1,modern
HSS,HSS16X8X.625,7501,LRFD3,1,modern
HSS,HSS16X8X1/2,1567,15th,4,modern
HSS,HSS16X8X1/4,1570,15th,3,modern
HSS,HSS16X8X3/8,1568,15th,4,modern
HSS,HSS16X8X5/16,1569,15th,4,modern
HSS,HSS16X8X5/8,1566,15th,4,modern
HSS,HSS18.000X0.375,1915,15th,2,modern
HSS,HSS18.000X0.500,1914,15th,2,modern
HSS,HSS18X.375,7810,LRFD3,1,modern
HSS,HSS18X.500,7809,LRFD3,1,modern
HSS,HSS18X0.375,3925,14th,2,modern
HSS,HSS18X0.500,3924,14th,2,modern
HSS,HSS18X12X.375,7487,LRFD3,1,modern
HSS,HSS18X12X.500,7486,LRFD3,1,modern
HSS,HSS18X12X.625,7485,LRFD3,1,modern
HSS,HSS18X12X1/2,9223,LRFD2,1,modern
HSS,HSS18X12X3/8,9224,LRFD2,1,modern
HSS,HSS18X12X5/8,9222,LRFD2,1,modern
HSS,HSS18X18X3/4,1547,15th,1,modern
HSS,HSS18X18X3/8,9479,LRFD2,1,modern
HSS,HSS18X18X7/8,1546,15th,1,modern
HSS,HSS18X6X.250,7492,LRFD3,1,modern
HSS,HSS18X6X.3125,7491,LRFD3,1,modern
HSS,HSS18X6X.375,7490,LRFD3,1,modern
HSS,HSS18X6X.500,7489,LRFD3,1,modern
HSS,HSS18X6X.625,7488,LRFD3,1,modern
HSS,HSS18X6X1/2,1551,15th,4,modern
HSS,HSS18X6X1/4,1554,15th,4,modern
HSS,HSS18X6X3/8,1552,15th,4,modern
HSS,HSS18X6X5/16,1553,15th,4,modern
HSS,HSS18X6X5/8,1550,15th,4,modern
HSS,HSS2-1/2X.125,7940,LRFD3,1,modern
HSS,HSS2-1/2X.188,7939,LRFD3,1,modern
HSS,HSS2-1/2X.250,7938,LRFD3,1,modern
HSS,HSS2-1/2X1-1/2X.125,7790,LRFD3,1,modern
HSS,HSS2-1/2X1-1/2X.1875,7789,LRFD3,1,modern
HSS,HSS2-1/2X1-1/2X.250,7788,LRFD3,1,modern
HSS,HSS2-1/2X1-1/2X1/4,1895,15th,4,modern
HSS,HSS2-1/2X1-1/2X1/8,1897,15th,4,modern
HSS,HSS2-1/2X1-1/2X3/16,1896,15th,4,modern
HSS,HSS2-1/2X1X1/8,1899,15th,3,modern
HSS,HSS2-1/2X1X3/16,1898,15th,3,modern
HSS,HSS2-1/2X2-1/2X.1875,7786,LRFD3,1,modern
HSS,HSS2-1/2X2-1/2X.250,7785,LRFD3,1,modern
HSS,HSS2-1/2X2-1/2X.3125,7784,LRFD3,1,modern
HSS,HSS2-1/2X2-1/2X1/4,1889,15th,4,modern
HSS,HSS2-1/2X2-1/2X1/8,1891,15th,4,modern
HSS,HSS2-1/2X2-1/2X3/16,1890,15th,4,modern
HSS,HSS2-1/2X2-1/2X5/16,1888,15th,4,modern
HSS,HSS2-1/2X21/2X.125,7787,LRFD3,1,modern
HSS,HSS2-1/2X2X1/4,1892,15th,3,modern
HSS,HSS2-1/2X2X1/8,1894,15th,3,modern
HSS,HSS2-1/2X2X3/16,1893,15th,3,modern
HSS,HSS2-1/4X2-1/4X.125,7793,LRFD3,1,modern
HSS,HSS2-1/4X2-1/4X.1875,7792,LRFD3,1,modern
HSS,HSS2-1/4X2-1/4X.250,7791,LRFD3,1,modern
HSS,HSS2-1/4X2-1/4X1/4,1900,15th,4,modern
HSS,HSS2-1/4X2-1/4X1/8,1902,15th,4,modern
HSS,HSS2-1/4X2-1/4X3/16,1901,15th,4,modern
HSS,HSS2-1/4X2X1/8,1904,15th,3,modern
HSS,HSS2-1/4X2X3/16,1903,15th,3,modern
HSS,HSS2-3/8X.125,7945,LRFD3,1,modern
HSS,HSS2-3/8X.154,7944,LRFD3,1,modern
HSS,HSS2-3/8X.188,7943,LRFD3,1,modern
HSS,HSS2-3/8X.218,7942,LRFD3,1,modern
HSS,HSS2-3/8X.250,7941,LRFD3,1,modern
HSS,HSS2-7/8X.125,7937,LRFD3,1,modern
HSS,HSS2-7/8X.188,7936,LRFD3,1,modern
HSS,HSS2-7/8X.203,7935,LRFD3,1,modern
HSS,HSS2-7/8X.250,7934,LRFD3,1,modern
HSS,HSS2.375X0.125,2035,15th,4,modern
HSS,HSS2.375X0.154,2034,15th,4,modern
HSS,HSS2.375X0.188,2033,15th,4,modern
HSS,HSS2.375X0.218,2032,15th,4,modern
HSS,HSS2.375X0.250,2031,15th,4,modern
HSS,HSS2.500X0.125,2030,15th,4,modern
HSS,HSS2.500X0.188,2029,15th,4,modern
HSS,HSS2.500X0.250,2028,15th,4,modern
HSS,HSS2.875X0.125,2027,15th,4,modern
HSS,HSS2.875X0.188,2026,15th,4,modern
HSS,HSS2.875X0.203,2025,15th,4,modern
HSS,HSS2.875X0.250,2024,15th,4,modern
HSS,HSS20.000X0.375,1913,15th,2,modern
HSS,HSS20.000X0.500,1912,15th,2,modern
HSS,HSS20X.375,7808,LRFD3,1,modern
HSS,HSS20X.500,7807,LRFD3,1,modern
HSS,HSS20X0.375,3923,14th,2,modern
HSS,HSS20X0.500,3922,14th,2,modern
HSS,HSS20X12X.3125,7477,LRFD3,1,modern
HSS,HSS20X12X.375,7476,LRFD3,1,modern
HSS,HSS20X12X.500,7475,LRFD3,1,modern
HSS,HSS20X12X.625,7474,LRFD3,1,modern
HSS,HSS20X12X1/2,1535,15th,4,modern
HSS,HSS20X12X3/4,1533,15th,1,modern
HSS,HSS20X12X3/8,1536,15th,4,modern
HSS,HSS20X12X5/16,1537,15th,4,modern
HSS,HSS20X16X1/2,9209,LRFD2,1,modern
HSS,HSS20X16X3/8,9210,LRFD2,1,modern
HSS,HSS20X16X5/8,9208,LRFD2,1,modern
HSS,HSS20X18X1/2,9206,LRFD2,1,modern
HSS,HSS20X18X3/8,9207,LRFD2,1,modern
HSS,HSS20X18X5/8,9205,LRFD2,1,modern
HSS,HSS20X20X3/4,1530,15th,1,modern
HSS,HSS20X20X3/8,9476,LRFD2,1,modern
HSS,HSS20X20X7/8,1529,15th,1,modern
HSS,HSS20X4X.3125,7484,LRFD3,1,modern
HSS,HSS20X4X.375,7483,LRFD3,1,modern
HSS,HSS20X4X.500,7482,LRFD3,1,modern
HSS,HSS20X4X1/2,1542,15th,4,modern
HSS,HSS20X4X1/4,1545,15th,3,modern
HSS,HSS20X4X3/8,1543,15th,4,modern
HSS,HSS20X4X5/16,1544,15th,4,modern
HSS,HSS20X8X.3125,7481,LRFD3,1,modern
HSS,HSS20X8X.375,7480,LRFD3,1,modern
HSS,HSS20X8X.500,7479,LRFD3,1,modern
HSS,HSS20X8X.625,7478,LRFD3,1,modern
HSS,HSS20X8X1/2,1539,15th,4,modern
HSS,HSS20X8X3/8,1540,15th,4,modern
HSS,HSS20X8X5/16,1541,15th,4,modern
HSS,HSS20X8X5/8,1538,15th,4,modern
HSS,HSS22X20X1/2,9203,LRFD2,1,modern
HSS,HSS22X20X3/8,9204,LRFD2,1,modern
HSS,HSS22X20X5/8,9202,LRFD2,1,modern
HSS,HSS22X22X1/2,9472,LRFD2,1,modern
HSS,HSS22X22X3/4,1528,15th,1,modern
HSS,HSS22X22X3/8,9473,LRFD2,1,modern
HSS,HSS22X22X5/8,9471,LRFD2,1,modern
HSS,HSS22X22X7/8,1527,15th,1,modern
HSS,HSS24X12X1/2,1526,15th,1,modern
HSS,HSS24X12X3/4,1524,15th,1,modern
HSS,HSS24X12X5/8,1525,15th,1,modern
HSS,HSS24X22X1/2,9200,LRFD2,1,modern
HSS,HSS24X22X3/8,9201,LRFD2,1,modern
HSS,HSS24X22X5/8,9199,LRFD2,1,modern
HSS,HSS24X24X1/2,9469,LRFD2,1,modern
HSS,HSS24X24X3/8,9470,LRFD2,1,modern
HSS,HSS24X24X5/8,9468,LRFD2,1,modern
HSS,HSS26X24X1/2,9197,LRFD2,1,modern
HSS,HSS26X24X3/8,9198,LRFD2,1,modern
HSS,HSS26X24X5/8,9196,LRFD2,1,modern
HSS,HSS26X26X1/2,9466,LRFD2,1,modern
HSS,HSS26X26X3/8,9467,LRFD2,1,modern
HSS,HSS26X26X5/8,9465,LRFD2,1,modern
HSS,HSS28X24X1/2,9194,LRFD2,1,modern
HSS,HSS28X24X3/8,9195,LRFD2,1,modern
HSS,HSS28X24X5/8,9193,LRFD2,1,modern
HSS,HSS28X28X1/2,9463,LRFD2,1,modern
HSS,HSS28X28X3/8,9464,LRFD2,1,modern
HSS,HSS28X28X5/8,9462,LRFD2,1,modern
HSS,HSS2X1-1/2X.1875,7797,LRFD3,1,modern
HSS,HSS2X1-1/2X1/8,1909,15th,3,modern
HSS,HSS2X1-1/2X3/16,1908,15th,4,modern
HSS,HSS2X1X.125,7799,LRFD3,1,modern
HSS,HSS2X1X.1875,7798,LRFD3,1,modern
HSS,HSS2X1X1/8,1911,15th,4,modern
HSS,HSS2X1X3/16,1910,15th,4,modern
HSS,HSS2X2X.125,7796,LRFD3,1,modern
HSS,HSS2X2X.1875,7795,LRFD3,1,modern
HSS,HSS2X2X.250,7794,LRFD3,1,modern
HSS,HSS2X2X1/4,1905,15th,4,modern
HSS,HSS2X2X1/8,1907,15th,4,modern
HSS,HSS2X2X3/16,1906,15th,4,modern
HSS,HSS3-1/2X.125,7925,LRFD3,1,modern
HSS,HSS3-1/2X.188,7924,LRFD3,1,modern
HSS,HSS3-1/2X.203,7923,LRFD3,1,modern
HSS,HSS3-1/2X.216,7922,LRFD3,1,modern
HSS,HSS3-1/2X.250,7921,LRFD3,1,modern
HSS,HSS3-1/2X.300,7920,LRFD3,1,modern
HSS,HSS3-1/2X.313,7919,LRFD3,1,modern
HSS,HSS3-1/2X1-1/2X1/4,1867,15th,3,modern
HSS,HSS3-1/2X1-1/2X1/8,1869,15th,3,modern
HSS,HSS3-1/2X1-1/2X3/16,1868,15th,3,modern
HSS,HSS3-1/2X2-1/2X.125,7761,LRFD3,1,modern
HSS,HSS3-1/2X2-1/2X.1875,7760,LRFD3,1,modern
HSS,HSS3-1/2X2-1/2X.250,7759,LRFD3,1,modern
HSS,HSS3-1/2X2-1/2X.3125,7758,LRFD3,1,modern
HSS,HSS3-1/2X2-1/2X.375,7757,LRFD3,1,modern
HSS,HSS3-1/2X2-1/2X1/4,1861,15th,4,modern
HSS,HSS3-1/2X2-1/2X1/8,1863,15th,4,modern
HSS,HSS3-1/2X2-1/2X3/16,1862,15th,4,modern
HSS,HSS3-1/2X2-1/2X3/8,1859,15th,4,modern
HSS,HSS3-1/2X2-1/2X5/16,1860,15th,4,modern
HSS,HSS3-1/2X2X1/4,1864,15th,3,modern
HSS,HSS3-1/2X2X1/8,1866,15th,3,modern
HSS,HSS3-1/2X2X3/16,1865,15th,3,modern
HSS,HSS3-1/2X3-1/2X.125,7766,LRFD3,1,modern
HSS,HSS3-1/2X3-1/2X.1875,7765,LRFD3,1,modern
HSS,HSS3-1/2X3-1/2X.250,7764,LRFD3,1,modern
HSS,HSS3-1/2X3-1/2X.3125,7763,LRFD3,1,modern
HSS,HSS3-1/2X3-1/2X.375,7762,LRFD3,1,modern
HSS,HSS3-1/2X3-1/2X1/4,1856,15th,4,modern
HSS,HSS3-1/2X3-1/2X1/8,1858,15th,4,modern
HSS,HSS3-1/2X3-1/2X3/16,1857,15th,4,modern
HSS,HSS3-1/2X3-1/2X3/8,1854,15th,4,modern
HSS,HSS3-1/2X3-1/2X5/16,1855,15th,4,modern
HSS,HSS3.000X0.120,9694,LRFD2,1,modern
HSS,HSS3.000X0.125,2023,15th,1,modern
HSS,HSS3.000X0.134,2022,15th,2,modern
HSS,HSS3.000X0.152,2021,15th,2,modern
HSS,HSS3.000X0.188,2020,15th,2,modern
HSS,HSS3.000X0.203,2019,15th,2,modern
HSS,HSS3.000X0.216,2018,15th,2,modern
HSS,HSS3.000X0.250,2017,15th,2,modern
HSS,HSS3.000X0.300,9687,LRFD2,1,modern
HSS,HSS3.500X0.125,2016,15th,4,modern
HSS,HSS3.500X0.188,2015,15th,4,modern
HSS,HSS3.500X0.203,2014,15th,4,modern
HSS,HSS3.500X0.216,2013,15th,4,modern
HSS,HSS3.500X0.250,2012,15th,4,modern
HSS,HSS3.500X0.300,2011,15th,4,modern
HSS,HSS3.500X0.313,2010,15th,4,modern
HSS,HSS30X24X1/2,9191,LRFD2,1,modern
HSS,HSS30X24X3/8,9192,LRFD2,1,modern
HSS,HSS30X24X5/8,9190,LRFD2,1,modern
HSS,HSS30X30X1/2,9460,LRFD2,1,modern
HSS,HSS30X30X3/8,9461,LRFD2,1,modern
HSS,HSS30X30X5/8,9459,LRFD2,1,modern
HSS,HSS32X24X1/2,9188,LRFD2,1,modern
HSS,HSS32X24X3/8,9189,LRFD2,1,modern
HSS,HSS32X24X5/8,9187,LRFD2,1,modern
HSS,HSS32X32X1/2,9457,LRFD2,1,modern
HSS,HSS32X32X3/8,9458,LRFD2,1,modern
HSS,HSS32X32X5/8,9456,LRFD2,1,modern
HSS,HSS3X.120,7933,LRFD3,1,modern
HSS,HSS3X.134,7932,LRFD3,1,modern
HSS,HSS3X.152,7931,LRFD3,1,modern
HSS,HSS3X.188,7930,LRFD3,1,modern
HSS,HSS3X.203,7929,LRFD3,1,modern
HSS,HSS3X.216,7928,LRFD3,1,modern
HSS,HSS3X.250,7927,LRFD3,1,modern
HSS,HSS3X.300,7926,LRFD3,1,modern
HSS,HSS3X0.125,4033,14th,2,modern
HSS,HSS3X0.134,4032,14th,2,modern
HSS,HSS3X0.152,4031,14th,2,modern
HSS,HSS3X0.188,4030,14th,2,modern
HSS,HSS3X0.203,4029,14th,2,modern
HSS,HSS3X0.216,4028,14th,2,modern
HSS,HSS3X0.250,4027,14th,2,modern
HSS,HSS3X1-1/2X.125,7782,LRFD3,1,modern
HSS,HSS3X1-1/2X.1875,7781,LRFD3,1,modern
HSS,HSS3X1-1/2X.250,7780,LRFD3,1,modern
HSS,HSS3X1-1/2X1/4,1883,15th,4,modern
HSS,HSS3X1-1/2X1/8,1885,15th,4,modern
HSS,HSS3X1-1/2X3/16,1884,15th,4,modern
HSS,HSS3X1X.125,7783,LRFD3,1,modern
HSS,HSS3X1X1/8,1887,15th,4,modern
HSS,HSS3X1X3/16,1886,15th,3,modern
HSS,HSS3X2-1/2X.125,7775,LRFD3,1,modern
HSS,HSS3X2-1/2X.1875,7774,LRFD3,1,modern
HSS,HSS3X2-1/2X.250,7773,LRFD3,1,modern
HSS,HSS3X2-1/2X.3125,7772,LRFD3,1,modern
HSS,HSS3X2-1/2X1/4,1876,15th,4,modern
HSS,HSS3X2-1/2X1/8,1878,15th,4,modern
HSS,HSS3X2-1/2X3/16,1877,15th,4,modern
HSS,HSS3X2-1/2X5/16,1875,15th,4,modern
HSS,HSS3X2X.125,7779,LRFD3,1,modern
HSS,HSS3X2X.1875,7778,LRFD3,1,modern
HSS,HSS3X2X.250,7777,LRFD3,1,modern
HSS,HSS3X2X.3125,7776,LRFD3,1,modern
HSS,HSS3X2X1/4,1880,15th,4,modern
HSS,HSS3X2X1/8,1882,15th,4,modern
HSS,HSS3X2X3/16,1881,15th,4,modern
HSS,HSS3X2X5/16,1879,15th,4,modern
HSS,HSS3X3X.125,7771,LRFD3,1,modern
HSS,HSS3X3X.1875,7770,LRFD3,1,modern
HSS,HSS3X3X.250,7769,LRFD3,1,modern
HSS,HSS3X3X.3125,7768,LRFD3,1,modern
HSS,HSS3X3X.375,7767,LRFD3,1,modern
HSS,HSS3X3X1/4,1872,15th,4,modern
HSS,HSS3X3X1/8,1874,15th,4,modern
HSS,HSS3X3X3/16,1873,15th,4,modern
HSS,HSS3X3X3/8,1870,15th,4,modern
HSS,HSS3X3X5/16,1871,15th,4,modern
HSS,HSS4-1/2X.125,7910,LRFD3,1,modern
HSS,HSS4-1/2X.188,7909,LRFD3,1,modern
HSS,HSS4-1/2X.237,7908,LRFD3,1,modern
HSS,HSS4-1/2X.337,7907,LRFD3,1,modern
HSS,HSS4-1/2X4-1/2X.125,7737,LRFD3,1,modern
HSS,HSS4-1/2X4-1/2X.1875,7736,LRFD3,1,modern
HSS,HSS4-1/2X4-1/2X.250,7735,LRFD3,1,modern
HSS,HSS4-1/2X4-1/2X.3125,7734,LRFD3,1,modern
HSS,HSS4-1/2X4-1/2X.375,7733,LRFD3,1,modern
HSS,HSS4-1/2X4-1/2X.500,7732,LRFD3,1,modern
HSS,HSS4-1/2X4-1/2X1/2,1827,15th,4,modern
HSS,HSS4-1/2X4-1/2X1/4,1830,15th,4,modern
HSS,HSS4-1/2X4-1/2X1/8,1832,15th,4,modern
HSS,HSS4-1/2X4-1/2X3/16,1831,15th,4,modern
HSS,HSS4-1/2X4-1/2X3/8,1828,15th,4,modern
HSS,HSS4-1/2X4-1/2X5/16,1829,15th,4,modern
HSS,HSS4.000X0.125,2009,15th,2,modern
HSS,HSS4.000X0.188,2008,15th,2,modern
HSS,HSS4.000X0.220,2007,15th,2,modern
HSS,HSS4.000X0.226,2006,15th,2,modern
HSS,HSS4.000X0.237,2005,15th,2,modern
HSS,HSS4.000X0.250,2004,15th,2,modern
HSS,HSS4.000X0.313,2003,15th,2,modern
HSS,HSS4.000X0.337,9672,LRFD2,1,modern
HSS,HSS4.500X0.125,2002,15th,4,modern
HSS,HSS4.500X0.188,2001,15th,4,modern
HSS,HSS4.500X0.237,2000,15th,4,modern
HSS,HSS4.500X0.337,1999,15th,4,modern
HSS,HSS4.500X0.375,1998,15th,3,modern
HSS,HSS4X.125,7918,LRFD3,1,modern
HSS,HSS4X.188,7917,LRFD3,1,modern
HSS,HSS4X.220,7916,LRFD3,1,modern
HSS,HSS4X.226,7915,LRFD3,1,modern
HSS,HSS4X.237,7914,LRFD3,1,modern
HSS,HSS4X.250,7913,LRFD3,1,modern
HSS,HSS4X.313,7912,LRFD3,1,modern
HSS,HSS4X.337,7911,LRFD3,1,modern
HSS,HSS4X0.125,4019,14th,2,modern
HSS,HSS4X0.188,4018,14th,2,modern
HSS,HSS4X0.220,4017,14th,2,modern
HSS,HSS4X0.226,4016,14th,2,modern
HSS,HSS4X0.237,4015,14th,2,modern
HSS,HSS4X0.250,4014,14th,2,modern
HSS,HSS4X0.313,4013,14th,2,modern
HSS,HSS4X2-1/2X.1875,7751,LRFD3,1,modern
HSS,HSS4X2-1/2X.250,7750,LRFD3,1,modern
HSS,HSS4X2-1/2X.3125,7749,LRFD3,1,modern
HSS,HSS4X2-1/2X1/4,1846,15th,4,modern
HSS,HSS4X2-1/2X1/8,1848,15th,3,modern
HSS,HSS4X2-1/2X3/16,1847,15th,4,modern
HSS,HSS4X2-1/2X3/8,1844,15th,3,modern
HSS,HSS4X2-1/2X5/16,1845,15th,4,modern
HSS,HSS4X2X.125,7756,LRFD3,1,modern
HSS,HSS4X2X.1875,7755,LRFD3,1,modern
HSS,HSS4X2X.250,7754,LRFD3,1,modern
HSS,HSS4X2X.3125,7753,LRFD3,1,modern
HSS,HSS4X2X.375,7752,LRFD3,1,modern
HSS,HSS4X2X1/4,1851,15th,4,modern
HSS,HSS4X2X1/8,1853,15th,4,modern
HSS,HSS4X2X3/16,1852,15th,4,modern
HSS,HSS4X2X3/8,1849,15th,4,modern
HSS,HSS4X2X5/16,1850,15th,4,modern
HSS,HSS4X3X.125,7748,LRFD3,1,modern
HSS,HSS4X3X.1875,7747,LRFD3,1,modern
HSS,HSS4X3X.250,7746,LRFD3,1,modern
HSS,HSS4X3X.3125,7745,LRFD3,1,modern
HSS,HSS4X3X.375,7744,LRFD3,1,modern
HSS,HSS4X3X1/4,1841,15th,4,modern
HSS,HSS4X3X1/8,1843,15th,4,modern
HSS,HSS4X3X3/16,1842,15th,4,modern
HSS,HSS4X3X3/8,1839,15th,4,modern
HSS,HSS4X3X5/16,1840,15th,4,modern
HSS,HSS4X4X.125,7743,LRFD3,1,modern
HSS,HSS4X4X.1875,7742,LRFD3,1,modern
HSS,HSS4X4X.25,7741,LRFD3,1,modern
HSS,HSS4X4X.3125,7740,LRFD3,1,modern
HSS,HSS4X4X.375,7739,LRFD3,1,modern
HSS,HSS4X4X.500,7738,LRFD3,1,modern
HSS,HSS4X4X1/2,1833,15th,4,modern
HSS,HSS4X4X1/4,1836,15th,4,modern
HSS,HSS4X4X1/8,1838,15th,4,modern
HSS,HSS4X4X3/16,1837,15th,4,modern
HSS,HSS4X4X3/8,1834,15th,4,modern
HSS,HSS4X4X5/16,1835,15th,4,modern
HSS,HSS5-1/2X.258,7899,LRFD3,1,modern
HSS,HSS5-1/2X.375,7898,LRFD3,1,modern
HSS,HSS5-1/2X.500,7897,LRFD3,1,modern
HSS,HSS5-1/2X5-1/2X.125,7706,LRFD3,1,modern
HSS,HSS5-1/2X5-1/2X.1875,7705,LRFD3,1,modern
HSS,HSS5-1/2X5-1/2X.250,7704,LRFD3,1,modern
HSS,HSS5-1/2X5-1/2X.3125,7703,LRFD3,1,modern
HSS,HSS5-1/2X5-1/2X.375,7702,LRFD3,1,modern
HSS,HSS5-1/2X5-1/2X1/4,1798,15th,4,modern
HSS,HSS5-1/2X5-1/2X1/8,1800,15th,4,modern
HSS,HSS5-1/2X5-1/2X3/16,1799,15th,4,modern
HSS,HSS5-1/2X5-1/2X3/8,1796,15th,4,modern
HSS,HSS5-1/2X5-1/2X5/16,1797,15th,4,modern
HSS,HSS5-9/16X.134,7896,LRFD3,1,modern
HSS,HSS5-9/16X.188,7895,LRFD3,1,modern
HSS,HSS5-9/16X.258,7894,LRFD3,1,modern
HSS,HSS5-9/16X.375,7893,LRFD3,1,modern
HSS,HSS5.000X0.125,1997,15th,2,modern
HSS,HSS5.000X0.188,1996,15th,2,modern
HSS,HSS5.000X0.250,1995,15th,2,modern
HSS,HSS5.000X0.258,1994,15th,2,modern
HSS,HSS5.000X0.312,1993,15th,2,modern
HSS,HSS5.000X0.375,1992,15th,2,modern
HSS,HSS5.000X0.500,1991,15th,2,modern
HSS,HSS5.500X0.258,1990,15th,4,modern
HSS,HSS5.500X0.375,1989,15th,4,modern
HSS,HSS5.500X0.500,1988,15th,4,modern
HSS,HSS5.563X0.134,1987,15th,4,modern
HSS,HSS5.563X0.188,1986,15th,4,modern
HSS,HSS5.563X0.258,1985,15th,4,modern
HSS,HSS5.563X0.375,1984,15th,4,modern
HSS,HSS5.563X0.500,1983,15th,3,modern
HSS,HSS5X.125,7906,LRFD3,1,modern
HSS,HSS5X.188,7905,LRFD3,1,modern
HSS,HSS5X.250,7904,LRFD3,1,modern
HSS,HSS5X.258,7903,LRFD3,1,modern
HSS,HSS5X.312,7902,LRFD3,1,modern
HSS,HSS5X.375,7901,LRFD3,1,modern
HSS,HSS5X.500,7900,LRFD3,1,modern
HSS,HSS5X0.125,4007,14th,2,modern
HSS,HSS5X0.188,4006,14th,2,modern
HSS,HSS5X0.250,4005,14th,2,modern
HSS,HSS5X0.258,4004,14th,2,modern
HSS,HSS5X0.312,4003,14th,2,modern
HSS,HSS5X0.375,4002,14th,2,modern
HSS,HSS5X0.500,4001,14th,2,modern
HSS,HSS5X2-1/2X.125,7726,LRFD3,1,modern
HSS,HSS5X2-1/2X.1875,7725,LRFD3,1,modern
HSS,HSS5X2-1/2X.25,7724,LRFD3,1,modern
HSS,HSS5X2-1/2X1/4,1819,15th,4,modern
HSS,HSS5X2-1/2X1/8,1821,15th,4,modern
HSS,HSS5X2-1/2X3/16,1820,15th,4,modern
HSS,HSS5X2X.125,7731,LRFD3,1,modern
HSS,HSS5X2X.1875,7730,LRFD3,1,modern
HSS,HSS5X2X.250,7729,LRFD3,1,modern
HSS,HSS5X2X.3125,7728,LRFD3,1,modern
HSS,HSS5X2X.375,7727,LRFD3,1,modern
HSS,HSS5X2X1/4,1824,15th,4,modern
HSS,HSS5X2X1/8,1826,15th,4,modern
HSS,HSS5X2X3/16,1825,15th,4,modern
HSS,HSS5X2X3/8,1822,15th,4,modern
HSS,HSS5X2X5/16,1823,15th,4,modern
HSS,HSS5X3X.125,7723,LRFD3,1,modern
HSS,HSS5X3X.1875,7722,LRFD3,1,modern
HSS,HSS5X3X.250,7721,LRFD3,1,modern
HSS,HSS5X3X.3125,7720,LRFD3,1,modern
HSS,HSS5X3X.375,7719,LRFD3,1,modern
HSS,HSS5X3X.500,7718,LRFD3,1,modern
HSS,HSS5X3X1/2,1813,15th,4,modern
HSS,HSS5X3X1/4,1816,15th,4,modern
HSS,HSS5X3X1/8,1818,15th,4,modern
HSS,HSS5X3X3/16,1817,15th,4,modern
HSS,HSS5X3X3/8,1814,15th,4,modern
HSS,HSS5X3X5/16,1815,15th,4,modern
HSS,HSS5X4X.1875,7717,LRFD3,1,modern
HSS,HSS5X4X.250,7716,LRFD3,1,modern
HSS,HSS5X4X.3125,7715,LRFD3,1,modern
HSS,HSS5X4X.375,7714,LRFD3,1,modern
HSS,HSS5X4X.5,7713,LRFD3,1,modern
HSS,HSS5X4X1/2,1807,15th,4,modern
HSS,HSS5X4X1/4,1810,15th,4,modern
HSS,HSS5X4X1/8,1812,15th,3,modern
HSS,HSS5X4X3/16,1811,15th,4,modern
HSS,HSS5X4X3/8,1808,15th,4,modern
HSS,HSS5X4X5/16,1809,15th,4,modern
HSS,HSS5X5X.125,7712,LRFD3,1,modern
HSS,HSS5X5X.1875,7711,LRFD3,1,modern
HSS,HSS5X5X.250,7710,LRFD3,1,modern
HSS,HSS5X5X.3125,7709,LRFD3,1,modern
HSS,HSS5X5X.375,7708,LRFD3,1,modern
HSS,HSS5X5X.500,7707,LRFD3,1,modern
HSS,HSS5X5X1/2,1801,15th,4,modern
HSS,HSS5X5X1/4,1804,15th,4,modern
HSS,HSS5X5X1/8,1806,15th,4,modern
HSS,HSS5X5X3/16,1805,15th,4,modern
HSS,HSS5X5X3/8,1802,15th,4,modern
HSS,HSS5X5X5/16,1803,15th,4,modern
HSS,HSS6-1/8X.188,7885,LRFD3,1,modern
HSS,HSS6-1/8X.250,7884,LRFD3,1,modern
HSS,HSS6-1/8X.312,7883,LRFD3,1,modern
HSS,HSS6-1/8X.375,7882,LRFD3,1,modern
HSS,HSS6-1/8X.500,7881,LRFD3,1,modern
HSS,HSS6-5/8X.125,7880,LRFD3,1,modern
HSS,HSS6-5/8X.188,7879,LRFD3,1,modern
HSS,HSS6-5/8X.250,7878,LRFD3,1,modern
HSS,HSS6-5/8X.280,7877,LRFD3,1,modern
HSS,HSS6-5/8X.312,7876,LRFD3,1,modern
HSS,HSS6-5/8X.375,7875,LRFD3,1,modern
HSS,HSS6-5/8X.432,7874,LRFD3,1,modern
HSS,HSS6-5/8X.500,7873,LRFD3,1,modern
HSS,HSS6-7/8X.188,7872,LRFD3,1,modern
HSS,HSS6-7/8X.250,7871,LRFD3,1,modern
HSS,HSS6-7/8X.312,7870,LRFD3,1,modern
HSS,HSS6-7/8X.375,7869,LRFD3,1,modern
HSS,HSS6-7/8X.500,7868,LRFD3,1,modern
HSS,HSS6.000X0.125,1982,15th,2,modern
HSS,HSS6.000X0.188,1981,15th,2,modern
HSS,HSS6.000X0.250,1980,15th,2,modern
HSS,HSS6.000X0.280,1979,15th,2,modern
HSS,HSS6.000X0.312,1978,15th,2,modern
HSS,HSS6.000X0.375,1977,15th,2,modern
HSS,HSS6.000X0.500,1976,15th,2,modern
HSS,HSS6.125X0.188,9646,LRFD2,1,modern
HSS,HSS6.125X0.250,9645,LRFD2,1,modern
HSS,HSS6.125X0.312,9644,LRFD2,1,modern
HSS,HSS6.125X0.375,9643,LRFD2,1,modern
HSS,HSS6.125X0.500,9642,LRFD2,1,modern
HSS,HSS6.625X0.125,1975,15th,4,modern
HSS,HSS6.625X0.188,1974,15th,4,modern
HSS,HSS6.625X0.250,1973,15th,4,modern
HSS,HSS6.625X0.280,1972,15th,4,modern
HSS,HSS6.625X0.312,1971,15th,4,modern
HSS,HSS6.625X0.375,1970,15th,4,modern
HSS,HSS6.625X0.432,1969,15th,4,modern
HSS,HSS6.625X0.500,1968,15th,4,modern
HSS,HSS6.875X0.188,1967,15th,4,modern
HSS,HSS6.875X0.250,1966,15th,4,modern
HSS,HSS6.875X0.312,1965,15th,4,modern
HSS,HSS6.875X0.375,1964,15th,4,modern
HSS,HSS6.875X0.500,1963,15th,4,modern
HSS,HSS6X.125,7892,LRFD3,1,modern
HSS,HSS6X.188,7891,LRFD3,1,modern
HSS,HSS6X.250,7890,LRFD3,1,modern
HSS,HSS6X.280,7889,LRFD3,1,modern
HSS,HSS6X.312,7888,LRFD3,1,modern
HSS,HSS6X.375,7887,LRFD3,1,modern
HSS,HSS6X.500,7886,LRFD3,1,modern
HSS,HSS6X0.125,3992,14th,2,modern
HSS,HSS6X0.188,3991,14th,2,modern
HSS,HSS6X0.250,3990,14th,2,modern
HSS,HSS6X0.280,3989,14th,2,modern
HSS,HSS6X0.312,3988,14th,2,modern
HSS,HSS6X0.375,3987,14th,2,modern
HSS,HSS6X0.500,3986,14th,2,modern
HSS,HSS6X2X.125,7701,LRFD3,1,modern
HSS,HSS6X2X.1875,7700,LRFD3,1,modern
HSS,HSS6X2X.250,7699,LRFD3,1,modern
HSS,HSS6X2X.3125,7698,LRFD3,1,modern
HSS,HSS6X2X.375,7697,LRFD3,1,modern
HSS,HSS6X2X1/4,1793,15th,4,modern
HSS,HSS6X2X1/8,1795,15th,4,modern
HSS,HSS6X2X3/16,1794,15th,4,modern
HSS,HSS6X2X3/8,1791,15th,4,modern
HSS,HSS6X2X5/16,1792,15th,4,modern
HSS,HSS6X3X.125,7696,LRFD3,1,modern
HSS,HSS6X3X.1875,7695,LRFD3,1,modern
HSS,HSS6X3X.250,7694,LRFD3,1,modern
HSS,HSS6X3X.3125,7693,LRFD3,1,modern
HSS,HSS6X3X.375,7692,LRFD3,1,modern
HSS,HSS6X3X.500,7691,LRFD3,1,modern
HSS,HSS6X3X1/2,1785,15th,4,modern
HSS,HSS6X3X1/4,1788,15th,4,modern
HSS,HSS6X3X1/8,1790,15th,4,modern
HSS,HSS6X3X3/16,1789,15th,4,modern
HSS,HSS6X3X3/8,1786,15th,4,modern
HSS,HSS6X3X5/16,1787,15th,4,modern
HSS,HSS6X4X.125,7690,LRFD3,1,modern
HSS,HSS6X4X.1875,7689,LRFD3,1,modern
HSS,HSS6X4X.250,7688,LRFD3,1,modern
HSS,HSS6X4X.3125,7687,LRFD3,1,modern
HSS,HSS6X4X.375,7686,LRFD3,1,modern
HSS,HSS6X4X.500,7685,LRFD3,1,modern
HSS,HSS6X4X1/2,1779,15th,4,modern
HSS,HSS6X4X1/4,1782,15th,4,modern
HSS,HSS6X4X1/8,1784,15th,4,modern
HSS,HSS6X4X3/16,1783,15th,4,modern
HSS,HSS6X4X3/8,1780,15th,4,modern
HSS,HSS6X4X5/16,1781,15th,4,modern
HSS,HSS6X5X.1875,7684,LRFD3,1,modern
HSS,HSS6X5X.25,7683,LRFD3,1,modern
HSS,HSS6X5X.3125,7682,LRFD3,1,modern
HSS,HSS6X5X.375,7681,LRFD3,1,modern
HSS,HSS6X5X1/2,1773,15th,3,modern
HSS,HSS6X5X1/4,1776,15th,4,modern
HSS,HSS6X5X1/8,1778,15th,3,modern
HSS,HSS6X5X3/16,1777,15th,4,modern
HSS,HSS6X5X3/8,1774,15th,4,modern
HSS,HSS6X5X5/16,1775,15th,4,modern
HSS,HSS6X6X.125,7680,LRFD3,1,modern
HSS,HSS6X6X.1875,7679,LRFD3,1,modern
HSS,HSS6X6X.250,7678,LRFD3,1,modern
HSS,HSS6X6X.375,7676,LRFD3,1,modern
HSS,HSS6X6X.500,7675,LRFD3,1,modern
HSS,HSS6X6X.625,7674,LRFD3,1,modern
HSS,HSS6X6X1/2,1767,15th,4,modern
HSS,HSS6X6X1/4,1770,15th,4,modern
HSS,HSS6X6X1/8,1772,15th,4,modern
HSS,HSS6X6X3/16,1771,15th,4,modern
HSS,HSS6X6X3/8,1768,15th,4,modern
HSS,HSS6X6X3125,7677,LRFD3,1,modern
HSS,HSS6X6X5/16,1769,15th,4,modern
HSS,HSS6X6X5/8,1766,15th,4,modern
HSS,HSS7-1/2X.188,7861,LRFD3,1,modern
HSS,HSS7-1/2X.250,7860,LRFD3,1,modern
HSS,HSS7-1/2X.312,7859,LRFD3,1,modern
HSS,HSS7-1/2X.375,7858,LRFD3,1,modern
HSS,HSS7-1/2X.500,7857,LRFD3,1,modern
HSS,HSS7-5/8X.125,7856,LRFD3,1,modern
HSS,HSS7.000X0.125,1962,15th,2,modern
HSS,HSS7.000X0.188,1961,15th,2,modern
HSS,HSS7.000X0.250,1960,15th,2,modern
HSS,HSS7.000X0.312,1959,15th,2,modern
HSS,HSS7.000X0.375,1958,15th,2,modern
HSS,HSS7.000X0.500,1957,15th,2,modern
HSS,HSS7.500X0.188,1956,15th,4,modern
HSS,HSS7.500X0.250,1955,15th,4,modern
HSS,HSS7.500X0.312,1954,15th,4,modern
HSS,HSS7.500X0.375,1953,15th,4,modern
HSS,HSS7.500X0.500,1952,15th,4,modern
HSS,HSS7.625X0.125,9617,LRFD2,1,modern
HSS,HSS7.625X0.328,1951,15th,3,modern
HSS,HSS7.625X0.375,1950,15th,3,modern
HSS,HSS7X.125,7867,LRFD3,1,modern
HSS,HSS7X.188,7866,LRFD3,1,modern
HSS,HSS7X.250,7865,LRFD3,1,modern
HSS,HSS7X.312,7864,LRFD3,1,modern
HSS,HSS7X.375,7863,LRFD3,1,modern
HSS,HSS7X.500,7862,LRFD3,1,modern
HSS,HSS7X0.125,3972,14th,2,modern
HSS,HSS7X0.188,3971,14th,2,modern
HSS,HSS7X0.250,3970,14th,2,modern
HSS,HSS7X0.312,3969,14th,2,modern
HSS,HSS7X0.375,3968,14th,2,modern
HSS,HSS7X0.500,3967,14th,2,modern
HSS,HSS7X2X1/4,1763,15th,3,modern
HSS,HSS7X2X1/8,1765,15th,3,modern
HSS,HSS7X2X3/16,1764,15th,3,modern
HSS,HSS7X3X.125,7673,LRFD3,1,modern
HSS,HSS7X3X.1875,7672,LRFD3,1,modern
HSS,HSS7X3X.250,7671,LRFD3,1,modern
HSS,HSS7X3X.3125,7670,LRFD3,1,modern
HSS,HSS7X3X.375,7669,LRFD3,1,modern
HSS,HSS7X3X.500,7668,LRFD3,1,modern
HSS,HSS7X3X1/2,1757,15th,4,modern
HSS,HSS7X3X1/4,1760,15th,4,modern
HSS,HSS7X3X1/8,1762,15th,4,modern
HSS,HSS7X3X3/16,1761,15th,4,modern
HSS,HSS7X3X3/8,1758,15th,4,modern
HSS,HSS7X3X5/16,1759,15th,4,modern
HSS,HSS7X4X.125,7667,LRFD3,1,modern
HSS,HSS7X4X.1875,7666,LRFD3,1,modern
HSS,HSS7X4X.250,7665,LRFD3,1,modern
HSS,HSS7X4X.3125,7664,LRFD3,1,modern
HSS,HSS7X4X.375,7663,LRFD3,1,modern
HSS,HSS7X4X.500,7662,LRFD3,1,modern
HSS,HSS7X4X1/2,1751,15th,4,modern
HSS,HSS7X4X1/4,1754,15th,4,modern
HSS,HSS7X4X1/8,1756,15th,4,modern
HSS,HSS7X4X3/16,1755,15th,4,modern
HSS,HSS7X4X3/8,1752,15th,4,modern
HSS,HSS7X4X5/16,1753,15th,4,modern
HSS,HSS7X5X.125,7661,LRFD3,1,modern
HSS,HSS7X5X.1875,7660,LRFD3,1,modern
HSS,HSS7X5X.250,7659,LRFD3,1,modern
HSS,HSS7X5X.3125,7658,LRFD3,1,modern
HSS,HSS7X5X.375,7657,LRFD3,1,modern
HSS,HSS7X5X.500,7656,LRFD3,1,modern
HSS,HSS7X5X.625,7655,LRFD3,1,modern
HSS,HSS7X5X1/2,1745,15th,4,modern
HSS,HSS7X5X1/4,1748,15th,4,modern
HSS,HSS7X5X1/8,1750,15th,4,modern
HSS,HSS7X5X3/16,1749,15th,4,modern
HSS,HSS7X5X3/8,1746,15th,4,modern
HSS,HSS7X5X5/16,1747,15th,4,modern
HSS,HSS7X5X5/8,9361,LRFD2,1,modern
HSS,HSS7X7X.1875,7654,LRFD3,1,modern
HSS,HSS7X7X.250,7653,LRFD3,1,modern
HSS,HSS7X7X.3125,7652,LRFD3,1,modern
HSS,HSS7X7X.375,7651,LRFD3,1,modern
HSS,HSS7X7X.500,7650,LRFD3,1,modern
HSS,HSS7X7X.625,7649,LRFD3,1,modern
HSS,HSS7X7X1/2,1739,15th,4,modern
HSS,HSS7X7X1/4,1742,15th,4,modern
HSS,HSS7X7X1/8,1744,15th,3,modern
HSS,HSS7X7X3/16,1743,15th,4,modern
HSS,HSS7X7X3/8,1740,15th,4,modern
HSS,HSS7X7X5/16,1741,15th,4,modern
HSS,HSS7X7X5/8,1738,15th,4,modern
HSS,HSS8-3/4X.188,7850,LRFD3,1,modern
HSS,HSS8-3/4X.250,7849,LRFD3,1,modern
HSS,HSS8-3/4X.312,7848,LRFD3,1,modern
HSS,HSS8-3/4X.375,7847,LRFD3,1,modern
HSS,HSS8-3/4X.500,7846,LRFD3,1,modern
HSS,HSS8-5/8X.188,7855,LRFD3,1,modern
HSS,HSS8-5/8X.250,7854,LRFD3,1,modern
HSS,HSS8-5/8X.322,7853,LRFD3,1,modern
HSS,HSS8-5/8X.375,7852,LRFD3,1,modern
HSS,HSS8-5/8X.500,7851,LRFD3,1,modern
HSS,HSS8.625X0.188,1949,15th,4,modern
HSS,HSS8.625X0.250,1948,15th,4,modern
HSS,HSS8.625X0.322,1947,15th,4,modern
HSS,HSS8.625X0.375,1946,15th,4,modern
HSS,HSS8.625X0.500,1945,15th,4,modern
HSS,HSS8.625X0.625,1944,15th,3,modern
HSS,HSS8.750X0.188,9611,LRFD2,1,modern
HSS,HSS8.750X0.250,9610,LRFD2,1,modern
HSS,HSS8.750X0.312,9609,LRFD2,1,modern
HSS,HSS8.750X0.375,9608,LRFD2,1,modern
HSS,HSS8.750X0.500,9607,LRFD2,1,modern
HSS,HSS8X2X.125,7648,LRFD3,1,modern
HSS,HSS8X2X.1875,7647,LRFD3,1,modern
HSS,HSS8X2X.250,7646,LRFD3,1,modern
HSS,HSS8X2X.3125,7645,LRFD3,1,modern
HSS,HSS8X2X.375,7644,LRFD3,1,modern
HSS,HSS8X2X1/4,1735,15th,4,modern
HSS,HSS8X2X1/8,1737,15th,4,modern
HSS,HSS8X2X3/16,1736,15th,4,modern
HSS,HSS8X2X3/8,1733,15th,4,modern
HSS,HSS8X2X5/16,1734,15th,4,modern
HSS,HSS8X3X.125,7643,LRFD3,1,modern
HSS,HSS8X3X.1875,7642,LRFD3,1,modern
HSS,HSS8X3X.250,7641,LRFD3,1,modern
HSS,HSS8X3X.3125,7640,LRFD3,1,modern
HSS,HSS8X3X.375,7639,LRFD3,1,modern
HSS,HSS8X3X.500,7638,LRFD3,1,modern
HSS,HSS8X3X1/2,1727,15th,4,modern
HSS,HSS8X3X1/4,1730,15th,4,modern
HSS,HSS8X3X1/8,1732,15th,4,modern
HSS,HSS8X3X3/16,1731,15th,4,modern
HSS,HSS8X3X3/8,1728,15th,4,modern
HSS,HSS8X3X5/16,1729,15th,4,modern
HSS,HSS8X4X.125,7637,LRFD3,1,modern
HSS,HSS8X4X.1875,7636,LRFD3,1,modern
HSS,HSS8X4X.250,7635,LRFD3,1,modern
HSS,HSS8X4X.3125,7634,LRFD3,1,modern
HSS,HSS8X4X.375,7633,LRFD3,1,modern
HSS,HSS8X4X.500,7632,LRFD3,1,modern
HSS,HSS8X4X.625,7631,LRFD3,1,modern
HSS,HSS8X4X1/2,1721,15th,4,modern
HSS,HSS8X4X1/4,1724,15th,4,modern
HSS,HSS8X4X1/8,1726,15th,4,modern
HSS,HSS8X4X3/16,1725,15th,4,modern
HSS,HSS8X4X3/8,1722,15th,4,modern
HSS,HSS8X4X5/16,1723,15th,4,modern
HSS,HSS8X4X5/8,1720,15th,4,modern
HSS,HSS8X6X.1875,7630,LRFD3,1,modern
HSS,HSS8X6X.250,7629,LRFD3,1,modern
HSS,HSS8X6X.3125,7628,LRFD3,1,modern
HSS,HSS8X6X.375,7627,LRFD3,1,modern
HSS,HSS8X6X.500,7626,LRFD3,1,modern
HSS,HSS8X6X.625,7625,LRFD3,1,modern
HSS,HSS8X6X1/2,1715,15th,4,modern
HSS,HSS8X6X1/4,1718,15th,4,modern
HSS,HSS8X6X3/16,1719,15th,4,modern
HSS,HSS8X6X3/8,1716,15th,4,modern
HSS,HSS8X6X5/16,1717,15th,4,modern
HSS,HSS8X6X5/8,1714,15th,4,modern
HSS,HSS8X8X.1875,7624,LRFD3,1,modern
HSS,HSS8X8X.250,7623,LRFD3,1,modern
HSS,HSS8X8X.3125,7622,LRFD3,1,modern
HSS,HSS8X8X.375,7621,LRFD3,1,modern
HSS,HSS8X8X.500,7620,LRFD3,1,modern
HSS,HSS8X8X.625,7619,LRFD3,1,modern
HSS,HSS8X8X1/2,1708,15th,4,modern
HSS,HSS8X8X1/4,1711,15th,4,modern
HSS,HSS8X8X1/8,1713,15th,3,modern
HSS,HSS8X8X3/16,1712,15th,4,modern
HSS,HSS8X8X3/8,1709,15th,4,modern
HSS,HSS8X8X5/16,1710,15th,4,modern
HSS,HSS8X8X5/8,1707,15th,4,modern
HSS,HSS9-5/8X.188,7845,LRFD3,1,modern
HSS,HSS9-5/8X.250,7844,LRFD3,1,modern
HSS,HSS9-5/8X.312,7843,LRFD3,1,modern
HSS,HSS9-5/8X.375,7842,LRFD3,1,modern
HSS,HSS9-5/8X.500,7841,LRFD3,1,modern
HSS,HSS9.625X0.188,1943,15th,4,modern
HSS,HSS9.625X0.250,1942,15th,4,modern
HSS,HSS9.625X0.312,1941,15th,4,modern
HSS,HSS9.625X0.375,1940,15th,4,modern
HSS,HSS9.625X0.500,1939,15th,4,modern
HSS,HSS9X3X.1875,7618,LRFD3,1,modern
HSS,HSS9X3X.250,7617,LRFD3,1,modern
HSS,HSS9X3X.3125,7616,LRFD3,1,modern
HSS,HSS9X3X.375,7615,LRFD3,1,modern
HSS,HSS9X3X.500,7614,LRFD3,1,modern
HSS,HSS9X3X1/2,1702,15th,4,modern
HSS,HSS9X3X1/4,1705,15th,4,modern
HSS,HSS9X3X3/16,1706,15th,4,modern
HSS,HSS9X3X3/8,1703,15th,4,modern
HSS,HSS9X3X5/16,1704,15th,4,modern
HSS,HSS9X5X.1875,7613,LRFD3,1,modern
HSS,HSS9X5X.250,7612,LRFD3,1,modern
HSS,HSS9X5X.3125,7611,LRFD3,1,modern
HSS,HSS9X5X.375,7610,LRFD3,1,modern
HSS,HSS9X5X.500,7609,LRFD3,1,modern
HSS,HSS9X5X.625,7608,LRFD3,1,modern
HSS,HSS9X5X1/2,1697,15th,4,modern
HSS,HSS9X5X1/4,1700,15th,4,modern
HSS,HSS9X5X3/16,1701,15th,4,modern
HSS,HSS9X5X3/8,1698,15th,4,modern
HSS,HSS9X5X5/16,1699,15th,4,modern
HSS,HSS9X5X5/8,1696,15th,4,modern
HSS,HSS9X7X.1875,7607,LRFD3,1,modern
HSS,HSS9X7X.250,7606,LRFD3,1,modern
HSS,HSS9X7X.3125,7605,LRFD3,1,modern
HSS,HSS9X7X.375,7604,LRFD3,1,modern
HSS,HSS9X7X.500,7603,LRFD3,1,modern
HSS,HSS9X7X.625,7602,LRFD3,1,modern
HSS,HSS9X7X1/2,1691,15th,4,modern
HSS,HSS9X7X1/4,1694,15th,4,modern
HSS,HSS9X7X3/16,1695,15th,4,modern
HSS,HSS9X7X3/8,1692,15th,4,modern
HSS,HSS9X7X5/16,1693,15th,4,modern
HSS,HSS9X7X5/8,1690,15th,4,modern
HSS,HSS9X9X1/2,1684,15th,3,modern
HSS,HSS9X9X1/4,1687,15th,3,modern
HSS,HSS9X9X1/8,1689,15th,3,modern
HSS,HSS9X9X3/16,1688,15th,3,modern
HSS,HSS9X9X3/8,1685,15th,3,modern
HSS,HSS9X9X5/16,1686,15th,3,modern
HSS,HSS9X9X5/8,1683,15th,3,modern
J,JR10,17877,Historic,1,historical
J,JR11,17866,Historic,1,historical
J,JR12,17864,Historic,1,historical
J,JR6,17902,Historic,1,historical
J,JR7,17890,Historic,1,historical
J,JR8,17887,Historic,1,historical
J,JR9,17878,Historic,1,historical
JR,JR102.75,15765,ASD5,1,historical
JR,JR10X2.75,15105,ASD6,1,historical
JR,JR112.875,15764,ASD5,1,historical
JR,JR123,15763,ASD5,1,historical
JR,JR12X3,15104,ASD6,1,historical
JR,JR61.875,15769,ASD5,1,historical
JR,JR6X1.875,15108,ASD6,1,historical
JR,JR72.125,15768,ASD5,1,historical
JR,JR7X2.125,15107,ASD6,1,historical
JR,JR82.25,15767,ASD5,1,historical
JR,JR8X2.25,15106,ASD6,1,historical
JR,JR92.375,15766,ASD5,1,historical
JRC,JRC10X1.5,15089,ASD6,1,historical
JRC,JRC12X1.125,15090,ASD6,1,historical
JRC,JRC12X1.5,15088,ASD6,1,historical
JRU,JRU10X1.125,15751,ASD5,1,historical
JRU,JRU10X1.5,15750,ASD5,1,historical
JRU,JRU12X1.5,15749,ASD5,1,historical
L,L1.125X1.125X0.125,10561,ASD9,1,modern
L,L1.25X1.25X0.125,14010,ASD7,1,modern
L,L1.25X1.25X0.1875,10560,ASD9,2,modern
L,L1.25X1.25X0.25,10559,ASD9,2,modern
L,L1.5X1.5X0.125,14007,ASD7,1,modern
L,L1.5X1.5X0.15625,14006,ASD7,1,modern
L,L1.5X1.5X0.1875,10558,ASD9,2,modern
L,L1.5X1.5X0.25,10557,ASD9,2,modern
L,L1.75X1.250.125,15621,ASD5,1,modern
L,L1.75X1.250.1875,15620,ASD5,1,modern
L,L1.75X1.250.25,15619,ASD5,1,modern
L,L1.75X1.25X0.125,13949,ASD7,1,modern
L,L1.75X1.25X0.1875,13948,ASD7,1,modern
L,L1.75X1.25X0.25,13947,ASD7,1,modern
L,L1.75X1.75X0.125,14003,ASD7,1,modern
L,L1.75X1.75X0.1875,10556,ASD9,2,modern
L,L1.75X1.75X0.25,10555,ASD9,2,modern
L,L10X10X1,430,15th,1,modern
L,L10X10X1-1/4,428,15th,1,modern
L,L10X10X1-1/8,429,15th,1,modern
L,L10X10X1-3/8,427,15th,1,modern
L,L10X10X3/4,432,15th,1,modern
L,L10X10X7/8,431,15th,1,modern
L,L12X12X1,426,15th,1,modern
L,L12X12X1-1/4,424,15th,1,modern
L,L12X12X1-1/8,425,15th,1,modern
L,L12X12X1-3/8,423,15th,1,modern
L,L1X1X0.125,10562,ASD9,2,modern
L,L1X1X0.1875,14012,ASD7,1,modern
L,L1X1X0.25,14011,ASD7,1,modern
L,L2-1/2X2-1/2X1/2,544,15th,5,modern
L,L2-1/2X2-1/2X1/4,547,15th,5,modern
L,L2-1/2X2-1/2X3/16,548,15th,5,modern
L,L2-1/2X2-1/2X3/8,545,15th,5,modern
L,L2-1/2X2-1/2X5/16,546,15th,5,modern
L,L2.5X1.50.1875,15615,ASD5,1,modern
L,L2.5X1.50.25,15614,ASD5,1,modern
L,L2.5X1.50.3125,15613,ASD5,1,modern
L,L2.5X1.50.375,15612,ASD5,1,modern
L,L2.5X1.5X0.1875,13940,ASD7,1,modern
L,L2.5X1.5X0.25,13939,ASD7,1,modern
L,L2.5X1.5X0.3125,13938,ASD7,1,modern
L,L2.5X2.5X0.1875,11527,LRFD1,4,modern
L,L2.5X2.5X0.25,11526,LRFD1,4,modern
L,L2.5X2.5X0.3125,11525,LRFD1,4,modern
L,L2.5X2.5X0.375,11524,LRFD1,4,modern
L,L2.5X2.5X0.5,11523,LRFD1,4,modern
L,L2.5X20.1875,15611,ASD5,1,modern
L,L2.5X20.25,15610,ASD5,1,modern
L,L2.5X20.3125,15609,ASD5,1,modern
L,L2.5X20.375,15608,ASD5,1,modern
L,L2.5X2X0.1875,11531,LRFD1,4,modern
L,L2.5X2X0.25,11530,LRFD1,4,modern
L,L2.5X2X0.3125,11529,LRFD1,4,modern
L,L2.5X2X0.375,11528,LRFD1,4,modern
L,L2X1.25X0.125,13946,ASD7,1,modern
L,L2X1.25X0.1875,13945,ASD7,1,modern
L,L2X1.25X0.25,13944,ASD7,1,modern
L,L2X1.50.125,15618,ASD5,1,modern
L,L2X1.50.1875,15617,ASD5,1,modern
L,L2X1.50.25,15616,ASD5,1,modern
L,L2X1.5X0.125,13943,ASD7,1,modern
L,L2X1.5X0.1875,13942,ASD7,1,modern
L,L2X1.5X0.25,13941,ASD7,1,modern
L,L2X2X0.125,11536,LRFD1,4,modern
L,L2X2X0.1875,11535,LRFD1,4,modern
L,L2X2X0.25,11534,LRFD1,4,modern
L,L2X2X0.3125,11533,LRFD1,4,modern
L,L2X2X0.375,11532,LRFD1,4,modern
L,L2X2X1/4,557,15th,5,modern
L,L2X2X1/8,559,15th,5,modern
L,L2X2X3/16,558,15th,5,modern
L,L2X2X3/8,555,15th,5,modern
L,L2X2X5/16,556,15th,5,modern
L,L3-1/2X3-1/2X1/2,513,15th,5,modern
L,L3-1/2X3-1/2X1/4,517,15th,5,modern
L,L3-1/2X3-1/2X3/8,515,15th,5,modern
L,L3-1/2X3-1/2X5/16,516,15th,5,modern
L,L3-1/2X3-1/2X7/16,514,15th,5,modern
L,L3.5X2.50.25,15596,ASD5,1,modern
L,L3.5X2.50.3125,15595,ASD5,1,modern
L,L3.5X2.50.375,15594,ASD5,1,modern
L,L3.5X2.50.4375,15593,ASD5,1,modern
L,L3.5X2.50.5,15592,ASD5,1,modern
L,L3.5X2.5X0.25,11504,LRFD1,4,modern
L,L3.5X2.5X0.3125,11503,LRFD1,4,modern
L,L3.5X2.5X0.375,11502,LRFD1,4,modern
L,L3.5X2.5X0.4375,11501,LRFD1,4,modern
L,L3.5X2.5X0.5,11500,LRFD1,4,modern
L,L3.5X3.5X0.25,11494,LRFD1,4,modern
L,L3.5X3.5X0.3125,11493,LRFD1,4,modern
L,L3.5X3.5X0.375,11492,LRFD1,4,modern
L,L3.5X3.5X0.4375,11491,LRFD1,4,modern
L,L3.5X3.5X0.5,11490,LRFD1,4,modern
L,L3.5X30.25,15591,ASD5,1,modern
L,L3.5X30.3125,15590,ASD5,1,modern
L,L3.5X30.375,15589,ASD5,1,modern
L,L3.5X30.4375,15588,ASD5,1,modern
L,L3.5X30.5,15587,ASD5,1,modern
L,L3.5X3X0.25,11499,LRFD1,4,modern
L,L3.5X3X0.3125,11498,LRFD1,4,modern
L,L3.5X3X0.375,11497,LRFD1,4,modern
L,L3.5X3X0.4375,11496,LRFD1,4,modern
L,L3.5X3X0.5,11495,LRFD1,4,modern
L,L3X2.50.25,15601,ASD5,1,modern
L,L3X2.50.3125,15600,ASD5,1,modern
L,L3X2.50.375,15599,ASD5,1,modern
L,L3X2.50.4375,15598,ASD5,1,modern
L,L3X2.50.5,15597,ASD5,1,modern
L,L3X2.5X0.1875,11516,LRFD1,4,modern
L,L3X2.5X0.25,11515,LRFD1,4,modern
L,L3X2.5X0.3125,11514,LRFD1,4,modern
L,L3X2.5X0.375,11513,LRFD1,4,modern
L,L3X2.5X0.5,11511,LRFD1,4,modern
L,L3X20.1875,15607,ASD5,1,modern
L,L3X20.25,15606,ASD5,1,modern
L,L3X20.3125,15605,ASD5,1,modern
L,L3X20.375,15604,ASD5,1,modern
L,L3X20.4375,15603,ASD5,1,modern
L,L3X20.5,15602,ASD5,1,modern
L,L3X2X0.1875,11522,LRFD1,4,modern
L,L3X2X0.25,11521,LRFD1,4,modern
L,L3X2X0.3125,11520,LRFD1,4,modern
L,L3X2X0.375,11519,LRFD1,4,modern
L,L3X2X0.4375,11518,LRFD1,4,modern
L,L3X2X0.5,11517,LRFD1,4,modern
L,L3X3X0.1875,11510,LRFD1,4,modern
L,L3X3X0.25,11509,LRFD1,4,modern
L,L3X3X0.3125,11508,LRFD1,4,modern
L,L3X3X0.375,11507,LRFD1,4,modern
L,L3X3X0.4375,11506,LRFD1,4,modern
L,L3X3X0.5,11505,LRFD1,4,modern
L,L3X3X1/2,527,15th,5,modern
L,L3X3X1/4,531,15th,5,modern
L,L3X3X3/16,532,15th,5,modern
L,L3X3X3/8,529,15th,5,modern
L,L3X3X5/16,530,15th,5,modern
L,L3X3X7/16,528,15th,5,modern
L,L4X3.50.25,15580,ASD5,1,modern
L,L4X3.50.3125,15579,ASD5,1,modern
L,L4X3.50.375,15578,ASD5,1,modern
L,L4X3.50.4375,15577,ASD5,1,modern
L,L4X3.50.5,15576,ASD5,1,modern
L,L4X3.50.625,15575,ASD5,1,modern
L,L4X3.5X0.25,11483,LRFD1,4,modern
L,L4X3.5X0.3125,11482,LRFD1,4,modern
L,L4X3.5X0.375,11481,LRFD1,4,modern
L,L4X3.5X0.4375,11480,LRFD1,4,modern
L,L4X3.5X0.5,11479,LRFD1,4,modern
L,L4X3.5X0.625,11478,LRFD1,3,modern
L,L4X30.25,15586,ASD5,1,modern
L,L4X30.3125,15585,ASD5,1,modern
L,L4X30.375,15584,ASD5,1,modern
L,L4X30.4375,15583,ASD5,1,modern
L,L4X30.5,15582,ASD5,1,modern
L,L4X30.625,15581,ASD5,1,modern
L,L4X3X0.25,11489,LRFD1,4,modern
L,L4X3X0.3125,11488,LRFD1,4,modern
L,L4X3X0.375,11487,LRFD1,4,modern
L,L4X3X0.4375,11486,LRFD1,4,modern
L,L4X3X0.5,11485,LRFD1,4,modern
L,L4X3X0.625,11484,LRFD1,3,modern
L,L4X3X7/16,8437,LRFD2,1,modern
L,L4X4X0.25,11477,LRFD1,4,modern
L,L4X4X0.3125,11476,LRFD1,4,modern
L,L4X4X0.375,11475,LRFD1,4,modern
L,L4X4X0.4375,11474,LRFD1,4,modern
L,L4X4X0.5,11473,LRFD1,4,modern
L,L4X4X0.625,11472,LRFD1,4,modern
L,L4X4X0.75,11471,LRFD1,4,modern
L,L4X4X1/2,499,15th,5,modern
L,L4X4X1/4,503,15th,5,modern
L,L4X4X3/4,497,15th,5,modern
L,L4X4X3/8,501,15th,5,modern
L,L4X4X5/16,502,15th,5,modern
L,L4X4X5/8,498,15th,5,modern
L,L4X4X7/16,500,15th,5,modern
L,L5X3.50.25,15569,ASD5,1,modern
L,L5X3.50.3125,15568,ASD5,1,modern
L,L5X3.50.375,15567,ASD5,1,modern
L,L5X3.50.4375,15566,ASD5,1,modern
L,L5X3.50.5,15565,ASD5,1,modern
L,L5X3.50.625,15564,ASD5,1,modern
L,L5X3.50.75,15563,ASD5,1,modern
L,L5X3.5X0.25,11464,LRFD1,4,modern
L,L5X3.5X0.3125,11463,LRFD1,4,modern
L,L5X3.5X0.375,11462,LRFD1,4,modern
L,L5X3.5X0.4375,11461,LRFD1,4,modern
L,L5X3.5X0.5,11460,LRFD1,4,modern
L,L5X3.5X0.625,11459,LRFD1,4,modern
L,L5X3.5X0.75,11458,LRFD1,4,modern
L,L5X30.25,15574,ASD5,1,modern
L,L5X30.3125,15573,ASD5,1,modern
L,L5X30.375,15572,ASD5,1,modern
L,L5X30.4375,15571,ASD5,1,modern
L,L5X30.5,15570,ASD5,1,modern
L,L5X3X0.25,11470,LRFD1,4,modern
L,L5X3X0.3125,11469,LRFD1,4,modern
L,L5X3X0.375,11468,LRFD1,4,modern
L,L5X3X0.4375,11467,LRFD1,4,modern
L,L5X3X0.5,11466,LRFD1,4,modern
L,L5X5X0.3125,11457,LRFD1,4,modern
L,L5X5X0.375,11456,LRFD1,4,modern
L,L5X5X0.4375,11455,LRFD1,4,modern
L,L5X5X0.5,11454,LRFD1,4,modern
L,L5X5X0.625,11453,LRFD1,4,modern
L,L5X5X0.75,11452,LRFD1,4,modern
L,L5X5X0.875,11451,LRFD1,4,modern
L,L5X5X1/2,482,15th,5,modern
L,L5X5X3/4,480,15th,5,modern
L,L5X5X3/8,484,15th,5,modern
L,L5X5X5/16,485,15th,5,modern
L,L5X5X5/8,481,15th,5,modern
L,L5X5X7/16,483,15th,5,modern
L,L5X5X7/8,479,15th,5,modern
L,L6X3.50.25,15562,ASD5,1,modern
L,L6X3.50.3125,15561,ASD5,1,modern
L,L6X3.50.375,15560,ASD5,1,modern
L,L6X3.50.5,15559,ASD5,1,modern
L,L6X3.5X0.25,13887,ASD7,1,modern
L,L6X3.5X0.3125,11450,LRFD1,4,modern
L,L6X3.5X0.375,11449,LRFD1,4,modern
L,L6X3.5X0.5,11448,LRFD1,4,modern
L,L6X40.3125,15558,ASD5,1,modern
L,L6X40.375,15557,ASD5,1,modern
L,L6X40.4375,15556,ASD5,1,modern
L,L6X40.5,15555,ASD5,1,modern
L,L6X40.5625,15554,ASD5,1,modern
L,L6X40.625,15553,ASD5,1,modern
L,L6X40.75,15552,ASD5,1,modern
L,L6X40.875,15551,ASD5,1,modern
L,L6X4X0.25,13883,ASD7,1,modern
L,L6X4X0.3125,11447,LRFD1,4,modern
L,L6X4X0.375,11446,LRFD1,4,modern
L,L6X4X0.4375,11445,LRFD1,4,modern
L,L6X4X0.5,11444,LRFD1,4,modern
L,L6X4X0.5625,11443,LRFD1,4,modern
L,L6X4X0.625,11442,LRFD1,4,modern
L,L6X4X0.75,11441,LRFD1,4,modern
L,L6X4X0.875,11440,LRFD1,4,modern
L,L6X6X0.3125,11439,LRFD1,4,modern
L,L6X6X0.375,11438,LRFD1,4,modern
L,L6X6X0.4375,11437,LRFD1,4,modern
L,L6X6X0.5,11436,LRFD1,4,modern
L,L6X6X0.5625,11435,LRFD1,4,modern
L,L6X6X0.625,11434,LRFD1,4,modern
L,L6X6X0.75,11433,LRFD1,4,modern
L,L6X6X0.875,11432,LRFD1,4,modern
L,L6X6X1,459,15th,9,modern
L,L6X6X1/2,464,15th,5,modern
L,L6X6X3/4,461,15th,5,modern
L,L6X6X3/8,466,15th,5,modern
L,L6X6X5/16,467,15th,5,modern
L,L6X6X5/8,462,15th,5,modern
L,L6X6X7/16,465,15th,5,modern
L,L6X6X7/8,460,15th,5,modern
L,L6X6X9/16,463,15th,5,modern
L,L7X40.375,15550,ASD5,1,modern
L,L7X40.4375,15549,ASD5,1,modern
L,L7X40.5,15548,ASD5,1,modern
L,L7X40.5625,15547,ASD5,1,modern
L,L7X40.625,15546,ASD5,1,modern
L,L7X40.75,15545,ASD5,1,modern
L,L7X40.875,15544,ASD5,1,modern
L,L7X4X0.375,11430,LRFD1,4,modern
L,L7X4X0.4375,13873,ASD7,1,modern
L,L7X4X0.5,11429,LRFD1,4,modern
L,L7X4X0.5625,13871,ASD7,1,modern
L,L7X4X0.625,11428,LRFD1,4,modern
L,L7X4X0.75,11427,LRFD1,4,modern
L,L7X4X0.875,13868,ASD7,1,modern
L,L8X40.4375,15543,ASD5,1,modern
L,L8X40.5,15542,ASD5,1,modern
L,L8X40.5625,15541,ASD5,1,modern
L,L8X40.625,15540,ASD5,1,modern
L,L8X40.75,15539,ASD5,1,modern
L,L8X40.875,15538,ASD5,1,modern
L,L8X41,15537,ASD5,1,modern
L,L8X4X0.4375,13867,ASD7,1,modern
L,L8X4X0.5,11426,LRFD1,4,modern
L,L8X4X0.5625,11425,LRFD1,4,modern
L,L8X4X0.625,13864,ASD7,1,modern
L,L8X4X0.75,11424,LRFD1,4,modern
L,L8X4X0.875,13862,ASD7,1,modern
L,L8X60.4375,15536,ASD5,1,modern
L,L8X60.5,15535,ASD5,1,modern
L,L8X60.5625,15534,ASD5,1,modern
L,L8X60.625,15533,ASD5,1,modern
L,L8X60.75,15532,ASD5,1,modern
L,L8X60.875,15531,ASD5,1,modern
L,L8X61,15530,ASD5,1,modern
L,L8X6X0.4375,11422,LRFD1,4,modern
L,L8X6X0.5,11421,LRFD1,4,modern
L,L8X6X0.5625,11420,LRFD1,4,modern
L,L8X6X0.625,11419,LRFD1,4,modern
L,L8X6X0.75,11418,LRFD1,4,modern
L,L8X6X0.875,11417,LRFD1,4,modern
L,L8X8X0.5,11415,LRFD1,4,modern
L,L8X8X0.5625,11414,LRFD1,4,modern
L,L8X8X0.625,11413,LRFD1,4,modern
L,L8X8X0.75,11412,LRFD1,4,modern
L,L8X8X0.875,11411,LRFD1,4,modern
L,L8X8X1-1/8,433,15th,5,modern
L,L8X8X1/2,439,15th,5,modern
L,L8X8X3/4,436,15th,5,modern
L,L8X8X5/8,437,15th,5,modern
L,L8X8X7/8,435,15th,5,modern
L,L8X8X9/16,438,15th,5,modern
L,L9X40.5,15529,ASD5,1,modern
L,L9X40.5625,15528,ASD5,1,modern
L,L9X40.625,15527,ASD5,1,modern
L,L9X40.75,15526,ASD5,1,modern
L,L9X40.875,15525,ASD5,1,modern
L,L9X4X0.5,11408,LRFD1,4,modern
L,L9X4X0.5625,11407,LRFD1,4,modern
L,L9X4X0.625,11406,LRFD1,4,modern
L,L9X4X0.75,13850,ASD7,1,modern
L,L9X4X0.875,13849,ASD7,1,modern
L,L9X4X1,13848,ASD7,2,modern
LWF,LWF4X4,15102,ASD6,1,historical
M,M109,11856,LRFD1,1,modern
M,M10X22.9,14128,ASD7,1,modern
M,M10X29.1,14127,ASD7,1,modern
M,M10X7.5,290,15th,5,modern
M,M10X8,289,15th,6,modern
M,M12.5X11.6,284,15th,3,modern
M,M12.5X12.4,283,15th,3,modern
M,M12X10,287,15th,5,modern
M,M12X10.8,286,15th,6,modern
M,M14X17.2,14125,ASD7,1,modern
M,M3X2.9,300,15th,3,modern
M,M413,11861,LRFD1,1,modern
M,M44,15756,ASD5,1,modern
M,M4X13.8,14143,ASD7,1,modern
M,M4X16.3,14142,ASD7,1,modern
M,M4X18.9,10682,ASD9,1,modern
M,M4X3.2,299,15th,3,modern
M,M4X3.45,298,15th,3,modern
M,M4X4,15103,ASD6,1,modern
M,M4X4.08,297,15th,3,modern
M,M4X6,296,15th,4,modern
M,M518.9,11860,LRFD1,1,modern
M,M55,15755,ASD5,1,modern
M,M5X5,15099,ASD6,1,modern
M,M620,11858,LRFD1,1,modern
M,M64.4,11859,LRFD1,1,modern
M,M6X22.5,14138,ASD7,1,modern
M,M6X3.7,294,15th,4,modern
M,M6X33.75,14137,ASD7,1,modern
M,M7X5.5,14136,ASD7,1,modern
M,M8X18.5,14134,ASD7,1,modern
M,M8X22.5,14133,ASD7,1,modern
M,M8X32.6,14132,ASD7,1,modern
M,M8X34.3,14131,ASD7,1,modern
M,M8X37.7,14130,ASD7,1,modern
M,M8X6.2,292,15th,4,modern
M,M8X8,15091,ASD6,2,modern
M,M9X9,15092,ASD6,1,modern
MC,MC10X21.9,12884,ASD8,2,modern
MC,MC10X22,402,15th,7,modern
MC,MC10X24.9,12883,ASD8,2,modern
MC,MC10X25,401,15th,7,modern
MC,MC10X25.3,12882,ASD8,2,modern
MC,MC10X28.3,12881,ASD8,2,modern
MC,MC10X28.5,400,15th,9,modern
MC,MC10X33.6,399,15th,9,modern
MC,MC10X41.1,398,15th,9,modern
MC,MC10X8.4,403,15th,9,modern
MC,MC12X14.3,396,15th,2,modern
MC,MC12X30.9,12876,ASD8,2,modern
MC,MC12X31,395,15th,7,modern
MC,MC12X32.9,12875,ASD8,2,modern
MC,MC12X35,394,15th,9,modern
MC,MC12X37,12874,ASD8,2,modern
MC,MC12X40,393,15th,9,modern
MC,MC12X45,392,15th,9,modern
MC,MC12X50,391,15th,9,modern
MC,MC13X31.8,390,15th,9,modern
MC,MC13X35,389,15th,9,modern
MC,MC13X40,388,15th,9,modern
MC,MC13X50,387,15th,9,modern
MC,MC18X42.7,386,15th,9,modern
MC,MC18X45.8,385,15th,9,modern
MC,MC18X51.9,384,15th,9,modern
MC,MC18X58,383,15th,9,modern
MC,MC3X7.1,422,15th,4,modern
MC,MC3X9,14054,ASD7,1,modern
MC,MC4X13.8,421,15th,3,modern
MC,MC6X12,418,15th,9,modern
MC,MC6X15.1,417,15th,9,modern
MC,MC6X15.3,415,15th,8,modern
MC,MC6X16.3,416,15th,9,modern
MC,MC6X18,414,15th,9,modern
MC,MC6X6.5,420,15th,3,modern
MC,MC6X7,419,15th,3,modern
MC,MC7X17.6,11773,LRFD1,3,modern
MC,MC7X19.1,413,15th,9,modern
MC,MC7X22.7,412,15th,9,modern
MC,MC8X18.7,410,15th,9,modern
MC,MC8X20,409,15th,9,modern
MC,MC8X21.4,408,15th,9,modern
MC,MC8X22.8,407,15th,8,modern
MC,MC8X8.5,411,15th,9,modern
MC,MC9X22.8,10586,ASD9,1,modern
MC,MC9X23.9,406,15th,9,modern
MC,MC9X25.4,405,15th,9,modern
MT,MT2X6.5,11405,LRFD1,3,modern
MT,MT2X6.9,13386,ASD7,1,modern
MT,MT2X8.15,13385,ASD7,1,modern
MT,MT3.5X2.75,13379,ASD7,1,modern
MT,MT3X1.85,854,15th,4,modern
MT,MT3X11.25,13381,ASD7,1,modern
MT,MT3X16.875,13380,ASD7,1,modern
MT,MT3X2.2,853,15th,8,modern
MT,MT4X11.25,13376,ASD7,1,modern
MT,MT4X16.3,13375,ASD7,1,modern
MT,MT4X17.15,13374,ASD7,1,modern
MT,MT4X18.85,13373,ASD7,1,modern
MT,MT4X3.1,852,15th,4,modern
MT,MT4X3.25,851,15th,9,modern
MT,MT4X9.25,13377,ASD7,1,modern
MT,MT5X11.45,13371,ASD7,1,modern
MT,MT5X14.55,13370,ASD7,1,modern
MT,MT5X3.75,850,15th,4,modern
MT,MT5X4,849,15th,5,modern
MT,MT5X4.5,848,15th,9,modern
MT,MT6.25X5.8,844,15th,3,modern
MT,MT6.25X6.2,843,15th,3,modern
MT,MT6X5,847,15th,4,modern
MT,MT6X5.4,846,15th,5,modern
MT,MT6X5.9,845,15th,9,modern
MT,MT7X8.6,13368,ASD7,1,modern
MT,MT7X9,11398,LRFD1,3,modern
P,P0.125,14431,ASD6,1,historical
P,P0.25,14432,ASD6,1,historical
P,P0.375,14433,ASD6,1,historical
P,P0.5,11159,LRFD1,5,historical
P,P0.75,11160,LRFD1,5,historical
P,P1,11161,LRFD1,5,historical
P,P1.25,11162,LRFD1,5,historical
P,P1.5,11163,LRFD1,5,historical
P,P10,11172,LRFD1,5,historical
P,P12,11173,LRFD1,5,historical
P,P2,11164,LRFD1,5,historical
P,P2.5,11165,LRFD1,5,historical
P,P3,11166,LRFD1,5,historical
P,P3.5,11167,LRFD1,5,historical
P,P4,11168,LRFD1,5,historical
P,P5,11169,LRFD1,5,historical
P,P6,11170,LRFD1,5,historical
P,P8,11171,LRFD1,5,historical
PIPE,PIPE1-1/2SCH40,7952,LRFD3,1,modern
PIPE,PIPE1-1/2SCH80,7967,LRFD3,1,modern
PIPE,PIPE1-1/4SCH40,7951,LRFD3,1,modern
PIPE,PIPE1-1/4SCH80,7966,LRFD3,1,modern
PIPE,PIPE1/2SCH40,7948,LRFD3,1,modern
PIPE,PIPE1/2SCH80,7963,LRFD3,1,modern
PIPE,PIPE10SCH40,7961,LRFD3,1,modern
PIPE,PIPE10SCH60,7976,LRFD3,1,modern
PIPE,PIPE10XXS,2083,15th,1,modern
PIPE,PIPE12XXS,2082,15th,1,modern
PIPE,PIPE14STD,2045,15th,1,modern
PIPE,PIPE14XS,2066,15th,1,modern
PIPE,PIPE16STD,2044,15th,1,modern
PIPE,PIPE16XS,2065,15th,1,modern
PIPE,PIPE18STD,2043,15th,1,modern
PIPE,PIPE18XS,2064,15th,1,modern
PIPE,PIPE1SCH40,7950,LRFD3,1,modern
PIPE,PIPE1SCH80,7965,LRFD3,1,modern
PIPE,PIPE2-1/2SCH40,7954,LRFD3,1,modern
PIPE,PIPE2-1/2SCH80,7969,LRFD3,1,modern
PIPE,PIPE20STD,2042,15th,1,modern
PIPE,PIPE20XS,2063,15th,1,modern
PIPE,PIPE24STD,2041,15th,1,modern
PIPE,PIPE24XS,2062,15th,1,modern
PIPE,PIPE26STD,2040,15th,1,modern
PIPE,PIPE26XS,2061,15th,1,modern
PIPE,PIPE2SCH40,7953,LRFD3,1,modern
PIPE,PIPE2SCH80,7968,LRFD3,1,modern
PIPE,PIPE3-1/2SCH40,7956,LRFD3,1,modern
PIPE,PIPE3-1/2SCH80,7971,LRFD3,1,modern
PIPE,PIPE3/4SCH40,7949,LRFD3,1,modern
PIPE,PIPE3/4SCH80,7964,LRFD3,1,modern
PIPE,PIPE3SCH40,7955,LRFD3,1,modern
PIPE,PIPE3SCH80,7970,LRFD3,1,modern
PIPE,PIPE4SCH40,7957,LRFD3,1,modern
PIPE,PIPE4SCH80,7972,LRFD3,1,modern
PIPE,PIPE5SCH40,7958,LRFD3,1,modern
PIPE,PIPE5SCH80,7973,LRFD3,1,modern
PIPE,PIPE6SCH40,7959,LRFD3,1,modern
PIPE,PIPE6SCH80,7974,LRFD3,1,modern
PIPE,PIPE8SCH40,7960,LRFD3,1,modern
PIPE,PIPE8SCH80,7975,LRFD3,1,modern
S,S10X21,16337,Historic,1,modern
S,S10X22,16335,Historic,1,modern
S,S10X22.25,16334,Historic,1,modern
S,S10X22.4,16333,Historic,1,modern
S,S10X23,16332,Historic,1,modern
S,S10X23.33,16331,Historic,1,modern
S,S10X23.5,16330,Historic,1,modern
S,S10X23.8,16329,Historic,1,modern
S,S10X25.33,16324,Historic,1,modern
S,S10X25.4,319,15th,10,modern
S,S10X25.9,16319,Historic,1,modern
S,S10X27,16318,Historic,1,modern
S,S10X28,16317,Historic,1,modern
S,S10X29.8,16316,Historic,1,modern
S,S10X30.13,16309,Historic,1,modern
S,S10X30.3,16308,Historic,1,modern
S,S10X31.5,16307,Historic,1,modern
S,S10X32,16305,Historic,1,modern
S,S10X33,16302,Historic,1,modern
S,S10X34.9,16301,Historic,1,modern
S,S10X35,318,15th,10,modern
S,S10X45,16288,Historic,1,modern
S,S12X25,16285,Historic,1,modern
S,S12X27.5,16282,Historic,1,modern
S,S12X27.9,16281,Historic,1,modern
S,S12X28,16279,Historic,1,modern
S,S12X30,16278,Historic,1,modern
S,S12X30.5,16277,Historic,1,modern
S,S12X30.6,16276,Historic,1,modern
S,S12X31.5,16272,Historic,1,modern
S,S12X31.67,16271,Historic,1,modern
S,S12X31.8,317,15th,10,modern
S,S12X32,16267,Historic,1,modern
S,S12X34.1,16266,Historic,1,modern
S,S12X35,316,15th,10,modern
S,S12X36,16260,Historic,1,modern
S,S12X36.6,16259,Historic,1,modern
S,S12X37.5,16258,Historic,1,modern
S,S12X38,16257,Historic,1,modern
S,S12X38.4,16256,Historic,1,modern
S,S12X39,16254,Historic,1,modern
S,S12X39.4,16253,Historic,1,modern
S,S12X40,16246,Historic,1,modern
S,S12X40.8,315,15th,10,modern
S,S12X44.1,16243,Historic,1,modern
S,S12X45,16236,Historic,1,modern
S,S12X47.6,16235,Historic,1,modern
S,S12X48,16234,Historic,1,modern
S,S12X55,16220,Historic,1,modern
S,S12X55.5,16219,Historic,1,modern
S,S12X56.67,16218,Historic,1,modern
S,S12X56.7,16217,Historic,1,modern
S,S12X60,16213,Historic,1,modern
S,S12X65,16211,Historic,1,modern
S,S12X66.9,16210,Historic,1,modern
S,S15X100,16090,Historic,1,modern
S,S15X33,16209,Historic,1,modern
S,S15X35,16208,Historic,1,modern
S,S15X36,16204,Historic,1,modern
S,S15X37.3,16203,Historic,1,modern
S,S15X37.5,16202,Historic,1,modern
S,S15X39,16201,Historic,1,modern
S,S15X41,16199,Historic,1,modern
S,S15X41.2,16198,Historic,1,modern
S,S15X42,16195,Historic,1,modern
S,S15X42.4,16194,Historic,1,modern
S,S15X42.9,313,15th,10,modern
S,S15X45,16185,Historic,1,modern
S,S15X47.5,16184,Historic,1,modern
S,S15X48,16183,Historic,1,modern
S,S15X49.3,16182,Historic,1,modern
S,S15X50,312,15th,10,modern
S,S15X52.9,16175,Historic,1,modern
S,S15X55,16168,Historic,1,modern
S,S15X56.5,16167,Historic,1,modern
S,S15X56.9,16166,Historic,1,modern
S,S15X57.6,16165,Historic,1,modern
S,S15X59,16164,Historic,1,modern
S,S15X60,16158,Historic,1,modern
S,S15X60.8,16156,Historic,1,modern
S,S15X65,16151,Historic,1,modern
S,S15X66.67,16149,Historic,1,modern
S,S15X69.2,16147,Historic,1,modern
S,S15X70,16140,Historic,1,modern
S,S15X70.4,16139,Historic,1,modern
S,S15X75,16131,Historic,1,modern
S,S15X80,16122,Historic,1,modern
S,S15X81.3,16119,Historic,1,modern
S,S15X85,16112,Historic,1,modern
S,S15X85.1,16111,Historic,1,modern
S,S15X90,16104,Historic,1,modern
S,S15X95,16097,Historic,1,modern
S,S18X46,16088,Historic,1,modern
S,S18X48,16087,Historic,1,modern
S,S18X48.2,16086,Historic,1,modern
S,S18X54.7,311,15th,10,modern
S,S18X55,16079,Historic,1,modern
S,S18X60,16073,Historic,1,modern
S,S18X65,16067,Historic,1,modern
S,S18X67,16066,Historic,1,modern
S,S18X70,310,15th,10,modern
S,S18X75,16056,Historic,1,modern
S,S18X75.6,16055,Historic,1,modern
S,S18X80,16051,Historic,1,modern
S,S18X85,16048,Historic,1,modern
S,S18X90,16045,Historic,1,modern
S,S20X100,15977,Historic,1,modern
S,S20X64,16044,Historic,1,modern
S,S20X64.8,16043,Historic,1,modern
S,S20X65,16040,Historic,1,modern
S,S20X65.4,14102,ASD7,2,modern
S,S20X66,309,15th,8,modern
S,S20X66.67,16037,Historic,1,modern
S,S20X75,308,15th,10,modern
S,S20X78,16021,Historic,1,modern
S,S20X80,16015,Historic,1,modern
S,S20X81.4,16013,Historic,1,modern
S,S20X81.7,16012,Historic,1,modern
S,S20X85,14100,ASD7,2,modern
S,S20X86,307,15th,8,modern
S,S20X90,15994,Historic,1,modern
S,S20X95,14099,ASD7,2,modern
S,S20X96,306,15th,8,modern
S,S20X98.4,15985,Historic,1,modern
S,S24X100,303,15th,10,modern
S,S24X105,15948,Historic,1,modern
S,S24X105.9,14095,ASD7,2,modern
S,S24X106,302,15th,8,modern
S,S24X110,15945,Historic,1,modern
S,S24X115,15943,Historic,1,modern
S,S24X120,14094,ASD7,2,modern
S,S24X121,301,15th,8,modern
S,S24X79.9,14098,ASD7,2,modern
S,S24X80,305,15th,9,modern
S,S24X85,15966,Historic,1,modern
S,S24X90,304,15th,10,modern
S,S24X95,15955,Historic,1,modern
S,S3.5X5.8,16587,Historic,1,modern
S,S3.5X6,16586,Historic,1,modern
S,S3X5.1,16616,Historic,1,modern
S,S3X5.2,16615,Historic,1,modern
S,S3X5.3,16612,Historic,1,modern
S,S3X5.5,16609,Historic,1,modern
S,S3X6,16606,Historic,1,modern
S,S3X6.3,16605,Historic,1,modern
S,S3X6.5,16600,Historic,1,modern
S,S3X6.8,16599,Historic,1,modern
S,S3X6.83,16598,Historic,1,modern
S,S3X6.93,16597,Historic,1,modern
S,S3X7.5,327,15th,10,modern
S,S3X9,16589,Historic,1,modern
S,S3X9.07,16588,Historic,1,modern
S,S4X10.2,16556,Historic,1,modern
S,S4X10.5,16552,Historic,1,modern
S,S4X10.67,16551,Historic,1,modern
S,S4X11.3,16550,Historic,1,modern
S,S4X11.46,16549,Historic,1,modern
S,S4X6,16584,Historic,1,modern
S,S4X6.2,16583,Historic,1,modern
S,S4X6.85,16582,Historic,1,modern
S,S4X7,16581,Historic,1,modern
S,S4X7.9,16574,Historic,1,modern
S,S4X8,16573,Historic,1,modern
S,S4X8.3,16572,Historic,1,modern
S,S4X8.4,16571,Historic,1,modern
S,S4X8.5,16567,Historic,1,modern
S,S4X9,16566,Historic,1,modern
S,S4X9.4,16565,Historic,1,modern
S,S4X9.5,325,15th,10,modern
S,S512.5,16530,Historic,1,modern
S,S5X12,16536,Historic,1,modern
S,S5X12.25,16532,Historic,1,modern
S,S5X12.3,16531,Historic,1,modern
S,S5X13,16527,Historic,1,modern
S,S5X14,16526,Historic,1,modern
S,S5X14.75,11848,LRFD1,5,modern
S,S5X15,16520,Historic,1,modern
S,S5X17.33,16517,Historic,1,modern
S,S5X9.1,16546,Historic,1,modern
S,S5X9.4,16545,Historic,1,modern
S,S5X9.75,16542,Historic,1,modern
S,S6X11.6,16516,Historic,1,modern
S,S6X11.9,16515,Historic,1,modern
S,S6X12,16514,Historic,1,modern
S,S6X12.25,16512,Historic,1,modern
S,S6X12.27,16511,Historic,1,modern
S,S6X12.5,323,15th,10,modern
S,S6X12.75,16508,Historic,1,modern
S,S6X13,16507,Historic,1,modern
S,S6X13.33,16506,Historic,1,modern
S,S6X14.75,16502,Historic,1,modern
S,S6X15,16500,Historic,1,modern
S,S6X15.2,16499,Historic,1,modern
S,S6X15.5,16498,Historic,1,modern
S,S6X16,16497,Historic,1,modern
S,S6X16.1,16496,Historic,1,modern
S,S6X16.6,16495,Historic,1,modern
S,S6X16.67,16494,Historic,1,modern
S,S6X17.2,4401,13th,1,modern
S,S6X17.25,322,15th,9,modern
S,S6X17.5,16489,Historic,1,modern
S,S6X18,16488,Historic,1,modern
S,S6X18.33,16487,Historic,1,modern
S,S6X21.67,16483,Historic,1,modern
S,S6X23.9,16482,Historic,1,modern
S,S6X27.7,16481,Historic,1,modern
S,S6X32.3,16479,Historic,1,modern
S,S6X37.4,16477,Historic,1,modern
S,S6X41,16475,Historic,1,modern
S,S6X46.1,16474,Historic,1,modern
S,S7X14.6,16472,Historic,1,modern
S,S7X15,16468,Historic,1,modern
S,S7X15.25,16467,Historic,1,modern
S,S7X15.3,11845,LRFD1,5,modern
S,S7X15.5,16464,Historic,1,modern
S,S7X17.5,16459,Historic,1,modern
S,S7X17.9,16458,Historic,1,modern
S,S7X18,16457,Historic,1,modern
S,S7X18.3,16456,Historic,1,modern
S,S7X19,16455,Historic,1,modern
S,S7X20.2,16447,Historic,1,modern
S,S7X21.33,16446,Historic,1,modern
S,S7X22,16444,Historic,1,modern
S,S7X25.2,16443,Historic,1,modern
S,S7X26.67,16442,Historic,1,modern
S,S8X17,16441,Historic,1,modern
S,S8X17.23,16440,Historic,1,modern
S,S8X17.4,16439,Historic,1,modern
S,S8X17.5,16437,Historic,1,modern
S,S8X18.4,321,15th,10,modern
S,S8X19,16425,Historic,1,modern
S,S8X20,16424,Historic,1,modern
S,S8X20.25,16422,Historic,1,modern
S,S8X20.5,16415,Historic,1,modern
S,S8X21,16414,Historic,1,modern
S,S8X21.2,16413,Historic,1,modern
S,S8X21.7,16412,Historic,1,modern
S,S8X22,16409,Historic,1,modern
S,S8X22.75,16407,Historic,1,modern
S,S8X23,320,15th,10,modern
S,S8X24.3,16399,Historic,1,modern
S,S8X25,16394,Historic,1,modern
S,S8X25.25,16392,Historic,1,modern
S,S8X25.5,16385,Historic,1,modern
S,S8X27,16383,Historic,1,modern
S,S8X28.33,16382,Historic,1,modern
S,S8X32,16381,Historic,1,modern
S,S9X19.75,16380,Historic,1,modern
S,S9X20.03,16379,Historic,1,modern
S,S9X20.5,16378,Historic,1,modern
S,S9X21.45,16372,Historic,1,modern
S,S9X21.8,16370,Historic,1,modern
S,S9X23.33,16369,Historic,1,modern
S,S9X25.4,16359,Historic,1,modern
S,S9X26,16358,Historic,1,modern
S,S9X27,16357,Historic,1,modern
S,S9X28.33,16356,Historic,1,modern
S,S9X28.6,16355,Historic,1,modern
S,S9X33,16345,Historic,1,modern
S,S9X35,16338,Historic,1,modern
ST,ST1.5X2.85,884,15th,8,modern
ST,ST1.5X3.75,883,15th,8,modern
ST,ST10X32.7,13345,ASD7,1,modern
ST,ST10X33,865,15th,8,modern
ST,ST10X37.5,864,15th,9,modern
ST,ST10X42.5,13343,ASD7,1,modern
ST,ST10X43,863,15th,8,modern
ST,ST10X47.5,13342,ASD7,1,modern
ST,ST10X48,862,15th,8,modern
ST,ST12X39.95,13341,ASD7,1,modern
ST,ST12X40,861,15th,8,modern
ST,ST12X45,860,15th,9,modern
ST,ST12X50,859,15th,9,modern
ST,ST12X52.95,13338,ASD7,1,modern
ST,ST12X53,858,15th,8,modern
ST,ST12X60,13337,ASD7,1,modern
ST,ST12X60.5,857,15th,8,modern
ST,ST1X2.85,10213,ASD9,1,modern
ST,ST1X3.75,10212,ASD9,1,modern
ST,ST2.5X5,880,15th,8,modern
ST,ST2.5X7.375,11392,LRFD1,4,modern
ST,ST2X3.85,882,15th,9,modern
ST,ST2X4.75,881,15th,9,modern
ST,ST2X5,13363,ASD7,1,modern
ST,ST3.5X10,11388,LRFD1,4,modern
ST,ST3.5X7.65,11389,LRFD1,4,modern
ST,ST3X6.25,879,15th,9,modern
ST,ST3X8.6,878,15th,3,modern
ST,ST3X8.625,11390,LRFD1,4,modern
ST,ST3X8.63,6870,LRFD3,2,modern
ST,ST4X11.5,876,15th,9,modern
ST,ST4X9.2,877,15th,9,modern
ST,ST5X12.7,875,15th,9,modern
ST,ST5X17.5,874,15th,9,modern
ST,ST6X15.9,873,15th,9,modern
ST,ST6X17.5,872,15th,9,modern
ST,ST6X20.4,871,15th,9,modern
ST,ST6X25,870,15th,9,modern
ST,ST7.5X21.45,869,15th,9,modern
ST,ST7.5X25,868,15th,9,modern
ST,ST9X27.35,867,15th,9,modern
ST,ST9X35,866,15th,9,modern
ST JR,STJR3,14787,ASD6,2,historical
ST JR,STJR3.5,14786,ASD6,2,historical
ST JR,STJR4,14785,ASD6,2,historical
ST JR,STJR4.5,15371,ASD5,1,historical
ST JR,STJR5,14784,ASD6,2,historical
ST JR,STJR5.5,15369,ASD5,1,historical
ST JR,STJR6,14783,ASD6,2,historical
ST R,STR10X2X0.1875,9835,ASD9,1,historical
ST R,STR10X2X0.25,9834,ASD9,1,historical
ST R,STR10X2X0.3125,9833,ASD9,1,historical
ST R,STR10X2X0.375,9832,ASD9,1,historical
ST R,STR10X4X0.1875,9831,ASD9,1,historical
ST R,STR10X4X0.25,9830,ASD9,1,historical
ST R,STR10X4X0.3125,9829,ASD9,1,historical
ST R,STR10X4X0.375,9828,ASD9,1,historical
ST R,STR10X4X0.5,9827,ASD9,1,historical
ST R,STR10X4X0.5625,9826,ASD9,1,historical
ST R,STR10X5X0.1875,9825,ASD9,1,historical
ST R,STR10X5X0.25,9824,ASD9,1,historical
ST R,STR10X5X0.3125,9823,ASD9,1,historical
ST R,STR10X5X0.375,9822,ASD9,1,historical
ST R,STR10X5X0.5,9821,ASD9,1,historical
ST R,STR10X5X0.5625,9820,ASD9,1,historical
ST R,STR10X5X0.625,9819,ASD9,1,historical
ST R,STR10X6X0.1875,9818,ASD9,1,historical
ST R,STR10X6X0.25,9817,ASD9,1,historical
ST R,STR10X6X0.3125,9816,ASD9,1,historical
ST R,STR10X6X0.375,9815,ASD9,1,historical
ST R,STR10X6X0.5,9814,ASD9,1,historical
ST R,STR10X6X0.5625,9813,ASD9,1,historical
ST R,STR10X6X0.625,9812,ASD9,1,historical
ST R,STR10X8X0.1875,9811,ASD9,1,historical
ST R,STR10X8X0.25,9810,ASD9,1,historical
ST R,STR10X8X0.3125,9809,ASD9,1,historical
ST R,STR10X8X0.375,9808,ASD9,1,historical
ST R,STR10X8X0.5,9807,ASD9,1,historical
ST R,STR10X8X0.5625,9806,ASD9,1,historical
ST R,STR10X8X0.625,9805,ASD9,1,historical
ST R,STR12X2X0.1875,9804,ASD9,1,historical
ST R,STR12X2X0.25,9803,ASD9,1,historical
ST R,STR12X4X0.1875,9802,ASD9,1,historical
ST R,STR12X4X0.25,9801,ASD9,1,historical
ST R,STR12X4X0.3125,9800,ASD9,1,historical
ST R,STR12X4X0.375,9799,ASD9,1,historical
ST R,STR12X4X0.5,9798,ASD9,1,historical
ST R,STR12X4X0.5625,9797,ASD9,1,historical
ST R,STR12X4X0.625,9796,ASD9,1,historical
ST R,STR12X6X0.1875,9795,ASD9,1,historical
ST R,STR12X6X0.25,9794,ASD9,1,historical
ST R,STR12X6X0.3125,9793,ASD9,1,historical
ST R,STR12X6X0.375,9792,ASD9,1,historical
ST R,STR12X6X0.5,9791,ASD9,1,historical
ST R,STR12X6X0.5625,9790,ASD9,1,historical
ST R,STR12X6X0.625,9789,ASD9,1,historical
ST R,STR12X8X0.1875,9788,ASD9,1,historical
ST R,STR12X8X0.25,9787,ASD9,1,historical
ST R,STR12X8X0.3125,9786,ASD9,1,historical
ST R,STR12X8X0.375,9785,ASD9,1,historical
ST R,STR12X8X0.5,9784,ASD9,1,historical
ST R,STR12X8X0.5625,9783,ASD9,1,historical
ST R,STR12X8X0.625,9782,ASD9,1,historical
ST R,STR14X10X0.3125,9773,ASD9,1,historical
ST R,STR14X10X0.375,9772,ASD9,1,historical
ST R,STR14X10X0.5,9771,ASD9,1,historical
ST R,STR14X10X0.625,9770,ASD9,1,historical
ST R,STR14X4X0.25,9781,ASD9,1,historical
ST R,STR14X4X0.3125,9780,ASD9,1,historical
ST R,STR14X4X0.375,9779,ASD9,1,historical
ST R,STR14X4X0.5,9778,ASD9,1,historical
ST R,STR14X6X0.25,9777,ASD9,1,historical
ST R,STR14X6X0.3125,9776,ASD9,1,historical
ST R,STR14X6X0.375,9775,ASD9,1,historical
ST R,STR14X6X0.5,9774,ASD9,1,historical
ST R,STR16X12X0.3125,9763,ASD9,1,historical
ST R,STR16X12X0.375,9762,ASD9,1,historical
ST R,STR16X12X0.5,9761,ASD9,1,historical
ST R,STR16X12X0.625,9760,ASD9,1,historical
ST R,STR16X4X0.3125,9769,ASD9,1,historical
ST R,STR16X4X0.375,9768,ASD9,1,historical
ST R,STR16X4X0.5,9767,ASD9,1,historical
ST R,STR16X8X0.3125,9766,ASD9,1,historical
ST R,STR16X8X0.375,9765,ASD9,1,historical
ST R,STR16X8X0.5,9764,ASD9,1,historical
ST R,STR18X6X0.3125,9759,ASD9,1,historical
ST R,STR18X6X0.375,9758,ASD9,1,historical
ST R,STR18X6X0.5,9757,ASD9,1,historical
ST R,STR20X12X0.3125,9750,ASD9,1,historical
ST R,STR20X12X0.375,9749,ASD9,1,historical
ST R,STR20X12X0.5,9748,ASD9,1,historical
ST R,STR20X12X0.625,9747,ASD9,1,historical
ST R,STR20X4X0.3125,9756,ASD9,1,historical
ST R,STR20X4X0.375,9755,ASD9,1,historical
ST R,STR20X4X0.5,9754,ASD9,1,historical
ST R,STR20X8X0.3125,9753,ASD9,1,historical
ST R,STR20X8X0.375,9752,ASD9,1,historical
ST R,STR20X8X0.5,9751,ASD9,1,historical
ST R,STR3.5X2.5X0.1875,9936,ASD9,1,historical
ST R,STR3.5X2.5X0.25,9935,ASD9,1,historical
ST R,STR3X2X0.1875,9938,ASD9,1,historical
ST R,STR3X2X0.25,9937,ASD9,1,historical
ST R,STR4X2X0.1875,9934,ASD9,1,historical
ST R,STR4X2X0.25,9933,ASD9,1,historical
ST R,STR4X2X0.3125,9932,ASD9,1,historical
ST R,STR4X3X0.1875,9931,ASD9,1,historical
ST R,STR4X3X0.25,9930,ASD9,1,historical
ST R,STR4X3X0.3125,9929,ASD9,1,historical
ST R,STR5X2X0.1875,9928,ASD9,1,historical
ST R,STR5X2X0.25,9927,ASD9,1,historical
ST R,STR5X2X0.3125,9926,ASD9,1,historical
ST R,STR5X3X0.1875,9925,ASD9,1,historical
ST R,STR5X3X0.25,9924,ASD9,1,historical
ST R,STR5X3X0.3125,9923,ASD9,1,historical
ST R,STR5X3X0.375,9922,ASD9,1,historical
ST R,STR5X3X0.5,9921,ASD9,1,historical
ST R,STR5X4X0.1875,9920,ASD9,1,historical
ST R,STR5X4X0.25,9919,ASD9,1,historical
ST R,STR5X4X0.3125,9918,ASD9,1,historical
ST R,STR5X4X0.375,9917,ASD9,1,historical
ST R,STR6X2X0.1875,9916,ASD9,1,historical
ST R,STR6X2X0.25,9915,ASD9,1,historical
ST R,STR6X2X0.3125,9914,ASD9,1,historical
ST R,STR6X2X0.375,9913,ASD9,1,historical
ST R,STR6X3X0.1875,9912,ASD9,1,historical
ST R,STR6X3X0.25,9911,ASD9,1,historical
ST R,STR6X3X0.3125,9910,ASD9,1,historical
ST R,STR6X3X0.375,9909,ASD9,1,historical
ST R,STR6X4X0.1875,9908,ASD9,1,historical
ST R,STR6X4X0.25,9907,ASD9,1,historical
ST R,STR6X4X0.3125,9906,ASD9,1,historical
ST R,STR6X4X0.375,9905,ASD9,1,historical
ST R,STR6X4X0.5,9904,ASD9,1,historical
ST R,STR6X5X0.1875,9903,ASD9,1,historical
ST R,STR6X5X0.25,9902,ASD9,1,historical
ST R,STR6X5X0.3125,9901,ASD9,1,historical
ST R,STR6X5X0.375,9900,ASD9,1,historical
ST R,STR6X5X0.5,9899,ASD9,1,historical
ST R,STR7X2X0.1875,9898,ASD9,1,historical
ST R,STR7X2X0.25,9897,ASD9,1,historical
ST R,STR7X3X0.1875,9896,ASD9,1,historical
ST R,STR7X3X0.25,9895,ASD9,1,historical
ST R,STR7X3X0.3125,9894,ASD9,1,historical
ST R,STR7X3X0.375,9893,ASD9,1,historical
ST R,STR7X3X0.5,9892,ASD9,1,historical
ST R,STR7X4X0.1875,9891,ASD9,1,historical
ST R,STR7X4X0.25,9890,ASD9,1,historical
ST R,STR7X4X0.3125,9889,ASD9,1,historical
ST R,STR7X4X0.375,9888,ASD9,1,historical
ST R,STR7X4X0.5,9887,ASD9,1,historical
ST R,STR7X5X0.1875,9886,ASD9,1,historical
ST R,STR7X5X0.25,9885,ASD9,1,historical
ST R,STR7X5X0.3125,9884,ASD9,1,historical
ST R,STR7X5X0.375,9883,ASD9,1,historical
ST R,STR7X5X0.5,9882,ASD9,1,historical
ST R,STR8X2X0.1875,9881,ASD9,1,historical
ST R,STR8X2X0.25,9880,ASD9,1,historical
ST R,STR8X2X0.3125,9879,ASD9,1,historical
ST R,STR8X2X0.375,9878,ASD9,1,historical
ST R,STR8X3X0.1875,9877,ASD9,1,historical
ST R,STR8X3X0.25,9876,ASD9,1,historical
ST R,STR8X3X0.3125,9875,ASD9,1,historical
ST R,STR8X3X0.375,9874,ASD9,1,historical
ST R,STR8X3X0.5,9873,ASD9,1,historical
ST R,STR8X4X0.1875,9872,ASD9,1,historical
ST R,STR8X4X0.25,9871,ASD9,1,historical
ST R,STR8X4X0.3125,9870,ASD9,1,historical
ST R,STR8X4X0.375,9869,ASD9,1,historical
ST R,STR8X4X0.5,9868,ASD9,1,historical
ST R,STR8X4X0.5625,9867,ASD9,1,historical
ST R,STR8X6X0.1875,9866,ASD9,1,historical
ST R,STR8X6X0.25,9865,ASD9,1,historical
ST R,STR8X6X0.3125,9864,ASD9,1,historical
ST R,STR8X6X0.375,9863,ASD9,1,historical
ST R,STR8X6X0.5,9862,ASD9,1,historical
ST R,STR8X6X0.5625,9861,ASD9,1,historical
ST R,STR9X3X0.1875,9860,ASD9,1,historical
ST R,STR9X3X0.25,9859,ASD9,1,historical
ST R,STR9X3X0.3125,9858,ASD9,1,historical
ST R,STR9X3X0.375,9857,ASD9,1,historical
ST R,STR9X3X0.5,9856,ASD9,1,historical
ST R,STR9X5X0.1875,9855,ASD9,1,historical
ST R,STR9X5X0.25,9854,ASD9,1,historical
ST R,STR9X5X0.3125,9853,ASD9,1,historical
ST R,STR9X5X0.375,9852,ASD9,1,historical
ST R,STR9X5X0.5,9851,ASD9,1,historical
ST R,STR9X5X0.5625,9850,ASD9,1,historical
ST R,STR9X6X0.1875,9849,ASD9,1,historical
ST R,STR9X6X0.25,9848,ASD9,1,historical
ST R,STR9X6X0.3125,9847,ASD9,1,historical
ST R,STR9X6X0.375,9846,ASD9,1,historical
ST R,STR9X6X0.5,9845,ASD9,1,historical
ST R,STR9X6X0.5625,9844,ASD9,1,historical
ST R,STR9X6X0.625,9843,ASD9,1,historical
ST R,STR9X7X0.1875,9842,ASD9,1,historical
ST R,STR9X7X0.25,9841,ASD9,1,historical
ST R,STR9X7X0.3125,9840,ASD9,1,historical
ST R,STR9X7X0.375,9839,ASD9,1,historical
ST R,STR9X7X0.5,9838,ASD9,1,historical
ST R,STR9X7X0.5625,9837,ASD9,1,historical
ST R,STR9X7X0.625,9836,ASD9,1,historical
ST S,STS10X10X0.1875,9959,ASD9,1,historical
ST S,STS10X10X0.25,9958,ASD9,1,historical
ST S,STS10X10X0.3125,9957,ASD9,1,historical
ST S,STS10X10X0.375,9956,ASD9,1,historical
ST S,STS10X10X0.5,9955,ASD9,1,historical
ST S,STS10X10X0.5625,9954,ASD9,1,historical
ST S,STS10X10X0.625,9953,ASD9,1,historical
ST S,STS12X12X0.1875,9952,ASD9,1,historical
ST S,STS12X12X0.25,9951,ASD9,1,historical
ST S,STS12X12X0.3125,9950,ASD9,1,historical
ST S,STS12X12X0.375,9949,ASD9,1,historical
ST S,STS12X12X0.5,9948,ASD9,1,historical
ST S,STS12X12X0.625,9947,ASD9,1,historical
ST S,STS14X14X0.3125,9946,ASD9,1,historical
ST S,STS14X14X0.375,9945,ASD9,1,historical
ST S,STS14X14X0.5,9944,ASD9,1,historical
ST S,STS14X14X0.625,9943,ASD9,1,historical
ST S,STS16X16X0.3125,9942,ASD9,1,historical
ST S,STS16X16X0.375,9941,ASD9,1,historical
ST S,STS16X16X0.5,9940,ASD9,1,historical
ST S,STS16X16X0.625,9939,ASD9,1,historical
ST S,STS2.5X2.5X0.1875,10006,ASD9,1,historical
ST S,STS2.5X2.5X0.25,10005,ASD9,1,historical
ST S,STS2.5X2.5X0.3125,10004,ASD9,1,historical
ST S,STS2X2X0.1875,10009,ASD9,1,historical
ST S,STS2X2X0.25,10008,ASD9,1,historical
ST S,STS2X2X0.3125,10007,ASD9,1,historical
ST S,STS3.5X3.5X0.1875,10000,ASD9,1,historical
ST S,STS3.5X3.5X0.25,9999,ASD9,1,historical
ST S,STS3.5X3.5X0.3125,9998,ASD9,1,historical
ST S,STS3X3X0.1875,10003,ASD9,1,historical
ST S,STS3X3X0.25,10002,ASD9,1,historical
ST S,STS3X3X0.3125,10001,ASD9,1,historical
ST S,STS4.5X4.5X0.1875,9992,ASD9,1,historical
ST S,STS4.5X4.5X0.25,9991,ASD9,1,historical
ST S,STS4X4X0.1875,9997,ASD9,1,historical
ST S,STS4X4X0.25,9996,ASD9,1,historical
ST S,STS4X4X0.3125,9995,ASD9,1,historical
ST S,STS4X4X0.375,9994,ASD9,1,historical
ST S,STS4X4X0.5,9993,ASD9,1,historical
ST S,STS5X5X0.1875,9990,ASD9,1,historical
ST S,STS5X5X0.25,9989,ASD9,1,historical
ST S,STS5X5X0.3125,9988,ASD9,1,historical
ST S,STS5X5X0.375,9987,ASD9,1,historical
ST S,STS5X5X0.5,9986,ASD9,1,historical
ST S,STS6X6X0.1875,9985,ASD9,1,historical
ST S,STS6X6X0.25,9984,ASD9,1,historical
ST S,STS6X6X0.3125,9983,ASD9,1,historical
ST S,STS6X6X0.375,9982,ASD9,1,historical
ST S,STS6X6X0.5,9981,ASD9,1,historical
ST S,STS6X6X0.5625,9980,ASD9,1,historical
ST S,STS7X7X0.1875,9979,ASD9,1,historical
ST S,STS7X7X0.25,9978,ASD9,1,historical
ST S,STS7X7X0.3125,9977,ASD9,1,historical
ST S,STS7X7X0.375,9976,ASD9,1,historical
ST S,STS7X7X0.5,9975,ASD9,1,historical
ST S,STS7X7X0.5625,9974,ASD9,1,historical
ST S,STS8X8X0.1875,9973,ASD9,1,historical
ST S,STS8X8X0.25,9972,ASD9,1,historical
ST S,STS8X8X0.3125,9971,ASD9,1,historical
ST S,STS8X8X0.375,9970,ASD9,1,historical
ST S,STS8X8X0.5,9969,ASD9,1,historical
ST S,STS8X8X0.5625,9968,ASD9,1,historical
ST S,STS8X8X0.625,9967,ASD9,1,historical
ST S,STS9X9X0.1875,9966,ASD9,1,historical
ST S,STS9X9X0.25,9965,ASD9,1,historical
ST S,STS9X9X0.3125,9964,ASD9,1,historical
ST S,STS9X9X0.375,9963,ASD9,1,historical
ST S,STS9X9X0.5,9962,ASD9,1,historical
ST S,STS9X9X0.5625,9961,ASD9,1,historical
ST S,STS9X9X0.625,9960,ASD9,1,historical
T FS,TFS2.25X2.25,15299,ASD5,1,historical
T FS,TFS3X2.5,15296,ASD5,1,historical
T FS,TFS4X2.5,15293,ASD5,1,historical
T FS,TFS4X3,15292,ASD5,1,historical
T FS,TFS4X4,15291,ASD5,1,historical
T FS,TFS4X4.5,15290,ASD5,1,historical
T FS,TFS5X3,15289,ASD5,1,historical
T FS,TFS5X3.125,15288,ASD5,1,historical
U,U3X2.3125,14727,ASD6,1,historical
U,U4X2.5,14726,ASD6,2,historical
U,U6X2.5,14725,ASD6,2,historical
U,U7X3,14720,ASD6,2,historical
U,U81.875,15015,ASD6,1,historical
W,W10X100,243,15th,9,modern
W,W10X11.5,14314,ASD7,1,modern
W,W10X112,242,15th,9,modern
W,W10X12,259,15th,8,modern
W,W10X15,258,15th,9,modern
W,W10X17,257,15th,9,modern
W,W10X19,256,15th,9,modern
W,W10X21,14310,ASD7,1,modern
W,W10X22,255,15th,8,modern
W,W10X25,14309,ASD7,1,modern
W,W10X26,254,15th,8,modern
W,W10X29,14308,ASD7,1,modern
W,W10X30,253,15th,8,modern
W,W10X33,252,15th,9,modern
W,W10X39,251,15th,9,modern
W,W10X45,250,15th,9,modern
W,W10X49,249,15th,9,modern
W,W10X54,248,15th,9,modern
W,W10X60,247,15th,9,modern
W,W10X66,14301,ASD7,1,modern
W,W10X68,246,15th,8,modern
W,W10X72,14300,ASD7,1,modern
W,W10X77,245,15th,9,modern
W,W10X88,244,15th,8,modern
W,W10X89,14298,ASD7,1,modern
W,W12X106,224,15th,9,modern
W,W12X120,223,15th,9,modern
W,W12X133,14275,ASD7,1,modern
W,W12X136,222,15th,8,modern
W,W12X14,241,15th,9,modern
W,W12X152,221,15th,8,modern
W,W12X16,240,15th,8,modern
W,W12X16.5,14294,ASD7,1,modern
W,W12X161,14274,ASD7,1,modern
W,W12X170,220,15th,8,modern
W,W12X19,239,15th,9,modern
W,W12X190,219,15th,9,modern
W,W12X210,218,15th,6,modern
W,W12X210A,12089,LRFD1,2,modern
W,W12X22,238,15th,9,modern
W,W12X230,217,15th,6,modern
W,W12X230A,12088,LRFD1,2,modern
W,W12X252,216,15th,6,modern
W,W12X252A,12087,LRFD1,2,modern
W,W12X26,237,15th,8,modern
W,W12X27,14291,ASD7,1,modern
W,W12X279,215,15th,6,modern
W,W12X279A,12086,LRFD1,2,modern
W,W12X30,236,15th,8,modern
W,W12X305,214,15th,6,modern
W,W12X305A,12085,LRFD1,2,modern
W,W12X31,14290,ASD7,1,modern
W,W12X336,213,15th,6,modern
W,W12X336A,12084,LRFD1,2,modern
W,W12X35,235,15th,8,modern
W,W12X36,14289,ASD7,1,modern
W,W12X40,234,15th,9,modern
W,W12X45,233,15th,9,modern
W,W12X50,232,15th,9,modern
W,W12X53,231,15th,9,modern
W,W12X58,230,15th,9,modern
W,W12X65,229,15th,9,modern
W,W12X72,228,15th,9,modern
W,W12X79,227,15th,9,modern
W,W12X85,14280,ASD7,1,modern
W,W12X87,226,15th,8,modern
W,W12X92,14279,ASD7,1,modern
W,W12X96,225,15th,8,modern
W,W12X99,14278,ASD7,1,modern
W,W13X145,12066,LRFD1,1,modern
W,W13X159,12065,LRFD1,1,modern
W,W13X176,12064,LRFD1,1,modern
W,W13X193,12063,LRFD1,1,modern
W,W13X211,12062,LRFD1,1,modern
W,W13X233A,12061,LRFD1,1,modern
W,W13X257A,12060,LRFD1,1,modern
W,W13X283A,12059,LRFD1,1,modern
W,W13X311A,12058,LRFD1,1,modern
W,W13X342A,12057,LRFD1,1,modern
W,W13X370A,12056,LRFD1,1,modern
W,W13X398A,12055,LRFD1,1,modern
W,W13X426A,12054,LRFD1,1,modern
W,W14X103,14257,ASD7,1,modern
W,W14X109,198,15th,8,modern
W,W14X111,14256,ASD7,1,modern
W,W14X119,14255,ASD7,1,modern
W,W14X120,197,15th,8,modern
W,W14X127,14254,ASD7,1,modern
W,W14X132,196,15th,8,modern
W,W14X136,14253,ASD7,1,modern
W,W14X142,14251,ASD7,1,modern
W,W14X145,195,15th,7,modern
W,W14X150,14250,ASD7,1,modern
W,W14X158,14249,ASD7,1,modern
W,W14X159,194,15th,7,modern
W,W14X167,14248,ASD7,1,modern
W,W14X176,193,15th,8,modern
W,W14X184,14246,ASD7,1,modern
W,W14X193,192,15th,8,modern
W,W14X202,14244,ASD7,1,modern
W,W14X211,191,15th,8,modern
W,W14X219,14242,ASD7,1,modern
W,W14X22,212,15th,9,modern
W,W14X228,14241,ASD7,1,modern
W,W14X233,190,15th,6,modern
W,W14X233A,10886,ASD9,1,modern
W,W14X237,14240,ASD7,1,modern
W,W14X246,14239,ASD7,1,modern
W,W14X257,189,15th,6,modern
W,W14X257A,10885,ASD9,1,modern
W,W14X26,211,15th,9,modern
W,W14X264,14238,ASD7,1,modern
W,W14X283,188,15th,6,modern
W,W14X283A,10884,ASD9,1,modern
W,W14X287,14237,ASD7,1,modern
W,W14X30,210,15th,9,modern
W,W14X311,187,15th,6,modern
W,W14X311A,10883,ASD9,1,modern
W,W14X314,14236,ASD7,1,modern
W,W14X320,14252,ASD7,1,modern
W,W14X34,209,15th,9,modern
W,W14X342,186,15th,7,modern
W,W14X342A,10882,ASD9,1,modern
W,W14X370,185,15th,7,modern
W,W14X370A,10881,ASD9,1,modern
W,W14X38,208,15th,9,modern
W,W14X398,184,15th,7,modern
W,W14X398A,10880,ASD9,1,modern
W,W14X426,183,15th,7,modern
W,W14X426A,10879,ASD9,1,modern
W,W14X43,207,15th,9,modern
W,W14X455,182,15th,7,modern
W,W14X455A,12053,LRFD1,2,modern
W,W14X48,206,15th,9,modern
W,W14X500,181,15th,7,modern
W,W14X500A,12052,LRFD1,2,modern
W,W14X53,205,15th,9,modern
W,W14X550,180,15th,7,modern
W,W14X550A,12051,LRFD1,2,modern
W,W14X605,179,15th,7,modern
W,W14X605A,12050,LRFD1,2,modern
W,W14X61,204,15th,9,modern
W,W14X665,178,15th,7,modern
W,W14X665A,12049,LRFD1,2,modern
W,W14X68,203,15th,9,modern
W,W14X730,177,15th,7,modern
W,W14X730A,12048,LRFD1,2,modern
W,W14X74,202,15th,9,modern
W,W14X78,14261,ASD7,1,modern
W,W14X808,176,15th,3,modern
W,W14X82,201,15th,8,modern
W,W14X84,14260,ASD7,1,modern
W,W14X87,14259,ASD7,1,modern
W,W14X873,175,15th,1,modern
W,W14X90,200,15th,8,modern
W,W14X95,14258,ASD7,1,modern
W,W14X99,199,15th,8,modern
W,W16X100,164,15th,7,modern
W,W16X26,174,15th,9,modern
W,W16X31,173,15th,9,modern
W,W16X36,172,15th,9,modern
W,W16X40,171,15th,9,modern
W,W16X400,10862,ASD9,1,modern
W,W16X45,170,15th,9,modern
W,W16X50,169,15th,9,modern
W,W16X57,168,15th,8,modern
W,W16X58,14219,ASD7,1,modern
W,W16X64,14218,ASD7,1,modern
W,W16X71,14217,ASD7,1,modern
W,W16X77,166,15th,8,modern
W,W16X78,14216,ASD7,1,modern
W,W16X88,14215,ASD7,1,modern
W,W16X89,165,15th,8,modern
W,W16X96,14214,ASD7,1,modern
W,W18X105,14202,ASD7,1,modern
W,W18X106,152,15th,8,modern
W,W18X114,14201,ASD7,1,modern
W,W18X119,151,15th,8,modern
W,W18X130,150,15th,7,modern
W,W18X143,149,15th,7,modern
W,W18X158,148,15th,7,modern
W,W18X175,147,15th,7,modern
W,W18X192,146,15th,6,modern
W,W18X211,145,15th,4,modern
W,W18X211A,12018,LRFD1,2,modern
W,W18X234,144,15th,4,modern
W,W18X234A,12017,LRFD1,2,modern
W,W18X258,143,15th,4,modern
W,W18X258A,12016,LRFD1,2,modern
W,W18X283,142,15th,4,modern
W,W18X283A,12015,LRFD1,2,modern
W,W18X311,141,15th,4,modern
W,W18X311A,12014,LRFD1,2,modern
W,W18X35,163,15th,9,modern
W,W18X40,162,15th,9,modern
W,W18X45,14211,ASD7,1,modern
W,W18X46,161,15th,8,modern
W,W18X50,160,15th,9,modern
W,W18X55,159,15th,9,modern
W,W18X60,158,15th,9,modern
W,W18X64,14207,ASD7,1,modern
W,W18X65,157,15th,8,modern
W,W18X70,14206,ASD7,1,modern
W,W18X71,156,15th,8,modern
W,W18X76,155,15th,8,modern
W,W18X77,14205,ASD7,1,modern
W,W18X85,14204,ASD7,1,modern
W,W18X86,154,15th,8,modern
W,W18X96,14203,ASD7,1,modern
W,W18X97,153,15th,8,modern
W,W21X101,130,15th,8,modern
W,W21X111,129,15th,8,modern
W,W21X112,14192,ASD7,1,modern
W,W21X122,128,15th,8,modern
W,W21X127,14191,ASD7,1,modern
W,W21X132,127,15th,8,modern
W,W21X142,14190,ASD7,1,modern
W,W21X147,126,15th,8,modern
W,W21X166,125,15th,7,modern
W,W21X182,124,15th,7,modern
W,W21X201,123,15th,7,modern
W,W21X223,122,15th,3,modern
W,W21X248,121,15th,1,modern
W,W21X248A,11996,LRFD1,2,modern
W,W21X275,120,15th,1,modern
W,W21X275A,11995,LRFD1,2,modern
W,W21X300A,11994,LRFD1,2,modern
W,W21X333A,11993,LRFD1,2,modern
W,W21X364A,11992,LRFD1,2,modern
W,W21X402A,11991,LRFD1,2,modern
W,W21X44,140,15th,9,modern
W,W21X48,137,15th,4,modern
W,W21X49,14199,ASD7,1,modern
W,W21X50,139,15th,8,modern
W,W21X55,136,15th,5,modern
W,W21X57,138,15th,8,modern
W,W21X62,135,15th,9,modern
W,W21X68,134,15th,9,modern
W,W21X73,133,15th,9,modern
W,W21X82,14194,ASD7,1,modern
W,W21X83,132,15th,8,modern
W,W21X93,131,15th,8,modern
W,W21X96,14193,ASD7,1,modern
W,W24X100,14183,ASD7,1,modern
W,W24X103,113,15th,5,modern
W,W24X103B,11984,LRFD1,2,modern
W,W24X104,112,15th,8,modern
W,W24X110,14182,ASD7,1,modern
W,W24X117,111,15th,8,modern
W,W24X120,14181,ASD7,1,modern
W,W24X130,14180,ASD7,1,modern
W,W24X131,110,15th,8,modern
W,W24X145,14179,ASD7,1,modern
W,W24X146,109,15th,8,modern
W,W24X160,14178,ASD7,1,modern
W,W24X162,108,15th,8,modern
W,W24X176,107,15th,7,modern
W,W24X192,106,15th,7,modern
W,W24X207,105,15th,7,modern
W,W24X229,104,15th,7,modern
W,W24X250,103,15th,5,modern
W,W24X250A,11974,LRFD1,2,modern
W,W24X279,102,15th,5,modern
W,W24X279A,11973,LRFD1,2,modern
W,W24X306,101,15th,4,modern
W,W24X306A,11972,LRFD1,2,modern
W,W24X335,100,15th,5,modern
W,W24X335A,11971,LRFD1,2,modern
W,W24X370,99,15th,4,modern
W,W24X370A,11970,LRFD1,2,modern
W,W24X408,8078,LRFD2,1,modern
W,W24X408A,11969,LRFD1,2,modern
W,W24X450A,11968,LRFD1,2,modern
W,W24X492,8077,LRFD2,1,modern
W,W24X492A,11967,LRFD1,2,modern
W,W24X55,119,15th,9,modern
W,W24X61,14188,ASD7,1,modern
W,W24X62,118,15th,7,modern
W,W24X76,116,15th,9,modern
W,W24X84,115,15th,9,modern
W,W24X94,114,15th,9,modern
W,W27X102,96,15th,9,modern
W,W27X114,95,15th,9,modern
W,W27X129,94,15th,5,modern
W,W27X129B,11962,LRFD1,2,modern
W,W27X145,14173,ASD7,1,modern
W,W27X146,93,15th,8,modern
W,W27X160,14172,ASD7,1,modern
W,W27X161,92,15th,8,modern
W,W27X177,14171,ASD7,1,modern
W,W27X178,91,15th,8,modern
W,W27X194,90,15th,7,modern
W,W27X217,89,15th,7,modern
W,W27X235,88,15th,7,modern
W,W27X258,87,15th,6,modern
W,W27X28,11955,LRFD1,1,modern
W,W27X281,86,15th,4,modern
W,W27X281A,11954,LRFD1,2,modern
W,W27X307,85,15th,5,modern
W,W27X307A,11953,LRFD1,2,modern
W,W27X336,84,15th,4,modern
W,W27X336A,11952,LRFD1,2,modern
W,W27X368,83,15th,5,modern
W,W27X368A,11951,LRFD1,2,modern
W,W27X407A,11950,LRFD1,2,modern
W,W27X448,8062,LRFD2,1,modern
W,W27X448A,11949,LRFD1,2,modern
W,W27X494A,11948,LRFD1,2,modern
W,W27X539,82,15th,5,modern
W,W27X539A,11947,LRFD1,2,modern
W,W27X84,98,15th,9,modern
W,W27X94,97,15th,9,modern
W,W30X108,79,15th,9,modern
W,W30X116,78,15th,9,modern
W,W30X124,77,15th,9,modern
W,W30X132,76,15th,9,modern
W,W30X148,75,15th,5,modern
W,W30X148B,11940,LRFD1,2,modern
W,W30X172,14165,ASD7,1,modern
W,W30X173,74,15th,8,modern
W,W30X190,14164,ASD7,1,modern
W,W30X191,73,15th,8,modern
W,W30X210,14163,ASD7,1,modern
W,W30X211,72,15th,8,modern
W,W30X235,71,15th,7,modern
W,W30X261,70,15th,7,modern
W,W30X292,69,15th,5,modern
W,W30X292A,11934,LRFD1,2,modern
W,W30X326,68,15th,5,modern
W,W30X326A,11933,LRFD1,2,modern
W,W30X357,67,15th,4,modern
W,W30X357A,11932,LRFD1,2,modern
W,W30X391,66,15th,5,modern
W,W30X391A,11931,LRFD1,2,modern
W,W30X433A,11930,LRFD1,2,modern
W,W30X477,8045,LRFD2,1,modern
W,W30X477A,11929,LRFD1,2,modern
W,W30X526A,11928,LRFD1,2,modern
W,W30X581A,11927,LRFD1,2,modern
W,W30X90,81,15th,7,modern
W,W30X99,80,15th,9,modern
W,W33X118,65,15th,9,modern
W,W33X130,64,15th,9,modern
W,W33X141,63,15th,9,modern
W,W33X152,62,15th,9,modern
W,W33X169,61,15th,5,modern
W,W33X169B,11922,LRFD1,2,modern
W,W33X200,14158,ASD7,1,modern
W,W33X201,60,15th,8,modern
W,W33X220,14157,ASD7,1,modern
W,W33X221,59,15th,8,modern
W,W33X240,14156,ASD7,1,modern
W,W33X241,58,15th,8,modern
W,W33X263,57,15th,7,modern
W,W33X291,56,15th,7,modern
W,W33X318,55,15th,6,modern
W,W33X318A,10741,ASD9,1,modern
W,W33X354,54,15th,6,modern
W,W33X354A,10740,ASD9,1,modern
W,W33X387,53,15th,4,modern
W,W33X387A,11914,LRFD1,2,modern
W,W33X424A,11913,LRFD1,2,modern
W,W33X468A,11912,LRFD1,2,modern
W,W33X515A,11911,LRFD1,2,modern
W,W33X567A,11910,LRFD1,2,modern
W,W33X619A,11909,LRFD1,2,modern
W,W36X135,52,15th,9,modern
W,W36X150,51,15th,9,modern
W,W36X160,50,15th,9,modern
W,W36X170,49,15th,8,modern
W,W36X170B,11905,LRFD1,1,modern
W,W36X182,48,15th,9,modern
W,W36X194,47,15th,9,modern
W,W36X210,46,15th,8,modern
W,W36X230,6099,LRFD3,6,modern
W,W36X231,43,15th,3,modern
W,W36X232,45,15th,7,modern
W,W36X245,6098,LRFD3,6,modern
W,W36X247,42,15th,3,modern
W,W36X256,44,15th,6,modern
W,W36X256B,11900,LRFD1,1,modern
W,W36X260,6097,LRFD3,6,modern
W,W36X262,41,15th,3,modern
W,W36X280,6096,LRFD3,6,modern
W,W36X282,40,15th,3,modern
W,W36X300,6095,LRFD3,6,modern
W,W36X302,39,15th,3,modern
W,W36X328,6094,LRFD3,3,modern
W,W36X328A,10719,ASD9,1,modern
W,W36X330,38,15th,3,modern
W,W36X359,6093,LRFD3,3,modern
W,W36X359A,10718,ASD9,1,modern
W,W36X361,37,15th,3,modern
W,W36X393,6092,LRFD3,2,modern
W,W36X393A,11892,LRFD1,2,modern
W,W36X395,36,15th,3,modern
W,W36X439,6091,LRFD3,2,modern
W,W36X439A,11891,LRFD1,2,modern
W,W36X441,35,15th,3,modern
W,W36X485A,11890,LRFD1,2,modern
W,W36X487,34,15th,3,modern
W,W36X527,6090,LRFD3,2,modern
W,W36X527A,11889,LRFD1,2,modern
W,W36X529,33,15th,3,modern
W,W36X588A,11888,LRFD1,2,modern
W,W36X650,6089,LRFD3,2,modern
W,W36X650A,11887,LRFD1,2,modern
W,W36X652,32,15th,3,modern
W,W36X720A,11886,LRFD1,2,modern
W,W36X723,31,15th,1,modern
W,W36X798,6088,LRFD3,2,modern
W,W36X798A,11885,LRFD1,2,modern
W,W36X800,4115,13th,1,modern
W,W36X802,30,15th,1,modern
W,W36X848,8011,LRFD2,1,modern
W,W36X848A,11884,LRFD1,2,modern
W,W36X853,29,15th,1,modern
W,W36X925,28,15th,1,modern
W,W40X149,27,15th,7,modern
W,W40X167,26,15th,7,modern
W,W40X174,8000,LRFD2,1,modern
W,W40X183,25,15th,5,modern
W,W40X183B,11881,LRFD1,2,modern
W,W40X192,11867,LRFD1,2,modern
W,W40X211,24,15th,5,modern
W,W40X215,15,15th,7,modern
W,W40X221,11866,LRFD1,2,modern
W,W40X235,23,15th,5,modern
W,W40X244,11865,LRFD1,2,modern
W,W40X249,14,15th,7,modern
W,W40X264,22,15th,5,modern
W,W40X268,11864,LRFD1,2,modern
W,W40X277,13,15th,7,modern
W,W40X278,21,15th,5,modern
W,W40X294,20,15th,3,modern
W,W40X297,12,15th,7,modern
W,W40X321,7994,LRFD2,1,modern
W,W40X324,11,15th,6,modern
W,W40X327,19,15th,4,modern
W,W40X328,11862,LRFD1,2,modern
W,W40X331,18,15th,5,modern
W,W40X362,10,15th,4,modern
W,W40X362A,11874,LRFD1,2,modern
W,W40X372,9,15th,5,modern
W,W40X392,17,15th,5,modern
W,W40X397,8,15th,4,modern
W,W40X397A,11873,LRFD1,2,modern
W,W40X431,7,15th,5,modern
W,W40X436A,11872,LRFD1,2,modern
W,W40X466,8001,LRFD2,1,modern
W,W40X480A,11871,LRFD1,2,modern
W,W40X503,6,15th,5,modern
W,W40X531A,11870,LRFD1,2,modern
W,W40X593,5,15th,5,modern
W,W40X593A,11869,LRFD1,2,modern
W,W40X655,4,15th,1,modern
W,W40X655A,11868,LRFD1,2,modern
W,W44X198,10686,ASD9,1,modern
W,W44X224,10685,ASD9,1,modern
W,W44X230,3,15th,5,modern
W,W44X248,10684,ASD9,1,modern
W,W44X262,2,15th,5,modern
W,W44X285,10683,ASD9,1,modern
W,W44X290,1,15th,5,modern
W,W44X335,0,15th,5,modern
W,W4X13,282,15th,9,modern
W,W5X16,281,15th,9,modern
W,W5X18.5,14334,ASD7,1,modern
W,W5X19,280,15th,8,modern
W,W6X12,277,15th,9,modern
W,W6X15,275,15th,8,modern
W,W6X15.5,14330,ASD7,1,modern
W,W6X20,274,15th,9,modern
W,W6X25,273,15th,9,modern
W,W6X8.5,279,15th,5,modern
W,W6X9,278,15th,8,modern
W,W8X10,272,15th,9,modern
W,W8X13,271,15th,9,modern
W,W8X15,270,15th,9,modern
W,W8X17,14324,ASD7,1,modern
W,W8X18,269,15th,8,modern
W,W8X20,14323,ASD7,1,modern
W,W8X21,268,15th,8,modern
W,W8X24,267,15th,9,modern
W,W8X28,266,15th,9,modern
W,W8X31,265,15th,9,modern
W,W8X35,264,15th,9,modern
W,W8X40,263,15th,9,modern
W,W8X48,262,15th,9,modern
W,W8X58,261,15th,9,modern
W,W8X67,260,15th,9,modern
WF,21WF,17087,Historic,1,historical
WF,"24WF,24B",16919,Historic,1,historical
WF,"24WF,B24B",16923,Historic,1,historical
WF,27WF,16858,Historic,1,historical
WF,"8WF,CB82N",17758,Historic,1,historical
WF,8WFB8A,17763,Historic,1,historical
WF,8X8,18776,Historic,1,historical
WFB,"12WF,B14C",17516,Historic,1,historical
WFB,"16WF,CB162",17296,Historic,1,historical
WFCB,"21WF,CB21",17090,Historic,1,historical
WFCB,"21WF,CB21A",17069,Historic,1,historical
WFCB,"24WF,CB244",16909,Historic,1,historical
WFCB,"27WF,CB27",16867,Historic,1,historical
WFCB,27WF.CB271,16857,Historic,1,historical
WT,WT10.5X100.5,683,15th,5,modern
WT,WT10.5X111.5,682,15th,1,modern
WT,WT10.5X124,681,15th,1,modern
WT,WT10.5X137.5,680,15th,1,modern
WT,WT10.5X22,700,15th,9,modern
WT,WT10.5X24,697,15th,4,modern
WT,WT10.5X24.5,13442,ASD7,1,modern
WT,WT10.5X25,699,15th,8,modern
WT,WT10.5X27.5,696,15th,5,modern
WT,WT10.5X28.5,698,15th,8,modern
WT,WT10.5X31,695,15th,9,modern
WT,WT10.5X34,694,15th,9,modern
WT,WT10.5X36.5,693,15th,9,modern
WT,WT10.5X41,13437,ASD7,1,modern
WT,WT10.5X41.5,692,15th,8,modern
WT,WT10.5X46.5,691,15th,8,modern
WT,WT10.5X48,13436,ASD7,1,modern
WT,WT10.5X50.5,690,15th,8,modern
WT,WT10.5X51,10284,ASD9,1,modern
WT,WT10.5X55.5,689,15th,8,modern
WT,WT10.5X56,13435,ASD7,1,modern
WT,WT10.5X61,688,15th,7,modern
WT,WT10.5X63.5,13434,ASD7,1,modern
WT,WT10.5X66,687,15th,8,modern
WT,WT10.5X71,13433,ASD7,1,modern
WT,WT10.5X73.5,686,15th,8,modern
WT,WT10.5X83,685,15th,7,modern
WT,WT10.5X91,684,15th,5,modern
WT,WT12X103.5,665,15th,5,modern
WT,WT12X114.5,664,15th,5,modern
WT,WT12X125,663,15th,5,modern
WT,WT12X139.5,662,15th,5,modern
WT,WT12X153,661,15th,4,modern
WT,WT12X167.5,660,15th,5,modern
WT,WT12X185,659,15th,4,modern
WT,WT12X204,8575,LRFD2,1,modern
WT,WT12X246,8574,LRFD2,1,modern
WT,WT12X27.5,679,15th,9,modern
WT,WT12X30.5,13431,ASD7,1,modern
WT,WT12X31,678,15th,8,modern
WT,WT12X34,677,15th,9,modern
WT,WT12X38,676,15th,9,modern
WT,WT12X42,675,15th,9,modern
WT,WT12X47,674,15th,9,modern
WT,WT12X50,13426,ASD7,1,modern
WT,WT12X51.5,673,15th,7,modern
WT,WT12X52,672,15th,8,modern
WT,WT12X55,13425,ASD7,1,modern
WT,WT12X58.5,671,15th,8,modern
WT,WT12X60,13424,ASD7,1,modern
WT,WT12X65,13423,ASD7,1,modern
WT,WT12X65.5,670,15th,8,modern
WT,WT12X72.5,13422,ASD7,1,modern
WT,WT12X73,669,15th,8,modern
WT,WT12X80,13421,ASD7,1,modern
WT,WT12X81,668,15th,8,modern
WT,WT12X88,667,15th,7,modern
WT,WT12X96,666,15th,5,modern
WT,WT13.5X108.5,649,15th,7,modern
WT,WT13.5X117.5,648,15th,5,modern
WT,WT13.5X129,647,15th,5,modern
WT,WT13.5X140.5,646,15th,4,modern
WT,WT13.5X153.5,645,15th,5,modern
WT,WT13.5X168,644,15th,4,modern
WT,WT13.5X184,643,15th,5,modern
WT,WT13.5X224,8559,LRFD2,1,modern
WT,WT13.5X269.5,642,15th,5,modern
WT,WT13.5X42,658,15th,8,modern
WT,WT13.5X47,657,15th,8,modern
WT,WT13.5X51,656,15th,8,modern
WT,WT13.5X57,655,15th,8,modern
WT,WT13.5X64.5,654,15th,7,modern
WT,WT13.5X72.5,13416,ASD7,1,modern
WT,WT13.5X73,653,15th,7,modern
WT,WT13.5X80,13415,ASD7,1,modern
WT,WT13.5X80.5,652,15th,7,modern
WT,WT13.5X88.5,13414,ASD7,1,modern
WT,WT13.5X89,651,15th,7,modern
WT,WT13.5X97,650,15th,7,modern
WT,WT13X42,12577,ASD8,1,modern
WT,WT13X47,12576,ASD8,1,modern
WT,WT13X51,12575,ASD8,1,modern
WT,WT13X57,12574,ASD8,1,modern
WT,WT13X73,12573,ASD8,1,modern
WT,WT13X80.5,12572,ASD8,1,modern
WT,WT13X89,12571,ASD8,1,modern
WT,WT15X105,13406,ASD7,1,modern
WT,WT15X117.5,631,15th,7,modern
WT,WT15X130.5,630,15th,5,modern
WT,WT15X146,629,15th,5,modern
WT,WT15X163,628,15th,5,modern
WT,WT15X178.5,627,15th,4,modern
WT,WT15X195.5,626,15th,5,modern
WT,WT15X238.5,8542,LRFD2,1,modern
WT,WT15X45,641,15th,5,modern
WT,WT15X49.5,640,15th,9,modern
WT,WT15X54,639,15th,9,modern
WT,WT15X58,638,15th,9,modern
WT,WT15X62,637,15th,9,modern
WT,WT15X66,636,15th,9,modern
WT,WT15X74,635,15th,7,modern
WT,WT15X86,13408,ASD7,1,modern
WT,WT15X86.5,634,15th,8,modern
WT,WT15X95,13407,ASD7,1,modern
WT,WT15X95.5,633,15th,8,modern
WT,WT16.5X100,13401,ASD7,1,modern
WT,WT16.5X100.5,620,15th,8,modern
WT,WT16.5X110,13400,ASD7,1,modern
WT,WT16.5X110.5,619,15th,8,modern
WT,WT16.5X120,13399,ASD7,1,modern
WT,WT16.5X120.5,618,15th,8,modern
WT,WT16.5X131.5,617,15th,7,modern
WT,WT16.5X145.5,616,15th,7,modern
WT,WT16.5X159,615,15th,7,modern
WT,WT16.5X177,614,15th,7,modern
WT,WT16.5X193.5,613,15th,4,modern
WT,WT16.5X59,625,15th,9,modern
WT,WT16.5X65,624,15th,9,modern
WT,WT16.5X70.5,623,15th,9,modern
WT,WT16.5X76,622,15th,9,modern
WT,WT16.5X84.5,621,15th,7,modern
WT,WT1897,12550,ASD8,1,modern
WT,WT18X105,606,15th,8,modern
WT,WT18X115,6607,LRFD3,6,modern
WT,WT18X115.5,603,15th,3,modern
WT,WT18X116,605,15th,7,modern
WT,WT18X122.5,6606,LRFD3,6,modern
WT,WT18X123.5,602,15th,3,modern
WT,WT18X128,604,15th,7,modern
WT,WT18X130,6605,LRFD3,6,modern
WT,WT18X131,601,15th,3,modern
WT,WT18X140,6604,LRFD3,6,modern
WT,WT18X141,600,15th,3,modern
WT,WT18X150,6603,LRFD3,6,modern
WT,WT18X151,599,15th,3,modern
WT,WT18X164,6602,LRFD3,4,modern
WT,WT18X165,598,15th,3,modern
WT,WT18X179.5,6601,LRFD3,4,modern
WT,WT18X180.5,597,15th,3,modern
WT,WT18X196.5,6600,LRFD3,2,modern
WT,WT18X197.5,596,15th,3,modern
WT,WT18X219.5,6599,LRFD3,2,modern
WT,WT18X220.5,595,15th,3,modern
WT,WT18X243.5,594,15th,3,modern
WT,WT18X263.5,6598,LRFD3,2,modern
WT,WT18X264.5,593,15th,3,modern
WT,WT18X325,6597,LRFD3,2,modern
WT,WT18X326,592,15th,3,modern
WT,WT18X361.5,591,15th,1,modern
WT,WT18X399,6596,LRFD3,2,modern
WT,WT18X400,4643,13th,1,modern
WT,WT18X401,590,15th,1,modern
WT,WT18X424,8508,LRFD2,1,modern
WT,WT18X426.5,589,15th,1,modern
WT,WT18X462.5,588,15th,1,modern
WT,WT18X67.5,612,15th,9,modern
WT,WT18X75,611,15th,9,modern
WT,WT18X80,610,15th,9,modern
WT,WT18X85,609,15th,9,modern
WT,WT18X91,608,15th,9,modern
WT,WT18X97,607,15th,8,modern
WT,WT2.5X8,841,15th,9,modern
WT,WT2.5X9.25,13577,ASD7,1,modern
WT,WT2.5X9.5,840,15th,8,modern
WT,WT20X105.5,584,15th,5,modern
WT,WT20X107.5,575,15th,5,modern
WT,WT20X117.5,583,15th,5,modern
WT,WT20X124.5,574,15th,5,modern
WT,WT20X132,582,15th,5,modern
WT,WT20X138.5,573,15th,5,modern
WT,WT20X139,581,15th,5,modern
WT,WT20X147,580,15th,3,modern
WT,WT20X148.5,572,15th,5,modern
WT,WT20X160.5,8491,LRFD2,1,modern
WT,WT20X162,571,15th,4,modern
WT,WT20X163.5,579,15th,4,modern
WT,WT20X165.5,578,15th,5,modern
WT,WT20X181,570,15th,4,modern
WT,WT20X186,569,15th,5,modern
WT,WT20X196,577,15th,5,modern
WT,WT20X198.5,568,15th,4,modern
WT,WT20X215.5,567,15th,5,modern
WT,WT20X233,8498,LRFD2,1,modern
WT,WT20X251.5,566,15th,5,modern
WT,WT20X296.5,565,15th,5,modern
WT,WT20X327.5,564,15th,1,modern
WT,WT20X74.5,587,15th,5,modern
WT,WT20X83.5,586,15th,5,modern
WT,WT20X87,8497,LRFD2,1,modern
WT,WT20X91.5,585,15th,5,modern
WT,WT20X99.5,576,15th,5,modern
WT,WT22X115,563,15th,5,modern
WT,WT22X131,562,15th,5,modern
WT,WT22X145,561,15th,5,modern
WT,WT22X167.5,560,15th,5,modern
WT,WT2X6.5,842,15th,9,modern
WT,WT3X10,834,15th,9,modern
WT,WT3X12.5,833,15th,9,modern
WT,WT3X4.25,839,15th,5,modern
WT,WT3X4.5,838,15th,8,modern
WT,WT3X6,837,15th,9,modern
WT,WT3X7.5,835,15th,8,modern
WT,WT3X7.75,13573,ASD7,1,modern
WT,WT3X8,836,15th,9,modern
WT,WT4X10,13566,ASD7,1,modern
WT,WT4X10.5,828,15th,8,modern
WT,WT4X12,827,15th,9,modern
WT,WT4X14,826,15th,9,modern
WT,WT4X15.5,825,15th,9,modern
WT,WT4X17.5,824,15th,9,modern
WT,WT4X20,823,15th,9,modern
WT,WT4X24,822,15th,9,modern
WT,WT4X29,821,15th,9,modern
WT,WT4X33.5,820,15th,9,modern
WT,WT4X5,832,15th,9,modern
WT,WT4X6.5,831,15th,9,modern
WT,WT4X7.5,830,15th,9,modern
WT,WT4X8.5,13567,ASD7,1,modern
WT,WT4X9,829,15th,8,modern
WT,WT5X10.5,13553,ASD7,1,modern
WT,WT5X11,815,15th,8,modern
WT,WT5X12.5,13552,ASD7,1,modern
WT,WT5X13,814,15th,8,modern
WT,WT5X14.5,13551,ASD7,1,modern
WT,WT5X15,813,15th,8,modern
WT,WT5X16.5,812,15th,9,modern
WT,WT5X19.5,811,15th,9,modern
WT,WT5X22.5,810,15th,9,modern
WT,WT5X24.5,809,15th,9,modern
WT,WT5X27,808,15th,9,modern
WT,WT5X33,13544,ASD7,1,modern
WT,WT5X36,13543,ASD7,1,modern
WT,WT5X44,804,15th,8,modern
WT,WT5X44.5,13541,ASD7,1,modern
WT,WT5X5.75,13557,ASD7,1,modern
WT,WT5X50,803,15th,9,modern
WT,WT5X56,802,15th,9,modern
WT,WT5X6,819,15th,8,modern
WT,WT5X7.5,818,15th,9,modern
WT,WT5X8.5,817,15th,9,modern
WT,WT5X9.5,816,15th,9,modern
WT,WT6X105,778,15th,8,modern
WT,WT6X11,798,15th,9,modern
WT,WT6X115,777,15th,8,modern
WT,WT6X126,776,15th,8,modern
WT,WT6X13,797,15th,8,modern
WT,WT6X13.5,13534,ASD7,1,modern
WT,WT6X139.5,775,15th,8,modern
WT,WT6X15,796,15th,8,modern
WT,WT6X15.5,13533,ASD7,1,modern
WT,WT6X152.5,774,15th,8,modern
WT,WT6X168,773,15th,8,modern
WT,WT6X17.5,795,15th,8,modern
WT,WT6X18,13532,ASD7,1,modern
WT,WT6X20,794,15th,9,modern
WT,WT6X22.5,793,15th,9,modern
WT,WT6X25,792,15th,9,modern
WT,WT6X26.5,791,15th,9,modern
WT,WT6X29,790,15th,9,modern
WT,WT6X32.5,789,15th,9,modern
WT,WT6X36,788,15th,9,modern
WT,WT6X39.5,787,15th,9,modern
WT,WT6X42.5,13523,ASD7,1,modern
WT,WT6X43.5,786,15th,8,modern
WT,WT6X46,13522,ASD7,1,modern
WT,WT6X48,785,15th,8,modern
WT,WT6X49.5,13521,ASD7,1,modern
WT,WT6X53,784,15th,9,modern
WT,WT6X60,783,15th,9,modern
WT,WT6X66.5,13518,ASD7,1,modern
WT,WT6X68,782,15th,8,modern
WT,WT6X7,801,15th,9,modern
WT,WT6X76,781,15th,8,modern
WT,WT6X8,800,15th,8,modern
WT,WT6X8.25,13537,ASD7,1,modern
WT,WT6X80.5,13517,ASD7,1,modern
WT,WT6X85,780,15th,8,modern
WT,WT6X9.5,799,15th,9,modern
WT,WT6X95,779,15th,9,modern
WT,WT7X101,13487,ASD7,1,modern
WT,WT7X105.5,751,15th,9,modern
WT,WT7X109.5,13485,ASD7,1,modern
WT,WT7X11,772,15th,9,modern
WT,WT7X114,13484,ASD7,1,modern
WT,WT7X116.5,750,15th,8,modern
WT,WT7X118.5,13483,ASD7,1,modern
WT,WT7X123,13482,ASD7,1,modern
WT,WT7X128.5,749,15th,8,modern
WT,WT7X13,771,15th,9,modern
WT,WT7X132,13481,ASD7,1,modern
WT,WT7X141.5,748,15th,8,modern
WT,WT7X143.5,13480,ASD7,1,modern
WT,WT7X15,770,15th,9,modern
WT,WT7X155.5,747,15th,8,modern
WT,WT7X157,13479,ASD7,1,modern
WT,WT7X160,13495,ASD7,1,modern
WT,WT7X17,769,15th,9,modern
WT,WT7X171,746,15th,9,modern
WT,WT7X185,745,15th,9,modern
WT,WT7X19,768,15th,9,modern
WT,WT7X199,744,15th,9,modern
WT,WT7X21.5,767,15th,9,modern
WT,WT7X213,743,15th,9,modern
WT,WT7X227.5,742,15th,9,modern
WT,WT7X24,766,15th,9,modern
WT,WT7X250,741,15th,9,modern
WT,WT7X26.5,765,15th,9,modern
WT,WT7X275,740,15th,9,modern
WT,WT7X30.5,764,15th,9,modern
WT,WT7X302.5,739,15th,9,modern
WT,WT7X332.5,738,15th,9,modern
WT,WT7X34,763,15th,9,modern
WT,WT7X365,737,15th,9,modern
WT,WT7X37,762,15th,9,modern
WT,WT7X39,13504,ASD7,1,modern
WT,WT7X404,736,15th,3,modern
WT,WT7X41,761,15th,8,modern
WT,WT7X42,13503,ASD7,1,modern
WT,WT7X43.5,13502,ASD7,1,modern
WT,WT7X436.5,735,15th,1,modern
WT,WT7X45,760,15th,8,modern
WT,WT7X47.5,13501,ASD7,1,modern
WT,WT7X49.5,759,15th,8,modern
WT,WT7X51.5,13500,ASD7,1,modern
WT,WT7X54.5,758,15th,8,modern
WT,WT7X55.5,13499,ASD7,1,modern
WT,WT7X59.5,13498,ASD7,1,modern
WT,WT7X60,757,15th,8,modern
WT,WT7X63.5,13497,ASD7,1,modern
WT,WT7X66,756,15th,8,modern
WT,WT7X68,13496,ASD7,1,modern
WT,WT7X71,13494,ASD7,1,modern
WT,WT7X72.5,755,15th,8,modern
WT,WT7X75,13493,ASD7,1,modern
WT,WT7X79,13492,ASD7,1,modern
WT,WT7X79.5,754,15th,8,modern
WT,WT7X83.5,13491,ASD7,1,modern
WT,WT7X88,753,15th,9,modern
WT,WT7X92,13489,ASD7,1,modern
WT,WT7X96.5,752,15th,9,modern
WT,WT8X13,734,15th,9,modern
WT,WT8X15.5,733,15th,9,modern
WT,WT8X18,732,15th,9,modern
WT,WT8X20,731,15th,9,modern
WT,WT8X22.5,730,15th,9,modern
WT,WT8X25,729,15th,9,modern
WT,WT8X28.5,728,15th,8,modern
WT,WT8X29,13462,ASD7,1,modern
WT,WT8X32,13461,ASD7,1,modern
WT,WT8X33.5,727,15th,8,modern
WT,WT8X35.5,13460,ASD7,1,modern
WT,WT8X38.5,726,15th,8,modern
WT,WT8X39,13459,ASD7,1,modern
WT,WT8X44,13458,ASD7,1,modern
WT,WT8X44.5,725,15th,8,modern
WT,WT8X48,13457,ASD7,1,modern
WT,WT8X50,724,15th,8,modern
WT,WT9X105.5,705,15th,4,modern
WT,WT9X117,704,15th,4,modern
WT,WT9X129,703,15th,4,modern
WT,WT9X141.5,702,15th,4,modern
WT,WT9X155.5,701,15th,4,modern
WT,WT9X17.5,723,15th,9,modern
WT,WT9X20,722,15th,9,modern
WT,WT9X22.5,13454,ASD7,1,modern
WT,WT9X23,721,15th,8,modern
WT,WT9X25,720,15th,9,modern
WT,WT9X27.5,719,15th,9,modern
WT,WT9X30,718,15th,9,modern
WT,WT9X32,13450,ASD7,1,modern
WT,WT9X32.5,717,15th,8,modern
WT,WT9X35,13449,ASD7,1,modern
WT,WT9X35.5,716,15th,8,modern
WT,WT9X38,715,15th,8,modern
WT,WT9X38.5,13448,ASD7,1,modern
WT,WT9X42.5,13447,ASD7,1,modern
WT,WT9X43,714,15th,8,modern
WT,WT9X48,13446,ASD7,1,modern
WT,WT9X48.5,713,15th,8,modern
WT,WT9X52.5,13445,ASD7,1,modern
WT,WT9X53,712,15th,8,modern
WT,WT9X57,13444,ASD7,1,modern
WT,WT9X59.5,711,15th,8,modern
WT,WT9X65,710,15th,7,modern
WT,WT9X71.5,709,15th,7,modern
WT,WT9X79,708,15th,5,modern
WT,WT9X87.5,707,15th,5,modern
WT,WT9X96,706,15th,4,modern
XP,XP0.125,14449,ASD6,1,historical
XP,XP0.25,14450,ASD6,1,historical
XP,XP0.375,14451,ASD6,1,historical
XP,XP0.5,11174,LRFD1,5,historical
XP,XP0.75,11175,LRFD1,5,historical
XP,XP1,11176,LRFD1,5,historical
XP,XP1.25,11177,LRFD1,5,historical
XP,XP1.5,11178,LRFD1,5,historical
XP,XP10,11187,LRFD1,5,historical
XP,XP12,11188,LRFD1,5,historical
XP,XP2,11179,LRFD1,5,historical
XP,XP2.5,11180,LRFD1,5,historical
XP,XP3,11181,LRFD1,5,historical
XP,XP3.5,11182,LRFD1,5,historical
XP,XP4,11183,LRFD1,5,historical
XP,XP5,11184,LRFD1,5,historical
XP,XP6,11185,LRFD1,5,historical
XP,XP8,11186,LRFD1,5,historical
XXP,XXP0.5,14467,ASD6,1,historical
XXP,XXP0.75,14468,ASD6,1,historical
XXP,XXP1,14469,ASD6,1,historical
XXP,XXP1.25,14470,ASD6,1,historical
XXP,XXP1.5,14471,ASD6,1,historical
XXP,XXP10,14479,ASD6,1,historical
XXP,XXP12,14480,ASD6,1,historical
XXP,XXP2,11189,LRFD1,5,historical
XXP,XXP2.5,11190,LRFD1,5,historical
XXP,XXP3,11191,LRFD1,5,historical
XXP,XXP4,11192,LRFD1,5,historical
XXP,XXP5,11193,LRFD1,5,historical
XXP,XXP6,11194,LRFD1,5,historical
XXP,XXP8,11195,LRFD1,5,historical
